mtllib material.mtl
usemtl material_0
v -0.16353750 0.45254000 -0.06064834
v -0.16442560 0.45719800 -0.05826935
v -0.18684310 0.47164430 -0.05801559
v -0.19045780 0.46870960 -0.06055847
v -0.16499130 0.44802660 -0.05826950
v -0.19674670 0.48068600 -0.05239181
v -0.19302840 0.46484890 -0.05798325
v -0.20083310 0.47818190 -0.05466705
v -0.20522830 0.48844870 -0.04348892
v -0.20293220 0.47389070 -0.05235947
v -0.20971860 0.48631440 -0.04534012
v -0.21141360 0.48165350 -0.04345642
v -0.16442560 0.45719800 -0.05826935
v -0.16676780 0.45734250 -0.05351135
v -0.18579870 0.47071830 -0.05289719
v -0.18684310 0.47164430 -0.05801559
v -0.19475920 0.47889880 -0.04780914
v -0.19674670 0.48068600 -0.05239181
v -0.20243310 0.48592230 -0.03975418
v -0.20522830 0.48844870 -0.04348892
v -0.16822180 0.45282900 -0.05113235
v -0.16733350 0.44817110 -0.05351135
v -0.19198430 0.46392290 -0.05286499
v -0.18836940 0.46685760 -0.05032196
v -0.16676780 0.45734250 -0.05351135
v -0.20094470 0.47210350 -0.04777664
v -0.18579870 0.47071830 -0.05289719
v -0.19685830 0.47460760 -0.04550156
v -0.20861850 0.47912720 -0.03972168
v -0.19475920 0.47889880 -0.04780914
v -0.20412820 0.48126140 -0.03787048
v -0.20243310 0.48592230 -0.03975418
v -0.16733350 0.44817110 -0.05351135
v -0.16499130 0.44802660 -0.05826950
v -0.19302840 0.46484890 -0.05798325
v -0.19198430 0.46392290 -0.05286499
v -0.20293220 0.47389070 -0.05235947
v -0.20094470 0.47210350 -0.04777664
v -0.21141360 0.48165350 -0.04345642
v -0.20861850 0.47912720 -0.03972168
v -0.20971860 0.48631440 -0.04534012
v -0.20522830 0.48844870 -0.04348892
v -0.21170980 0.49440370 -0.03191345
v -0.21650870 0.49255290 -0.03321350
v -0.21141360 0.48165350 -0.04345642
v -0.21789500 0.48760850 -0.03188095
v -0.20522830 0.48844870 -0.04348892
v -0.20243310 0.48592230 -0.03975418
v -0.20829730 0.49131010 -0.02928131
v -0.21170980 0.49440370 -0.03191345
v -0.20243310 0.48592230 -0.03975418
v -0.20968380 0.48636570 -0.02794876
v -0.20829730 0.49131010 -0.02928131
v -0.20412820 0.48126140 -0.03787048
v -0.21448270 0.48451500 -0.02924866
v -0.20861850 0.47912720 -0.03972168
v -0.20861850 0.47912720 -0.03972168
v -0.21141360 0.48165350 -0.04345642
v -0.21789500 0.48760850 -0.03188095
v -0.21448270 0.48451500 -0.02924866
v -0.21650870 0.49255290 -0.03321350
v -0.21170980 0.49440370 -0.03191345
v -0.21574940 0.49814510 -0.01845444
v -0.22074070 0.49647240 -0.01911346
v -0.21789500 0.48760850 -0.03188095
v -0.21707200 0.49941780 -0.00402908
v -0.22193480 0.49134980 -0.01842209
v -0.22212620 0.49780570 -0.00400116
v -0.21558720 0.49813520 0.01037964
v -0.22325730 0.49262250 -0.00399674
v -0.22057090 0.49646200 0.01109360
v -0.22177280 0.49133990 0.01041199
v -0.21170980 0.49440370 -0.03191345
v -0.20829730 0.49131010 -0.02928131
v -0.21195230 0.49469520 -0.01710388
v -0.21574940 0.49814510 -0.01845444
v -0.21314890 0.49584660 -0.00405228
v -0.21707200 0.49941780 -0.00402908
v -0.21180560 0.49468620 0.00898407
v -0.21558720 0.49813520 0.01037964
v -0.20968380 0.48636570 -0.02794876
v -0.21448270 0.48451500 -0.02924866
v -0.21813770 0.48789990 -0.01707138
v -0.21314640 0.48957260 -0.01641235
v -0.20829730 0.49131010 -0.02928131
v -0.21933430 0.48905150 -0.00401993
v -0.21195230 0.49469520 -0.01710388
v -0.21428000 0.49066340 -0.00404785
v -0.21799090 0.48789090 0.00901657
v -0.21314890 0.49584660 -0.00405228
v -0.21300730 0.48956400 0.00830261
v -0.21180560 0.49468620 0.00898407
v -0.21448270 0.48451500 -0.02924866
v -0.21789500 0.48760850 -0.03188095
v -0.22193480 0.49134980 -0.01842209
v -0.21813770 0.48789990 -0.01707138
v -0.22325730 0.49262250 -0.00399674
v -0.21933430 0.48905150 -0.00401993
v -0.22177280 0.49133990 0.01041199
v -0.21799090 0.48789090 0.00901657
v -0.22057090 0.49646200 0.01109360
v -0.21558720 0.49813520 0.01037964
v -0.21139650 0.49438450 0.02378982
v -0.21618060 0.49253280 0.02514236
v -0.22177280 0.49133990 0.01041199
v -0.20478530 0.48842150 0.03528747
v -0.21758180 0.48758930 0.02382233
v -0.20925450 0.48628590 0.03718750
v -0.21097070 0.48162640 0.03531998
v -0.21558720 0.49813520 0.01037964
v -0.21180560 0.49468620 0.00898407
v -0.20801390 0.49129270 0.02111709
v -0.21139650 0.49438450 0.02378982
v -0.20203230 0.48589770 0.03151977
v -0.20478530 0.48842150 0.03528747
v -0.19426840 0.47886860 0.03948318
v -0.19620410 0.48065270 0.04408920
v -0.21300730 0.48956400 0.00830261
v -0.21799090 0.48789090 0.00901657
v -0.21419930 0.48449760 0.02114944
v -0.20941530 0.48634920 0.01979690
v -0.21180560 0.49468620 0.00898407
v -0.20821780 0.47910260 0.03155228
v -0.20801390 0.49129270 0.02111709
v -0.20374850 0.48123810 0.02965225
v -0.20203230 0.48589770 0.03151977
v -0.21799090 0.48789090 0.00901657
v -0.22177280 0.49133990 0.01041199
v -0.21758180 0.48758930 0.02382233
v -0.21419930 0.48449760 0.02114944
v -0.21097070 0.48162640 0.03531998
v -0.20821780 0.47910260 0.03155228
v -0.20238960 0.47385740 0.04412155
v -0.20045380 0.47207330 0.03951569
v -0.20925450 0.48628590 0.03718750
v -0.20478530 0.48842150 0.03528747
v -0.19620410 0.48065270 0.04408920
v -0.20026470 0.47814700 0.04640823
v -0.21097070 0.48162640 0.03531998
v -0.20238960 0.47385740 0.04412155
v -0.20203230 0.48589770 0.03151977
v -0.19639330 0.47457900 0.03719635
v -0.19426840 0.47886860 0.03948318
v -0.20374850 0.48123810 0.02965225
v -0.20045380 0.47207330 0.03951569
v -0.20821780 0.47910260 0.03155228
v -0.20026470 0.47814700 0.04640823
v -0.19620410 0.48065270 0.04408920
v -0.18623800 0.47160710 0.04959488
v -0.18982390 0.46867060 0.05217636
v -0.20238960 0.47385740 0.04412155
v -0.16765710 0.45739750 0.05148956
v -0.19242330 0.46481190 0.04962738
v -0.16717880 0.45276480 0.05403015
v -0.16822270 0.44822600 0.05148941
v -0.19620410 0.48065270 0.04408920
v -0.19426840 0.47886860 0.03948318
v -0.18525130 0.47068460 0.04446457
v -0.18623800 0.47160710 0.04959488
v -0.19639330 0.47457900 0.03719635
v -0.20045380 0.47207330 0.03951569
v -0.19143680 0.46388950 0.04449692
v -0.18785080 0.46682570 0.04191559
v -0.19426840 0.47886860 0.03948318
v -0.16974510 0.44831990 0.04640839
v -0.18525130 0.47068460 0.04446457
v -0.17022360 0.45295250 0.04386780
v -0.16917950 0.45749130 0.04640839
v -0.20045380 0.47207330 0.03951569
v -0.20238960 0.47385740 0.04412155
v -0.19242330 0.46481190 0.04962738
v -0.19143680 0.46388950 0.04449692
v -0.16822270 0.44822600 0.05148941
v -0.16974510 0.44831990 0.04640839
v -0.18623800 0.47160710 0.04959488
v -0.18525130 0.47068460 0.04446457
v -0.16917950 0.45749130 0.04640839
v -0.16765710 0.45739750 0.05148956
v 0.08526830 0.01000291 -0.15380570
v 0.12205030 0.00999320 -0.12590910
v 0.12205120 0.49208270 -0.12574250
v 0.08526928 0.49209240 -0.15363910
v 0.04251953 0.01000902 -0.17123170
v 0.08129549 0.00010104 -0.14683760
v 0.04252046 0.49209850 -0.17106510
v 0.04048639 0.00010687 -0.16347310
v -0.00328285 0.01001110 -0.17699980
v -0.00328190 0.49210060 -0.17683320
v -0.00323778 0.00010886 -0.16897950
v -0.04901760 0.01000902 -0.17071700
v -0.04901667 0.49209850 -0.17055020
v -0.04689731 0.00010687 -0.16298160
v -0.09156776 0.01000291 -0.15281130
v -0.08751670 0.00010104 -0.14588840
v -0.09156681 0.49209240 -0.15264460
v -0.12803360 0.00999320 -0.12450270
v -0.12803260 0.49208270 -0.12433610
v 0.15035970 0.49207010 -0.08927658
v 0.15035880 0.00998054 -0.08944321
v 0.16826550 0.49205530 -0.04672638
v 0.16826450 0.00996580 -0.04689316
v 0.17454840 0.49203950 -0.00099182
v 0.16052580 0.00006562 -0.04477600
v 0.14343250 0.00007969 -0.08539551
v 0.16652360 0.00005052 -0.00111664
v 0.17454740 0.00994999 -0.00115845
v 0.16878020 0.49202370 0.04481064
v 0.16101720 0.00003542 0.04260742
v 0.16877920 0.00993417 0.04464386
v 0.14438180 0.00002135 0.08341644
v 0.15135410 0.49200890 0.08755936
v 0.15135320 0.00991943 0.08739273
v 0.12345750 0.49199630 0.12434130
v 0.12345650 0.00990678 0.12417460
v 0.12345650 0.00990678 0.12417460
v 0.08699165 0.49198660 0.15264970
v 0.12345750 0.49199630 0.12434130
v 0.08699070 0.00989707 0.15248310
v 0.04444157 0.49198050 0.17055570
v 0.04444057 0.00989096 0.17038880
v -0.00129311 0.49197840 0.17683850
v 0.04232029 -0.00000583 0.16264690
v 0.08293972 0.00000000 0.14555340
v -0.00133919 -0.00000782 0.16864470
v -0.00129406 0.00988888 0.17667190
v -0.04709549 0.49198050 0.17107020
v -0.04506332 -0.00000583 0.16313830
v -0.04709644 0.00989096 0.17090360
v -0.08587242 0.00000000 0.14650280
v -0.08984432 0.49198660 0.15364420
v -0.08984528 0.00989707 0.15347750
v -0.12662630 0.49199630 0.12574770
v -0.12662730 0.00990678 0.12558090
v -0.15493490 0.49200890 0.08928177
v -0.15493580 0.00991943 0.08911499
v -0.17284060 0.49202370 0.04673172
v -0.17284150 0.00993417 0.04656509
v -0.17912360 0.49203950 0.00099701
v -0.16510280 0.00003542 0.04444138
v -0.14800960 0.00002135 0.08506073
v -0.17110060 0.00005052 0.00078201
v -0.17912450 0.00994999 0.00083038
v -0.17335520 0.49205530 -0.04480530
v -0.16559420 0.00006562 -0.04294220
v -0.17335630 0.00996580 -0.04497208
v -0.14895880 0.00007969 -0.08375137
v -0.15592920 0.49207010 -0.08755402
v -0.15593020 0.00998054 -0.08772079
v -0.12803260 0.49208270 -0.12433610
v -0.12803360 0.00999320 -0.12450270
v 0.08699165 0.49198660 0.15264970
v 0.12561350 0.49817370 0.12647540
v 0.12345750 0.49199630 0.12434130
v 0.08852237 0.49816380 0.15526920
v 0.12334960 0.50491430 0.12423890
v 0.04444157 0.49198050 0.17055570
v 0.08691498 0.50490460 0.15252320
v 0.04524273 0.49815770 0.17348200
v -0.00129311 0.49197840 0.17683850
v 0.04440143 0.50489850 0.17041370
v -0.00127602 0.49815550 0.17987260
v -0.04709549 0.49198050 0.17107020
v -0.00129391 0.50489650 0.17669110
v -0.04786369 0.49815770 0.17400560
v -0.08984432 0.49198660 0.15364420
v -0.04705700 0.50489850 0.17092790
v -0.09134548 0.49816380 0.15628050
v -0.12662630 0.49199630 0.12574770
v -0.08976906 0.50490460 0.15351670
v -0.12875800 0.49817370 0.12790570
v -0.12651940 0.50491430 0.12564420
v 0.16101720 0.00003542 0.04260742
v 0.16652360 0.00005052 -0.00111664
v 0.16052580 0.00006562 -0.04477600
v 0.14438180 0.00002135 0.08341644
v 0.14343250 0.00007969 -0.08539551
v 0.11775100 0.00000927 0.11852950
v 0.15135320 0.00991943 0.08739273
v 0.12345650 0.00990678 0.12417460
v 0.08293972 0.00000000 0.14555340
v 0.08699070 0.00989707 0.15248310
v 0.11640850 0.00009177 -0.12020690
v 0.12205030 0.00999320 -0.12590910
v 0.15035880 0.00998054 -0.08944321
v 0.08526830 0.01000291 -0.15380570
v 0.08129549 0.00010104 -0.14683760
v 0.04232029 -0.00000583 0.16264690
v 0.04048639 0.00010687 -0.16347310
v -0.00133919 -0.00000782 0.16864470
v -0.00323778 0.00010886 -0.16897950
v -0.04506332 -0.00000583 0.16313830
v -0.04689731 0.00010687 -0.16298160
v -0.08587242 0.00000000 0.14650280
v -0.08751670 0.00010104 -0.14588840
v -0.12098540 0.00000927 0.11987200
v -0.08984528 0.00989707 0.15347750
v -0.12662730 0.00990678 0.12558090
v -0.14800960 0.00002135 0.08506073
v -0.15493580 0.00991943 0.08911499
v -0.12232800 0.00009177 -0.11886430
v -0.12803360 0.00999320 -0.12450270
v -0.09156776 0.01000291 -0.15281130
v -0.15593020 0.00998054 -0.08772079
v -0.14895880 0.00007969 -0.08375137
v -0.16510280 0.00003542 0.04444138
v -0.16559420 0.00006562 -0.04294220
v -0.17110060 0.00005052 0.00078201
v -0.15493490 0.49200890 0.08928177
v -0.15755190 0.49818660 0.09081466
v -0.12651940 0.50491430 0.12564420
v -0.17284060 0.49202370 0.04673172
v -0.15480360 0.50492690 0.08920959
v -0.17576480 0.49820160 0.04753510
v -0.17912360 0.49203950 0.00099701
v -0.17269410 0.50494160 0.04669601
v -0.18215540 0.49821770 0.00101639
v -0.17335520 0.49205530 -0.04480530
v -0.17897160 0.50495760 0.00100067
v -0.17628830 0.49823380 -0.04557144
v -0.15592920 0.49207010 -0.08755402
v -0.17320850 0.50497330 -0.04476242
v -0.15856350 0.49824880 -0.08905319
v -0.12803260 0.49208270 -0.12433610
v -0.15579730 0.50498810 -0.08747436
v -0.13018860 0.49826170 -0.12646580
v -0.12792470 0.50500070 -0.12422480
v -0.09156681 0.49209240 -0.15264460
v -0.13018860 0.49826170 -0.12646580
v -0.12803260 0.49208270 -0.12433610
v -0.09309749 0.49827160 -0.15525950
v -0.12792470 0.50500070 -0.12422480
v -0.04901667 0.49209850 -0.17055020
v -0.09149010 0.50501040 -0.15250900
v -0.04981781 0.49827770 -0.17347240
v -0.00328190 0.49210060 -0.17683320
v -0.04897651 0.50501640 -0.17039930
v -0.00329893 0.49827980 -0.17986300
v 0.04252046 0.49209850 -0.17106510
v -0.00328104 0.50501850 -0.17667710
v 0.04328880 0.49827770 -0.17399600
v 0.08526928 0.49209240 -0.15363910
v 0.04248205 0.50501640 -0.17091370
v 0.08677051 0.49827160 -0.15627090
v 0.12205120 0.49208270 -0.12574250
v 0.08519409 0.50501040 -0.15350250
v 0.12418310 0.49826170 -0.12789610
v 0.12194450 0.50500070 -0.12563000
v 0.15035970 0.49207010 -0.08927658
v 0.15297690 0.49824880 -0.09080505
v 0.16826550 0.49205530 -0.04672638
v 0.15022860 0.50498810 -0.08919525
v 0.17118980 0.49823380 -0.04752548
v 0.17454840 0.49203950 -0.00099182
v 0.16811900 0.50497330 -0.04668167
v 0.17758040 0.49821770 -0.00100662
v 0.16878020 0.49202370 0.04481064
v 0.17439660 0.50495760 -0.00098648
v 0.17171330 0.49820160 0.04558105
v 0.15135410 0.49200890 0.08755936
v 0.16863340 0.50494160 0.04477661
v 0.15398830 0.49818660 0.08906280
v 0.12345750 0.49199630 0.12434130
v 0.15122210 0.50492690 0.08748855
v 0.12561350 0.49817370 0.12647540
v 0.12334960 0.50491430 0.12423890
v 0.08252535 0.01189985 -0.14899150
v 0.11816290 0.49334070 -0.12180970
v 0.11815490 0.01189045 -0.12196900
v 0.08253116 0.49335010 -0.14883390
v 0.04111578 0.01190577 -0.16587170
v 0.07988136 0.00547801 -0.14435420
v 0.04111921 0.49335600 -0.16571520
v 0.03976261 0.00548374 -0.16070830
v -0.00325172 0.01190779 -0.17145930
v -0.00325083 0.49335800 -0.17130280
v -0.00322174 0.00548569 -0.16612170
v -0.04755363 0.01190577 -0.16537320
v -0.04755533 0.49335600 -0.16521640
v -0.04614262 0.00548374 -0.16022510
v -0.08877078 0.01189985 -0.14802840
v -0.08607479 0.00547801 -0.14342100
v -0.08877483 0.49335010 -0.14787050
v -0.12409420 0.01189045 -0.12060670
v -0.12410030 0.49334070 -0.12044720
v 0.14558610 0.49332850 -0.08648407
v 0.14557660 0.01187819 -0.08664551
v 0.16293190 0.49331410 -0.04526459
v 0.16292140 0.01186391 -0.04542847
v 0.16901840 0.49329880 -0.00096039
v 0.15777110 0.00544319 -0.04401947
v 0.14096700 0.00545702 -0.08395172
v 0.16366750 0.00542834 -0.00109894
v 0.16900760 0.01184859 -0.00112656
v 0.16343050 0.49328350 0.04340973
v 0.15825420 0.00541350 0.04188553
v 0.16342000 0.01183327 0.04324081
v 0.14190020 0.00539967 0.08200409
v 0.14654940 0.49326920 0.08482163
v 0.14653980 0.01181899 0.08465042
v 0.11952510 0.49325700 0.12045330
v 0.11951720 0.01180673 0.12028000
v 0.11951720 0.01180673 0.12028000
v 0.11952510 0.49325700 0.12045330
v 0.08419967 0.49324760 0.14787660
v 0.08419372 0.01179732 0.14770170
v 0.04298019 0.49324160 0.16522250
v 0.04297661 0.01179141 0.16504650
v -0.00132423 0.49323970 0.17130870
v 0.04156551 0.00537295 0.15989390
v 0.08149772 0.00537868 0.14308990
v -0.00135525 0.00537099 0.16579020
v -0.00132519 0.01178939 0.17113250
v -0.04569424 0.49324160 0.16572110
v -0.04433968 0.00537295 0.16037700
v -0.04569267 0.01179141 0.16554500
v -0.08445823 0.00537868 0.14402300
v -0.08710624 0.49324760 0.14883990
v -0.08710228 0.01179732 0.14866480
v -0.12273780 0.49325700 0.12181560
v -0.12273190 0.01180673 0.12164230
v -0.15016110 0.49326920 0.08649002
v -0.15015350 0.01181899 0.08631881
v -0.16750710 0.49328350 0.04527069
v -0.16749840 0.01183327 0.04510178
v -0.17359350 0.49329880 0.00096634
v -0.16234810 0.00541350 0.04368835
v -0.14554400 0.00539967 0.08362045
v -0.16824450 0.00542834 0.00076767
v -0.17358450 0.01184859 0.00079987
v -0.16800560 0.49331410 -0.04340378
v -0.16283120 0.00544319 -0.04221664
v -0.16799700 0.01186391 -0.04356750
v -0.14647710 0.00545702 -0.08233520
v -0.15112450 0.49332850 -0.08481552
v -0.15111680 0.01187819 -0.08497711
v -0.12410030 0.49334070 -0.12044720
v -0.12409420 0.01189045 -0.12060670
v 0.08419967 0.49324760 0.14787660
v 0.11952510 0.49325700 0.12045330
v 0.11825640 0.49822010 0.11920040
v 0.08329887 0.49821080 0.14633800
v 0.11980000 0.50255760 0.12072850
v 0.04298019 0.49324160 0.16522250
v 0.08439483 0.50254810 0.14821330
v 0.04250870 0.49820490 0.16350330
v -0.00132423 0.49323970 0.17130870
v 0.04308235 0.50254220 0.16559850
v -0.00133419 0.49820290 0.16952640
v -0.04569424 0.49324160 0.16572110
v -0.00132198 0.50254020 0.17169880
v -0.04524208 0.49820490 0.16399670
v -0.08710624 0.49324760 0.14883990
v -0.04579212 0.50254220 0.16609830
v -0.08622272 0.49821080 0.14729140
v -0.12273780 0.49325700 0.12181560
v -0.08729755 0.50254810 0.14917910
v -0.12148330 0.49822010 0.12054870
v -0.12300970 0.50255760 0.12209380
v 0.15777110 0.00544319 -0.04401947
v 0.16366750 0.00542834 -0.00109894
v 0.15825420 0.00541350 0.04188553
v 0.14190020 0.00539967 0.08200409
v 0.14096700 0.00545702 -0.08395172
v 0.11440020 0.00546890 -0.11817400
v 0.11815490 0.01189045 -0.12196900
v 0.14557660 0.01187819 -0.08664551
v 0.08252535 0.01189985 -0.14899150
v 0.07988136 0.00547801 -0.14435420
v 0.11572000 0.00538779 0.11652300
v 0.14653980 0.01181899 0.08465042
v 0.11951720 0.01180673 0.12028000
v 0.08149772 0.00537868 0.14308990
v 0.08419372 0.01179732 0.14770170
v 0.04156551 0.00537295 0.15989390
v 0.03976261 0.00548374 -0.16070830
v -0.00135525 0.00537099 0.16579020
v -0.00322174 0.00548569 -0.16612170
v -0.04433968 0.00537295 0.16037700
v -0.04614262 0.00548374 -0.16022510
v -0.08445823 0.00537868 0.14402300
v -0.08607479 0.00547801 -0.14342100
v -0.11897710 0.00538779 0.11784290
v -0.08710228 0.01179732 0.14866480
v -0.12273190 0.01180673 0.12164230
v -0.14554400 0.00539967 0.08362045
v -0.15015350 0.01181899 0.08631881
v -0.12029700 0.00546890 -0.11685420
v -0.12409420 0.01189045 -0.12060670
v -0.08877078 0.01189985 -0.14802840
v -0.15111680 0.01187819 -0.08497711
v -0.14647710 0.00545702 -0.08233520
v -0.16234810 0.00541350 0.04368835
v -0.16283120 0.00544319 -0.04221664
v -0.16824450 0.00542834 0.00076767
v -0.15016110 0.49326920 0.08649002
v -0.14862100 0.49823220 0.08559112
v -0.16750710 0.49328350 0.04527069
v -0.15049480 0.50256970 0.08668853
v -0.16578610 0.49824640 0.04480102
v -0.17359350 0.49329880 0.00096634
v -0.16787970 0.50258420 0.04537613
v -0.17180910 0.49826140 0.00095810
v -0.16800560 0.49331410 -0.04340378
v -0.17398000 0.50259950 0.00097183
v -0.16627950 0.49827660 -0.04294968
v -0.15112450 0.49332850 -0.08481552
v -0.16837950 0.50261480 -0.04349838
v -0.14957420 0.49829080 -0.08393036
v -0.12410030 0.49334070 -0.12044720
v -0.15146030 0.50262910 -0.08500382
v -0.12283150 0.49830290 -0.11919100
v -0.12437510 0.50264150 -0.12071580
v -0.08877483 0.49335010 -0.14787050
v -0.12410030 0.49334070 -0.12044720
v -0.12283150 0.49830290 -0.11919100
v -0.08787399 0.49831230 -0.14632860
v -0.12437510 0.50264150 -0.12071580
v -0.04755533 0.49335600 -0.16521640
v -0.08896992 0.50265090 -0.14820100
v -0.04708381 0.49831810 -0.16349360
v -0.00325083 0.49335800 -0.17130280
v -0.04765745 0.50265680 -0.16558590
v -0.00324078 0.49832010 -0.16951680
v 0.04111921 0.49335600 -0.16571520
v -0.00325295 0.50265880 -0.17168610
v 0.04066715 0.49831810 -0.16398710
v 0.08253116 0.49335010 -0.14883390
v 0.04121721 0.50265680 -0.16608570
v 0.08164775 0.49831230 -0.14728180
v 0.11816290 0.49334070 -0.12180970
v 0.08272259 0.50265090 -0.14916640
v 0.11690830 0.49830290 -0.12053910
v 0.11843460 0.50264150 -0.12208130
v 0.14558610 0.49332850 -0.08648407
v 0.14404590 0.49829080 -0.08558151
v 0.16293190 0.49331410 -0.04526459
v 0.14591980 0.50262910 -0.08667587
v 0.16121100 0.49827670 -0.04479141
v 0.16901840 0.49329880 -0.00096039
v 0.16330480 0.50261480 -0.04536346
v 0.16723400 0.49826150 -0.00094849
v 0.16343050 0.49328350 0.04340973
v 0.16940490 0.50259950 -0.00095917
v 0.16170450 0.49824640 0.04295944
v 0.14654940 0.49326920 0.08482163
v 0.16380450 0.50258420 0.04351090
v 0.14499910 0.49823220 0.08393997
v 0.11952510 0.49325700 0.12045330
v 0.14688520 0.50256970 0.08501633
v 0.11825640 0.49822010 0.11920040
v 0.11980000 0.50255760 0.12072850
v 0.16002740 0.45254000 -0.06246780
v 0.18336110 0.47164430 -0.06009735
v 0.16094230 0.45719800 -0.06009888
v 0.18694710 0.46870960 -0.06268082
v 0.16150790 0.44802660 -0.06010544
v 0.19332740 0.48068600 -0.05458526
v 0.18954650 0.46484890 -0.06013443
v 0.19738790 0.47818190 -0.05690628
v 0.20190860 0.48844870 -0.04577835
v 0.19951270 0.47389070 -0.05462234
v 0.20637780 0.48631440 -0.04767990
v 0.20809390 0.48165350 -0.04581528
v 0.16094230 0.45719800 -0.06009888
v 0.18237450 0.47071830 -0.05496765
v 0.16333790 0.45734250 -0.05536758
v 0.18336110 0.47164430 -0.06009735
v 0.19139160 0.47889880 -0.04998047
v 0.19332740 0.48068600 -0.05458526
v 0.19915560 0.48592230 -0.04201233
v 0.20190860 0.48844870 -0.04577835
v 0.16481850 0.45282900 -0.05300507
v 0.18855980 0.46392290 -0.05500473
v 0.16390340 0.44817110 -0.05537399
v 0.18497400 0.46685760 -0.05242142
v 0.16333790 0.45734250 -0.05536758
v 0.19757710 0.47210350 -0.05001755
v 0.18237450 0.47071830 -0.05496765
v 0.19351650 0.47460760 -0.04769668
v 0.20534100 0.47912720 -0.04204941
v 0.19139160 0.47889880 -0.04998047
v 0.20087170 0.48126140 -0.04014786
v 0.19915560 0.48592230 -0.04201233
v 0.16390340 0.44817110 -0.05537399
v 0.18954650 0.46484890 -0.06013443
v 0.16150790 0.44802660 -0.06010544
v 0.18855980 0.46392290 -0.05500473
v 0.19951270 0.47389070 -0.05462234
v 0.19757710 0.47210350 -0.05001755
v 0.20809390 0.48165350 -0.04581528
v 0.20534100 0.47912720 -0.04204941
v 0.20637780 0.48631440 -0.04767990
v 0.20851980 0.49440370 -0.03427643
v 0.20190860 0.48844870 -0.04577835
v 0.21330370 0.49255290 -0.03563034
v 0.20809390 0.48165350 -0.04581528
v 0.21470510 0.48760850 -0.03431366
v 0.20190860 0.48844870 -0.04577835
v 0.20851980 0.49440370 -0.03427643
v 0.20513720 0.49131010 -0.03160599
v 0.19915560 0.48592230 -0.04201233
v 0.19915560 0.48592230 -0.04201233
v 0.20513720 0.49131010 -0.03160599
v 0.20653860 0.48636570 -0.03028931
v 0.20087170 0.48126140 -0.04014786
v 0.21132250 0.48451500 -0.03164307
v 0.20534100 0.47912720 -0.04204941
v 0.20534100 0.47912720 -0.04204941
v 0.21132250 0.48451500 -0.03164307
v 0.21470510 0.48760850 -0.03431366
v 0.20809390 0.48165350 -0.04581528
v 0.21330370 0.49255290 -0.03563034
v 0.21271050 0.49814510 -0.02086380
v 0.20851980 0.49440370 -0.03427643
v 0.21769420 0.49647240 -0.02157883
v 0.21470510 0.48760850 -0.03431366
v 0.21419520 0.49941780 -0.00645416
v 0.21889590 0.49134980 -0.02090103
v 0.21924950 0.49780570 -0.00648315
v 0.21287270 0.49813520 0.00797043
v 0.22038050 0.49262250 -0.00649139
v 0.21786400 0.49646200 0.00862823
v 0.21905810 0.49133990 0.00793320
v 0.20851980 0.49440370 -0.03427643
v 0.20892890 0.49469520 -0.01947052
v 0.20513720 0.49131010 -0.03160599
v 0.21271050 0.49814510 -0.02086380
v 0.21027220 0.49584660 -0.00643326
v 0.21419520 0.49941780 -0.00645416
v 0.20907560 0.49468620 0.00661743
v 0.21287270 0.49813520 0.00797043
v 0.20653860 0.48636570 -0.03028931
v 0.21511420 0.48789990 -0.01950760
v 0.21132250 0.48451500 -0.03164307
v 0.21013070 0.48957260 -0.01879257
v 0.20513720 0.49131010 -0.03160599
v 0.21645750 0.48905150 -0.00647049
v 0.20892890 0.49469520 -0.01947052
v 0.21140320 0.49066340 -0.00644150
v 0.21526090 0.48789090 0.00658035
v 0.21027220 0.49584660 -0.00643326
v 0.21026950 0.48956400 0.00592239
v 0.20907560 0.49468620 0.00661743
v 0.21132250 0.48451500 -0.03164307
v 0.21889590 0.49134980 -0.02090103
v 0.21470510 0.48760850 -0.03431366
v 0.21511420 0.48789990 -0.01950760
v 0.22038050 0.49262250 -0.00649139
v 0.21645750 0.48905150 -0.00647049
v 0.21905810 0.49133990 0.00793320
v 0.21526090 0.48789090 0.00658035
v 0.21786400 0.49646200 0.00862823
v 0.20883310 0.49438450 0.02142685
v 0.21287270 0.49813520 0.00797043
v 0.21363190 0.49253280 0.02272552
v 0.21905810 0.49133990 0.00793320
v 0.20235160 0.48842150 0.03299820
v 0.21501840 0.48758930 0.02138977
v 0.20684170 0.48628590 0.03484787
v 0.20853690 0.48162640 0.03296097
v 0.21287270 0.49813520 0.00797043
v 0.20542060 0.49129270 0.01879227
v 0.20907560 0.49468620 0.00661743
v 0.20883310 0.49438450 0.02142685
v 0.19955640 0.48589770 0.02926163
v 0.20235160 0.48842150 0.03299820
v 0.19188250 0.47886860 0.03731186
v 0.19386990 0.48065270 0.04189575
v 0.21026950 0.48956400 0.00592239
v 0.21160580 0.48449760 0.01875504
v 0.21526090 0.48789090 0.00658035
v 0.20680700 0.48634920 0.01745651
v 0.20907560 0.49468620 0.00661743
v 0.20574170 0.47910260 0.02922440
v 0.20542060 0.49129270 0.01879227
v 0.20125140 0.48123810 0.02737472
v 0.19955640 0.48589770 0.02926163
v 0.21526090 0.48789090 0.00658035
v 0.21501840 0.48758930 0.02138977
v 0.21905810 0.49133990 0.00793320
v 0.21160580 0.48449760 0.01875504
v 0.20853690 0.48162640 0.03296097
v 0.20574170 0.47910260 0.02922440
v 0.20005520 0.47385740 0.04185852
v 0.19806780 0.47207330 0.03727478
v 0.20684170 0.48628590 0.03484787
v 0.19386990 0.48065270 0.04189575
v 0.20235160 0.48842150 0.03299820
v 0.19795630 0.47814700 0.04416901
v 0.20853690 0.48162640 0.03296097
v 0.20005520 0.47385740 0.04185852
v 0.19955640 0.48589770 0.02926163
v 0.19188250 0.47886860 0.03731186
v 0.19398160 0.47457900 0.03500122
v 0.20125140 0.48123810 0.02737472
v 0.19806780 0.47207330 0.03727478
v 0.20574170 0.47910260 0.02922440
v 0.19795630 0.47814700 0.04416901
v 0.18396630 0.47160710 0.04751312
v 0.19386990 0.48065270 0.04189575
v 0.18758090 0.46867060 0.05005417
v 0.20005520 0.47385740 0.04185852
v 0.16540790 0.45739750 0.04961670
v 0.19015160 0.46481190 0.04747604
v 0.16495810 0.45276480 0.05216248
v 0.16597350 0.44822600 0.04961029
v 0.19386990 0.48065270 0.04189575
v 0.18396630 0.47160710 0.04751312
v 0.18292200 0.47068460 0.04239425
v 0.19188250 0.47886860 0.03731186
v 0.19398160 0.47457900 0.03500122
v 0.18910740 0.46388950 0.04235718
v 0.19806780 0.47207330 0.03727478
v 0.18549260 0.46682570 0.03981628
v 0.19188250 0.47886860 0.03731186
v 0.16743870 0.44831990 0.04451248
v 0.18292200 0.47068460 0.04239425
v 0.16788850 0.45295250 0.04196655
v 0.16687310 0.45749130 0.04451874
v 0.19806780 0.47207330 0.03727478
v 0.19015160 0.46481190 0.04747604
v 0.20005520 0.47385740 0.04185852
v 0.18910740 0.46388950 0.04235718
v 0.16597350 0.44822600 0.04961029
v 0.16743870 0.44831990 0.04451248
v 0.18396630 0.47160710 0.04751312
v 0.16540790 0.45739750 0.04961670
v 0.16687310 0.45749130 0.04451874
v 0.18292200 0.47068460 0.04239425
v -0.09149010 0.50501040 -0.15250900
v -0.08896992 0.50265090 -0.14820100
v -0.12437510 0.50264150 -0.12071580
v -0.12792470 0.50500070 -0.12422480
v -0.04897651 0.50501640 -0.17039930
v -0.15146030 0.50262910 -0.08500382
v -0.04765745 0.50265680 -0.16558590
v -0.15579730 0.50498810 -0.08747436
v -0.00328104 0.50501850 -0.17667710
v -0.16837950 0.50261480 -0.04349838
v -0.00325295 0.50265880 -0.17168610
v -0.17320850 0.50497330 -0.04476242
v 0.04248205 0.50501640 -0.17091370
v -0.17398000 0.50259950 0.00097183
v 0.04121721 0.50265680 -0.16608570
v -0.17897160 0.50495760 0.00100067
v 0.08519409 0.50501040 -0.15350250
v -0.16787970 0.50258420 0.04537613
v 0.08272259 0.50265090 -0.14916640
v -0.17269410 0.50494160 0.04669601
v 0.12194450 0.50500070 -0.12563000
v -0.15049480 0.50256970 0.08668853
v 0.11843460 0.50264150 -0.12208130
v -0.15480360 0.50492690 0.08920959
v 0.15022860 0.50498810 -0.08919525
v -0.12300970 0.50255760 0.12209380
v 0.14591980 0.50262910 -0.08667587
v -0.12651940 0.50491430 0.12564420
v 0.16811900 0.50497330 -0.04668167
v -0.08729755 0.50254810 0.14917910
v 0.16330480 0.50261480 -0.04536346
v -0.08976906 0.50490460 0.15351670
v 0.17439660 0.50495760 -0.00098648
v -0.04579212 0.50254220 0.16609830
v 0.16940490 0.50259950 -0.00095917
v -0.04705700 0.50489850 0.17092790
v 0.16863340 0.50494160 0.04477661
v -0.00132198 0.50254020 0.17169880
v 0.16380450 0.50258420 0.04351090
v -0.00129391 0.50489650 0.17669110
v 0.15122210 0.50492690 0.08748855
v 0.04308235 0.50254220 0.16559850
v 0.14688520 0.50256970 0.08501633
v 0.04440143 0.50489850 0.17041370
v 0.12334960 0.50491430 0.12423890
v 0.08439483 0.50254810 0.14821330
v 0.11980000 0.50255760 0.12072850
v 0.08691498 0.50490460 0.15252320
vn -0.01759362 -0.02565009 -0.99951610
vn 0.48703560 0.74975650 -0.44795250
vn 0.46369700 0.75617750 -0.46171490
vn -0.11225610 0.07271837 -0.99101500
vn -0.42553730 -0.68733690 -0.58863070
vn 0.38175640 0.80706430 -0.45045430
vn -0.52722970 -0.63710830 -0.56224730
vn -0.37461730 0.33687020 -0.86381730
vn 0.30288830 0.87924890 -0.36766850
vn -0.76984260 -0.45808130 -0.44441410
vn -0.52688030 0.47622840 -0.70399120
vn -0.84870790 -0.38590160 -0.36162830
vn 0.48703560 0.74975650 -0.44795250
vn 0.47550280 0.67040080 0.56961360
vn 0.57167390 0.62546320 0.53102230
vn 0.46369700 0.75617750 -0.46171490
vn 0.77034020 0.48674520 0.41189210
vn 0.38175640 0.80706430 -0.45045430
vn 0.84348930 0.41979580 0.33510790
vn 0.30288830 0.87924890 -0.36766850
vn 0.01417384 -0.04191693 0.99902060
vn -0.48906140 -0.79411260 0.36083790
vn -0.47617870 -0.78743880 0.39140000
vn 0.11271780 -0.12007470 0.98634520
vn 0.47550280 0.67040080 0.56961360
vn -0.41040670 -0.81041570 0.41808190
vn 0.57167390 0.62546320 0.53102230
vn 0.37461490 -0.33687470 0.86381660
vn -0.33725630 -0.87736650 0.34130070
vn 0.77034020 0.48674520 0.41189210
vn 0.52687520 -0.47623370 0.70399150
vn 0.84348930 0.41979580 0.33510790
vn -0.48906140 -0.79411260 0.36083790
vn -0.42553730 -0.68733690 -0.58863070
vn -0.52722970 -0.63710830 -0.56224730
vn -0.47617870 -0.78743880 0.39140000
vn -0.76984260 -0.45808130 -0.44441410
vn -0.41040670 -0.81041570 0.41808190
vn -0.84870790 -0.38590160 -0.36162830
vn -0.33725630 -0.87736650 0.34130070
vn -0.52688030 0.47622840 -0.70399120
vn 0.30288830 0.87924890 -0.36766850
vn 0.24261990 0.93462200 -0.26003320
vn -0.64323540 0.58313170 -0.49619110
vn -0.84870790 -0.38590160 -0.36162830
vn -0.90897540 -0.33053260 -0.25399210
vn 0.30288830 0.87924890 -0.36766850
vn 0.84348930 0.41979580 0.33510790
vn 0.89938740 0.36843880 0.23527660
vn 0.24261990 0.93462200 -0.26003320
vn 0.84348930 0.41979580 0.33510790
vn 0.64323030 -0.58313850 0.49618990
vn 0.89938740 0.36843880 0.23527660
vn 0.52687520 -0.47623370 0.70399150
vn -0.28135470 -0.92872630 0.24146860
vn -0.33725630 -0.87736650 0.34130070
vn -0.33725630 -0.87736650 0.34130070
vn -0.84870790 -0.38590160 -0.36162830
vn -0.90897540 -0.33053260 -0.25399210
vn -0.28135470 -0.92872630 0.24146860
vn -0.64323540 0.58313170 -0.49619110
vn 0.24261990 0.93462200 -0.26003320
vn 0.20505610 0.96941170 -0.13488120
vn -0.71575440 0.65029810 -0.25457400
vn -0.90897540 -0.33053260 -0.25399210
vn 0.19275630 0.98124640 -0.00074489
vn -0.94654010 -0.29573790 -0.12884500
vn -0.73949980 0.67314240 0.00439046
vn 0.20656110 0.96931950 0.13323740
vn -0.95883850 -0.28390230 0.00529325
vn -0.71284590 0.65011740 0.26305560
vn -0.94503370 -0.29582680 0.13927610
vn 0.24261990 0.93462200 -0.26003320
vn 0.89938740 0.36843880 0.23527660
vn 0.93422560 0.33617340 0.11920580
vn 0.20505610 0.96941170 -0.13488120
vn 0.94563170 0.32519780 -0.00520411
vn 0.19275630 0.98124640 -0.00074489
vn 0.93282810 0.33625710 -0.12947190
vn 0.20656110 0.96931950 0.13323740
vn 0.64323030 -0.58313850 0.49618990
vn -0.28135470 -0.92872630 0.24146860
vn -0.24651900 -0.96099140 0.12539550
vn 0.71574970 -0.65030330 0.25457400
vn 0.89938740 0.36843880 0.23527660
vn -0.23511560 -0.97196690 0.00098445
vn 0.93422560 0.33617340 0.11920580
vn 0.73949440 -0.67314840 -0.00439143
vn -0.24791740 -0.96090570 -0.12327650
vn 0.94563170 0.32519780 -0.00520411
vn 0.71284150 -0.65012210 -0.26305550
vn 0.93282810 0.33625710 -0.12947190
vn -0.28135470 -0.92872630 0.24146860
vn -0.90897540 -0.33053260 -0.25399210
vn -0.94654010 -0.29573790 -0.12884500
vn -0.24651900 -0.96099140 0.12539550
vn -0.95883850 -0.28390230 0.00529325
vn -0.23511560 -0.97196690 0.00098445
vn -0.94503370 -0.29582680 0.13927610
vn -0.24791740 -0.96090570 -0.12327650
vn -0.71284590 0.65011740 0.26305560
vn 0.20656110 0.96931950 0.13323740
vn 0.24553280 0.93444260 0.25793530
vn -0.63761090 0.58278670 0.50379770
vn -0.94503370 -0.29582680 0.13927610
vn 0.30700940 0.87899430 0.36484800
vn -0.90606560 -0.33070290 0.26397140
vn -0.51892600 0.47574060 0.71020180
vn -0.84458840 -0.38615410 0.37088470
vn 0.20656110 0.96931950 0.13323740
vn 0.93282810 0.33625710 -0.12947190
vn 0.89668550 0.36860320 -0.24512590
vn 0.24553280 0.93444260 0.25793530
vn 0.83966820 0.42002990 -0.34428520
vn 0.30700940 0.87899430 0.36484800
vn 0.76566130 0.48703220 -0.42019340
vn 0.38680210 0.80675410 0.44669000
vn 0.71284150 -0.65012210 -0.26305550
vn -0.24791740 -0.96090570 -0.12327650
vn -0.28405740 -0.92855970 -0.23893170
vn 0.63760910 -0.58279140 -0.50379440
vn 0.93282810 0.33625710 -0.12947190
vn -0.34107370 -0.87713200 -0.33809480
vn 0.89668550 0.36860320 -0.24512590
vn 0.51892480 -0.47574340 -0.71020080
vn 0.83966820 0.42002990 -0.34428520
vn -0.24791740 -0.96090570 -0.12327650
vn -0.94503370 -0.29582680 0.13927610
vn -0.90606560 -0.33070290 0.26397140
vn -0.28405740 -0.92855970 -0.23893170
vn -0.84458840 -0.38615410 0.37088470
vn -0.34107370 -0.87713200 -0.33809480
vn -0.76479670 -0.45839410 0.45272610
vn -0.41507770 -0.81013290 -0.41399910
vn -0.51892600 0.47574060 0.71020180
vn 0.30700940 0.87899430 0.36484800
vn 0.38680210 0.80675410 0.44669000
vn -0.36487900 0.33627220 0.86820750
vn -0.84458840 -0.38615410 0.37088470
vn -0.76479670 -0.45839410 0.45272610
vn 0.83966820 0.42002990 -0.34428520
vn 0.36487850 -0.33627670 -0.86820600
vn 0.76566130 0.48703220 -0.42019340
vn 0.51892480 -0.47574340 -0.71020080
vn -0.41507770 -0.81013290 -0.41399910
vn -0.34107370 -0.87713200 -0.33809480
vn -0.36487900 0.33627220 0.86820750
vn 0.38680210 0.80675410 0.44669000
vn 0.48200200 0.74172170 0.46639360
vn -0.15382400 0.09581573 0.98344170
vn -0.76479670 -0.45839410 0.45272610
vn 0.51572910 0.72475040 0.45690310
vn -0.58427490 -0.61441460 0.53020510
vn -0.07683063 -0.00225338 0.99704150
vn -0.50846660 -0.66583880 0.54600400
vn 0.38680210 0.80675410 0.44669000
vn 0.76566130 0.48703220 -0.42019340
vn 0.62770150 0.59494110 -0.50203190
vn 0.48200200 0.74172170 0.46639360
vn 0.36487850 -0.33627670 -0.86820600
vn -0.41507770 -0.81013290 -0.41399910
vn -0.49293990 -0.77155590 -0.40213400
vn 0.14579760 -0.14377410 -0.97881160
vn 0.76566130 0.48703220 -0.42019340
vn -0.51326990 -0.77040340 -0.37819640
vn 0.62770150 0.59494110 -0.50203190
vn 0.06316537 -0.07242839 -0.99537140
vn 0.56443330 0.63368690 -0.52901420
vn -0.41507770 -0.81013290 -0.41399910
vn -0.76479670 -0.45839410 0.45272610
vn -0.58427490 -0.61441460 0.53020510
vn -0.49293990 -0.77155590 -0.40213400
vn -0.50846660 -0.66583880 0.54600400
vn -0.51326990 -0.77040340 -0.37819640
vn 0.48200200 0.74172170 0.46639360
vn 0.62770150 0.59494110 -0.50203190
vn 0.56443330 0.63368690 -0.52901420
vn 0.51572910 0.72475040 0.45690310
vn 0.49505110 -0.01566879 -0.86872260
vn 0.70302310 -0.01572370 -0.71099320
vn 0.70302920 -0.00603080 -0.71113540
vn 0.49501940 -0.00597575 -0.86886140
vn 0.25334220 -0.01563415 -0.96725030
vn 0.00487440 -0.99994790 -0.00897212
vn 0.25339920 -0.00594161 -0.96734360
vn 0.00246706 -0.99994750 -0.00994269
vn -0.00562251 -0.01562255 -0.99986220
vn -0.00562793 -0.00592956 -0.99996660
vn -0.00002316 -0.99994740 -0.01025504
vn -0.26422200 -0.01563430 -0.96433520
vn -0.26413750 -0.00594173 -0.96446670
vn -0.00258721 -0.99994750 -0.00991181
vn -0.50480590 -0.01566857 -0.86309070
vn -0.00497510 -0.99994790 -0.00891700
vn -0.50483440 -0.00597668 -0.86319550
vn -0.71098790 -0.01572373 -0.70302840
vn -0.71101400 -0.00603070 -0.70315200
vn 0.86312890 -0.00610276 -0.50494680
vn 0.86308540 -0.01579514 -0.50481090
vn 0.96440780 -0.00618570 -0.26434690
vn 0.96432970 -0.01587854 -0.26422720
vn 0.99996410 -0.00627520 -0.00568971
vn 0.00956446 -0.99994990 -0.00293074
vn 0.00856924 -0.99994920 -0.00531872
vn 0.00990745 -0.99995090 -0.00036665
vn 0.99985660 -0.01596803 -0.00563708
vn 0.96736330 -0.00636464 0.25331370
vn 0.00957533 -0.99995170 0.00219877
vn 0.96724490 -0.01605742 0.25333660
vn 0.00859033 -0.99995260 0.00459083
vn 0.86883810 -0.00644826 0.49505430
vn 0.86871700 -0.01614082 0.49504560
vn 0.71104280 -0.00652006 0.70311860
vn 0.71098750 -0.01621229 0.70301780
vn 0.71098750 -0.01621229 0.70301780
vn 0.50494520 -0.00657540 0.86312640
vn 0.71104280 -0.00652006 0.70311860
vn 0.50480550 -0.01626706 0.86307980
vn 0.26430350 -0.00661027 0.96441690
vn 0.26422180 -0.01630133 0.96432420
vn 0.00568777 -0.00662237 0.99996200
vn 0.00258328 -0.99995420 0.00922118
vn 0.00497131 -0.99995390 0.00822578
vn 0.00001923 -0.99995430 0.00956426
vn 0.00563186 -0.01631311 0.99985110
vn -0.25339900 -0.00660991 0.96733920
vn -0.00254624 -0.99995420 0.00923185
vn -0.25334190 -0.01630175 0.96723950
vn -0.00493829 -0.99995390 0.00824666
vn -0.49513130 -0.00657495 0.86879330
vn -0.49505070 -0.01626732 0.86871180
vn -0.70312080 -0.00652012 0.71104060
vn -0.70302300 -0.01621241 0.71098240
vn -0.86319400 -0.00644839 0.50483130
vn -0.86308540 -0.01614071 0.50480030
vn -0.96444180 -0.00636464 0.26421860
vn -0.96432970 -0.01605738 0.26421660
vn -0.99996410 -0.00627519 0.00568572
vn -0.00956829 -0.99995170 0.00223967
vn -0.00857327 -0.99995260 0.00462757
vn -0.00991140 -0.99995090 -0.00032438
vn -0.99985670 -0.01596794 0.00562650
vn -0.96734140 -0.00618616 -0.25340120
vn -0.00957913 -0.99994990 -0.00288991
vn -0.96724500 -0.01587855 -0.25334740
vn -0.00859428 -0.99994910 -0.00528181
vn -0.86879590 -0.00610254 -0.49513250
vn -0.86871730 -0.01579541 -0.49505620
vn -0.71101400 -0.00603070 -0.70315200
vn -0.71098790 -0.01572373 -0.70302840
vn 0.50494520 -0.00657540 0.86312640
vn 0.71102430 0.01141075 0.70307490
vn 0.71104280 -0.00652006 0.70311860
vn 0.50482640 0.01135484 0.86314620
vn 0.34279790 0.87600770 0.33926410
vn 0.26430350 -0.00661027 0.96441690
vn 0.24339400 0.87598120 0.41643280
vn 0.26422970 0.01132025 0.96439340
vn 0.00568777 -0.00662237 0.99996200
vn 0.12739020 0.87596540 0.46524860
vn 0.00562111 0.01130879 0.99992020
vn -0.25339900 -0.00660991 0.96733920
vn 0.00271271 0.87596050 0.48237520
vn -0.25336510 0.01132086 0.96730440
vn -0.49513130 -0.00657495 0.86879330
vn -0.12214950 0.87596540 0.46665210
vn -0.49509070 0.01135523 0.86876710
vn -0.70312080 -0.00652012 0.71104060
vn -0.23868960 0.87598120 0.41914710
vn -0.70307790 0.01141028 0.71102130
vn -0.33896200 0.87600730 0.34309770
vn 0.00957533 -0.99995170 0.00219877
vn 0.00990745 -0.99995090 -0.00036665
vn 0.00956446 -0.99994990 -0.00293074
vn 0.00859033 -0.99995260 0.00459083
vn 0.00856924 -0.99994920 -0.00531872
vn 0.00702008 -0.99995330 0.00664663
vn 0.86871700 -0.01614082 0.49504560
vn 0.71098750 -0.01621229 0.70301780
vn 0.00497131 -0.99995390 0.00822578
vn 0.50480550 -0.01626706 0.86307980
vn 0.00699018 -0.99994850 -0.00736753
vn 0.70302310 -0.01572370 -0.71099320
vn 0.86308540 -0.01579514 -0.50481090
vn 0.49505110 -0.01566879 -0.86872260
vn 0.00487440 -0.99994790 -0.00897212
vn 0.00258328 -0.99995420 0.00922118
vn 0.00246706 -0.99994750 -0.00994269
vn 0.00001923 -0.99995430 0.00956426
vn -0.00002316 -0.99994740 -0.01025504
vn -0.00254624 -0.99995420 0.00923185
vn -0.00258721 -0.99994750 -0.00991181
vn -0.00493829 -0.99995390 0.00824666
vn -0.00497510 -0.99994790 -0.00891700
vn -0.00699392 -0.99995330 0.00667649
vn -0.49505070 -0.01626732 0.86871180
vn -0.70302300 -0.01621241 0.71098240
vn -0.00857327 -0.99995260 0.00462757
vn -0.86308540 -0.01614071 0.50480030
vn -0.00702390 -0.99994840 -0.00733756
vn -0.71098790 -0.01572373 -0.70302840
vn -0.50480590 -0.01566857 -0.86309070
vn -0.86871730 -0.01579541 -0.49505620
vn -0.00859428 -0.99994910 -0.00528181
vn -0.00956829 -0.99995170 0.00223967
vn -0.00957913 -0.99994990 -0.00288991
vn -0.00991140 -0.99995090 -0.00032438
vn -0.86319400 -0.00644839 0.50483130
vn -0.86314250 0.01148226 0.50482990
vn -0.33896200 0.87600730 0.34309770
vn -0.96444180 -0.00636464 0.26421860
vn -0.41613290 0.87604210 0.24368720
vn -0.96439020 0.01156552 0.26423080
vn -0.99996410 -0.00627519 0.00568572
vn -0.46494430 0.87608320 0.12769050
vn -0.99991620 0.01165582 0.00562808
vn -0.96734140 -0.00618616 -0.25340120
vn -0.48206960 0.87612770 0.00302123
vn -0.96729970 0.01174443 -0.25336390
vn -0.86879590 -0.00610254 -0.49513250
vn -0.46634580 0.87617040 -0.12184850
vn -0.86876410 0.01182744 -0.49508480
vn -0.71101400 -0.00603070 -0.70315200
vn -0.41884180 0.87620980 -0.23838630
vn -0.71102610 0.01189968 -0.70306490
vn -0.34279370 0.87624370 -0.33865840
vn -0.50483440 -0.00597668 -0.86319550
vn -0.71102610 0.01189968 -0.70306490
vn -0.71101400 -0.00603070 -0.70315200
vn -0.50482770 0.01195350 -0.86313740
vn -0.34279370 0.87624370 -0.33865840
vn -0.26413750 -0.00594173 -0.96446670
vn -0.24338350 0.87627010 -0.41583060
vn -0.26423020 0.01198774 -0.96438520
vn -0.00562793 -0.00592956 -0.99996660
vn -0.12738670 0.87628690 -0.46464400
vn -0.00562793 0.01199998 -0.99991210
vn 0.25339920 -0.00594161 -0.96734360
vn -0.00271699 0.87629290 -0.48177100
vn 0.25336550 0.01198850 -0.96729640
vn 0.49501940 -0.00597575 -0.86886140
vn 0.12215360 0.87628780 -0.46604540
vn 0.49509080 0.01195403 -0.86875900
vn 0.70302920 -0.00603080 -0.71113540
vn 0.23869130 0.87627020 -0.41854150
vn 0.70307530 0.01189915 -0.71101580
vn 0.33895810 0.87624330 -0.34249850
vn 0.86312890 -0.00610276 -0.50494680
vn 0.86314090 0.01182767 -0.50482460
vn 0.96440780 -0.00618570 -0.26434690
vn 0.41613630 0.87620870 -0.24308220
vn 0.96439030 0.01174468 -0.26422260
vn 0.99996410 -0.00627520 -0.00568971
vn 0.46495010 0.87616820 -0.12708550
vn 0.99991630 0.01165525 -0.00562000
vn 0.96736330 -0.00636464 0.25331370
vn 0.48207510 0.87612660 -0.00240800
vn 0.96729800 0.01156526 0.25337850
vn 0.86883810 -0.00644826 0.49505430
vn 0.46634980 0.87608370 0.12245480
vn 0.86876340 0.01148243 0.49509430
vn 0.71104280 -0.00652006 0.70311860
vn 0.41884690 0.87604220 0.23899220
vn 0.71102430 0.01141075 0.70307490
vn 0.34279790 0.87600770 0.33926410
vn -0.49517350 0.01050583 0.86873060
vn -0.70312630 -0.00386879 0.71105440
vn -0.70305640 0.01056081 0.71105560
vn -0.49513390 -0.00392365 0.86880790
vn -0.25333890 0.01047087 0.96732090
vn -0.00322150 0.99997690 0.00600208
vn -0.25339780 -0.00395840 0.96735410
vn -0.00163539 0.99997660 0.00664736
vn 0.00565016 0.01045930 0.99992930
vn 0.00567073 -0.00396991 0.99997600
vn 0.00002576 0.99997650 0.00685624
vn 0.26414230 0.01047134 0.96442690
vn 0.26422980 -0.00395816 0.96445160
vn 0.00171000 0.99997660 0.00662807
vn 0.50485960 0.01050558 0.86313760
vn 0.00327797 0.99997690 0.00597206
vn 0.50484540 -0.00392370 0.86320080
vn 0.71105220 0.01056071 0.70306000
vn 0.71105660 -0.00386876 0.70312420
vn -0.86320240 -0.00379709 0.50484360
vn -0.86313420 0.01063222 0.50486270
vn -0.96445300 -0.00371385 0.26422820
vn -0.96439070 0.01071578 0.26426450
vn -0.99997770 -0.00362461 0.00560609
vn -0.00628042 0.99997820 0.00205369
vn -0.00562455 0.99997770 0.00362152
vn -0.00650816 0.99997880 0.00036944
vn -0.99992560 0.01080539 0.00565726
vn -0.96735550 -0.00353547 -0.25339830
vn -0.00629275 0.99997940 -0.00131645
vn -0.96731720 0.01089468 -0.25333500
vn -0.00564817 0.99997990 -0.00288892
vn -0.86880990 -0.00345236 -0.49513380
vn -0.86881830 0.01097797 -0.49500930
vn -0.71105640 -0.00338103 -0.70312680
vn -0.71105190 0.01104926 -0.70305270
vn -0.71105190 0.01104926 -0.70305270
vn -0.71105640 -0.00338103 -0.70312680
vn -0.50487180 -0.00332573 -0.86318800
vn -0.50491230 0.01110426 -0.86309930
vn -0.26422890 -0.00329127 -0.96445440
vn -0.26426090 0.01113951 -0.96438680
vn -0.00560707 -0.00327946 -0.99997890
vn -0.00170605 0.99998090 -0.00593626
vn -0.00327404 0.99998070 -0.00528090
vn -0.00002194 0.99998100 -0.00616424
vn -0.00565380 0.01115134 -0.99992190
vn 0.25336600 -0.00329033 -0.96736480
vn 0.00166386 0.99998090 -0.00594889
vn 0.25333840 0.01113936 -0.96731360
vn 0.00323631 0.99998070 -0.00530431
vn 0.49513180 -0.00332530 -0.86881150
vn 0.49501280 0.01110473 -0.86881460
vn 0.70312520 -0.00338022 -0.71105810
vn 0.70305620 0.01104906 -0.71104850
vn 0.86320240 -0.00345146 -0.50484620
vn 0.86313410 0.01097750 -0.50485550
vn 0.96444470 -0.00353565 -0.26426120
vn 0.96439060 0.01089461 -0.26425730
vn 0.99997760 -0.00362579 -0.00564063
vn 0.00628439 0.99997940 -0.00136258
vn 0.00562861 0.99997990 -0.00293063
vn 0.00651214 0.99997880 0.00032170
vn 0.99992570 0.01080535 -0.00565028
vn 0.96735580 -0.00371541 0.25339490
vn 0.00629658 0.99997820 0.00200748
vn 0.96731730 0.01071576 0.25334220
vn 0.00565196 0.99997760 0.00358006
vn 0.86881050 -0.00379768 0.49513000
vn 0.86878800 0.01063248 0.49507010
vn 0.71105660 -0.00386876 0.70312420
vn 0.71105220 0.01056071 0.70306000
vn -0.50487180 -0.00332573 -0.86318800
vn -0.71105640 -0.00338103 -0.70312680
vn -0.71045040 0.04203860 -0.70249060
vn -0.50442250 0.04204070 -0.86243290
vn -0.48374390 0.73309480 -0.47808360
vn -0.26422890 -0.00329127 -0.96445440
vn -0.34345900 0.73313090 -0.58698820
vn -0.26401630 0.04207591 -0.96360010
vn -0.00560707 -0.00327946 -0.99997890
vn -0.17976870 0.73315360 -0.65587280
vn -0.00561610 0.04214016 -0.99909590
vn 0.25336600 -0.00329033 -0.96736480
vn -0.00382455 0.73316110 -0.68004420
vn 0.25316210 0.04212883 -0.96650620
vn 0.49513180 -0.00332530 -0.86881150
vn 0.17238020 0.73315400 -0.65785280
vn 0.49469100 0.04209352 -0.86804880
vn 0.70312520 -0.00338022 -0.71105810
vn 0.33683660 0.73313110 -0.59081290
vn 0.70250450 0.04203720 -0.71043670
vn 0.47833820 0.73309360 -0.48349380
vn -0.00628042 0.99997820 0.00205369
vn -0.00650816 0.99997880 0.00036944
vn -0.00629275 0.99997940 -0.00131645
vn -0.00564817 0.99997990 -0.00288892
vn -0.00562455 0.99997770 0.00362152
vn -0.00458480 0.99997720 0.00496599
vn -0.70305640 0.01056081 0.71105560
vn -0.86313420 0.01063222 0.50486270
vn -0.49517350 0.01050583 0.86873060
vn -0.00322150 0.99997690 0.00600208
vn -0.00461863 0.99998030 -0.00424123
vn -0.86881830 0.01097797 -0.49500930
vn -0.71105190 0.01104926 -0.70305270
vn -0.00327404 0.99998070 -0.00528090
vn -0.50491230 0.01110426 -0.86309930
vn -0.00170605 0.99998090 -0.00593626
vn -0.00163539 0.99997660 0.00664736
vn -0.00002194 0.99998100 -0.00616424
vn 0.00002576 0.99997650 0.00685624
vn 0.00166386 0.99998090 -0.00594889
vn 0.00171000 0.99997660 0.00662807
vn 0.00323631 0.99998070 -0.00530431
vn 0.00327797 0.99997690 0.00597206
vn 0.00458913 0.99998030 -0.00427526
vn 0.49501280 0.01110473 -0.86881460
vn 0.70305620 0.01104906 -0.71104850
vn 0.00562861 0.99997990 -0.00293063
vn 0.86313410 0.01097750 -0.50485550
vn 0.00462243 0.99997720 0.00493241
vn 0.71105220 0.01056071 0.70306000
vn 0.50485960 0.01050558 0.86313760
vn 0.86878800 0.01063248 0.49507010
vn 0.00565196 0.99997760 0.00358006
vn 0.00628439 0.99997940 -0.00136258
vn 0.00629658 0.99997820 0.00200748
vn 0.00651214 0.99997880 0.00032170
vn 0.86320240 -0.00345146 -0.50484620
vn 0.86244670 0.04196679 -0.50440530
vn 0.96444470 -0.00353565 -0.26426120
vn 0.58724180 0.73304520 -0.34320810
vn 0.96361420 0.04183308 -0.26400310
vn 0.99997760 -0.00362579 -0.00564063
vn 0.65612700 0.73298790 -0.17951630
vn 0.99911270 0.04174215 -0.00560448
vn 0.96735580 -0.00371541 0.25339490
vn 0.68029980 0.73292520 -0.00357203
vn 0.96652040 0.04170517 0.25317800
vn 0.86881050 -0.00379768 0.49513000
vn 0.65810870 0.73286500 0.17263190
vn 0.86806730 0.04157145 0.49470290
vn 0.71105660 -0.00386876 0.70312420
vn 0.59106860 0.73280940 0.33708800
vn 0.71045300 0.04149890 0.70252000
vn 0.48374940 0.73276100 0.47858930
vn 0.50484540 -0.00392370 0.86320080
vn 0.71105660 -0.00386876 0.70312420
vn 0.71045300 0.04149890 0.70252000
vn 0.50442210 0.04149606 0.86245950
vn 0.48374940 0.73276100 0.47858930
vn 0.26422980 -0.00395816 0.96445160
vn 0.34344430 0.73275860 0.58746120
vn 0.26401620 0.04141036 0.96362890
vn 0.00567073 -0.00396991 0.99997600
vn 0.17977100 0.73269990 0.65637890
vn 0.00561994 0.04145152 0.99912470
vn -0.25339780 -0.00395840 0.96735410
vn 0.00382946 0.73269160 0.68055010
vn -0.25316360 0.04141045 0.96653680
vn -0.49513390 -0.00392365 0.86880790
vn -0.17237720 0.73269920 0.65836010
vn -0.49468830 0.04149695 0.86807920
vn -0.70312630 -0.00386879 0.71105440
vn -0.33683400 0.73272360 0.59131970
vn -0.70250290 0.04155199 0.71046680
vn -0.47833460 0.73276230 0.48399950
vn -0.86320240 -0.00379709 0.50484360
vn -0.86244770 0.04157008 0.50443630
vn -0.96445300 -0.00371385 0.26422820
vn -0.58723840 0.73281040 0.34371480
vn -0.96361420 0.04165239 0.26403160
vn -0.99997770 -0.00362461 0.00560609
vn -0.65612320 0.73286720 0.18002230
vn -0.99911240 0.04174318 0.00563261
vn -0.96735550 -0.00353547 -0.25339830
vn -0.68029570 0.73292640 0.00407901
vn -0.96652320 0.04183174 -0.25314590
vn -0.86880990 -0.00345236 -0.49513380
vn -0.65810700 0.73298600 -0.17212390
vn -0.86806390 0.04196653 -0.49467570
vn -0.71105640 -0.00338103 -0.70312680
vn -0.59106480 0.73304550 -0.33658080
vn -0.71045040 0.04203860 -0.70249060
vn -0.48374390 0.73309480 -0.47808360
vn 0.00636321 -0.02564391 -0.99965100
vn -0.46885780 0.75617870 -0.45647140
vn -0.49204210 0.74975620 -0.44244790
vn 0.10110880 0.07271379 -0.99221450
vn 0.41889090 -0.68733720 -0.59337840
vn -0.38679630 0.80706550 -0.44613190
vn 0.52087240 -0.63710670 -0.56814340
vn 0.36487980 0.33687040 -0.86797530
vn -0.30700620 0.87924700 -0.36424150
vn 0.76479560 -0.45808200 -0.45304370
vn 0.51892940 0.47622860 -0.70987220
vn 0.84458710 -0.38590220 -0.37114970
vn -0.49204210 0.74975620 -0.44244790
vn -0.56566450 0.62546670 0.53741510
vn -0.46906680 0.67040180 0.57492410
vn -0.46885780 0.75617870 -0.45647140
vn -0.76565900 0.48674550 0.42052950
vn -0.38679630 0.80706550 -0.44613190
vn -0.83966690 0.41979630 0.34457320
vn -0.30700620 0.87924700 -0.36424150
vn -0.00290611 -0.04196390 0.99911490
vn 0.48054110 -0.78741950 0.38607120
vn 0.49308840 -0.79411280 0.35531480
vn -0.10162020 -0.12007400 0.98755030
vn -0.46906680 0.67040180 0.57492410
vn 0.41508090 -0.81041710 0.41343930
vn -0.56566450 0.62546670 0.53741510
vn -0.36487670 -0.33687480 0.86797480
vn 0.34107150 -0.87736740 0.33748590
vn -0.76565900 0.48674550 0.42052950
vn -0.51892500 -0.47623360 0.70987210
vn -0.83966690 0.41979630 0.34457320
vn 0.49308840 -0.79411280 0.35531480
vn 0.52087240 -0.63710670 -0.56814340
vn 0.41889090 -0.68733720 -0.59337840
vn 0.48054110 -0.78741950 0.38607120
vn 0.76479560 -0.45808200 -0.45304370
vn 0.41508090 -0.81041710 0.41343930
vn 0.84458710 -0.38590220 -0.37114970
vn 0.34107150 -0.87736740 0.33748590
vn 0.51892940 0.47622860 -0.70987220
vn -0.24552890 0.93462240 -0.25728710
vn -0.30700620 0.87924700 -0.36424150
vn 0.63761440 0.58313180 -0.50339370
vn 0.84458710 -0.38590220 -0.37114970
vn 0.90606180 -0.33053220 -0.26419800
vn -0.30700620 0.87924700 -0.36424150
vn -0.24552890 0.93462240 -0.25728710
vn -0.89668360 0.36843970 0.24537890
vn -0.83966690 0.41979630 0.34457320
vn -0.83966690 0.41979630 0.34457320
vn -0.89668360 0.36843970 0.24537890
vn -0.63760980 -0.58313850 0.50339170
vn -0.51892500 -0.47623360 0.70987210
vn 0.28405290 -0.92872580 0.23829040
vn 0.34107150 -0.87736740 0.33748590
vn 0.34107150 -0.87736740 0.33748590
vn 0.28405290 -0.92872580 0.23829040
vn 0.90606180 -0.33053220 -0.26419800
vn 0.84458710 -0.38590220 -0.37114970
vn 0.63761440 0.58313180 -0.50339370
vn -0.20655940 0.96941200 -0.13256550
vn -0.24552890 0.93462240 -0.25728710
vn 0.71284690 0.65029780 -0.26260640
vn 0.90606180 -0.33053220 -0.26419800
vn -0.19275320 0.98124630 0.00142423
vn 0.94503190 -0.29573690 -0.13947860
vn 0.73950240 0.67314240 -0.00392579
vn -0.20505010 0.96931920 0.13555330
vn 0.95883770 -0.28390190 -0.00549001
vn 0.71575930 0.65011720 0.25502200
vn 0.94654020 -0.29582670 0.12863890
vn -0.24552890 0.93462240 -0.25728710
vn -0.93282620 0.33617280 0.12970460
vn -0.89668360 0.36843970 0.24537890
vn -0.20655940 0.96941200 -0.13256550
vn -0.94563060 0.32519720 0.00543365
vn -0.19275320 0.98124630 0.00142423
vn -0.93422580 0.33625630 -0.11897000
vn -0.20505010 0.96931920 0.13555330
vn -0.63760980 -0.58313850 0.50339170
vn 0.24791370 -0.96099150 0.12261370
vn 0.28405290 -0.92872580 0.23829040
vn -0.71284160 -0.65030320 0.26260700
vn -0.89668360 0.36843970 0.24537890
vn 0.23511190 -0.97196690 -0.00165809
vn -0.93282620 0.33617280 0.12970460
vn -0.73949750 -0.67314790 0.00392538
vn 0.24651580 -0.96090560 -0.12605740
vn -0.94563060 0.32519720 0.00543365
vn -0.71575470 -0.65012210 -0.25502200
vn -0.93422580 0.33625630 -0.11897000
vn 0.28405290 -0.92872580 0.23829040
vn 0.94503190 -0.29573690 -0.13947860
vn 0.90606180 -0.33053220 -0.26419800
vn 0.24791370 -0.96099150 0.12261370
vn 0.95883770 -0.28390190 -0.00549001
vn 0.23511190 -0.97196690 -0.00165809
vn 0.94654020 -0.29582670 0.12863890
vn 0.24651580 -0.96090560 -0.12605740
vn 0.71575930 0.65011720 0.25502200
vn -0.24261700 0.93444230 0.26068090
vn -0.20505010 0.96931920 0.13555330
vn 0.64323620 0.58278670 0.49659530
vn 0.94654020 -0.29582670 0.12863890
vn -0.30288960 0.87899280 0.36827930
vn 0.90897650 -0.33070350 0.25376520
vn 0.52688000 0.47574170 0.70432050
vn 0.84870750 -0.38615280 0.36136070
vn -0.20505010 0.96931920 0.13555330
vn -0.89938370 0.36860470 -0.23503100
vn -0.93422580 0.33625630 -0.11897000
vn -0.24261700 0.93444230 0.26068090
vn -0.84348850 0.42002840 -0.33481820
vn -0.30288960 0.87899280 0.36827930
vn -0.77034040 0.48703040 -0.41155420
vn -0.38175420 0.80675380 0.45101230
vn -0.71575470 -0.65012210 -0.25502200
vn 0.28135170 -0.92855970 -0.24211200
vn 0.24651580 -0.96090560 -0.12605740
vn -0.64323480 -0.58279150 -0.49659140
vn -0.93422580 0.33625630 -0.11897000
vn 0.33724900 -0.87713290 -0.34190780
vn -0.89938370 0.36860470 -0.23503100
vn -0.52687940 -0.47574360 -0.70431970
vn -0.84348850 0.42002840 -0.33481820
vn 0.24651580 -0.96090560 -0.12605740
vn 0.90897650 -0.33070350 0.25376520
vn 0.94654020 -0.29582670 0.12863890
vn 0.28135170 -0.92855970 -0.24211200
vn 0.84870750 -0.38615280 0.36136070
vn 0.33724900 -0.87713290 -0.34190780
vn 0.76984040 -0.45839340 0.44409600
vn 0.41039770 -0.81013150 -0.41864140
vn 0.52688000 0.47574170 0.70432050
vn -0.38175420 0.80675380 0.45101230
vn -0.30288960 0.87899280 0.36827930
vn 0.37462060 0.33627270 0.86404870
vn 0.84870750 -0.38615280 0.36136070
vn 0.76984040 -0.45839340 0.44409600
vn -0.84348850 0.42002840 -0.33481820
vn -0.77034040 0.48703040 -0.41155420
vn -0.37461850 -0.33627690 -0.86404790
vn -0.52687940 -0.47574360 -0.70431970
vn 0.41039770 -0.81013150 -0.41864140
vn 0.33724900 -0.87713290 -0.34190780
vn 0.37462060 0.33627270 0.86404870
vn -0.47672810 0.74172010 0.47178550
vn -0.38175420 0.80675380 0.45101230
vn 0.16487960 0.09581289 0.98164890
vn 0.76984040 -0.45839340 0.44409600
vn -0.51055780 0.72475110 0.46267310
vn 0.59020000 -0.61441400 0.52360210
vn 0.08803876 -0.00225316 0.99611450
vn 0.51457510 -0.66583870 0.54025110
vn -0.38175420 0.80675380 0.45101230
vn -0.47672810 0.74172010 0.47178550
vn -0.63330670 0.59494210 -0.49494100
vn -0.77034040 0.48703040 -0.41155420
vn -0.37461850 -0.33627690 -0.86404790
vn 0.48838680 -0.77155560 -0.40765210
vn 0.41039770 -0.81013150 -0.41864140
vn -0.15679060 -0.14377790 -0.97711040
vn -0.77034040 0.48703040 -0.41155420
vn 0.50898450 -0.77040390 -0.38394350
vn -0.63330670 0.59494210 -0.49494100
vn -0.07435419 -0.07242889 -0.99459820
vn -0.57034620 0.63368680 -0.52263390
vn 0.41039770 -0.81013150 -0.41864140
vn 0.59020000 -0.61441400 0.52360210
vn 0.76984040 -0.45839340 0.44409600
vn 0.48838680 -0.77155560 -0.40765210
vn 0.51457510 -0.66583870 0.54025110
vn 0.50898450 -0.77040390 -0.38394350
vn -0.47672810 0.74172010 0.47178550
vn -0.51055780 0.72475110 0.46267310
vn -0.57034620 0.63368680 -0.52263390
vn -0.63330670 0.59494210 -0.49494100
vn -0.24338350 0.87627010 -0.41583060
vn 0.34344430 0.73275860 0.58746120
vn 0.48374940 0.73276100 0.47858930
vn -0.34279370 0.87624370 -0.33865840
vn -0.12738670 0.87628690 -0.46464400
vn 0.59106860 0.73280940 0.33708800
vn 0.17977100 0.73269990 0.65637890
vn -0.41884180 0.87620980 -0.23838630
vn -0.00271699 0.87629290 -0.48177100
vn 0.65810870 0.73286500 0.17263190
vn 0.00382946 0.73269160 0.68055010
vn -0.46634580 0.87617040 -0.12184850
vn 0.12215360 0.87628780 -0.46604540
vn 0.68029980 0.73292520 -0.00357203
vn -0.17237720 0.73269920 0.65836010
vn -0.48206960 0.87612770 0.00302123
vn 0.23869130 0.87627020 -0.41854150
vn 0.65612700 0.73298790 -0.17951630
vn -0.33683400 0.73272360 0.59131970
vn -0.46494430 0.87608320 0.12769050
vn 0.33895810 0.87624330 -0.34249850
vn 0.58724180 0.73304520 -0.34320810
vn -0.47833460 0.73276230 0.48399950
vn -0.41613290 0.87604210 0.24368720
vn 0.41613630 0.87620870 -0.24308220
vn 0.47833820 0.73309360 -0.48349380
vn -0.58723840 0.73281040 0.34371480
vn -0.33896200 0.87600730 0.34309770
vn 0.46495010 0.87616820 -0.12708550
vn 0.33683660 0.73313110 -0.59081290
vn -0.65612320 0.73286720 0.18002230
vn -0.23868960 0.87598120 0.41914710
vn 0.48207510 0.87612660 -0.00240800
vn 0.17238020 0.73315400 -0.65785280
vn -0.68029570 0.73292640 0.00407901
vn -0.12214950 0.87596540 0.46665210
vn 0.46634980 0.87608370 0.12245480
vn -0.00382455 0.73316110 -0.68004420
vn -0.65810700 0.73298600 -0.17212390
vn 0.00271271 0.87596050 0.48237520
vn 0.41884690 0.87604220 0.23899220
vn -0.17976870 0.73315360 -0.65587280
vn -0.59106480 0.73304550 -0.33658080
vn 0.12739020 0.87596540 0.46524860
vn 0.34279790 0.87600770 0.33926410
vn -0.34345900 0.73313090 -0.58698820
vn -0.48374390 0.73309480 -0.47808360
vn 0.24339400 0.87598120 0.41643280
vt 0.48341360 0.52392850
vt 0.48341360 0.54557920
vt 0.41547360 0.54557920
vt 0.41223840 0.52392850
vt 0.48341360 0.50227790
vt 0.35216360 0.54557920
vt 0.41547360 0.50227790
vt 0.34591360 0.52392850
vt 0.29779800 0.54557920
vt 0.35216360 0.50227790
vt 0.28895930 0.52392850
vt 0.29779800 0.50227790
vt 0.48341360 0.48357800
vt 0.48341360 0.45857800
vt 0.42194410 0.45048540
vt 0.41547360 0.47463350
vt 0.36466360 0.42675900
vt 0.35216360 0.44840970
vt 0.31547570 0.38901580
vt 0.29779800 0.40669350
vt 0.48341360 0.52392850
vt 0.48341360 0.50227790
vt 0.42194410 0.50227790
vt 0.42517940 0.52392850
vt 0.48341360 0.54557920
vt 0.36466360 0.50227790
vt 0.42194410 0.54557920
vt 0.37091360 0.52392850
vt 0.31547570 0.50227790
vt 0.36466360 0.54557920
vt 0.32431450 0.52392850
vt 0.31547570 0.54557920
vt 0.48341360 0.45857800
vt 0.48341360 0.48357800
vt 0.41547360 0.47463350
vt 0.42194410 0.45048540
vt 0.35216360 0.44840970
vt 0.36466360 0.42675900
vt 0.29779800 0.40669350
vt 0.31547570 0.38901580
vt 0.38688190 0.52392850
vt 0.37804310 0.54557920
vt 0.32367770 0.54557920
vt 0.32992770 0.52392850
vt 0.37804310 0.50227790
vt 0.32367770 0.50227790
vt 0.49779800 0.40669350
vt 0.51547570 0.38901580
vt 0.47773260 0.33982800
vt 0.45608190 0.35232800
vt 0.36036550 0.54557920
vt 0.30492770 0.52392850
vt 0.31117770 0.54557920
vt 0.35152660 0.52392850
vt 0.31117770 0.50227790
vt 0.36036550 0.50227790
vt 0.51547570 0.38901580
vt 0.49779800 0.40669350
vt 0.45608190 0.35232800
vt 0.47773260 0.33982800
vt 0.52992770 0.52392850
vt 0.52367770 0.54557920
vt 0.46036760 0.54557920
vt 0.46360280 0.52392850
vt 0.52367770 0.50227790
vt 0.39242770 0.54557920
vt 0.46036760 0.50227790
vt 0.39242770 0.52392850
vt 0.32448770 0.54557920
vt 0.39242770 0.50227790
vt 0.32125240 0.52392850
vt 0.32448770 0.50227790
vt 0.45608190 0.55232810
vt 0.47773260 0.53982810
vt 0.45400620 0.48254750
vt 0.42985800 0.48901800
vt 0.44591360 0.42107800
vt 0.42091360 0.42107800
vt 0.45400620 0.35960850
vt 0.42985800 0.35313790
vt 0.50492770 0.52392850
vt 0.51117770 0.50227790
vt 0.45389710 0.50227790
vt 0.45066190 0.52392850
vt 0.51117770 0.54557920
vt 0.39242770 0.50227790
vt 0.45389710 0.54557920
vt 0.39242770 0.52392850
vt 0.33095810 0.50227790
vt 0.39242770 0.54557920
vt 0.33419330 0.52392850
vt 0.33095810 0.54557920
vt 0.47773260 0.53982810
vt 0.45608190 0.55232810
vt 0.42985800 0.48901800
vt 0.45400620 0.48254750
vt 0.42091360 0.42107800
vt 0.44591360 0.42107800
vt 0.42985800 0.35313790
vt 0.45400620 0.35960850
vt 0.52125250 0.52392850
vt 0.52448770 0.54557920
vt 0.46117770 0.54557920
vt 0.45492770 0.52392850
vt 0.52448770 0.50227790
vt 0.40681220 0.54557920
vt 0.46117770 0.50227790
vt 0.39797330 0.52392850
vt 0.40681220 0.50227790
vt 0.42985800 0.55313800
vt 0.45400620 0.55960860
vt 0.47773250 0.50232800
vt 0.45608190 0.48982800
vt 0.51547570 0.45314020
vt 0.49779800 0.43546250
vt 0.56466360 0.41539700
vt 0.55216360 0.39374630
vt 0.53419340 0.52392850
vt 0.53095810 0.50227790
vt 0.47367770 0.50227790
vt 0.47992770 0.52392850
vt 0.53095810 0.54557920
vt 0.42448990 0.50227790
vt 0.47367770 0.54557920
vt 0.43332860 0.52392850
vt 0.42448990 0.54557920
vt 0.45400620 0.55960860
vt 0.42985800 0.55313800
vt 0.45608190 0.48982800
vt 0.47773250 0.50232800
vt 0.49779800 0.43546250
vt 0.51547570 0.45314020
vt 0.55216360 0.39374630
vt 0.56466360 0.41539700
vt 0.48895920 0.52392850
vt 0.49779800 0.54557920
vt 0.55216360 0.54557920
vt 0.54591360 0.52392850
vt 0.49779800 0.50227790
vt 0.55216360 0.50227790
vt 0.51547570 0.54557920
vt 0.57091360 0.52392850
vt 0.56466360 0.54557920
vt 0.52431450 0.52392850
vt 0.56466360 0.50227790
vt 0.51547570 0.50227790
vt 0.34591360 0.52392850
vt 0.35216360 0.54557920
vt 0.41547360 0.54557920
vt 0.41223830 0.52392850
vt 0.35216360 0.50227790
vt 0.48341360 0.54557920
vt 0.41547360 0.50227790
vt 0.48341360 0.52392850
vt 0.48341360 0.50227790
vt 0.35216360 0.39374630
vt 0.36466360 0.41539700
vt 0.42194400 0.39167060
vt 0.41547360 0.36752250
vt 0.37091360 0.52392850
vt 0.36466360 0.50227790
vt 0.42194400 0.50227790
vt 0.42517920 0.52392850
vt 0.36466360 0.54557920
vt 0.48341360 0.50227790
vt 0.42194400 0.54557920
vt 0.48341360 0.52392850
vt 0.48341360 0.54557920
vt 0.36466360 0.41539700
vt 0.35216360 0.39374630
vt 0.41547360 0.36752250
vt 0.42194400 0.39167060
vt 0.48341360 0.35857800
vt 0.48341360 0.38357800
vt 0.41547360 0.56752250
vt 0.42194400 0.59167060
vt 0.48341360 0.58357800
vt 0.48341360 0.55857800
vt 1.25000000 0.27028470
vt 1.56066000 0.27028470
vt 1.56066000 4.35951700
vt 1.25000000 4.35951700
vt 0.88822870 0.27028470
vt 1.21596900 0.18631440
vt 0.88822870 4.35951700
vt 0.87061300 0.18631440
vt 0.50000000 0.27028470
vt 0.50000000 4.35951700
vt 0.50000000 0.18631440
vt 0.11177040 0.27028470
vt 0.11177040 4.35951700
vt 0.12938590 0.18631440
vt -0.25000090 0.27028470
vt -0.21597010 0.18631440
vt -0.25000090 4.35951700
vt -0.56066080 0.27028470
vt -0.56066080 4.35951700
vt 1.25000000 4.35951700
vt 1.25000000 0.27028470
vt 0.88822870 4.35951700
vt 0.88822870 0.27028470
vt 0.50000020 4.35951700
vt 0.87061300 0.18631440
vt 1.21596900 0.18631440
vt 0.50000020 0.18631440
vt 0.50000020 0.27028470
vt 0.11177160 4.35951700
vt 0.12938720 0.18631440
vt 0.11177160 0.27028470
vt -0.21596910 0.18631440
vt -0.24999980 4.35951700
vt -0.24999980 0.27028470
vt -0.56065990 4.35951700
vt -0.56065990 0.27028470
vt 1.56066000 0.27028470
vt 1.25000000 4.35951700
vt 1.56066000 4.35951700
vt 1.25000000 0.27028470
vt 0.88822900 4.35951700
vt 0.88822900 0.27028470
vt 0.50000050 4.35951700
vt 0.87061350 0.18631440
vt 1.21597000 0.18631440
vt 0.50000050 0.18631440
vt 0.50000050 0.27028470
vt 0.11177210 4.35951700
vt 0.12938760 0.18631440
vt 0.11177210 0.27028470
vt -0.21596870 0.18631440
vt -0.24999940 4.35951700
vt -0.24999940 0.27028470
vt -0.56065960 4.35951700
vt -0.56065960 0.27028470
vt -0.25000050 4.35951700
vt -0.25000050 0.27028470
vt 0.11177080 4.35951700
vt 0.11177080 0.27028470
vt 0.49999930 4.35951700
vt 0.12938650 0.18631440
vt -0.21596970 0.18631440
vt 0.49999930 0.18631440
vt 0.49999930 0.27028470
vt 0.88822780 4.35951700
vt 0.87061230 0.18631440
vt 0.88822780 0.27028470
vt 1.21596900 0.18631440
vt 1.24999900 4.35951700
vt 1.24999900 0.27028470
vt 1.56066000 4.35951700
vt 1.56066000 0.27028470
vt 1.25000000 -1.64048300
vt 1.57884600 -1.58807800
vt 1.56066000 -1.64048300
vt 1.26286000 -1.58807800
vt 1.55975000 -1.53090900
vt 0.88822900 -1.64048300
vt 1.24935600 -1.53090900
vt 0.89488550 -1.58807800
vt 0.50000050 -1.64048300
vt 0.88789570 -1.53090900
vt 0.50000050 -1.58807800
vt 0.11177210 -1.64048300
vt 0.50000050 -1.53090900
vt 0.10511570 -1.58807800
vt -0.24999940 -1.64048300
vt 0.11210550 -1.53090900
vt -0.26285850 -1.58807800
vt -0.56065960 -1.64048300
vt -0.24935540 -1.53090900
vt -0.57884510 -1.58807800
vt -0.55974890 -1.53090900
vt 1.88314700 -1.05571200
vt 1.93193900 -0.68509930
vt 1.88314700 -0.31448640
vt 1.74009500 -1.40106900
vt 1.74009500 0.03087008
vt 1.51253400 -1.69763200
vt 1.79903800 -1.43509900
vt 1.56066000 -1.74575900
vt 1.21597000 -1.92519400
vt 1.25000000 -1.98413700
vt 1.51253400 0.32743420
vt 1.56066000 0.37556090
vt 1.79903800 0.06490064
vt 1.25000000 0.61393880
vt 1.21596900 0.55499580
vt 0.87061350 -2.06824600
vt 0.87061300 0.69804720
vt 0.50000050 -2.11703800
vt 0.50000000 0.74683940
vt 0.12938760 -2.06824600
vt 0.12938590 0.69804680
vt -0.21596870 -1.92519500
vt -0.21597010 0.55499550
vt -0.51253290 -1.69763400
vt -0.24999940 -1.98413800
vt -0.56065960 -1.74576000
vt -0.74009500 -1.40106900
vt -0.79903780 -1.43510000
vt -0.51253410 0.32743350
vt -0.56066080 0.37556020
vt -0.25000090 0.61393830
vt -0.79903850 0.06489992
vt -0.74009560 0.03086936
vt -0.88314630 -1.05571300
vt -0.88314680 -0.31448710
vt -0.93193860 -0.68510010
vt -0.25000050 -1.64048300
vt -0.26285960 -1.58807800
vt -0.55975000 -1.53090900
vt 0.11177080 -1.64048300
vt -0.24935640 -1.53090900
vt 0.10511450 -1.58807800
vt 0.49999930 -1.64048300
vt 0.11210420 -1.53090900
vt 0.49999930 -1.58807800
vt 0.88822780 -1.64048300
vt 0.49999930 -1.53090900
vt 0.89488410 -1.58807800
vt 1.24999900 -1.64048300
vt 0.88789450 -1.53090900
vt 1.26285800 -1.58807800
vt 1.56066000 -1.64048300
vt 1.24935500 -1.53090900
vt 1.57884500 -1.58807800
vt 1.55974900 -1.53090900
vt -0.25000090 -1.64048300
vt -0.57884650 -1.58807800
vt -0.56066080 -1.64048300
vt -0.26286010 -1.58807800
vt -0.55975010 -1.53090900
vt 0.11177040 -1.64048300
vt -0.24935690 -1.53090900
vt 0.10511390 -1.58807800
vt 0.50000000 -1.64048300
vt 0.11210380 -1.53090900
vt 0.50000000 -1.58807800
vt 0.88822870 -1.64048300
vt 0.50000000 -1.53090900
vt 0.89488500 -1.58807800
vt 1.25000000 -1.64048300
vt 0.88789520 -1.53090900
vt 1.26285900 -1.58807800
vt 1.56066000 -1.64048300
vt 1.24935600 -1.53090900
vt 1.57884600 -1.58807800
vt 1.55974900 -1.53090900
vt 1.25000000 -1.64048300
vt 1.26285900 -1.58807800
vt 0.88822870 -1.64048300
vt 1.24935600 -1.53090900
vt 0.89488500 -1.58807800
vt 0.50000020 -1.64048300
vt 0.88789530 -1.53090900
vt 0.50000020 -1.58807800
vt 0.11177160 -1.64048300
vt 0.50000020 -1.53090900
vt 0.10511520 -1.58807800
vt -0.24999980 -1.64048300
vt 0.11210500 -1.53090900
vt -0.26285890 -1.58807800
vt -0.56065990 -1.64048300
vt -0.24935570 -1.53090900
vt -0.57884550 -1.58807800
vt -0.55974910 -1.53090900
vt 1.22650400 0.28638920
vt 1.52749100 4.37019900
vt 1.52743200 0.28638920
vt 1.22654600 4.37019900
vt 0.87606610 0.28638920
vt 1.20385600 0.23193070
vt 0.87608770 4.37019900
vt 0.86434230 0.23193070
vt 0.50000000 0.28638920
vt 0.50000000 4.37019900
vt 0.50000000 0.23193070
vt 0.12393290 0.28638920
vt 0.12391120 4.37019900
vt 0.13565650 0.23193070
vt -0.22650470 0.28638920
vt -0.20385630 0.23193070
vt -0.22654660 4.37019900
vt -0.52743220 0.28638920
vt -0.52749160 4.37019900
vt 1.22654600 4.37019900
vt 1.22650400 0.28638920
vt 0.87608790 4.37019900
vt 0.87606610 0.28638920
vt 0.50000020 4.37019900
vt 0.86434250 0.23193070
vt 1.20385600 0.23193070
vt 0.50000020 0.23193070
vt 0.50000020 0.28638920
vt 0.12391250 4.37019900
vt 0.13565770 0.23193070
vt 0.12393410 0.28638920
vt -0.20385540 0.23193070
vt -0.22654550 4.37019900
vt -0.22650360 0.28638920
vt -0.52749060 4.37019900
vt -0.52743120 0.28638920
vt 1.52743200 0.28638920
vt 1.52749100 4.37019900
vt 1.22654600 4.37019900
vt 1.22650400 0.28638920
vt 0.87608830 4.37019900
vt 0.87606640 0.28638920
vt 0.50000050 4.37019900
vt 0.86434290 0.23193070
vt 1.20385600 0.23193070
vt 0.50000050 0.23193070
vt 0.50000050 0.28638920
vt 0.12391280 4.37019900
vt 0.13565810 0.23193070
vt 0.12393460 0.28638920
vt -0.20385500 0.23193070
vt -0.22654520 4.37019900
vt -0.22650310 0.28638920
vt -0.52749040 4.37019900
vt -0.52743100 0.28638920
vt -0.22654620 4.37019900
vt -0.22650420 0.28638920
vt 0.12391160 4.37019900
vt 0.12393340 0.28638920
vt 0.49999930 4.37019900
vt 0.13565700 0.23193070
vt -0.20385600 0.23193070
vt 0.49999940 0.23193070
vt 0.49999930 0.28638920
vt 0.87608700 4.37019900
vt 0.86434180 0.23193070
vt 0.87606540 0.28638920
vt 1.20385500 0.23193070
vt 1.22654500 4.37019900
vt 1.22650300 0.28638920
vt 1.52749000 4.37019900
vt 1.52743100 0.28638920
vt 1.22654600 -1.62980100
vt 1.52749100 -1.62980100
vt 1.51678900 -1.58770700
vt 1.21897900 -1.58770700
vt 1.52980900 -1.55091100
vt 0.87608830 -1.62980100
vt 1.22818500 -1.55091100
vt 0.87217100 -1.58770700
vt 0.50000050 -1.62980100
vt 0.87693690 -1.55091100
vt 0.50000050 -1.58770700
vt 0.12391280 -1.62980100
vt 0.50000050 -1.55091100
vt 0.12783010 -1.58770700
vt -0.22654520 -1.62980100
vt 0.12306420 -1.55091100
vt -0.21897770 -1.58770700
vt -0.52749040 -1.62980100
vt -0.22818460 -1.55091100
vt -0.51678850 -1.58770700
vt -0.52980880 -1.55091100
vt 1.85974400 -0.32075680
vt 1.90771100 -0.68509930
vt 1.85974500 -1.04944200
vt 1.71911400 -1.38895500
vt 1.71911400 0.01875627
vt 1.49540200 0.31030270
vt 1.52743200 0.34233220
vt 1.75834200 0.04140449
vt 1.22650400 0.57324220
vt 1.20385600 0.53401420
vt 1.49540200 -1.68050100
vt 1.75834200 -1.41160300
vt 1.52743200 -1.71253100
vt 1.20385600 -1.90421300
vt 1.22650400 -1.94344100
vt 0.86434290 -2.04484400
vt 0.86434230 0.67464510
vt 0.50000050 -2.09281000
vt 0.50000000 0.72261170
vt 0.13565810 -2.04484400
vt 0.13565650 0.67464490
vt -0.20385500 -1.90421300
vt -0.20385630 0.53401380
vt -0.49540160 -1.68050200
vt -0.22650310 -1.94344100
vt -0.52743100 -1.71253100
vt -0.71911330 -1.38895500
vt -0.75834120 -1.41160400
vt -0.49540270 0.31030200
vt -0.52743220 0.34233150
vt -0.22650470 0.57324170
vt -0.75834190 0.04140377
vt -0.71911390 0.01875556
vt -0.85974430 -1.04944200
vt -0.85974470 -0.32075750
vt -0.90771100 -0.68510010
vt -0.22654620 -1.62980100
vt -0.21897880 -1.58770700
vt 0.12391160 -1.62980100
vt -0.22818560 -1.55091100
vt 0.12782890 -1.58770700
vt 0.49999930 -1.62980100
vt 0.12306310 -1.55091100
vt 0.49999940 -1.58770700
vt 0.87608700 -1.62980100
vt 0.49999930 -1.55091100
vt 0.87216970 -1.58770700
vt 1.22654500 -1.62980100
vt 0.87693570 -1.55091100
vt 1.21897800 -1.58770700
vt 1.52749000 -1.62980100
vt 1.22818400 -1.55091100
vt 1.51678800 -1.58770700
vt 1.52980900 -1.55091100
vt -0.22654660 -1.62980100
vt -0.52749160 -1.62980100
vt -0.51678940 -1.58770700
vt -0.21897920 -1.58770700
vt -0.52981000 -1.55091100
vt 0.12391120 -1.62980100
vt -0.22818600 -1.55091100
vt 0.12782850 -1.58770700
vt 0.50000000 -1.62980100
vt 0.12306260 -1.55091100
vt 0.50000000 -1.58770700
vt 0.87608770 -1.62980100
vt 0.50000000 -1.55091100
vt 0.87217060 -1.58770700
vt 1.22654600 -1.62980100
vt 0.87693640 -1.55091100
vt 1.21897800 -1.58770700
vt 1.52749100 -1.62980100
vt 1.22818500 -1.55091100
vt 1.51678900 -1.58770700
vt 1.52980900 -1.55091100
vt 1.22654600 -1.62980100
vt 1.21897800 -1.58770700
vt 0.87608790 -1.62980100
vt 1.22818500 -1.55091100
vt 0.87217060 -1.58770700
vt 0.50000020 -1.62980100
vt 0.87693640 -1.55091100
vt 0.50000020 -1.58770700
vt 0.12391250 -1.62980100
vt 0.50000020 -1.55091100
vt 0.12782960 -1.58770700
vt -0.22654550 -1.62980100
vt 0.12306380 -1.55091100
vt -0.21897800 -1.58770700
vt -0.52749060 -1.62980100
vt -0.22818490 -1.55091100
vt -0.51678860 -1.58770700
vt -0.52980900 -1.55091100
vt 0.48341360 0.52392850
vt 0.41547360 0.54557920
vt 0.48341360 0.54557920
vt 0.41223840 0.52392850
vt 0.48341360 0.50227790
vt 0.35216360 0.54557920
vt 0.41547360 0.50227790
vt 0.34591360 0.52392850
vt 0.29779800 0.54557920
vt 0.35216360 0.50227790
vt 0.28895930 0.52392850
vt 0.29779800 0.50227790
vt 0.48341360 0.48357800
vt 0.42194410 0.45048540
vt 0.48341360 0.45857800
vt 0.41547360 0.47463350
vt 0.36466360 0.42675900
vt 0.35216360 0.44840970
vt 0.31547570 0.38901580
vt 0.29779800 0.40669350
vt 0.48341360 0.52392850
vt 0.42194410 0.50227790
vt 0.48341360 0.50227790
vt 0.42517940 0.52392850
vt 0.48341360 0.54557920
vt 0.36466360 0.50227790
vt 0.42194410 0.54557920
vt 0.37091360 0.52392850
vt 0.31547570 0.50227790
vt 0.36466360 0.54557920
vt 0.32431450 0.52392850
vt 0.31547570 0.54557920
vt 0.48341360 0.45857800
vt 0.41547360 0.47463350
vt 0.48341360 0.48357800
vt 0.42194410 0.45048540
vt 0.35216360 0.44840970
vt 0.36466360 0.42675900
vt 0.29779800 0.40669350
vt 0.31547570 0.38901580
vt 0.38688190 0.52392850
vt 0.32367770 0.54557920
vt 0.37804310 0.54557920
vt 0.32992770 0.52392850
vt 0.37804310 0.50227790
vt 0.32367770 0.50227790
vt 0.49779800 0.40669350
vt 0.45608190 0.35232800
vt 0.47773260 0.33982800
vt 0.51547570 0.38901580
vt 0.36036550 0.54557920
vt 0.31117770 0.54557920
vt 0.30492770 0.52392850
vt 0.35152660 0.52392850
vt 0.31117770 0.50227790
vt 0.36036550 0.50227790
vt 0.51547570 0.38901580
vt 0.47773260 0.33982800
vt 0.45608190 0.35232800
vt 0.49779800 0.40669350
vt 0.52992770 0.52392850
vt 0.46036760 0.54557920
vt 0.52367770 0.54557920
vt 0.46360280 0.52392850
vt 0.52367770 0.50227790
vt 0.39242770 0.54557920
vt 0.46036760 0.50227790
vt 0.39242770 0.52392850
vt 0.32448770 0.54557920
vt 0.39242770 0.50227790
vt 0.32125240 0.52392850
vt 0.32448770 0.50227790
vt 0.45608190 0.55232810
vt 0.45400620 0.48254750
vt 0.47773260 0.53982810
vt 0.42985800 0.48901800
vt 0.44591360 0.42107800
vt 0.42091360 0.42107800
vt 0.45400620 0.35960850
vt 0.42985800 0.35313790
vt 0.50492770 0.52392850
vt 0.45389710 0.50227790
vt 0.51117770 0.50227790
vt 0.45066190 0.52392850
vt 0.51117770 0.54557920
vt 0.39242770 0.50227790
vt 0.45389710 0.54557920
vt 0.39242770 0.52392850
vt 0.33095810 0.50227790
vt 0.39242770 0.54557920
vt 0.33419330 0.52392850
vt 0.33095810 0.54557920
vt 0.47773260 0.53982810
vt 0.42985800 0.48901800
vt 0.45608190 0.55232810
vt 0.45400620 0.48254750
vt 0.42091360 0.42107800
vt 0.44591360 0.42107800
vt 0.42985800 0.35313790
vt 0.45400620 0.35960850
vt 0.52125250 0.52392850
vt 0.46117770 0.54557920
vt 0.52448770 0.54557920
vt 0.45492770 0.52392850
vt 0.52448770 0.50227790
vt 0.40681220 0.54557920
vt 0.46117770 0.50227790
vt 0.39797330 0.52392850
vt 0.40681220 0.50227790
vt 0.42985800 0.55313800
vt 0.47773250 0.50232800
vt 0.45400620 0.55960860
vt 0.45608190 0.48982800
vt 0.51547570 0.45314020
vt 0.49779800 0.43546250
vt 0.56466360 0.41539700
vt 0.55216360 0.39374630
vt 0.53419340 0.52392850
vt 0.47367770 0.50227790
vt 0.53095810 0.50227790
vt 0.47992770 0.52392850
vt 0.53095810 0.54557920
vt 0.42448990 0.50227790
vt 0.47367770 0.54557920
vt 0.43332860 0.52392850
vt 0.42448990 0.54557920
vt 0.45400620 0.55960860
vt 0.45608190 0.48982800
vt 0.42985800 0.55313800
vt 0.47773250 0.50232800
vt 0.49779800 0.43546250
vt 0.51547570 0.45314020
vt 0.55216360 0.39374630
vt 0.56466360 0.41539700
vt 0.48895920 0.52392850
vt 0.55216360 0.54557920
vt 0.49779800 0.54557920
vt 0.54591360 0.52392850
vt 0.49779800 0.50227790
vt 0.55216360 0.50227790
vt 0.51547570 0.54557920
vt 0.56466360 0.54557920
vt 0.57091360 0.52392850
vt 0.52431450 0.52392850
vt 0.56466360 0.50227790
vt 0.51547570 0.50227790
vt 0.34591360 0.52392850
vt 0.41547360 0.54557920
vt 0.35216360 0.54557920
vt 0.41223830 0.52392850
vt 0.35216360 0.50227790
vt 0.48341360 0.54557920
vt 0.41547360 0.50227790
vt 0.48341360 0.52392850
vt 0.48341360 0.50227790
vt 0.35216360 0.39374630
vt 0.41547360 0.36752250
vt 0.42194400 0.39167060
vt 0.36466360 0.41539700
vt 0.37091360 0.52392850
vt 0.42194400 0.50227790
vt 0.36466360 0.50227790
vt 0.42517920 0.52392850
vt 0.36466360 0.54557920
vt 0.48341360 0.50227790
vt 0.42194400 0.54557920
vt 0.48341360 0.52392850
vt 0.48341360 0.54557920
vt 0.36466360 0.41539700
vt 0.41547360 0.36752250
vt 0.35216360 0.39374630
vt 0.42194400 0.39167060
vt 0.48341360 0.35857800
vt 0.48341360 0.38357800
vt 0.41547360 0.56752250
vt 0.48341360 0.55857800
vt 0.48341360 0.58357800
vt 0.42194400 0.59167060
vt -0.24935690 0.61282280
vt -0.22818600 0.57615400
vt -0.52981000 0.34470940
vt -0.55975010 0.37464930
vt 0.11210380 0.76254500
vt -0.76125420 0.04308498
vt 0.12306260 0.72164600
vt -0.79792310 0.06425583
vt 0.50000000 0.81361250
vt -0.90674590 -0.30816380
vt 0.50000000 0.77127090
vt -0.94764470 -0.29720490
vt 0.88789520 0.76254520
vt -0.95637020 -0.68510010
vt 0.87693640 0.72164630
vt -0.99871180 -0.68510010
vt 1.24935600 0.61282340
vt -0.90674540 -1.06203600
vt 1.22818500 0.57615440
vt -0.94764440 -1.07299500
vt 1.55974900 0.37465000
vt -0.76125350 -1.41328500
vt 1.52980900 0.34470990
vt -0.79792240 -1.43445600
vt 1.79792300 0.06425655
vt -0.52980880 -1.71490900
vt 1.76125400 0.04308569
vt -0.55974890 -1.74484900
vt 1.94764400 -0.29720400
vt -0.22818460 -1.94635400
vt 1.90674600 -0.30816300
vt -0.24935540 -1.98302200
vt 1.99871200 -0.68509930
vt 0.12306420 -2.09184600
vt 1.95637000 -0.68509930
vt 0.11210550 -2.13274400
vt 1.94764500 -1.07299400
vt 0.50000050 -2.14147000
vt 1.90674600 -1.06203600
vt 0.50000050 -2.18381100
vt 1.79792300 -1.43445500
vt 0.87693690 -2.09184500
vt 1.76125400 -1.41328400
vt 0.88789570 -2.13274400
vt 1.55975000 -1.74484800
vt 1.22818500 -1.94635300
vt 1.52980900 -1.71490800
vt 1.24935600 -1.98302200
f 3/3/3 2/2/2 1/1/1
f 4/4/4 3/3/3 1/1/1
f 4/4/4 1/1/1 5/5/5
f 6/6/6 3/3/3 4/4/4
f 7/7/7 4/4/4 5/5/5
f 8/8/8 6/6/6 4/4/4
f 8/8/8 4/4/4 7/7/7
f 9/9/9 6/6/6 8/8/8
f 10/10/10 8/8/8 7/7/7
f 11/11/11 9/9/9 8/8/8
f 11/11/11 8/8/8 10/10/10
f 12/12/12 11/11/11 10/10/10
f 15/15/15 14/14/14 13/13/13
f 16/16/16 15/15/15 13/13/13
f 17/17/17 15/15/15 16/16/16
f 18/18/18 17/17/17 16/16/16
f 19/19/19 17/17/17 18/18/18
f 20/20/20 19/19/19 18/18/18
f 23/23/23 22/22/22 21/21/21
f 24/24/24 23/23/23 21/21/21
f 24/24/24 21/21/21 25/25/25
f 26/26/26 23/23/23 24/24/24
f 27/27/27 24/24/24 25/25/25
f 28/28/28 26/26/26 24/24/24
f 28/28/28 24/24/24 27/27/27
f 29/29/29 26/26/26 28/28/28
f 30/30/30 28/28/28 27/27/27
f 31/31/31 29/29/29 28/28/28
f 31/31/31 28/28/28 30/30/30
f 32/32/32 31/31/31 30/30/30
f 35/35/35 34/34/34 33/33/33
f 36/36/36 35/35/35 33/33/33
f 37/37/37 35/35/35 36/36/36
f 38/38/38 37/37/37 36/36/36
f 39/39/39 37/37/37 38/38/38
f 40/40/40 39/39/39 38/38/38
f 43/43/43 42/42/42 41/41/41
f 44/44/44 43/43/43 41/41/41
f 44/44/44 41/41/41 45/45/45
f 46/46/46 44/44/44 45/45/45
f 49/49/49 48/48/48 47/47/47
f 50/50/50 49/49/49 47/47/47
f 53/53/53 52/52/52 51/51/51
f 52/52/52 54/54/54 51/51/51
f 52/52/52 55/55/55 54/54/54
f 55/55/55 56/56/56 54/54/54
f 59/59/59 58/58/58 57/57/57
f 60/60/60 59/59/59 57/57/57
f 63/63/63 62/62/62 61/61/61
f 64/64/64 63/63/63 61/61/61
f 64/64/64 61/61/61 65/65/65
f 66/66/66 63/63/63 64/64/64
f 67/67/67 64/64/64 65/65/65
f 68/68/68 66/66/66 64/64/64
f 68/68/68 64/64/64 67/67/67
f 69/69/69 66/66/66 68/68/68
f 70/70/70 68/68/68 67/67/67
f 71/71/71 69/69/69 68/68/68
f 71/71/71 68/68/68 70/70/70
f 72/72/72 71/71/71 70/70/70
f 75/75/75 74/74/74 73/73/73
f 76/76/76 75/75/75 73/73/73
f 77/77/77 75/75/75 76/76/76
f 78/78/78 77/77/77 76/76/76
f 79/79/79 77/77/77 78/78/78
f 80/80/80 79/79/79 78/78/78
f 83/83/83 82/82/82 81/81/81
f 84/84/84 83/83/83 81/81/81
f 84/84/84 81/81/81 85/85/85
f 86/86/86 83/83/83 84/84/84
f 87/87/87 84/84/84 85/85/85
f 88/88/88 86/86/86 84/84/84
f 88/88/88 84/84/84 87/87/87
f 89/89/89 86/86/86 88/88/88
f 90/90/90 88/88/88 87/87/87
f 91/91/91 89/89/89 88/88/88
f 91/91/91 88/88/88 90/90/90
f 92/92/92 91/91/91 90/90/90
f 95/95/95 94/94/94 93/93/93
f 96/96/96 95/95/95 93/93/93
f 97/97/97 95/95/95 96/96/96
f 98/98/98 97/97/97 96/96/96
f 99/99/99 97/97/97 98/98/98
f 100/100/100 99/99/99 98/98/98
f 103/103/103 102/102/102 101/101/101
f 104/104/104 103/103/103 101/101/101
f 104/104/104 101/101/101 105/105/105
f 106/106/106 103/103/103 104/104/104
f 107/107/107 104/104/104 105/105/105
f 108/108/108 106/106/106 104/104/104
f 108/108/108 104/104/104 107/107/107
f 109/109/109 108/108/108 107/107/107
f 112/112/112 111/111/111 110/110/110
f 113/113/113 112/112/112 110/110/110
f 114/114/114 112/112/112 113/113/113
f 115/115/115 114/114/114 113/113/113
f 116/116/116 114/114/114 115/115/115
f 117/117/117 116/116/116 115/115/115
f 120/120/120 119/119/119 118/118/118
f 121/121/121 120/120/120 118/118/118
f 121/121/121 118/118/118 122/122/122
f 123/123/123 120/120/120 121/121/121
f 124/124/124 121/121/121 122/122/122
f 125/125/125 123/123/123 121/121/121
f 125/125/125 121/121/121 124/124/124
f 126/126/126 125/125/125 124/124/124
f 129/129/129 128/128/128 127/127/127
f 130/130/130 129/129/129 127/127/127
f 131/131/131 129/129/129 130/130/130
f 132/132/132 131/131/131 130/130/130
f 133/133/133 131/131/131 132/132/132
f 134/134/134 133/133/133 132/132/132
f 137/137/137 136/136/136 135/135/135
f 138/138/138 137/137/137 135/135/135
f 138/138/138 135/135/135 139/139/139
f 140/140/140 138/138/138 139/139/139
f 143/143/143 142/142/142 141/141/141
f 142/142/142 144/144/144 141/141/141
f 142/142/142 145/145/145 144/144/144
f 145/145/145 146/146/146 144/144/144
f 149/149/149 148/148/148 147/147/147
f 150/150/150 149/149/149 147/147/147
f 150/150/150 147/147/147 151/151/151
f 152/152/152 149/149/149 150/150/150
f 153/153/153 150/150/150 151/151/151
f 154/154/154 152/152/152 150/150/150
f 154/154/154 150/150/150 153/153/153
f 155/155/155 154/154/154 153/153/153
f 158/158/158 157/157/157 156/156/156
f 159/159/159 158/158/158 156/156/156
f 162/162/162 161/161/161 160/160/160
f 163/163/163 162/162/162 160/160/160
f 163/163/163 160/160/160 164/164/164
f 165/165/165 162/162/162 163/163/163
f 166/166/166 163/163/163 164/164/164
f 167/167/167 165/165/165 163/163/163
f 167/167/167 163/163/163 166/166/166
f 168/168/168 167/167/167 166/166/166
f 171/171/171 170/170/170 169/169/169
f 172/172/172 171/171/171 169/169/169
f 173/173/173 171/171/171 172/172/172
f 174/174/174 173/173/173 172/172/172
f 177/177/177 176/176/176 175/175/175
f 178/178/178 177/177/177 175/175/175
f 181/181/181 180/180/180 179/179/179
f 182/182/182 181/181/181 179/179/179
f 182/182/182 179/179/179 183/183/183
f 179/179/179 184/184/184 183/183/183
f 185/185/185 182/182/182 183/183/183
f 184/184/184 186/186/186 183/183/183
f 185/185/185 183/183/183 187/187/187
f 183/183/183 186/186/186 187/187/187
f 188/188/188 185/185/185 187/187/187
f 186/186/186 189/189/189 187/187/187
f 188/188/188 187/187/187 190/190/190
f 187/187/187 189/189/189 190/190/190
f 191/191/191 188/188/188 190/190/190
f 189/189/189 192/192/192 190/190/190
f 191/191/191 190/190/190 193/193/193
f 190/190/190 192/192/192 193/193/193
f 192/192/192 194/194/194 193/193/193
f 195/195/195 191/191/191 193/193/193
f 195/195/195 193/193/193 196/196/196
f 197/197/197 195/195/195 196/196/196
f 181/181/181 198/198/198 180/180/180
f 198/198/198 199/199/199 180/180/180
f 198/198/198 200/200/200 199/199/199
f 200/200/200 201/201/201 199/199/199
f 200/200/200 202/202/202 201/201/201
f 201/201/201 203/203/203 199/199/199
f 203/203/203 204/204/204 199/199/199
f 205/205/205 203/203/203 201/201/201
f 202/202/202 206/206/206 201/201/201
f 206/206/206 205/205/205 201/201/201
f 202/202/202 207/207/207 206/206/206
f 208/208/208 205/205/205 206/206/206
f 207/207/207 209/209/209 206/206/206
f 209/209/209 208/208/208 206/206/206
f 210/210/210 208/208/208 209/209/209
f 207/207/207 211/211/211 209/209/209
f 212/212/212 210/210/210 209/209/209
f 211/211/211 212/212/212 209/209/209
f 211/211/211 213/213/213 212/212/212
f 213/213/213 214/214/214 212/212/212
f 217/217/217 216/216/216 215/215/215
f 216/216/216 218/218/218 215/215/215
f 216/216/216 219/219/219 218/218/218
f 219/219/219 220/220/220 218/218/218
f 219/219/219 221/221/221 220/220/220
f 220/220/220 222/222/222 218/218/218
f 222/222/222 223/223/223 218/218/218
f 224/224/224 222/222/222 220/220/220
f 221/221/221 225/225/225 220/220/220
f 225/225/225 224/224/224 220/220/220
f 221/221/221 226/226/226 225/225/225
f 227/227/227 224/224/224 225/225/225
f 226/226/226 228/228/228 225/225/225
f 228/228/228 227/227/227 225/225/225
f 229/229/229 227/227/227 228/228/228
f 226/226/226 230/230/230 228/228/228
f 231/231/231 229/229/229 228/228/228
f 230/230/230 231/231/231 228/228/228
f 230/230/230 232/232/232 231/231/231
f 232/232/232 233/233/233 231/231/231
f 232/232/232 234/234/234 233/233/233
f 234/234/234 235/235/235 233/233/233
f 234/234/234 236/236/236 235/235/235
f 236/236/236 237/237/237 235/235/235
f 236/236/236 238/238/238 237/237/237
f 237/237/237 239/239/239 235/235/235
f 239/239/239 240/240/240 235/235/235
f 241/241/241 239/239/239 237/237/237
f 238/238/238 242/242/242 237/237/237
f 242/242/242 241/241/241 237/237/237
f 238/238/238 243/243/243 242/242/242
f 244/244/244 241/241/241 242/242/242
f 243/243/243 245/245/245 242/242/242
f 245/245/245 244/244/244 242/242/242
f 246/246/246 244/244/244 245/245/245
f 243/243/243 247/247/247 245/245/245
f 248/248/248 246/246/246 245/245/245
f 247/247/247 248/248/248 245/245/245
f 247/247/247 249/249/249 248/248/248
f 249/249/249 250/250/250 248/248/248
f 253/253/253 252/252/252 251/251/251
f 252/252/252 254/254/254 251/251/251
f 252/252/252 255/255/255 254/254/254
f 251/251/251 254/254/254 256/256/256
f 255/255/255 257/257/257 254/254/254
f 254/254/254 258/258/258 256/256/256
f 254/254/254 257/257/257 258/258/258
f 256/256/256 258/258/258 259/259/259
f 257/257/257 260/260/260 258/258/258
f 258/258/258 261/261/261 259/259/259
f 258/258/258 260/260/260 261/261/261
f 259/259/259 261/261/261 262/262/262
f 260/260/260 263/263/263 261/261/261
f 261/261/261 264/264/264 262/262/262
f 261/261/261 263/263/263 264/264/264
f 262/262/262 264/264/264 265/265/265
f 263/263/263 266/266/266 264/264/264
f 264/264/264 267/267/267 265/265/265
f 264/264/264 266/266/266 267/267/267
f 265/265/265 267/267/267 268/268/268
f 266/266/266 269/269/269 267/267/267
f 267/267/267 270/270/270 268/268/268
f 267/267/267 269/269/269 270/270/270
f 269/269/269 271/271/271 270/270/270
f 274/274/274 273/273/273 272/272/272
f 272/272/272 275/275/275 274/274/274
f 275/275/275 276/276/276 274/274/274
f 275/275/275 277/277/277 276/276/276
f 277/277/277 275/275/275 278/278/278
f 279/279/279 277/277/277 278/278/278
f 280/280/280 277/277/277 279/279/279
f 281/281/281 280/280/280 279/279/279
f 277/277/277 282/282/282 276/276/276
f 277/277/277 280/280/280 282/282/282
f 276/276/276 282/282/282 283/283/283
f 284/284/284 276/276/276 283/283/283
f 283/283/283 282/282/282 285/285/285
f 282/282/282 286/286/286 285/285/285
f 280/280/280 286/286/286 282/282/282
f 280/280/280 287/287/287 286/286/286
f 287/287/287 288/288/288 286/286/286
f 287/287/287 289/289/289 288/288/288
f 289/289/289 290/290/290 288/288/288
f 289/289/289 291/291/291 290/290/290
f 291/291/291 292/292/292 290/290/290
f 291/291/291 293/293/293 292/292/292
f 293/293/293 294/294/294 292/292/292
f 293/293/293 295/295/295 294/294/294
f 295/295/295 293/293/293 296/296/296
f 297/297/297 295/295/295 296/296/296
f 298/298/298 295/295/295 297/297/297
f 299/299/299 298/298/298 297/297/297
f 295/295/295 300/300/300 294/294/294
f 295/295/295 298/298/298 300/300/300
f 294/294/294 300/300/300 301/301/301
f 302/302/302 294/294/294 301/301/301
f 301/301/301 300/300/300 303/303/303
f 300/300/300 304/304/304 303/303/303
f 298/298/298 304/304/304 300/300/300
f 298/298/298 305/305/305 304/304/304
f 305/305/305 306/306/306 304/304/304
f 305/305/305 307/307/307 306/306/306
f 268/268/268 270/270/270 308/308/308
f 270/270/270 309/309/309 308/308/308
f 270/270/270 310/310/310 309/309/309
f 308/308/308 309/309/309 311/311/311
f 310/310/310 312/312/312 309/309/309
f 309/309/309 313/313/313 311/311/311
f 309/309/309 312/312/312 313/313/313
f 311/311/311 313/313/313 314/314/314
f 312/312/312 315/315/315 313/313/313
f 313/313/313 316/316/316 314/314/314
f 313/313/313 315/315/315 316/316/316
f 314/314/314 316/316/316 317/317/317
f 315/315/315 318/318/318 316/316/316
f 316/316/316 319/319/319 317/317/317
f 316/316/316 318/318/318 319/319/319
f 317/317/317 319/319/319 320/320/320
f 318/318/318 321/321/321 319/319/319
f 319/319/319 322/322/322 320/320/320
f 319/319/319 321/321/321 322/322/322
f 320/320/320 322/322/322 323/323/323
f 321/321/321 324/324/324 322/322/322
f 322/322/322 325/325/325 323/323/323
f 322/322/322 324/324/324 325/325/325
f 324/324/324 326/326/326 325/325/325
f 329/329/329 328/328/328 327/327/327
f 328/328/328 330/330/330 327/327/327
f 328/328/328 331/331/331 330/330/330
f 327/327/327 330/330/330 332/332/332
f 331/331/331 333/333/333 330/330/330
f 330/330/330 334/334/334 332/332/332
f 330/330/330 333/333/333 334/334/334
f 332/332/332 334/334/334 335/335/335
f 333/333/333 336/336/336 334/334/334
f 334/334/334 337/337/337 335/335/335
f 334/334/334 336/336/336 337/337/337
f 335/335/335 337/337/337 338/338/338
f 336/336/336 339/339/339 337/337/337
f 337/337/337 340/340/340 338/338/338
f 337/337/337 339/339/339 340/340/340
f 338/338/338 340/340/340 341/341/341
f 339/339/339 342/342/342 340/340/340
f 340/340/340 343/343/343 341/341/341
f 340/340/340 342/342/342 343/343/343
f 341/341/341 343/343/343 344/344/344
f 342/342/342 345/345/345 343/343/343
f 343/343/343 346/346/346 344/344/344
f 343/343/343 345/345/345 346/346/346
f 345/345/345 347/347/347 346/346/346
f 344/344/344 346/346/346 348/348/348
f 346/346/346 349/349/349 348/348/348
f 346/346/346 347/347/347 349/349/349
f 348/348/348 349/349/349 350/350/350
f 347/347/347 351/351/351 349/349/349
f 349/349/349 352/352/352 350/350/350
f 349/349/349 351/351/351 352/352/352
f 350/350/350 352/352/352 353/353/353
f 351/351/351 354/354/354 352/352/352
f 352/352/352 355/355/355 353/353/353
f 352/352/352 354/354/354 355/355/355
f 353/353/353 355/355/355 356/356/356
f 354/354/354 357/357/357 355/355/355
f 355/355/355 358/358/358 356/356/356
f 355/355/355 357/357/357 358/358/358
f 356/356/356 358/358/358 359/359/359
f 357/357/357 360/360/360 358/358/358
f 358/358/358 361/361/361 359/359/359
f 358/358/358 360/360/360 361/361/361
f 359/359/359 361/361/361 362/362/362
f 360/360/360 363/363/363 361/361/361
f 361/361/361 364/364/364 362/362/362
f 361/361/361 363/363/363 364/364/364
f 363/363/363 365/365/365 364/364/364
f 368/368/368 367/367/367 366/366/366
f 367/367/367 369/369/369 366/366/366
f 366/366/366 369/369/369 370/370/370
f 371/371/371 366/366/366 370/370/370
f 369/369/369 372/372/372 370/370/370
f 373/373/373 371/371/371 370/370/370
f 370/370/370 372/372/372 374/374/374
f 373/373/373 370/370/370 374/374/374
f 372/372/372 375/375/375 374/374/374
f 376/376/376 373/373/373 374/374/374
f 374/374/374 375/375/375 377/377/377
f 376/376/376 374/374/374 377/377/377
f 375/375/375 378/378/378 377/377/377
f 379/379/379 376/376/376 377/377/377
f 377/377/377 378/378/378 380/380/380
f 379/379/379 377/377/377 380/380/380
f 381/381/381 379/379/379 380/380/380
f 378/378/378 382/382/382 380/380/380
f 380/380/380 382/382/382 383/383/383
f 382/382/382 384/384/384 383/383/383
f 385/385/385 367/367/367 368/368/368
f 386/386/386 385/385/385 368/368/368
f 387/387/387 385/385/385 386/386/386
f 388/388/388 387/387/387 386/386/386
f 389/389/389 387/387/387 388/388/388
f 390/390/390 388/388/388 386/386/386
f 391/391/391 390/390/390 386/386/386
f 390/390/390 392/392/392 388/388/388
f 393/393/393 389/389/389 388/388/388
f 392/392/392 393/393/393 388/388/388
f 394/394/394 389/389/389 393/393/393
f 392/392/392 395/395/395 393/393/393
f 396/396/396 394/394/394 393/393/393
f 395/395/395 396/396/396 393/393/393
f 395/395/395 397/397/397 396/396/396
f 398/398/398 394/394/394 396/396/396
f 397/397/397 399/399/399 396/396/396
f 399/399/399 398/398/398 396/396/396
f 400/400/400 398/398/398 399/399/399
f 401/401/401 400/400/400 399/399/399
f 404/404/404 403/403/403 402/402/402
f 405/405/405 404/404/404 402/402/402
f 406/406/406 404/404/404 405/405/405
f 407/407/407 406/406/406 405/405/405
f 408/408/408 406/406/406 407/407/407
f 409/409/409 407/407/407 405/405/405
f 410/410/410 409/409/409 405/405/405
f 409/409/409 411/411/411 407/407/407
f 412/412/412 408/408/408 407/407/407
f 411/411/411 412/412/412 407/407/407
f 413/413/413 408/408/408 412/412/412
f 411/411/411 414/414/414 412/412/412
f 415/415/415 413/413/413 412/412/412
f 414/414/414 415/415/415 412/412/412
f 414/414/414 416/416/416 415/415/415
f 417/417/417 413/413/413 415/415/415
f 416/416/416 418/418/418 415/415/415
f 418/418/418 417/417/417 415/415/415
f 419/419/419 417/417/417 418/418/418
f 420/420/420 419/419/419 418/418/418
f 421/421/421 419/419/419 420/420/420
f 422/422/422 421/421/421 420/420/420
f 423/423/423 421/421/421 422/422/422
f 424/424/424 423/423/423 422/422/422
f 425/425/425 423/423/423 424/424/424
f 426/426/426 424/424/424 422/422/422
f 427/427/427 426/426/426 422/422/422
f 426/426/426 428/428/428 424/424/424
f 429/429/429 425/425/425 424/424/424
f 428/428/428 429/429/429 424/424/424
f 430/430/430 425/425/425 429/429/429
f 428/428/428 431/431/431 429/429/429
f 432/432/432 430/430/430 429/429/429
f 431/431/431 432/432/432 429/429/429
f 431/431/431 433/433/433 432/432/432
f 434/434/434 430/430/430 432/432/432
f 433/433/433 435/435/435 432/432/432
f 435/435/435 434/434/434 432/432/432
f 436/436/436 434/434/434 435/435/435
f 437/437/437 436/436/436 435/435/435
f 440/440/440 439/439/439 438/438/438
f 441/441/441 440/440/440 438/438/438
f 442/442/442 440/440/440 441/441/441
f 441/441/441 438/438/438 443/443/443
f 444/444/444 442/442/442 441/441/441
f 445/445/445 441/441/441 443/443/443
f 444/444/444 441/441/441 445/445/445
f 445/445/445 443/443/443 446/446/446
f 447/447/447 444/444/444 445/445/445
f 448/448/448 445/445/445 446/446/446
f 447/447/447 445/445/445 448/448/448
f 448/448/448 446/446/446 449/449/449
f 450/450/450 447/447/447 448/448/448
f 451/451/451 448/448/448 449/449/449
f 450/450/450 448/448/448 451/451/451
f 451/451/451 449/449/449 452/452/452
f 453/453/453 450/450/450 451/451/451
f 454/454/454 451/451/451 452/452/452
f 453/453/453 451/451/451 454/454/454
f 454/454/454 452/452/452 455/455/455
f 456/456/456 453/453/453 454/454/454
f 457/457/457 454/454/454 455/455/455
f 456/456/456 454/454/454 457/457/457
f 458/458/458 456/456/456 457/457/457
f 461/461/461 460/460/460 459/459/459
f 459/459/459 462/462/462 461/461/461
f 459/459/459 463/463/463 462/462/462
f 463/463/463 464/464/464 462/462/462
f 464/464/464 463/463/463 465/465/465
f 463/463/463 466/466/466 465/465/465
f 464/464/464 465/465/465 467/467/467
f 468/468/468 464/464/464 467/467/467
f 464/464/464 469/469/469 462/462/462
f 462/462/462 469/469/469 470/470/470
f 469/469/469 471/471/471 470/470/470
f 464/464/464 472/472/472 469/469/469
f 469/469/469 472/472/472 471/471/471
f 464/464/464 468/468/468 472/472/472
f 472/472/472 473/473/473 471/471/471
f 468/468/468 474/474/474 472/472/472
f 468/468/468 475/475/475 474/474/474
f 475/475/475 476/476/476 474/474/474
f 475/475/475 477/477/477 476/476/476
f 477/477/477 478/478/478 476/476/476
f 477/477/477 479/479/479 478/478/478
f 479/479/479 480/480/480 478/478/478
f 479/479/479 481/481/481 480/480/480
f 481/481/481 482/482/482 480/480/480
f 480/480/480 482/482/482 483/483/483
f 482/482/482 484/484/484 483/483/483
f 482/482/482 485/485/485 484/484/484
f 485/485/485 486/486/486 484/484/484
f 481/481/481 487/487/487 482/482/482
f 487/487/487 485/485/485 482/482/482
f 487/487/487 481/481/481 488/488/488
f 481/481/481 489/489/489 488/488/488
f 487/487/487 488/488/488 490/490/490
f 491/491/491 487/487/487 490/490/490
f 487/487/487 491/491/491 485/485/485
f 491/491/491 492/492/492 485/485/485
f 491/491/491 493/493/493 492/492/492
f 493/493/493 494/494/494 492/492/492
f 457/457/457 455/455/455 495/495/495
f 496/496/496 457/457/457 495/495/495
f 458/458/458 457/457/457 496/496/496
f 496/496/496 495/495/495 497/497/497
f 498/498/498 458/458/458 496/496/496
f 499/499/499 496/496/496 497/497/497
f 498/498/498 496/496/496 499/499/499
f 499/499/499 497/497/497 500/500/500
f 501/501/501 498/498/498 499/499/499
f 502/502/502 499/499/499 500/500/500
f 501/501/501 499/499/499 502/502/502
f 502/502/502 500/500/500 503/503/503
f 504/504/504 501/501/501 502/502/502
f 505/505/505 502/502/502 503/503/503
f 504/504/504 502/502/502 505/505/505
f 505/505/505 503/503/503 506/506/506
f 507/507/507 504/504/504 505/505/505
f 508/508/508 505/505/505 506/506/506
f 507/507/507 505/505/505 508/508/508
f 508/508/508 506/506/506 509/509/509
f 510/510/510 507/507/507 508/508/508
f 511/511/511 508/508/508 509/509/509
f 510/510/510 508/508/508 511/511/511
f 512/512/512 510/510/510 511/511/511
f 515/515/515 514/514/514 513/513/513
f 516/516/516 515/515/515 513/513/513
f 517/517/517 515/515/515 516/516/516
f 516/516/516 513/513/513 518/518/518
f 519/519/519 517/517/517 516/516/516
f 520/520/520 516/516/516 518/518/518
f 519/519/519 516/516/516 520/520/520
f 520/520/520 518/518/518 521/521/521
f 522/522/522 519/519/519 520/520/520
f 523/523/523 520/520/520 521/521/521
f 522/522/522 520/520/520 523/523/523
f 523/523/523 521/521/521 524/524/524
f 525/525/525 522/522/522 523/523/523
f 526/526/526 523/523/523 524/524/524
f 525/525/525 523/523/523 526/526/526
f 526/526/526 524/524/524 527/527/527
f 528/528/528 525/525/525 526/526/526
f 529/529/529 526/526/526 527/527/527
f 528/528/528 526/526/526 529/529/529
f 529/529/529 527/527/527 530/530/530
f 531/531/531 528/528/528 529/529/529
f 532/532/532 529/529/529 530/530/530
f 531/531/531 529/529/529 532/532/532
f 533/533/533 531/531/531 532/532/532
f 532/532/532 530/530/530 534/534/534
f 535/535/535 532/532/532 534/534/534
f 533/533/533 532/532/532 535/535/535
f 535/535/535 534/534/534 536/536/536
f 537/537/537 533/533/533 535/535/535
f 538/538/538 535/535/535 536/536/536
f 537/537/537 535/535/535 538/538/538
f 538/538/538 536/536/536 539/539/539
f 540/540/540 537/537/537 538/538/538
f 541/541/541 538/538/538 539/539/539
f 540/540/540 538/538/538 541/541/541
f 541/541/541 539/539/539 542/542/542
f 543/543/543 540/540/540 541/541/541
f 544/544/544 541/541/541 542/542/542
f 543/543/543 541/541/541 544/544/544
f 544/544/544 542/542/542 545/545/545
f 546/546/546 543/543/543 544/544/544
f 547/547/547 544/544/544 545/545/545
f 546/546/546 544/544/544 547/547/547
f 547/547/547 545/545/545 548/548/548
f 549/549/549 546/546/546 547/547/547
f 550/550/550 547/547/547 548/548/548
f 549/549/549 547/547/547 550/550/550
f 551/551/551 549/549/549 550/550/550
f 554/554/554 553/553/553 552/552/552
f 553/553/553 555/555/555 552/552/552
f 552/552/552 555/555/555 556/556/556
f 553/553/553 557/557/557 555/555/555
f 555/555/555 558/558/558 556/556/556
f 557/557/557 559/559/559 555/555/555
f 555/555/555 559/559/559 558/558/558
f 557/557/557 560/560/560 559/559/559
f 559/559/559 561/561/561 558/558/558
f 560/560/560 562/562/562 559/559/559
f 559/559/559 562/562/562 561/561/561
f 562/562/562 563/563/563 561/561/561
f 566/566/566 565/565/565 564/564/564
f 565/565/565 567/567/567 564/564/564
f 565/565/565 568/568/568 567/567/567
f 568/568/568 569/569/569 567/567/567
f 568/568/568 570/570/570 569/569/569
f 570/570/570 571/571/571 569/569/569
f 574/574/574 573/573/573 572/572/572
f 573/573/573 575/575/575 572/572/572
f 572/572/572 575/575/575 576/576/576
f 573/573/573 577/577/577 575/575/575
f 575/575/575 578/578/578 576/576/576
f 577/577/577 579/579/579 575/575/575
f 575/575/575 579/579/579 578/578/578
f 577/577/577 580/580/580 579/579/579
f 579/579/579 581/581/581 578/578/578
f 580/580/580 582/582/582 579/579/579
f 579/579/579 582/582/582 581/581/581
f 582/582/582 583/583/583 581/581/581
f 586/586/586 585/585/585 584/584/584
f 585/585/585 587/587/587 584/584/584
f 585/585/585 588/588/588 587/587/587
f 588/588/588 589/589/589 587/587/587
f 588/588/588 590/590/590 589/589/589
f 590/590/590 591/591/591 589/589/589
f 594/594/594 593/593/593 592/592/592
f 593/593/593 595/595/595 592/592/592
f 592/592/592 595/595/595 596/596/596
f 595/595/595 597/597/597 596/596/596
f 600/600/600 599/599/599 598/598/598
f 601/601/601 600/600/600 598/598/598
f 604/604/604 603/603/603 602/602/602
f 605/605/605 604/604/604 602/602/602
f 606/606/606 604/604/604 605/605/605
f 607/607/607 606/606/606 605/605/605
f 610/610/610 609/609/609 608/608/608
f 611/611/611 610/610/610 608/608/608
f 614/614/614 613/613/613 612/612/612
f 613/613/613 615/615/615 612/612/612
f 612/612/612 615/615/615 616/616/616
f 613/613/613 617/617/617 615/615/615
f 615/615/615 618/618/618 616/616/616
f 617/617/617 619/619/619 615/615/615
f 615/615/615 619/619/619 618/618/618
f 617/617/617 620/620/620 619/619/619
f 619/619/619 621/621/621 618/618/618
f 620/620/620 622/622/622 619/619/619
f 619/619/619 622/622/622 621/621/621
f 622/622/622 623/623/623 621/621/621
f 626/626/626 625/625/625 624/624/624
f 625/625/625 627/627/627 624/624/624
f 625/625/625 628/628/628 627/627/627
f 628/628/628 629/629/629 627/627/627
f 628/628/628 630/630/630 629/629/629
f 630/630/630 631/631/631 629/629/629
f 634/634/634 633/633/633 632/632/632
f 633/633/633 635/635/635 632/632/632
f 632/632/632 635/635/635 636/636/636
f 633/633/633 637/637/637 635/635/635
f 635/635/635 638/638/638 636/636/636
f 637/637/637 639/639/639 635/635/635
f 635/635/635 639/639/639 638/638/638
f 637/637/637 640/640/640 639/639/639
f 639/639/639 641/641/641 638/638/638
f 640/640/640 642/642/642 639/639/639
f 639/639/639 642/642/642 641/641/641
f 642/642/642 643/643/643 641/641/641
f 646/646/646 645/645/645 644/644/644
f 645/645/645 647/647/647 644/644/644
f 645/645/645 648/648/648 647/647/647
f 648/648/648 649/649/649 647/647/647
f 648/648/648 650/650/650 649/649/649
f 650/650/650 651/651/651 649/649/649
f 654/654/654 653/653/653 652/652/652
f 653/653/653 655/655/655 652/652/652
f 652/652/652 655/655/655 656/656/656
f 653/653/653 657/657/657 655/655/655
f 655/655/655 658/658/658 656/656/656
f 657/657/657 659/659/659 655/655/655
f 655/655/655 659/659/659 658/658/658
f 659/659/659 660/660/660 658/658/658
f 663/663/663 662/662/662 661/661/661
f 662/662/662 664/664/664 661/661/661
f 662/662/662 665/665/665 664/664/664
f 665/665/665 666/666/666 664/664/664
f 665/665/665 667/667/667 666/666/666
f 667/667/667 668/668/668 666/666/666
f 671/671/671 670/670/670 669/669/669
f 670/670/670 672/672/672 669/669/669
f 669/669/669 672/672/672 673/673/673
f 670/670/670 674/674/674 672/672/672
f 672/672/672 675/675/675 673/673/673
f 674/674/674 676/676/676 672/672/672
f 672/672/672 676/676/676 675/675/675
f 676/676/676 677/677/677 675/675/675
f 680/680/680 679/679/679 678/678/678
f 679/679/679 681/681/681 678/678/678
f 679/679/679 682/682/682 681/681/681
f 682/682/682 683/683/683 681/681/681
f 682/682/682 684/684/684 683/683/683
f 684/684/684 685/685/685 683/683/683
f 688/688/688 687/687/687 686/686/686
f 687/687/687 689/689/689 686/686/686
f 686/686/686 689/689/689 690/690/690
f 689/689/689 691/691/691 690/690/690
f 694/694/694 693/693/693 692/692/692
f 695/695/695 694/694/694 692/692/692
f 696/696/696 694/694/694 695/695/695
f 697/697/697 696/696/696 695/695/695
f 700/700/700 699/699/699 698/698/698
f 699/699/699 701/701/701 698/698/698
f 698/698/698 701/701/701 702/702/702
f 699/699/699 703/703/703 701/701/701
f 701/701/701 704/704/704 702/702/702
f 703/703/703 705/705/705 701/701/701
f 701/701/701 705/705/705 704/704/704
f 705/705/705 706/706/706 704/704/704
f 709/709/709 708/708/708 707/707/707
f 710/710/710 709/709/709 707/707/707
f 713/713/713 712/712/712 711/711/711
f 712/712/712 714/714/714 711/711/711
f 711/711/711 714/714/714 715/715/715
f 712/712/712 716/716/716 714/714/714
f 714/714/714 717/717/717 715/715/715
f 716/716/716 718/718/718 714/714/714
f 714/714/714 718/718/718 717/717/717
f 718/718/718 719/719/719 717/717/717
f 722/722/722 721/721/721 720/720/720
f 721/721/721 723/723/723 720/720/720
f 721/721/721 724/724/724 723/723/723
f 724/724/724 725/725/725 723/723/723
f 728/728/728 727/727/727 726/726/726
f 729/729/729 728/728/728 726/726/726
f 732/732/732 731/731/731 730/730/730
f 733/733/733 732/732/732 730/730/730
f 730/730/730 731/731/731 734/734/734
f 735/735/735 732/732/732 733/733/733
f 731/731/731 736/736/736 734/734/734
f 737/737/737 735/735/735 733/733/733
f 734/734/734 736/736/736 738/738/738
f 739/739/739 735/735/735 737/737/737
f 736/736/736 740/740/740 738/738/738
f 741/741/741 739/739/739 737/737/737
f 738/738/738 740/740/740 742/742/742
f 743/743/743 739/739/739 741/741/741
f 740/740/740 744/744/744 742/742/742
f 745/745/745 743/743/743 741/741/741
f 742/742/742 744/744/744 746/746/746
f 747/747/747 743/743/743 745/745/745
f 744/744/744 748/748/748 746/746/746
f 749/749/749 747/747/747 745/745/745
f 746/746/746 748/748/748 750/750/750
f 751/751/751 747/747/747 749/749/749
f 748/748/748 752/752/752 750/750/750
f 753/753/753 751/751/751 749/749/749
f 750/750/750 752/752/752 754/754/754
f 755/755/755 751/751/751 753/753/753
f 752/752/752 756/756/756 754/754/754
f 757/757/757 755/755/755 753/753/753
f 754/754/754 756/756/756 758/758/758
f 759/759/759 755/755/755 757/757/757
f 756/756/756 760/760/760 758/758/758
f 761/761/761 759/759/759 757/757/757
f 758/758/758 760/760/760 762/762/762
f 763/763/763 759/759/759 761/761/761
f 760/760/760 764/764/764 762/762/762
f 765/765/765 763/763/763 761/761/761
f 762/762/762 764/764/764 766/766/766
f 767/767/767 763/763/763 765/765/765
f 764/764/764 768/768/768 766/766/766
f 769/769/769 767/767/767 765/765/765
f 766/766/766 768/768/768 770/770/770
f 771/771/771 767/767/767 769/769/769
f 768/768/768 772/772/772 770/770/770
f 773/773/773 771/771/771 769/769/769
f 770/770/770 772/772/772 774/774/774
f 775/775/775 771/771/771 773/773/773
f 772/772/772 776/776/776 774/774/774
f 777/777/777 775/775/775 773/773/773
f 774/774/774 776/776/776 777/777/777
f 776/776/776 775/775/775 777/777/777

