mtllib material.mtl
usemtl material_0
v 0.75962310 0.00627173 1.10854200
v 0.76582460 0.00627378 1.11530600
v 0.76582460 0.50973480 1.11510900
v 0.75962310 0.50973270 1.10834300
v 0.67945870 0.00627173 1.10854200
v 0.67945870 0.50973270 1.10834300
v 0.67325710 0.00627378 1.11530600
v 0.67325710 0.50973480 1.11510900
v 0.67325710 0.00630030 1.20275800
v 0.67325710 0.00627378 1.11530600
v 0.67325710 0.50973480 1.11510900
v 0.67325710 0.50976130 1.20255900
v -0.67945800 0.00033814 1.11530900
v -0.67945800 0.00627173 1.10854200
v -0.75962220 0.00627173 1.10854200
v -0.75962220 0.00033814 1.11530900
v -0.76582400 0.00627378 1.11530600
v -0.67945800 0.00036466 1.20276000
v -0.76582400 0.00630030 1.20275800
v -0.75962220 0.00036466 1.20276000
v -0.67945800 0.00630235 1.20952300
v -0.75962220 0.00630235 1.20952300
v 0.76582460 0.00627378 1.11530600
v 0.76582460 0.00630030 1.20275800
v 0.76582460 0.50976130 1.20255900
v 0.76582460 0.50973480 1.11510900
v 0.75962310 0.50976340 1.20932500
v 0.76582460 0.50976130 1.20255900
v 0.76582460 0.00630030 1.20275800
v 0.75962310 0.00630235 1.20952300
v 0.67945870 0.50976340 1.20932500
v 0.67945870 0.00630235 1.20952300
v 0.67325710 0.50976130 1.20255900
v 0.67325710 0.00630030 1.20275800
v -0.75962220 0.00627173 1.10854200
v -0.67945800 0.00627173 1.10854200
v -0.67945800 0.50973280 1.10834300
v -0.75962220 0.50973270 1.10834300
v -0.76582400 0.00627378 1.11530600
v -0.76582400 0.50973480 1.11510900
v -0.76582400 0.00630030 1.20275800
v -0.76582400 0.00627378 1.11530600
v -0.76582400 0.50973480 1.11510900
v -0.76582400 0.50976130 1.20255900
v -0.67945800 0.51569690 1.20255700
v -0.67945800 0.50976340 1.20932500
v -0.75962220 0.50976340 1.20932500
v -0.75962220 0.51569690 1.20255700
v -0.76582400 0.50976130 1.20255900
v -0.67945800 0.51567040 1.11510600
v -0.76582400 0.50973480 1.11510900
v -0.75962220 0.51567040 1.11510600
v -0.67945800 0.50973280 1.10834300
v -0.75962220 0.50973270 1.10834300
v -0.67945800 0.00630235 1.20952300
v -0.75962220 0.50976340 1.20932500
v -0.67945800 0.50976340 1.20932500
v -0.75962220 0.00630235 1.20952300
v -0.76582400 0.50976130 1.20255900
v -0.76582400 0.00630030 1.20275800
v 0.75962310 0.00558536 -1.15511700
v 0.76582460 0.00558742 -1.14835200
v 0.76582460 0.90690720 -1.14870600
v 0.75962310 0.90690510 -1.15547200
v 0.67945870 0.00558536 -1.15511700
v 0.67945870 0.90690510 -1.15547200
v 0.67325710 0.00558742 -1.14835200
v 0.67325710 0.90690720 -1.14870600
v 0.67325710 0.00561393 -1.06090100
v 0.67325710 0.00558742 -1.14835200
v 0.67325710 0.90690720 -1.14870600
v 0.67325710 0.90693370 -1.06125600
v -0.67945800 -0.00034822 -1.14835000
v -0.67945800 0.00558536 -1.15511700
v -0.75962220 0.00558536 -1.15511700
v -0.75962220 -0.00034822 -1.14835000
v -0.76582400 0.00558742 -1.14835200
v -0.67945800 -0.00032171 -1.06089800
v -0.76582400 0.00561393 -1.06090100
v -0.75962220 -0.00032171 -1.06089800
v -0.67945800 0.00561598 -1.05413600
v -0.75962220 0.00561598 -1.05413600
v 0.76582460 0.00558742 -1.14835200
v 0.76582460 0.00561393 -1.06090100
v 0.76582460 0.90693370 -1.06125600
v 0.76582460 0.90690720 -1.14870600
v 0.75962310 0.90693580 -1.05449100
v 0.76582460 0.90693370 -1.06125600
v 0.76582460 0.00561393 -1.06090100
v 0.75962310 0.00561598 -1.05413600
v 0.67945870 0.90693580 -1.05449100
v 0.67945870 0.00561598 -1.05413600
v 0.67325710 0.90693370 -1.06125600
v 0.67325710 0.00561393 -1.06090100
v -0.75962220 0.00558536 -1.15511700
v -0.67945800 0.00558536 -1.15511700
v -0.67945800 0.90690510 -1.15547200
v -0.75962220 0.90690510 -1.15547200
v -0.76582400 0.90693370 -1.06125600
v -0.75962220 0.90693580 -1.05449100
v -0.75962220 0.00561598 -1.05413600
v -0.76582400 0.00561393 -1.06090100
v -0.76582400 0.90690720 -1.14870600
v -0.76582400 0.00558742 -1.14835200
v -0.75962220 0.90690510 -1.15547200
v -0.75962220 0.00558536 -1.15511700
v 0.70835400 0.24301550 1.10670700
v 0.70215240 0.24895110 1.10670400
v 0.70835400 0.24895320 1.11346900
v 0.73072790 0.24895320 1.11346900
v 0.73072790 0.24301550 1.10670700
v 0.70835400 0.24236080 -1.05243300
v 0.73692930 0.24895110 1.10670400
v 0.73072790 0.24236080 -1.05243300
v 0.73692930 0.24829640 -1.05243500
v -0.67945800 0.00558536 -1.15511700
v -0.67325680 0.90690720 -1.14870600
v -0.67945800 0.90690510 -1.15547200
v -0.67325680 0.00558742 -1.14835200
v -0.67945800 -0.00034822 -1.14835000
v -0.67325680 0.90693370 -1.06125600
v -0.67945800 -0.00032171 -1.06089800
v -0.67325680 0.00561393 -1.06090100
v -0.67945800 0.90693580 -1.05449100
v -0.67945800 0.00561598 -1.05413600
v -0.67945800 0.00561598 -1.05413600
v -0.75962220 0.00561598 -1.05413600
v -0.75962220 0.90693580 -1.05449100
v -0.67945800 0.90693580 -1.05449100
v 0.73072790 0.24829440 -1.05920000
v 0.73692930 0.24829640 -1.05243500
v 0.73692930 0.36346000 -1.05248000
v 0.73072790 0.36345790 -1.05924600
v 0.70835400 0.24829440 -1.05920000
v 0.70835400 0.36345790 -1.05924600
v 0.70215240 0.24829640 -1.05243500
v 0.70215240 0.36345990 -1.05248000
v 0.70215240 0.24895110 1.10670400
v 0.70215240 0.24829640 -1.05243500
v 0.70215240 0.36345990 -1.05248000
v 0.70215240 0.36411460 1.10665900
v -0.73072750 0.24301550 1.10670700
v -0.73692810 0.24895110 1.10670400
v -0.73072750 0.24895320 1.11346900
v -0.70835260 0.24895320 1.11346900
v -0.70835260 0.24301550 1.10670700
v -0.73072750 0.24236080 -1.05243300
v -0.70215210 0.24895110 1.10670400
v -0.70835260 0.24236080 -1.05243300
v -0.70215210 0.24829640 -1.05243500
v 0.73072790 0.37005020 1.10665600
v 0.73692930 0.36411460 1.10665900
v 0.73072790 0.36411660 1.11342400
v 0.70835400 0.36411660 1.11342400
v 0.70835400 0.37005020 1.10665600
v 0.73072790 0.36939550 -1.05248300
v 0.70215240 0.36411460 1.10665900
v 0.70835400 0.36939550 -1.05248300
v 0.70215240 0.36345990 -1.05248000
v 0.73692930 0.24829640 -1.05243500
v 0.73692930 0.24895110 1.10670400
v 0.73692930 0.36411460 1.10665900
v 0.73692930 0.36346000 -1.05248000
v 0.73072790 0.36411660 1.11342400
v 0.73692930 0.36411460 1.10665900
v 0.73692930 0.24895110 1.10670400
v 0.73072790 0.24895320 1.11346900
v 0.70835400 0.36411660 1.11342400
v 0.70835400 0.24895320 1.11346900
v 0.70215240 0.36411460 1.10665900
v 0.70215240 0.24895110 1.10670400
v -0.73072750 0.24829440 -1.05920000
v -0.70835260 0.24829440 -1.05920000
v -0.70835260 0.36345790 -1.05924600
v -0.73072750 0.36345790 -1.05924600
v -0.73692810 0.24895110 1.10670400
v -0.73692810 0.24829640 -1.05243500
v -0.73692810 0.36345990 -1.05248000
v -0.73692810 0.36411460 1.10665900
v -0.71268340 0.24303120 1.15865800
v -0.71268340 0.24896480 1.15189100
v -0.71888460 0.24896690 1.15865600
v -0.71888460 0.24897430 1.18306300
v -0.71268340 0.24303870 1.18306500
v 0.71268430 0.24303120 1.15865800
v -0.71268340 0.24897630 1.18982900
v 0.71268430 0.24303870 1.18306500
v 0.71268430 0.24897630 1.18982900
v -0.70835260 0.37005020 1.10665600
v -0.70215210 0.36411460 1.10665900
v -0.70835260 0.36411660 1.11342400
v -0.73072750 0.36411660 1.11342400
v -0.73072750 0.37005020 1.10665600
v -0.70835260 0.36939550 -1.05248300
v -0.73692810 0.36411460 1.10665900
v -0.73072750 0.36939550 -1.05248300
v -0.73692810 0.36345990 -1.05248000
v -0.70215210 0.24829640 -1.05243500
v -0.70215210 0.24895110 1.10670400
v -0.70215210 0.36411460 1.10665900
v -0.70215210 0.36345990 -1.05248000
v -0.70835260 0.24829440 -1.05920000
v -0.70835260 0.36345790 -1.05924600
v -0.70835260 0.36411660 1.11342400
v -0.70215210 0.36411460 1.10665900
v -0.70215210 0.24895110 1.10670400
v -0.70835260 0.24895320 1.11346900
v -0.73072750 0.36411660 1.11342400
v -0.73072750 0.24895320 1.11346900
v -0.73692810 0.36411460 1.10665900
v -0.73692810 0.24895110 1.10670400
v 0.71888530 0.24896690 1.15865600
v 0.71888530 0.24897430 1.18306300
v 0.71888530 0.36413780 1.18301700
v 0.71888530 0.36413030 1.15861100
v -0.71268340 0.24896480 1.15189100
v 0.71268430 0.24896480 1.15189100
v 0.71268430 0.36412830 1.15184600
v -0.71268340 0.36412830 1.15184600
v -0.71888460 0.24896690 1.15865600
v -0.71888460 0.36413030 1.15861100
v -0.71268340 0.37007330 1.18301500
v -0.71268340 0.36413980 1.18978300
v -0.71888460 0.36413780 1.18301700
v -0.71888460 0.36413030 1.15861100
v -0.71268340 0.37006590 1.15860800
v 0.71268430 0.37007330 1.18301500
v -0.71268340 0.36412830 1.15184600
v 0.71268430 0.37006590 1.15860800
v 0.71268430 0.36412830 1.15184600
v 0.71268430 0.24897630 1.18982900
v -0.71268340 0.24897630 1.18982900
v -0.71268340 0.36413980 1.18978300
v 0.71268430 0.36413980 1.18978300
v 0.71888530 0.24897430 1.18306300
v 0.71888530 0.36413780 1.18301700
v -0.71888460 0.24897430 1.18306300
v -0.71888460 0.24896690 1.15865600
v -0.71888460 0.36413030 1.15861100
v -0.71888460 0.36413780 1.18301700
v 0.71888530 0.24235170 -1.08272300
v -0.71888460 0.24235170 -1.08272300
v -0.71888460 0.36938630 -1.08277300
v 0.71888530 0.36938630 -1.08277300
v -0.71888460 0.24235170 -1.08272300
v -0.71888460 0.24234010 -1.12066200
v -0.71888460 0.36937480 -1.12071200
v -0.71888460 0.36938630 -1.08277300
v -0.71888460 0.24234010 -1.12066200
v 0.71888530 0.24234010 -1.12066200
v 0.71888530 0.36937480 -1.12071200
v -0.71888460 0.36937480 -1.12071200
v 0.71888530 0.24234010 -1.12066200
v 0.71888530 0.24235170 -1.08272300
v 0.71888530 0.36938630 -1.08277300
v 0.71888530 0.36937480 -1.12071200
v -0.71888460 0.24235170 -1.08272300
v 0.71888530 0.24235170 -1.08272300
v 0.71888530 0.24234010 -1.12066200
v -0.71888460 0.24234010 -1.12066200
v -0.71888460 0.36937480 -1.12071200
v 0.71888530 0.36937480 -1.12071200
v 0.71888530 0.36938630 -1.08277300
v -0.71888460 0.36938630 -1.08277300
v 0.71700410 0.36648090 -1.09319800
v 0.71888530 0.36827620 -1.11283400
v 0.71700410 0.36647500 -1.11283300
v 0.71888530 0.36828210 -1.09319900
v 0.71888530 0.49171440 -1.09324800
v 0.71888530 0.49170840 -1.11288300
v 0.71700410 0.49350970 -1.11288300
v 0.71700410 0.49351560 -1.09324800
v -0.71700320 0.36827550 -1.11488800
v 0.71700410 0.36827550 -1.11488800
v 0.71700410 0.49170780 -1.11493600
v -0.71700320 0.49170780 -1.11493600
v -0.71888460 0.36827620 -1.11283400
v -0.71700320 0.36647500 -1.11283300
v -0.71888460 0.49170840 -1.11288300
v -0.71700320 0.49350970 -1.11288300
v 0.71700410 0.49350970 -1.11288300
v -0.71700260 0.49303590 -1.09324800
v 0.71700410 0.49303590 -1.09324800
v 0.71700410 0.49302990 -1.11288300
v -0.71700320 0.49302990 -1.11288300
v -0.71888460 0.49483710 -1.09324900
v -0.71888460 0.49483110 -1.11288500
v -0.71700320 0.49350970 -1.11288300
v 0.71700410 0.49350970 -1.11288300
v 0.71700410 0.49351560 -1.09324800
v -0.71700260 0.49351560 -1.09324800
v -0.71888460 0.49170840 -1.11288300
v -0.71888460 0.49171440 -1.09324800
v 0.71700410 0.36828280 -1.09114600
v -0.71700260 0.36828280 -1.09114600
v -0.71700260 0.49171500 -1.09119500
v 0.71700410 0.49171500 -1.09119500
v 0.71888530 0.36828210 -1.09319900
v 0.71700410 0.36648090 -1.09319800
v 0.71888530 0.49171440 -1.09324800
v 0.71700410 0.49351560 -1.09324800
v -0.71700260 0.49351560 -1.09324800
v -0.71888460 0.36828210 -1.09319900
v -0.71888460 0.36827620 -1.11283400
v -0.71888460 0.49170840 -1.11288300
v -0.71888460 0.49171440 -1.09324800
v 0.71888530 0.49483110 -1.11288500
v 0.71888530 0.61826940 -1.09329800
v 0.71888530 0.61826340 -1.11293300
v 0.71888530 0.49483710 -1.09324900
v 0.71700410 0.49303590 -1.09324800
v 0.71700410 0.49302990 -1.11288300
v -0.71700320 0.49483050 -1.11493600
v 0.71700410 0.49483050 -1.11493600
v 0.71700410 0.61826280 -1.11498500
v -0.71700320 0.61826280 -1.11498500
v -0.71888460 0.49483110 -1.11288500
v -0.71700320 0.49302990 -1.11288300
v -0.71888460 0.61826340 -1.11293300
v -0.71700320 0.62006460 -1.11293300
v 0.71888530 0.62161550 -1.11293500
v 0.71888530 0.74505380 -1.09334700
v 0.71888530 0.74504770 -1.11298300
v 0.71888530 0.62162140 -1.09329800
v 0.71700410 0.61982030 -1.09329800
v 0.71700410 0.61981440 -1.11293300
v -0.71700260 0.62007060 -1.09329800
v -0.71700260 0.61827000 -1.09124500
v -0.71888460 0.61826940 -1.09329800
v -0.71888460 0.61826340 -1.11293300
v -0.71700320 0.62006460 -1.11293300
v 0.71700410 0.62007060 -1.09329800
v 0.71700410 0.62006460 -1.11293300
v 0.71700410 0.61826280 -1.11498500
v -0.71700320 0.61826280 -1.11498500
v 0.71700410 0.49483770 -1.09119600
v -0.71700260 0.49483770 -1.09119600
v -0.71700260 0.61827000 -1.09124500
v 0.71700410 0.61827000 -1.09124500
v 0.71888530 0.49483710 -1.09324900
v 0.71700410 0.49303590 -1.09324800
v 0.71888530 0.61826940 -1.09329800
v -0.71888460 0.49483710 -1.09324900
v -0.71888460 0.49483110 -1.11288500
v -0.71888460 0.61826340 -1.11293300
v -0.71888460 0.61826940 -1.09329800
v -0.71700260 0.36648090 -1.09319800
v 0.71700410 0.36828280 -1.09114600
v 0.71700410 0.36648090 -1.09319800
v -0.71700260 0.36828280 -1.09114600
v -0.71888460 0.36828210 -1.09319900
v -0.71888460 0.49171440 -1.09324800
v -0.71700260 0.49171500 -1.09119500
v -0.71700260 0.49351560 -1.09324800
v 0.71700410 0.36647500 -1.11283300
v -0.71700320 0.36827550 -1.11488800
v -0.71700320 0.36647500 -1.11283300
v 0.71700410 0.36827550 -1.11488800
v 0.71888530 0.36827620 -1.11283400
v 0.71888530 0.49170840 -1.11288300
v 0.71700410 0.49170780 -1.11493600
v 0.71700410 0.49350970 -1.11288300
v 0.71700410 0.62007060 -1.09329800
v -0.71700260 0.61827000 -1.09124500
v -0.71700260 0.62007060 -1.09329800
v 0.71700410 0.61827000 -1.09124500
v 0.71888530 0.61826940 -1.09329800
v 0.71700410 0.62006460 -1.11293300
v 0.71888530 0.61826340 -1.11293300
v 0.71700410 0.61826280 -1.11498500
v -0.71700260 0.49303590 -1.09324800
v 0.71700410 0.49483770 -1.09119600
v 0.71700410 0.49303590 -1.09324800
v -0.71700260 0.49483770 -1.09119600
v -0.71888460 0.49483710 -1.09324900
v -0.71888460 0.61826940 -1.09329800
v -0.71700260 0.61827000 -1.09124500
v 0.71700410 0.49302990 -1.11288300
v -0.71700320 0.49483050 -1.11493600
v -0.71700320 0.49302990 -1.11288300
v 0.71700410 0.49483050 -1.11493600
v 0.71888530 0.49483110 -1.11288500
v 0.71888530 0.61826340 -1.11293300
v 0.71700410 0.61826280 -1.11498500
v -0.71700320 0.36647500 -1.11283300
v -0.71888460 0.36827620 -1.11283400
v -0.71888460 0.36828210 -1.09319900
v -0.71700260 0.36648090 -1.09319800
v 0.71700410 0.36647500 -1.11283300
v 0.71700410 0.36648090 -1.09319800
v -0.71700320 0.62161490 -1.11498700
v 0.71700410 0.62161490 -1.11498700
v 0.71700410 0.74504720 -1.11503500
v -0.71700320 0.74504720 -1.11503500
v -0.71888460 0.62161550 -1.11293500
v -0.71700320 0.61981430 -1.11293300
v -0.71888460 0.74504770 -1.11298300
v -0.71700320 0.74684890 -1.11298300
v -0.71700320 0.74636930 -1.11298300
v -0.71888460 0.74817060 -1.11298300
v -0.71888460 0.74817650 -1.09334800
v -0.71700260 0.74637530 -1.09334800
v 0.71700410 0.74636930 -1.11298300
v -0.71700260 0.74817710 -1.09129600
v 0.71700410 0.74637530 -1.09334800
v 0.71700410 0.74817710 -1.09129600
v -0.71700260 0.74685480 -1.09334800
v -0.71700260 0.74505440 -1.09129500
v -0.71888460 0.74505380 -1.09334700
v -0.71888460 0.74504770 -1.11298300
v -0.71700320 0.74684890 -1.11298300
v 0.71700410 0.74685480 -1.09334800
v 0.71700410 0.74684890 -1.11298300
v 0.71700410 0.74504720 -1.11503500
v -0.71700320 0.74504720 -1.11503500
v 0.71700410 0.62162210 -1.09124600
v -0.71700260 0.62162210 -1.09124600
v -0.71700260 0.74505440 -1.09129500
v 0.71700410 0.74505440 -1.09129500
v 0.71888530 0.62162140 -1.09329800
v 0.71700410 0.61982030 -1.09329800
v 0.71888530 0.74505380 -1.09334700
v -0.71888460 0.62162140 -1.09329800
v -0.71888460 0.74504770 -1.11298300
v -0.71888460 0.74505380 -1.09334700
v -0.71888460 0.62161550 -1.11293500
v -0.71700320 0.61981430 -1.11293300
v -0.71700260 0.61982040 -1.09329800
v 0.71888530 0.74817060 -1.11298300
v 0.71888530 0.74817650 -1.09334800
v 0.71888530 0.87160880 -1.09339700
v 0.71888530 0.87160280 -1.11303200
v -0.71700320 0.74816980 -1.11503700
v 0.71700410 0.74816990 -1.11503700
v 0.71700410 0.87160220 -1.11508500
v -0.71700320 0.87160220 -1.11508500
v -0.71888460 0.74817060 -1.11298300
v -0.71700320 0.74636930 -1.11298300
v -0.71888460 0.87160280 -1.11303200
v -0.71700320 0.87340400 -1.11303300
v -0.71700260 0.87340990 -1.09339800
v -0.71700260 0.87160930 -1.09134500
v -0.71888460 0.87160880 -1.09339700
v -0.71888460 0.87160280 -1.11303200
v -0.71700320 0.87340400 -1.11303300
v 0.71700410 0.87340990 -1.09339800
v 0.71700410 0.87340400 -1.11303300
v 0.71700410 0.87160220 -1.11508500
v -0.71700320 0.87160220 -1.11508500
v 0.71700410 0.74817710 -1.09129600
v -0.71700260 0.74817710 -1.09129600
v -0.71700260 0.87160930 -1.09134500
v 0.71700410 0.87160930 -1.09134400
v 0.71888530 0.74817650 -1.09334800
v 0.71888530 0.87160880 -1.09339700
v -0.71888460 0.74817650 -1.09334800
v -0.71888460 0.74817060 -1.11298300
v -0.71888460 0.87160280 -1.11303200
v -0.71888460 0.87160880 -1.09339700
v 0.71700410 0.74685480 -1.09334800
v -0.71700260 0.74505440 -1.09129500
v -0.71700260 0.74685480 -1.09334800
v 0.71700410 0.74505440 -1.09129500
v 0.71888530 0.74505380 -1.09334700
v 0.71700410 0.74684890 -1.11298300
v 0.71888530 0.74504770 -1.11298300
v 0.71700410 0.74504720 -1.11503500
v -0.71700260 0.61982040 -1.09329800
v 0.71700410 0.62162210 -1.09124600
v 0.71700410 0.61982030 -1.09329800
v -0.71700260 0.62162210 -1.09124600
v -0.71888460 0.62162140 -1.09329800
v -0.71888460 0.74505380 -1.09334700
v -0.71700260 0.74505440 -1.09129500
v 0.71700410 0.61981440 -1.11293300
v -0.71700320 0.62161490 -1.11498700
v -0.71700320 0.61981430 -1.11293300
v 0.71700410 0.62161490 -1.11498700
v 0.71888530 0.62161550 -1.11293500
v 0.71888530 0.74504770 -1.11298300
v 0.71700410 0.74504720 -1.11503500
v 0.71700410 0.74637530 -1.09334800
v 0.71700410 0.74817710 -1.09129600
v 0.71888530 0.74817650 -1.09334800
v 0.71888530 0.74817060 -1.11298300
v 0.71700410 0.74636930 -1.11298300
v 0.71700410 0.74816990 -1.11503700
v -0.71700320 0.74816980 -1.11503700
v -0.71700320 0.74636930 -1.11298300
v 0.71700410 0.87340990 -1.09339800
v -0.71700260 0.87160930 -1.09134500
v -0.71700260 0.87340990 -1.09339800
v 0.71700410 0.87160930 -1.09134400
v 0.71888530 0.87160880 -1.09339700
v 0.71700410 0.87340400 -1.11303300
v 0.71888530 0.87160280 -1.11303200
v 0.71700410 0.87160220 -1.11508500
v -0.71888460 0.87160880 -1.09339700
v -0.71700260 0.87160930 -1.09134500
v -0.71700260 0.74817710 -1.09129600
v -0.71888460 0.74817650 -1.09334800
v 0.71888530 0.87160280 -1.11303200
v 0.71700410 0.87160220 -1.11508500
v 0.71700410 0.74816990 -1.11503700
v 0.71888530 0.74817060 -1.11298300
v -0.71700260 0.61982040 -1.09329800
v 0.71700410 0.61982030 -1.09329800
v 0.71700410 0.61981440 -1.11293300
v -0.71700320 0.61981430 -1.11293300
v 0.71888530 0.30450290 1.10459500
v -0.71888460 0.30450290 1.10459500
v -0.71888460 0.30445890 0.95981200
v 0.71888530 0.30445900 0.95981200
v -0.71888460 0.30450290 1.10459500
v -0.71888460 0.27121570 1.10460800
v -0.71888460 0.27117180 0.95982420
v -0.71888460 0.30445890 0.95981200
v -0.71888460 0.27121570 1.10460800
v 0.71888530 0.27121590 1.10460800
v 0.71888530 0.27117200 0.95982420
v -0.71888460 0.27117180 0.95982420
v 0.71888530 0.27121590 1.10460800
v 0.71888530 0.30450290 1.10459500
v 0.71888530 0.30445900 0.95981200
v 0.71888530 0.27117200 0.95982420
v -0.71888460 0.30450290 1.10459500
v 0.71888530 0.30450290 1.10459500
v 0.71888530 0.27121590 1.10460800
v -0.71888460 0.27121570 1.10460800
v -0.71888460 0.27117180 0.95982420
v 0.71888530 0.27117200 0.95982420
v 0.71888530 0.30445900 0.95981200
v -0.71888460 0.30445890 0.95981200
v 0.71888530 0.30441650 0.81972900
v -0.71888460 0.30441650 0.81972900
v -0.71888460 0.30437250 0.67494510
v 0.71888530 0.30437260 0.67494510
v -0.71888460 0.30441650 0.81972900
v -0.71888460 0.27112930 0.81974240
v -0.71888460 0.27108540 0.67495850
v -0.71888460 0.30437250 0.67494510
v -0.71888460 0.27112930 0.81974240
v 0.71888530 0.27112950 0.81974240
v 0.71888530 0.27108560 0.67495850
v -0.71888460 0.27108540 0.67495850
v 0.71888530 0.27112950 0.81974240
v 0.71888530 0.30441650 0.81972900
v 0.71888530 0.30437260 0.67494510
v 0.71888530 0.27108560 0.67495850
v -0.71888460 0.30441650 0.81972900
v 0.71888530 0.30441650 0.81972900
v 0.71888530 0.27112950 0.81974240
v -0.71888460 0.27112930 0.81974240
v -0.71888460 0.27108540 0.67495850
v 0.71888530 0.27108560 0.67495850
v 0.71888530 0.30437260 0.67494510
v -0.71888460 0.30437250 0.67494510
v 0.71888530 0.30433010 0.53464970
v -0.71888460 0.30433010 0.53464970
v -0.71888460 0.30428610 0.38986570
v 0.71888530 0.30428620 0.38986570
v -0.71888460 0.30433010 0.53464970
v -0.71888460 0.27104300 0.53466310
v -0.71888460 0.27099910 0.38987790
v -0.71888460 0.30428610 0.38986570
v -0.71888460 0.27104300 0.53466310
v 0.71888530 0.27104320 0.53466310
v 0.71888530 0.27099930 0.38987790
v -0.71888460 0.27099910 0.38987790
v 0.71888530 0.27104320 0.53466310
v 0.71888530 0.30433010 0.53464970
v 0.71888530 0.30428620 0.38986570
v 0.71888530 0.27099930 0.38987790
v -0.71888460 0.30433010 0.53464970
v 0.71888530 0.30433010 0.53464970
v 0.71888530 0.27104320 0.53466310
v -0.71888460 0.27104300 0.53466310
v -0.71888460 0.27099910 0.38987790
v 0.71888530 0.27099930 0.38987790
v 0.71888530 0.30428620 0.38986570
v -0.71888460 0.30428610 0.38986570
v 0.71888530 0.30424370 0.24978270
v -0.71888460 0.30424370 0.24978270
v -0.71888460 0.30419970 0.10499880
v 0.71888530 0.30419990 0.10499880
v -0.71888460 0.30424370 0.24978270
v -0.71888460 0.27095650 0.24979610
v -0.71888460 0.27091270 0.10501220
v -0.71888460 0.30419970 0.10499880
v -0.71888460 0.27095650 0.24979610
v 0.71888530 0.27095680 0.24979610
v 0.71888530 0.27091290 0.10501220
v -0.71888460 0.27091270 0.10501220
v 0.71888530 0.27095680 0.24979610
v 0.71888530 0.30424370 0.24978270
v 0.71888530 0.30419990 0.10499880
v 0.71888530 0.27091290 0.10501220
v -0.71888460 0.30424370 0.24978270
v 0.71888530 0.30424370 0.24978270
v 0.71888530 0.27095680 0.24979610
v -0.71888460 0.27095650 0.24979610
v -0.71888460 0.27091270 0.10501220
v 0.71888530 0.27091290 0.10501220
v 0.71888530 0.30419990 0.10499880
v -0.71888460 0.30419970 0.10499880
v 0.71888530 0.30415420 -0.04541260
v -0.71888460 0.30415420 -0.04541260
v -0.71888460 0.30411030 -0.19019650
v 0.71888530 0.30411030 -0.19019650
v -0.71888460 0.30415420 -0.04541260
v -0.71888460 0.27086710 -0.04539917
v -0.71888460 0.27082320 -0.19018430
v -0.71888460 0.30411030 -0.19019650
v -0.71888460 0.27086710 -0.04539917
v 0.71888530 0.27086730 -0.04539917
v 0.71888530 0.27082340 -0.19018430
v -0.71888460 0.27082320 -0.19018430
v 0.71888530 0.27086730 -0.04539917
v 0.71888530 0.30415420 -0.04541260
v 0.71888530 0.30411030 -0.19019650
v 0.71888530 0.27082340 -0.19018430
v -0.71888460 0.30415420 -0.04541260
v 0.71888530 0.30415420 -0.04541260
v 0.71888530 0.27086730 -0.04539917
v -0.71888460 0.27086710 -0.04539917
v -0.71888460 0.27082320 -0.19018430
v 0.71888530 0.27082340 -0.19018430
v 0.71888530 0.30411030 -0.19019650
v -0.71888460 0.30411030 -0.19019650
v 0.71888530 0.30406790 -0.33027950
v -0.71888460 0.30406780 -0.33027950
v -0.71888460 0.30402390 -0.47506350
v 0.71888530 0.30402400 -0.47506350
v -0.71888460 0.30406780 -0.33027950
v -0.71888460 0.27078070 -0.33026610
v -0.71888460 0.27073680 -0.47505000
v -0.71888460 0.30402390 -0.47506350
v -0.71888460 0.27078070 -0.33026610
v 0.71888530 0.27078090 -0.33026610
v 0.71888530 0.27073700 -0.47505000
v -0.71888460 0.27073680 -0.47505000
v 0.71888530 0.27078090 -0.33026610
v 0.71888530 0.30406790 -0.33027950
v 0.71888530 0.30402400 -0.47506350
v 0.71888530 0.27073700 -0.47505000
v -0.71888460 0.30406780 -0.33027950
v 0.71888530 0.30406790 -0.33027950
v 0.71888530 0.27078090 -0.33026610
v -0.71888460 0.27078070 -0.33026610
v -0.71888460 0.27073680 -0.47505000
v 0.71888530 0.27073700 -0.47505000
v 0.71888530 0.30402400 -0.47506350
v -0.71888460 0.30402390 -0.47506350
v 0.71888530 0.30398140 -0.61535890
v -0.71888460 0.30398130 -0.61535890
v -0.71888460 0.30393750 -0.76014280
v 0.71888530 0.30393750 -0.76014280
v -0.71888460 0.30398130 -0.61535890
v -0.71888460 0.27069430 -0.61534540
v -0.71888460 0.27065040 -0.76012940
v -0.71888460 0.30393750 -0.76014280
v -0.71888460 0.27069430 -0.61534540
v 0.71888530 0.27069450 -0.61534540
v 0.71888530 0.27065060 -0.76012940
v -0.71888460 0.27065040 -0.76012940
v 0.71888530 0.27069450 -0.61534540
v 0.71888530 0.30398140 -0.61535890
v 0.71888530 0.30393750 -0.76014280
v 0.71888530 0.27065060 -0.76012940
v -0.71888460 0.30398130 -0.61535890
v 0.71888530 0.30398140 -0.61535890
v 0.71888530 0.27069450 -0.61534540
v -0.71888460 0.27069430 -0.61534540
v -0.71888460 0.27065040 -0.76012940
v 0.71888530 0.27065060 -0.76012940
v 0.71888530 0.30393750 -0.76014280
v -0.71888460 0.30393750 -0.76014280
v 0.71888530 0.30391160 -0.84581540
v -0.71888460 0.30391140 -0.84581540
v -0.71888460 0.30386750 -0.99059930
v 0.71888530 0.30386760 -0.99059930
v -0.71888460 0.30391140 -0.84581540
v -0.71888460 0.27062440 -0.84580200
v -0.71888460 0.27058050 -0.99058590
v -0.71888460 0.30386750 -0.99059930
v -0.71888460 0.27062440 -0.84580200
v 0.71888530 0.27062460 -0.84580200
v 0.71888530 0.27058070 -0.99058590
v -0.71888460 0.27058050 -0.99058590
v 0.71888530 0.27062460 -0.84580200
v 0.71888530 0.30391160 -0.84581540
v 0.71888530 0.30386760 -0.99059930
v 0.71888530 0.27058070 -0.99058590
v -0.71888460 0.30391140 -0.84581540
v 0.71888530 0.30391160 -0.84581540
v 0.71888530 0.27062460 -0.84580200
v -0.71888460 0.27062440 -0.84580200
v -0.71888460 0.27058050 -0.99058590
v 0.71888530 0.27058070 -0.99058590
v 0.71888530 0.30386760 -0.99059930
v -0.71888460 0.30386750 -0.99059930
v 0.73072790 0.24236080 -1.05243300
v 0.73692930 0.24829640 -1.05243500
v 0.73072790 0.24829440 -1.05920000
v 0.70835400 0.24829440 -1.05920000
v 0.70835400 0.24236080 -1.05243300
v 0.70215240 0.24829640 -1.05243500
v 0.70215240 0.24895110 1.10670400
v 0.70835400 0.24301550 1.10670700
v 0.73072790 0.36939550 -1.05248300
v 0.73692930 0.36411460 1.10665900
v 0.73072790 0.37005020 1.10665600
v 0.73692930 0.36346000 -1.05248000
v 0.73072790 0.36345790 -1.05924600
v 0.70835400 0.36939550 -1.05248300
v 0.70835400 0.36345790 -1.05924600
v 0.70215240 0.36345990 -1.05248000
v -0.70835260 0.24236080 -1.05243300
v -0.70215210 0.24829640 -1.05243500
v -0.70835260 0.24829440 -1.05920000
v -0.73072750 0.24829440 -1.05920000
v -0.73072750 0.24236080 -1.05243300
v -0.73692810 0.24829640 -1.05243500
v -0.73692810 0.24895110 1.10670400
v -0.73072750 0.24301550 1.10670700
v -0.70835260 0.36939550 -1.05248300
v -0.70215210 0.36411460 1.10665900
v -0.70835260 0.37005020 1.10665600
v -0.70215210 0.36345990 -1.05248000
v -0.70835260 0.36345790 -1.05924600
v -0.73072750 0.36939550 -1.05248300
v -0.73072750 0.36345790 -1.05924600
v -0.73692810 0.36345990 -1.05248000
v 0.71268430 0.24303870 1.18306500
v 0.71268430 0.24897630 1.18982900
v 0.71888530 0.24897430 1.18306300
v 0.71888530 0.24896690 1.15865600
v 0.71268430 0.24303120 1.15865800
v 0.71268430 0.24896480 1.15189100
v -0.71268340 0.24896480 1.15189100
v -0.71268340 0.24303120 1.15865800
v 0.71268430 0.37007330 1.18301500
v -0.71268340 0.36413980 1.18978300
v -0.71268340 0.37007330 1.18301500
v 0.71268430 0.36413980 1.18978300
v 0.71888530 0.36413780 1.18301700
v 0.71268430 0.37006590 1.15860800
v 0.71888530 0.36413030 1.15861100
v 0.71268430 0.36412830 1.15184600
v -0.73072750 0.36345790 -1.05924600
v -0.73692810 0.36345990 -1.05248000
v -0.73692810 0.24829640 -1.05243500
v -0.73072750 0.24829440 -1.05920000
v -0.71888460 0.36413780 1.18301700
v -0.71268340 0.36413980 1.18978300
v -0.71268340 0.24897630 1.18982900
v -0.71888460 0.24897430 1.18306300
v 0.71888530 0.36413030 1.15861100
v 0.71268430 0.36412830 1.15184600
v 0.71268430 0.24896480 1.15189100
v 0.71888530 0.24896690 1.15865600
v 0.75962310 0.51569690 1.20255700
v 0.76582460 0.50976130 1.20255900
v 0.75962310 0.50976340 1.20932500
v 0.67945870 0.50976340 1.20932500
v 0.75962310 0.51567040 1.11510600
v 0.76582460 0.50973480 1.11510900
v 0.75962310 0.50973270 1.10834300
v 0.67945870 0.51569690 1.20255700
v 0.67325710 0.50976130 1.20255900
v 0.67325710 0.50973480 1.11510900
v 0.67945870 0.51567040 1.11510600
v 0.67945870 0.50973270 1.10834300
v 0.75962310 -0.00034822 -1.14835000
v 0.76582460 0.00558742 -1.14835200
v 0.75962310 0.00558536 -1.15511700
v 0.67945870 0.00558536 -1.15511700
v 0.75962310 -0.00032171 -1.06089800
v 0.76582460 0.00561393 -1.06090100
v 0.75962310 0.00561598 -1.05413600
v 0.67945870 -0.00034822 -1.14835000
v 0.67325710 0.00558742 -1.14835200
v 0.67325710 0.00561393 -1.06090100
v 0.67945870 -0.00032171 -1.06089800
v 0.67945870 0.00561598 -1.05413600
v 0.75962310 0.91286940 -1.06125900
v 0.76582460 0.90693370 -1.06125600
v 0.75962310 0.90693580 -1.05449100
v 0.67945870 0.90693580 -1.05449100
v 0.75962310 0.91284290 -1.14870800
v 0.76582460 0.90690720 -1.14870600
v 0.75962310 0.90690510 -1.15547200
v 0.67945870 0.91286940 -1.06125900
v 0.67325710 0.90693370 -1.06125600
v 0.67325710 0.90690720 -1.14870600
v 0.67945870 0.91284290 -1.14870800
v 0.67945870 0.90690510 -1.15547200
v -0.67945800 0.91286940 -1.06125900
v -0.67325680 0.90693370 -1.06125600
v -0.67945800 0.90693580 -1.05449100
v -0.75962220 0.90693580 -1.05449100
v -0.67945800 0.91284290 -1.14870800
v -0.67325680 0.90690720 -1.14870600
v -0.67945800 0.90690510 -1.15547200
v -0.75962220 0.91286940 -1.06125900
v -0.76582400 0.90693370 -1.06125600
v -0.76582400 0.90690720 -1.14870600
v -0.75962220 0.91284290 -1.14870800
v -0.75962220 0.90690510 -1.15547200
v -0.67945800 0.00036466 1.20276000
v -0.67945800 0.00630235 1.20952300
v -0.67325680 0.00630030 1.20275800
v -0.67945800 0.50976340 1.20932500
v -0.67325680 0.00627378 1.11530600
v -0.67945800 0.00033814 1.11530900
v -0.67945800 0.00627173 1.10854200
v -0.67325680 0.50976130 1.20255900
v -0.67945800 0.51569690 1.20255700
v -0.67945800 0.51567040 1.11510600
v -0.67325680 0.50973470 1.11510900
v -0.67945800 0.50973280 1.10834300
v 0.75962310 0.00033814 1.11530900
v 0.76582460 0.00627378 1.11530600
v 0.75962310 0.00627173 1.10854200
v 0.67945870 0.00627173 1.10854200
v 0.75962310 0.00036466 1.20276000
v 0.76582460 0.00630030 1.20275800
v 0.75962310 0.00630235 1.20952300
v 0.67945870 0.00033814 1.11530900
v 0.67325710 0.00627378 1.11530600
v 0.67325710 0.00630030 1.20275800
v 0.67945870 0.00036466 1.20276000
v 0.67945870 0.00630235 1.20952300
vn 0.07775193 -0.01327964 -0.99688430
vn 0.99778620 -0.01189186 -0.06543226
vn 0.99778560 0.01184174 -0.06544908
vn 0.07780524 0.01249385 -0.99689020
vn -0.07778609 -0.01327968 -0.99688170
vn -0.07777017 0.01249400 -0.99689300
vn -0.99778540 -0.01189253 -0.06544203
vn -0.99778490 0.01184285 -0.06546128
vn -0.99778560 -0.01184266 0.06544940
vn -0.99778540 -0.01189253 -0.06544203
vn -0.99778490 0.01184285 -0.06546128
vn -0.99778580 0.01189355 0.06543626
vn 0.06706443 -0.99587150 -0.06117407
vn 0.07775202 -0.01327974 -0.99688430
vn -0.07778608 -0.01327962 -0.99688170
vn -0.06706666 -0.99587140 -0.06117439
vn -0.99778530 -0.01189282 -0.06544360
vn 0.06706207 -0.99583440 0.06177897
vn -0.99778540 -0.01184364 0.06545100
vn -0.06706363 -0.99583420 0.06177904
vn 0.07776684 -0.01249637 0.99689330
vn -0.07776667 -0.01249618 0.99689330
vn 0.99778620 -0.01189186 -0.06543226
vn 0.99778570 -0.01184272 0.06544799
vn 0.99778590 0.01189272 0.06543486
vn 0.99778560 0.01184174 -0.06544908
vn 0.07778196 0.01327979 0.99688200
vn 0.99778590 0.01189272 0.06543486
vn 0.99778570 -0.01184272 0.06544799
vn 0.07776647 -0.01249632 0.99689330
vn -0.07778163 0.01327963 0.99688210
vn -0.07776667 -0.01249622 0.99689330
vn -0.99778580 0.01189355 0.06543626
vn -0.99778560 -0.01184266 0.06544940
vn -0.07778608 -0.01327962 -0.99688170
vn 0.07775202 -0.01327974 -0.99688430
vn 0.07777645 0.01249388 -0.99689250
vn -0.07777017 0.01249396 -0.99689300
vn -0.99778530 -0.01189282 -0.06544360
vn -0.99778480 0.01184383 -0.06546288
vn -0.99778540 -0.01184364 0.06545100
vn -0.99778530 -0.01189282 -0.06544360
vn -0.99778480 0.01184383 -0.06546288
vn -0.99778570 0.01189407 0.06543785
vn 0.06706229 0.99587170 0.06117341
vn 0.07777490 0.01327974 0.99688260
vn -0.07778156 0.01327963 0.99688210
vn -0.06706146 0.99587170 0.06117348
vn -0.99778570 0.01189407 0.06543785
vn 0.06706095 0.99583450 -0.06177828
vn -0.99778480 0.01184383 -0.06546288
vn -0.06706133 0.99583440 -0.06177889
vn 0.07777645 0.01249388 -0.99689250
vn -0.07777017 0.01249396 -0.99689300
vn 0.07776684 -0.01249637 0.99689330
vn -0.07778156 0.01327963 0.99688210
vn 0.07777490 0.01327974 0.99688260
vn -0.07776667 -0.01249618 0.99689330
vn -0.99778570 0.01189407 0.06543785
vn -0.99778540 -0.01184364 0.06545100
vn 0.07791188 -0.00762847 -0.99693110
vn 0.99782760 -0.00668766 -0.06553817
vn 0.99782640 0.00663752 -0.06556147
vn 0.07794653 0.00684380 -0.99693410
vn -0.07795102 -0.00762848 -0.99692800
vn -0.07790688 0.00684395 -0.99693720
vn -0.99782720 -0.00668786 -0.06554460
vn -0.99782680 0.00663773 -0.06555566
vn -0.99782690 -0.00663708 0.06555445
vn -0.99782720 -0.00668786 -0.06554460
vn -0.99782680 0.00663773 -0.06555566
vn -0.99782720 0.00668827 0.06554316
vn 0.06706550 -0.99587150 -0.06117371
vn 0.07791230 -0.00762846 -0.99693100
vn -0.07795102 -0.00762841 -0.99692800
vn -0.06706750 -0.99587140 -0.06117401
vn -0.99782710 -0.00668824 -0.06554618
vn 0.06706114 -0.99583440 0.06177911
vn -0.99782680 -0.00663799 0.06555603
vn -0.06706274 -0.99583420 0.06177919
vn 0.07789841 -0.00684261 0.99693790
vn -0.07793687 -0.00684257 0.99693480
vn 0.99782760 -0.00668766 -0.06553817
vn 0.99782690 -0.00663743 0.06555409
vn 0.99782750 0.00668785 0.06554037
vn 0.99782640 0.00663752 -0.06556147
vn 0.07793005 0.00762853 0.99692970
vn 0.99782750 0.00668785 0.06554037
vn 0.99782690 -0.00663743 0.06555409
vn 0.07789802 -0.00684259 0.99693790
vn -0.07789048 0.00762856 0.99693270
vn -0.07793687 -0.00684259 0.99693480
vn -0.99782720 0.00668827 0.06554316
vn -0.99782690 -0.00663708 0.06555445
vn -0.07795102 -0.00762841 -0.99692800
vn 0.07791230 -0.00762846 -0.99693100
vn 0.07794693 0.00684378 -0.99693410
vn -0.07790687 0.00684393 -0.99693720
vn -0.99782720 0.00668812 0.06554476
vn -0.07789046 0.00762853 0.99693270
vn -0.07793687 -0.00684257 0.99693480
vn -0.99782680 -0.00663799 0.06555603
vn -0.99782660 0.00663777 -0.06555726
vn -0.99782710 -0.00668824 -0.06554618
vn -0.07790687 0.00684393 -0.99693720
vn -0.07795102 -0.00762841 -0.99692800
vn -0.20322940 -0.97912710 0.00280519
vn -0.99868970 -0.05109747 0.00283018
vn -0.22690910 -0.04974373 0.97264480
vn 0.22700950 -0.04974265 0.97262130
vn 0.20322560 -0.97912790 0.00280516
vn -0.20323760 -0.97912700 -0.00221131
vn 0.99868970 -0.05109713 0.00283009
vn 0.20324190 -0.97912610 -0.00221134
vn 0.99869020 -0.05108954 -0.00279822
vn 0.07791230 -0.00762846 -0.99693100
vn 0.99782660 0.00663708 -0.06555829
vn 0.07794693 0.00684378 -0.99693410
vn 0.99782780 -0.00668770 -0.06553499
vn 0.06706550 -0.99587150 -0.06117371
vn 0.99782770 0.00668793 0.06553716
vn 0.06706114 -0.99583440 0.06177911
vn 0.99782710 -0.00663703 0.06555089
vn 0.07793047 0.00762856 0.99692960
vn 0.07789841 -0.00684261 0.99693790
vn 0.07789841 -0.00684261 0.99693790
vn -0.07793687 -0.00684257 0.99693480
vn -0.07789046 0.00762853 0.99693270
vn 0.07793047 0.00762856 0.99692960
vn 0.22686930 -0.05050832 -0.97261460
vn 0.99869020 -0.05108954 -0.00279822
vn 0.99868970 0.05109711 -0.00282998
vn 0.22700490 0.04974263 -0.97262250
vn -0.22701420 -0.05050493 -0.97258100
vn -0.22684120 0.04974513 -0.97266060
vn -0.99869010 -0.05109189 -0.00279857
vn -0.99868970 0.05109746 -0.00282998
vn -0.99868970 -0.05109747 0.00283018
vn -0.99869010 -0.05109189 -0.00279857
vn -0.99868970 0.05109746 -0.00282998
vn -0.99869010 0.05109203 0.00279816
vn -0.20322230 -0.97912860 0.00280519
vn -0.99869020 -0.05108729 0.00282971
vn -0.22690910 -0.04974344 0.97264480
vn 0.22700790 -0.04974313 0.97262170
vn 0.20321840 -0.97912940 0.00280517
vn -0.20323300 -0.97912790 -0.00221134
vn 0.99869010 -0.05108973 0.00282969
vn 0.20323480 -0.97912760 -0.00221137
vn 0.99869070 -0.05107917 -0.00279782
vn 0.20324130 0.97912620 0.00221133
vn 0.99869020 0.05108959 0.00279831
vn 0.22691460 0.05050732 0.97260410
vn -0.22703050 0.05050589 0.97257710
vn -0.20323460 0.97912760 0.00221129
vn 0.20322120 0.97912880 -0.00280511
vn -0.99869010 0.05109203 0.00279816
vn -0.20322630 0.97912770 -0.00280520
vn -0.99868970 0.05109746 -0.00282998
vn 0.99869020 -0.05108954 -0.00279822
vn 0.99868970 -0.05109713 0.00283009
vn 0.99869020 0.05108959 0.00279831
vn 0.99868970 0.05109711 -0.00282998
vn 0.22691460 0.05050732 0.97260410
vn 0.99869020 0.05108959 0.00279831
vn 0.99868970 -0.05109713 0.00283009
vn 0.22700950 -0.04974265 0.97262130
vn -0.22703050 0.05050589 0.97257710
vn -0.22690910 -0.04974373 0.97264480
vn -0.99869010 0.05109203 0.00279816
vn -0.99868970 -0.05109747 0.00283018
vn -0.22701380 -0.05050528 -0.97258110
vn 0.22686790 -0.05050875 -0.97261500
vn 0.22699960 0.04974369 -0.97262360
vn -0.22685310 0.04974522 -0.97265770
vn -0.99869020 -0.05108729 0.00282971
vn -0.99869050 -0.05108151 -0.00279810
vn -0.99869020 0.05108727 -0.00282934
vn -0.99869050 0.05108165 0.00279770
vn -0.00380799 -0.98243500 -0.18656640
vn -0.00463399 -0.05608330 -0.99841540
vn -0.98017620 -0.04687726 -0.19250260
vn -0.98017990 -0.04673399 0.19251820
vn -0.00380800 -0.98232100 0.18716550
vn 0.00380791 -0.98243490 -0.18656700
vn -0.00463493 -0.05529906 0.99845910
vn 0.00380789 -0.98232150 0.18716280
vn 0.00463293 -0.05529891 0.99845910
vn 0.20323420 0.97912770 0.00221134
vn 0.99869070 0.05107923 0.00279791
vn 0.22691320 0.05050771 0.97260440
vn -0.22703000 0.05050625 0.97257720
vn -0.20322990 0.97912850 0.00221131
vn 0.20321530 0.97913010 -0.00280513
vn -0.99869050 0.05108165 0.00279770
vn -0.20321920 0.97912930 -0.00280516
vn -0.99869020 0.05108727 -0.00282934
vn 0.99869070 -0.05107917 -0.00279782
vn 0.99869010 -0.05108973 0.00282969
vn 0.99869070 0.05107923 0.00279791
vn 0.99869010 0.05108967 -0.00282955
vn 0.22686790 -0.05050875 -0.97261500
vn 0.22699960 0.04974369 -0.97262360
vn 0.22691320 0.05050771 0.97260440
vn 0.99869070 0.05107923 0.00279791
vn 0.99869010 -0.05108973 0.00282969
vn 0.22700790 -0.04974313 0.97262170
vn -0.22703000 0.05050625 0.97257720
vn -0.22690910 -0.04974344 0.97264480
vn -0.99869050 0.05108165 0.00279770
vn -0.99869020 -0.05108729 0.00282971
vn 0.98016180 -0.04689742 -0.19257060
vn 0.98016500 -0.04674370 0.19259160
vn 0.98017310 0.04688406 0.19251650
vn 0.98017210 0.04673446 -0.19255750
vn -0.00463399 -0.05608330 -0.99841540
vn 0.00462979 -0.05608346 -0.99841540
vn 0.00463503 0.05529893 -0.99845910
vn -0.00463068 0.05529905 -0.99845910
vn -0.98017620 -0.04687726 -0.19250260
vn -0.98015730 0.04675105 -0.19262920
vn -0.00380797 0.98243520 0.18656530
vn -0.00463177 0.05609343 0.99841480
vn -0.98016970 0.04689639 0.19253060
vn -0.98015730 0.04675105 -0.19262920
vn -0.00380750 0.98232090 -0.18716640
vn 0.00380792 0.98243530 0.18656500
vn -0.00463068 0.05529905 -0.99845910
vn 0.00380747 0.98232040 -0.18716880
vn 0.00463503 0.05529893 -0.99845910
vn 0.00463293 -0.05529891 0.99845910
vn -0.00463493 -0.05529906 0.99845910
vn -0.00463177 0.05609343 0.99841480
vn 0.00463405 0.05609350 0.99841480
vn 0.98016500 -0.04674370 0.19259160
vn 0.98017310 0.04688406 0.19251650
vn -0.98017990 -0.04673399 0.19251820
vn -0.98017620 -0.04687726 -0.19250260
vn -0.98015730 0.04675105 -0.19262920
vn -0.98016970 0.04689639 0.19253060
vn 0.00000000 0.00039398 1.00000000
vn 0.00000000 0.00039398 1.00000000
vn 0.00000000 0.00039398 1.00000000
vn 0.00000000 0.00039398 1.00000000
vn -1.00000000 -0.00000319 0.00000000
vn -1.00000000 -0.00000507 0.00000000
vn -1.00000000 0.00000319 0.00000000
vn -1.00000000 0.00000507 0.00000000
vn 0.00000000 -0.00039398 -1.00000000
vn 0.00000000 -0.00039398 -1.00000000
vn 0.00000000 -0.00039398 -1.00000000
vn 0.00000000 -0.00039398 -1.00000000
vn 1.00000000 0.00000000 0.00000000
vn 1.00000000 0.00000000 0.00000000
vn 1.00000000 0.00000000 0.00000000
vn 1.00000000 0.00000000 0.00000000
vn 0.00000000 -1.00000000 0.00030348
vn 0.00000000 -1.00000000 0.00030436
vn 0.00000000 -1.00000000 0.00030434
vn 0.00000000 -1.00000000 0.00030346
vn 0.00000000 1.00000000 -0.00030433
vn 0.00000000 1.00000000 -0.00030257
vn 0.00000000 1.00000000 -0.00030260
vn 0.00000000 1.00000000 -0.00030436
vn 0.00121427 -0.99654540 0.08304063
vn 0.99618520 -0.01454297 -0.08604310
vn 0.00121459 -0.99659630 -0.08242793
vn 0.99618500 -0.01448233 0.08605644
vn 0.99618920 0.01454534 0.08599706
vn 0.99618370 0.01447797 -0.08607228
vn 0.00121452 0.99654550 -0.08303903
vn 0.00121449 0.99659590 0.08243278
vn -0.00142267 -0.01678509 -0.99985810
vn 0.00142266 -0.01678458 -0.99985810
vn 0.00142235 0.01599568 -0.99987100
vn -0.00142236 0.01599519 -0.99987100
vn -0.99618360 -0.01455102 -0.08606189
vn -0.00121455 -0.99659620 -0.08242988
vn -0.99618390 0.01448063 -0.08606860
vn -0.00121454 0.99654550 -0.08303955
vn 0.00121452 0.99654550 -0.08303903
vn -0.00121431 -0.99654540 0.08304156
vn 0.00121440 -0.99654560 0.08303752
vn 0.00121458 -0.99659530 -0.08243871
vn -0.00121457 -0.99659570 -0.08243445
vn -0.99617820 -0.01448554 0.08613520
vn -0.99618360 -0.01455021 -0.08606207
vn -0.00121454 0.99654550 -0.08303955
vn 0.00121452 0.99654550 -0.08303903
vn 0.00121449 0.99659590 0.08243278
vn -0.00121444 0.99659540 0.08243782
vn -0.99618390 0.01448063 -0.08606860
vn -0.99618050 0.01455089 0.08609664
vn 0.00142046 -0.01598534 0.99987130
vn -0.00142266 -0.01598545 0.99987130
vn -0.00142212 0.01677470 0.99985830
vn 0.00142415 0.01677486 0.99985830
vn 0.99618500 -0.01448233 0.08605644
vn 0.00121427 -0.99654540 0.08304063
vn 0.99618920 0.01454534 0.08599706
vn 0.00121449 0.99659590 0.08243278
vn -0.00121444 0.99659540 0.08243782
vn -0.99617990 -0.01448578 0.08611524
vn -0.99618360 -0.01455102 -0.08606189
vn -0.99618390 0.01448063 -0.08606860
vn -0.99618050 0.01455089 0.08609664
vn 0.99618540 -0.01454206 -0.08604178
vn 0.99618910 0.01454557 0.08599836
vn 0.99618180 0.01447771 -0.08609448
vn 0.99618680 -0.01448212 0.08603581
vn 0.00121440 -0.99654560 0.08303752
vn 0.00121458 -0.99659530 -0.08243871
vn -0.00142052 -0.01677535 -0.99985830
vn 0.00142265 -0.01677484 -0.99985830
vn 0.00141989 0.01598598 -0.99987130
vn -0.00142204 0.01598544 -0.99987130
vn -0.99618360 -0.01455021 -0.08606207
vn -0.00121457 -0.99659570 -0.08243445
vn -0.99618210 0.01447991 -0.08609000
vn -0.00121471 0.99654450 -0.08305039
vn 0.99618180 -0.01454573 -0.08608327
vn 0.99618970 0.01454077 0.08599277
vn 0.99618610 0.01447662 -0.08604511
vn 0.99618490 -0.01448083 0.08605757
vn 0.00121451 -0.99654600 0.08303435
vn 0.00121448 -0.99659510 -0.08244177
vn -0.00121426 0.99659590 0.08243163
vn -0.00142212 0.01677470 0.99985830
vn -0.99618050 0.01455083 0.08609725
vn -0.99618210 0.01447991 -0.08609000
vn -0.00121471 0.99654450 -0.08305039
vn 0.00121430 0.99659590 0.08243275
vn 0.00121466 0.99654600 -0.08303439
vn 0.00141989 0.01598598 -0.99987130
vn -0.00142204 0.01598544 -0.99987130
vn 0.00142075 -0.01598534 0.99987130
vn -0.00142085 -0.01598544 0.99987130
vn -0.00142212 0.01677470 0.99985830
vn 0.00142201 0.01677485 0.99985830
vn 0.99618680 -0.01448212 0.08603581
vn 0.00121440 -0.99654560 0.08303752
vn 0.99618910 0.01454557 0.08599836
vn -0.99617820 -0.01448554 0.08613520
vn -0.99618360 -0.01455021 -0.08606207
vn -0.99618210 0.01447991 -0.08609000
vn -0.99618050 0.01455083 0.08609725
vn -0.00121418 -0.99654540 0.08304158
vn 0.00142046 -0.01598534 0.99987130
vn 0.00121427 -0.99654540 0.08304063
vn -0.00142266 -0.01598545 0.99987130
vn -0.99617990 -0.01448578 0.08611524
vn -0.99618050 0.01455089 0.08609664
vn -0.00142212 0.01677470 0.99985830
vn -0.00121444 0.99659540 0.08243782
vn 0.00121459 -0.99659630 -0.08242793
vn -0.00142267 -0.01678509 -0.99985810
vn -0.00121455 -0.99659620 -0.08242988
vn 0.00142266 -0.01678458 -0.99985810
vn 0.99618520 -0.01454297 -0.08604310
vn 0.99618370 0.01447797 -0.08607228
vn 0.00142235 0.01599568 -0.99987100
vn 0.00121452 0.99654550 -0.08303903
vn 0.00121430 0.99659590 0.08243275
vn -0.00142212 0.01677470 0.99985830
vn -0.00121426 0.99659590 0.08243163
vn 0.00142201 0.01677485 0.99985830
vn 0.99618910 0.01454557 0.08599836
vn 0.00121466 0.99654600 -0.08303439
vn 0.99618180 0.01447771 -0.08609448
vn 0.00141989 0.01598598 -0.99987130
vn -0.00121431 -0.99654540 0.08304156
vn 0.00142075 -0.01598534 0.99987130
vn 0.00121440 -0.99654560 0.08303752
vn -0.00142085 -0.01598544 0.99987130
vn -0.99617820 -0.01448554 0.08613520
vn -0.99618050 0.01455083 0.08609725
vn -0.00142212 0.01677470 0.99985830
vn 0.00121458 -0.99659530 -0.08243871
vn -0.00142052 -0.01677535 -0.99985830
vn -0.00121457 -0.99659570 -0.08243445
vn 0.00142265 -0.01677484 -0.99985830
vn 0.99618540 -0.01454206 -0.08604178
vn 0.99618180 0.01447771 -0.08609448
vn 0.00141989 0.01598598 -0.99987130
vn -0.00121455 -0.99659620 -0.08242988
vn -0.99618360 -0.01455102 -0.08606189
vn -0.99617990 -0.01448578 0.08611524
vn -0.00121418 -0.99654540 0.08304158
vn 0.00121459 -0.99659630 -0.08242793
vn 0.00121427 -0.99654540 0.08304063
vn -0.00142086 -0.01677537 -0.99985830
vn 0.00141874 -0.01677482 -0.99985830
vn 0.00142244 0.01598598 -0.99987130
vn -0.00142028 0.01598549 -0.99987130
vn -0.99618320 -0.01454768 -0.08606671
vn -0.00121470 -0.99659630 -0.08242827
vn -0.99618350 0.01448538 -0.08607446
vn -0.00121447 0.99654560 -0.08303799
vn -0.00121436 -0.99659630 -0.08242831
vn -0.99618500 -0.01455364 -0.08604395
vn -0.99617720 -0.01448424 0.08614609
vn -0.00121457 -0.99654560 0.08303837
vn 0.00121434 -0.99659570 -0.08243563
vn -0.00142081 -0.01598548 0.99987130
vn 0.00121460 -0.99654540 0.08304056
vn 0.00141857 -0.01599455 0.99987110
vn -0.00121456 0.99659590 0.08243158
vn -0.00142210 0.01677470 0.99985830
vn -0.99618010 0.01454920 0.08610308
vn -0.99618350 0.01448538 -0.08607446
vn -0.00121447 0.99654560 -0.08303799
vn 0.00121455 0.99659690 0.08242029
vn 0.00121455 0.99654600 -0.08303436
vn 0.00142244 0.01598598 -0.99987130
vn -0.00142028 0.01598549 -0.99987130
vn 0.00142045 -0.01598534 0.99987130
vn -0.00142051 -0.01598546 0.99987130
vn -0.00142210 0.01677470 0.99985830
vn 0.00142200 0.01677489 0.99985830
vn 0.99618490 -0.01448083 0.08605757
vn 0.00121451 -0.99654600 0.08303435
vn 0.99618970 0.01454077 0.08599277
vn -0.99618070 -0.01448447 0.08610661
vn -0.99618350 0.01448538 -0.08607446
vn -0.99618010 0.01454920 0.08610308
vn -0.99618320 -0.01454768 -0.08606671
vn -0.00121470 -0.99659630 -0.08242827
vn -0.00121426 -0.99654560 0.08303837
vn 0.99618380 -0.01454554 -0.08605929
vn 0.99618560 -0.01448094 0.08604906
vn 0.99618630 0.01454282 0.08603039
vn 0.99618240 0.01448072 -0.08608713
vn -0.00142241 -0.01677535 -0.99985830
vn 0.00142179 -0.01677484 -0.99985830
vn 0.00142089 0.01598595 -0.99987130
vn -0.00142208 0.01598547 -0.99987130
vn -0.99618500 -0.01455364 -0.08604395
vn -0.00121436 -0.99659630 -0.08242831
vn -0.99618260 0.01448208 -0.08608422
vn -0.00121438 0.99654610 -0.08303189
vn -0.00121448 0.99659500 0.08244397
vn -0.00142041 0.01677419 0.99985830
vn -0.99618300 0.01454864 0.08606888
vn -0.99618260 0.01448208 -0.08608422
vn -0.00121438 0.99654610 -0.08303189
vn 0.00121455 0.99659630 0.08242819
vn 0.00121433 0.99654490 -0.08304685
vn 0.00142089 0.01598595 -0.99987130
vn -0.00142208 0.01598547 -0.99987130
vn 0.00141857 -0.01599455 0.99987110
vn -0.00142081 -0.01598548 0.99987130
vn -0.00142041 0.01677419 0.99985830
vn 0.00142250 0.01677484 0.99985830
vn 0.99618560 -0.01448094 0.08604906
vn 0.99618630 0.01454282 0.08603039
vn -0.99617720 -0.01448424 0.08614609
vn -0.99618500 -0.01455364 -0.08604395
vn -0.99618260 0.01448208 -0.08608422
vn -0.99618300 0.01454864 0.08606888
vn 0.00121455 0.99659690 0.08242029
vn -0.00142210 0.01677470 0.99985830
vn -0.00121456 0.99659590 0.08243158
vn 0.00142200 0.01677489 0.99985830
vn 0.99618970 0.01454077 0.08599277
vn 0.00121455 0.99654600 -0.08303436
vn 0.99618610 0.01447662 -0.08604511
vn 0.00142244 0.01598598 -0.99987130
vn -0.00121426 -0.99654560 0.08303837
vn 0.00142045 -0.01598534 0.99987130
vn 0.00121451 -0.99654600 0.08303435
vn -0.00142051 -0.01598546 0.99987130
vn -0.99618070 -0.01448447 0.08610661
vn -0.99618010 0.01454920 0.08610308
vn -0.00142210 0.01677470 0.99985830
vn 0.00121448 -0.99659510 -0.08244177
vn -0.00142086 -0.01677537 -0.99985830
vn -0.00121470 -0.99659630 -0.08242827
vn 0.00141874 -0.01677482 -0.99985830
vn 0.99618180 -0.01454573 -0.08608327
vn 0.99618610 0.01447662 -0.08604511
vn 0.00142244 0.01598598 -0.99987130
vn 0.00121460 -0.99654540 0.08304056
vn 0.00141857 -0.01599455 0.99987110
vn 0.99618560 -0.01448094 0.08604906
vn 0.99618380 -0.01454554 -0.08605929
vn 0.00121434 -0.99659570 -0.08243563
vn 0.00142179 -0.01677484 -0.99985830
vn -0.00142241 -0.01677535 -0.99985830
vn -0.00121436 -0.99659630 -0.08242831
vn 0.00121455 0.99659630 0.08242819
vn -0.00142041 0.01677419 0.99985830
vn -0.00121448 0.99659500 0.08244397
vn 0.00142250 0.01677484 0.99985830
vn 0.99618630 0.01454282 0.08603039
vn 0.00121433 0.99654490 -0.08304685
vn 0.99618240 0.01448072 -0.08608713
vn 0.00142089 0.01598595 -0.99987130
vn -0.99618300 0.01454864 0.08606888
vn -0.00142041 0.01677419 0.99985830
vn -0.00142081 -0.01598548 0.99987130
vn -0.99617720 -0.01448424 0.08614609
vn 0.99618240 0.01448072 -0.08608713
vn 0.00142089 0.01598595 -0.99987130
vn 0.00142179 -0.01677484 -0.99985830
vn 0.99618380 -0.01454554 -0.08605929
vn -0.00121426 -0.99654560 0.08303837
vn 0.00121451 -0.99654600 0.08303435
vn 0.00121448 -0.99659510 -0.08244177
vn -0.00121470 -0.99659630 -0.08242827
vn 0.00000000 1.00000000 -0.00030309
vn 0.00000000 1.00000000 -0.00030353
vn 0.00000000 1.00000000 -0.00030350
vn 0.00000000 1.00000000 -0.00030306
vn -1.00000000 0.00000532 0.00000000
vn -1.00000000 0.00000622 0.00000000
vn -1.00000000 0.00000089 0.00000000
vn -1.00000000 0.00000000 0.00000000
vn 0.00000015 -1.00000000 0.00030328
vn 0.00000015 -1.00000000 0.00030306
vn 0.00000015 -1.00000000 0.00030307
vn 0.00000015 -1.00000000 0.00030329
vn 1.00000000 -0.00000336 0.00000000
vn 1.00000000 -0.00000392 0.00000000
vn 1.00000000 -0.00000056 0.00000000
vn 1.00000000 0.00000000 0.00000000
vn 0.00000000 0.00040339 1.00000000
vn -0.00000026 0.00040339 1.00000000
vn -0.00000026 0.00040339 1.00000000
vn 0.00000000 0.00040339 1.00000000
vn 0.00000000 -0.00036672 -1.00000000
vn -0.00000086 -0.00036672 -1.00000000
vn -0.00000085 -0.00036672 -1.00000000
vn 0.00000000 -0.00036672 -1.00000000
vn 0.00000000 1.00000000 -0.00030309
vn 0.00000000 1.00000000 -0.00030353
vn 0.00000000 1.00000000 -0.00030350
vn 0.00000000 1.00000000 -0.00030306
vn -1.00000000 0.00000532 0.00000000
vn -1.00000000 0.00000622 0.00000000
vn -1.00000000 0.00000089 0.00000000
vn -1.00000000 0.00000000 0.00000000
vn 0.00000015 -1.00000000 0.00030329
vn 0.00000015 -1.00000000 0.00030329
vn 0.00000015 -1.00000000 0.00030329
vn 0.00000015 -1.00000000 0.00030329
vn 1.00000000 -0.00000336 0.00000000
vn 1.00000000 -0.00000392 0.00000000
vn 1.00000000 -0.00000056 0.00000000
vn 1.00000000 0.00000000 0.00000000
vn 0.00000000 0.00040339 1.00000000
vn 0.00000110 0.00040339 1.00000000
vn 0.00000108 0.00040339 1.00000000
vn 0.00000000 0.00040339 1.00000000
vn 0.00000000 -0.00040339 -1.00000000
vn 0.00000072 -0.00040339 -1.00000000
vn 0.00000071 -0.00040339 -1.00000000
vn 0.00000000 -0.00040339 -1.00000000
vn 0.00000000 1.00000000 -0.00030303
vn 0.00000000 1.00000000 -0.00030259
vn 0.00000000 1.00000000 -0.00030262
vn 0.00000000 1.00000000 -0.00030306
vn -1.00000000 0.00000532 0.00000000
vn -1.00000000 0.00000622 0.00000000
vn -1.00000000 0.00000089 0.00000000
vn -1.00000000 0.00000000 0.00000000
vn 0.00000015 -1.00000000 0.00030329
vn 0.00000015 -1.00000000 0.00030329
vn 0.00000015 -1.00000000 0.00030329
vn 0.00000015 -1.00000000 0.00030329
vn 1.00000000 -0.00000336 0.00000000
vn 1.00000000 -0.00000392 0.00000000
vn 1.00000000 -0.00000056 0.00000000
vn 1.00000000 0.00000000 0.00000000
vn 0.00000000 0.00040339 1.00000000
vn -0.00000162 0.00040339 1.00000000
vn -0.00000160 0.00040339 1.00000000
vn 0.00000000 0.00040339 1.00000000
vn 0.00000000 -0.00036672 -1.00000000
vn 0.00000026 -0.00036672 -1.00000000
vn 0.00000026 -0.00036672 -1.00000000
vn 0.00000000 -0.00036672 -1.00000000
vn -0.00000010 1.00000000 -0.00030309
vn 0.00000000 1.00000000 -0.00030353
vn 0.00000000 1.00000000 -0.00030350
vn -0.00000011 1.00000000 -0.00030306
vn -1.00000000 0.00000532 0.00000000
vn -1.00000000 0.00000622 0.00000000
vn -1.00000000 0.00000089 0.00000000
vn -1.00000000 0.00000000 0.00000000
vn 0.00000015 -1.00000000 0.00030304
vn 0.00000015 -1.00000000 0.00030282
vn 0.00000015 -1.00000000 0.00030284
vn 0.00000015 -1.00000000 0.00030306
vn 1.00000000 -0.00000336 0.00000000
vn 1.00000000 -0.00000392 0.00000000
vn 1.00000000 -0.00000056 0.00000000
vn 1.00000000 0.00000000 0.00000000
vn 0.00000000 0.00040339 1.00000000
vn -0.00000035 0.00040339 1.00000000
vn -0.00000035 0.00040339 1.00000000
vn 0.00000000 0.00040339 1.00000000
vn 0.00000000 -0.00040339 -1.00000000
vn -0.00000020 -0.00040339 -1.00000000
vn -0.00000019 -0.00040339 -1.00000000
vn 0.00000000 -0.00040339 -1.00000000
vn 0.00000000 1.00000000 -0.00030306
vn 0.00000000 1.00000000 -0.00030306
vn 0.00000000 1.00000000 -0.00030306
vn 0.00000000 1.00000000 -0.00030306
vn -1.00000000 0.00000532 0.00000000
vn -1.00000000 0.00000622 0.00000000
vn -1.00000000 0.00000089 0.00000000
vn -1.00000000 0.00000000 0.00000000
vn 0.00000015 -1.00000000 0.00030329
vn 0.00000015 -1.00000000 0.00030329
vn 0.00000015 -1.00000000 0.00030329
vn 0.00000015 -1.00000000 0.00030329
vn 1.00000000 -0.00000336 0.00000000
vn 1.00000000 -0.00000392 0.00000000
vn 1.00000000 -0.00000056 0.00000000
vn 1.00000000 0.00000000 0.00000000
vn 0.00000000 0.00040339 1.00000000
vn 0.00000042 0.00040339 1.00000000
vn 0.00000042 0.00040339 1.00000000
vn 0.00000000 0.00040339 1.00000000
vn 0.00000200 -0.00036672 -1.00000000
vn -0.00000074 -0.00036672 -1.00000000
vn -0.00000070 -0.00036672 -1.00000000
vn 0.00000204 -0.00036672 -1.00000000
vn 0.00000000 1.00000000 -0.00030309
vn 0.00000000 1.00000000 -0.00030353
vn 0.00000000 1.00000000 -0.00030350
vn 0.00000000 1.00000000 -0.00030306
vn -1.00000000 0.00000532 0.00000000
vn -1.00000000 0.00000622 0.00000000
vn -1.00000000 0.00000089 0.00000000
vn -1.00000000 0.00000000 0.00000000
vn 0.00000015 -1.00000000 0.00030306
vn 0.00000015 -1.00000000 0.00030306
vn 0.00000015 -1.00000000 0.00030306
vn 0.00000015 -1.00000000 0.00030306
vn 1.00000000 -0.00000336 0.00000000
vn 1.00000000 -0.00000392 0.00000000
vn 1.00000000 -0.00000056 0.00000000
vn 1.00000000 0.00000000 0.00000000
vn 0.00000000 0.00040339 1.00000000
vn -0.00000016 0.00040339 1.00000000
vn -0.00000016 0.00040339 1.00000000
vn 0.00000000 0.00040339 1.00000000
vn -0.00000200 -0.00040339 -1.00000000
vn 0.00000084 -0.00040339 -1.00000000
vn 0.00000080 -0.00040339 -1.00000000
vn -0.00000204 -0.00040339 -1.00000000
vn 0.00000000 1.00000000 -0.00030350
vn 0.00000000 1.00000000 -0.00030306
vn 0.00000000 1.00000000 -0.00030309
vn 0.00000000 1.00000000 -0.00030353
vn -1.00000000 0.00000532 0.00000000
vn -1.00000000 0.00000622 0.00000000
vn -1.00000000 0.00000089 0.00000000
vn -1.00000000 0.00000000 0.00000000
vn 0.00000013 -1.00000000 0.00030331
vn 0.00000015 -1.00000000 0.00030353
vn 0.00000015 -1.00000000 0.00030351
vn 0.00000013 -1.00000000 0.00030329
vn 1.00000000 -0.00000336 0.00000000
vn 1.00000000 -0.00000392 0.00000000
vn 1.00000000 -0.00000056 0.00000000
vn 1.00000000 0.00000000 0.00000000
vn 0.00000000 0.00040339 1.00000000
vn 0.00000019 0.00040339 1.00000000
vn 0.00000019 0.00040339 1.00000000
vn 0.00000000 0.00040339 1.00000000
vn 0.00000000 -0.00040339 -1.00000000
vn 0.00000127 -0.00040339 -1.00000000
vn 0.00000126 -0.00040339 -1.00000000
vn 0.00000000 -0.00040339 -1.00000000
vn 0.00000000 1.00000000 -0.00030350
vn 0.00000000 1.00000000 -0.00030306
vn 0.00000000 1.00000000 -0.00030309
vn 0.00000000 1.00000000 -0.00030353
vn -1.00000000 0.00000532 0.00000000
vn -1.00000000 0.00000622 0.00000000
vn -1.00000000 0.00000089 0.00000000
vn -1.00000000 0.00000000 0.00000000
vn 0.00000015 -1.00000000 0.00030307
vn 0.00000016 -1.00000000 0.00030329
vn 0.00000016 -1.00000000 0.00030328
vn 0.00000015 -1.00000000 0.00030306
vn 1.00000000 -0.00000336 0.00000000
vn 1.00000000 -0.00000392 0.00000000
vn 1.00000000 -0.00000056 0.00000000
vn 1.00000000 0.00000000 0.00000000
vn 0.00000000 0.00040339 1.00000000
vn 0.00000035 0.00040339 1.00000000
vn 0.00000035 0.00040339 1.00000000
vn 0.00000000 0.00040339 1.00000000
vn 0.00000000 -0.00040339 -1.00000000
vn 0.00000040 -0.00040339 -1.00000000
vn 0.00000040 -0.00040339 -1.00000000
vn 0.00000000 -0.00040339 -1.00000000
vn 0.20324190 -0.97912610 -0.00221134
vn 0.99869020 -0.05108954 -0.00279822
vn 0.22686930 -0.05050832 -0.97261460
vn -0.22701420 -0.05050493 -0.97258100
vn -0.20323760 -0.97912700 -0.00221131
vn -0.99869010 -0.05109189 -0.00279857
vn -0.99868970 -0.05109747 0.00283018
vn -0.20322940 -0.97912710 0.00280519
vn 0.20322120 0.97912880 -0.00280511
vn 0.99869020 0.05108959 0.00279831
vn 0.20324130 0.97912620 0.00221133
vn 0.99868970 0.05109711 -0.00282998
vn 0.22700490 0.04974263 -0.97262250
vn -0.20322630 0.97912770 -0.00280520
vn -0.22684120 0.04974513 -0.97266060
vn -0.99868970 0.05109746 -0.00282998
vn 0.20323480 -0.97912760 -0.00221137
vn 0.99869070 -0.05107917 -0.00279782
vn 0.22686790 -0.05050875 -0.97261500
vn -0.22701380 -0.05050528 -0.97258110
vn -0.20323300 -0.97912790 -0.00221134
vn -0.99869050 -0.05108151 -0.00279810
vn -0.99869020 -0.05108729 0.00282971
vn -0.20322230 -0.97912860 0.00280519
vn 0.20321530 0.97913010 -0.00280513
vn 0.99869070 0.05107923 0.00279791
vn 0.20323420 0.97912770 0.00221134
vn 0.99869010 0.05108967 -0.00282955
vn 0.22699960 0.04974369 -0.97262360
vn -0.20321920 0.97912930 -0.00280516
vn -0.22685310 0.04974522 -0.97265770
vn -0.99869020 0.05108727 -0.00282934
vn 0.00380789 -0.98232150 0.18716280
vn 0.00463293 -0.05529891 0.99845910
vn 0.98016500 -0.04674370 0.19259160
vn 0.98016180 -0.04689742 -0.19257060
vn 0.00380791 -0.98243490 -0.18656700
vn 0.00462979 -0.05608346 -0.99841540
vn -0.00463399 -0.05608330 -0.99841540
vn -0.00380799 -0.98243500 -0.18656640
vn 0.00380792 0.98243530 0.18656500
vn -0.00463177 0.05609343 0.99841480
vn -0.00380797 0.98243520 0.18656530
vn 0.00463405 0.05609350 0.99841480
vn 0.98017310 0.04688406 0.19251650
vn 0.00380747 0.98232040 -0.18716880
vn 0.98017210 0.04673446 -0.19255750
vn 0.00463503 0.05529893 -0.99845910
vn -0.22685310 0.04974522 -0.97265770
vn -0.99869020 0.05108727 -0.00282934
vn -0.99869050 -0.05108151 -0.00279810
vn -0.22701380 -0.05050528 -0.97258110
vn -0.98016970 0.04689639 0.19253060
vn -0.00463177 0.05609343 0.99841480
vn -0.00463493 -0.05529906 0.99845910
vn -0.98017990 -0.04673399 0.19251820
vn 0.98017210 0.04673446 -0.19255750
vn 0.00463503 0.05529893 -0.99845910
vn 0.00462979 -0.05608346 -0.99841540
vn 0.98016180 -0.04689742 -0.19257060
vn 0.06706061 0.99587180 0.06117430
vn 0.99778590 0.01189272 0.06543486
vn 0.07778196 0.01327979 0.99688200
vn -0.07778163 0.01327963 0.99688210
vn 0.06706120 0.99583450 -0.06177803
vn 0.99778560 0.01184174 -0.06544908
vn 0.07780524 0.01249385 -0.99689020
vn -0.06706123 0.99587180 0.06117316
vn -0.99778580 0.01189355 0.06543626
vn -0.99778490 0.01184285 -0.06546128
vn -0.06705993 0.99583450 -0.06177935
vn -0.07777017 0.01249400 -0.99689300
vn 0.06706734 -0.99587140 -0.06117401
vn 0.99782760 -0.00668766 -0.06553817
vn 0.07791188 -0.00762847 -0.99693110
vn -0.07795102 -0.00762848 -0.99692800
vn 0.06706259 -0.99583420 0.06177906
vn 0.99782690 -0.00663743 0.06555409
vn 0.07789802 -0.00684259 0.99693790
vn -0.06706588 -0.99587150 -0.06117370
vn -0.99782720 -0.00668786 -0.06554460
vn -0.99782690 -0.00663708 0.06555445
vn -0.06706133 -0.99583440 0.06177905
vn -0.07793687 -0.00684259 0.99693480
vn 0.06706809 0.99587110 0.06117588
vn 0.99782750 0.00668785 0.06554037
vn 0.07793005 0.00762853 0.99692970
vn -0.07789048 0.00762856 0.99693270
vn 0.06706215 0.99583410 -0.06178102
vn 0.99782640 0.00663752 -0.06556147
vn 0.07794653 0.00684380 -0.99693410
vn -0.06706692 0.99587140 0.06117364
vn -0.99782720 0.00668827 0.06554316
vn -0.99782680 0.00663773 -0.06555566
vn -0.06706081 0.99583440 -0.06178025
vn -0.07790688 0.00684395 -0.99693720
vn 0.06706628 0.99587140 0.06117433
vn 0.99782770 0.00668793 0.06553716
vn 0.07793047 0.00762856 0.99692960
vn -0.07789046 0.00762853 0.99693270
vn 0.06706081 0.99583440 -0.06177980
vn 0.99782660 0.00663708 -0.06555829
vn 0.07794693 0.00684378 -0.99693410
vn -0.06706833 0.99587120 0.06117393
vn -0.99782720 0.00668812 0.06554476
vn -0.99782660 0.00663777 -0.06555726
vn -0.06706218 0.99583420 -0.06178036
vn -0.07790687 0.00684393 -0.99693720
vn 0.06706207 -0.99583440 0.06177897
vn 0.07776684 -0.01249637 0.99689330
vn 0.99778590 -0.01184202 0.06544489
vn 0.07777490 0.01327974 0.99688260
vn 0.99778640 -0.01189195 -0.06542888
vn 0.06706443 -0.99587150 -0.06117407
vn 0.07775202 -0.01327974 -0.99688430
vn 0.99778580 0.01189278 0.06543666
vn 0.06706229 0.99587170 0.06117341
vn 0.06706095 0.99583450 -0.06177828
vn 0.99778540 0.01184146 -0.06545145
vn 0.07777645 0.01249388 -0.99689250
vn 0.06706625 -0.99587140 -0.06117441
vn 0.99778620 -0.01189186 -0.06543226
vn 0.07775193 -0.01327964 -0.99688430
vn -0.07778609 -0.01327968 -0.99688170
vn 0.06706353 -0.99583420 0.06177892
vn 0.99778570 -0.01184272 0.06544799
vn 0.07776647 -0.01249632 0.99689330
vn -0.06706502 -0.99587150 -0.06117406
vn -0.99778540 -0.01189253 -0.06544203
vn -0.99778560 -0.01184266 0.06544940
vn -0.06706221 -0.99583440 0.06177891
vn -0.07776667 -0.01249622 0.99689330
vt -0.12369240 -0.23281030
vt -0.12369230 -0.22638690
vt 0.42113370 -0.22638700
vt 0.42113370 -0.23281030
vt -0.12369230 -0.31584470
vt 0.42113360 -0.31584470
vt -0.12369230 -0.32226820
vt 0.42113360 -0.32226820
vt -0.12369240 -0.12369230
vt -0.12369230 -0.04065776
vt 0.42113370 -0.04065780
vt 0.42113370 -0.12369230
vt 1.54177200 0.44091230
vt 1.53534800 0.44091230
vt 1.53534800 0.35787760
vt 1.54177200 0.35787760
vt 1.54177200 0.35145430
vt 1.62480600 0.44091230
vt 1.62480600 0.35145430
vt 1.62480600 0.35787760
vt 1.63123000 0.44091240
vt 1.63123000 0.35787760
vt -0.12369230 -0.04065776
vt -0.12369240 -0.12369230
vt 0.42113370 -0.12369230
vt 0.42113370 -0.04065780
vt 0.42113370 -0.23281030
vt 0.42113370 -0.22638700
vt -0.12369230 -0.22638690
vt -0.12369240 -0.23281030
vt 0.42113360 -0.31584470
vt -0.12369230 -0.31584470
vt 0.42113360 -0.32226820
vt -0.12369230 -0.32226820
vt -0.12369230 0.35787760
vt -0.12369230 0.44091240
vt 0.42113370 0.44091240
vt 0.42113370 0.35787760
vt -0.12369230 0.35145440
vt 0.42113370 0.35145440
vt -0.12369240 -0.12369230
vt -0.12369230 -0.04065776
vt 0.42113370 -0.04065780
vt 0.42113370 -0.12369230
vt 1.62480600 0.44091230
vt 1.63123000 0.44091240
vt 1.63123000 0.35787760
vt 1.62480600 0.35787760
vt 1.62480600 0.35145430
vt 1.54177200 0.44091230
vt 1.54177200 0.35145430
vt 1.54177200 0.35787760
vt 1.53534800 0.44091230
vt 1.53534800 0.35787760
vt -0.12369230 0.44091240
vt 0.42113370 0.35787760
vt 0.42113370 0.44091240
vt -0.12369230 0.35787760
vt 0.42113370 0.35145440
vt -0.12369230 0.35145440
vt -0.12369240 -0.23281030
vt -0.12369230 -0.22638690
vt 0.85168110 -0.22638700
vt 0.85168110 -0.23281030
vt -0.12369230 -0.31584470
vt 0.85168110 -0.31584470
vt -0.12369230 -0.32226820
vt 0.85168110 -0.32226820
vt -0.12369230 -0.08701497
vt -0.12369230 -0.00398046
vt 0.85168110 -0.00398052
vt 0.85168110 -0.08701503
vt 1.50509500 0.44091230
vt 1.49867100 0.44091230
vt 1.49867100 0.35787760
vt 1.50509400 0.35787760
vt 1.50509400 0.35145430
vt 1.58812900 0.44091230
vt 1.58812900 0.35145430
vt 1.58812900 0.35787760
vt 1.59455200 0.44091230
vt 1.59455200 0.35787760
vt -0.12369230 -0.00398046
vt -0.12369230 -0.08701497
vt 0.85168110 -0.08701503
vt 0.85168110 -0.00398052
vt 0.85168110 -0.23281030
vt 0.85168110 -0.22638700
vt -0.12369230 -0.22638690
vt -0.12369240 -0.23281030
vt 0.85168110 -0.31584470
vt -0.12369230 -0.31584470
vt 0.85168110 -0.32226820
vt -0.12369230 -0.32226820
vt -0.12369230 0.35787760
vt -0.12369230 0.44091240
vt 0.85168110 0.44091240
vt 0.85168110 0.35787760
vt 0.85168110 -0.08701503
vt 0.85168110 -0.09343833
vt -0.12369230 -0.09343827
vt -0.12369230 -0.08701497
vt 0.85168110 -0.00398052
vt -0.12369230 -0.00398046
vt 0.85168110 0.00244284
vt -0.12369230 0.00244290
vt 0.71384480 0.53393480
vt 0.71384480 0.52751130
vt 0.72026820 0.53393480
vt 0.72026820 0.55711000
vt 0.71384480 0.55711000
vt -1.37705300 0.53393480
vt 0.71384480 0.56353320
vt -1.37705300 0.55711010
vt -1.37705300 0.56353330
vt -0.12369230 0.00244290
vt 0.85168110 -0.00398052
vt 0.85168110 0.00244284
vt -0.12369230 -0.00398046
vt -0.13011570 -0.00398046
vt 0.85168110 -0.08701503
vt -0.13011570 -0.08701497
vt -0.12369230 -0.08701497
vt 0.85168110 -0.09343833
vt -0.12369230 -0.09343827
vt -0.12369230 0.44091240
vt -0.12369230 0.35787760
vt 0.85168110 0.35787760
vt 0.85168110 0.44091240
vt 1.07583000 -0.54909660
vt 1.06940700 -0.54909660
vt 1.06940700 -0.42447140
vt 1.07583000 -0.42447140
vt 1.09900600 -0.54909660
vt 1.09900600 -0.42447140
vt 1.10542900 -0.54909660
vt 1.10542900 -0.42447140
vt 0.84567140 -0.54909660
vt -1.24522700 -0.54909660
vt -1.24522700 -0.42447140
vt 0.84567140 -0.42447140
vt 0.71384480 1.20765700
vt 0.71384480 1.20123400
vt 0.72026820 1.20765700
vt 0.72026820 1.23083200
vt 0.71384480 1.23083200
vt -1.37705300 1.20765700
vt 0.71384480 1.23725600
vt -1.37705300 1.23083200
vt -1.37705300 1.23725600
vt 0.71384480 0.55711000
vt 0.71384480 0.56353320
vt 0.72026820 0.55711000
vt 0.72026820 0.53393480
vt 0.71384480 0.53393480
vt -1.37705300 0.55711010
vt 0.71384480 0.52751130
vt -1.37705300 0.53393480
vt -1.37705300 0.52751140
vt 0.91909510 -0.54909660
vt 3.00999400 -0.54909660
vt 3.00999400 -0.42447140
vt 0.91909510 -0.42447140
vt 1.07583000 -0.42447140
vt 1.06940700 -0.42447140
vt 1.06940700 -0.54909660
vt 1.07583000 -0.54909660
vt 1.09900600 -0.42447140
vt 1.09900600 -0.54909660
vt 1.10542900 -0.42447140
vt 1.10542900 -0.54909660
vt 0.42528330 -0.54909660
vt 0.40210810 -0.54909660
vt 0.40210810 -0.42447140
vt 0.42528330 -0.42447140
vt 0.84567140 -0.54909660
vt -1.24522700 -0.54909660
vt -1.24522700 -0.42447140
vt 0.84567140 -0.42447140
vt 0.40659360 0.89499860
vt 0.40659360 0.88857530
vt 0.41301680 0.89499860
vt 0.41301680 0.91817390
vt 0.40659360 0.91817390
vt -1.06980200 0.89499870
vt 0.40659360 0.92459720
vt -1.06980200 0.91817410
vt -1.06980200 0.92459730
vt 0.71384480 1.23083200
vt 0.71384480 1.23725600
vt 0.72026820 1.23083200
vt 0.72026820 1.20765700
vt 0.71384480 1.20765700
vt -1.37705300 1.23083200
vt 0.71384480 1.20123400
vt -1.37705300 1.20765700
vt -1.37705300 1.20123400
vt 0.91909510 -0.54909660
vt 3.00999400 -0.54909660
vt 3.00999400 -0.42447140
vt 0.91909510 -0.42447140
vt 0.91267170 -0.54909660
vt 0.91267170 -0.42447140
vt 0.40210810 -0.42447140
vt 0.39568470 -0.42447140
vt 0.39568470 -0.54909660
vt 0.40210810 -0.54909660
vt 0.42528330 -0.42447140
vt 0.42528330 -0.54909660
vt 0.43170660 -0.42447140
vt 0.43170660 -0.54909660
vt 0.89499870 -0.54909660
vt 0.91817410 -0.54909660
vt 0.91817410 -0.42447140
vt 0.89499870 -0.42447140
vt 0.40659360 -0.54909660
vt -1.06980200 -0.54909660
vt -1.06980200 -0.42447140
vt 0.40659360 -0.42447140
vt 0.41301680 -0.54909660
vt 0.41301680 -0.42447140
vt 0.40659360 0.91817390
vt 0.40659360 0.92459720
vt 0.41301680 0.91817390
vt 0.41301680 0.89499860
vt 0.40659360 0.89499860
vt -1.06980200 0.91817410
vt 0.40659360 0.88857530
vt -1.06980200 0.89499870
vt -1.06980200 0.88857540
vt 1.09452000 -0.54909660
vt 2.57091500 -0.54909660
vt 2.57091500 -0.42447140
vt 1.09452000 -0.42447140
vt 1.08809700 -0.54909660
vt 1.08809700 -0.42447140
vt 0.91817390 -0.54909660
vt 0.89499860 -0.54909660
vt 0.89499860 -0.42447140
vt 0.91817390 -0.42447140
vt 1.08809700 -0.55551990
vt 2.57733900 -0.55551990
vt 2.57733900 -0.41804800
vt 1.08809700 -0.41804800
vt 0.87947360 -0.55551990
vt 0.84345190 -0.55551990
vt 0.84345190 -0.41804800
vt 0.87947360 -0.41804800
vt 0.41301680 -0.55551990
vt -1.07622500 -0.55551990
vt -1.07622500 -0.41804800
vt 0.41301680 -0.41804800
vt 0.84345190 -0.55551990
vt 0.87947380 -0.55551990
vt 0.87947380 -0.41804800
vt 0.84345190 -0.41804800
vt 0.41301680 0.87947360
vt -1.07622500 0.87947380
vt -1.07622500 0.84345190
vt 0.41301680 0.84345190
vt 0.41301680 0.84345190
vt -1.07622500 0.84345190
vt -1.07622500 0.87947380
vt 0.41301680 0.87947360
vt 1.00450300 0.65030670
vt 0.98585980 0.65225600
vt 0.98585980 0.65030670
vt 1.00450300 0.65225600
vt 1.00450300 0.78582970
vt 0.98585980 0.78582970
vt 0.98585980 0.78777870
vt 1.00450300 0.78777870
vt 0.54599680 0.65225600
vt -0.93934700 0.65225600
vt -0.93934700 0.78582970
vt 0.54599680 0.78582970
vt 0.54794590 0.65225600
vt 0.54599680 0.65030670
vt 0.54794590 0.78582970
vt 0.54599680 0.78777870
vt -0.93934700 0.78777870
vt 0.41106780 0.86957440
vt -1.07427600 0.86957450
vt -1.07427600 0.85093080
vt 0.41106780 0.85093080
vt 0.41301680 0.86957440
vt 0.41301680 0.85093080
vt 0.54599680 1.92242600
vt -0.93934700 1.92242600
vt -0.93934700 1.94107000
vt 0.54599680 1.94107000
vt 0.54794590 1.92242600
vt 0.54794590 1.94107000
vt 1.22497500 0.65225600
vt 2.71031900 0.65225600
vt 2.71031900 0.78582970
vt 1.22497500 0.78582970
vt 1.22302600 0.65225600
vt 1.22497500 0.65030670
vt 1.22302600 0.78582970
vt 1.22497500 0.78777870
vt 2.71031900 0.78777870
vt 1.00450300 0.65225600
vt 0.98585980 0.65225600
vt 0.98585980 0.78582970
vt 1.00450300 0.78582970
vt 0.85093080 -0.28228660
vt 0.86957450 -0.14871300
vt 0.85093080 -0.14871300
vt 0.86957450 -0.28228660
vt 0.86957450 -0.28423580
vt 0.85093080 -0.28423580
vt 0.41106780 -0.28228660
vt -1.07427600 -0.28228660
vt -1.07427600 -0.14871300
vt 0.41106780 -0.14871300
vt 0.41301680 -0.28228660
vt 0.41106780 -0.28423580
vt 0.41301680 -0.14871300
vt 0.41106780 -0.14676380
vt 0.98585980 0.92640980
vt 1.00450300 1.05998400
vt 0.98585980 1.05998400
vt 1.00450300 0.92640980
vt 1.00450300 0.92446080
vt 0.98585980 0.92446080
vt 0.41106780 0.86957440
vt 0.41106780 0.87152350
vt 0.41301680 0.86957440
vt 0.41301680 0.85093080
vt 0.41106780 0.85093080
vt -1.07427600 0.86957450
vt -1.07427600 0.85093080
vt -1.07427600 0.84898160
vt 0.41106780 0.84898160
vt 1.09004600 -0.28228660
vt 2.57538900 -0.28228660
vt 2.57538900 -0.14871300
vt 1.09004600 -0.14871300
vt 1.08809700 -0.28228660
vt 1.09004600 -0.28423580
vt 1.08809700 -0.14871300
vt 0.86957440 -0.28228660
vt 0.85093080 -0.28228660
vt 0.85093080 -0.14871300
vt 0.86957440 -0.14871300
vt 0.54599680 0.65030670
vt -0.93934700 0.65225600
vt -0.93934700 0.65030670
vt 0.54599680 0.65225600
vt 0.54794590 0.65225600
vt 0.54794590 0.78582970
vt 0.54599680 0.78582970
vt 0.54599680 0.78777870
vt 1.22497500 0.65030670
vt 2.71031900 0.65225600
vt 2.71031900 0.65030670
vt 1.22497500 0.65225600
vt 1.22302600 0.65225600
vt 1.22302600 0.78582970
vt 1.22497500 0.78582970
vt 1.22497500 0.78777870
vt 1.09004600 0.86957450
vt 2.57538900 0.87152350
vt 2.57538900 0.86957440
vt 1.09004600 0.87152360
vt 1.08809700 0.86957450
vt 1.09004600 0.85093080
vt 1.08809700 0.85093080
vt 1.09004600 0.84898160
vt 0.41106780 -0.28423580
vt -1.07427600 -0.28228660
vt -1.07427600 -0.28423580
vt 0.41106780 -0.28228660
vt 0.41301680 -0.28228660
vt 0.41301680 -0.14871300
vt 0.41106780 -0.14871300
vt 1.09004600 -0.28423580
vt 2.57538900 -0.28228660
vt 2.57538900 -0.28423580
vt 1.09004600 -0.28228660
vt 1.08809700 -0.28228660
vt 1.08809700 -0.14871300
vt 1.09004600 -0.14871300
vt 0.54599680 1.92242600
vt 0.54794590 1.92242600
vt 0.54794590 1.94107000
vt 0.54599680 1.94107000
vt -0.93934700 1.92242600
vt -0.93934700 1.94107000
vt 0.54599680 0.92640980
vt -0.93934700 0.92640980
vt -0.93934700 1.05998400
vt 0.54599680 1.05998400
vt 0.54794590 0.92640980
vt 0.54599680 0.92446080
vt 0.54794590 1.05998400
vt 0.54599680 1.06193300
vt 0.41106780 0.85093080
vt 0.41301680 0.85093080
vt 0.41301680 0.86957440
vt 0.41106780 0.86957440
vt -1.07427600 0.85093080
vt 0.41106780 0.87152350
vt -1.07427600 0.86957450
vt -1.07427600 0.87152360
vt 0.54599680 1.94107000
vt 0.54599680 1.94301900
vt 0.54794590 1.94107000
vt 0.54794590 1.92242600
vt 0.54599680 1.92242600
vt -0.93934700 1.94107000
vt -0.93934700 1.92242600
vt -0.93934700 1.92047700
vt 0.54599680 1.92047700
vt 1.22497500 0.92640980
vt 2.71031900 0.92640980
vt 2.71031900 1.05998400
vt 1.22497500 1.05998400
vt 1.22302600 0.92640980
vt 1.22497500 0.92446080
vt 1.22302600 1.05998400
vt 1.00450300 0.92640980
vt 0.98585980 1.05998400
vt 1.00450300 1.05998400
vt 0.98585980 0.92640980
vt 0.98585980 0.92446080
vt 1.00450300 0.92446080
vt 0.85093080 -0.00813270
vt 0.86957450 -0.00813270
vt 0.86957450 0.12544120
vt 0.85093080 0.12544120
vt 0.41106780 -0.00813270
vt -1.07427600 -0.00813270
vt -1.07427600 0.12544120
vt 0.41106780 0.12544120
vt 0.41301680 -0.00813270
vt 0.41106780 -0.01008171
vt 0.41301680 0.12544120
vt 0.41106780 0.12739010
vt 0.41106780 0.86957440
vt 0.41106780 0.87152350
vt 0.41301680 0.86957440
vt 0.41301680 0.85093080
vt 0.41106780 0.85093080
vt -1.07427600 0.86957450
vt -1.07427600 0.85093080
vt -1.07427600 0.84898160
vt 0.41106780 0.84898160
vt 1.09004600 -0.00813270
vt 2.57538900 -0.00813270
vt 2.57538900 0.12544120
vt 1.09004600 0.12544120
vt 1.08809700 -0.00813270
vt 1.08809700 0.12544120
vt 0.86957440 -0.00813270
vt 0.85093080 -0.00813270
vt 0.85093080 0.12544120
vt 0.86957440 0.12544120
vt 1.22497500 1.94107000
vt 2.71031900 1.94301900
vt 2.71031900 1.94107000
vt 1.22497500 1.94301900
vt 1.22302600 1.94107000
vt 1.22497500 1.92242600
vt 1.22302600 1.92242600
vt 1.22497500 1.92047700
vt 0.54599680 0.92446080
vt -0.93934700 0.92640980
vt -0.93934700 0.92446080
vt 0.54599680 0.92640980
vt 0.54794590 0.92640980
vt 0.54794590 1.05998400
vt 0.54599680 1.05998400
vt 1.22497500 0.92446080
vt 2.71031900 0.92640980
vt 2.71031900 0.92446080
vt 1.22497500 0.92640980
vt 1.22302600 0.92640980
vt 1.22302600 1.05998400
vt 1.22497500 1.05998400
vt 1.09004600 0.86957450
vt 1.09004600 0.87152360
vt 1.08809700 0.86957450
vt 1.08809700 0.85093080
vt 1.09004600 0.85093080
vt 1.09004600 0.84898160
vt 2.57538900 0.84898160
vt 2.57538900 0.85093080
vt 1.09004600 0.86957450
vt 2.57538900 0.87152350
vt 2.57538900 0.86957440
vt 1.09004600 0.87152360
vt 1.08809700 0.86957450
vt 1.09004600 0.85093080
vt 1.08809700 0.85093080
vt 1.09004600 0.84898160
vt 0.41301680 0.12544120
vt 0.41106780 0.12544120
vt 0.41106780 -0.00813270
vt 0.41301680 -0.00813270
vt 1.08809700 0.12544120
vt 1.09004600 0.12544120
vt 1.09004600 -0.00813270
vt 1.08809700 -0.00813270
vt 0.54599680 1.94107000
vt -0.93934700 1.94107000
vt -0.93934700 1.92242600
vt 0.54599680 1.92242600
vt 1.08809700 0.84368960
vt 2.57733900 0.84368960
vt 2.57733900 0.70621740
vt 1.08809700 0.70621740
vt 0.84368960 -0.48898020
vt 0.84368960 -0.52500210
vt 0.70621740 -0.52500210
vt 0.70621740 -0.48898020
vt 0.41301680 0.84368960
vt -1.07622500 0.84368960
vt -1.07622500 0.70621740
vt 0.41301680 0.70621740
vt 0.84368960 -0.52500190
vt 0.84368960 -0.48897990
vt 0.70621740 -0.48897990
vt 0.70621740 -0.52500190
vt 0.41301680 -0.48898020
vt -1.07622500 -0.48897990
vt -1.07622500 -0.52500190
vt 0.41301680 -0.52500210
vt 0.41301680 -0.52500210
vt -1.07622500 -0.52500190
vt -1.07622500 -0.48897990
vt 0.41301680 -0.48898020
vt 1.08809700 0.57320960
vt 2.57733900 0.57320960
vt 2.57733900 0.43573770
vt 1.08809700 0.43573770
vt 0.57320960 -0.48898020
vt 0.57320960 -0.52500210
vt 0.43573770 -0.52500210
vt 0.43573770 -0.48898020
vt 0.41301680 0.57320960
vt -1.07622500 0.57320960
vt -1.07622500 0.43573770
vt 0.41301680 0.43573770
vt 0.57320960 -0.52500190
vt 0.57320960 -0.48897990
vt 0.43573770 -0.48897990
vt 0.43573770 -0.52500190
vt 0.41301680 -0.48898020
vt -1.07622500 -0.48897990
vt -1.07622500 -0.52500190
vt 0.41301680 -0.52500210
vt 0.41301680 -0.52500210
vt -1.07622500 -0.52500190
vt -1.07622500 -0.48897990
vt 0.41301680 -0.48898020
vt 1.08809700 0.30252760
vt 2.57733900 0.30252760
vt 2.57733900 0.16505560
vt 1.08809700 0.16505560
vt 0.30252760 -0.48898020
vt 0.30252760 -0.52500210
vt 0.16505560 -0.52500210
vt 0.16505560 -0.48898020
vt 0.41301680 0.30252760
vt -1.07622500 0.30252760
vt -1.07622500 0.16505560
vt 0.41301680 0.16505560
vt 0.30252760 -0.52500190
vt 0.30252760 -0.48897990
vt 0.16505560 -0.48897990
vt 0.16505560 -0.52500190
vt 0.41301680 -0.48898020
vt -1.07622500 -0.48897990
vt -1.07622500 -0.52500190
vt 0.41301680 -0.52500210
vt 0.41301680 -0.52500210
vt -1.07622500 -0.52500190
vt -1.07622500 -0.48897990
vt 0.41301680 -0.48898020
vt 1.08809700 0.03204787
vt 2.57733900 0.03204787
vt 2.57733900 -0.10542400
vt 1.08809700 -0.10542400
vt 0.03204787 -0.48898020
vt 0.03204787 -0.52500210
vt -0.10542400 -0.52500210
vt -0.10542400 -0.48898020
vt 0.41301680 0.03204787
vt -1.07622500 0.03204787
vt -1.07622500 -0.10542400
vt 0.41301680 -0.10542400
vt 0.03204787 -0.52500190
vt 0.03204787 -0.48897990
vt -0.10542400 -0.48897990
vt -0.10542400 -0.52500190
vt 0.41301680 -0.48898020
vt -1.07622500 -0.48897990
vt -1.07622500 -0.52500190
vt 0.41301680 -0.52500210
vt 0.41301680 -0.52500210
vt -1.07622500 -0.52500190
vt -1.07622500 -0.48897990
vt 0.41301680 -0.48898020
vt 1.08809700 -0.24823950
vt 2.57733900 -0.24823950
vt 2.57733900 -0.38571130
vt 1.08809700 -0.38571130
vt -0.24823950 -0.48898020
vt -0.24823950 -0.52500210
vt -0.38571130 -0.52500210
vt -0.38571130 -0.48898020
vt 0.41301680 -0.24823950
vt -1.07622500 -0.24823950
vt -1.07622500 -0.38571130
vt 0.41301680 -0.38571130
vt -0.24823950 -0.52500190
vt -0.24823950 -0.48897990
vt -0.38571130 -0.48897990
vt -0.38571130 -0.52500190
vt 0.41301680 -0.48898020
vt -1.07622500 -0.48897990
vt -1.07622500 -0.52500190
vt 0.41301680 -0.52500210
vt 0.41301680 -0.52500210
vt -1.07622500 -0.52500190
vt -1.07622500 -0.48897990
vt 0.41301680 -0.48898020
vt 1.08809700 -0.51871910
vt 2.57733900 -0.51871910
vt 2.57733900 -0.65619100
vt 1.08809700 -0.65619100
vt -0.51871910 -0.48898020
vt -0.51871910 -0.52500210
vt -0.65619100 -0.52500210
vt -0.65619100 -0.48898020
vt 0.41301680 -0.51871910
vt -1.07622500 -0.51871910
vt -1.07622500 -0.65619100
vt 0.41301680 -0.65619100
vt -0.51871910 -0.52500190
vt -0.51871910 -0.48897990
vt -0.65619100 -0.48897990
vt -0.65619100 -0.52500190
vt 0.41301680 -0.48898020
vt -1.07622500 -0.48897990
vt -1.07622500 -0.52500190
vt 0.41301680 -0.52500210
vt 0.41301680 -0.52500210
vt -1.07622500 -0.52500190
vt -1.07622500 -0.48897990
vt 0.41301680 -0.48898020
vt 1.08809700 -0.78940130
vt 2.57733900 -0.78940130
vt 2.57733900 -0.92687340
vt 1.08809700 -0.92687340
vt -0.78940130 -0.48898020
vt -0.78940130 -0.52500210
vt -0.92687340 -0.52500210
vt -0.92687340 -0.48898020
vt 0.41301680 -0.78940130
vt -1.07622500 -0.78940130
vt -1.07622500 -0.92687340
vt 0.41301680 -0.92687340
vt -0.78940130 -0.52500190
vt -0.78940130 -0.48897990
vt -0.92687340 -0.48897990
vt -0.92687340 -0.52500190
vt 0.41301680 -0.48898020
vt -1.07622500 -0.48897990
vt -1.07622500 -0.52500190
vt 0.41301680 -0.52500210
vt 0.41301680 -0.52500210
vt -1.07622500 -0.52500190
vt -1.07622500 -0.48897990
vt 0.41301680 -0.48898020
vt 1.08809700 1.10444100
vt 2.57733900 1.10444100
vt 2.57733900 0.96696870
vt 1.08809700 0.96696870
vt 1.10444100 -0.48898020
vt 1.10444100 -0.52500210
vt 0.96696870 -0.52500210
vt 0.96696870 -0.48898020
vt 0.41301680 1.10444100
vt -1.07622500 1.10444100
vt -1.07622500 0.96696870
vt 0.41301680 0.96696870
vt 1.10444100 -0.52500190
vt 1.10444100 -0.48897990
vt 0.96696870 -0.48897990
vt 0.96696870 -0.52500190
vt 0.41301680 -0.48898020
vt -1.07622500 -0.48897990
vt -1.07622500 -0.52500190
vt 0.41301680 -0.52500210
vt 0.41301680 -0.52500210
vt -1.07622500 -0.52500190
vt -1.07622500 -0.48897990
vt 0.41301680 -0.48898020
vt 0.78726850 0.55711000
vt 0.78726850 0.56353320
vt 0.78084520 0.55711000
vt 0.78084520 0.53393480
vt 0.78726850 0.53393480
vt 0.78726850 0.52751130
vt 2.87816700 0.52751110
vt 2.87816700 0.53393460
vt 0.78726850 0.55711000
vt 2.87816700 0.56353330
vt 2.87816700 0.55710980
vt 0.78726850 0.56353320
vt 0.78084520 0.55711000
vt 0.78726850 0.53393480
vt 0.78084520 0.53393480
vt 0.78726850 0.52751130
vt 0.78726850 1.23083200
vt 0.78726850 1.23725600
vt 0.78084520 1.23083200
vt 0.78084520 1.20765700
vt 0.78726850 1.20765700
vt 0.78726850 1.20123400
vt 2.87816700 1.20123400
vt 2.87816700 1.20765700
vt 0.78726850 1.23083200
vt 2.87816700 1.23725600
vt 2.87816700 1.23083200
vt 0.78726850 1.23725600
vt 0.78084520 1.23083200
vt 0.78726850 1.20765700
vt 0.78084520 1.20765700
vt 0.78726850 1.20123400
vt 1.09452000 0.91817410
vt 1.09452000 0.92459730
vt 1.08809700 0.91817410
vt 1.08809700 0.89499870
vt 1.09452000 0.89499870
vt 1.09452000 0.88857540
vt 2.57091500 0.88857530
vt 2.57091500 0.89499860
vt 1.09452000 0.91817410
vt 2.57091500 0.92459720
vt 2.57091500 0.91817390
vt 1.09452000 0.92459730
vt 1.08809700 0.91817410
vt 1.09452000 0.89499870
vt 1.08809700 0.89499870
vt 1.09452000 0.88857540
vt 0.91267170 -0.42447140
vt 0.91909510 -0.42447140
vt 0.91909510 -0.54909660
vt 0.91267170 -0.54909660
vt 0.41301680 -0.42447140
vt 0.40659360 -0.42447140
vt 0.40659360 -0.54909660
vt 0.41301680 -0.54909660
vt 1.08809700 -0.42447140
vt 1.09452000 -0.42447140
vt 1.09452000 -0.54909660
vt 1.08809700 -0.54909660
vt 1.62480600 -0.23281040
vt 1.62480600 -0.22638700
vt 1.63123000 -0.23281040
vt 1.63123000 -0.31584480
vt 1.54177200 -0.23281040
vt 1.54177200 -0.22638700
vt 1.53534800 -0.23281040
vt 1.62480600 -0.31584480
vt 1.62480600 -0.32226820
vt 1.54177200 -0.32226820
vt 1.54177200 -0.31584480
vt 1.53534800 -0.31584480
vt 1.50509400 -0.23281030
vt 1.50509400 -0.22638700
vt 1.49867100 -0.23281030
vt 1.49867100 -0.31584470
vt 1.58812900 -0.23281030
vt 1.58812900 -0.22638700
vt 1.59455200 -0.23281040
vt 1.50509400 -0.31584470
vt 1.50509400 -0.32226820
vt 1.58812900 -0.32226820
vt 1.58812900 -0.31584470
vt 1.59455200 -0.31584480
vt 1.58812900 -0.23281030
vt 1.58812900 -0.22638700
vt 1.59455200 -0.23281040
vt 1.59455200 -0.31584480
vt 1.50509400 -0.23281030
vt 1.50509400 -0.22638700
vt 1.49867100 -0.23281030
vt 1.58812900 -0.31584470
vt 1.58812900 -0.32226820
vt 1.50509400 -0.32226820
vt 1.50509400 -0.31584470
vt 1.49867100 -0.31584470
vt 1.58812900 0.44091230
vt 1.58812900 0.44733550
vt 1.59455200 0.44091230
vt 1.59455200 0.35787760
vt 1.50509500 0.44091230
vt 1.50509400 0.44733550
vt 1.49867100 0.44091230
vt 1.58812900 0.35787760
vt 1.58812900 0.35145430
vt 1.50509400 0.35145430
vt 1.50509400 0.35787760
vt 1.49867100 0.35787760
vt -0.13011560 -0.12369230
vt -0.12369230 -0.13011560
vt -0.12369240 -0.12369230
vt 0.42113370 -0.13011570
vt -0.12369230 -0.04065776
vt -0.13011570 -0.04065776
vt -0.12369230 -0.03423440
vt 0.42113370 -0.12369230
vt 0.42755710 -0.12369230
vt 0.42755710 -0.04065780
vt 0.42113370 -0.04065780
vt 0.42113370 -0.03423445
vt 1.54177200 -0.23281040
vt 1.54177200 -0.22638700
vt 1.53534800 -0.23281040
vt 1.53534800 -0.31584480
vt 1.62480600 -0.23281040
vt 1.62480600 -0.22638700
vt 1.63123000 -0.23281040
vt 1.54177200 -0.31584480
vt 1.54177200 -0.32226820
vt 1.62480600 -0.32226820
vt 1.62480600 -0.31584480
vt 1.63123000 -0.31584480
f 3/3/3 2/2/2 1/1/1
f 4/4/4 3/3/3 1/1/1
f 4/4/4 1/1/1 5/5/5
f 6/6/6 4/4/4 5/5/5
f 5/5/5 7/7/7 6/6/6
f 7/7/7 8/8/8 6/6/6
f 11/11/11 10/10/10 9/9/9
f 12/12/12 11/11/11 9/9/9
f 15/15/15 14/14/14 13/13/13
f 16/16/16 15/15/15 13/13/13
f 17/17/17 15/15/15 16/16/16
f 16/16/16 13/13/13 18/18/18
f 19/19/19 17/17/17 16/16/16
f 20/20/20 16/16/16 18/18/18
f 20/20/20 19/19/19 16/16/16
f 18/18/18 21/21/21 20/20/20
f 22/22/22 19/19/19 20/20/20
f 21/21/21 22/22/22 20/20/20
f 25/25/25 24/24/24 23/23/23
f 26/26/26 25/25/25 23/23/23
f 29/29/29 28/28/28 27/27/27
f 30/30/30 29/29/29 27/27/27
f 27/27/27 31/31/31 30/30/30
f 31/31/31 32/32/32 30/30/30
f 32/32/32 31/31/31 33/33/33
f 34/34/34 32/32/32 33/33/33
f 37/37/37 36/36/36 35/35/35
f 38/38/38 37/37/37 35/35/35
f 35/35/35 39/39/39 38/38/38
f 39/39/39 40/40/40 38/38/38
f 43/43/43 42/42/42 41/41/41
f 44/44/44 43/43/43 41/41/41
f 47/47/47 46/46/46 45/45/45
f 48/48/48 47/47/47 45/45/45
f 49/49/49 47/47/47 48/48/48
f 45/45/45 50/50/50 48/48/48
f 51/51/51 49/49/49 48/48/48
f 50/50/50 52/52/52 48/48/48
f 52/52/52 51/51/51 48/48/48
f 50/50/50 53/53/53 52/52/52
f 54/54/54 51/51/51 52/52/52
f 53/53/53 54/54/54 52/52/52
f 57/57/57 56/56/56 55/55/55
f 56/56/56 58/58/58 55/55/55
f 58/58/58 56/56/56 59/59/59
f 60/60/60 58/58/58 59/59/59
f 63/63/63 62/62/62 61/61/61
f 64/64/64 63/63/63 61/61/61
f 64/64/64 61/61/61 65/65/65
f 66/66/66 64/64/64 65/65/65
f 65/65/65 67/67/67 66/66/66
f 67/67/67 68/68/68 66/66/66
f 71/71/71 70/70/70 69/69/69
f 72/72/72 71/71/71 69/69/69
f 75/75/75 74/74/74 73/73/73
f 76/76/76 75/75/75 73/73/73
f 77/77/77 75/75/75 76/76/76
f 76/76/76 73/73/73 78/78/78
f 79/79/79 77/77/77 76/76/76
f 80/80/80 76/76/76 78/78/78
f 80/80/80 79/79/79 76/76/76
f 78/78/78 81/81/81 80/80/80
f 82/82/82 79/79/79 80/80/80
f 81/81/81 82/82/82 80/80/80
f 85/85/85 84/84/84 83/83/83
f 86/86/86 85/85/85 83/83/83
f 89/89/89 88/88/88 87/87/87
f 90/90/90 89/89/89 87/87/87
f 87/87/87 91/91/91 90/90/90
f 91/91/91 92/92/92 90/90/90
f 92/92/92 91/91/91 93/93/93
f 94/94/94 92/92/92 93/93/93
f 97/97/97 96/96/96 95/95/95
f 98/98/98 97/97/97 95/95/95
f 101/101/101 100/100/100 99/99/99
f 102/102/102 101/101/101 99/99/99
f 99/99/99 103/103/103 102/102/102
f 103/103/103 104/104/104 102/102/102
f 104/104/104 103/103/103 105/105/105
f 106/106/106 104/104/104 105/105/105
f 109/109/109 108/108/108 107/107/107
f 110/110/110 109/109/109 107/107/107
f 111/111/111 110/110/110 107/107/107
f 107/107/107 112/112/112 111/111/111
f 113/113/113 110/110/110 111/111/111
f 112/112/112 114/114/114 111/111/111
f 115/115/115 113/113/113 111/111/111
f 114/114/114 115/115/115 111/111/111
f 118/118/118 117/117/117 116/116/116
f 117/117/117 119/119/119 116/116/116
f 116/116/116 119/119/119 120/120/120
f 117/117/117 121/121/121 119/119/119
f 120/120/120 119/119/119 122/122/122
f 121/121/121 123/123/123 119/119/119
f 119/119/119 123/123/123 122/122/122
f 123/123/123 121/121/121 124/124/124
f 123/123/123 125/125/125 122/122/122
f 125/125/125 123/123/123 124/124/124
f 128/128/128 127/127/127 126/126/126
f 129/129/129 128/128/128 126/126/126
f 132/132/132 131/131/131 130/130/130
f 133/133/133 132/132/132 130/130/130
f 133/133/133 130/130/130 134/134/134
f 135/135/135 133/133/133 134/134/134
f 134/134/134 136/136/136 135/135/135
f 136/136/136 137/137/137 135/135/135
f 140/140/140 139/139/139 138/138/138
f 141/141/141 140/140/140 138/138/138
f 144/144/144 143/143/143 142/142/142
f 145/145/145 144/144/144 142/142/142
f 146/146/146 145/145/145 142/142/142
f 142/142/142 147/147/147 146/146/146
f 148/148/148 145/145/145 146/146/146
f 147/147/147 149/149/149 146/146/146
f 150/150/150 148/148/148 146/146/146
f 149/149/149 150/150/150 146/146/146
f 153/153/153 152/152/152 151/151/151
f 154/154/154 153/153/153 151/151/151
f 155/155/155 154/154/154 151/151/151
f 151/151/151 156/156/156 155/155/155
f 157/157/157 154/154/154 155/155/155
f 156/156/156 158/158/158 155/155/155
f 159/159/159 157/157/157 155/155/155
f 158/158/158 159/159/159 155/155/155
f 162/162/162 161/161/161 160/160/160
f 163/163/163 162/162/162 160/160/160
f 166/166/166 165/165/165 164/164/164
f 167/167/167 166/166/166 164/164/164
f 164/164/164 168/168/168 167/167/167
f 168/168/168 169/169/169 167/167/167
f 169/169/169 168/168/168 170/170/170
f 171/171/171 169/169/169 170/170/170
f 174/174/174 173/173/173 172/172/172
f 175/175/175 174/174/174 172/172/172
f 178/178/178 177/177/177 176/176/176
f 179/179/179 178/178/178 176/176/176
f 182/182/182 181/181/181 180/180/180
f 183/183/183 182/182/182 180/180/180
f 184/184/184 183/183/183 180/180/180
f 180/180/180 185/185/185 184/184/184
f 186/186/186 183/183/183 184/184/184
f 185/185/185 187/187/187 184/184/184
f 188/188/188 186/186/186 184/184/184
f 187/187/187 188/188/188 184/184/184
f 191/191/191 190/190/190 189/189/189
f 192/192/192 191/191/191 189/189/189
f 193/193/193 192/192/192 189/189/189
f 189/189/189 194/194/194 193/193/193
f 195/195/195 192/192/192 193/193/193
f 194/194/194 196/196/196 193/193/193
f 197/197/197 195/195/195 193/193/193
f 196/196/196 197/197/197 193/193/193
f 200/200/200 199/199/199 198/198/198
f 201/201/201 200/200/200 198/198/198
f 201/201/201 198/198/198 202/202/202
f 203/203/203 201/201/201 202/202/202
f 206/206/206 205/205/205 204/204/204
f 207/207/207 206/206/206 204/204/204
f 204/204/204 208/208/208 207/207/207
f 208/208/208 209/209/209 207/207/207
f 209/209/209 208/208/208 210/210/210
f 211/211/211 209/209/209 210/210/210
f 214/214/214 213/213/213 212/212/212
f 215/215/215 214/214/214 212/212/212
f 218/218/218 217/217/217 216/216/216
f 219/219/219 218/218/218 216/216/216
f 216/216/216 220/220/220 219/219/219
f 220/220/220 221/221/221 219/219/219
f 224/224/224 223/223/223 222/222/222
f 225/225/225 224/224/224 222/222/222
f 226/226/226 225/225/225 222/222/222
f 222/222/222 227/227/227 226/226/226
f 228/228/228 225/225/225 226/226/226
f 227/227/227 229/229/229 226/226/226
f 230/230/230 228/228/228 226/226/226
f 229/229/229 230/230/230 226/226/226
f 233/233/233 232/232/232 231/231/231
f 234/234/234 233/233/233 231/231/231
f 234/234/234 231/231/231 235/235/235
f 236/236/236 234/234/234 235/235/235
f 239/239/239 238/238/238 237/237/237
f 240/240/240 239/239/239 237/237/237
f 243/243/243 242/242/242 241/241/241
f 244/244/244 243/243/243 241/241/241
f 247/247/247 246/246/246 245/245/245
f 248/248/248 247/247/247 245/245/245
f 251/251/251 250/250/250 249/249/249
f 252/252/252 251/251/251 249/249/249
f 255/255/255 254/254/254 253/253/253
f 256/256/256 255/255/255 253/253/253
f 259/259/259 258/258/258 257/257/257
f 260/260/260 259/259/259 257/257/257
f 263/263/263 262/262/262 261/261/261
f 264/264/264 263/263/263 261/261/261
f 267/267/267 266/266/266 265/265/265
f 266/266/266 268/268/268 265/265/265
f 269/269/269 268/268/268 266/266/266
f 270/270/270 269/269/269 266/266/266
f 269/269/269 270/270/270 271/271/271
f 272/272/272 269/269/269 271/271/271
f 275/275/275 274/274/274 273/273/273
f 276/276/276 275/275/275 273/273/273
f 273/273/273 277/277/277 276/276/276
f 277/277/277 273/273/273 278/278/278
f 277/277/277 279/279/279 276/276/276
f 276/276/276 279/279/279 280/280/280
f 275/275/275 276/276/276 280/280/280
f 281/281/281 275/275/275 280/280/280
f 284/284/284 283/283/283 282/282/282
f 285/285/285 284/284/284 282/282/282
f 282/282/282 286/286/286 285/285/285
f 286/286/286 287/287/287 285/285/285
f 290/290/290 289/289/289 288/288/288
f 291/291/291 290/290/290 288/288/288
f 288/288/288 292/292/292 291/291/291
f 292/292/292 293/293/293 291/291/291
f 296/296/296 295/295/295 294/294/294
f 297/297/297 296/296/296 294/294/294
f 297/297/297 294/294/294 298/298/298
f 298/298/298 294/294/294 299/299/299
f 300/300/300 297/297/297 298/298/298
f 301/301/301 297/297/297 300/300/300
f 296/296/296 297/297/297 301/301/301
f 302/302/302 296/296/296 301/301/301
f 305/305/305 304/304/304 303/303/303
f 306/306/306 305/305/305 303/303/303
f 309/309/309 308/308/308 307/307/307
f 308/308/308 310/310/310 307/307/307
f 307/307/307 310/310/310 311/311/311
f 312/312/312 307/307/307 311/311/311
f 315/315/315 314/314/314 313/313/313
f 316/316/316 315/315/315 313/313/313
f 313/313/313 317/317/317 316/316/316
f 317/317/317 313/313/313 318/318/318
f 317/317/317 319/319/319 316/316/316
f 316/316/316 319/319/319 320/320/320
f 323/323/323 322/322/322 321/321/321
f 322/322/322 324/324/324 321/321/321
f 321/321/321 324/324/324 325/325/325
f 326/326/326 321/321/321 325/325/325
f 329/329/329 328/328/328 327/327/327
f 330/330/330 329/329/329 327/327/327
f 331/331/331 330/330/330 327/327/327
f 327/327/327 332/332/332 331/331/331
f 332/332/332 333/333/333 331/331/331
f 333/333/333 334/334/334 331/331/331
f 334/334/334 335/335/335 331/331/331
f 338/338/338 337/337/337 336/336/336
f 339/339/339 338/338/338 336/336/336
f 339/339/339 336/336/336 340/340/340
f 340/340/340 336/336/336 341/341/341
f 342/342/342 339/339/339 340/340/340
f 345/345/345 344/344/344 343/343/343
f 346/346/346 345/345/345 343/343/343
f 349/349/349 348/348/348 347/347/347
f 348/348/348 350/350/350 347/347/347
f 350/350/350 351/351/351 347/347/347
f 351/351/351 350/350/350 352/352/352
f 350/350/350 353/353/353 352/352/352
f 352/352/352 353/353/353 354/354/354
f 357/357/357 356/356/356 355/355/355
f 356/356/356 358/358/358 355/355/355
f 358/358/358 359/359/359 355/355/355
f 359/359/359 358/358/358 360/360/360
f 358/358/358 361/361/361 360/360/360
f 360/360/360 361/361/361 362/362/362
f 365/365/365 364/364/364 363/363/363
f 364/364/364 366/366/366 363/363/363
f 363/363/363 366/366/366 367/367/367
f 363/363/363 367/367/367 368/368/368
f 367/367/367 369/369/369 368/368/368
f 369/369/369 370/370/370 368/368/368
f 373/373/373 372/372/372 371/371/371
f 372/372/372 374/374/374 371/371/371
f 374/374/374 375/375/375 371/371/371
f 375/375/375 374/374/374 376/376/376
f 374/374/374 377/377/377 376/376/376
f 380/380/380 379/379/379 378/378/378
f 379/379/379 381/381/381 378/378/378
f 381/381/381 382/382/382 378/378/378
f 382/382/382 381/381/381 383/383/383
f 381/381/381 384/384/384 383/383/383
f 387/387/387 386/386/386 385/385/385
f 388/388/388 387/387/387 385/385/385
f 385/385/385 389/389/389 388/388/388
f 389/389/389 390/390/390 388/388/388
f 393/393/393 392/392/392 391/391/391
f 394/394/394 393/393/393 391/391/391
f 391/391/391 395/395/395 394/394/394
f 395/395/395 391/391/391 396/396/396
f 395/395/395 397/397/397 394/394/394
f 394/394/394 397/397/397 398/398/398
f 401/401/401 400/400/400 399/399/399
f 402/402/402 401/401/401 399/399/399
f 399/399/399 403/403/403 402/402/402
f 404/404/404 401/401/401 402/402/402
f 403/403/403 405/405/405 402/402/402
f 406/406/406 404/404/404 402/402/402
f 405/405/405 406/406/406 402/402/402
f 409/409/409 408/408/408 407/407/407
f 410/410/410 409/409/409 407/407/407
f 411/411/411 410/410/410 407/407/407
f 407/407/407 412/412/412 411/411/411
f 412/412/412 413/413/413 411/411/411
f 413/413/413 414/414/414 411/411/411
f 414/414/414 415/415/415 411/411/411
f 418/418/418 417/417/417 416/416/416
f 419/419/419 418/418/418 416/416/416
f 419/419/419 416/416/416 420/420/420
f 420/420/420 416/416/416 421/421/421
f 422/422/422 419/419/419 420/420/420
f 425/425/425 424/424/424 423/423/423
f 424/424/424 426/426/426 423/423/423
f 423/423/423 426/426/426 427/427/427
f 428/428/428 423/423/423 427/427/427
f 431/431/431 430/430/430 429/429/429
f 432/432/432 431/431/431 429/429/429
f 435/435/435 434/434/434 433/433/433
f 436/436/436 435/435/435 433/433/433
f 433/433/433 437/437/437 436/436/436
f 437/437/437 433/433/433 438/438/438
f 437/437/437 439/439/439 436/436/436
f 436/436/436 439/439/439 440/440/440
f 443/443/443 442/442/442 441/441/441
f 444/444/444 443/443/443 441/441/441
f 445/445/445 444/444/444 441/441/441
f 441/441/441 446/446/446 445/445/445
f 446/446/446 447/447/447 445/445/445
f 447/447/447 448/448/448 445/445/445
f 448/448/448 449/449/449 445/445/445
f 452/452/452 451/451/451 450/450/450
f 453/453/453 452/452/452 450/450/450
f 453/453/453 450/450/450 454/454/454
f 455/455/455 453/453/453 454/454/454
f 458/458/458 457/457/457 456/456/456
f 459/459/459 458/458/458 456/456/456
f 462/462/462 461/461/461 460/460/460
f 461/461/461 463/463/463 460/460/460
f 460/460/460 463/463/463 464/464/464
f 460/460/460 464/464/464 465/465/465
f 464/464/464 466/466/466 465/465/465
f 466/466/466 467/467/467 465/465/465
f 470/470/470 469/469/469 468/468/468
f 469/469/469 471/471/471 468/468/468
f 471/471/471 472/472/472 468/468/468
f 472/472/472 471/471/471 473/473/473
f 471/471/471 474/474/474 473/473/473
f 477/477/477 476/476/476 475/475/475
f 476/476/476 478/478/478 475/475/475
f 478/478/478 479/479/479 475/475/475
f 479/479/479 478/478/478 480/480/480
f 478/478/478 481/481/481 480/480/480
f 484/484/484 483/483/483 482/482/482
f 485/485/485 484/484/484 482/482/482
f 486/486/486 485/485/485 482/482/482
f 487/487/487 485/485/485 486/486/486
f 488/488/488 487/487/487 486/486/486
f 489/489/489 488/488/488 486/486/486
f 492/492/492 491/491/491 490/490/490
f 491/491/491 493/493/493 490/490/490
f 490/490/490 493/493/493 494/494/494
f 490/490/490 494/494/494 495/495/495
f 494/494/494 496/496/496 495/495/495
f 496/496/496 497/497/497 495/495/495
f 500/500/500 499/499/499 498/498/498
f 501/501/501 500/500/500 498/498/498
f 504/504/504 503/503/503 502/502/502
f 505/505/505 504/504/504 502/502/502
f 508/508/508 507/507/507 506/506/506
f 509/509/509 508/508/508 506/506/506
f 512/512/512 511/511/511 510/510/510
f 513/513/513 512/512/512 510/510/510
f 516/516/516 515/515/515 514/514/514
f 517/517/517 516/516/516 514/514/514
f 520/520/520 519/519/519 518/518/518
f 521/521/521 520/520/520 518/518/518
f 524/524/524 523/523/523 522/522/522
f 525/525/525 524/524/524 522/522/522
f 528/528/528 527/527/527 526/526/526
f 529/529/529 528/528/528 526/526/526
f 532/532/532 531/531/531 530/530/530
f 533/533/533 532/532/532 530/530/530
f 536/536/536 535/535/535 534/534/534
f 537/537/537 536/536/536 534/534/534
f 540/540/540 539/539/539 538/538/538
f 541/541/541 540/540/540 538/538/538
f 544/544/544 543/543/543 542/542/542
f 545/545/545 544/544/544 542/542/542
f 548/548/548 547/547/547 546/546/546
f 549/549/549 548/548/548 546/546/546
f 552/552/552 551/551/551 550/550/550
f 553/553/553 552/552/552 550/550/550
f 556/556/556 555/555/555 554/554/554
f 557/557/557 556/556/556 554/554/554
f 560/560/560 559/559/559 558/558/558
f 561/561/561 560/560/560 558/558/558
f 564/564/564 563/563/563 562/562/562
f 565/565/565 564/564/564 562/562/562
f 568/568/568 567/567/567 566/566/566
f 569/569/569 568/568/568 566/566/566
f 572/572/572 571/571/571 570/570/570
f 573/573/573 572/572/572 570/570/570
f 576/576/576 575/575/575 574/574/574
f 577/577/577 576/576/576 574/574/574
f 580/580/580 579/579/579 578/578/578
f 581/581/581 580/580/580 578/578/578
f 584/584/584 583/583/583 582/582/582
f 585/585/585 584/584/584 582/582/582
f 588/588/588 587/587/587 586/586/586
f 589/589/589 588/588/588 586/586/586
f 592/592/592 591/591/591 590/590/590
f 593/593/593 592/592/592 590/590/590
f 596/596/596 595/595/595 594/594/594
f 597/597/597 596/596/596 594/594/594
f 600/600/600 599/599/599 598/598/598
f 601/601/601 600/600/600 598/598/598
f 604/604/604 603/603/603 602/602/602
f 605/605/605 604/604/604 602/602/602
f 608/608/608 607/607/607 606/606/606
f 609/609/609 608/608/608 606/606/606
f 612/612/612 611/611/611 610/610/610
f 613/613/613 612/612/612 610/610/610
f 616/616/616 615/615/615 614/614/614
f 617/617/617 616/616/616 614/614/614
f 620/620/620 619/619/619 618/618/618
f 621/621/621 620/620/620 618/618/618
f 624/624/624 623/623/623 622/622/622
f 625/625/625 624/624/624 622/622/622
f 628/628/628 627/627/627 626/626/626
f 629/629/629 628/628/628 626/626/626
f 632/632/632 631/631/631 630/630/630
f 633/633/633 632/632/632 630/630/630
f 636/636/636 635/635/635 634/634/634
f 637/637/637 636/636/636 634/634/634
f 640/640/640 639/639/639 638/638/638
f 641/641/641 640/640/640 638/638/638
f 644/644/644 643/643/643 642/642/642
f 645/645/645 644/644/644 642/642/642
f 648/648/648 647/647/647 646/646/646
f 649/649/649 648/648/648 646/646/646
f 652/652/652 651/651/651 650/650/650
f 653/653/653 652/652/652 650/650/650
f 656/656/656 655/655/655 654/654/654
f 657/657/657 656/656/656 654/654/654
f 660/660/660 659/659/659 658/658/658
f 661/661/661 660/660/660 658/658/658
f 664/664/664 663/663/663 662/662/662
f 665/665/665 664/664/664 662/662/662
f 668/668/668 667/667/667 666/666/666
f 669/669/669 668/668/668 666/666/666
f 672/672/672 671/671/671 670/670/670
f 673/673/673 672/672/672 670/670/670
f 676/676/676 675/675/675 674/674/674
f 677/677/677 676/676/676 674/674/674
f 680/680/680 679/679/679 678/678/678
f 681/681/681 680/680/680 678/678/678
f 684/684/684 683/683/683 682/682/682
f 685/685/685 684/684/684 682/682/682
f 688/688/688 687/687/687 686/686/686
f 689/689/689 688/688/688 686/686/686
f 692/692/692 691/691/691 690/690/690
f 693/693/693 692/692/692 690/690/690
f 696/696/696 695/695/695 694/694/694
f 697/697/697 696/696/696 694/694/694
f 700/700/700 699/699/699 698/698/698
f 701/701/701 700/700/700 698/698/698
f 704/704/704 703/703/703 702/702/702
f 705/705/705 704/704/704 702/702/702
f 706/706/706 705/705/705 702/702/702
f 707/707/707 705/705/705 706/706/706
f 708/708/708 707/707/707 706/706/706
f 709/709/709 708/708/708 706/706/706
f 712/712/712 711/711/711 710/710/710
f 711/711/711 713/713/713 710/710/710
f 710/710/710 713/713/713 714/714/714
f 710/710/710 714/714/714 715/715/715
f 714/714/714 716/716/716 715/715/715
f 716/716/716 717/717/717 715/715/715
f 720/720/720 719/719/719 718/718/718
f 721/721/721 720/720/720 718/718/718
f 722/722/722 721/721/721 718/718/718
f 723/723/723 721/721/721 722/722/722
f 724/724/724 723/723/723 722/722/722
f 725/725/725 724/724/724 722/722/722
f 728/728/728 727/727/727 726/726/726
f 727/727/727 729/729/729 726/726/726
f 726/726/726 729/729/729 730/730/730
f 726/726/726 730/730/730 731/731/731
f 730/730/730 732/732/732 731/731/731
f 732/732/732 733/733/733 731/731/731
f 736/736/736 735/735/735 734/734/734
f 737/737/737 736/736/736 734/734/734
f 738/738/738 737/737/737 734/734/734
f 739/739/739 737/737/737 738/738/738
f 740/740/740 739/739/739 738/738/738
f 741/741/741 740/740/740 738/738/738
f 744/744/744 743/743/743 742/742/742
f 743/743/743 745/745/745 742/742/742
f 742/742/742 745/745/745 746/746/746
f 742/742/742 746/746/746 747/747/747
f 746/746/746 748/748/748 747/747/747
f 748/748/748 749/749/749 747/747/747
f 752/752/752 751/751/751 750/750/750
f 753/753/753 752/752/752 750/750/750
f 756/756/756 755/755/755 754/754/754
f 757/757/757 756/756/756 754/754/754
f 760/760/760 759/759/759 758/758/758
f 761/761/761 760/760/760 758/758/758
f 764/764/764 763/763/763 762/762/762
f 765/765/765 764/764/764 762/762/762
f 762/762/762 763/763/763 766/766/766
f 763/763/763 767/767/767 766/766/766
f 766/766/766 767/767/767 768/768/768
f 769/769/769 765/765/765 762/762/762
f 762/762/762 766/766/766 769/769/769
f 770/770/770 765/765/765 769/769/769
f 771/771/771 770/770/770 769/769/769
f 766/766/766 768/768/768 772/772/772
f 766/766/766 772/772/772 769/769/769
f 772/772/772 771/771/771 769/769/769
f 768/768/768 773/773/773 772/772/772
f 773/773/773 771/771/771 772/772/772
f 776/776/776 775/775/775 774/774/774
f 777/777/777 776/776/776 774/774/774
f 774/774/774 775/775/775 778/778/778
f 775/775/775 779/779/779 778/778/778
f 779/779/779 780/780/780 778/778/778
f 781/781/781 777/777/777 774/774/774
f 781/781/781 774/774/774 778/778/778
f 782/782/782 777/777/777 781/781/781
f 783/783/783 782/782/782 781/781/781
f 778/778/778 780/780/780 784/784/784
f 784/784/784 781/781/781 778/778/778
f 784/784/784 783/783/783 781/781/781
f 780/780/780 785/785/785 784/784/784
f 785/785/785 783/783/783 784/784/784
f 788/788/788 787/787/787 786/786/786
f 789/789/789 788/788/788 786/786/786
f 786/786/786 787/787/787 790/790/790
f 787/787/787 791/791/791 790/790/790
f 790/790/790 791/791/791 792/792/792
f 793/793/793 789/789/789 786/786/786
f 786/786/786 790/790/790 793/793/793
f 794/794/794 789/789/789 793/793/793
f 795/795/795 794/794/794 793/793/793
f 790/790/790 792/792/792 796/796/796
f 790/790/790 796/796/796 793/793/793
f 796/796/796 795/795/795 793/793/793
f 792/792/792 797/797/797 796/796/796
f 797/797/797 795/795/795 796/796/796
f 800/800/800 799/799/799 798/798/798
f 801/801/801 800/800/800 798/798/798
f 798/798/798 799/799/799 802/802/802
f 799/799/799 803/803/803 802/802/802
f 802/802/802 803/803/803 804/804/804
f 805/805/805 801/801/801 798/798/798
f 798/798/798 802/802/802 805/805/805
f 806/806/806 801/801/801 805/805/805
f 807/807/807 806/806/806 805/805/805
f 802/802/802 804/804/804 808/808/808
f 802/802/802 808/808/808 805/805/805
f 808/808/808 807/807/807 805/805/805
f 804/804/804 809/809/809 808/808/808
f 809/809/809 807/807/807 808/808/808
f 812/812/812 811/811/811 810/810/810
f 811/811/811 812/812/812 813/813/813
f 814/814/814 812/812/812 810/810/810
f 815/815/815 814/814/814 810/810/810
f 816/816/816 814/814/814 815/815/815
f 812/812/812 817/817/817 813/813/813
f 817/817/817 812/812/812 814/814/814
f 813/813/813 817/817/817 818/818/818
f 818/818/818 817/817/817 819/819/819
f 820/820/820 814/814/814 816/816/816
f 820/820/820 817/817/817 814/814/814
f 817/817/817 820/820/820 819/819/819
f 821/821/821 820/820/820 816/816/816
f 819/819/819 820/820/820 821/821/821
f 824/824/824 823/823/823 822/822/822
f 825/825/825 824/824/824 822/822/822
f 822/822/822 823/823/823 826/826/826
f 823/823/823 827/827/827 826/826/826
f 827/827/827 828/828/828 826/826/826
f 829/829/829 825/825/825 822/822/822
f 829/829/829 822/822/822 826/826/826
f 830/830/830 825/825/825 829/829/829
f 831/831/831 830/830/830 829/829/829
f 826/826/826 828/828/828 832/832/832
f 832/832/832 829/829/829 826/826/826
f 832/832/832 831/831/831 829/829/829
f 828/828/828 833/833/833 832/832/832
f 833/833/833 831/831/831 832/832/832

