mtllib material.mtl
usemtl material_0
v -1.13937500 -0.12042560 -0.99496580
v -1.15096400 -0.13948220 -0.81646000
v -1.15064200 -0.16457340 -0.98860350
v -1.13653800 -0.09628613 -0.82281370
v -1.12604000 -0.07680107 -1.00124900
v -1.14937700 -0.11951150 -0.67852780
v -1.11819800 -0.05256134 -0.82915890
v -1.10573700 -0.03487122 -1.00735200
v -1.13099600 -0.07791264 -0.68488890
v -1.14596200 -0.10498700 -0.57487550
v -1.08521200 -0.01554688 -0.83520380
v -1.06484400 -0.01349785 -1.01355400
v -1.10600800 -0.03836448 -0.69120120
v -1.12465300 -0.06318722 -0.58126950
v -1.13830800 -0.08677326 -0.43637330
v -1.04134000 -0.00813042 -0.84168820
v -0.79119630 -0.00367706 -1.05136200
v -1.06720200 -0.01178169 -0.69755250
v -1.09502400 -0.02028702 -0.58769040
v -1.11257300 -0.04641037 -0.44290530
v -1.13328600 -0.07788856 -0.36692990
v -0.76808590 -0.00364197 -0.88006220
v -0.56143060 -0.00390327 -1.08183600
v -1.02246600 -0.00716263 -0.70402590
v -1.05352000 -0.00851440 -0.59407100
v -1.07796900 -0.01381798 -0.44949590
v -1.10546100 -0.03879150 -0.37366940
v -1.12783700 -0.06421070 -0.29754270
v -0.53931150 -0.00362045 -0.91065550
v -0.42333980 -0.00399933 -1.09943600
v -0.74957030 -0.00366425 -0.74251590
v -1.00823700 -0.00677010 -0.60054810
v -1.03417700 -0.00719337 -0.45603510
v -1.06887700 -0.01130356 -0.38037110
v -1.09829100 -0.02128777 -0.30448610
v -1.12258300 -0.05536877 -0.22838260
v -0.40191890 -0.00357101 -0.92821410
v -0.33120850 -0.00406166 -1.11081300
v -0.52146970 -0.00358345 -0.77319820
v -0.73548820 -0.00363762 -0.63919430
v -0.98887210 -0.00612663 -0.46262200
v -1.02431600 -0.00678688 -0.38698490
v -1.05931200 -0.00822296 -0.31122680
v -1.09014200 -0.01771645 -0.23520510
v -1.11992700 -0.05222053 -0.19379270
v -1.08581300 -0.01627083 -0.20054690
v -1.11705600 -0.04782669 -0.15916870
v -1.04926800 -0.00719559 -0.24201170
v -1.01425800 -0.00654457 -0.31791870
v -0.97905760 -0.00559227 -0.39362910
v -0.71621580 -0.00359718 -0.50141970
v -1.08114700 -0.01504112 -0.16592770
v -1.11388200 -0.04363602 -0.12448240
v -1.04392100 -0.00693115 -0.20738650
v -1.00395500 -0.00628067 -0.24888310
v -0.96900150 -0.00542946 -0.32467160
v -1.07625000 -0.01402595 -0.13129390
v -1.11038600 -0.03951012 -0.08975098
v -1.03850100 -0.00685089 -0.17279170
v -0.99866460 -0.00605568 -0.21440190
v -1.07116200 -0.01310173 -0.09671631
v -1.10664100 -0.03521835 -0.05503784
v -1.03297400 -0.00681824 -0.13828610
v -1.06606900 -0.01208809 -0.06218506
v -1.10274900 -0.03069214 -0.02041870
v -0.70636720 -0.00358276 -0.43257200
v -0.95862790 -0.00535080 -0.25579830
v -0.99326170 -0.00584282 -0.17992550
v -1.02742700 -0.00681793 -0.10378780
v -1.06099400 -0.01093887 -0.02763672
v -1.09842800 -0.02592560 0.01415527
v -0.69649410 -0.00359970 -0.36371700
v -0.95331540 -0.00524155 -0.22141480
v -0.98778810 -0.00569038 -0.14545900
v -1.02189000 -0.00679939 -0.06929322
v -1.05575200 -0.00989006 0.00692139
v -1.09342300 -0.01868622 0.04879272
v -0.68647710 -0.00156311 -0.29560670
v -0.94792480 -0.00516563 -0.18702270
v -0.98227050 -0.00562408 -0.11099980
v -1.01641100 -0.00668999 -0.03481445
v -1.05024400 -0.00894218 0.04147217
v -1.08813000 -0.01543198 0.08343017
v -0.68133300 0.00145912 -0.26272830
v -0.94245600 -0.00513725 -0.15261960
v -0.97673830 -0.00557091 -0.07654419
v -1.01092300 -0.00652954 -0.00036987
v -1.04456100 -0.00813644 0.07607178
v -1.08262200 -0.01466576 0.11806760
v -0.67605470 0.00060234 -0.22846560
v -0.93693850 -0.00513741 -0.11822260
v -0.97120600 -0.00551964 -0.04208984
v -1.00528800 -0.00648621 0.03410156
v -1.03890600 -0.00789978 0.11061640
v -1.07703100 -0.01394218 0.15269900
v -0.66993650 -0.00283707 -0.19619870
v -0.93140380 -0.00509750 -0.08382202
v -0.96564940 -0.00546791 -0.00768433
v -0.99967040 -0.00628540 0.06859253
v -1.03320100 -0.00764549 0.14516110
v -1.07136000 -0.01323235 0.18732910
v -0.66441890 -0.00356995 -0.16204830
v -0.92585200 -0.00504837 -0.04942627
v -0.96008550 -0.00533874 0.02670532
v -0.99402830 -0.00602524 0.10307010
v -1.02740500 -0.00742294 0.17970090
v -1.06568400 -0.01233681 0.22195680
v -0.65887210 -0.00356293 -0.12785160
v -0.92027830 -0.00499802 -0.01505005
v -0.95447510 -0.00519028 0.06111572
v -0.98831050 -0.00580696 0.13754270
v -1.02165500 -0.00705010 0.21422970
v -1.05997100 -0.01138161 0.25656620
v -0.65331790 -0.00355591 -0.09365600
v -0.91469230 -0.00494598 0.01931396
v -0.94879390 -0.00506767 0.09554077
v -0.98252440 -0.00568634 0.17201660
v -1.01581500 -0.00667282 0.24876710
v -1.05416000 -0.01048248 0.29116330
v -0.64774900 -0.00354881 -0.05945923
v -0.90907710 -0.00489319 0.05366577
v -0.94306640 -0.00503509 0.12994510
v -0.97665520 -0.00562065 0.20649410
v -1.00989000 -0.00635673 0.28329830
v -1.04825900 -0.00946487 0.32574830
v -0.64215330 -0.00354179 -0.02527344
v -0.90341550 -0.00483833 0.08801147
v -0.93727050 -0.00508049 0.16434940
v -0.97073730 -0.00556045 0.24096310
v -1.00386700 -0.00610855 0.31783200
v -1.03625000 -0.00781914 0.39488400
v -0.63653810 -0.00353470 0.00891235
v -0.89770750 -0.00477554 0.12235110
v -0.93143060 -0.00510819 0.19874510
v -0.96478030 -0.00541985 0.27542480
v -0.99166990 -0.00580208 0.38688840
v -1.03013700 -0.00755981 0.42945680
v -0.63089350 -0.00352768 0.04310181
v -0.89195310 -0.00472557 0.15668460
v -0.92553220 -0.00506676 0.23315310
v -0.95874990 -0.00532104 0.30988770
v -0.98546390 -0.00574226 0.42137330
v -1.02393300 -0.00733192 0.46402100
v -0.62520990 -0.00352058 0.07729370
v -0.88614990 -0.00468231 0.19101200
v -0.91958000 -0.00502640 0.26755010
v -0.94652340 -0.00526367 0.37878420
v -0.97921380 -0.00566330 0.45583620
v -1.01768100 -0.00700409 0.49857050
v -0.61948730 -0.00351349 0.11148800
v -0.88028320 -0.00464165 0.22534300
v -0.91355470 -0.00498627 0.30194090
v -0.94032710 -0.00527229 0.41319330
v -0.97290530 -0.00554192 0.49028320
v -1.01136700 -0.00663239 0.53309820
v -0.61374510 -0.00350632 0.14566890
v -0.87434320 -0.00460243 0.25966800
v -0.90132810 -0.00490471 0.37067870
v -0.93407230 -0.00521545 0.44757450
v -0.96654780 -0.00534905 0.52470820
v -1.00487800 -0.00647446 0.56763430
v -0.60797360 -0.00349670 0.17984130
v -0.86833250 -0.00456596 0.29398190
v -0.89513180 -0.00486328 0.40501460
v -0.92777340 -0.00519508 0.48193850
v -0.96008060 -0.00533707 0.55915770
v -0.99829590 -0.00647919 0.60218750
v -0.60244630 -0.00059158 0.21265380
v -0.85610350 -0.00448433 0.36255370
v -0.88888180 -0.00482117 0.43932010
v -0.92141110 -0.00515503 0.51628420
v -0.95350830 -0.00548645 0.59362910
v -0.99164060 -0.00654823 0.63675290
v -0.59662600 -0.00348290 0.24537720
v -0.84989740 -0.00444237 0.39681520
v -0.88259270 -0.00477867 0.47360470
v -0.91498770 -0.00511139 0.55061530
v -0.94683590 -0.00562500 0.62806150
v -0.97801270 -0.00662331 0.70579460
v -0.58455810 -0.00347145 0.31358030
v -0.84365230 -0.00439652 0.43105960
v -0.87625000 -0.00473564 0.50786860
v -0.90848390 -0.00506508 0.58496090
v -0.93318600 -0.00582329 0.69687380
v -0.97098390 -0.00693749 0.74026120
v -0.57845460 -0.00346954 0.34770380
v -0.83736080 -0.00434097 0.46528560
v -0.86986330 -0.00469223 0.54211060
v -0.90188960 -0.00490913 0.61928960
v -0.92621090 -0.00587944 0.73123410
v -0.96387210 -0.00725532 0.77465450
v -0.57214840 -0.00347496 0.38176390
v -0.83102780 -0.00428474 0.49948970
v -0.86340580 -0.00464813 0.57634400
v -0.88831060 -0.00493614 0.68791990
v -0.91912600 -0.00612091 0.76552860
v -0.95672850 -0.00754959 0.80899290
v -0.56584960 -0.00347496 0.41578730
v -0.82466550 -0.00422844 0.53366450
v -0.85686030 -0.00460327 0.61056640
v -0.88134280 -0.00496803 0.72217530
v -0.91201170 -0.00632294 0.79979370
v -0.94951660 -0.00790375 0.84329220
v -0.55950930 -0.00347466 0.44987300
v -0.81825680 -0.00417107 0.56781740
v -0.84335940 -0.00444740 0.67895510
v -0.87433110 -0.00490326 0.75639040
v -0.90471680 -0.00697006 0.83400390
v -0.94219970 -0.00908966 0.87754760
v -0.55314940 -0.00347473 0.48395380
v -0.81175290 -0.00411171 0.60195430
v -0.83644530 -0.00430000 0.71309080
v -0.86714110 -0.00547463 0.79058100
v -0.89734130 -0.00781570 0.86810670
v -0.93484370 -0.01300186 0.91144530
v -0.54677730 -0.00343536 0.51802000
v -0.79839350 -0.00399765 0.66988160
v -0.82942870 -0.00409828 0.74722050
v -0.85988280 -0.00628395 0.82469840
v -0.89000730 -0.00978935 0.90205070
v -0.92749510 -0.02774452 0.94268310
v -0.54037110 -0.00357552 0.55206660
v -0.79142580 -0.00398643 0.70391360
v -0.82229000 -0.00451332 0.78138910
v -0.85256340 -0.00723846 0.85884030
v -0.88260500 -0.01775177 0.93511720
v -0.91992920 -0.05586529 0.96451050
v -0.52813970 0.00215897 0.61743530
v -0.78443360 -0.00434700 0.73798340
v -0.81503420 -0.00574593 0.81540650
v -0.84527590 -0.00805260 0.89305420
v -0.87514160 -0.04277050 0.96077020
v -0.91213860 -0.08840328 0.97418210
v -0.52135250 -0.00218964 0.64825560
v -0.77731930 -0.00456078 0.77204100
v -0.80775870 -0.00672722 0.84944580
v -0.83777590 -0.01209106 0.92637450
v -0.86745600 -0.07762260 0.97407350
v -0.90422360 -0.12133950 0.98210260
v -0.51451660 -0.00414535 0.68173090
v -0.77013180 -0.00566437 0.80593870
v -0.80043450 -0.00740753 0.88357300
v -0.83028320 -0.02953072 0.95493890
v -0.85954340 -0.11081360 0.98145930
v -0.89640380 -0.15430340 0.99022760
v -0.50768070 -0.00429642 0.71580080
v -0.76284660 -0.00662140 0.83989130
v -0.79298340 -0.01080963 0.91689090
v -0.82269290 -0.06643116 0.97243530
v -0.85168700 -0.14400530 0.98890010
v -0.88860350 -0.18725000 0.99855040
v -0.50087160 -0.00262993 0.74948480
v -0.75548830 -0.00731666 0.87385490
v -0.78540280 -0.02466965 0.94733150
v -0.81484370 -0.10023880 0.98128350
v -0.84385740 -0.17713790 0.99653990
v -0.87299320 -0.25383250 1.01173700
v -0.49351320 -0.00493706 0.78263550
v -0.74810550 -0.00943367 0.90758790
v -0.77780760 -0.05675976 0.96885010
v -0.80695800 -0.13363870 0.98791810
v -0.82820550 -0.24356940 1.01074000
v -0.86517090 -0.28772590 1.01379300
v -0.48609860 -0.00590012 0.81646240
v -0.74059570 -0.02003456 0.93899290
v -0.77007810 -0.09012733 0.97975030
v -0.79909660 -0.16695220 0.99479120
v -0.82038570 -0.27748380 1.01249500
v -0.84952630 -0.35548290 1.01784400
v -0.47867190 -0.00687706 0.85027220
v -0.73297850 -0.04671944 0.96344480
v -0.76220950 -0.12351190 0.98635250
v -0.78341790 -0.23339820 1.00887300
v -0.80473390 -0.34525730 1.01586700
v -0.83387690 -0.42317020 1.02193200
v -0.47125970 -0.00668442 0.88419800
v -0.72526370 -0.08035980 0.97711550
v -0.75434080 -0.15681450 0.99318970
v -0.77559080 -0.26723590 1.01134800
v -0.78907710 -0.41294270 1.01989900
v -0.81824710 -0.49082740 1.02588200
v -0.77343020 -0.48056070 1.02436600
v -0.75992430 -0.33499840 1.01448400
v -0.74425780 -0.40268730 1.01826700
v -0.72860350 -0.47028340 1.02297900
v -0.73862790 -0.22316520 1.00772600
v -0.71744630 -0.11365310 0.98381470
v -0.73078850 -0.25691730 1.01135300
v -0.71510490 -0.32469700 1.01379800
v -0.69942870 -0.39239370 1.01719800
v -0.68377440 -0.45997770 1.02196200
v -0.70958010 -0.14695010 0.99044130
v -0.69383300 -0.21309520 1.00562100
v -0.68598630 -0.24661250 1.01095000
v -0.67028080 -0.31437170 1.01357100
v -0.65459470 -0.38207470 1.01649000
v -0.63893550 -0.44965450 1.02113800
v -0.38550530 -0.31978580 1.01442300
v -0.36977050 -0.38732350 1.01809800
v -0.40125490 -0.25213790 1.01186300
v -0.41698730 -0.18615340 0.99710570
v -0.42485350 -0.15318440 0.98946960
v -0.44059080 -0.08494682 0.97974540
v -0.16121340 -0.26755440 1.01215700
v -0.14541990 -0.33501780 1.01663500
v -0.17699950 -0.20077990 1.00209400
v -0.19278560 -0.13449830 0.98839780
v -0.20068600 -0.10118760 0.98263790
v -0.02669922 -0.23617520 1.00946600
v -0.01083740 -0.30348220 1.01596900
v -0.04255371 -0.17002480 0.99507500
v -0.05837646 -0.10350450 0.98253170
v 0.06293457 -0.21548770 1.00540300
v 0.07884765 -0.28233110 1.01551600
v 0.04702393 -0.14948020 0.99043580
v 0.15251470 -0.19525840 0.99911560
v 0.16850590 -0.26112680 1.01424400
v -0.21631350 -0.03184097 0.95661250
v -0.06625488 -0.06940765 0.97547970
v 0.03120117 -0.08259552 0.97885380
v 0.13659180 -0.12885250 0.98595760
v 0.28684570 -0.16445400 0.99077390
v 0.30293460 -0.22982570 1.00787400
v -0.08194092 -0.01326797 0.93088260
v 0.02334961 -0.04849426 0.96619750
v 0.12075680 -0.06189758 0.97148680
v 0.27085940 -0.09768406 0.97997680
v 0.42104250 -0.13288870 0.98507990
v 0.43708490 -0.19845300 1.00187800
v 0.00762207 -0.00995003 0.91089110
v 0.11293460 -0.02815300 0.95159670
v 0.25507320 -0.03247185 0.95274040
v 0.40491700 -0.06519329 0.97354250
v 0.50947270 -0.10920790 0.99275020
v 0.52490230 -0.17372120 1.01362800
v 0.09708496 -0.00761810 0.88998660
v 0.24719240 -0.01354774 0.92463500
v 0.38943850 -0.01208778 0.92659180
v 0.49460940 -0.04730427 0.96314570
v 0.59882810 -0.09346912 0.98145080
v 0.61377200 -0.15005580 1.01894700
v 0.23132810 -0.00660210 0.85817870
v 0.38161860 -0.00769257 0.89408450
v 0.47927730 -0.00891052 0.90687130
v 0.58423830 -0.03331177 0.94864740
v 0.64375970 -0.08383621 0.97846560
v 0.65682130 -0.13453700 1.02426600
v 0.36571780 -0.00592422 0.82667600
v 0.47131100 -0.00701439 0.87331420
v 0.56906250 -0.00923790 0.88558350
v 0.62918940 -0.02747673 0.94025270
v 0.73020020 -0.06246994 0.98208680
v 0.73771480 -0.09571426 1.04289700
v 0.45529300 -0.00587021 0.80577020
v 0.56101070 -0.00739586 0.85206540
v 0.61397950 -0.00967308 0.87496950
v 0.71845700 -0.03459198 0.91855100
v 0.76796380 -0.08314697 0.96640990
v 0.77701660 -0.11422550 1.02796200
v 0.54481690 -0.00602539 0.78464840
v 0.60580560 -0.00766098 0.84138670
v 0.70297850 -0.01152306 0.85267570
v 0.75637200 -0.05594242 0.90340700
v 0.79770020 -0.11273630 0.94734130
v 0.80832030 -0.14228350 1.00934800
v 0.58953610 -0.00628319 0.77393670
v 0.69513670 -0.00777969 0.81963870
v 0.74183110 -0.02645172 0.83836300
v 0.76541010 -0.09859211 0.88752440
v 0.81405510 -0.15177800 0.92853270
v 0.83608150 -0.17324160 0.98993710
v 0.67862790 -0.00347069 0.75369750
v 0.73451170 -0.01843437 0.80557980
v 0.76603510 -0.07255466 0.82317630
v 0.77660640 -0.14013910 0.87187860
v 0.81388430 -0.19726480 0.91969110
v 0.85709960 -0.20904440 0.96972900
v 0.71875490 -0.00958725 0.73962890
v 0.76182620 -0.05739345 0.79045530
v 0.78220700 -0.11393300 0.80784180
v 0.79077640 -0.18135320 0.85625000
v 0.81814940 -0.24102460 0.90698360
v 0.86797850 -0.25055380 0.95207030
v 0.75111810 -0.02938812 0.72509520
v 0.77945550 -0.10255920 0.77529540
v 0.79774900 -0.15444320 0.79255130
v 0.81190430 -0.21966830 0.84177490
v 0.82197990 -0.28429320 0.89249870
v 0.87135740 -0.29474050 0.93874630
v 0.77197270 -0.07943184 0.70997430
v 0.79377440 -0.14352070 0.75989990
v 0.81069330 -0.19597520 0.77705440
v 0.82255130 -0.26180890 0.82662590
v 0.82599120 -0.32748770 0.87737910
v 0.87426510 -0.33917810 0.92547610
v 0.78661620 -0.12138510 0.69460930
v 0.80583490 -0.18511810 0.74448730
v 0.81610600 -0.23905170 0.76171990
v 0.81769290 -0.30515320 0.81212030
v 0.83092280 -0.37032050 0.86147340
v 0.87658200 -0.38348080 0.91204590
v 0.79922360 -0.16294300 0.67925660
v 0.81493650 -0.22757100 0.72918330
v 0.81493900 -0.28247940 0.74662840
v 0.81620360 -0.34869610 0.79727660
v 0.83600590 -0.41308530 0.84554930
v 0.87838380 -0.42769490 0.89854850
v 0.81032220 -0.20495650 0.66398190
v 0.81835940 -0.27092000 0.71404170
v 0.81642090 -0.32582380 0.73160030
v 0.81792240 -0.39211800 0.78216430
v 0.84480710 -0.49917140 0.81449460
v 0.88110840 -0.51583460 0.87131590
v 0.81893800 -0.24768070 0.64876710
v 0.81976070 -0.31427820 0.69893800
v 0.81791750 -0.36917990 0.71652830
v 0.82401850 -0.47870420 0.75158450
v 0.86134760 -0.62756410 0.76678470
v 0.90243160 -0.64105100 0.82122800
v 0.87466790 -0.66738140 0.74756470
v 0.92590580 -0.67033080 0.79448970
v 0.84207520 -0.65088030 0.68927000
v 0.83637210 -0.60804210 0.70509520
v 0.82860350 -0.62896630 0.62469730
v 0.82430660 -0.58589280 0.64022460
v 0.82425290 -0.61765110 0.59205570
v 0.81748040 -0.45599590 0.68617670
v 0.82112790 -0.57445920 0.60749870
v 0.81788810 -0.59458510 0.52656010
v 0.81617920 -0.44447750 0.65337770
v 0.81719730 -0.55130330 0.54196050
v 0.81540040 -0.58293750 0.49382200
v 0.81940670 -0.35768950 0.68372800
v 0.81499510 -0.53965220 0.50923220
v 0.81397940 -0.57128270 0.46106930
v 0.81853760 -0.42126170 0.58783570
v 0.81643060 -0.33454420 0.61835690
v 0.81336430 -0.52796780 0.47647950
v 0.81464360 -0.55963340 0.42832760
v 0.82089600 -0.40963720 0.55512080
v 0.81906740 -0.29117450 0.63354000
v 0.81327640 -0.51628780 0.44371090
v 0.82177250 -0.54802890 0.39634400
v 0.82059080 -0.39802220 0.52235230
v 0.81708500 -0.32295880 0.58557860
v 0.81632810 -0.27961810 0.60094610
v 0.81764400 -0.50463830 0.41123780
v 0.84577150 -0.53768290 0.37338620
v 0.81719730 -0.38627210 0.48984740
v 0.82108890 -0.31124890 0.55309810
v 0.81594230 -0.23629580 0.61619510
v 0.83702640 -0.49376740 0.38442630
v 0.87821530 -0.53392480 0.38540040
v 0.81493650 -0.37450580 0.45724970
v 0.82190920 -0.29953970 0.52043210
v 0.81832270 -0.26794650 0.56833860
v 0.80450200 -0.19450450 0.63149780
v 0.87110350 -0.48861710 0.38961180
v 0.89587890 -0.53388950 0.41531620
v 0.81734370 -0.36286740 0.42457760
v 0.81941890 -0.28789370 0.48790280
v 0.81995360 -0.25616370 0.53584590
v 0.81468750 -0.22466010 0.58364380
v 0.79201660 -0.15295390 0.64682010
v 0.88773440 -0.48880450 0.42005370
v 0.92988280 -0.52725550 0.41205560
v 0.84507320 -0.35369590 0.40544310
v 0.81499270 -0.27620800 0.45558960
v 0.81895510 -0.24445620 0.50325560
v 0.81301510 -0.21314310 0.55108760
v 0.80149410 -0.18324730 0.59886600
v 0.78217770 -0.11058810 0.66193970
v 0.78699710 -0.14230540 0.61411990
v 0.80222170 -0.17102210 0.56650880
v 0.80830810 -0.20229770 0.51858030
v 0.81498530 -0.23305890 0.47071290
v 0.76893550 -0.06630520 0.67733760
v 0.77553950 -0.10039880 0.62946290
v 0.78803710 -0.12986760 0.58173100
v 0.79667970 -0.16056340 0.53387210
v 0.74530760 -0.02032700 0.69227900
v 0.76500730 -0.05574333 0.64459960
v 0.77251710 -0.08921764 0.59680290
v 0.70975580 -0.00694252 0.70659670
v 0.73793940 -0.01592728 0.65933230
v 0.67023440 -0.00128906 0.72086790
v 0.80081050 -0.19238070 0.48599970
v 0.78604000 -0.11850010 0.54920410
v 0.76012690 -0.04562149 0.61187500
v 0.69911620 -0.00603569 0.67375120
v 0.58156250 -0.00609535 0.74009400
v 0.79026370 -0.15025250 0.50150140
v 0.77129390 -0.07746662 0.56449460
v 0.72835450 -0.01262672 0.62632930
v 0.66119870 0.00056778 0.68769160
v 0.53673340 -0.00568054 0.75093870
v 0.77559080 -0.10949820 0.51726440
v 0.75404540 -0.03590652 0.57908330
v 0.68669920 -0.00637436 0.64141720
v 0.57344720 -0.00343079 0.70753540
v 0.44728510 -0.00523979 0.77197380
v 0.76845210 -0.06658924 0.53245850
v 0.71722170 -0.01053955 0.59340450
v 0.65023430 0.00108170 0.65451290
v 0.52871090 -0.00546570 0.71723870
v 0.35773440 -0.00508926 0.79292850
v 0.74561520 -0.02646019 0.54597410
v 0.67497800 -0.00642929 0.60872440
v 0.56357420 0.00322067 0.68217410
v 0.43928220 -0.00503594 0.73810300
v 0.22333500 -0.00589607 0.82442750
v 0.70542480 -0.01018600 0.56028690
v 0.63715330 0.00031029 0.62226190
v 0.52090080 -0.00210655 0.68509640
v 0.34975100 -0.00447846 0.75911990
v 0.08908691 -0.00661728 0.85633060
v 0.66277830 -0.00677658 0.57610110
v 0.55450680 0.00831001 0.65323360
v 0.43133790 -0.00471863 0.70422120
v 0.21532960 -0.00496307 0.79073480
v -0.00034180 -0.00725090 0.87769900
v 0.62232910 -0.00183785 0.59167720
v 0.51210210 0.00310814 0.65652100
v 0.34174800 -0.00433556 0.72523920
v 0.08105712 -0.00587822 0.82259150
v -0.08978515 -0.00792580 0.89903320
v 0.54709470 0.01174202 0.62115720
v 0.42357910 -0.00228889 0.67125000
v 0.20731930 -0.00427643 0.75698120
v -0.00831299 -0.00643204 0.84403200
v -0.22415280 -0.01274071 0.92914310
v 0.50520750 0.00614487 0.62424310
v 0.33379150 -0.00383690 0.69150270
v 0.07298828 -0.00478249 0.78892210
v -0.09769775 -0.00691513 0.86541870
v -0.44834470 -0.04242195 0.96712150
v -0.23191890 -0.00822426 0.89652830
v -0.45604000 -0.01619370 0.94535270
v -0.01636719 -0.00558472 0.81038570
v 0.19929930 -0.00431732 0.72311280
v -0.10547610 -0.00434906 0.83263550
v -0.23948970 -0.00389160 0.86585210
v -0.46382320 -0.00746574 0.91808590
v 0.06488770 -0.00436028 0.75512210
v -0.02454590 -0.00468071 0.77672970
v -0.11376950 -0.00529457 0.79904660
v -0.24728270 -0.00617340 0.83297730
v -0.25552730 -0.00527374 0.79935060
v -0.12216060 -0.00444809 0.76541010
v -0.03283203 -0.00402084 0.74317630
v 0.05683105 -0.00317963 0.72168090
v 0.19159670 -0.00105461 0.69113030
v -0.26314450 -0.00005379 0.76994630
v -0.12841550 0.00318100 0.74231080
v -0.03843506 0.00441109 0.72296990
v 0.05130371 0.00563004 0.70326540
v -0.27056150 0.00202698 0.73672240
v -0.13560060 0.00310051 0.70833860
v -0.04579102 0.00367416 0.68911860
v -0.27674310 -0.00030441 0.70322880
v -0.14107910 -0.00324394 0.68099000
v -0.28288570 -0.00409782 0.67133180
v 0.18571530 0.00773094 0.67268430
v 0.04389649 0.00456825 0.66951170
v -0.05037598 -0.00388084 0.66515010
v -0.14710940 -0.00398613 0.64688600
v -0.28933100 -0.00392975 0.63725710
v 0.17788090 0.00696571 0.63894770
v 0.04045898 -0.00394676 0.64912840
v -0.05634277 -0.00392471 0.63100830
v -0.15323970 -0.00384232 0.61282470
v -0.29474610 0.00195221 0.60905760
v 0.17665280 -0.00251328 0.62356930
v 0.03432129 -0.00386299 0.61505130
v -0.06249023 -0.00360252 0.59693360
v -0.15875490 0.00103165 0.58257690
v -0.30111330 -0.00022026 0.57583620
v 0.17006840 -0.00376511 0.58984980
v 0.02809570 -0.00282089 0.58111820
v -0.06842773 0.00017967 0.56505980
v -0.16536130 -0.00310669 0.55138800
v -0.31419920 -0.00341446 0.50980590
v 0.16344730 -0.00362373 0.55572270
v 0.02187744 -0.00071823 0.54763790
v -0.07500488 -0.00347214 0.53318480
v -0.17884030 -0.00347023 0.48326410
v -0.32078610 -0.00347145 0.47572880
v 0.15675780 -0.00346855 0.52159180
v 0.01507080 -0.00346993 0.51476440
v -0.08880371 -0.00346771 0.46516720
v -0.18559080 -0.00346779 0.44916140
v -0.32734860 -0.00346878 0.44161130
v 0.14999020 -0.00346565 0.48746580
v 0.00118164 -0.00346519 0.44667850
v -0.09569336 -0.00346535 0.43111690
v -0.19228520 -0.00244446 0.41516110
v -0.33384280 -0.00277473 0.40750610
v 0.13625490 -0.00346138 0.41928590
v -0.00570312 -0.00313240 0.41263180
v -0.10222170 -0.00017097 0.39866940
v -0.19911130 0.00287918 0.38586670
v -0.34080080 0.00103996 0.37579470
v 0.12963870 -0.00103943 0.38610110
v -0.01194824 0.00323547 0.38547000
v -0.10884770 0.00552971 0.37015750
v -0.20508790 0.00376358 0.35166020
v -0.34677730 0.00180183 0.34155030
v 0.12391600 0.00676262 0.36339480
v -0.01804687 0.00646469 0.35295040
v -0.11425290 0.00249107 0.33721560
v -0.21068360 -0.00148048 0.32198850
v -0.35242670 -0.00197731 0.30956300
v 0.11831540 0.00543091 0.32943480
v -0.02327881 0.00016075 0.32554080
v -0.11968990 -0.00303970 0.30815060
v -0.21613280 -0.00346344 0.28828860
v -0.35795900 -0.00346787 0.27555050
v 0.11339360 -0.00193703 0.30509770
v -0.02863769 -0.00345749 0.29345210
v -0.12521000 -0.00346046 0.27392580
v -0.22172360 -0.00346130 0.25417110
v -0.36930660 -0.00035019 0.20848630
v 0.10777100 -0.00345306 0.27128540
v -0.03430420 -0.00345749 0.25924070
v -0.13081050 -0.00346023 0.23972290
v -0.23308100 -0.00321289 0.18639280
v -0.37491700 -0.00088989 0.17434690
v 0.10204350 -0.00345314 0.23705810
v -0.03999512 -0.00345757 0.22499020
v -0.14220700 -0.00345978 0.17125610
v -0.23885500 -0.00346367 0.15216310
v -0.38101320 -0.00346809 0.14140380
v 0.09637451 -0.00254036 0.20298220
v -0.05155518 -0.00036949 0.15792720
v -0.14820800 -0.00037605 0.13863040
v -0.24489750 -0.00037376 0.11962160
v -0.38687500 -0.00150200 0.10796390
v 0.08482666 0.00039764 0.13615480
v -0.05730469 0.00147324 0.12423710
v -0.15396000 0.00124916 0.10483520
v -0.25055180 0.00052559 0.08547241
v -0.39259760 -0.00094025 0.07386963
v 0.07857422 -0.00291069 0.10373050
v -0.06315918 -0.00127518 0.09128418
v -0.15974850 -0.00189903 0.07223389
v -0.25626220 -0.00280121 0.05301147
v -0.39805170 -0.00346504 0.04060913
v 0.07283203 -0.00345581 0.06953125
v -0.06899902 -0.00345795 0.05790161
v -0.16544430 -0.00346100 0.03842407
v -0.26184080 -0.00346397 0.01875854
v -0.40366700 -0.00346939 0.00634033
v 0.06704834 -0.00351990 0.03529907
v -0.07470214 -0.00345802 0.02367309
v -0.17109860 -0.00346108 0.00420654
v -0.26745360 -0.00346405 -0.01548218
v -0.40927250 -0.00348007 -0.02789307
v 0.06133056 -0.00354721 0.00106689
v -0.08036377 -0.00345207 -0.01060181
v -0.17672850 -0.00346108 -0.03005371
v -0.27306150 -0.00346397 -0.04975708
v -0.41486810 -0.00348816 -0.06212280
v 0.05561279 -0.00356377 -0.03310913
v -0.08602051 -0.00349930 -0.04485352
v -0.18233890 -0.00344238 -0.06429809
v -0.27860350 -0.00345902 -0.08407715
v -0.42044680 -0.00349526 -0.09638672
v 0.05000732 -0.00356995 -0.06732666
v -0.09167480 -0.00352295 -0.07906616
v -0.18789060 -0.00347908 -0.09849487
v -0.28418940 -0.00319420 -0.11838990
v -0.42606440 -0.00350227 -0.13058720
v 0.04449463 -0.00356972 -0.10135130
v -0.09741699 -0.00348129 -0.11339480
v -0.19342770 -0.00081154 -0.13165530
v -0.29001220 0.00136337 -0.14922730
v -0.43179440 -0.00054520 -0.16346310
v 0.03895264 -0.00325058 -0.13556270
v -0.10236570 0.00204056 -0.14257930
v -0.19902590 0.00399811 -0.16194820
v -0.29555660 0.00450935 -0.18180540
v -0.43794920 0.00379150 -0.19440550
v 0.03324463 0.00027840 -0.16775150
v -0.10788330 0.00231926 -0.17687130
v -0.20444090 0.00204575 -0.19563720
v -0.30117190 0.00119469 -0.21421390
v -0.44298090 0.00246147 -0.22866090
v 0.02653809 0.00437889 -0.19904660
v -0.11417480 -0.00135719 -0.20878780
v -0.21070070 -0.00287964 -0.22561400
v -0.30709470 -0.00335648 -0.24491330
v -0.44886720 -0.00232262 -0.25908080
v 0.01539062 0.01109337 -0.22378910
v -0.12047850 0.00041267 -0.24264650
v -0.21622800 -0.00310524 -0.25999510
v -0.31230470 -0.00353416 -0.27931030
v -0.45397220 -0.00357689 -0.29320800
v 0.00925293 0.01402466 -0.25676270
v -0.12992190 0.00588799 -0.27080570
v -0.22223630 -0.00129456 -0.29361210
v -0.31758540 -0.00354942 -0.31359740
v -0.45907230 -0.00359512 -0.32752080
v 0.00448730 0.01176178 -0.29064940
v -0.13732910 0.00906952 -0.30317140
v -0.22869140 0.00083664 -0.32673090
v -0.32268070 -0.00356445 -0.34780030
v -0.46915280 -0.00358971 -0.39619020
v -0.00250488 0.00605019 -0.31908450
v -0.14284420 0.00971947 -0.33754030
v -0.23678220 0.00387146 -0.35899050
v -0.33278810 -0.00356819 -0.41622680
v -0.47919920 -0.00357300 -0.46473260
v -0.01032471 -0.00027977 -0.34588990
v -0.14741700 0.00772728 -0.37158930
v -0.24768550 0.00577827 -0.42738770
v -0.34272210 -0.00309036 -0.48492070
v -0.48915530 -0.00355614 -0.53333860
v -0.01482910 -0.00344559 -0.37906250
v -0.15905520 -0.00062584 -0.43435420
v -0.25451660 0.00389221 -0.49657350
v -0.35382570 -0.00017540 -0.55278200
v -0.50824220 -0.00191566 -0.67040400
v -0.37156250 -0.00087288 -0.68819700
v -0.38456300 -0.00354713 -0.79056150
v -0.26315920 0.00003616 -0.56432740
v -0.16702150 -0.00348381 -0.50278320
v -0.28055660 -0.00009171 -0.69970580
v -0.31028810 -0.00353806 -0.93952390
v -0.23905520 -0.00412254 -1.12188400
v -0.29334720 -0.00353332 -0.80187740
v -0.21862790 -0.00352318 -0.95048460
v -0.10084470 -0.00420487 -1.13797400
v -0.17401850 -0.00092895 -0.57169430
v -0.20210940 -0.00350792 -0.81287840
v -0.08111084 -0.00344315 -0.96635370
v 0.03727295 -0.00432564 -1.15348900
v -0.18940920 -0.00128426 -0.71011960
v 0.05639160 -0.00348267 -0.98160640
v 0.12928960 -0.00440521 -1.16353400
v -0.06509765 -0.00348625 -0.82855340
v -0.05329102 -0.00347557 -0.72484620
v -0.03794922 -0.00346138 -0.58660640
v 0.14805660 -0.00361031 -0.99150020
v 0.22124020 -0.00448219 -1.17337300
v 0.07187988 -0.00346336 -0.84360840
v 0.23972660 -0.00367729 -1.00123300
v 0.26718260 -0.00451530 -1.17822300
v 0.08351562 -0.00345268 -0.73987420
v 0.16328120 -0.00344810 -0.85351190
v -0.03023682 -0.00345429 -0.51740720
v 0.28557130 -0.00371025 -1.00604700
v 0.35899410 -0.00459717 -1.18782600
v 0.25475340 -0.00342949 -0.86331050
v 0.17479490 -0.00343307 -0.74983270
v 0.09895996 -0.00343819 -0.60153200
v -0.02256836 -0.00344376 -0.44821660
v 0.37726070 -0.00380066 -1.01559600
v 0.40485840 -0.00469391 -1.19260000
v 0.30051030 -0.00342506 -0.86816770
v 0.26614260 -0.00343430 -0.75972650
v 0.19022220 -0.00344223 -0.61153810
v 0.10667720 -0.00344284 -0.53238520
v 0.11442380 -0.00344948 -0.46325560
v 0.42311280 -0.00393486 -1.02033900
v 0.45066890 -0.00504791 -1.19734500
v 0.39205080 -0.00374313 -0.87781980
v 0.31184080 -0.00343140 -0.76463740
v 0.28150630 -0.00344635 -0.62153190
v 0.19795900 -0.00344788 -0.54241450
v 0.12217770 -0.00345512 -0.39419680
v 0.46897460 -0.00408974 -1.02506000
v 0.49640620 -0.00573006 -1.20205500
v 0.43782710 -0.00401169 -0.88260870
v 0.40327640 -0.00380402 -0.77438110
v 0.32716310 -0.00336647 -0.62652470
v 0.28924320 -0.00345200 -0.55246460
v 0.20574950 -0.00345360 -0.47331180
v 0.51483890 -0.00447014 -1.02976400
v 0.54209230 -0.00626213 -1.20685800
v 0.48361330 -0.00428017 -0.88737790
v 0.44901610 -0.00406898 -0.77921870
v 0.41849850 -0.00389168 -0.63645510
v 0.33489990 -0.00341011 -0.55749390
v 0.29704590 -0.00345734 -0.48343140
v 0.21362550 -0.00345917 -0.40428950
v 0.56069820 -0.00467041 -1.03442400
v 0.58778800 -0.00636482 -1.21182100
v 0.52940920 -0.00454559 -0.89212520
v 0.49476560 -0.00433807 -0.78403440
v 0.46418940 -0.00415436 -0.64139400
v 0.42622070 -0.00393555 -0.56749760
v 0.34268560 -0.00345436 -0.48849240
v 0.60642820 -0.00570442 -1.03916100
v 0.63329590 -0.00767929 -1.21665800
v 0.57521000 -0.00481789 -0.89683960
v 0.54051760 -0.00449799 -0.78882690
v 0.50990720 -0.00441719 -0.64631710
v 0.47188960 -0.00419815 -0.57249150
v 0.65209470 -0.00691093 -1.04391600
v 0.67900390 -0.00808990 -1.22158900
v 0.62086670 -0.00601692 -0.90154050
v 0.58626460 -0.00487915 -0.79359370
v 0.55564450 -0.00451721 -0.65120850
v 0.69767330 -0.00915604 -1.04869500
v 0.72395990 -0.01347397 -1.22641200
v 0.66652830 -0.00726112 -0.90611930
v 0.63185060 -0.00614891 -0.79834840
v 0.74047850 -0.02383377 -1.05339400
v 0.75815670 -0.04773987 -1.23111000
v 0.71189700 -0.01125030 -0.91034300
v 0.76635250 -0.06461143 -1.05807600
v 0.78534670 -0.13678500 -1.24058000
v 0.51757320 -0.00445984 -0.57749020
v 0.60129150 -0.00554542 -0.65611080
v 0.67744390 -0.00743477 -0.80307610
v 0.75135250 -0.03709869 -0.91499140
v 0.79287350 -0.15309150 -1.06776500
v 0.82026360 -0.26911300 -1.25491600
v 0.56328610 -0.00468247 -0.58248290
v 0.64698000 -0.00650711 -0.66099360
v 0.72181640 -0.01387558 -0.80773560
v 0.77274410 -0.07882266 -0.92003420
v 0.82528810 -0.28649280 -1.08232100
v 0.82497070 -0.31463550 -1.25968500
v 0.83237060 -0.33172530 -1.08702400
v 0.79690920 -0.16736700 -0.93019410
v 0.82396240 -0.30157860 -0.94520750
v 0.82942870 -0.34700590 -0.95028070
v 0.75804200 -0.04632908 -0.81232300
v 0.69253900 -0.00789070 -0.66588740
v 0.77490230 -0.09072761 -0.81712400
v 0.82728030 -0.31278770 -0.84186400
v 0.83382560 -0.35804800 -0.84686890
v 0.80137450 -0.17813800 -0.82693360
v 0.73525140 -0.01735489 -0.67060550
v 0.83075930 -0.32746020 -0.70364140
v 0.83755120 -0.37265320 -0.70845450
v 0.76522700 -0.05762814 -0.67519650
v 0.80633790 -0.19233150 -0.68931520
v 0.78125980 -0.10423460 -0.67980220
v 0.83386720 -0.33424960 -0.63447630
v 0.84182610 -0.37926600 -0.63914300
v 0.80481930 -0.20015800 -0.62053840
v 0.78076420 -0.11179940 -0.61124390
v 0.76879390 -0.06351876 -0.60644530
v 0.74163330 -0.01932648 -0.60196170
v 0.83776120 -0.34058580 -0.56530270
v 0.84731690 -0.38530110 -0.56981810
v 0.81220940 -0.20547810 -0.55202640
v 0.78896480 -0.11672290 -0.54304690
v 0.77263180 -0.07361282 -0.53841560
v 0.84141110 -0.34662470 -0.49608890
v 0.85431640 -0.39051280 -0.50051640
v 0.81114260 -0.21262930 -0.48317750
v 0.77989990 -0.12656720 -0.47505980
v 0.84408930 -0.34927600 -0.46148930
v 0.85886720 -0.39257760 -0.46596310
v 0.81049070 -0.21610030 -0.44875240
v 0.84801510 -0.35147290 -0.42695680
v 0.86458980 -0.39410020 -0.43158690
v 0.74753900 -0.03232666 -0.53374020
v 0.77351080 -0.08118378 -0.47043700
v 0.78035150 -0.12988310 -0.44054320
v 0.81113770 -0.21915920 -0.41427120
v 0.85371090 -0.35294970 -0.39262330
v 0.87188720 -0.39490430 -0.39750850
v 0.75289060 -0.03798408 -0.46589110
v 0.77516110 -0.08431492 -0.43642700
v 0.78282710 -0.13258720 -0.40609250
v 0.81195800 -0.22219150 -0.37973390
v 0.86195800 -0.35326970 -0.35880490
v 0.88121830 -0.39471870 -0.36394650
v 0.75570800 -0.04101559 -0.43203980
v 0.77700440 -0.08708614 -0.40226810
v 0.78723880 -0.13483670 -0.37178830
v 0.81247070 -0.22533470 -0.34522700
v 0.87374020 -0.35180200 -0.32612300
v 0.89298340 -0.39325750 -0.33120730
v 0.75838860 -0.04336342 -0.39824100
v 0.77838620 -0.08977901 -0.36794920
v 0.78425780 -0.13822930 -0.33735230
v 0.81637940 -0.22722660 -0.31080930
v 0.88919920 -0.34835650 -0.29515740
v 0.90720700 -0.39045070 -0.29957150
v 0.76146480 -0.04506619 -0.36447140
v 0.77493160 -0.09343891 -0.33388920
v 0.79328130 -0.13883290 -0.30393800
v 0.82872310 -0.22557640 -0.27831180
v 0.90584470 -0.34432910 -0.26490600
v 0.92341790 -0.38668390 -0.26908320
v 0.76394530 -0.04806999 -0.33042110
v 0.78190920 -0.09428871 -0.30018190
v 0.79099610 -0.14218350 -0.26944340
v 0.84822260 -0.21936790 -0.25013310
v 0.91553710 -0.34368150 -0.23156010
v 0.93301510 -0.38601130 -0.23572880
v 0.76515380 -0.04916298 -0.29643920
v 0.77607910 -0.09907127 -0.26657470
v 0.80511720 -0.13887630 -0.23766110
v 0.86083010 -0.21744200 -0.21802860
v 0.88926270 -0.35648330 -0.21264890
v 0.90835930 -0.39826490 -0.21446290
v 0.76568360 -0.05149651 -0.26263180
v 0.78297360 -0.09917823 -0.23209590
v 0.82355230 -0.13304310 -0.20934940
v 0.83024410 -0.23173980 -0.21064580
v 0.86015140 -0.37032500 -0.19973750
v 0.87927730 -0.41215930 -0.20139650
v 0.76241450 -0.05551841 -0.22868290
v 0.80317380 -0.09118293 -0.20542360
v 0.79555170 -0.14724480 -0.19496580
v 0.81616700 -0.24129150 -0.18007690
v 0.83802250 -0.38164230 -0.17526610
v 0.85253420 -0.42480960 -0.18304690
v 0.77969720 -0.04890957 -0.20226320
v 0.77925290 -0.10524150 -0.18490720
v 0.79961910 -0.15355790 -0.16102290
v 0.81723630 -0.24853770 -0.14606320
v 0.83446290 -0.38932620 -0.14152710
v 0.84205560 -0.43380840 -0.15113280
v 0.76315430 -0.06271190 -0.17471800
v 0.78753910 -0.11030700 -0.15160890
v 0.79668460 -0.16192520 -0.12731930
v 0.81724120 -0.25601070 -0.11209720
v 0.86626460 -0.38164020 -0.15360840
v 0.87580080 -0.42668580 -0.15579350
v 0.77364010 -0.06473950 -0.14195800
v 0.78233400 -0.11923600 -0.11839110
v 0.79801270 -0.16892890 -0.09364990
v 0.83337890 -0.24736850 -0.14150390
v 0.88587640 -0.37905790 -0.12503660
v 0.89946040 -0.42271930 -0.13063720
v 0.76945310 -0.07293720 -0.10890870
v 0.78449220 -0.12585600 -0.08450073
v 0.80398680 -0.16005470 -0.12663700
v 0.84321050 -0.24880940 -0.10856320
v 0.87159180 -0.38750720 -0.09448364
v 0.88757320 -0.43042540 -0.09887939
v 0.77223380 -0.08111088 -0.07513915
v 0.78805660 -0.11763260 -0.11807130
v 0.81868160 -0.16121600 -0.09570923
v 0.82489750 -0.25845040 -0.08061523
v 0.85256590 -0.39740450 -0.06711426
v 0.86785160 -0.44051280 -0.07207032
v 0.77198730 -0.07224911 -0.10920530
v 0.80424310 -0.11751880 -0.08764771
v 0.80869140 -0.16931040 -0.06343018
v 0.81615480 -0.26581650 -0.04762695
v 0.82952880 -0.41348330 -0.00374268
v 0.83991210 -0.45771100 -0.01104370
v 0.78300780 -0.07466221 -0.07686890
v 0.80792480 -0.12419510 -0.05379761
v 0.82007320 -0.17563620 -0.03113525
v 0.82062500 -0.27858300 0.02050903
v 0.82491210 -0.42023450 0.03011475
v 0.83323480 -0.46477840 0.02234741
v 0.78427980 -0.08515961 -0.04349365
v 0.81166010 -0.13159010 -0.02023437
v 0.83440430 -0.18912410 0.03535034
v 0.82624020 -0.28512760 0.05410034
v 0.82281740 -0.42663190 0.06430664
v 0.82965820 -0.47138060 0.05633179
v 0.78654780 -0.09470589 -0.00976318
v 0.81039060 -0.15109710 0.04636353
v 0.83846430 -0.19529530 0.06952514
v 0.82893550 -0.29137700 0.08813842
v 0.82244870 -0.43282080 0.09859985
v 0.82817380 -0.47771140 0.09053589
v 0.78956540 -0.11172830 0.05737060
v 0.82624750 -0.15126970 0.07726441
v 0.83735840 -0.20109430 0.10378300
v 0.82952390 -0.29737900 0.12233640
v 0.82343750 -0.43886730 0.13291140
v 0.82840090 -0.48384590 0.12480710
v 0.81007320 -0.10898430 0.08534057
v 0.83114990 -0.15602250 0.11106200
v 0.83448730 -0.20682430 0.13793090
v 0.82857910 -0.30324730 0.15653930
v 0.82584470 -0.44476940 0.16717900
v 0.83034660 -0.48980840 0.15905030
v 0.82053950 -0.11212000 0.11841920
v 0.83287110 -0.16140010 0.14534540
v 0.83032720 -0.21251630 0.17194340
v 0.82448970 -0.30892400 0.19056400
v 0.83021480 -0.45046830 0.20125610
v 0.83435550 -0.49555940 0.19314450
v 0.82745120 -0.11619980 0.15236820
v 0.82914060 -0.16709450 0.17937990
v 0.82286130 -0.21818380 0.20541380
v 0.82209470 -0.31466620 0.22473510
v 0.83728030 -0.45587020 0.23489740
v 0.84092770 -0.50101860 0.22687500
v 0.82645990 -0.12175070 0.18649900
v 0.82034910 -0.17283150 0.21250240
v 0.81896970 -0.22382350 0.23948240
v 0.82877930 -0.31999570 0.25835570
v 0.86034180 -0.46556110 0.29973630
v 0.86356930 -0.51075230 0.29186520
v 0.81790520 -0.12751480 0.21958130
v 0.81817140 -0.17828220 0.24679570
v 0.82832030 -0.22888240 0.27255620
v 0.85251710 -0.32977340 0.32290160
v 0.87606930 -0.46979610 0.33048950
v 0.87953120 -0.51493970 0.32251950
v 0.81896480 -0.13277030 0.25368400
v 0.83053220 -0.18332840 0.27875980
v 0.85526850 -0.23870620 0.33572750
v 0.86541010 -0.33453830 0.35484010
v 0.89425290 -0.47356200 0.35993040
v 0.89800780 -0.51866490 0.35178590
v 0.83316400 -0.13780570 0.28489630
v 0.85328610 -0.19335160 0.34340330
v 0.86595700 -0.24363210 0.36840330
v 0.87947260 -0.33914830 0.38628780
v 0.91316400 -0.47714750 0.38892940
v 0.91854490 -0.52194290 0.37965210
v 0.84328370 -0.14933030 0.35265750
v 0.85862790 -0.19899570 0.37731320
v 0.87192870 -0.24904760 0.40235110
v 0.89301270 -0.34358270 0.41806640
v 0.92198970 -0.48300820 0.42203250
v 0.89533200 -0.35054640 0.45181880
v 0.86606440 -0.35315640 0.43317620
v 0.87281010 -0.25560560 0.43657960
v 0.85691890 -0.20641810 0.41131710
v 0.87185300 -0.26263540 0.47039550
v 0.82454590 -0.26483720 0.42426880
v 0.84166500 -0.26917610 0.45441400
v 0.81492190 -0.22124650 0.43804570
v 0.85218500 -0.21514660 0.44446530
v 0.85715820 -0.21912740 0.47838990
v 0.82504880 -0.22927680 0.46992060
v 0.79846680 -0.18074030 0.45341670
v 0.80870600 -0.18915020 0.48543210
v 0.78282710 -0.14014780 0.46938960
v 0.84082520 -0.17593690 0.48509150
v 0.83089350 -0.17495090 0.45208980
v 0.79303470 -0.14911980 0.50132940
v 0.77491690 -0.09704567 0.48494990
v 0.82249510 -0.13355270 0.49131590
v 0.83252930 -0.16798050 0.41813600
v 0.77848390 -0.10860720 0.51764040
v 0.76836430 -0.05390930 0.50057620
v 0.81023440 -0.13423030 0.45932130
v 0.84201170 -0.15686390 0.38655880
v 0.80196290 -0.09225254 0.49794430
v 0.76566400 -0.06465904 0.53373900
v 0.73443360 -0.01829392 0.51190670
v 0.80935300 -0.12894120 0.42498780
v 0.82155270 -0.11654080 0.39497190
v 0.78998050 -0.09182247 0.46585080
v 0.77748530 -0.04778034 0.50548580
v 0.74503900 -0.01720123 0.54544190
v 0.69293950 -0.00981155 0.52736450
v 0.78576170 -0.08550750 0.43158570
v 0.82471190 -0.10840260 0.36118280
v 0.76947020 -0.03513603 0.47189820
v 0.74592290 -0.01267792 0.51239990
v 0.70940670 -0.00340012 0.55165770
v 0.65256350 -0.00484627 0.54353150
v 0.79477290 -0.07506111 0.39998780
v 0.82732670 -0.09262657 0.29373900
v 0.76368170 -0.02794487 0.43803590
v 0.74716060 -0.00923172 0.47838990
v 0.70995600 -0.00191322 0.51724980
v 0.66931400 0.00410439 0.55390740
v 0.61343260 0.00045235 0.55892460
v 0.54060300 0.01480514 0.58945680
v 0.62700190 0.01026848 0.55438600
v 0.66788820 0.00384735 0.51957640
v 0.70828860 -0.00117447 0.48227900
v 0.74619630 -0.00714958 0.44386960
v 0.76792480 -0.02470383 0.40421510
v 0.78842280 -0.07386188 0.36581790
v 0.49736080 0.01042648 0.59316770
v 0.53511960 0.01688942 0.55512210
v 0.62347170 0.00763451 0.52118410
v 0.66281490 0.00087173 0.48658690
v 0.70228270 -0.00307198 0.44827760
v 0.74148920 -0.00647041 0.40880490
v 0.75875480 -0.02574036 0.37098390
v 0.41582030 0.00300545 0.64207270
v 0.32655030 0.00204140 0.66350100
v 0.40877930 0.00966629 0.61593630
v 0.31984620 0.00958183 0.63999020
v 0.48971680 0.01602638 0.56443600
v 0.40021480 0.01375763 0.58502200
v 0.31116700 0.01087898 0.60661620
v 0.53227050 0.00839508 0.53434210
v 0.48811030 0.00719025 0.54603390
v 0.39971680 0.00423836 0.56992550
v 0.31135740 0.00109505 0.59344240
v 0.61789790 0.00208588 0.49186160
v 0.52969720 -0.00052994 0.51565670
v 0.48517090 -0.00138924 0.52567260
v 0.39546870 -0.00298645 0.54476320
v 0.30537350 -0.00366005 0.56292240
v 0.65777100 -0.00517960 0.45840450
v 0.61282220 -0.00515251 0.46676150
v 0.52319580 -0.00438850 0.48384890
v 0.47836430 -0.00415619 0.49269770
v 0.38855960 -0.00368668 0.51073730
v 0.29859860 -0.00351082 0.52882080
v 0.69611330 -0.00667870 0.41633050
v 0.65123530 -0.00670067 0.42448120
v 0.60640870 -0.00553307 0.43262690
v 0.51645020 -0.00433205 0.44974850
v 0.47157230 -0.00409965 0.45858760
v 0.38172850 -0.00359985 0.47661250
v 0.29178220 -0.00339104 0.49469850
v 0.28496830 -0.00346222 0.46056030
v 0.37493900 -0.00357254 0.44247440
v 0.46484380 -0.00404343 0.42447630
v 0.50982180 -0.00427864 0.41567140
v 0.59996340 -0.00537308 0.39857540
v 0.27140140 -0.00345734 0.39229610
v 0.36141600 -0.00350441 0.37422240
v 0.45154780 -0.00393173 0.35624510
v 0.49667240 -0.00416786 0.34742060
v 0.26529300 0.00121079 0.36166630
v 0.35556880 0.00133446 0.34389400
v 0.44564450 0.00003761 0.32464970
v 0.26019290 0.00886391 0.33848140
v 0.35139160 0.00895653 0.32057010
v 0.25512700 0.00320259 0.30975340
v 0.58717290 -0.00440285 0.33078490
v 0.49066890 -0.00096504 0.31496830
v 0.44273440 0.00807434 0.30280390
v 0.34655270 0.00114456 0.29814820
v 0.25004390 -0.00332931 0.28299560
v 0.58094480 -0.00345093 0.29677360
v 0.48848630 0.00731651 0.29414670
v 0.43793940 -0.00062630 0.28448610
v 0.34108890 -0.00344795 0.26756590
v 0.24420900 -0.00344826 0.24885860
v 0.58010740 0.00506477 0.27706540
v 0.48353510 -0.00161415 0.27722290
v 0.43194340 -0.00381096 0.25201900
v 0.33517090 -0.00343918 0.23352540
v 0.23842530 -0.00251823 0.21480100
v 0.57442870 -0.00408371 0.26193970
v 0.47734860 -0.00398079 0.24406250
v 0.42592280 -0.00379120 0.21788820
v 0.32936520 -0.00136688 0.20009770
v 0.23264890 0.00012016 0.18174190
v 0.56771480 -0.00467628 0.22768310
v 0.47129150 -0.00395042 0.20990110
v 0.42008050 -0.00238899 0.18404540
v 0.32344730 -0.00119797 0.16593510
v 0.22047610 -0.00350143 0.11463380
v 0.56173340 -0.00462433 0.19356930
v 0.46530030 -0.00331986 0.17584350
v 0.41379880 -0.00377136 0.15027830
v 0.31105960 -0.00335030 0.09861694
v 0.21454590 -0.00351784 0.08050293
v 0.55567630 -0.00457138 0.15935670
v 0.45907960 -0.00393318 0.14189700
v 0.40157230 -0.00375458 0.08213378
v 0.30503660 -0.00347481 0.06457886
v 0.20868650 -0.00353439 0.04631714
v 0.54958490 -0.00445931 0.12516110
v 0.44669430 -0.00391609 0.07387818
v 0.39536370 -0.00372604 0.04817871
v 0.29912600 -0.00348366 0.03043945
v 0.20291020 -0.00355087 0.01210816
v 0.53694820 -0.00291962 0.05702759
v 0.44054200 -0.00376419 0.03964111
v 0.38937010 -0.00304871 0.01402344
v 0.29327150 -0.00348923 -0.00364502
v 0.19717290 -0.00355774 -0.02194580
v 0.52949220 0.00195389 0.02680664
v 0.43394040 0.00035385 0.00798950
v 0.38240230 0.00214249 -0.01588135
v 0.28738280 -0.00129707 -0.03717773
v 0.19154300 -0.00348907 -0.05624145
v 0.52038570 0.00930695 0.00320557
v 0.42384760 0.00818459 -0.01321411
v 0.37144040 0.00999939 -0.03638672
v 0.27927730 0.00444008 -0.06534546
v 0.18526860 0.00001671 -0.08870117
v 0.51177980 0.01630051 -0.02122314
v 0.41438960 0.01516678 -0.03732788
v 0.36324220 0.01585915 -0.06433349
v 0.26840820 0.01187256 -0.08759033
v 0.17548340 0.00667213 -0.11388550
v 0.50414060 0.01578583 -0.05541992
v 0.40846190 0.01803444 -0.07091675
v 0.35736570 0.01859978 -0.09754638
v 0.26116700 0.01677994 -0.11779420
v 0.16605710 0.01286583 -0.14031250
v 0.49199460 0.00906189 -0.07964478
v 0.40297360 0.01777481 -0.10521970
v 0.35226560 0.01575722 -0.13101440
v 0.25643550 0.01698631 -0.15246950
v 0.16016360 0.01607994 -0.17315430
v 0.49190180 0.01038788 -0.11410030
v 0.39593260 0.01139603 -0.13244750
v 0.34470700 0.00911308 -0.15700440
v 0.25075190 0.01218643 -0.18324220
v 0.15583250 0.01490158 -0.20771360
v 0.48162600 0.00126465 -0.12791380
v 0.38687010 0.00353172 -0.15356810
v 0.33561770 0.00146263 -0.17912350
v 0.24147220 0.00468475 -0.20592040
v 0.14961670 0.00964294 -0.23747070
v 0.47653810 -0.00242271 -0.16038450
v 0.38052730 -0.00220749 -0.18219850
v 0.33020510 -0.00302658 -0.21030520
v 0.23438960 -0.00126160 -0.23374140
v 0.13998540 0.00223358 -0.26034060
v 0.47199220 -0.00407883 -0.19394770
v 0.37592280 -0.00359810 -0.21631840
v 0.32556640 -0.00339127 -0.24462890
v 0.22974850 -0.00348312 -0.26715820
v 0.13418950 -0.00266525 -0.29087770
v 0.46746340 -0.00407379 -0.22796020
v 0.37145510 -0.00356552 -0.25044190
v 0.32130370 -0.00249718 -0.27868160
v 0.22568600 -0.00301575 -0.30169310
v 0.13024410 -0.00345871 -0.32538820
v 0.46311280 -0.00210213 -0.26154180
v 0.36701170 -0.00087463 -0.28357420
v 0.31676760 -0.00003708 -0.31196170
v 0.22137210 -0.00165672 -0.33583500
v 0.12608890 -0.00345795 -0.35970210
v 0.21759280 -0.00345947 -0.36983520
v 0.31286620 -0.00173325 -0.34595700
v 0.36276860 0.00027611 -0.31766360
v 0.30494630 -0.00346168 -0.41438720
v 0.30890140 -0.00346512 -0.37988160
v 0.35853270 -0.00287155 -0.35050290
v 0.35057620 -0.00346519 -0.41945800
v 0.35456790 -0.00346840 -0.38490110
v 0.43399410 -0.00397980 -0.49855470
v 0.44177250 -0.00362221 -0.42976070
v 0.47966800 -0.00424248 -0.50356570
v 0.44576420 -0.00404663 -0.39535160
v 0.44985110 -0.00405609 -0.36092280
v 0.52532230 -0.00450211 -0.50861330
v 0.48741700 -0.00281212 -0.43499510
v 0.49141360 -0.00428825 -0.40090210
v 0.45421870 -0.00151443 -0.32771360
v 0.53317140 -0.00259117 -0.44026730
v 0.57097660 -0.00475624 -0.51369260
v 0.49550540 -0.00429062 -0.36655270
v 0.45860110 0.00090591 -0.29429570
v 0.53706540 -0.00450653 -0.40640990
v 0.49966800 -0.00333641 -0.33216920
v 0.50460450 0.00058983 -0.30025510
v 0.54107910 -0.00337059 -0.37217890
v 0.57898440 -0.00279205 -0.44556270
v 0.50886230 -0.00053680 -0.26608520
v 0.54510250 -0.00426537 -0.33785280
v 0.58265140 -0.00485840 -0.41172850
v 0.55020020 -0.00061638 -0.30572630
v 0.51345700 -0.00422417 -0.23399050
v 0.58676760 -0.00328178 -0.37760980
v 0.59056880 -0.00519379 -0.34371950
v 0.55462890 0.00039268 -0.27136350
v 0.51790520 -0.00431511 -0.19979490
v 0.59510250 -0.00373856 -0.30956180
v 0.55933350 -0.00348961 -0.23954350
v 0.52213130 -0.00100197 -0.16757690
v 0.60059330 0.00019562 -0.27786870
v 0.56380370 -0.00448143 -0.20532960
v 0.52672360 -0.00220215 -0.13325440
v 0.60506830 -0.00247498 -0.24471800
v 0.56761960 -0.00059418 -0.17350460
v 0.53553710 0.00641205 -0.11521730
v 0.60967770 -0.00437271 -0.21096310
v 0.57180660 -0.00440804 -0.14136960
v 0.53358880 0.00320572 -0.08227417
v 0.61339350 -0.00056961 -0.17915650
v 0.57938230 0.00284279 -0.11688720
v 0.54600100 0.01103851 -0.06296997
v 0.61668460 -0.00575790 -0.14938480
v 0.57735350 -0.00181793 -0.08580200
v 0.55685060 0.01666366 -0.03444824
v 0.62336180 -0.00039146 -0.11979490
v 0.58553220 0.00375809 -0.05785278
v 0.56499020 0.01182716 -0.00479370
v 0.62249020 -0.00533905 -0.08941040
v 0.60010740 0.01334175 -0.05008911
v 0.57313960 0.00608955 0.02347900
v 0.62725340 -0.00181480 -0.05695679
v 0.60920890 0.01138512 -0.01779663
v 0.58154300 -0.00055954 0.04939331
v 0.64045660 0.00785935 -0.06475098
v 0.61740230 0.00769157 0.01348633
v 0.59457520 -0.00284088 0.11707640
v 0.65200680 0.00804825 -0.03227051
v 0.62598630 0.00199997 0.04164429
v 0.60055660 -0.00276855 0.15134160
v 0.66209960 0.00759682 0.00093994
v 0.63868650 0.00029610 0.10930300
v 0.60619870 -0.00204659 0.18560420
v 0.66977540 0.00600174 0.03465454
v 0.64467770 0.00039795 0.14343630
v 0.61260010 -0.00283897 0.21960080
v 0.68335940 0.00279160 0.10136840
v 0.65119630 -0.00045975 0.17755370
v 0.61937740 -0.00549797 0.25294440
v 0.68978510 0.00126358 0.13500730
v 0.65755860 -0.00263016 0.21108520
v 0.62603760 0.00341072 0.26871820
v 0.69587400 -0.00078949 0.16844970
v 0.66318110 -0.00725616 0.24225830
v 0.62610840 -0.00495163 0.28893310
v 0.70236810 -0.00384140 0.20146730
v 0.67213140 0.00099762 0.26040770
v 0.63241210 -0.00327179 0.32283450
v 0.70575680 -0.01093575 0.23016600
v 0.67040530 -0.00706459 0.28183470
v 0.64501710 -0.00639534 0.39022700
v 0.67761960 -0.00395729 0.31454100
v 0.69019040 -0.00436813 0.38319950
v 0.71793450 -0.00295013 0.25213620
v 0.71331540 -0.01122917 0.27437870
v 0.72185060 -0.00697395 0.30703980
v 0.73486330 -0.00658394 0.37467410
v 0.75853760 -0.02149269 0.30410770
v 0.75573730 -0.02363564 0.26984500
v 0.76125730 -0.01019142 0.24378780
v 0.74707520 -0.02041672 0.21677370
v 0.79691890 -0.05394173 0.30172120
v 0.79985350 -0.04767117 0.26854740
v 0.82328610 -0.08704422 0.25976930
v 0.81854980 -0.08189125 0.22661620
v 0.79939940 -0.04002815 0.23476070
v 0.81494870 -0.07681320 0.19294190
v 0.78977050 -0.03897896 0.20160770
v 0.80550290 -0.07564770 0.15963870
v 0.77700680 -0.03717331 0.16921020
v 0.78769530 -0.08042415 0.13029910
v 0.74146000 -0.01149132 0.18504030
v 0.78691410 -0.06717884 0.09745605
v 0.75720460 -0.03365536 0.14215580
v 0.72562990 -0.01254616 0.15456910
v 0.76911620 -0.06497948 0.06785400
v 0.75937010 -0.02166038 0.11096920
v 0.72742920 -0.00621338 0.12365970
v 0.76115720 -0.05065582 0.00069946
v 0.74707030 -0.02012245 0.07859252
v 0.72231200 -0.00379700 0.09015625
v 0.75650630 -0.03485844 -0.03304565
v 0.73700680 -0.01348221 0.01142212
v 0.70833980 -0.00054413 0.02253662
v 0.75638180 -0.02456795 -0.06618408
v 0.72927240 -0.01080627 -0.02217896
v 0.69950190 0.00043839 -0.01125366
v 0.75270990 -0.02101280 -0.09951660
v 0.72273920 -0.00803505 -0.05613770
v 0.68959220 0.00101547 -0.04483032
v 0.75361810 -0.02847580 -0.06590576
v 0.71825190 -0.00595886 -0.08954590
v 0.67950680 0.00152428 -0.07805420
v 0.75083250 -0.02193832 -0.09956909
v 0.71605470 -0.01093811 -0.05959839
v 0.67047360 -0.00676109 -0.05748657
v 0.75337890 -0.01739120 -0.13192020
v 0.71432610 -0.00788384 -0.09352783
v 0.66846680 -0.00747467 -0.09209228
v 0.75168450 -0.01495850 -0.16504640
v 0.71196290 -0.00650261 -0.12786870
v 0.66769530 -0.00323410 -0.12386110
v 0.74864260 -0.01053230 -0.19819090
v 0.70573970 -0.01022194 -0.16109250
v 0.66132320 -0.00691017 -0.15640870
v 0.73356440 -0.01617172 -0.22599360
v 0.70600340 -0.00302856 -0.18878540
v 0.65993650 -0.00125237 -0.18403690
v 0.73541020 -0.01322174 -0.25948850
v 0.70120110 -0.00250191 -0.22272460
v 0.65560050 -0.00411797 -0.21667970
v 0.73412350 -0.01228477 -0.29304080
v 0.69628910 -0.00301361 -0.25661620
v 0.65071280 -0.00170334 -0.25020380
v 0.73015620 -0.01376434 -0.32669800
v 0.69139890 -0.00422470 -0.28985230
v 0.64635740 -0.00123177 -0.28449340
v 0.72564450 -0.01277771 -0.36005250
v 0.68448730 -0.00903763 -0.32041500
v 0.63989750 -0.00592522 -0.31443850
v 0.72180180 -0.01236893 -0.39353270
v 0.68158690 -0.00640030 -0.35427860
v 0.63603510 -0.00568832 -0.34913330
v 0.71812250 -0.01190247 -0.42727910
v 0.67797850 -0.00572746 -0.38849120
v 0.63251710 -0.00386429 -0.38304080
v 0.71489750 -0.01083176 -0.46104860
v 0.67294430 -0.00752770 -0.42219850
v 0.62805180 -0.00555031 -0.41696170
v 0.70745120 -0.01001610 -0.52899170
v 0.67040040 -0.00544571 -0.45593630
v 0.62479980 -0.00363464 -0.45082270
v 0.70019530 -0.00806618 -0.59725590
v 0.66205570 -0.00687126 -0.52394530
v 0.61648920 -0.00585503 -0.51879880
v 0.65457270 -0.00672157 -0.59243770
v 0.60890620 -0.00570496 -0.58748050
vn -0.95086990 0.30854010 -0.02548566
vn -0.94916520 0.31338890 -0.02954307
vn -0.96011910 0.27767350 -0.03269171
vn -0.93478440 0.35469500 -0.01922856
vn -0.89154220 0.45281670 -0.01046923
vn -0.92137720 0.38803540 -0.02219328
vn -0.84846750 0.52924750 0.00011662
vn -0.62031790 0.78421500 -0.01457854
vn -0.89453490 0.44677580 -0.01409245
vn -0.88382190 0.46775410 -0.00806597
vn -0.53094290 0.84740450 -0.00228669
vn -0.07017130 0.99743600 -0.01405454
vn -0.74243630 0.66989990 -0.00471545
vn -0.84055110 0.54173200 -0.00045231
vn -0.85532770 0.51808550 0.00136542
vn -0.05305884 0.99855720 -0.00827422
vn -0.01501035 0.99986310 -0.00695596
vn -0.35528830 0.93475200 -0.00296579
vn -0.58839880 0.80855720 -0.00470910
vn -0.79371910 0.60815390 0.01260528
vn -0.82592100 0.56329600 -0.02349796
vn -0.01199004 0.99991920 -0.00422382
vn 0.00016281 0.99999900 -0.00138090
vn -0.02697863 0.99963520 -0.00123323
vn -0.17954330 0.98368390 -0.01139671
vn -0.49160700 0.87072870 0.01241482
vn -0.72032670 0.69318870 -0.02488029
vn -0.80780430 0.58922010 -0.01648628
vn -0.00002795 0.99999980 -0.00080428
vn -0.00012881 0.99999730 -0.00234178
vn -0.00850777 0.99996190 -0.00200080
vn -0.01657558 0.99986170 -0.00133213
vn -0.10512680 0.99445680 -0.00201181
vn -0.34528690 0.93833970 -0.01719002
vn -0.63168110 0.77484570 -0.02435366
vn -0.77407770 0.63262130 0.02437643
vn -0.00020789 0.99999900 -0.00136258
vn -0.00016049 0.99999550 -0.00300839
vn -0.00252807 0.99998270 -0.00530323
vn -0.00789844 0.99996880 -0.00025198
vn -0.01270683 0.99991770 -0.00176749
vn -0.06170916 0.99808160 -0.00500393
vn -0.21675990 0.97597780 -0.02196679
vn -0.57072710 0.82096420 0.01698087
vn -0.71903160 0.69456560 0.02392130
vn -0.50660340 0.86198980 0.01807274
vn -0.67260150 0.73978960 0.01785005
vn -0.14312320 0.98970470 0.00065144
vn -0.03703540 0.99930470 -0.00430368
vn -0.01038746 0.99994520 -0.00136486
vn -0.00635186 0.99997940 0.00102501
vn -0.46104620 0.88724530 0.01523763
vn -0.61689540 0.78688690 0.01578311
vn -0.11665840 0.99316610 0.00343296
vn -0.02393883 0.99971060 -0.00234429
vn -0.01169688 0.99991540 -0.00569218
vn -0.41297020 0.91063980 0.01381330
vn -0.55794450 0.82983930 0.00804403
vn -0.10384650 0.99457820 0.00549013
vn -0.01938474 0.99980990 -0.00208316
vn -0.36557700 0.93074640 0.00804053
vn -0.49603590 0.86828680 -0.00513672
vn -0.09290741 0.99565430 0.00636357
vn -0.31820710 0.94801930 -0.00184712
vn -0.42927410 0.90300110 -0.01768807
vn -0.00433085 0.99999050 -0.00069517
vn -0.01734464 0.99965430 -0.01976447
vn -0.01868599 0.99982530 -0.00048434
vn -0.08269861 0.99656020 0.00536121
vn -0.26959980 0.96291400 -0.01061442
vn -0.34721970 0.93671830 -0.04469081
vn -0.00476183 0.99996350 -0.00709963
vn -0.02240784 0.99967670 -0.01201753
vn -0.01840445 0.99983000 0.00113269
vn -0.07202819 0.99740040 0.00211034
vn -0.21413250 0.97648640 -0.02492971
vn -0.24838030 0.96750790 -0.04728350
vn -0.00706190 0.99968170 -0.02421912
vn -0.01398191 0.99950500 0.02818318
vn -0.01833681 0.99983010 0.00186352
vn -0.06070290 0.99815550 -0.00079362
vn -0.15313040 0.98785750 -0.02624341
vn -0.17712300 0.98415950 -0.00757910
vn -0.00682626 0.99977770 -0.01995029
vn -0.00688401 0.99960980 0.02707602
vn -0.01835601 0.99983050 0.00139838
vn -0.04983267 0.99875660 -0.00141761
vn -0.11094000 0.99381160 -0.00555113
vn -0.15154090 0.98839580 0.01044447
vn -0.00543943 0.99990580 0.01259839
vn -0.00623463 0.99996750 0.00512432
vn -0.01786673 0.99984000 0.00077885
vn -0.04082074 0.99916340 -0.00247360
vn -0.09631116 0.99533820 0.00510040
vn -0.14047890 0.99003880 0.00943971
vn -0.01158124 0.99986200 0.01191545
vn -0.00629291 0.99998020 0.00017157
vn -0.01717553 0.99985240 0.00035051
vn -0.03460202 0.99939820 -0.00243123
vn -0.09031428 0.99590020 0.00512093
vn -0.12987850 0.99151360 0.00570773
vn -0.01232376 0.99977800 0.01709481
vn -0.00616644 0.99998100 0.00007879
vn -0.01666793 0.99986090 -0.00057015
vn -0.03124152 0.99951170 -0.00065672
vn -0.08345343 0.99650660 0.00316451
vn -0.11866990 0.99293320 0.00103558
vn -0.00581366 0.99966800 0.02510149
vn -0.00598539 0.99998210 -0.00004951
vn -0.01546771 0.99987920 -0.00149970
vn -0.02873047 0.99958700 0.00065840
vn -0.07512067 0.99717440 0.00004248
vn -0.10606910 0.99435870 -0.00045944
vn -0.00299981 0.99994730 0.00981904
vn -0.00567341 0.99998390 -0.00021518
vn -0.01342456 0.99990930 -0.00107200
vn -0.02545004 0.99967550 0.00104691
vn -0.06578684 0.99783300 -0.00126404
vn -0.09209357 0.99574810 -0.00212013
vn -0.00301969 0.99999550 -0.00006579
vn -0.00527587 0.99998610 -0.00028863
vn -0.01156152 0.99993310 0.00038472
vn -0.02171266 0.99976430 0.00000767
vn -0.05655178 0.99839740 -0.00212325
vn -0.06880359 0.99762410 -0.00349890
vn -0.00293427 0.99999570 -0.00009108
vn -0.00496280 0.99998770 -0.00028601
vn -0.01052674 0.99994370 0.00129376
vn -0.01816393 0.99983430 -0.00114928
vn -0.04242592 0.99909760 -0.00202737
vn -0.05470090 0.99850190 -0.00129780
vn -0.00285111 0.99999590 -0.00012537
vn -0.00484161 0.99998830 -0.00008968
vn -0.01022671 0.99994730 0.00088235
vn -0.01517812 0.99988380 -0.00144030
vn -0.03401009 0.99942140 -0.00045654
vn -0.04044861 0.99917790 0.00272543
vn -0.00276202 0.99999620 -0.00016434
vn -0.00489689 0.99998810 0.00013036
vn -0.00991510 0.99995090 0.00009283
vn -0.01203282 0.99992760 -0.00026914
vn -0.02546199 0.99967440 0.00163575
vn -0.03674632 0.99932400 0.00118170
vn -0.00520261 0.99995390 -0.00807415
vn -0.00497397 0.99998760 0.00011157
vn -0.00916892 0.99995800 -0.00013479
vn -0.01065009 0.99994330 0.00047713
vn -0.02311001 0.99973280 0.00045166
vn -0.03303334 0.99945340 -0.00130675
vn -0.00698702 0.99995850 -0.00585632
vn -0.01013595 0.99979950 -0.01726487
vn -0.00850827 0.99996380 0.00025096
vn -0.00957695 0.99995400 0.00057474
vn -0.02031484 0.99979280 -0.00131126
vn -0.02880409 0.99958510 0.00002928
vn -0.00421898 0.99995360 0.00866243
vn -0.00916381 0.99995770 0.00082660
vn -0.00852964 0.99996350 0.00051074
vn -0.00919238 0.99995780 0.00008029
vn -0.01715216 0.99985280 -0.00052310
vn -0.02452840 0.99968890 0.00452409
vn -0.00848753 0.99970800 -0.02262558
vn -0.00405945 0.99991820 0.01212456
vn -0.00891421 0.99996020 0.00051281
vn -0.00832058 0.99996530 -0.00036225
vn -0.01508191 0.99988190 0.00296701
vn -0.02129274 0.99975080 0.00670385
vn -0.00804708 0.99992060 -0.00969454
vn -0.00456764 0.99998960 0.00007215
vn -0.00911099 0.99995840 0.00039834
vn -0.00734823 0.99997290 -0.00030292
vn -0.01536689 0.99987150 0.00456952
vn -0.01877028 0.99980590 0.00600707
vn -0.00271904 0.99979360 0.02013652
vn -0.00438104 0.99999050 0.00008880
vn -0.00930846 0.99995660 0.00046435
vn -0.00741725 0.99997210 0.00092339
vn -0.01704554 0.99984220 0.00501522
vn -0.01838007 0.99980810 0.00678555
vn -0.00401149 0.99998400 0.00399273
vn -0.00426036 0.99999090 -0.00001377
vn -0.00953972 0.99995450 0.00042637
vn -0.00908639 0.99995830 0.00098958
vn -0.01797828 0.99982090 0.00591296
vn -0.02039543 0.99973210 0.01094059
vn -0.00880897 0.99982870 -0.01627823
vn -0.00414536 0.99999140 -0.00014353
vn -0.00968869 0.99995300 0.00043518
vn -0.01194056 0.99992670 0.00205032
vn -0.02052103 0.99975280 0.00855384
vn -0.02289616 0.99966050 0.01243278
vn -0.01158379 0.99989740 -0.00843619
vn -0.00401456 0.99999200 -0.00016943
vn -0.00960639 0.99995390 0.00000996
vn -0.01380444 0.99990050 0.00292850
vn -0.02199122 0.99968780 0.01186571
vn -0.02205640 0.99963590 0.01553774
vn -0.00637090 0.99985160 0.01600885
vn -0.00395734 0.99999210 -0.00043030
vn -0.00951999 0.99995470 0.00014439
vn -0.01762588 0.99983950 0.00317609
vn -0.01904478 0.99966360 0.01760343
vn -0.01892002 0.99947840 0.02617298
vn -0.00179940 0.99988590 0.01499675
vn -0.00362655 0.99999340 0.00036500
vn -0.00991951 0.99995080 0.00033699
vn -0.01867844 0.99977580 0.00997216
vn -0.01457374 0.99955270 0.02611715
vn -0.02393445 0.99771800 0.06313480
vn -0.00152384 0.99999710 0.00185948
vn -0.01333697 0.99966800 -0.02204430
vn -0.00951410 0.99995460 0.00054433
vn -0.01454436 0.99964570 0.02229425
vn -0.01822766 0.99859420 0.04977277
vn -0.05176139 0.97354970 0.22253480
vn -0.00137027 0.99999900 0.00035087
vn -0.01324971 0.99990270 -0.00434819
vn -0.00695667 0.99995160 0.00696827
vn -0.00901547 0.99955520 0.02842918
vn -0.04106990 0.98474400 0.16909290
vn -0.07492622 0.81134840 0.57974120
vn -0.00981649 0.99937830 -0.03385994
vn 0.00024065 0.99908340 0.04280719
vn -0.00366526 0.99973430 0.02275243
vn -0.00962206 0.99945940 0.03143556
vn -0.06511836 0.86449080 0.49841270
vn -0.05848799 0.48585250 0.87208170
vn -0.00953857 0.99979410 -0.01791229
vn 0.00183796 0.99984750 0.01736287
vn -0.00132741 0.99953130 0.03058598
vn -0.01680375 0.99564990 0.09164651
vn -0.05235468 0.54033350 0.83982060
vn -0.04306894 0.26607150 0.96299070
vn 0.00390329 0.99807630 0.06187496
vn -0.00227822 0.99999460 0.00235911
vn -0.00191541 0.99968220 0.02513550
vn -0.02022398 0.93364250 0.35763470
vn -0.03765171 0.29028400 0.95619950
vn -0.03671257 0.21880390 0.97507790
vn 0.00381014 0.99926220 0.03821858
vn -0.00188125 0.99975510 0.02204870
vn -0.00071679 0.99827270 0.05874651
vn -0.00905437 0.65504080 0.75553920
vn -0.03573940 0.21605460 0.97572700
vn -0.02334177 0.22662460 0.97370240
vn -0.00673464 0.99983840 -0.01667244
vn 0.00080836 0.99940230 0.03455975
vn 0.01021547 0.96597010 0.25845210
vn -0.01080692 0.35621910 0.93434000
vn -0.02471295 0.21537950 0.97621760
vn -0.01370745 0.20964470 0.97768150
vn -0.01096183 0.99992630 -0.00521532
vn 0.00096453 0.99930990 0.03713216
vn 0.02205949 0.74910280 0.66208630
vn -0.02151862 0.22536240 0.97403730
vn -0.01237012 0.20853280 0.97793720
vn -0.00421018 0.15255760 0.98828570
vn -0.00842430 0.99945620 0.03188053
vn 0.00320385 0.99298540 0.11819350
vn 0.01254996 0.44280730 0.89652900
vn -0.01801901 0.19993590 0.97964330
vn -0.00151314 0.15637110 0.98769720
vn 0.01921424 0.05957243 0.99803910
vn -0.00278033 0.99866700 0.05154043
vn 0.00013084 0.93982800 0.34164790
vn 0.00105014 0.25612180 0.96664400
vn -0.01292323 0.20583930 0.97850040
vn 0.01812764 0.05811954 0.99814500
vn 0.02610426 0.06327475 0.99765470
vn 0.00201276 0.99688150 0.07888871
vn -0.01343588 0.77164030 0.63591720
vn 0.00165931 0.19782220 0.98023650
vn -0.00635034 0.16389610 0.98645720
vn 0.02198010 0.06009053 0.99795100
vn 0.02673699 0.06712472 0.99738630
vn -0.00515857 0.98747310 0.15770290
vn -0.02157578 0.51313570 0.85803630
vn -0.00384289 0.20892130 0.97792490
vn 0.00668145 0.05662033 0.99837340
vn 0.02249938 0.06700238 0.99749900
vn 0.02404412 0.06761847 0.99742150
vn 0.02060653 0.06964836 0.99735870
vn 0.01023810 0.05228925 0.99857950
vn 0.01257744 0.06495956 0.99780860
vn 0.01197362 0.07157532 0.99736330
vn -0.00596219 0.17903050 0.98382540
vn -0.01350922 0.31013020 0.95059810
vn -0.00269998 0.06256776 0.99803700
vn 0.00085927 0.04472614 0.99899890
vn 0.00361712 0.06058161 0.99815670
vn 0.00388568 0.07058041 0.99749850
vn 0.00157490 0.20683990 0.97837350
vn 0.00771734 0.18767500 0.98220090
vn 0.00260978 0.13892170 0.99029990
vn -0.00138035 0.07821850 0.99693520
vn -0.00284448 0.05132099 0.99867810
vn -0.00373260 0.06175609 0.99808430
vn -0.00198116 0.06228660 0.99805630
vn -0.00494437 0.05978798 0.99819890
vn -0.00143028 0.11507080 0.99335630
vn -0.00220631 0.17505590 0.98455600
vn 0.00470999 0.20894600 0.97791580
vn 0.00386942 0.27271950 0.96208580
vn -0.00247892 0.09670202 0.99531040
vn -0.00573861 0.06679662 0.99775010
vn -0.00154074 0.16508460 0.98627820
vn -0.00442857 0.19967100 0.97985300
vn 0.00408569 0.29577880 0.95524770
vn -0.00483209 0.14565830 0.98932320
vn -0.00512873 0.09671663 0.99529880
vn -0.00069433 0.19126080 0.98153900
vn 0.00344594 0.20059670 0.97966790
vn 0.00081991 0.18392210 0.98294050
vn -0.00258320 0.15436150 0.98801110
vn 0.00812547 0.20026740 0.97970760
vn 0.00457887 0.20471440 0.97881100
vn -0.00177466 0.21752030 0.97605420
vn 0.00883297 0.47343600 0.88078390
vn 0.01088901 0.47645190 0.87913300
vn 0.01059434 0.24784020 0.96874300
vn 0.01512285 0.22726940 0.97371450
vn -0.00033244 0.20750040 0.97823490
vn -0.00878403 0.24252810 0.97010460
vn 0.01061146 0.74179590 0.67054160
vn 0.00030348 0.67882210 0.73430260
vn 0.01739845 0.37522110 0.92677200
vn 0.00846553 0.29939250 0.95409240
vn -0.04782790 0.22930250 0.97217950
vn -0.07765807 0.24326770 0.96684540
vn -0.00215838 0.90253830 0.43060420
vn -0.00548283 0.86056520 0.50931080
vn 0.00618984 0.56900740 0.82230910
vn -0.00507371 0.43284290 0.90145500
vn -0.05916717 0.35555270 0.93278160
vn -0.11764850 0.32936320 0.93684510
vn -0.01074077 0.97517860 0.22115920
vn -0.00627217 0.95661550 0.29128590
vn 0.00260805 0.76968560 0.63841770
vn 0.01158716 0.62940180 0.77699360
vn -0.03154910 0.48033250 0.87651880
vn -0.10446540 0.47440810 0.87408470
vn -0.00646234 0.99492500 0.10041110
vn -0.00617906 0.99309410 0.11715760
vn 0.01888199 0.90945100 0.41538220
vn 0.03074074 0.73390910 0.67855160
vn -0.14031750 0.68768460 0.71232090
vn -0.28744640 0.66649970 0.68786110
vn -0.00258402 0.99920600 0.03975844
vn 0.00534690 0.99929740 0.03709666
vn 0.01858269 0.95542830 0.29463800
vn 0.04824410 0.85958190 0.50871550
vn 0.08155193 0.82578610 0.55805610
vn -0.03511811 0.81396340 0.57985370
vn 0.00457441 0.99982150 0.01833626
vn 0.01121571 0.99952070 0.02885596
vn 0.06294434 0.97465480 0.21467680
vn 0.22794080 0.89140220 0.39172080
vn 0.68232300 0.71003930 0.17400980
vn 0.63908330 0.71965410 0.27142310
vn 0.00776782 0.99985670 0.01503813
vn 0.00918411 0.99886500 0.04673732
vn 0.20670470 0.95682850 0.20433440
vn 0.75270020 0.64972230 0.10631790
vn 0.83056460 0.55114780 -0.07999054
vn 0.79640600 0.59632140 0.10068900
vn -0.00615954 0.99941530 0.03363359
vn 0.08854578 0.99442310 0.05729096
vn 0.72522720 0.67841820 0.11744880
vn 0.91505600 0.39585950 -0.07725061
vn 0.86485810 0.40660400 -0.29443790
vn 0.86681710 0.45812590 -0.19684710
vn 0.05514843 0.99757110 0.04255009
vn 0.55037750 0.83321530 0.05326214
vn 0.93573550 0.34472000 0.07461262
vn 0.94148240 0.31985750 -0.10631200
vn 0.86262990 0.32765850 -0.38536940
vn 0.78091630 0.35384880 -0.51474360
vn 0.44355960 0.89496200 0.04793618
vn 0.87069540 0.49073160 0.03274490
vn 0.94811340 0.29103310 0.12798730
vn 0.95232640 0.30349000 -0.03111541
vn 0.87923660 0.29390390 -0.37491790
vn 0.69522900 0.30834730 -0.64929090
vn 0.81632020 0.57657530 0.03438421
vn 0.93720610 0.34830270 0.01815898
vn 0.94385600 0.30626380 0.12384790
vn 0.96724350 0.25311700 0.01928210
vn 0.90729350 0.19266290 -0.37376400
vn 0.69054820 0.27094410 -0.67062090
vn 0.93482000 0.35493200 0.01161078
vn 0.95056190 0.31053460 -0.00070169
vn 0.96630000 0.25246470 0.05025609
vn 0.99644420 0.07849263 -0.03062517
vn 0.90291420 0.17009240 -0.39473360
vn 0.71537630 0.27073540 -0.64415760
vn 0.95283560 0.30327140 -0.01144212
vn 0.96742810 0.25283860 -0.01247123
vn 0.99652810 0.07963341 -0.02429575
vn 0.99700520 0.01649628 -0.07555567
vn 0.89339320 0.19912750 -0.40273670
vn 0.75001390 0.26529500 -0.60588590
vn 0.96194610 0.27138900 -0.03174357
vn 0.98797630 0.15450070 0.00569383
vn 0.99989880 -0.00985884 -0.01026389
vn 0.99373640 0.06967729 -0.08736783
vn 0.89730760 0.20371390 -0.39158590
vn 0.80431940 0.23923420 -0.54390920
vn 0.97652510 0.21449790 -0.01973285
vn 0.99821990 0.05124231 0.03051584
vn 0.99957380 0.01054140 0.02722216
vn 0.98716400 0.10172170 -0.12312520
vn 0.89187760 0.23665870 -0.38541820
vn 0.81994720 0.27742940 -0.50071910
vn 0.99523630 0.09650464 -0.01384489
vn 0.99982260 -0.00430094 0.01834240
vn 0.99975430 0.02146991 -0.00551646
vn 0.97562120 0.13848300 -0.17025180
vn 0.86307050 0.32032880 -0.39051070
vn 0.78042690 0.39362060 -0.48579490
vn 0.77094170 0.49644200 -0.39899160
vn 0.61904030 0.63606460 -0.46066370
vn 0.93946000 0.25331680 -0.23075010
vn 0.96225720 0.18282930 -0.20158000
vn 0.98231540 0.14662400 -0.11643790
vn 0.98993450 0.10713590 -0.09247479
vn 0.99485310 0.07997305 -0.06222223
vn 0.99600400 0.06573547 -0.06045522
vn 0.99858980 0.04351732 -0.03040667
vn 0.99692230 0.05382728 -0.05699585
vn 0.99978820 0.01503129 -0.01405892
vn 0.99970200 0.01518740 -0.01910718
vn 0.99838730 0.02947063 -0.04851990
vn 0.99991600 -0.01238214 -0.00385445
vn 0.99941550 -0.01551162 -0.03046505
vn 0.99970870 0.02133137 -0.01128309
vn 0.99999640 0.00231328 0.00136210
vn 0.99998620 -0.00423897 -0.00312754
vn 0.99901320 -0.01598499 -0.04143797
vn 0.99536170 0.00928609 0.09575392
vn 0.99985920 -0.01529741 0.00690298
vn 0.99958140 0.00192147 -0.02886821
vn 0.99987590 -0.01104723 0.01123293
vn 0.90676030 -0.03869303 0.41986730
vn 0.99938920 -0.02008868 -0.02859725
vn 0.99893610 0.00471329 0.04587301
vn 0.99985250 0.01706409 0.00193040
vn 0.97020630 -0.02629891 0.24084880
vn 0.32229540 -0.16292750 0.93251290
vn 0.99920850 -0.01835774 -0.03529073
vn 0.99960450 0.00223332 0.02803461
vn 0.98875870 0.14856430 -0.01688289
vn 0.60493370 -0.12094170 0.78703770
vn -0.58523630 -0.21447070 0.78198520
vn 0.99621910 -0.01835519 0.08491549
vn 0.99919920 0.00018594 -0.04001103
vn 0.99752090 0.04733946 0.05206702
vn 0.95814750 0.28464750 -0.03048150
vn -0.43650360 -0.22062870 0.87223130
vn -0.47210980 -0.20210540 0.85805930
vn 0.82876030 -0.07589888 0.55443280
vn 0.99800780 0.00597688 -0.06280668
vn 0.99510650 0.09839492 0.00903012
vn 0.98485670 0.16784180 0.04343158
vn 0.95348300 0.29376470 -0.06762063
vn -0.56388680 -0.21151580 0.79830610
vn 0.80700470 0.03512472 0.58949940
vn -0.26740920 -0.26269350 0.92708380
vn 0.98103860 -0.00246797 0.19379660
vn 0.98675990 0.15140430 -0.05815120
vn 0.97733310 0.21145540 0.01033454
vn 0.95819100 0.28015130 0.05818205
vn 0.95654830 0.28612950 -0.05608275
vn 0.95672850 0.28962140 0.02810961
vn 0.96059570 0.27580040 0.03449739
vn 0.96020510 0.27204650 -0.06322011
vn 0.98225430 0.18674260 0.01742289
vn 0.92283800 0.38479740 -0.01734676
vn 0.96105380 0.27496980 -0.02770044
vn 0.95295920 0.29585060 0.06588867
vn 0.95035020 0.30012640 -0.08221141
vn 0.70289610 0.71124820 0.00795039
vn 0.90106800 0.43162740 -0.04212221
vn 0.95366570 0.29960490 0.02754333
vn 0.26952520 0.96279390 0.01959727
vn 0.59297430 0.80480210 -0.02598259
vn 0.02753882 0.99859100 0.04536010
vn 0.94984870 0.31091820 -0.03342621
vn 0.94907240 0.31126060 -0.04876793
vn 0.85752590 0.51380830 -0.02550147
vn 0.20280300 0.97899430 -0.02100321
vn -0.02160370 0.99858240 0.04864750
vn 0.94926170 0.30410160 -0.08015306
vn 0.93737990 0.34806390 -0.01305732
vn 0.46739580 0.88364680 -0.02663505
vn 0.04757725 0.99743760 0.05342966
vn 0.00436544 0.99988810 0.01431245
vn 0.96360440 0.26076240 -0.05890384
vn 0.77623310 0.63026520 -0.01509938
vn 0.15840580 0.98659970 -0.03909772
vn -0.01306745 0.99496250 0.09939381
vn 0.00602258 0.99990790 0.01216778
vn 0.92700450 0.37498160 -0.00718197
vn 0.34223260 0.93936990 -0.02147122
vn 0.08674073 0.99575660 0.03073970
vn -0.00731955 0.99841760 0.05575685
vn 0.00245921 0.99979970 0.01986531
vn 0.65720230 0.75363970 0.01060389
vn 0.11697530 0.99193670 -0.04876828
vn 0.00843253 0.99321160 0.11601470
vn 0.00481032 0.99981150 0.01881167
vn -0.00006434 0.99971290 0.02396183
vn 0.24236740 0.97016570 -0.00602926
vn 0.11204200 0.99349580 -0.02031231
vn -0.03208736 0.99182280 0.12352300
vn 0.00311491 0.99990320 0.01356413
vn -0.00105642 0.99952140 0.03091533
vn 0.10716410 0.99398910 -0.02239583
vn 0.03042608 0.99751310 0.06357752
vn -0.00218094 0.99838580 0.05675520
vn 0.00062917 0.99977020 0.02142696
vn 0.00035165 0.99839740 0.05659057
vn 0.15029550 0.98861210 -0.00757793
vn -0.04898537 0.98865590 0.14198590
vn 0.00235777 0.99988150 0.01521578
vn -0.00011088 0.99966750 0.02578356
vn -0.00027553 0.98552570 0.16952610
vn 0.06764358 0.99665510 0.04585816
vn -0.00285404 0.99261470 0.12127640
vn 0.00038298 0.99991970 0.01267000
vn 0.00350593 0.99949070 0.03171825
vn 0.01018212 0.83864750 0.54457940
vn -0.03815511 0.98776790 0.15119090
vn 0.01159094 0.99611150 0.08733670
vn -0.00033578 0.99981230 0.01937361
vn 0.00836641 0.99747470 0.07052726
vn -0.00265070 0.51620460 0.85646120
vn 0.01712878 0.96632490 0.25675440
vn -0.00501389 0.76467880 0.64439210
vn 0.00416172 0.99971150 0.02365826
vn 0.00609193 0.99852990 0.05385982
vn 0.00615880 0.99965810 0.02541050
vn 0.00390962 0.99771570 0.06743907
vn -0.00898144 0.92810010 0.37222220
vn 0.00168267 0.99952540 0.03075792
vn 0.00038985 0.99985270 0.01716286
vn -0.00319580 0.99999390 -0.00139911
vn -0.00734669 0.99995290 -0.00633795
vn 0.00671214 0.99715520 0.07507644
vn 0.02124809 0.99132720 0.12968750
vn 0.02953621 0.98663670 0.16023640
vn 0.03384250 0.98121380 0.18993180
vn 0.03607888 0.97547820 0.21711920
vn -0.00057456 0.99603430 0.08896753
vn 0.01523813 0.99209230 0.12458170
vn 0.02072641 0.99062480 0.13502930
vn 0.01828943 0.98961430 0.14257960
vn -0.01733092 0.99984970 -0.00058253
vn -0.01944862 0.99699830 -0.07494169
vn -0.03328445 0.99062320 -0.13250560
vn -0.01671334 0.99798880 -0.06114724
vn -0.01404975 0.99406200 -0.10790410
vn -0.00680653 0.99939080 -0.03422759
vn 0.01544249 0.98877130 0.14863630
vn -0.04668334 0.98514800 -0.16523930
vn -0.02457065 0.99165800 -0.12653330
vn -0.00023417 0.99980830 -0.01958281
vn 0.01026684 0.99747630 0.07025424
vn -0.05807383 0.98233600 -0.17788640
vn -0.03796230 0.98655640 -0.15895060
vn -0.00007529 0.99999200 0.00400025
vn 0.01528986 0.99688510 0.07737055
vn 0.01039184 0.99803780 0.06174701
vn -0.05975276 0.97502240 -0.21391830
vn -0.00107304 0.99999010 0.00433240
vn 0.01031578 0.99814520 0.05999819
vn 0.01106990 0.99969460 0.02209549
vn -0.00169422 0.99921140 -0.03966966
vn -0.00846552 0.99976970 -0.01971663
vn 0.01034203 0.99934200 0.03476457
vn 0.00327605 0.99999440 0.00065287
vn -0.00032779 0.99892660 -0.04631931
vn -0.00164677 0.99941530 -0.03415205
vn 0.00609260 0.99989010 0.01352153
vn 0.00687600 0.99996340 -0.00509872
vn -0.00449041 0.99936000 -0.03548949
vn 0.00262991 0.99992570 -0.01189832
vn -0.00017111 0.99999580 0.00291102
vn 0.00508584 0.99998510 -0.00199051
vn -0.00142860 0.99978940 -0.02047100
vn 0.00033292 1.00000000 -0.00009442
vn -0.00027171 0.99985470 0.01704480
vn -0.00138681 0.99973730 0.02287589
vn 0.00023480 0.99997630 -0.00688285
vn -0.00003996 0.99996110 0.00882379
vn 0.00142920 0.99853690 0.05405577
vn -0.00127338 0.99670630 0.08108576
vn -0.00504194 0.99860650 0.05253225
vn 0.00200192 0.99970880 0.02404546
vn 0.00863673 0.99335010 0.11480800
vn 0.00332212 0.99070110 0.13601620
vn -0.00939826 0.99679320 0.07946581
vn -0.01136987 0.99963740 0.02441028
vn 0.01862192 0.98555540 0.16832610
vn 0.00727883 0.99011480 0.14007060
vn -0.00568982 0.99931290 0.03662330
vn -0.01326211 0.99921290 -0.03738593
vn -0.01444653 0.99906860 -0.04066289
vn 0.00926753 0.99416970 0.10742740
vn -0.01252160 0.99817780 -0.05902809
vn -0.01184803 0.99223570 -0.12380540
vn -0.00306344 0.99616120 -0.08748438
vn -0.00847830 0.99903290 -0.04314542
vn -0.01854653 0.99039480 -0.13701940
vn -0.01373304 0.98834290 -0.15162300
vn -0.00332184 0.99610300 -0.08813417
vn 0.00243394 0.99920490 -0.03979496
vn 0.00109694 0.99996470 0.00833325
vn -0.01335966 0.98985140 -0.14147760
vn -0.00224014 0.99865870 -0.05172982
vn 0.00104845 0.99994420 -0.01051527
vn 0.00638965 0.99996770 0.00488028
vn 0.00436740 0.99977240 0.02088155
vn -0.00109166 0.99977000 -0.02142232
vn -0.00011901 0.99999610 0.00279812
vn -0.00385073 0.99995350 0.00883733
vn 0.00844320 0.99988870 0.01230855
vn -0.00087425 0.99988570 -0.01509600
vn -0.00174147 0.99979620 0.02011330
vn -0.00332178 0.99962390 0.02722077
vn -0.00783033 0.99955180 0.02889196
vn 0.00058539 0.99976920 0.02147898
vn -0.00630155 0.99996080 -0.00623122
vn 0.00059281 0.99971060 0.02404498
vn -0.00330235 0.99954670 0.02992438
vn -0.00929373 0.99899120 0.04393479
vn -0.00669715 0.99969970 0.02357090
vn -0.00601825 0.99989890 0.01288238
vn 0.00447699 0.99998970 0.00065329
vn 0.00486972 0.99992940 -0.01084263
vn -0.00106862 0.99988830 -0.01490492
vn -0.00464176 0.99978540 -0.02019016
vn -0.00770578 0.99967360 -0.02435499
vn 0.00866250 0.99939800 -0.03359519
vn 0.00774605 0.99895050 -0.04514359
vn 0.00477387 0.99858220 -0.05301485
vn -0.00079304 0.99908070 -0.04286423
vn -0.00380327 0.99979560 -0.01985647
vn 0.00499581 0.99970840 -0.02362492
vn 0.00385379 0.99950490 -0.03122516
vn 0.00304215 0.99963700 -0.02676756
vn 0.00022033 0.99987140 -0.01603907
vn -0.00019799 1.00000000 -0.00014163
vn 0.00086771 0.99995980 -0.00892210
vn 0.00129186 0.99998700 -0.00494603
vn 0.00049552 0.99999640 -0.00265958
vn -0.00006431 1.00000000 -0.00000061
vn -0.00022245 1.00000000 -0.00015128
vn 0.00028300 1.00000000 -0.00012102
vn 0.00036542 0.99999990 -0.00046139
vn 0.00013818 1.00000000 -0.00014510
vn -0.00011484 1.00000000 -0.00007948
vn -0.00030786 0.99999980 0.00061382
vn -0.00087661 0.99991620 0.01291565
vn 0.00040218 0.99999980 -0.00055575
vn 0.00022813 1.00000000 -0.00008465
vn -0.00147666 0.99995030 0.00985931
vn -0.00177251 0.99990760 0.01347648
vn -0.00909786 0.99914340 0.04036940
vn 0.00037949 0.99999890 0.00142212
vn -0.00078876 0.99913270 0.04163424
vn -0.00493016 0.99815860 0.06045711
vn -0.00583786 0.99898580 0.04464573
vn -0.02982088 0.99782040 0.05886688
vn 0.00932636 0.99772020 0.06683917
vn -0.00105370 0.99509050 0.09896314
vn -0.01012136 0.99650970 0.08286052
vn -0.00921728 0.99838160 0.05611748
vn -0.04353780 0.99437360 0.09656929
vn 0.01349976 0.99459450 0.10295340
vn 0.00385644 0.99923470 0.03892637
vn -0.00540202 0.99991050 0.01224733
vn -0.01093717 0.99992060 0.00625779
vn -0.04324971 0.99445210 0.09588796
vn -0.00527853 0.99930990 0.03676678
vn 0.00615530 0.99808660 -0.06152475
vn 0.00885565 0.99791590 -0.06391642
vn -0.00535592 0.99919040 -0.03987254
vn -0.03833948 0.99765520 0.05669420
vn -0.03913129 0.99910160 0.01626830
vn -0.00785624 0.99905780 -0.04268123
vn 0.01010447 0.99807230 -0.06123429
vn 0.00579746 0.99963030 -0.02656320
vn -0.03248846 0.99911400 0.02675096
vn -0.05866865 0.99678460 0.05457702
vn -0.03803168 0.99868180 0.03446993
vn -0.00329498 0.99986260 -0.01624940
vn 0.00822304 0.99975570 -0.02051575
vn -0.00570685 0.99990550 -0.01251125
vn -0.05410982 0.99745830 0.04635938
vn -0.06049354 0.99674530 0.05328339
vn -0.01719446 0.99977630 0.01231767
vn 0.00276175 0.99986820 -0.01599922
vn 0.02748964 0.99811570 -0.05485907
vn -0.03580349 0.99932550 -0.00816483
vn -0.06522123 0.99686430 0.04480685
vn -0.03208891 0.99937960 0.01451096
vn 0.00043812 0.99999210 -0.00394991
vn 0.03492365 0.99529920 -0.09033211
vn -0.00111055 0.99931600 -0.03696314
vn -0.04942995 0.99875300 0.00701140
vn -0.03679500 0.99929980 0.00679779
vn -0.00229326 0.99998440 0.00510545
vn 0.03885977 0.99563880 -0.08481349
vn 0.02701959 0.99810740 -0.05524050
vn -0.02661400 0.99952840 -0.01531948
vn -0.02989379 0.99951990 0.00813555
vn -0.00646461 0.99995550 0.00687456
vn 0.02839903 0.99859660 -0.04470346
vn 0.03204386 0.99845810 -0.04532634
vn -0.00279713 0.99989460 -0.01424471
vn -0.01514522 0.99986610 0.00619960
vn -0.00675084 0.99997540 -0.00189088
vn -0.00968465 0.99991390 -0.00885197
vn -0.00320959 0.99994300 -0.01018557
vn 0.00270211 0.99998690 -0.00436662
vn 0.02965173 0.99947960 -0.01270801
vn 0.00059788 0.99990370 -0.01387071
vn -0.00019804 0.99999860 -0.00169935
vn -0.00032344 0.99999330 -0.00365323
vn -0.00117948 0.99992560 -0.01213717
vn -0.00031433 0.99999800 -0.00200348
vn -0.00019320 0.99999080 -0.00429684
vn 0.01820220 0.99983420 -0.00055366
vn 0.00205186 0.99996830 -0.00770156
vn -0.00017061 0.99999730 -0.00234202
vn 0.00027712 0.99998880 -0.00473851
vn 0.01073236 0.99989620 -0.00962146
vn 0.00026783 0.99999620 -0.00274084
vn 0.00044472 0.99998870 -0.00475404
vn 0.00129865 0.99999620 -0.00242925
vn 0.00617980 0.99997510 -0.00343345
vn 0.00740330 0.99997100 0.00177488
vn 0.00038953 0.99999500 -0.00313412
vn 0.00026521 0.99998900 -0.00468596
vn 0.00006668 1.00000000 -0.00017631
vn 0.00019399 0.99999440 -0.00333489
vn 0.00037385 0.99998890 -0.00469855
vn -0.00016059 1.00000000 -0.00006977
vn 0.00011838 0.99999980 -0.00066331
vn 0.00468856 0.99998840 -0.00113919
vn 0.00083687 0.99999420 -0.00333522
vn 0.00097386 0.99998840 -0.00470879
vn 0.00002111 0.99999960 -0.00094283
vn -0.00007865 1.00000000 -0.00001203
vn -0.00011176 1.00000000 -0.00002774
vn 0.01314011 0.99966550 -0.02227457
vn 0.00180090 0.99999360 -0.00311009
vn 0.00350226 0.99998080 -0.00512093
vn 0.00187470 0.99999790 -0.00094530
vn -0.00019863 1.00000000 0.00000856
vn 0.00000209 1.00000000 0.00004496
vn -0.00002185 1.00000000 0.00002144
vn 0.00003363 1.00000000 0.00003816
vn 0.00395275 0.99998820 -0.00283087
vn 0.00789373 0.99994740 -0.00654894
vn 0.00352797 0.99999360 -0.00066690
vn 0.00274008 0.99999630 -0.00020593
vn -0.00031712 1.00000000 0.00008459
vn 0.00005529 1.00000000 0.00007522
vn 0.00134688 0.99995570 -0.00931787
vn 0.00699926 0.99996950 -0.00348926
vn 0.00894546 0.99992550 -0.00830908
vn 0.00508246 0.99998710 -0.00000694
vn 0.00485939 0.99998820 -0.00020860
vn 0.00309261 0.99999520 -0.00016929
vn -0.00025256 1.00000000 0.00020157
vn 0.00005129 1.00000000 0.00007484
vn 0.00768919 0.99996030 -0.00451509
vn 0.00933494 0.99992110 -0.00840486
vn 0.00559726 0.99998440 0.00008506
vn 0.00581345 0.99998310 -0.00004372
vn 0.00536060 0.99998570 -0.00020737
vn 0.00354588 0.99999370 0.00014590
vn -0.00004046 1.00000000 0.00013341
vn 0.00004571 1.00000000 0.00006240
vn 0.01173590 0.99991950 -0.00480911
vn 0.01924439 0.99978740 -0.00741493
vn 0.00599766 0.99998200 -0.00010685
vn 0.00471833 0.99998890 -0.00011162
vn 0.00577471 0.99998330 -0.00002026
vn 0.00575110 0.99998350 -0.00000805
vn 0.00298474 0.99999520 -0.00088084
vn 0.02205872 0.99974700 -0.00441059
vn 0.02786888 0.99960070 -0.00465786
vn 0.01568425 0.99987670 -0.00073981
vn 0.00772598 0.99997020 -0.00000626
vn 0.00444927 0.99999010 0.00018217
vn 0.00573543 0.99998350 -0.00001010
vn 0.03666138 0.99932520 -0.00229492
vn 0.12621610 0.99199650 0.00355401
vn 0.02626554 0.99965440 -0.00109171
vn 0.01869902 0.99982520 -0.00004157
vn 0.01045538 0.99994530 0.00044256
vn 0.18671480 0.98240360 0.00456061
vn 0.54033730 0.84144750 0.00128985
vn 0.05769903 0.99833400 0.00044854
vn 0.02702412 0.99963460 -0.00050030
vn 0.60930590 0.79293320 0.00180011
vn 0.91090460 0.41242270 -0.01266383
vn 0.31436270 0.94929860 0.00289485
vn 0.92233680 0.38625560 -0.01007982
vn 0.96423700 0.26472590 -0.01293259
vn 0.00508408 0.99998700 0.00033334
vn 0.02070716 0.99978540 0.00064052
vn 0.08942159 0.99599300 -0.00126607
vn 0.73361530 0.67956440 0.00104154
vn 0.96722880 0.25385600 -0.00506522
vn 0.97582910 0.21808460 -0.01402690
vn 0.01361048 0.99990740 0.00007228
vn 0.02651900 0.99964830 0.00023318
vn 0.45021320 0.89288720 -0.00779135
vn 0.94044150 0.33993540 -0.00369017
vn 0.97812310 0.20802660 -0.00001742
vn 0.99111360 0.13108840 -0.02257651
vn 0.99120260 0.13235010 0.00086595
vn 0.97203090 0.23484840 -0.00147331
vn 0.98204320 0.18864090 0.00239920
vn 0.99097330 0.13384620 0.00755999
vn 0.82771240 0.56105270 -0.01058079
vn 0.11285070 0.99360690 -0.00314743
vn 0.95049110 0.31067300 -0.00699924
vn 0.98410340 0.17706700 -0.01370069
vn 0.98984190 0.14132550 -0.01550001
vn 0.97415200 0.22565090 -0.01046531
vn 0.53155980 0.84687970 -0.01545228
vn 0.98382550 0.17895780 -0.00783486
vn 0.98804270 0.15300470 -0.01900764
vn 0.87223670 0.48883890 -0.01548273
vn 0.97475120 0.22329330 0.00042092
vn 0.95636860 0.29215640 0.00192355
vn 0.98039490 0.19461910 -0.03080905
vn 0.98262620 0.18061310 -0.04271556
vn 0.97387460 0.22567420 -0.02528617
vn 0.96138280 0.27428550 -0.02259326
vn 0.90528870 0.42467110 -0.01033084
vn 0.62511370 0.78042310 0.01313872
vn 0.97730040 0.20877860 -0.03599341
vn 0.97337080 0.22339360 -0.05142430
vn 0.97228600 0.23329620 -0.01525488
vn 0.96130720 0.27525560 0.01108436
vn 0.92129800 0.38851580 0.01629425
vn 0.97361580 0.22755870 -0.01700766
vn 0.96083010 0.27010760 -0.06202671
vn 0.96799020 0.24896580 0.03179760
vn 0.96025510 0.26942640 0.07293526
vn 0.96244040 0.26802310 -0.04326911
vn 0.93919080 0.33009090 -0.09466030
vn 0.96017380 0.27915730 -0.01173412
vn 0.95067390 0.30042500 -0.07722639
vn 0.91875690 0.37092410 -0.13528130
vn 0.70715020 0.70672680 0.02181122
vn 0.94170540 0.33552470 0.02478044
vn 0.96514560 0.26166110 -0.00521838
vn 0.95607300 0.28920740 -0.04778472
vn 0.93367410 0.33949550 -0.11399800
vn 0.89297070 0.40625350 -0.19380750
vn 0.74883070 0.66273660 -0.00573386
vn 0.96121950 0.27404030 -0.03096703
vn 0.96603080 0.25488780 -0.04262110
vn 0.95062310 0.30630770 -0.04991251
vn 0.90361090 0.38611420 -0.18548070
vn 0.86129270 0.42681950 -0.27568090
vn 0.78592040 0.61795310 -0.02152125
vn 0.96148780 0.27064630 -0.04787268
vn 0.96726500 0.25354590 0.01063302
vn 0.93355570 0.33944890 -0.11510020
vn 0.84901580 0.42134770 -0.31880770
vn 0.82669730 0.42050970 -0.37382230
vn 0.80362030 0.59409390 -0.03530950
vn 0.96614510 0.25774850 0.01136904
vn 0.96275630 0.26477400 -0.05472853
vn 0.89219190 0.38120990 -0.24222440
vn 0.78251420 0.42092690 -0.45879410
vn 0.80023120 0.39550200 -0.45078630
vn 0.83081010 0.55627620 -0.01764654
vn 0.96543790 0.25695540 -0.04362960
vn 0.94794520 0.29755720 -0.11340020
vn 0.81124940 0.41849480 -0.40833370
vn 0.81294880 0.41355620 -0.40998230
vn 0.84246240 0.38914420 -0.37259080
vn 0.85924590 0.51005050 -0.03930751
vn 0.96162530 0.27372670 -0.01871531
vn 0.88968200 0.38684920 -0.24251520
vn 0.78805520 0.42766180 -0.44280280
vn 0.84940100 0.35910310 0.38673340
vn 0.87466340 0.34956490 0.33580980
vn 0.87538360 0.48326600 -0.01254545
vn 0.94514830 0.32617300 -0.01748737
vn 0.77180090 0.43339340 -0.46528860
vn 0.84623130 0.35463560 0.39765070
vn 0.49687570 0.15514280 0.85384140
vn 0.45651820 0.15397870 0.87628860
vn 0.88438000 0.46386480 0.05197469
vn 0.82670120 0.40536490 -0.39018520
vn 0.87828460 0.35819210 0.31672460
vn 0.59744010 0.15070830 0.78762450
vn 0.72836600 0.17276170 0.66305090
vn 0.48583800 0.14020430 0.86273070
vn 0.82282040 0.49950350 -0.27104020
vn 0.90959070 0.39463430 0.13003280
vn 0.78155460 0.17874830 0.59768020
vn 0.89148900 0.20190490 0.40556330
vn 0.93942670 0.15221600 0.30709570
vn 0.82024250 0.18094400 0.54264310
vn 0.88372690 0.46660550 -0.03613912
vn 0.89049210 0.29046070 0.35022340
vn 0.96397240 0.24510630 0.10334420
vn 0.97367240 0.16769010 0.15440850
vn 0.57237420 0.19324950 -0.79689560
vn 0.67143270 0.26003240 -0.69394620
vn 0.92225300 0.34912610 0.16601330
vn 0.95341910 0.30138740 0.01254856
vn 0.97079680 0.23080280 0.06544895
vn 0.41437960 0.14395920 -0.89864640
vn 0.23150460 0.22493820 -0.94647160
vn 0.28305990 0.19199190 -0.93968940
vn 0.94628510 0.32332860 0.00176604
vn 0.95894680 0.26718600 0.09503943
vn 0.13292930 0.10015020 -0.98605260
vn 0.14946900 0.23264780 -0.96100680
vn 0.95623300 0.29177820 0.02200185
vn 0.94950990 0.29203790 -0.11465000
vn 0.95051210 0.29921060 0.08366392
vn 0.04894410 0.04804565 -0.99764520
vn -0.06121193 0.18734390 -0.98038530
vn 0.95986920 0.27292200 0.06453334
vn 0.83632360 0.22155310 0.50147500
vn 0.81832060 0.22904910 0.52715090
vn -0.04813568 -0.03397442 -0.99826280
vn -0.21182690 0.21488150 -0.95339160
vn 0.96612740 0.25783700 -0.01086338
vn 0.90198270 0.17654740 0.39402810
vn 0.92857740 0.17724880 0.32607800
vn 0.84861790 0.20526890 0.48755760
vn -0.26333570 0.32743330 -0.90743700
vn 0.91538520 0.37234070 -0.15307620
vn 0.98292700 0.11921880 0.14014730
vn 0.98874810 0.09117129 0.11859630
vn 0.97737180 0.12570320 0.17012670
vn 0.91852220 0.19236930 0.34541400
vn 0.88799150 0.45400580 -0.07314237
vn 0.94245280 0.33412070 0.01208184
vn 0.99180380 0.08350603 -0.09670510
vn 0.99963650 0.02682299 0.00269793
vn 0.99865880 0.04176256 0.03060487
vn 0.97525840 0.15894850 0.15364340
vn 0.87369620 0.47938820 0.08271587
vn 0.91469020 0.40372620 0.01862879
vn 0.98859290 0.07097387 -0.13284150
vn 0.99791990 -0.04330321 -0.04775923
vn 0.99990930 0.00795966 0.01087307
vn 0.98707400 0.13873260 0.08023810
vn 0.87592420 0.47684650 0.07330772
vn 0.89197920 0.44509310 -0.07915299
vn 0.99329850 0.03110433 -0.11131380
vn 0.99822460 -0.05837057 -0.01186069
vn 0.99999590 -0.00278809 -0.00064277
vn 0.99195800 0.12367690 0.02689322
vn 0.86677040 0.48479280 -0.11698240
vn 0.90324770 0.36139570 -0.23138010
vn 0.99988730 -0.01370310 -0.00613045
vn 0.99857200 -0.05219873 0.01137511
vn 0.99998260 0.00589698 -0.00008710
vn 0.99316930 0.11492140 -0.02019053
vn 0.82488260 0.48174980 -0.29577990
vn 0.97734420 0.20090810 -0.06658957
vn 0.99822010 -0.02644847 0.05345077
vn 0.99816800 -0.03370997 0.05024279
vn 0.99916700 0.03627447 -0.01869367
vn 0.99092940 0.11278410 -0.07306621
vn 0.88330880 0.44749870 -0.13967960
vn 0.99535500 0.09033760 0.03327852
vn 0.99040690 -0.02327015 0.13620830
vn 0.99866820 0.00292740 0.05150953
vn 0.99044680 0.07802396 -0.11369860
vn 0.98334910 0.11486880 -0.14081830
vn 0.94036870 0.32578480 -0.09783042
vn 0.98448060 0.02598272 0.17355940
vn 0.99001300 -0.00184320 0.14096390
vn 0.99455990 0.05283318 -0.08977236
vn 0.95499370 0.10998470 -0.27548200
vn 0.95533080 0.12346570 -0.26851310
vn 0.98544160 0.14467050 0.08930490
vn 0.98832120 0.01335659 0.15179820
vn 0.99615380 0.03131581 -0.08183518
vn 0.95229220 0.08196945 -0.29397350
vn 0.92896590 0.12192710 -0.34950850
vn 0.92537740 0.13223280 -0.35523400
vn 0.99732350 0.02328592 0.06930838
vn 0.98843970 0.02273002 -0.14990070
vn 0.94443270 0.04605748 -0.32546200
vn 0.93244680 0.08668318 -0.35075500
vn 0.88863980 0.14943800 -0.43357520
vn 0.86767150 0.15063150 -0.47376810
vn 0.98320470 0.01363563 -0.18199600
vn 0.94868240 0.06513490 -0.30945000
vn 0.93914480 0.05283500 -0.33943390
vn 0.91932180 0.11270920 -0.37702010
vn 0.86706420 0.18289480 -0.46341030
vn 0.83226360 0.17355250 -0.52651380
vn 0.97219040 0.14525770 -0.18370140
vn 0.96446400 0.13019550 -0.22990950
vn 0.96364340 0.10396200 -0.24613700
vn 0.91769330 0.16653450 -0.36070110
vn 0.92668970 0.20252800 -0.31658900
vn 0.89273610 0.19505610 -0.40617160
vn 0.96697710 0.25028710 -0.04808168
vn 0.96139840 0.27501780 0.00884830
vn 0.97134000 0.19561580 -0.13502980
vn 0.95691840 0.20873810 -0.20183070
vn 0.71051610 0.01330399 0.70355520
vn 0.62017210 -0.02589417 0.78403840
vn -0.61267490 -0.26338200 0.74515730
vn 0.96282730 0.26890720 -0.02554399
vn 0.91621370 0.37345200 0.14521020
vn 0.56061540 -0.03430115 0.82736560
vn 0.02135279 -0.38894510 0.92101350
vn -0.63578620 -0.35447520 0.68565540
vn 0.15460680 -0.50896010 0.84679190
vn 0.90801530 0.41676180 0.04263472
vn 0.66652640 0.08775191 0.74029860
vn -0.59866870 -0.41722940 0.68375090
vn 0.24110250 -0.44860980 0.86059220
vn -0.52276260 -0.41914170 0.74232040
vn 0.26179360 -0.49153570 0.83057610
vn 0.78947560 0.18391710 0.58557900
vn 0.88660510 0.46048320 -0.04343428
vn -0.44719480 -0.35625430 0.82042650
vn -0.11169660 -0.79483470 0.59645770
vn 0.86836780 0.26024010 0.42215230
vn 0.86921830 0.42863010 0.24644610
vn -0.39431630 -0.21701380 0.89298360
vn -0.66950680 0.00317564 0.74279920
vn 0.87751530 0.46264300 -0.12620780
vn 0.90351240 0.37112120 0.21432280
vn 0.90867940 0.31094020 0.27860010
vn -0.22932590 -0.18853790 0.95491530
vn -0.04046477 0.52933250 0.84744890
vn 0.86624750 0.43577470 0.24436770
vn 0.84133480 0.46604570 0.27378320
vn 0.89653170 0.42179070 -0.13536390
vn 0.87867080 0.43502820 0.19669300
vn 0.15643500 -0.05813294 0.98597600
vn 0.26267800 0.77230200 0.57840290
vn 0.90204920 0.40465040 0.15021810
vn 0.86370870 0.49035240 0.11645550
vn 0.86563130 0.49849300 -0.04676699
vn 0.60127630 0.78253300 0.16158210
vn 0.28360460 0.48389630 0.82789670
vn 0.17323760 0.90057050 0.39869970
vn 0.85836190 0.49406880 0.13824170
vn 0.90084200 0.43032940 0.05744956
vn 0.86184450 0.50196480 0.07249402
vn 0.49324070 0.86907700 0.03766540
vn 0.20570960 0.97819390 0.02863615
vn 0.21304430 0.86266810 0.45871120
vn 0.18452990 0.96646850 0.17857070
vn 0.08881109 0.98728920 0.13180480
vn 0.10652380 0.99040460 0.08804256
vn 0.10179740 0.99340190 -0.05281932
vn 0.11564900 0.99284180 -0.02984198
vn 0.38204520 0.92410390 -0.00858064
vn 0.82066400 0.57138260 0.00570130
vn 0.78219870 0.61462250 0.10200130
vn -0.00939611 0.98757880 0.15684320
vn 0.02532632 0.99865340 -0.04527616
vn 0.01774430 0.98233900 -0.18626650
vn 0.02313888 0.99091320 -0.13249820
vn 0.02855530 0.99755170 -0.06383698
vn 0.28981240 0.95655100 -0.03191965
vn 0.70078040 0.71336650 -0.00388037
vn 0.02068768 0.98169640 0.18932610
vn 0.03945440 0.97342020 0.22560260
vn 0.02498936 0.98596050 0.16509810
vn 0.02040825 0.98757810 0.15579790
vn -0.05384069 0.99459310 -0.08880153
vn -0.05039755 0.99224200 -0.11364870
vn -0.06218902 0.98394960 -0.16725960
vn -0.04702535 0.95754610 -0.28441920
vn -0.11644750 0.91701890 -0.38146610
vn -0.11163360 0.92811390 -0.35516550
vn -0.08681776 0.95538790 -0.28230580
vn -0.03421721 0.97660240 -0.21231380
vn -0.06028367 0.97299440 -0.22281790
vn -0.05507034 0.98267120 -0.17698730
vn -0.04195640 0.99111750 -0.12619720
vn -0.02227538 0.99789020 -0.06098336
vn -0.01788217 0.99384020 -0.10937100
vn -0.01446454 0.99501910 -0.09862980
vn -0.01575144 0.99722670 -0.07273839
vn -0.00701142 0.99949200 -0.03108929
vn -0.00300942 0.99991260 -0.01287105
vn -0.00027697 0.99999880 0.00152949
vn 0.00234199 0.99992490 -0.01203339
vn -0.00492347 0.99989510 -0.01362300
vn 0.01297746 0.99989490 -0.00648054
vn 0.00928687 0.99995530 -0.00177728
vn 0.00544357 0.99998510 0.00057234
vn 0.00380887 0.99999260 0.00066788
vn 0.00072851 0.99999900 0.00124111
vn 0.00036098 1.00000000 -0.00018830
vn 0.00316547 0.99999500 0.00008935
vn 0.00523122 0.99998630 0.00037210
vn 0.00842740 0.99995960 0.00315193
vn 0.01032265 0.99989940 0.00973678
vn 0.00621873 0.99920520 0.03937568
vn 0.01245767 0.99893110 0.04451306
vn 0.01512200 0.99909540 0.03974562
vn 0.01455868 0.99953210 0.02690116
vn 0.03160452 0.97849890 0.20381650
vn 0.04797738 0.97546300 0.21487210
vn 0.05535221 0.97572700 0.21187960
vn 0.01024064 0.99843600 0.05495948
vn 0.01456991 0.99989210 0.00187956
vn -0.02182692 0.98128530 -0.19131820
vn 0.01070679 0.99972800 0.02071517
vn 0.05530920 0.98005200 0.19088980
vn 0.01793524 0.99970680 -0.01626670
vn -0.02371144 0.97539310 -0.21919390
vn -0.00959791 0.99369240 -0.11172830
vn 0.05088125 0.98320360 0.17527600
vn 0.02400229 0.99944850 -0.02294932
vn -0.02473353 0.97440590 -0.22343100
vn -0.00446591 0.99731530 -0.07308920
vn 0.00023541 0.99998590 0.00531489
vn 0.02627878 0.99942150 -0.02158982
vn -0.01832898 0.97814100 -0.20713370
vn -0.00078167 0.99859300 -0.05302162
vn 0.00528692 0.99972990 0.02262881
vn 0.00000576 0.99931540 0.03699690
vn -0.01917478 0.98077510 -0.19419700
vn 0.00606761 0.99956080 -0.02900703
vn 0.01003507 0.99973860 0.02054260
vn 0.01022898 0.99955150 0.02814579
vn 0.00124232 0.99999610 0.00251890
vn -0.00164083 0.99997440 -0.00696459
vn 0.00994608 0.99992550 0.00707475
vn 0.01464994 0.99985520 0.00866111
vn 0.00808953 0.99982280 -0.01700222
vn 0.00258685 0.99970800 -0.02402593
vn -0.00914280 0.99994130 0.00580430
vn 0.01064438 0.99994290 -0.00092177
vn 0.01098439 0.99980870 -0.01618371
vn 0.00435773 0.99977180 -0.02091505
vn 0.00232879 0.99983270 -0.01813940
vn -0.00751098 0.99997160 0.00061749
vn 0.00311709 0.99999510 -0.00033131
vn 0.00765740 0.99993600 -0.00832904
vn 0.00050901 0.99999890 0.00137772
vn 0.00014138 0.99999560 -0.00298234
vn -0.01091701 0.99987130 0.01176460
vn -0.00412042 0.99973090 0.02282954
vn -0.00218091 0.99988030 0.01531598
vn -0.00488172 0.99973790 0.02236342
vn -0.00145376 0.99998070 0.00605491
vn -0.01840934 0.99847390 0.05206580
vn -0.03008067 0.99358020 0.10905750
vn -0.02383422 0.99624060 0.08328539
vn -0.02457695 0.99693180 0.07431649
vn -0.00937438 0.99962740 0.02563789
vn -0.03984817 0.98435350 0.17164050
vn -0.05976819 0.96952530 0.23758900
vn -0.06626627 0.97881980 0.19370210
vn -0.06407178 0.98819170 0.13918290
vn -0.02748068 0.99674480 0.07579379
vn -0.04346381 0.96687570 0.25152000
vn -0.06420713 0.97059780 0.23198580
vn -0.09779567 0.97045090 0.22059240
vn -0.08689812 0.97898530 0.18448980
vn -0.05452532 0.98861800 0.14021910
vn -0.02471467 0.98609890 0.16431170
vn -0.03069419 0.99467280 0.09840677
vn -0.08626547 0.98058630 0.17609330
vn -0.08124261 0.98244950 0.16790590
vn -0.07126948 0.98753880 0.14031310
vn 0.01596870 0.99830640 -0.05594048
vn 0.03200458 0.99940360 0.01296909
vn -0.03249135 0.99779030 0.05795507
vn -0.04434589 0.99660100 0.06942540
vn -0.07688952 0.99268040 0.09313238
vn 0.07553736 0.99597110 -0.04832797
vn 0.06324258 0.99062350 -0.12110080
vn 0.02682308 0.99475090 -0.09874769
vn 0.01490434 0.99782090 -0.06427677
vn -0.05514836 0.99823740 0.02192556
vn 0.09020671 0.98484210 -0.14815170
vn 0.07922922 0.96158120 -0.26283920
vn 0.07698451 0.97478260 -0.20945650
vn 0.06440459 0.98419350 -0.16497030
vn -0.00123551 0.99884160 -0.04810533
vn 0.06546962 0.95978440 -0.27299740
vn 0.07041156 0.97488590 -0.21128090
vn 0.08893859 0.97095940 -0.22209860
vn 0.08050697 0.98144130 -0.17404490
vn 0.04643574 0.99403670 -0.09866502
vn 0.03512562 0.99063770 -0.13192100
vn 0.03456942 0.99390630 -0.10466710
vn 0.05433132 0.99016510 -0.12892370
vn 0.06443199 0.98947110 -0.12959770
vn 0.06187996 0.99180690 -0.11175910
vn 0.00989714 0.99824970 -0.05830469
vn 0.01000081 0.99985810 -0.01355710
vn 0.01519254 0.99933570 -0.03312476
vn 0.02325395 0.99829130 -0.05360584
vn 0.05840494 0.99475370 -0.08398697
vn 0.00267546 0.99985490 0.01682368
vn -0.00326554 0.99889900 0.04680032
vn -0.00820525 0.99960950 0.02671002
vn -0.00363647 0.99998380 -0.00439150
vn 0.03223179 0.99713620 -0.06841432
vn -0.00492280 0.99797770 0.06337520
vn -0.00710999 0.99914470 0.04073576
vn -0.01319915 0.99984610 0.01155677
vn -0.01022930 0.99979480 -0.01748606
vn 0.01018752 0.99867340 -0.05047454
vn -0.00442762 0.99981120 -0.01891796
vn -0.00553645 0.99934140 -0.03586163
vn -0.00083768 0.99928620 -0.03776797
vn 0.00004292 1.00000000 0.00007418
vn -0.00024541 0.99973900 -0.02284484
vn 0.00664769 0.99875250 -0.04949079
vn 0.00256842 0.99999680 -0.00000175
vn 0.00589553 0.99995740 -0.00710148
vn 0.00279700 0.99999170 -0.00299380
vn 0.00060828 0.99999980 0.00037700
vn 0.00045470 0.99995890 -0.00906034
vn 0.00480238 0.99998320 0.00327147
vn 0.00864555 0.99913220 -0.04074343
vn 0.00259947 0.99991110 -0.01308236
vn -0.00275887 0.99999590 0.00072104
vn -0.00040079 0.99988330 0.01527342
vn 0.00621259 0.99819760 -0.05969053
vn 0.00287089 0.99999590 0.00005802
vn 0.01189444 0.99980940 -0.01547924
vn 0.00299962 0.99984350 -0.01743637
vn -0.00221506 0.99984730 0.01733340
vn 0.00175639 0.99991640 0.01281181
vn 0.00931294 0.99769860 -0.06716128
vn 0.00430181 0.99929320 -0.03734237
vn 0.00066724 0.99999140 -0.00408567
vn 0.01240709 0.99992170 -0.00168760
vn -0.00312033 0.99780280 0.06617974
vn 0.01444764 0.99911660 -0.03946190
vn 0.01057111 0.99992510 0.00616824
vn 0.01887228 0.99748280 -0.06835161
vn -0.00228247 0.99851020 0.05451664
vn 0.00966292 0.99995290 0.00096535
vn 0.02375775 0.99971570 -0.00197110
vn 0.00757168 0.99935660 0.03506014
vn -0.00965416 0.99916490 -0.03970194
vn 0.02809203 0.99647500 -0.07904578
vn -0.00289633 0.99765190 0.06842878
vn 0.00206885 0.99929990 -0.03735692
vn 0.01641512 0.99971310 -0.01744190
vn -0.01079715 0.99914560 -0.03989216
vn 0.02660281 0.98634230 -0.16254610
vn 0.00159322 0.99803690 0.06260744
vn 0.00844954 0.99995120 -0.00511794
vn 0.07925797 0.99094990 -0.10833440
vn -0.00829964 0.99962170 -0.02621845
vn 0.02859510 0.99706110 -0.07107291
vn 0.10952710 0.98967130 -0.09249000
vn 0.01296307 0.99972870 0.01934951
vn 0.06307376 0.99676990 -0.04971449
vn 0.07789741 0.95999570 -0.26896100
vn 0.03218291 0.99941640 -0.01145266
vn 0.10952470 0.99330410 -0.03676010
vn 0.04490169 0.99872140 -0.02322105
vn 0.05084166 0.99862240 -0.01297875
vn 0.08360548 0.93287500 -0.35036320
vn 0.02076719 0.98471690 0.17292050
vn 0.08229885 0.99646850 0.01665526
vn 0.05700221 0.97718350 -0.20460490
vn -0.01404929 0.97824500 0.20697660
vn 0.02408976 0.90806360 -0.41813900
vn 0.06416197 0.99553050 0.06929853
vn -0.03996988 0.99501840 0.09132864
vn 0.05431246 0.91333530 -0.40357010
vn 0.01621655 0.99093040 0.13339410
vn -0.04946243 0.99838530 0.02793250
vn 0.12104640 0.99260290 -0.00934322
vn -0.04522496 0.99556410 0.08250357
vn -0.05161623 0.99864500 0.00662546
vn 0.09694844 0.99476370 0.03234240
vn -0.05763521 0.99769420 0.03583996
vn -0.03945897 0.99903980 0.01903547
vn 0.05842032 0.99747890 0.04028442
vn -0.03775914 0.99903190 0.02257169
vn -0.00455926 0.99875590 0.04965759
vn 0.05533450 0.99801250 0.03014948
vn -0.00703896 0.99905120 0.04297892
vn -0.00909480 0.99075340 -0.13537010
vn 0.10329220 0.99348890 0.04806788
vn 0.03840182 0.99443720 0.09808076
vn 0.03224140 0.99930630 -0.01863663
vn 0.13102050 0.99072730 0.03595637
vn 0.02860161 0.99556490 -0.08962369
vn 0.04817177 0.99093260 0.12542740
vn 0.16221890 0.98071290 0.10902860
vn 0.05955888 0.99812920 -0.01381498
vn 0.00133911 0.99998650 0.00503105
vn 0.11939280 0.98978300 -0.07794144
vn 0.07564364 0.99309750 0.08964020
vn -0.00049195 0.99965260 0.02635438
vn 0.02840543 0.99922960 -0.02708305
vn 0.01744933 0.99969660 0.01738317
vn 0.14523640 0.98939200 0.00314040
vn 0.19370180 0.97539480 0.10528370
vn 0.22065370 0.97358100 -0.05875441
vn 0.25204220 0.96737680 -0.02562776
vn 0.59715660 0.80074390 0.04704454
vn 0.45136310 0.87639710 0.16792700
vn 0.39208320 0.91989320 0.00820226
vn 0.34232770 0.93165200 -0.12180430
vn 0.73850590 0.65548320 0.15795780
vn 0.73243400 0.67074050 0.11682330
vn 0.95974590 0.27378350 -0.06269406
vn 0.96317610 0.26746880 -0.02742606
vn 0.72439370 0.68903670 -0.02196038
vn 0.90725980 0.41045420 -0.09168872
vn 0.66409100 0.72804800 -0.17008620
vn 0.78417030 0.55605200 -0.27546910
vn 0.63417200 0.72779730 -0.26103060
vn 0.79378440 0.59331670 -0.13372250
vn 0.39540650 0.91783200 -0.03518698
vn 0.82702320 0.54059520 -0.15423830
vn 0.70263950 0.70902440 -0.05985142
vn 0.39826490 0.91726920 -0.00149320
vn 0.85809810 0.49250040 -0.14529570
vn 0.74548550 0.66648330 -0.00715889
vn 0.38767320 0.91702370 0.09368638
vn 0.86947660 0.49350790 0.02145626
vn 0.71283080 0.69307070 -0.10735660
vn 0.30891410 0.95105140 -0.00855845
vn 0.80652310 0.58424040 0.09046331
vn 0.70552380 0.70832450 -0.02263990
vn 0.29918940 0.95415230 -0.00888891
vn 0.76338080 0.64576180 0.01553527
vn 0.53518450 0.84451740 0.01918309
vn 0.24967050 0.96795510 -0.02697114
vn -0.08522917 0.40263090 -0.91138600
vn 0.38435360 0.92287580 0.02392663
vn 0.20985360 0.97725490 -0.03056964
vn -0.18023580 0.39642270 -0.90020230
vn 0.07749207 0.49251810 -0.86684540
vn 0.12893860 0.76891970 -0.62620870
vn 0.74457660 0.66125970 0.09133013
vn -0.13674760 0.86324210 -0.48591470
vn -0.06770080 0.89395580 -0.44301200
vn 0.71112200 0.70275010 0.02116074
vn 0.20001450 0.97692280 0.07494015
vn 0.05976705 0.99713930 0.04627177
vn 0.65874910 0.74885110 0.07260528
vn 0.14826060 0.98894800 0.00078711
vn 0.05034596 0.99866130 -0.01187265
vn 0.60181680 0.79554410 -0.07018644
vn 0.11777380 0.99164060 0.05271027
vn 0.05197625 0.99828340 0.02699592
vn 0.55660690 0.81882820 -0.14038850
vn 0.11782690 0.99145170 0.05603939
vn 0.02586025 0.99798130 0.05800609
vn 0.58446260 0.81055280 0.03751861
vn 0.12786600 0.99126600 -0.03228357
vn -0.00303806 0.99993940 -0.01057567
vn 0.51607280 0.85511350 -0.04949398
vn 0.13476580 0.99087690 0.00116423
vn 0.01371804 0.99944410 0.03038629
vn 0.46271090 0.88545260 -0.04327114
vn 0.10825460 0.99089300 -0.08007494
vn 0.03172452 0.99723130 -0.06725572
vn 0.43045350 0.90256380 -0.00940710
vn 0.08685301 0.99501700 -0.04896826
vn 0.03523494 0.99693910 -0.06979255
vn 0.41083590 0.91128500 -0.02781110
vn 0.08802964 0.99573320 0.02768222
vn 0.03109891 0.99918600 0.02569644
vn 0.38416520 0.92323140 -0.00780036
vn 0.08340629 0.99640960 -0.01453789
vn 0.02362277 0.99970970 -0.00474964
vn 0.34090080 0.94009320 -0.00336406
vn 0.07791201 0.99696020 0.00005843
vn 0.02863460 0.99958910 0.00130580
vn 0.27240960 0.96210650 0.01200546
vn 0.06702122 0.99775150 -0.00010471
vn 0.02693687 0.99963340 -0.00271797
vn 0.17578650 0.98429720 0.01606408
vn 0.04796966 0.99880900 -0.00892049
vn 0.02261675 0.99961600 -0.01600771
vn 0.03099692 0.99951670 0.00235795
vn 0.02238677 0.99974940 -0.00025303
vt 0.02000010 1.00000000
vt 0.00000006 0.92857140
vt 0.00000006 0.99999990
vt 0.02000001 0.92857150
vt 0.04000011 1.00000000
vt 0.00000006 0.87142850
vt 0.04000005 0.92857150
vt 0.06000006 0.99999990
vt 0.02000004 0.87142850
vt 0.00000006 0.82857140
vt 0.06000009 0.92857150
vt 0.08000007 1.00000000
vt 0.04000005 0.87142860
vt 0.02000004 0.82857140
vt 0.00000006 0.77142860
vt 0.08000016 0.92857140
vt 0.20000010 1.00000000
vt 0.06000009 0.87142860
vt 0.04000005 0.82857140
vt 0.02000007 0.77142860
vt 0.00000006 0.74285710
vt 0.20000020 0.92857140
vt 0.30000010 1.00000000
vt 0.08000013 0.87142860
vt 0.06000009 0.82857140
vt 0.04000005 0.77142860
vt 0.02000007 0.74285710
vt 0.00000006 0.71428570
vt 0.30000010 0.92857150
vt 0.36000010 1.00000000
vt 0.20000020 0.87142850
vt 0.08000010 0.82857150
vt 0.06000006 0.77142860
vt 0.04000011 0.74285710
vt 0.02000010 0.71428570
vt 0.00000006 0.68571430
vt 0.36000000 0.92857140
vt 0.40000010 1.00000000
vt 0.30000010 0.87142850
vt 0.20000020 0.82857140
vt 0.08000010 0.77142860
vt 0.06000006 0.74285710
vt 0.04000011 0.71428570
vt 0.02000013 0.68571420
vt 0.00000006 0.67142860
vt 0.02000010 0.67142860
vt 0.00000006 0.65714290
vt 0.04000008 0.68571420
vt 0.06000006 0.71428570
vt 0.08000007 0.74285710
vt 0.20000010 0.77142860
vt 0.02000004 0.65714280
vt 0.00000006 0.64285710
vt 0.04000008 0.67142860
vt 0.06000003 0.68571420
vt 0.08000013 0.71428570
vt 0.02000010 0.64285710
vt 0.00000006 0.62857150
vt 0.04000008 0.65714280
vt 0.06000006 0.67142860
vt 0.02000013 0.62857140
vt 0.00000006 0.61428570
vt 0.04000005 0.64285710
vt 0.02000010 0.61428580
vt 0.00000006 0.60000000
vt 0.20000010 0.74285710
vt 0.08000007 0.68571420
vt 0.06000009 0.65714290
vt 0.04000008 0.62857140
vt 0.02000010 0.60000000
vt 0.00000006 0.58571430
vt 0.20000010 0.71428570
vt 0.08000007 0.67142860
vt 0.06000006 0.64285710
vt 0.04000008 0.61428570
vt 0.02000010 0.58571420
vt 0.00000006 0.57142860
vt 0.20000010 0.68571430
vt 0.08000013 0.65714290
vt 0.06000000 0.62857140
vt 0.04000008 0.60000000
vt 0.02000010 0.57142860
vt 0.00000006 0.55714290
vt 0.20000010 0.67142860
vt 0.08000010 0.64285710
vt 0.06000006 0.61428570
vt 0.04000008 0.58571430
vt 0.02000010 0.55714290
vt 0.00000006 0.54285720
vt 0.20000010 0.65714290
vt 0.08000004 0.62857140
vt 0.06000006 0.60000000
vt 0.04000008 0.57142860
vt 0.02000010 0.54285720
vt 0.00000006 0.52857150
vt 0.20000010 0.64285710
vt 0.08000004 0.61428570
vt 0.06000006 0.58571430
vt 0.04000008 0.55714290
vt 0.02000010 0.52857150
vt 0.00000006 0.51428570
vt 0.20000010 0.62857140
vt 0.08000007 0.60000000
vt 0.06000006 0.57142860
vt 0.04000008 0.54285710
vt 0.02000010 0.51428570
vt 0.00000006 0.50000000
vt 0.20000020 0.61428570
vt 0.08000004 0.58571430
vt 0.06000006 0.55714290
vt 0.04000008 0.52857150
vt 0.02000010 0.50000000
vt 0.00000006 0.48571420
vt 0.20000010 0.60000000
vt 0.08000010 0.57142860
vt 0.06000006 0.54285720
vt 0.04000011 0.51428580
vt 0.02000010 0.48571420
vt 0.00000012 0.47142860
vt 0.20000010 0.58571430
vt 0.08000013 0.55714290
vt 0.06000006 0.52857150
vt 0.04000008 0.50000000
vt 0.02000013 0.47142870
vt 0.00000006 0.45714280
vt 0.20000010 0.57142860
vt 0.08000007 0.54285720
vt 0.06000006 0.51428580
vt 0.04000008 0.48571430
vt 0.02000010 0.45714280
vt 0.00000006 0.42857150
vt 0.20000010 0.55714290
vt 0.08000007 0.52857150
vt 0.06000006 0.50000010
vt 0.04000008 0.47142860
vt 0.02000007 0.42857140
vt 0.00000006 0.41428580
vt 0.20000010 0.54285710
vt 0.08000010 0.51428570
vt 0.06000006 0.48571430
vt 0.04000008 0.45714290
vt 0.02000007 0.41428580
vt 0.00000006 0.40000000
vt 0.20000010 0.52857150
vt 0.08000010 0.50000000
vt 0.06000006 0.47142850
vt 0.04000005 0.42857140
vt 0.02000007 0.40000000
vt 0.00000006 0.38571430
vt 0.20000010 0.51428570
vt 0.08000013 0.48571430
vt 0.06000006 0.45714280
vt 0.04000008 0.41428580
vt 0.02000010 0.38571430
vt 0.00000006 0.37142850
vt 0.20000010 0.50000010
vt 0.08000004 0.47142850
vt 0.06000006 0.42857150
vt 0.04000011 0.40000000
vt 0.02000010 0.37142850
vt 0.00000006 0.35714290
vt 0.20000010 0.48571430
vt 0.08000007 0.45714280
vt 0.06000006 0.41428580
vt 0.04000005 0.38571430
vt 0.02000007 0.35714290
vt 0.00000006 0.34285710
vt 0.20000010 0.47142860
vt 0.08000010 0.42857140
vt 0.06000006 0.40000000
vt 0.04000008 0.37142850
vt 0.02000010 0.34285710
vt 0.00000006 0.32857140
vt 0.20000010 0.45714290
vt 0.08000010 0.41428570
vt 0.06000006 0.38571430
vt 0.04000011 0.35714300
vt 0.02000007 0.32857150
vt 0.00000006 0.30000000
vt 0.20000010 0.42857140
vt 0.08000007 0.40000000
vt 0.06000006 0.37142850
vt 0.04000011 0.34285720
vt 0.02000010 0.30000000
vt 0.00000006 0.28571430
vt 0.20000010 0.41428570
vt 0.08000010 0.38571430
vt 0.06000006 0.35714290
vt 0.04000008 0.32857140
vt 0.02000010 0.28571430
vt 0.00000009 0.27142870
vt 0.20000010 0.40000000
vt 0.08000007 0.37142860
vt 0.06000006 0.34285710
vt 0.04000014 0.30000010
vt 0.02000004 0.27142860
vt 0.00000012 0.25714280
vt 0.20000010 0.38571430
vt 0.08000007 0.35714290
vt 0.06000006 0.32857140
vt 0.04000011 0.28571430
vt 0.02000004 0.25714280
vt 0.00000006 0.24285720
vt 0.20000010 0.37142860
vt 0.08000010 0.34285710
vt 0.06000006 0.30000000
vt 0.04000002 0.27142860
vt 0.02000007 0.24285720
vt 0.00000006 0.22857140
vt 0.20000010 0.35714290
vt 0.08000007 0.32857150
vt 0.06000006 0.28571430
vt 0.04000011 0.25714290
vt 0.02000007 0.22857140
vt 0.00000006 0.21428570
vt 0.20000010 0.34285720
vt 0.08000007 0.30000000
vt 0.06000006 0.27142860
vt 0.04000005 0.24285720
vt 0.02000013 0.21428580
vt 0.00000006 0.20000010
vt 0.20000010 0.32857150
vt 0.08000010 0.28571430
vt 0.06000006 0.25714290
vt 0.04000005 0.22857140
vt 0.02000010 0.20000000
vt 0.00000006 0.18571430
vt 0.20000010 0.30000000
vt 0.08000007 0.27142860
vt 0.06000006 0.24285720
vt 0.03999999 0.21428580
vt 0.02000007 0.18571430
vt 0.00000006 0.17142860
vt 0.20000010 0.28571430
vt 0.08000007 0.25714290
vt 0.06000006 0.22857150
vt 0.04000005 0.20000000
vt 0.02000007 0.17142860
vt 0.00000006 0.15714290
vt 0.20000010 0.27142860
vt 0.08000010 0.24285720
vt 0.06000003 0.21428580
vt 0.04000014 0.18571440
vt 0.02000013 0.15714290
vt 0.00000006 0.14285720
vt 0.20000010 0.25714290
vt 0.08000013 0.22857140
vt 0.06000003 0.20000000
vt 0.04000005 0.17142860
vt 0.02000019 0.14285730
vt 0.00000006 0.12857150
vt 0.20000010 0.24285720
vt 0.08000010 0.21428580
vt 0.06000012 0.18571430
vt 0.04000008 0.15714300
vt 0.02000007 0.12857150
vt 0.00000006 0.10000010
vt 0.20000010 0.22857140
vt 0.08000007 0.20000000
vt 0.06000006 0.17142860
vt 0.04000011 0.14285720
vt 0.02000013 0.10000010
vt 0.00000006 0.08571437
vt 0.20000010 0.21428580
vt 0.08000001 0.18571430
vt 0.06000003 0.15714290
vt 0.04000005 0.12857150
vt 0.02000007 0.08571437
vt 0.00000009 0.05714294
vt 0.20000010 0.20000010
vt 0.08000013 0.17142860
vt 0.06000006 0.14285710
vt 0.04000002 0.10000000
vt 0.02000001 0.05714288
vt 0.00000006 0.02857149
vt 0.20000010 0.18571440
vt 0.08000007 0.15714290
vt 0.06000006 0.12857150
vt 0.04000008 0.08571434
vt 0.02000007 0.02857146
vt 0.00000009 0.00000009
vt 0.02000010 0.00000012
vt 0.04000005 0.05714288
vt 0.04000005 0.02857152
vt 0.04000014 0.00000012
vt 0.06000003 0.10000010
vt 0.08000004 0.14285710
vt 0.06000009 0.08571437
vt 0.06000009 0.05714288
vt 0.06000003 0.02857140
vt 0.06000009 0.00000003
vt 0.08000010 0.12857150
vt 0.08000004 0.10000000
vt 0.08000001 0.08571431
vt 0.08000013 0.05714288
vt 0.08000010 0.02857155
vt 0.08000010 0.00000000
vt 0.20000000 0.02857146
vt 0.20000010 0.00000000
vt 0.20000010 0.05714285
vt 0.20000010 0.08571440
vt 0.20000020 0.10000000
vt 0.20000020 0.12857150
vt 0.30000000 0.02857149
vt 0.30000010 0.00000000
vt 0.30000000 0.05714294
vt 0.30000000 0.08571437
vt 0.30000000 0.10000010
vt 0.36000010 0.02857143
vt 0.36000000 0.00000006
vt 0.36000000 0.05714291
vt 0.36000000 0.08571437
vt 0.40000000 0.02857155
vt 0.40000010 0.00000003
vt 0.40000000 0.05714291
vt 0.44000000 0.02857146
vt 0.44000000 0.00000012
vt 0.30000010 0.12857150
vt 0.36000010 0.10000010
vt 0.40000000 0.08571440
vt 0.44000000 0.05714297
vt 0.50000000 0.02857155
vt 0.50000010 0.00000006
vt 0.36000000 0.12857150
vt 0.40000010 0.10000000
vt 0.44000010 0.08571434
vt 0.50000010 0.05714291
vt 0.56000010 0.02857149
vt 0.56000010 0.00000009
vt 0.40000000 0.12857150
vt 0.44000000 0.10000010
vt 0.50000000 0.08571440
vt 0.56000000 0.05714297
vt 0.60000000 0.02857152
vt 0.60000000 0.00000006
vt 0.44000010 0.12857150
vt 0.50000010 0.10000000
vt 0.56000010 0.08571434
vt 0.60000000 0.05714294
vt 0.64000000 0.02857149
vt 0.64000000 0.00000006
vt 0.50000000 0.12857150
vt 0.56000000 0.10000010
vt 0.60000000 0.08571437
vt 0.64000000 0.05714291
vt 0.66000000 0.02857152
vt 0.66000000 0.00000000
vt 0.56000010 0.12857150
vt 0.60000000 0.10000010
vt 0.64000000 0.08571434
vt 0.66000010 0.05714294
vt 0.70000000 0.02857149
vt 0.70000000 0.00000006
vt 0.60000000 0.12857150
vt 0.64000010 0.10000000
vt 0.66000010 0.08571437
vt 0.70000000 0.05714291
vt 0.72000000 0.02857152
vt 0.72000000 0.00000006
vt 0.64000000 0.12857150
vt 0.66000000 0.10000010
vt 0.70000000 0.08571434
vt 0.72000000 0.05714291
vt 0.74000000 0.02857155
vt 0.74000000 0.00000003
vt 0.66000000 0.12857150
vt 0.70000000 0.10000010
vt 0.72000000 0.08571437
vt 0.74000000 0.05714288
vt 0.76000000 0.02857149
vt 0.76000010 0.00000000
vt 0.70000000 0.12857150
vt 0.72000000 0.10000010
vt 0.74000000 0.08571440
vt 0.76000000 0.05714291
vt 0.78000000 0.02857158
vt 0.78000000 0.00000009
vt 0.72000000 0.12857150
vt 0.74000010 0.10000000
vt 0.76000000 0.08571434
vt 0.78000010 0.05714291
vt 0.80000010 0.02857146
vt 0.80000000 0.00000012
vt 0.74000000 0.12857150
vt 0.75999990 0.10000000
vt 0.78000000 0.08571440
vt 0.80000000 0.05714297
vt 0.81999990 0.02857149
vt 0.82000000 0.00000006
vt 0.76000000 0.12857150
vt 0.78000000 0.10000010
vt 0.80000000 0.08571434
vt 0.81999990 0.05714288
vt 0.84000000 0.02857143
vt 0.84000000 0.00000006
vt 0.78000000 0.12857150
vt 0.80000000 0.10000010
vt 0.82000010 0.08571431
vt 0.84000000 0.05714291
vt 0.86000000 0.02857155
vt 0.86000000 0.00000003
vt 0.80000010 0.12857150
vt 0.82000010 0.10000010
vt 0.84000000 0.08571440
vt 0.86000000 0.05714288
vt 0.88000000 0.02857152
vt 0.87999990 0.00000006
vt 0.81999990 0.12857150
vt 0.83999990 0.10000010
vt 0.86000000 0.08571440
vt 0.88000000 0.05714288
vt 0.92000000 0.02857137
vt 0.92000000 0.00000012
vt 0.84000000 0.12857150
vt 0.86000010 0.10000000
vt 0.88000000 0.08571437
vt 0.92000000 0.05714306
vt 0.97999990 0.02857146
vt 0.97999990 0.00000006
vt 1.00000000 0.02857149
vt 1.00000000 0.00000000
vt 0.99999990 0.05714297
vt 0.98000000 0.05714288
vt 1.00000000 0.08571434
vt 0.98000000 0.08571434
vt 0.99999990 0.10000010
vt 0.92000000 0.08571434
vt 0.97999990 0.10000010
vt 1.00000000 0.12857150
vt 0.92000000 0.10000010
vt 0.98000000 0.12857150
vt 1.00000000 0.14285720
vt 0.87999990 0.10000000
vt 0.97999980 0.14285730
vt 0.99999990 0.15714290
vt 0.92000000 0.12857150
vt 0.88000010 0.12857150
vt 0.98000000 0.15714290
vt 1.00000000 0.17142860
vt 0.92000000 0.14285720
vt 0.86000000 0.12857150
vt 0.98000000 0.17142860
vt 1.00000000 0.18571430
vt 0.92000000 0.15714290
vt 0.88000010 0.14285730
vt 0.86000000 0.14285720
vt 0.98000000 0.18571430
vt 1.00000000 0.20000010
vt 0.92000010 0.17142860
vt 0.88000000 0.15714280
vt 0.84000000 0.14285720
vt 0.98000000 0.20000000
vt 1.00000000 0.21428570
vt 0.92000010 0.18571430
vt 0.88000010 0.17142860
vt 0.86000000 0.15714290
vt 0.82000010 0.14285720
vt 0.97999990 0.21428580
vt 1.00000000 0.22857140
vt 0.92000000 0.20000000
vt 0.88000000 0.18571430
vt 0.86000000 0.17142860
vt 0.84000000 0.15714290
vt 0.80000000 0.14285720
vt 0.98000000 0.22857140
vt 1.00000000 0.24285720
vt 0.92000000 0.21428580
vt 0.88000000 0.20000010
vt 0.86000000 0.18571440
vt 0.84000000 0.17142860
vt 0.82000010 0.15714290
vt 0.78000000 0.14285720
vt 0.80000000 0.15714290
vt 0.81999990 0.17142860
vt 0.84000000 0.18571440
vt 0.86000000 0.20000010
vt 0.75999990 0.14285710
vt 0.78000000 0.15714290
vt 0.80000010 0.17142860
vt 0.82000010 0.18571430
vt 0.74000010 0.14285710
vt 0.75999990 0.15714290
vt 0.78000000 0.17142860
vt 0.72000000 0.14285720
vt 0.74000010 0.15714290
vt 0.70000000 0.14285720
vt 0.84000000 0.20000000
vt 0.80000000 0.18571440
vt 0.76000000 0.17142860
vt 0.72000000 0.15714290
vt 0.66000000 0.14285720
vt 0.82000000 0.20000000
vt 0.78000000 0.18571430
vt 0.74000000 0.17142860
vt 0.70000000 0.15714290
vt 0.64000000 0.14285710
vt 0.80000000 0.20000000
vt 0.76000000 0.18571430
vt 0.72000000 0.17142860
vt 0.66000000 0.15714290
vt 0.60000000 0.14285720
vt 0.78000000 0.20000000
vt 0.74000000 0.18571440
vt 0.70000010 0.17142860
vt 0.64000010 0.15714290
vt 0.56000000 0.14285720
vt 0.76000000 0.20000000
vt 0.72000000 0.18571440
vt 0.66000000 0.17142860
vt 0.60000000 0.15714290
vt 0.50000010 0.14285710
vt 0.74000010 0.20000000
vt 0.70000000 0.18571430
vt 0.64000000 0.17142860
vt 0.56000000 0.15714290
vt 0.44000000 0.14285720
vt 0.72000000 0.20000000
vt 0.66000000 0.18571430
vt 0.60000000 0.17142860
vt 0.50000000 0.15714290
vt 0.40000010 0.14285710
vt 0.70000000 0.20000010
vt 0.64000010 0.18571430
vt 0.56000010 0.17142860
vt 0.44000000 0.15714290
vt 0.36000010 0.14285720
vt 0.66000000 0.20000000
vt 0.60000000 0.18571430
vt 0.50000000 0.17142860
vt 0.40000010 0.15714290
vt 0.30000000 0.14285720
vt 0.64000010 0.20000000
vt 0.56000010 0.18571440
vt 0.44000010 0.17142860
vt 0.36000010 0.15714290
vt 0.20000020 0.14285710
vt 0.30000000 0.15714290
vt 0.20000010 0.15714290
vt 0.40000000 0.17142860
vt 0.50000000 0.18571440
vt 0.36000000 0.17142860
vt 0.30000010 0.17142860
vt 0.20000020 0.17142860
vt 0.44000000 0.18571440
vt 0.40000010 0.18571440
vt 0.36000000 0.18571430
vt 0.30000000 0.18571430
vt 0.30000000 0.20000010
vt 0.36000010 0.20000000
vt 0.40000010 0.20000000
vt 0.44000010 0.20000000
vt 0.50000000 0.20000000
vt 0.30000010 0.21428580
vt 0.36000000 0.21428580
vt 0.40000010 0.21428580
vt 0.44000000 0.21428580
vt 0.30000010 0.22857150
vt 0.36000000 0.22857150
vt 0.40000000 0.22857150
vt 0.30000000 0.24285720
vt 0.36000000 0.24285720
vt 0.30000010 0.25714290
vt 0.50000010 0.21428570
vt 0.44000010 0.22857140
vt 0.40000010 0.24285720
vt 0.36000000 0.25714280
vt 0.30000010 0.27142860
vt 0.50000000 0.22857150
vt 0.44000010 0.24285730
vt 0.40000010 0.25714290
vt 0.36000000 0.27142860
vt 0.30000010 0.28571430
vt 0.50000000 0.24285720
vt 0.44000000 0.25714290
vt 0.40000000 0.27142860
vt 0.36000000 0.28571430
vt 0.30000000 0.30000010
vt 0.50000000 0.25714290
vt 0.44000010 0.27142860
vt 0.40000010 0.28571430
vt 0.36000000 0.30000010
vt 0.30000000 0.32857150
vt 0.50000000 0.27142860
vt 0.44000010 0.28571430
vt 0.40000010 0.30000010
vt 0.36000000 0.32857150
vt 0.30000010 0.34285710
vt 0.50000000 0.28571430
vt 0.44000000 0.30000000
vt 0.40000010 0.32857150
vt 0.36000000 0.34285720
vt 0.30000010 0.35714290
vt 0.50000000 0.30000010
vt 0.44000000 0.32857150
vt 0.40000000 0.34285720
vt 0.36000010 0.35714290
vt 0.30000000 0.37142860
vt 0.50000010 0.32857150
vt 0.44000000 0.34285720
vt 0.40000010 0.35714290
vt 0.36000000 0.37142860
vt 0.30000010 0.38571430
vt 0.50000000 0.34285720
vt 0.44000000 0.35714280
vt 0.40000010 0.37142850
vt 0.36000000 0.38571430
vt 0.30000000 0.40000000
vt 0.50000010 0.35714280
vt 0.44000000 0.37142860
vt 0.40000000 0.38571430
vt 0.36000010 0.40000000
vt 0.30000000 0.41428580
vt 0.50000010 0.37142850
vt 0.44000000 0.38571430
vt 0.40000010 0.40000000
vt 0.36000000 0.41428580
vt 0.30000010 0.42857140
vt 0.50000000 0.38571430
vt 0.44000000 0.40000000
vt 0.40000010 0.41428570
vt 0.36000000 0.42857140
vt 0.30000010 0.45714290
vt 0.50000000 0.40000000
vt 0.44000000 0.41428570
vt 0.40000000 0.42857140
vt 0.36000000 0.45714290
vt 0.30000010 0.47142850
vt 0.50000000 0.41428570
vt 0.44000010 0.42857130
vt 0.40000000 0.45714290
vt 0.36000010 0.47142860
vt 0.30000010 0.48571430
vt 0.50000010 0.42857130
vt 0.44000000 0.45714290
vt 0.40000010 0.47142860
vt 0.36000000 0.48571430
vt 0.30000010 0.50000010
vt 0.50000000 0.45714290
vt 0.44000010 0.47142860
vt 0.40000010 0.48571430
vt 0.36000000 0.50000000
vt 0.30000000 0.51428570
vt 0.50000000 0.47142860
vt 0.44000000 0.48571430
vt 0.40000010 0.50000000
vt 0.36000000 0.51428570
vt 0.30000010 0.52857150
vt 0.50000000 0.48571430
vt 0.44000000 0.50000000
vt 0.40000010 0.51428570
vt 0.36000010 0.52857150
vt 0.30000010 0.54285720
vt 0.50000000 0.50000010
vt 0.44000000 0.51428570
vt 0.40000010 0.52857150
vt 0.36000010 0.54285720
vt 0.30000000 0.55714290
vt 0.50000000 0.51428570
vt 0.44000000 0.52857140
vt 0.40000010 0.54285710
vt 0.36000000 0.55714290
vt 0.30000010 0.57142860
vt 0.50000010 0.52857140
vt 0.44000000 0.54285720
vt 0.40000010 0.55714290
vt 0.36000000 0.57142870
vt 0.30000010 0.58571430
vt 0.50000000 0.54285720
vt 0.44000000 0.55714290
vt 0.40000010 0.57142850
vt 0.36000010 0.58571430
vt 0.30000010 0.60000000
vt 0.50000010 0.55714290
vt 0.44000000 0.57142850
vt 0.40000010 0.58571430
vt 0.36000000 0.60000000
vt 0.30000000 0.61428570
vt 0.50000010 0.57142870
vt 0.44000000 0.58571430
vt 0.40000000 0.60000000
vt 0.36000000 0.61428570
vt 0.30000010 0.62857150
vt 0.50000010 0.58571430
vt 0.44000010 0.60000000
vt 0.40000010 0.61428570
vt 0.36000010 0.62857150
vt 0.30000010 0.64285710
vt 0.50000010 0.60000000
vt 0.44000010 0.61428580
vt 0.40000010 0.62857140
vt 0.36000000 0.64285720
vt 0.30000010 0.65714290
vt 0.50000010 0.61428580
vt 0.44000010 0.62857140
vt 0.40000010 0.64285720
vt 0.36000000 0.65714280
vt 0.30000010 0.67142860
vt 0.50000010 0.62857140
vt 0.44000010 0.64285720
vt 0.40000010 0.65714280
vt 0.36000010 0.67142860
vt 0.30000000 0.68571420
vt 0.50000000 0.64285710
vt 0.44000000 0.65714290
vt 0.40000010 0.67142860
vt 0.36000000 0.68571420
vt 0.30000010 0.71428570
vt 0.50000010 0.65714290
vt 0.44000000 0.67142860
vt 0.40000010 0.68571420
vt 0.36000000 0.71428570
vt 0.30000010 0.74285710
vt 0.50000000 0.67142860
vt 0.44000010 0.68571430
vt 0.40000010 0.71428570
vt 0.36000010 0.74285710
vt 0.30000000 0.77142860
vt 0.50000000 0.68571430
vt 0.44000010 0.71428570
vt 0.40000000 0.74285710
vt 0.36000000 0.77142860
vt 0.30000010 0.82857150
vt 0.36000000 0.82857140
vt 0.36000000 0.87142850
vt 0.40000010 0.77142860
vt 0.44000010 0.74285720
vt 0.40000010 0.82857140
vt 0.40000010 0.92857150
vt 0.44000000 1.00000000
vt 0.40000010 0.87142850
vt 0.44000010 0.92857140
vt 0.50000010 0.99999990
vt 0.44000000 0.77142860
vt 0.44000010 0.87142850
vt 0.50000010 0.92857140
vt 0.56000000 1.00000000
vt 0.44000010 0.82857140
vt 0.56000010 0.92857140
vt 0.60000010 1.00000000
vt 0.50000010 0.87142850
vt 0.50000000 0.82857150
vt 0.50000000 0.77142860
vt 0.60000000 0.92857140
vt 0.64000000 1.00000000
vt 0.56000010 0.87142850
vt 0.64000010 0.92857150
vt 0.66000000 1.00000000
vt 0.56000010 0.82857140
vt 0.60000000 0.87142850
vt 0.50000000 0.74285710
vt 0.66000000 0.92857140
vt 0.70000000 1.00000000
vt 0.64000000 0.87142850
vt 0.60000000 0.82857140
vt 0.56000000 0.77142850
vt 0.50000000 0.71428570
vt 0.70000000 0.92857150
vt 0.72000000 1.00000000
vt 0.66000000 0.87142850
vt 0.64000000 0.82857140
vt 0.60000000 0.77142860
vt 0.56000010 0.74285720
vt 0.56000010 0.71428570
vt 0.72000000 0.92857150
vt 0.74000010 1.00000000
vt 0.70000000 0.87142850
vt 0.66000000 0.82857140
vt 0.64000010 0.77142860
vt 0.60000000 0.74285710
vt 0.56000010 0.68571430
vt 0.74000000 0.92857150
vt 0.76000000 1.00000000
vt 0.72000000 0.87142860
vt 0.70000000 0.82857140
vt 0.66000000 0.77142860
vt 0.64000000 0.74285710
vt 0.60000000 0.71428570
vt 0.76000010 0.92857150
vt 0.78000000 1.00000000
vt 0.74000000 0.87142860
vt 0.72000000 0.82857140
vt 0.70000000 0.77142860
vt 0.66000000 0.74285710
vt 0.64000000 0.71428570
vt 0.60000000 0.68571420
vt 0.78000000 0.92857140
vt 0.80000000 1.00000000
vt 0.76000000 0.87142860
vt 0.74000000 0.82857140
vt 0.72000000 0.77142860
vt 0.69999990 0.74285710
vt 0.66000000 0.71428570
vt 0.80000010 0.92857150
vt 0.82000010 1.00000000
vt 0.78000000 0.87142850
vt 0.76000000 0.82857140
vt 0.74000000 0.77142860
vt 0.72000000 0.74285710
vt 0.82000000 0.92857140
vt 0.84000000 1.00000000
vt 0.80000010 0.87142860
vt 0.78000000 0.82857140
vt 0.76000010 0.77142860
vt 0.84000000 0.92857150
vt 0.86000000 1.00000000
vt 0.82000000 0.87142850
vt 0.80000010 0.82857140
vt 0.86000000 0.92857150
vt 0.88000010 1.00000000
vt 0.84000000 0.87142860
vt 0.88000000 0.92857150
vt 0.92000000 1.00000000
vt 0.74000010 0.74285720
vt 0.78000000 0.77142860
vt 0.82000000 0.82857140
vt 0.86000000 0.87142860
vt 0.92000010 0.92857150
vt 0.97999990 1.00000000
vt 0.76000000 0.74285720
vt 0.80000000 0.77142860
vt 0.84000000 0.82857140
vt 0.88000000 0.87142860
vt 0.98000000 0.92857150
vt 1.00000000 1.00000000
vt 1.00000000 0.92857150
vt 0.92000000 0.87142850
vt 0.98000000 0.87142850
vt 0.99999990 0.87142850
vt 0.86000000 0.82857150
vt 0.81999990 0.77142860
vt 0.88000000 0.82857140
vt 0.98000000 0.82857140
vt 1.00000000 0.82857140
vt 0.92000010 0.82857140
vt 0.84000000 0.77142860
vt 0.98000000 0.77142860
vt 0.99999990 0.77142850
vt 0.86000000 0.77142860
vt 0.92000000 0.77142860
vt 0.88000000 0.77142860
vt 0.98000000 0.74285710
vt 1.00000000 0.74285720
vt 0.92000000 0.74285710
vt 0.88000010 0.74285710
vt 0.86000000 0.74285710
vt 0.84000000 0.74285720
vt 0.97999990 0.71428570
vt 1.00000000 0.71428570
vt 0.92000000 0.71428570
vt 0.88000000 0.71428570
vt 0.86000000 0.71428570
vt 0.98000000 0.68571430
vt 0.99999990 0.68571430
vt 0.92000000 0.68571420
vt 0.88000000 0.68571420
vt 0.97999990 0.67142860
vt 0.99999990 0.67142860
vt 0.92000000 0.67142860
vt 0.97999990 0.65714280
vt 0.99999990 0.65714280
vt 0.84000000 0.71428570
vt 0.86000000 0.68571420
vt 0.88000000 0.67142860
vt 0.92000000 0.65714280
vt 0.98000000 0.64285720
vt 1.00000000 0.64285710
vt 0.84000000 0.68571420
vt 0.86000000 0.67142860
vt 0.88000010 0.65714290
vt 0.92000000 0.64285710
vt 0.97999990 0.62857150
vt 0.99999990 0.62857150
vt 0.84000000 0.67142860
vt 0.86000010 0.65714280
vt 0.88000010 0.64285710
vt 0.92000010 0.62857140
vt 0.97999990 0.61428570
vt 0.99999990 0.61428570
vt 0.84000000 0.65714280
vt 0.86000000 0.64285710
vt 0.88000000 0.62857140
vt 0.92000000 0.61428570
vt 0.98000000 0.60000010
vt 1.00000000 0.60000010
vt 0.84000000 0.64285720
vt 0.86000000 0.62857140
vt 0.88000010 0.61428580
vt 0.92000010 0.60000000
vt 0.98000000 0.58571420
vt 1.00000000 0.58571430
vt 0.84000000 0.62857150
vt 0.86000000 0.61428580
vt 0.88000010 0.60000000
vt 0.92000010 0.58571430
vt 0.97999990 0.57142850
vt 0.99999990 0.57142860
vt 0.84000000 0.61428580
vt 0.86000000 0.60000000
vt 0.88000000 0.58571430
vt 0.92000000 0.57142860
vt 0.98000000 0.55714290
vt 1.00000000 0.55714290
vt 0.84000000 0.60000000
vt 0.86000000 0.58571420
vt 0.88000000 0.57142870
vt 0.92000010 0.55714290
vt 0.98000000 0.54285720
vt 1.00000000 0.54285720
vt 0.84000000 0.58571430
vt 0.86000010 0.57142860
vt 0.88000010 0.55714290
vt 0.92000000 0.54285720
vt 0.97999990 0.52857150
vt 0.99999990 0.52857150
vt 0.83999990 0.57142850
vt 0.86000000 0.55714290
vt 0.88000000 0.54285720
vt 0.92000000 0.52857150
vt 0.97999990 0.51428570
vt 1.00000000 0.51428570
vt 0.84000000 0.55714290
vt 0.86000000 0.54285720
vt 0.88000010 0.52857150
vt 0.92000000 0.51428570
vt 0.98000000 0.50000000
vt 1.00000000 0.50000000
vt 0.84000000 0.54285720
vt 0.86000010 0.52857140
vt 0.88000000 0.51428570
vt 0.92000000 0.50000010
vt 0.97999990 0.48571420
vt 0.99999990 0.48571420
vt 0.83999990 0.52857140
vt 0.86000010 0.51428570
vt 0.88000010 0.50000010
vt 0.92000010 0.48571430
vt 0.97999990 0.47142870
vt 1.00000000 0.47142860
vt 0.84000000 0.51428570
vt 0.86000000 0.50000000
vt 0.88000000 0.48571430
vt 0.92000000 0.47142860
vt 0.97999990 0.45714290
vt 0.99999990 0.45714280
vt 0.84000000 0.50000010
vt 0.86000000 0.48571430
vt 0.88000000 0.47142860
vt 0.92000000 0.45714290
vt 0.98000000 0.42857150
vt 1.00000000 0.42857150
vt 0.84000000 0.48571430
vt 0.86000010 0.47142860
vt 0.88000010 0.45714280
vt 0.92000000 0.42857140
vt 0.98000000 0.41428580
vt 1.00000000 0.41428580
vt 0.84000000 0.47142860
vt 0.86000000 0.45714290
vt 0.88000010 0.42857140
vt 0.92000000 0.41428570
vt 0.97999990 0.40000000
vt 0.99999990 0.40000000
vt 0.84000010 0.45714280
vt 0.86000000 0.42857140
vt 0.88000010 0.41428570
vt 0.92000000 0.40000000
vt 0.98000000 0.38571440
vt 1.00000000 0.38571440
vt 0.84000000 0.42857140
vt 0.86000000 0.41428570
vt 0.88000000 0.40000000
vt 0.92000000 0.38571430
vt 0.98000000 0.37142860
vt 1.00000000 0.37142860
vt 0.84000000 0.41428570
vt 0.86000010 0.40000000
vt 0.88000010 0.38571430
vt 0.92000000 0.37142860
vt 0.97999990 0.35714290
vt 1.00000000 0.35714290
vt 0.84000000 0.40000000
vt 0.86000000 0.38571430
vt 0.88000010 0.37142850
vt 0.92000000 0.35714290
vt 0.98000000 0.34285710
vt 0.99999990 0.34285710
vt 0.84000010 0.38571430
vt 0.86000010 0.37142850
vt 0.88000000 0.35714290
vt 0.92000000 0.34285710
vt 0.98000000 0.32857150
vt 1.00000000 0.32857150
vt 0.84000000 0.37142860
vt 0.86000000 0.35714300
vt 0.88000000 0.34285720
vt 0.92000000 0.32857150
vt 0.97999990 0.30000000
vt 0.99999990 0.30000000
vt 0.84000010 0.35714290
vt 0.86000010 0.34285720
vt 0.88000010 0.32857140
vt 0.92000000 0.30000000
vt 0.98000000 0.28571430
vt 1.00000000 0.28571430
vt 0.84000000 0.34285720
vt 0.86000000 0.32857140
vt 0.88000000 0.30000010
vt 0.92000000 0.28571430
vt 0.98000000 0.27142860
vt 0.99999990 0.27142860
vt 0.84000000 0.32857150
vt 0.86000000 0.30000010
vt 0.88000000 0.28571430
vt 0.92000000 0.27142860
vt 0.98000000 0.25714280
vt 0.99999990 0.25714290
vt 0.84000010 0.30000000
vt 0.86000000 0.28571430
vt 0.88000010 0.27142860
vt 0.92000000 0.25714300
vt 0.98000000 0.24285720
vt 0.92000000 0.24285720
vt 0.92000000 0.22857150
vt 0.88000000 0.25714280
vt 0.86000000 0.27142860
vt 0.88000000 0.24285720
vt 0.88000000 0.21428580
vt 0.88000010 0.22857150
vt 0.86000000 0.21428580
vt 0.86000010 0.25714300
vt 0.86000000 0.24285720
vt 0.86000000 0.22857150
vt 0.84000000 0.21428580
vt 0.84000000 0.22857150
vt 0.82000010 0.21428580
vt 0.84000000 0.24285720
vt 0.84000000 0.25714280
vt 0.81999990 0.22857150
vt 0.80000000 0.21428580
vt 0.82000010 0.24285720
vt 0.84000000 0.27142860
vt 0.80000000 0.22857140
vt 0.78000000 0.21428580
vt 0.82000000 0.25714280
vt 0.84000000 0.28571430
vt 0.80000000 0.24285730
vt 0.78000000 0.22857150
vt 0.76000000 0.21428580
vt 0.82000000 0.27142860
vt 0.82000010 0.28571430
vt 0.80000000 0.25714290
vt 0.78000000 0.24285720
vt 0.76000000 0.22857140
vt 0.74000010 0.21428580
vt 0.80000000 0.27142860
vt 0.82000000 0.30000010
vt 0.78000000 0.25714290
vt 0.76000000 0.24285720
vt 0.74000000 0.22857150
vt 0.72000000 0.21428570
vt 0.80000000 0.28571430
vt 0.82000000 0.32857150
vt 0.78000010 0.27142860
vt 0.76000000 0.25714280
vt 0.74000000 0.24285720
vt 0.72000000 0.22857150
vt 0.70000000 0.21428580
vt 0.66000000 0.21428580
vt 0.70000010 0.22857140
vt 0.72000000 0.24285720
vt 0.74000010 0.25714280
vt 0.76000000 0.27142860
vt 0.78000000 0.28571430
vt 0.80000000 0.30000000
vt 0.64000000 0.21428580
vt 0.66000000 0.22857150
vt 0.70000000 0.24285720
vt 0.72000000 0.25714290
vt 0.74000000 0.27142860
vt 0.76000000 0.28571430
vt 0.78000000 0.30000000
vt 0.60000010 0.20000000
vt 0.56000010 0.20000000
vt 0.60000000 0.21428580
vt 0.56000000 0.21428580
vt 0.64000000 0.22857150
vt 0.60000000 0.22857150
vt 0.56000010 0.22857140
vt 0.66000000 0.24285720
vt 0.64000000 0.24285730
vt 0.60000000 0.24285720
vt 0.56000010 0.24285720
vt 0.70000000 0.25714290
vt 0.66000000 0.25714290
vt 0.64000000 0.25714280
vt 0.60000000 0.25714290
vt 0.56000010 0.25714290
vt 0.72000000 0.27142860
vt 0.70000000 0.27142860
vt 0.66000010 0.27142860
vt 0.64000000 0.27142860
vt 0.60000000 0.27142860
vt 0.56000010 0.27142860
vt 0.74000010 0.28571430
vt 0.72000000 0.28571430
vt 0.70000000 0.28571430
vt 0.66000000 0.28571430
vt 0.64000000 0.28571430
vt 0.60000000 0.28571430
vt 0.56000010 0.28571430
vt 0.56000000 0.30000000
vt 0.60000010 0.30000000
vt 0.64000000 0.30000010
vt 0.66000000 0.30000010
vt 0.70000000 0.30000010
vt 0.56000000 0.32857150
vt 0.60000000 0.32857150
vt 0.64000000 0.32857150
vt 0.66000010 0.32857140
vt 0.56000010 0.34285720
vt 0.60000000 0.34285720
vt 0.64000000 0.34285720
vt 0.56000010 0.35714280
vt 0.60000010 0.35714290
vt 0.56000000 0.37142860
vt 0.70000000 0.32857150
vt 0.66000000 0.34285720
vt 0.64000000 0.35714290
vt 0.60000000 0.37142860
vt 0.56000000 0.38571430
vt 0.70000000 0.34285720
vt 0.66000000 0.35714290
vt 0.64000000 0.37142860
vt 0.60000000 0.38571440
vt 0.56000000 0.40000000
vt 0.70000000 0.35714280
vt 0.66000010 0.37142850
vt 0.64000000 0.38571430
vt 0.60000010 0.40000000
vt 0.56000000 0.41428570
vt 0.70000000 0.37142860
vt 0.66000000 0.38571430
vt 0.64000000 0.40000000
vt 0.60000010 0.41428570
vt 0.56000010 0.42857130
vt 0.69999990 0.38571430
vt 0.66000000 0.40000000
vt 0.64000000 0.41428580
vt 0.60000000 0.42857150
vt 0.56000000 0.45714290
vt 0.70000000 0.40000000
vt 0.66000000 0.41428570
vt 0.64000010 0.42857140
vt 0.60000010 0.45714290
vt 0.56000000 0.47142860
vt 0.70000000 0.41428570
vt 0.66000000 0.42857140
vt 0.64000000 0.45714290
vt 0.60000000 0.47142860
vt 0.56000000 0.48571430
vt 0.69999990 0.42857140
vt 0.66000000 0.45714290
vt 0.64000010 0.47142860
vt 0.60000010 0.48571430
vt 0.56000000 0.50000010
vt 0.70000000 0.45714290
vt 0.66000000 0.47142860
vt 0.64000000 0.48571430
vt 0.60000000 0.50000000
vt 0.56000000 0.51428570
vt 0.70000000 0.47142860
vt 0.66000000 0.48571430
vt 0.64000000 0.50000010
vt 0.60000000 0.51428570
vt 0.56000000 0.52857150
vt 0.70000000 0.48571430
vt 0.66000000 0.50000010
vt 0.64000000 0.51428570
vt 0.60000000 0.52857140
vt 0.56000000 0.54285720
vt 0.70000010 0.50000000
vt 0.66000000 0.51428570
vt 0.64000010 0.52857140
vt 0.60000000 0.54285720
vt 0.56000010 0.55714290
vt 0.70000000 0.51428570
vt 0.66000000 0.52857150
vt 0.64000000 0.54285720
vt 0.60000000 0.55714290
vt 0.56000000 0.57142860
vt 0.70000000 0.52857150
vt 0.66000000 0.54285720
vt 0.64000000 0.55714290
vt 0.60000000 0.57142860
vt 0.56000010 0.58571430
vt 0.69999990 0.54285720
vt 0.66000000 0.55714290
vt 0.64000000 0.57142870
vt 0.60000000 0.58571430
vt 0.56000010 0.60000000
vt 0.70000000 0.55714290
vt 0.66000000 0.57142860
vt 0.64000000 0.58571430
vt 0.60000000 0.60000010
vt 0.56000010 0.61428580
vt 0.70000000 0.57142860
vt 0.66000000 0.58571430
vt 0.64000010 0.60000000
vt 0.60000000 0.61428570
vt 0.56000010 0.62857140
vt 0.70000000 0.58571430
vt 0.66000000 0.60000000
vt 0.64000000 0.61428570
vt 0.60000010 0.62857150
vt 0.56000010 0.64285720
vt 0.70000000 0.60000010
vt 0.66000000 0.61428570
vt 0.64000010 0.62857140
vt 0.60000000 0.64285720
vt 0.56000000 0.65714280
vt 0.70000000 0.61428570
vt 0.66000000 0.62857150
vt 0.64000000 0.64285710
vt 0.60000000 0.65714290
vt 0.56000000 0.67142860
vt 0.60000000 0.67142860
vt 0.64000000 0.65714290
vt 0.66000000 0.64285720
vt 0.64000010 0.68571420
vt 0.64000000 0.67142860
vt 0.66000000 0.65714290
vt 0.66000000 0.68571430
vt 0.66000000 0.67142860
vt 0.70000000 0.71428570
vt 0.70000000 0.68571430
vt 0.72000000 0.71428570
vt 0.70000000 0.67142860
vt 0.70000000 0.65714280
vt 0.74000000 0.71428570
vt 0.71999990 0.68571420
vt 0.72000010 0.67142860
vt 0.70000000 0.64285720
vt 0.74000000 0.68571420
vt 0.76000000 0.71428570
vt 0.72000000 0.65714290
vt 0.70000010 0.62857140
vt 0.74000010 0.67142860
vt 0.72000000 0.64285720
vt 0.72000010 0.62857150
vt 0.74000010 0.65714280
vt 0.76000000 0.68571430
vt 0.72000000 0.61428580
vt 0.74000000 0.64285710
vt 0.76000000 0.67142860
vt 0.74000000 0.62857140
vt 0.72000010 0.60000000
vt 0.76000010 0.65714290
vt 0.76000000 0.64285720
vt 0.74000010 0.61428570
vt 0.72000000 0.58571430
vt 0.76000000 0.62857140
vt 0.74000010 0.60000000
vt 0.72000010 0.57142860
vt 0.76000000 0.61428570
vt 0.74000010 0.58571430
vt 0.72000000 0.55714290
vt 0.76000000 0.60000000
vt 0.74000010 0.57142850
vt 0.72000000 0.54285720
vt 0.76000000 0.58571430
vt 0.74000000 0.55714290
vt 0.72000000 0.52857150
vt 0.76000000 0.57142860
vt 0.74000000 0.54285720
vt 0.72000010 0.51428570
vt 0.76000000 0.55714290
vt 0.74000010 0.52857140
vt 0.72000000 0.50000010
vt 0.76000010 0.54285720
vt 0.74000010 0.51428570
vt 0.72000010 0.48571430
vt 0.76000000 0.52857150
vt 0.74000000 0.50000010
vt 0.72000000 0.47142860
vt 0.76000000 0.51428570
vt 0.74000000 0.48571430
vt 0.72000010 0.45714280
vt 0.76000000 0.50000000
vt 0.74000010 0.47142860
vt 0.72000010 0.42857140
vt 0.76000010 0.48571430
vt 0.74000000 0.45714290
vt 0.72000010 0.41428570
vt 0.76000000 0.47142860
vt 0.74000010 0.42857140
vt 0.72000010 0.40000000
vt 0.76000000 0.45714290
vt 0.74000000 0.41428570
vt 0.72000010 0.38571430
vt 0.76000010 0.42857140
vt 0.74000000 0.40000000
vt 0.72000000 0.37142860
vt 0.76000000 0.41428570
vt 0.74000000 0.38571430
vt 0.72000010 0.35714290
vt 0.76000000 0.40000000
vt 0.74000000 0.37142850
vt 0.71999990 0.34285720
vt 0.76000010 0.38571430
vt 0.74000000 0.35714300
vt 0.72000000 0.32857150
vt 0.76000000 0.37142860
vt 0.74000010 0.34285720
vt 0.72000010 0.30000000
vt 0.74000000 0.32857140
vt 0.74000000 0.30000010
vt 0.76000000 0.35714290
vt 0.76000000 0.34285720
vt 0.76000000 0.32857150
vt 0.76000000 0.30000010
vt 0.78000000 0.32857140
vt 0.78000000 0.34285710
vt 0.78000000 0.35714290
vt 0.78000000 0.37142850
vt 0.80000000 0.32857150
vt 0.80000010 0.34285720
vt 0.82000000 0.34285720
vt 0.82000010 0.35714290
vt 0.80000000 0.35714290
vt 0.82000000 0.37142860
vt 0.80000000 0.37142860
vt 0.81999990 0.38571430
vt 0.80000000 0.38571430
vt 0.82000010 0.40000000
vt 0.78000000 0.38571430
vt 0.82000010 0.41428570
vt 0.80000000 0.40000000
vt 0.78000000 0.40000000
vt 0.81999990 0.42857140
vt 0.80000000 0.41428570
vt 0.78000000 0.41428570
vt 0.82000010 0.45714280
vt 0.80000000 0.42857140
vt 0.78000000 0.42857140
vt 0.82000000 0.47142860
vt 0.80000000 0.45714290
vt 0.78000000 0.45714290
vt 0.82000000 0.48571430
vt 0.80000000 0.47142860
vt 0.78000000 0.47142860
vt 0.81999990 0.50000010
vt 0.80000000 0.48571430
vt 0.78000000 0.48571430
vt 0.82000000 0.51428570
vt 0.80000010 0.50000000
vt 0.78000000 0.50000010
vt 0.82000000 0.52857140
vt 0.80000000 0.51428570
vt 0.78000000 0.51428570
vt 0.82000000 0.54285720
vt 0.80000000 0.52857150
vt 0.78000000 0.52857150
vt 0.81999990 0.55714290
vt 0.80000000 0.54285720
vt 0.78000000 0.54285720
vt 0.82000000 0.57142860
vt 0.80000010 0.55714290
vt 0.78000000 0.55714290
vt 0.81999990 0.58571430
vt 0.80000000 0.57142860
vt 0.78000000 0.57142860
vt 0.82000000 0.60000000
vt 0.80000010 0.58571430
vt 0.78000000 0.58571430
vt 0.82000010 0.61428570
vt 0.80000010 0.60000000
vt 0.78000000 0.60000000
vt 0.82000000 0.62857140
vt 0.80000000 0.61428570
vt 0.78000010 0.61428580
vt 0.82000000 0.64285720
vt 0.80000010 0.62857140
vt 0.78000000 0.62857150
vt 0.81999990 0.65714290
vt 0.80000000 0.64285720
vt 0.78000000 0.64285720
vt 0.82000000 0.67142860
vt 0.80000000 0.65714280
vt 0.78000000 0.65714290
vt 0.82000010 0.68571420
vt 0.80000000 0.67142860
vt 0.78000000 0.67142860
vt 0.81999990 0.71428570
vt 0.80000000 0.68571420
vt 0.78000000 0.68571430
vt 0.81999990 0.74285710
vt 0.80000000 0.71428570
vt 0.78000000 0.71428570
vt 0.80000000 0.74285710
vt 0.78000000 0.74285720
f 3/3/3 2/2/2 1/1/1
f 2/2/2 4/4/4 1/1/1
f 1/1/1 4/4/4 5/5/5
f 2/2/2 6/6/6 4/4/4
f 4/4/4 7/7/7 5/5/5
f 5/5/5 7/7/7 8/8/8
f 6/6/6 9/9/9 4/4/4
f 4/4/4 9/9/9 7/7/7
f 6/6/6 10/10/10 9/9/9
f 7/7/7 11/11/11 8/8/8
f 8/8/8 11/11/11 12/12/12
f 9/9/9 13/13/13 7/7/7
f 7/7/7 13/13/13 11/11/11
f 10/10/10 14/14/14 9/9/9
f 9/9/9 14/14/14 13/13/13
f 10/10/10 15/15/15 14/14/14
f 11/11/11 16/16/16 12/12/12
f 12/12/12 16/16/16 17/17/17
f 13/13/13 18/18/18 11/11/11
f 11/11/11 18/18/18 16/16/16
f 14/14/14 19/19/19 13/13/13
f 13/13/13 19/19/19 18/18/18
f 15/15/15 20/20/20 14/14/14
f 14/14/14 20/20/20 19/19/19
f 15/15/15 21/21/21 20/20/20
f 16/16/16 22/22/22 17/17/17
f 17/17/17 22/22/22 23/23/23
f 18/18/18 24/24/24 16/16/16
f 16/16/16 24/24/24 22/22/22
f 19/19/19 25/25/25 18/18/18
f 18/18/18 25/25/25 24/24/24
f 20/20/20 26/26/26 19/19/19
f 19/19/19 26/26/26 25/25/25
f 21/21/21 27/27/27 20/20/20
f 20/20/20 27/27/27 26/26/26
f 21/21/21 28/28/28 27/27/27
f 22/22/22 29/29/29 23/23/23
f 23/23/23 29/29/29 30/30/30
f 24/24/24 31/31/31 22/22/22
f 22/22/22 31/31/31 29/29/29
f 25/25/25 32/32/32 24/24/24
f 24/24/24 32/32/32 31/31/31
f 26/26/26 33/33/33 25/25/25
f 25/25/25 33/33/33 32/32/32
f 27/27/27 34/34/34 26/26/26
f 26/26/26 34/34/34 33/33/33
f 28/28/28 35/35/35 27/27/27
f 27/27/27 35/35/35 34/34/34
f 28/28/28 36/36/36 35/35/35
f 29/29/29 37/37/37 30/30/30
f 30/30/30 37/37/37 38/38/38
f 31/31/31 39/39/39 29/29/29
f 29/29/29 39/39/39 37/37/37
f 32/32/32 40/40/40 31/31/31
f 31/31/31 40/40/40 39/39/39
f 33/33/33 41/41/41 32/32/32
f 32/32/32 41/41/41 40/40/40
f 34/34/34 42/42/42 33/33/33
f 33/33/33 42/42/42 41/41/41
f 35/35/35 43/43/43 34/34/34
f 34/34/34 43/43/43 42/42/42
f 36/36/36 44/44/44 35/35/35
f 35/35/35 44/44/44 43/43/43
f 36/36/36 45/45/45 44/44/44
f 45/45/45 46/46/46 44/44/44
f 45/45/45 47/47/47 46/46/46
f 44/44/44 48/48/48 43/43/43
f 44/44/44 46/46/46 48/48/48
f 43/43/43 49/49/49 42/42/42
f 43/43/43 48/48/48 49/49/49
f 42/42/42 50/50/50 41/41/41
f 42/42/42 49/49/49 50/50/50
f 41/41/41 51/51/51 40/40/40
f 41/41/41 50/50/50 51/51/51
f 47/47/47 52/52/52 46/46/46
f 47/47/47 53/53/53 52/52/52
f 46/46/46 54/54/54 48/48/48
f 46/46/46 52/52/52 54/54/54
f 48/48/48 55/55/55 49/49/49
f 48/48/48 54/54/54 55/55/55
f 49/49/49 56/56/56 50/50/50
f 49/49/49 55/55/55 56/56/56
f 53/53/53 57/57/57 52/52/52
f 53/53/53 58/58/58 57/57/57
f 52/52/52 59/59/59 54/54/54
f 52/52/52 57/57/57 59/59/59
f 54/54/54 60/60/60 55/55/55
f 54/54/54 59/59/59 60/60/60
f 58/58/58 61/61/61 57/57/57
f 58/58/58 62/62/62 61/61/61
f 57/57/57 63/63/63 59/59/59
f 57/57/57 61/61/61 63/63/63
f 62/62/62 64/64/64 61/61/61
f 62/62/62 65/65/65 64/64/64
f 50/50/50 56/56/56 66/66/66
f 50/50/50 66/66/66 51/51/51
f 55/55/55 67/67/67 56/56/56
f 55/55/55 60/60/60 67/67/67
f 59/59/59 68/68/68 60/60/60
f 59/59/59 63/63/63 68/68/68
f 61/61/61 69/69/69 63/63/63
f 61/61/61 64/64/64 69/69/69
f 65/65/65 70/70/70 64/64/64
f 65/65/65 71/71/71 70/70/70
f 56/56/56 72/72/72 66/66/66
f 56/56/56 67/67/67 72/72/72
f 60/60/60 73/73/73 67/67/67
f 60/60/60 68/68/68 73/73/73
f 63/63/63 74/74/74 68/68/68
f 63/63/63 69/69/69 74/74/74
f 64/64/64 75/75/75 69/69/69
f 64/64/64 70/70/70 75/75/75
f 71/71/71 76/76/76 70/70/70
f 71/71/71 77/77/77 76/76/76
f 67/67/67 78/78/78 72/72/72
f 67/67/67 73/73/73 78/78/78
f 68/68/68 79/79/79 73/73/73
f 68/68/68 74/74/74 79/79/79
f 69/69/69 80/80/80 74/74/74
f 69/69/69 75/75/75 80/80/80
f 70/70/70 81/81/81 75/75/75
f 70/70/70 76/76/76 81/81/81
f 77/77/77 82/82/82 76/76/76
f 77/77/77 83/83/83 82/82/82
f 73/73/73 84/84/84 78/78/78
f 73/73/73 79/79/79 84/84/84
f 74/74/74 85/85/85 79/79/79
f 74/74/74 80/80/80 85/85/85
f 75/75/75 86/86/86 80/80/80
f 75/75/75 81/81/81 86/86/86
f 76/76/76 87/87/87 81/81/81
f 76/76/76 82/82/82 87/87/87
f 83/83/83 88/88/88 82/82/82
f 83/83/83 89/89/89 88/88/88
f 79/79/79 90/90/90 84/84/84
f 79/79/79 85/85/85 90/90/90
f 80/80/80 91/91/91 85/85/85
f 80/80/80 86/86/86 91/91/91
f 81/81/81 92/92/92 86/86/86
f 81/81/81 87/87/87 92/92/92
f 82/82/82 93/93/93 87/87/87
f 82/82/82 88/88/88 93/93/93
f 89/89/89 94/94/94 88/88/88
f 89/89/89 95/95/95 94/94/94
f 85/85/85 96/96/96 90/90/90
f 85/85/85 91/91/91 96/96/96
f 86/86/86 97/97/97 91/91/91
f 86/86/86 92/92/92 97/97/97
f 87/87/87 98/98/98 92/92/92
f 87/87/87 93/93/93 98/98/98
f 88/88/88 99/99/99 93/93/93
f 88/88/88 94/94/94 99/99/99
f 95/95/95 100/100/100 94/94/94
f 95/95/95 101/101/101 100/100/100
f 91/91/91 102/102/102 96/96/96
f 91/91/91 97/97/97 102/102/102
f 92/92/92 103/103/103 97/97/97
f 92/92/92 98/98/98 103/103/103
f 93/93/93 104/104/104 98/98/98
f 93/93/93 99/99/99 104/104/104
f 94/94/94 105/105/105 99/99/99
f 94/94/94 100/100/100 105/105/105
f 101/101/101 106/106/106 100/100/100
f 101/101/101 107/107/107 106/106/106
f 97/97/97 108/108/108 102/102/102
f 97/97/97 103/103/103 108/108/108
f 98/98/98 109/109/109 103/103/103
f 98/98/98 104/104/104 109/109/109
f 99/99/99 110/110/110 104/104/104
f 99/99/99 105/105/105 110/110/110
f 100/100/100 111/111/111 105/105/105
f 100/100/100 106/106/106 111/111/111
f 107/107/107 112/112/112 106/106/106
f 107/107/107 113/113/113 112/112/112
f 103/103/103 114/114/114 108/108/108
f 103/103/103 109/109/109 114/114/114
f 104/104/104 115/115/115 109/109/109
f 104/104/104 110/110/110 115/115/115
f 105/105/105 116/116/116 110/110/110
f 105/105/105 111/111/111 116/116/116
f 106/106/106 117/117/117 111/111/111
f 106/106/106 112/112/112 117/117/117
f 113/113/113 118/118/118 112/112/112
f 113/113/113 119/119/119 118/118/118
f 109/109/109 120/120/120 114/114/114
f 109/109/109 115/115/115 120/120/120
f 110/110/110 121/121/121 115/115/115
f 110/110/110 116/116/116 121/121/121
f 111/111/111 122/122/122 116/116/116
f 111/111/111 117/117/117 122/122/122
f 112/112/112 123/123/123 117/117/117
f 112/112/112 118/118/118 123/123/123
f 119/119/119 124/124/124 118/118/118
f 119/119/119 125/125/125 124/124/124
f 115/115/115 126/126/126 120/120/120
f 115/115/115 121/121/121 126/126/126
f 116/116/116 127/127/127 121/121/121
f 116/116/116 122/122/122 127/127/127
f 117/117/117 128/128/128 122/122/122
f 117/117/117 123/123/123 128/128/128
f 118/118/118 129/129/129 123/123/123
f 118/118/118 124/124/124 129/129/129
f 125/125/125 130/130/130 124/124/124
f 125/125/125 131/131/131 130/130/130
f 121/121/121 132/132/132 126/126/126
f 121/121/121 127/127/127 132/132/132
f 122/122/122 133/133/133 127/127/127
f 122/122/122 128/128/128 133/133/133
f 123/123/123 134/134/134 128/128/128
f 123/123/123 129/129/129 134/134/134
f 124/124/124 135/135/135 129/129/129
f 124/124/124 130/130/130 135/135/135
f 131/131/131 136/136/136 130/130/130
f 131/131/131 137/137/137 136/136/136
f 127/127/127 138/138/138 132/132/132
f 127/127/127 133/133/133 138/138/138
f 128/128/128 139/139/139 133/133/133
f 128/128/128 134/134/134 139/139/139
f 129/129/129 140/140/140 134/134/134
f 129/129/129 135/135/135 140/140/140
f 130/130/130 141/141/141 135/135/135
f 130/130/130 136/136/136 141/141/141
f 137/137/137 142/142/142 136/136/136
f 137/137/137 143/143/143 142/142/142
f 133/133/133 144/144/144 138/138/138
f 133/133/133 139/139/139 144/144/144
f 134/134/134 145/145/145 139/139/139
f 134/134/134 140/140/140 145/145/145
f 135/135/135 146/146/146 140/140/140
f 135/135/135 141/141/141 146/146/146
f 136/136/136 147/147/147 141/141/141
f 136/136/136 142/142/142 147/147/147
f 143/143/143 148/148/148 142/142/142
f 143/143/143 149/149/149 148/148/148
f 139/139/139 150/150/150 144/144/144
f 139/139/139 145/145/145 150/150/150
f 140/140/140 151/151/151 145/145/145
f 140/140/140 146/146/146 151/151/151
f 141/141/141 152/152/152 146/146/146
f 141/141/141 147/147/147 152/152/152
f 142/142/142 153/153/153 147/147/147
f 142/142/142 148/148/148 153/153/153
f 149/149/149 154/154/154 148/148/148
f 149/149/149 155/155/155 154/154/154
f 145/145/145 156/156/156 150/150/150
f 145/145/145 151/151/151 156/156/156
f 146/146/146 157/157/157 151/151/151
f 146/146/146 152/152/152 157/157/157
f 147/147/147 158/158/158 152/152/152
f 147/147/147 153/153/153 158/158/158
f 148/148/148 159/159/159 153/153/153
f 148/148/148 154/154/154 159/159/159
f 155/155/155 160/160/160 154/154/154
f 155/155/155 161/161/161 160/160/160
f 151/151/151 162/162/162 156/156/156
f 151/151/151 157/157/157 162/162/162
f 152/152/152 163/163/163 157/157/157
f 152/152/152 158/158/158 163/163/163
f 153/153/153 164/164/164 158/158/158
f 153/153/153 159/159/159 164/164/164
f 154/154/154 165/165/165 159/159/159
f 154/154/154 160/160/160 165/165/165
f 161/161/161 166/166/166 160/160/160
f 161/161/161 167/167/167 166/166/166
f 157/157/157 168/168/168 162/162/162
f 157/157/157 163/163/163 168/168/168
f 158/158/158 169/169/169 163/163/163
f 158/158/158 164/164/164 169/169/169
f 159/159/159 170/170/170 164/164/164
f 159/159/159 165/165/165 170/170/170
f 160/160/160 171/171/171 165/165/165
f 160/160/160 166/166/166 171/171/171
f 167/167/167 172/172/172 166/166/166
f 167/167/167 173/173/173 172/172/172
f 163/163/163 174/174/174 168/168/168
f 163/163/163 169/169/169 174/174/174
f 164/164/164 175/175/175 169/169/169
f 164/164/164 170/170/170 175/175/175
f 165/165/165 176/176/176 170/170/170
f 165/165/165 171/171/171 176/176/176
f 166/166/166 177/177/177 171/171/171
f 166/166/166 172/172/172 177/177/177
f 173/173/173 178/178/178 172/172/172
f 173/173/173 179/179/179 178/178/178
f 169/169/169 180/180/180 174/174/174
f 169/169/169 175/175/175 180/180/180
f 170/170/170 181/181/181 175/175/175
f 170/170/170 176/176/176 181/181/181
f 171/171/171 182/182/182 176/176/176
f 171/171/171 177/177/177 182/182/182
f 172/172/172 183/183/183 177/177/177
f 172/172/172 178/178/178 183/183/183
f 179/179/179 184/184/184 178/178/178
f 179/179/179 185/185/185 184/184/184
f 175/175/175 186/186/186 180/180/180
f 175/175/175 181/181/181 186/186/186
f 176/176/176 187/187/187 181/181/181
f 176/176/176 182/182/182 187/187/187
f 177/177/177 188/188/188 182/182/182
f 177/177/177 183/183/183 188/188/188
f 178/178/178 189/189/189 183/183/183
f 178/178/178 184/184/184 189/189/189
f 185/185/185 190/190/190 184/184/184
f 185/185/185 191/191/191 190/190/190
f 181/181/181 192/192/192 186/186/186
f 181/181/181 187/187/187 192/192/192
f 182/182/182 193/193/193 187/187/187
f 182/182/182 188/188/188 193/193/193
f 183/183/183 194/194/194 188/188/188
f 183/183/183 189/189/189 194/194/194
f 184/184/184 195/195/195 189/189/189
f 184/184/184 190/190/190 195/195/195
f 191/191/191 196/196/196 190/190/190
f 191/191/191 197/197/197 196/196/196
f 187/187/187 198/198/198 192/192/192
f 187/187/187 193/193/193 198/198/198
f 188/188/188 199/199/199 193/193/193
f 188/188/188 194/194/194 199/199/199
f 189/189/189 200/200/200 194/194/194
f 189/189/189 195/195/195 200/200/200
f 190/190/190 201/201/201 195/195/195
f 190/190/190 196/196/196 201/201/201
f 197/197/197 202/202/202 196/196/196
f 197/197/197 203/203/203 202/202/202
f 193/193/193 204/204/204 198/198/198
f 193/193/193 199/199/199 204/204/204
f 194/194/194 205/205/205 199/199/199
f 194/194/194 200/200/200 205/205/205
f 195/195/195 206/206/206 200/200/200
f 195/195/195 201/201/201 206/206/206
f 196/196/196 207/207/207 201/201/201
f 196/196/196 202/202/202 207/207/207
f 203/203/203 208/208/208 202/202/202
f 203/203/203 209/209/209 208/208/208
f 199/199/199 210/210/210 204/204/204
f 199/199/199 205/205/205 210/210/210
f 200/200/200 211/211/211 205/205/205
f 200/200/200 206/206/206 211/211/211
f 201/201/201 212/212/212 206/206/206
f 201/201/201 207/207/207 212/212/212
f 202/202/202 213/213/213 207/207/207
f 202/202/202 208/208/208 213/213/213
f 209/209/209 214/214/214 208/208/208
f 209/209/209 215/215/215 214/214/214
f 205/205/205 216/216/216 210/210/210
f 205/205/205 211/211/211 216/216/216
f 206/206/206 217/217/217 211/211/211
f 206/206/206 212/212/212 217/217/217
f 207/207/207 218/218/218 212/212/212
f 207/207/207 213/213/213 218/218/218
f 208/208/208 219/219/219 213/213/213
f 208/208/208 214/214/214 219/219/219
f 215/215/215 220/220/220 214/214/214
f 215/215/215 221/221/221 220/220/220
f 211/211/211 222/222/222 216/216/216
f 211/211/211 217/217/217 222/222/222
f 212/212/212 223/223/223 217/217/217
f 212/212/212 218/218/218 223/223/223
f 213/213/213 224/224/224 218/218/218
f 213/213/213 219/219/219 224/224/224
f 214/214/214 225/225/225 219/219/219
f 214/214/214 220/220/220 225/225/225
f 221/221/221 226/226/226 220/220/220
f 221/221/221 227/227/227 226/226/226
f 217/217/217 228/228/228 222/222/222
f 217/217/217 223/223/223 228/228/228
f 218/218/218 229/229/229 223/223/223
f 218/218/218 224/224/224 229/229/229
f 219/219/219 230/230/230 224/224/224
f 219/219/219 225/225/225 230/230/230
f 220/220/220 231/231/231 225/225/225
f 220/220/220 226/226/226 231/231/231
f 227/227/227 232/232/232 226/226/226
f 227/227/227 233/233/233 232/232/232
f 223/223/223 234/234/234 228/228/228
f 223/223/223 229/229/229 234/234/234
f 224/224/224 235/235/235 229/229/229
f 224/224/224 230/230/230 235/235/235
f 225/225/225 236/236/236 230/230/230
f 225/225/225 231/231/231 236/236/236
f 226/226/226 237/237/237 231/231/231
f 226/226/226 232/232/232 237/237/237
f 233/233/233 238/238/238 232/232/232
f 233/233/233 239/239/239 238/238/238
f 229/229/229 240/240/240 234/234/234
f 229/229/229 235/235/235 240/240/240
f 230/230/230 241/241/241 235/235/235
f 230/230/230 236/236/236 241/241/241
f 231/231/231 242/242/242 236/236/236
f 231/231/231 237/237/237 242/242/242
f 232/232/232 243/243/243 237/237/237
f 232/232/232 238/238/238 243/243/243
f 239/239/239 244/244/244 238/238/238
f 239/239/239 245/245/245 244/244/244
f 235/235/235 246/246/246 240/240/240
f 235/235/235 241/241/241 246/246/246
f 236/236/236 247/247/247 241/241/241
f 236/236/236 242/242/242 247/247/247
f 237/237/237 248/248/248 242/242/242
f 237/237/237 243/243/243 248/248/248
f 238/238/238 249/249/249 243/243/243
f 238/238/238 244/244/244 249/249/249
f 245/245/245 250/250/250 244/244/244
f 245/245/245 251/251/251 250/250/250
f 241/241/241 252/252/252 246/246/246
f 241/241/241 247/247/247 252/252/252
f 242/242/242 253/253/253 247/247/247
f 242/242/242 248/248/248 253/253/253
f 243/243/243 254/254/254 248/248/248
f 243/243/243 249/249/249 254/254/254
f 244/244/244 255/255/255 249/249/249
f 244/244/244 250/250/250 255/255/255
f 251/251/251 256/256/256 250/250/250
f 251/251/251 257/257/257 256/256/256
f 247/247/247 258/258/258 252/252/252
f 247/247/247 253/253/253 258/258/258
f 248/248/248 259/259/259 253/253/253
f 248/248/248 254/254/254 259/259/259
f 249/249/249 260/260/260 254/254/254
f 249/249/249 255/255/255 260/260/260
f 250/250/250 261/261/261 255/255/255
f 250/250/250 256/256/256 261/261/261
f 257/257/257 262/262/262 256/256/256
f 257/257/257 263/263/263 262/262/262
f 253/253/253 264/264/264 258/258/258
f 253/253/253 259/259/259 264/264/264
f 254/254/254 265/265/265 259/259/259
f 254/254/254 260/260/260 265/265/265
f 255/255/255 266/266/266 260/260/260
f 255/255/255 261/261/261 266/266/266
f 256/256/256 267/267/267 261/261/261
f 256/256/256 262/262/262 267/267/267
f 263/263/263 268/268/268 262/262/262
f 263/263/263 269/269/269 268/268/268
f 259/259/259 270/270/270 264/264/264
f 259/259/259 265/265/265 270/270/270
f 260/260/260 271/271/271 265/265/265
f 260/260/260 266/266/266 271/271/271
f 261/261/261 272/272/272 266/266/266
f 261/261/261 267/267/267 272/272/272
f 262/262/262 273/273/273 267/267/267
f 262/262/262 268/268/268 273/273/273
f 269/269/269 274/274/274 268/268/268
f 269/269/269 275/275/275 274/274/274
f 265/265/265 276/276/276 270/270/270
f 265/265/265 271/271/271 276/276/276
f 266/266/266 277/277/277 271/271/271
f 266/266/266 272/272/272 277/277/277
f 267/267/267 278/278/278 272/272/272
f 267/267/267 273/273/273 278/278/278
f 268/268/268 279/279/279 273/273/273
f 268/268/268 274/274/274 279/279/279
f 275/275/275 280/280/280 274/274/274
f 275/275/275 281/281/281 280/280/280
f 281/281/281 282/282/282 280/280/280
f 274/274/274 280/280/280 283/283/283
f 274/274/274 283/283/283 279/279/279
f 280/280/280 282/282/282 284/284/284
f 280/280/280 284/284/284 283/283/283
f 282/282/282 285/285/285 284/284/284
f 273/273/273 279/279/279 286/286/286
f 273/273/273 286/286/286 278/278/278
f 272/272/272 278/278/278 287/287/287
f 272/272/272 287/287/287 277/277/277
f 279/279/279 283/283/283 288/288/288
f 279/279/279 288/288/288 286/286/286
f 283/283/283 284/284/284 289/289/289
f 283/283/283 289/289/289 288/288/288
f 284/284/284 285/285/285 290/290/290
f 284/284/284 290/290/290 289/289/289
f 285/285/285 291/291/291 290/290/290
f 278/278/278 286/286/286 292/292/292
f 278/278/278 292/292/292 287/287/287
f 286/286/286 288/288/288 293/293/293
f 286/286/286 293/293/293 292/292/292
f 288/288/288 289/289/289 294/294/294
f 288/288/288 294/294/294 293/293/293
f 289/289/289 290/290/290 295/295/295
f 289/289/289 295/295/295 294/294/294
f 290/290/290 291/291/291 296/296/296
f 290/290/290 296/296/296 295/295/295
f 291/291/291 297/297/297 296/296/296
f 296/296/296 297/297/297 298/298/298
f 297/297/297 299/299/299 298/298/298
f 295/295/295 296/296/296 300/300/300
f 296/296/296 298/298/298 300/300/300
f 294/294/294 295/295/295 301/301/301
f 295/295/295 300/300/300 301/301/301
f 293/293/293 294/294/294 302/302/302
f 294/294/294 301/301/301 302/302/302
f 292/292/292 293/293/293 303/303/303
f 293/293/293 302/302/302 303/303/303
f 298/298/298 299/299/299 304/304/304
f 299/299/299 305/305/305 304/304/304
f 300/300/300 298/298/298 306/306/306
f 298/298/298 304/304/304 306/306/306
f 301/301/301 300/300/300 307/307/307
f 300/300/300 306/306/306 307/307/307
f 302/302/302 301/301/301 308/308/308
f 301/301/301 307/307/307 308/308/308
f 304/304/304 305/305/305 309/309/309
f 305/305/305 310/310/310 309/309/309
f 306/306/306 304/304/304 311/311/311
f 304/304/304 309/309/309 311/311/311
f 307/307/307 306/306/306 312/312/312
f 306/306/306 311/311/311 312/312/312
f 309/309/309 310/310/310 313/313/313
f 310/310/310 314/314/314 313/313/313
f 311/311/311 309/309/309 315/315/315
f 309/309/309 313/313/313 315/315/315
f 313/313/313 314/314/314 316/316/316
f 314/314/314 317/317/317 316/316/316
f 302/302/302 308/308/308 318/318/318
f 303/303/303 302/302/302 318/318/318
f 308/308/308 307/307/307 319/319/319
f 307/307/307 312/312/312 319/319/319
f 312/312/312 311/311/311 320/320/320
f 311/311/311 315/315/315 320/320/320
f 315/315/315 313/313/313 321/321/321
f 313/313/313 316/316/316 321/321/321
f 316/316/316 317/317/317 322/322/322
f 317/317/317 323/323/323 322/322/322
f 318/318/318 308/308/308 324/324/324
f 308/308/308 319/319/319 324/324/324
f 319/319/319 312/312/312 325/325/325
f 312/312/312 320/320/320 325/325/325
f 320/320/320 315/315/315 326/326/326
f 315/315/315 321/321/321 326/326/326
f 321/321/321 316/316/316 327/327/327
f 316/316/316 322/322/322 327/327/327
f 322/322/322 323/323/323 328/328/328
f 323/323/323 329/329/329 328/328/328
f 324/324/324 319/319/319 330/330/330
f 319/319/319 325/325/325 330/330/330
f 325/325/325 320/320/320 331/331/331
f 320/320/320 326/326/326 331/331/331
f 326/326/326 321/321/321 332/332/332
f 321/321/321 327/327/327 332/332/332
f 327/327/327 322/322/322 333/333/333
f 322/322/322 328/328/328 333/333/333
f 328/328/328 329/329/329 334/334/334
f 329/329/329 335/335/335 334/334/334
f 330/330/330 325/325/325 336/336/336
f 325/325/325 331/331/331 336/336/336
f 331/331/331 326/326/326 337/337/337
f 326/326/326 332/332/332 337/337/337
f 332/332/332 327/327/327 338/338/338
f 327/327/327 333/333/333 338/338/338
f 333/333/333 328/328/328 339/339/339
f 328/328/328 334/334/334 339/339/339
f 334/334/334 335/335/335 340/340/340
f 335/335/335 341/341/341 340/340/340
f 336/336/336 331/331/331 342/342/342
f 331/331/331 337/337/337 342/342/342
f 337/337/337 332/332/332 343/343/343
f 332/332/332 338/338/338 343/343/343
f 338/338/338 333/333/333 344/344/344
f 333/333/333 339/339/339 344/344/344
f 339/339/339 334/334/334 345/345/345
f 334/334/334 340/340/340 345/345/345
f 340/340/340 341/341/341 346/346/346
f 341/341/341 347/347/347 346/346/346
f 342/342/342 337/337/337 348/348/348
f 337/337/337 343/343/343 348/348/348
f 343/343/343 338/338/338 349/349/349
f 338/338/338 344/344/344 349/349/349
f 344/344/344 339/339/339 350/350/350
f 339/339/339 345/345/345 350/350/350
f 345/345/345 340/340/340 351/351/351
f 340/340/340 346/346/346 351/351/351
f 346/346/346 347/347/347 352/352/352
f 347/347/347 353/353/353 352/352/352
f 348/348/348 343/343/343 354/354/354
f 343/343/343 349/349/349 354/354/354
f 349/349/349 344/344/344 355/355/355
f 344/344/344 350/350/350 355/355/355
f 350/350/350 345/345/345 356/356/356
f 345/345/345 351/351/351 356/356/356
f 351/351/351 346/346/346 357/357/357
f 346/346/346 352/352/352 357/357/357
f 352/352/352 353/353/353 358/358/358
f 353/353/353 359/359/359 358/358/358
f 354/354/354 349/349/349 360/360/360
f 349/349/349 355/355/355 360/360/360
f 355/355/355 350/350/350 361/361/361
f 350/350/350 356/356/356 361/361/361
f 356/356/356 351/351/351 362/362/362
f 351/351/351 357/357/357 362/362/362
f 357/357/357 352/352/352 363/363/363
f 352/352/352 358/358/358 363/363/363
f 358/358/358 359/359/359 364/364/364
f 359/359/359 365/365/365 364/364/364
f 360/360/360 355/355/355 366/366/366
f 355/355/355 361/361/361 366/366/366
f 361/361/361 356/356/356 367/367/367
f 356/356/356 362/362/362 367/367/367
f 362/362/362 357/357/357 368/368/368
f 357/357/357 363/363/363 368/368/368
f 363/363/363 358/358/358 369/369/369
f 358/358/358 364/364/364 369/369/369
f 364/364/364 365/365/365 370/370/370
f 365/365/365 371/371/371 370/370/370
f 366/366/366 361/361/361 372/372/372
f 361/361/361 367/367/367 372/372/372
f 367/367/367 362/362/362 373/373/373
f 362/362/362 368/368/368 373/373/373
f 368/368/368 363/363/363 374/374/374
f 363/363/363 369/369/369 374/374/374
f 369/369/369 364/364/364 375/375/375
f 364/364/364 370/370/370 375/375/375
f 370/370/370 371/371/371 376/376/376
f 371/371/371 377/377/377 376/376/376
f 372/372/372 367/367/367 378/378/378
f 367/367/367 373/373/373 378/378/378
f 373/373/373 368/368/368 379/379/379
f 368/368/368 374/374/374 379/379/379
f 374/374/374 369/369/369 380/380/380
f 369/369/369 375/375/375 380/380/380
f 375/375/375 370/370/370 381/381/381
f 370/370/370 376/376/376 381/381/381
f 376/376/376 377/377/377 382/382/382
f 377/377/377 383/383/383 382/382/382
f 378/378/378 373/373/373 384/384/384
f 373/373/373 379/379/379 384/384/384
f 379/379/379 374/374/374 385/385/385
f 374/374/374 380/380/380 385/385/385
f 380/380/380 375/375/375 386/386/386
f 375/375/375 381/381/381 386/386/386
f 381/381/381 376/376/376 387/387/387
f 376/376/376 382/382/382 387/387/387
f 382/382/382 383/383/383 388/388/388
f 383/383/383 389/389/389 388/388/388
f 384/384/384 379/379/379 390/390/390
f 379/379/379 385/385/385 390/390/390
f 385/385/385 380/380/380 391/391/391
f 380/380/380 386/386/386 391/391/391
f 386/386/386 381/381/381 392/392/392
f 381/381/381 387/387/387 392/392/392
f 387/387/387 382/382/382 393/393/393
f 382/382/382 388/388/388 393/393/393
f 388/388/388 389/389/389 394/394/394
f 389/389/389 395/395/395 394/394/394
f 390/390/390 385/385/385 396/396/396
f 385/385/385 391/391/391 396/396/396
f 391/391/391 386/386/386 397/397/397
f 386/386/386 392/392/392 397/397/397
f 392/392/392 387/387/387 398/398/398
f 387/387/387 393/393/393 398/398/398
f 393/393/393 388/388/388 399/399/399
f 388/388/388 394/394/394 399/399/399
f 394/394/394 395/395/395 400/400/400
f 395/395/395 401/401/401 400/400/400
f 396/396/396 391/391/391 402/402/402
f 391/391/391 397/397/397 402/402/402
f 397/397/397 392/392/392 403/403/403
f 392/392/392 398/398/398 403/403/403
f 398/398/398 393/393/393 404/404/404
f 393/393/393 399/399/399 404/404/404
f 399/399/399 394/394/394 405/405/405
f 394/394/394 400/400/400 405/405/405
f 400/400/400 401/401/401 406/406/406
f 401/401/401 407/407/407 406/406/406
f 402/402/402 397/397/397 408/408/408
f 397/397/397 403/403/403 408/408/408
f 403/403/403 398/398/398 409/409/409
f 398/398/398 404/404/404 409/409/409
f 404/404/404 399/399/399 410/410/410
f 399/399/399 405/405/405 410/410/410
f 405/405/405 400/400/400 411/411/411
f 400/400/400 406/406/406 411/411/411
f 406/406/406 407/407/407 412/412/412
f 407/407/407 413/413/413 412/412/412
f 408/408/408 403/403/403 414/414/414
f 403/403/403 409/409/409 414/414/414
f 409/409/409 404/404/404 415/415/415
f 404/404/404 410/410/410 415/415/415
f 410/410/410 405/405/405 416/416/416
f 405/405/405 411/411/411 416/416/416
f 411/411/411 406/406/406 417/417/417
f 406/406/406 412/412/412 417/417/417
f 412/412/412 413/413/413 418/418/418
f 413/413/413 419/419/419 418/418/418
f 418/418/418 419/419/419 420/420/420
f 419/419/419 421/421/421 420/420/420
f 418/418/418 420/420/420 422/422/422
f 412/412/412 418/418/418 423/423/423
f 423/423/423 418/418/418 422/422/422
f 417/417/417 412/412/412 423/423/423
f 423/423/423 422/422/422 424/424/424
f 425/425/425 423/423/423 424/424/424
f 417/417/417 423/423/423 425/425/425
f 425/425/425 424/424/424 426/426/426
f 411/411/411 417/417/417 427/427/427
f 427/427/427 417/417/417 425/425/425
f 416/416/416 411/411/411 427/427/427
f 428/428/428 425/425/425 426/426/426
f 427/427/427 425/425/425 428/428/428
f 428/428/428 426/426/426 429/429/429
f 416/416/416 427/427/427 430/430/430
f 430/430/430 427/427/427 428/428/428
f 431/431/431 428/428/428 429/429/429
f 430/430/430 428/428/428 431/431/431
f 431/431/431 429/429/429 432/432/432
f 433/433/433 416/416/416 430/430/430
f 410/410/410 416/416/416 433/433/433
f 415/415/415 410/410/410 433/433/433
f 434/434/434 431/431/431 432/432/432
f 434/434/434 432/432/432 435/435/435
f 436/436/436 430/430/430 431/431/431
f 433/433/433 430/430/430 436/436/436
f 436/436/436 431/431/431 434/434/434
f 415/415/415 433/433/433 437/437/437
f 437/437/437 433/433/433 436/436/436
f 438/438/438 434/434/434 435/435/435
f 438/438/438 435/435/435 439/439/439
f 440/440/440 436/436/436 434/434/434
f 437/437/437 436/436/436 440/440/440
f 440/440/440 434/434/434 438/438/438
f 441/441/441 415/415/415 437/437/437
f 409/409/409 415/415/415 441/441/441
f 414/414/414 409/409/409 441/441/441
f 442/442/442 438/438/438 439/439/439
f 442/442/442 439/439/439 443/443/443
f 444/444/444 440/440/440 438/438/438
f 444/444/444 438/438/438 442/442/442
f 445/445/445 437/437/437 440/440/440
f 441/441/441 437/437/437 445/445/445
f 445/445/445 440/440/440 444/444/444
f 414/414/414 441/441/441 446/446/446
f 446/446/446 441/441/441 445/445/445
f 447/447/447 442/442/442 443/443/443
f 447/447/447 443/443/443 448/448/448
f 449/449/449 444/444/444 442/442/442
f 449/449/449 442/442/442 447/447/447
f 450/450/450 445/445/445 444/444/444
f 446/446/446 445/445/445 450/450/450
f 450/450/450 444/444/444 449/449/449
f 451/451/451 414/414/414 446/446/446
f 408/408/408 414/414/414 451/451/451
f 452/452/452 447/447/447 448/448/448
f 452/452/452 448/448/448 453/453/453
f 454/454/454 449/449/449 447/447/447
f 454/454/454 447/447/447 452/452/452
f 455/455/455 450/450/450 449/449/449
f 455/455/455 449/449/449 454/454/454
f 456/456/456 446/446/446 450/450/450
f 451/451/451 446/446/446 456/456/456
f 456/456/456 450/450/450 455/455/455
f 457/457/457 408/408/408 451/451/451
f 402/402/402 408/408/408 457/457/457
f 458/458/458 452/452/452 453/453/453
f 458/458/458 453/453/453 459/459/459
f 460/460/460 454/454/454 452/452/452
f 460/460/460 452/452/452 458/458/458
f 461/461/461 455/455/455 454/454/454
f 461/461/461 454/454/454 460/460/460
f 462/462/462 456/456/456 455/455/455
f 462/462/462 455/455/455 461/461/461
f 463/463/463 451/451/451 456/456/456
f 457/457/457 451/451/451 463/463/463
f 463/463/463 456/456/456 462/462/462
f 464/464/464 402/402/402 457/457/457
f 396/396/396 402/402/402 464/464/464
f 465/465/465 458/458/458 459/459/459
f 465/465/465 459/459/459 466/466/466
f 467/467/467 460/460/460 458/458/458
f 467/467/467 458/458/458 465/465/465
f 468/468/468 461/461/461 460/460/460
f 468/468/468 460/460/460 467/467/467
f 469/469/469 462/462/462 461/461/461
f 469/469/469 461/461/461 468/468/468
f 470/470/470 463/463/463 462/462/462
f 470/470/470 462/462/462 469/469/469
f 471/471/471 457/457/457 463/463/463
f 471/471/471 463/463/463 470/470/470
f 464/464/464 457/457/457 471/471/471
f 472/472/472 396/396/396 464/464/464
f 390/390/390 396/396/396 472/472/472
f 473/473/473 464/464/464 471/471/471
f 472/472/472 464/464/464 473/473/473
f 474/474/474 471/471/471 470/470/470
f 473/473/473 471/471/471 474/474/474
f 475/475/475 470/470/470 469/469/469
f 474/474/474 470/470/470 475/475/475
f 476/476/476 469/469/469 468/468/468
f 475/475/475 469/469/469 476/476/476
f 477/477/477 390/390/390 472/472/472
f 384/384/384 390/390/390 477/477/477
f 478/478/478 472/472/472 473/473/473
f 477/477/477 472/472/472 478/478/478
f 479/479/479 473/473/473 474/474/474
f 478/478/478 473/473/473 479/479/479
f 480/480/480 474/474/474 475/475/475
f 479/479/479 474/474/474 480/480/480
f 481/481/481 384/384/384 477/477/477
f 378/378/378 384/384/384 481/481/481
f 482/482/482 477/477/477 478/478/478
f 481/481/481 477/477/477 482/482/482
f 483/483/483 478/478/478 479/479/479
f 482/482/482 478/478/478 483/483/483
f 484/484/484 378/378/378 481/481/481
f 372/372/372 378/378/378 484/484/484
f 485/485/485 481/481/481 482/482/482
f 484/484/484 481/481/481 485/485/485
f 486/486/486 372/372/372 484/484/484
f 366/366/366 372/372/372 486/486/486
f 480/480/480 475/475/475 487/487/487
f 487/487/487 475/475/475 476/476/476
f 488/488/488 479/479/479 480/480/480
f 483/483/483 479/479/479 488/488/488
f 489/489/489 482/482/482 483/483/483
f 485/485/485 482/482/482 489/489/489
f 490/490/490 484/484/484 485/485/485
f 486/486/486 484/484/484 490/490/490
f 491/491/491 366/366/366 486/486/486
f 360/360/360 366/366/366 491/491/491
f 492/492/492 480/480/480 487/487/487
f 488/488/488 480/480/480 492/492/492
f 493/493/493 483/483/483 488/488/488
f 489/489/489 483/483/483 493/493/493
f 494/494/494 485/485/485 489/489/489
f 490/490/490 485/485/485 494/494/494
f 495/495/495 486/486/486 490/490/490
f 491/491/491 486/486/486 495/495/495
f 496/496/496 360/360/360 491/491/491
f 354/354/354 360/360/360 496/496/496
f 497/497/497 488/488/488 492/492/492
f 493/493/493 488/488/488 497/497/497
f 498/498/498 489/489/489 493/493/493
f 494/494/494 489/489/489 498/498/498
f 499/499/499 490/490/490 494/494/494
f 495/495/495 490/490/490 499/499/499
f 500/500/500 491/491/491 495/495/495
f 496/496/496 491/491/491 500/500/500
f 501/501/501 354/354/354 496/496/496
f 348/348/348 354/354/354 501/501/501
f 502/502/502 493/493/493 497/497/497
f 498/498/498 493/493/493 502/502/502
f 503/503/503 494/494/494 498/498/498
f 499/499/499 494/494/494 503/503/503
f 504/504/504 495/495/495 499/499/499
f 500/500/500 495/495/495 504/504/504
f 505/505/505 496/496/496 500/500/500
f 501/501/501 496/496/496 505/505/505
f 506/506/506 348/348/348 501/501/501
f 342/342/342 348/348/348 506/506/506
f 507/507/507 498/498/498 502/502/502
f 503/503/503 498/498/498 507/507/507
f 508/508/508 499/499/499 503/503/503
f 504/504/504 499/499/499 508/508/508
f 509/509/509 500/500/500 504/504/504
f 505/505/505 500/500/500 509/509/509
f 510/510/510 501/501/501 505/505/505
f 506/506/506 501/501/501 510/510/510
f 511/511/511 342/342/342 506/506/506
f 336/336/336 342/342/342 511/511/511
f 512/512/512 503/503/503 507/507/507
f 508/508/508 503/503/503 512/512/512
f 513/513/513 504/504/504 508/508/508
f 509/509/509 504/504/504 513/513/513
f 514/514/514 505/505/505 509/509/509
f 510/510/510 505/505/505 514/514/514
f 515/515/515 506/506/506 510/510/510
f 511/511/511 506/506/506 515/515/515
f 516/516/516 336/336/336 511/511/511
f 330/330/330 336/336/336 516/516/516
f 517/517/517 508/508/508 512/512/512
f 513/513/513 508/508/508 517/517/517
f 518/518/518 509/509/509 513/513/513
f 514/514/514 509/509/509 518/518/518
f 519/519/519 510/510/510 514/514/514
f 515/515/515 510/510/510 519/519/519
f 520/520/520 511/511/511 515/515/515
f 516/516/516 511/511/511 520/520/520
f 521/521/521 330/330/330 516/516/516
f 324/324/324 330/330/330 521/521/521
f 522/522/522 513/513/513 517/517/517
f 518/518/518 513/513/513 522/522/522
f 523/523/523 514/514/514 518/518/518
f 519/519/519 514/514/514 523/523/523
f 524/524/524 515/515/515 519/519/519
f 520/520/520 515/515/515 524/524/524
f 525/525/525 516/516/516 520/520/520
f 521/521/521 516/516/516 525/525/525
f 526/526/526 324/324/324 521/521/521
f 318/318/318 324/324/324 526/526/526
f 527/527/527 518/518/518 522/522/522
f 523/523/523 518/518/518 527/527/527
f 528/528/528 519/519/519 523/523/523
f 524/524/524 519/519/519 528/528/528
f 529/529/529 520/520/520 524/524/524
f 525/525/525 520/520/520 529/529/529
f 530/530/530 521/521/521 525/525/525
f 526/526/526 521/521/521 530/530/530
f 531/531/531 318/318/318 526/526/526
f 303/303/303 318/318/318 531/531/531
f 532/532/532 523/523/523 527/527/527
f 528/528/528 523/523/523 532/532/532
f 533/533/533 524/524/524 528/528/528
f 529/529/529 524/524/524 533/533/533
f 534/534/534 525/525/525 529/529/529
f 530/530/530 525/525/525 534/534/534
f 535/535/535 526/526/526 530/530/530
f 531/531/531 526/526/526 535/535/535
f 536/536/536 303/303/303 531/531/531
f 292/292/292 303/303/303 536/536/536
f 287/287/287 292/292/292 536/536/536
f 536/536/536 531/531/531 537/537/537
f 537/537/537 531/531/531 535/535/535
f 287/287/287 536/536/536 538/538/538
f 538/538/538 536/536/536 537/537/537
f 277/277/277 287/287/287 538/538/538
f 535/535/535 530/530/530 539/539/539
f 539/539/539 530/530/530 534/534/534
f 534/534/534 529/529/529 540/540/540
f 540/540/540 529/529/529 533/533/533
f 537/537/537 535/535/535 541/541/541
f 541/541/541 535/535/535 539/539/539
f 538/538/538 537/537/537 542/542/542
f 542/542/542 537/537/537 541/541/541
f 277/277/277 538/538/538 543/543/543
f 543/543/543 538/538/538 542/542/542
f 271/271/271 277/277/277 543/543/543
f 271/271/271 543/543/543 276/276/276
f 539/539/539 534/534/534 544/544/544
f 544/544/544 534/534/534 540/540/540
f 541/541/541 539/539/539 545/545/545
f 545/545/545 539/539/539 544/544/544
f 542/542/542 541/541/541 546/546/546
f 546/546/546 541/541/541 545/545/545
f 543/543/543 542/542/542 547/547/547
f 276/276/276 543/543/543 547/547/547
f 547/547/547 542/542/542 546/546/546
f 276/276/276 547/547/547 548/548/548
f 270/270/270 276/276/276 548/548/548
f 547/547/547 546/546/546 549/549/549
f 548/548/548 547/547/547 549/549/549
f 546/546/546 545/545/545 550/550/550
f 549/549/549 546/546/546 550/550/550
f 545/545/545 544/544/544 551/551/551
f 550/550/550 545/545/545 551/551/551
f 544/544/544 540/540/540 552/552/552
f 551/551/551 544/544/544 552/552/552
f 270/270/270 548/548/548 553/553/553
f 264/264/264 270/270/270 553/553/553
f 548/548/548 549/549/549 554/554/554
f 553/553/553 548/548/548 554/554/554
f 549/549/549 550/550/550 555/555/555
f 554/554/554 549/549/549 555/555/555
f 550/550/550 551/551/551 556/556/556
f 555/555/555 550/550/550 556/556/556
f 264/264/264 553/553/553 557/557/557
f 258/258/258 264/264/264 557/557/557
f 553/553/553 554/554/554 558/558/558
f 557/557/557 553/553/553 558/558/558
f 554/554/554 555/555/555 559/559/559
f 558/558/558 554/554/554 559/559/559
f 258/258/258 557/557/557 560/560/560
f 252/252/252 258/258/258 560/560/560
f 557/557/557 558/558/558 561/561/561
f 560/560/560 557/557/557 561/561/561
f 252/252/252 560/560/560 562/562/562
f 246/246/246 252/252/252 562/562/562
f 556/556/556 551/551/551 563/563/563
f 551/551/551 552/552/552 563/563/563
f 555/555/555 556/556/556 564/564/564
f 559/559/559 555/555/555 564/564/564
f 558/558/558 559/559/559 565/565/565
f 561/561/561 558/558/558 565/565/565
f 560/560/560 561/561/561 566/566/566
f 562/562/562 560/560/560 566/566/566
f 246/246/246 562/562/562 567/567/567
f 240/240/240 246/246/246 567/567/567
f 556/556/556 563/563/563 568/568/568
f 564/564/564 556/556/556 568/568/568
f 559/559/559 564/564/564 569/569/569
f 565/565/565 559/559/559 569/569/569
f 561/561/561 565/565/565 570/570/570
f 566/566/566 561/561/561 570/570/570
f 562/562/562 566/566/566 571/571/571
f 567/567/567 562/562/562 571/571/571
f 240/240/240 567/567/567 572/572/572
f 234/234/234 240/240/240 572/572/572
f 564/564/564 568/568/568 573/573/573
f 569/569/569 564/564/564 573/573/573
f 565/565/565 569/569/569 574/574/574
f 570/570/570 565/565/565 574/574/574
f 566/566/566 570/570/570 575/575/575
f 571/571/571 566/566/566 575/575/575
f 567/567/567 571/571/571 576/576/576
f 572/572/572 567/567/567 576/576/576
f 234/234/234 572/572/572 577/577/577
f 228/228/228 234/234/234 577/577/577
f 569/569/569 573/573/573 578/578/578
f 574/574/574 569/569/569 578/578/578
f 570/570/570 574/574/574 579/579/579
f 575/575/575 570/570/570 579/579/579
f 571/571/571 575/575/575 580/580/580
f 576/576/576 571/571/571 580/580/580
f 572/572/572 576/576/576 581/581/581
f 577/577/577 572/572/572 581/581/581
f 228/228/228 577/577/577 582/582/582
f 222/222/222 228/228/228 582/582/582
f 574/574/574 578/578/578 583/583/583
f 579/579/579 574/574/574 583/583/583
f 575/575/575 579/579/579 584/584/584
f 580/580/580 575/575/575 584/584/584
f 576/576/576 580/580/580 585/585/585
f 581/581/581 576/576/576 585/585/585
f 577/577/577 581/581/581 586/586/586
f 582/582/582 577/577/577 586/586/586
f 222/222/222 582/582/582 587/587/587
f 216/216/216 222/222/222 587/587/587
f 579/579/579 583/583/583 588/588/588
f 584/584/584 579/579/579 588/588/588
f 580/580/580 584/584/584 589/589/589
f 585/585/585 580/580/580 589/589/589
f 581/581/581 585/585/585 590/590/590
f 586/586/586 581/581/581 590/590/590
f 582/582/582 586/586/586 591/591/591
f 587/587/587 582/582/582 591/591/591
f 216/216/216 587/587/587 592/592/592
f 210/210/210 216/216/216 592/592/592
f 584/584/584 588/588/588 593/593/593
f 589/589/589 584/584/584 593/593/593
f 585/585/585 589/589/589 594/594/594
f 590/590/590 585/585/585 594/594/594
f 586/586/586 590/590/590 595/595/595
f 591/591/591 586/586/586 595/595/595
f 587/587/587 591/591/591 596/596/596
f 592/592/592 587/587/587 596/596/596
f 210/210/210 592/592/592 597/597/597
f 204/204/204 210/210/210 597/597/597
f 589/589/589 593/593/593 598/598/598
f 594/594/594 589/589/589 598/598/598
f 590/590/590 594/594/594 599/599/599
f 595/595/595 590/590/590 599/599/599
f 591/591/591 595/595/595 600/600/600
f 596/596/596 591/591/591 600/600/600
f 592/592/592 596/596/596 601/601/601
f 597/597/597 592/592/592 601/601/601
f 204/204/204 597/597/597 602/602/602
f 198/198/198 204/204/204 602/602/602
f 594/594/594 598/598/598 603/603/603
f 599/599/599 594/594/594 603/603/603
f 595/595/595 599/599/599 604/604/604
f 600/600/600 595/595/595 604/604/604
f 596/596/596 600/600/600 605/605/605
f 601/601/601 596/596/596 605/605/605
f 597/597/597 601/601/601 606/606/606
f 602/602/602 597/597/597 606/606/606
f 198/198/198 602/602/602 607/607/607
f 192/192/192 198/198/198 607/607/607
f 599/599/599 603/603/603 608/608/608
f 604/604/604 599/599/599 608/608/608
f 600/600/600 604/604/604 609/609/609
f 605/605/605 600/600/600 609/609/609
f 601/601/601 605/605/605 610/610/610
f 606/606/606 601/601/601 610/610/610
f 602/602/602 606/606/606 611/611/611
f 607/607/607 602/602/602 611/611/611
f 192/192/192 607/607/607 612/612/612
f 186/186/186 192/192/192 612/612/612
f 604/604/604 608/608/608 613/613/613
f 609/609/609 604/604/604 613/613/613
f 605/605/605 609/609/609 614/614/614
f 610/610/610 605/605/605 614/614/614
f 606/606/606 610/610/610 615/615/615
f 611/611/611 606/606/606 615/615/615
f 607/607/607 611/611/611 616/616/616
f 612/612/612 607/607/607 616/616/616
f 186/186/186 612/612/612 617/617/617
f 180/180/180 186/186/186 617/617/617
f 609/609/609 613/613/613 618/618/618
f 614/614/614 609/609/609 618/618/618
f 610/610/610 614/614/614 619/619/619
f 615/615/615 610/610/610 619/619/619
f 611/611/611 615/615/615 620/620/620
f 616/616/616 611/611/611 620/620/620
f 612/612/612 616/616/616 621/621/621
f 617/617/617 612/612/612 621/621/621
f 180/180/180 617/617/617 622/622/622
f 174/174/174 180/180/180 622/622/622
f 614/614/614 618/618/618 623/623/623
f 619/619/619 614/614/614 623/623/623
f 615/615/615 619/619/619 624/624/624
f 620/620/620 615/615/615 624/624/624
f 616/616/616 620/620/620 625/625/625
f 621/621/621 616/616/616 625/625/625
f 617/617/617 621/621/621 626/626/626
f 622/622/622 617/617/617 626/626/626
f 174/174/174 622/622/622 627/627/627
f 168/168/168 174/174/174 627/627/627
f 619/619/619 623/623/623 628/628/628
f 624/624/624 619/619/619 628/628/628
f 620/620/620 624/624/624 629/629/629
f 625/625/625 620/620/620 629/629/629
f 621/621/621 625/625/625 630/630/630
f 626/626/626 621/621/621 630/630/630
f 622/622/622 626/626/626 631/631/631
f 627/627/627 622/622/622 631/631/631
f 168/168/168 627/627/627 632/632/632
f 162/162/162 168/168/168 632/632/632
f 624/624/624 628/628/628 633/633/633
f 629/629/629 624/624/624 633/633/633
f 625/625/625 629/629/629 634/634/634
f 630/630/630 625/625/625 634/634/634
f 626/626/626 630/630/630 635/635/635
f 631/631/631 626/626/626 635/635/635
f 627/627/627 631/631/631 636/636/636
f 632/632/632 627/627/627 636/636/636
f 162/162/162 632/632/632 637/637/637
f 156/156/156 162/162/162 637/637/637
f 629/629/629 633/633/633 638/638/638
f 634/634/634 629/629/629 638/638/638
f 630/630/630 634/634/634 639/639/639
f 635/635/635 630/630/630 639/639/639
f 631/631/631 635/635/635 640/640/640
f 636/636/636 631/631/631 640/640/640
f 632/632/632 636/636/636 641/641/641
f 637/637/637 632/632/632 641/641/641
f 156/156/156 637/637/637 642/642/642
f 150/150/150 156/156/156 642/642/642
f 634/634/634 638/638/638 643/643/643
f 639/639/639 634/634/634 643/643/643
f 635/635/635 639/639/639 644/644/644
f 640/640/640 635/635/635 644/644/644
f 636/636/636 640/640/640 645/645/645
f 641/641/641 636/636/636 645/645/645
f 637/637/637 641/641/641 646/646/646
f 642/642/642 637/637/637 646/646/646
f 150/150/150 642/642/642 647/647/647
f 144/144/144 150/150/150 647/647/647
f 639/639/639 643/643/643 648/648/648
f 644/644/644 639/639/639 648/648/648
f 640/640/640 644/644/644 649/649/649
f 645/645/645 640/640/640 649/649/649
f 641/641/641 645/645/645 650/650/650
f 646/646/646 641/641/641 650/650/650
f 642/642/642 646/646/646 651/651/651
f 647/647/647 642/642/642 651/651/651
f 144/144/144 647/647/647 652/652/652
f 138/138/138 144/144/144 652/652/652
f 644/644/644 648/648/648 653/653/653
f 649/649/649 644/644/644 653/653/653
f 645/645/645 649/649/649 654/654/654
f 650/650/650 645/645/645 654/654/654
f 646/646/646 650/650/650 655/655/655
f 651/651/651 646/646/646 655/655/655
f 647/647/647 651/651/651 656/656/656
f 652/652/652 647/647/647 656/656/656
f 138/138/138 652/652/652 657/657/657
f 132/132/132 138/138/138 657/657/657
f 649/649/649 653/653/653 658/658/658
f 654/654/654 649/649/649 658/658/658
f 650/650/650 654/654/654 659/659/659
f 655/655/655 650/650/650 659/659/659
f 651/651/651 655/655/655 660/660/660
f 656/656/656 651/651/651 660/660/660
f 652/652/652 656/656/656 661/661/661
f 657/657/657 652/652/652 661/661/661
f 132/132/132 657/657/657 662/662/662
f 126/126/126 132/132/132 662/662/662
f 654/654/654 658/658/658 663/663/663
f 659/659/659 654/654/654 663/663/663
f 655/655/655 659/659/659 664/664/664
f 660/660/660 655/655/655 664/664/664
f 656/656/656 660/660/660 665/665/665
f 661/661/661 656/656/656 665/665/665
f 657/657/657 661/661/661 666/666/666
f 662/662/662 657/657/657 666/666/666
f 126/126/126 662/662/662 667/667/667
f 120/120/120 126/126/126 667/667/667
f 659/659/659 663/663/663 668/668/668
f 664/664/664 659/659/659 668/668/668
f 660/660/660 664/664/664 669/669/669
f 665/665/665 660/660/660 669/669/669
f 661/661/661 665/665/665 670/670/670
f 666/666/666 661/661/661 670/670/670
f 662/662/662 666/666/666 671/671/671
f 667/667/667 662/662/662 671/671/671
f 120/120/120 667/667/667 672/672/672
f 114/114/114 120/120/120 672/672/672
f 664/664/664 668/668/668 673/673/673
f 669/669/669 664/664/664 673/673/673
f 665/665/665 669/669/669 674/674/674
f 670/670/670 665/665/665 674/674/674
f 666/666/666 670/670/670 675/675/675
f 671/671/671 666/666/666 675/675/675
f 667/667/667 671/671/671 676/676/676
f 672/672/672 667/667/667 676/676/676
f 114/114/114 672/672/672 677/677/677
f 108/108/108 114/114/114 677/677/677
f 669/669/669 673/673/673 678/678/678
f 674/674/674 669/669/669 678/678/678
f 670/670/670 674/674/674 679/679/679
f 675/675/675 670/670/670 679/679/679
f 671/671/671 675/675/675 680/680/680
f 676/676/676 671/671/671 680/680/680
f 672/672/672 676/676/676 681/681/681
f 677/677/677 672/672/672 681/681/681
f 108/108/108 677/677/677 682/682/682
f 102/102/102 108/108/108 682/682/682
f 674/674/674 678/678/678 683/683/683
f 679/679/679 674/674/674 683/683/683
f 675/675/675 679/679/679 684/684/684
f 680/680/680 675/675/675 684/684/684
f 676/676/676 680/680/680 685/685/685
f 681/681/681 676/676/676 685/685/685
f 677/677/677 681/681/681 686/686/686
f 682/682/682 677/677/677 686/686/686
f 102/102/102 682/682/682 687/687/687
f 96/96/96 102/102/102 687/687/687
f 679/679/679 683/683/683 688/688/688
f 684/684/684 679/679/679 688/688/688
f 680/680/680 684/684/684 689/689/689
f 685/685/685 680/680/680 689/689/689
f 681/681/681 685/685/685 690/690/690
f 686/686/686 681/681/681 690/690/690
f 682/682/682 686/686/686 691/691/691
f 687/687/687 682/682/682 691/691/691
f 96/96/96 687/687/687 692/692/692
f 90/90/90 96/96/96 692/692/692
f 684/684/684 688/688/688 693/693/693
f 689/689/689 684/684/684 693/693/693
f 685/685/685 689/689/689 694/694/694
f 690/690/690 685/685/685 694/694/694
f 686/686/686 690/690/690 695/695/695
f 691/691/691 686/686/686 695/695/695
f 687/687/687 691/691/691 696/696/696
f 692/692/692 687/687/687 696/696/696
f 90/90/90 692/692/692 697/697/697
f 84/84/84 90/90/90 697/697/697
f 689/689/689 693/693/693 698/698/698
f 694/694/694 689/689/689 698/698/698
f 690/690/690 694/694/694 699/699/699
f 695/695/695 690/690/690 699/699/699
f 691/691/691 695/695/695 700/700/700
f 696/696/696 691/691/691 700/700/700
f 692/692/692 696/696/696 701/701/701
f 697/697/697 692/692/692 701/701/701
f 84/84/84 697/697/697 702/702/702
f 78/78/78 84/84/84 702/702/702
f 694/694/694 698/698/698 703/703/703
f 699/699/699 694/694/694 703/703/703
f 695/695/695 699/699/699 704/704/704
f 700/700/700 695/695/695 704/704/704
f 696/696/696 700/700/700 705/705/705
f 701/701/701 696/696/696 705/705/705
f 697/697/697 701/701/701 706/706/706
f 702/702/702 697/697/697 706/706/706
f 78/78/78 702/702/702 707/707/707
f 72/72/72 78/78/78 707/707/707
f 699/699/699 703/703/703 708/708/708
f 704/704/704 699/699/699 708/708/708
f 700/700/700 704/704/704 709/709/709
f 705/705/705 700/700/700 709/709/709
f 701/701/701 705/705/705 710/710/710
f 706/706/706 701/701/701 710/710/710
f 702/702/702 706/706/706 711/711/711
f 707/707/707 702/702/702 711/711/711
f 72/72/72 707/707/707 712/712/712
f 66/66/66 72/72/72 712/712/712
f 704/704/704 708/708/708 713/713/713
f 709/709/709 704/704/704 713/713/713
f 705/705/705 709/709/709 714/714/714
f 710/710/710 705/705/705 714/714/714
f 706/706/706 710/710/710 715/715/715
f 711/711/711 706/706/706 715/715/715
f 707/707/707 711/711/711 716/716/716
f 712/712/712 707/707/707 716/716/716
f 66/66/66 712/712/712 717/717/717
f 51/51/51 66/66/66 717/717/717
f 709/709/709 713/713/713 718/718/718
f 714/714/714 709/709/709 718/718/718
f 710/710/710 714/714/714 719/719/719
f 715/715/715 710/710/710 719/719/719
f 711/711/711 715/715/715 720/720/720
f 716/716/716 711/711/711 720/720/720
f 712/712/712 716/716/716 721/721/721
f 717/717/717 712/712/712 721/721/721
f 51/51/51 717/717/717 722/722/722
f 40/40/40 51/51/51 722/722/722
f 40/40/40 722/722/722 39/39/39
f 722/722/722 717/717/717 723/723/723
f 717/717/717 721/721/721 723/723/723
f 39/39/39 722/722/722 724/724/724
f 722/722/722 723/723/723 724/724/724
f 39/39/39 724/724/724 37/37/37
f 721/721/721 716/716/716 725/725/725
f 716/716/716 720/720/720 725/725/725
f 720/720/720 715/715/715 726/726/726
f 715/715/715 719/719/719 726/726/726
f 723/723/723 721/721/721 727/727/727
f 721/721/721 725/725/725 727/727/727
f 37/37/37 724/724/724 728/728/728
f 37/37/37 728/728/728 38/38/38
f 38/38/38 728/728/728 729/729/729
f 724/724/724 723/723/723 730/730/730
f 724/724/724 730/730/730 728/728/728
f 723/723/723 727/727/727 730/730/730
f 728/728/728 731/731/731 729/729/729
f 728/728/728 730/730/730 731/731/731
f 729/729/729 731/731/731 732/732/732
f 725/725/725 720/720/720 733/733/733
f 720/720/720 726/726/726 733/733/733
f 730/730/730 727/727/727 734/734/734
f 730/730/730 734/734/734 731/731/731
f 731/731/731 735/735/735 732/732/732
f 731/731/731 734/734/734 735/735/735
f 732/732/732 735/735/735 736/736/736
f 727/727/727 725/725/725 737/737/737
f 727/727/727 737/737/737 734/734/734
f 725/725/725 733/733/733 737/737/737
f 735/735/735 738/738/738 736/736/736
f 736/736/736 738/738/738 739/739/739
f 734/734/734 740/740/740 735/735/735
f 734/734/734 737/737/737 740/740/740
f 735/735/735 740/740/740 738/738/738
f 737/737/737 733/733/733 741/741/741
f 737/737/737 741/741/741 740/740/740
f 733/733/733 726/726/726 742/742/742
f 733/733/733 742/742/742 741/741/741
f 738/738/738 743/743/743 739/739/739
f 739/739/739 743/743/743 744/744/744
f 740/740/740 745/745/745 738/738/738
f 740/740/740 741/741/741 745/745/745
f 738/738/738 745/745/745 743/743/743
f 743/743/743 746/746/746 744/744/744
f 744/744/744 746/746/746 747/747/747
f 741/741/741 748/748/748 745/745/745
f 741/741/741 742/742/742 748/748/748
f 745/745/745 749/749/749 743/743/743
f 743/743/743 749/749/749 746/746/746
f 745/745/745 748/748/748 749/749/749
f 726/726/726 750/750/750 742/742/742
f 726/726/726 719/719/719 750/750/750
f 746/746/746 751/751/751 747/747/747
f 747/747/747 751/751/751 752/752/752
f 749/749/749 753/753/753 746/746/746
f 746/746/746 753/753/753 751/751/751
f 748/748/748 754/754/754 749/749/749
f 749/749/749 754/754/754 753/753/753
f 742/742/742 755/755/755 748/748/748
f 742/742/742 750/750/750 755/755/755
f 748/748/748 755/755/755 754/754/754
f 719/719/719 756/756/756 750/750/750
f 719/719/719 714/714/714 756/756/756
f 714/714/714 718/718/718 756/756/756
f 751/751/751 757/757/757 752/752/752
f 752/752/752 757/757/757 758/758/758
f 753/753/753 759/759/759 751/751/751
f 751/751/751 759/759/759 757/757/757
f 754/754/754 760/760/760 753/753/753
f 753/753/753 760/760/760 759/759/759
f 755/755/755 761/761/761 754/754/754
f 754/754/754 761/761/761 760/760/760
f 750/750/750 762/762/762 755/755/755
f 750/750/750 756/756/756 762/762/762
f 755/755/755 762/762/762 761/761/761
f 756/756/756 718/718/718 763/763/763
f 756/756/756 763/763/763 762/762/762
f 757/757/757 764/764/764 758/758/758
f 758/758/758 764/764/764 765/765/765
f 759/759/759 766/766/766 757/757/757
f 757/757/757 766/766/766 764/764/764
f 760/760/760 767/767/767 759/759/759
f 759/759/759 767/767/767 766/766/766
f 761/761/761 768/768/768 760/760/760
f 760/760/760 768/768/768 767/767/767
f 762/762/762 769/769/769 761/761/761
f 762/762/762 763/763/763 769/769/769
f 761/761/761 769/769/769 768/768/768
f 718/718/718 770/770/770 763/763/763
f 718/718/718 713/713/713 770/770/770
f 764/764/764 771/771/771 765/765/765
f 765/765/765 771/771/771 772/772/772
f 766/766/766 773/773/773 764/764/764
f 764/764/764 773/773/773 771/771/771
f 767/767/767 774/774/774 766/766/766
f 766/766/766 774/774/774 773/773/773
f 768/768/768 775/775/775 767/767/767
f 767/767/767 775/775/775 774/774/774
f 769/769/769 776/776/776 768/768/768
f 768/768/768 776/776/776 775/775/775
f 763/763/763 777/777/777 769/769/769
f 769/769/769 777/777/777 776/776/776
f 763/763/763 770/770/770 777/777/777
f 771/771/771 778/778/778 772/772/772
f 772/772/772 778/778/778 779/779/779
f 773/773/773 780/780/780 771/771/771
f 771/771/771 780/780/780 778/778/778
f 774/774/774 781/781/781 773/773/773
f 773/773/773 781/781/781 780/780/780
f 775/775/775 782/782/782 774/774/774
f 774/774/774 782/782/782 781/781/781
f 776/776/776 783/783/783 775/775/775
f 775/775/775 783/783/783 782/782/782
f 777/777/777 784/784/784 776/776/776
f 776/776/776 784/784/784 783/783/783
f 770/770/770 785/785/785 777/777/777
f 777/777/777 785/785/785 784/784/784
f 778/778/778 786/786/786 779/779/779
f 779/779/779 786/786/786 787/787/787
f 780/780/780 788/788/788 778/778/778
f 778/778/778 788/788/788 786/786/786
f 781/781/781 789/789/789 780/780/780
f 780/780/780 789/789/789 788/788/788
f 782/782/782 790/790/790 781/781/781
f 781/781/781 790/790/790 789/789/789
f 783/783/783 791/791/791 782/782/782
f 782/782/782 791/791/791 790/790/790
f 784/784/784 792/792/792 783/783/783
f 783/783/783 792/792/792 791/791/791
f 786/786/786 793/793/793 787/787/787
f 787/787/787 793/793/793 794/794/794
f 788/788/788 795/795/795 786/786/786
f 786/786/786 795/795/795 793/793/793
f 789/789/789 796/796/796 788/788/788
f 788/788/788 796/796/796 795/795/795
f 790/790/790 797/797/797 789/789/789
f 789/789/789 797/797/797 796/796/796
f 791/791/791 798/798/798 790/790/790
f 790/790/790 798/798/798 797/797/797
f 793/793/793 799/799/799 794/794/794
f 794/794/794 799/799/799 800/800/800
f 795/795/795 801/801/801 793/793/793
f 793/793/793 801/801/801 799/799/799
f 796/796/796 802/802/802 795/795/795
f 795/795/795 802/802/802 801/801/801
f 797/797/797 803/803/803 796/796/796
f 796/796/796 803/803/803 802/802/802
f 799/799/799 804/804/804 800/800/800
f 800/800/800 804/804/804 805/805/805
f 801/801/801 806/806/806 799/799/799
f 799/799/799 806/806/806 804/804/804
f 802/802/802 807/807/807 801/801/801
f 801/801/801 807/807/807 806/806/806
f 804/804/804 808/808/808 805/805/805
f 805/805/805 808/808/808 809/809/809
f 806/806/806 810/810/810 804/804/804
f 804/804/804 810/810/810 808/808/808
f 808/808/808 811/811/811 809/809/809
f 809/809/809 811/811/811 812/812/812
f 797/797/797 813/813/813 803/803/803
f 798/798/798 813/813/813 797/797/797
f 803/803/803 814/814/814 802/802/802
f 802/802/802 814/814/814 807/807/807
f 807/807/807 815/815/815 806/806/806
f 806/806/806 815/815/815 810/810/810
f 810/810/810 816/816/816 808/808/808
f 808/808/808 816/816/816 811/811/811
f 811/811/811 817/817/817 812/812/812
f 812/812/812 817/817/817 818/818/818
f 813/813/813 819/819/819 803/803/803
f 803/803/803 819/819/819 814/814/814
f 814/814/814 820/820/820 807/807/807
f 807/807/807 820/820/820 815/815/815
f 815/815/815 821/821/821 810/810/810
f 810/810/810 821/821/821 816/816/816
f 816/816/816 822/822/822 811/811/811
f 811/811/811 822/822/822 817/817/817
f 817/817/817 823/823/823 818/818/818
f 818/818/818 823/823/823 824/824/824
f 823/823/823 825/825/825 824/824/824
f 817/817/817 826/826/826 823/823/823
f 822/822/822 826/826/826 817/817/817
f 823/823/823 827/827/827 825/825/825
f 826/826/826 827/827/827 823/823/823
f 827/827/827 828/828/828 825/825/825
f 816/816/816 829/829/829 822/822/822
f 821/821/821 829/829/829 816/816/816
f 815/815/815 830/830/830 821/821/821
f 820/820/820 830/830/830 815/815/815
f 822/822/822 831/831/831 826/826/826
f 829/829/829 831/831/831 822/822/822
f 827/827/827 832/832/832 828/828/828
f 832/832/832 833/833/833 828/828/828
f 826/826/826 834/834/834 827/827/827
f 831/831/831 834/834/834 826/826/826
f 834/834/834 832/832/832 827/827/827
f 821/821/821 835/835/835 829/829/829
f 830/830/830 835/835/835 821/821/821
f 832/832/832 836/836/836 833/833/833
f 836/836/836 837/837/837 833/833/833
f 829/829/829 838/838/838 831/831/831
f 835/835/835 838/838/838 829/829/829
f 834/834/834 839/839/839 832/832/832
f 839/839/839 836/836/836 832/832/832
f 831/831/831 840/840/840 834/834/834
f 838/838/838 840/840/840 831/831/831
f 840/840/840 839/839/839 834/834/834
f 836/836/836 841/841/841 837/837/837
f 841/841/841 842/842/842 837/837/837
f 839/839/839 843/843/843 836/836/836
f 843/843/843 841/841/841 836/836/836
f 840/840/840 844/844/844 839/839/839
f 844/844/844 843/843/843 839/839/839
f 838/838/838 845/845/845 840/840/840
f 845/845/845 844/844/844 840/840/840
f 835/835/835 846/846/846 838/838/838
f 846/846/846 845/845/845 838/838/838
f 841/841/841 847/847/847 842/842/842
f 847/847/847 848/848/848 842/842/842
f 843/843/843 849/849/849 841/841/841
f 849/849/849 847/847/847 841/841/841
f 844/844/844 850/850/850 843/843/843
f 850/850/850 849/849/849 843/843/843
f 845/845/845 851/851/851 844/844/844
f 851/851/851 850/850/850 844/844/844
f 847/847/847 852/852/852 848/848/848
f 852/852/852 853/853/853 848/848/848
f 849/849/849 854/854/854 847/847/847
f 854/854/854 852/852/852 847/847/847
f 850/850/850 855/855/855 849/849/849
f 855/855/855 854/854/854 849/849/849
f 852/852/852 856/856/856 853/853/853
f 856/856/856 857/857/857 853/853/853
f 854/854/854 858/858/858 852/852/852
f 858/858/858 856/856/856 852/852/852
f 856/856/856 859/859/859 857/857/857
f 859/859/859 860/860/860 857/857/857
f 861/861/861 851/851/851 845/845/845
f 846/846/846 861/861/861 845/845/845
f 851/851/851 862/862/862 850/850/850
f 862/862/862 855/855/855 850/850/850
f 855/855/855 863/863/863 854/854/854
f 863/863/863 858/858/858 854/854/854
f 858/858/858 864/864/864 856/856/856
f 864/864/864 859/859/859 856/856/856
f 859/859/859 865/865/865 860/860/860
f 865/865/865 866/866/866 860/860/860
f 861/861/861 867/867/867 851/851/851
f 867/867/867 862/862/862 851/851/851
f 862/862/862 868/868/868 855/855/855
f 868/868/868 863/863/863 855/855/855
f 863/863/863 869/869/869 858/858/858
f 869/869/869 864/864/864 858/858/858
f 864/864/864 870/870/870 859/859/859
f 870/870/870 865/865/865 859/859/859
f 865/865/865 871/871/871 866/866/866
f 871/871/871 872/872/872 866/866/866
f 867/867/867 873/873/873 862/862/862
f 873/873/873 868/868/868 862/862/862
f 868/868/868 874/874/874 863/863/863
f 874/874/874 869/869/869 863/863/863
f 869/869/869 875/875/875 864/864/864
f 875/875/875 870/870/870 864/864/864
f 870/870/870 876/876/876 865/865/865
f 876/876/876 871/871/871 865/865/865
f 871/871/871 877/877/877 872/872/872
f 877/877/877 878/878/878 872/872/872
f 873/873/873 879/879/879 868/868/868
f 879/879/879 874/874/874 868/868/868
f 874/874/874 880/880/880 869/869/869
f 880/880/880 875/875/875 869/869/869
f 875/875/875 881/881/881 870/870/870
f 881/881/881 876/876/876 870/870/870
f 876/876/876 882/882/882 871/871/871
f 882/882/882 877/877/877 871/871/871
f 877/877/877 883/883/883 878/878/878
f 883/883/883 884/884/884 878/878/878
f 879/879/879 885/885/885 874/874/874
f 885/885/885 880/880/880 874/874/874
f 880/880/880 886/886/886 875/875/875
f 886/886/886 881/881/881 875/875/875
f 881/881/881 887/887/887 876/876/876
f 887/887/887 882/882/882 876/876/876
f 882/882/882 888/888/888 877/877/877
f 888/888/888 883/883/883 877/877/877
f 883/883/883 889/889/889 884/884/884
f 889/889/889 890/890/890 884/884/884
f 885/885/885 891/891/891 880/880/880
f 891/891/891 886/886/886 880/880/880
f 886/886/886 892/892/892 881/881/881
f 892/892/892 887/887/887 881/881/881
f 887/887/887 893/893/893 882/882/882
f 893/893/893 888/888/888 882/882/882
f 888/888/888 894/894/894 883/883/883
f 894/894/894 889/889/889 883/883/883
f 889/889/889 895/895/895 890/890/890
f 895/895/895 896/896/896 890/890/890
f 891/891/891 897/897/897 886/886/886
f 897/897/897 892/892/892 886/886/886
f 892/892/892 898/898/898 887/887/887
f 898/898/898 893/893/893 887/887/887
f 893/893/893 899/899/899 888/888/888
f 899/899/899 894/894/894 888/888/888
f 894/894/894 900/900/900 889/889/889
f 900/900/900 895/895/895 889/889/889
f 895/895/895 901/901/901 896/896/896
f 901/901/901 902/902/902 896/896/896
f 897/897/897 903/903/903 892/892/892
f 903/903/903 898/898/898 892/892/892
f 898/898/898 904/904/904 893/893/893
f 904/904/904 899/899/899 893/893/893
f 899/899/899 905/905/905 894/894/894
f 905/905/905 900/900/900 894/894/894
f 900/900/900 906/906/906 895/895/895
f 906/906/906 901/901/901 895/895/895
f 901/901/901 907/907/907 902/902/902
f 907/907/907 908/908/908 902/902/902
f 903/903/903 909/909/909 898/898/898
f 909/909/909 904/904/904 898/898/898
f 904/904/904 910/910/910 899/899/899
f 910/910/910 905/905/905 899/899/899
f 905/905/905 911/911/911 900/900/900
f 911/911/911 906/906/906 900/900/900
f 906/906/906 912/912/912 901/901/901
f 912/912/912 907/907/907 901/901/901
f 907/907/907 913/913/913 908/908/908
f 913/913/913 914/914/914 908/908/908
f 909/909/909 915/915/915 904/904/904
f 915/915/915 910/910/910 904/904/904
f 910/910/910 916/916/916 905/905/905
f 916/916/916 911/911/911 905/905/905
f 911/911/911 917/917/917 906/906/906
f 917/917/917 912/912/912 906/906/906
f 912/912/912 918/918/918 907/907/907
f 918/918/918 913/913/913 907/907/907
f 913/913/913 919/919/919 914/914/914
f 919/919/919 920/920/920 914/914/914
f 915/915/915 921/921/921 910/910/910
f 921/921/921 916/916/916 910/910/910
f 916/916/916 922/922/922 911/911/911
f 922/922/922 917/917/917 911/911/911
f 917/917/917 923/923/923 912/912/912
f 923/923/923 918/918/918 912/912/912
f 918/918/918 924/924/924 913/913/913
f 924/924/924 919/919/919 913/913/913
f 919/919/919 925/925/925 920/920/920
f 925/925/925 926/926/926 920/920/920
f 921/921/921 927/927/927 916/916/916
f 927/927/927 922/922/922 916/916/916
f 922/922/922 928/928/928 917/917/917
f 928/928/928 923/923/923 917/917/917
f 923/923/923 929/929/929 918/918/918
f 929/929/929 924/924/924 918/918/918
f 924/924/924 930/930/930 919/919/919
f 930/930/930 925/925/925 919/919/919
f 925/925/925 931/931/931 926/926/926
f 931/931/931 932/932/932 926/926/926
f 927/927/927 933/933/933 922/922/922
f 933/933/933 928/928/928 922/922/922
f 928/928/928 934/934/934 923/923/923
f 934/934/934 929/929/929 923/923/923
f 929/929/929 935/935/935 924/924/924
f 935/935/935 930/930/930 924/924/924
f 930/930/930 936/936/936 925/925/925
f 936/936/936 931/931/931 925/925/925
f 931/931/931 937/937/937 932/932/932
f 937/937/937 938/938/938 932/932/932
f 933/933/933 939/939/939 928/928/928
f 939/939/939 934/934/934 928/928/928
f 934/934/934 940/940/940 929/929/929
f 940/940/940 935/935/935 929/929/929
f 935/935/935 941/941/941 930/930/930
f 941/941/941 936/936/936 930/930/930
f 936/936/936 942/942/942 931/931/931
f 942/942/942 937/937/937 931/931/931
f 937/937/937 943/943/943 938/938/938
f 943/943/943 944/944/944 938/938/938
f 939/939/939 945/945/945 934/934/934
f 945/945/945 940/940/940 934/934/934
f 940/940/940 946/946/946 935/935/935
f 946/946/946 941/941/941 935/935/935
f 941/941/941 947/947/947 936/936/936
f 947/947/947 942/942/942 936/936/936
f 942/942/942 948/948/948 937/937/937
f 948/948/948 943/943/943 937/937/937
f 943/943/943 949/949/949 944/944/944
f 949/949/949 950/950/950 944/944/944
f 945/945/945 951/951/951 940/940/940
f 951/951/951 946/946/946 940/940/940
f 946/946/946 952/952/952 941/941/941
f 952/952/952 947/947/947 941/941/941
f 947/947/947 953/953/953 942/942/942
f 953/953/953 948/948/948 942/942/942
f 948/948/948 954/954/954 943/943/943
f 954/954/954 949/949/949 943/943/943
f 949/949/949 955/955/955 950/950/950
f 955/955/955 956/956/956 950/950/950
f 951/951/951 957/957/957 946/946/946
f 957/957/957 952/952/952 946/946/946
f 952/952/952 958/958/958 947/947/947
f 958/958/958 953/953/953 947/947/947
f 953/953/953 959/959/959 948/948/948
f 959/959/959 954/954/954 948/948/948
f 954/954/954 960/960/960 949/949/949
f 960/960/960 955/955/955 949/949/949
f 955/955/955 961/961/961 956/956/956
f 961/961/961 962/962/962 956/956/956
f 957/957/957 963/963/963 952/952/952
f 963/963/963 958/958/958 952/952/952
f 958/958/958 964/964/964 953/953/953
f 964/964/964 959/959/959 953/953/953
f 959/959/959 965/965/965 954/954/954
f 965/965/965 960/960/960 954/954/954
f 960/960/960 966/966/966 955/955/955
f 966/966/966 961/961/961 955/955/955
f 961/961/961 967/967/967 962/962/962
f 967/967/967 968/968/968 962/962/962
f 963/963/963 969/969/969 958/958/958
f 969/969/969 964/964/964 958/958/958
f 964/964/964 970/970/970 959/959/959
f 970/970/970 965/965/965 959/959/959
f 965/965/965 971/971/971 960/960/960
f 971/971/971 966/966/966 960/960/960
f 966/966/966 972/972/972 961/961/961
f 972/972/972 967/967/967 961/961/961
f 967/967/967 973/973/973 968/968/968
f 973/973/973 974/974/974 968/968/968
f 969/969/969 975/975/975 964/964/964
f 975/975/975 970/970/970 964/964/964
f 970/970/970 976/976/976 965/965/965
f 976/976/976 971/971/971 965/965/965
f 971/971/971 977/977/977 966/966/966
f 977/977/977 972/972/972 966/966/966
f 972/972/972 978/978/978 967/967/967
f 978/978/978 973/973/973 967/967/967
f 973/973/973 979/979/979 974/974/974
f 979/979/979 980/980/980 974/974/974
f 975/975/975 981/981/981 970/970/970
f 981/981/981 976/976/976 970/970/970
f 976/976/976 982/982/982 971/971/971
f 982/982/982 977/977/977 971/971/971
f 977/977/977 983/983/983 972/972/972
f 983/983/983 978/978/978 972/972/972
f 978/978/978 984/984/984 973/973/973
f 984/984/984 979/979/979 973/973/973
f 979/979/979 985/985/985 980/980/980
f 985/985/985 986/986/986 980/980/980
f 981/981/981 987/987/987 976/976/976
f 987/987/987 982/982/982 976/976/976
f 982/982/982 988/988/988 977/977/977
f 988/988/988 983/983/983 977/977/977
f 983/983/983 989/989/989 978/978/978
f 989/989/989 984/984/984 978/978/978
f 984/984/984 990/990/990 979/979/979
f 990/990/990 985/985/985 979/979/979
f 985/985/985 991/991/991 986/986/986
f 991/991/991 992/992/992 986/986/986
f 987/987/987 993/993/993 982/982/982
f 993/993/993 988/988/988 982/982/982
f 988/988/988 994/994/994 983/983/983
f 994/994/994 989/989/989 983/983/983
f 989/989/989 995/995/995 984/984/984
f 995/995/995 990/990/990 984/984/984
f 990/990/990 996/996/996 985/985/985
f 996/996/996 991/991/991 985/985/985
f 991/991/991 997/997/997 992/992/992
f 997/997/997 998/998/998 992/992/992
f 993/993/993 999/999/999 988/988/988
f 999/999/999 994/994/994 988/988/988
f 994/994/994 1000/1000/1000 989/989/989
f 1000/1000/1000 995/995/995 989/989/989
f 995/995/995 1001/1001/1001 990/990/990
f 1001/1001/1001 996/996/996 990/990/990
f 996/996/996 1002/1002/1002 991/991/991
f 1002/1002/1002 997/997/997 991/991/991
f 997/997/997 1003/1003/1003 998/998/998
f 1003/1003/1003 1004/1004/1004 998/998/998
f 999/999/999 1005/1005/1005 994/994/994
f 1005/1005/1005 1000/1000/1000 994/994/994
f 1000/1000/1000 1006/1006/1006 995/995/995
f 1006/1006/1006 1001/1001/1001 995/995/995
f 1001/1001/1001 1007/1007/1007 996/996/996
f 1007/1007/1007 1002/1002/1002 996/996/996
f 1002/1002/1002 1008/1008/1008 997/997/997
f 1008/1008/1008 1003/1003/1003 997/997/997
f 1003/1003/1003 1009/1009/1009 1004/1004/1004
f 1009/1009/1009 1010/1010/1010 1004/1004/1004
f 1005/1005/1005 1011/1011/1011 1000/1000/1000
f 1011/1011/1011 1006/1006/1006 1000/1000/1000
f 1006/1006/1006 1012/1012/1012 1001/1001/1001
f 1012/1012/1012 1007/1007/1007 1001/1001/1001
f 1007/1007/1007 1013/1013/1013 1002/1002/1002
f 1013/1013/1013 1008/1008/1008 1002/1002/1002
f 1008/1008/1008 1014/1014/1014 1003/1003/1003
f 1014/1014/1014 1009/1009/1009 1003/1003/1003
f 1009/1009/1009 1015/1015/1015 1010/1010/1010
f 1015/1015/1015 1016/1016/1016 1010/1010/1010
f 1011/1011/1011 1017/1017/1017 1006/1006/1006
f 1017/1017/1017 1012/1012/1012 1006/1006/1006
f 1012/1012/1012 1018/1018/1018 1007/1007/1007
f 1018/1018/1018 1013/1013/1013 1007/1007/1007
f 1013/1013/1013 1019/1019/1019 1008/1008/1008
f 1019/1019/1019 1014/1014/1014 1008/1008/1008
f 1014/1014/1014 1020/1020/1020 1009/1009/1009
f 1020/1020/1020 1015/1015/1015 1009/1009/1009
f 1015/1015/1015 1021/1021/1021 1016/1016/1016
f 1021/1021/1021 466/466/466 1016/1016/1016
f 1021/1021/1021 465/465/465 466/466/466
f 1022/1022/1022 1021/1021/1021 1015/1015/1015
f 1020/1020/1020 1022/1022/1022 1015/1015/1015
f 1023/1023/1023 465/465/465 1021/1021/1021
f 1022/1022/1022 1023/1023/1023 1021/1021/1021
f 1023/1023/1023 467/467/467 465/465/465
f 1024/1024/1024 1020/1020/1020 1014/1014/1014
f 1019/1019/1019 1024/1024/1024 1014/1014/1014
f 1025/1025/1025 1019/1019/1019 1013/1013/1013
f 1018/1018/1018 1025/1025/1025 1013/1013/1013
f 1026/1026/1026 1022/1022/1022 1020/1020/1020
f 1024/1024/1024 1026/1026/1026 1020/1020/1020
f 1027/1027/1027 467/467/467 1023/1023/1023
f 1027/1027/1027 468/468/468 467/467/467
f 476/476/476 468/468/468 1027/1027/1027
f 1028/1028/1028 1023/1023/1023 1022/1022/1022
f 1028/1028/1028 1027/1027/1027 1023/1023/1023
f 1026/1026/1026 1028/1028/1028 1022/1022/1022
f 1029/1029/1029 476/476/476 1027/1027/1027
f 1029/1029/1029 1027/1027/1027 1028/1028/1028
f 487/487/487 476/476/476 1029/1029/1029
f 1030/1030/1030 1024/1024/1024 1019/1019/1019
f 1025/1025/1025 1030/1030/1030 1019/1019/1019
f 1031/1031/1031 1026/1026/1026 1024/1024/1024
f 1030/1030/1030 1031/1031/1031 1024/1024/1024
f 1032/1032/1032 1028/1028/1028 1026/1026/1026
f 1032/1032/1032 1029/1029/1029 1028/1028/1028
f 1031/1031/1031 1032/1032/1032 1026/1026/1026
f 1033/1033/1033 487/487/487 1029/1029/1029
f 1033/1033/1033 1029/1029/1029 1032/1032/1032
f 492/492/492 487/487/487 1033/1033/1033
f 1034/1034/1034 1032/1032/1032 1031/1031/1031
f 1034/1034/1034 1033/1033/1033 1032/1032/1032
f 1035/1035/1035 492/492/492 1033/1033/1033
f 1035/1035/1035 1033/1033/1033 1034/1034/1034
f 497/497/497 492/492/492 1035/1035/1035
f 1036/1036/1036 1031/1031/1031 1030/1030/1030
f 1036/1036/1036 1034/1034/1034 1031/1031/1031
f 1037/1037/1037 1030/1030/1030 1025/1025/1025
f 1037/1037/1037 1036/1036/1036 1030/1030/1030
f 1038/1038/1038 1035/1035/1035 1034/1034/1034
f 1038/1038/1038 1034/1034/1034 1036/1036/1036
f 1039/1039/1039 497/497/497 1035/1035/1035
f 1039/1039/1039 1035/1035/1035 1038/1038/1038
f 502/502/502 497/497/497 1039/1039/1039
f 1040/1040/1040 1038/1038/1038 1036/1036/1036
f 1040/1040/1040 1036/1036/1036 1037/1037/1037
f 1041/1041/1041 1037/1037/1037 1025/1025/1025
f 1041/1041/1041 1025/1025/1025 1018/1018/1018
f 1042/1042/1042 1039/1039/1039 1038/1038/1038
f 1042/1042/1042 1038/1038/1038 1040/1040/1040
f 1043/1043/1043 502/502/502 1039/1039/1039
f 1043/1043/1043 1039/1039/1039 1042/1042/1042
f 507/507/507 502/502/502 1043/1043/1043
f 1044/1044/1044 1040/1040/1040 1037/1037/1037
f 1044/1044/1044 1037/1037/1037 1041/1041/1041
f 1045/1045/1045 1041/1041/1041 1018/1018/1018
f 1045/1045/1045 1018/1018/1018 1012/1012/1012
f 1017/1017/1017 1045/1045/1045 1012/1012/1012
f 1046/1046/1046 1042/1042/1042 1040/1040/1040
f 1046/1046/1046 1040/1040/1040 1044/1044/1044
f 1047/1047/1047 1043/1043/1043 1042/1042/1042
f 1047/1047/1047 1042/1042/1042 1046/1046/1046
f 1048/1048/1048 507/507/507 1043/1043/1043
f 1048/1048/1048 1043/1043/1043 1047/1047/1047
f 512/512/512 507/507/507 1048/1048/1048
f 1049/1049/1049 1041/1041/1041 1045/1045/1045
f 1049/1049/1049 1044/1044/1044 1041/1041/1041
f 1050/1050/1050 1045/1045/1045 1017/1017/1017
f 1050/1050/1050 1049/1049/1049 1045/1045/1045
f 1051/1051/1051 1046/1046/1046 1044/1044/1044
f 1051/1051/1051 1044/1044/1044 1049/1049/1049
f 1052/1052/1052 1047/1047/1047 1046/1046/1046
f 1052/1052/1052 1046/1046/1046 1051/1051/1051
f 1053/1053/1053 1048/1048/1048 1047/1047/1047
f 1053/1053/1053 1047/1047/1047 1052/1052/1052
f 1054/1054/1054 512/512/512 1048/1048/1048
f 1054/1054/1054 1048/1048/1048 1053/1053/1053
f 517/517/517 512/512/512 1054/1054/1054
f 1055/1055/1055 1051/1051/1051 1049/1049/1049
f 1055/1055/1055 1049/1049/1049 1050/1050/1050
f 1056/1056/1056 1050/1050/1050 1017/1017/1017
f 1056/1056/1056 1017/1017/1017 1011/1011/1011
f 1057/1057/1057 1052/1052/1052 1051/1051/1051
f 1057/1057/1057 1051/1051/1051 1055/1055/1055
f 1058/1058/1058 1053/1053/1053 1052/1052/1052
f 1058/1058/1058 1052/1052/1052 1057/1057/1057
f 1059/1059/1059 1054/1054/1054 1053/1053/1053
f 1059/1059/1059 1053/1053/1053 1058/1058/1058
f 1060/1060/1060 517/517/517 1054/1054/1054
f 1060/1060/1060 1054/1054/1054 1059/1059/1059
f 522/522/522 517/517/517 1060/1060/1060
f 1061/1061/1061 1055/1055/1055 1050/1050/1050
f 1061/1061/1061 1050/1050/1050 1056/1056/1056
f 1062/1062/1062 1056/1056/1056 1011/1011/1011
f 1062/1062/1062 1011/1011/1011 1005/1005/1005
f 1063/1063/1063 1057/1057/1057 1055/1055/1055
f 1063/1063/1063 1055/1055/1055 1061/1061/1061
f 1064/1064/1064 1058/1058/1058 1057/1057/1057
f 1064/1064/1064 1057/1057/1057 1063/1063/1063
f 1065/1065/1065 1059/1059/1059 1058/1058/1058
f 1065/1065/1065 1058/1058/1058 1064/1064/1064
f 1066/1066/1066 1060/1060/1060 1059/1059/1059
f 1066/1066/1066 1059/1059/1059 1065/1065/1065
f 1067/1067/1067 522/522/522 1060/1060/1060
f 1067/1067/1067 1060/1060/1060 1066/1066/1066
f 527/527/527 522/522/522 1067/1067/1067
f 1068/1068/1068 527/527/527 1067/1067/1067
f 532/532/532 527/527/527 1068/1068/1068
f 1069/1069/1069 1067/1067/1067 1066/1066/1066
f 1068/1068/1068 1067/1067/1067 1069/1069/1069
f 1070/1070/1070 1066/1066/1066 1065/1065/1065
f 1069/1069/1069 1066/1066/1066 1070/1070/1070
f 1071/1071/1071 1065/1065/1065 1064/1064/1064
f 1070/1070/1070 1065/1065/1065 1071/1071/1071
f 1072/1072/1072 1064/1064/1064 1063/1063/1063
f 1071/1071/1071 1064/1064/1064 1072/1072/1072
f 1072/1072/1072 1063/1063/1063 1073/1073/1073
f 1073/1073/1073 1063/1063/1063 1061/1061/1061
f 1073/1073/1073 1061/1061/1061 1074/1074/1074
f 1074/1074/1074 1061/1061/1061 1056/1056/1056
f 1074/1074/1074 1056/1056/1056 1062/1062/1062
f 1075/1075/1075 532/532/532 1068/1068/1068
f 1076/1076/1076 1068/1068/1068 1069/1069/1069
f 1075/1075/1075 1068/1068/1068 1076/1076/1076
f 1077/1077/1077 1069/1069/1069 1070/1070/1070
f 1076/1076/1076 1069/1069/1069 1077/1077/1077
f 1078/1078/1078 1070/1070/1070 1071/1071/1071
f 1077/1077/1077 1070/1070/1070 1078/1078/1078
f 1079/1079/1079 1071/1071/1071 1072/1072/1072
f 1078/1078/1078 1071/1071/1071 1079/1079/1079
f 1080/1080/1080 1072/1072/1072 1073/1073/1073
f 1079/1079/1079 1072/1072/1072 1080/1080/1080
f 1081/1081/1081 1073/1073/1073 1074/1074/1074
f 1080/1080/1080 1073/1073/1073 1081/1081/1081
f 1082/1082/1082 532/532/532 1075/1075/1075
f 1082/1082/1082 528/528/528 532/532/532
f 533/533/533 528/528/528 1082/1082/1082
f 1083/1083/1083 533/533/533 1082/1082/1082
f 540/540/540 533/533/533 1083/1083/1083
f 552/552/552 540/540/540 1083/1083/1083
f 1084/1084/1084 1082/1082/1082 1075/1075/1075
f 1083/1083/1083 1082/1082/1082 1084/1084/1084
f 552/552/552 1083/1083/1083 1085/1085/1085
f 1085/1085/1085 1083/1083/1083 1084/1084/1084
f 563/563/563 552/552/552 1085/1085/1085
f 1084/1084/1084 1075/1075/1075 1086/1086/1086
f 1086/1086/1086 1075/1075/1075 1076/1076/1076
f 1085/1085/1085 1084/1084/1084 1087/1087/1087
f 1087/1087/1087 1084/1084/1084 1086/1086/1086
f 563/563/563 1085/1085/1085 1088/1088/1088
f 1088/1088/1088 1085/1085/1085 1087/1087/1087
f 568/568/568 563/563/563 1088/1088/1088
f 1086/1086/1086 1076/1076/1076 1089/1089/1089
f 1089/1089/1089 1076/1076/1076 1077/1077/1077
f 1087/1087/1087 1086/1086/1086 1090/1090/1090
f 1090/1090/1090 1086/1086/1086 1089/1089/1089
f 1088/1088/1088 1087/1087/1087 1091/1091/1091
f 1091/1091/1091 1087/1087/1087 1090/1090/1090
f 568/568/568 1088/1088/1088 1092/1092/1092
f 1092/1092/1092 1088/1088/1088 1091/1091/1091
f 573/573/573 568/568/568 1092/1092/1092
f 1089/1089/1089 1077/1077/1077 1093/1093/1093
f 1093/1093/1093 1077/1077/1077 1078/1078/1078
f 1090/1090/1090 1089/1089/1089 1094/1094/1094
f 1094/1094/1094 1089/1089/1089 1093/1093/1093
f 1091/1091/1091 1090/1090/1090 1095/1095/1095
f 1095/1095/1095 1090/1090/1090 1094/1094/1094
f 1092/1092/1092 1091/1091/1091 1096/1096/1096
f 1096/1096/1096 1091/1091/1091 1095/1095/1095
f 573/573/573 1092/1092/1092 1097/1097/1097
f 1097/1097/1097 1092/1092/1092 1096/1096/1096
f 578/578/578 573/573/573 1097/1097/1097
f 1093/1093/1093 1078/1078/1078 1098/1098/1098
f 1098/1098/1098 1078/1078/1078 1079/1079/1079
f 1094/1094/1094 1093/1093/1093 1099/1099/1099
f 1099/1099/1099 1093/1093/1093 1098/1098/1098
f 1095/1095/1095 1094/1094/1094 1100/1100/1100
f 1100/1100/1100 1094/1094/1094 1099/1099/1099
f 1096/1096/1096 1095/1095/1095 1101/1101/1101
f 1101/1101/1101 1095/1095/1095 1100/1100/1100
f 1097/1097/1097 1096/1096/1096 1102/1102/1102
f 1102/1102/1102 1096/1096/1096 1101/1101/1101
f 578/578/578 1097/1097/1097 1103/1103/1103
f 1103/1103/1103 1097/1097/1097 1102/1102/1102
f 583/583/583 578/578/578 1103/1103/1103
f 1098/1098/1098 1079/1079/1079 1104/1104/1104
f 1104/1104/1104 1079/1079/1079 1080/1080/1080
f 1099/1099/1099 1098/1098/1098 1105/1105/1105
f 1105/1105/1105 1098/1098/1098 1104/1104/1104
f 1100/1100/1100 1099/1099/1099 1106/1106/1106
f 1106/1106/1106 1099/1099/1099 1105/1105/1105
f 1101/1101/1101 1100/1100/1100 1107/1107/1107
f 1107/1107/1107 1100/1100/1100 1106/1106/1106
f 1102/1102/1102 1101/1101/1101 1108/1108/1108
f 1108/1108/1108 1101/1101/1101 1107/1107/1107
f 1103/1103/1103 1102/1102/1102 1109/1109/1109
f 1109/1109/1109 1102/1102/1102 1108/1108/1108
f 583/583/583 1103/1103/1103 1110/1110/1110
f 1110/1110/1110 1103/1103/1103 1109/1109/1109
f 588/588/588 583/583/583 1110/1110/1110
f 588/588/588 1110/1110/1110 1111/1111/1111
f 593/593/593 588/588/588 1111/1111/1111
f 1110/1110/1110 1109/1109/1109 1112/1112/1112
f 1111/1111/1111 1110/1110/1110 1112/1112/1112
f 1109/1109/1109 1108/1108/1108 1113/1113/1113
f 1112/1112/1112 1109/1109/1109 1113/1113/1113
f 1108/1108/1108 1107/1107/1107 1114/1114/1114
f 1113/1113/1113 1108/1108/1108 1114/1114/1114
f 1107/1107/1107 1106/1106/1106 1115/1115/1115
f 1114/1114/1114 1107/1107/1107 1115/1115/1115
f 593/593/593 1111/1111/1111 1116/1116/1116
f 598/598/598 593/593/593 1116/1116/1116
f 1111/1111/1111 1112/1112/1112 1117/1117/1117
f 1116/1116/1116 1111/1111/1111 1117/1117/1117
f 1112/1112/1112 1113/1113/1113 1118/1118/1118
f 1117/1117/1117 1112/1112/1112 1118/1118/1118
f 1113/1113/1113 1114/1114/1114 1119/1119/1119
f 1118/1118/1118 1113/1113/1113 1119/1119/1119
f 598/598/598 1116/1116/1116 1120/1120/1120
f 603/603/603 598/598/598 1120/1120/1120
f 1116/1116/1116 1117/1117/1117 1121/1121/1121
f 1120/1120/1120 1116/1116/1116 1121/1121/1121
f 1117/1117/1117 1118/1118/1118 1122/1122/1122
f 1121/1121/1121 1117/1117/1117 1122/1122/1122
f 603/603/603 1120/1120/1120 1123/1123/1123
f 608/608/608 603/603/603 1123/1123/1123
f 1120/1120/1120 1121/1121/1121 1124/1124/1124
f 1123/1123/1123 1120/1120/1120 1124/1124/1124
f 608/608/608 1123/1123/1123 1125/1125/1125
f 613/613/613 608/608/608 1125/1125/1125
f 1119/1119/1119 1114/1114/1114 1126/1126/1126
f 1114/1114/1114 1115/1115/1115 1126/1126/1126
f 1118/1118/1118 1119/1119/1119 1127/1127/1127
f 1122/1122/1122 1118/1118/1118 1127/1127/1127
f 1121/1121/1121 1122/1122/1122 1128/1128/1128
f 1124/1124/1124 1121/1121/1121 1128/1128/1128
f 1123/1123/1123 1124/1124/1124 1129/1129/1129
f 1125/1125/1125 1123/1123/1123 1129/1129/1129
f 613/613/613 1125/1125/1125 1130/1130/1130
f 618/618/618 613/613/613 1130/1130/1130
f 1119/1119/1119 1126/1126/1126 1131/1131/1131
f 1127/1127/1127 1119/1119/1119 1131/1131/1131
f 1122/1122/1122 1127/1127/1127 1132/1132/1132
f 1128/1128/1128 1122/1122/1122 1132/1132/1132
f 1124/1124/1124 1128/1128/1128 1133/1133/1133
f 1129/1129/1129 1124/1124/1124 1133/1133/1133
f 1125/1125/1125 1129/1129/1129 1134/1134/1134
f 1130/1130/1130 1125/1125/1125 1134/1134/1134
f 618/618/618 1130/1130/1130 1135/1135/1135
f 623/623/623 618/618/618 1135/1135/1135
f 1127/1127/1127 1131/1131/1131 1136/1136/1136
f 1132/1132/1132 1127/1127/1127 1136/1136/1136
f 1128/1128/1128 1132/1132/1132 1137/1137/1137
f 1133/1133/1133 1128/1128/1128 1137/1137/1137
f 1129/1129/1129 1133/1133/1133 1138/1138/1138
f 1134/1134/1134 1129/1129/1129 1138/1138/1138
f 1130/1130/1130 1134/1134/1134 1139/1139/1139
f 1135/1135/1135 1130/1130/1130 1139/1139/1139
f 623/623/623 1135/1135/1135 1140/1140/1140
f 628/628/628 623/623/623 1140/1140/1140
f 1132/1132/1132 1136/1136/1136 1141/1141/1141
f 1137/1137/1137 1132/1132/1132 1141/1141/1141
f 1133/1133/1133 1137/1137/1137 1142/1142/1142
f 1138/1138/1138 1133/1133/1133 1142/1142/1142
f 1134/1134/1134 1138/1138/1138 1143/1143/1143
f 1139/1139/1139 1134/1134/1134 1143/1143/1143
f 1135/1135/1135 1139/1139/1139 1144/1144/1144
f 1140/1140/1140 1135/1135/1135 1144/1144/1144
f 628/628/628 1140/1140/1140 1145/1145/1145
f 633/633/633 628/628/628 1145/1145/1145
f 1137/1137/1137 1141/1141/1141 1146/1146/1146
f 1142/1142/1142 1137/1137/1137 1146/1146/1146
f 1138/1138/1138 1142/1142/1142 1147/1147/1147
f 1143/1143/1143 1138/1138/1138 1147/1147/1147
f 1139/1139/1139 1143/1143/1143 1148/1148/1148
f 1144/1144/1144 1139/1139/1139 1148/1148/1148
f 1140/1140/1140 1144/1144/1144 1149/1149/1149
f 1145/1145/1145 1140/1140/1140 1149/1149/1149
f 633/633/633 1145/1145/1145 1150/1150/1150
f 638/638/638 633/633/633 1150/1150/1150
f 1142/1142/1142 1146/1146/1146 1151/1151/1151
f 1147/1147/1147 1142/1142/1142 1151/1151/1151
f 1143/1143/1143 1147/1147/1147 1152/1152/1152
f 1148/1148/1148 1143/1143/1143 1152/1152/1152
f 1144/1144/1144 1148/1148/1148 1153/1153/1153
f 1149/1149/1149 1144/1144/1144 1153/1153/1153
f 1145/1145/1145 1149/1149/1149 1154/1154/1154
f 1150/1150/1150 1145/1145/1145 1154/1154/1154
f 638/638/638 1150/1150/1150 1155/1155/1155
f 643/643/643 638/638/638 1155/1155/1155
f 1147/1147/1147 1151/1151/1151 1156/1156/1156
f 1152/1152/1152 1147/1147/1147 1156/1156/1156
f 1148/1148/1148 1152/1152/1152 1157/1157/1157
f 1153/1153/1153 1148/1148/1148 1157/1157/1157
f 1149/1149/1149 1153/1153/1153 1158/1158/1158
f 1154/1154/1154 1149/1149/1149 1158/1158/1158
f 1150/1150/1150 1154/1154/1154 1159/1159/1159
f 1155/1155/1155 1150/1150/1150 1159/1159/1159
f 643/643/643 1155/1155/1155 1160/1160/1160
f 648/648/648 643/643/643 1160/1160/1160
f 1152/1152/1152 1156/1156/1156 1161/1161/1161
f 1157/1157/1157 1152/1152/1152 1161/1161/1161
f 1153/1153/1153 1157/1157/1157 1162/1162/1162
f 1158/1158/1158 1153/1153/1153 1162/1162/1162
f 1154/1154/1154 1158/1158/1158 1163/1163/1163
f 1159/1159/1159 1154/1154/1154 1163/1163/1163
f 1155/1155/1155 1159/1159/1159 1164/1164/1164
f 1160/1160/1160 1155/1155/1155 1164/1164/1164
f 648/648/648 1160/1160/1160 1165/1165/1165
f 653/653/653 648/648/648 1165/1165/1165
f 1157/1157/1157 1161/1161/1161 1166/1166/1166
f 1162/1162/1162 1157/1157/1157 1166/1166/1166
f 1158/1158/1158 1162/1162/1162 1167/1167/1167
f 1163/1163/1163 1158/1158/1158 1167/1167/1167
f 1159/1159/1159 1163/1163/1163 1168/1168/1168
f 1164/1164/1164 1159/1159/1159 1168/1168/1168
f 1160/1160/1160 1164/1164/1164 1169/1169/1169
f 1165/1165/1165 1160/1160/1160 1169/1169/1169
f 653/653/653 1165/1165/1165 1170/1170/1170
f 658/658/658 653/653/653 1170/1170/1170
f 1162/1162/1162 1166/1166/1166 1171/1171/1171
f 1167/1167/1167 1162/1162/1162 1171/1171/1171
f 1163/1163/1163 1167/1167/1167 1172/1172/1172
f 1168/1168/1168 1163/1163/1163 1172/1172/1172
f 1164/1164/1164 1168/1168/1168 1173/1173/1173
f 1169/1169/1169 1164/1164/1164 1173/1173/1173
f 1165/1165/1165 1169/1169/1169 1174/1174/1174
f 1170/1170/1170 1165/1165/1165 1174/1174/1174
f 658/658/658 1170/1170/1170 1175/1175/1175
f 663/663/663 658/658/658 1175/1175/1175
f 1167/1167/1167 1171/1171/1171 1176/1176/1176
f 1172/1172/1172 1167/1167/1167 1176/1176/1176
f 1168/1168/1168 1172/1172/1172 1177/1177/1177
f 1173/1173/1173 1168/1168/1168 1177/1177/1177
f 1169/1169/1169 1173/1173/1173 1178/1178/1178
f 1174/1174/1174 1169/1169/1169 1178/1178/1178
f 1170/1170/1170 1174/1174/1174 1179/1179/1179
f 1175/1175/1175 1170/1170/1170 1179/1179/1179
f 663/663/663 1175/1175/1175 1180/1180/1180
f 668/668/668 663/663/663 1180/1180/1180
f 1172/1172/1172 1176/1176/1176 1181/1181/1181
f 1177/1177/1177 1172/1172/1172 1181/1181/1181
f 1173/1173/1173 1177/1177/1177 1182/1182/1182
f 1178/1178/1178 1173/1173/1173 1182/1182/1182
f 1174/1174/1174 1178/1178/1178 1183/1183/1183
f 1179/1179/1179 1174/1174/1174 1183/1183/1183
f 1175/1175/1175 1179/1179/1179 1184/1184/1184
f 1180/1180/1180 1175/1175/1175 1184/1184/1184
f 668/668/668 1180/1180/1180 1185/1185/1185
f 673/673/673 668/668/668 1185/1185/1185
f 1177/1177/1177 1181/1181/1181 1186/1186/1186
f 1182/1182/1182 1177/1177/1177 1186/1186/1186
f 1178/1178/1178 1182/1182/1182 1187/1187/1187
f 1183/1183/1183 1178/1178/1178 1187/1187/1187
f 1179/1179/1179 1183/1183/1183 1188/1188/1188
f 1184/1184/1184 1179/1179/1179 1188/1188/1188
f 1180/1180/1180 1184/1184/1184 1189/1189/1189
f 1185/1185/1185 1180/1180/1180 1189/1189/1189
f 673/673/673 1185/1185/1185 1190/1190/1190
f 678/678/678 673/673/673 1190/1190/1190
f 1182/1182/1182 1186/1186/1186 1191/1191/1191
f 1187/1187/1187 1182/1182/1182 1191/1191/1191
f 1183/1183/1183 1187/1187/1187 1192/1192/1192
f 1188/1188/1188 1183/1183/1183 1192/1192/1192
f 1184/1184/1184 1188/1188/1188 1193/1193/1193
f 1189/1189/1189 1184/1184/1184 1193/1193/1193
f 1185/1185/1185 1189/1189/1189 1194/1194/1194
f 1190/1190/1190 1185/1185/1185 1194/1194/1194
f 678/678/678 1190/1190/1190 1195/1195/1195
f 683/683/683 678/678/678 1195/1195/1195
f 1187/1187/1187 1191/1191/1191 1196/1196/1196
f 1192/1192/1192 1187/1187/1187 1196/1196/1196
f 1188/1188/1188 1192/1192/1192 1197/1197/1197
f 1193/1193/1193 1188/1188/1188 1197/1197/1197
f 1189/1189/1189 1193/1193/1193 1198/1198/1198
f 1194/1194/1194 1189/1189/1189 1198/1198/1198
f 1190/1190/1190 1194/1194/1194 1199/1199/1199
f 1195/1195/1195 1190/1190/1190 1199/1199/1199
f 683/683/683 1195/1195/1195 1200/1200/1200
f 688/688/688 683/683/683 1200/1200/1200
f 1192/1192/1192 1196/1196/1196 1201/1201/1201
f 1197/1197/1197 1192/1192/1192 1201/1201/1201
f 1193/1193/1193 1197/1197/1197 1202/1202/1202
f 1198/1198/1198 1193/1193/1193 1202/1202/1202
f 1194/1194/1194 1198/1198/1198 1203/1203/1203
f 1199/1199/1199 1194/1194/1194 1203/1203/1203
f 1195/1195/1195 1199/1199/1199 1204/1204/1204
f 1200/1200/1200 1195/1195/1195 1204/1204/1204
f 688/688/688 1200/1200/1200 1205/1205/1205
f 693/693/693 688/688/688 1205/1205/1205
f 1197/1197/1197 1201/1201/1201 1206/1206/1206
f 1202/1202/1202 1197/1197/1197 1206/1206/1206
f 1198/1198/1198 1202/1202/1202 1207/1207/1207
f 1203/1203/1203 1198/1198/1198 1207/1207/1207
f 1199/1199/1199 1203/1203/1203 1208/1208/1208
f 1204/1204/1204 1199/1199/1199 1208/1208/1208
f 1200/1200/1200 1204/1204/1204 1209/1209/1209
f 1205/1205/1205 1200/1200/1200 1209/1209/1209
f 693/693/693 1205/1205/1205 1210/1210/1210
f 698/698/698 693/693/693 1210/1210/1210
f 1202/1202/1202 1206/1206/1206 1211/1211/1211
f 1207/1207/1207 1202/1202/1202 1211/1211/1211
f 1203/1203/1203 1207/1207/1207 1212/1212/1212
f 1208/1208/1208 1203/1203/1203 1212/1212/1212
f 1204/1204/1204 1208/1208/1208 1213/1213/1213
f 1209/1209/1209 1204/1204/1204 1213/1213/1213
f 1205/1205/1205 1209/1209/1209 1214/1214/1214
f 1210/1210/1210 1205/1205/1205 1214/1214/1214
f 698/698/698 1210/1210/1210 1215/1215/1215
f 703/703/703 698/698/698 1215/1215/1215
f 1207/1207/1207 1211/1211/1211 1216/1216/1216
f 1212/1212/1212 1207/1207/1207 1216/1216/1216
f 1208/1208/1208 1212/1212/1212 1217/1217/1217
f 1213/1213/1213 1208/1208/1208 1217/1217/1217
f 1209/1209/1209 1213/1213/1213 1218/1218/1218
f 1214/1214/1214 1209/1209/1209 1218/1218/1218
f 1210/1210/1210 1214/1214/1214 1219/1219/1219
f 1215/1215/1215 1210/1210/1210 1219/1219/1219
f 703/703/703 1215/1215/1215 1220/1220/1220
f 708/708/708 703/703/703 1220/1220/1220
f 1212/1212/1212 1216/1216/1216 1221/1221/1221
f 1217/1217/1217 1212/1212/1212 1221/1221/1221
f 1213/1213/1213 1217/1217/1217 1222/1222/1222
f 1218/1218/1218 1213/1213/1213 1222/1222/1222
f 1214/1214/1214 1218/1218/1218 1223/1223/1223
f 1219/1219/1219 1214/1214/1214 1223/1223/1223
f 1215/1215/1215 1219/1219/1219 1224/1224/1224
f 1220/1220/1220 1215/1215/1215 1224/1224/1224
f 708/708/708 1220/1220/1220 1225/1225/1225
f 713/713/713 708/708/708 1225/1225/1225
f 713/713/713 1225/1225/1225 770/770/770
f 770/770/770 1225/1225/1225 785/785/785
f 1225/1225/1225 1220/1220/1220 1226/1226/1226
f 1225/1225/1225 1226/1226/1226 785/785/785
f 1220/1220/1220 1224/1224/1224 1226/1226/1226
f 1224/1224/1224 1219/1219/1219 1227/1227/1227
f 1219/1219/1219 1223/1223/1223 1227/1227/1227
f 1223/1223/1223 1218/1218/1218 1228/1228/1228
f 1218/1218/1218 1222/1222/1222 1228/1228/1228
f 785/785/785 1226/1226/1226 1229/1229/1229
f 785/785/785 1229/1229/1229 784/784/784
f 784/784/784 1229/1229/1229 792/792/792
f 1226/1226/1226 1224/1224/1224 1230/1230/1230
f 1226/1226/1226 1230/1230/1230 1229/1229/1229
f 1224/1224/1224 1227/1227/1227 1230/1230/1230
f 1227/1227/1227 1223/1223/1223 1231/1231/1231
f 1223/1223/1223 1228/1228/1228 1231/1231/1231
f 1229/1229/1229 1232/1232/1232 792/792/792
f 1229/1229/1229 1230/1230/1230 1232/1232/1232
f 1230/1230/1230 1227/1227/1227 1233/1233/1233
f 1227/1227/1227 1231/1231/1231 1233/1233/1233
f 1230/1230/1230 1233/1233/1233 1232/1232/1232
f 792/792/792 1232/1232/1232 1234/1234/1234
f 792/792/792 1234/1234/1234 791/791/791
f 791/791/791 1234/1234/1234 798/798/798
f 1232/1232/1232 1233/1233/1233 1235/1235/1235
f 1232/1232/1232 1235/1235/1235 1234/1234/1234
f 1234/1234/1234 1236/1236/1236 798/798/798
f 1234/1234/1234 1235/1235/1235 1236/1236/1236
f 798/798/798 1236/1236/1236 813/813/813
f 1233/1233/1233 1231/1231/1231 1237/1237/1237
f 1233/1233/1233 1237/1237/1237 1235/1235/1235
f 1231/1231/1231 1228/1228/1228 1238/1238/1238
f 1231/1231/1231 1238/1238/1238 1237/1237/1237
f 1236/1236/1236 1239/1239/1239 813/813/813
f 813/813/813 1239/1239/1239 819/819/819
f 1235/1235/1235 1240/1240/1240 1236/1236/1236
f 1235/1235/1235 1237/1237/1237 1240/1240/1240
f 1236/1236/1236 1240/1240/1240 1239/1239/1239
f 1237/1237/1237 1241/1241/1241 1240/1240/1240
f 1237/1237/1237 1238/1238/1238 1241/1241/1241
f 1228/1228/1228 1242/1242/1242 1238/1238/1238
f 1228/1228/1228 1222/1222/1222 1242/1242/1242
f 1240/1240/1240 1243/1243/1243 1239/1239/1239
f 1240/1240/1240 1241/1241/1241 1243/1243/1243
f 1239/1239/1239 1244/1244/1244 819/819/819
f 1239/1239/1239 1243/1243/1243 1244/1244/1244
f 1238/1238/1238 1245/1245/1245 1241/1241/1241
f 1238/1238/1238 1242/1242/1242 1245/1245/1245
f 1222/1222/1222 1246/1246/1246 1242/1242/1242
f 1222/1222/1222 1217/1217/1217 1246/1246/1246
f 1217/1217/1217 1221/1221/1221 1246/1246/1246
f 1241/1241/1241 1247/1247/1247 1243/1243/1243
f 1241/1241/1241 1245/1245/1245 1247/1247/1247
f 1242/1242/1242 1248/1248/1248 1245/1245/1245
f 1242/1242/1242 1246/1246/1246 1248/1248/1248
f 1246/1246/1246 1221/1221/1221 1249/1249/1249
f 1246/1246/1246 1249/1249/1249 1248/1248/1248
f 1245/1245/1245 1248/1248/1248 1250/1250/1250
f 1245/1245/1245 1250/1250/1250 1247/1247/1247
f 1243/1243/1243 1247/1247/1247 1251/1251/1251
f 1243/1243/1243 1251/1251/1251 1244/1244/1244
f 1221/1221/1221 1252/1252/1252 1249/1249/1249
f 1221/1221/1221 1216/1216/1216 1252/1252/1252
f 1248/1248/1248 1249/1249/1249 1253/1253/1253
f 1248/1248/1248 1253/1253/1253 1250/1250/1250
f 1247/1247/1247 1250/1250/1250 1254/1254/1254
f 1247/1247/1247 1254/1254/1254 1251/1251/1251
f 1249/1249/1249 1252/1252/1252 1255/1255/1255
f 1249/1249/1249 1255/1255/1255 1253/1253/1253
f 1216/1216/1216 1256/1256/1256 1252/1252/1252
f 1216/1216/1216 1211/1211/1211 1256/1256/1256
f 1250/1250/1250 1253/1253/1253 1257/1257/1257
f 1250/1250/1250 1257/1257/1257 1254/1254/1254
f 1253/1253/1253 1255/1255/1255 1258/1258/1258
f 1253/1253/1253 1258/1258/1258 1257/1257/1257
f 1252/1252/1252 1259/1259/1259 1255/1255/1255
f 1252/1252/1252 1256/1256/1256 1259/1259/1259
f 1211/1211/1211 1260/1260/1260 1256/1256/1256
f 1211/1211/1211 1206/1206/1206 1260/1260/1260
f 1255/1255/1255 1261/1261/1261 1258/1258/1258
f 1255/1255/1255 1259/1259/1259 1261/1261/1261
f 1256/1256/1256 1262/1262/1262 1259/1259/1259
f 1256/1256/1256 1260/1260/1260 1262/1262/1262
f 1206/1206/1206 1263/1263/1263 1260/1260/1260
f 1206/1206/1206 1201/1201/1201 1263/1263/1263
f 1259/1259/1259 1264/1264/1264 1261/1261/1261
f 1259/1259/1259 1262/1262/1262 1264/1264/1264
f 1260/1260/1260 1265/1265/1265 1262/1262/1262
f 1260/1260/1260 1263/1263/1263 1265/1265/1265
f 1201/1201/1201 1266/1266/1266 1263/1263/1263
f 1201/1201/1201 1196/1196/1196 1266/1266/1266
f 1262/1262/1262 1267/1267/1267 1264/1264/1264
f 1262/1262/1262 1265/1265/1265 1267/1267/1267
f 1263/1263/1263 1268/1268/1268 1265/1265/1265
f 1263/1263/1263 1266/1266/1266 1268/1268/1268
f 1196/1196/1196 1269/1269/1269 1266/1266/1266
f 1196/1196/1196 1191/1191/1191 1269/1269/1269
f 1265/1265/1265 1270/1270/1270 1267/1267/1267
f 1265/1265/1265 1268/1268/1268 1270/1270/1270
f 1266/1266/1266 1271/1271/1271 1268/1268/1268
f 1266/1266/1266 1269/1269/1269 1271/1271/1271
f 1191/1191/1191 1272/1272/1272 1269/1269/1269
f 1191/1191/1191 1186/1186/1186 1272/1272/1272
f 1268/1268/1268 1273/1273/1273 1270/1270/1270
f 1268/1268/1268 1271/1271/1271 1273/1273/1273
f 1269/1269/1269 1274/1274/1274 1271/1271/1271
f 1269/1269/1269 1272/1272/1272 1274/1274/1274
f 1186/1186/1186 1275/1275/1275 1272/1272/1272
f 1186/1186/1186 1181/1181/1181 1275/1275/1275
f 1271/1271/1271 1276/1276/1276 1273/1273/1273
f 1271/1271/1271 1274/1274/1274 1276/1276/1276
f 1272/1272/1272 1277/1277/1277 1274/1274/1274
f 1272/1272/1272 1275/1275/1275 1277/1277/1277
f 1181/1181/1181 1278/1278/1278 1275/1275/1275
f 1181/1181/1181 1176/1176/1176 1278/1278/1278
f 1274/1274/1274 1279/1279/1279 1276/1276/1276
f 1274/1274/1274 1277/1277/1277 1279/1279/1279
f 1275/1275/1275 1280/1280/1280 1277/1277/1277
f 1275/1275/1275 1278/1278/1278 1280/1280/1280
f 1176/1176/1176 1281/1281/1281 1278/1278/1278
f 1176/1176/1176 1171/1171/1171 1281/1281/1281
f 1277/1277/1277 1282/1282/1282 1279/1279/1279
f 1277/1277/1277 1280/1280/1280 1282/1282/1282
f 1278/1278/1278 1283/1283/1283 1280/1280/1280
f 1278/1278/1278 1281/1281/1281 1283/1283/1283
f 1171/1171/1171 1284/1284/1284 1281/1281/1281
f 1171/1171/1171 1166/1166/1166 1284/1284/1284
f 1280/1280/1280 1285/1285/1285 1282/1282/1282
f 1280/1280/1280 1283/1283/1283 1285/1285/1285
f 1281/1281/1281 1286/1286/1286 1283/1283/1283
f 1281/1281/1281 1284/1284/1284 1286/1286/1286
f 1166/1166/1166 1287/1287/1287 1284/1284/1284
f 1166/1166/1166 1161/1161/1161 1287/1287/1287
f 1283/1283/1283 1288/1288/1288 1285/1285/1285
f 1283/1283/1283 1286/1286/1286 1288/1288/1288
f 1284/1284/1284 1289/1289/1289 1286/1286/1286
f 1284/1284/1284 1287/1287/1287 1289/1289/1289
f 1161/1161/1161 1290/1290/1290 1287/1287/1287
f 1161/1161/1161 1156/1156/1156 1290/1290/1290
f 1286/1286/1286 1291/1291/1291 1288/1288/1288
f 1286/1286/1286 1289/1289/1289 1291/1291/1291
f 1287/1287/1287 1292/1292/1292 1289/1289/1289
f 1287/1287/1287 1290/1290/1290 1292/1292/1292
f 1156/1156/1156 1293/1293/1293 1290/1290/1290
f 1156/1156/1156 1151/1151/1151 1293/1293/1293
f 1289/1289/1289 1294/1294/1294 1291/1291/1291
f 1289/1289/1289 1292/1292/1292 1294/1294/1294
f 1290/1290/1290 1295/1295/1295 1292/1292/1292
f 1290/1290/1290 1293/1293/1293 1295/1295/1295
f 1151/1151/1151 1296/1296/1296 1293/1293/1293
f 1151/1151/1151 1146/1146/1146 1296/1296/1296
f 1292/1292/1292 1297/1297/1297 1294/1294/1294
f 1292/1292/1292 1295/1295/1295 1297/1297/1297
f 1293/1293/1293 1298/1298/1298 1295/1295/1295
f 1293/1293/1293 1296/1296/1296 1298/1298/1298
f 1146/1146/1146 1299/1299/1299 1296/1296/1296
f 1146/1146/1146 1141/1141/1141 1299/1299/1299
f 1295/1295/1295 1300/1300/1300 1297/1297/1297
f 1295/1295/1295 1298/1298/1298 1300/1300/1300
f 1296/1296/1296 1301/1301/1301 1298/1298/1298
f 1296/1296/1296 1299/1299/1299 1301/1301/1301
f 1141/1141/1141 1302/1302/1302 1299/1299/1299
f 1141/1141/1141 1136/1136/1136 1302/1302/1302
f 1298/1298/1298 1303/1303/1303 1300/1300/1300
f 1298/1298/1298 1301/1301/1301 1303/1303/1303
f 1299/1299/1299 1304/1304/1304 1301/1301/1301
f 1299/1299/1299 1302/1302/1302 1304/1304/1304
f 1136/1136/1136 1305/1305/1305 1302/1302/1302
f 1136/1136/1136 1131/1131/1131 1305/1305/1305
f 1301/1301/1301 1306/1306/1306 1303/1303/1303
f 1301/1301/1301 1304/1304/1304 1306/1306/1306
f 1302/1302/1302 1307/1307/1307 1304/1304/1304
f 1302/1302/1302 1305/1305/1305 1307/1307/1307
f 1131/1131/1131 1308/1308/1308 1305/1305/1305
f 1131/1131/1131 1126/1126/1126 1308/1308/1308
f 1304/1304/1304 1309/1309/1309 1306/1306/1306
f 1304/1304/1304 1307/1307/1307 1309/1309/1309
f 1305/1305/1305 1310/1310/1310 1307/1307/1307
f 1305/1305/1305 1308/1308/1308 1310/1310/1310
f 1126/1126/1126 1311/1311/1311 1308/1308/1308
f 1126/1126/1126 1115/1115/1115 1311/1311/1311
f 1307/1307/1307 1312/1312/1312 1309/1309/1309
f 1307/1307/1307 1310/1310/1310 1312/1312/1312
f 1308/1308/1308 1313/1313/1313 1310/1310/1310
f 1308/1308/1308 1311/1311/1311 1313/1313/1313
f 1115/1115/1115 1314/1314/1314 1311/1311/1311
f 1115/1115/1115 1106/1106/1106 1314/1314/1314
f 1106/1106/1106 1105/1105/1105 1314/1314/1314
f 1311/1311/1311 1314/1314/1314 1315/1315/1315
f 1311/1311/1311 1315/1315/1315 1313/1313/1313
f 1314/1314/1314 1105/1105/1105 1316/1316/1316
f 1314/1314/1314 1316/1316/1316 1315/1315/1315
f 1105/1105/1105 1104/1104/1104 1316/1316/1316
f 1310/1310/1310 1313/1313/1313 1317/1317/1317
f 1310/1310/1310 1317/1317/1317 1312/1312/1312
f 1313/1313/1313 1315/1315/1315 1318/1318/1318
f 1313/1313/1313 1318/1318/1318 1317/1317/1317
f 1315/1315/1315 1316/1316/1316 1319/1319/1319
f 1315/1315/1315 1319/1319/1319 1318/1318/1318
f 1316/1316/1316 1104/1104/1104 1320/1320/1320
f 1316/1316/1316 1320/1320/1320 1319/1319/1319
f 1104/1104/1104 1080/1080/1080 1320/1320/1320
f 1320/1320/1320 1080/1080/1080 1081/1081/1081
f 1319/1319/1319 1320/1320/1320 1321/1321/1321
f 1320/1320/1320 1081/1081/1081 1321/1321/1321
f 1318/1318/1318 1319/1319/1319 1322/1322/1322
f 1319/1319/1319 1321/1321/1321 1322/1322/1322
f 1317/1317/1317 1318/1318/1318 1323/1323/1323
f 1318/1318/1318 1322/1322/1322 1323/1323/1323
f 1312/1312/1312 1317/1317/1317 1324/1324/1324
f 1317/1317/1317 1323/1323/1323 1324/1324/1324
f 1321/1321/1321 1081/1081/1081 1325/1325/1325
f 1081/1081/1081 1074/1074/1074 1325/1325/1325
f 1325/1325/1325 1074/1074/1074 1062/1062/1062
f 1322/1322/1322 1321/1321/1321 1326/1326/1326
f 1321/1321/1321 1325/1325/1325 1326/1326/1326
f 1325/1325/1325 1062/1062/1062 1327/1327/1327
f 1326/1326/1326 1325/1325/1325 1327/1327/1327
f 1327/1327/1327 1062/1062/1062 1005/1005/1005
f 1327/1327/1327 1005/1005/1005 999/999/999
f 1328/1328/1328 1327/1327/1327 999/999/999
f 1326/1326/1326 1327/1327/1327 1328/1328/1328
f 1328/1328/1328 999/999/999 993/993/993
f 1322/1322/1322 1326/1326/1326 1329/1329/1329
f 1323/1323/1323 1322/1322/1322 1329/1329/1329
f 1329/1329/1329 1326/1326/1326 1328/1328/1328
f 1330/1330/1330 1328/1328/1328 993/993/993
f 1329/1329/1329 1328/1328/1328 1330/1330/1330
f 1330/1330/1330 993/993/993 987/987/987
f 1323/1323/1323 1329/1329/1329 1331/1331/1331
f 1331/1331/1331 1329/1329/1329 1330/1330/1330
f 1324/1324/1324 1323/1323/1323 1331/1331/1331
f 1332/1332/1332 1330/1330/1330 987/987/987
f 1331/1331/1331 1330/1330/1330 1332/1332/1332
f 1332/1332/1332 987/987/987 981/981/981
f 1324/1324/1324 1331/1331/1331 1333/1333/1333
f 1333/1333/1333 1331/1331/1331 1332/1332/1332
f 1334/1334/1334 1332/1332/1332 981/981/981
f 1333/1333/1333 1332/1332/1332 1334/1334/1334
f 1334/1334/1334 981/981/981 975/975/975
f 1335/1335/1335 1324/1324/1324 1333/1333/1333
f 1312/1312/1312 1324/1324/1324 1335/1335/1335
f 1309/1309/1309 1312/1312/1312 1335/1335/1335
f 1336/1336/1336 1334/1334/1334 975/975/975
f 1336/1336/1336 975/975/975 969/969/969
f 1337/1337/1337 1333/1333/1333 1334/1334/1334
f 1335/1335/1335 1333/1333/1333 1337/1337/1337
f 1337/1337/1337 1334/1334/1334 1336/1336/1336
f 1309/1309/1309 1335/1335/1335 1338/1338/1338
f 1338/1338/1338 1335/1335/1335 1337/1337/1337
f 1306/1306/1306 1309/1309/1309 1338/1338/1338
f 1339/1339/1339 1336/1336/1336 969/969/969
f 1339/1339/1339 969/969/969 963/963/963
f 1340/1340/1340 1337/1337/1337 1336/1336/1336
f 1338/1338/1338 1337/1337/1337 1340/1340/1340
f 1340/1340/1340 1336/1336/1336 1339/1339/1339
f 1306/1306/1306 1338/1338/1338 1341/1341/1341
f 1341/1341/1341 1338/1338/1338 1340/1340/1340
f 1303/1303/1303 1306/1306/1306 1341/1341/1341
f 1342/1342/1342 1339/1339/1339 963/963/963
f 1342/1342/1342 963/963/963 957/957/957
f 1343/1343/1343 1340/1340/1340 1339/1339/1339
f 1341/1341/1341 1340/1340/1340 1343/1343/1343
f 1343/1343/1343 1339/1339/1339 1342/1342/1342
f 1303/1303/1303 1341/1341/1341 1344/1344/1344
f 1344/1344/1344 1341/1341/1341 1343/1343/1343
f 1300/1300/1300 1303/1303/1303 1344/1344/1344
f 1345/1345/1345 1342/1342/1342 957/957/957
f 1345/1345/1345 957/957/957 951/951/951
f 1346/1346/1346 1343/1343/1343 1342/1342/1342
f 1344/1344/1344 1343/1343/1343 1346/1346/1346
f 1346/1346/1346 1342/1342/1342 1345/1345/1345
f 1300/1300/1300 1344/1344/1344 1347/1347/1347
f 1347/1347/1347 1344/1344/1344 1346/1346/1346
f 1297/1297/1297 1300/1300/1300 1347/1347/1347
f 1348/1348/1348 1345/1345/1345 951/951/951
f 1348/1348/1348 951/951/951 945/945/945
f 1349/1349/1349 1346/1346/1346 1345/1345/1345
f 1347/1347/1347 1346/1346/1346 1349/1349/1349
f 1349/1349/1349 1345/1345/1345 1348/1348/1348
f 1297/1297/1297 1347/1347/1347 1350/1350/1350
f 1350/1350/1350 1347/1347/1347 1349/1349/1349
f 1294/1294/1294 1297/1297/1297 1350/1350/1350
f 1351/1351/1351 1348/1348/1348 945/945/945
f 1351/1351/1351 945/945/945 939/939/939
f 1352/1352/1352 1349/1349/1349 1348/1348/1348
f 1350/1350/1350 1349/1349/1349 1352/1352/1352
f 1352/1352/1352 1348/1348/1348 1351/1351/1351
f 1294/1294/1294 1350/1350/1350 1353/1353/1353
f 1353/1353/1353 1350/1350/1350 1352/1352/1352
f 1291/1291/1291 1294/1294/1294 1353/1353/1353
f 1354/1354/1354 1351/1351/1351 939/939/939
f 1354/1354/1354 939/939/939 933/933/933
f 1355/1355/1355 1352/1352/1352 1351/1351/1351
f 1353/1353/1353 1352/1352/1352 1355/1355/1355
f 1355/1355/1355 1351/1351/1351 1354/1354/1354
f 1291/1291/1291 1353/1353/1353 1356/1356/1356
f 1356/1356/1356 1353/1353/1353 1355/1355/1355
f 1288/1288/1288 1291/1291/1291 1356/1356/1356
f 1357/1357/1357 1354/1354/1354 933/933/933
f 1357/1357/1357 933/933/933 927/927/927
f 1358/1358/1358 1355/1355/1355 1354/1354/1354
f 1356/1356/1356 1355/1355/1355 1358/1358/1358
f 1358/1358/1358 1354/1354/1354 1357/1357/1357
f 1288/1288/1288 1356/1356/1356 1359/1359/1359
f 1359/1359/1359 1356/1356/1356 1358/1358/1358
f 1285/1285/1285 1288/1288/1288 1359/1359/1359
f 1360/1360/1360 1357/1357/1357 927/927/927
f 1360/1360/1360 927/927/927 921/921/921
f 1361/1361/1361 1358/1358/1358 1357/1357/1357
f 1359/1359/1359 1358/1358/1358 1361/1361/1361
f 1361/1361/1361 1357/1357/1357 1360/1360/1360
f 1285/1285/1285 1359/1359/1359 1362/1362/1362
f 1362/1362/1362 1359/1359/1359 1361/1361/1361
f 1282/1282/1282 1285/1285/1285 1362/1362/1362
f 1363/1363/1363 1360/1360/1360 921/921/921
f 1363/1363/1363 921/921/921 915/915/915
f 1364/1364/1364 1361/1361/1361 1360/1360/1360
f 1362/1362/1362 1361/1361/1361 1364/1364/1364
f 1364/1364/1364 1360/1360/1360 1363/1363/1363
f 1282/1282/1282 1362/1362/1362 1365/1365/1365
f 1365/1365/1365 1362/1362/1362 1364/1364/1364
f 1279/1279/1279 1282/1282/1282 1365/1365/1365
f 1366/1366/1366 1363/1363/1363 915/915/915
f 1366/1366/1366 915/915/915 909/909/909
f 1367/1367/1367 1364/1364/1364 1363/1363/1363
f 1365/1365/1365 1364/1364/1364 1367/1367/1367
f 1367/1367/1367 1363/1363/1363 1366/1366/1366
f 1279/1279/1279 1365/1365/1365 1368/1368/1368
f 1368/1368/1368 1365/1365/1365 1367/1367/1367
f 1276/1276/1276 1279/1279/1279 1368/1368/1368
f 1369/1369/1369 1366/1366/1366 909/909/909
f 1369/1369/1369 909/909/909 903/903/903
f 1370/1370/1370 1367/1367/1367 1366/1366/1366
f 1368/1368/1368 1367/1367/1367 1370/1370/1370
f 1370/1370/1370 1366/1366/1366 1369/1369/1369
f 1276/1276/1276 1368/1368/1368 1371/1371/1371
f 1371/1371/1371 1368/1368/1368 1370/1370/1370
f 1273/1273/1273 1276/1276/1276 1371/1371/1371
f 1372/1372/1372 1369/1369/1369 903/903/903
f 1372/1372/1372 903/903/903 897/897/897
f 1373/1373/1373 1370/1370/1370 1369/1369/1369
f 1371/1371/1371 1370/1370/1370 1373/1373/1373
f 1373/1373/1373 1369/1369/1369 1372/1372/1372
f 1273/1273/1273 1371/1371/1371 1374/1374/1374
f 1374/1374/1374 1371/1371/1371 1373/1373/1373
f 1270/1270/1270 1273/1273/1273 1374/1374/1374
f 1375/1375/1375 1372/1372/1372 897/897/897
f 1375/1375/1375 897/897/897 891/891/891
f 1376/1376/1376 1373/1373/1373 1372/1372/1372
f 1374/1374/1374 1373/1373/1373 1376/1376/1376
f 1376/1376/1376 1372/1372/1372 1375/1375/1375
f 1270/1270/1270 1374/1374/1374 1377/1377/1377
f 1377/1377/1377 1374/1374/1374 1376/1376/1376
f 1267/1267/1267 1270/1270/1270 1377/1377/1377
f 1378/1378/1378 1375/1375/1375 891/891/891
f 1378/1378/1378 891/891/891 885/885/885
f 1379/1379/1379 1376/1376/1376 1375/1375/1375
f 1377/1377/1377 1376/1376/1376 1379/1379/1379
f 1379/1379/1379 1375/1375/1375 1378/1378/1378
f 1267/1267/1267 1377/1377/1377 1380/1380/1380
f 1380/1380/1380 1377/1377/1377 1379/1379/1379
f 1264/1264/1264 1267/1267/1267 1380/1380/1380
f 1381/1381/1381 1378/1378/1378 885/885/885
f 1381/1381/1381 885/885/885 879/879/879
f 1382/1382/1382 1379/1379/1379 1378/1378/1378
f 1380/1380/1380 1379/1379/1379 1382/1382/1382
f 1382/1382/1382 1378/1378/1378 1381/1381/1381
f 1264/1264/1264 1380/1380/1380 1383/1383/1383
f 1383/1383/1383 1380/1380/1380 1382/1382/1382
f 1261/1261/1261 1264/1264/1264 1383/1383/1383
f 1384/1384/1384 1381/1381/1381 879/879/879
f 1384/1384/1384 879/879/879 873/873/873
f 1385/1385/1385 1382/1382/1382 1381/1381/1381
f 1383/1383/1383 1382/1382/1382 1385/1385/1385
f 1385/1385/1385 1381/1381/1381 1384/1384/1384
f 1261/1261/1261 1383/1383/1383 1386/1386/1386
f 1386/1386/1386 1383/1383/1383 1385/1385/1385
f 1258/1258/1258 1261/1261/1261 1386/1386/1386
f 1387/1387/1387 1384/1384/1384 873/873/873
f 1387/1387/1387 873/873/873 867/867/867
f 1388/1388/1388 1385/1385/1385 1384/1384/1384
f 1386/1386/1386 1385/1385/1385 1388/1388/1388
f 1388/1388/1388 1384/1384/1384 1387/1387/1387
f 1258/1258/1258 1386/1386/1386 1389/1389/1389
f 1389/1389/1389 1386/1386/1386 1388/1388/1388
f 1257/1257/1257 1258/1258/1258 1389/1389/1389
f 1390/1390/1390 1387/1387/1387 867/867/867
f 1390/1390/1390 867/867/867 861/861/861
f 1391/1391/1391 1388/1388/1388 1387/1387/1387
f 1389/1389/1389 1388/1388/1388 1391/1391/1391
f 1391/1391/1391 1387/1387/1387 1390/1390/1390
f 1257/1257/1257 1389/1389/1389 1392/1392/1392
f 1392/1392/1392 1389/1389/1389 1391/1391/1391
f 1254/1254/1254 1257/1257/1257 1392/1392/1392
f 1393/1393/1393 1390/1390/1390 861/861/861
f 1393/1393/1393 861/861/861 846/846/846
f 1394/1394/1394 1391/1391/1391 1390/1390/1390
f 1392/1392/1392 1391/1391/1391 1394/1394/1394
f 1394/1394/1394 1390/1390/1390 1393/1393/1393
f 1254/1254/1254 1392/1392/1392 1395/1395/1395
f 1395/1395/1395 1392/1392/1392 1394/1394/1394
f 1251/1251/1251 1254/1254/1254 1395/1395/1395
f 1396/1396/1396 1393/1393/1393 846/846/846
f 1396/1396/1396 846/846/846 835/835/835
f 830/830/830 1396/1396/1396 835/835/835
f 1397/1397/1397 1394/1394/1394 1393/1393/1393
f 1395/1395/1395 1394/1394/1394 1397/1397/1397
f 1397/1397/1397 1393/1393/1393 1396/1396/1396
f 1251/1251/1251 1395/1395/1395 1398/1398/1398
f 1398/1398/1398 1395/1395/1395 1397/1397/1397
f 1244/1244/1244 1251/1251/1251 1398/1398/1398
f 1399/1399/1399 1396/1396/1396 830/830/830
f 1399/1399/1399 1397/1397/1397 1396/1396/1396
f 1398/1398/1398 1397/1397/1397 1399/1399/1399
f 820/820/820 1399/1399/1399 830/830/830
f 1244/1244/1244 1398/1398/1398 1400/1400/1400
f 1400/1400/1400 1398/1398/1398 1399/1399/1399
f 1400/1400/1400 1399/1399/1399 820/820/820
f 819/819/819 1244/1244/1244 1400/1400/1400
f 814/814/814 1400/1400/1400 820/820/820
f 819/819/819 1400/1400/1400 814/814/814

