mtllib material.mtl
usemtl material_0
v -0.00049000 0.01000000 0.00051000
v -0.00049000 0.01000000 -0.00050000
v 0.00050000 0.01000000 -0.00050000
v 0.00050000 0.01000000 0.00051000
v -0.20817000 0.50161000 -0.14888000
v -0.20542000 0.49814000 -0.14996000
v -0.20757000 0.49775000 -0.14845000
v 0.20575000 0.49814000 -0.15002000
v 0.20800000 0.49775000 -0.14867000
v 0.20623000 0.49439000 -0.14729000
v 0.20144000 0.49308000 0.14736000
v 0.20038000 0.49215000 0.14960000
v 0.19733000 0.49141000 0.14752000
v 0.20967000 0.50181000 0.15587000
v 0.21081000 0.49554000 0.15370000
v 0.20866000 0.49593000 0.15521000
v 0.20967000 0.63984000 0.15587000
v 0.21187000 0.63984000 0.15442000
v 0.21187000 0.50196000 0.15442000
v -0.20534000 0.49814000 0.14980000
v -0.20759000 0.49775000 0.14845000
v -0.20582000 0.49439000 0.14706000
v 0.02822000 0.49055000 -0.00403000
v 0.01861000 0.48901000 -0.00373000
v 0.02822000 0.48901000 -0.00373000
v 0.02822000 0.49055000 0.00404000
v 0.01861000 0.49210000 0.00374000
v 0.02822000 0.49210000 0.00374000
v 0.01650000 0.48090000 -0.01649000
v 0.00893000 0.49797000 -0.02154000
v 0.00893000 0.48090000 -0.02154000
v 0.01650000 0.49797000 -0.01649000
v 0.02155000 0.48090000 -0.00892000
v 0.02155000 0.49797000 -0.00892000
v 0.02333000 0.48090000 0.00000000
v 0.02333000 0.49797000 0.00000000
v 0.02155000 0.48090000 0.00893000
v 0.02155000 0.49797000 0.00893000
v 0.00893000 0.48090000 -0.02154000
v 0.00893000 0.49797000 -0.02154000
v 0.00000000 0.49797000 -0.02332000
v 0.00000000 0.48090000 -0.02332000
v -0.00892000 0.49797000 -0.02154000
v -0.00892000 0.48090000 -0.02154000
v -0.00892000 0.48090000 -0.02154000
v -0.00892000 0.49797000 -0.02154000
v -0.01649000 0.49797000 -0.01649000
v -0.01649000 0.48090000 -0.01649000
v -0.02154000 0.49797000 -0.00892000
v -0.02154000 0.48090000 -0.00892000
v -0.02332000 0.49797000 0.00000000
v -0.02332000 0.48090000 0.00000000
v -0.02154000 0.49797000 0.00893000
v -0.02154000 0.48090000 0.00893000
v -0.01649000 0.49797000 0.01650000
v -0.01649000 0.48090000 0.01650000
v -0.00892000 0.49797000 0.02155000
v -0.00892000 0.48090000 0.02155000
v -0.00892000 0.48090000 0.02155000
v -0.00892000 0.49797000 0.02155000
v 0.00000000 0.49797000 0.02333000
v 0.00000000 0.48090000 0.02333000
v 0.00893000 0.49797000 0.02155000
v 0.00893000 0.48090000 0.02155000
v 0.00893000 0.48090000 0.02155000
v 0.00893000 0.49797000 0.02155000
v 0.01650000 0.49797000 0.01650000
v 0.01650000 0.48090000 0.01650000
v -0.21224000 0.77517000 -0.15579000
v -0.21224000 0.75912000 -0.15579000
v -0.21224000 0.75912000 0.15580000
v -0.21224000 0.77517000 0.15580000
v 0.21225000 0.77517000 -0.15579000
v 0.21225000 0.75912000 -0.15579000
v -0.21224000 0.75912000 -0.15579000
v -0.21224000 0.77517000 -0.15579000
v 0.21225000 0.77517000 0.15580000
v 0.21225000 0.75912000 0.15580000
v 0.21225000 0.75912000 -0.15579000
v 0.21225000 0.77517000 -0.15579000
v -0.21224000 0.77517000 0.15580000
v -0.21224000 0.75912000 0.15580000
v 0.21225000 0.75912000 0.15580000
v 0.21225000 0.77517000 0.15580000
v -0.21714000 0.48514000 0.16070000
v -0.21714000 0.50534000 0.16070000
v 0.21715000 0.50534000 0.16070000
v 0.21715000 0.48514000 0.16070000
v -0.21714000 0.50534000 -0.16069000
v -0.21714000 0.48514000 -0.16069000
v 0.21715000 0.48514000 -0.16069000
v 0.21715000 0.50534000 -0.16069000
v 0.21715000 0.48514000 0.16070000
v 0.21715000 0.50534000 0.16070000
v 0.21715000 0.50534000 -0.16069000
v 0.21715000 0.48514000 -0.16069000
v -0.21714000 0.48514000 -0.16069000
v -0.21714000 0.50534000 -0.16069000
v -0.21714000 0.50534000 0.16070000
v -0.21714000 0.48514000 0.16070000
v -0.21714000 0.75912000 -0.16069000
v -0.21714000 0.77517000 -0.16069000
v -0.21714000 0.77517000 0.16070000
v -0.21714000 0.75912000 0.16070000
v -0.21714000 0.77517000 -0.16069000
v -0.21714000 0.75912000 -0.16069000
v 0.21715000 0.75912000 -0.16069000
v 0.21715000 0.77517000 -0.16069000
v 0.21715000 0.75912000 0.16070000
v 0.21715000 0.77517000 0.16070000
v 0.21715000 0.77517000 -0.16069000
v 0.21715000 0.75912000 -0.16069000
v -0.21714000 0.75912000 0.16070000
v -0.21714000 0.77517000 0.16070000
v 0.21715000 0.77517000 0.16070000
v 0.21715000 0.75912000 0.16070000
v -0.20124000 0.49308000 -0.14712000
v -0.20019000 0.49215000 -0.14937000
v -0.19713000 0.49141000 -0.14729000
v -0.19849000 0.49242000 -0.14528000
v -0.00725000 0.49242000 -0.00487000
v -0.00595000 0.49141000 -0.00692000
v -0.00855000 0.49141000 -0.00281000
v -0.19984000 0.49140000 -0.14322000
v -0.20293000 0.49215000 -0.14531000
v -0.20571000 0.49439000 -0.14720000
v -0.20375000 0.49511000 -0.14882000
v -0.20757000 0.49775000 -0.14845000
v -0.20542000 0.49814000 -0.14996000
v -0.20375000 0.49511000 -0.14882000
v -0.20297000 0.49439000 -0.15125000
v -0.20019000 0.49215000 -0.14937000
v -0.20124000 0.49308000 -0.14712000
v -0.20483000 0.49775000 -0.15251000
v -0.20597000 0.50146000 -0.15033000
v -0.20544000 0.50146000 -0.15291000
v -0.20609000 0.49684000 -0.15456000
v -0.20544000 0.63984000 -0.15291000
v -0.20597000 0.63984000 -0.15033000
v -0.20817000 0.63984000 -0.14888000
v -0.20039000 0.48995000 -0.15070000
v -0.19672000 0.48655000 -0.14702000
v -0.19630000 0.48897000 -0.14793000
v -0.20169000 0.48775000 -0.15039000
v -0.20381000 0.49271000 -0.15301000
v -0.20575000 0.49102000 -0.15314000
v -0.20609000 0.49684000 -0.15456000
v -0.20847000 0.49593000 -0.15497000
v -0.20689000 0.50161000 -0.15511000
v -0.20947000 0.50181000 -0.15564000
v -0.20947000 0.63984000 -0.15564000
v -0.20689000 0.63984000 -0.15511000
v -0.20847000 0.49593000 -0.15497000
v -0.21062000 0.49554000 -0.15347000
v -0.20772000 0.49031000 -0.15151000
v -0.20575000 0.49102000 -0.15314000
v -0.20339000 0.48681000 -0.14858000
v -0.20169000 0.48775000 -0.15039000
v -0.19806000 0.48553000 -0.14497000
v -0.19672000 0.48655000 -0.14702000
v -0.00595000 0.48654000 -0.00692000
v -0.00725000 0.48554000 -0.00487000
v -0.19943000 0.48654000 -0.14295000
v -0.20444000 0.48775000 -0.14633000
v -0.00855000 0.48654000 -0.00281000
v -0.20947000 0.50181000 -0.15564000
v -0.21062000 0.49554000 -0.15347000
v -0.20847000 0.49593000 -0.15497000
v -0.21167000 0.50196000 -0.15418000
v -0.21167000 0.63984000 -0.15418000
v -0.20947000 0.63984000 -0.15564000
v -0.21220000 0.63984000 -0.15160000
v -0.21220000 0.50196000 -0.15160000
v -0.21121000 0.49593000 -0.15092000
v -0.20850000 0.49102000 -0.14908000
v -0.20772000 0.49031000 -0.15151000
v -0.20444000 0.48775000 -0.14633000
v -0.20339000 0.48681000 -0.14858000
v -0.20424000 0.48995000 -0.14501000
v -0.19984000 0.49140000 -0.14322000
v -0.20025000 0.48899000 -0.14231000
v -0.20293000 0.49215000 -0.14531000
v -0.20766000 0.49271000 -0.14732000
v -0.20571000 0.49439000 -0.14720000
v -0.20994000 0.49684000 -0.14887000
v -0.20757000 0.49775000 -0.14845000
v -0.21075000 0.50181000 -0.14940000
v -0.20817000 0.50161000 -0.14888000
v -0.20817000 0.63984000 -0.14888000
v -0.21075000 0.63984000 -0.14940000
v -0.20689000 0.63984000 -0.15511000
v -0.20689000 0.50161000 -0.15511000
v -0.20381000 0.49271000 -0.15301000
v -0.20039000 0.48995000 -0.15070000
v -0.19630000 0.48897000 -0.14793000
v -0.19713000 0.49141000 -0.14729000
v -0.00595000 0.49141000 -0.00692000
v -0.00541000 0.48898000 -0.00778000
v -0.19672000 0.48655000 -0.14702000
v -0.00595000 0.48654000 -0.00692000
v -0.21075000 0.63984000 -0.14940000
v -0.21075000 0.50181000 -0.14940000
v -0.20994000 0.49684000 -0.14887000
v -0.20766000 0.49271000 -0.14732000
v -0.20424000 0.48995000 -0.14501000
v -0.20025000 0.48899000 -0.14231000
v -0.19943000 0.48654000 -0.14295000
v -0.00855000 0.48654000 -0.00281000
v -0.00909000 0.48898000 -0.00195000
v -0.19984000 0.49140000 -0.14322000
v -0.00855000 0.49141000 -0.00281000
v -0.21075000 0.63984000 -0.14940000
v -0.21220000 0.63984000 -0.15160000
v -0.21167000 0.63984000 -0.15418000
v -0.20817000 0.63984000 -0.14888000
v -0.20947000 0.63984000 -0.15564000
v -0.20597000 0.63984000 -0.15033000
v -0.20689000 0.63984000 -0.15511000
v -0.20544000 0.63984000 -0.15291000
v 0.20177000 0.49308000 -0.14691000
v 0.20359000 0.49215000 -0.14522000
v 0.20067000 0.49141000 -0.14295000
v 0.19917000 0.49242000 -0.14486000
v 0.20057000 0.49215000 -0.14908000
v 0.19763000 0.49140000 -0.14678000
v 0.00531000 0.49141000 -0.00727000
v 0.00687000 0.49242000 -0.00540000
v 0.00843000 0.49141000 -0.00353000
v 0.20416000 0.49511000 -0.14878000
v 0.20628000 0.50146000 -0.15043000
v 0.20800000 0.49775000 -0.14867000
v 0.20575000 0.49814000 -0.15002000
v 0.20857000 0.50146000 -0.14914000
v 0.20857000 0.63984000 -0.14914000
v 0.20628000 0.63984000 -0.15043000
v 0.20623000 0.49439000 -0.14729000
v 0.20491000 0.48995000 -0.14501000
v 0.20359000 0.49215000 -0.14522000
v 0.20817000 0.49271000 -0.14755000
v 0.21034000 0.49684000 -0.14925000
v 0.21111000 0.50161000 -0.14984000
v 0.21111000 0.63984000 -0.14984000
v 0.20888000 0.49102000 -0.14936000
v 0.20382000 0.48681000 -0.14851000
v 0.20502000 0.48775000 -0.14634000
v 0.20794000 0.49031000 -0.15173000
v 0.21146000 0.49593000 -0.15138000
v 0.21069000 0.49554000 -0.15389000
v 0.21240000 0.50181000 -0.15214000
v 0.21170000 0.50196000 -0.15467000
v 0.21111000 0.50161000 -0.14984000
v 0.21240000 0.63984000 -0.15214000
v 0.21111000 0.63984000 -0.14984000
v 0.21034000 0.49684000 -0.14925000
v 0.20817000 0.49271000 -0.14755000
v 0.20491000 0.48995000 -0.14501000
v 0.20029000 0.48655000 -0.14264000
v 0.20103000 0.48897000 -0.14197000
v 0.20359000 0.49215000 -0.14522000
v 0.20067000 0.49141000 -0.14295000
v 0.00843000 0.49141000 -0.00353000
v 0.00907000 0.48898000 -0.00276000
v 0.00843000 0.48654000 -0.00353000
v 0.20794000 0.49031000 -0.15173000
v 0.20587000 0.49102000 -0.15322000
v 0.20201000 0.48775000 -0.15020000
v 0.20382000 0.48681000 -0.14851000
v 0.19725000 0.48654000 -0.14647000
v 0.19875000 0.48553000 -0.14454000
v 0.20502000 0.48775000 -0.14634000
v 0.20029000 0.48655000 -0.14264000
v 0.00843000 0.48654000 -0.00353000
v 0.00687000 0.48554000 -0.00540000
v 0.00531000 0.48654000 -0.00727000
v 0.21069000 0.49554000 -0.15389000
v 0.20845000 0.49593000 -0.15524000
v 0.21170000 0.50196000 -0.15467000
v 0.20845000 0.49593000 -0.15524000
v 0.21069000 0.49554000 -0.15389000
v 0.20940000 0.50196000 -0.15597000
v 0.20940000 0.63984000 -0.15597000
v 0.21170000 0.63984000 -0.15467000
v 0.20587000 0.49102000 -0.15322000
v 0.20068000 0.48995000 -0.15041000
v 0.20201000 0.48775000 -0.15020000
v 0.20393000 0.49271000 -0.15296000
v 0.20611000 0.49684000 -0.15466000
v 0.20687000 0.50181000 -0.15526000
v 0.20687000 0.63984000 -0.15526000
v 0.20322000 0.49439000 -0.15115000
v 0.20177000 0.49308000 -0.14691000
v 0.20057000 0.49215000 -0.14908000
v 0.20416000 0.49511000 -0.14878000
v 0.20498000 0.49775000 -0.15253000
v 0.20575000 0.49814000 -0.15002000
v 0.20557000 0.50161000 -0.15297000
v 0.20628000 0.50146000 -0.15043000
v 0.20628000 0.63984000 -0.15043000
v 0.20557000 0.63984000 -0.15297000
v 0.21170000 0.63984000 -0.15467000
v 0.20687000 0.50181000 -0.15526000
v 0.20687000 0.63984000 -0.15526000
v 0.20611000 0.49684000 -0.15466000
v 0.20393000 0.49271000 -0.15296000
v 0.20068000 0.48995000 -0.15041000
v 0.19763000 0.49140000 -0.14678000
v 0.19689000 0.48899000 -0.14745000
v 0.20201000 0.48775000 -0.15020000
v 0.19725000 0.48654000 -0.14647000
v 0.00531000 0.48654000 -0.00727000
v 0.00466000 0.48898000 -0.00805000
v 0.00531000 0.49141000 -0.00727000
v 0.20687000 0.63984000 -0.15526000
v 0.20940000 0.63984000 -0.15597000
v 0.21170000 0.63984000 -0.15467000
v 0.20557000 0.63984000 -0.15297000
v 0.21240000 0.63984000 -0.15214000
v 0.20628000 0.63984000 -0.15043000
v 0.21111000 0.63984000 -0.14984000
v 0.20857000 0.63984000 -0.14914000
v 0.20394000 0.49511000 0.14905000
v 0.20038000 0.49215000 0.14960000
v 0.20144000 0.49308000 0.14736000
v 0.20317000 0.49439000 0.15148000
v 0.20562000 0.49814000 0.15019000
v 0.20502000 0.49775000 0.15274000
v 0.20617000 0.50146000 0.15056000
v 0.20564000 0.50146000 0.15314000
v 0.20564000 0.63984000 0.15314000
v 0.20617000 0.63984000 0.15056000
v 0.20837000 0.50161000 0.14911000
v 0.20777000 0.49775000 0.14869000
v 0.20837000 0.63984000 0.14911000
v 0.20059000 0.48995000 0.15093000
v 0.19692000 0.48655000 0.14725000
v 0.19650000 0.48897000 0.14817000
v 0.20189000 0.48775000 0.15062000
v 0.20401000 0.49271000 0.15324000
v 0.20595000 0.49102000 0.15337000
v 0.20629000 0.49684000 0.15479000
v 0.20866000 0.49593000 0.15521000
v 0.20709000 0.50161000 0.15534000
v 0.20967000 0.50181000 0.15587000
v 0.20967000 0.63984000 0.15587000
v 0.20709000 0.63984000 0.15534000
v 0.20866000 0.49593000 0.15521000
v 0.21081000 0.49554000 0.15370000
v 0.20792000 0.49031000 0.15175000
v 0.20595000 0.49102000 0.15337000
v 0.20359000 0.48681000 0.14881000
v 0.20189000 0.48775000 0.15062000
v 0.19826000 0.48553000 0.14520000
v 0.19692000 0.48655000 0.14725000
v 0.00596000 0.48654000 0.00694000
v 0.00726000 0.48554000 0.00488000
v 0.21141000 0.49593000 0.15115000
v 0.20870000 0.49102000 0.14932000
v 0.21240000 0.50196000 0.15184000
v 0.21240000 0.63984000 0.15184000
v 0.20464000 0.48775000 0.14657000
v 0.19963000 0.48654000 0.14318000
v 0.00856000 0.48654000 0.00282000
v 0.20792000 0.49031000 0.15175000
v 0.20464000 0.48775000 0.14657000
v 0.20359000 0.48681000 0.14881000
v 0.20444000 0.48995000 0.14524000
v 0.20004000 0.49140000 0.14345000
v 0.20045000 0.48899000 0.14254000
v 0.20313000 0.49215000 0.14555000
v 0.20786000 0.49271000 0.14756000
v 0.20591000 0.49439000 0.14743000
v 0.21014000 0.49684000 0.14910000
v 0.20777000 0.49775000 0.14869000
v 0.21095000 0.50181000 0.14964000
v 0.20837000 0.50161000 0.14911000
v 0.20837000 0.63984000 0.14911000
v 0.21095000 0.63984000 0.14964000
v 0.20591000 0.49439000 0.14743000
v 0.20394000 0.49511000 0.14905000
v 0.20313000 0.49215000 0.14555000
v 0.19869000 0.49242000 0.14551000
v 0.20004000 0.49140000 0.14345000
v 0.00856000 0.49141000 0.00282000
v 0.00726000 0.49242000 0.00488000
v 0.00596000 0.49141000 0.00694000
v 0.20777000 0.49775000 0.14869000
v 0.20562000 0.49814000 0.15019000
v 0.20709000 0.63984000 0.15534000
v 0.20709000 0.50161000 0.15534000
v 0.20629000 0.49684000 0.15479000
v 0.20401000 0.49271000 0.15324000
v 0.20059000 0.48995000 0.15093000
v 0.19650000 0.48897000 0.14817000
v 0.19733000 0.49141000 0.14752000
v 0.00596000 0.49141000 0.00694000
v 0.00542000 0.48898000 0.00779000
v 0.19692000 0.48655000 0.14725000
v 0.00596000 0.48654000 0.00694000
v 0.21095000 0.63984000 0.14964000
v 0.21095000 0.50181000 0.14964000
v 0.21014000 0.49684000 0.14910000
v 0.20786000 0.49271000 0.14756000
v 0.20444000 0.48995000 0.14524000
v 0.20045000 0.48899000 0.14254000
v 0.19963000 0.48654000 0.14318000
v 0.00856000 0.48654000 0.00282000
v 0.00910000 0.48898000 0.00197000
v 0.20004000 0.49140000 0.14345000
v 0.00856000 0.49141000 0.00282000
v 0.21095000 0.63984000 0.14964000
v 0.21240000 0.63984000 0.15184000
v 0.21187000 0.63984000 0.15442000
v 0.20837000 0.63984000 0.14911000
v 0.20967000 0.63984000 0.15587000
v 0.20617000 0.63984000 0.15056000
v 0.20709000 0.63984000 0.15534000
v 0.20564000 0.63984000 0.15314000
v -0.20136000 0.49308000 0.14668000
v -0.20318000 0.49215000 0.14499000
v -0.20026000 0.49141000 0.14272000
v -0.19876000 0.49242000 0.14463000
v -0.20016000 0.49215000 0.14885000
v -0.19722000 0.49140000 0.14654000
v -0.00529000 0.49141000 0.00729000
v -0.00685000 0.49242000 0.00542000
v -0.00841000 0.49141000 0.00355000
v -0.20375000 0.49511000 0.14855000
v -0.20586000 0.50146000 0.15021000
v -0.20759000 0.49775000 0.14845000
v -0.20534000 0.49814000 0.14980000
v -0.20816000 0.50146000 0.14891000
v -0.20816000 0.63984000 0.14891000
v -0.20586000 0.63984000 0.15021000
v -0.20582000 0.49439000 0.14706000
v -0.20450000 0.48995000 0.14478000
v -0.20318000 0.49215000 0.14499000
v -0.20775000 0.49271000 0.14733000
v -0.20993000 0.49684000 0.14903000
v -0.21069000 0.50161000 0.14962000
v -0.21069000 0.63984000 0.14962000
v -0.20847000 0.49102000 0.14914000
v -0.20341000 0.48681000 0.14828000
v -0.20461000 0.48775000 0.14612000
v -0.20752000 0.49031000 0.15151000
v -0.21105000 0.49593000 0.15116000
v -0.21027000 0.49554000 0.15367000
v -0.21199000 0.50181000 0.15191000
v -0.21128000 0.50196000 0.15445000
v -0.21069000 0.50161000 0.14962000
v -0.21199000 0.63984000 0.15191000
v -0.21069000 0.63984000 0.14962000
v -0.20993000 0.49684000 0.14903000
v -0.20775000 0.49271000 0.14733000
v -0.20450000 0.48995000 0.14478000
v -0.19988000 0.48655000 0.14241000
v -0.20062000 0.48897000 0.14174000
v -0.20318000 0.49215000 0.14499000
v -0.20026000 0.49141000 0.14272000
v -0.00841000 0.49141000 0.00355000
v -0.00906000 0.48898000 0.00277000
v -0.00841000 0.48654000 0.00355000
v -0.20752000 0.49031000 0.15151000
v -0.20545000 0.49102000 0.15299000
v -0.20159000 0.48775000 0.14997000
v -0.20341000 0.48681000 0.14828000
v -0.19683000 0.48654000 0.14623000
v -0.19834000 0.48553000 0.14431000
v -0.20461000 0.48775000 0.14612000
v -0.19988000 0.48655000 0.14241000
v -0.00841000 0.48654000 0.00355000
v -0.00685000 0.48554000 0.00542000
v -0.00529000 0.48654000 0.00729000
v -0.21027000 0.49554000 0.15367000
v -0.20803000 0.49593000 0.15501000
v -0.21128000 0.50196000 0.15445000
v -0.20803000 0.49593000 0.15501000
v -0.21027000 0.49554000 0.15367000
v -0.20898000 0.50196000 0.15575000
v -0.20898000 0.63984000 0.15575000
v -0.21128000 0.63984000 0.15445000
v -0.20545000 0.49102000 0.15299000
v -0.20027000 0.48995000 0.15018000
v -0.20159000 0.48775000 0.14997000
v -0.20352000 0.49271000 0.15273000
v -0.20569000 0.49684000 0.15443000
v -0.20645000 0.50181000 0.15504000
v -0.20645000 0.63984000 0.15504000
v -0.20280000 0.49439000 0.15092000
v -0.20136000 0.49308000 0.14668000
v -0.20016000 0.49215000 0.14885000
v -0.20375000 0.49511000 0.14855000
v -0.20457000 0.49775000 0.15230000
v -0.20534000 0.49814000 0.14980000
v -0.20515000 0.50161000 0.15274000
v -0.20586000 0.50146000 0.15021000
v -0.20586000 0.63984000 0.15021000
v -0.20515000 0.63984000 0.15274000
v -0.21128000 0.63984000 0.15445000
v -0.20645000 0.50181000 0.15504000
v -0.20645000 0.63984000 0.15504000
v -0.20569000 0.49684000 0.15443000
v -0.20352000 0.49271000 0.15273000
v -0.20027000 0.48995000 0.15018000
v -0.19722000 0.49140000 0.14654000
v -0.19648000 0.48899000 0.14721000
v -0.20159000 0.48775000 0.14997000
v -0.19683000 0.48654000 0.14623000
v -0.00529000 0.48654000 0.00729000
v -0.00464000 0.48898000 0.00807000
v -0.00529000 0.49141000 0.00729000
v -0.20645000 0.63984000 0.15504000
v -0.20898000 0.63984000 0.15575000
v -0.21128000 0.63984000 0.15445000
v -0.20515000 0.63984000 0.15274000
v -0.21199000 0.63984000 0.15191000
v -0.20586000 0.63984000 0.15021000
v -0.21069000 0.63984000 0.14962000
v -0.20816000 0.63984000 0.14891000
v 0.21225000 0.50534000 -0.15579000
v 0.21225000 0.48514000 -0.15579000
v -0.21224000 0.48514000 -0.15579000
v -0.21224000 0.50534000 -0.15579000
v 0.21225000 0.50534000 0.15580000
v 0.21225000 0.48514000 0.15580000
v 0.21225000 0.48514000 -0.15579000
v 0.21225000 0.50534000 -0.15579000
v -0.21224000 0.50534000 0.15580000
v -0.21224000 0.48514000 0.15580000
v 0.21225000 0.48514000 0.15580000
v 0.21225000 0.50534000 0.15580000
v -0.21224000 0.50534000 -0.15579000
v -0.21224000 0.48514000 -0.15579000
v -0.21224000 0.48514000 0.15580000
v -0.21224000 0.50534000 0.15580000
v -0.19813000 0.04751000 0.16747000
v -0.19813000 0.05939000 0.16747000
v -0.14152000 0.05939000 0.16747000
v -0.14152000 0.04751000 0.16747000
v -0.08491000 0.04751000 0.16747000
v -0.08491000 0.05939000 0.16747000
v -0.02830000 0.04751000 0.16747000
v -0.02830000 0.05939000 0.16747000
v 0.02831000 0.04751000 0.16747000
v 0.02831000 0.05939000 0.16747000
v 0.08492000 0.04751000 0.16747000
v 0.08492000 0.05939000 0.16747000
v 0.14153000 0.04751000 0.16747000
v 0.14153000 0.05939000 0.16747000
v 0.19814000 0.04751000 0.16747000
v 0.19814000 0.05939000 0.16747000
v 0.19814000 0.04751000 0.16747000
v 0.19814000 0.05939000 0.16747000
v 0.19814000 0.05939000 0.05583000
v 0.19814000 0.04751000 0.05583000
v 0.19814000 0.04751000 -0.05582000
v 0.19814000 0.05939000 -0.05582000
v 0.19814000 0.04751000 -0.16746000
v 0.19814000 0.05939000 -0.16746000
v -0.14152000 0.04751000 -0.16746000
v -0.19813000 0.05939000 -0.16746000
v -0.19813000 0.04751000 -0.16746000
v -0.14152000 0.05939000 -0.16746000
v -0.08491000 0.04751000 -0.16746000
v -0.08491000 0.05939000 -0.16746000
v -0.02830000 0.04751000 -0.16746000
v -0.02830000 0.05939000 -0.16746000
v 0.02831000 0.04751000 -0.16746000
v 0.02831000 0.05939000 -0.16746000
v 0.08492000 0.04751000 -0.16746000
v 0.08492000 0.05939000 -0.16746000
v 0.14153000 0.04751000 -0.16746000
v 0.14153000 0.05939000 -0.16746000
v 0.19814000 0.04751000 -0.16746000
v 0.19814000 0.05939000 -0.16746000
v -0.19813000 0.04751000 0.05583000
v -0.19813000 0.05939000 0.16747000
v -0.19813000 0.04751000 0.16747000
v -0.19813000 0.05939000 0.05583000
v -0.19813000 0.04751000 -0.05582000
v -0.19813000 0.05939000 -0.05582000
v -0.19813000 0.04751000 -0.16746000
v -0.19813000 0.05939000 -0.16746000
v 0.14153000 0.05939000 0.16747000
v 0.19814000 0.05939000 0.05583000
v 0.19814000 0.05939000 0.16747000
v 0.12114000 0.05939000 0.07303000
v 0.08492000 0.05939000 0.16747000
v 0.19814000 0.05939000 -0.05582000
v 0.09715000 0.05939000 0.07303000
v 0.12114000 0.05939000 -0.07302000
v 0.19814000 0.05939000 -0.16746000
v 0.14153000 0.05939000 -0.16746000
v 0.09715000 0.05939000 -0.07302000
v 0.02831000 0.05939000 0.16747000
v 0.08492000 0.05939000 -0.16746000
v 0.02460000 0.05939000 0.07303000
v -0.02830000 0.05939000 0.16747000
v 0.02460000 0.05939000 -0.07302000
v 0.02831000 0.05939000 -0.16746000
v -0.02459000 0.05939000 0.07303000
v -0.02459000 0.05939000 -0.07302000
v -0.08491000 0.05939000 0.16747000
v -0.02830000 0.05939000 -0.16746000
v -0.09633000 0.05939000 0.07303000
v -0.14152000 0.05939000 0.16747000
v -0.09633000 0.05939000 -0.07302000
v -0.08491000 0.05939000 -0.16746000
v -0.11916000 0.05939000 0.07303000
v -0.19813000 0.05939000 0.16747000
v -0.19813000 0.05939000 0.05583000
v -0.11916000 0.05939000 -0.07302000
v -0.14152000 0.05939000 -0.16746000
v -0.19813000 0.05939000 -0.05582000
v -0.19813000 0.05939000 -0.16746000
v -0.15163000 0.08737000 0.05186000
v -0.15163000 0.34289000 0.05186000
v 0.15164000 0.34289000 0.05186000
v 0.15164000 0.08737000 0.05186000
v -0.15163000 0.34289000 0.05186000
v -0.15163000 0.34289000 -0.05185000
v 0.15164000 0.34289000 -0.05185000
v 0.15164000 0.34289000 0.05186000
v -0.15163000 0.34289000 -0.05185000
v -0.15163000 0.08737000 -0.05185000
v 0.15164000 0.08737000 -0.05185000
v 0.15164000 0.34289000 -0.05185000
v -0.15163000 0.08737000 -0.05185000
v -0.15163000 0.08737000 0.05186000
v 0.15164000 0.08737000 0.05186000
v 0.15164000 0.08737000 -0.05185000
v 0.15164000 0.08737000 0.05186000
v 0.15164000 0.34289000 0.05186000
v 0.15164000 0.34289000 -0.05185000
v 0.15164000 0.08737000 -0.05185000
v -0.15163000 0.08737000 -0.05185000
v -0.15163000 0.34289000 -0.05185000
v -0.15163000 0.34289000 0.05186000
v -0.15163000 0.08737000 0.05186000
v 0.02822000 0.48409000 -0.00645000
v 0.04239000 0.48839000 -0.00521000
v 0.02822000 0.48706000 -0.00843000
v 0.04239000 0.48656000 -0.00399000
v 0.02822000 0.48211000 -0.00349000
v 0.04239000 0.48533000 -0.00216000
v 0.02822000 0.48142000 0.00000000
v 0.04239000 0.48490000 0.00000000
v 0.02822000 0.48211000 0.00350000
v 0.02822000 0.48706000 -0.00843000
v 0.04239000 0.48839000 -0.00521000
v 0.04239000 0.49055000 -0.00564000
v 0.02822000 0.49055000 -0.00913000
v 0.04239000 0.49271000 -0.00521000
v 0.02822000 0.49405000 -0.00843000
v 0.02822000 0.49405000 -0.00843000
v 0.04239000 0.49271000 -0.00521000
v 0.04239000 0.49455000 -0.00399000
v 0.02822000 0.49701000 -0.00645000
v 0.04239000 0.49577000 -0.00216000
v 0.02822000 0.49899000 -0.00349000
v 0.04239000 0.49620000 0.00000000
v 0.02822000 0.49969000 0.00000000
v 0.04239000 0.49577000 0.00217000
v 0.02822000 0.49899000 0.00350000
v 0.04239000 0.49455000 0.00400000
v 0.02822000 0.49701000 0.00646000
v 0.04239000 0.49271000 0.00522000
v 0.02822000 0.49405000 0.00844000
v 0.02822000 0.49405000 0.00844000
v 0.04239000 0.49271000 0.00522000
v 0.04239000 0.49055000 0.00565000
v 0.02822000 0.49055000 0.00914000
v 0.04239000 0.48839000 0.00522000
v 0.02822000 0.48706000 0.00844000
v 0.02822000 0.48706000 0.00844000
v 0.04239000 0.48839000 0.00522000
v 0.04239000 0.48656000 0.00400000
v 0.02822000 0.48409000 0.00646000
v 0.04239000 0.48533000 0.00217000
v 0.02822000 0.48901000 -0.00373000
v 0.01861000 0.48901000 -0.00373000
v 0.01861000 0.48770000 -0.00285000
v 0.02822000 0.48770000 -0.00285000
v 0.01861000 0.48682000 -0.00154000
v 0.02822000 0.48682000 -0.00154000
v 0.01861000 0.48651000 0.00000000
v 0.02822000 0.48651000 0.00000000
v 0.01861000 0.49055000 -0.00403000
v 0.02822000 0.49210000 -0.00373000
v 0.01861000 0.49210000 -0.00373000
v 0.02822000 0.49341000 -0.00285000
v 0.01861000 0.49210000 -0.00373000
v 0.02822000 0.49210000 -0.00373000
v 0.01861000 0.49341000 -0.00285000
v 0.02822000 0.49428000 -0.00154000
v 0.01861000 0.49428000 -0.00154000
v 0.02822000 0.49459000 0.00000000
v 0.01861000 0.49459000 0.00000000
v 0.02822000 0.49428000 0.00155000
v 0.01861000 0.49428000 0.00155000
v 0.02822000 0.49341000 0.00286000
v 0.01861000 0.49341000 0.00286000
v 0.02822000 0.49210000 0.00374000
v 0.01861000 0.49210000 0.00374000
v 0.01861000 0.49055000 0.00404000
v 0.02822000 0.48901000 0.00374000
v 0.01861000 0.48901000 0.00374000
v 0.02822000 0.48770000 0.00286000
v 0.01861000 0.48901000 0.00374000
v 0.02822000 0.48901000 0.00374000
v 0.01861000 0.48770000 0.00286000
v 0.02822000 0.48682000 0.00155000
v 0.01861000 0.48682000 0.00155000
v 0.21225000 0.48514000 -0.15579000
v -0.21714000 0.48514000 -0.16069000
v -0.21224000 0.48514000 -0.15579000
v -0.21224000 0.48514000 0.15580000
v 0.21715000 0.48514000 -0.16069000
v -0.21714000 0.48514000 0.16070000
v 0.21225000 0.48514000 0.15580000
v 0.21715000 0.48514000 0.16070000
v 0.16743000 0.04751000 0.14152000
v 0.19814000 0.04751000 0.16747000
v 0.19814000 0.04751000 0.05583000
v 0.14153000 0.04751000 0.16747000
v 0.16743000 0.04751000 0.04718000
v 0.11960000 0.04751000 0.14152000
v 0.16743000 0.04751000 -0.04717000
v 0.08492000 0.04751000 0.16747000
v 0.19814000 0.04751000 -0.05582000
v 0.07176000 0.04751000 0.14152000
v 0.02831000 0.04751000 0.16747000
v 0.02392000 0.04751000 0.14152000
v -0.02830000 0.04751000 0.16747000
v -0.02391000 0.04751000 0.14152000
v -0.08491000 0.04751000 0.16747000
v -0.07175000 0.04751000 0.14152000
v 0.16743000 0.04751000 -0.14151000
v 0.19814000 0.04751000 -0.16746000
v 0.14153000 0.04751000 -0.16746000
v 0.11960000 0.04751000 -0.14151000
v 0.08492000 0.04751000 -0.16746000
v 0.07176000 0.04751000 -0.14151000
v 0.02831000 0.04751000 -0.16746000
v 0.02392000 0.04751000 -0.14151000
v -0.02830000 0.04751000 -0.16746000
v -0.02391000 0.04751000 -0.14151000
v -0.08491000 0.04751000 -0.16746000
v -0.07175000 0.04751000 -0.14151000
v -0.14152000 0.04751000 -0.16746000
v -0.11959000 0.04751000 -0.14151000
v -0.19813000 0.04751000 -0.16746000
v -0.16742000 0.04751000 -0.14151000
v -0.19813000 0.04751000 -0.05582000
v -0.16742000 0.04751000 -0.04717000
v -0.19813000 0.04751000 0.05583000
v -0.16742000 0.04751000 0.04718000
v -0.19813000 0.04751000 0.16747000
v -0.16742000 0.04751000 0.14152000
v -0.14152000 0.04751000 0.16747000
v -0.11959000 0.04751000 0.14152000
v 0.00000000 0.48090000 0.00001000
v 0.02333000 0.48090000 0.00000000
v 0.02155000 0.48090000 -0.00892000
v 0.01650000 0.48090000 -0.01649000
v 0.02155000 0.48090000 0.00893000
v 0.00893000 0.48090000 -0.02154000
v 0.01650000 0.48090000 0.01650000
v 0.00000000 0.48090000 -0.02332000
v 0.00893000 0.48090000 0.02155000
v -0.00892000 0.48090000 -0.02154000
v 0.00000000 0.48090000 0.02333000
v -0.01649000 0.48090000 -0.01649000
v -0.00892000 0.48090000 0.02155000
v -0.02154000 0.48090000 -0.00892000
v -0.01649000 0.48090000 0.01650000
v -0.02332000 0.48090000 0.00000000
v -0.02154000 0.48090000 0.00893000
v 0.00000000 0.49797000 0.00001000
v 0.01650000 0.49797000 -0.01649000
v 0.02155000 0.49797000 -0.00892000
v 0.02333000 0.49797000 0.00000000
v 0.00893000 0.49797000 -0.02154000
v 0.02155000 0.49797000 0.00893000
v 0.00000000 0.49797000 -0.02332000
v 0.01650000 0.49797000 0.01650000
v -0.00892000 0.49797000 -0.02154000
v 0.00893000 0.49797000 0.02155000
v -0.01649000 0.49797000 -0.01649000
v 0.00000000 0.49797000 0.02333000
v -0.02154000 0.49797000 -0.00892000
v -0.00892000 0.49797000 0.02155000
v -0.02332000 0.49797000 0.00000000
v -0.01649000 0.49797000 0.01650000
v -0.02154000 0.49797000 0.00893000
v 0.21225000 0.77517000 -0.15579000
v 0.21715000 0.77517000 -0.16069000
v 0.21715000 0.77517000 0.16070000
v -0.21714000 0.77517000 -0.16069000
v 0.21225000 0.77517000 0.15580000
v -0.21224000 0.77517000 -0.15579000
v -0.21714000 0.77517000 0.16070000
v -0.21224000 0.77517000 0.15580000
v 0.04239000 0.49055000 0.00000000
v 0.04239000 0.49055000 -0.00564000
v 0.04239000 0.48839000 -0.00521000
v 0.04239000 0.48656000 -0.00399000
v 0.04239000 0.49271000 -0.00521000
v 0.04239000 0.48533000 -0.00216000
v 0.04239000 0.49455000 -0.00399000
v 0.04239000 0.48490000 0.00000000
v 0.04239000 0.49577000 -0.00216000
v 0.04239000 0.48533000 0.00217000
v 0.04239000 0.49620000 0.00000000
v 0.04239000 0.48656000 0.00400000
v 0.04239000 0.49577000 0.00217000
v 0.04239000 0.48839000 0.00522000
v 0.04239000 0.49455000 0.00400000
v 0.04239000 0.49055000 0.00565000
v 0.04239000 0.49271000 0.00522000
v 0.02822000 0.48706000 -0.00843000
v 0.02822000 0.48901000 -0.00373000
v 0.02822000 0.48770000 -0.00285000
v 0.02822000 0.48409000 -0.00645000
v 0.02822000 0.49055000 -0.00913000
v 0.02822000 0.48682000 -0.00154000
v 0.02822000 0.49055000 -0.00403000
v 0.02822000 0.48211000 -0.00349000
v 0.02822000 0.49405000 -0.00843000
v 0.02822000 0.48651000 0.00000000
v 0.02822000 0.49210000 -0.00373000
v 0.02822000 0.48142000 0.00000000
v 0.02822000 0.49701000 -0.00645000
v 0.02822000 0.48682000 0.00155000
v 0.02822000 0.49341000 -0.00285000
v 0.02822000 0.48211000 0.00350000
v 0.02822000 0.49899000 -0.00349000
v 0.02822000 0.48770000 0.00286000
v 0.02822000 0.49428000 -0.00154000
v 0.02822000 0.48409000 0.00646000
v 0.02822000 0.49969000 0.00000000
v 0.02822000 0.48901000 0.00374000
v 0.02822000 0.49459000 0.00000000
v 0.02822000 0.48706000 0.00844000
v 0.02822000 0.49899000 0.00350000
v 0.02822000 0.49055000 0.00404000
v 0.02822000 0.49428000 0.00155000
v 0.02822000 0.49055000 0.00914000
v 0.02822000 0.49701000 0.00646000
v 0.02822000 0.49210000 0.00374000
v 0.02822000 0.49341000 0.00286000
v 0.02822000 0.49405000 0.00844000
v 0.21552000 0.50534000 0.15907000
v 0.21715000 0.50534000 0.16070000
v -0.21714000 0.50534000 0.16070000
v -0.21551000 0.50534000 0.15907000
v 0.21552000 0.50534000 -0.15906000
v -0.21714000 0.50534000 -0.16069000
v 0.21715000 0.50534000 -0.16069000
v -0.21551000 0.50534000 -0.15906000
v -0.21551000 0.75912000 -0.15906000
v -0.21714000 0.75912000 -0.16069000
v -0.21714000 0.75912000 0.16070000
v -0.21551000 0.75912000 0.15907000
v 0.21552000 0.75912000 -0.15906000
v 0.21715000 0.75912000 0.16070000
v 0.21715000 0.75912000 -0.16069000
v 0.21552000 0.75912000 0.15907000
vn 0.00000000 1.00000000 0.00000000
vn 0.00000000 1.00000000 0.00000000
vn 0.00000000 1.00000000 0.00000000
vn 0.00000000 1.00000000 0.00000000
vn 0.20408070 0.00373188 0.97894690
vn 0.76329880 0.38739580 0.51701010
vn 0.08429083 0.25326470 0.96371790
vn -0.72646750 0.38738920 0.56760420
vn -0.01800636 0.25691830 0.96626530
vn 0.09090275 0.46952680 0.87822620
vn -0.32193130 0.92105650 -0.21912320
vn -0.63321750 0.60842910 0.47838230
vn -0.41732050 0.71176560 0.56500730
vn 0.17598370 -0.00592725 0.98437530
vn 0.76738730 -0.38027060 0.51624690
vn 0.20787020 -0.28765240 0.93490430
vn 0.18891560 0.00000000 0.98199330
vn 0.82804220 0.00000000 0.56066600
vn 0.82449090 -0.00794830 0.56581940
vn 0.72595100 0.38739340 -0.56826180
vn 0.01712267 0.25691860 -0.96628130
vn -0.09170042 0.46952160 -0.87814610
vn 0.00000000 -0.00000057 -1.00000000
vn 0.00000000 -0.38268280 -0.92387980
vn 0.00000000 -0.38268280 -0.92387980
vn 0.00000000 0.00000000 1.00000000
vn 0.00000000 0.38268240 0.92388000
vn 0.00000000 0.38268240 0.92388000
vn 0.70710550 0.00000000 -0.70710800
vn 0.38268290 0.00000000 -0.92387970
vn 0.38268290 0.00000000 -0.92387970
vn 0.70710550 0.00000000 -0.70710800
vn 0.92387960 0.00000000 -0.38268320
vn 0.92387960 0.00000000 -0.38268320
vn 1.00000000 0.00000000 0.00000000
vn 1.00000000 0.00000000 0.00000000
vn 0.92387660 0.00000000 0.38269040
vn 0.92387660 0.00000000 0.38269040
vn 0.38268290 0.00000000 -0.92387970
vn 0.38268290 0.00000000 -0.92387970
vn 0.00000093 0.00000000 -1.00000000
vn 0.00000093 0.00000000 -1.00000000
vn -0.38268380 0.00000000 -0.92387940
vn -0.38268380 0.00000000 -0.92387940
vn -0.38268380 0.00000000 -0.92387940
vn -0.38268380 0.00000000 -0.92387940
vn -0.70710580 0.00000000 -0.70710770
vn -0.70710580 0.00000000 -0.70710770
vn -0.92387820 0.00000000 -0.38268680
vn -0.92387820 0.00000000 -0.38268680
vn -1.00000000 0.00000000 0.00000000
vn -1.00000000 0.00000000 0.00000000
vn -0.92387970 0.00000000 0.38268290
vn -0.92387970 0.00000000 0.38268290
vn -0.70710560 0.00000000 0.70710790
vn -0.70710560 0.00000000 0.70710790
vn -0.38268240 0.00000000 0.92388000
vn -0.38268240 0.00000000 0.92388000
vn -0.38268240 0.00000000 0.92388000
vn -0.38268240 0.00000000 0.92388000
vn -0.00000023 0.00000000 1.00000000
vn -0.00000023 0.00000000 1.00000000
vn 0.38268550 0.00000000 0.92387870
vn 0.38268550 0.00000000 0.92387870
vn 0.38268550 0.00000000 0.92387870
vn 0.38268550 0.00000000 0.92387870
vn 0.70710550 0.00000000 0.70710800
vn 0.70710550 0.00000000 0.70710800
vn 1.00000000 0.00000000 0.00000000
vn 1.00000000 0.00000000 0.00000000
vn 1.00000000 0.00000000 0.00000000
vn 1.00000000 0.00000000 0.00000000
vn 0.00000000 0.00000000 1.00000000
vn 0.00000000 0.00000000 1.00000000
vn 0.00000000 0.00000000 1.00000000
vn 0.00000000 0.00000000 1.00000000
vn -1.00000000 0.00000000 0.00000000
vn -1.00000000 0.00000000 0.00000000
vn -1.00000000 0.00000000 0.00000000
vn -1.00000000 0.00000000 0.00000000
vn 0.00000000 0.00000000 -1.00000000
vn 0.00000000 0.00000000 -1.00000000
vn 0.00000000 0.00000000 -1.00000000
vn 0.00000000 0.00000000 -1.00000000
vn 0.00000000 0.00000000 1.00000000
vn 0.00000000 0.00000000 1.00000000
vn 0.00000000 0.00000000 1.00000000
vn 0.00000000 0.00000000 1.00000000
vn 0.00000000 0.00000000 -1.00000000
vn 0.00000000 0.00000000 -1.00000000
vn 0.00000000 0.00000000 -1.00000000
vn 0.00000000 0.00000000 -1.00000000
vn 1.00000000 0.00000000 0.00000000
vn 1.00000000 0.00000000 0.00000000
vn 1.00000000 0.00000000 0.00000000
vn 1.00000000 0.00000000 0.00000000
vn -1.00000000 0.00000000 0.00000000
vn -1.00000000 0.00000000 0.00000000
vn -1.00000000 0.00000000 0.00000000
vn -1.00000000 0.00000000 0.00000000
vn -1.00000000 0.00000000 0.00000000
vn -1.00000000 0.00000000 0.00000000
vn -1.00000000 0.00000000 0.00000000
vn -1.00000000 0.00000000 0.00000000
vn 0.00000000 0.00000000 -1.00000000
vn 0.00000000 0.00000000 -1.00000000
vn 0.00000000 0.00000000 -1.00000000
vn 0.00000000 0.00000000 -1.00000000
vn 1.00000000 0.00000000 0.00000000
vn 1.00000000 0.00000000 0.00000000
vn 1.00000000 0.00000000 0.00000000
vn 1.00000000 0.00000000 0.00000000
vn 0.00000000 0.00000000 1.00000000
vn 0.00000000 0.00000000 1.00000000
vn 0.00000000 0.00000000 1.00000000
vn 0.00000000 0.00000000 1.00000000
vn 0.32200510 0.92105250 0.21903220
vn 0.63307710 0.60842280 -0.47857630
vn 0.41717060 0.71176200 -0.56512250
vn 0.00848500 0.99994400 -0.00633799
vn -0.01066031 0.99983760 0.01452472
vn 0.41414940 0.71435400 -0.56407340
vn -0.42355960 0.69840090 0.57691730
vn -0.40965090 0.71810240 0.56259670
vn -0.20743480 0.60997400 0.76478920
vn -0.03006357 0.46952560 0.88240690
vn 0.58567590 0.70710960 0.39620670
vn 0.08429083 0.25326470 0.96371790
vn 0.76329880 0.38739580 0.51701010
vn 0.58567590 0.70710960 0.39620670
vn 0.80786030 0.46952840 -0.35623710
vn 0.63307710 0.60842280 -0.47857630
vn 0.32200510 0.92105250 0.21903220
vn 0.92509460 0.25691550 -0.27963280
vn 0.83216660 0.00535113 0.55449990
vn 0.98283550 0.00383571 -0.18444410
vn 0.48973250 -0.03368278 -0.87122180
vn 0.98190560 0.00000000 -0.18937070
vn 0.82834070 0.00000012 0.56022470
vn 0.18972670 0.00000011 0.98183700
vn 0.53040850 -0.08344298 -0.84362550
vn 0.42184310 -0.69580310 -0.58129720
vn 0.59068290 0.02410206 -0.80654370
vn 0.13316340 -0.69574740 -0.70583490
vn 0.50834160 -0.06028431 -0.85904290
vn -0.06985261 -0.53102780 -0.84447040
vn 0.48973250 -0.03368278 -0.87122180
vn -0.20816460 -0.28764960 -0.93483970
vn 0.57137360 -0.00076927 -0.82068970
vn -0.17629760 -0.00592834 -0.98431900
vn -0.18922570 0.00000000 -0.98193370
vn 0.56052750 0.00000000 -0.82813580
vn -0.20816460 -0.28764960 -0.93483970
vn -0.76755210 -0.38027330 -0.51600000
vn -0.58567730 -0.70711080 -0.39620260
vn -0.06985261 -0.53102780 -0.84447040
vn -0.31392880 -0.92544220 -0.21214480
vn 0.13316340 -0.69574740 -0.70583490
vn 0.00303024 -0.99992000 -0.01228380
vn 0.42184310 -0.69580310 -0.58129720
vn 0.41400600 -0.71463900 -0.56381750
vn -0.00944951 -0.99987230 0.01288306
vn -0.42422980 -0.70109610 0.57314350
vn -0.60533590 -0.69631200 0.38563980
vn -0.42415110 -0.69742240 0.57766590
vn -0.17629760 -0.00592834 -0.98431900
vn -0.76755210 -0.38027330 -0.51600000
vn -0.20816460 -0.28764960 -0.93483970
vn -0.82466600 -0.00794714 -0.56556420
vn -0.82822040 0.00000000 -0.56040260
vn -0.18922570 0.00000000 -0.98193370
vn -0.98186430 0.00000000 0.18958470
vn -0.98108540 -0.00575213 0.19348950
vn -0.94563410 -0.28456270 0.15748080
vn -0.80982660 -0.53102830 0.24937900
vn -0.58567730 -0.70711080 -0.39620260
vn -0.60533590 -0.69631200 0.38563980
vn -0.31392880 -0.92544220 -0.21214480
vn -0.58580390 -0.08426864 0.80605990
vn -0.40965090 0.71810240 0.56259670
vn -0.59146030 0.01931698 0.80610270
vn -0.20743480 0.60997400 0.76478920
vn -0.60820480 -0.06028433 0.79148780
vn -0.03006357 0.46952560 0.88240690
vn -0.62672020 -0.03327503 0.77853360
vn 0.08429083 0.25326470 0.96371790
vn -0.54929730 -0.00074122 0.83562670
vn 0.20408070 0.00373188 0.97894690
vn 0.18972670 0.00000011 0.98183700
vn -0.56009370 0.00000000 0.82842930
vn 0.56052750 0.00000000 -0.82813580
vn 0.57137360 -0.00076927 -0.82068970
vn 0.50834160 -0.06028431 -0.85904290
vn 0.53040850 -0.08344298 -0.84362550
vn 0.59068290 0.02410206 -0.80654370
vn 0.41717060 0.71176200 -0.56512250
vn 0.41414940 0.71435400 -0.56407340
vn 0.59184040 0.00284697 -0.80605010
vn 0.42184310 -0.69580310 -0.58129720
vn 0.41400600 -0.71463900 -0.56381750
vn -0.56009370 0.00000000 0.82842930
vn -0.54929730 -0.00074122 0.83562670
vn -0.62672020 -0.03327503 0.77853360
vn -0.60820480 -0.06028433 0.79148780
vn -0.58580390 -0.08426864 0.80605990
vn -0.59146030 0.01931698 0.80610270
vn -0.42422980 -0.70109610 0.57314350
vn -0.42415110 -0.69742240 0.57766590
vn -0.59182250 -0.00241655 0.80606470
vn -0.40965090 0.71810240 0.56259670
vn -0.42355960 0.69840090 0.57691730
vn 0.00000000 1.00000000 -0.00001138
vn 0.00000000 1.00000000 -0.00001138
vn 0.00000000 1.00000000 -0.00000228
vn 0.00000000 1.00000000 -0.00000228
vn 0.00000000 1.00000000 0.00000000
vn 0.00000000 1.00000000 0.00000000
vn 0.00000000 1.00000000 0.00000000
vn 0.00000000 1.00000000 0.00000000
vn -0.30733720 0.92105420 0.23917170
vn 0.26100310 0.60843060 0.74945950
vn 0.41072380 0.71204610 0.56947010
vn 0.00315204 0.99994910 0.00959349
vn -0.66410960 0.60998480 -0.43229280
vn -0.41088280 0.71792200 -0.56192820
vn -0.41999610 0.69874360 -0.57910340
vn -0.01026440 0.99984720 -0.01415477
vn 0.41098250 0.71411200 0.56668980
vn -0.55694820 0.70709820 0.43568420
vn -0.78328140 0.00535094 0.62164420
vn -0.01800636 0.25691830 0.96626530
vn -0.72646750 0.38738920 0.56760420
vn -0.12631960 0.00383512 0.99198220
vn -0.12135850 0.00000000 0.99260870
vn -0.78755350 0.00000000 0.61624620
vn 0.09090275 0.46952680 0.87822620
vn 0.63993770 -0.08344063 0.76388320
vn 0.26100310 0.60843060 0.74945950
vn 0.66139010 -0.06027561 0.74761620
vn 0.67869870 -0.03367636 0.73364430
vn 0.60554880 -0.00076923 0.79580780
vn 0.61595840 0.00000000 0.78777870
vn 0.82510630 -0.53102740 0.19289750
vn 0.29831120 -0.92543910 -0.23360860
vn 0.63080620 -0.69575300 0.34352780
vn 0.55693730 -0.70709910 -0.43569670
vn 0.95358850 -0.28765380 0.08901928
vn 0.72681230 -0.38027280 -0.57195850
vn 0.99089220 -0.00592781 0.13452690
vn 0.79153770 -0.00794725 -0.61106870
vn 0.60554880 -0.00076923 0.79580780
vn 0.99259260 0.00000000 0.12148980
vn 0.61595840 0.00000000 0.78777870
vn 0.67869870 -0.03367636 0.73364430
vn 0.66139010 -0.06027561 0.74761620
vn 0.63993770 -0.08344063 0.76388320
vn 0.42466440 -0.69613250 0.57884340
vn 0.58785260 0.02402652 0.80861120
vn 0.26100310 0.60843060 0.74945950
vn 0.41072380 0.71204610 0.56947010
vn 0.41098250 0.71411200 0.56668980
vn 0.58706400 0.00274412 0.80953570
vn 0.41074310 -0.71444770 0.56644030
vn 0.55693730 -0.70709910 -0.43569670
vn 0.01139264 -0.53102400 -0.84728020
vn -0.18109330 -0.69630270 -0.69452700
vn 0.29831120 -0.92543910 -0.23360860
vn -0.41650440 -0.70086210 -0.57906530
vn 0.01045976 -0.99992600 0.00621193
vn 0.63080620 -0.69575300 0.34352780
vn 0.42466440 -0.69613250 0.57884340
vn 0.41074310 -0.71444770 0.56644030
vn -0.00908129 -0.99988060 -0.01250654
vn -0.42056490 -0.69769820 -0.57995020
vn 0.72681230 -0.38027280 -0.57195850
vn 0.14055950 -0.28456480 -0.94829640
vn 0.79153770 -0.00794725 -0.61106870
vn 0.14055950 -0.28456480 -0.94829640
vn 0.72681230 -0.38027280 -0.57195850
vn 0.11720660 -0.00575207 -0.99309090
vn 0.12114160 0.00000000 -0.99263520
vn 0.78771380 0.00000000 -0.61604120
vn 0.01139264 -0.53102400 -0.84728020
vn -0.58717030 -0.08426382 -0.80506560
vn -0.18109330 -0.69630270 -0.69452700
vn -0.56642320 -0.06029481 -0.82190590
vn -0.54840770 -0.03328207 -0.83554850
vn -0.62649780 -0.00074125 -0.77942290
vn -0.61633500 0.00000000 -0.78748400
vn -0.83052280 0.46952630 -0.29962780
vn -0.30733720 0.92105420 0.23917170
vn -0.66410960 0.60998480 -0.43229280
vn -0.55694820 0.70709820 0.43568420
vn -0.94303020 0.25325630 -0.21576670
vn -0.72646750 0.38738920 0.56760420
vn -0.99431180 0.00373179 -0.10644320
vn -0.78328140 0.00535094 0.62164420
vn -0.78755350 0.00000000 0.61624620
vn -0.99265220 0.00000000 -0.12100240
vn 0.78771380 0.00000000 -0.61604120
vn -0.62649780 -0.00074125 -0.77942290
vn -0.61633500 0.00000000 -0.78748400
vn -0.54840770 -0.03328207 -0.83554850
vn -0.56642320 -0.06029481 -0.82190590
vn -0.58717030 -0.08426382 -0.80506560
vn -0.41088280 0.71792200 -0.56192820
vn -0.58718980 0.01944918 -0.80921550
vn -0.18109330 -0.69630270 -0.69452700
vn -0.41650440 -0.70086210 -0.57906530
vn -0.42056490 -0.69769820 -0.57995020
vn -0.58708060 -0.00230377 -0.80952510
vn -0.41999610 0.69874360 -0.57910340
vn 0.00000000 1.00000000 0.00000000
vn 0.00000000 1.00000000 0.00000000
vn 0.00000000 1.00000000 0.00000000
vn 0.00000000 1.00000000 0.00000000
vn 0.00000000 1.00000000 0.00000000
vn 0.00000000 1.00000000 0.00000000
vn 0.00000000 1.00000000 0.00000000
vn 0.00000000 1.00000000 0.00000000
vn -0.58555410 0.70711610 -0.39637510
vn -0.63321750 0.60842910 0.47838230
vn -0.32193130 0.92105650 -0.21912320
vn -0.80797230 0.46952010 0.35599390
vn -0.76312670 0.38741280 -0.51725130
vn -0.92518250 0.25691820 0.27933950
vn -0.83200070 0.00535123 -0.55474870
vn -0.98289570 0.00383553 0.18412320
vn -0.98196890 0.00000000 0.18904250
vn -0.82817720 0.00000000 -0.56046620
vn -0.20378940 0.00373168 -0.97900760
vn -0.08398321 0.25326960 -0.96374340
vn -0.18943070 0.00000000 -0.98189410
vn -0.53066020 -0.08344649 0.84346700
vn -0.42198590 -0.69582720 0.58116480
vn -0.59089750 0.02411005 0.80638620
vn -0.13338440 -0.69576040 0.70578040
vn -0.50860580 -0.06028859 0.85888620
vn 0.06958289 -0.53102990 0.84449120
vn -0.49000380 -0.03368443 0.87106920
vn 0.20787020 -0.28765240 0.93490430
vn -0.57163420 -0.00076958 0.82050820
vn 0.17598370 -0.00592725 0.98437530
vn 0.18891560 0.00000000 0.98199330
vn -0.56078140 0.00000000 0.82796390
vn 0.20787020 -0.28765240 0.93490430
vn 0.76738730 -0.38027060 0.51624690
vn 0.58555880 -0.70710490 0.39638820
vn 0.06958289 -0.53102990 0.84449120
vn 0.31387070 -0.92543950 0.21224220
vn -0.13338440 -0.69576040 0.70578040
vn -0.00302271 -0.99992040 0.01225818
vn -0.42198590 -0.69582720 0.58116480
vn -0.41414840 -0.71464630 0.56370370
vn 0.00945427 -0.99987230 -0.01288415
vn 0.94568040 -0.28456970 -0.15718960
vn 0.80990530 -0.53102830 -0.24912280
vn 0.98114850 -0.00575204 -0.19316930
vn 0.98192540 0.00000000 -0.18926890
vn 0.60545660 -0.69631240 -0.38544940
vn 0.42438310 -0.70108770 -0.57304010
vn 0.42430190 -0.69742500 -0.57755190
vn 0.58555880 -0.70710490 0.39638820
vn 0.60545660 -0.69631240 -0.38544940
vn 0.31387070 -0.92543950 0.21224220
vn 0.58606230 -0.08427493 -0.80587150
vn 0.40980850 0.71809170 -0.56249570
vn 0.59167470 0.01933913 -0.80594480
vn 0.20765540 0.60997510 -0.76472840
vn 0.60845740 -0.06029056 -0.79129300
vn 0.03033830 0.46952740 -0.88239650
vn 0.62696060 -0.03328125 -0.77833970
vn -0.08398321 0.25326960 -0.96374340
vn 0.54954000 -0.00074132 -0.83546700
vn -0.20378940 0.00373168 -0.97900760
vn -0.18943070 0.00000000 -0.98189410
vn 0.56033980 0.00000000 -0.82826290
vn 0.03033830 0.46952740 -0.88239650
vn -0.58555410 0.70711610 -0.39637510
vn 0.20765540 0.60997510 -0.76472840
vn -0.00847288 0.99994420 0.00631844
vn 0.40980850 0.71809170 -0.56249570
vn 0.42370260 0.69841680 -0.57679280
vn 0.01065379 0.99983790 -0.01451325
vn -0.41430050 0.71435720 0.56395820
vn -0.08398321 0.25326960 -0.96374340
vn -0.76312670 0.38741280 -0.51725130
vn -0.56078140 0.00000000 0.82796390
vn -0.57163420 -0.00076958 0.82050820
vn -0.49000380 -0.03368443 0.87106920
vn -0.50860580 -0.06028859 0.85888620
vn -0.53066020 -0.08344649 0.84346700
vn -0.59089750 0.02411005 0.80638620
vn -0.41732050 0.71176560 0.56500730
vn -0.41430050 0.71435720 0.56395820
vn -0.59205290 0.00284140 0.80589410
vn -0.42198590 -0.69582720 0.58116480
vn -0.41414840 -0.71464630 0.56370370
vn 0.56033980 0.00000000 -0.82826290
vn 0.54954000 -0.00074132 -0.83546700
vn 0.62696060 -0.03328125 -0.77833970
vn 0.60845740 -0.06029056 -0.79129300
vn 0.58606230 -0.08427493 -0.80587150
vn 0.59167470 0.01933913 -0.80594480
vn 0.42438310 -0.70108770 -0.57304010
vn 0.42430190 -0.69742500 -0.57755190
vn 0.59203620 -0.00241693 -0.80590770
vn 0.40980850 0.71809170 -0.56249570
vn 0.42370260 0.69841680 -0.57679280
vn 0.00000000 1.00000000 0.00001138
vn 0.00000000 1.00000000 0.00001138
vn 0.00000000 1.00000000 0.00000228
vn 0.00000000 1.00000000 0.00000228
vn 0.00000000 1.00000000 -0.00000455
vn 0.00000000 1.00000000 -0.00000455
vn 0.00000000 1.00000000 -0.00002276
vn 0.00000000 1.00000000 -0.00002276
vn 0.30713420 0.92104720 -0.23945920
vn -0.26167850 0.60842190 -0.74923100
vn -0.41086220 0.71194420 -0.56949780
vn -0.00326217 0.99994720 -0.00975192
vn 0.66451230 0.60997560 0.43168620
vn 0.41093590 0.71797030 0.56182760
vn 0.42014430 0.69861150 0.57915520
vn 0.01038108 0.99984370 0.01431343
vn -0.41099660 0.71420790 -0.56655880
vn 0.55654890 0.70710520 -0.43618280
vn 0.78271620 0.00535125 -0.62235580
vn 0.01712267 0.25691860 -0.96628130
vn 0.72595100 0.38739340 -0.56826180
vn 0.12543560 0.00383556 -0.99209430
vn 0.12045740 0.00000000 -0.99271850
vn 0.78699760 0.00000000 -0.61695600
vn -0.09170042 0.46952160 -0.87814610
vn -0.64063990 -0.08345207 -0.76329300
vn -0.26167850 0.60842190 -0.74923100
vn -0.66207770 -0.06028933 -0.74700620
vn -0.67936620 -0.03367991 -0.73302610
vn -0.60625400 -0.00076902 -0.79527070
vn -0.61666740 0.00000000 -0.78722380
vn -0.82528590 -0.53102130 -0.19214460
vn -0.29810240 -0.92544380 0.23385640
vn -0.63112810 -0.69575130 -0.34293950
vn -0.55654290 -0.70710710 0.43618740
vn -0.95367090 -0.28764550 -0.08815959
vn -0.72628620 -0.38027690 0.57262380
vn -0.99101150 -0.00592746 -0.13364580
vn -0.79094630 -0.00794776 0.61183390
vn -0.60625400 -0.00076902 -0.79527070
vn -0.99269920 0.00000000 -0.12061610
vn -0.61666740 0.00000000 -0.78722380
vn -0.67936620 -0.03367991 -0.73302610
vn -0.66207770 -0.06028933 -0.74700620
vn -0.64063990 -0.08345207 -0.76329300
vn -0.42481410 -0.69602490 -0.57886290
vn -0.58796820 0.02406172 -0.80852610
vn -0.26167850 0.60842190 -0.74923100
vn -0.41086220 0.71194420 -0.56949780
vn -0.41099660 0.71420790 -0.56655880
vn -0.58716580 0.00278227 -0.80946200
vn -0.41076380 -0.71453060 -0.56632050
vn -0.55654290 -0.70710710 0.43618740
vn -0.01062647 -0.53101930 0.84729310
vn 0.18172690 -0.69630910 0.69435510
vn -0.29810240 -0.92544380 0.23385640
vn 0.41654040 -0.70093630 0.57894960
vn -0.01057974 -0.99992380 -0.00635586
vn -0.63112810 -0.69575130 -0.34293950
vn -0.42481410 -0.69602490 -0.57886290
vn -0.41076380 -0.71453060 -0.56632050
vn 0.00919607 -0.99987750 0.01266548
vn 0.42069930 -0.69759170 0.57998100
vn -0.72628620 -0.38027690 0.57262380
vn -0.13969970 -0.28456820 0.94842240
vn -0.79094630 -0.00794776 0.61183390
vn -0.13969970 -0.28456820 0.94842240
vn -0.72628620 -0.38027690 0.57262380
vn -0.11630090 -0.00575243 0.99319730
vn -0.12023970 0.00000000 0.99274490
vn -0.78712710 0.00000000 0.61679090
vn -0.01062647 -0.53101930 0.84729310
vn 0.58790700 -0.08426677 0.80452740
vn 0.18172690 -0.69630910 0.69435510
vn 0.56716640 -0.06029382 0.82139330
vn 0.54917600 -0.03327854 0.83504380
vn 0.62722310 -0.00074095 0.77883930
vn 0.61707440 0.00000000 0.78690480
vn 0.83079180 0.46953480 0.29886810
vn 0.30713420 0.92104720 -0.23945920
vn 0.66451230 0.60997560 0.43168620
vn 0.55654890 0.70710520 -0.43618280
vn 0.94321850 0.25327420 0.21492110
vn 0.72595100 0.38739340 -0.56826180
vn 0.99440750 0.00373139 0.10554530
vn 0.78271620 0.00535125 -0.62235580
vn 0.78699760 0.00000000 -0.61695600
vn 0.99276080 0.00000000 0.12010910
vn -0.78712710 0.00000000 0.61679090
vn 0.62722310 -0.00074095 0.77883930
vn 0.61707440 0.00000000 0.78690480
vn 0.54917600 -0.03327854 0.83504380
vn 0.56716640 -0.06029382 0.82139330
vn 0.58790700 -0.08426677 0.80452740
vn 0.41093590 0.71797030 0.56182760
vn 0.58730830 0.01940701 0.80913050
vn 0.18172690 -0.69630910 0.69435510
vn 0.41654040 -0.70093630 0.57894960
vn 0.42069930 -0.69759170 0.57998100
vn 0.58718520 -0.00234011 0.80944920
vn 0.42014430 0.69861150 0.57915520
vn 0.00000000 1.00000000 0.00000000
vn 0.00000000 1.00000000 0.00000000
vn 0.00000000 1.00000000 0.00000000
vn 0.00000000 1.00000000 0.00000000
vn 0.00000000 1.00000000 0.00000000
vn 0.00000000 1.00000000 0.00000000
vn 0.00000000 1.00000000 0.00000000
vn 0.00000000 1.00000000 0.00000000
vn 0.00000000 0.00000000 1.00000000
vn 0.00000000 0.00000000 1.00000000
vn 0.00000000 0.00000000 1.00000000
vn 0.00000000 0.00000000 1.00000000
vn -1.00000000 0.00000000 0.00000000
vn -1.00000000 0.00000000 0.00000000
vn -1.00000000 0.00000000 0.00000000
vn -1.00000000 0.00000000 0.00000000
vn 0.00000000 0.00000000 -1.00000000
vn 0.00000000 0.00000000 -1.00000000
vn 0.00000000 0.00000000 -1.00000000
vn 0.00000000 0.00000000 -1.00000000
vn 1.00000000 0.00000000 0.00000000
vn 1.00000000 0.00000000 0.00000000
vn 1.00000000 0.00000000 0.00000000
vn 1.00000000 0.00000000 0.00000000
vn 0.00000000 0.00000000 1.00000000
vn 0.00000000 0.00000000 1.00000000
vn 0.00000000 0.00000000 1.00000000
vn 0.00000000 0.00000000 1.00000000
vn 0.00000000 0.00000000 1.00000000
vn 0.00000000 0.00000000 1.00000000
vn 0.00000000 0.00000000 1.00000000
vn 0.00000000 0.00000000 1.00000000
vn 0.00000000 0.00000000 1.00000000
vn 0.00000000 0.00000000 1.00000000
vn 0.00000000 0.00000000 1.00000000
vn 0.00000000 0.00000000 1.00000000
vn 0.00000000 0.00000000 1.00000000
vn 0.00000000 0.00000000 1.00000000
vn 0.00000000 0.00000000 1.00000000
vn 0.00000000 0.00000000 1.00000000
vn 1.00000000 0.00000000 0.00000000
vn 1.00000000 0.00000000 0.00000000
vn 1.00000000 0.00000000 0.00000000
vn 1.00000000 0.00000000 0.00000000
vn 1.00000000 0.00000000 0.00000000
vn 1.00000000 0.00000000 0.00000000
vn 1.00000000 0.00000000 0.00000000
vn 1.00000000 0.00000000 0.00000000
vn 0.00000000 0.00000000 -1.00000000
vn 0.00000000 0.00000000 -1.00000000
vn 0.00000000 0.00000000 -1.00000000
vn 0.00000000 0.00000000 -1.00000000
vn 0.00000000 0.00000000 -1.00000000
vn 0.00000000 0.00000000 -1.00000000
vn 0.00000000 0.00000000 -1.00000000
vn 0.00000000 0.00000000 -1.00000000
vn 0.00000000 0.00000000 -1.00000000
vn 0.00000000 0.00000000 -1.00000000
vn 0.00000000 0.00000000 -1.00000000
vn 0.00000000 0.00000000 -1.00000000
vn 0.00000000 0.00000000 -1.00000000
vn 0.00000000 0.00000000 -1.00000000
vn 0.00000000 0.00000000 -1.00000000
vn 0.00000000 0.00000000 -1.00000000
vn -1.00000000 0.00000000 0.00000000
vn -1.00000000 0.00000000 0.00000000
vn -1.00000000 0.00000000 0.00000000
vn -1.00000000 0.00000000 0.00000000
vn -1.00000000 0.00000000 0.00000000
vn -1.00000000 0.00000000 0.00000000
vn -1.00000000 0.00000000 0.00000000
vn -1.00000000 0.00000000 0.00000000
vn 0.00000000 1.00000000 0.00000000
vn 0.00000000 1.00000000 0.00000000
vn 0.00000000 1.00000000 0.00000000
vn 0.00000000 1.00000000 0.00000000
vn 0.00000000 1.00000000 0.00000000
vn 0.00000000 1.00000000 0.00000000
vn 0.00000000 1.00000000 0.00000000
vn 0.00000000 1.00000000 0.00000000
vn 0.00000000 1.00000000 0.00000000
vn 0.00000000 1.00000000 0.00000000
vn 0.00000000 1.00000000 0.00000000
vn 0.00000000 1.00000000 0.00000000
vn 0.00000000 1.00000000 0.00000000
vn 0.00000000 1.00000000 0.00000000
vn 0.00000000 1.00000000 0.00000000
vn 0.00000000 1.00000000 0.00000000
vn 0.00000000 1.00000000 0.00000000
vn 0.00000000 1.00000000 0.00000000
vn 0.00000000 1.00000000 0.00000000
vn 0.00000000 1.00000000 0.00000000
vn 0.00000000 1.00000000 0.00000000
vn 0.00000000 1.00000000 0.00000000
vn 0.00000000 1.00000000 0.00000000
vn 0.00000000 1.00000000 0.00000000
vn 0.00000000 1.00000000 0.00000000
vn 0.00000000 1.00000000 0.00000000
vn 0.00000000 1.00000000 0.00000000
vn 0.00000000 1.00000000 0.00000000
vn 0.00000000 1.00000000 0.00000000
vn 0.00000000 1.00000000 0.00000000
vn 0.00000000 1.00000000 0.00000000
vn 0.00000000 1.00000000 0.00000000
vn 0.00000000 0.00000000 1.00000000
vn 0.00000000 0.00000000 1.00000000
vn 0.00000000 0.00000000 1.00000000
vn 0.00000000 0.00000000 1.00000000
vn 0.00000000 1.00000000 0.00000000
vn 0.00000000 1.00000000 0.00000000
vn 0.00000000 1.00000000 0.00000000
vn 0.00000000 1.00000000 0.00000000
vn 0.00000000 0.00000000 -1.00000000
vn 0.00000000 0.00000000 -1.00000000
vn 0.00000000 0.00000000 -1.00000000
vn 0.00000000 0.00000000 -1.00000000
vn 0.00000000 -1.00000000 0.00000000
vn 0.00000000 -1.00000000 0.00000000
vn 0.00000000 -1.00000000 0.00000000
vn 0.00000000 -1.00000000 0.00000000
vn 1.00000000 0.00000000 0.00000000
vn 1.00000000 0.00000000 0.00000000
vn 1.00000000 0.00000000 0.00000000
vn 1.00000000 0.00000000 0.00000000
vn -1.00000000 0.00000000 0.00000000
vn -1.00000000 0.00000000 0.00000000
vn -1.00000000 0.00000000 0.00000000
vn -1.00000000 0.00000000 0.00000000
vn 0.23892090 -0.68662730 -0.68662930
vn 0.23892120 -0.37160240 -0.89712210
vn 0.23892130 -0.37160260 -0.89712210
vn 0.23892090 -0.68662700 -0.68662950
vn 0.23892150 -0.89712430 -0.37159730
vn 0.23892150 -0.89712420 -0.37159750
vn 0.23892080 -0.97103900 0.00000000
vn 0.23892080 -0.97103900 0.00000000
vn 0.23892160 -0.89712430 0.37159710
vn 0.23892130 -0.37160260 -0.89712210
vn 0.23892120 -0.37160240 -0.89712210
vn 0.23892150 -0.00000030 -0.97103890
vn 0.23892150 -0.00000027 -0.97103890
vn 0.23892130 0.37160180 -0.89712260
vn 0.23892140 0.37160190 -0.89712240
vn 0.23892140 0.37160190 -0.89712240
vn 0.23892130 0.37160180 -0.89712260
vn 0.23891950 0.68662230 -0.68663480
vn 0.23891950 0.68662240 -0.68663470
vn 0.23892080 0.89712110 -0.37160530
vn 0.23892080 0.89712120 -0.37160510
vn 0.23892080 0.97103900 0.00000000
vn 0.23892080 0.97103900 0.00000000
vn 0.23892070 0.89712130 0.37160520
vn 0.23892070 0.89712130 0.37160500
vn 0.23891950 0.68662270 0.68663440
vn 0.23891950 0.68662290 0.68663430
vn 0.23892130 0.37160200 0.89712230
vn 0.23892130 0.37160210 0.89712230
vn 0.23892130 0.37160210 0.89712230
vn 0.23892130 0.37160200 0.89712230
vn 0.23892140 0.00000000 0.97103890
vn 0.23892140 0.00000000 0.97103890
vn 0.23892130 -0.37160190 0.89712240
vn 0.23892130 -0.37160200 0.89712230
vn 0.23892130 -0.37160200 0.89712230
vn 0.23892130 -0.37160190 0.89712240
vn 0.23892100 -0.68662670 0.68662970
vn 0.23892100 -0.68662700 0.68662960
vn 0.23892160 -0.89712430 0.37159730
vn 0.00000000 -0.38268280 -0.92387980
vn 0.00000000 -0.38268280 -0.92387980
vn 0.00000000 -0.70710590 -0.70710770
vn 0.00000000 -0.70710590 -0.70710770
vn 0.00000000 -0.92387810 -0.38268700
vn 0.00000000 -0.92387810 -0.38268700
vn 0.00000000 -1.00000000 0.00000000
vn 0.00000000 -1.00000000 0.00000000
vn 0.00000000 -0.00000057 -1.00000000
vn 0.00000000 0.38268170 -0.92388020
vn 0.00000000 0.38268170 -0.92388020
vn 0.00000000 0.70710560 -0.70710780
vn 0.00000000 0.38268170 -0.92388020
vn 0.00000000 0.38268170 -0.92388020
vn 0.00000000 0.70710560 -0.70710780
vn 0.00000000 0.92387820 -0.38268670
vn 0.00000000 0.92387820 -0.38268670
vn 0.00000000 1.00000000 0.00000000
vn 0.00000000 1.00000000 0.00000000
vn 0.00000000 0.92387820 0.38268660
vn 0.00000000 0.92387820 0.38268660
vn 0.00000000 0.70710590 0.70710770
vn 0.00000000 0.70710590 0.70710770
vn 0.00000000 0.38268240 0.92388000
vn 0.00000000 0.38268240 0.92388000
vn 0.00000000 0.00000000 1.00000000
vn 0.00000000 -0.38268220 0.92388000
vn 0.00000000 -0.38268220 0.92388000
vn 0.00000000 -0.70710560 0.70710790
vn 0.00000000 -0.38268220 0.92388000
vn 0.00000000 -0.38268220 0.92388000
vn 0.00000000 -0.70710560 0.70710790
vn 0.00000000 -0.92387820 0.38268680
vn 0.00000000 -0.92387820 0.38268680
vn 0.00000000 -1.00000000 0.00000292
vn 0.00000000 -1.00000000 0.00000292
vn 0.00000000 -1.00000000 0.00000292
vn 0.00000000 -1.00000000 0.00000000
vn 0.00000000 -1.00000000 0.00000292
vn 0.00000000 -1.00000000 0.00000000
vn 0.00000000 -1.00000000 0.00000000
vn 0.00000000 -1.00000000 0.00000000
vn 0.00000000 -1.00000000 0.00000000
vn 0.00000000 -1.00000000 0.00000000
vn 0.00000000 -1.00000000 0.00000000
vn 0.00000000 -1.00000000 0.00000000
vn 0.00000000 -1.00000000 0.00000000
vn 0.00000000 -1.00000000 0.00000000
vn 0.00000000 -1.00000000 0.00000000
vn 0.00000000 -1.00000000 0.00000000
vn 0.00000000 -1.00000000 0.00000000
vn 0.00000000 -1.00000000 0.00000000
vn 0.00000000 -1.00000000 -0.00000014
vn 0.00000000 -1.00000000 -0.00000014
vn 0.00000000 -1.00000000 0.00000000
vn 0.00000000 -1.00000000 0.00000000
vn 0.00000000 -1.00000000 0.00000000
vn 0.00000000 -1.00000000 0.00000000
vn 0.00000000 -1.00000000 0.00000000
vn 0.00000000 -1.00000000 0.00000000
vn 0.00000000 -1.00000000 0.00000000
vn 0.00000000 -1.00000000 0.00000000
vn 0.00000000 -1.00000000 0.00000000
vn 0.00000000 -1.00000000 0.00000000
vn 0.00000000 -1.00000000 0.00000000
vn 0.00000000 -1.00000000 0.00000000
vn 0.00000000 -1.00000000 0.00000000
vn 0.00000000 -1.00000000 0.00000000
vn 0.00000000 -1.00000000 0.00000000
vn 0.00000000 -1.00000000 0.00000000
vn 0.00000000 -1.00000000 0.00000018
vn 0.00000000 -1.00000000 0.00000000
vn 0.00000000 -1.00000000 0.00000028
vn 0.00000000 -1.00000000 0.00000028
vn 0.00000000 -1.00000000 0.00000000
vn 0.00000000 -1.00000000 0.00000000
vn 0.00000000 -1.00000000 0.00000000
vn 0.00000000 -1.00000000 0.00000000
vn 0.00000000 -1.00000000 -0.00000014
vn 0.00000000 -1.00000000 -0.00000014
vn 0.00000000 -1.00000000 0.00000000
vn 0.00000000 -1.00000000 0.00000000
vn 0.00000151 -1.00000000 0.00000000
vn 0.00000151 -1.00000000 0.00000000
vn 0.00000151 -1.00000000 0.00000000
vn 0.00000151 -1.00000000 0.00000000
vn 0.00000151 -1.00000000 0.00000000
vn 0.00000063 -1.00000000 -0.00000366
vn 0.00000063 -1.00000000 0.00000366
vn 0.00000063 -1.00000000 -0.00000366
vn 0.00000063 -1.00000000 0.00000366
vn -0.00000063 -1.00000000 -0.00000366
vn -0.00000063 -1.00000000 0.00000366
vn -0.00000063 -1.00000000 -0.00000366
vn -0.00000063 -1.00000000 0.00000366
vn -0.00000151 -1.00000000 0.00000000
vn -0.00000151 -1.00000000 0.00000000
vn -0.00000151 -1.00000000 0.00000000
vn -0.00000151 -1.00000000 0.00000000
vn 0.00000000 1.00000000 0.00000000
vn 0.00000000 1.00000000 0.00000000
vn 0.00000000 1.00000000 0.00000000
vn 0.00000000 1.00000000 0.00000000
vn 0.00000000 1.00000000 0.00000183
vn 0.00000000 1.00000000 -0.00000366
vn 0.00000000 1.00000000 0.00000183
vn 0.00000000 1.00000000 0.00000000
vn 0.00000000 1.00000000 0.00000000
vn 0.00000000 1.00000000 0.00000000
vn 0.00000000 1.00000000 0.00000000
vn 0.00000000 1.00000000 -0.00000183
vn 0.00000000 1.00000000 0.00000366
vn 0.00000000 1.00000000 -0.00000183
vn 0.00000000 1.00000000 0.00000366
vn 0.00000000 1.00000000 0.00000000
vn 0.00000000 1.00000000 0.00000000
vn 0.00000000 1.00000000 0.00000000
vn 0.00000000 1.00000000 0.00000000
vn 0.00000000 1.00000000 -0.00000219
vn 0.00000000 1.00000000 0.00000000
vn 0.00000000 1.00000000 -0.00000219
vn 0.00000000 1.00000000 0.00000000
vn 0.00000000 1.00000000 -0.00000219
vn 0.00000000 1.00000000 -0.00000219
vn 1.00000000 0.00000000 0.00000000
vn 1.00000000 -0.00000049 0.00000000
vn 1.00000000 0.00000000 0.00000000
vn 1.00000000 0.00000000 0.00000000
vn 1.00000000 -0.00000098 0.00000000
vn 1.00000000 0.00000000 0.00000000
vn 1.00000000 -0.00000033 0.00000000
vn 1.00000000 0.00000024 0.00000000
vn 1.00000000 0.00000031 0.00000000
vn 1.00000000 0.00000049 0.00000000
vn 1.00000000 -0.00000033 0.00000000
vn 1.00000000 0.00000073 0.00000000
vn 1.00000000 -0.00000098 0.00000000
vn 1.00000000 0.00000098 0.00000000
vn 1.00000000 -0.00000049 0.00000000
vn 1.00000000 0.00000049 0.00000000
vn 1.00000000 0.00000000 0.00000000
vn -1.00000000 0.00000000 0.00000000
vn -1.00000000 0.00000000 0.00000000
vn -1.00000000 0.00000000 0.00000000
vn -1.00000000 0.00000000 0.00000000
vn -1.00000000 -0.00000186 0.00000000
vn -1.00000000 0.00000046 0.00000000
vn -1.00000000 -0.00000186 0.00000000
vn -1.00000000 0.00000046 0.00000000
vn -1.00000000 0.00000093 0.00000000
vn -1.00000000 0.00000023 0.00000000
vn -1.00000000 0.00000093 0.00000000
vn -1.00000000 0.00000023 0.00000000
vn -1.00000000 -0.00000093 0.00000000
vn -1.00000000 -0.00000046 0.00000000
vn -1.00000000 -0.00000093 0.00000000
vn -1.00000000 -0.00000046 0.00000000
vn -1.00000000 0.00000046 0.00000000
vn -1.00000000 0.00000000 0.00000000
vn -1.00000000 0.00000046 0.00000000
vn -1.00000000 0.00000000 0.00000000
vn -1.00000000 -0.00000017 0.00000000
vn -1.00000000 -0.00000186 0.00000000
vn -1.00000000 -0.00000017 0.00000000
vn -1.00000000 -0.00000186 0.00000000
vn -1.00000000 0.00000000 0.00000000
vn -1.00000000 0.00000186 0.00000000
vn -1.00000000 0.00000000 0.00000000
vn -1.00000000 0.00000186 0.00000000
vn -1.00000000 0.00000000 0.00000000
vn -1.00000000 0.00000000 0.00000000
vn -1.00000000 0.00000000 0.00000000
vn -1.00000000 0.00000000 0.00000000
vn 0.00000000 1.00000000 -0.00000279
vn 0.00000000 1.00000000 -0.00000279
vn 0.00000000 1.00000000 -0.00000279
vn 0.00000000 1.00000000 -0.00000279
vn 0.00000000 1.00000000 0.00000279
vn 0.00000000 1.00000000 0.00000279
vn 0.00000000 1.00000000 0.00000279
vn 0.00000000 1.00000000 0.00000279
vn 0.00000000 -1.00000000 0.00001040
vn 0.00000000 -1.00000000 0.00001040
vn 0.00000010 -1.00000000 -0.00001040
vn 0.00000010 -1.00000000 -0.00001040
vn 0.00000000 -1.00000000 0.00001048
vn 0.00000010 -1.00000000 -0.00001032
vn 0.00000000 -1.00000000 0.00001048
vn 0.00000010 -1.00000000 -0.00001032
vt 0.44993020 0.46023090
vt 0.44993520 0.55926470
vt 0.54997750 0.55972560
vt 0.54989420 0.45975180
vt -23.84878000 0.85244040
vt -23.84790000 0.84963470
vt -23.84912000 0.84932090
vt -24.59056000 0.52848970
vt -24.59166000 0.52667360
vt -24.59277000 0.52810250
vt -24.45723000 0.61797000
vt -24.45904000 0.61881980
vt -24.45736000 0.62129150
vt -24.19381000 0.83645170
vt -24.19888000 0.83470080
vt -24.19857000 0.83591510
vt -24.08223000 0.83645170
vt -24.08223000 0.83527910
vt -24.19369000 0.83527910
vt -24.58425000 0.68870840
vt -24.58316000 0.69052550
vt -24.58204000 0.68909770
vt -24.36405000 0.71697950
vt -24.32882000 0.93615230
vt -24.32882000 0.71697950
vt -24.10980000 0.99800790
vt -24.14502000 0.77883500
vt -24.14502000 0.99800790
vt -24.82424000 0.70009580
vt -24.81044000 0.69600870
vt -24.82424000 0.69600870
vt -24.81044000 0.70009580
vt -24.82424000 0.70621250
vt -24.81044000 0.70621250
vt -24.82424000 0.71342760
vt -24.81044000 0.71342760
vt -24.82424000 0.72064270
vt -24.81044000 0.72064270
vt -24.80433000 0.73770840
vt -24.81812000 0.73770840
vt -24.81812000 0.74492360
vt -24.80433000 0.74492360
vt -24.81812000 0.75213870
vt -24.80433000 0.75213870
vt -24.83976000 0.76967590
vt -24.82596000 0.76967590
vt -24.82596000 0.76558880
vt -24.83976000 0.76558880
vt -24.82596000 0.75947210
vt -24.83976000 0.75947210
vt -24.82596000 0.75225690
vt -24.83976000 0.75225690
vt -24.82596000 0.74504180
vt -24.83976000 0.74504180
vt -24.82596000 0.73892510
vt -24.83976000 0.73892510
vt -24.82596000 0.73483800
vt -24.83976000 0.73483800
vt -24.79668000 0.75213870
vt -24.78289000 0.75213870
vt -24.78289000 0.74492360
vt -24.79668000 0.74492360
vt -24.78289000 0.73770840
vt -24.79668000 0.73770840
vt -24.82424000 0.73084650
vt -24.81044000 0.73084650
vt -24.81044000 0.72675950
vt -24.82424000 0.72675950
vt -24.27597000 0.35698300
vt -24.28894000 0.35698300
vt -24.28894000 0.60885860
vt -24.27597000 0.60885860
vt -24.10967000 0.35698300
vt -24.12265000 0.35698300
vt -24.12265000 0.70012750
vt -24.10967000 0.70012750
vt -24.29508000 0.35698300
vt -24.30806000 0.35698300
vt -24.30806000 0.60885860
vt -24.29508000 0.60885860
vt -24.14176000 0.70012750
vt -24.12878000 0.70012750
vt -24.12878000 0.35698300
vt -24.14176000 0.35698300
vt -24.83976000 0.35299160
vt -24.82343000 0.35299160
vt -24.82343000 0.00192487
vt -24.83976000 0.00192487
vt -24.81617000 0.35299160
vt -24.79985000 0.35299160
vt -24.79985000 0.00192487
vt -24.81617000 0.00192487
vt -24.20915000 0.61678060
vt -24.19282000 0.61678060
vt -24.19282000 0.35698300
vt -24.20915000 0.35698300
vt -24.23161000 0.61678060
vt -24.21528000 0.61678060
vt -24.21528000 0.35698300
vt -24.23161000 0.35698300
vt -24.25072000 0.61678060
vt -24.23775000 0.61678060
vt -24.23775000 0.35698300
vt -24.25072000 0.35698300
vt -24.79279000 0.35299160
vt -24.77981000 0.35299160
vt -24.77981000 0.00192487
vt -24.79279000 0.00192487
vt -24.26983000 0.61678060
vt -24.25686000 0.61678060
vt -24.25686000 0.35698300
vt -24.26983000 0.35698300
vt -24.77330000 0.35299160
vt -24.76032000 0.35299160
vt -24.76032000 0.00192487
vt -24.77330000 0.00192487
vt -24.21617000 0.77863460
vt -24.21436000 0.77778540
vt -24.21604000 0.77531310
vt -24.21767000 0.77641490
vt -24.33117000 0.62182470
vt -24.32951000 0.62077200
vt -24.33283000 0.62287720
vt -24.21933000 0.77750330
vt -24.21764000 0.78000350
vt -24.21611000 0.78225230
vt -24.21480000 0.78066310
vt -24.21510000 0.78375480
vt -24.21388000 0.78201840
vt -23.84882000 0.84718570
vt -23.84686000 0.84660600
vt -23.84838000 0.84479190
vt -23.85019000 0.84554930
vt -23.84584000 0.84932090
vt -23.84760000 0.85232440
vt -23.84552000 0.85232440
vt -23.84418000 0.84858480
vt -23.84552000 0.96417960
vt -23.84760000 0.96417960
vt -23.84878000 0.96417960
vt -24.60808000 0.81567770
vt -24.60511000 0.81842120
vt -24.60477000 0.81647050
vt -24.60913000 0.81745460
vt -24.61084000 0.81344670
vt -24.61242000 0.81480680
vt -24.61269000 0.81010790
vt -24.61461000 0.81084390
vt -24.61333000 0.80625230
vt -24.61542000 0.80608650
vt -24.61542000 0.69451310
vt -24.61333000 0.69451310
vt -24.83976000 0.69028080
vt -24.83854000 0.69201720
vt -24.83696000 0.68967680
vt -24.83827000 0.68808760
vt -24.83459000 0.68617400
vt -24.83605000 0.68480530
vt -24.83167000 0.68186490
vt -24.83333000 0.68078110
vt -24.72008000 0.52657240
vt -24.71841000 0.52762510
vt -24.83004000 0.68297120
vt -24.83277000 0.68702330
vt -24.71675000 0.52867760
vt -24.06323000 0.83627190
vt -24.06830000 0.83452060
vt -24.06799000 0.83573570
vt -24.06311000 0.83509890
vt -23.95166000 0.83509890
vt -23.95166000 0.83627190
vt -23.95166000 0.83301230
vt -24.06311000 0.83301230
vt -24.06799000 0.83245690
vt -24.07195000 0.83097320
vt -24.07253000 0.83293740
vt -24.07460000 0.82875280
vt -24.07536000 0.83056790
vt -24.67197000 0.69528720
vt -24.66842000 0.69646380
vt -24.66875000 0.69451310
vt -24.67092000 0.69706410
vt -24.67474000 0.69751810
vt -24.67316000 0.69887830
vt -24.67659000 0.70085700
vt -24.67467000 0.70159320
vt -24.67724000 0.70487840
vt -24.67515000 0.70471270
vt -24.67515000 0.81645190
vt -24.67724000 0.81645190
vt -23.84374000 0.96417960
vt -23.84374000 0.85244040
vt -23.84544000 0.84524600
vt -23.84731000 0.84301500
vt -23.84954000 0.84222230
vt -23.85006000 0.84419970
vt -23.96352000 0.84419970
vt -23.96283000 0.84223150
vt -23.85027000 0.84027150
vt -23.96352000 0.84026340
vt -23.95166000 0.83123460
vt -24.06323000 0.83123460
vt -24.06725000 0.83080130
vt -24.07059000 0.82955120
vt -24.07282000 0.82768050
vt -24.07359000 0.82549950
vt -24.07557000 0.82601800
vt -24.07557000 0.71273120
vt -24.07360000 0.71204110
vt -24.07164000 0.82623650
vt -24.07164000 0.71273120
vt -24.73974000 0.74200010
vt -24.73796000 0.74317330
vt -24.73587000 0.74274580
vt -24.74017000 0.73991360
vt -24.73470000 0.74096820
vt -24.73899000 0.73813600
vt -24.73513000 0.73888160
vt -24.73690000 0.73770840
vt -24.59308000 0.53170730
vt -24.59445000 0.53024080
vt -24.59628000 0.53259750
vt -24.59473000 0.53380920
vt -24.59133000 0.53267980
vt -24.59319000 0.53505720
vt -24.70596000 0.69052160
vt -24.70747000 0.68926090
vt -24.70898000 0.68800020
vt -24.59157000 0.52977850
vt -24.70224000 0.70382260
vt -24.70084000 0.70081910
vt -24.70266000 0.70113280
vt -24.70038000 0.70382260
vt -24.70038000 0.81567770
vt -24.70224000 0.81567770
vt -24.70227000 0.69810400
vt -24.70334000 0.69451310
vt -24.70441000 0.69629010
vt -24.70071000 0.69674410
vt -24.69895000 0.70008310
vt -24.69833000 0.70393830
vt -24.69833000 0.81567770
vt -23.97395000 0.84406550
vt -23.97464000 0.84066040
vt -23.97639000 0.84141780
vt -23.97203000 0.84348600
vt -23.97232000 0.84802860
vt -23.97029000 0.84771490
vt -23.97171000 0.85278580
vt -23.96966000 0.85290200
vt -23.97356000 0.85261990
vt -23.97171000 0.96435940
vt -23.97356000 0.96435940
vt -23.97404000 0.84876470
vt -23.97542000 0.84542580
vt -23.97747000 0.84319470
vt -23.97939000 0.84045130
vt -23.97993000 0.84240210
vt -23.97730000 0.84497170
vt -23.97914000 0.84437950
vt -24.09184000 0.84437950
vt -24.09246000 0.84241130
vt -24.09184000 0.84044320
vt -24.47892000 0.35920860
vt -24.48012000 0.36088470
vt -24.47768000 0.36400590
vt -24.47631000 0.36253930
vt -24.47466000 0.36785310
vt -24.47311000 0.36663690
vt -24.47456000 0.36156690
vt -24.47157000 0.36539360
vt -24.35912000 0.52048590
vt -24.36063000 0.52174660
vt -24.36214000 0.52300730
vt -24.48066000 0.35698300
vt -24.48175000 0.35879910
vt -24.63834000 0.80597040
vt -24.64096000 0.81084390
vt -24.63915000 0.81115760
vt -24.64019000 0.80597040
vt -24.64019000 0.69451310
vt -24.63834000 0.69451310
vt -24.64305000 0.81480680
vt -24.64724000 0.81567780
vt -24.64617000 0.81745460
vt -24.64461000 0.81344680
vt -24.64286000 0.81010790
vt -24.64224000 0.80608640
vt -24.64224000 0.69451310
vt -24.21490000 0.84678560
vt -24.21147000 0.84572910
vt -24.21323000 0.84497170
vt -24.21298000 0.84736540
vt -24.21601000 0.84950070
vt -24.21399000 0.84981450
vt -24.21637000 0.85262010
vt -24.21432000 0.85250420
vt -24.21432000 0.96435940
vt -24.21637000 0.96435940
vt -23.96966000 0.96435940
vt -24.21823000 0.85278620
vt -24.21823000 0.96435940
vt -24.21774000 0.84876460
vt -24.21637000 0.84542570
vt -24.21431000 0.84319470
vt -24.21136000 0.84437130
vt -24.21191000 0.84242050
vt -24.21413000 0.84141780
vt -24.21112000 0.84044320
vt -24.09860000 0.84044320
vt -24.09923000 0.84241130
vt -24.09860000 0.84437950
vt -24.76250000 0.74266250
vt -24.76045000 0.74323300
vt -24.75860000 0.74218540
vt -24.76355000 0.74080810
vt -24.75803000 0.74013330
vt -24.76298000 0.73875610
vt -24.75908000 0.73827890
vt -24.76113000 0.73770840
vt -24.22944000 0.79466850
vt -24.22900000 0.79227480
vt -24.23082000 0.79303220
vt -24.22748000 0.79408880
vt -24.22853000 0.79711750
vt -24.22646000 0.79680380
vt -24.22823000 0.79980720
vt -24.22614000 0.79980730
vt -24.22614000 0.91166240
vt -24.22823000 0.91166240
vt -24.22940000 0.79992310
vt -24.22974000 0.79680370
vt -24.22940000 0.91166240
vt -24.62890000 0.69725660
vt -24.63187000 0.69451310
vt -24.63220000 0.69646390
vt -24.62785000 0.69547940
vt -24.62614000 0.69948740
vt -24.62457000 0.69812740
vt -24.62429000 0.70282630
vt -24.62237000 0.70209040
vt -24.62364000 0.70668170
vt -24.62156000 0.70684780
vt -24.62156000 0.81842120
vt -24.62364000 0.81842120
vt -24.61646000 0.35871960
vt -24.61767000 0.35698300
vt -24.61926000 0.35932290
vt -24.61794000 0.36091270
vt -24.62163000 0.36282480
vt -24.62017000 0.36419420
vt -24.62455000 0.36713270
vt -24.62289000 0.36821750
vt -24.73632000 0.52258090
vt -24.73798000 0.52152790
vt -24.19857000 0.83263700
vt -24.20253000 0.83115270
vt -24.19369000 0.83319280
vt -24.08223000 0.83319260
vt -24.62344000 0.36197510
vt -24.62618000 0.36602630
vt -24.73964000 0.52047470
vt -24.20311000 0.83311680
vt -24.20518000 0.82893120
vt -24.20593000 0.83074610
vt -24.68864000 0.81567770
vt -24.69220000 0.81450120
vt -24.69186000 0.81645190
vt -24.68969000 0.81390070
vt -24.68587000 0.81344690
vt -24.68745000 0.81208680
vt -24.68402000 0.81010790
vt -24.68594000 0.80937180
vt -24.68337000 0.80608650
vt -24.68546000 0.80625240
vt -24.68546000 0.69451310
vt -24.68337000 0.69451310
vt -24.45728000 0.61435250
vt -24.45860000 0.61594200
vt -24.45576000 0.61660060
vt -24.45573000 0.62018940
vt -24.45407000 0.61910020
vt -24.34039000 0.77388120
vt -24.34205000 0.77493440
vt -24.34372000 0.77598730
vt -24.45830000 0.61285010
vt -24.45951000 0.61458680
vt -24.22436000 0.91166240
vt -24.22436000 0.79992310
vt -24.22481000 0.79606770
vt -24.22606000 0.79272880
vt -24.22793000 0.79049790
vt -24.23016000 0.78970510
vt -24.23068000 0.79168250
vt -24.34433000 0.79168250
vt -24.34364000 0.78971430
vt -24.23090000 0.78775440
vt -24.34433000 0.78774630
vt -24.08223000 0.83141460
vt -24.19381000 0.83141460
vt -24.19783000 0.83098120
vt -24.20117000 0.82973040
vt -24.20340000 0.82785890
vt -24.20417000 0.82567720
vt -24.20615000 0.82619510
vt -24.20615000 0.71273110
vt -24.20418000 0.71204110
vt -24.20222000 0.82641400
vt -24.20221000 0.71273110
vt -24.74757000 0.74274550
vt -24.74639000 0.74096750
vt -24.74682000 0.73888110
vt -24.74965000 0.74317360
vt -24.74860000 0.73770840
vt -24.75143000 0.74200100
vt -24.75069000 0.73813650
vt -24.75186000 0.73991450
vt -24.58173000 0.68549310
vt -24.58036000 0.68696090
vt -24.57853000 0.68460570
vt -24.58007000 0.68339270
vt -24.58348000 0.68451890
vt -24.58162000 0.68214320
vt -24.46905000 0.52699880
vt -24.46754000 0.52826080
vt -24.46603000 0.52952300
vt -24.58324000 0.68742050
vt -24.71271000 0.80786390
vt -24.71411000 0.81086740
vt -24.71229000 0.81055360
vt -24.71457000 0.80786380
vt -24.71457000 0.69600870
vt -24.71271000 0.69600870
vt -24.71268000 0.81358220
vt -24.71162000 0.81717340
vt -24.71054000 0.81539630
vt -24.71424000 0.81494230
vt -24.71600000 0.81160340
vt -24.71662000 0.80774790
vt -24.71662000 0.69600870
vt -24.35476000 0.78360130
vt -24.35545000 0.78019600
vt -24.35720000 0.78095350
vt -24.35284000 0.78302150
vt -24.35312000 0.78756430
vt -24.35110000 0.78725050
vt -24.35251000 0.79232170
vt -24.35046000 0.79243770
vt -24.35437000 0.79215570
vt -24.35251000 0.90389500
vt -24.35437000 0.90389500
vt -24.35485000 0.78830030
vt -24.35622000 0.78496140
vt -24.35828000 0.78273030
vt -24.36020000 0.77998690
vt -24.36074000 0.78193770
vt -24.35811000 0.78450730
vt -24.35995000 0.78391510
vt -24.47245000 0.78391520
vt -24.47307000 0.78194690
vt -24.47245000 0.77997880
vt -24.49072000 0.52045810
vt -24.48952000 0.51878090
vt -24.49196000 0.51566180
vt -24.49333000 0.51712970
vt -24.49498000 0.51181730
vt -24.49654000 0.51303510
vt -24.49508000 0.51810380
vt -24.49808000 0.51427970
vt -24.61032000 0.35950720
vt -24.60881000 0.35824500
vt -24.60730000 0.35698300
vt -24.48898000 0.52268210
vt -24.48788000 0.52086500
vt -24.66228000 0.70599750
vt -24.65965000 0.70112400
vt -24.66147000 0.70081020
vt -24.66043000 0.70599740
vt -24.66043000 0.81745480
vt -24.66228000 0.81745480
vt -24.65757000 0.69716110
vt -24.65338000 0.69629020
vt -24.65445000 0.69451310
vt -24.65601000 0.69852100
vt -24.65776000 0.70186010
vt -24.65837000 0.70588150
vt -24.65837000 0.81745480
vt -24.59531000 0.70085940
vt -24.59188000 0.69980290
vt -24.59364000 0.69904540
vt -24.59340000 0.70143930
vt -24.59643000 0.70357420
vt -24.59440000 0.70388820
vt -24.59679000 0.70669410
vt -24.59473000 0.70657790
vt -24.59473000 0.81843320
vt -24.59679000 0.81843320
vt -24.35046000 0.90389500
vt -24.59864000 0.70685990
vt -24.59864000 0.81843320
vt -24.59815000 0.70283850
vt -24.59678000 0.69949950
vt -24.59472000 0.69726850
vt -24.59177000 0.69844510
vt -24.59232000 0.69649430
vt -24.59454000 0.69549140
vt -24.59152000 0.69451700
vt -24.47921000 0.69451700
vt -24.47984000 0.69648510
vt -24.47921000 0.69845320
vt -24.77467000 0.73875450
vt -24.77525000 0.74080600
vt -24.77420000 0.74266140
vt -24.77282000 0.73770840
vt -24.77215000 0.74323370
vt -24.77077000 0.73828080
vt -24.77029000 0.74218770
vt -24.76972000 0.74013610
vt -24.14790000 0.35698300
vt -24.16422000 0.35698300
vt -24.16422000 0.70012750
vt -24.14790000 0.70012750
vt -24.31419000 0.35698300
vt -24.33052000 0.35698300
vt -24.33052000 0.60885860
vt -24.31419000 0.60885860
vt -24.18669000 0.70012750
vt -24.17036000 0.70012750
vt -24.17036000 0.35698300
vt -24.18669000 0.35698300
vt -24.33665000 0.35698300
vt -24.35298000 0.35698300
vt -24.35298000 0.60885860
vt -24.33665000 0.60885860
vt -24.09749000 0.43369950
vt -24.08455000 0.43369950
vt -24.08455000 0.37202710
vt -24.09749000 0.37202710
vt -24.09749000 0.31035450
vt -24.08455000 0.31035450
vt -24.09749000 0.24868200
vt -24.08455000 0.24868200
vt -24.09749000 0.18700950
vt -24.08455000 0.18700950
vt -24.09749000 0.12533710
vt -24.08455000 0.12533710
vt -24.09749000 0.06366450
vt -24.08455000 0.06366450
vt -24.09749000 0.00199203
vt -24.08455000 0.00199203
vt -24.05687000 0.36687540
vt -24.04393000 0.36687540
vt -24.04393000 0.24524760
vt -24.05687000 0.24524760
vt -24.05687000 0.12361990
vt -24.04393000 0.12361990
vt -24.05687000 0.00199203
vt -24.04393000 0.00199203
vt -24.06424000 0.37202710
vt -24.07718000 0.43369950
vt -24.06424000 0.43369950
vt -24.07718000 0.37202710
vt -24.06424000 0.31035450
vt -24.07718000 0.31035450
vt -24.06424000 0.24868210
vt -24.07718000 0.24868210
vt -24.06424000 0.18700950
vt -24.07718000 0.18700950
vt -24.06424000 0.12533710
vt -24.07718000 0.12533710
vt -24.06424000 0.06366450
vt -24.07718000 0.06366450
vt -24.06424000 0.00199203
vt -24.07718000 0.00199203
vt -24.03656000 0.12361980
vt -24.02362000 0.00199203
vt -24.03656000 0.00199203
vt -24.02362000 0.12361980
vt -24.03656000 0.24524760
vt -24.02362000 0.24524760
vt -24.03656000 0.36687540
vt -24.02362000 0.36687540
vt -24.83986000 0.06366450
vt -24.71823000 0.00199203
vt -24.83986000 0.00199203
vt -24.73698000 0.08588137
vt -24.83986000 0.12533710
vt -24.59660000 0.00199203
vt -24.73698000 0.11201890
vt -24.57786000 0.08588137
vt -24.47498000 0.00199203
vt -24.47498000 0.06366450
vt -24.57786000 0.11201890
vt -24.83986000 0.18700950
vt -24.47498000 0.12533710
vt -24.73698000 0.19104920
vt -24.83986000 0.24868200
vt -24.57786000 0.19104920
vt -24.47498000 0.18700950
vt -24.73698000 0.24464240
vt -24.57786000 0.24464240
vt -24.83986000 0.31035450
vt -24.47498000 0.24868200
vt -24.73698000 0.32279630
vt -24.83986000 0.37202710
vt -24.57786000 0.32279630
vt -24.47498000 0.31035450
vt -24.73698000 0.34766170
vt -24.83986000 0.43369950
vt -24.71823000 0.43369950
vt -24.57786000 0.34766170
vt -24.47498000 0.37202710
vt -24.59660000 0.43369950
vt -24.47498000 0.43369950
vt -24.17471000 0.76787690
vt -23.89634000 0.76787690
vt -23.89634000 0.43748060
vt -24.17471000 0.43748060
vt -24.29351000 0.76787690
vt -24.18052000 0.76787690
vt -24.18052000 0.43748060
vt -24.29351000 0.43748060
vt -24.57770000 0.76787690
vt -24.29933000 0.76787690
vt -24.29933000 0.43748070
vt -24.57770000 0.43748070
vt -24.69651000 0.76787670
vt -24.58351000 0.76787670
vt -24.58351000 0.43748060
vt -24.69651000 0.43748060
vt -24.81531000 0.43748060
vt -24.81531000 0.71585390
vt -24.70232000 0.71585390
vt -24.70232000 0.43748060
vt -24.83986000 0.71963480
vt -24.83986000 0.99800810
vt -24.72687000 0.99800810
vt -24.72687000 0.71963480
vt -24.24778000 0.43555160
vt -23.92488000 0.46381390
vt -24.24778000 0.39041350
vt -23.92488000 0.49172980
vt -24.24778000 0.50310550
vt -23.92488000 0.53350890
vt -24.24778000 0.58279070
vt -23.92488000 0.58279070
vt -24.24778000 0.66247590
vt -24.25341000 0.71331250
vt -24.28381000 0.39041350
vt -24.33310000 0.39041350
vt -24.33310000 0.71331250
vt -24.38238000 0.39041350
vt -24.41278000 0.71331250
vt -24.41718000 0.38674660
vt -24.09428000 0.31334610
vt -24.09428000 0.28543020
vt -24.41718000 0.34160850
vt -24.09428000 0.24365120
vt -24.41718000 0.27405460
vt -24.09428000 0.19436930
vt -24.41718000 0.19436930
vt -24.09428000 0.14508750
vt -24.41718000 0.11468410
vt -24.09428000 0.10330840
vt -24.41718000 0.04713012
vt -24.09428000 0.07539247
vt -24.41718000 0.00199203
vt -24.57779000 0.42211440
vt -24.54739000 0.74501340
vt -24.49810000 0.74501340
vt -24.49810000 0.42211440
vt -24.44882000 0.74501340
vt -24.41842000 0.42211440
vt -24.24778000 0.77516790
vt -23.92488000 0.70176750
vt -23.92488000 0.67385160
vt -24.24778000 0.73002990
vt -23.92488000 0.63207250
vt -24.40645000 0.96785320
vt -24.40645000 0.74868030
vt -24.42640000 0.74868030
vt -24.42640000 0.96785320
vt -24.45627000 0.74868030
vt -24.45627000 0.96785320
vt -24.49149000 0.74868030
vt -24.49149000 0.96785320
vt -24.36405000 0.93615230
vt -24.39927000 0.71697950
vt -24.39927000 0.93615230
vt -24.30233000 0.99800790
vt -24.32228000 0.77883500
vt -24.32228000 0.99800790
vt -24.30233000 0.77883500
vt -24.27246000 0.99800790
vt -24.27246000 0.77883500
vt -24.23724000 0.99800790
vt -24.23724000 0.77883500
vt -24.20201000 0.99800790
vt -24.20201000 0.77883500
vt -24.17215000 0.99800790
vt -24.17215000 0.77883500
vt -24.15220000 0.99800790
vt -24.15220000 0.77883500
vt -24.10980000 0.77883500
vt -24.07457000 0.99800790
vt -24.07457000 0.77883500
vt -24.55658000 0.96785320
vt -24.57653000 0.74868030
vt -24.57653000 0.96785320
vt -24.55658000 0.74868030
vt -24.52672000 0.96785320
vt -24.52672000 0.74868030
vt -24.74985000 0.00588601
vt -24.75381000 0.35299160
vt -24.74985000 0.34903060
vt -24.49797000 0.34903060
vt -24.75381000 0.00192487
vt -24.49401000 0.35299160
vt -24.49797000 0.00588601
vt -24.49401000 0.00192487
vt -24.13197000 0.03544641
vt -24.10370000 0.00199204
vt -24.22533000 0.00199204
vt -24.10370000 0.06366451
vt -24.23475000 0.03544641
vt -24.13197000 0.08756054
vt -24.33753000 0.03544641
vt -24.10370000 0.12533710
vt -24.34695000 0.00199204
vt -24.13197000 0.13967460
vt -24.10370000 0.18700950
vt -24.13197000 0.19178870
vt -24.10370000 0.24868200
vt -24.13197000 0.24390280
vt -24.10370000 0.31035450
vt -24.13197000 0.29601700
vt -24.44031000 0.03544641
vt -24.46858000 0.00199204
vt -24.46858000 0.06366451
vt -24.44031000 0.08756054
vt -24.46858000 0.12533710
vt -24.44031000 0.13967460
vt -24.46858000 0.18700950
vt -24.44031000 0.19178870
vt -24.46858000 0.24868200
vt -24.44031000 0.24390280
vt -24.46858000 0.31035450
vt -24.44031000 0.29601700
vt -24.46858000 0.37202710
vt -24.44031000 0.34813110
vt -24.46858000 0.43369950
vt -24.44031000 0.40024510
vt -24.34695000 0.43369950
vt -24.33753000 0.40024510
vt -24.22533000 0.43369950
vt -24.23475000 0.40024510
vt -24.10370000 0.43369950
vt -24.13197000 0.40024510
vt -24.10370000 0.37202710
vt -24.13197000 0.34813110
vt -24.74161000 0.71486290
vt -24.74161000 0.69600870
vt -24.74883000 0.69744380
vt -24.75494000 0.70153090
vt -24.73439000 0.69744380
vt -24.75903000 0.70764770
vt -24.72828000 0.70153110
vt -24.76046000 0.71486290
vt -24.72419000 0.70764770
vt -24.75903000 0.72207800
vt -24.72276000 0.71486290
vt -24.75494000 0.72819470
vt -24.72419000 0.72207800
vt -24.74883000 0.73228180
vt -24.72828000 0.72819480
vt -24.74161000 0.73371700
vt -24.73439000 0.73228180
vt -24.78545000 0.71486290
vt -24.77212000 0.70153090
vt -24.77824000 0.69744380
vt -24.78545000 0.69600870
vt -24.76803000 0.70764770
vt -24.79267000 0.69744380
vt -24.76660000 0.71486290
vt -24.79879000 0.70153110
vt -24.76803000 0.72207800
vt -24.80287000 0.70764770
vt -24.77212000 0.72819470
vt -24.80431000 0.71486290
vt -24.77824000 0.73228180
vt -24.80287000 0.72207800
vt -24.78545000 0.73371700
vt -24.79879000 0.72819480
vt -24.79267000 0.73228180
vt -24.23096000 0.00588601
vt -24.22700000 0.00192487
vt -24.48680000 0.00192487
vt -24.22700000 0.35299160
vt -24.48284000 0.00588601
vt -24.23096000 0.34903060
vt -24.48680000 0.35299160
vt -24.48284000 0.34903060
vt -24.71114000 0.55089390
vt -24.71114000 0.67967360
vt -24.66186000 0.66987070
vt -24.62008000 0.64195480
vt -24.76042000 0.66987070
vt -24.59216000 0.60017570
vt -24.80220000 0.64195490
vt -24.58236000 0.55089390
vt -24.83012000 0.60017570
vt -24.59216000 0.50161210
vt -24.83992000 0.55089400
vt -24.62008000 0.45983300
vt -24.83012000 0.50161210
vt -24.66186000 0.43191710
vt -24.80220000 0.45983300
vt -24.71114000 0.42211430
vt -24.76042000 0.43191710
vt -24.55201000 0.01784254
vt -24.59647000 0.12517830
vt -24.56660000 0.14513190
vt -24.48445000 0.06298064
vt -24.63169000 0.00199203
vt -24.54665000 0.17499450
vt -24.63169000 0.11817160
vt -24.43931000 0.13053460
vt -24.71138000 0.01784243
vt -24.53964000 0.21021970
vt -24.66692000 0.12517830
vt -24.42346000 0.21021970
vt -24.77893000 0.06298047
vt -24.54665000 0.24544500
vt -24.69678000 0.14513180
vt -24.43931000 0.28990500
vt -24.82407000 0.13053440
vt -24.56660000 0.27530760
vt -24.71673000 0.17499440
vt -24.48445000 0.35745890
vt -24.83992000 0.21021970
vt -24.59647000 0.29526120
vt -24.72374000 0.21021970
vt -24.55201000 0.40259700
vt -24.82407000 0.28990500
vt -24.63169000 0.30226790
vt -24.71673000 0.24544500
vt -24.63169000 0.41844740
vt -24.77893000 0.35745890
vt -24.66692000 0.29526110
vt -24.69678000 0.27530760
vt -24.71138000 0.40259690
vt -24.21848000 0.00324521
vt -24.21980000 0.00192487
vt -24.21980000 0.35299160
vt -24.21848000 0.35167120
vt -23.96132000 0.00324521
vt -23.96000000 0.35299160
vt -23.96000000 0.00192487
vt -23.96132000 0.35167120
vt -24.10222000 0.70672940
vt -24.10354000 0.70804970
vt -23.84374000 0.70804970
vt -23.84506000 0.70672940
vt -24.10222000 0.35830330
vt -23.84374000 0.35698300
vt -24.10354000 0.35698300
vt -23.84506000 0.35830330
f 3/3/3 2/2/2 1/1/1
f 4/4/4 3/3/3 1/1/1
f 7/7/7 6/6/6 5/5/5
f 10/10/10 9/9/9 8/8/8
f 13/13/13 12/12/12 11/11/11
f 16/16/16 15/15/15 14/14/14
f 18/18/18 17/17/17 14/14/14
f 19/19/19 18/18/18 14/14/14
f 22/22/22 21/21/21 20/20/20
f 25/25/25 24/24/24 23/23/23
f 28/28/28 27/27/27 26/26/26
f 31/31/31 30/30/30 29/29/29
f 30/30/30 32/32/32 29/29/29
f 29/29/29 32/32/32 33/33/33
f 32/32/32 34/34/34 33/33/33
f 33/33/33 34/34/34 35/35/35
f 34/34/34 36/36/36 35/35/35
f 35/35/35 36/36/36 37/37/37
f 36/36/36 38/38/38 37/37/37
f 41/41/41 40/40/40 39/39/39
f 42/42/42 41/41/41 39/39/39
f 43/43/43 41/41/41 42/42/42
f 44/44/44 43/43/43 42/42/42
f 47/47/47 46/46/46 45/45/45
f 48/48/48 47/47/47 45/45/45
f 49/49/49 47/47/47 48/48/48
f 50/50/50 49/49/49 48/48/48
f 51/51/51 49/49/49 50/50/50
f 52/52/52 51/51/51 50/50/50
f 53/53/53 51/51/51 52/52/52
f 54/54/54 53/53/53 52/52/52
f 55/55/55 53/53/53 54/54/54
f 56/56/56 55/55/55 54/54/54
f 57/57/57 55/55/55 56/56/56
f 58/58/58 57/57/57 56/56/56
f 61/61/61 60/60/60 59/59/59
f 62/62/62 61/61/61 59/59/59
f 63/63/63 61/61/61 62/62/62
f 64/64/64 63/63/63 62/62/62
f 67/67/67 66/66/66 65/65/65
f 68/68/68 67/67/67 65/65/65
f 38/38/38 67/67/67 68/68/68
f 37/37/37 38/38/38 68/68/68
f 71/71/71 70/70/70 69/69/69
f 72/72/72 71/71/71 69/69/69
f 75/75/75 74/74/74 73/73/73
f 76/76/76 75/75/75 73/73/73
f 79/79/79 78/78/78 77/77/77
f 80/80/80 79/79/79 77/77/77
f 83/83/83 82/82/82 81/81/81
f 84/84/84 83/83/83 81/81/81
f 87/87/87 86/86/86 85/85/85
f 88/88/88 87/87/87 85/85/85
f 91/91/91 90/90/90 89/89/89
f 92/92/92 91/91/91 89/89/89
f 95/95/95 94/94/94 93/93/93
f 96/96/96 95/95/95 93/93/93
f 99/99/99 98/98/98 97/97/97
f 100/100/100 99/99/99 97/97/97
f 103/103/103 102/102/102 101/101/101
f 104/104/104 103/103/103 101/101/101
f 107/107/107 106/106/106 105/105/105
f 108/108/108 107/107/107 105/105/105
f 111/111/111 110/110/110 109/109/109
f 112/112/112 111/111/111 109/109/109
f 115/115/115 114/114/114 113/113/113
f 116/116/116 115/115/115 113/113/113
f 119/119/119 118/118/118 117/117/117
f 120/120/120 119/119/119 117/117/117
f 120/120/120 121/121/121 119/119/119
f 121/121/121 122/122/122 119/119/119
f 123/123/123 121/121/121 120/120/120
f 124/124/124 123/123/123 120/120/120
f 124/124/124 120/120/120 125/125/125
f 120/120/120 117/117/117 125/125/125
f 125/125/125 117/117/117 126/126/126
f 117/117/117 127/127/127 126/126/126
f 126/126/126 127/127/127 128/128/128
f 127/127/127 129/129/129 128/128/128
f 132/132/132 131/131/131 130/130/130
f 133/133/133 132/132/132 130/130/130
f 130/130/130 131/131/131 6/6/6
f 131/131/131 134/134/134 6/6/6
f 6/6/6 134/134/134 135/135/135
f 6/6/6 135/135/135 5/5/5
f 134/134/134 136/136/136 135/135/135
f 134/134/134 137/137/137 136/136/136
f 136/136/136 138/138/138 135/135/135
f 138/138/138 139/139/139 135/135/135
f 135/135/135 139/139/139 5/5/5
f 139/139/139 140/140/140 5/5/5
f 143/143/143 142/142/142 141/141/141
f 142/142/142 144/144/144 141/141/141
f 141/141/141 144/144/144 145/145/145
f 144/144/144 146/146/146 145/145/145
f 145/145/145 146/146/146 147/147/147
f 146/146/146 148/148/148 147/147/147
f 147/147/147 148/148/148 149/149/149
f 148/148/148 150/150/150 149/149/149
f 150/150/150 151/151/151 149/149/149
f 151/151/151 152/152/152 149/149/149
f 155/155/155 154/154/154 153/153/153
f 156/156/156 155/155/155 153/153/153
f 157/157/157 155/155/155 156/156/156
f 158/158/158 157/157/157 156/156/156
f 159/159/159 157/157/157 158/158/158
f 160/160/160 159/159/159 158/158/158
f 160/160/160 161/161/161 159/159/159
f 161/161/161 162/162/162 159/159/159
f 159/159/159 163/163/163 157/157/157
f 159/159/159 162/162/162 163/163/163
f 163/163/163 164/164/164 157/157/157
f 162/162/162 165/165/165 163/163/163
f 168/168/168 167/167/167 166/166/166
f 167/167/167 169/169/169 166/166/166
f 169/169/169 170/170/170 166/166/166
f 170/170/170 171/171/171 166/166/166
f 172/172/172 170/170/170 169/169/169
f 173/173/173 172/172/172 169/169/169
f 174/174/174 173/173/173 169/169/169
f 167/167/167 174/174/174 169/169/169
f 175/175/175 174/174/174 167/167/167
f 178/178/178 177/177/177 176/176/176
f 177/177/177 175/175/175 176/176/176
f 176/176/176 175/175/175 167/167/167
f 181/181/181 180/180/180 179/179/179
f 180/180/180 182/182/182 179/179/179
f 179/179/179 182/182/182 183/183/183
f 182/182/182 184/184/184 183/183/183
f 183/183/183 184/184/184 185/185/185
f 184/184/184 186/186/186 185/185/185
f 185/185/185 186/186/186 187/187/187
f 186/186/186 188/188/188 187/187/187
f 188/188/188 189/189/189 187/187/187
f 189/189/189 190/190/190 187/187/187
f 191/191/191 138/138/138 136/136/136
f 192/192/192 191/191/191 136/136/136
f 137/137/137 192/192/192 136/136/136
f 193/193/193 137/137/137 134/134/134
f 131/131/131 193/193/193 134/134/134
f 194/194/194 193/193/193 131/131/131
f 132/132/132 194/194/194 131/131/131
f 195/195/195 194/194/194 132/132/132
f 196/196/196 195/195/195 132/132/132
f 196/196/196 197/197/197 195/195/195
f 197/197/197 198/198/198 195/195/195
f 195/195/195 198/198/198 199/199/199
f 198/198/198 200/200/200 199/199/199
f 201/201/201 172/172/172 173/173/173
f 202/202/202 201/201/201 173/173/173
f 203/203/203 202/202/202 173/173/173
f 174/174/174 203/203/203 173/173/173
f 204/204/204 203/203/203 174/174/174
f 175/175/175 204/204/204 174/174/174
f 205/205/205 204/204/204 175/175/175
f 177/177/177 205/205/205 175/175/175
f 206/206/206 205/205/205 177/177/177
f 207/207/207 206/206/206 177/177/177
f 207/207/207 208/208/208 206/206/206
f 208/208/208 209/209/209 206/206/206
f 206/206/206 209/209/209 210/210/210
f 209/209/209 211/211/211 210/210/210
f 214/214/214 213/213/213 212/212/212
f 215/215/215 214/214/214 212/212/212
f 216/216/216 214/214/214 215/215/215
f 217/217/217 216/216/216 215/215/215
f 218/218/218 216/216/216 217/217/217
f 219/219/219 218/218/218 217/217/217
f 222/222/222 221/221/221 220/220/220
f 223/223/223 222/222/222 220/220/220
f 223/223/223 220/220/220 224/224/224
f 225/225/225 223/223/223 224/224/224
f 225/225/225 226/226/226 223/223/223
f 226/226/226 227/227/227 223/223/223
f 223/223/223 227/227/227 222/222/222
f 227/227/227 228/228/228 222/222/222
f 220/220/220 221/221/221 229/229/229
f 221/221/221 10/10/10 229/229/229
f 229/229/229 10/10/10 8/8/8
f 232/232/232 231/231/231 230/230/230
f 231/231/231 233/233/233 230/230/230
f 233/233/233 234/234/234 230/230/230
f 234/234/234 235/235/235 230/230/230
f 238/238/238 237/237/237 236/236/236
f 237/237/237 239/239/239 236/236/236
f 236/236/236 239/239/239 231/231/231
f 239/239/239 240/240/240 231/231/231
f 231/231/231 240/240/240 233/233/233
f 240/240/240 241/241/241 233/233/233
f 241/241/241 242/242/242 233/233/233
f 242/242/242 234/234/234 233/233/233
f 245/245/245 244/244/244 243/243/243
f 244/244/244 246/246/246 243/243/243
f 243/243/243 246/246/246 247/247/247
f 246/246/246 248/248/248 247/247/247
f 248/248/248 250/250/250 249/249/249
f 247/247/247 248/248/248 249/249/249
f 247/247/247 249/249/249 251/251/251
f 249/249/249 252/252/252 251/251/251
f 252/252/252 253/253/253 251/251/251
f 254/254/254 247/247/247 251/251/251
f 243/243/243 247/247/247 254/254/254
f 255/255/255 243/243/243 254/254/254
f 245/245/245 243/243/243 255/255/255
f 256/256/256 245/245/245 255/255/255
f 257/257/257 245/245/245 256/256/256
f 258/258/258 257/257/257 256/256/256
f 258/258/258 256/256/256 259/259/259
f 260/260/260 258/258/258 259/259/259
f 260/260/260 261/261/261 258/258/258
f 261/261/261 262/262/262 258/258/258
f 258/258/258 262/262/262 257/257/257
f 262/262/262 263/263/263 257/257/257
f 266/266/266 265/265/265 264/264/264
f 267/267/267 266/266/266 264/264/264
f 268/268/268 266/266/266 267/267/267
f 269/269/269 268/268/268 267/267/267
f 269/269/269 267/267/267 270/270/270
f 271/271/271 269/269/269 270/270/270
f 271/271/271 272/272/272 269/269/269
f 272/272/272 273/273/273 269/269/269
f 269/269/269 273/273/273 268/268/268
f 273/273/273 274/274/274 268/268/268
f 265/265/265 276/276/276 275/275/275
f 264/264/264 265/265/265 275/275/275
f 279/279/279 278/278/278 277/277/277
f 278/278/278 280/280/280 277/277/277
f 280/280/280 281/281/281 277/277/277
f 281/281/281 282/282/282 277/277/277
f 285/285/285 284/284/284 283/283/283
f 284/284/284 286/286/286 283/283/283
f 283/283/283 286/286/286 278/278/278
f 286/286/286 287/287/287 278/278/278
f 278/278/278 287/287/287 280/280/280
f 287/287/287 288/288/288 280/280/280
f 288/288/288 289/289/289 280/280/280
f 289/289/289 281/281/281 280/280/280
f 292/292/292 291/291/291 290/290/290
f 291/291/291 293/293/293 290/290/290
f 290/290/290 293/293/293 294/294/294
f 293/293/293 295/295/295 294/294/294
f 294/294/294 295/295/295 296/296/296
f 295/295/295 297/297/297 296/296/296
f 297/297/297 298/298/298 296/296/296
f 298/298/298 299/299/299 296/296/296
f 300/300/300 252/252/252 249/249/249
f 250/250/250 300/300/300 249/249/249
f 299/299/299 302/302/302 301/301/301
f 296/296/296 299/299/299 301/301/301
f 294/294/294 296/296/296 301/301/301
f 303/303/303 294/294/294 301/301/301
f 290/290/290 294/294/294 303/303/303
f 304/304/304 290/290/290 303/303/303
f 292/292/292 290/290/290 304/304/304
f 305/305/305 292/292/292 304/304/304
f 306/306/306 292/292/292 305/305/305
f 307/307/307 306/306/306 305/305/305
f 307/307/307 305/305/305 308/308/308
f 309/309/309 307/307/307 308/308/308
f 309/309/309 310/310/310 307/307/307
f 310/310/310 311/311/311 307/307/307
f 307/307/307 311/311/311 306/306/306
f 311/311/311 312/312/312 306/306/306
f 315/315/315 314/314/314 313/313/313
f 316/316/316 315/315/315 313/313/313
f 317/317/317 315/315/315 316/316/316
f 318/318/318 317/317/317 316/316/316
f 319/319/319 317/317/317 318/318/318
f 320/320/320 319/319/319 318/318/318
f 323/323/323 322/322/322 321/321/321
f 322/322/322 324/324/324 321/321/321
f 321/321/321 324/324/324 325/325/325
f 324/324/324 326/326/326 325/325/325
f 325/325/325 326/326/326 327/327/327
f 326/326/326 328/328/328 327/327/327
f 328/328/328 329/329/329 327/327/327
f 329/329/329 330/330/330 327/327/327
f 325/325/325 327/327/327 331/331/331
f 327/327/327 330/330/330 331/331/331
f 332/332/332 325/325/325 331/331/331
f 330/330/330 333/333/333 331/331/331
f 336/336/336 335/335/335 334/334/334
f 335/335/335 337/337/337 334/334/334
f 334/334/334 337/337/337 338/338/338
f 337/337/337 339/339/339 338/338/338
f 338/338/338 339/339/339 340/340/340
f 339/339/339 341/341/341 340/340/340
f 340/340/340 341/341/341 342/342/342
f 341/341/341 343/343/343 342/342/342
f 343/343/343 344/344/344 342/342/342
f 344/344/344 345/345/345 342/342/342
f 348/348/348 347/347/347 346/346/346
f 349/349/349 348/348/348 346/346/346
f 350/350/350 348/348/348 349/349/349
f 351/351/351 350/350/350 349/349/349
f 352/352/352 350/350/350 351/351/351
f 353/353/353 352/352/352 351/351/351
f 353/353/353 354/354/354 352/352/352
f 354/354/354 355/355/355 352/352/352
f 15/15/15 19/19/19 14/14/14
f 15/15/15 356/356/356 19/19/19
f 357/357/357 356/356/356 15/15/15
f 356/356/356 358/358/358 19/19/19
f 358/358/358 359/359/359 19/19/19
f 359/359/359 18/18/18 19/19/19
f 361/361/361 360/360/360 350/350/350
f 352/352/352 361/361/361 350/350/350
f 352/352/352 355/355/355 361/361/361
f 355/355/355 362/362/362 361/361/361
f 365/365/365 364/364/364 363/363/363
f 364/364/364 357/357/357 363/363/363
f 363/363/363 357/357/357 15/15/15
f 368/368/368 367/367/367 366/366/366
f 367/367/367 369/369/369 366/366/366
f 366/366/366 369/369/369 370/370/370
f 369/369/369 371/371/371 370/370/370
f 370/370/370 371/371/371 372/372/372
f 371/371/371 373/373/373 372/372/372
f 372/372/372 373/373/373 374/374/374
f 373/373/373 375/375/375 374/374/374
f 375/375/375 376/376/376 374/374/374
f 376/376/376 377/377/377 374/374/374
f 11/11/11 379/379/379 378/378/378
f 380/380/380 11/11/11 378/378/378
f 381/381/381 11/11/11 380/380/380
f 382/382/382 381/381/381 380/380/380
f 382/382/382 383/383/383 381/381/381
f 381/381/381 13/13/13 11/11/11
f 383/383/383 384/384/384 381/381/381
f 381/381/381 384/384/384 13/13/13
f 384/384/384 385/385/385 13/13/13
f 379/379/379 387/387/387 386/386/386
f 378/378/378 379/379/379 386/386/386
f 388/388/388 329/329/329 328/328/328
f 389/389/389 388/388/388 328/328/328
f 390/390/390 389/389/389 328/328/328
f 326/326/326 390/390/390 328/328/328
f 391/391/391 390/390/390 326/326/326
f 324/324/324 391/391/391 326/326/326
f 392/392/392 391/391/391 324/324/324
f 322/322/322 392/392/392 324/324/324
f 393/393/393 392/392/392 322/322/322
f 394/394/394 393/393/393 322/322/322
f 394/394/394 395/395/395 393/393/393
f 395/395/395 396/396/396 393/393/393
f 393/393/393 396/396/396 397/397/397
f 396/396/396 398/398/398 397/397/397
f 399/399/399 359/359/359 358/358/358
f 400/400/400 399/399/399 358/358/358
f 401/401/401 400/400/400 358/358/358
f 356/356/356 401/401/401 358/358/358
f 402/402/402 401/401/401 356/356/356
f 357/357/357 402/402/402 356/356/356
f 403/403/403 402/402/402 357/357/357
f 364/364/364 403/403/403 357/357/357
f 404/404/404 403/403/403 364/364/364
f 405/405/405 404/404/404 364/364/364
f 405/405/405 406/406/406 404/404/404
f 406/406/406 407/407/407 404/404/404
f 404/404/404 407/407/407 408/408/408
f 407/407/407 409/409/409 408/408/408
f 412/412/412 411/411/411 410/410/410
f 413/413/413 412/412/412 410/410/410
f 414/414/414 412/412/412 413/413/413
f 415/415/415 414/414/414 413/413/413
f 416/416/416 414/414/414 415/415/415
f 417/417/417 416/416/416 415/415/415
f 420/420/420 419/419/419 418/418/418
f 421/421/421 420/420/420 418/418/418
f 421/421/421 418/418/418 422/422/422
f 423/423/423 421/421/421 422/422/422
f 423/423/423 424/424/424 421/421/421
f 424/424/424 425/425/425 421/421/421
f 421/421/421 425/425/425 420/420/420
f 425/425/425 426/426/426 420/420/420
f 418/418/418 419/419/419 427/427/427
f 419/419/419 22/22/22 427/427/427
f 427/427/427 22/22/22 20/20/20
f 430/430/430 429/429/429 428/428/428
f 429/429/429 431/431/431 428/428/428
f 431/431/431 432/432/432 428/428/428
f 432/432/432 433/433/433 428/428/428
f 436/436/436 435/435/435 434/434/434
f 435/435/435 437/437/437 434/434/434
f 434/434/434 437/437/437 429/429/429
f 437/437/437 438/438/438 429/429/429
f 429/429/429 438/438/438 431/431/431
f 438/438/438 439/439/439 431/431/431
f 439/439/439 440/440/440 431/431/431
f 440/440/440 432/432/432 431/431/431
f 443/443/443 442/442/442 441/441/441
f 442/442/442 444/444/444 441/441/441
f 441/441/441 444/444/444 445/445/445
f 444/444/444 446/446/446 445/445/445
f 446/446/446 448/448/448 447/447/447
f 445/445/445 446/446/446 447/447/447
f 445/445/445 447/447/447 449/449/449
f 447/447/447 450/450/450 449/449/449
f 450/450/450 451/451/451 449/449/449
f 452/452/452 445/445/445 449/449/449
f 441/441/441 445/445/445 452/452/452
f 453/453/453 441/441/441 452/452/452
f 443/443/443 441/441/441 453/453/453
f 454/454/454 443/443/443 453/453/453
f 455/455/455 443/443/443 454/454/454
f 456/456/456 455/455/455 454/454/454
f 456/456/456 454/454/454 457/457/457
f 458/458/458 456/456/456 457/457/457
f 458/458/458 459/459/459 456/456/456
f 459/459/459 460/460/460 456/456/456
f 456/456/456 460/460/460 455/455/455
f 460/460/460 461/461/461 455/455/455
f 464/464/464 463/463/463 462/462/462
f 465/465/465 464/464/464 462/462/462
f 466/466/466 464/464/464 465/465/465
f 467/467/467 466/466/466 465/465/465
f 467/467/467 465/465/465 468/468/468
f 469/469/469 467/467/467 468/468/468
f 469/469/469 470/470/470 467/467/467
f 470/470/470 471/471/471 467/467/467
f 467/467/467 471/471/471 466/466/466
f 471/471/471 472/472/472 466/466/466
f 463/463/463 474/474/474 473/473/473
f 462/462/462 463/463/463 473/473/473
f 477/477/477 476/476/476 475/475/475
f 476/476/476 478/478/478 475/475/475
f 478/478/478 479/479/479 475/475/475
f 479/479/479 480/480/480 475/475/475
f 483/483/483 482/482/482 481/481/481
f 482/482/482 484/484/484 481/481/481
f 481/481/481 484/484/484 476/476/476
f 484/484/484 485/485/485 476/476/476
f 476/476/476 485/485/485 478/478/478
f 485/485/485 486/486/486 478/478/478
f 486/486/486 487/487/487 478/478/478
f 487/487/487 479/479/479 478/478/478
f 490/490/490 489/489/489 488/488/488
f 489/489/489 491/491/491 488/488/488
f 488/488/488 491/491/491 492/492/492
f 491/491/491 493/493/493 492/492/492
f 492/492/492 493/493/493 494/494/494
f 493/493/493 495/495/495 494/494/494
f 495/495/495 496/496/496 494/494/494
f 496/496/496 497/497/497 494/494/494
f 498/498/498 450/450/450 447/447/447
f 448/448/448 498/498/498 447/447/447
f 497/497/497 500/500/500 499/499/499
f 494/494/494 497/497/497 499/499/499
f 492/492/492 494/494/494 499/499/499
f 501/501/501 492/492/492 499/499/499
f 488/488/488 492/492/492 501/501/501
f 502/502/502 488/488/488 501/501/501
f 490/490/490 488/488/488 502/502/502
f 503/503/503 490/490/490 502/502/502
f 504/504/504 490/490/490 503/503/503
f 505/505/505 504/504/504 503/503/503
f 505/505/505 503/503/503 506/506/506
f 507/507/507 505/505/505 506/506/506
f 507/507/507 508/508/508 505/505/505
f 508/508/508 509/509/509 505/505/505
f 505/505/505 509/509/509 504/504/504
f 509/509/509 510/510/510 504/504/504
f 513/513/513 512/512/512 511/511/511
f 514/514/514 513/513/513 511/511/511
f 515/515/515 513/513/513 514/514/514
f 516/516/516 515/515/515 514/514/514
f 517/517/517 515/515/515 516/516/516
f 518/518/518 517/517/517 516/516/516
f 521/521/521 520/520/520 519/519/519
f 522/522/522 521/521/521 519/519/519
f 525/525/525 524/524/524 523/523/523
f 526/526/526 525/525/525 523/523/523
f 529/529/529 528/528/528 527/527/527
f 530/530/530 529/529/529 527/527/527
f 533/533/533 532/532/532 531/531/531
f 534/534/534 533/533/533 531/531/531
f 537/537/537 536/536/536 535/535/535
f 538/538/538 537/537/537 535/535/535
f 538/538/538 539/539/539 537/537/537
f 539/539/539 540/540/540 537/537/537
f 539/539/539 541/541/541 540/540/540
f 541/541/541 542/542/542 540/540/540
f 541/541/541 543/543/543 542/542/542
f 543/543/543 544/544/544 542/542/542
f 543/543/543 545/545/545 544/544/544
f 545/545/545 546/546/546 544/544/544
f 545/545/545 547/547/547 546/546/546
f 547/547/547 548/548/548 546/546/546
f 547/547/547 549/549/549 548/548/548
f 549/549/549 550/550/550 548/548/548
f 553/553/553 552/552/552 551/551/551
f 554/554/554 553/553/553 551/551/551
f 554/554/554 555/555/555 553/553/553
f 555/555/555 556/556/556 553/553/553
f 555/555/555 557/557/557 556/556/556
f 557/557/557 558/558/558 556/556/556
f 561/561/561 560/560/560 559/559/559
f 560/560/560 562/562/562 559/559/559
f 559/559/559 562/562/562 563/563/563
f 562/562/562 564/564/564 563/563/563
f 563/563/563 564/564/564 565/565/565
f 564/564/564 566/566/566 565/565/565
f 565/565/565 566/566/566 567/567/567
f 566/566/566 568/568/568 567/567/567
f 567/567/567 568/568/568 569/569/569
f 568/568/568 570/570/570 569/569/569
f 569/569/569 570/570/570 571/571/571
f 570/570/570 572/572/572 571/571/571
f 571/571/571 572/572/572 573/573/573
f 572/572/572 574/574/574 573/573/573
f 577/577/577 576/576/576 575/575/575
f 576/576/576 578/578/578 575/575/575
f 575/575/575 578/578/578 579/579/579
f 578/578/578 580/580/580 579/579/579
f 579/579/579 580/580/580 581/581/581
f 580/580/580 582/582/582 581/581/581
f 585/585/585 584/584/584 583/583/583
f 584/584/584 586/586/586 583/583/583
f 583/583/583 586/586/586 587/587/587
f 584/584/584 588/588/588 586/586/586
f 586/586/586 589/589/589 587/587/587
f 588/588/588 590/590/590 586/586/586
f 588/588/588 591/591/591 590/590/590
f 591/591/591 592/592/592 590/590/590
f 590/590/590 592/592/592 593/593/593
f 587/587/587 589/589/589 594/594/594
f 592/592/592 595/595/595 593/593/593
f 589/589/589 596/596/596 594/594/594
f 589/589/589 593/593/593 596/596/596
f 594/594/594 596/596/596 597/597/597
f 593/593/593 595/595/595 598/598/598
f 593/593/593 598/598/598 596/596/596
f 595/595/595 599/599/599 598/598/598
f 596/596/596 600/600/600 597/597/597
f 598/598/598 599/599/599 601/601/601
f 597/597/597 600/600/600 602/602/602
f 599/599/599 603/603/603 601/601/601
f 600/600/600 604/604/604 602/602/602
f 600/600/600 601/601/601 604/604/604
f 602/602/602 604/604/604 605/605/605
f 601/601/601 603/603/603 606/606/606
f 601/601/601 606/606/606 604/604/604
f 603/603/603 607/607/607 606/606/606
f 604/604/604 608/608/608 605/605/605
f 605/605/605 608/608/608 609/609/609
f 608/608/608 610/610/610 609/609/609
f 606/606/606 607/607/607 611/611/611
f 608/608/608 611/611/611 610/610/610
f 607/607/607 612/612/612 611/611/611
f 611/611/611 613/613/613 610/610/610
f 611/611/611 612/612/612 613/613/613
f 612/612/612 614/614/614 613/613/613
f 617/617/617 616/616/616 615/615/615
f 618/618/618 617/617/617 615/615/615
f 621/621/621 620/620/620 619/619/619
f 622/622/622 621/621/621 619/619/619
f 625/625/625 624/624/624 623/623/623
f 626/626/626 625/625/625 623/623/623
f 629/629/629 628/628/628 627/627/627
f 630/630/630 629/629/629 627/627/627
f 633/633/633 632/632/632 631/631/631
f 634/634/634 633/633/633 631/631/631
f 637/637/637 636/636/636 635/635/635
f 638/638/638 637/637/637 635/635/635
f 641/641/641 640/640/640 639/639/639
f 640/640/640 642/642/642 639/639/639
f 639/639/639 642/642/642 643/643/643
f 642/642/642 644/644/644 643/643/643
f 643/643/643 644/644/644 645/645/645
f 644/644/644 646/646/646 645/645/645
f 645/645/645 646/646/646 647/647/647
f 650/650/650 649/649/649 648/648/648
f 651/651/651 650/650/650 648/648/648
f 652/652/652 650/650/650 651/651/651
f 653/653/653 652/652/652 651/651/651
f 656/656/656 655/655/655 654/654/654
f 657/657/657 656/656/656 654/654/654
f 658/658/658 656/656/656 657/657/657
f 659/659/659 658/658/658 657/657/657
f 660/660/660 658/658/658 659/659/659
f 661/661/661 660/660/660 659/659/659
f 662/662/662 660/660/660 661/661/661
f 663/663/663 662/662/662 661/661/661
f 664/664/664 662/662/662 663/663/663
f 665/665/665 664/664/664 663/663/663
f 666/666/666 664/664/664 665/665/665
f 667/667/667 666/666/666 665/665/665
f 670/670/670 669/669/669 668/668/668
f 671/671/671 670/670/670 668/668/668
f 672/672/672 670/670/670 671/671/671
f 673/673/673 672/672/672 671/671/671
f 676/676/676 675/675/675 674/674/674
f 677/677/677 676/676/676 674/674/674
f 678/678/678 676/676/676 677/677/677
f 647/647/647 678/678/678 677/677/677
f 646/646/646 678/678/678 647/647/647
f 681/681/681 680/680/680 679/679/679
f 682/682/682 681/681/681 679/679/679
f 683/683/683 681/681/681 682/682/682
f 684/684/684 683/683/683 682/682/682
f 685/685/685 683/683/683 684/684/684
f 686/686/686 685/685/685 684/684/684
f 24/24/24 687/687/687 23/23/23
f 23/23/23 687/687/687 688/688/688
f 687/687/687 689/689/689 688/688/688
f 692/692/692 691/691/691 690/690/690
f 691/691/691 693/693/693 690/690/690
f 690/690/690 693/693/693 694/694/694
f 693/693/693 695/695/695 694/694/694
f 694/694/694 695/695/695 696/696/696
f 695/695/695 697/697/697 696/696/696
f 696/696/696 697/697/697 698/698/698
f 697/697/697 699/699/699 698/698/698
f 698/698/698 699/699/699 700/700/700
f 699/699/699 701/701/701 700/700/700
f 700/700/700 701/701/701 702/702/702
f 701/701/701 703/703/703 702/702/702
f 27/27/27 704/704/704 26/26/26
f 26/26/26 704/704/704 705/705/705
f 704/704/704 706/706/706 705/705/705
f 709/709/709 708/708/708 707/707/707
f 708/708/708 710/710/710 707/707/707
f 707/707/707 710/710/710 711/711/711
f 710/710/710 712/712/712 711/711/711
f 711/711/711 712/712/712 686/686/686
f 712/712/712 685/685/685 686/686/686
f 715/715/715 714/714/714 713/713/713
f 714/714/714 715/715/715 716/716/716
f 714/714/714 717/717/717 713/713/713
f 718/718/718 714/714/714 716/716/716
f 713/713/713 717/717/717 719/719/719
f 718/718/718 716/716/716 719/719/719
f 717/717/717 720/720/720 719/719/719
f 720/720/720 718/718/718 719/719/719
f 723/723/723 722/722/722 721/721/721
f 721/721/721 722/722/722 724/724/724
f 725/725/725 723/723/723 721/721/721
f 726/726/726 721/721/721 724/724/724
f 725/725/725 727/727/727 723/723/723
f 726/726/726 724/724/724 728/728/728
f 727/727/727 729/729/729 723/723/723
f 730/730/730 726/726/726 728/728/728
f 730/730/730 728/728/728 731/731/731
f 732/732/732 730/730/730 731/731/731
f 732/732/732 731/731/731 733/733/733
f 734/734/734 732/732/732 733/733/733
f 734/734/734 733/733/733 735/735/735
f 736/736/736 734/734/734 735/735/735
f 727/727/727 737/737/737 729/729/729
f 737/737/737 738/738/738 729/729/729
f 739/739/739 738/738/738 737/737/737
f 740/740/740 739/739/739 737/737/737
f 741/741/741 739/739/739 740/740/740
f 742/742/742 741/741/741 740/740/740
f 743/743/743 741/741/741 742/742/742
f 744/744/744 743/743/743 742/742/742
f 745/745/745 743/743/743 744/744/744
f 746/746/746 745/745/745 744/744/744
f 747/747/747 745/745/745 746/746/746
f 748/748/748 747/747/747 746/746/746
f 749/749/749 747/747/747 748/748/748
f 750/750/750 749/749/749 748/748/748
f 751/751/751 749/749/749 750/750/750
f 752/752/752 751/751/751 750/750/750
f 753/753/753 751/751/751 752/752/752
f 754/754/754 753/753/753 752/752/752
f 755/755/755 753/753/753 754/754/754
f 756/756/756 755/755/755 754/754/754
f 757/757/757 755/755/755 756/756/756
f 758/758/758 757/757/757 756/756/756
f 759/759/759 757/757/757 758/758/758
f 760/760/760 759/759/759 758/758/758
f 760/760/760 736/736/736 759/759/759
f 736/736/736 735/735/735 759/759/759
f 763/763/763 762/762/762 761/761/761
f 764/764/764 763/763/763 761/761/761
f 762/762/762 765/765/765 761/761/761
f 766/766/766 764/764/764 761/761/761
f 765/765/765 767/767/767 761/761/761
f 768/768/768 766/766/766 761/761/761
f 767/767/767 769/769/769 761/761/761
f 770/770/770 768/768/768 761/761/761
f 769/769/769 771/771/771 761/761/761
f 772/772/772 770/770/770 761/761/761
f 771/771/771 773/773/773 761/761/761
f 774/774/774 772/772/772 761/761/761
f 773/773/773 775/775/775 761/761/761
f 776/776/776 774/774/774 761/761/761
f 775/775/775 777/777/777 761/761/761
f 777/777/777 776/776/776 761/761/761
f 780/780/780 779/779/779 778/778/778
f 781/781/781 780/780/780 778/778/778
f 779/779/779 782/782/782 778/778/778
f 783/783/783 781/781/781 778/778/778
f 782/782/782 784/784/784 778/778/778
f 785/785/785 783/783/783 778/778/778
f 784/784/784 786/786/786 778/778/778
f 787/787/787 785/785/785 778/778/778
f 786/786/786 788/788/788 778/778/778
f 789/789/789 787/787/787 778/778/778
f 788/788/788 790/790/790 778/778/778
f 791/791/791 789/789/789 778/778/778
f 790/790/790 792/792/792 778/778/778
f 793/793/793 791/791/791 778/778/778
f 792/792/792 794/794/794 778/778/778
f 794/794/794 793/793/793 778/778/778
f 797/797/797 796/796/796 795/795/795
f 796/796/796 798/798/798 795/795/795
f 799/799/799 797/797/797 795/795/795
f 798/798/798 800/800/800 795/795/795
f 801/801/801 797/797/797 799/799/799
f 798/798/798 801/801/801 800/800/800
f 802/802/802 801/801/801 799/799/799
f 801/801/801 802/802/802 800/800/800
f 805/805/805 804/804/804 803/803/803
f 806/806/806 805/805/805 803/803/803
f 804/804/804 807/807/807 803/803/803
f 808/808/808 806/806/806 803/803/803
f 807/807/807 809/809/809 803/803/803
f 810/810/810 808/808/808 803/803/803
f 809/809/809 811/811/811 803/803/803
f 812/812/812 810/810/810 803/803/803
f 811/811/811 813/813/813 803/803/803
f 814/814/814 812/812/812 803/803/803
f 813/813/813 815/815/815 803/803/803
f 816/816/816 814/814/814 803/803/803
f 815/815/815 817/817/817 803/803/803
f 818/818/818 816/816/816 803/803/803
f 817/817/817 819/819/819 803/803/803
f 819/819/819 818/818/818 803/803/803
f 822/822/822 821/821/821 820/820/820
f 823/823/823 822/822/822 820/820/820
f 820/820/820 821/821/821 824/824/824
f 825/825/825 822/822/822 823/823/823
f 821/821/821 826/826/826 824/824/824
f 827/827/827 825/825/825 823/823/823
f 824/824/824 826/826/826 828/828/828
f 829/829/829 825/825/825 827/827/827
f 826/826/826 830/830/830 828/828/828
f 831/831/831 829/829/829 827/827/827
f 828/828/828 830/830/830 832/832/832
f 833/833/833 829/829/829 831/831/831
f 830/830/830 834/834/834 832/832/832
f 835/835/835 833/833/833 831/831/831
f 832/832/832 834/834/834 836/836/836
f 837/837/837 833/833/833 835/835/835
f 834/834/834 838/838/838 836/836/836
f 839/839/839 837/837/837 835/835/835
f 836/836/836 838/838/838 840/840/840
f 841/841/841 837/837/837 839/839/839
f 838/838/838 842/842/842 840/840/840
f 843/843/843 841/841/841 839/839/839
f 840/840/840 842/842/842 844/844/844
f 845/845/845 841/841/841 843/843/843
f 842/842/842 846/846/846 844/844/844
f 847/847/847 845/845/845 843/843/843
f 844/844/844 846/846/846 848/848/848
f 849/849/849 845/845/845 847/847/847
f 846/846/846 850/850/850 848/848/848
f 851/851/851 849/849/849 847/847/847
f 848/848/848 850/850/850 851/851/851
f 850/850/850 849/849/849 851/851/851
f 854/854/854 853/853/853 852/852/852
f 855/855/855 854/854/854 852/852/852
f 852/852/852 853/853/853 856/856/856
f 857/857/857 854/854/854 855/855/855
f 853/853/853 858/858/858 856/856/856
f 859/859/859 857/857/857 855/855/855
f 856/856/856 858/858/858 859/859/859
f 858/858/858 857/857/857 859/859/859
f 862/862/862 861/861/861 860/860/860
f 863/863/863 862/862/862 860/860/860
f 860/860/860 861/861/861 864/864/864
f 865/865/865 862/862/862 863/863/863
f 861/861/861 866/866/866 864/864/864
f 867/867/867 865/865/865 863/863/863
f 864/864/864 866/866/866 867/867/867
f 866/866/866 865/865/865 867/867/867

