mtllib material.mtl
usemtl material_0
v 0.05079000 0.18893000 -0.01863000
v 0.04545000 0.19442000 -0.01911000
v 0.04492000 0.19407000 -0.01843000
v -0.04336000 0.20418000 -0.01669000
v -0.03426000 0.21184000 -0.01671000
v -0.04288000 0.20377000 -0.01600000
v 0.06515000 0.18034000 -0.01456000
v 0.06425000 0.18016000 -0.01455000
v 0.06461000 0.18075000 -0.01397000
v 0.06619000 0.18291000 -0.01484000
v 0.06637000 0.18201000 -0.01476000
v 0.06583000 0.18243000 -0.01412000
v -0.06424000 0.18016000 -0.01455000
v -0.06514000 0.18034000 -0.01456000
v -0.06460000 0.18075000 -0.01397000
v -0.05516000 0.16455000 -0.04727000
v -0.05828000 0.16956000 -0.04325000
v -0.06722000 0.16374000 -0.04058000
v -0.06262000 0.17979000 -0.00056000
v -0.06376000 0.18081000 -0.00814000
v -0.06129000 0.18241000 -0.00888000
v -0.05779000 0.18293000 -0.00200000
v -0.05920000 0.18367000 -0.01068000
v -0.05369000 0.18539000 -0.00554000
v -0.05780000 0.18438000 -0.01327000
v -0.05096000 0.18680000 -0.01062000
v -0.06414000 0.18069000 -0.01593000
v -0.05732000 0.18445000 -0.01626000
v -0.05780000 0.18386000 -0.01920000
v -0.05920000 0.18270000 -0.02162000
v -0.05000000 0.18693000 -0.01648000
v -0.05096000 0.18577000 -0.02223000
v -0.05369000 0.18350000 -0.02699000
v -0.06129000 0.18115000 -0.02318000
v -0.04245000 0.18804000 -0.01658000
v -0.04385000 0.18785000 -0.00807000
v -0.03669000 0.18749000 -0.00570000
v -0.03491000 0.18773000 -0.01655000
v -0.04385000 0.18636000 -0.02493000
v -0.03669000 0.18559000 -0.02719000
v -0.04782000 0.18306000 -0.03184000
v -0.05779000 0.18046000 -0.03004000
v -0.06376000 0.17944000 -0.02362000
v -0.05377000 0.17865000 -0.03626000
v -0.06262000 0.17711000 -0.03091000
v -0.06078000 0.17379000 -0.03752000
v -0.06696000 0.18439000 -0.01995000
v -0.06746000 0.18523000 -0.01894000
v -0.06854000 0.18454000 -0.01853000
v -0.06921000 0.18674000 -0.01509000
v -0.06855000 0.18720000 -0.01491000
v -0.06808000 0.18657000 -0.01424000
v -0.06746000 0.18569000 -0.01376000
v -0.06717000 0.18716000 -0.01459000
v -0.06639000 0.18638000 -0.01418000
v 0.04491000 0.17097000 -0.04395000
v 0.05768000 0.16876000 -0.04197000
v 0.05479000 0.16412000 -0.04573000
v 0.06327000 0.17939000 -0.01582000
v 0.05854000 0.18224000 -0.01078000
v 0.06054000 0.18104000 -0.00906000
v 0.06054000 0.17983000 -0.02276000
v 0.05854000 0.18132000 -0.02127000
v 0.06290000 0.17820000 -0.02319000
v 0.06527000 0.17666000 -0.02248000
v 0.06182000 0.17596000 -0.03018000
v 0.06727000 0.17545000 -0.02076000
v 0.06861000 0.17477000 -0.01827000
v 0.06645000 0.17295000 -0.02880000
v 0.06005000 0.17278000 -0.03652000
v 0.07038000 0.17058000 -0.02541000
v 0.07300000 0.16924000 -0.02053000
v 0.07248000 0.16497000 -0.02960000
v 0.06678000 0.16840000 -0.03451000
v 0.05768000 0.16876000 -0.04197000
v 0.06624000 0.16319000 -0.03942000
v 0.04491000 0.17097000 -0.04395000
v 0.03101000 0.17184000 -0.03886000
v 0.03654000 0.17719000 -0.03772000
v 0.02022000 0.16975000 -0.02780000
v 0.02500000 0.17682000 -0.02843000
v 0.02622000 0.16477000 -0.03824000
v 0.03999000 0.16517000 -0.04555000
v 0.03520000 0.15809000 -0.04492000
v 0.05479000 0.16960000 0.01630000
v 0.06119000 0.15635000 0.01720000
v 0.06466000 0.16275000 0.01452000
v 0.05640000 0.14928000 0.01782000
v 0.06538000 0.14260000 0.01114000
v 0.07017000 0.14967000 0.01052000
v 0.06544000 0.18602000 -0.01321000
v 0.06433000 0.18665000 -0.01461000
v 0.06561000 0.18683000 -0.01517000
v 0.06697000 0.18503000 -0.01263000
v 0.06640000 0.18638000 -0.01418000
v 0.06747000 0.18569000 -0.01376000
v 0.06532000 0.18691000 -0.01648000
v 0.06392000 0.18676000 -0.01647000
v 0.06561000 0.18660000 -0.01776000
v 0.06433000 0.18632000 -0.01827000
v 0.06640000 0.18599000 -0.01866000
v 0.06544000 0.18546000 -0.01955000
v 0.06922000 0.18674000 -0.01509000
v 0.06901000 0.18593000 -0.01448000
v 0.06809000 0.18657000 -0.01424000
v 0.06856000 0.18720000 -0.01491000
v 0.06856000 0.18720000 -0.01491000
v 0.06809000 0.18657000 -0.01424000
v 0.06718000 0.18716000 -0.01459000
v 0.06860000 0.18780000 -0.01595000
v 0.06889000 0.18762000 -0.01584000
v 0.06790000 0.18763000 -0.01516000
v 0.06839000 0.18792000 -0.01622000
v 0.06742000 0.18790000 -0.01577000
v 0.06747000 0.18569000 -0.01376000
v 0.06640000 0.18638000 -0.01418000
v 0.06718000 0.18716000 -0.01459000
v 0.06790000 0.18738000 -0.01790000
v 0.06889000 0.18749000 -0.01723000
v 0.06860000 0.18770000 -0.01716000
v -0.00050000 0.01272000 0.00051000
v -0.00050000 0.01272000 -0.00050000
v 0.00051000 0.01272000 -0.00050000
v 0.00051000 0.01272000 0.00051000
v -0.00050000 0.01272000 0.00051000
v -0.00050000 0.01272000 -0.00050000
v 0.00051000 0.01272000 -0.00050000
v 0.00051000 0.01272000 0.00051000
v 0.06461000 0.18075000 -0.01397000
v 0.06515000 0.18034000 -0.01456000
v 0.06515000 0.18010000 -0.01722000
v 0.06639000 0.18181000 -0.01735000
v 0.05737000 0.18515000 -0.01436000
v 0.05699000 0.18457000 -0.01496000
v 0.05079000 0.18928000 -0.01472000
v 0.05037000 0.18872000 -0.01533000
v 0.06622000 0.18267000 -0.01742000
v 0.06583000 0.18209000 -0.01802000
v 0.05897000 0.18706000 -0.01781000
v 0.05897000 0.18729000 -0.01520000
v 0.05254000 0.19110000 -0.01817000
v 0.05254000 0.19133000 -0.01556000
v 0.04694000 0.19682000 -0.01867000
v 0.04701000 0.19698000 -0.01605000
v 0.04650000 0.19627000 -0.01928000
v 0.05213000 0.19053000 -0.01877000
v 0.04288000 0.20342000 -0.01991000
v 0.04336000 0.20395000 -0.01930000
v 0.04336000 0.20418000 -0.01669000
v 0.03467000 0.21211000 -0.02002000
v 0.03467000 0.21234000 -0.01741000
v 0.06583000 0.18243000 -0.01412000
v 0.05897000 0.18729000 -0.01520000
v 0.06619000 0.18291000 -0.01484000
v 0.05859000 0.18683000 -0.01451000
v 0.06461000 0.18075000 -0.01397000
v 0.05254000 0.19133000 -0.01556000
v 0.05737000 0.18515000 -0.01436000
v 0.05213000 0.19088000 -0.01486000
v 0.05079000 0.18928000 -0.01472000
v 0.04545000 0.19477000 -0.01521000
v 0.05037000 0.18872000 -0.01533000
v 0.04650000 0.19661000 -0.01537000
v 0.04492000 0.19430000 -0.01582000
v 0.04132000 0.20177000 -0.01582000
v 0.04288000 0.20377000 -0.01600000
v 0.04078000 0.20130000 -0.01643000
v 0.03299000 0.20979000 -0.01653000
v 0.03258000 0.20918000 -0.01713000
v 0.03427000 0.21184000 -0.01671000
v 0.02341000 0.21301000 -0.01682000
v 0.02428000 0.21531000 -0.01702000
v 0.01077000 0.21500000 -0.01699000
v 0.01142000 0.21756000 -0.01722000
v 0.00001000 0.21588000 -0.01707000
v 0.00001000 0.21844000 -0.01729000
v -0.01141000 0.21756000 -0.01722000
v -0.01076000 0.21500000 -0.01699000
v -0.02427000 0.21531000 -0.01702000
v -0.02340000 0.21301000 -0.01682000
v -0.03426000 0.21184000 -0.01671000
v -0.03298000 0.20979000 -0.01653000
v -0.04288000 0.20377000 -0.01600000
v -0.04132000 0.20177000 -0.01582000
v -0.03257000 0.20918000 -0.01713000
v -0.04650000 0.19661000 -0.01537000
v -0.04077000 0.20130000 -0.01643000
v -0.04544000 0.19477000 -0.01521000
v -0.04492000 0.19430000 -0.01582000
v -0.05213000 0.19088000 -0.01486000
v -0.05078000 0.18928000 -0.01472000
v -0.05036000 0.18872000 -0.01533000
v -0.05858000 0.18683000 -0.01451000
v -0.05736000 0.18515000 -0.01436000
v -0.06460000 0.18075000 -0.01397000
v -0.06583000 0.18243000 -0.01412000
v -0.05896000 0.18729000 -0.01520000
v -0.05254000 0.19133000 -0.01556000
v 0.06461000 0.18041000 -0.01788000
v 0.06622000 0.18267000 -0.01742000
v 0.05859000 0.18648000 -0.01841000
v 0.06583000 0.18209000 -0.01802000
v 0.05897000 0.18706000 -0.01781000
v 0.05213000 0.19053000 -0.01877000
v 0.05254000 0.19110000 -0.01817000
v 0.06461000 0.18041000 -0.01788000
v 0.05737000 0.18481000 -0.01826000
v 0.05699000 0.18434000 -0.01757000
v 0.05037000 0.18849000 -0.01794000
v 0.04492000 0.19430000 -0.01582000
v 0.04078000 0.20107000 -0.01905000
v 0.04078000 0.20130000 -0.01643000
v 0.06425000 0.17992000 -0.01721000
v 0.06515000 0.18010000 -0.01722000
v 0.03258000 0.20895000 -0.01974000
v 0.04132000 0.20143000 -0.01973000
v 0.03299000 0.20944000 -0.02044000
v 0.03258000 0.20918000 -0.01713000
v 0.02323000 0.21209000 -0.02002000
v 0.02323000 0.21232000 -0.01741000
v 0.01068000 0.21407000 -0.02019000
v 0.01068000 0.21430000 -0.01758000
v 0.04650000 0.19661000 -0.01537000
v 0.04288000 0.20377000 -0.01600000
v 0.05213000 0.19088000 -0.01486000
v 0.04288000 0.20377000 -0.01600000
v 0.03467000 0.21234000 -0.01741000
v 0.04336000 0.20418000 -0.01669000
v 0.03427000 0.21184000 -0.01671000
v 0.02448000 0.21587000 -0.01772000
v 0.02428000 0.21531000 -0.01702000
v 0.01152000 0.21814000 -0.01792000
v 0.01142000 0.21756000 -0.01722000
v 0.00001000 0.21903000 -0.01800000
v 0.04336000 0.20395000 -0.01930000
v 0.03467000 0.21211000 -0.02002000
v 0.03427000 0.21150000 -0.02062000
v 0.04288000 0.20342000 -0.01991000
v 0.03467000 0.21211000 -0.02002000
v 0.02428000 0.21496000 -0.02092000
v 0.03427000 0.21150000 -0.02062000
v 0.02448000 0.21564000 -0.02033000
v 0.01142000 0.21722000 -0.02112000
v 0.01152000 0.21791000 -0.02053000
v 0.00001000 0.21809000 -0.02120000
v 0.00001000 0.21880000 -0.02061000
v 0.04078000 0.20107000 -0.01905000
v 0.04492000 0.19407000 -0.01843000
v 0.04545000 0.19442000 -0.01911000
v 0.04132000 0.20143000 -0.01973000
v 0.04650000 0.19627000 -0.01928000
v 0.05079000 0.18893000 -0.01863000
v 0.03299000 0.20944000 -0.02044000
v 0.02428000 0.21496000 -0.02092000
v 0.02341000 0.21266000 -0.02072000
v 0.01142000 0.21722000 -0.02112000
v 0.01077000 0.21465000 -0.02090000
v 0.05737000 0.18481000 -0.01826000
v 0.06461000 0.18041000 -0.01788000
v 0.00001000 0.21809000 -0.02120000
v 0.00001000 0.21553000 -0.02097000
v -0.01076000 0.21465000 -0.02090000
v -0.01141000 0.21722000 -0.02112000
v -0.02340000 0.21266000 -0.02072000
v -0.02427000 0.21496000 -0.02092000
v -0.03298000 0.20944000 -0.02044000
v -0.03426000 0.21150000 -0.02062000
v -0.04132000 0.20143000 -0.01973000
v -0.04288000 0.20342000 -0.01991000
v -0.04544000 0.19442000 -0.01911000
v -0.04650000 0.19627000 -0.01928000
v -0.04492000 0.19407000 -0.01843000
v -0.04077000 0.20107000 -0.01905000
v -0.05078000 0.18893000 -0.01863000
v -0.05213000 0.19053000 -0.01877000
v -0.05736000 0.18481000 -0.01826000
v -0.05858000 0.18648000 -0.01841000
v -0.06583000 0.18209000 -0.01802000
v -0.06460000 0.18041000 -0.01788000
v 0.02341000 0.21266000 -0.02072000
v 0.01077000 0.21465000 -0.02090000
v 0.00001000 0.21494000 -0.02027000
v 0.00001000 0.21553000 -0.02097000
v -0.01067000 0.21407000 -0.02019000
v -0.01076000 0.21465000 -0.02090000
v -0.02322000 0.21209000 -0.02002000
v -0.02340000 0.21266000 -0.02072000
v -0.03257000 0.20895000 -0.01974000
v -0.03298000 0.20944000 -0.02044000
v -0.04077000 0.20107000 -0.01905000
v -0.04132000 0.20143000 -0.01973000
v 0.02341000 0.21301000 -0.01682000
v 0.03299000 0.20979000 -0.01653000
v 0.01077000 0.21500000 -0.01699000
v 0.00001000 0.21588000 -0.01707000
v 0.00001000 0.21517000 -0.01766000
v -0.01076000 0.21500000 -0.01699000
v -0.01067000 0.21430000 -0.01758000
v 0.00001000 0.21844000 -0.01729000
v -0.01151000 0.21814000 -0.01792000
v -0.01141000 0.21756000 -0.01722000
v -0.02447000 0.21587000 -0.01772000
v -0.02427000 0.21531000 -0.01702000
v -0.01151000 0.21791000 -0.02053000
v -0.03466000 0.21234000 -0.01741000
v -0.02447000 0.21564000 -0.02033000
v -0.03466000 0.21211000 -0.02002000
v -0.03426000 0.21150000 -0.02062000
v -0.02427000 0.21496000 -0.02092000
v -0.01141000 0.21722000 -0.02112000
v -0.06514000 0.18010000 -0.01722000
v -0.06424000 0.17992000 -0.01721000
v -0.05698000 0.18457000 -0.01496000
v -0.05698000 0.18434000 -0.01757000
v -0.05036000 0.18849000 -0.01794000
v -0.05036000 0.18872000 -0.01533000
v -0.04492000 0.19407000 -0.01843000
v -0.04492000 0.19430000 -0.01582000
v -0.04077000 0.20130000 -0.01643000
v -0.03257000 0.20918000 -0.01713000
v -0.02322000 0.21232000 -0.01741000
v -0.03298000 0.20979000 -0.01653000
v -0.02340000 0.21301000 -0.01682000
v -0.05736000 0.18515000 -0.01436000
v -0.05078000 0.18928000 -0.01472000
v -0.06514000 0.18034000 -0.01456000
v -0.06637000 0.18201000 -0.01476000
v -0.06583000 0.18243000 -0.01412000
v -0.06460000 0.18075000 -0.01397000
v -0.06619000 0.18291000 -0.01484000
v -0.06638000 0.18181000 -0.01735000
v -0.06514000 0.18010000 -0.01722000
v -0.06460000 0.18041000 -0.01788000
v -0.06583000 0.18209000 -0.01802000
v -0.05896000 0.18706000 -0.01781000
v -0.06619000 0.18268000 -0.01740000
v -0.05254000 0.19110000 -0.01817000
v -0.04288000 0.20377000 -0.01600000
v -0.04650000 0.19661000 -0.01537000
v -0.04693000 0.19705000 -0.01606000
v -0.04336000 0.20418000 -0.01669000
v -0.04336000 0.20395000 -0.01930000
v -0.03466000 0.21211000 -0.02002000
v -0.03466000 0.21234000 -0.01741000
v -0.04700000 0.19675000 -0.01867000
v -0.05254000 0.19133000 -0.01556000
v -0.04650000 0.19627000 -0.01928000
v -0.04288000 0.20342000 -0.01991000
v -0.05213000 0.19053000 -0.01877000
v -0.05254000 0.19110000 -0.01817000
v -0.05896000 0.18729000 -0.01520000
v -0.05896000 0.18706000 -0.01781000
v -0.06619000 0.18291000 -0.01484000
v -0.06619000 0.18268000 -0.01740000
v -0.03466000 0.21211000 -0.02002000
v -0.04336000 0.20395000 -0.01930000
v -0.05213000 0.19088000 -0.01486000
v -0.04544000 0.19442000 -0.01911000
v -0.05078000 0.18893000 -0.01863000
v -0.05736000 0.18481000 -0.01826000
v -0.06460000 0.18041000 -0.01788000
v -0.03632000 0.14497000 -0.01463000
v -0.06432000 0.18632000 -0.01827000
v -0.06543000 0.18546000 -0.01955000
v -0.03743000 0.14410000 -0.01590000
v -0.06696000 0.18439000 -0.01995000
v -0.03895000 0.14304000 -0.01630000
v -0.06848000 0.18341000 -0.01937000
v -0.04048000 0.14206000 -0.01572000
v -0.04048000 0.14206000 -0.01572000
v -0.06848000 0.18341000 -0.01937000
v -0.06959000 0.18278000 -0.01796000
v -0.04159000 0.14142000 -0.01431000
v -0.07000000 0.18266000 -0.01611000
v -0.04200000 0.14131000 -0.01246000
v -0.06959000 0.18310000 -0.01430000
v -0.04159000 0.14175000 -0.01065000
v -0.06848000 0.18397000 -0.01303000
v -0.04048000 0.14262000 -0.00938000
v -0.04048000 0.14262000 -0.00938000
v -0.06848000 0.18397000 -0.01303000
v -0.06696000 0.18503000 -0.01263000
v -0.03895000 0.14368000 -0.00898000
v -0.06543000 0.18602000 -0.01321000
v -0.03743000 0.14466000 -0.00956000
v -0.06432000 0.18665000 -0.01461000
v -0.03632000 0.14529000 -0.01097000
v -0.03632000 0.14529000 -0.01097000
v -0.06432000 0.18665000 -0.01461000
v -0.06391000 0.18676000 -0.01647000
v -0.03591000 0.14541000 -0.01282000
v -0.06432000 0.18632000 -0.01827000
v -0.03632000 0.14497000 -0.01463000
v -0.06888000 0.18755000 -0.01654000
v -0.06938000 0.18725000 -0.01616000
v -0.06946000 0.18717000 -0.01650000
v -0.06938000 0.18719000 -0.01686000
v -0.06917000 0.18731000 -0.01712000
v -0.06888000 0.18749000 -0.01723000
v -0.06859000 0.18770000 -0.01716000
v -0.06838000 0.18786000 -0.01692000
v -0.06830000 0.18794000 -0.01657000
v -0.06917000 0.18741000 -0.01592000
v -0.06888000 0.18762000 -0.01584000
v -0.06859000 0.18780000 -0.01595000
v -0.06838000 0.18792000 -0.01622000
v -0.03603000 0.17825000 -0.03888000
v -0.03007000 0.17246000 -0.04010000
v -0.02377000 0.17770000 -0.02914000
v -0.03016000 0.18312000 -0.02868000
v -0.02155000 0.18036000 -0.01590000
v -0.01674000 0.17320000 -0.01527000
v -0.01895000 0.17054000 -0.02850000
v -0.02810000 0.18560000 -0.01637000
v -0.04176000 0.18138000 -0.03600000
v -0.04934000 0.17575000 -0.04164000
v -0.04480000 0.17173000 -0.04541000
v -0.05828000 0.16956000 -0.04325000
v -0.05516000 0.16455000 -0.04727000
v -0.04480000 0.17173000 -0.04541000
v -0.03007000 0.17246000 -0.04010000
v -0.03603000 0.17825000 -0.03888000
v -0.03950000 0.16546000 -0.04711000
v -0.02525000 0.16531000 -0.03945000
v -0.01895000 0.17054000 -0.02850000
v -0.02377000 0.17770000 -0.02914000
v -0.03468000 0.15831000 -0.04646000
v -0.05063000 0.15775000 -0.04911000
v -0.04579000 0.15061000 -0.04846000
v -0.06551000 0.15781000 -0.04419000
v -0.06175000 0.15051000 -0.04580000
v -0.05691000 0.14337000 -0.04514000
v -0.07119000 0.14484000 -0.03766000
v -0.06633000 0.13771000 -0.03701000
v -0.07429000 0.15253000 -0.03662000
v -0.07119000 0.14484000 -0.03766000
v -0.06175000 0.15051000 -0.04580000
v -0.08015000 0.14952000 -0.02572000
v -0.07749000 0.14160000 -0.02596000
v -0.08221000 0.14923000 -0.01316000
v -0.06633000 0.13771000 -0.03701000
v -0.07970000 0.14129000 -0.01246000
v -0.07263000 0.13448000 -0.02532000
v -0.07484000 0.13417000 -0.01183000
v -0.06551000 0.15781000 -0.04419000
v -0.07480000 0.15918000 -0.03404000
v -0.06722000 0.16374000 -0.04058000
v -0.06551000 0.16311000 0.01589000
v -0.06175000 0.15620000 0.01875000
v -0.07119000 0.14919000 0.01174000
v -0.07429000 0.15659000 0.00936000
v -0.06722000 0.16831000 0.01130000
v -0.07480000 0.16268000 0.00566000
v -0.06780000 0.17281000 0.00527000
v -0.06078000 0.17767000 0.00653000
v -0.05828000 0.17451000 0.01291000
v -0.06262000 0.17979000 -0.00056000
v -0.08165000 0.15633000 -0.01378000
v -0.07987000 0.15848000 -0.00315000
v -0.07772000 0.16509000 -0.00606000
v -0.07374000 0.16839000 0.00085000
v -0.08015000 0.15172000 -0.00084000
v -0.07749000 0.14396000 0.00078000
v -0.07263000 0.13683000 0.00140000
v -0.06633000 0.14206000 0.01235000
v -0.06551000 0.16311000 0.01589000
v -0.06722000 0.16831000 0.01130000
v -0.05828000 0.17451000 0.01291000
v -0.05516000 0.17029000 0.01775000
v -0.06175000 0.15620000 0.01875000
v -0.05063000 0.16391000 0.02075000
v -0.04480000 0.17703000 0.01466000
v -0.05691000 0.14906000 0.01936000
v -0.04579000 0.15676000 0.02135000
v -0.03950000 0.17115000 0.01743000
v -0.03468000 0.16400000 0.01804000
v -0.03007000 0.17682000 0.00930000
v -0.02525000 0.16966000 0.00991000
v -0.05828000 0.16956000 -0.04325000
v -0.06078000 0.17379000 -0.03752000
v -0.06780000 0.16922000 -0.03543000
v -0.06746000 0.17396000 -0.02947000
v -0.07374000 0.16565000 -0.03030000
v -0.07155000 0.17150000 -0.02593000
v -0.07772000 0.16361000 -0.02292000
v -0.07429000 0.17010000 -0.02085000
v -0.07987000 0.15658000 -0.02463000
v -0.07911000 0.16341000 -0.01441000
v -0.07525000 0.16996000 -0.01499000
v -0.07429000 0.17112000 -0.00924000
v -0.07155000 0.17340000 -0.00448000
v -0.06971000 0.17586000 -0.01849000
v -0.07020000 0.17580000 -0.01550000
v -0.06971000 0.17638000 -0.01257000
v -0.06831000 0.17658000 -0.02109000
v -0.06414000 0.18069000 -0.01593000
v -0.06831000 0.17755000 -0.01014000
v -0.06622000 0.17783000 -0.02289000
v -0.06262000 0.17711000 -0.03091000
v -0.06376000 0.17944000 -0.02362000
v -0.06129000 0.18115000 -0.02318000
v -0.05920000 0.18270000 -0.02162000
v -0.06622000 0.17910000 -0.00858000
v -0.06746000 0.17644000 -0.00143000
v -0.06376000 0.18081000 -0.00814000
v -0.06129000 0.18241000 -0.00888000
v -0.05920000 0.18367000 -0.01068000
v -0.06078000 0.17767000 0.00653000
v -0.05377000 0.18224000 0.00444000
v -0.05828000 0.17451000 0.01291000
v -0.04934000 0.18033000 0.01024000
v -0.05516000 0.17029000 0.01775000
v -0.04480000 0.17703000 0.01466000
v -0.04782000 0.18581000 -0.00069000
v -0.04176000 0.18489000 0.00370000
v -0.03603000 0.18230000 0.00709000
v -0.03950000 0.17115000 0.01743000
v -0.03007000 0.17682000 0.00930000
v -0.03016000 0.18532000 -0.00380000
v -0.02377000 0.18005000 -0.00240000
v -0.02525000 0.16966000 0.00991000
v -0.01895000 0.17290000 -0.00178000
v -0.06633000 0.14206000 0.01235000
v -0.07119000 0.14919000 0.01174000
v -0.03653000 0.17719000 -0.03772000
v -0.04490000 0.17097000 -0.04395000
v -0.04911000 0.17469000 -0.04043000
v -0.05767000 0.16876000 -0.04197000
v -0.05478000 0.16412000 -0.04573000
v -0.06004000 0.17278000 -0.03652000
v -0.05478000 0.16412000 -0.04573000
v -0.06465000 0.15770000 -0.04278000
v -0.06623000 0.16319000 -0.03942000
v -0.05767000 0.16876000 -0.04197000
v -0.07303000 0.15266000 -0.03556000
v -0.07862000 0.14979000 -0.02517000
v -0.07834000 0.15634000 -0.02415000
v -0.07016000 0.14552000 -0.03654000
v -0.06118000 0.15092000 -0.04429000
v -0.07303000 0.15653000 0.00830000
v -0.06465000 0.16275000 0.01452000
v -0.06623000 0.16757000 0.01025000
v -0.07349000 0.16218000 0.00486000
v -0.07862000 0.15188000 -0.00143000
v -0.07834000 0.15815000 -0.00358000
v -0.07247000 0.16761000 0.00027000
v -0.07628000 0.16444000 -0.00635000
v -0.08004000 0.15610000 -0.01376000
v -0.07762000 0.16283000 -0.01436000
v -0.07617000 0.14469000 0.00008000
v -0.07016000 0.14967000 0.01052000
v -0.08059000 0.14952000 -0.01318000
v -0.07628000 0.16301000 -0.02252000
v -0.07138000 0.13762000 0.00070000
v -0.06537000 0.14260000 0.01114000
v -0.07349000 0.13508000 -0.01191000
v -0.07827000 0.14215000 -0.01253000
v -0.07138000 0.13537000 -0.02477000
v -0.07617000 0.14244000 -0.02539000
v -0.06537000 0.13845000 -0.03592000
v -0.07349000 0.15883000 -0.03316000
v -0.07247000 0.16497000 -0.02960000
v -0.06623000 0.16319000 -0.03942000
v -0.06465000 0.15770000 -0.04278000
v -0.06465000 0.16275000 0.01452000
v -0.05767000 0.17350000 0.01179000
v -0.06623000 0.16757000 0.01025000
v -0.05478000 0.16960000 0.01630000
v -0.06118000 0.15635000 0.01720000
v -0.05058000 0.16369000 0.01910000
v -0.04490000 0.17602000 0.01335000
v -0.05639000 0.14928000 0.01782000
v -0.04579000 0.15662000 0.01972000
v -0.03998000 0.17059000 0.01594000
v -0.03519000 0.16352000 0.01656000
v -0.03100000 0.17599000 0.00819000
v -0.02621000 0.16892000 0.00882000
v -0.02897000 0.18420000 -0.01624000
v -0.03093000 0.18184000 -0.02799000
v -0.03700000 0.18411000 -0.02660000
v -0.03530000 0.18617000 -0.01642000
v -0.03093000 0.18393000 -0.00426000
v -0.04380000 0.18484000 -0.02444000
v -0.04761000 0.18167000 -0.03107000
v -0.03700000 0.18593000 -0.00603000
v -0.03653000 0.18106000 0.00613000
v -0.05325000 0.18209000 -0.02642000
v -0.05717000 0.17917000 -0.02934000
v -0.04247000 0.18645000 -0.01644000
v -0.04185000 0.18344000 0.00298000
v -0.04490000 0.17602000 0.01335000
v -0.06053000 0.17983000 -0.02276000
v -0.06289000 0.17820000 -0.02319000
v -0.05853000 0.18132000 -0.02127000
v -0.05062000 0.18427000 -0.02186000
v -0.04380000 0.18626000 -0.00828000
v -0.04911000 0.17908000 0.00924000
v -0.05478000 0.16960000 0.01630000
v -0.05767000 0.17350000 0.01179000
v -0.05719000 0.18243000 -0.01895000
v -0.06326000 0.17939000 -0.01582000
v -0.04970000 0.18538000 -0.01635000
v -0.04761000 0.18431000 -0.00120000
v -0.05332000 0.18088000 0.00372000
v -0.06004000 0.17650000 0.00572000
v -0.05672000 0.18300000 -0.01614000
v -0.05062000 0.18525000 -0.01072000
v -0.05719000 0.18293000 -0.01327000
v -0.05853000 0.18224000 -0.01078000
v -0.05325000 0.18391000 -0.00585000
v -0.05717000 0.18154000 -0.00246000
v -0.06181000 0.17853000 -0.00108000
v -0.06053000 0.18104000 -0.00906000
v -0.06289000 0.17950000 -0.00835000
v -0.05767000 0.17350000 0.01179000
v -0.06004000 0.17650000 0.00572000
v -0.06677000 0.17184000 0.00451000
v -0.06181000 0.17853000 -0.00108000
v -0.06644000 0.17532000 -0.00191000
v -0.06289000 0.17950000 -0.00835000
v -0.07037000 0.17240000 -0.00483000
v -0.06526000 0.17787000 -0.00878000
v -0.07299000 0.17022000 -0.00940000
v -0.06326000 0.17939000 -0.01582000
v -0.06053000 0.18104000 -0.00906000
v -0.05853000 0.18224000 -0.01078000
v -0.06726000 0.17638000 -0.01027000
v -0.06860000 0.17527000 -0.01259000
v -0.07392000 0.16911000 -0.01491000
v -0.06907000 0.17470000 -0.01540000
v -0.07299000 0.16924000 -0.02053000
v -0.06860000 0.17477000 -0.01827000
v -0.07037000 0.17058000 -0.02541000
v -0.06726000 0.17545000 -0.02076000
v -0.06677000 0.16840000 -0.03451000
v -0.05767000 0.16876000 -0.04197000
v -0.06004000 0.17278000 -0.03652000
v -0.06644000 0.17295000 -0.02880000
v -0.06181000 0.17596000 -0.03018000
v -0.06526000 0.17666000 -0.02248000
v -0.06289000 0.17820000 -0.02319000
v -0.06053000 0.17983000 -0.02276000
v -0.05853000 0.18132000 -0.02127000
v -0.06181000 0.17596000 -0.03018000
v -0.05332000 0.17744000 -0.03531000
v -0.04185000 0.18009000 -0.03504000
v -0.02499000 0.17682000 -0.02843000
v -0.03100000 0.17184000 -0.03886000
v -0.02289000 0.17936000 -0.01582000
v -0.01810000 0.17229000 -0.01519000
v -0.02021000 0.16975000 -0.02780000
v -0.02021000 0.17200000 -0.00233000
v -0.02499000 0.17907000 -0.00296000
v -0.02621000 0.16892000 0.00882000
v -0.03100000 0.17599000 0.00819000
v -0.04490000 0.17097000 -0.04395000
v -0.03653000 0.17719000 -0.03772000
v -0.03100000 0.17184000 -0.03886000
v -0.03998000 0.16517000 -0.04555000
v -0.05058000 0.15782000 -0.04745000
v -0.03519000 0.15809000 -0.04492000
v -0.04579000 0.15075000 -0.04683000
v -0.06118000 0.15092000 -0.04429000
v -0.05639000 0.14385000 -0.04367000
v -0.07016000 0.14552000 -0.03654000
v -0.06537000 0.13845000 -0.03592000
v -0.06118000 0.15635000 0.01720000
v -0.03998000 0.17059000 0.01594000
v -0.02499000 0.17682000 -0.02843000
v -0.02021000 0.16975000 -0.02780000
v -0.02621000 0.16477000 -0.03824000
v -0.07016000 0.14967000 0.01052000
v -0.06537000 0.14260000 0.01114000
v -0.02621000 0.16477000 -0.03824000
v -0.03468000 0.15831000 -0.04646000
v -0.03519000 0.15809000 -0.04492000
v -0.02525000 0.16531000 -0.03945000
v -0.02021000 0.16975000 -0.02780000
v -0.01895000 0.17054000 -0.02850000
v -0.01810000 0.17229000 -0.01519000
v -0.01674000 0.17320000 -0.01527000
v -0.02021000 0.17200000 -0.00233000
v -0.01895000 0.17290000 -0.00178000
v -0.02621000 0.16892000 0.00882000
v -0.02525000 0.16966000 0.00991000
v -0.03519000 0.16352000 0.01656000
v -0.03468000 0.16400000 0.01804000
v -0.03519000 0.15809000 -0.04492000
v -0.03468000 0.15831000 -0.04646000
v -0.04579000 0.15061000 -0.04846000
v -0.04579000 0.15075000 -0.04683000
v -0.05691000 0.14337000 -0.04514000
v -0.05639000 0.14385000 -0.04367000
v -0.06633000 0.13771000 -0.03701000
v -0.06537000 0.13845000 -0.03592000
v -0.07263000 0.13448000 -0.02532000
v -0.07138000 0.13537000 -0.02477000
v -0.07484000 0.13417000 -0.01183000
v -0.07349000 0.13508000 -0.01191000
v -0.07263000 0.13683000 0.00140000
v -0.07138000 0.13762000 0.00070000
v -0.06633000 0.14206000 0.01235000
v -0.06537000 0.14260000 0.01114000
v -0.05691000 0.14906000 0.01936000
v -0.05639000 0.14928000 0.01782000
v -0.04579000 0.15676000 0.02135000
v -0.04579000 0.15662000 0.01972000
v -0.03468000 0.16400000 0.01804000
v -0.03519000 0.16352000 0.01656000
v -0.06432000 0.18632000 -0.01827000
v -0.06560000 0.18660000 -0.01776000
v -0.06639000 0.18599000 -0.01866000
v -0.06391000 0.18676000 -0.01647000
v -0.06531000 0.18691000 -0.01648000
v -0.06432000 0.18665000 -0.01461000
v -0.06560000 0.18683000 -0.01517000
v -0.06543000 0.18546000 -0.01955000
v -0.06746000 0.18523000 -0.01894000
v -0.06696000 0.18439000 -0.01995000
v -0.06848000 0.18341000 -0.01937000
v -0.06933000 0.18409000 -0.01754000
v -0.06959000 0.18278000 -0.01796000
v -0.06962000 0.18401000 -0.01623000
v -0.07000000 0.18266000 -0.01611000
v -0.06933000 0.18432000 -0.01495000
v -0.06959000 0.18310000 -0.01430000
v -0.06854000 0.18494000 -0.01405000
v -0.06848000 0.18397000 -0.01303000
v -0.06746000 0.18569000 -0.01376000
v -0.06696000 0.18503000 -0.01263000
v -0.06696000 0.18503000 -0.01263000
v -0.06746000 0.18569000 -0.01376000
v -0.06639000 0.18638000 -0.01418000
v -0.06543000 0.18602000 -0.01321000
v -0.06789000 0.18738000 -0.01790000
v -0.06808000 0.18618000 -0.01863000
v -0.06717000 0.18682000 -0.01839000
v -0.06855000 0.18692000 -0.01808000
v -0.06888000 0.18749000 -0.01723000
v -0.06859000 0.18770000 -0.01716000
v -0.06855000 0.18692000 -0.01808000
v -0.06921000 0.18650000 -0.01783000
v -0.06900000 0.18560000 -0.01828000
v -0.06808000 0.18618000 -0.01863000
v -0.06746000 0.18523000 -0.01894000
v -0.06854000 0.18454000 -0.01853000
v -0.06639000 0.18599000 -0.01866000
v -0.06717000 0.18682000 -0.01839000
v -0.06986000 0.18618000 -0.01642000
v -0.06969000 0.18637000 -0.01564000
v -0.06966000 0.18541000 -0.01525000
v -0.06900000 0.18593000 -0.01448000
v -0.06921000 0.18674000 -0.01509000
v -0.06933000 0.18432000 -0.01495000
v -0.06854000 0.18494000 -0.01405000
v -0.06900000 0.18593000 -0.01448000
v -0.06854000 0.18494000 -0.01405000
v -0.06855000 0.18720000 -0.01491000
v -0.06717000 0.18716000 -0.01459000
v -0.06808000 0.18657000 -0.01424000
v -0.06789000 0.18763000 -0.01516000
v -0.06650000 0.18754000 -0.01543000
v -0.06639000 0.18638000 -0.01418000
v -0.06741000 0.18790000 -0.01577000
v -0.06560000 0.18683000 -0.01517000
v -0.06626000 0.18760000 -0.01654000
v -0.06723000 0.18795000 -0.01657000
v -0.06531000 0.18691000 -0.01648000
v -0.06560000 0.18660000 -0.01776000
v -0.06639000 0.18599000 -0.01866000
v -0.06650000 0.18734000 -0.01762000
v -0.06741000 0.18776000 -0.01735000
v -0.06838000 0.18786000 -0.01692000
v -0.06830000 0.18794000 -0.01657000
v -0.06854000 0.18454000 -0.01853000
v -0.06900000 0.18560000 -0.01828000
v -0.06966000 0.18522000 -0.01744000
v -0.06921000 0.18650000 -0.01783000
v -0.06969000 0.18623000 -0.01722000
v -0.06938000 0.18719000 -0.01686000
v -0.06946000 0.18717000 -0.01650000
v -0.06917000 0.18731000 -0.01712000
v -0.06855000 0.18692000 -0.01808000
v -0.06888000 0.18749000 -0.01723000
v -0.06933000 0.18409000 -0.01754000
v -0.06991000 0.18515000 -0.01633000
v -0.06962000 0.18401000 -0.01623000
v -0.06938000 0.18725000 -0.01616000
v -0.06917000 0.18741000 -0.01592000
v -0.06888000 0.18762000 -0.01584000
v -0.06855000 0.18720000 -0.01491000
v -0.06888000 0.18762000 -0.01584000
v -0.06859000 0.18780000 -0.01595000
v -0.06838000 0.18792000 -0.01622000
v 0.03633000 0.14497000 -0.01463000
v 0.06544000 0.18546000 -0.01955000
v 0.06433000 0.18632000 -0.01827000
v 0.03744000 0.14410000 -0.01590000
v 0.06697000 0.18439000 -0.01995000
v 0.03896000 0.14304000 -0.01630000
v 0.04049000 0.14206000 -0.01572000
v 0.06849000 0.18341000 -0.01937000
v 0.04049000 0.14206000 -0.01572000
v 0.04160000 0.14142000 -0.01431000
v 0.06960000 0.18278000 -0.01796000
v 0.06849000 0.18341000 -0.01937000
v 0.07001000 0.18266000 -0.01611000
v 0.04201000 0.14131000 -0.01246000
v 0.06960000 0.18310000 -0.01430000
v 0.04160000 0.14175000 -0.01065000
v 0.04049000 0.14262000 -0.00938000
v 0.06849000 0.18397000 -0.01303000
v 0.04049000 0.14262000 -0.00938000
v 0.03896000 0.14368000 -0.00898000
v 0.06697000 0.18503000 -0.01263000
v 0.06849000 0.18397000 -0.01303000
v 0.06544000 0.18602000 -0.01321000
v 0.03744000 0.14466000 -0.00956000
v 0.06433000 0.18665000 -0.01461000
v 0.03633000 0.14529000 -0.01097000
v 0.03633000 0.14529000 -0.01097000
v 0.06392000 0.18676000 -0.01647000
v 0.06433000 0.18665000 -0.01461000
v 0.03592000 0.14541000 -0.01282000
v 0.06433000 0.18632000 -0.01827000
v 0.03633000 0.14497000 -0.01463000
v 0.06889000 0.18755000 -0.01654000
v 0.06947000 0.18717000 -0.01650000
v 0.06939000 0.18725000 -0.01616000
v 0.06939000 0.18719000 -0.01686000
v 0.06918000 0.18731000 -0.01712000
v 0.06889000 0.18749000 -0.01723000
v 0.06860000 0.18770000 -0.01716000
v 0.06839000 0.18786000 -0.01692000
v 0.06831000 0.18794000 -0.01657000
v 0.06918000 0.18741000 -0.01592000
v 0.06889000 0.18762000 -0.01584000
v 0.06860000 0.18780000 -0.01595000
v 0.06839000 0.18792000 -0.01622000
v 0.03604000 0.17825000 -0.03888000
v 0.02378000 0.17770000 -0.02914000
v 0.03008000 0.17246000 -0.04010000
v 0.03017000 0.18312000 -0.02868000
v 0.04177000 0.18138000 -0.03600000
v 0.04935000 0.17575000 -0.04164000
v 0.04481000 0.17173000 -0.04541000
v 0.05829000 0.16956000 -0.04325000
v 0.05517000 0.16455000 -0.04727000
v 0.06079000 0.17379000 -0.03752000
v 0.04481000 0.17173000 -0.04541000
v 0.03604000 0.17825000 -0.03888000
v 0.03008000 0.17246000 -0.04010000
v 0.03951000 0.16546000 -0.04711000
v 0.05517000 0.16455000 -0.04727000
v 0.02526000 0.16531000 -0.03945000
v 0.01896000 0.17054000 -0.02850000
v 0.02378000 0.17770000 -0.02914000
v 0.03469000 0.15831000 -0.04646000
v 0.05064000 0.15775000 -0.04911000
v 0.04580000 0.15061000 -0.04846000
v 0.06176000 0.15051000 -0.04580000
v 0.05692000 0.14337000 -0.04514000
v 0.06552000 0.15781000 -0.04419000
v 0.06723000 0.16374000 -0.04058000
v 0.05829000 0.16956000 -0.04325000
v 0.07430000 0.15253000 -0.03662000
v 0.06552000 0.15781000 -0.04419000
v 0.06176000 0.15051000 -0.04580000
v 0.07120000 0.14484000 -0.03766000
v 0.08016000 0.14952000 -0.02572000
v 0.07750000 0.14160000 -0.02596000
v 0.06634000 0.13771000 -0.03701000
v 0.07264000 0.13448000 -0.02532000
v 0.07971000 0.14129000 -0.01246000
v 0.07485000 0.13417000 -0.01183000
v 0.08222000 0.14923000 -0.01316000
v 0.07750000 0.14396000 0.00078000
v 0.07264000 0.13683000 0.00140000
v 0.08016000 0.15172000 -0.00084000
v 0.07988000 0.15848000 -0.00315000
v 0.08166000 0.15633000 -0.01378000
v 0.07988000 0.15658000 -0.02463000
v 0.06552000 0.16311000 0.01589000
v 0.07120000 0.14919000 0.01174000
v 0.06176000 0.15620000 0.01875000
v 0.07430000 0.15659000 0.00936000
v 0.06723000 0.16831000 0.01130000
v 0.06634000 0.14206000 0.01235000
v 0.07481000 0.16268000 0.00566000
v 0.07375000 0.16839000 0.00085000
v 0.07773000 0.16509000 -0.00606000
v 0.06781000 0.17281000 0.00527000
v 0.06079000 0.17767000 0.00653000
v 0.05829000 0.17451000 0.01291000
v 0.06263000 0.17979000 -0.00056000
v 0.06747000 0.17644000 -0.00143000
v 0.07156000 0.17340000 -0.00448000
v 0.06623000 0.17910000 -0.00858000
v 0.06832000 0.17755000 -0.01014000
v 0.03604000 0.18230000 0.00709000
v 0.04481000 0.17703000 0.01466000
v 0.03951000 0.17115000 0.01743000
v 0.03008000 0.17682000 0.00930000
v 0.03017000 0.18532000 -0.00380000
v 0.02378000 0.18005000 -0.00240000
v 0.02526000 0.16966000 0.00991000
v 0.01896000 0.17290000 -0.00178000
v 0.02811000 0.18560000 -0.01637000
v 0.02156000 0.18036000 -0.01590000
v 0.03492000 0.18773000 -0.01655000
v 0.03670000 0.18749000 -0.00570000
v 0.04246000 0.18804000 -0.01658000
v 0.01675000 0.17320000 -0.01527000
v 0.01896000 0.17054000 -0.02850000
v 0.03670000 0.18559000 -0.02719000
v 0.04386000 0.18636000 -0.02493000
v 0.04783000 0.18306000 -0.03184000
v 0.05378000 0.17865000 -0.03626000
v 0.06263000 0.17711000 -0.03091000
v 0.05780000 0.18046000 -0.03004000
v 0.06377000 0.17944000 -0.02362000
v 0.06130000 0.18115000 -0.02318000
v 0.05370000 0.18350000 -0.02699000
v 0.05921000 0.18270000 -0.02162000
v 0.05097000 0.18577000 -0.02223000
v 0.05781000 0.18386000 -0.01920000
v 0.06415000 0.18069000 -0.01593000
v 0.05001000 0.18693000 -0.01648000
v 0.05733000 0.18445000 -0.01626000
v 0.04386000 0.18785000 -0.00807000
v 0.05781000 0.18438000 -0.01327000
v 0.05921000 0.18367000 -0.01068000
v 0.05097000 0.18680000 -0.01062000
v 0.05370000 0.18539000 -0.00554000
v 0.04783000 0.18581000 -0.00069000
v 0.04177000 0.18489000 0.00370000
v 0.05378000 0.18224000 0.00444000
v 0.05780000 0.18293000 -0.00200000
v 0.06130000 0.18241000 -0.00888000
v 0.06263000 0.17979000 -0.00056000
v 0.06377000 0.18081000 -0.00814000
v 0.07481000 0.15918000 -0.03404000
v 0.06723000 0.16374000 -0.04058000
v 0.07375000 0.16565000 -0.03030000
v 0.07773000 0.16361000 -0.02292000
v 0.07912000 0.16341000 -0.01441000
v 0.07526000 0.16996000 -0.01499000
v 0.07430000 0.17112000 -0.00924000
v 0.06972000 0.17638000 -0.01257000
v 0.07430000 0.17010000 -0.02085000
v 0.06415000 0.18069000 -0.01593000
v 0.07021000 0.17580000 -0.01550000
v 0.06377000 0.18081000 -0.00814000
v 0.06130000 0.18241000 -0.00888000
v 0.05921000 0.18367000 -0.01068000
v 0.06972000 0.17586000 -0.01849000
v 0.07156000 0.17150000 -0.02593000
v 0.06832000 0.17658000 -0.02109000
v 0.06781000 0.16922000 -0.03543000
v 0.05829000 0.16956000 -0.04325000
v 0.06079000 0.17379000 -0.03752000
v 0.06747000 0.17396000 -0.02947000
v 0.06263000 0.17711000 -0.03091000
v 0.06623000 0.17783000 -0.02289000
v 0.06377000 0.17944000 -0.02362000
v 0.06130000 0.18115000 -0.02318000
v 0.05921000 0.18270000 -0.02162000
v 0.06552000 0.16311000 0.01589000
v 0.05829000 0.17451000 0.01291000
v 0.06723000 0.16831000 0.01130000
v 0.05517000 0.17029000 0.01775000
v 0.06176000 0.15620000 0.01875000
v 0.05064000 0.16391000 0.02075000
v 0.04481000 0.17703000 0.01466000
v 0.03951000 0.17115000 0.01743000
v 0.04580000 0.15676000 0.02135000
v 0.03469000 0.16400000 0.01804000
v 0.05692000 0.14906000 0.01936000
v 0.06634000 0.14206000 0.01235000
v 0.07120000 0.14919000 0.01174000
v 0.04935000 0.18033000 0.01024000
v 0.05517000 0.17029000 0.01775000
v 0.05829000 0.17451000 0.01291000
v 0.06079000 0.17767000 0.00653000
v 0.07120000 0.14484000 -0.03766000
v 0.06634000 0.13771000 -0.03701000
v 0.03008000 0.17682000 0.00930000
v 0.02526000 0.16966000 0.00991000
v 0.03654000 0.17719000 -0.03772000
v 0.04912000 0.17469000 -0.04043000
v 0.04186000 0.18009000 -0.03504000
v 0.03094000 0.18184000 -0.02799000
v 0.02500000 0.17682000 -0.02843000
v 0.03101000 0.17184000 -0.03886000
v 0.02290000 0.17936000 -0.01582000
v 0.02898000 0.18420000 -0.01624000
v 0.01811000 0.17229000 -0.01519000
v 0.02022000 0.16975000 -0.02780000
v 0.06005000 0.17278000 -0.03652000
v 0.05333000 0.17744000 -0.03531000
v 0.06182000 0.17596000 -0.03018000
v 0.05718000 0.17917000 -0.02934000
v 0.06290000 0.17820000 -0.02319000
v 0.06054000 0.17983000 -0.02276000
v 0.04762000 0.18167000 -0.03107000
v 0.05326000 0.18209000 -0.02642000
v 0.05854000 0.18132000 -0.02127000
v 0.03701000 0.18411000 -0.02660000
v 0.04381000 0.18484000 -0.02444000
v 0.03531000 0.18617000 -0.01642000
v 0.03094000 0.18393000 -0.00426000
v 0.03701000 0.18593000 -0.00603000
v 0.05063000 0.18427000 -0.02186000
v 0.04248000 0.18645000 -0.01644000
v 0.05720000 0.18243000 -0.01895000
v 0.06327000 0.17939000 -0.01582000
v 0.04381000 0.18626000 -0.00828000
v 0.04186000 0.18344000 0.00298000
v 0.04971000 0.18538000 -0.01635000
v 0.05673000 0.18300000 -0.01614000
v 0.04762000 0.18431000 -0.00120000
v 0.04912000 0.17908000 0.00924000
v 0.05063000 0.18525000 -0.01072000
v 0.05720000 0.18293000 -0.01327000
v 0.05854000 0.18224000 -0.01078000
v 0.05326000 0.18391000 -0.00585000
v 0.05333000 0.18088000 0.00372000
v 0.05718000 0.18154000 -0.00246000
v 0.06054000 0.18104000 -0.00906000
v 0.05768000 0.17350000 0.01179000
v 0.05479000 0.16960000 0.01630000
v 0.06005000 0.17650000 0.00572000
v 0.06182000 0.17853000 -0.00108000
v 0.06290000 0.17950000 -0.00835000
v 0.05479000 0.16412000 -0.04573000
v 0.05768000 0.16876000 -0.04197000
v 0.06624000 0.16319000 -0.03942000
v 0.06466000 0.15770000 -0.04278000
v 0.05059000 0.15782000 -0.04745000
v 0.06119000 0.15092000 -0.04429000
v 0.04580000 0.15075000 -0.04683000
v 0.05640000 0.14385000 -0.04367000
v 0.07017000 0.14552000 -0.03654000
v 0.06538000 0.13845000 -0.03592000
v 0.06466000 0.15770000 -0.04278000
v 0.07350000 0.15883000 -0.03316000
v 0.07304000 0.15266000 -0.03556000
v 0.06119000 0.15092000 -0.04429000
v 0.07017000 0.14552000 -0.03654000
v 0.07863000 0.14979000 -0.02517000
v 0.07304000 0.15653000 0.00830000
v 0.07350000 0.16218000 0.00486000
v 0.06624000 0.16757000 0.01025000
v 0.06678000 0.17184000 0.00451000
v 0.07248000 0.16761000 0.00027000
v 0.06005000 0.17650000 0.00572000
v 0.05768000 0.17350000 0.01179000
v 0.06182000 0.17853000 -0.00108000
v 0.06645000 0.17532000 -0.00191000
v 0.06290000 0.17950000 -0.00835000
v 0.07038000 0.17240000 -0.00483000
v 0.06527000 0.17787000 -0.00878000
v 0.06727000 0.17638000 -0.01027000
v 0.06466000 0.16275000 0.01452000
v 0.07017000 0.14967000 0.01052000
v 0.06119000 0.15635000 0.01720000
v 0.07618000 0.14469000 0.00008000
v 0.07139000 0.13762000 0.00070000
v 0.06538000 0.14260000 0.01114000
v 0.07350000 0.13508000 -0.01191000
v 0.07863000 0.15188000 -0.00143000
v 0.07828000 0.14215000 -0.01253000
v 0.07139000 0.13537000 -0.02477000
v 0.07835000 0.15815000 -0.00358000
v 0.08060000 0.14952000 -0.01318000
v 0.07618000 0.14244000 -0.02539000
v 0.06538000 0.13845000 -0.03592000
v 0.07629000 0.16444000 -0.00635000
v 0.08005000 0.15610000 -0.01376000
v 0.07300000 0.17022000 -0.00940000
v 0.07835000 0.15634000 -0.02415000
v 0.07763000 0.16283000 -0.01436000
v 0.07629000 0.16301000 -0.02252000
v 0.07393000 0.16911000 -0.01491000
v 0.06861000 0.17527000 -0.01259000
v 0.06908000 0.17470000 -0.01540000
v 0.06624000 0.16757000 0.01025000
v 0.05768000 0.17350000 0.01179000
v 0.04491000 0.17602000 0.01335000
v 0.03654000 0.18106000 0.00613000
v 0.03999000 0.17059000 0.01594000
v 0.03101000 0.17599000 0.00819000
v 0.02500000 0.17907000 -0.00296000
v 0.02622000 0.16892000 0.00882000
v 0.02022000 0.17200000 -0.00233000
v 0.03101000 0.17599000 0.00819000
v 0.02622000 0.16892000 0.00882000
v 0.03520000 0.16352000 0.01656000
v 0.03999000 0.17059000 0.01594000
v 0.04580000 0.15662000 0.01972000
v 0.05059000 0.16369000 0.01910000
v 0.04491000 0.17602000 0.01335000
v 0.02622000 0.16477000 -0.03824000
v 0.03520000 0.15809000 -0.04492000
v 0.03469000 0.15831000 -0.04646000
v 0.02526000 0.16531000 -0.03945000
v 0.02022000 0.16975000 -0.02780000
v 0.01896000 0.17054000 -0.02850000
v 0.01811000 0.17229000 -0.01519000
v 0.01675000 0.17320000 -0.01527000
v 0.02022000 0.17200000 -0.00233000
v 0.01896000 0.17290000 -0.00178000
v 0.02622000 0.16892000 0.00882000
v 0.02526000 0.16966000 0.00991000
v 0.03520000 0.16352000 0.01656000
v 0.03469000 0.16400000 0.01804000
v 0.03520000 0.15809000 -0.04492000
v 0.04580000 0.15061000 -0.04846000
v 0.03469000 0.15831000 -0.04646000
v 0.04580000 0.15075000 -0.04683000
v 0.05692000 0.14337000 -0.04514000
v 0.05640000 0.14385000 -0.04367000
v 0.06634000 0.13771000 -0.03701000
v 0.06538000 0.13845000 -0.03592000
v 0.07264000 0.13448000 -0.02532000
v 0.07139000 0.13537000 -0.02477000
v 0.07485000 0.13417000 -0.01183000
v 0.07350000 0.13508000 -0.01191000
v 0.07264000 0.13683000 0.00140000
v 0.07139000 0.13762000 0.00070000
v 0.06634000 0.14206000 0.01235000
v 0.06538000 0.14260000 0.01114000
v 0.05692000 0.14906000 0.01936000
v 0.05640000 0.14928000 0.01782000
v 0.04580000 0.15676000 0.02135000
v 0.04580000 0.15662000 0.01972000
v 0.03469000 0.16400000 0.01804000
v 0.03520000 0.16352000 0.01656000
v 0.06697000 0.18439000 -0.01995000
v 0.06747000 0.18523000 -0.01894000
v 0.06697000 0.18439000 -0.01995000
v 0.06855000 0.18454000 -0.01853000
v 0.06747000 0.18523000 -0.01894000
v 0.06849000 0.18341000 -0.01937000
v 0.06934000 0.18409000 -0.01754000
v 0.06960000 0.18278000 -0.01796000
v 0.06963000 0.18401000 -0.01623000
v 0.07001000 0.18266000 -0.01611000
v 0.06934000 0.18432000 -0.01495000
v 0.06960000 0.18310000 -0.01430000
v 0.06855000 0.18494000 -0.01405000
v 0.06849000 0.18397000 -0.01303000
v 0.06747000 0.18569000 -0.01376000
v 0.06697000 0.18503000 -0.01263000
v 0.06742000 0.18776000 -0.01735000
v 0.06651000 0.18734000 -0.01762000
v 0.06718000 0.18682000 -0.01839000
v 0.06809000 0.18618000 -0.01863000
v 0.06856000 0.18692000 -0.01808000
v 0.06839000 0.18786000 -0.01692000
v 0.06856000 0.18692000 -0.01808000
v 0.06901000 0.18560000 -0.01828000
v 0.06922000 0.18650000 -0.01783000
v 0.06809000 0.18618000 -0.01863000
v 0.06747000 0.18523000 -0.01894000
v 0.06855000 0.18454000 -0.01853000
v 0.06640000 0.18599000 -0.01866000
v 0.06718000 0.18682000 -0.01839000
v 0.06922000 0.18650000 -0.01783000
v 0.06901000 0.18560000 -0.01828000
v 0.06967000 0.18522000 -0.01744000
v 0.06855000 0.18454000 -0.01853000
v 0.06934000 0.18409000 -0.01754000
v 0.06651000 0.18754000 -0.01543000
v 0.06640000 0.18638000 -0.01418000
v 0.06561000 0.18683000 -0.01517000
v 0.06627000 0.18760000 -0.01654000
v 0.06532000 0.18691000 -0.01648000
v 0.06561000 0.18660000 -0.01776000
v 0.06640000 0.18599000 -0.01866000
v 0.06724000 0.18795000 -0.01657000
v 0.06831000 0.18794000 -0.01657000
v 0.06963000 0.18401000 -0.01623000
v 0.06934000 0.18432000 -0.01495000
v 0.06967000 0.18541000 -0.01525000
v 0.06992000 0.18515000 -0.01633000
v 0.06970000 0.18623000 -0.01722000
v 0.06987000 0.18618000 -0.01642000
v 0.06939000 0.18719000 -0.01686000
v 0.06918000 0.18731000 -0.01712000
v 0.06947000 0.18717000 -0.01650000
v 0.06939000 0.18725000 -0.01616000
v 0.06970000 0.18637000 -0.01564000
v 0.06901000 0.18593000 -0.01448000
v 0.06918000 0.18741000 -0.01592000
v 0.06922000 0.18674000 -0.01509000
v 0.06855000 0.18494000 -0.01405000
v 0.06855000 0.18494000 -0.01405000
v 0.06856000 0.18692000 -0.01808000
v 0.06889000 0.18749000 -0.01723000
v 0.06856000 0.18720000 -0.01491000
v 0.06889000 0.18762000 -0.01584000
v 0.05758000 0.12268000 0.01273000
v 0.04702000 0.13573000 0.00394000
v 0.04702000 0.13640000 0.01152000
v 0.05758000 0.12201000 0.00515000
v 0.06422000 0.10671000 0.01414000
v 0.06422000 0.10604000 0.00656000
v 0.06649000 0.08957000 0.01565000
v 0.06649000 0.08890000 0.00807000
v 0.06422000 0.07242000 0.01716000
v 0.03325000 0.14625000 0.00301000
v 0.03325000 0.14692000 0.01059000
v 0.03325000 0.14692000 0.01059000
v 0.03325000 0.14625000 0.00301000
v 0.01721000 0.15287000 0.00243000
v 0.01721000 0.15354000 0.01001000
v 0.00000000 0.15512000 0.00223000
v 0.00000000 0.15579000 0.00981000
v -0.01720000 0.15287000 0.00243000
v -0.01720000 0.15354000 0.01001000
v -0.03324000 0.14625000 0.00301000
v -0.03324000 0.14692000 0.01059000
v -0.03324000 0.14692000 0.01059000
v -0.03324000 0.14625000 0.00301000
v -0.04701000 0.13573000 0.00394000
v -0.04701000 0.13640000 0.01152000
v -0.05757000 0.12201000 0.00515000
v -0.05757000 0.12268000 0.01273000
v -0.06421000 0.10604000 0.00656000
v -0.06421000 0.10671000 0.01414000
v -0.06648000 0.08890000 0.00807000
v -0.06648000 0.08957000 0.01565000
v -0.06421000 0.07176000 0.00958000
v -0.06421000 0.07242000 0.01716000
v -0.05757000 0.05578000 0.01099000
v -0.05757000 0.05645000 0.01857000
v -0.04701000 0.04207000 0.01220000
v -0.04701000 0.04273000 0.01978000
v -0.03324000 0.03154000 0.01313000
v -0.03324000 0.03221000 0.02071000
v -0.03324000 0.03221000 0.02071000
v -0.03324000 0.03154000 0.01313000
v -0.01720000 0.02493000 0.01371000
v -0.01720000 0.02559000 0.02129000
v 0.00000000 0.02267000 0.01391000
v 0.00000000 0.02334000 0.02149000
v 0.01721000 0.02493000 0.01371000
v 0.01721000 0.02559000 0.02129000
v 0.03325000 0.03154000 0.01313000
v 0.03325000 0.03221000 0.02071000
v 0.03325000 0.03221000 0.02071000
v 0.03325000 0.03154000 0.01313000
v 0.04702000 0.04207000 0.01220000
v 0.04702000 0.04273000 0.01978000
v 0.05758000 0.05578000 0.01099000
v 0.05758000 0.05645000 0.01857000
v 0.06422000 0.07176000 0.00958000
v -0.03743000 0.14410000 -0.01590000
v -0.03895000 0.14304000 -0.01630000
v -0.03895000 0.14336000 -0.01264000
v -0.03632000 0.14497000 -0.01463000
v -0.04048000 0.14206000 -0.01572000
v -0.03591000 0.14541000 -0.01282000
v -0.04159000 0.14142000 -0.01431000
v -0.03632000 0.14529000 -0.01097000
v -0.04200000 0.14131000 -0.01246000
v -0.03743000 0.14466000 -0.00956000
v -0.04159000 0.14175000 -0.01065000
v -0.03895000 0.14368000 -0.00898000
v -0.04048000 0.14262000 -0.00938000
v 0.03744000 0.14410000 -0.01590000
v 0.03633000 0.14497000 -0.01463000
v 0.03896000 0.14336000 -0.01264000
v 0.03896000 0.14304000 -0.01630000
v 0.03592000 0.14541000 -0.01282000
v 0.04049000 0.14206000 -0.01572000
v 0.03633000 0.14529000 -0.01097000
v 0.04160000 0.14142000 -0.01431000
v 0.03744000 0.14466000 -0.00956000
v 0.04201000 0.14131000 -0.01246000
v 0.03896000 0.14368000 -0.00898000
v 0.04160000 0.14175000 -0.01065000
v 0.04049000 0.14262000 -0.00938000
vn -0.15872740 -0.28079860 -0.94655040
vn -0.20107110 -0.23646200 -0.95060830
vn -0.78204870 -0.60774890 -0.13798920
vn -0.76521530 0.62917070 0.13634420
vn -0.12604740 0.29056650 0.94851630
vn -0.18449410 0.22938400 0.95569070
vn 0.66734390 -0.70778290 0.23172300
vn -0.46096600 -0.84725560 0.26394770
vn -0.06358417 -0.12492520 0.99012670
vn 0.56332550 0.81848140 0.11292720
vn 0.90308630 -0.38114260 0.19790270
vn 0.17573740 0.25283110 0.95141620
vn 0.46093930 -0.84724340 0.26403330
vn -0.66732650 -0.70779960 0.23172240
vn 0.06360836 -0.12494520 0.99012250
vn -0.24230040 0.27781340 -0.92957540
vn -0.39473330 0.52065900 -0.75703360
vn -0.61945100 0.37435970 -0.69002540
vn -0.51789490 0.79798350 0.30823250
vn -0.54787620 0.82671090 0.12798650
vn -0.48333690 0.86833440 0.11126850
vn -0.39824230 0.87585770 0.27253690
vn -0.43055770 0.90038660 0.06264264
vn -0.29679970 0.93683080 0.18508900
vn -0.39245790 0.91976400 -0.00331406
vn -0.22902610 0.97161940 0.05918517
vn -0.55919000 0.82583300 -0.07284597
vn -0.38196340 0.92060300 -0.08120482
vn -0.39245730 0.90614180 -0.15774770
vn -0.43055710 0.87551740 -0.21929400
vn -0.20521790 0.97493080 -0.08599768
vn -0.22902260 0.94625620 -0.22835890
vn -0.29679810 0.88996400 -0.34622950
vn -0.48333620 0.83544840 -0.26155680
vn -0.02961257 0.99569520 -0.08782946
vn -0.06333461 0.99100550 0.11788480
vn 0.14770840 0.97130210 0.18642530
vn 0.19239420 0.97752210 -0.08622601
vn -0.06333522 0.95506690 -0.28954430
vn 0.14770790 0.92366990 -0.35357660
vn -0.15937380 0.87530570 -0.45655240
vn -0.39824150 0.81462350 -0.42165430
vn -0.54787760 0.79154000 -0.27072970
vn -0.30310540 0.76855320 -0.56342990
vn -0.51789390 0.73170320 -0.44316630
vn -0.47264750 0.65106160 -0.59390490
vn -0.42726400 0.57433130 -0.69827570
vn -0.42726220 0.57433250 -0.69827580
vn -0.69468460 0.40228930 -0.59630240
vn -0.68433630 0.41421710 0.60009000
vn -0.38066340 0.62674290 0.67991820
vn -0.24465730 0.44032620 0.86386100
vn -0.18941510 0.36244100 0.91255590
vn 0.12815290 0.68013950 0.72179440
vn 0.20054160 0.61335880 0.76392020
vn 0.04103489 -0.47897440 0.87686920
vn -0.39628720 -0.52325560 0.75442680
vn -0.24377040 -0.28006890 0.92851350
vn -0.55919320 -0.82583080 0.07284558
vn -0.43068570 -0.90033450 -0.06251275
vn -0.48349480 -0.86828800 -0.11094410
vn -0.48349240 -0.83546080 0.26122870
vn -0.43068410 -0.87548920 0.21915700
vn -0.54790290 -0.79158460 0.27054810
vn -0.61178870 -0.74925770 0.25362890
vn -0.51799190 -0.73187510 0.44276780
vn -0.66510990 -0.71797980 0.20526510
vn -0.70251320 -0.69791700 0.13923730
vn -0.63751420 -0.65408870 0.40711620
vn -0.47307430 -0.65179880 0.59275550
vn -0.73884510 -0.59317980 0.31975900
vn -0.80655310 -0.55842560 0.19399210
vn -0.78564250 -0.45550050 0.41867070
vn -0.64223390 -0.54170440 0.54230250
vn -0.39628720 -0.52325560 0.75442680
vn -0.62012410 -0.37757720 0.68766380
vn 0.04103489 -0.47897440 0.87686920
vn 0.50389810 -0.44230070 0.74192770
vn 0.28227420 -0.65948640 0.69670580
vn 0.76592430 -0.48101200 0.42659970
vn 0.68135610 -0.59055040 0.43243980
vn 0.58621560 -0.33175340 0.73911490
vn 0.23819340 -0.24372190 0.94014010
vn 0.31725790 -0.13199050 0.93910910
vn -0.24377140 -0.43828590 -0.86514790
vn -0.38919240 0.01971963 -0.92094540
vn -0.52884360 -0.23926990 -0.81429370
vn -0.31725630 0.13198900 -0.93910990
vn -0.58621470 0.33175320 -0.73911570
vn -0.65535980 0.21859370 -0.72299390
vn 0.15987370 0.85978450 0.48498560
vn -0.03587317 0.97056480 0.23815370
vn -0.03585738 0.97055700 0.23818750
vn 0.42725770 0.68768820 0.58697180
vn 0.15988550 0.85977730 0.48499440
vn 0.42726180 0.68768550 0.58697210
vn -0.10750300 0.99036010 -0.08734889
vn -0.10750300 0.99036010 -0.08734899
vn -0.03585215 0.91387500 -0.40440950
vn -0.03586830 0.91388880 -0.40437680
vn 0.15988850 0.76160200 -0.62801120
vn 0.15987500 0.76161190 -0.62800260
vn 0.68433680 0.41420980 0.60009440
vn 0.61742370 0.17934430 0.76591360
vn 0.24466210 0.44032940 0.86385790
vn 0.38067070 0.62673770 0.67991890
vn 0.38067070 0.62673770 0.67991890
vn 0.24466210 0.44032940 0.86385790
vn -0.12815240 0.68014160 0.72179230
vn 0.23461440 0.88367340 0.40506460
vn 0.46488510 0.73546230 0.49292700
vn 0.07706069 0.82200620 0.56424050
vn 0.06602015 0.97907560 0.19248960
vn -0.14521480 0.94775600 0.28402720
vn 0.18941920 0.36244770 0.91255250
vn -0.20054120 0.61336100 0.76391860
vn -0.12815240 0.68014160 0.72179230
vn 0.07706424 0.71054150 -0.69942250
vn 0.46489660 0.63780800 -0.61406200
vn 0.23461390 0.79912070 -0.55350030
vn 0.00000000 1.00000000 0.00000000
vn 0.00000000 1.00000000 0.00000000
vn 0.00000000 1.00000000 0.00000000
vn 0.00000000 1.00000000 0.00000000
vn 0.00000000 1.00000000 0.00000000
vn 0.00000000 1.00000000 0.00000000
vn 0.00000000 1.00000000 0.00000000
vn 0.00000000 1.00000000 0.00000000
vn -0.06358417 -0.12492520 0.99012670
vn 0.66734390 -0.70778290 0.23172300
vn 0.66693960 -0.73782410 -0.10395740
vn 0.90471700 -0.40685890 -0.12630520
vn -0.12274390 -0.11173270 0.98612870
vn -0.51673730 -0.81396250 0.26541980
vn -0.15873230 -0.11076900 0.98108830
vn -0.61818000 -0.74377020 0.25428230
vn 0.56427440 0.78566420 -0.25362600
vn 0.17352730 0.08083397 -0.98150610
vn 0.51604430 0.81337140 -0.26856150
vn 0.51620980 0.84775910 0.12178690
vn 0.61752560 0.73819700 -0.27152790
vn 0.61766610 0.77441450 0.13700660
vn 0.80050270 0.54201680 -0.25576030
vn 0.79657520 0.58480130 0.15321690
vn 0.16453060 0.03518061 -0.98574440
vn 0.13321750 0.07726034 -0.98807070
vn 0.18450400 0.05854259 -0.98108670
vn 0.76523470 0.59555850 -0.24438860
vn 0.76554470 0.62925160 0.13410320
vn 0.51978020 0.81356940 -0.26064010
vn 0.51978030 0.84663300 0.11419810
vn 0.17573740 0.25283110 0.95141620
vn 0.51620980 0.84775910 0.12178690
vn 0.56332550 0.81848140 0.11292720
vn 0.12204390 0.28146350 0.95177920
vn -0.06358417 -0.12492520 0.99012670
vn 0.61766610 0.77441450 0.13700660
vn -0.12274390 -0.11173270 0.98612870
vn 0.13280290 0.24855930 0.95946950
vn -0.15873230 -0.11076900 0.98108830
vn -0.20107070 -0.06640182 0.97732360
vn -0.61818000 -0.74377020 0.25428230
vn 0.16510560 0.20475610 0.96478760
vn -0.78204860 -0.57420890 0.24224790
vn -0.14941480 -0.03652612 0.98809980
vn 0.18421580 0.22932760 0.95575800
vn -0.75289540 -0.60116740 0.26785480
vn -0.08828130 -0.04997693 0.99484100
vn -0.51846560 -0.80330480 0.29307810
vn 0.12605400 0.29056720 0.94851510
vn -0.04232270 -0.09147383 0.99490770
vn 0.05367895 0.29987730 0.95246630
vn -0.02326359 -0.10117560 0.99459650
vn 0.02674108 0.29238580 0.95592650
vn 0.00000000 -0.09104852 0.99584650
vn 0.00000000 0.29924310 0.95417690
vn -0.02674005 0.29238560 0.95592670
vn 0.02326238 -0.10117620 0.99459650
vn -0.05367623 0.29987520 0.95246720
vn 0.04232033 -0.09147351 0.99490780
vn -0.12604740 0.29056650 0.94851630
vn 0.08827546 -0.04997480 0.99484160
vn -0.18449410 0.22938400 0.95569070
vn 0.14939850 -0.03651888 0.98810250
vn 0.51844560 -0.80331650 0.29308140
vn -0.16451700 0.20719190 0.96436800
vn 0.75287500 -0.60118840 0.26786560
vn 0.20105380 -0.06639912 0.97732720
vn 0.78202840 -0.57423400 0.24225380
vn -0.13321270 0.24903660 0.95928890
vn 0.15873040 -0.11079630 0.98108550
vn 0.61815480 -0.74377790 0.25432080
vn -0.12201420 0.28142930 0.95179310
vn 0.12275460 -0.11176180 0.98612400
vn 0.06360836 -0.12494520 0.99012250
vn -0.17571600 0.25278090 0.95143350
vn -0.51615120 0.84772090 0.12229990
vn -0.61750550 0.77434700 0.13810710
vn -0.06436402 -0.29607560 -0.95299350
vn 0.56427440 0.78566420 -0.25362600
vn 0.12070040 0.10862460 -0.98672800
vn 0.17352730 0.08083397 -0.98150610
vn 0.51604430 0.81337140 -0.26856150
vn 0.13321750 0.07726034 -0.98807070
vn 0.61752560 0.73819700 -0.27152790
vn -0.06436402 -0.29607560 -0.95299350
vn -0.12273620 -0.28262340 -0.95134630
vn -0.51673750 -0.84785710 -0.11883090
vn -0.61818000 -0.77679890 -0.12015340
vn -0.78204860 -0.57420890 0.24224790
vn -0.75289570 -0.63877370 -0.15848120
vn -0.75289540 -0.60116740 0.26785480
vn -0.46096610 -0.88037850 -0.11155190
vn 0.66693960 -0.73782410 -0.10395740
vn -0.51846590 -0.84220490 -0.14793210
vn -0.14941510 -0.20893500 -0.96644780
vn -0.08828083 -0.22335790 -0.97073050
vn -0.51846560 -0.80330480 0.29307810
vn -0.22350680 -0.96740010 -0.11908720
vn -0.22350650 -0.93161610 0.28659420
vn -0.11979100 -0.98647550 -0.11187540
vn -0.11979090 -0.95165950 0.28283290
vn 0.16510560 0.20475610 0.96478760
vn 0.18421580 0.22932760 0.95575800
vn 0.13280290 0.24855930 0.95946950
vn 0.18421580 0.22932760 0.95575800
vn 0.51978030 0.84663300 0.11419810
vn 0.76554470 0.62925160 0.13410320
vn 0.12605400 0.29056720 0.94851510
vn 0.23995880 0.96505980 0.10525890
vn 0.05367895 0.29987730 0.95246630
vn 0.12621970 0.98640940 0.10519070
vn 0.02674108 0.29238580 0.95592650
vn 0.00000000 0.99474160 0.10241680
vn 0.76523470 0.59555850 -0.24438860
vn 0.51978020 0.81356940 -0.26064010
vn 0.12605430 0.12003940 -0.98473400
vn 0.18450400 0.05854259 -0.98108670
vn 0.51978020 0.81356940 -0.26064010
vn 0.05367908 0.12851280 -0.99025400
vn 0.12605430 0.12003940 -0.98473400
vn 0.23995880 0.93173280 -0.27256890
vn 0.02674097 0.12053020 -0.99234950
vn 0.12621960 0.95276390 -0.27624200
vn 0.00000000 0.12758630 -0.99182750
vn 0.00000000 0.96145270 -0.27497070
vn -0.75289570 -0.63877370 -0.15848120
vn -0.78204870 -0.60774890 -0.13798920
vn -0.20107110 -0.23646200 -0.95060830
vn -0.14941510 -0.20893500 -0.96644780
vn 0.16453060 0.03518061 -0.98574440
vn -0.15872740 -0.28079860 -0.94655040
vn -0.08828083 -0.22335790 -0.97073050
vn 0.05367908 0.12851280 -0.99025400
vn -0.04232307 -0.26422660 -0.96353160
vn 0.02674097 0.12053020 -0.99234950
vn -0.02326384 -0.27372370 -0.96152700
vn -0.12273620 -0.28262340 -0.95134630
vn -0.06436402 -0.29607560 -0.95299350
vn 0.00000000 0.12758630 -0.99182750
vn 0.00000000 -0.26396960 -0.96453100
vn 0.02326253 -0.27372300 -0.96152720
vn -0.02673986 0.12052940 -0.99234960
vn 0.04232043 -0.26422570 -0.96353190
vn -0.05367656 0.12851120 -0.99025430
vn 0.08827524 -0.22335550 -0.97073160
vn -0.12604740 0.12003780 -0.98473500
vn 0.14940000 -0.20892870 -0.96645140
vn -0.18420670 0.05847729 -0.98114650
vn 0.20105550 -0.23646160 -0.95061170
vn -0.16509200 0.03270028 -0.98573600
vn 0.78202800 -0.60777500 -0.13799210
vn 0.75287470 -0.63879670 -0.15848800
vn 0.15873590 -0.28083730 -0.94653750
vn -0.13280010 0.07676588 -0.98816560
vn 0.12276230 -0.28267500 -0.95132760
vn -0.12204560 0.11051670 -0.98635230
vn -0.17502090 0.08198647 -0.98114520
vn 0.06439626 -0.29611760 -0.95297830
vn -0.04232307 -0.26422660 -0.96353160
vn -0.02326384 -0.27372370 -0.96152700
vn 0.00000000 -0.99339340 -0.11475940
vn 0.00000000 -0.26396960 -0.96453100
vn 0.11978440 -0.98647650 -0.11187370
vn 0.02326253 -0.27372300 -0.96152720
vn 0.22349430 -0.96740340 -0.11908370
vn 0.04232043 -0.26422570 -0.96353190
vn 0.51844570 -0.84221740 -0.14793260
vn 0.08827524 -0.22335550 -0.97073160
vn 0.75287470 -0.63879670 -0.15848800
vn 0.14940000 -0.20892870 -0.96645140
vn -0.04232270 -0.09147383 0.99490770
vn -0.08828130 -0.04997693 0.99484100
vn -0.02326359 -0.10117560 0.99459650
vn 0.00000000 -0.09104852 0.99584650
vn 0.00000000 -0.95796570 0.28688260
vn 0.02326238 -0.10117620 0.99459650
vn 0.11978420 -0.95165980 0.28283450
vn 0.00000000 0.29924310 0.95417690
vn -0.12621270 0.98641090 0.10518490
vn -0.02674005 0.29238560 0.95592670
vn -0.23994580 0.96506380 0.10525130
vn -0.05367623 0.29987520 0.95246720
vn -0.12621260 0.95276590 -0.27623860
vn -0.51975780 0.84664870 0.11418340
vn -0.23994580 0.93173790 -0.27256260
vn -0.51975840 0.81358740 -0.26062760
vn -0.12604740 0.12003780 -0.98473500
vn -0.05367656 0.12851120 -0.99025430
vn -0.02673986 0.12052940 -0.99234960
vn -0.66692100 -0.73784110 -0.10395610
vn 0.46093980 -0.88038150 -0.11163830
vn 0.51670900 -0.81395850 0.26548700
vn 0.51670950 -0.84786500 -0.11889660
vn 0.61815490 -0.77681310 -0.12019110
vn 0.61815480 -0.74377790 0.25432080
vn 0.78202800 -0.60777500 -0.13799210
vn 0.78202840 -0.57423400 0.24225380
vn 0.75287500 -0.60118840 0.26786560
vn 0.51844560 -0.80331650 0.29308140
vn 0.22349410 -0.93161920 0.28659370
vn 0.08827546 -0.04997480 0.99484160
vn 0.04232033 -0.09147351 0.99490780
vn 0.12275460 -0.11176180 0.98612400
vn 0.15873040 -0.11079630 0.98108550
vn -0.66732650 -0.70779960 0.23172240
vn -0.90446260 -0.37844770 0.19678580
vn -0.17571600 0.25278090 0.95143350
vn 0.06360836 -0.12494520 0.99012250
vn -0.56360980 0.81810120 0.11425590
vn -0.90510040 -0.40536390 -0.12834880
vn -0.66692100 -0.73784110 -0.10395610
vn 0.06439626 -0.29611760 -0.95297830
vn -0.17502090 0.08198647 -0.98114520
vn -0.51614730 0.81321230 -0.26884520
vn -0.56416470 0.78533420 -0.25488900
vn -0.61764530 0.73848900 -0.27045940
vn -0.18449410 0.22938400 0.95569070
vn -0.16451700 0.20719190 0.96436800
vn -0.80048440 0.57844660 0.15692100
vn -0.76521530 0.62917070 0.13634420
vn -0.76552400 0.59608850 -0.24218030
vn -0.51975840 0.81358740 -0.26062760
vn -0.51975780 0.84664870 0.11418340
vn -0.79655710 0.54897270 -0.25323050
vn -0.61750550 0.77434700 0.13810710
vn -0.16509200 0.03270028 -0.98573600
vn -0.18420670 0.05847729 -0.98114650
vn -0.13280010 0.07676588 -0.98816560
vn -0.61764530 0.73848900 -0.27045940
vn -0.51615120 0.84772090 0.12229990
vn -0.51614730 0.81321230 -0.26884520
vn -0.56360980 0.81810120 0.11425590
vn -0.56416470 0.78533420 -0.25488900
vn -0.51975840 0.81358740 -0.26062760
vn -0.76552400 0.59608850 -0.24218030
vn -0.13321270 0.24903660 0.95928890
vn 0.20105550 -0.23646160 -0.95061170
vn 0.15873590 -0.28083730 -0.94653750
vn 0.12276230 -0.28267500 -0.95132760
vn 0.06439626 -0.29611760 -0.95297830
vn 0.71796960 0.43847930 -0.54060680
vn 0.71797000 0.43847950 -0.54060590
vn 0.41448650 0.20240250 -0.88726220
vn 0.41449710 0.20241030 -0.88725540
vn -0.00000314 -0.08786926 -0.99613200
vn 0.00000499 -0.08786382 -0.99613250
vn -0.41452780 -0.35462410 -0.83809810
vn -0.41453060 -0.35462580 -0.83809600
vn -0.41453060 -0.35462580 -0.83809600
vn -0.41452780 -0.35462410 -0.83809810
vn -0.71795980 -0.52634510 -0.45551570
vn -0.71796080 -0.52634560 -0.45551350
vn -0.82903080 -0.55704020 0.04913620
vn -0.82903060 -0.55704020 0.04913662
vn -0.71795800 -0.43847550 0.54062510
vn -0.71795960 -0.43847670 0.54062190
vn -0.41452980 -0.20243600 0.88723430
vn -0.41453280 -0.20243820 0.88723240
vn -0.41453280 -0.20243820 0.88723240
vn -0.41452980 -0.20243600 0.88723430
vn -0.00000362 0.08786501 0.99613240
vn 0.00000488 0.08787072 0.99613190
vn 0.41448840 0.35459790 0.83812870
vn 0.41449950 0.35460480 0.83812030
vn 0.71797110 0.52634480 0.45549830
vn 0.71797110 0.52634480 0.45549820
vn 0.71797110 0.52634480 0.45549820
vn 0.71797110 0.52634480 0.45549830
vn 0.82903430 0.55703520 -0.04913059
vn 0.82903430 0.55703530 -0.04912980
vn 0.71797000 0.43847950 -0.54060590
vn 0.71796960 0.43847930 -0.54060680
vn -0.55912320 0.82587880 -0.07283899
vn -0.55919650 0.82582450 -0.07289206
vn -0.55912710 0.82588410 -0.07274830
vn -0.55919020 0.82584370 -0.07272188
vn -0.55925320 0.82580330 -0.07269546
vn -0.55914870 0.82585950 -0.07286206
vn -0.55904410 0.82591560 -0.07302859
vn -0.55903660 0.82592790 -0.07294565
vn -0.55902900 0.82594040 -0.07286270
vn -0.55926570 0.82576480 -0.07303581
vn -0.55914270 0.82586460 -0.07284943
vn -0.55901950 0.82596430 -0.07266308
vn -0.55902440 0.82595240 -0.07276289
vn 0.28460900 0.65765340 -0.69748810
vn 0.50261270 0.44386660 -0.74186440
vn 0.68001850 0.59207120 -0.43246550
vn 0.44597030 0.79254610 -0.41591020
vn 0.74230240 0.66747340 -0.05887626
vn 0.83093470 0.55421810 -0.04888608
vn 0.76782640 0.47819360 -0.42634900
vn 0.50261350 0.86116740 -0.07596225
vn 0.02044328 0.81794140 -0.57493810
vn -0.17003480 0.67642380 -0.71661630
vn 0.04296451 0.47693140 -0.87788980
vn -0.39473330 0.52065900 -0.75703360
vn -0.24230040 0.27781340 -0.92957540
vn 0.04296451 0.47693140 -0.87788980
vn 0.50261270 0.44386660 -0.74186440
vn 0.28460900 0.65765340 -0.69748810
vn 0.23698780 0.24534650 -0.94002220
vn 0.58811650 0.32894010 -0.73886230
vn 0.76782640 0.47819360 -0.42634900
vn 0.68001850 0.59207120 -0.43246550
vn 0.31916190 0.12917640 -0.93885530
vn -0.07652019 0.02666996 -0.99671130
vn 0.00190461 -0.09068066 -0.99587820
vn -0.52780670 0.09059395 -0.84451930
vn -0.39022340 -0.17888870 -0.90317470
vn -0.31535260 -0.29715690 -0.90124940
vn -0.65632000 -0.33999670 -0.67353270
vn -0.58430860 -0.45882080 -0.66937810
vn -0.77003380 -0.05617757 -0.63552490
vn -0.65632000 -0.33999670 -0.67353270
vn -0.39022340 -0.17888870 -0.90317470
vn -0.93198230 -0.14006450 -0.33435130
vn -0.83419890 -0.43205100 -0.34270120
vn -0.98886840 -0.14821730 0.01307422
vn -0.58430860 -0.45882080 -0.66937810
vn -0.89667680 -0.44097360 0.03889751
vn -0.76402310 -0.55106060 -0.33556070
vn -0.82713190 -0.55983420 0.04938176
vn -0.52780670 0.09059395 -0.84451930
vn -0.80997370 0.25979920 -0.52578220
vn -0.61945100 0.37435970 -0.69002540
vn -0.52780750 0.23703310 0.81561920
vn -0.39022400 -0.01802083 0.92054360
vn -0.65631980 -0.21684150 0.72265080
vn -0.77003400 0.05594178 0.63554560
vn -0.61945100 0.48937160 0.61383690
vn -0.80997320 0.34782840 0.47218510
vn -0.64218930 0.62748140 0.44029550
vn -0.47264720 0.74497340 0.47076470
vn -0.39473450 0.64514180 0.65419930
vn -0.51789490 0.79798350 0.30823250
vn -0.98199000 0.18820200 -0.01660182
vn -0.93728360 0.24207020 0.25080160
vn -0.88196470 0.44096170 0.16640620
vn -0.78592350 0.52072640 0.33341890
vn -0.93198230 -0.07937150 0.35370770
vn -0.83419900 -0.36538830 0.41304190
vn -0.76402280 -0.48381040 0.42684500
vn -0.58430790 -0.33455850 0.73936110
vn -0.52780750 0.23703310 0.81561920
vn -0.61945100 0.48937160 0.61383690
vn -0.39473450 0.64514180 0.65419930
vn -0.24230170 0.43625080 0.86658820
vn -0.39022400 -0.01802083 0.92054360
vn -0.07651988 0.20073790 0.97665190
vn 0.04296361 0.62324820 0.78084310
vn -0.31535300 -0.13480020 0.93935160
vn 0.00190357 0.08505140 0.99637480
vn 0.23698810 0.40611320 0.88255800
vn 0.31916180 0.29152980 0.90174620
vn 0.50261310 0.56688050 0.65270710
vn 0.58811810 0.45319940 0.66987130
vn -0.39473330 0.52065900 -0.75703360
vn -0.47264750 0.65106160 -0.59390490
vn -0.64219010 0.54071620 -0.54333970
vn -0.63755030 0.65383240 -0.40747120
vn -0.78592450 0.45431870 -0.41942500
vn -0.73899290 0.59285460 -0.32002020
vn -0.88196450 0.40502240 -0.24103010
vn -0.80677040 0.55806700 -0.19411980
vn -0.93728350 0.19442930 -0.28930400
vn -0.91568940 0.40033210 -0.03531495
vn -0.83057520 0.55475220 -0.04893632
vn -0.80676970 0.58343290 0.09342726
vn -0.73899180 0.63972250 0.21129650
vn -0.70274200 0.69766170 -0.13936190
vn -0.71379320 0.69764750 -0.06154040
vn -0.70274400 0.71128310 0.01507611
vn -0.66519780 0.71786410 -0.20538500
vn -0.55919000 0.82583300 -0.07284597
vn -0.66519750 0.74273320 0.07654802
vn -0.61186290 0.74909190 -0.25393910
vn -0.51789390 0.73170320 -0.44316630
vn -0.54787760 0.79154000 -0.27072970
vn -0.48333620 0.83544840 -0.26155680
vn -0.43055710 0.87551740 -0.21929400
vn -0.61185830 0.78198160 0.11888740
vn -0.63754990 0.71506710 0.28672140
vn -0.54787620 0.82671090 0.12798650
vn -0.48333690 0.86833440 0.11126850
vn -0.43055770 0.90038660 0.06264264
vn -0.47264720 0.74497340 0.47076470
vn -0.30310520 0.85531660 0.42019140
vn -0.39473450 0.64514180 0.65419930
vn -0.17003660 0.79142690 0.58713810
vn -0.24230170 0.43625080 0.86658820
vn 0.04296361 0.62324820 0.78084310
vn -0.15937410 0.94171130 0.29627630
vn 0.02044461 0.90595750 0.42287480
vn 0.28460780 0.76959810 0.57159170
vn 0.23698810 0.40611320 0.88255800
vn 0.50261310 0.56688050 0.65270710
vn 0.44596930 0.85311560 0.27074940
vn 0.68001880 0.65863370 0.32214270
vn 0.58811810 0.45319940 0.66987130
vn 0.76782830 0.54544150 0.33605550
vn -0.58430790 -0.33455850 0.73936110
vn -0.65631980 -0.21684150 0.72265080
vn -0.28227350 -0.65948610 0.69670640
vn -0.04103574 -0.47897500 0.87686880
vn 0.17245100 -0.67837100 0.71419420
vn 0.39628850 -0.52325620 0.75442600
vn 0.24377100 -0.28006830 0.92851350
vn 0.47307540 -0.65179860 0.59275490
vn 0.24377100 -0.28006830 0.92851350
vn 0.52884440 -0.09302484 0.84360530
vn 0.62012450 -0.37758000 0.68766190
vn 0.39628850 -0.52325620 0.75442600
vn 0.77072390 0.05362407 0.63490870
vn 0.93244780 0.13745350 0.33413740
vn 0.93667630 -0.19843660 0.28854880
vn 0.65536000 0.34178150 0.67356410
vn 0.38919180 0.18063130 0.90327300
vn 0.77072420 -0.05834934 -0.63449160
vn 0.52884370 -0.23926690 -0.81429450
vn 0.62012560 -0.49212720 -0.61094610
vn 0.80988340 -0.35118970 -0.46984540
vn 0.93244810 0.07683821 -0.35303870
vn 0.93667620 -0.24588470 -0.24935600
vn 0.78564110 -0.52176020 -0.33246700
vn 0.88146390 -0.44217680 -0.16583430
vn 0.98120040 -0.19224510 0.01695768
vn 0.91511260 -0.40163890 0.03542828
vn 0.83328400 0.36717890 -0.41330080
vn 0.65536030 0.21859320 -0.72299370
vn 0.98925810 0.14561390 -0.01284440
vn 0.88146410 -0.40631860 0.24067890
vn 0.76592930 0.48100480 -0.42659900
vn 0.58621610 0.33175060 -0.73911580
vn 0.82903710 0.55703060 -0.04913530
vn 0.89577760 0.44278320 -0.03905755
vn 0.76592990 0.54825470 0.33580970
vn 0.83328410 0.43385850 0.34264300
vn 0.58621760 0.45601210 0.66962810
vn 0.80988300 -0.26351810 0.52406850
vn 0.78564100 -0.45550330 0.41867070
vn 0.62012450 -0.37758000 0.68766190
vn 0.52884440 -0.09302484 0.84360530
vn 0.52884370 -0.23926690 -0.81429450
vn 0.39628890 -0.64724200 -0.65117790
vn 0.62012560 -0.49212720 -0.61094610
vn 0.24377100 -0.43828450 -0.86514880
vn 0.38919210 0.01971943 -0.92094550
vn 0.07540248 -0.19910100 -0.97707380
vn -0.04103468 -0.62507920 -0.77948190
vn 0.31725870 0.13198850 -0.93910910
vn 0.00000194 -0.08786725 -0.99613230
vn -0.23819220 -0.40453620 -0.88295810
vn -0.31725750 -0.29434950 -0.90150210
vn -0.50389580 -0.56535030 -0.65304520
vn -0.58621480 -0.45601750 -0.66962700
vn -0.49989520 -0.86273600 0.07610158
vn -0.44335250 -0.79420900 0.41553660
vn -0.14409860 -0.92461210 0.35260190
vn -0.18862150 -0.97825150 0.08629058
vn -0.44335230 -0.85468740 -0.27008950
vn 0.06468852 -0.95511540 0.28908440
vn 0.16050730 -0.87553550 0.45571380
vn -0.14409920 -0.97205980 -0.18529740
vn -0.28227170 -0.77126460 -0.57050300
vn 0.29713420 -0.88996760 0.34593230
vn 0.39846520 -0.81470610 0.42128300
vn 0.03104148 -0.99565200 0.08782596
vn -0.01730756 -0.90697980 -0.42081830
vn -0.04103468 -0.62507920 -0.77948190
vn 0.48348950 -0.83546220 0.26122950
vn 0.54790150 -0.79158540 0.27054830
vn 0.43068500 -0.87548900 0.21915650
vn 0.22942960 -0.94619690 0.22819630
vn 0.06468862 -0.99097320 -0.11742080
vn 0.17245110 -0.79291860 -0.58441500
vn 0.24377100 -0.43828450 -0.86514880
vn 0.39628890 -0.64724200 -0.65117790
vn 0.39276550 -0.90603370 0.15760150
vn 0.55919250 -0.82583120 0.07284527
vn 0.20565750 -0.97483870 0.08599116
vn 0.16050870 -0.94179080 -0.29540980
vn 0.30391570 -0.85559110 -0.41904560
vn 0.47307550 -0.74549760 -0.46950270
vn 0.38213640 -0.92053150 0.08120082
vn 0.22943140 -0.97153280 -0.05903537
vn 0.39276640 -0.91963180 0.00343909
vn 0.43068610 -0.90033410 -0.06251508
vn 0.29713610 -0.93678160 -0.18479800
vn 0.39846690 -0.87587410 -0.27215560
vn 0.51799270 -0.79808280 -0.30781040
vn 0.48349040 -0.86829050 -0.11094330
vn 0.54790050 -0.82672440 -0.12779580
vn 0.39628890 -0.64724200 -0.65117790
vn 0.47307550 -0.74549760 -0.46950270
vn 0.64223410 -0.62827280 -0.43909980
vn 0.51799270 -0.79808280 -0.30781040
vn 0.63751670 -0.71525350 -0.28632990
vn 0.54790050 -0.82672440 -0.12779580
vn 0.73884520 -0.63999500 -0.21098420
vn 0.61179260 -0.78208490 -0.11854600
vn 0.80655190 -0.58376370 -0.09324152
vn 0.55919250 -0.82583120 0.07284527
vn 0.48349040 -0.86829050 -0.11094330
vn 0.43068610 -0.90033410 -0.06251508
vn 0.66511120 -0.74282490 -0.07640812
vn 0.70251140 -0.71151620 -0.01491706
vn 0.83032700 -0.55512090 0.04896742
vn 0.71366180 -0.69778100 0.06155132
vn 0.80655160 -0.55842790 0.19399210
vn 0.70251250 -0.69791690 0.13924090
vn 0.73884450 -0.59318040 0.31975920
vn 0.66511190 -0.71797840 0.20526390
vn 0.64223430 -0.54170500 0.54230140
vn 0.39628850 -0.52325620 0.75442600
vn 0.47307540 -0.65179860 0.59275490
vn 0.63751640 -0.65408590 0.40711740
vn 0.51799220 -0.73187420 0.44276860
vn 0.61179380 -0.74925380 0.25362800
vn 0.54790150 -0.79158540 0.27054830
vn 0.48348950 -0.83546220 0.26122950
vn 0.43068500 -0.87548900 0.21915650
vn 0.51799220 -0.73187420 0.44276860
vn 0.30391540 -0.76902430 0.56234980
vn -0.01730748 -0.81930850 0.57309170
vn -0.68135650 -0.59054950 0.43244010
vn -0.50389720 -0.44230010 0.74192870
vn -0.74365660 -0.66597590 0.05874583
vn -0.82903330 -0.55703630 0.04913617
vn -0.76592620 -0.48100880 0.42659990
vn -0.76592680 -0.54825960 -0.33580880
vn -0.68135640 -0.65713190 -0.32238360
vn -0.58621480 -0.45601750 -0.66962700
vn -0.50389580 -0.56535030 -0.65304520
vn -0.04103574 -0.47897500 0.87686880
vn -0.28227350 -0.65948610 0.69670640
vn -0.50389720 -0.44230010 0.74192870
vn -0.23819300 -0.24372170 0.94014030
vn 0.07540199 -0.02498410 0.99684020
vn -0.31725760 -0.13199120 0.93910910
vn 0.00000087 0.08786770 0.99613210
vn 0.38919180 0.18063130 0.90327300
vn 0.31725840 0.29434510 0.90150320
vn 0.65536000 0.34178150 0.67356410
vn 0.58621760 0.45601210 0.66962810
vn 0.38919210 0.01971943 -0.92094550
vn -0.23819220 -0.40453620 -0.88295810
vn -0.68135650 -0.59054950 0.43244010
vn -0.76592620 -0.48100880 0.42659990
vn -0.58621480 -0.33175430 0.73911530
vn 0.65536030 0.21859320 -0.72299370
vn 0.58621610 0.33175060 -0.73911580
vn 0.55919220 -0.82583150 0.07284505
vn 0.55919190 -0.82583150 0.07284683
vn 0.55919190 -0.82583160 0.07284684
vn 0.55919220 -0.82583150 0.07284504
vn 0.55918930 -0.82583360 0.07284378
vn 0.55918930 -0.82583360 0.07284380
vn 0.55918950 -0.82583330 0.07284565
vn 0.55918960 -0.82583330 0.07284565
vn 0.55919670 -0.82582810 0.07285017
vn 0.55919670 -0.82582810 0.07285016
vn 0.55919450 -0.82582970 0.07284804
vn 0.55919460 -0.82582960 0.07284802
vn 0.55919120 -0.82583260 0.07284018
vn 0.55919120 -0.82583260 0.07284018
vn 0.55919190 -0.82583160 0.07284684
vn 0.55919190 -0.82583150 0.07284683
vn 0.55919220 -0.82583210 0.07283823
vn 0.55919220 -0.82583210 0.07283825
vn 0.55919190 -0.82583220 0.07283936
vn 0.55919190 -0.82583210 0.07283936
vn 0.55918680 -0.82583520 0.07284458
vn 0.55918680 -0.82583520 0.07284456
vn 0.55917260 -0.82584510 0.07284212
vn 0.55917260 -0.82584500 0.07284214
vn 0.55916860 -0.82584730 0.07284679
vn 0.55916870 -0.82584730 0.07284678
vn 0.55918100 -0.82583900 0.07284705
vn 0.55918090 -0.82583900 0.07284705
vn 0.55919220 -0.82583190 0.07283986
vn 0.55919220 -0.82583190 0.07283986
vn 0.55919580 -0.82582980 0.07283738
vn 0.55919570 -0.82582980 0.07283736
vn 0.55919410 -0.82583080 0.07283867
vn 0.55919410 -0.82583080 0.07283869
vn 0.55919120 -0.82583260 0.07284018
vn 0.55919120 -0.82583260 0.07284018
vn 0.03586773 0.91388730 -0.40438030
vn 0.03585259 0.91387440 -0.40441090
vn -0.15988760 0.76160750 -0.62800480
vn 0.10750670 0.99035940 -0.08735179
vn 0.10750670 0.99035940 -0.08735168
vn 0.03587295 0.97056300 0.23816090
vn 0.03585817 0.97055580 0.23819250
vn -0.15987310 0.76161800 -0.62799570
vn -0.42726220 0.57433250 -0.69827580
vn -0.42726400 0.57433130 -0.69827570
vn -0.69467750 0.40229360 -0.59630780
vn -0.89047520 0.29150360 -0.34939870
vn -0.89047870 0.29150190 -0.34939120
vn -0.96206680 0.27175860 -0.02397435
vn -0.96206680 0.27175860 -0.02397398
vn -0.89047660 0.34816540 0.29297110
vn -0.89048050 0.34816230 0.29296360
vn -0.69468720 0.50046710 0.51666470
vn -0.69467890 0.50047330 0.51667000
vn -0.42725890 0.68770040 0.58695650
vn -0.42726150 0.68769870 0.58695670
vn -0.42726150 0.68769870 0.58695670
vn -0.42725890 0.68770040 0.58695650
vn -0.15988430 0.85977780 0.48499390
vn -0.15987160 0.85978560 0.48498440
vn -0.07706396 0.71054210 -0.69942190
vn -0.24465780 0.28229800 -0.92760460
vn 0.12815130 0.54327670 -0.82971540
vn -0.38065990 0.49803350 -0.77914090
vn -0.46488770 0.63780710 -0.61406960
vn -0.23460430 0.79912260 -0.55350150
vn -0.38065990 0.49803350 -0.77914090
vn -0.68433170 0.30277650 -0.66333740
vn -0.61742860 0.04250743 -0.78547750
vn -0.24465780 0.28229800 -0.92760460
vn -0.18941350 0.19709650 -0.96191240
vn -0.57943420 -0.05390771 -0.81323430
vn 0.20053570 0.47014470 -0.85950520
vn 0.12815130 0.54327670 -0.82971540
vn -0.98787440 0.15465450 -0.01364079
vn -0.90656730 0.24140590 0.34620650
vn -0.89031850 -0.03295069 0.45414470
vn -0.61742590 0.17935000 0.76591050
vn -0.68433630 0.41421710 0.60009000
vn -0.86495610 -0.13297830 0.48390870
vn -0.57942750 0.08928798 0.81011820
vn -0.61742590 0.17935000 0.76591050
vn -0.57942750 0.08928798 0.81011820
vn -0.38066340 0.62674290 0.67991820
vn 0.12815290 0.68013950 0.72179440
vn -0.24465730 0.44032620 0.86386100
vn -0.07706017 0.82200650 0.56424020
vn 0.40104080 0.83455130 0.37774380
vn 0.20054160 0.61335880 0.76392020
vn 0.14522010 0.94775720 0.28401980
vn 0.48613000 0.77493460 0.40392320
vn 0.50091360 0.86214990 -0.07604649
vn 0.22652120 0.97023920 -0.08557995
vn 0.59064020 0.80381420 -0.07089961
vn 0.48612960 0.69225050 -0.53335460
vn 0.20053570 0.47014470 -0.85950520
vn 0.40103980 0.75553770 -0.51800560
vn 0.14521770 0.88340940 -0.44553290
vn -0.06600091 0.93026430 -0.36090460
vn -0.00429370 0.99612370 -0.08785850
vn -0.57943420 -0.05390771 -0.81323430
vn -0.61742860 0.04250743 -0.78547750
vn -0.89031940 -0.11193820 -0.44136290
vn -0.68433170 0.30277650 -0.66333740
vn -0.90656660 0.17707160 -0.38312220
vn -0.86395310 0.39395490 -0.31366330
vn -0.92564170 0.37693750 -0.03325242
vn -0.69529770 0.48949720 -0.52626370
vn -0.38065990 0.49803350 -0.77914090
vn -0.46488770 0.63780710 -0.61406960
vn -0.86495760 -0.21563300 -0.45315660
vn -0.99013840 -0.13955090 0.01230968
vn -0.96938900 -0.24458010 0.02157271
vn -0.86395390 0.44278480 0.23984420
vn -0.69529740 0.57406780 0.43244380
vn -0.46488680 0.73545540 0.49293580
vn -0.38066340 0.62674290 0.67991820
vn -0.46488680 0.73545540 0.49293580
vn -0.23460660 0.88367670 0.40506180
vn -0.06601816 0.97907480 0.19249460
vn -0.71796380 0.43847430 -0.54061850
vn -0.41449040 0.20240530 -0.88725970
vn -0.71796260 0.43847320 -0.54062080
vn -0.41449980 0.20241210 -0.88725380
vn 0.00000128 -0.08786845 -0.99613210
vn -0.00000318 -0.08786547 -0.99613240
vn 0.41453310 -0.35462770 -0.83809390
vn 0.41453030 -0.35462600 -0.83809610
vn 0.41453310 -0.35462770 -0.83809390
vn 0.71795700 -0.52634470 -0.45552050
vn 0.71795700 -0.52634470 -0.45552050
vn 0.41453030 -0.35462600 -0.83809610
vn 0.82903000 -0.55704130 0.04913426
vn 0.82903000 -0.55704130 0.04913472
vn 0.71795450 -0.43847360 0.54063130
vn 0.71795510 -0.43847410 0.54063020
vn 0.41453280 -0.20243870 0.88723240
vn 0.41452960 -0.20243640 0.88723430
vn 0.41453280 -0.20243870 0.88723240
vn -0.00000355 0.08787008 0.99613190
vn 0.00000125 0.08786685 0.99613230
vn 0.41452960 -0.20243640 0.88723430
vn -0.41449360 0.35460140 0.83812460
vn -0.41450350 0.35460750 0.83811720
vn -0.71796450 0.52634190 0.45551180
vn -0.71796620 0.52634270 0.45550840
vn -0.71796620 0.52634270 0.45550840
vn -0.82903430 0.55703510 -0.04913215
vn -0.71796450 0.52634190 0.45551180
vn -0.82903430 0.55703530 -0.04913137
vn -0.71796260 0.43847320 -0.54062080
vn -0.71796380 0.43847430 -0.54061850
vn 0.55912250 0.82587950 -0.07283489
vn 0.55912890 0.82588290 -0.07274874
vn 0.55918510 0.82583010 -0.07291515
vn 0.55917230 0.82585820 -0.07269517
vn 0.55921570 0.82583350 -0.07264162
vn 0.55914460 0.82586560 -0.07282479
vn 0.55907330 0.82589770 -0.07300793
vn 0.55905300 0.82591990 -0.07291117
vn 0.55903290 0.82594210 -0.07281444
vn 0.55924150 0.82577730 -0.07308155
vn 0.55914210 0.82586070 -0.07289831
vn 0.55904280 0.82594410 -0.07271509
vn 0.55903790 0.82594310 -0.07276476
vn -0.28460850 0.65765340 -0.69748850
vn -0.68001770 0.59207320 -0.43246410
vn -0.50261130 0.44386740 -0.74186500
vn -0.44596940 0.79254690 -0.41590940
vn -0.02044388 0.81794200 -0.57493730
vn 0.17003460 0.67642490 -0.71661540
vn -0.04296416 0.47693140 -0.87788980
vn 0.39473360 0.52065940 -0.75703320
vn 0.24229950 0.27781360 -0.92957540
vn 0.47264680 0.65106240 -0.59390460
vn -0.04296416 0.47693140 -0.87788980
vn -0.28460850 0.65765340 -0.69748850
vn -0.50261130 0.44386740 -0.74186500
vn -0.23698730 0.24534650 -0.94002250
vn 0.24229950 0.27781360 -0.92957540
vn -0.58811560 0.32893930 -0.73886340
vn -0.76782700 0.47819430 -0.42634710
vn -0.68001770 0.59207320 -0.43246410
vn -0.31916110 0.12917590 -0.93885560
vn 0.07652074 0.02666998 -0.99671130
vn -0.00190466 -0.09068032 -0.99587820
vn 0.39022280 -0.17888850 -0.90317500
vn 0.31535460 -0.29715660 -0.90124890
vn 0.52780660 0.09059271 -0.84451940
vn 0.61945160 0.37436070 -0.69002430
vn 0.39473360 0.52065940 -0.75703320
vn 0.77003410 -0.05617917 -0.63552440
vn 0.52780660 0.09059271 -0.84451940
vn 0.39022280 -0.17888850 -0.90317500
vn 0.65631900 -0.33999820 -0.67353290
vn 0.93198170 -0.14006430 -0.33435320
vn 0.83419760 -0.43205300 -0.34270180
vn 0.58430840 -0.45882180 -0.66937760
vn 0.76401950 -0.55106530 -0.33556120
vn 0.89667560 -0.44097590 0.03889758
vn 0.82712750 -0.55984070 0.04938215
vn 0.98886850 -0.14821630 0.01307411
vn 0.83419790 -0.36539060 0.41304160
vn 0.76401880 -0.48381620 0.42684560
vn 0.93198230 -0.07937010 0.35370780
vn 0.93728290 0.24207190 0.25080250
vn 0.98199000 0.18820230 -0.01660129
vn 0.93728310 0.19442940 -0.28930550
vn 0.52780780 0.23703220 0.81561920
vn 0.65631960 -0.21684290 0.72265060
vn 0.39022290 -0.01802132 0.92054410
vn 0.77003470 0.05594235 0.63554470
vn 0.61945220 0.48937260 0.61383500
vn 0.58430640 -0.33456120 0.73936100
vn 0.80997370 0.34782930 0.47218390
vn 0.78592470 0.52072500 0.33341850
vn 0.88196330 0.44096460 0.16640610
vn 0.64219000 0.62748090 0.44029500
vn 0.47264610 0.74497400 0.47076470
vn 0.39473490 0.64514280 0.65419810
vn 0.51789530 0.79798240 0.30823440
vn 0.63755060 0.71506630 0.28672200
vn 0.73899420 0.63972040 0.21129440
vn 0.61186110 0.78197950 0.11888590
vn 0.66519890 0.74273220 0.07654609
vn -0.28460750 0.76959810 0.57159210
vn -0.04296326 0.62324780 0.78084340
vn -0.23698740 0.40611370 0.88255800
vn -0.50261220 0.56688160 0.65270690
vn -0.44596950 0.85311580 0.27074840
vn -0.68001780 0.65863560 0.32214100
vn -0.58811720 0.45320050 0.66987120
vn -0.76782700 0.54544440 0.33605350
vn -0.50261290 0.86116790 -0.07596202
vn -0.74230120 0.66747480 -0.05887559
vn -0.19239420 0.97752210 -0.08622578
vn -0.14770830 0.97130210 0.18642510
vn 0.02961257 0.99569520 -0.08782937
vn -0.83093370 0.55421980 -0.04888488
vn -0.76782700 0.47819430 -0.42634710
vn -0.14770790 0.92367010 -0.35357600
vn 0.06333518 0.95506690 -0.28954460
vn 0.15937360 0.87530550 -0.45655250
vn 0.30310540 0.76855340 -0.56342950
vn 0.51789560 0.73170170 -0.44316670
vn 0.39824240 0.81462300 -0.42165430
vn 0.54787980 0.79153850 -0.27072960
vn 0.48333910 0.83544700 -0.26155610
vn 0.29679820 0.88996430 -0.34622860
vn 0.43055770 0.87551760 -0.21929200
vn 0.22902280 0.94625620 -0.22835850
vn 0.39245790 0.90614220 -0.15774380
vn 0.55919200 0.82583170 -0.07284471
vn 0.20521810 0.97493070 -0.08599818
vn 0.38196230 0.92060330 -0.08120498
vn 0.06333456 0.99100550 0.11788500
vn 0.39245820 0.91976390 -0.00331717
vn 0.43055740 0.90038680 0.06264281
vn 0.22902630 0.97161940 0.05918421
vn 0.29679970 0.93683080 0.18508910
vn 0.15937370 0.94171100 0.29627750
vn -0.02044520 0.90595760 0.42287460
vn 0.30310490 0.85531620 0.42019230
vn 0.39824250 0.87585710 0.27253830
vn 0.48333680 0.86833440 0.11126970
vn 0.51789530 0.79798240 0.30823440
vn 0.54787840 0.82670960 0.12798590
vn 0.80997400 0.25979950 -0.52578160
vn 0.61945160 0.37436070 -0.69002430
vn 0.78592450 0.45431840 -0.41942520
vn 0.88196330 0.40502500 -0.24103010
vn 0.91568740 0.40033660 -0.03531346
vn 0.83057460 0.55475340 -0.04893401
vn 0.80677090 0.58343150 0.09342604
vn 0.70274560 0.71128140 0.01507518
vn 0.80677070 0.55806820 -0.19411590
vn 0.55919200 0.82583170 -0.07284471
vn 0.71379540 0.69764550 -0.06153775
vn 0.54787840 0.82670960 0.12798590
vn 0.48333680 0.86833440 0.11126970
vn 0.43055740 0.90038680 0.06264281
vn 0.70274590 0.69765920 -0.13935470
vn 0.73899300 0.59285530 -0.32001870
vn 0.66519810 0.71786400 -0.20538430
vn 0.64219100 0.54071640 -0.54333820
vn 0.39473360 0.52065940 -0.75703320
vn 0.47264680 0.65106240 -0.59390460
vn 0.63754950 0.65383320 -0.40747120
vn 0.51789560 0.73170170 -0.44316670
vn 0.61186010 0.74909330 -0.25394200
vn 0.54787980 0.79153850 -0.27072960
vn 0.48333910 0.83544700 -0.26155610
vn 0.43055770 0.87551760 -0.21929200
vn 0.52780780 0.23703220 0.81561920
vn 0.39473490 0.64514280 0.65419810
vn 0.61945220 0.48937260 0.61383500
vn 0.24230190 0.43625090 0.86658820
vn 0.39022290 -0.01802132 0.92054410
vn 0.07652039 0.20073760 0.97665190
vn -0.04296326 0.62324780 0.78084340
vn -0.23698740 0.40611370 0.88255800
vn -0.00190429 0.08505233 0.99637470
vn -0.31916120 0.29153000 0.90174630
vn 0.31535370 -0.13480080 0.93935130
vn 0.58430640 -0.33456120 0.73936100
vn 0.65631960 -0.21684290 0.72265060
vn 0.17003620 0.79142750 0.58713750
vn 0.24230190 0.43625090 0.86658820
vn 0.39473490 0.64514280 0.65419810
vn 0.47264610 0.74497400 0.47076470
vn 0.65631900 -0.33999820 -0.67353290
vn 0.58430840 -0.45882180 -0.66937760
vn -0.50261220 0.56688160 0.65270690
vn -0.58811720 0.45320050 0.66987120
vn 0.28227420 -0.65948640 0.69670580
vn -0.17245080 -0.67837100 0.71419420
vn 0.01730785 -0.81930860 0.57309130
vn 0.44335260 -0.79420960 0.41553530
vn 0.68135610 -0.59055040 0.43243980
vn 0.50389810 -0.44230070 0.74192770
vn 0.74365570 -0.66597680 0.05874629
vn 0.49989570 -0.86273560 0.07610207
vn 0.82902900 -0.55704250 0.04913667
vn 0.76592430 -0.48101200 0.42659970
vn -0.47307430 -0.65179880 0.59275550
vn -0.30391450 -0.76902420 0.56235030
vn -0.51799190 -0.73187510 0.44276780
vn -0.39846630 -0.81470610 0.42128200
vn -0.54790290 -0.79158460 0.27054810
vn -0.48349240 -0.83546080 0.26122870
vn -0.16050790 -0.87553550 0.45571350
vn -0.29713290 -0.88996790 0.34593220
vn -0.43068410 -0.87548920 0.21915700
vn 0.14409840 -0.92461250 0.35260100
vn -0.06468806 -0.95511570 0.28908400
vn 0.18862110 -0.97825160 0.08629048
vn 0.44335280 -0.85468720 -0.27008910
vn 0.14409860 -0.97205980 -0.18529770
vn -0.22942960 -0.94619680 0.22819670
vn -0.03104209 -0.99565200 0.08782569
vn -0.39276590 -0.90603360 0.15760120
vn -0.55919320 -0.82583080 0.07284558
vn -0.06468821 -0.99097310 -0.11742130
vn 0.01730816 -0.90698000 -0.42081800
vn -0.20565790 -0.97483870 0.08598987
vn -0.38213510 -0.92053220 0.08119934
vn -0.16050910 -0.94179060 -0.29541030
vn -0.17245110 -0.79291840 -0.58441510
vn -0.22943020 -0.97153310 -0.05903567
vn -0.39276540 -0.91963230 0.00344101
vn -0.43068570 -0.90033450 -0.06251275
vn -0.29713560 -0.93678190 -0.18479720
vn -0.30391470 -0.85559090 -0.41904680
vn -0.39846790 -0.87587310 -0.27215740
vn -0.48349480 -0.86828800 -0.11094410
vn -0.39628810 -0.64724190 -0.65117870
vn -0.24377140 -0.43828590 -0.86514790
vn -0.47307460 -0.74549740 -0.46950400
vn -0.51799190 -0.79808340 -0.30781050
vn -0.54790160 -0.82672320 -0.12779890
vn -0.24377040 -0.28006890 0.92851350
vn -0.39628720 -0.52325560 0.75442680
vn -0.62012410 -0.37757720 0.68766380
vn -0.52884410 -0.09302694 0.84360530
vn -0.07540262 -0.02498375 0.99684010
vn -0.38919240 0.18063130 0.90327270
vn 0.00000000 0.08786751 0.99613210
vn -0.31725620 0.29434560 0.90150380
vn -0.65536020 0.34178100 0.67356420
vn -0.58621610 0.45601410 0.66962810
vn -0.52884410 -0.09302694 0.84360530
vn -0.80988230 -0.26351590 0.52407060
vn -0.77072320 0.05362161 0.63490970
vn -0.38919240 0.18063130 0.90327270
vn -0.65536020 0.34178100 0.67356420
vn -0.93244840 0.13745030 0.33413690
vn -0.77072410 -0.05835256 -0.63449140
vn -0.80988190 -0.35119150 -0.46984650
vn -0.62012460 -0.49212680 -0.61094740
vn -0.64223400 -0.62827120 -0.43910230
vn -0.78564240 -0.52175750 -0.33246820
vn -0.47307460 -0.74549740 -0.46950400
vn -0.39628810 -0.64724190 -0.65117870
vn -0.51799190 -0.79808340 -0.30781050
vn -0.63751440 -0.71525600 -0.28632880
vn -0.54790160 -0.82672320 -0.12779890
vn -0.73884560 -0.63999480 -0.21098320
vn -0.61178730 -0.78208850 -0.11854930
vn -0.66510900 -0.74282680 -0.07640829
vn -0.52884360 -0.23926990 -0.81429370
vn -0.65535980 0.21859370 -0.72299390
vn -0.38919240 0.01971963 -0.92094540
vn -0.83328360 0.36718100 -0.41329940
vn -0.76592680 0.48100980 -0.42659780
vn -0.58621470 0.33175320 -0.73911570
vn -0.82903280 0.55703700 -0.04913582
vn -0.93244920 0.07683562 -0.35303660
vn -0.89577650 0.44278570 -0.03905777
vn -0.76592710 0.54825950 0.33580840
vn -0.93667640 -0.24588590 -0.24935420
vn -0.98925850 0.14561150 -0.01284418
vn -0.83328380 0.43386000 0.34264210
vn -0.58621610 0.45601410 0.66962810
vn -0.88146460 -0.44217520 -0.16583490
vn -0.98120040 -0.19224530 0.01695773
vn -0.80655350 -0.58376150 -0.09324090
vn -0.93667620 -0.19843730 0.28854880
vn -0.91511330 -0.40163730 0.03542820
vn -0.88146460 -0.40631680 0.24067970
vn -0.83032790 -0.55511980 0.04896727
vn -0.70251220 -0.71151550 -0.01491260
vn -0.71366060 -0.69778220 0.06155122
vn -0.62012460 -0.49212680 -0.61094740
vn -0.39628810 -0.64724190 -0.65117870
vn 0.04103544 -0.62507920 -0.77948190
vn 0.28227130 -0.77126470 -0.57050290
vn 0.23819200 -0.40453570 -0.88295840
vn 0.50389650 -0.56534990 -0.65304500
vn 0.68135600 -0.65713210 -0.32238390
vn 0.58621470 -0.45601630 -0.66962780
vn 0.76592480 -0.54826270 -0.33580800
vn 0.50389650 -0.56534990 -0.65304500
vn 0.58621470 -0.45601630 -0.66962780
vn 0.31725730 -0.29434880 -0.90150240
vn 0.23819200 -0.40453570 -0.88295840
vn -0.00000132 -0.08786719 -0.99613230
vn -0.07540345 -0.19910030 -0.97707380
vn 0.04103544 -0.62507920 -0.77948190
vn -0.55918690 -0.82583460 0.07285018
vn -0.55919370 -0.82583120 0.07283592
vn -0.55919380 -0.82583120 0.07283591
vn -0.55918710 -0.82583460 0.07285018
vn -0.55919030 -0.82583270 0.07284611
vn -0.55919030 -0.82583270 0.07284611
vn -0.55920140 -0.82582530 0.07284496
vn -0.55920140 -0.82582530 0.07284496
vn -0.55919770 -0.82582740 0.07284862
vn -0.55919770 -0.82582750 0.07284863
vn -0.55918570 -0.82583610 0.07284214
vn -0.55918570 -0.82583610 0.07284215
vn -0.55918850 -0.82583480 0.07283624
vn -0.55918850 -0.82583480 0.07283624
vn -0.55919370 -0.82583120 0.07283592
vn -0.55919210 -0.82583430 0.07281401
vn -0.55919380 -0.82583120 0.07283591
vn -0.55919220 -0.82583430 0.07281402
vn -0.55918990 -0.82583460 0.07282838
vn -0.55918980 -0.82583460 0.07282837
vn -0.55919280 -0.82583090 0.07284717
vn -0.55919280 -0.82583090 0.07284717
vn -0.55917820 -0.82584120 0.07284341
vn -0.55917820 -0.82584120 0.07284341
vn -0.55916940 -0.82584690 0.07284605
vn -0.55916940 -0.82584690 0.07284605
vn -0.55918630 -0.82583560 0.07284303
vn -0.55918640 -0.82583560 0.07284302
vn -0.55919660 -0.82582940 0.07283570
vn -0.55919650 -0.82582940 0.07283569
vn -0.55919380 -0.82583070 0.07284186
vn -0.55919380 -0.82583070 0.07284186
vn -0.55919350 -0.82583080 0.07284336
vn -0.55919350 -0.82583080 0.07284336
vn -0.55918850 -0.82583480 0.07283624
vn -0.55918850 -0.82583480 0.07283624
vn 0.42726080 0.57432170 -0.69828560
vn 0.42726560 0.57431850 -0.69828530
vn 0.42726080 0.57432170 -0.69828560
vn 0.69468720 0.40227700 -0.59630780
vn 0.42726560 0.57431850 -0.69828530
vn 0.69467310 0.40228550 -0.59631830
vn 0.89046820 0.29151320 -0.34940880
vn 0.89047440 0.29151020 -0.34939570
vn 0.96205760 0.27179120 -0.02397563
vn 0.96205760 0.27179120 -0.02397527
vn 0.89046790 0.34818200 0.29297850
vn 0.89047410 0.34817650 0.29296580
vn 0.69468810 0.50045510 0.51667490
vn 0.69467300 0.50046630 0.51668470
vn 0.42726180 0.68768550 0.58697210
vn 0.42725770 0.68768820 0.58697180
vn -0.14521330 0.88340690 -0.44553940
vn -0.40103810 0.75553130 -0.51801650
vn -0.12815300 0.54327930 -0.82971350
vn 0.24466170 0.28229880 -0.92760330
vn 0.38067460 0.49802900 -0.77913680
vn 0.06600306 0.93026470 -0.36090330
vn 0.38067460 0.49802900 -0.77913680
vn 0.61742720 0.04250631 -0.78547880
vn 0.68432780 0.30277400 -0.66334250
vn 0.24466170 0.28229880 -0.92760330
vn 0.18941430 0.19710040 -0.96191150
vn 0.57944640 -0.05390960 -0.81322550
vn -0.20053820 0.47014830 -0.85950270
vn -0.12815300 0.54327930 -0.82971350
vn 0.68432780 0.30277400 -0.66334250
vn 0.61742720 0.04250631 -0.78547880
vn 0.89031640 -0.11193750 -0.44136920
vn 0.57944640 -0.05390960 -0.81322550
vn 0.86495470 -0.21562880 -0.45316400
vn -0.40103830 0.83454590 0.37775860
vn -0.20054120 0.61336100 0.76391860
vn -0.48613170 0.77492530 0.40393920
vn -0.50092430 0.86214380 -0.07604593
vn -0.59065400 0.80380420 -0.07089895
vn -0.48613320 0.69223950 -0.53336560
vn -0.20053820 0.47014830 -0.85950270
vn -0.22652980 0.97023730 -0.08558075
vn 0.00429371 0.99612340 -0.08786231
vn 0.96938870 -0.24458160 0.02157232
vn 0.86495300 -0.13297960 0.48391420
vn 0.89031650 -0.03296129 0.45414740
vn 0.99013600 -0.13956830 0.01231082
vn 0.90656170 0.17707780 -0.38313100
vn 0.98787530 0.15464960 -0.01363760
vn 0.86394200 0.39398860 -0.31365130
vn 0.69530300 0.48950030 -0.52625380
vn 0.92561660 0.37699920 -0.03324911
vn 0.86395150 0.44281030 0.23980600
vn 0.90657020 0.24139820 0.34620420
vn 0.61742370 0.17934430 0.76591360
vn 0.69530150 0.57408720 0.43241140
vn 0.68433680 0.41420980 0.60009440
vn 0.57944550 0.08927998 0.81010620
vn 0.57944550 0.08927998 0.81010620
vn 0.38067460 0.49802900 -0.77913680
vn 0.46489660 0.63780800 -0.61406200
vn 0.38067070 0.62673770 0.67991890
vn 0.46488510 0.73546230 0.49292700
vn -0.86602510 -0.49806660 0.04393527
vn -0.70710750 -0.70437080 0.06213487
vn -0.70710710 -0.70437120 0.06213490
vn -0.86602540 -0.49806590 0.04393522
vn -0.96592540 -0.25781960 0.02274183
vn -0.96592520 -0.25782040 0.02274191
vn -1.00000000 -0.00000257 0.00000000
vn -1.00000000 -0.00000180 0.00000000
vn -0.96592530 0.25781990 -0.02274273
vn -0.50000130 -0.86267480 0.07609695
vn -0.50000100 -0.86267500 0.07609697
vn -0.50000100 -0.86267500 0.07609697
vn -0.50000130 -0.86267480 0.07609695
vn -0.25881860 -0.96218990 0.08487356
vn -0.25881880 -0.96218990 0.08487359
vn 0.00000000 -0.99613210 0.08786792
vn 0.00000000 -0.99613210 0.08786793
vn 0.25881880 -0.96219000 0.08487231
vn 0.25881900 -0.96218990 0.08487232
vn 0.50000090 -0.86267540 0.07609407
vn 0.50000080 -0.86267540 0.07609407
vn 0.50000080 -0.86267540 0.07609407
vn 0.50000090 -0.86267540 0.07609407
vn 0.70710610 -0.70437230 0.06213187
vn 0.70710610 -0.70437250 0.06213188
vn 0.86602490 -0.49806690 0.04393436
vn 0.86602490 -0.49806680 0.04393435
vn 0.96592590 -0.25781750 0.02274239
vn 0.96592560 -0.25781850 0.02274247
vn 1.00000000 0.00000000 0.00000019
vn 1.00000000 0.00000000 0.00000018
vn 0.96592580 0.25781780 -0.02274241
vn 0.96592580 0.25781770 -0.02274241
vn 0.86602680 0.49806360 -0.04393593
vn 0.86602710 0.49806300 -0.04393587
vn 0.70710800 0.70437030 -0.06213537
vn 0.70710840 0.70436990 -0.06213535
vn 0.49999930 0.86267590 -0.07609902
vn 0.49999980 0.86267570 -0.07609902
vn 0.49999980 0.86267570 -0.07609902
vn 0.49999930 0.86267590 -0.07609902
vn 0.25881840 0.96218970 -0.08487631
vn 0.25881840 0.96218970 -0.08487631
vn 0.00000000 0.99613190 -0.08787012
vn 0.00000000 0.99613190 -0.08787013
vn -0.25881840 0.96218970 -0.08487629
vn -0.25881840 0.96218970 -0.08487628
vn -0.50000030 0.86267530 -0.07609898
vn -0.50000070 0.86267500 -0.07609896
vn -0.50000070 0.86267500 -0.07609896
vn -0.50000030 0.86267530 -0.07609898
vn -0.70710800 0.70437020 -0.06213556
vn -0.70710840 0.70436990 -0.06213553
vn -0.86602490 0.49806690 -0.04393638
vn -0.86602530 0.49806620 -0.04393633
vn -0.96592530 0.25782000 -0.02274273
vn 0.55914190 -0.82586190 0.07288684
vn 0.55919070 -0.82583050 0.07286684
vn 0.55918810 -0.82583400 0.07284718
vn 0.55915960 -0.82585190 0.07286430
vn 0.55923970 -0.82579910 0.07284684
vn 0.55917720 -0.82584200 0.07284176
vn 0.55921450 -0.82581620 0.07284663
vn 0.55915830 -0.82585560 0.07283165
vn 0.55918940 -0.82583330 0.07284641
vn 0.55913950 -0.82586930 0.07282157
vn 0.55921540 -0.82581600 0.07284304
vn 0.55919040 -0.82583400 0.07283062
vn 0.55924130 -0.82579870 0.07283968
vn -0.55914150 -0.82586240 0.07288503
vn -0.55915470 -0.82585510 0.07286540
vn -0.55919250 -0.82583120 0.07284716
vn -0.55919690 -0.82582620 0.07286854
vn -0.55916780 -0.82584790 0.07284579
vn -0.55925260 -0.82579000 0.07285205
vn -0.55915360 -0.82585870 0.07283280
vn -0.55922590 -0.82580840 0.07284900
vn -0.55913940 -0.82586940 0.07281978
vn -0.55919920 -0.82582670 0.07284594
vn -0.55919700 -0.82582990 0.07282708
vn -0.55922690 -0.82580850 0.07284014
vn -0.55925450 -0.82579020 0.07283436
vt -7.48656500 0.16249630
vt -7.48710500 0.16845360
vt -7.48634400 0.16904110
vt -7.32661300 0.19283460
vt -7.32658800 0.18311660
vt -7.32734900 0.19232160
vt -7.48202800 0.14647550
vt -7.48201100 0.14747990
vt -7.48136900 0.14707850
vt -7.53960300 0.88223550
vt -7.53969800 0.88115770
vt -7.54047100 0.88165970
vt -7.48201100 0.29083130
vt -7.48202800 0.29183580
vt -7.48136900 0.29123280
vt -7.70153100 0.76404020
vt -7.70679300 0.76732300
vt -7.70067600 0.77672160
vt -6.86964000 0.32034270
vt -6.87089000 0.32869820
vt -6.86817200 0.32950320
vt -6.86431500 0.32193110
vt -6.86587100 0.33149330
vt -6.85979900 0.32582320
vt -6.86432800 0.33434920
vt -6.85678300 0.33142640
vt -6.87131300 0.33728100
vt -6.86379300 0.33764650
vt -6.86432800 0.34088020
vt -6.86587100 0.34355340
vt -6.85572400 0.33788780
vt -6.85678300 0.34422360
vt -6.85979900 0.34946930
vt -6.86817200 0.34527060
vt -6.84741100 0.33799590
vt -6.84894800 0.32861670
vt -6.84106300 0.32600900
vt -6.83910300 0.33796580
vt -6.84894800 0.34719280
vt -6.84106300 0.34969020
vt -6.85332700 0.35480730
vt -6.86431500 0.35282630
vt -6.87089000 0.34575360
vt -6.85988000 0.35968020
vt -6.86964000 0.35378350
vt -6.86761100 0.36106960
vt -7.19315600 0.55866370
vt -7.19198200 0.55964970
vt -7.19150300 0.55884060
vt -7.63626200 0.85068320
vt -7.63577700 0.84998980
vt -7.63644200 0.84950170
vt -7.63736900 0.84884880
vt -7.63582400 0.84854110
vt -7.63663900 0.84771450
vt -7.67017900 0.52215090
vt -7.65612800 0.52432750
vt -7.65931100 0.52019760
vt -7.03622700 0.12088890
vt -7.03300500 0.11520430
vt -7.03436400 0.11325460
vt -7.03572900 0.12873140
vt -7.03405000 0.12704970
vt -7.03757800 0.12921090
vt -7.03931400 0.12841520
vt -7.04010100 0.13710510
vt -7.04067400 0.12646550
vt -7.04144900 0.12365850
vt -7.04350600 0.13554430
vt -7.04369800 0.14426820
vt -7.04617200 0.13171980
vt -7.04769400 0.12621380
vt -7.05251300 0.13645000
vt -7.04864200 0.14200230
vt -7.04823200 0.15042500
vt -7.05452400 0.14754100
vt -7.26264000 0.69337110
vt -7.26172600 0.70798960
vt -7.25610000 0.70217660
vt -7.26391800 0.71933700
vt -7.25648300 0.71430250
vt -7.26916100 0.71302400
vt -7.26874300 0.69854160
vt -7.27617800 0.70357620
vt -7.40357100 0.90326800
vt -7.38984200 0.89663390
vt -7.39647700 0.89303250
vt -7.38251400 0.90159520
vt -7.37559900 0.89228460
vt -7.38292600 0.88732340
vt -7.50871500 0.88267360
vt -7.50690400 0.88411030
vt -7.50618800 0.88246050
vt -7.50946300 0.88071200
vt -7.50746800 0.88144470
vt -7.50799700 0.88005760
vt -7.50449800 0.88283230
vt -7.50451600 0.88463590
vt -7.50285300 0.88246050
vt -7.50219000 0.88411030
vt -7.50169300 0.88144470
vt -7.50054900 0.88267360
vt -7.66403100 0.84770500
vt -7.66488800 0.84792750
vt -7.66421100 0.84889400
vt -7.66354200 0.84840280
vt -7.50651800 0.87866220
vt -7.50738100 0.87925910
vt -7.50693400 0.88043390
vt -7.50517800 0.87860630
vt -7.50532100 0.87823360
vt -7.50619500 0.87951000
vt -7.50483500 0.87887880
vt -7.50541300 0.88013050
vt -7.66514400 0.84955110
vt -7.66441000 0.85069260
vt -7.66358900 0.84986080
vt -7.50266600 0.87951000
vt -7.50353100 0.87823360
vt -7.50362800 0.87860630
vt -7.67660000 -5.22209500
vt -7.67326700 -5.22209500
vt -7.67326700 -5.22542900
vt -7.67660000 -5.22542900
vt -7.09820700 -5.55440100
vt -7.07211500 -5.55440100
vt -7.07211500 -5.58049400
vt -7.09820700 -5.58049400
vt -7.54064800 0.87964180
vt -7.53993800 0.87914400
vt -7.53674100 0.87886190
vt -7.53658900 0.88091060
vt -7.48180300 0.15515550
vt -7.48247200 0.15558100
vt -7.48220800 0.16249630
vt -7.48288100 0.16296900
vt -7.53649800 0.88194430
vt -7.53577600 0.88124570
vt -7.53603300 0.88722880
vt -7.53917000 0.88750560
vt -7.53560400 0.89207590
vt -7.53874400 0.89235290
vt -7.53499800 0.89895080
vt -7.53814400 0.89914930
vt -7.53427300 0.89829370
vt -7.53488100 0.89139820
vt -7.53351400 0.90689020
vt -7.53424100 0.90752800
vt -7.53738100 0.90780500
vt -7.53337700 0.91733090
vt -7.53651600 0.91760780
vt -7.58390100 0.15649990
vt -7.57901500 0.16339350
vt -7.58342000 0.15613780
vt -7.57948500 0.16377690
vt -7.58558800 0.15772730
vt -7.57496400 0.16984870
vt -7.58116500 0.16500020
vt -7.57541600 0.17026250
vt -7.57702500 0.17161030
vt -7.57151000 0.17697450
vt -7.57758300 0.17203590
vt -7.56965300 0.17591540
vt -7.57197600 0.17750360
vt -7.56447300 0.18112110
vt -7.56246800 0.17955330
vt -7.56494300 0.18166490
vt -7.55641800 0.18949260
vt -7.55703100 0.18990050
vt -7.55435400 0.18820950
vt -7.55318500 0.19911380
vt -7.55087600 0.19824070
vt -7.55118400 0.21180960
vt -7.54861100 0.21116320
vt -7.55030000 0.22262730
vt -7.54772900 0.22262730
vt -7.54861100 0.23409200
vt -7.55118400 0.23344550
vt -7.55087600 0.24701520
vt -7.55318500 0.24614200
vt -7.55435400 0.25704700
vt -7.55641800 0.25576370
vt -7.56246800 0.26570370
vt -7.56447300 0.26413570
vt -7.55703100 0.25535580
vt -7.56965300 0.26934180
vt -7.56494300 0.26359180
vt -7.57151000 0.26828260
vt -7.57197600 0.26775350
vt -7.57541600 0.27499500
vt -7.57702500 0.27364710
vt -7.57758300 0.27322140
vt -7.57948400 0.28148130
vt -7.58116500 0.28025780
vt -7.58558800 0.28753100
vt -7.58390100 0.28875850
vt -7.57901500 0.28186440
vt -7.57496400 0.27540880
vt -7.53595400 0.87922780
vt -7.68282200 0.15656250
vt -7.68663200 0.16417940
vt -7.68224200 0.15694610
vt -7.68721200 0.16379860
vt -7.69067700 0.17062660
vt -7.69123900 0.17021520
vt -7.48572600 0.14707850
vt -7.48616000 0.15515550
vt -7.48538600 0.15558100
vt -7.48579500 0.16296900
vt -7.48343000 0.16904110
vt -7.48703300 0.17366250
vt -7.48411900 0.17366250
vt -7.48497900 0.14747990
vt -7.48499600 0.14647550
vt -7.48780800 0.18280870
vt -7.48779500 0.17305860
vt -7.48858400 0.18235570
vt -7.48489400 0.18280870
vt -7.48811700 0.19324830
vt -7.48520300 0.19324830
vt -7.48831200 0.20724370
vt -7.48539800 0.20724370
vt -7.53896700 0.89870770
vt -7.53820800 0.90730430
vt -7.53957500 0.89181230
vt -7.32734900 0.10071590
vt -7.32584500 0.10948870
vt -7.32661300 0.10020270
vt -7.32658800 0.10992020
vt -7.32551200 0.12037690
vt -7.32626200 0.12058660
vt -7.32529800 0.13422260
vt -7.32604900 0.13432740
vt -7.32521400 0.14651740
vt -7.70407700 0.17938220
vt -7.71222100 0.18806300
vt -7.71161300 0.18846630
vt -7.70354700 0.17986180
vt -7.32305500 0.10948870
vt -7.32209000 0.12058660
vt -7.32241600 0.10992020
vt -7.32272200 0.12037690
vt -7.32187700 0.13432740
vt -7.32250800 0.13422260
vt -7.32179500 0.14651740
vt -7.32242400 0.14651740
vt -7.70120000 0.18196090
vt -7.69421000 0.17782430
vt -7.69455900 0.17729850
vt -7.70155400 0.18142020
vt -7.69640500 0.17624570
vt -7.68907700 0.17196630
vt -7.70956000 0.18974180
vt -7.71506900 0.19843760
vt -7.71277400 0.19930550
vt -7.71732100 0.21128290
vt -7.71476400 0.21192550
vt -7.68496100 0.16539570
vt -7.68056500 0.15816620
vt -7.71819800 0.22267850
vt -7.71564200 0.22267850
vt -7.71476400 0.23343210
vt -7.71732100 0.23407480
vt -7.71277400 0.24605280
vt -7.71506900 0.24692080
vt -7.70956000 0.25561710
vt -7.71161300 0.25689270
vt -7.70155300 0.26393910
vt -7.70354700 0.26549770
vt -7.69455900 0.26806120
vt -7.69640500 0.26911410
vt -7.69421000 0.26753530
vt -7.70120000 0.26339840
vt -7.68907700 0.27339370
vt -7.69067700 0.27473350
vt -7.68496100 0.27996490
vt -7.68663200 0.28118080
vt -7.68224200 0.28841480
vt -7.68056500 0.28719460
vt -7.48890100 0.19304050
vt -7.48909700 0.20713990
vt -7.48839800 0.21915350
vt -7.48918300 0.21915350
vt -7.48831200 0.23106390
vt -7.48909700 0.23116770
vt -7.48811700 0.24506010
vt -7.48890100 0.24526800
vt -7.48780800 0.25550040
vt -7.48858400 0.25595340
vt -7.48703300 0.26464690
vt -7.48779500 0.26525100
vt -7.48454300 0.19304050
vt -7.48422700 0.18235570
vt -7.48473900 0.20713990
vt -7.48482600 0.21915350
vt -7.48548400 0.21915350
vt -7.48473900 0.23116770
vt -7.48539800 0.23106390
vt -7.32596600 0.14651740
vt -7.32529800 0.15881270
vt -7.32604900 0.15870810
vt -7.32551200 0.17265920
vt -7.32626200 0.17244960
vt -7.32250800 0.15881270
vt -7.32584500 0.18354810
vt -7.32272200 0.17265920
vt -7.32305500 0.18354810
vt -7.32241600 0.18311660
vt -7.32209000 0.17244960
vt -7.32187700 0.15870810
vt -7.48499600 0.29183580
vt -7.48497900 0.29083130
vt -7.48247300 0.28272970
vt -7.48538500 0.28272970
vt -7.48579500 0.27534120
vt -7.48288100 0.27534120
vt -7.48634400 0.26926880
vt -7.48343000 0.26926880
vt -7.48411900 0.26464690
vt -7.48489400 0.25550040
vt -7.48520300 0.24506010
vt -7.48422700 0.25595340
vt -7.48454300 0.24526800
vt -7.48180200 0.28315560
vt -7.48220800 0.27581400
vt -7.56039300 0.87914970
vt -7.56063400 0.88116290
vt -7.55986100 0.88166480
vt -7.55968300 0.87964740
vt -7.58342000 0.28912060
vt -7.56374100 0.88091590
vt -7.56359000 0.87886770
vt -7.56437600 0.87923350
vt -7.56455400 0.88125080
vt -7.68721200 0.28156190
vt -7.68283900 0.28877480
vt -7.69123900 0.27514480
vt -7.56212300 0.90730160
vt -7.56136500 0.89870760
vt -7.56219300 0.89922750
vt -7.56295000 0.90780220
vt -7.56608900 0.90752530
vt -7.56695300 0.91732520
vt -7.56381500 0.91760210
vt -7.56532500 0.89887230
vt -7.56158700 0.89235470
vt -7.56605800 0.89829370
vt -7.56681500 0.90688770
vt -7.56545000 0.89140030
vt -7.56472600 0.89207780
vt -7.56116100 0.88750890
vt -7.56429700 0.88723220
vt -7.56072900 0.88224040
vt -7.56380100 0.88196940
vt -7.71222100 0.25729600
vt -7.70407700 0.26597730
vt -7.56075700 0.89181420
vt -7.48710500 0.26985630
vt -7.48656500 0.27581400
vt -7.48616000 0.28315560
vt -7.48572600 0.29123280
vt -6.80313500 0.54207860
vt -6.83215800 0.49921820
vt -6.83331400 0.50011740
vt -6.80429100 0.54297790
vt -6.83489300 0.50122330
vt -6.80587000 0.54408370
vt -6.83647200 0.50223950
vt -6.80744900 0.54509990
vt -7.18822200 0.50926380
vt -7.19247900 0.55751960
vt -7.19083700 0.55678300
vt -7.18658100 0.50852730
vt -7.18867300 0.55665130
vt -7.18441700 0.50839560
vt -7.18656500 0.55715980
vt -7.18230900 0.50890420
vt -7.18507800 0.55817240
vt -7.18082200 0.50991650
vt -7.03401800 0.66685530
vt -7.06342700 0.71028670
vt -7.06182700 0.71140730
vt -7.03241800 0.66797590
vt -7.06022700 0.71243700
vt -7.03081800 0.66900560
vt -7.05905500 0.71310000
vt -7.02964600 0.66966850
vt -7.47552000 0.87875210
vt -7.47082100 0.91482150
vt -7.46843200 0.91429590
vt -7.47313100 0.87822640
vt -7.46610500 0.91482150
vt -7.47080400 0.87875210
vt -7.18917600 0.56235790
vt -7.18873600 0.56200080
vt -7.18913700 0.56190430
vt -7.18954800 0.56192920
vt -7.18985900 0.56206920
vt -7.18998800 0.56228640
vt -7.18989900 0.56252270
vt -7.18961700 0.56271500
vt -7.18921600 0.56281140
vt -7.18845400 0.56219310
vt -7.18836500 0.56242950
vt -7.18849400 0.56264660
vt -7.18880600 0.56278650
vt -6.84033100 0.36257290
vt -6.83376700 0.36391410
vt -6.82682200 0.35183660
vt -6.83386900 0.35133340
vt -6.82438300 0.33724920
vt -6.81908100 0.33655330
vt -6.82151700 0.35112850
vt -6.83160000 0.33775850
vt -6.84664500 0.35939740
vt -6.85499900 0.36560950
vt -6.85000300 0.36976600
vt -6.86485300 0.36738070
vt -6.86141100 0.37181750
vt -7.70907500 0.75315920
vt -7.70984600 0.73767480
vt -7.71592800 0.74393510
vt -7.70248300 0.74758810
vt -7.70232900 0.73261000
vt -7.70782600 0.72599160
vt -7.71534700 0.73105080
vt -7.69497200 0.74251500
vt -7.69437900 0.75928170
vt -7.68687500 0.75419880
vt -7.69444700 0.77492180
vt -7.68676900 0.77097530
vt -7.67927200 0.76588260
vt -7.68081000 0.78088870
vt -7.67331800 0.77578770
vt -7.18414200 0.37211050
vt -7.19274900 0.37328090
vt -7.18640900 0.38237430
vt -7.18751000 0.35992670
vt -7.19636500 0.36018960
vt -7.18783000 0.34587670
vt -7.20072000 0.37255440
vt -7.19671000 0.34509340
vt -7.20433500 0.35947410
vt -7.20467900 0.34439050
vt -7.17823900 0.38057300
vt -7.17670700 0.36923230
vt -7.17161100 0.37654100
vt -7.17231400 0.31339510
vt -7.18004100 0.31019160
vt -7.18787500 0.31803460
vt -7.17960600 0.32069370
vt -7.16649400 0.31852500
vt -7.17279100 0.32482880
vt -7.16146600 0.32527080
vt -7.15603000 0.32386090
vt -7.15956400 0.31672770
vt -7.15366500 0.33179110
vt -7.17989100 0.34657700
vt -7.17749500 0.33467940
vt -7.17009500 0.33794260
vt -7.16640500 0.33021560
vt -7.18505500 0.33209980
vt -7.19372800 0.33029060
vt -7.20170000 0.32960010
vt -7.19585100 0.31735450
vt -7.05687400 0.55393610
vt -7.05148100 0.55571070
vt -7.04506000 0.54644390
vt -7.04943700 0.54320700
vt -7.06403500 0.55004490
vt -7.05604600 0.53851520
vt -7.04245100 0.53247850
vt -7.07143300 0.54502360
vt -7.06344900 0.53350370
vt -7.04854200 0.52698550
vt -7.05595200 0.52198360
vt -7.04266700 0.51721120
vt -7.05008200 0.51221740
vt -7.16510300 0.37952370
vt -7.16037500 0.37311940
vt -7.16548000 0.37077970
vt -7.16017500 0.36411390
vt -7.16947700 0.36504660
vt -7.16292900 0.36016430
vt -7.17175800 0.35679300
vt -7.16450000 0.35447830
vt -7.17961500 0.35871030
vt -7.17197500 0.34727530
vt -7.16464900 0.34792150
vt -7.16335400 0.34149210
vt -7.16081200 0.33616890
vt -7.15805500 0.35184270
vt -7.15812700 0.34849680
vt -7.15747000 0.34521520
vt -7.15724900 0.35474090
vt -7.15265400 0.34897950
vt -7.15617000 0.34250270
vt -7.15584800 0.35676020
vt -7.15665800 0.36572570
vt -7.15405100 0.35757730
vt -7.15214100 0.35708710
vt -7.15040600 0.35534450
vt -7.15443600 0.34076000
vt -7.15740900 0.33276230
vt -7.15252400 0.34027000
vt -7.15073000 0.34108690
vt -7.14932600 0.34310640
vt -6.86761100 0.31252790
vt -6.85988000 0.31483360
vt -6.86485300 0.30549850
vt -6.85499900 0.30843780
vt -6.86141100 0.30016460
vt -6.85000300 0.30356890
vt -6.85332800 0.32048320
vt -6.84664500 0.31564010
vt -6.84033200 0.31190880
vt -6.84416200 0.30051090
vt -6.83376700 0.30947190
vt -6.83386900 0.32391460
vt -6.82682200 0.32237260
vt -6.82845700 0.30879940
vt -6.82151700 0.32168930
vt -7.07868600 0.55478980
vt -7.07129500 0.55981930
vt -7.51052000 0.52892340
vt -7.51973200 0.52207280
vt -7.52436300 0.52594240
vt -7.53378300 0.52424930
vt -7.53060000 0.52011950
vt -7.53639600 0.53024750
vt -7.40626400 0.75965280
vt -7.41302300 0.77003940
vt -7.40724700 0.77169840
vt -7.40138800 0.76269530
vt -7.23402200 0.09347204
vt -7.23726600 0.10520900
vt -7.22987300 0.10635580
vt -7.24208500 0.09236198
vt -7.23598700 0.08361448
vt -7.22965300 0.14300270
vt -7.22263000 0.15003440
vt -7.21718600 0.14521110
vt -7.22327500 0.13911600
vt -7.23490100 0.13201480
vt -7.22782300 0.12959150
vt -7.21714800 0.13393930
vt -7.22072200 0.12645590
vt -7.23014000 0.11808760
vt -7.22254200 0.11741740
vt -7.24302900 0.13371730
vt -7.23739800 0.14550710
vt -7.23757400 0.11874330
vt -7.22233200 0.10819980
vt -7.25101300 0.13442170
vt -7.24538200 0.14621150
vt -7.25388100 0.12018180
vt -7.24589600 0.11947750
vt -7.25355100 0.10565970
vt -7.24556500 0.10495540
vt -7.25007100 0.09306630
vt -7.22706200 0.09618210
vt -7.22012300 0.10020640
vt -7.22213500 0.08911531
vt -7.22833800 0.08531945
vt -7.27892400 0.87066610
vt -7.29006800 0.86342880
vt -7.28392000 0.87230120
vt -7.28601800 0.86043050
vt -7.27228900 0.86706470
vt -7.27990000 0.85608200
vt -7.29267900 0.85019480
vt -7.26496200 0.86210340
vt -7.27257300 0.85112080
vt -7.28704700 0.84509940
vt -7.27972000 0.84013810
vt -7.29264400 0.83578870
vt -7.28531600 0.83082740
vt -7.50220200 0.55255780
vt -7.50436400 0.53962830
vt -7.51104200 0.54115980
vt -7.50916800 0.55236730
vt -7.50436400 0.56574360
vt -7.51852800 0.54353400
vt -7.52272000 0.53624340
vt -7.51104200 0.56379690
vt -7.51052000 0.57717820
vt -7.52891700 0.54135610
vt -7.53323900 0.53814240
vt -7.51705600 0.55233970
vt -7.51637700 0.57370860
vt -7.51973200 0.58512090
vt -7.53693300 0.54538420
vt -7.53953200 0.54491700
vt -7.53473000 0.54702250
vt -7.52602900 0.54637800
vt -7.51852800 0.56131980
vt -7.52436300 0.58059330
vt -7.53060000 0.58836220
vt -7.53378300 0.58340310
vt -7.53325800 0.54958270
vt -7.53993600 0.55302470
vt -7.52501500 0.55244350
vt -7.52272000 0.56910740
vt -7.52899500 0.57451670
vt -7.53639600 0.57672430
vt -7.53274100 0.55267480
vt -7.52602900 0.55862920
vt -7.53325800 0.55582820
vt -7.53473000 0.55856290
vt -7.52891700 0.56399330
vt -7.53323900 0.56771930
vt -7.53833700 0.56923990
vt -7.53693300 0.56046240
vt -7.53953200 0.56123750
vt -7.21048600 0.14694900
vt -7.20710000 0.14009360
vt -7.21236500 0.13872820
vt -7.20481200 0.13241140
vt -7.20843800 0.13147080
vt -7.20371100 0.12419750
vt -7.21173300 0.12817220
vt -7.20555900 0.12371800
vt -7.21419500 0.12301750
vt -7.20383700 0.11576750
vt -7.20197400 0.12340180
vt -7.20061500 0.12145200
vt -7.20723900 0.12203630
vt -7.20849400 0.11940850
vt -7.21544900 0.11679170
vt -7.20913300 0.11623460
vt -7.21530400 0.11044250
vt -7.20905900 0.11299780
vt -7.21378300 0.10493650
vt -7.20828400 0.11019090
vt -7.21625200 0.09465402
vt -7.21584200 0.08623135
vt -7.21130800 0.09238809
vt -7.21111600 0.10111200
vt -7.20771100 0.09955123
vt -7.20692400 0.10824120
vt -7.20518800 0.10744550
vt -7.20334000 0.10792500
vt -7.20166000 0.10960660
vt -7.53833700 0.53722610
vt -7.52899500 0.53157780
vt -7.51637700 0.53188060
vt -7.49783200 0.53915430
vt -7.50443700 0.52766820
vt -7.49551300 0.55302740
vt -7.49024600 0.55371360
vt -7.49256500 0.53984050
vt -7.49256500 0.56786160
vt -7.49783200 0.56717540
vt -7.49917000 0.58013060
vt -7.50443700 0.57944450
vt -7.39906700 0.74926610
vt -7.39252600 0.74046070
vt -7.39815200 0.73464760
vt -7.40516900 0.74409560
vt -7.41289200 0.75524010
vt -7.41260400 0.73906110
vt -7.42032700 0.75020570
vt -7.42014600 0.76638480
vt -7.42758000 0.76135030
vt -7.42582500 0.77583260
vt -7.43325900 0.77079820
vt -7.22986200 0.15305190
vt -7.51432300 0.58796670
vt -7.39291000 0.72833470
vt -7.40034400 0.72330030
vt -7.40558700 0.72961310
vt -7.26537400 0.87637530
vt -7.25804700 0.87141390
vt -7.49917000 0.52835440
vt -7.50848400 0.51931480
vt -7.50905500 0.52100390
vt -7.49811600 0.52702500
vt -7.49256500 0.53984050
vt -7.49118700 0.53907320
vt -7.49024600 0.55371360
vt -7.48875400 0.55362520
vt -7.49256500 0.56786160
vt -7.49118800 0.56846560
vt -7.49917000 0.58013060
vt -7.49811600 0.58133510
vt -7.50905500 0.58865280
vt -7.50848500 0.59027430
vt -7.22788800 0.08290009
vt -7.22764400 0.08116631
vt -7.23634400 0.07890981
vt -7.23618200 0.08074889
vt -7.24451500 0.08265443
vt -7.24397200 0.08431880
vt -7.25091200 0.09183004
vt -7.25007100 0.09306630
vt -7.25456200 0.10503980
vt -7.25355100 0.10565970
vt -7.25491000 0.12027250
vt -7.25388100 0.12018180
vt -7.25190100 0.13520920
vt -7.25101300 0.13442170
vt -7.24599500 0.14757600
vt -7.24538200 0.14621150
vt -7.23809100 0.15549000
vt -7.23784600 0.15375630
vt -7.22939000 0.15774650
vt -7.22955200 0.15590750
vt -7.22122000 0.15400190
vt -7.22176300 0.15233760
vt -7.46610500 0.91482150
vt -7.46676900 0.91647200
vt -7.46560900 0.91748800
vt -7.46843200 0.91429590
vt -7.46841500 0.91610000
vt -7.47082100 0.91482150
vt -7.47010400 0.91647200
vt -7.46446400 0.91625880
vt -7.46524400 0.91887560
vt -7.46394800 0.91822110
vt -7.19247900 0.55751960
vt -7.19034200 0.55831970
vt -7.19083700 0.55678300
vt -7.18881200 0.55822660
vt -7.18867300 0.55665130
vt -7.18732100 0.55858620
vt -7.18656500 0.55715980
vt -7.18627000 0.55930230
vt -7.18507800 0.55817240
vt -7.18594000 0.56018270
vt -7.18461100 0.55941740
vt -7.47338100 0.91822110
vt -7.47191400 0.91887560
vt -7.47138500 0.91748800
vt -7.47263300 0.91625880
vt -7.46658200 0.91942340
vt -7.46565200 0.91967440
vt -7.46596100 0.91849920
vt -7.46635900 0.92027150
vt -7.46744600 0.92070040
vt -7.46754400 0.92032750
vt -7.62430400 0.84996810
vt -7.62387000 0.85064240
vt -7.62294600 0.85042740
vt -7.62354800 0.84949340
vt -7.62257400 0.84885840
vt -7.62186400 0.84996210
vt -7.62334600 0.84775540
vt -7.62420100 0.84855920
vt -7.18903500 0.56075190
vt -7.18812400 0.56097170
vt -7.18766700 0.55985910
vt -7.18677800 0.56046500
vt -7.18748100 0.56140920
vt -7.18732100 0.55858620
vt -7.18627000 0.55930230
vt -7.63711500 0.85046210
vt -7.63816400 0.84998360
vt -7.47043600 0.92027150
vt -7.47085000 0.91849920
vt -7.47129800 0.91967440
vt -7.47011200 0.91942340
vt -7.46976600 0.91763940
vt -7.47138500 0.91748800
vt -7.46932900 0.91880270
vt -7.47010400 0.91647200
vt -7.46833600 0.91732450
vt -7.46829700 0.91857570
vt -7.46841500 0.91610000
vt -7.46676900 0.91647200
vt -7.46560900 0.91748800
vt -7.46694300 0.91763940
vt -7.46729100 0.91880270
vt -7.46785500 0.92005490
vt -7.46829700 0.91995500
vt -7.19150300 0.55884060
vt -7.19120700 0.56007430
vt -7.19022500 0.55963360
vt -7.19067900 0.56112720
vt -7.18997000 0.56080890
vt -7.18954800 0.56192920
vt -7.18913700 0.56190430
vt -7.18985900 0.56206920
vt -7.19097200 0.56162160
vt -7.18998800 0.56228640
vt -7.19034200 0.55831970
vt -7.18892900 0.55955470
vt -7.18881200 0.55822660
vt -7.18873600 0.56200080
vt -7.18845400 0.56219310
vt -7.18836500 0.56242950
vt -7.18728000 0.56194730
vt -7.46923700 0.92070040
vt -7.46909500 0.92032750
vt -7.46875100 0.92005490
vt -6.94984000 0.71029210
vt -6.91966000 0.66832930
vt -6.92081600 0.66743000
vt -6.94868400 0.71119140
vt -6.91808000 0.66943530
vt -6.94710400 0.71229730
vt -6.94552500 0.71331350
vt -6.91650100 0.67045150
vt -7.14287900 0.50926360
vt -7.14452000 0.50852720
vt -7.14026400 0.55678300
vt -7.13862300 0.55751970
vt -7.14242800 0.55665140
vt -7.14668500 0.50839550
vt -7.14453600 0.55715990
vt -7.14879200 0.50890410
vt -7.15028000 0.50991640
vt -7.14602300 0.55817250
vt -7.17242200 0.83061090
vt -7.17402200 0.83173150
vt -7.14461400 0.87516070
vt -7.14301400 0.87404020
vt -7.14621400 0.87619040
vt -7.17562200 0.83276120
vt -7.14738600 0.87685330
vt -7.17679300 0.83342400
vt -7.51160100 0.92016760
vt -7.50451600 0.88463590
vt -7.50690400 0.88411030
vt -7.50921300 0.92069330
vt -7.50219000 0.88411030
vt -7.50688700 0.92016760
vt -7.14192500 0.56235800
vt -7.14196500 0.56190440
vt -7.14236500 0.56200090
vt -7.14155400 0.56192930
vt -7.14124300 0.56206920
vt -7.14111400 0.56228650
vt -7.14120200 0.56252280
vt -7.14148500 0.56271510
vt -7.14188500 0.56281160
vt -7.14264700 0.56219320
vt -7.14273600 0.56242960
vt -7.14260800 0.56264670
vt -7.14229600 0.56278660
vt -7.01421400 0.37365260
vt -7.02772400 0.36291620
vt -7.02077800 0.37499380
vt -7.02067700 0.36241300
vt -7.00790100 0.37047710
vt -6.99954600 0.37668920
vt -7.00454300 0.38084570
vt -6.98969200 0.37846040
vt -6.99313400 0.38289720
vt -6.98693500 0.37214920
vt -7.56660600 0.75372100
vt -7.57345800 0.76294450
vt -7.56737600 0.76920450
vt -7.56001400 0.75929180
vt -7.55906300 0.74284080
vt -7.55986000 0.77426900
vt -7.56535600 0.78088700
vt -7.57287700 0.77582810
vt -7.55250400 0.76436450
vt -7.55191100 0.74759890
vt -7.54440700 0.75268140
vt -7.54430100 0.73590610
vt -7.53680400 0.74099840
vt -7.55197900 0.73195970
vt -7.55820700 0.73016000
vt -7.56432300 0.73955800
vt -7.35529600 0.47238090
vt -7.34939400 0.46391840
vt -7.35756300 0.46211710
vt -7.36390300 0.47121040
vt -7.35866500 0.48456460
vt -7.36752000 0.48430170
vt -7.37187500 0.47193700
vt -7.37548900 0.48501720
vt -7.36786500 0.49939780
vt -7.37583300 0.50010070
vt -7.35898500 0.49861450
vt -7.36488300 0.51420060
vt -7.37285400 0.51489100
vt -7.35621000 0.51239140
vt -7.34865000 0.50981180
vt -7.35104600 0.49791420
vt -7.35077000 0.48578090
vt -7.34346800 0.53109590
vt -7.35903000 0.52645640
vt -7.35119600 0.53429950
vt -7.35076100 0.52379740
vt -7.33764900 0.52596600
vt -7.36700600 0.52713660
vt -7.34394600 0.51966230
vt -7.33755900 0.51427550
vt -7.34124900 0.50654860
vt -7.33262000 0.51922040
vt -7.32718400 0.52063020
vt -7.33071900 0.52776340
vt -7.32481900 0.51270010
vt -7.32856400 0.51172880
vt -7.33196600 0.50832230
vt -7.32559100 0.50373120
vt -7.32732400 0.50198850
vt -7.01421400 0.32298820
vt -7.00454300 0.31464820
vt -7.01038400 0.31159020
vt -7.02077800 0.32055120
vt -7.02067700 0.33499400
vt -7.02772300 0.33345210
vt -7.02608900 0.31987870
vt -7.03302800 0.33276870
vt -7.02294500 0.34883810
vt -7.03016200 0.34832870
vt -7.01544300 0.34904530
vt -7.01348300 0.33708840
vt -7.00713400 0.34907550
vt -7.03546500 0.34763290
vt -7.03302800 0.36220810
vt -7.01348300 0.36076980
vt -7.00559700 0.35827240
vt -7.00121800 0.36588700
vt -6.99466500 0.37075980
vt -6.98490500 0.36486310
vt -6.99023100 0.36390590
vt -6.98365500 0.35683320
vt -6.98637400 0.35635020
vt -6.99474500 0.36054900
vt -6.98867400 0.35463290
vt -6.99776200 0.35530320
vt -6.99021700 0.35195980
vt -6.98323200 0.34836050
vt -6.99882100 0.34896730
vt -6.99075300 0.34872610
vt -7.00559700 0.33969620
vt -6.99021700 0.34542870
vt -6.98867400 0.34257280
vt -6.99776200 0.34250590
vt -6.99474500 0.33690260
vt -7.00121800 0.33156260
vt -7.00790100 0.32671950
vt -6.99466500 0.32591300
vt -6.99023100 0.33301050
vt -6.98637400 0.34058270
vt -6.98490500 0.33142210
vt -6.98365500 0.33977770
vt -7.34786200 0.47525900
vt -7.34276600 0.46795030
vt -7.34063100 0.47944470
vt -7.34291200 0.48769830
vt -7.34312900 0.49721590
vt -7.33580400 0.49656980
vt -7.33450900 0.50299910
vt -7.32862500 0.49927600
vt -7.33565400 0.49001300
vt -7.32380900 0.49551170
vt -7.32928100 0.49599440
vt -7.32367900 0.50422120
vt -7.32188500 0.50340430
vt -7.32048100 0.50138480
vt -7.32920900 0.49264850
vt -7.33408300 0.48432700
vt -7.32840400 0.48975040
vt -7.33663500 0.47371160
vt -7.33625800 0.46496760
vt -7.33152900 0.47137190
vt -7.33132900 0.48037740
vt -7.32781300 0.47876560
vt -7.32700200 0.48773100
vt -7.32520600 0.48691400
vt -7.32329600 0.48740410
vt -7.32156100 0.48914670
vt -6.93409000 0.51810030
vt -6.92227600 0.52559270
vt -6.92869800 0.51632570
vt -6.92665200 0.52882960
vt -6.94125200 0.52199170
vt -6.93326200 0.53352150
vt -6.91966700 0.53955840
vt -6.92575800 0.54505150
vt -6.94066600 0.53853320
vt -6.93316800 0.55005350
vt -6.94864900 0.52701300
vt -6.95590300 0.51724670
vt -6.94851200 0.51221690
vt -6.99954600 0.31951720
vt -6.99313400 0.31124390
vt -6.98969200 0.31657790
vt -6.98693500 0.32360730
vt -7.53834300 0.72599330
vt -7.53085100 0.73109400
vt -6.91988200 0.55482610
vt -6.92729800 0.55982010
vt -7.67939200 0.52900170
vt -7.66554800 0.52602060
vt -7.67353400 0.53195890
vt -7.68554800 0.53970680
vt -7.69208000 0.53923290
vt -7.68547400 0.52774640
vt -7.69439900 0.55310620
vt -7.68771000 0.55263670
vt -7.69966700 0.55379250
vt -7.69734700 0.53991900
vt -7.65351600 0.53032580
vt -7.66091700 0.53165610
vt -7.65157400 0.53730460
vt -7.65667200 0.53822090
vt -7.65037900 0.54499570
vt -7.65297800 0.54546280
vt -7.66719200 0.53632180
vt -7.66099500 0.54143470
vt -7.65518100 0.54710130
vt -7.67887100 0.54123840
vt -7.67138400 0.54361260
vt -7.68074400 0.55244620
vt -7.68554800 0.56582280
vt -7.67887100 0.56387610
vt -7.66388200 0.54645680
vt -7.67285600 0.55241850
vt -7.65665300 0.54966150
vt -7.64997500 0.55310360
vt -7.67138400 0.56139890
vt -7.67353400 0.57378800
vt -7.66489600 0.55252230
vt -7.65717100 0.55275360
vt -7.66719200 0.56918670
vt -7.66554800 0.58067290
vt -7.66388200 0.55870810
vt -7.65665300 0.55590710
vt -7.65518100 0.55864190
vt -7.66099500 0.56407240
vt -7.66091700 0.57459610
vt -7.65667200 0.56779860
vt -7.65297800 0.56054140
vt -7.65612800 0.58348270
vt -7.65931100 0.58844200
vt -7.65351600 0.57680370
vt -7.65157400 0.56931920
vt -7.65037900 0.56131660
vt -7.26983700 0.68298450
vt -7.26496100 0.67994200
vt -7.27082100 0.67093870
vt -7.27659700 0.67259790
vt -7.27646600 0.68739710
vt -7.28371900 0.67625240
vt -7.28390100 0.69243160
vt -7.29115400 0.68128690
vt -7.28939800 0.66680460
vt -7.29683300 0.67183900
vt -7.06072800 0.15133690
vt -7.05945200 0.14047420
vt -7.06641200 0.14318430
vt -7.06837700 0.15304190
vt -7.07447600 0.14429440
vt -7.06965500 0.13144740
vt -7.06204300 0.09365366
vt -7.05566500 0.09754039
vt -7.04957600 0.09144522
vt -7.04475500 0.09792815
vt -7.04953800 0.10271710
vt -7.03949000 0.09656270
vt -7.04287600 0.08970734
vt -7.03720200 0.10424490
vt -7.04082800 0.10518550
vt -7.03610000 0.11245890
vt -7.04412300 0.10848420
vt -7.03794900 0.11293840
vt -7.03962900 0.11462000
vt -7.05502000 0.08662198
vt -7.06978800 0.09114920
vt -7.06225200 0.08360440
vt -7.07541800 0.10293900
vt -7.08340400 0.10223470
vt -7.07777200 0.09044491
vt -7.08627100 0.11647450
vt -7.06729100 0.10464160
vt -7.07828700 0.11717890
vt -7.08594000 0.13099660
vt -7.06021300 0.10706490
vt -7.06996400 0.11791300
vt -7.07795600 0.13170090
vt -7.08246000 0.14359000
vt -7.05311200 0.11020040
vt -7.06253100 0.11856870
vt -7.04658500 0.11363880
vt -7.06226300 0.13030050
vt -7.05493200 0.11923890
vt -7.05472200 0.12845650
vt -7.04783900 0.11986460
vt -7.04088400 0.11724780
vt -7.04152300 0.12042170
vt -7.40147200 0.89139750
vt -7.40762000 0.90026970
vt -7.67017900 0.58520050
vt -7.67939200 0.57725770
vt -7.67558900 0.58804640
vt -7.68547400 0.57952400
vt -7.69208000 0.56725470
vt -7.69074200 0.58021020
vt -7.69734700 0.56794080
vt -7.41019600 0.92790930
vt -7.40286900 0.93287050
vt -7.39727300 0.92356000
vt -7.40460000 0.91859880
vt -7.39012500 0.91257750
vt -7.39745200 0.90761640
vt -7.41023200 0.91350350
vt -7.69074200 0.52843260
vt -7.68085700 0.52108200
vt -7.68142700 0.51939280
vt -7.69179700 0.52710320
vt -7.69734700 0.53991900
vt -7.69872500 0.53915170
vt -7.69966700 0.55379250
vt -7.70115800 0.55370410
vt -7.69734700 0.56794080
vt -7.69872500 0.56854480
vt -7.69074200 0.58021020
vt -7.69179700 0.58141460
vt -7.68085700 0.58873260
vt -7.68142700 0.59035410
vt -7.06027800 0.15375620
vt -7.06873400 0.15774650
vt -7.06003400 0.15549000
vt -7.06857200 0.15590740
vt -7.07690500 0.15400190
vt -7.07636200 0.15233750
vt -7.08330200 0.14482630
vt -7.08246000 0.14359000
vt -7.08695200 0.13161660
vt -7.08594000 0.13099660
vt -7.08729900 0.11638380
vt -7.08627100 0.11647450
vt -7.08429100 0.10144710
vt -7.08340400 0.10223470
vt -7.07838500 0.08908035
vt -7.07777200 0.09044491
vt -7.07048000 0.08116631
vt -7.07023700 0.08290008
vt -7.06178000 0.07890983
vt -7.06194300 0.08074888
vt -7.05361000 0.08265445
vt -7.05415300 0.08431879
vt -7.50003400 0.88071200
vt -7.50132900 0.88005760
vt -7.13794500 0.55866370
vt -7.13959800 0.55884070
vt -7.13911900 0.55964980
vt -7.13862300 0.55751970
vt -7.14075900 0.55831980
vt -7.14026400 0.55678300
vt -7.14229000 0.55822670
vt -7.14242800 0.55665140
vt -7.14378000 0.55858630
vt -7.14453600 0.55715990
vt -7.14483200 0.55930230
vt -7.14602300 0.55817250
vt -7.14516200 0.56018280
vt -7.14649000 0.55941750
vt -7.50337600 0.88013050
vt -7.50302700 0.88129340
vt -7.50204600 0.88043390
vt -7.50173700 0.87925910
vt -7.50244400 0.87866220
vt -7.50394000 0.87887880
vt -7.65207700 0.84842940
vt -7.65071900 0.84797010
vt -7.65164300 0.84775530
vt -7.65132000 0.84890410
vt -7.65034600 0.84953910
vt -7.64963600 0.84843550
vt -7.65111900 0.85064210
vt -7.65197400 0.84983830
vt -7.14042200 0.56112730
vt -7.13989400 0.56007440
vt -7.14087700 0.55963360
vt -7.13959800 0.55884070
vt -7.14075900 0.55831980
vt -7.50585000 0.88129340
vt -7.50746800 0.88144470
vt -7.50618800 0.88246050
vt -7.50442000 0.88160820
vt -7.50449800 0.88283230
vt -7.50285300 0.88246050
vt -7.50169300 0.88144470
vt -7.50438100 0.88035760
vt -7.50438100 0.87897870
vt -7.14229000 0.55822670
vt -7.14378000 0.55858630
vt -7.14343400 0.55985920
vt -7.14217200 0.55955480
vt -7.14113100 0.56080900
vt -7.14206600 0.56075200
vt -7.14155400 0.56192930
vt -7.14124300 0.56206920
vt -7.14196500 0.56190440
vt -7.14236500 0.56200090
vt -7.14297800 0.56097190
vt -7.14432300 0.56046510
vt -7.14264700 0.56219320
vt -7.14362000 0.56140940
vt -7.14483200 0.55930230
vt -7.66594400 0.84840900
vt -7.14013000 0.56162170
vt -7.14111400 0.56228650
vt -7.14382200 0.56194750
vt -7.14273600 0.56242960
vt -7.43533200 0.23015880
vt -7.44475900 0.24415010
vt -7.43662900 0.24486730
vt -7.44346100 0.22944170
vt -7.43382100 0.21303040
vt -7.44195100 0.21231330
vt -7.43220000 0.19464940
vt -7.44032900 0.19393230
vt -7.43057800 0.17626840
vt -7.44575500 0.25543630
vt -7.43762500 0.25615350
vt -6.91947900 0.07955070
vt -6.92705900 0.07955070
vt -6.92764200 0.09558330
vt -6.92006300 0.09558330
vt -6.92784200 0.11278840
vt -6.92026200 0.11278840
vt -6.92764200 0.12999360
vt -6.92006300 0.12999360
vt -6.92705900 0.14602610
vt -6.91947900 0.14602610
vt -7.36863900 0.25615300
vt -7.36051000 0.25543590
vt -7.36150600 0.24414980
vt -7.36963500 0.24486690
vt -7.36280300 0.22944150
vt -7.37093300 0.23015850
vt -7.36431400 0.21231320
vt -7.37244300 0.21303040
vt -7.36593500 0.19393240
vt -7.37406400 0.19464940
vt -7.36755700 0.17555140
vt -7.37568600 0.17626850
vt -7.36906800 0.15842320
vt -7.37719700 0.15914030
vt -7.37036500 0.14371480
vt -7.37849400 0.14443190
vt -7.37136000 0.13242870
vt -7.37949000 0.13314580
vt -6.96214100 0.14602690
vt -6.95456000 0.14602690
vt -6.95514400 0.12999400
vt -6.96272400 0.12999400
vt -6.95534300 0.11278880
vt -6.96292300 0.11278880
vt -6.95514400 0.09558347
vt -6.96272400 0.09558347
vt -6.95456000 0.07955065
vt -6.96214100 0.07955065
vt -7.42677500 0.13314540
vt -7.43490400 0.13242830
vt -7.43590000 0.14371450
vt -7.42777000 0.14443160
vt -7.43719700 0.15842290
vt -7.42906800 0.15914010
vt -7.43870800 0.17555130
vt -7.58539200 0.85244570
vt -7.58678600 0.85192290
vt -7.58636400 0.85670540
vt -7.58425900 0.85410990
vt -7.58806700 0.85268160
vt -7.58369000 0.85646950
vt -7.58889100 0.85451840
vt -7.58383700 0.85889240
vt -7.58903800 0.85694130
vt -7.58466100 0.86072930
vt -7.58847000 0.85930100
vt -7.58594200 0.86148790
vt -7.58733600 0.86096510
vt -7.60517700 0.86097120
vt -7.60404300 0.85930470
vt -7.60615100 0.85670540
vt -7.60657300 0.86149480
vt -7.60347300 0.85694170
vt -7.60785600 0.86073500
vt -7.60362000 0.85451540
vt -7.60868100 0.85889550
vt -7.60444500 0.85267590
vt -7.60882900 0.85646920
vt -7.60572800 0.85191610
vt -7.60825900 0.85410620
vt -7.60712400 0.85243960
f 3/3/3 2/2/2 1/1/1
f 6/6/6 5/5/5 4/4/4
f 9/9/9 8/8/8 7/7/7
f 12/12/12 11/11/11 10/10/10
f 15/15/15 14/14/14 13/13/13
f 18/18/18 17/17/17 16/16/16
f 21/21/21 20/20/20 19/19/19
f 23/23/23 21/21/21 22/22/22
f 24/24/24 23/23/23 22/22/22
f 25/25/25 23/23/23 24/24/24
f 26/26/26 25/25/25 24/24/24
f 23/23/23 25/25/25 27/27/27
f 28/28/28 25/25/25 26/26/26
f 25/25/25 28/28/28 27/27/27
f 28/28/28 29/29/29 27/27/27
f 29/29/29 30/30/30 27/27/27
f 29/29/29 28/28/28 31/31/31
f 30/30/30 29/29/29 32/32/32
f 32/32/32 29/29/29 31/31/31
f 33/33/33 30/30/30 32/32/32
f 34/34/34 30/30/30 33/33/33
f 32/32/32 31/31/31 35/35/35
f 35/35/35 31/31/31 36/36/36
f 35/35/35 36/36/36 37/37/37
f 38/38/38 35/35/35 37/37/37
f 39/39/39 32/32/32 35/35/35
f 39/39/39 35/35/35 38/38/38
f 33/33/33 32/32/32 39/39/39
f 40/40/40 39/39/39 38/38/38
f 41/41/41 33/33/33 39/39/39
f 42/42/42 34/34/34 33/33/33
f 42/42/42 33/33/33 41/41/41
f 43/43/43 34/34/34 42/42/42
f 44/44/44 42/42/42 41/41/41
f 45/45/45 43/43/43 42/42/42
f 45/45/45 42/42/42 44/44/44
f 46/46/46 45/45/45 44/44/44
f 49/49/49 48/48/48 47/47/47
f 52/52/52 51/51/51 50/50/50
f 54/54/54 52/52/52 53/53/53
f 55/55/55 54/54/54 53/53/53
f 58/58/58 57/57/57 56/56/56
f 61/61/61 60/60/60 59/59/59
f 63/63/63 62/62/62 59/59/59
f 62/62/62 64/64/64 59/59/59
f 64/64/64 65/65/65 59/59/59
f 65/65/65 64/64/64 66/66/66
f 65/65/65 67/67/67 59/59/59
f 67/67/67 68/68/68 59/59/59
f 69/69/69 65/65/65 66/66/66
f 67/67/67 65/65/65 69/69/69
f 69/69/69 66/66/66 70/70/70
f 68/68/68 67/67/67 71/71/71
f 71/71/71 67/67/67 69/69/69
f 72/72/72 68/68/68 71/71/71
f 72/72/72 71/71/71 73/73/73
f 74/74/74 69/69/69 70/70/70
f 71/71/71 69/69/69 74/74/74
f 73/73/73 71/71/71 74/74/74
f 74/74/74 70/70/70 75/75/75
f 73/73/73 74/74/74 76/76/76
f 76/76/76 74/74/74 75/75/75
f 79/79/79 78/78/78 77/77/77
f 81/81/81 80/80/80 78/78/78
f 80/80/80 82/82/82 78/78/78
f 78/78/78 82/82/82 83/83/83
f 82/82/82 84/84/84 83/83/83
f 87/87/87 86/86/86 85/85/85
f 89/89/89 88/88/88 86/86/86
f 90/90/90 89/89/89 86/86/86
f 93/93/93 92/92/92 91/91/91
f 95/95/95 91/91/91 94/94/94
f 96/96/96 95/95/95 94/94/94
f 95/95/95 93/93/93 91/91/91
f 93/93/93 97/97/97 92/92/92
f 97/97/97 98/98/98 92/92/92
f 97/97/97 99/99/99 98/98/98
f 99/99/99 100/100/100 98/98/98
f 99/99/99 101/101/101 100/100/100
f 101/101/101 102/102/102 100/100/100
f 105/105/105 104/104/104 103/103/103
f 106/106/106 105/105/105 103/103/103
f 109/109/109 108/108/108 107/107/107
f 111/111/111 110/110/110 107/107/107
f 110/110/110 112/112/112 107/107/107
f 110/110/110 113/113/113 112/112/112
f 113/113/113 114/114/114 112/112/112
f 117/117/117 116/116/116 115/115/115
f 120/120/120 119/119/119 118/118/118
f 123/123/123 122/122/122 121/121/121
f 124/124/124 123/123/123 121/121/121
f 127/127/127 126/126/126 125/125/125
f 128/128/128 127/127/127 125/125/125
f 11/11/11 12/12/12 129/129/129
f 130/130/130 11/11/11 129/129/129
f 11/11/11 130/130/130 131/131/131
f 132/132/132 11/11/11 131/131/131
f 9/9/9 133/133/133 8/8/8
f 133/133/133 134/134/134 8/8/8
f 133/133/133 135/135/135 134/134/134
f 135/135/135 136/136/136 134/134/134
f 11/11/11 132/132/132 10/10/10
f 132/132/132 137/137/137 10/10/10
f 137/137/137 132/132/132 138/138/138
f 137/137/137 139/139/139 10/10/10
f 139/139/139 140/140/140 10/10/10
f 139/139/139 141/141/141 140/140/140
f 141/141/141 142/142/142 140/140/140
f 141/141/141 143/143/143 142/142/142
f 143/143/143 144/144/144 142/142/142
f 145/145/145 143/143/143 141/141/141
f 146/146/146 145/145/145 141/141/141
f 143/143/143 145/145/145 147/147/147
f 148/148/148 143/143/143 147/147/147
f 143/143/143 148/148/148 144/144/144
f 148/148/148 149/149/149 144/144/144
f 148/148/148 150/150/150 149/149/149
f 150/150/150 151/151/151 149/149/149
f 154/154/154 153/153/153 152/152/152
f 153/153/153 155/155/155 152/152/152
f 152/152/152 155/155/155 156/156/156
f 153/153/153 157/157/157 155/155/155
f 155/155/155 158/158/158 156/156/156
f 157/157/157 159/159/159 155/155/155
f 160/160/160 158/158/158 155/155/155
f 159/159/159 160/160/160 155/155/155
f 161/161/161 160/160/160 159/159/159
f 160/160/160 161/161/161 162/162/162
f 163/163/163 161/161/161 159/159/159
f 161/161/161 164/164/164 162/162/162
f 165/165/165 161/161/161 163/163/163
f 164/164/164 161/161/161 165/165/165
f 166/166/166 165/165/165 163/163/163
f 167/167/167 164/164/164 165/165/165
f 168/168/168 165/165/165 166/166/166
f 165/165/165 168/168/168 167/167/167
f 168/168/168 169/169/169 167/167/167
f 170/170/170 168/168/168 166/166/166
f 171/171/171 168/168/168 170/170/170
f 172/172/172 171/171/171 170/170/170
f 173/173/173 171/171/171 172/172/172
f 174/174/174 173/173/173 172/172/172
f 175/175/175 173/173/173 174/174/174
f 176/176/176 175/175/175 174/174/174
f 175/175/175 176/176/176 177/177/177
f 178/178/178 175/175/175 177/177/177
f 178/178/178 177/177/177 179/179/179
f 180/180/180 178/178/178 179/179/179
f 180/180/180 179/179/179 181/181/181
f 182/182/182 180/180/180 181/181/181
f 182/182/182 181/181/181 183/183/183
f 184/184/184 182/182/182 183/183/183
f 185/185/185 182/182/182 184/184/184
f 184/184/184 183/183/183 186/186/186
f 187/187/187 185/185/185 184/184/184
f 188/188/188 184/184/184 186/186/186
f 184/184/184 188/188/188 187/187/187
f 188/188/188 189/189/189 187/187/187
f 188/188/188 186/186/186 190/190/190
f 189/189/189 188/188/188 191/191/191
f 191/191/191 188/188/188 190/190/190
f 192/192/192 189/189/189 191/191/191
f 191/191/191 190/190/190 193/193/193
f 194/194/194 191/191/191 193/193/193
f 194/194/194 193/193/193 195/195/195
f 193/193/193 196/196/196 195/195/195
f 193/193/193 190/190/190 197/197/197
f 190/190/190 198/198/198 197/197/197
f 131/131/131 199/199/199 138/138/138
f 132/132/132 131/131/131 138/138/138
f 202/202/202 201/201/201 200/200/200
f 201/201/201 203/203/203 200/200/200
f 201/201/201 204/204/204 203/203/203
f 204/204/204 205/205/205 203/203/203
f 208/208/208 207/207/207 206/206/206
f 208/208/208 209/209/209 207/207/207
f 209/209/209 1/1/1 207/207/207
f 209/209/209 3/3/3 1/1/1
f 3/3/3 209/209/209 136/136/136
f 210/210/210 3/3/3 136/136/136
f 136/136/136 209/209/209 134/134/134
f 211/211/211 3/3/3 210/210/210
f 209/209/209 208/208/208 134/134/134
f 212/212/212 211/211/211 210/210/210
f 134/134/134 208/208/208 213/213/213
f 213/213/213 208/208/208 206/206/206
f 8/8/8 134/134/134 213/213/213
f 206/206/206 214/214/214 213/213/213
f 8/8/8 213/213/213 7/7/7
f 213/213/213 214/214/214 7/7/7
f 215/215/215 211/211/211 212/212/212
f 211/211/211 215/215/215 216/216/216
f 215/215/215 217/217/217 216/216/216
f 218/218/218 215/215/215 212/212/212
f 215/215/215 219/219/219 217/217/217
f 219/219/219 215/215/215 218/218/218
f 220/220/220 219/219/219 218/218/218
f 221/221/221 219/219/219 220/220/220
f 222/222/222 221/221/221 220/220/220
f 224/224/224 223/223/223 149/149/149
f 223/223/223 144/144/144 149/149/149
f 144/144/144 223/223/223 225/225/225
f 142/142/142 144/144/144 225/225/225
f 228/228/228 227/227/227 226/226/226
f 227/227/227 229/229/229 226/226/226
f 227/227/227 230/230/230 229/229/229
f 230/230/230 231/231/231 229/229/229
f 230/230/230 232/232/232 231/231/231
f 232/232/232 233/233/233 231/231/231
f 232/232/232 234/234/234 233/233/233
f 237/237/237 236/236/236 235/235/235
f 238/238/238 237/237/237 235/235/235
f 241/241/241 240/240/240 239/239/239
f 240/240/240 242/242/242 239/239/239
f 239/239/239 242/242/242 227/227/227
f 240/240/240 243/243/243 242/242/242
f 242/242/242 230/230/230 227/227/227
f 243/243/243 244/244/244 242/242/242
f 242/242/242 244/244/244 230/230/230
f 243/243/243 245/245/245 244/244/244
f 244/244/244 232/232/232 230/230/230
f 245/245/245 246/246/246 244/244/244
f 244/244/244 246/246/246 232/232/232
f 246/246/246 234/234/234 232/232/232
f 249/249/249 248/248/248 247/247/247
f 250/250/250 249/249/249 247/247/247
f 250/250/250 238/238/238 249/249/249
f 238/238/238 251/251/251 249/249/249
f 237/237/237 238/238/238 250/250/250
f 249/249/249 251/251/251 252/252/252
f 253/253/253 237/237/237 250/250/250
f 251/251/251 204/204/204 252/252/252
f 254/254/254 237/237/237 253/253/253
f 255/255/255 254/254/254 253/253/253
f 256/256/256 254/254/254 255/255/255
f 257/257/257 256/256/256 255/255/255
f 252/252/252 204/204/204 258/258/258
f 204/204/204 201/201/201 258/258/258
f 258/258/258 201/201/201 202/202/202
f 259/259/259 258/258/258 202/202/202
f 260/260/260 256/256/256 257/257/257
f 261/261/261 260/260/260 257/257/257
f 260/260/260 261/261/261 262/262/262
f 263/263/263 260/260/260 262/262/262
f 263/263/263 262/262/262 264/264/264
f 265/265/265 263/263/263 264/264/264
f 265/265/265 264/264/264 266/266/266
f 267/267/267 265/265/265 266/266/266
f 267/267/267 266/266/266 268/268/268
f 269/269/269 267/267/267 268/268/268
f 269/269/269 268/268/268 270/270/270
f 271/271/271 269/269/269 270/270/270
f 272/272/272 270/270/270 268/268/268
f 273/273/273 272/272/272 268/268/268
f 271/271/271 270/270/270 274/274/274
f 275/275/275 271/271/271 274/274/274
f 275/275/275 274/274/274 276/276/276
f 277/277/277 275/275/275 276/276/276
f 277/277/277 276/276/276 278/278/278
f 276/276/276 279/279/279 278/278/278
f 219/219/219 280/280/280 217/217/217
f 219/219/219 221/221/221 280/280/280
f 221/221/221 281/281/281 280/280/280
f 221/221/221 282/282/282 281/281/281
f 282/282/282 283/283/283 281/281/281
f 282/282/282 284/284/284 283/283/283
f 284/284/284 285/285/285 283/283/283
f 285/285/285 284/284/284 286/286/286
f 287/287/287 285/285/285 286/286/286
f 287/287/287 286/286/286 288/288/288
f 289/289/289 287/287/287 288/288/288
f 289/289/289 288/288/288 290/290/290
f 291/291/291 289/289/289 290/290/290
f 293/293/293 292/292/292 218/218/218
f 292/292/292 220/220/220 218/218/218
f 292/292/292 294/294/294 220/220/220
f 294/294/294 222/222/222 220/220/220
f 294/294/294 295/295/295 222/222/222
f 295/295/295 296/296/296 222/222/222
f 295/295/295 297/297/297 296/296/296
f 297/297/297 298/298/298 296/296/296
f 234/234/234 299/299/299 233/233/233
f 234/234/234 300/300/300 299/299/299
f 300/300/300 301/301/301 299/299/299
f 234/234/234 246/246/246 300/300/300
f 301/301/301 300/300/300 302/302/302
f 303/303/303 301/301/301 302/302/302
f 246/246/246 304/304/304 300/300/300
f 300/300/300 304/304/304 302/302/302
f 303/303/303 302/302/302 305/305/305
f 5/5/5 303/303/303 305/305/305
f 5/5/5 305/305/305 4/4/4
f 302/302/302 306/306/306 305/305/305
f 304/304/304 306/306/306 302/302/302
f 306/306/306 307/307/307 305/305/305
f 307/307/307 306/306/306 308/308/308
f 306/306/306 309/309/309 308/308/308
f 306/306/306 304/304/304 309/309/309
f 304/304/304 310/310/310 309/309/309
f 310/310/310 304/304/304 246/246/246
f 245/245/245 310/310/310 246/246/246
f 14/14/14 311/311/311 13/13/13
f 311/311/311 312/312/312 13/13/13
f 313/313/313 13/13/13 312/312/312
f 314/314/314 313/313/313 312/312/312
f 314/314/314 315/315/315 313/313/313
f 315/315/315 316/316/316 313/313/313
f 315/315/315 317/317/317 316/316/316
f 317/317/317 318/318/318 316/316/316
f 317/317/317 290/290/290 318/318/318
f 290/290/290 319/319/319 318/318/318
f 290/290/290 288/288/288 319/319/319
f 288/288/288 320/320/320 319/319/319
f 288/288/288 286/286/286 320/320/320
f 286/286/286 321/321/321 320/320/320
f 320/320/320 321/321/321 322/322/322
f 286/286/286 284/284/284 321/321/321
f 321/321/321 323/323/323 322/322/322
f 284/284/284 298/298/298 321/321/321
f 321/321/321 298/298/298 323/323/323
f 298/298/298 297/297/297 323/323/323
f 284/284/284 282/282/282 298/298/298
f 282/282/282 296/296/296 298/298/298
f 296/296/296 282/282/282 222/222/222
f 282/282/282 221/221/221 222/222/222
f 13/13/13 313/313/313 15/15/15
f 313/313/313 324/324/324 15/15/15
f 313/313/313 316/316/316 324/324/324
f 316/316/316 325/325/325 324/324/324
f 328/328/328 327/327/327 326/326/326
f 329/329/329 328/328/328 326/326/326
f 193/193/193 197/197/197 330/330/330
f 196/196/196 193/193/193 330/330/330
f 333/333/333 332/332/332 331/331/331
f 334/334/334 333/333/333 331/331/331
f 336/336/336 335/335/335 278/278/278
f 335/335/335 277/277/277 278/278/278
f 335/335/335 337/337/337 277/277/277
f 337/337/337 275/275/275 277/277/277
f 340/340/340 339/339/339 338/338/338
f 341/341/341 340/340/340 338/338/338
f 341/341/341 342/342/342 340/340/340
f 343/343/343 342/342/342 341/341/341
f 344/344/344 343/343/343 341/341/341
f 342/342/342 345/345/345 340/340/340
f 340/340/340 345/345/345 346/346/346
f 347/347/347 345/345/345 342/342/342
f 348/348/348 347/347/347 342/342/342
f 345/345/345 347/347/347 349/349/349
f 350/350/350 345/345/345 349/349/349
f 345/345/345 350/350/350 346/346/346
f 346/346/346 350/350/350 351/351/351
f 350/350/350 352/352/352 351/351/351
f 351/351/351 352/352/352 353/353/353
f 352/352/352 354/354/354 353/353/353
f 353/353/353 354/354/354 327/327/327
f 328/328/328 353/353/353 327/327/327
f 354/354/354 331/331/331 327/327/327
f 354/354/354 334/334/334 331/331/331
f 355/355/355 267/267/267 269/269/269
f 356/356/356 355/355/355 269/269/269
f 339/339/339 340/340/340 346/346/346
f 357/357/357 339/339/339 346/346/346
f 358/358/358 317/317/317 315/315/315
f 359/359/359 358/358/358 315/315/315
f 359/359/359 315/315/315 314/314/314
f 360/360/360 359/359/359 314/314/314
f 360/360/360 314/314/314 312/312/312
f 361/361/361 360/360/360 312/312/312
f 361/361/361 312/312/312 311/311/311
f 327/327/327 331/331/331 332/332/332
f 326/326/326 327/327/327 332/332/332
f 364/364/364 363/363/363 362/362/362
f 365/365/365 364/364/364 362/362/362
f 366/366/366 364/364/364 365/365/365
f 367/367/367 366/366/366 365/365/365
f 368/368/368 366/366/366 367/367/367
f 369/369/369 368/368/368 367/367/367
f 372/372/372 371/371/371 370/370/370
f 373/373/373 372/372/372 370/370/370
f 374/374/374 372/372/372 373/373/373
f 375/375/375 374/374/374 373/373/373
f 376/376/376 374/374/374 375/375/375
f 377/377/377 376/376/376 375/375/375
f 378/378/378 376/376/376 377/377/377
f 379/379/379 378/378/378 377/377/377
f 382/382/382 381/381/381 380/380/380
f 383/383/383 382/382/382 380/380/380
f 384/384/384 382/382/382 383/383/383
f 385/385/385 384/384/384 383/383/383
f 386/386/386 384/384/384 385/385/385
f 387/387/387 386/386/386 385/385/385
f 390/390/390 389/389/389 388/388/388
f 391/391/391 390/390/390 388/388/388
f 392/392/392 390/390/390 391/391/391
f 393/393/393 392/392/392 391/391/391
f 396/396/396 395/395/395 394/394/394
f 397/397/397 396/396/396 394/394/394
f 398/398/398 397/397/397 394/394/394
f 399/399/399 398/398/398 394/394/394
f 400/400/400 399/399/399 394/394/394
f 401/401/401 400/400/400 394/394/394
f 402/402/402 401/401/401 394/394/394
f 395/395/395 403/403/403 394/394/394
f 403/403/403 404/404/404 394/394/394
f 404/404/404 405/405/405 394/394/394
f 405/405/405 406/406/406 394/394/394
f 406/406/406 402/402/402 394/394/394
f 409/409/409 408/408/408 407/407/407
f 410/410/410 409/409/409 407/407/407
f 411/411/411 409/409/409 410/410/410
f 411/411/411 412/412/412 409/409/409
f 412/412/412 413/413/413 409/409/409
f 414/414/414 411/411/411 410/410/410
f 410/410/410 40/40/40 414/414/414
f 40/40/40 38/38/38 414/414/414
f 407/407/407 415/415/415 410/410/410
f 415/415/415 40/40/40 410/410/410
f 415/415/415 41/41/41 40/40/40
f 41/41/41 39/39/39 40/40/40
f 44/44/44 41/41/41 415/415/415
f 416/416/416 415/415/415 407/407/407
f 416/416/416 44/44/44 415/415/415
f 46/46/46 44/44/44 416/416/416
f 417/417/417 416/416/416 407/407/407
f 418/418/418 46/46/46 416/416/416
f 418/418/418 416/416/416 417/417/417
f 419/419/419 418/418/418 417/417/417
f 422/422/422 421/421/421 420/420/420
f 421/421/421 423/423/423 420/420/420
f 420/420/420 423/423/423 16/16/16
f 421/421/421 424/424/424 423/423/423
f 425/425/425 424/424/424 421/421/421
f 426/426/426 425/425/425 421/421/421
f 424/424/424 427/427/427 423/423/423
f 423/423/423 427/427/427 428/428/428
f 423/423/423 428/428/428 16/16/16
f 427/427/427 429/429/429 428/428/428
f 16/16/16 428/428/428 430/430/430
f 430/430/430 18/18/18 16/16/16
f 428/428/428 431/431/431 430/430/430
f 428/428/428 429/429/429 431/431/431
f 429/429/429 432/432/432 431/431/431
f 431/431/431 432/432/432 433/433/433
f 432/432/432 434/434/434 433/433/433
f 437/437/437 436/436/436 435/435/435
f 435/435/435 436/436/436 438/438/438
f 436/436/436 439/439/439 438/438/438
f 438/438/438 439/439/439 440/440/440
f 436/436/436 441/441/441 439/439/439
f 439/439/439 442/442/442 440/440/440
f 441/441/441 443/443/443 439/439/439
f 439/439/439 443/443/443 442/442/442
f 443/443/443 444/444/444 442/442/442
f 445/445/445 437/437/437 435/435/435
f 435/435/435 446/446/446 445/445/445
f 446/446/446 447/447/447 445/445/445
f 450/450/450 449/449/449 448/448/448
f 451/451/451 450/450/450 448/448/448
f 448/448/448 452/452/452 451/451/451
f 452/452/452 453/453/453 451/451/451
f 452/452/452 454/454/454 453/453/453
f 455/455/455 454/454/454 452/452/452
f 456/456/456 455/455/455 452/452/452
f 455/455/455 457/457/457 454/454/454
f 440/440/440 458/458/458 438/438/438
f 459/459/459 458/458/458 440/440/440
f 459/459/459 460/460/460 458/458/458
f 461/461/461 460/460/460 459/459/459
f 453/453/453 461/461/461 459/459/459
f 462/462/462 459/459/459 440/440/440
f 453/453/453 459/459/459 462/462/462
f 440/440/440 442/442/442 462/462/462
f 451/451/451 453/453/453 462/462/462
f 442/442/442 463/463/463 462/462/462
f 462/462/462 463/463/463 451/451/451
f 442/442/442 444/444/444 463/463/463
f 463/463/463 450/450/450 451/451/451
f 444/444/444 464/464/464 463/463/463
f 463/463/463 464/464/464 450/450/450
f 464/464/464 465/465/465 450/450/450
f 468/468/468 467/467/467 466/466/466
f 469/469/469 468/468/468 466/466/466
f 466/466/466 470/470/470 469/469/469
f 470/470/470 471/471/471 469/469/469
f 469/469/469 471/471/471 472/472/472
f 470/470/470 473/473/473 471/471/471
f 473/473/473 474/474/474 471/471/471
f 471/471/471 475/475/475 472/472/472
f 471/471/471 474/474/474 475/475/475
f 474/474/474 476/476/476 475/475/475
f 475/475/475 476/476/476 477/477/477
f 476/476/476 478/478/478 477/477/477
f 481/481/481 480/480/480 479/479/479
f 481/481/481 482/482/482 480/480/480
f 447/447/447 481/481/481 479/479/479
f 483/483/483 481/481/481 447/447/447
f 446/446/446 483/483/483 447/447/447
f 483/483/483 484/484/484 481/481/481
f 484/484/484 482/482/482 481/481/481
f 485/485/485 483/483/483 446/446/446
f 486/486/486 484/484/484 483/483/483
f 485/485/485 486/486/486 483/483/483
f 487/487/487 485/485/485 446/446/446
f 487/487/487 446/446/446 435/435/435
f 438/438/438 487/487/487 435/435/435
f 458/458/458 487/487/487 438/438/438
f 458/458/458 488/488/488 487/487/487
f 488/488/488 485/485/485 487/487/487
f 460/460/460 488/488/488 458/458/458
f 488/488/488 489/489/489 485/485/485
f 489/489/489 486/486/486 485/485/485
f 460/460/460 490/490/490 488/488/488
f 490/490/490 489/489/489 488/488/488
f 491/491/491 490/490/490 460/460/460
f 461/461/461 491/491/491 460/460/460
f 486/486/486 492/492/492 484/484/484
f 489/489/489 493/493/493 486/486/486
f 493/493/493 492/492/492 486/486/486
f 490/490/490 494/494/494 489/489/489
f 494/494/494 493/493/493 489/489/489
f 492/492/492 495/495/495 484/484/484
f 484/484/484 495/495/495 482/482/482
f 492/492/492 493/493/493 496/496/496
f 493/493/493 494/494/494 496/496/496
f 495/495/495 492/492/492 496/496/496
f 494/494/494 497/497/497 496/496/496
f 497/497/497 494/494/494 490/490/490
f 491/491/491 497/497/497 490/490/490
f 498/498/498 495/495/495 496/496/496
f 495/495/495 498/498/498 482/482/482
f 482/482/482 498/498/498 499/499/499
f 482/482/482 499/499/499 480/480/480
f 498/498/498 500/500/500 499/499/499
f 500/500/500 498/498/498 496/496/496
f 501/501/501 500/500/500 496/496/496
f 502/502/502 501/501/501 496/496/496
f 503/503/503 497/497/497 491/491/491
f 497/497/497 503/503/503 496/496/496
f 504/504/504 503/503/503 491/491/491
f 504/504/504 491/491/491 461/461/461
f 503/503/503 505/505/505 496/496/496
f 505/505/505 503/503/503 504/504/504
f 505/505/505 506/506/506 496/496/496
f 506/506/506 507/507/507 496/496/496
f 457/457/457 505/505/505 504/504/504
f 457/457/457 504/504/504 454/454/454
f 454/454/454 504/504/504 461/461/461
f 454/454/454 461/461/461 453/453/453
f 22/22/22 21/21/21 19/19/19
f 22/22/22 19/19/19 508/508/508
f 509/509/509 22/22/22 508/508/508
f 509/509/509 508/508/508 510/510/510
f 24/24/24 22/22/22 509/509/509
f 511/511/511 509/509/509 510/510/510
f 511/511/511 510/510/510 512/512/512
f 513/513/513 511/511/511 512/512/512
f 514/514/514 24/24/24 509/509/509
f 514/514/514 509/509/509 511/511/511
f 26/26/26 24/24/24 514/514/514
f 515/515/515 511/511/511 513/513/513
f 515/515/515 514/514/514 511/511/511
f 36/36/36 26/26/26 514/514/514
f 36/36/36 514/514/514 515/515/515
f 31/31/31 26/26/26 36/36/36
f 31/31/31 28/28/28 26/26/26
f 37/37/37 36/36/36 515/515/515
f 516/516/516 515/515/515 513/513/513
f 37/37/37 515/515/515 516/516/516
f 513/513/513 517/517/517 516/516/516
f 517/517/517 518/518/518 516/516/516
f 519/519/519 37/37/37 516/516/516
f 516/516/516 518/518/518 519/519/519
f 38/38/38 37/37/37 519/519/519
f 414/414/414 38/38/38 519/519/519
f 518/518/518 520/520/520 519/519/519
f 519/519/519 520/520/520 414/414/414
f 518/518/518 521/521/521 520/520/520
f 520/520/520 411/411/411 414/414/414
f 521/521/521 522/522/522 520/520/520
f 520/520/520 522/522/522 411/411/411
f 522/522/522 412/412/412 411/411/411
f 523/523/523 473/473/473 470/470/470
f 524/524/524 523/523/523 470/470/470
f 527/527/527 526/526/526 525/525/525
f 527/527/527 528/528/528 526/526/526
f 528/528/528 529/529/529 526/526/526
f 530/530/530 528/528/528 527/527/527
f 533/533/533 532/532/532 531/531/531
f 534/534/534 533/533/533 531/531/531
f 537/537/537 536/536/536 535/535/535
f 538/538/538 535/535/535 536/536/536
f 538/538/538 539/539/539 535/535/535
f 542/542/542 541/541/541 540/540/540
f 543/543/543 542/542/542 540/540/540
f 543/543/543 540/540/540 544/544/544
f 545/545/545 543/543/543 544/544/544
f 546/546/546 543/543/543 545/545/545
f 547/547/547 546/546/546 545/545/545
f 547/547/547 545/545/545 548/548/548
f 549/549/549 547/547/547 548/548/548
f 550/550/550 544/544/544 540/540/540
f 551/551/551 550/550/550 540/540/540
f 545/545/545 544/544/544 552/552/552
f 548/548/548 545/545/545 552/552/552
f 549/549/549 548/548/548 537/537/537
f 553/553/553 549/549/549 537/537/537
f 554/554/554 550/550/550 551/551/551
f 555/555/555 554/554/554 551/551/551
f 554/554/554 556/556/556 550/550/550
f 550/550/550 557/557/557 544/544/544
f 556/556/556 557/557/557 550/550/550
f 557/557/557 552/552/552 544/544/544
f 556/556/556 558/558/558 557/557/557
f 558/558/558 559/559/559 557/557/557
f 557/557/557 559/559/559 552/552/552
f 558/558/558 560/560/560 559/559/559
f 560/560/560 538/538/538 559/559/559
f 559/559/559 538/538/538 536/536/536
f 559/559/559 536/536/536 552/552/552
f 548/548/548 552/552/552 536/536/536
f 537/537/537 548/548/548 536/536/536
f 553/553/553 537/537/537 561/561/561
f 562/562/562 553/553/553 561/561/561
f 562/562/562 561/561/561 563/563/563
f 561/561/561 537/537/537 535/535/535
f 563/563/563 561/561/561 564/564/564
f 561/561/561 535/535/535 564/564/564
f 539/539/539 564/564/564 535/535/535
f 567/567/567 566/566/566 565/565/565
f 566/566/566 568/568/568 565/565/565
f 569/569/569 565/565/565 568/568/568
f 570/570/570 569/569/569 568/568/568
f 570/570/570 568/568/568 571/571/571
f 572/572/572 569/569/569 570/570/570
f 573/573/573 572/572/572 570/570/570
f 574/574/574 570/570/570 571/571/571
f 573/573/573 570/570/570 574/574/574
f 575/575/575 573/573/573 574/574/574
f 575/575/575 574/574/574 576/576/576
f 577/577/577 575/575/575 576/576/576
f 580/580/580 579/579/579 578/578/578
f 581/581/581 580/580/580 578/578/578
f 581/581/581 578/578/578 582/582/582
f 583/583/583 580/580/580 581/581/581
f 583/583/583 584/584/584 580/580/580
f 585/585/585 581/581/581 582/582/582
f 585/585/585 582/582/582 586/586/586
f 587/587/587 584/584/584 583/583/583
f 587/587/587 588/588/588 584/584/584
f 589/589/589 583/583/583 581/581/581
f 589/589/589 581/581/581 585/585/585
f 590/590/590 585/585/585 586/586/586
f 590/590/590 586/586/586 591/591/591
f 592/592/592 588/588/588 587/587/587
f 592/592/592 593/593/593 588/588/588
f 594/594/594 592/592/592 587/587/587
f 595/595/595 587/587/587 583/583/583
f 594/594/594 587/587/587 595/595/595
f 595/595/595 583/583/583 589/589/589
f 596/596/596 589/589/589 585/585/585
f 596/596/596 585/585/585 590/590/590
f 597/597/597 590/590/590 591/591/591
f 597/597/597 591/591/591 598/598/598
f 599/599/599 597/597/597 598/598/598
f 600/600/600 594/594/594 595/595/595
f 594/594/594 600/600/600 601/601/601
f 602/602/602 595/595/595 589/589/589
f 600/600/600 595/595/595 602/602/602
f 602/602/602 589/589/589 596/596/596
f 603/603/603 590/590/590 597/597/597
f 603/603/603 596/596/596 590/590/590
f 604/604/604 597/597/597 599/599/599
f 604/604/604 603/603/603 597/597/597
f 605/605/605 604/604/604 599/599/599
f 600/600/600 606/606/606 601/601/601
f 606/606/606 600/600/600 602/602/602
f 607/607/607 602/602/602 596/596/596
f 607/607/607 596/596/596 603/603/603
f 606/606/606 602/602/602 607/607/607
f 606/606/606 608/608/608 601/601/601
f 608/608/608 606/606/606 607/607/607
f 608/608/608 609/609/609 601/601/601
f 610/610/610 607/607/607 603/603/603
f 608/608/608 607/607/607 610/610/610
f 610/610/610 603/603/603 604/604/604
f 609/609/609 608/608/608 610/610/610
f 611/611/611 604/604/604 605/605/605
f 611/611/611 610/610/610 604/604/604
f 609/609/609 610/610/610 611/611/611
f 612/612/612 611/611/611 605/605/605
f 613/613/613 609/609/609 611/611/611
f 613/613/613 611/611/611 612/612/612
f 614/614/614 613/613/613 612/612/612
f 616/616/616 615/615/615 542/542/542
f 617/617/617 616/616/616 542/542/542
f 617/617/617 542/542/542 543/543/543
f 618/618/618 616/616/616 617/617/617
f 546/546/546 617/617/617 543/543/543
f 619/619/619 618/618/618 617/617/617
f 619/619/619 617/617/617 546/546/546
f 620/620/620 618/618/618 619/619/619
f 621/621/621 619/619/619 546/546/546
f 621/621/621 546/546/546 547/547/547
f 622/622/622 620/620/620 619/619/619
f 622/622/622 619/619/619 621/621/621
f 623/623/623 621/621/621 547/547/547
f 623/623/623 547/547/547 549/549/549
f 620/620/620 622/622/622 624/624/624
f 625/625/625 620/620/620 624/624/624
f 626/626/626 625/625/625 624/624/624
f 622/622/622 627/627/627 624/624/624
f 627/627/627 622/622/622 621/621/621
f 627/627/627 621/621/621 623/623/623
f 627/627/627 628/628/628 624/624/624
f 628/628/628 627/627/627 623/623/623
f 629/629/629 623/623/623 549/549/549
f 628/628/628 623/623/623 629/629/629
f 629/629/629 549/549/549 553/553/553
f 630/630/630 628/628/628 629/629/629
f 628/628/628 630/630/630 624/624/624
f 631/631/631 629/629/629 553/553/553
f 630/630/630 629/629/629 631/631/631
f 631/631/631 553/553/553 562/562/562
f 632/632/632 630/630/630 631/631/631
f 630/630/630 632/632/632 624/624/624
f 633/633/633 631/631/631 562/562/562
f 632/632/632 631/631/631 633/633/633
f 632/632/632 634/634/634 624/624/624
f 634/634/634 632/632/632 633/633/633
f 633/633/633 562/562/562 635/635/635
f 635/635/635 562/562/562 563/563/563
f 635/635/635 563/563/563 636/636/636
f 637/637/637 635/635/635 636/636/636
f 638/638/638 633/633/633 635/635/635
f 638/638/638 635/635/635 637/637/637
f 634/634/634 633/633/633 638/638/638
f 639/639/639 638/638/638 637/637/637
f 640/640/640 634/634/634 638/638/638
f 640/640/640 638/638/638 639/639/639
f 634/634/634 640/640/640 624/624/624
f 641/641/641 640/640/640 639/639/639
f 640/640/640 641/641/641 624/624/624
f 641/641/641 642/642/642 624/624/624
f 642/642/642 643/643/643 624/624/624
f 593/593/593 644/644/644 588/588/588
f 588/588/588 644/644/644 645/645/645
f 644/644/644 530/530/530 645/645/645
f 588/588/588 645/645/645 584/584/584
f 645/645/645 530/530/530 527/527/527
f 584/584/584 645/645/645 646/646/646
f 645/645/645 527/527/527 646/646/646
f 584/584/584 646/646/646 580/580/580
f 646/646/646 527/527/527 525/525/525
f 580/580/580 646/646/646 579/579/579
f 646/646/646 525/525/525 579/579/579
f 647/647/647 579/579/579 525/525/525
f 648/648/648 647/647/647 525/525/525
f 647/647/647 649/649/649 579/579/579
f 649/649/649 578/578/578 579/579/579
f 650/650/650 649/649/649 647/647/647
f 651/651/651 650/650/650 647/647/647
f 650/650/650 652/652/652 649/649/649
f 649/649/649 653/653/653 578/578/578
f 652/652/652 653/653/653 649/649/649
f 653/653/653 582/582/582 578/578/578
f 652/652/652 654/654/654 653/653/653
f 654/654/654 655/655/655 653/653/653
f 658/658/658 657/657/657 656/656/656
f 659/659/659 658/658/658 656/656/656
f 659/659/659 656/656/656 531/531/531
f 660/660/660 659/659/659 531/531/531
f 660/660/660 531/531/531 532/532/532
f 661/661/661 659/659/659 660/660/660
f 662/662/662 661/661/661 660/660/660
f 663/663/663 660/660/660 532/532/532
f 662/662/662 660/660/660 663/663/663
f 664/664/664 662/662/662 663/663/663
f 664/664/664 663/663/663 665/665/665
f 666/666/666 664/664/664 665/665/665
f 551/551/551 540/540/540 541/541/541
f 667/667/667 551/551/551 541/541/541
f 668/668/668 591/591/591 586/586/586
f 655/655/655 668/668/668 586/586/586
f 655/655/655 586/586/586 582/582/582
f 653/653/653 655/655/655 582/582/582
f 670/670/670 669/669/669 658/658/658
f 671/671/671 670/670/670 658/658/658
f 671/671/671 658/658/658 659/659/659
f 661/661/661 671/671/671 659/659/659
f 673/673/673 672/672/672 569/569/569
f 572/572/572 673/673/673 569/569/569
f 676/676/676 675/675/675 674/674/674
f 675/675/675 677/677/677 674/674/674
f 674/674/674 677/677/677 678/678/678
f 677/677/677 679/679/679 678/678/678
f 678/678/678 679/679/679 680/680/680
f 679/679/679 681/681/681 680/680/680
f 680/680/680 681/681/681 682/682/682
f 681/681/681 683/683/683 682/682/682
f 682/682/682 683/683/683 684/684/684
f 683/683/683 685/685/685 684/684/684
f 684/684/684 685/685/685 686/686/686
f 685/685/685 687/687/687 686/686/686
f 690/690/690 689/689/689 688/688/688
f 691/691/691 690/690/690 688/688/688
f 692/692/692 690/690/690 691/691/691
f 693/693/693 692/692/692 691/691/691
f 694/694/694 692/692/692 693/693/693
f 695/695/695 694/694/694 693/693/693
f 696/696/696 694/694/694 695/695/695
f 697/697/697 696/696/696 695/695/695
f 698/698/698 696/696/696 697/697/697
f 699/699/699 698/698/698 697/697/697
f 700/700/700 698/698/698 699/699/699
f 701/701/701 700/700/700 699/699/699
f 702/702/702 700/700/700 701/701/701
f 703/703/703 702/702/702 701/701/701
f 704/704/704 702/702/702 703/703/703
f 705/705/705 704/704/704 703/703/703
f 706/706/706 704/704/704 705/705/705
f 707/707/707 706/706/706 705/705/705
f 708/708/708 706/706/706 707/707/707
f 709/709/709 708/708/708 707/707/707
f 712/712/712 711/711/711 710/710/710
f 710/710/710 711/711/711 713/713/713
f 711/711/711 714/714/714 713/713/713
f 713/713/713 714/714/714 715/715/715
f 714/714/714 716/716/716 715/715/715
f 717/717/717 712/712/712 710/710/710
f 718/718/718 712/712/712 717/717/717
f 719/719/719 718/718/718 717/717/717
f 720/720/720 49/49/49 47/47/47
f 721/721/721 49/49/49 720/720/720
f 722/722/722 721/721/721 720/720/720
f 723/723/723 721/721/721 722/722/722
f 724/724/724 723/723/723 722/722/722
f 725/725/725 723/723/723 724/724/724
f 726/726/726 725/725/725 724/724/724
f 727/727/727 725/725/725 726/726/726
f 728/728/728 727/727/727 726/726/726
f 729/729/729 727/727/727 728/728/728
f 730/730/730 729/729/729 728/728/728
f 733/733/733 732/732/732 731/731/731
f 734/734/734 733/733/733 731/731/731
f 716/716/716 733/733/733 734/734/734
f 715/715/715 716/716/716 734/734/734
f 737/737/737 736/736/736 735/735/735
f 736/736/736 738/738/738 735/735/735
f 738/738/738 739/739/739 735/735/735
f 739/739/739 740/740/740 735/735/735
f 743/743/743 742/742/742 741/741/741
f 744/744/744 743/743/743 741/741/741
f 743/743/743 744/744/744 745/745/745
f 746/746/746 743/743/743 745/745/745
f 745/745/745 744/744/744 747/747/747
f 744/744/744 748/748/748 747/747/747
f 751/751/751 750/750/750 749/749/749
f 751/751/751 752/752/752 750/750/750
f 752/752/752 753/753/753 750/750/750
f 752/752/752 751/751/751 754/754/754
f 755/755/755 752/752/752 754/754/754
f 756/756/756 52/52/52 50/50/50
f 52/52/52 756/756/756 757/757/757
f 53/53/53 52/52/52 757/757/757
f 760/760/760 759/759/759 758/758/758
f 759/759/759 761/761/761 758/758/758
f 759/759/759 762/762/762 761/761/761
f 762/762/762 759/759/759 763/763/763
f 762/762/762 764/764/764 761/761/761
f 765/765/765 762/762/762 763/763/763
f 762/762/762 766/766/766 764/764/764
f 766/766/766 762/762/762 765/765/765
f 766/766/766 767/767/767 764/764/764
f 768/768/768 766/766/766 765/765/765
f 770/770/770 737/737/737 769/769/769
f 737/737/737 771/771/771 769/769/769
f 769/769/769 771/771/771 768/768/768
f 771/771/771 766/766/766 768/768/768
f 767/767/767 766/766/766 771/771/771
f 771/771/771 737/737/737 772/772/772
f 772/772/772 767/767/767 771/771/771
f 737/737/737 735/735/735 772/772/772
f 735/735/735 740/740/740 772/772/772
f 740/740/740 773/773/773 772/772/772
f 772/772/772 773/773/773 767/767/767
f 773/773/773 774/774/774 767/767/767
f 777/777/777 776/776/776 775/775/775
f 776/776/776 777/777/777 778/778/778
f 777/777/777 779/779/779 778/778/778
f 779/779/779 780/780/780 778/778/778
f 781/781/781 780/780/780 779/779/779
f 749/749/749 781/781/781 779/779/779
f 780/780/780 782/782/782 778/778/778
f 778/778/778 782/782/782 783/783/783
f 782/782/782 784/784/784 783/783/783
f 785/785/785 777/777/777 775/775/775
f 786/786/786 777/777/777 785/785/785
f 777/777/777 786/786/786 779/779/779
f 786/786/786 749/749/749 779/779/779
f 787/787/787 786/786/786 785/785/785
f 786/786/786 751/751/751 749/749/749
f 751/751/751 786/786/786 787/787/787
f 754/754/754 751/751/751 787/787/787
f 788/788/788 781/781/781 749/749/749
f 750/750/750 788/788/788 749/749/749
f 789/789/789 788/788/788 750/750/750
f 753/753/753 789/789/789 750/750/750
f 790/790/790 789/789/789 753/753/753
f 791/791/791 790/790/790 753/753/753
f 793/793/793 792/792/792 758/758/758
f 761/761/761 793/793/793 758/758/758
f 794/794/794 793/793/793 761/761/761
f 764/764/764 794/794/794 761/761/761
f 774/774/774 794/794/794 764/764/764
f 767/767/767 774/774/774 764/764/764
f 797/797/797 796/796/796 795/795/795
f 796/796/796 798/798/798 795/795/795
f 796/796/796 799/799/799 798/798/798
f 799/799/799 800/800/800 798/798/798
f 802/802/802 801/801/801 800/800/800
f 799/799/799 802/802/802 800/800/800
f 805/805/805 804/804/804 803/803/803
f 806/806/806 805/805/805 803/803/803
f 805/805/805 807/807/807 804/804/804
f 807/807/807 808/808/808 804/804/804
f 807/807/807 809/809/809 808/808/808
f 809/809/809 810/810/810 808/808/808
f 812/812/812 811/811/811 810/810/810
f 809/809/809 812/812/812 810/810/810
f 815/815/815 814/814/814 813/813/813
f 816/816/816 815/815/815 813/813/813
f 815/815/815 817/817/817 814/814/814
f 817/817/817 818/818/818 814/814/814
f 817/817/817 819/819/819 818/818/818
f 819/819/819 820/820/820 818/818/818
f 823/823/823 822/822/822 821/821/821
f 822/822/822 824/824/824 821/821/821
f 822/822/822 825/825/825 824/824/824
f 825/825/825 826/826/826 824/824/824
f 829/829/829 828/828/828 827/827/827
f 828/828/828 830/830/830 827/827/827
f 830/830/830 831/831/831 827/827/827
f 831/831/831 832/832/832 827/827/827
f 832/832/832 833/833/833 827/827/827
f 833/833/833 834/834/834 827/827/827
f 834/834/834 835/835/835 827/827/827
f 836/836/836 829/829/829 827/827/827
f 837/837/837 836/836/836 827/827/827
f 838/838/838 837/837/837 827/827/827
f 839/839/839 838/838/838 827/827/827
f 835/835/835 839/839/839 827/827/827
f 842/842/842 841/841/841 840/840/840
f 841/841/841 843/843/843 840/840/840
f 844/844/844 840/840/840 843/843/843
f 844/844/844 845/845/845 840/840/840
f 845/845/845 846/846/846 840/840/840
f 845/845/845 847/847/847 846/846/846
f 847/847/847 848/848/848 846/846/846
f 849/849/849 847/847/847 845/845/845
f 852/852/852 851/851/851 850/850/850
f 853/853/853 852/852/852 850/850/850
f 853/853/853 850/850/850 854/854/854
f 855/855/855 852/852/852 853/853/853
f 855/855/855 856/856/856 852/852/852
f 856/856/856 857/857/857 852/852/852
f 858/858/858 855/855/855 853/853/853
f 858/858/858 853/853/853 859/859/859
f 859/859/859 853/853/853 854/854/854
f 860/860/860 858/858/858 859/859/859
f 860/860/860 859/859/859 861/861/861
f 862/862/862 860/860/860 861/861/861
f 861/861/861 859/859/859 863/863/863
f 859/859/859 854/854/854 863/863/863
f 864/864/864 863/863/863 854/854/854
f 865/865/865 864/864/864 854/854/854
f 868/868/868 867/867/867 866/866/866
f 869/869/869 868/868/868 866/866/866
f 869/869/869 866/866/866 870/870/870
f 871/871/871 869/869/869 870/870/870
f 872/872/872 869/869/869 871/871/871
f 873/873/873 872/872/872 871/871/871
f 873/873/873 871/871/871 874/874/874
f 875/875/875 873/873/873 874/874/874
f 871/871/871 870/870/870 876/876/876
f 874/874/874 871/871/871 876/876/876
f 875/875/875 874/874/874 877/877/877
f 878/878/878 875/875/875 877/877/877
f 877/877/877 874/874/874 879/879/879
f 874/874/874 876/876/876 879/879/879
f 880/880/880 879/879/879 876/876/876
f 881/881/881 880/880/880 876/876/876
f 881/881/881 876/876/876 870/870/870
f 882/882/882 881/881/881 870/870/870
f 885/885/885 884/884/884 883/883/883
f 884/884/884 886/886/886 883/883/883
f 887/887/887 883/883/883 886/886/886
f 884/884/884 877/877/877 886/886/886
f 878/878/878 877/877/877 884/884/884
f 888/888/888 878/878/878 884/884/884
f 877/877/877 879/879/879 886/886/886
f 889/889/889 886/886/886 879/879/879
f 889/889/889 887/887/887 886/886/886
f 880/880/880 889/889/889 879/879/879
f 890/890/890 889/889/889 880/880/880
f 891/891/891 890/890/890 880/880/880
f 892/892/892 887/887/887 889/889/889
f 890/890/890 892/892/892 889/889/889
f 892/892/892 893/893/893 887/887/887
f 893/893/893 894/894/894 887/887/887
f 895/895/895 893/893/893 892/892/892
f 896/896/896 892/892/892 890/890/890
f 897/897/897 896/896/896 890/890/890
f 898/898/898 896/896/896 897/897/897
f 899/899/899 898/898/898 897/897/897
f 902/902/902 901/901/901 900/900/900
f 903/903/903 902/902/902 900/900/900
f 903/903/903 900/900/900 904/904/904
f 905/905/905 903/903/903 904/904/904
f 906/906/906 903/903/903 905/905/905
f 907/907/907 906/906/906 905/905/905
f 905/905/905 904/904/904 908/908/908
f 907/907/907 905/905/905 909/909/909
f 910/910/910 908/908/908 904/904/904
f 911/911/911 910/910/910 904/904/904
f 912/912/912 910/910/910 911/911/911
f 913/913/913 907/907/907 909/909/909
f 913/913/913 909/909/909 841/841/841
f 914/914/914 913/913/913 841/841/841
f 909/909/909 905/905/905 908/908/908
f 909/909/909 908/908/908 843/843/843
f 841/841/841 909/909/909 843/843/843
f 915/915/915 843/843/843 908/908/908
f 910/910/910 915/915/915 908/908/908
f 915/915/915 844/844/844 843/843/843
f 916/916/916 915/915/915 910/910/910
f 912/912/912 916/916/916 910/910/910
f 917/917/917 844/844/844 915/915/915
f 916/916/916 917/917/917 915/915/915
f 917/917/917 918/918/918 844/844/844
f 918/918/918 845/845/845 844/844/844
f 918/918/918 849/849/849 845/845/845
f 919/919/919 849/849/849 918/918/918
f 920/920/920 919/919/919 918/918/918
f 920/920/920 918/918/918 917/917/917
f 921/921/921 919/919/919 920/920/920
f 922/922/922 921/921/921 920/920/920
f 923/923/923 920/920/920 917/917/917
f 922/922/922 920/920/920 923/923/923
f 923/923/923 917/917/917 916/916/916
f 924/924/924 922/922/922 923/923/923
f 925/925/925 923/923/923 916/916/916
f 924/924/924 923/923/923 925/925/925
f 925/925/925 916/916/916 912/912/912
f 926/926/926 924/924/924 925/925/925
f 924/924/924 926/926/926 927/927/927
f 928/928/928 925/925/925 912/912/912
f 926/926/926 925/925/925 928/928/928
f 926/926/926 929/929/929 927/927/927
f 929/929/929 926/926/926 928/928/928
f 928/928/928 912/912/912 930/930/930
f 930/930/930 912/912/912 911/911/911
f 929/929/929 931/931/931 927/927/927
f 931/931/931 932/932/932 927/927/927
f 929/929/929 928/928/928 933/933/933
f 933/933/933 928/928/928 930/930/930
f 931/931/931 929/929/929 933/933/933
f 932/932/932 931/931/931 934/934/934
f 931/931/931 933/933/933 934/934/934
f 933/933/933 930/930/930 935/935/935
f 934/934/934 933/933/933 935/935/935
f 935/935/935 930/930/930 936/936/936
f 934/934/934 935/935/935 937/937/937
f 938/938/938 934/934/934 937/937/937
f 932/932/932 934/934/934 938/938/938
f 939/939/939 932/932/932 938/938/938
f 939/939/939 938/938/938 940/940/940
f 941/941/941 939/939/939 940/940/940
f 942/942/942 866/866/866 867/867/867
f 943/943/943 942/942/942 867/867/867
f 944/944/944 942/942/942 943/943/943
f 882/882/882 870/870/870 866/866/866
f 942/942/942 882/882/882 866/866/866
f 945/945/945 882/882/882 942/942/942
f 944/944/944 945/945/945 942/942/942
f 945/945/945 946/946/946 882/882/882
f 946/946/946 881/881/881 882/882/882
f 946/946/946 891/891/891 881/881/881
f 891/891/891 880/880/880 881/881/881
f 947/947/947 946/946/946 945/945/945
f 948/948/948 891/891/891 946/946/946
f 947/947/947 948/948/948 946/946/946
f 948/948/948 897/897/897 891/891/891
f 897/897/897 890/890/890 891/891/891
f 899/899/899 897/897/897 948/948/948
f 949/949/949 899/899/899 948/948/948
f 949/949/949 948/948/948 947/947/947
f 950/950/950 947/947/947 945/945/945
f 950/950/950 945/945/945 944/944/944
f 899/899/899 949/949/949 951/951/951
f 898/898/898 899/899/899 951/951/951
f 952/952/952 949/949/949 947/947/947
f 949/949/949 952/952/952 951/951/951
f 952/952/952 947/947/947 950/950/950
f 953/953/953 898/898/898 951/951/951
f 954/954/954 953/953/953 951/951/951
f 955/955/955 954/954/954 951/951/951
f 898/898/898 953/953/953 896/896/896
f 953/953/953 895/895/895 896/896/896
f 896/896/896 895/895/895 892/892/892
f 956/956/956 952/952/952 950/950/950
f 952/952/952 956/956/956 951/951/951
f 957/957/957 950/950/950 944/944/944
f 956/956/956 950/950/950 957/957/957
f 956/956/956 958/958/958 951/951/951
f 958/958/958 956/956/956 957/957/957
f 957/957/957 944/944/944 959/959/959
f 959/959/959 944/944/944 943/943/943
f 959/959/959 943/943/943 960/960/960
f 961/961/961 959/959/959 960/960/960
f 962/962/962 957/957/957 959/959/959
f 962/962/962 959/959/959 961/961/961
f 958/958/958 957/957/957 962/962/962
f 963/963/963 962/962/962 961/961/961
f 964/964/964 958/958/958 962/962/962
f 964/964/964 962/962/962 963/963/963
f 958/958/958 964/964/964 951/951/951
f 965/965/965 964/964/964 963/963/963
f 964/964/964 965/965/965 951/951/951
f 965/965/965 966/966/966 951/951/951
f 966/966/966 967/967/967 951/951/951
f 970/970/970 969/969/969 968/968/968
f 969/969/969 971/971/971 968/968/968
f 972/972/972 968/968/968 971/971/971
f 973/973/973 972/972/972 971/971/971
f 973/973/973 971/971/971 974/974/974
f 975/975/975 973/973/973 974/974/974
f 976/976/976 973/973/973 975/975/975
f 977/977/977 976/976/976 975/975/975
f 976/976/976 978/978/978 973/973/973
f 978/978/978 972/972/972 973/973/973
f 978/978/978 979/979/979 972/972/972
f 979/979/979 980/980/980 972/972/972
f 911/911/911 904/904/904 900/900/900
f 936/936/936 911/911/911 900/900/900
f 930/930/930 911/911/911 936/936/936
f 936/936/936 900/900/900 901/901/901
f 981/981/981 936/936/936 901/901/901
f 981/981/981 901/901/901 982/982/982
f 935/935/935 936/936/936 981/981/981
f 983/983/983 981/981/981 982/982/982
f 937/937/937 935/935/935 981/981/981
f 937/937/937 981/981/981 983/983/983
f 984/984/984 937/937/937 983/983/983
f 938/938/938 937/937/937 984/984/984
f 940/940/940 938/938/938 984/984/984
f 862/862/862 861/861/861 985/985/985
f 986/986/986 862/862/862 985/985/985
f 977/977/977 975/975/975 987/987/987
f 988/988/988 977/977/977 987/987/987
f 56/56/56 990/990/990 989/989/989
f 990/990/990 991/991/991 989/989/989
f 989/989/989 991/991/991 992/992/992
f 992/992/992 993/993/993 989/989/989
f 993/993/993 994/994/994 989/989/989
f 995/995/995 993/993/993 992/992/992
f 996/996/996 995/995/995 992/992/992
f 995/995/995 997/997/997 993/993/993
f 997/997/997 998/998/998 993/993/993
f 57/57/57 990/990/990 56/56/56
f 57/57/57 999/999/999 990/990/990
f 999/999/999 1000/1000/1000 990/990/990
f 999/999/999 1001/1001/1001 1000/1000/1000
f 990/990/990 1000/1000/1000 991/991/991
f 1001/1001/1001 1002/1002/1002 1000/1000/1000
f 1001/1001/1001 1003/1003/1003 1002/1002/1002
f 1003/1003/1003 1004/1004/1004 1002/1002/1002
f 1000/1000/1000 1005/1005/1005 991/991/991
f 1000/1000/1000 1002/1002/1002 1005/1005/1005
f 1002/1002/1002 1004/1004/1004 1006/1006/1006
f 1002/1002/1002 1006/1006/1006 1005/1005/1005
f 1004/1004/1004 1007/1007/1007 1006/1006/1006
f 991/991/991 1005/1005/1005 1008/1008/1008
f 991/991/991 1008/1008/1008 992/992/992
f 992/992/992 1008/1008/1008 996/996/996
f 1005/1005/1005 1006/1006/1006 1009/1009/1009
f 1005/1005/1005 1009/1009/1009 1008/1008/1008
f 1008/1008/1008 1010/1010/1010 996/996/996
f 1008/1008/1008 1009/1009/1009 1010/1010/1010
f 996/996/996 1010/1010/1010 1011/1011/1011
f 1010/1010/1010 1012/1012/1012 1011/1011/1011
f 1006/1006/1006 1007/1007/1007 1013/1013/1013
f 1006/1006/1006 1013/1013/1013 1009/1009/1009
f 1009/1009/1009 1014/1014/1014 1010/1010/1010
f 1010/1010/1010 1014/1014/1014 1012/1012/1012
f 1009/1009/1009 1013/1013/1013 1014/1014/1014
f 1007/1007/1007 1015/1015/1015 1013/1013/1013
f 1015/1015/1015 1007/1007/1007 1016/1016/1016
f 1014/1014/1014 1017/1017/1017 1012/1012/1012
f 1012/1012/1012 1017/1017/1017 1018/1018/1018
f 1013/1013/1013 1019/1019/1019 1014/1014/1014
f 1013/1013/1013 1015/1015/1015 1019/1019/1019
f 1014/1014/1014 1019/1019/1019 1017/1017/1017
f 1020/1020/1020 1015/1015/1015 1016/1016/1016
f 1015/1015/1015 1020/1020/1020 1019/1019/1019
f 1017/1017/1017 1021/1021/1021 1018/1018/1018
f 1018/1018/1018 1021/1021/1021 1022/1022/1022
f 1019/1019/1019 1023/1023/1023 1017/1017/1017
f 1019/1019/1019 1020/1020/1020 1023/1023/1023
f 1017/1017/1017 1023/1023/1023 1021/1021/1021
f 1024/1024/1024 1020/1020/1020 1016/1016/1016
f 1020/1020/1020 1024/1024/1024 1023/1023/1023
f 1025/1025/1025 1024/1024/1024 1016/1016/1016
f 1023/1023/1023 1024/1024/1024 1026/1026/1026
f 1023/1023/1023 1026/1026/1026 1021/1021/1021
f 1024/1024/1024 1025/1025/1025 1026/1026/1026
f 1021/1021/1021 1027/1027/1027 1022/1022/1022
f 1021/1021/1021 1026/1026/1026 1027/1027/1027
f 1026/1026/1026 1025/1025/1025 1028/1028/1028
f 1026/1026/1026 1028/1028/1028 1027/1027/1027
f 1025/1025/1025 1029/1029/1029 1028/1028/1028
f 1022/1022/1022 1027/1027/1027 1030/1030/1030
f 1022/1022/1022 1030/1030/1030 1031/1031/1031
f 1027/1027/1027 1032/1032/1032 1030/1030/1030
f 1027/1027/1027 1028/1028/1028 1032/1032/1032
f 1028/1028/1028 1033/1033/1033 1032/1032/1032
f 1028/1028/1028 1029/1029/1029 1033/1033/1033
f 1029/1029/1029 1034/1034/1034 1033/1033/1033
f 1037/1037/1037 1036/1036/1036 1035/1035/1035
f 1038/1038/1038 1037/1037/1037 1035/1035/1035
f 1035/1035/1035 1039/1039/1039 1038/1038/1038
f 1039/1039/1039 1040/1040/1040 1038/1038/1038
f 83/83/83 1039/1039/1039 1035/1035/1035
f 77/77/77 83/83/83 1035/1035/1035
f 78/78/78 83/83/83 77/77/77
f 83/83/83 84/84/84 1039/1039/1039
f 84/84/84 1041/1041/1041 1039/1039/1039
f 1039/1039/1039 1041/1041/1041 1040/1040/1040
f 1041/1041/1041 1042/1042/1042 1040/1040/1040
f 1040/1040/1040 1042/1042/1042 1043/1043/1043
f 1042/1042/1042 1044/1044/1044 1043/1043/1043
f 1046/1046/1046 76/76/76 1045/1045/1045
f 1047/1047/1047 1046/1046/1046 1045/1045/1045
f 1045/1045/1045 1048/1048/1048 1047/1047/1047
f 1048/1048/1048 1049/1049/1049 1047/1047/1047
f 1047/1047/1047 1049/1049/1049 1050/1050/1050
f 1053/1053/1053 1052/1052/1052 1051/1051/1051
f 1053/1053/1053 1054/1054/1054 1052/1052/1052
f 1054/1054/1054 1055/1055/1055 1052/1052/1052
f 1056/1056/1056 1054/1054/1054 1053/1053/1053
f 1057/1057/1057 1056/1056/1056 1053/1053/1053
f 1056/1056/1056 1058/1058/1058 1054/1054/1054
f 1054/1054/1054 1059/1059/1059 1055/1055/1055
f 1058/1058/1058 1059/1059/1059 1054/1054/1054
f 1058/1058/1058 1060/1060/1060 1059/1059/1059
f 1059/1059/1059 1061/1061/1061 1055/1055/1055
f 1060/1060/1060 1062/1062/1062 1059/1059/1059
f 1059/1059/1059 1062/1062/1062 1061/1061/1061
f 1062/1062/1062 1063/1063/1063 1061/1061/1061
f 1064/1064/1064 1053/1053/1053 1051/1051/1051
f 1051/1051/1051 1065/1065/1065 1064/1064/1064
f 1065/1065/1065 1066/1066/1066 1064/1064/1064
f 1067/1067/1067 1065/1065/1065 1051/1051/1051
f 1067/1067/1067 1068/1068/1068 1065/1065/1065
f 1068/1068/1068 1069/1069/1069 1065/1065/1065
f 1070/1070/1070 1068/1068/1068 1067/1067/1067
f 1071/1071/1071 1067/1067/1067 1051/1051/1051
f 1051/1051/1051 1052/1052/1052 1071/1071/1071
f 1072/1072/1072 1070/1070/1070 1067/1067/1067
f 1072/1072/1072 1067/1067/1067 1071/1071/1071
f 1073/1073/1073 1070/1070/1070 1072/1072/1072
f 1052/1052/1052 1074/1074/1074 1071/1071/1071
f 1052/1052/1052 1055/1055/1055 1074/1074/1074
f 1075/1075/1075 1072/1072/1072 1071/1071/1071
f 1071/1071/1071 1074/1074/1074 1075/1075/1075
f 1076/1076/1076 1073/1073/1073 1072/1072/1072
f 1076/1076/1076 1072/1072/1072 1075/1075/1075
f 1077/1077/1077 1073/1073/1073 1076/1076/1076
f 1049/1049/1049 1077/1077/1077 1076/1076/1076
f 1049/1049/1049 1076/1076/1076 1050/1050/1050
f 1050/1050/1050 1076/1076/1076 1075/1075/1075
f 1055/1055/1055 1078/1078/1078 1074/1074/1074
f 1055/1055/1055 1061/1061/1061 1078/1078/1078
f 1074/1074/1074 1079/1079/1079 1075/1075/1075
f 1075/1075/1075 1079/1079/1079 1050/1050/1050
f 1074/1074/1074 1078/1078/1078 1079/1079/1079
f 1061/1061/1061 1080/1080/1080 1078/1078/1078
f 1061/1061/1061 1063/1063/1063 1080/1080/1080
f 1079/1079/1079 1081/1081/1081 1050/1050/1050
f 1050/1050/1050 1081/1081/1081 1047/1047/1047
f 1081/1081/1081 1046/1046/1046 1047/1047/1047
f 1078/1078/1078 1082/1082/1082 1079/1079/1079
f 1079/1079/1079 1082/1082/1082 1081/1081/1081
f 1078/1078/1078 1080/1080/1080 1082/1082/1082
f 1081/1081/1081 1083/1083/1083 1046/1046/1046
f 1082/1082/1082 1083/1083/1083 1081/1081/1081
f 1080/1080/1080 1084/1084/1084 1082/1082/1082
f 1082/1082/1082 1084/1084/1084 1083/1083/1083
f 1083/1083/1083 73/73/73 1046/1046/1046
f 1046/1046/1046 73/73/73 76/76/76
f 1083/1083/1083 72/72/72 73/73/73
f 1084/1084/1084 72/72/72 1083/1083/1083
f 1063/1063/1063 1085/1085/1085 1080/1080/1080
f 1080/1080/1080 1085/1085/1085 1084/1084/1084
f 1084/1084/1084 1086/1086/1086 72/72/72
f 1085/1085/1085 1086/1086/1086 1084/1084/1084
f 1086/1086/1086 68/68/68 72/72/72
f 68/68/68 1086/1086/1086 59/59/59
f 1086/1086/1086 1085/1085/1085 59/59/59
f 1085/1085/1085 1063/1063/1063 59/59/59
f 1063/1063/1063 1062/1062/1062 59/59/59
f 1062/1062/1062 1060/1060/1060 59/59/59
f 1060/1060/1060 61/61/61 59/59/59
f 1088/1088/1088 1087/1087/1087 87/87/87
f 85/85/85 1088/1088/1088 87/87/87
f 1089/1089/1089 1022/1022/1022 1031/1031/1031
f 1018/1018/1018 1022/1022/1022 1089/1089/1089
f 1090/1090/1090 1018/1018/1018 1089/1089/1089
f 1089/1089/1089 1091/1091/1091 1090/1090/1090
f 1012/1012/1012 1018/1018/1018 1090/1090/1090
f 1091/1091/1091 1092/1092/1092 1090/1090/1090
f 1011/1011/1011 1012/1012/1012 1090/1090/1090
f 1090/1090/1090 1092/1092/1092 1011/1011/1011
f 1092/1092/1092 1093/1093/1093 1011/1011/1011
f 1011/1011/1011 1093/1093/1093 996/996/996
f 1092/1092/1092 1094/1094/1094 1093/1093/1093
f 1093/1093/1093 995/995/995 996/996/996
f 1094/1094/1094 1095/1095/1095 1093/1093/1093
f 1093/1093/1093 1095/1095/1095 995/995/995
f 1095/1095/1095 997/997/997 995/995/995
f 1098/1098/1098 1097/1097/1097 1096/1096/1096
f 1099/1099/1099 1098/1098/1098 1096/1096/1096
f 1100/1100/1100 1098/1098/1098 1099/1099/1099
f 1101/1101/1101 1100/1100/1100 1099/1099/1099
f 1101/1101/1101 1099/1099/1099 1102/1102/1102
f 88/88/88 1100/1100/1100 1101/1101/1101
f 85/85/85 1101/1101/1101 1102/1102/1102
f 86/86/86 88/88/88 1101/1101/1101
f 86/86/86 1101/1101/1101 85/85/85
f 1105/1105/1105 1104/1104/1104 1103/1103/1103
f 1106/1106/1106 1105/1105/1105 1103/1103/1103
f 1106/1106/1106 1103/1103/1103 1107/1107/1107
f 1108/1108/1108 1106/1106/1106 1107/1107/1107
f 1108/1108/1108 1107/1107/1107 1109/1109/1109
f 1110/1110/1110 1108/1108/1108 1109/1109/1109
f 1110/1110/1110 1109/1109/1109 1111/1111/1111
f 1112/1112/1112 1110/1110/1110 1111/1111/1111
f 1112/1112/1112 1111/1111/1111 1113/1113/1113
f 1114/1114/1114 1112/1112/1112 1113/1113/1113
f 1114/1114/1114 1113/1113/1113 1115/1115/1115
f 1116/1116/1116 1114/1114/1114 1115/1115/1115
f 1119/1119/1119 1118/1118/1118 1117/1117/1117
f 1118/1118/1118 1120/1120/1120 1117/1117/1117
f 1118/1118/1118 1121/1121/1121 1120/1120/1120
f 1121/1121/1121 1122/1122/1122 1120/1120/1120
f 1121/1121/1121 1123/1123/1123 1122/1122/1122
f 1123/1123/1123 1124/1124/1124 1122/1122/1122
f 1123/1123/1123 1125/1125/1125 1124/1124/1124
f 1125/1125/1125 1126/1126/1126 1124/1124/1124
f 1125/1125/1125 1127/1127/1127 1126/1126/1126
f 1127/1127/1127 1128/1128/1128 1126/1126/1126
f 1127/1127/1127 1129/1129/1129 1128/1128/1128
f 1129/1129/1129 1130/1130/1130 1128/1128/1128
f 1129/1129/1129 1131/1131/1131 1130/1130/1130
f 1131/1131/1131 1132/1132/1132 1130/1130/1130
f 1131/1131/1131 1133/1133/1133 1132/1132/1132
f 1133/1133/1133 1134/1134/1134 1132/1132/1132
f 1133/1133/1133 1135/1135/1135 1134/1134/1134
f 1135/1135/1135 1136/1136/1136 1134/1134/1134
f 1135/1135/1135 1137/1137/1137 1136/1136/1136
f 1137/1137/1137 1138/1138/1138 1136/1136/1136
f 1140/1140/1140 1139/1139/1139 102/102/102
f 101/101/101 1140/1140/1140 102/102/102
f 1143/1143/1143 1142/1142/1142 1141/1141/1141
f 1142/1142/1142 1144/1144/1144 1141/1141/1141
f 1142/1142/1142 1145/1145/1145 1144/1144/1144
f 1145/1145/1145 1146/1146/1146 1144/1144/1144
f 1145/1145/1145 1147/1147/1147 1146/1146/1146
f 1147/1147/1147 1148/1148/1148 1146/1146/1146
f 1147/1147/1147 1149/1149/1149 1148/1148/1148
f 1149/1149/1149 1150/1150/1150 1148/1148/1148
f 1149/1149/1149 1151/1151/1151 1150/1150/1150
f 1151/1151/1151 1152/1152/1152 1150/1150/1150
f 1151/1151/1151 1153/1153/1153 1152/1152/1152
f 1153/1153/1153 1154/1154/1154 1152/1152/1152
f 1157/1157/1157 1156/1156/1156 1155/1155/1155
f 118/118/118 1157/1157/1157 1155/1155/1155
f 1158/1158/1158 1157/1157/1157 118/118/118
f 1159/1159/1159 1158/1158/1158 118/118/118
f 119/119/119 1159/1159/1159 118/118/118
f 120/120/120 118/118/118 1155/1155/1155
f 1160/1160/1160 120/120/120 1155/1155/1155
f 1163/1163/1163 1162/1162/1162 1161/1161/1161
f 1162/1162/1162 1164/1164/1164 1161/1161/1161
f 1164/1164/1164 1162/1162/1162 1165/1165/1165
f 1162/1162/1162 1166/1166/1166 1165/1165/1165
f 1164/1164/1164 1165/1165/1165 1167/1167/1167
f 1168/1168/1168 1164/1164/1164 1167/1167/1167
f 1171/1171/1171 1170/1170/1170 1169/1169/1169
f 1170/1170/1170 1171/1171/1171 1172/1172/1172
f 1171/1171/1171 1173/1173/1173 1172/1172/1172
f 112/112/112 109/109/109 107/107/107
f 1174/1174/1174 109/109/109 112/112/112
f 109/109/109 1174/1174/1174 1175/1175/1175
f 1174/1174/1174 1176/1176/1176 1175/1175/1175
f 114/114/114 1174/1174/1174 112/112/112
f 1174/1174/1174 1177/1177/1177 1176/1176/1176
f 1177/1177/1177 1174/1174/1174 114/114/114
f 1177/1177/1177 1178/1178/1178 1176/1176/1176
f 1177/1177/1177 1156/1156/1156 1178/1178/1178
f 1156/1156/1156 1179/1179/1179 1178/1178/1178
f 1156/1156/1156 1157/1157/1157 1179/1179/1179
f 1157/1157/1157 1180/1180/1180 1179/1179/1179
f 1177/1177/1177 1181/1181/1181 1156/1156/1156
f 1181/1181/1181 1177/1177/1177 114/114/114
f 1181/1181/1181 1155/1155/1155 1156/1156/1156
f 1160/1160/1160 1155/1155/1155 1181/1181/1181
f 1182/1182/1182 1160/1160/1160 1181/1181/1181
f 1182/1182/1182 1181/1181/1181 114/114/114
f 113/113/113 1182/1182/1182 114/114/114
f 1185/1185/1185 1184/1184/1184 1183/1183/1183
f 1186/1186/1186 1185/1185/1185 1183/1183/1183
f 1186/1186/1186 1183/1183/1183 1173/1173/1173
f 1171/1171/1171 1186/1186/1186 1173/1173/1173
f 1186/1186/1186 1171/1171/1171 1187/1187/1187
f 1187/1187/1187 1171/1171/1171 1169/1169/1169
f 1185/1185/1185 1186/1186/1186 1188/1188/1188
f 1188/1188/1188 1186/1186/1186 1187/1187/1187
f 1189/1189/1189 1187/1187/1187 1169/1169/1169
f 1190/1190/1190 1189/1189/1189 1169/1169/1169
f 1189/1189/1189 1191/1191/1191 1187/1187/1187
f 1191/1191/1191 1188/1188/1188 1187/1187/1187
f 1191/1191/1191 1192/1192/1192 1188/1188/1188
f 1193/1193/1193 1185/1185/1185 1188/1188/1188
f 1192/1192/1192 1193/1193/1193 1188/1188/1188
f 1194/1194/1194 1185/1185/1185 1193/1193/1193
f 1192/1192/1192 1195/1195/1195 1193/1193/1193
f 1196/1196/1196 1194/1194/1194 1193/1193/1193
f 1195/1195/1195 1196/1196/1196 1193/1193/1193
f 1194/1194/1194 1197/1197/1197 1184/1184/1184
f 1185/1185/1185 1194/1194/1194 1184/1184/1184
f 104/104/104 105/105/105 1198/1198/1198
f 105/105/105 115/115/115 1198/1198/1198
f 105/105/105 117/117/117 115/115/115
f 1190/1190/1190 1169/1169/1169 1199/1199/1199
f 1200/1200/1200 1190/1190/1190 1199/1199/1199
f 1202/1202/1202 1201/1201/1201 1196/1196/1196
f 1195/1195/1195 1202/1202/1202 1196/1196/1196
f 1205/1205/1205 1204/1204/1204 1203/1203/1203
f 1204/1204/1204 1206/1206/1206 1203/1203/1203
f 1203/1203/1203 1206/1206/1206 1207/1207/1207
f 1206/1206/1206 1208/1208/1208 1207/1207/1207
f 1207/1207/1207 1208/1208/1208 1209/1209/1209
f 1208/1208/1208 1210/1210/1210 1209/1209/1209
f 1209/1209/1209 1210/1210/1210 1211/1211/1211
f 1212/1212/1212 1204/1204/1204 1205/1205/1205
f 1213/1213/1213 1212/1212/1212 1205/1205/1205
f 1216/1216/1216 1215/1215/1215 1214/1214/1214
f 1217/1217/1217 1216/1216/1216 1214/1214/1214
f 1218/1218/1218 1216/1216/1216 1217/1217/1217
f 1219/1219/1219 1218/1218/1218 1217/1217/1217
f 1220/1220/1220 1218/1218/1218 1219/1219/1219
f 1221/1221/1221 1220/1220/1220 1219/1219/1219
f 1222/1222/1222 1220/1220/1220 1221/1221/1221
f 1223/1223/1223 1222/1222/1222 1221/1221/1221
f 1226/1226/1226 1225/1225/1225 1224/1224/1224
f 1227/1227/1227 1226/1226/1226 1224/1224/1224
f 1228/1228/1228 1226/1226/1226 1227/1227/1227
f 1229/1229/1229 1228/1228/1228 1227/1227/1227
f 1230/1230/1230 1228/1228/1228 1229/1229/1229
f 1231/1231/1231 1230/1230/1230 1229/1229/1229
f 1232/1232/1232 1230/1230/1230 1231/1231/1231
f 1233/1233/1233 1232/1232/1232 1231/1231/1231
f 1234/1234/1234 1232/1232/1232 1233/1233/1233
f 1235/1235/1235 1234/1234/1234 1233/1233/1233
f 1236/1236/1236 1234/1234/1234 1235/1235/1235
f 1237/1237/1237 1236/1236/1236 1235/1235/1235
f 1238/1238/1238 1236/1236/1236 1237/1237/1237
f 1239/1239/1239 1238/1238/1238 1237/1237/1237
f 1240/1240/1240 1238/1238/1238 1239/1239/1239
f 1241/1241/1241 1240/1240/1240 1239/1239/1239
f 1244/1244/1244 1243/1243/1243 1242/1242/1242
f 1245/1245/1245 1244/1244/1244 1242/1242/1242
f 1246/1246/1246 1244/1244/1244 1245/1245/1245
f 1247/1247/1247 1246/1246/1246 1245/1245/1245
f 1248/1248/1248 1246/1246/1246 1247/1247/1247
f 1249/1249/1249 1248/1248/1248 1247/1247/1247
f 1250/1250/1250 1248/1248/1248 1249/1249/1249
f 1251/1251/1251 1250/1250/1250 1249/1249/1249
f 1254/1254/1254 1253/1253/1253 1252/1252/1252
f 1255/1255/1255 1254/1254/1254 1252/1252/1252
f 1256/1256/1256 1254/1254/1254 1255/1255/1255
f 1257/1257/1257 1256/1256/1256 1255/1255/1255
f 1258/1258/1258 1256/1256/1256 1257/1257/1257
f 1211/1211/1211 1258/1258/1258 1257/1257/1257
f 1210/1210/1210 1258/1258/1258 1211/1211/1211
f 1261/1261/1261 1260/1260/1260 1259/1259/1259
f 1262/1262/1262 1261/1261/1261 1259/1259/1259
f 1260/1260/1260 1261/1261/1261 1263/1263/1263
f 1261/1261/1261 1262/1262/1262 1264/1264/1264
f 1261/1261/1261 1265/1265/1265 1263/1263/1263
f 1266/1266/1266 1261/1261/1261 1264/1264/1264
f 1265/1265/1265 1261/1261/1261 1267/1267/1267
f 1261/1261/1261 1266/1266/1266 1268/1268/1268
f 1261/1261/1261 1269/1269/1269 1267/1267/1267
f 1270/1270/1270 1261/1261/1261 1268/1268/1268
f 1269/1269/1269 1261/1261/1261 1271/1271/1271
f 1261/1261/1261 1270/1270/1270 1271/1271/1271
f 1274/1274/1274 1273/1273/1273 1272/1272/1272
f 1275/1275/1275 1274/1274/1274 1272/1272/1272
f 1273/1273/1273 1274/1274/1274 1276/1276/1276
f 1274/1274/1274 1275/1275/1275 1277/1277/1277
f 1274/1274/1274 1278/1278/1278 1276/1276/1276
f 1279/1279/1279 1274/1274/1274 1277/1277/1277
f 1278/1278/1278 1274/1274/1274 1280/1280/1280
f 1274/1274/1274 1279/1279/1279 1281/1281/1281
f 1274/1274/1274 1282/1282/1282 1280/1280/1280
f 1283/1283/1283 1274/1274/1274 1281/1281/1281
f 1282/1282/1282 1274/1274/1274 1284/1284/1284
f 1274/1274/1274 1283/1283/1283 1284/1284/1284

