mtllib material.mtl
usemtl material_0
v -0.00049988 0.17000000 0.00050000
v -0.00049988 0.17000000 -0.00050000
v 0.00049988 0.17000000 -0.00050000
v 0.00049988 0.17000000 0.00050000
v 0.00493164 0.64034990 -0.00048562
v -0.00064117 0.66476470 0.00137688
v -0.00119019 0.66791950 -0.00286236
v -0.00577850 0.70182280 -0.00347704
v -0.00426544 0.69553760 0.00219014
v -0.01875000 0.76161270 -0.00341038
v -0.00067963 0.66602680 0.00513449
v 0.00493164 0.64034990 -0.00048562
v -0.00471283 0.69911240 0.00761722
v -0.01482300 0.74911160 0.00362931
v -0.03361450 0.79957430 -0.00212788
v -0.01404907 0.74657300 0.01065132
v -0.03112518 0.79527360 0.00469724
v -0.05219574 0.82209730 -0.00161893
v -0.03258728 0.79853850 0.01235186
v -0.05110016 0.82047800 0.00546446
v -0.07665314 0.84143070 -0.00133576
v -0.07604736 0.83846290 0.00577252
v -0.10227050 0.87053740 -0.00141326
v -0.05595123 0.82309050 0.01404763
v -0.09821197 0.86696850 0.00580720
v -0.13145900 0.89879730 -0.00130275
v -0.08143646 0.84370970 0.01418225
v -0.10101100 0.87344470 0.01390128
v -0.12497860 0.89662050 0.00591952
v -0.15565340 0.91451110 0.00007439
v -0.12639190 0.90026020 0.01375750
v -0.14919980 0.91236070 0.00659158
v -0.05651184 0.82196060 0.01402442
v -0.08201202 0.84259070 0.01418586
v -0.08143646 0.84370970 0.01418225
v -0.03334839 0.79766980 0.01231988
v -0.01404907 0.74657300 0.01065132
v -0.01488007 0.74595170 0.01064539
v -0.00471283 0.69911240 0.00761722
v -0.00543121 0.69884520 0.00762109
v -0.00067963 0.66602680 0.00513449
v -0.00123413 0.66597440 0.00512856
v 0.00493164 0.64034990 -0.00048562
v -0.00116364 0.66472240 0.00139506
v -0.00493164 0.69525240 0.00222431
v -0.00543121 0.69884520 0.00762109
v -0.01565399 0.74847000 0.00366051
v -0.01488007 0.74595170 0.01064539
v -0.03191528 0.79440550 0.00467557
v -0.03334839 0.79766980 0.01231988
v -0.05162842 0.81934110 0.00539922
v -0.05651184 0.82196060 0.01402442
v -0.07657409 0.83734350 0.00573100
v -0.00644623 0.70151350 -0.00340367
v -0.00169403 0.66783850 -0.00281516
v 0.00493164 0.64034990 -0.00048562
v -0.01961456 0.76100750 -0.00334242
v -0.03435394 0.79870120 -0.00213961
v -0.05271698 0.82097270 -0.00171731
v -0.07716919 0.84029940 -0.00142280
v -0.03361450 0.79957430 -0.00212788
v -0.01875000 0.76161270 -0.00341038
v -0.05219574 0.82209730 -0.00161893
v -0.00644623 0.70151350 -0.00340367
v -0.05271698 0.82097270 -0.00171731
v -0.00577850 0.70182280 -0.00347704
v -0.07665314 0.84143070 -0.00133576
v -0.00119019 0.66791950 -0.00286236
v 0.00493164 0.64034990 -0.00048562
v -0.10227050 0.87053740 -0.00141326
v -0.10286740 0.86946240 -0.00133151
v -0.13145900 0.89879730 -0.00130275
v -0.09882995 0.86591830 0.00588522
v -0.13193330 0.89763130 -0.00111681
v -0.10166810 0.87240450 0.01399786
v -0.10101100 0.87344470 0.01390128
v -0.12542720 0.89546050 0.00609604
v -0.15598660 0.91320770 0.00009077
v -0.12689480 0.89907840 0.01392616
v -0.12689480 0.89907840 0.01392616
v -0.15088560 0.91272580 0.01378484
v -0.14952120 0.91103420 0.00663968
v -0.17327730 0.92234050 0.00043609
v -0.15088560 0.91272580 0.01378484
v -0.15061830 0.91401170 0.01362572
v -0.16754060 0.91876140 0.01309498
v -0.16681880 0.91628950 0.00666199
v -0.18969270 0.92675570 -0.00024888
v -0.16754060 0.91876140 0.01309498
v -0.18348820 0.92627350 0.00598438
v -0.20488220 0.92756450 -0.00075589
v -0.18430240 0.92699720 0.01200474
v -0.19871830 0.92405070 0.00518427
v -0.21966550 0.93168330 -0.00031206
v -0.19922090 0.92450240 0.01060464
v -0.21472780 0.93028320 0.00468731
v -0.21466830 0.93053800 0.00928449
v -0.22640690 0.93377270 0.00038335
v -0.22176270 0.93112000 0.00448963
v -0.22136260 0.93197670 0.00859695
v -0.23159580 0.94097660 0.00397694
v -0.22098540 0.93327500 0.00842674
v -0.23104920 0.94205110 0.00375271
v -0.21448760 0.93187120 0.00921963
v -0.21466830 0.93053800 0.00928449
v -0.19912170 0.92588840 0.01054468
v -0.19922090 0.92450240 0.01060464
v -0.18417880 0.92837490 0.01189900
v -0.18430240 0.92699720 0.01200474
v -0.16723510 0.92006620 0.01295133
v -0.16654600 0.91760460 0.00663220
v -0.16723510 0.92006620 0.01295133
v -0.17300900 0.92363510 0.00053576
v -0.18339020 0.92767720 0.00601378
v -0.18417880 0.92837490 0.01189900
v -0.18960330 0.92813140 -0.00008602
v -0.19867130 0.92545970 0.00524384
v -0.19912170 0.92588840 0.01054468
v -0.20482480 0.92892550 -0.00058646
v -0.21458530 0.93162600 0.00470201
v -0.21448760 0.93187120 0.00921963
v -0.21948940 0.93300990 -0.00020465
v -0.22146240 0.93246250 0.00440917
v -0.22098540 0.93327500 0.00842674
v -0.22605560 0.93508770 0.00033834
v -0.23104920 0.94205110 0.00375271
v -0.15598660 0.91320770 0.00009077
v -0.20488220 0.92756450 -0.00075589
v -0.21966550 0.93168330 -0.00031206
v -0.22640690 0.93377270 0.00038335
v -0.23104920 0.94205110 0.00375271
v -0.23159580 0.94097660 0.00397694
v 0.00493164 0.64034990 -0.00048562
v 0.00404572 0.66399720 0.00990692
v 0.00831085 0.66275270 0.00809935
v 0.00837799 0.69413360 0.01800821
v 0.01400391 0.69144770 0.01537590
v 0.01940491 0.74809190 0.03706631
v 0.01199432 0.66386640 0.00726636
v 0.00493164 0.64034990 -0.00048562
v 0.01186157 0.66410640 0.00678126
v 0.01961334 0.69394670 0.01467985
v 0.01945129 0.69445480 0.01407355
v 0.03101929 0.73525400 0.02809785
v 0.03085358 0.73611040 0.02739780
v 0.04533203 0.77987460 0.05073665
v 0.04519257 0.78083600 0.05005221
v 0.05878570 0.81004450 0.07466247
v 0.05870544 0.81112580 0.07408195
v 0.07068817 0.83563380 0.10065710
v 0.07059814 0.83677520 0.10013780
v 0.07983185 0.85467190 0.12195600
v 0.07977661 0.85583980 0.12145530
v 0.09126586 0.87825450 0.14816600
v 0.09121002 0.87941090 0.14765170
v 0.10179170 0.90131570 0.17205120
v 0.10172550 0.90252140 0.17160100
v 0.10776700 0.91021330 0.18790290
v 0.10771940 0.91147060 0.18750210
v 0.11392490 0.92038740 0.20154420
v 0.11388060 0.92161530 0.20111740
v 0.11861790 0.92830730 0.21234520
v 0.11852260 0.92958100 0.21200640
v 0.12357790 0.93403530 0.22555950
v 0.12349670 0.93537880 0.22535020
v 0.12543820 0.93605600 0.23244490
v 0.12532040 0.93739180 0.23229060
v 0.12540400 0.93964780 0.24919220
v 0.12533570 0.94098570 0.24904640
v 0.12543820 0.93605600 0.23244490
v 0.11819150 0.93671780 0.23976600
v 0.12540400 0.93964780 0.24919220
v 0.12150850 0.93567090 0.23310920
v 0.12357790 0.93403530 0.22555950
v 0.11903590 0.93371310 0.22616840
v 0.11861790 0.92830730 0.21234520
v 0.11546020 0.93495980 0.23235700
v 0.11308110 0.92812470 0.21292090
v 0.11392490 0.92038740 0.20154420
v 0.10768710 0.92031000 0.20222170
v 0.10776700 0.91021330 0.18790290
v 0.10880160 0.93062190 0.21904000
v 0.10106870 0.91079330 0.18831320
v 0.10179170 0.90131570 0.17205120
v 0.10327730 0.92427670 0.20812100
v 0.09685028 0.91470260 0.19552710
v 0.09407501 0.90069100 0.17207230
v 0.09126586 0.87825450 0.14816600
v 0.08929046 0.90636060 0.17935250
v 0.08287048 0.87754580 0.14822360
v 0.07983185 0.85467190 0.12195600
v 0.07694092 0.88294480 0.15487540
v 0.07048645 0.85290510 0.12069760
v 0.07068817 0.83563380 0.10065710
v 0.06328216 0.85535720 0.12421110
v 0.05999450 0.83179030 0.09735813
v 0.05878570 0.81004450 0.07466247
v 0.05144287 0.83124710 0.09767985
v 0.04818451 0.80604800 0.07221107
v 0.04533203 0.77987460 0.05073665
v 0.03987946 0.80569990 0.07314890
v 0.03714172 0.77844770 0.05119003
v 0.03101929 0.73525400 0.02809785
v 0.03029999 0.78100190 0.05444617
v 0.02508057 0.73882090 0.03118495
v 0.01961334 0.69394670 0.01467985
v 0.12532040 0.93739180 0.23229060
v 0.12533570 0.94098570 0.24904640
v 0.11810880 0.93806680 0.23961790
v 0.12139800 0.93702810 0.23295640
v 0.12349670 0.93537880 0.22535020
v 0.11896450 0.93505000 0.22596560
v 0.11537380 0.93630120 0.23216720
v 0.11852260 0.92958100 0.21200640
v 0.11298950 0.92941650 0.21259540
v 0.10876710 0.93192350 0.21873520
v 0.11388060 0.92161530 0.20111740
v 0.10763150 0.92154720 0.20181180
v 0.10771940 0.91147060 0.18750210
v 0.10320650 0.92553300 0.20772600
v 0.10102630 0.91204300 0.18791650
v 0.10172550 0.90252140 0.17160100
v 0.09404937 0.90190240 0.17162600
v 0.09121002 0.87941090 0.14765170
v 0.09686218 0.91595320 0.19513020
v 0.08283173 0.87870240 0.14770980
v 0.07977661 0.85583980 0.12145530
v 0.08924438 0.90757820 0.17889860
v 0.07684753 0.88410580 0.15436520
v 0.07043182 0.85407260 0.12019590
v 0.07059814 0.83677520 0.10013780
v 0.06322693 0.85652420 0.12370860
v 0.05992676 0.83293820 0.09683500
v 0.05870544 0.81112580 0.07408195
v 0.05137359 0.83239440 0.09715620
v 0.04812317 0.80713450 0.07162695
v 0.04519257 0.78083600 0.05005221
v 0.03978699 0.80678310 0.07256245
v 0.03701874 0.77939700 0.05050623
v 0.03085358 0.73611040 0.02739780
v 0.03016998 0.78196210 0.05376508
v 0.02492004 0.73969410 0.03048361
v 0.01945129 0.69445480 0.01407355
v 0.01923706 0.74893300 0.03633454
v 0.01381958 0.69189050 0.01477901
v 0.01186157 0.66410640 0.00678126
v 0.00820160 0.69459680 0.01741080
v 0.00815826 0.66295670 0.00761606
v 0.00493164 0.64034990 -0.00048562
v 0.00385345 0.66421980 0.00942917
v 0.00493164 0.64034990 -0.00048562
v 0.11819150 0.93671780 0.23976600
v 0.12533570 0.94098570 0.24904640
v 0.12540400 0.93964780 0.24919220
v 0.11810880 0.93806680 0.23961790
v 0.11537380 0.93630120 0.23216720
v 0.10876710 0.93192350 0.21873520
v 0.10327730 0.92427670 0.20812100
v 0.09685028 0.91470260 0.19552710
v 0.08929046 0.90636060 0.17935250
v 0.08924438 0.90757820 0.17889860
v 0.07694092 0.88294480 0.15487540
v 0.07684753 0.88410580 0.15436520
v 0.06328216 0.85535720 0.12421110
v 0.06322693 0.85652420 0.12370860
v 0.05144287 0.83124710 0.09767985
v 0.05137359 0.83239440 0.09715620
v 0.03987946 0.80569990 0.07314890
v 0.03978699 0.80678310 0.07256245
v 0.03029999 0.78100190 0.05444617
v 0.03016998 0.78196210 0.05376508
v 0.01940491 0.74809190 0.03706631
v 0.01923706 0.74893300 0.03633454
v 0.00837799 0.69413360 0.01800821
v 0.00820160 0.69459680 0.01741080
v 0.00385345 0.66421980 0.00942917
v 0.00493164 0.64034990 -0.00048562
v 0.00493164 0.64034990 -0.00048562
v -0.00211731 0.66543750 0.00080229
v 0.00143555 0.66430150 0.00383665
v -0.00470825 0.69630440 0.00473115
v 0.00006989 0.69408920 0.00869534
v -0.01225586 0.75500170 0.01694647
v 0.00395325 0.66573440 0.00659107
v 0.00493164 0.64034990 -0.00048562
v 0.00433563 0.66586800 0.00624253
v 0.00344910 0.69733950 0.01302586
v 0.00393951 0.69773040 0.01257300
v 0.00009521 0.74190550 0.02437479
v 0.00067383 0.74262700 0.02386094
v -0.01046051 0.79312270 0.04279757
v -0.00982544 0.79391210 0.04229455
v -0.02353119 0.82958970 0.06245205
v -0.02299133 0.83053360 0.06201247
v -0.03945099 0.86178190 0.08207854
v -0.03892639 0.86281020 0.08167584
v -0.05285522 0.88618270 0.09783395
v -0.05239410 0.88723240 0.09744465
v -0.06930389 0.91638900 0.11738850
v -0.06880676 0.91741320 0.11699200
v -0.08413117 0.94565430 0.13510280
v -0.08365081 0.94673580 0.13473750
v -0.09508911 0.95904770 0.14651120
v -0.09477112 0.96031330 0.14626700
v -0.10703220 0.96591220 0.15774500
v -0.10683260 0.96722620 0.15761490
v -0.11738560 0.97015630 0.16658190
v -0.11713930 0.97148130 0.16642500
v -0.12824250 0.97814890 0.17643890
v -0.12789430 0.97936580 0.17614930
v -0.13270750 0.98437860 0.18056580
v -0.13219940 0.98536720 0.18009780
v -0.14221530 1.00321300 0.18567310
v -0.14168940 1.00405800 0.18512950
v -0.13270750 0.98437860 0.18056580
v -0.14155150 0.99113310 0.17719090
v -0.14221530 1.00321300 0.18567310
v -0.13543670 0.98443400 0.17763490
v -0.12824250 0.97814890 0.17643890
v -0.13109220 0.97807940 0.17293860
v -0.13788730 0.98323170 0.17230430
v -0.11738560 0.97015630 0.16658190
v -0.12033170 0.97017670 0.16201860
v -0.12844050 0.97329850 0.16097030
v -0.10703220 0.96591220 0.15774500
v -0.11024750 0.96597220 0.15250410
v -0.11842130 0.96860320 0.15116050
v -0.09508911 0.95904770 0.14651120
v -0.09847595 0.95873500 0.14076520
v -0.08413117 0.94565430 0.13510280
v -0.10705080 0.96279310 0.13997930
v -0.08776886 0.94395570 0.12841420
v -0.06930389 0.91638900 0.11738850
v -0.07329559 0.91464410 0.11010240
v -0.05285522 0.88618270 0.09783395
v -0.09609558 0.95058910 0.12689860
v -0.05620269 0.88300160 0.08924744
v -0.03945099 0.86178190 0.08207854
v -0.08158722 0.92060480 0.10733030
v -0.06250580 0.88522900 0.08425527
v -0.04171966 0.85596360 0.07159239
v -0.02353119 0.82958970 0.06245205
v -0.04608124 0.85350780 0.06427315
v -0.02652924 0.82379670 0.05242043
v -0.01046051 0.79312270 0.04279757
v -0.03122040 0.82249940 0.04557675
v -0.01475128 0.79075870 0.03594228
v 0.00009521 0.74190550 0.02437479
v -0.02062653 0.79309960 0.03114214
v -0.00509705 0.74518890 0.02017631
v 0.00344910 0.69733950 0.01302586
v -0.02005432 0.79388760 0.03062494
v -0.01166046 0.75570370 0.01636801
v -0.03072174 0.82343960 0.04511344
v -0.00470825 0.69630440 0.00473115
v -0.03122040 0.82249940 0.04557675
v -0.00429291 0.69668350 0.00424412
v -0.04563263 0.85452330 0.06384027
v -0.00211731 0.66543750 0.00080229
v -0.00176117 0.66552880 0.00041855
v 0.00493164 0.64034990 -0.00048562
v -0.04608124 0.85350780 0.06427315
v -0.06200134 0.88626570 0.08385257
v -0.06250580 0.88522900 0.08425527
v -0.08112427 0.92164260 0.10692830
v -0.08158722 0.92060480 0.10733030
v -0.09564544 0.95169660 0.12654770
v -0.10671230 0.96405450 0.13979170
v -0.11814700 0.96990790 0.15108740
v -0.11842130 0.96860320 0.15116050
v -0.12811770 0.97460340 0.16085890
v -0.12844050 0.97329850 0.16097030
v -0.13744750 0.98439130 0.17203720
v -0.13788730 0.98323170 0.17230430
v -0.14105440 0.99209330 0.17673420
v -0.14155150 0.99113310 0.17719090
v -0.14168940 1.00405800 0.18512950
v -0.14221530 1.00321300 0.18567310
v -0.12006710 0.97148240 0.16188510
v -0.13072270 0.97927460 0.17265950
v -0.11002620 0.96729520 0.15239910
v -0.11814700 0.96990790 0.15108740
v -0.09815094 0.96000760 0.14055210
v -0.10671230 0.96405450 0.13979170
v -0.08729339 0.94504970 0.12805910
v -0.09564544 0.95169660 0.12654770
v -0.07277557 0.91567760 0.10970070
v -0.08112427 0.92164260 0.10692830
v -0.05572357 0.88404860 0.08884485
v -0.06200134 0.88626570 0.08385257
v -0.04123230 0.85697010 0.07117435
v -0.04563263 0.85452330 0.06384027
v -0.02597412 0.82475370 0.05196989
v -0.03072174 0.82343960 0.04511344
v -0.01412140 0.79154630 0.03543217
v -0.02005432 0.79388760 0.03062494
v -0.00450531 0.74591950 0.01963783
v -0.01166046 0.75570370 0.01636801
v 0.00050140 0.69444900 0.00823462
v -0.00429291 0.69668350 0.00424412
v 0.00179474 0.66442530 0.00347741
v -0.00176117 0.66552880 0.00041855
v 0.00493164 0.64034990 -0.00048562
v 0.00433563 0.66586800 0.00624253
v 0.00493164 0.64034990 -0.00048562
v 0.00393951 0.69773040 0.01257300
v 0.00067383 0.74262700 0.02386094
v -0.00982544 0.79391210 0.04229455
v -0.02299133 0.83053360 0.06201247
v -0.03892639 0.86281020 0.08167584
v -0.05239410 0.88723240 0.09744465
v -0.06880676 0.91741320 0.11699200
v -0.08365081 0.94673580 0.13473750
v -0.09477112 0.96031330 0.14626700
v -0.10683260 0.96722620 0.15761490
v -0.11713930 0.97148130 0.16642500
v -0.12789430 0.97936580 0.17614930
v -0.13491520 0.98543300 0.17718950
v -0.13219940 0.98536720 0.18009780
v -0.14168940 1.00405800 0.18512950
v 0.00493134 0.64034990 -0.00048561
v 0.00446106 0.66473020 -0.01262117
v 0.00040527 0.66424320 -0.00773009
v 0.00345215 0.69508040 -0.02084544
v -0.00191772 0.69467830 -0.01420634
v -0.00487213 0.75309810 -0.03942797
v -0.00287628 0.66618000 -0.00453131
v 0.00493134 0.64034990 -0.00048561
v -0.00237518 0.66627510 -0.00405248
v -0.00696106 0.69891910 -0.01011857
v -0.00631744 0.69923460 -0.00952221
v -0.01582703 0.74498610 -0.02119821
v -0.01501251 0.74566010 -0.02050561
v -0.03313995 0.79632900 -0.04180588
v -0.03237060 0.79711810 -0.04113765
v -0.05447082 0.83352660 -0.06357816
v -0.05376373 0.83446570 -0.06302439
v -0.07657257 0.86589540 -0.08843219
v -0.07583801 0.86690630 -0.08794299
v -0.09453216 0.89033550 -0.10902110
v -0.09384735 0.89137760 -0.10854980
v -0.11681670 0.92064790 -0.13424380
v -0.11612060 0.92167420 -0.13375950
v -0.13666660 0.95021440 -0.15730430
v -0.13602690 0.95128700 -0.15686670
v -0.15062290 0.96492050 -0.17350570
v -0.15013270 0.96614360 -0.17326350
v -0.16621550 0.97183840 -0.19052450
v -0.16590000 0.97314210 -0.19047580
v -0.17916900 0.97530290 -0.20514860
v -0.17880980 0.97661410 -0.20509340
v -0.19298460 0.98240520 -0.22102250
v -0.19248230 0.98363140 -0.22079220
v -0.19826230 0.98831700 -0.22790180
v -0.19749570 0.98930800 -0.22745960
v -0.20323670 1.00569200 -0.24310670
v -0.20237790 1.00652300 -0.24257830
v -0.19826230 0.98831700 -0.22790180
v -0.19363650 0.99207380 -0.24063590
v -0.20323670 1.00569200 -0.24310670
v -0.19455690 0.98707150 -0.23154230
v -0.19298460 0.98240520 -0.22102250
v -0.18859500 0.98088880 -0.22483080
v -0.18777740 0.98413210 -0.23462730
v -0.17916900 0.97530290 -0.20514860
v -0.17326260 0.97366590 -0.20903700
v -0.17239290 0.97445450 -0.22035500
v -0.16621550 0.97183840 -0.19052450
v -0.15944880 0.97000670 -0.19474140
v -0.15062290 0.96492050 -0.17350570
v -0.15819920 0.97035800 -0.20604730
v -0.14328550 0.96244190 -0.17796460
v -0.13666660 0.95021440 -0.15730430
v -0.12844790 0.94594880 -0.16196550
v -0.11681670 0.92064790 -0.13424380
v -0.14246090 0.96456830 -0.18991740
v -0.10774840 0.91634050 -0.13937590
v -0.09453216 0.89033550 -0.10902110
v -0.12594480 0.95071670 -0.17381250
v -0.08392639 0.88446400 -0.11310790
v -0.07657257 0.86589540 -0.08843219
v -0.10378750 0.91960290 -0.15113240
v -0.07750183 0.88403270 -0.12176260
v -0.06382751 0.85723610 -0.09081659
v -0.05447082 0.83352660 -0.06357816
v -0.05470794 0.85302750 -0.09636280
v -0.04239258 0.82483320 -0.06690248
v -0.03313995 0.79632900 -0.04180588
v -0.03390228 0.82099640 -0.07303073
v -0.02477325 0.79143100 -0.04722519
v -0.01582703 0.74498610 -0.02119821
v -0.01852692 0.79124670 -0.05536650
v -0.01014862 0.74628340 -0.02861814
v -0.00696106 0.69891910 -0.01011857
v 0.00493134 0.64034990 -0.00048561
v -0.00237518 0.66627510 -0.00405248
v 0.00091614 0.66432460 -0.00726847
v -0.00123779 0.69499980 -0.01364848
v -0.00631744 0.69923460 -0.00952221
v -0.00930267 0.74696530 -0.02794462
v -0.01501251 0.74566010 -0.02050561
v -0.02399505 0.79221300 -0.04656291
v -0.03237060 0.79711810 -0.04113765
v -0.04164429 0.82576510 -0.06634752
v -0.05376373 0.83446570 -0.06302439
v -0.06312347 0.85824110 -0.09032414
v -0.07583801 0.86690630 -0.08794299
v -0.08324096 0.88549510 -0.11263550
v -0.09384735 0.89137760 -0.10854980
v -0.10708770 0.91734680 -0.13889130
v -0.11612060 0.92167420 -0.13375950
v -0.12779330 0.94702970 -0.16153650
v -0.13602690 0.95128700 -0.15686670
v -0.14280030 0.96369180 -0.17771530
v -0.15013270 0.96614360 -0.17326350
v -0.15913760 0.97132020 -0.19466220
v -0.16590000 0.97314210 -0.19047580
v -0.17293150 0.97498330 -0.20892310
v -0.17880980 0.97661410 -0.20509340
v -0.18807490 0.98210880 -0.22453070
v -0.19248230 0.98363140 -0.22079220
v -0.19385160 0.98809170 -0.23107790
v -0.19749570 0.98930800 -0.22745960
v -0.19288760 0.99304790 -0.24012540
v -0.20237790 1.00652300 -0.24257830
v -0.18724210 0.98534120 -0.23426330
v -0.17209260 0.97577540 -0.22019010
v -0.15792790 0.97168740 -0.20593060
v -0.14203920 0.96582690 -0.18964780
v -0.12529360 0.95180830 -0.17337680
v -0.10312620 0.92062930 -0.15064770
v -0.07681793 0.88507340 -0.12128960
v -0.05403412 0.85403100 -0.09587172
v -0.03314789 0.82191160 -0.07247510
v -0.01770477 0.79202870 -0.05471649
v -0.00398193 0.75374560 -0.03875275
v 0.00412781 0.69538150 -0.02030649
v 0.00502686 0.66482410 -0.01217829
v 0.00493134 0.64034990 -0.00048561
v 0.00493134 0.64034990 -0.00048561
v 0.00502686 0.66482410 -0.01217829
v 0.00412781 0.69538150 -0.02030649
v 0.00345215 0.69508040 -0.02084544
v -0.00398193 0.75374560 -0.03875275
v -0.00487213 0.75309810 -0.03942797
v -0.01770477 0.79202870 -0.05471649
v -0.01852692 0.79124670 -0.05536650
v -0.03314789 0.82191160 -0.07247510
v -0.03390228 0.82099640 -0.07303073
v -0.05403412 0.85403100 -0.09587172
v -0.05470794 0.85302750 -0.09636280
v -0.07681793 0.88507340 -0.12128960
v -0.07750183 0.88403270 -0.12176260
v -0.10312620 0.92062930 -0.15064770
v -0.10378750 0.91960290 -0.15113240
v -0.12529360 0.95180830 -0.17337680
v -0.14203920 0.96582690 -0.18964780
v -0.15792790 0.97168740 -0.20593060
v -0.17239290 0.97445450 -0.22035500
v -0.18777740 0.98413210 -0.23462730
v -0.19363650 0.99207380 -0.24063590
v -0.20237790 1.00652300 -0.24257830
v -0.20323670 1.00569200 -0.24310670
v 0.00493164 0.64034990 -0.00048563
v 0.01002930 0.65518270 -0.00194507
v 0.00977814 0.65399350 0.00123650
v 0.01478180 0.67148820 0.00164464
v 0.01554688 0.67389400 -0.00292074
v 0.02675476 0.70120020 0.00194994
v 0.02611176 0.69993270 -0.00419817
v 0.04323151 0.72701480 0.00151107
v 0.04496063 0.72913010 -0.00524399
v 0.06139435 0.74621590 0.00098902
v 0.06595276 0.75042280 -0.00668253
v 0.08330719 0.76490270 0.00087190
v 0.08860229 0.76911990 -0.00662346
v 0.10379730 0.78064350 0.00089338
v 0.10717930 0.78332870 -0.00626925
v 0.12727690 0.80226180 0.00088812
v 0.12914790 0.80400280 -0.00598943
v 0.01520782 0.67227540 0.00729469
v 0.01003754 0.65451050 0.00542597
v 0.00493164 0.64034990 -0.00048563
v 0.02927551 0.70581300 0.00919564
v 0.04390259 0.72763290 0.00832978
v 0.05996674 0.74474450 0.00807761
v 0.08131713 0.76322140 0.00796871
v 0.10455110 0.78114680 0.00807475
v 0.13034060 0.80464090 0.00821620
v 0.15106750 0.81174730 0.00723334
v 0.14631740 0.81074970 0.00065538
v 0.16803990 0.81144830 0.00615004
v 0.16253850 0.81135220 0.00032791
v 0.18113920 0.80827640 0.00545670
v 0.14859650 0.81150750 -0.00563762
v 0.17745610 0.80904670 -0.00024877
v 0.18876430 0.80261210 0.00460432
v 0.16444670 0.81174420 -0.00540636
v 0.17878810 0.80912730 -0.00561283
v 0.18613250 0.80488780 -0.00086326
v 0.19443880 0.78911220 0.00289910
v 0.18701290 0.80486830 -0.00563499
v 0.19239470 0.79297780 -0.00178168
v 0.19285280 0.79266710 -0.00576548
v 0.19672480 0.78229260 0.00235728
v 0.19486600 0.78679250 -0.00202288
v 0.19521970 0.78669750 -0.00554153
v 0.19980440 0.77309950 -0.00182624
v 0.16434200 0.81097300 -0.00548942
v 0.16444670 0.81174420 -0.00540636
v 0.14876130 0.81073090 -0.00570606
v 0.17846770 0.80838840 -0.00570298
v 0.17878810 0.80912730 -0.00561283
v 0.12964840 0.80336590 -0.00600405
v 0.18632900 0.80429240 -0.00574194
v 0.10717930 0.78332870 -0.00626925
v 0.18701290 0.80486830 -0.00563499
v 0.10776730 0.78277360 -0.00626388
v 0.19206390 0.79234870 -0.00585266
v 0.08860229 0.76911990 -0.00662346
v 0.19285280 0.79266710 -0.00576548
v 0.08917053 0.76855640 -0.00663283
v 0.19441190 0.78641550 -0.00558300
v 0.06595276 0.75042280 -0.00668253
v 0.19521970 0.78669750 -0.00554153
v 0.19897220 0.77281580 -0.00183767
v 0.19980440 0.77309950 -0.00182624
v 0.06655090 0.74989000 -0.00668253
v 0.04496063 0.72913010 -0.00524399
v 0.04561981 0.72868450 -0.00522937
v 0.02611176 0.69993270 -0.00419817
v 0.02680939 0.69955430 -0.00419543
v 0.01554688 0.67389400 -0.00292074
v 0.01614654 0.67371290 -0.00292942
v 0.01002930 0.65518270 -0.00194507
v 0.01047485 0.65513090 -0.00193879
v 0.00493164 0.64034990 -0.00048563
v 0.01023651 0.65395190 0.00123319
v 0.01538483 0.67132710 0.00162270
v 0.01614654 0.67371290 -0.00292942
v 0.02746124 0.70081710 0.00193600
v 0.02680939 0.69955430 -0.00419543
v 0.04391632 0.72657210 0.00151861
v 0.04561981 0.72868450 -0.00522937
v 0.06197266 0.74568650 0.00098582
v 0.06655090 0.74989000 -0.00668253
v 0.08385925 0.76433100 0.00086070
v 0.08917053 0.76855640 -0.00663283
v 0.10434540 0.78008650 0.00088767
v 0.10776730 0.78277360 -0.00626388
v 0.12774870 0.80160690 0.00087841
v 0.12964840 0.80336590 -0.00600405
v 0.14645660 0.80997500 0.00064578
v 0.14876130 0.81073090 -0.00570606
v 0.16242460 0.81056900 0.00032733
v 0.16434200 0.81097300 -0.00548942
v 0.17711300 0.80831010 -0.00025402
v 0.17846770 0.80838840 -0.00570298
v 0.18541900 0.80433820 -0.00087068
v 0.18632900 0.80429240 -0.00574194
v 0.19159730 0.79265030 -0.00177094
v 0.19206390 0.79234870 -0.00585266
v 0.19403320 0.78650430 -0.00202425
v 0.19441190 0.78641550 -0.00558300
v 0.19589260 0.78200610 0.00238676
v 0.19897220 0.77281580 -0.00183767
v 0.19364750 0.78879900 0.00299794
v 0.18808070 0.80208050 0.00470110
v 0.18077970 0.80754530 0.00552835
v 0.16792180 0.81067210 0.00623059
v 0.15121460 0.81097180 0.00728201
v 0.13078700 0.80398420 0.00821140
v 0.10511630 0.78057840 0.00805395
v 0.08189178 0.76265040 0.00795660
v 0.06055084 0.74420670 0.00807064
v 0.04456482 0.72718470 0.00832966
v 0.02998322 0.70544250 0.00916753
v 0.01581482 0.67211730 0.00725733
v 0.01049835 0.65447080 0.00540974
v 0.00493164 0.64034990 -0.00048563
v 0.13034060 0.80464090 0.00821620
v 0.10511630 0.78057840 0.00805395
v 0.10455110 0.78114680 0.00807475
v 0.15106750 0.81174730 0.00723334
v 0.08189178 0.76265040 0.00795660
v 0.08131713 0.76322140 0.00796871
v 0.16803990 0.81144830 0.00615004
v 0.06055084 0.74420670 0.00807064
v 0.05996674 0.74474450 0.00807761
v 0.18113920 0.80827640 0.00545670
v 0.04456482 0.72718470 0.00832966
v 0.04390259 0.72763290 0.00832978
v 0.18876430 0.80261210 0.00460432
v 0.02998322 0.70544250 0.00916753
v 0.02927551 0.70581300 0.00919564
v 0.19443880 0.78911220 0.00289910
v 0.01581482 0.67211730 0.00725733
v 0.01520782 0.67227540 0.00729469
v 0.19672480 0.78229260 0.00235728
v 0.01003754 0.65451050 0.00542597
v 0.00493164 0.64034990 -0.00048563
v 0.19980440 0.77309950 -0.00182624
v 0.19897220 0.77281580 -0.00183767
v 0.00694305 0.64310240 -0.00070523
v 0.01348419 0.67096870 -0.00352381
v 0.01483124 0.66943680 -0.00244335
v 0.01965363 0.70116280 -0.00276938
v 0.01800018 0.70005080 -0.00373469
v 0.02463959 0.73044010 -0.00360847
v 0.01318115 0.67637380 -0.00434399
v 0.00694305 0.64310240 -0.00070523
v 0.01738830 0.70272920 -0.00456594
v 0.02308319 0.72957320 -0.00451399
v 0.03223480 0.77171300 -0.00565593
v 0.02995697 0.76602320 -0.00616286
v 0.03955017 0.80843470 -0.00816774
v 0.02269409 0.73308620 -0.00543211
v 0.03832763 0.80754560 -0.00879731
v 0.04599793 0.83851200 -0.01062129
v 0.02864197 0.76474820 -0.00686738
v 0.03820190 0.81142600 -0.00979787
v 0.04561920 0.84121390 -0.01151931
v 0.05276855 0.86826310 -0.01354906
v 0.05254395 0.87093780 -0.01444163
v 0.05883331 0.89265200 -0.01648398
v 0.04630371 0.84834520 -0.01290092
v 0.05786865 0.89220740 -0.01698529
v 0.06472809 0.91464200 -0.01977730
v 0.05317688 0.87709400 -0.01578270
v 0.05793640 0.89548580 -0.01800391
v 0.06329254 0.91231670 -0.01991936
v 0.06898437 0.92951110 -0.02256897
v 0.06307617 0.91407000 -0.02072455
v 0.06757141 0.92694380 -0.02251804
v 0.07181213 0.93876840 -0.02456789
v 0.06734741 0.92837750 -0.02324300
v 0.07035248 0.93605560 -0.02437285
v 0.07449219 0.94695750 -0.02646699
v 0.07315979 0.94468690 -0.02630755
v 0.07692719 0.95393820 -0.02827819
v 0.07016693 0.93711620 -0.02498914
v 0.07553314 0.95165360 -0.02802490
v 0.07951599 0.96118800 -0.03047300
v 0.07294952 0.94558420 -0.02687206
v 0.07533111 0.95235880 -0.02851752
v 0.07828583 0.95916960 -0.03015583
v 0.07800171 0.95950590 -0.03050980
v 0.08063415 0.96421330 -0.03147357
v 0.07945862 0.96232370 -0.03113272
v 0.07919220 0.96250090 -0.03141123
v 0.08166961 0.96768020 -0.03290407
v 0.07036071 0.93691160 -0.02531295
v 0.06758087 0.92818650 -0.02356869
v 0.07320618 0.94537710 -0.02719331
v 0.06307617 0.91407000 -0.02072455
v 0.07294952 0.94558420 -0.02687206
v 0.06331360 0.91389660 -0.02105382
v 0.07554840 0.95212690 -0.02883622
v 0.05793640 0.89548580 -0.01800391
v 0.07533111 0.95235880 -0.02851752
v 0.05817718 0.89532020 -0.01833641
v 0.07821197 0.95925810 -0.03082424
v 0.05317688 0.87709400 -0.01578270
v 0.07800171 0.95950590 -0.03050980
v 0.05342468 0.87694380 -0.01611571
v 0.07940064 0.96222940 -0.03171920
v 0.07919220 0.96250090 -0.03141123
v 0.08187866 0.96741310 -0.03320778
v 0.08166961 0.96768020 -0.03290407
v 0.04652496 0.84822850 -0.01323053
v 0.03849823 0.81131240 -0.01012680
v 0.02864197 0.76474820 -0.00686738
v 0.02893280 0.76463950 -0.00720448
v 0.02291168 0.73300270 -0.00577415
v 0.01767639 0.70267030 -0.00490883
v 0.01318115 0.67637380 -0.00434399
v 0.01347076 0.67630830 -0.00468790
v 0.00694305 0.64310240 -0.00070523
v 0.01373352 0.67091510 -0.00387198
v 0.01828277 0.69997230 -0.00408218
v 0.01767639 0.70267030 -0.00490883
v 0.02332886 0.72949120 -0.00486165
v 0.02291168 0.73300270 -0.00577415
v 0.03017181 0.76593600 -0.00650558
v 0.02893280 0.76463950 -0.00720448
v 0.03858215 0.80742340 -0.00913253
v 0.03849823 0.81131240 -0.01012680
v 0.04590240 0.84108970 -0.01185522
v 0.04652496 0.84822850 -0.01323053
v 0.05278442 0.87081050 -0.01478060
v 0.05342468 0.87694380 -0.01611571
v 0.05810211 0.89205430 -0.01732460
v 0.05817718 0.89532020 -0.01833641
v 0.06352387 0.91214520 -0.02025459
v 0.06331360 0.91389660 -0.02105382
v 0.06776672 0.92675380 -0.02284765
v 0.06758087 0.92818650 -0.02356869
v 0.07061127 0.93585180 -0.02469922
v 0.07036071 0.93691160 -0.02531295
v 0.07341308 0.94446930 -0.02663103
v 0.07320618 0.94537710 -0.02719331
v 0.07574768 0.95142210 -0.02834514
v 0.07554840 0.95212690 -0.02883622
v 0.07849456 0.95892020 -0.03047045
v 0.07821197 0.95925810 -0.03082424
v 0.07966553 0.96205290 -0.03144171
v 0.07940064 0.96222940 -0.03171920
v 0.08084015 0.96395120 -0.03178239
v 0.08187866 0.96741310 -0.03320778
v 0.07972290 0.96092810 -0.03078847
v 0.07710479 0.95370480 -0.02859996
v 0.07474335 0.94674060 -0.02679285
v 0.07203247 0.93856440 -0.02489631
v 0.06924194 0.92931100 -0.02290164
v 0.06495208 0.91447110 -0.02011661
v 0.05902374 0.89249110 -0.01682892
v 0.05303619 0.86812810 -0.01389314
v 0.04624023 0.83839010 -0.01096299
v 0.03976257 0.80831440 -0.00850927
v 0.03247650 0.77162780 -0.00600410
v 0.02487793 0.73034950 -0.00396124
v 0.01989441 0.70109700 -0.00312198
v 0.01507629 0.66938490 -0.00279544
v 0.00694305 0.64310240 -0.00070523
v 0.08166961 0.96768020 -0.03290407
v 0.08187866 0.96741310 -0.03320778
v 0.08084015 0.96395120 -0.03178239
v 0.08063415 0.96421330 -0.03147357
v 0.07951599 0.96118800 -0.03047300
v 0.07692719 0.95393820 -0.02827819
v 0.07449219 0.94695750 -0.02646699
v 0.07203247 0.93856440 -0.02489631
v 0.07181213 0.93876840 -0.02456789
v 0.06924194 0.92931100 -0.02290164
v 0.06898437 0.92951110 -0.02256897
v 0.06495208 0.91447110 -0.02011661
v 0.06472809 0.91464200 -0.01977730
v 0.05902374 0.89249110 -0.01682892
v 0.05883331 0.89265200 -0.01648398
v 0.05303619 0.86812810 -0.01389314
v 0.05276855 0.86826310 -0.01354906
v 0.04624023 0.83839010 -0.01096299
v 0.04599793 0.83851200 -0.01062129
v 0.03976257 0.80831440 -0.00850927
v 0.03955017 0.80843470 -0.00816774
v 0.03247650 0.77162780 -0.00600410
v 0.03223480 0.77171300 -0.00565593
v 0.02487793 0.73034950 -0.00396124
v 0.02463959 0.73044010 -0.00360847
v 0.01989441 0.70109700 -0.00312198
v 0.01965363 0.70116280 -0.00276938
v 0.01507629 0.66938490 -0.00279544
v 0.01483124 0.66943680 -0.00244335
v 0.00694305 0.64310240 -0.00070523
v 0.00609039 0.64620240 -0.00276632
v -0.00600159 0.69886070 0.00274548
v -0.00044617 0.69690780 0.00707173
v -0.00714233 0.73627820 0.00733524
v -0.00153015 0.73441410 0.01167682
v -0.01141571 0.78369550 0.01712901
v 0.00367920 0.69982310 0.01087828
v 0.00609039 0.64620240 -0.00276632
v 0.00421845 0.69994590 0.01028874
v 0.00265717 0.73800560 0.01604565
v 0.00313721 0.73826690 0.01545475
v -0.00041534 0.77454790 0.02345860
v 0.00009399 0.77495710 0.02290449
v -0.00904541 0.82571830 0.03868649
v -0.00854981 0.82628040 0.03818825
v -0.01954071 0.86730190 0.05619656
v -0.01908691 0.86799350 0.05573597
v -0.03237610 0.90348850 0.07373850
v -0.03191955 0.90424910 0.07330447
v -0.04319977 0.93017040 0.08781881
v -0.04279022 0.93096420 0.08740183
v -0.05650879 0.96189940 0.10526770
v -0.05610199 0.96268810 0.10485430
v -0.06865753 0.99128950 0.12109080
v -0.06821228 0.99206470 0.12066920
v -0.07695251 1.01215000 0.13158570
v -0.07649627 1.01290900 0.13115030
v -0.08526520 1.03496900 0.14233090
v -0.08479889 1.03568700 0.14188000
v -0.09225982 1.05524300 0.15101840
v -0.09181732 1.05592200 0.15055430
v -0.09974151 1.07864100 0.16066420
v -0.09932800 1.07930800 0.16019070
v -0.10309910 1.08904700 0.16465530
v -0.10261350 1.08970600 0.16417180
v -0.11112150 1.10837400 0.16982310
v -0.11063570 1.10900300 0.16933500
v -0.10309910 1.08904700 0.16465530
v -0.11064030 1.09624800 0.16249010
v -0.11112150 1.10837400 0.16982310
v -0.10549380 1.08886700 0.16235810
v -0.09974151 1.07864100 0.16066420
v -0.10230500 1.07796200 0.15788020
v -0.10789610 1.08552300 0.15793920
v -0.09225982 1.05524300 0.15101840
v -0.09501068 1.05359600 0.14730890
v -0.10143740 1.06150900 0.14715490
v -0.08526520 1.03496900 0.14233090
v -0.08824158 1.03301000 0.13805900
v -0.09477326 1.04024400 0.13762940
v -0.07695251 1.01215000 0.13158570
v -0.08008026 1.01010300 0.12692210
v -0.08703461 1.01772200 0.12692950
v -0.06865753 0.99128950 0.12109080
v -0.07193085 0.98872880 0.11568800
v -0.07902557 0.99523310 0.11493990
v -0.05650879 0.96189940 0.10526770
v -0.06013183 0.95930600 0.09938817
v -0.06730652 0.96443630 0.09756947
v -0.04319977 0.93017040 0.08781881
v -0.04631317 0.92581360 0.08080514
v -0.05183532 0.92720560 0.07699536
v -0.03237610 0.90348850 0.07373850
v -0.03467194 0.89598280 0.06505602
v -0.03856842 0.89319090 0.05916181
v -0.01954071 0.86730190 0.05619656
v -0.02245575 0.85967390 0.04792358
v -0.02668121 0.85723430 0.04244789
v -0.00904541 0.82571830 0.03868649
v -0.01289856 0.82209050 0.03316361
v -0.01807648 0.82372420 0.02949675
v -0.00041534 0.77454790 0.02345860
v -0.00523895 0.77663160 0.01991352
v 0.00265717 0.73800560 0.01604565
v -0.10261350 1.08970600 0.16417180
v -0.11063570 1.10900300 0.16933500
v -0.11018770 1.09688400 0.16200650
v -0.10500760 1.08950500 0.16187540
v -0.09932800 1.07930800 0.16019070
v -0.10189060 1.07862700 0.15740570
v -0.10744690 1.08619600 0.15746460
v -0.09181732 1.05592200 0.15055430
v -0.09456787 1.05428300 0.14684400
v -0.10099430 1.06219400 0.14668920
v -0.08479889 1.03568700 0.14188000
v -0.08784302 1.03372500 0.13760690
v -0.09434051 1.04095700 0.13717650
v -0.07649627 1.01290900 0.13115030
v -0.07969207 1.01085100 0.12648690
v -0.08661193 1.01847900 0.12649190
v -0.06821228 0.99206470 0.12066920
v -0.07151703 0.98951260 0.11526590
v -0.07861328 0.99599670 0.11451780
v -0.05610199 0.96268810 0.10485430
v -0.05972626 0.96009560 0.09897391
v -0.06690155 0.96522490 0.09715436
v -0.04279022 0.93096420 0.08740183
v -0.04590637 0.92660430 0.08038423
v -0.05143127 0.92799740 0.07657258
v -0.03191955 0.90424910 0.07330447
v -0.03421661 0.89672970 0.06461757
v -0.03814941 0.89393490 0.05871825
v -0.01908691 0.86799350 0.05573597
v -0.02200439 0.86034920 0.04745685
v -0.02623291 0.85790530 0.04197537
v -0.00854981 0.82628040 0.03818825
v -0.01240845 0.82266040 0.03265873
v -0.01755981 0.82428370 0.02898573
v 0.00009399 0.77495710 0.02290449
v -0.00473663 0.77703520 0.01935465
v -0.01095428 0.78410050 0.01656416
v 0.00313721 0.73826690 0.01545475
v -0.00102356 0.73467500 0.01107996
v -0.00667725 0.73655170 0.00673242
v 0.00421845 0.69994590 0.01028874
v 0.00008087 0.69701360 0.00647044
v 0.00609039 0.64620240 -0.00276632
v -0.00549225 0.69899750 0.00213124
v 0.00609039 0.64620240 -0.00276632
v -0.11064030 1.09624800 0.16249010
v -0.11063570 1.10900300 0.16933500
v -0.11112150 1.10837400 0.16982310
v -0.11018770 1.09688400 0.16200650
v -0.10789610 1.08552300 0.15793920
v -0.10744690 1.08619600 0.15746460
v -0.10143740 1.06150900 0.14715490
v -0.10099430 1.06219400 0.14668920
v -0.09477326 1.04024400 0.13762940
v -0.09434051 1.04095700 0.13717650
v -0.08703461 1.01772200 0.12692950
v -0.08661193 1.01847900 0.12649190
v -0.07902557 0.99523310 0.11493990
v -0.07861328 0.99599670 0.11451780
v -0.06730652 0.96443630 0.09756947
v -0.06690155 0.96522490 0.09715436
v -0.05183532 0.92720560 0.07699536
v -0.05143127 0.92799740 0.07657258
v -0.03856842 0.89319090 0.05916181
v -0.03814941 0.89393490 0.05871825
v -0.02668121 0.85723430 0.04244789
v -0.02623291 0.85790530 0.04197537
v -0.01807648 0.82372420 0.02949675
v -0.01755981 0.82428370 0.02898573
v -0.01141571 0.78369550 0.01712901
v -0.01095428 0.78410050 0.01656416
v -0.00714233 0.73627820 0.00733524
v -0.00667725 0.73655170 0.00673242
v -0.00600159 0.69886070 0.00274548
v -0.00549225 0.69899750 0.00213124
v 0.00609039 0.64620240 -0.00276632
v 0.00609039 0.64620240 -0.00276632
v 0.02324890 0.69621000 0.00414430
v 0.02325256 0.69491010 -0.00299474
v 0.03096435 0.73294700 0.00477591
v 0.03093231 0.73169490 -0.00243824
v 0.04556580 0.77878270 0.00540191
v 0.02414001 0.69821380 -0.00833722
v 0.00609039 0.64620240 -0.00276632
v 0.02335968 0.69844780 -0.00840485
v 0.03229157 0.73564810 -0.00812447
v 0.03153870 0.73600550 -0.00816110
v 0.04334167 0.77100970 -0.00773661
v 0.04259827 0.77152140 -0.00778226
v 0.06518555 0.81964000 -0.00668852
v 0.06450958 0.82030800 -0.00674610
v 0.08914337 0.85835500 -0.00610085
v 0.08856720 0.85913260 -0.00614054
v 0.11398960 0.89137880 -0.00407979
v 0.11342560 0.89220900 -0.00410671
v 0.13401180 0.91546120 -0.00217729
v 0.13350620 0.91632120 -0.00220079
v 0.15868530 0.94400510 0.00001122
v 0.15818480 0.94486000 -0.00001212
v 0.18119810 0.97047040 0.00210041
v 0.18068540 0.97133390 0.00207588
v 0.19633270 0.98935130 0.00376206
v 0.19580230 0.99018030 0.00373753
v 0.21192380 1.01016800 0.00541809
v 0.21137180 1.01095700 0.00539220
v 0.22482420 1.02873800 0.00709149
v 0.22421940 1.02952200 0.00706356
v 0.23904880 1.05029500 0.00881208
v 0.23846440 1.05105900 0.00878363
v 0.24517270 1.05992300 0.00974161
v 0.24454280 1.06065900 0.00971504
v 0.25578220 1.07759100 0.01428197
v 0.25514590 1.07831800 0.01425710
v 0.24517270 1.05992300 0.00974161
v 0.24853090 1.06604100 0.01753186
v 0.25578220 1.07759100 0.01428197
v 0.24470030 1.05950200 0.01300989
v 0.23904880 1.05029500 0.00881208
v 0.23830990 1.04940100 0.01247554
v 0.24228730 1.05606700 0.01735181
v 0.22482420 1.02873800 0.00709149
v 0.22330260 1.02689500 0.01139560
v 0.22772220 1.03380200 0.01711419
v 0.21192380 1.01016800 0.00541809
v 0.21011080 1.00800700 0.01024445
v 0.21422300 1.01422500 0.01613985
v 0.19633270 0.98935130 0.00376206
v 0.19428860 0.98710320 0.00893881
v 0.19906950 0.99363660 0.01493386
v 0.18119810 0.97047040 0.00210041
v 0.17856570 0.96774110 0.00780112
v 0.18274570 0.97316390 0.01431434
v 0.15868530 0.94400510 0.00001122
v 0.15589050 0.94119170 0.00624746
v 0.15914060 0.94531780 0.01337731
v 0.13401180 0.91546120 -0.00217729
v 0.12985170 0.91106660 0.00421959
v 0.13019440 0.91181990 0.01098508
v 0.11398960 0.89137880 -0.00407979
v 0.10769470 0.88407470 0.00246170
v 0.10503300 0.88104470 0.00891138
v 0.08914337 0.85835500 -0.00610085
v 0.08354492 0.85081000 0.00065152
v 0.08141083 0.84806780 0.00713493
v 0.06518555 0.81964000 -0.00668852
v 0.06272186 0.81576780 -0.00055124
v 0.06299561 0.81681440 0.00587119
v 0.04334167 0.77100970 -0.00773661
v 0.04348938 0.77254330 -0.00166678
v 0.03229157 0.73564810 -0.00812447
v 0.00609039 0.64620240 -0.00276632
v 0.02335968 0.69844780 -0.00840485
v 0.02247009 0.69514630 -0.00304465
v 0.03017792 0.73206090 -0.00246516
v 0.03153870 0.73600550 -0.00816110
v 0.04278137 0.77306930 -0.00170375
v 0.04259827 0.77152140 -0.00778226
v 0.06207672 0.81642260 -0.00060047
v 0.06450958 0.82030800 -0.00674610
v 0.08296478 0.85156140 0.00061728
v 0.08856720 0.85913260 -0.00614054
v 0.10716160 0.88489040 0.00243922
v 0.11342560 0.89220900 -0.00410671
v 0.12934450 0.91192420 0.00419983
v 0.13350620 0.91632120 -0.00220079
v 0.15539000 0.94206760 0.00622515
v 0.15818480 0.94486000 -0.00001212
v 0.17805390 0.96858260 0.00777693
v 0.18068540 0.97133390 0.00207588
v 0.19375640 0.98793060 0.00891360
v 0.19580230 0.99018030 0.00373753
v 0.20952240 1.00880600 0.01021856
v 0.21137180 1.01095700 0.00539220
v 0.22273040 1.02766700 0.01136800
v 0.22421940 1.02952200 0.00706356
v 0.23772430 1.05015300 0.01244624
v 0.23846440 1.05105900 0.00878363
v 0.24413790 1.06023800 0.01298246
v 0.24454280 1.06065900 0.00971504
v 0.24796750 1.06676400 0.01750426
v 0.25514590 1.07831800 0.01425710
v 0.24170010 1.05681700 0.01732268
v 0.22714870 1.03456200 0.01708659
v 0.21370150 1.01502200 0.01611379
v 0.19856960 0.99445240 0.01490882
v 0.18223300 0.97401540 0.01429015
v 0.15867310 0.94619340 0.01335551
v 0.12968660 0.91267790 0.01096805
v 0.10449710 0.88185820 0.00889350
v 0.08082794 0.84882500 0.00710648
v 0.06235107 0.81746860 0.00583082
v 0.04485809 0.77928850 0.00537431
v 0.03021027 0.73331490 0.00475803
v 0.02246734 0.69644480 0.00411637
v 0.00609039 0.64620240 -0.00276632
v 0.00609039 0.64620240 -0.00276632
v 0.02246734 0.69644480 0.00411637
v 0.02324890 0.69621000 0.00414430
v 0.03021027 0.73331490 0.00475803
v 0.03096435 0.73294700 0.00477591
v 0.04485809 0.77928850 0.00537431
v 0.04556580 0.77878270 0.00540191
v 0.06235107 0.81746860 0.00583082
v 0.06299561 0.81681440 0.00587119
v 0.08082794 0.84882500 0.00710648
v 0.08141083 0.84806780 0.00713493
v 0.10449710 0.88185820 0.00889350
v 0.10503300 0.88104470 0.00891138
v 0.12968660 0.91267790 0.01096805
v 0.13019440 0.91181990 0.01098508
v 0.15867310 0.94619340 0.01335551
v 0.15914060 0.94531780 0.01337731
v 0.18223300 0.97401540 0.01429015
v 0.18274570 0.97316390 0.01431434
v 0.19856960 0.99445240 0.01490882
v 0.19906950 0.99363660 0.01493386
v 0.21370150 1.01502200 0.01611379
v 0.21422300 1.01422500 0.01613985
v 0.22714870 1.03456200 0.01708659
v 0.22772220 1.03380200 0.01711419
v 0.24170010 1.05681700 0.01732268
v 0.24228730 1.05606700 0.01735181
v 0.24796750 1.06676400 0.01750426
v 0.24853090 1.06604100 0.01753186
v 0.25514590 1.07831800 0.01425710
v 0.25578220 1.07759100 0.01428197
v 0.00694305 0.64310240 -0.00070523
v 0.00644196 0.67812700 0.00503023
v 0.00512024 0.67292310 0.00366940
v 0.00792206 0.70224880 0.00510194
v 0.00886139 0.70472270 0.00635001
v 0.01004578 0.73208950 0.00710205
v 0.01095154 0.73527270 0.00845845
v 0.01189423 0.76928380 0.01014889
v 0.01250610 0.76771280 0.01110415
v 0.01322083 0.81216720 0.01419732
v 0.01390137 0.81589960 0.01559136
v 0.01370819 0.84715290 0.01788548
v 0.01432678 0.85430200 0.01971951
v 0.01350891 0.87829700 0.02145236
v 0.01389587 0.88450090 0.02314296
v 0.00715179 0.70408660 0.00378949
v 0.00395904 0.67191460 0.00209837
v 0.00694305 0.64310240 -0.00070523
v 0.00924622 0.73366190 0.00585296
v 0.01134064 0.77550910 0.00950126
v 0.01261658 0.81340430 0.01330321
v 0.01303711 0.84463410 0.01664116
v 0.01294769 0.87574690 0.02025845
v 0.01234161 0.90147750 0.02353781
v 0.01289734 0.90076920 0.02427333
v 0.01109894 0.92489790 0.02685054
v 0.01177826 0.92216380 0.02723687
v 0.00992706 0.94082810 0.02943253
v 0.01322571 0.90398070 0.02554030
v 0.01058655 0.93785750 0.02963966
v 0.00891510 0.95083360 0.03115362
v 0.01214478 0.92381590 0.02823488
v 0.01088409 0.93920640 0.03051264
v 0.00962799 0.94770220 0.03123607
v 0.00786194 0.95974330 0.03267116
v 0.00986420 0.94866620 0.03197550
v 0.00855011 0.95709380 0.03280130
v 0.00680939 0.96738770 0.03404528
v 0.00879578 0.95790030 0.03346971
v 0.00754578 0.96471020 0.03411512
v 0.00554016 0.97536820 0.03566077
v 0.00772797 0.96533230 0.03469342
v 0.00624390 0.97298880 0.03566911
v 0.00642700 0.97324200 0.03610569
v 0.00492798 0.97875260 0.03636682
v 0.00565002 0.97648500 0.03635047
v 0.00579956 0.97657560 0.03671193
v 0.00440979 0.98250120 0.03753074
v 0.00579956 0.97657560 0.03671193
v 0.00408691 0.98233030 0.03773242
v 0.00440979 0.98250120 0.03753074
v 0.00544312 0.97643010 0.03691667
v 0.00642700 0.97324200 0.03610569
v 0.00610474 0.97309740 0.03631572
v 0.00772797 0.96533230 0.03469342
v 0.00740173 0.96521190 0.03490532
v 0.00879578 0.95790030 0.03346971
v 0.00839844 0.95778350 0.03368212
v 0.00986420 0.94866620 0.03197550
v 0.00950104 0.94856960 0.03218910
v 0.01088409 0.93920640 0.03051264
v 0.01048401 0.93912150 0.03072693
v 0.01214478 0.92381590 0.02823488
v 0.01174408 0.92374630 0.02845155
v 0.01289246 0.90391690 0.02576004
v 0.01352722 0.88446270 0.02336100
v 0.01432678 0.85430200 0.01971951
v 0.01395386 0.85427840 0.01993362
v 0.01390137 0.81589960 0.01559136
v 0.01352722 0.81587990 0.01580377
v 0.01250610 0.76771280 0.01110415
v 0.01217010 0.76771610 0.01132712
v 0.01095154 0.73527270 0.00845845
v 0.01055298 0.73527910 0.00868841
v 0.00886139 0.70472270 0.00635001
v 0.00846344 0.70474570 0.00658167
v 0.00644196 0.67812700 0.00503023
v 0.00603973 0.67815960 0.00525320
v 0.00694305 0.64310240 -0.00070523
v 0.00475647 0.67297720 0.00389850
v 0.00759766 0.70228170 0.00533871
v 0.00846344 0.70474570 0.00658167
v 0.00971802 0.73209520 0.00733695
v 0.01055298 0.73527910 0.00868841
v 0.01156189 0.76926510 0.01037714
v 0.01217010 0.76771610 0.01132712
v 0.01285004 0.81214660 0.01441790
v 0.01352722 0.81587990 0.01580377
v 0.01333893 0.84711900 0.01810726
v 0.01395386 0.85427840 0.01993362
v 0.01310883 0.87824830 0.02167907
v 0.01352722 0.88446270 0.02336100
v 0.01250000 0.90069450 0.02450107
v 0.01289246 0.90391690 0.02576004
v 0.01141571 0.92208330 0.02746069
v 0.01174408 0.92374630 0.02845155
v 0.01025726 0.93777190 0.02985837
v 0.01048401 0.93912150 0.03072693
v 0.00926605 0.94760540 0.03145274
v 0.00950104 0.94856960 0.03218910
v 0.00818970 0.95696530 0.03301712
v 0.00839844 0.95778350 0.03368212
v 0.00722229 0.96457020 0.03432958
v 0.00740173 0.96521190 0.03490532
v 0.00588837 0.97284220 0.03587965
v 0.00610474 0.97309740 0.03631572
v 0.00526092 0.97633950 0.03655675
v 0.00544312 0.97643010 0.03691667
v 0.00457214 0.97858580 0.03657293
v 0.00408691 0.98233030 0.03773242
v 0.00518585 0.97523150 0.03587284
v 0.00645294 0.96725460 0.03426093
v 0.00753693 0.95963440 0.03289005
v 0.00859039 0.95072510 0.03137387
v 0.00953156 0.94073080 0.02965635
v 0.01077484 0.92481580 0.02708067
v 0.01195099 0.90142270 0.02377339
v 0.01262085 0.87569820 0.02049233
v 0.01267456 0.84459970 0.01687077
v 0.01221649 0.81338290 0.01353181
v 0.01101318 0.77549960 0.00973701
v 0.00888855 0.73365650 0.00609280
v 0.00676209 0.70410900 0.00403085
v 0.00363892 0.67195490 0.00234076
v 0.00694305 0.64310240 -0.00070523
v 0.00440979 0.98250120 0.03753074
v 0.00408691 0.98233030 0.03773242
v 0.00457214 0.97858580 0.03657293
v 0.00492798 0.97875260 0.03636682
v 0.00518585 0.97523150 0.03587284
v 0.00554016 0.97536820 0.03566077
v 0.00680939 0.96738770 0.03404528
v 0.00786194 0.95974330 0.03267116
v 0.00891510 0.95083360 0.03115362
v 0.00953156 0.94073080 0.02965635
v 0.00992706 0.94082810 0.02943253
v 0.01077484 0.92481580 0.02708067
v 0.01109894 0.92489790 0.02685054
v 0.01195099 0.90142270 0.02377339
v 0.01234161 0.90147750 0.02353781
v 0.01262085 0.87569820 0.02049233
v 0.01294769 0.87574690 0.02025845
v 0.01267456 0.84459970 0.01687077
v 0.01303711 0.84463410 0.01664116
v 0.01221649 0.81338290 0.01353181
v 0.01261658 0.81340430 0.01330321
v 0.01101318 0.77549960 0.00973701
v 0.01134064 0.77550910 0.00950126
v 0.00888855 0.73365650 0.00609280
v 0.00924622 0.73366190 0.00585296
v 0.00676209 0.70410900 0.00403085
v 0.00715179 0.70408660 0.00378949
v 0.00363892 0.67195490 0.00234076
v 0.00395904 0.67191460 0.00209837
v 0.00694305 0.64310240 -0.00070523
v 0.00609039 0.64620240 -0.00276615
v 0.00707214 0.69763190 0.01395016
v 0.01295868 0.69568620 0.01000444
v 0.01219482 0.73444590 0.01897207
v 0.01809570 0.73264680 0.01495362
v 0.02156708 0.78065630 0.02924924
v 0.01795563 0.69855000 0.00758496
v 0.00609039 0.64620240 -0.00276615
v 0.01758026 0.69875500 0.00689356
v 0.02370300 0.73617890 0.01270141
v 0.02332153 0.73652990 0.01204322
v 0.03087921 0.77181640 0.02037054
v 0.03053589 0.77231220 0.01973773
v 0.04405182 0.82105260 0.03672607
v 0.04372681 0.82168530 0.03613498
v 0.05841003 0.86042720 0.05502157
v 0.05814453 0.86117260 0.05448909
v 0.07191589 0.89426330 0.07511533
v 0.07170288 0.89507380 0.07462476
v 0.08250244 0.91903990 0.09160611
v 0.08226776 0.91988050 0.09113581
v 0.09561493 0.94840600 0.11185780
v 0.09538300 0.94924180 0.11139180
v 0.10749880 0.97563530 0.13033810
v 0.10726040 0.97646890 0.12986340
v 0.11534610 0.99505950 0.14290580
v 0.11509610 0.99586800 0.14241570
v 0.12351960 1.01639400 0.15570030
v 0.12322270 1.01717300 0.15519300
v 0.13006680 1.03544100 0.16641730
v 0.12979460 1.03619300 0.16589520
v 0.13744570 1.05750100 0.17814250
v 0.13716640 1.05824300 0.17761030
v 0.14045230 1.06734700 0.18324190
v 0.14013000 1.06806100 0.18270160
v 0.14327150 1.08564800 0.19372160
v 0.14301270 1.08635300 0.19317820
v 0.14045230 1.06734700 0.18324190
v 0.13614200 1.07415400 0.19012920
v 0.14327150 1.08564800 0.19372160
v 0.13745330 1.06717800 0.18473270
v 0.13744570 1.05750100 0.17814250
v 0.13391690 1.05688000 0.17960360
v 0.13238370 1.06402600 0.18534110
v 0.13006680 1.03544100 0.16641730
v 0.12560360 1.03390200 0.16769120
v 0.12355900 1.04135600 0.17419840
v 0.12351960 1.01639400 0.15570030
v 0.11843020 1.01455900 0.15701370
v 0.11611390 1.02136300 0.16345390
v 0.11534610 0.99505950 0.14290580
v 0.10986850 0.99314730 0.14422930
v 0.10780460 1.00026100 0.15123470
v 0.10749880 0.97563530 0.13033810
v 0.10125850 0.97327800 0.13152470
v 0.09842224 0.97931730 0.13837430
v 0.09561493 0.94840600 0.11185780
v 0.08878570 0.94601040 0.11318330
v 0.08486877 0.95076630 0.11967270
v 0.08250244 0.91903990 0.09160611
v 0.07471344 0.91501860 0.09197012
v 0.06934082 0.91631530 0.09601394
v 0.07191589 0.89426330 0.07511533
v 0.06271911 0.88729900 0.07396249
v 0.05577911 0.88469820 0.07552823
v 0.05841003 0.86042720 0.05502157
v 0.04940308 0.85324820 0.05454445
v 0.04279632 0.85096410 0.05657898
v 0.04405182 0.82105260 0.03672607
v 0.03741699 0.81759320 0.03831787
v 0.03229919 0.81914340 0.04210057
v 0.03087921 0.77181640 0.02037054
v 0.02598450 0.77382260 0.02385685
v 0.02370300 0.73617890 0.01270141
v 0.00609039 0.64620240 -0.00276615
v 0.01253265 0.69589450 0.00932088
v 0.00666321 0.69785110 0.01327903
v 0.01183166 0.73479910 0.01832325
v 0.01774078 0.73299740 0.01429969
v 0.02117432 0.78114710 0.02862700
v 0.01758026 0.69875500 0.00689356
v 0.00609039 0.64620240 -0.00276615
v 0.02332153 0.73652990 0.01204322
v 0.02563507 0.77431270 0.02322933
v 0.03199188 0.81978390 0.04151682
v 0.03053589 0.77231220 0.01973773
v 0.03711792 0.81822320 0.03772936
v 0.04251862 0.85169990 0.05604718
v 0.04372681 0.82168530 0.03613498
v 0.04913147 0.85398820 0.05401181
v 0.05555511 0.88549160 0.07503852
v 0.05814453 0.86117260 0.05448909
v 0.06246582 0.88809560 0.07347243
v 0.06909912 0.91715450 0.09554636
v 0.07170288 0.89507380 0.07462476
v 0.07450806 0.91585710 0.09150084
v 0.08466797 0.95161220 0.11920720
v 0.08226776 0.91988050 0.09113581
v 0.08855163 0.94684690 0.11271780
v 0.09814911 0.98013870 0.13789910
v 0.09538300 0.94924180 0.11139180
v 0.10102050 0.97410000 0.13104820
v 0.10755400 1.00107800 0.15074320
v 0.10726040 0.97646890 0.12986340
v 0.10958430 0.99396490 0.14373830
v 0.11581630 1.02212800 0.16294490
v 0.11509610 0.99586800 0.14241570
v 0.11813320 1.01533800 0.15650560
v 0.12328670 1.04209500 0.17367490
v 0.12322270 1.01717300 0.15519300
v 0.12533200 1.03464300 0.16716830
v 0.13210330 1.06474500 0.18480510
v 0.12979460 1.03619300 0.16589520
v 0.13363710 1.05760000 0.17907010
v 0.13716640 1.05824300 0.17761030
v 0.13581760 1.07487700 0.18958540
v 0.13720060 1.06788100 0.18419320
v 0.14013000 1.06806100 0.18270160
v 0.14301270 1.08635300 0.19317820
v 0.00609039 0.64620240 -0.00276615
v 0.00666321 0.69785110 0.01327903
v 0.00707214 0.69763190 0.01395016
v 0.01183166 0.73479910 0.01832325
v 0.01219482 0.73444590 0.01897207
v 0.02117432 0.78114710 0.02862700
v 0.02156708 0.78065630 0.02924924
v 0.03199188 0.81978390 0.04151682
v 0.03229919 0.81914340 0.04210057
v 0.04251862 0.85169990 0.05604718
v 0.04279632 0.85096410 0.05657898
v 0.05555511 0.88549160 0.07503852
v 0.05577911 0.88469820 0.07552823
v 0.06909912 0.91715450 0.09554636
v 0.06934082 0.91631530 0.09601394
v 0.08466797 0.95161220 0.11920720
v 0.08486877 0.95076630 0.11967270
v 0.09814911 0.98013870 0.13789910
v 0.09842224 0.97931730 0.13837430
v 0.10755400 1.00107800 0.15074320
v 0.10780460 1.00026100 0.15123470
v 0.11581630 1.02212800 0.16294490
v 0.11611390 1.02136300 0.16345390
v 0.12328670 1.04209500 0.17367490
v 0.12355900 1.04135600 0.17419840
v 0.13210330 1.06474500 0.18480510
v 0.13238370 1.06402600 0.18534110
v 0.13581760 1.07487700 0.18958540
v 0.13614200 1.07415400 0.19012920
v 0.14301270 1.08635300 0.19317820
v 0.14327150 1.08564800 0.19372160
v 0.00609039 0.64620240 -0.00276632
v -0.00014496 0.69700370 -0.00533195
v -0.00159424 0.70040080 -0.00012352
v -0.00317047 0.73474460 -0.00605554
v -0.00499542 0.73886530 -0.00057032
v -0.01035431 0.77736470 -0.00770765
v -0.01146759 0.77579470 -0.00174974
v -0.02369476 0.82350610 -0.01077306
v -0.02675232 0.82774930 -0.00503726
v -0.03961517 0.86184160 -0.01446241
v -0.04535950 0.87026640 -0.00854827
v -0.05887634 0.89900330 -0.01938620
v -0.06525787 0.90730740 -0.01380201
v -0.07692169 0.92962370 -0.02410474
v -0.08157745 0.93468080 -0.01839092
v -0.09832458 0.96401820 -0.02966168
v -0.10181430 0.96726090 -0.02392027
v -0.11696590 0.99428080 -0.03428330
v -0.12017360 0.99740860 -0.02903569
v -0.12976170 1.01621700 -0.03751631
v -0.13240080 1.01877500 -0.03270460
v -0.14237910 1.03966200 -0.04087862
v -0.14477480 1.04209300 -0.03637488
v -0.15283420 1.06070000 -0.04370844
v -0.15482540 1.06275300 -0.03967177
v -0.16453980 1.08560400 -0.04665666
v -0.16579860 1.08660500 -0.04315672
v -0.16949800 1.09671900 -0.04797797
v -0.17045230 1.09718500 -0.04482382
v -0.17164760 1.10388500 -0.05288575
v -0.17787080 1.11657400 -0.05057409
v -0.16675410 1.09291800 -0.05194123
v -0.15527190 1.06832300 -0.04987928
v -0.14463200 1.04658200 -0.04720344
v -0.13254610 1.02354300 -0.04403992
v -0.11920170 1.00040400 -0.04124689
v -0.09973541 0.96870860 -0.03711210
v -0.07596801 0.93047390 -0.03079886
v -0.05547180 0.89558090 -0.02536848
v -0.03675140 0.85879300 -0.02056614
v -0.02270203 0.82462290 -0.01710879
v -0.01038361 0.78392850 -0.01482864
v -0.00179504 0.73575310 -0.01312543
v 0.00123596 0.69824240 -0.01231803
v 0.00609039 0.64620240 -0.00276632
v -0.17787080 1.11657400 -0.05057409
v -0.17720310 1.11717700 -0.05042334
v -0.16975370 1.09780800 -0.04467137
v -0.17045230 1.09718500 -0.04482382
v -0.16514370 1.08723800 -0.04300376
v -0.16579860 1.08660500 -0.04315672
v -0.15418030 1.06341700 -0.03952102
v -0.15482540 1.06275300 -0.03967177
v -0.14414580 1.04279700 -0.03622805
v -0.14477480 1.04209300 -0.03637488
v -0.13178920 1.01950100 -0.03256220
v -0.13240080 1.01877500 -0.03270460
v -0.11954440 0.99817200 -0.02889652
v -0.12017360 0.99740860 -0.02903569
v -0.10122710 0.96801850 -0.02378297
v -0.10181430 0.96726090 -0.02392027
v -0.08098694 0.93543170 -0.01825261
v -0.08157745 0.93468080 -0.01839092
v -0.06464752 0.90804560 -0.01365791
v -0.06525787 0.90730740 -0.01380201
v -0.04471374 0.87092410 -0.00838560
v -0.04535950 0.87026640 -0.00854827
v -0.02602539 0.82827680 -0.00484921
v -0.02675232 0.82774930 -0.00503726
v -0.01069000 0.77616540 -0.00156646
v -0.01146759 0.77579470 -0.00174974
v -0.00425812 0.73908570 -0.00039283
v -0.00499542 0.73886530 -0.00057032
v -0.00081818 0.70049420 0.00008531
v -0.00159424 0.70040080 -0.00012352
v 0.00609039 0.64620240 -0.00276632
v -0.16975370 1.09780800 -0.04467137
v -0.17720310 1.11717700 -0.05042334
v -0.17095000 1.10450500 -0.05273262
v -0.16880000 1.09734100 -0.04782483
v -0.16514370 1.08723800 -0.04300376
v -0.16385100 1.08623400 -0.04650318
v -0.16609890 1.09356700 -0.05178724
v -0.15418030 1.06341700 -0.03952102
v -0.15218960 1.06135200 -0.04355770
v -0.15459140 1.06897400 -0.04972854
v -0.14414580 1.04279700 -0.03622805
v -0.14178310 1.04035400 -0.04073230
v -0.14403530 1.04727200 -0.04705678
v -0.13178920 1.01950100 -0.03256220
v -0.12915010 1.01694200 -0.03737357
v -0.13193240 1.02425500 -0.04389718
v -0.11954440 0.99817200 -0.02889652
v -0.11633450 0.99502250 -0.03414447
v -0.11863980 1.00115600 -0.04110806
v -0.10122710 0.96801850 -0.02378297
v -0.09770385 0.96478590 -0.02952643
v -0.09914764 0.96947540 -0.03697719
v -0.08098694 0.93543170 -0.01825261
v -0.07629364 0.93037200 -0.02397001
v -0.07534058 0.93122300 -0.03066736
v -0.06464752 0.90804560 -0.01365791
v -0.05826263 0.89973710 -0.01924585
v -0.05488953 0.89629070 -0.02523255
v -0.04471374 0.87092410 -0.00838560
v -0.03896515 0.86248240 -0.01430451
v -0.03609802 0.85943920 -0.02041317
v -0.02602539 0.82827680 -0.00484921
v -0.02303253 0.82404040 -0.01059267
v -0.02203735 0.82515620 -0.01693759
v -0.01069000 0.77616540 -0.00156646
v -0.00964355 0.77775900 -0.00753357
v -0.00963745 0.78431310 -0.01466511
v -0.00425812 0.73908570 -0.00039283
v -0.00236237 0.73498400 -0.00588844
v -0.00101807 0.73597320 -0.01296923
v -0.00081818 0.70049420 0.00008531
v 0.00063538 0.69709000 -0.00514066
v 0.00609039 0.64620240 -0.00276632
v 0.00202118 0.69833680 -0.01214939
v 0.00609039 0.64620240 -0.00276632
v -0.17164760 1.10388500 -0.05288575
v -0.17720310 1.11717700 -0.05042334
v -0.17787080 1.11657400 -0.05057409
v -0.17095000 1.10450500 -0.05273262
v -0.16675410 1.09291800 -0.05194123
v -0.16609890 1.09356700 -0.05178724
v -0.15527190 1.06832300 -0.04987928
v -0.15459140 1.06897400 -0.04972854
v -0.14463200 1.04658200 -0.04720344
v -0.14403530 1.04727200 -0.04705678
v -0.13254610 1.02354300 -0.04403992
v -0.13193240 1.02425500 -0.04389718
v -0.11920170 1.00040400 -0.04124689
v -0.11863980 1.00115600 -0.04110806
v -0.09973541 0.96870860 -0.03711210
v -0.09914764 0.96947540 -0.03697719
v -0.07596801 0.93047390 -0.03079886
v -0.07534058 0.93122300 -0.03066736
v -0.05547180 0.89558090 -0.02536848
v -0.05488953 0.89629070 -0.02523255
v -0.03675140 0.85879300 -0.02056614
v -0.03609802 0.85943920 -0.02041317
v -0.02270203 0.82462290 -0.01710879
v -0.02203735 0.82515620 -0.01693759
v -0.01038361 0.78392850 -0.01482864
v -0.00963745 0.78431310 -0.01466511
v -0.00179504 0.73575310 -0.01312543
v -0.00101807 0.73597320 -0.01296923
v 0.00123596 0.69824240 -0.01231803
v 0.00202118 0.69833680 -0.01214939
v 0.00609039 0.64620240 -0.00276632
v 0.05852478 0.96646330 0.05670587
v 0.05921417 0.97197970 0.05901549
v 0.05800812 0.96855560 0.05764887
v 0.05811462 0.96641650 0.05672938
v 0.05791992 0.96337030 0.05548336
v 0.05746399 0.96317570 0.05545729
v 0.05736572 0.96542890 0.05640267
v 0.05658386 0.95596240 0.05273853
v 0.05593903 0.95541940 0.05260737
v 0.05574646 0.95800630 0.05361066
v 0.05535461 0.94896450 0.05034000
v 0.05460632 0.94826080 0.05017477
v 0.05439880 0.95081830 0.05111793
v 0.05382263 0.94023330 0.04750046
v 0.05299469 0.93938290 0.04730764
v 0.05280426 0.94241890 0.04836612
v 0.05226410 0.93126140 0.04471577
v 0.05128448 0.93003930 0.04443965
v 0.05099854 0.93293390 0.04542336
v 0.04867462 0.91506360 0.04017711
v 0.04820587 0.91777150 0.04105436
v 0.04980530 0.91657350 0.04048594
v 0.04526215 0.89449950 0.03491247
v 0.04441071 0.89527800 0.03525417
v 0.04672699 0.89751160 0.03553268
v 0.04178467 0.87279740 0.02993741
v 0.04036194 0.87042970 0.02959094
v 0.04380676 0.87869840 0.03111274
v 0.05234466 0.93107830 0.04511607
v 0.04988922 0.91639260 0.04088964
v 0.05383484 0.94004060 0.04789684
v 0.04681366 0.89735530 0.03593978
v 0.05382263 0.94023330 0.04750046
v 0.05536560 0.94877350 0.05073416
v 0.05535461 0.94896450 0.05034000
v 0.05659485 0.95575020 0.05312877
v 0.05658386 0.95596240 0.05273853
v 0.05796356 0.96314570 0.05586917
v 0.05791992 0.96337030 0.05548336
v 0.05856293 0.96623080 0.05708845
v 0.05852478 0.96646330 0.05670587
v 0.05925049 0.97175350 0.05939687
v 0.05921417 0.97197970 0.05901549
v 0.04385864 0.87856660 0.03152377
v 0.03933045 0.84941850 0.02492623
v 0.03941254 0.84928000 0.02534049
v 0.03709412 0.84257580 0.02373097
v 0.03351776 0.81205120 0.01794526
v 0.03356323 0.81194670 0.01836259
v 0.02650116 0.76494720 0.01027732
v 0.02656006 0.76484440 0.01069533
v 0.02185242 0.73319820 0.00588209
v 0.02192139 0.73310860 0.00630061
v 0.01750244 0.70257720 0.00246255
v 0.01757416 0.70250520 0.00288329
v 0.01391968 0.67626270 0.00031118
v 0.01394318 0.67621310 0.00073652
v 0.00694305 0.64310240 -0.00070523
v 0.03179443 0.80852270 0.01748501
v 0.02650116 0.76494720 0.01027732
v 0.03558471 0.84023670 0.02346950
v 0.02547943 0.76670530 0.01071748
v 0.02185242 0.73319820 0.00588209
v 0.03078979 0.80983010 0.01792431
v 0.02498383 0.77299150 0.01192773
v 0.02012176 0.73004080 0.00569250
v 0.01750244 0.70257720 0.00246255
v 0.01869568 0.73143450 0.00618410
v 0.01584412 0.70022710 0.00245438
v 0.01391968 0.67626270 0.00031118
v 0.01437988 0.70197580 0.00296267
v 0.01184784 0.67120080 0.00022789
v 0.00694305 0.64310240 -0.00070523
v 0.00986542 0.67017290 0.00055034
v 0.00694305 0.64310240 -0.00070523
v 0.03561676 0.84009660 0.02388087
v 0.04046570 0.87028610 0.02999924
v 0.03085388 0.80972280 0.01833841
v 0.04441071 0.89527800 0.03525417
v 0.03078979 0.80983010 0.01792431
v 0.04448181 0.89512990 0.03565771
v 0.02505890 0.77289530 0.01234216
v 0.04820587 0.91777150 0.04105436
v 0.02498383 0.77299150 0.01192773
v 0.01874542 0.73134270 0.00659956
v 0.01869568 0.73143450 0.00618410
v 0.01450073 0.70190230 0.00337965
v 0.01437988 0.70197580 0.00296267
v 0.00998566 0.67010830 0.00096954
v 0.00986542 0.67017290 0.00055034
v 0.00694305 0.64310240 -0.00070523
v 0.04826935 0.91758820 0.04145550
v 0.05099854 0.93293390 0.04542336
v 0.05109131 0.93274730 0.04582059
v 0.05280426 0.94241890 0.04836612
v 0.05289154 0.94222440 0.04876199
v 0.05439880 0.95081830 0.05111793
v 0.05441589 0.95062510 0.05151022
v 0.05574646 0.95800630 0.05361066
v 0.05583099 0.95779200 0.05399920
v 0.05736572 0.96542890 0.05640267
v 0.05737732 0.96521280 0.05678712
v 0.05800812 0.96855560 0.05764887
v 0.05808166 0.96832170 0.05803076
v 0.05921417 0.97197970 0.05901549
v 0.05925049 0.97175350 0.05939687
v 0.04876556 0.91490260 0.04057946
v 0.05133697 0.92985530 0.04483825
v 0.05300964 0.93918990 0.04770401
v 0.05462128 0.94805830 0.05056757
v 0.05595184 0.95520750 0.05299710
v 0.05750763 0.96295060 0.05584226
v 0.04535766 0.89435270 0.03531805
v 0.04448181 0.89512990 0.03565771
v 0.04184662 0.87265380 0.03034639
v 0.04046570 0.87028610 0.02999924
v 0.03711670 0.84245720 0.02414438
v 0.03561676 0.84009660 0.02388087
v 0.03184845 0.80840650 0.01790115
v 0.03085388 0.80972280 0.01833841
v 0.02554626 0.76660030 0.01113430
v 0.02505890 0.77289530 0.01234216
v 0.02019897 0.72994040 0.00610915
v 0.01874542 0.73134270 0.00659956
v 0.01592285 0.70016410 0.00287290
v 0.01450073 0.70190230 0.00337965
v 0.01191406 0.67115270 0.00065254
v 0.00998566 0.67010830 0.00096954
v 0.00694305 0.64310240 -0.00070523
v 0.01394318 0.67621310 0.00073652
v 0.00694305 0.64310240 -0.00070523
v 0.01757416 0.70250520 0.00288329
v 0.02192139 0.73310860 0.00630061
v 0.02656006 0.76484440 0.01069533
v 0.03356323 0.81194670 0.01836259
v 0.03941254 0.84928000 0.02534049
v 0.04385864 0.87856660 0.03152377
v 0.04681366 0.89735530 0.03593978
v 0.04988922 0.91639260 0.04088964
v 0.05234466 0.93107830 0.04511607
v 0.05383484 0.94004060 0.04789684
v 0.05536560 0.94877350 0.05073416
v 0.05659485 0.95575020 0.05312877
v 0.05796356 0.96314570 0.05586917
v 0.05815552 0.96619340 0.05711179
v 0.05856293 0.96623080 0.05708845
v 0.05925049 0.97175350 0.05939687
v 0.00694305 0.64310240 -0.00070505
v 0.00915405 0.67724990 0.00071795
v 0.00917999 0.67180660 -0.00058394
v 0.01173187 0.70138340 -0.00034121
v 0.01134888 0.70400320 0.00085729
v 0.01344757 0.73149340 -0.00033065
v 0.01309997 0.73496870 0.00084553
v 0.01474365 0.76889880 -0.00063539
v 0.01417847 0.76747430 0.00054284
v 0.01533417 0.81185440 -0.00136358
v 0.01485382 0.81580190 -0.00038499
v 0.01515411 0.84695460 -0.00225939
v 0.01456207 0.85435000 -0.00141059
v 0.01440643 0.87819050 -0.00339929
v 0.01374725 0.88459230 -0.00270431
v 0.01338531 0.90070720 -0.00447702
v 0.01281799 0.90410070 -0.00378426
v 0.01187927 0.92217190 -0.00578113
v 0.01136658 0.92397550 -0.00511375
v 0.01037201 0.93792300 -0.00695714
v 0.00986267 0.93940230 -0.00638924
v 0.00915954 0.94779510 -0.00783524
v 0.00875000 0.94888310 -0.00732627
v 0.00789002 0.95721170 -0.00879731
v 0.00751312 0.95814140 -0.00833620
v 0.00673492 0.96485640 -0.00967523
v 0.00643707 0.96558670 -0.00927034
v 0.00523926 0.97318140 -0.01075057
v 0.00499878 0.97351620 -0.01038469
v 0.00456940 0.97669250 -0.01126057
v 0.00434753 0.97685420 -0.01091904
v 0.00426636 0.97886900 -0.01205894
v 0.00326965 0.98272610 -0.01224495
v 0.00499268 0.97547300 -0.01158557
v 0.00658112 0.96743820 -0.01059846
v 0.00778137 0.95975910 -0.00970640
v 0.00906891 0.95081310 -0.00877959
v 0.01032013 0.94075160 -0.00793591
v 0.01204102 0.92474940 -0.00681832
v 0.01372650 0.90124250 -0.00541013
v 0.01493500 0.87544670 -0.00425235
v 0.01566193 0.84422300 -0.00323270
v 0.01583252 0.81287040 -0.00250059
v 0.01545654 0.77490320 -0.00204511
v 0.01410828 0.73251460 -0.00185637
v 0.01245270 0.70258880 -0.00193302
v 0.00975433 0.67020560 -0.00232378
v 0.00694305 0.64310240 -0.00070505
v 0.00694305 0.64310240 -0.00070505
v 0.00932281 0.67027380 -0.00248338
v 0.00878754 0.67186490 -0.00075462
v 0.01201874 0.70263080 -0.00209025
v 0.01130127 0.70142440 -0.00050678
v 0.01374084 0.73253990 -0.00201308
v 0.00879852 0.67731670 0.00053978
v 0.00694305 0.64310240 -0.00070505
v 0.00915405 0.67724990 0.00071795
v 0.01095490 0.70404390 0.00068439
v 0.01134888 0.70400320 0.00085729
v 0.01267120 0.73500400 0.00067196
v 0.01309997 0.73496870 0.00084553
v 0.01378662 0.76748440 0.00036297
v 0.01417847 0.76747430 0.00054284
v 0.01449951 0.81579810 -0.00057355
v 0.01485382 0.81580190 -0.00038499
v 0.01413757 0.85433210 -0.00159456
v 0.01456207 0.85435000 -0.00141059
v 0.01332123 0.88456070 -0.00288164
v 0.01374725 0.88459230 -0.00270431
v 0.01239136 0.90406340 -0.00395715
v 0.01281799 0.90410070 -0.00378426
v 0.01100952 0.92392080 -0.00528630
v 0.01136658 0.92397550 -0.00511375
v 0.00950714 0.93932050 -0.00656060
v 0.00986267 0.93940230 -0.00638924
v 0.00836243 0.94878800 -0.00749524
v 0.00875000 0.94888310 -0.00732627
v 0.00716095 0.95803460 -0.00850347
v 0.00751312 0.95814140 -0.00833620
v 0.00601593 0.96546570 -0.00943420
v 0.00643707 0.96558670 -0.00927034
v 0.00461517 0.97338940 -0.01054532
v 0.00499878 0.97351620 -0.01038469
v 0.00396729 0.97671490 -0.01108120
v 0.00434753 0.97685420 -0.01091904
v 0.00289276 0.98257110 -0.01240916
v 0.00326965 0.98272610 -0.01224495
v 0.00975433 0.67020560 -0.00232378
v 0.00932281 0.67027380 -0.00248338
v 0.00694305 0.64310240 -0.00070505
v 0.01245270 0.70258880 -0.00193302
v 0.01201874 0.70263080 -0.00209025
v 0.01410828 0.73251460 -0.00185637
v 0.01374084 0.73253990 -0.00201308
v 0.01545654 0.77490320 -0.00204511
v 0.01502228 0.77491370 -0.00220744
v 0.01583252 0.81287040 -0.00250059
v 0.01540253 0.81287770 -0.00267127
v 0.01566193 0.84422300 -0.00323270
v 0.01523132 0.84421790 -0.00340048
v 0.01493500 0.87544670 -0.00425235
v 0.01453613 0.87541760 -0.00441263
v 0.01372650 0.90124250 -0.00541013
v 0.01332581 0.90119670 -0.00556548
v 0.01204102 0.92474940 -0.00681832
v 0.01160889 0.92467450 -0.00697571
v 0.01032013 0.94075160 -0.00793591
v 0.00995911 0.94066950 -0.00809637
v 0.00906891 0.95081310 -0.00877959
v 0.00864349 0.95072800 -0.00894056
v 0.00778137 0.95975910 -0.00970640
v 0.00742493 0.95965160 -0.00986584
v 0.00658112 0.96743820 -0.01059846
v 0.00615875 0.96731540 -0.01075637
v 0.00499268 0.97547300 -0.01158557
v 0.00460754 0.97534440 -0.01174331
v 0.00426636 0.97886900 -0.01205894
v 0.00392090 0.97871850 -0.01221957
v 0.00326965 0.98272610 -0.01224495
v 0.00289276 0.98257110 -0.01240916
v 0.00994598 0.93784120 -0.00712322
v 0.00876923 0.94771090 -0.00800030
v 0.00753479 0.95711420 -0.00896049
v 0.01148468 0.92209740 -0.00594585
v 0.01160889 0.92467450 -0.00697571
v 0.00634766 0.96473570 -0.00983603
v 0.00460754 0.97534440 -0.01174331
v 0.01302277 0.90065040 -0.00464106
v 0.01332581 0.90119670 -0.00556548
v 0.00485474 0.97305310 -0.01090950
v 0.00392090 0.97871850 -0.01221957
v 0.01401062 0.87815990 -0.00356793
v 0.01453613 0.87541760 -0.00441263
v 0.01476013 0.84693830 -0.00243552
v 0.01523132 0.84421790 -0.00340048
v 0.01497650 0.81184070 -0.00154346
v 0.01540253 0.81287770 -0.00267127
v 0.01434936 0.76890840 -0.00080743
v 0.01502228 0.77491370 -0.00220744
v 0.01304932 0.73150850 -0.00049605
v 0.01095490 0.70404390 0.00068439
v 0.01267120 0.73500400 0.00067196
v 0.01378662 0.76748440 0.00036297
v 0.01449951 0.81579810 -0.00057355
v 0.01413757 0.85433210 -0.00159456
v 0.01332123 0.88456070 -0.00288164
v 0.01239136 0.90406340 -0.00395715
v 0.01100952 0.92392080 -0.00528630
v 0.00950714 0.93932050 -0.00656060
v 0.00836243 0.94878800 -0.00749524
v 0.00716095 0.95803460 -0.00850347
v 0.00601593 0.96546570 -0.00943420
v 0.00461517 0.97338940 -0.01054532
v 0.00418915 0.97655300 -0.01142137
v 0.00396729 0.97671490 -0.01108120
v 0.00289276 0.98257110 -0.01240916
v 0.00609039 0.64620240 -0.00276632
v 0.00641266 0.70166580 -0.01459051
v 0.00110687 0.69706750 -0.01059880
v 0.00544403 0.74008880 -0.01935708
v 0.00047699 0.73461430 -0.01475625
v 0.00159180 0.78728630 -0.02889414
v -0.00362793 0.70014070 -0.00792109
v 0.00609039 0.64620240 -0.00276632
v -0.00322235 0.70025170 -0.00723156
v -0.00468750 0.73851880 -0.01220134
v -0.00429626 0.73877470 -0.01154077
v -0.00745361 0.77578910 -0.01919798
v -0.00708283 0.77619560 -0.01855989
v -0.01448975 0.82652830 -0.03423662
v -0.01411896 0.82709000 -0.03363618
v -0.02382385 0.86795400 -0.05138149
v -0.02343109 0.86862150 -0.05083675
v -0.03311737 0.90422680 -0.07058388
v -0.03280548 0.90497340 -0.07007951
v -0.04081512 0.93127790 -0.08662377
v -0.04047577 0.93206760 -0.08613932
v -0.05040588 0.96325040 -0.10625120
v -0.05006988 0.96404690 -0.10576990
v -0.05900818 0.99268700 -0.12404690
v -0.05866729 0.99345900 -0.12355730
v -0.06451843 1.01359900 -0.13615690
v -0.06420319 1.01435400 -0.13565270
v -0.07008636 1.03642800 -0.14843730
v -0.06976349 1.03714100 -0.14791650
v -0.07440002 1.05669700 -0.15869770
v -0.07403687 1.05738200 -0.15816290
v -0.07913482 1.08017800 -0.16992080
v -0.07880035 1.08084100 -0.16937570
v -0.08102234 1.09060000 -0.17479260
v -0.08064758 1.09124500 -0.17424040
v -0.08137329 1.10814200 -0.18435360
v -0.08099457 1.10877600 -0.18379660
v -0.08102234 1.09060000 -0.17479260
v -0.07689575 1.09817200 -0.18176820
v -0.08137329 1.10814200 -0.18435360
v -0.07820252 1.09073700 -0.17671800
v -0.07913482 1.08017800 -0.16992080
v -0.07590728 1.07983600 -0.17186780
v -0.07403869 1.08717200 -0.17735780
v -0.07440002 1.05669700 -0.15869770
v -0.07029510 1.05541500 -0.16058580
v -0.06842590 1.06440700 -0.16741300
v -0.07008636 1.03642800 -0.14843730
v -0.06550415 1.03472900 -0.15036480
v -0.06326172 1.04277900 -0.15711140
v -0.06451843 1.01359900 -0.13615690
v -0.05959717 1.01181700 -0.13815820
v -0.05768036 1.02035000 -0.14555630
v -0.05900818 0.99268700 -0.12404690
v -0.05332367 0.99024150 -0.12592620
v -0.05093475 0.99769560 -0.13328070
v -0.05040588 0.96325040 -0.10625120
v -0.04416962 0.96053890 -0.10822570
v -0.04127197 0.96759210 -0.11589710
v -0.04081512 0.93127790 -0.08662377
v -0.03379333 0.92656030 -0.08752400
v -0.03011230 0.93096520 -0.09360729
v -0.03311737 0.90422680 -0.07058388
v -0.02508545 0.89621390 -0.06994000
v -0.02029175 0.89651790 -0.07356241
v -0.02382385 0.86795400 -0.05138149
v -0.01594391 0.85981820 -0.05139120
v -0.01136047 0.86019970 -0.05526010
v -0.01448975 0.82652830 -0.03423662
v -0.00848724 0.82254450 -0.03618290
v -0.00745361 0.77578910 -0.01919798
v -0.00456512 0.82619380 -0.04105662
v -0.00240387 0.77751900 -0.02288240
v -0.00468750 0.73851880 -0.01220134
v -0.00411072 0.82675450 -0.04048889
v 0.00203827 0.78769190 -0.02828722
v -0.01095825 0.86086560 -0.05473818
v 0.00544403 0.74008880 -0.01935708
v -0.01136047 0.86019970 -0.05526010
v 0.00591095 0.74035060 -0.01872666
v -0.01992035 0.89726670 -0.07306843
v 0.00687897 0.70178870 -0.01394101
v 0.00609039 0.64620240 -0.00276632
v -0.02029175 0.89651790 -0.07356241
v -0.02980042 0.93174300 -0.09312660
v -0.03011230 0.93096520 -0.09360729
v -0.04093597 0.96837710 -0.11541470
v -0.04127197 0.96759210 -0.11589710
v -0.05059753 0.99846450 -0.13278750
v -0.05093475 0.99769560 -0.13328070
v -0.05733490 1.02108100 -0.14504600
v -0.05768036 1.02035000 -0.14555630
v -0.06294098 1.04348800 -0.15658610
v -0.06326172 1.04277900 -0.15711140
v -0.06806488 1.06508800 -0.16687470
v -0.06842590 1.06440700 -0.16741300
v -0.07367035 1.08783100 -0.17681000
v -0.07403869 1.08717200 -0.17735780
v -0.07651886 1.09880400 -0.18121460
v -0.07689575 1.09817200 -0.18176820
v -0.08099457 1.10877600 -0.18379660
v -0.08137329 1.10814200 -0.18435360
v -0.08064758 1.09124500 -0.17424040
v -0.08099457 1.10877600 -0.18379660
v -0.07651886 1.09880400 -0.18121460
v -0.07779419 1.09138100 -0.17616540
v -0.07880035 1.08084100 -0.16937570
v -0.07553864 1.08049700 -0.17132120
v -0.07367035 1.08783100 -0.17681000
v -0.07403687 1.05738200 -0.15816290
v -0.06996551 1.05609800 -0.16004920
v -0.06806488 1.06508800 -0.16687470
v -0.06976349 1.03714100 -0.14791650
v -0.06514709 1.03544100 -0.14984240
v -0.06294098 1.04348800 -0.15658610
v -0.06420319 1.01435400 -0.13565270
v -0.05925049 1.01256000 -0.13765150
v -0.05733490 1.02108100 -0.14504600
v -0.05866729 0.99345900 -0.12355730
v -0.05298370 0.99101180 -0.12543430
v -0.05059753 0.99846450 -0.13278750
v -0.05006988 0.96404690 -0.10576990
v -0.04380096 0.96132450 -0.10774330
v -0.04093597 0.96837710 -0.11541470
v -0.04047577 0.93206760 -0.08613932
v -0.03344848 0.92733670 -0.08704076
v -0.02980042 0.93174300 -0.09312660
v -0.03280548 0.90497340 -0.07007951
v -0.02468933 0.89695230 -0.06943853
v -0.01992035 0.89726670 -0.07306843
v -0.02343109 0.86862150 -0.05083675
v -0.01559692 0.86047620 -0.05085583
v -0.01095825 0.86086560 -0.05473818
v -0.01411896 0.82709000 -0.03363618
v -0.00809265 0.82310820 -0.03559797
v -0.00411072 0.82675450 -0.04048889
v -0.00708283 0.77619560 -0.01855989
v -0.00201141 0.77794250 -0.02225913
v 0.00203827 0.78769190 -0.02828722
v -0.00429626 0.73877470 -0.01154077
v 0.00092468 0.73487290 -0.01411015
v 0.00591095 0.74035060 -0.01872666
v -0.00322235 0.70025170 -0.00723156
v 0.00154266 0.69718210 -0.00992665
v 0.00609039 0.64620240 -0.00276632
v 0.00687897 0.70178870 -0.01394101
v 0.00609039 0.64620240 -0.00276632
v 0.08288818 1.09522100 -0.21195450
v 0.08283173 1.09590700 -0.21131500
v 0.07588745 1.07776600 -0.20282880
v 0.07597839 1.07708100 -0.20346110
v 0.07359924 1.06776700 -0.19766280
v 0.07369018 1.06707400 -0.19828690
v 0.06876953 1.04526600 -0.18542720
v 0.06882141 1.04453200 -0.18603750
v 0.06429138 1.02583600 -0.17431280
v 0.06434112 1.02507400 -0.17490810
v 0.05931671 1.00395600 -0.16074470
v 0.05935821 1.00318500 -0.16131970
v 0.05444183 0.98403290 -0.14742220
v 0.05451141 0.98322470 -0.14798020
v 0.04769653 0.95595100 -0.12750460
v 0.04776398 0.95514020 -0.12805290
v 0.04040985 0.92562350 -0.10557240
v 0.04047943 0.92480830 -0.10612530
v 0.03430389 0.90001230 -0.08780694
v 0.03442962 0.89923450 -0.08838320
v 0.02683716 0.86361180 -0.06597828
v 0.02697082 0.86290850 -0.06658655
v 0.02078522 0.82280980 -0.04516330
v 0.02098602 0.82219850 -0.04581842
v 0.01434936 0.77396190 -0.02714817
v 0.01450836 0.77349320 -0.02786632
v 0.01072021 0.73721970 -0.01879820
v 0.01091125 0.73691490 -0.01955518
v 0.00762085 0.69903590 -0.01339831
v 0.00784485 0.69886300 -0.01416790
v 0.00609039 0.64620240 -0.00276632
v 0.01284943 0.69573840 -0.01268493
v 0.01615692 0.73315820 -0.01759817
v 0.01091125 0.73691490 -0.01955518
v 0.02064545 0.77482890 -0.02699146
v 0.01450836 0.77349320 -0.02786632
v 0.02653473 0.81886680 -0.04269613
v 0.02098602 0.82219850 -0.04581842
v 0.03246429 0.85489230 -0.06055165
v 0.02697082 0.86290850 -0.06658655
v 0.03958374 0.89086190 -0.08171973
v 0.03442962 0.89923450 -0.08838320
v 0.04594879 0.91956970 -0.10134660
v 0.04047943 0.92480830 -0.10612530
v 0.05335907 0.95161410 -0.12453000
v 0.04776398 0.95514020 -0.12805290
v 0.05964782 0.97983090 -0.14473050
v 0.05451141 0.98322470 -0.14798020
v 0.06405029 1.00035800 -0.15866030
v 0.05935821 1.00318500 -0.16131970
v 0.06872711 1.02239100 -0.17252370
v 0.06434112 1.02507400 -0.17490810
v 0.07279297 1.04224400 -0.18403080
v 0.06882141 1.04453200 -0.18603750
v 0.07714783 1.06582100 -0.19701770
v 0.07369018 1.06707400 -0.19828690
v 0.07911713 1.07637900 -0.20255030
v 0.07597839 1.07708100 -0.20346110
v 0.08450073 1.08285800 -0.20515490
v 0.08288818 1.09522100 -0.21195450
v 0.08283173 1.09590700 -0.21131500
v 0.08437439 1.08353000 -0.20452400
v 0.08287933 1.07241400 -0.19973820
v 0.08287933 1.07241400 -0.19973820
v 0.07939087 1.04903200 -0.18697440
v 0.08278778 1.07312500 -0.19911450
v 0.07546844 1.02848000 -0.17524920
v 0.07939087 1.04903200 -0.18697440
v 0.07930358 1.04974400 -0.18636000
v 0.07100464 1.00678600 -0.16197300
v 0.07546844 1.02848000 -0.17524920
v 0.07542145 1.02922900 -0.17465250
v 0.06693847 0.98507260 -0.14744770
v 0.07100464 1.00678600 -0.16197300
v 0.07092865 1.00757600 -0.16139610
v 0.06112305 0.95544870 -0.12632630
v 0.06693847 0.98507260 -0.14744770
v 0.06686676 0.98588900 -0.14688850
v 0.05271667 0.91983880 -0.10057700
v 0.06112305 0.95544870 -0.12632630
v 0.06105804 0.95625840 -0.12577670
v 0.04537414 0.88721330 -0.07830872
v 0.05271667 0.91983880 -0.10057700
v 0.05268677 0.92064110 -0.10002020
v 0.03846557 0.85224800 -0.05766016
v 0.04537414 0.88721330 -0.07830872
v 0.04532348 0.88798740 -0.07772854
v 0.03302612 0.81991670 -0.04188889
v 0.03846557 0.85224800 -0.05766016
v 0.03834595 0.85295550 -0.05704575
v 0.02821533 0.78065220 -0.02750026
v 0.03302612 0.81991670 -0.04188889
v 0.03289093 0.82052190 -0.04122338
v 0.02337067 0.73383190 -0.01642079
v 0.02821533 0.78065220 -0.02750026
v 0.02002624 0.69713190 -0.01147400
v 0.00609039 0.64620240 -0.00276632
v 0.02805695 0.78111000 -0.02677513
v 0.02337067 0.73383190 -0.01642079
v 0.02321075 0.73414650 -0.01565785
v 0.02002624 0.69713190 -0.01147400
v 0.01984589 0.69729200 -0.01069522
v 0.00609039 0.64620240 -0.00276632
v 0.07588745 1.07776600 -0.20282880
v 0.08283173 1.09590700 -0.21131500
v 0.08437439 1.08353000 -0.20452400
v 0.07902649 1.07705300 -0.20191800
v 0.07359924 1.06776700 -0.19766280
v 0.07708984 1.06653400 -0.19639730
v 0.08278778 1.07312500 -0.19911450
v 0.06876953 1.04526600 -0.18542720
v 0.07267090 1.04295600 -0.18342150
v 0.07930358 1.04974400 -0.18636000
v 0.06429138 1.02583600 -0.17431280
v 0.06864532 1.02314200 -0.17192840
v 0.07542145 1.02922900 -0.17465250
v 0.05931671 1.00395600 -0.16074470
v 0.06397521 1.00114800 -0.15808390
v 0.07092865 1.00757600 -0.16139610
v 0.05444183 0.98403290 -0.14742220
v 0.05954346 0.98064730 -0.14417170
v 0.06686676 0.98588900 -0.14688850
v 0.04769653 0.95595100 -0.12750460
v 0.05329223 0.95243530 -0.12398110
v 0.06105804 0.95625840 -0.12577670
v 0.04040985 0.92562350 -0.10557240
v 0.04588257 0.92038280 -0.10079180
v 0.05268677 0.92064110 -0.10002020
v 0.03430389 0.90001230 -0.08780694
v 0.03946075 0.89163760 -0.08114076
v 0.04532348 0.88798740 -0.07772854
v 0.02683716 0.86361180 -0.06597828
v 0.03233581 0.85559930 -0.05993809
v 0.03834595 0.85295550 -0.05704575
v 0.02078522 0.82280980 -0.04516330
v 0.02638184 0.81947120 -0.04203385
v 0.03289093 0.82052190 -0.04122338
v 0.01434936 0.77396190 -0.02714817
v 0.02050262 0.77529980 -0.02627008
v 0.02805695 0.78111000 -0.02677513
v 0.01072021 0.73721970 -0.01879820
v 0.01601624 0.73346320 -0.01683812
v 0.02321075 0.73414650 -0.01565785
v 0.00762085 0.69903590 -0.01339831
v 0.01267944 0.69591460 -0.01190990
v 0.00609039 0.64620240 -0.00276632
v 0.01984589 0.69729200 -0.01069522
v 0.00609039 0.64620240 -0.00276632
v 0.00694305 0.64310240 -0.00070523
v 0.01182739 0.67120390 0.00015362
v 0.01076111 0.67007290 0.00176042
v 0.01631653 0.70171630 0.00325991
v 0.01680420 0.70008410 0.00163539
v 0.02221222 0.73083150 0.00521913
v 0.01327759 0.67627090 -0.00080947
v 0.00694305 0.64310240 -0.00070523
v 0.01788879 0.70248750 0.00065629
v 0.02268799 0.72943440 0.00366344
v 0.03149689 0.77177490 0.00853238
v 0.02396850 0.73251330 0.00277461
v 0.03073517 0.76580880 0.00671010
v 0.04049499 0.80805650 0.01189503
v 0.03100830 0.76418600 0.00546289
v 0.04080780 0.80688760 0.01071135
v 0.04837921 0.83786080 0.01507047
v 0.04229461 0.81044670 0.01007360
v 0.04962158 0.84026570 0.01434262
v 0.05673431 0.86734310 0.01855167
v 0.05208527 0.84703990 0.01411095
v 0.05795471 0.86976640 0.01794492
v 0.06419830 0.89153620 0.02174380
v 0.06029755 0.87559410 0.01779026
v 0.06446259 0.89086990 0.02079622
v 0.07156372 0.91330150 0.02495264
v 0.06593658 0.89386530 0.02039916
v 0.07112671 0.91078950 0.02375073
v 0.07704406 0.92794100 0.02721847
v 0.07208709 0.91231300 0.02324602
v 0.07639556 0.92522760 0.02606920
v 0.08072571 0.93706310 0.02871677
v 0.07730011 0.92646960 0.02562768
v 0.07995819 0.93421110 0.02760582
v 0.08410400 0.94511170 0.03015766
v 0.08062714 0.93508510 0.02718628
v 0.08342835 0.94272410 0.02913086
v 0.08715912 0.95197830 0.03143332
v 0.08409241 0.94346030 0.02874079
v 0.08639587 0.94956850 0.03040856
v 0.09064819 0.95905170 0.03276247
v 0.08696380 0.95013250 0.03005630
v 0.08989166 0.95695230 0.03185559
v 0.09023498 0.95717560 0.03151815
v 0.09213959 0.96200530 0.03335712
v 0.09138793 0.96002480 0.03250032
v 0.09166992 0.96010250 0.03217736
v 0.09413239 0.96527840 0.03367804
v 0.09413239 0.96527840 0.03367804
v 0.09443542 0.96499150 0.03386915
v 0.09244750 0.96173160 0.03354534
v 0.09213959 0.96200530 0.03335712
v 0.09092865 0.95876590 0.03294848
v 0.09064819 0.95905170 0.03276247
v 0.08747986 0.95170500 0.03162035
v 0.08715912 0.95197830 0.03143332
v 0.08446533 0.94486100 0.03034639
v 0.08410400 0.94511170 0.03015766
v 0.08109009 0.93681160 0.02890703
v 0.08072571 0.93706310 0.02871677
v 0.07737976 0.92772060 0.02740908
v 0.07704406 0.92794100 0.02721847
v 0.07190704 0.91308490 0.02514137
v 0.07156372 0.91330150 0.02495264
v 0.06451447 0.89132570 0.02193066
v 0.06419830 0.89153620 0.02174380
v 0.05712128 0.86715810 0.01874347
v 0.05673431 0.86734310 0.01855167
v 0.04876770 0.83768810 0.01526891
v 0.04837921 0.83786080 0.01507047
v 0.04088684 0.80788570 0.01209619
v 0.04049499 0.80805650 0.01189503
v 0.03182800 0.77163650 0.00872657
v 0.03149689 0.77177490 0.00853238
v 0.02258270 0.73069770 0.00540957
v 0.02221222 0.73083150 0.00521913
v 0.01669067 0.70159910 0.00345171
v 0.01631653 0.70171630 0.00325991
v 0.01113739 0.66997310 0.00195358
v 0.01076111 0.67007290 0.00176042
v 0.00694305 0.64310240 -0.00070523
v 0.09197723 0.95982040 0.03236711
v 0.09244750 0.96173160 0.03354534
v 0.09443542 0.96499150 0.03386915
v 0.09169525 0.95974120 0.03268871
v 0.09054840 0.95690180 0.03170688
v 0.09020568 0.95666750 0.03204330
v 0.09092865 0.95876590 0.03294848
v 0.08724853 0.94987150 0.03024845
v 0.08675018 0.94930800 0.03059815
v 0.08747986 0.95170500 0.03162035
v 0.08438110 0.94320120 0.02893650
v 0.08378723 0.94246350 0.02932334
v 0.08446533 0.94486100 0.03034639
v 0.08098786 0.93484570 0.02738455
v 0.08025238 0.93398160 0.02780035
v 0.08109009 0.93681160 0.02890703
v 0.07759704 0.92622980 0.02582868
v 0.07672943 0.92500820 0.02626458
v 0.07737976 0.92772060 0.02740908
v 0.07245728 0.91208760 0.02344872
v 0.07146789 0.91057400 0.02394594
v 0.07190704 0.91308490 0.02514137
v 0.06627838 0.89367550 0.02060288
v 0.06480926 0.89065950 0.02099108
v 0.06451447 0.89132570 0.02193066
v 0.06064178 0.87540790 0.01799790
v 0.05830444 0.86958000 0.01814456
v 0.05712128 0.86715810 0.01874347
v 0.05243072 0.84686650 0.01432541
v 0.04993835 0.84009300 0.01454923
v 0.04876770 0.83768810 0.01526891
v 0.04264069 0.81029730 0.01029248
v 0.04115997 0.80671700 0.01092137
v 0.04088684 0.80788570 0.01209619
v 0.03139740 0.76402880 0.00567445
v 0.03109497 0.76567090 0.00691400
v 0.03182800 0.77163650 0.00872657
v 0.02436523 0.73238000 0.00298021
v 0.02302032 0.72930060 0.00386137
v 0.02258270 0.73069770 0.00540957
v 0.01829010 0.70235990 0.00086069
v 0.01717407 0.69997690 0.00183349
v 0.01669067 0.70159910 0.00345171
v 0.01367737 0.67618220 -0.00059451
v 0.01216278 0.67110660 0.00036262
v 0.00694305 0.64310240 -0.00070523
v 0.01113739 0.66997310 0.00195358
v 0.00694305 0.64310240 -0.00070523
v 0.09166992 0.96010250 0.03217736
v 0.09443542 0.96499150 0.03386915
v 0.09413239 0.96527840 0.03367804
v 0.09197723 0.95982040 0.03236711
v 0.09023498 0.95717560 0.03151815
v 0.09054840 0.95690180 0.03170688
v 0.08696380 0.95013250 0.03005630
v 0.08724853 0.94987150 0.03024845
v 0.08409241 0.94346030 0.02874079
v 0.08438110 0.94320120 0.02893650
v 0.08062714 0.93508510 0.02718628
v 0.08098786 0.93484570 0.02738455
v 0.07730011 0.92646960 0.02562768
v 0.07759704 0.92622980 0.02582868
v 0.07208709 0.91231300 0.02324602
v 0.07245728 0.91208760 0.02344872
v 0.06593658 0.89386530 0.02039916
v 0.06627838 0.89367550 0.02060288
v 0.06029755 0.87559410 0.01779026
v 0.06064178 0.87540790 0.01799790
v 0.05208527 0.84703990 0.01411095
v 0.05243072 0.84686650 0.01432541
v 0.04229461 0.81044670 0.01007360
v 0.04264069 0.81029730 0.01029248
v 0.03100830 0.76418600 0.00546289
v 0.03139740 0.76402880 0.00567445
v 0.02396850 0.73251330 0.00277461
v 0.02436523 0.73238000 0.00298021
v 0.01788879 0.70248750 0.00065629
v 0.01829010 0.70235990 0.00086069
v 0.01327759 0.67627090 -0.00080947
v 0.01367737 0.67618220 -0.00059451
v 0.00694305 0.64310240 -0.00070523
v 0.04133240 0.19170770 -0.07484552
v 0.05904480 0.19172770 -0.06125537
v 0.07263641 0.19174290 -0.04354366
v 0.02068909 0.19168460 -0.08338802
v 0.08116333 0.19175360 -0.02291745
v -0.00144531 0.19166060 -0.08630089
v 0.08407776 0.19175560 -0.00078257
v -0.02356201 0.19163540 -0.08338581
v 0.08116363 0.19175360 0.02135236
v -0.04418640 0.19161210 -0.07484160
v 0.07263641 0.19174290 0.04197844
v -0.06189667 0.19159180 -0.06125082
v 0.05904480 0.19172770 0.05969019
v -0.07550292 0.19157630 -0.04353968
v 0.04133240 0.19170770 0.07328039
v -0.08404541 0.19156650 -0.02291517
v 0.02068909 0.19168460 0.08182284
v -0.08695892 0.19156310 -0.00078257
v -0.00144501 0.19166060 0.08473577
v -0.08404541 0.19156650 0.02135003
v -0.02356140 0.19163540 0.08182060
v -0.07550292 0.19157630 0.04197454
v -0.04418640 0.19161210 0.07327642
v -0.06189636 0.19159180 0.05968571
v 0.00493134 0.64034990 -0.00048563
v 0.01333618 0.65960370 -0.00564059
v 0.00969849 0.65975330 -0.00770230
v 0.02101898 0.68483330 -0.01093787
v 0.01601349 0.68484210 -0.01364169
v 0.03666748 0.73115350 -0.02492922
v 0.00746216 0.66212280 -0.00979880
v 0.00493134 0.64034990 -0.00048563
v 0.00724274 0.66233280 -0.00942523
v 0.01321289 0.68923390 -0.01711700
v 0.01293976 0.68970300 -0.01664100
v 0.02291260 0.72594000 -0.02929262
v 0.02262024 0.72673770 -0.02875567
v 0.03829315 0.76440890 -0.04765441
v 0.03801971 0.76530150 -0.04713976
v 0.05293671 0.79045470 -0.06726289
v 0.05276275 0.79145150 -0.06681670
v 0.06913055 0.81173250 -0.08720722
v 0.06897644 0.81277570 -0.08680045
v 0.08237182 0.82735380 -0.10329210
v 0.08220764 0.82840140 -0.10289920
v 0.09856689 0.84675580 -0.12321780
v 0.09841644 0.84781160 -0.12281450
v 0.11359800 0.86615110 -0.14129370
v 0.11350160 0.86723010 -0.14091830
v 0.12333860 0.87437700 -0.15357660
v 0.12328730 0.87552040 -0.15329550
v 0.13284390 0.87992020 -0.16609030
v 0.13278750 0.88113300 -0.16597840
v 0.14025080 0.87892060 -0.17595260
v 0.14031620 0.88013140 -0.17611440
v 0.14764100 0.87181260 -0.18558760
v 0.14768650 0.87291150 -0.18593270
v 0.15094450 0.86848590 -0.18993720
v 0.15091860 0.86962810 -0.19023740
v 0.15983610 0.86618540 -0.20031930
v 0.15972780 0.86734040 -0.20053310
v 0.15094450 0.86848590 -0.18993720
v 0.15990600 0.86981810 -0.19057270
v 0.15983610 0.86618540 -0.20031930
v 0.15390320 0.86967920 -0.18823830
v 0.14764100 0.87181260 -0.18558760
v 0.15084780 0.87312300 -0.18339120
v 0.15715450 0.87272540 -0.18486880
v 0.14025080 0.87892060 -0.17595260
v 0.14363590 0.87968230 -0.17260630
v 0.15095890 0.87939600 -0.17350740
v 0.13284390 0.87992020 -0.16609030
v 0.13634950 0.87904370 -0.16195790
v 0.14387660 0.87994950 -0.16252840
v 0.12333860 0.87437700 -0.15357660
v 0.12697140 0.87261810 -0.14902370
v 0.11359800 0.86615110 -0.14129370
v 0.13489870 0.87342920 -0.14999100
v 0.11726200 0.86283250 -0.13602890
v 0.09856689 0.84675580 -0.12321780
v 0.10264340 0.84340030 -0.11749150
v 0.08237182 0.82735380 -0.10329210
v 0.12564880 0.86544350 -0.13612340
v 0.08580200 0.82300760 -0.09631532
v 0.06913055 0.81173250 -0.08720722
v 0.11099670 0.84492390 -0.11645880
v 0.09215637 0.82214220 -0.09299285
v 0.07146240 0.80553930 -0.07838125
v 0.05293671 0.79045470 -0.06726289
v 0.07580139 0.80222080 -0.07267597
v 0.05584900 0.78400270 -0.05894228
v 0.03829315 0.76440890 -0.04765441
v 0.06050140 0.78082850 -0.05371695
v 0.04243225 0.76043660 -0.04233639
v 0.02291260 0.72594000 -0.02929262
v 0.04844727 0.75982840 -0.03912032
v 0.02847839 0.72633640 -0.02648071
v 0.01321289 0.68923390 -0.01711700
v 0.15091860 0.86962810 -0.19023740
v 0.15972780 0.86734040 -0.20053310
v 0.15979430 0.87094990 -0.19086890
v 0.15383360 0.87081650 -0.18855640
v 0.14768650 0.87291150 -0.18593270
v 0.15081150 0.87422930 -0.18374590
v 0.14031620 0.88013140 -0.17611440
v 0.14363830 0.88088970 -0.17279570
v 0.13278750 0.88113300 -0.16597840
v 0.15707790 0.87381980 -0.18522770
v 0.13631220 0.88024880 -0.16183770
v 0.12328730 0.87552040 -0.15329550
v 0.15091950 0.88060260 -0.17369410
v 0.14383540 0.88116400 -0.16240450
v 0.12691990 0.87376060 -0.14874560
v 0.11350160 0.86723010 -0.14091830
v 0.13482330 0.87457080 -0.14971270
v 0.11714110 0.86392300 -0.13566900
v 0.09841644 0.84781160 -0.12281450
v 0.12549440 0.86653240 -0.13576500
v 0.10247010 0.84445660 -0.11708870
v 0.08220764 0.82840140 -0.10289920
v 0.11086850 0.84597990 -0.11605600
v 0.08565979 0.82407310 -0.09592204
v 0.06897644 0.81277570 -0.08680045
v 0.09199096 0.82318880 -0.09259910
v 0.07130737 0.80656960 -0.07797086
v 0.05276275 0.79145150 -0.06681670
v 0.07566895 0.80325000 -0.07226274
v 0.05565124 0.78498460 -0.05849030
v 0.03801971 0.76530150 -0.04713976
v 0.06032715 0.78180650 -0.05326010
v 0.04216309 0.76132500 -0.04181677
v 0.02262024 0.72673770 -0.02875567
v 0.04816223 0.76070500 -0.03859628
v 0.02822021 0.72713210 -0.02593005
v 0.01293976 0.68970300 -0.01664100
v 0.03635956 0.73194100 -0.02434807
v 0.01578186 0.68528130 -0.01317203
v 0.00724274 0.66233280 -0.00942523
v 0.02077576 0.68527540 -0.01045496
v 0.00949036 0.65996040 -0.00732976
v 0.00493134 0.64034990 -0.00048563
v 0.01311584 0.65981490 -0.00525841
v 0.00493134 0.64034990 -0.00048563
v 0.15990600 0.86981810 -0.19057270
v 0.15972780 0.86734040 -0.20053310
v 0.15983610 0.86618540 -0.20031930
v 0.15715450 0.87272540 -0.18486880
v 0.15095890 0.87939600 -0.17350740
v 0.15091950 0.88060260 -0.17369410
v 0.14387660 0.87994950 -0.16252840
v 0.14383540 0.88116400 -0.16240450
v 0.13482330 0.87457080 -0.14971270
v 0.12549440 0.86653240 -0.13576500
v 0.11099670 0.84492390 -0.11645880
v 0.11086850 0.84597990 -0.11605600
v 0.09215637 0.82214220 -0.09299285
v 0.09199096 0.82318880 -0.09259910
v 0.07580139 0.80222080 -0.07267597
v 0.07566895 0.80325000 -0.07226274
v 0.06050140 0.78082850 -0.05371695
v 0.06032715 0.78180650 -0.05326010
v 0.04844727 0.75982840 -0.03912032
v 0.04816223 0.76070500 -0.03859628
v 0.03666748 0.73115350 -0.02492922
v 0.03635956 0.73194100 -0.02434807
v 0.02101898 0.68483330 -0.01093787
v 0.02077576 0.68527540 -0.01045496
v 0.01333618 0.65960370 -0.00564059
v 0.01311584 0.65981490 -0.00525841
v 0.00493134 0.64034990 -0.00048563
vn 0.00000000 1.00000000 0.00000000
vn 0.00000000 1.00000000 0.00000000
vn 0.00000000 1.00000000 0.00000000
vn 0.00000000 1.00000000 0.00000000
vn 0.97489980 0.21953280 0.03709058
vn 0.97489980 0.21953270 0.03709058
vn 0.97489980 0.21953270 0.03709058
vn 0.99061910 0.13354910 -0.02895454
vn 0.98424240 0.11937650 -0.13044660
vn 0.96208670 0.19476160 -0.19093770
vn 0.99281750 0.11751500 -0.02244491
vn 0.97489980 0.21953280 0.03709058
vn 0.99268480 0.12050180 0.00748604
vn 0.98003820 0.19430000 -0.04210092
vn 0.76727490 0.62998990 0.12000800
vn 0.98014610 0.19467390 -0.03762615
vn 0.94274840 0.33309500 0.01652785
vn 0.78436020 0.61996880 0.02044035
vn 0.94170580 0.33477010 0.03345199
vn 0.77691180 0.61830790 -0.11875810
vn 0.61858070 0.78132610 0.08299147
vn 0.56423420 0.77788450 0.27665060
vn 0.73395530 0.64674540 0.20743670
vn 0.58334640 0.80770360 0.08556816
vn 0.78353280 0.60909480 0.12280010
vn 0.52225670 0.82348980 -0.22161370
vn 0.62686460 0.77491970 -0.08087201
vn 0.82664360 0.54355330 -0.14563680
vn 0.71490140 0.64634450 -0.26674850
vn 0.45627330 0.87510900 -0.16124210
vn 0.71467690 0.67547570 -0.18157540
vn 0.51704760 0.80896510 -0.27970880
vn -0.00724377 -0.01690271 0.99983080
vn -0.82637450 -0.54393060 0.14575570
vn 0.06604765 0.05288709 0.99641390
vn 0.01849742 -0.05229343 0.99846040
vn 0.03533179 -0.05684100 0.99775790
vn 0.02791893 -0.05845836 0.99789940
vn 0.03262494 -0.07085305 0.99695310
vn -0.00313738 -0.07610646 0.99709480
vn -0.00313738 -0.07610646 0.99709480
vn -0.99198820 -0.12608400 -0.00790294
vn -0.96688260 -0.24676450 0.06515551
vn -0.99213700 -0.12305420 0.02284130
vn -0.97924170 -0.19841650 0.04143190
vn -0.97934500 -0.19880100 0.03689926
vn -0.94266530 -0.33337170 -0.01566665
vn -0.94157280 -0.33515820 -0.03331060
vn -0.78459720 -0.61968060 -0.02008191
vn -0.77730130 -0.61792300 0.11821150
vn -0.58341590 -0.80771450 -0.08498932
vn -0.62679590 -0.77498950 0.08073460
vn -0.78371610 -0.60880780 -0.12305290
vn -0.98361000 -0.12492840 0.13001590
vn -0.98988520 -0.13917920 0.02750385
vn -0.96688260 -0.24676450 0.06515551
vn -0.97609500 -0.21568650 0.02679589
vn -0.76701590 -0.63015160 -0.12081200
vn -0.61854620 -0.78130960 -0.08340207
vn -0.56454630 -0.77803410 -0.27559100
vn -0.07988496 0.00242655 -0.99680110
vn -0.09617255 -0.01983420 -0.99516700
vn -0.00545727 0.01810930 -0.99982110
vn -0.09191193 -0.03035559 -0.99530430
vn 0.05208271 0.06177535 -0.99673030
vn -0.09191190 -0.03035558 -0.99530430
vn 0.04137204 0.06695642 -0.99689780
vn -0.08394751 -0.02944581 -0.99603500
vn -0.96688260 -0.24676450 0.06515551
vn 0.05839454 0.04874311 -0.99710290
vn -0.05504422 -0.04522454 -0.99745920
vn -0.05020165 -0.04787048 -0.99759130
vn -0.71490440 -0.64637230 0.26667310
vn -0.52223560 -0.82359470 0.22127270
vn -0.71474370 -0.67547300 0.18132130
vn 0.10145660 0.10124900 0.98967430
vn -0.51737940 -0.80884200 0.27945160
vn -0.45817330 -0.87366240 0.16368070
vn 0.10145660 0.10124900 0.98967430
vn -0.49160360 -0.86398000 0.10892410
vn 0.06104921 0.11785830 0.99115210
vn -0.24632720 -0.81019800 -0.53188530
vn -0.19004730 -0.79523960 -0.57573950
vn -0.28586910 -0.94347270 0.16774400
vn 0.49193300 0.86407570 -0.10665350
vn 0.00318879 0.12217480 0.99250350
vn -0.47918840 -0.77219240 0.41724960
vn -0.05232806 -0.99831340 -0.02514260
vn -0.33601360 -0.89074750 0.30604520
vn 0.14584120 -0.77743180 -0.61182520
vn -0.26529680 -0.92533850 -0.27086220
vn 0.13643210 -0.98151850 0.13419260
vn -0.36264880 -0.92669650 0.09858667
vn -0.29385750 -0.95558270 0.02256802
vn 0.15471600 -0.98326050 0.09623794
vn -0.29385750 -0.95558270 0.02256802
vn -0.11949260 -0.99118620 0.05719612
vn -0.29385750 -0.95558270 0.02256802
vn -0.09164676 -0.88046510 -0.46516900
vn -0.08910540 0.06017615 0.99420270
vn -0.70255960 -0.64869460 0.29258360
vn -0.08676673 0.15253460 0.98448190
vn -0.18400900 0.28984470 0.93921820
vn -0.06393894 0.05687905 0.99633160
vn -0.06393894 0.05687904 0.99633160
vn -0.06393894 0.05687905 0.99633160
vn -0.09792279 0.04806055 0.99403290
vn -0.09792279 0.04806056 0.99403290
vn -0.00938422 0.11237870 0.99362120
vn -0.00018505 0.11042400 0.99388450
vn 0.28588640 0.94372480 -0.16629060
vn 0.33582930 0.89035360 -0.30739100
vn 0.24600850 0.80673690 0.53726660
vn 0.47523780 0.76980940 -0.42607820
vn -0.13655160 0.98151420 -0.13410290
vn 0.19236210 0.79194950 0.57949360
vn -0.14425300 0.77554220 0.61459360
vn -0.15473120 0.98334690 -0.09532647
vn 0.05211100 0.99844530 0.01978338
vn 0.36294570 0.92604610 -0.10348420
vn 0.36713290 0.92833980 -0.05829750
vn 0.26428020 0.92508580 0.27271280
vn 0.08538299 0.87756610 0.47179170
vn 0.23071820 0.94781030 -0.22005630
vn 0.30011350 0.95334310 -0.03269447
vn 0.70302620 0.64789130 -0.29324260
vn -0.04991767 0.00024612 -0.99875330
vn -0.00749157 0.08097275 -0.99668820
vn -0.05498184 0.08707211 -0.99468360
vn -0.10379910 -0.00432810 -0.99458890
vn -0.46177140 0.10115350 -0.88121240
vn -0.49834690 0.07356393 -0.86385110
vn 0.30975630 -0.38016880 0.87150590
vn 0.30127060 -0.28793280 0.90902730
vn 0.29156650 -0.28942040 0.91171530
vn 0.28856410 -0.28906420 0.91278290
vn 0.29156650 -0.28942040 0.91171520
vn 0.24411630 -0.36693400 0.89764510
vn 0.29156650 -0.28942040 0.91171530
vn 0.30975630 -0.38016880 0.87150590
vn 0.92064730 -0.14292280 -0.36329270
vn 0.92288990 -0.13753780 -0.35966320
vn 0.92390550 -0.13887880 -0.35652690
vn 0.92390550 -0.13887880 -0.35652670
vn 0.92390550 -0.13887880 -0.35652670
vn 0.93142810 -0.12548300 -0.34160760
vn 0.92356650 -0.12446110 -0.36267640
vn 0.93938820 -0.10420200 -0.32663700
vn 0.93825680 -0.09807666 -0.33174540
vn 0.93825680 -0.09807666 -0.33174540
vn 0.93825680 -0.09807673 -0.33174540
vn 0.94239150 -0.09314572 -0.32128220
vn 0.94233380 -0.09296998 -0.32150240
vn 0.94064580 -0.09497141 -0.32583100
vn 0.94118420 -0.09811600 -0.32333510
vn 0.94222800 -0.09703982 -0.32060820
vn 0.94097700 -0.08993525 -0.32630330
vn 0.94705350 -0.08379260 -0.30994890
vn 0.94696640 -0.08262833 -0.31052750
vn 0.93581940 -0.08502059 -0.34207240
vn 0.93581940 -0.08502059 -0.34207250
vn 0.93581940 -0.08502059 -0.34207250
vn 0.93056300 -0.04580402 -0.36325530
vn 0.94090610 -0.03799853 -0.33652880
vn 0.96309430 0.03496500 -0.26688340
vn 0.99769850 0.06639565 -0.01375556
vn 0.99758120 0.06809721 -0.01394449
vn 0.99758120 0.06809721 -0.01394449
vn 0.99758120 0.06809727 -0.01394449
vn 0.13302030 -0.96047060 0.24454440
vn 0.03958731 -0.97515350 0.21796440
vn 0.12076770 -0.97058510 0.20827760
vn 0.14200870 -0.96465160 0.22199270
vn 0.11446310 -0.92620740 0.35921900
vn 0.20015710 -0.93182080 0.30273270
vn 0.08429811 -0.82098370 0.56469420
vn -0.06549624 -0.93894450 0.33777720
vn 0.22487000 -0.83738150 0.49822240
vn 0.07133119 -0.82226770 0.56461290
vn 0.00855126 -0.82687210 0.56232500
vn -0.04256837 -0.86402190 0.50165140
vn -0.06193227 -0.84897460 0.52479180
vn 0.06809994 -0.86000550 0.50572020
vn 0.06128924 -0.73137290 0.67921820
vn 0.16522420 -0.82366530 0.54247260
vn -0.19378750 -0.83191450 0.51996590
vn 0.12523760 -0.74086200 0.65987790
vn 0.06552502 -0.73144970 0.67873980
vn 0.07621786 -0.73958210 0.66873710
vn 0.05442370 -0.75601550 0.65228710
vn 0.05438342 -0.75597390 0.65233890
vn 0.06208768 -0.75541820 0.65229480
vn 0.06979866 -0.75515960 0.65181460
vn 0.04620187 -0.72235560 0.68997660
vn 0.07246783 -0.75414110 0.65270170
vn 0.07152577 -0.71359800 0.69689450
vn 0.11263500 -0.72030090 0.68445590
vn 0.10807770 -0.71357830 0.69218870
vn 0.15359890 -0.63681670 0.75556070
vn 0.13248830 -0.48185880 0.86617480
vn 0.11315400 -0.63019160 0.76815020
vn 0.15701520 -0.48283130 0.86152190
vn 0.24976440 -0.36078820 0.89858200
vn 0.12840570 -0.62995060 0.76594650
vn 0.27223760 -0.36107610 0.89191410
vn 0.24448040 -0.28998990 0.92527570
vn -0.13306350 0.96047070 -0.24452010
vn -0.12076030 0.97059460 -0.20823780
vn -0.03932606 0.97516610 -0.21795540
vn -0.14218100 0.96460460 -0.22208640
vn -0.11467420 0.92619720 -0.35917770
vn -0.20083920 0.93165360 -0.30279560
vn 0.06596860 0.93888550 -0.33784930
vn -0.08467983 0.82102310 -0.56457980
vn -0.08467983 0.82102310 -0.56457980
vn -0.22570930 0.83719900 -0.49814970
vn -0.08467980 0.82102320 -0.56457970
vn -0.07124602 0.82237010 -0.56447440
vn -0.07231950 0.81491360 -0.57505270
vn -0.91059930 0.07676028 0.40609940
vn -0.00872209 0.82697950 -0.56216440
vn -0.07114603 0.86041410 -0.50460440
vn -0.06790973 0.86001100 -0.50573660
vn -0.06132942 0.73139050 -0.67919560
vn -0.16545160 0.82353130 -0.54260670
vn -0.06551459 0.73145160 -0.67873870
vn -0.06732169 0.75616480 -0.65090900
vn 0.19393050 0.83188120 -0.51996610
vn -0.07624316 0.73956810 -0.66874960
vn -0.04668419 0.75462550 -0.65449290
vn -0.06978597 0.75517000 -0.65180370
vn -0.06210954 0.75542000 -0.65229050
vn -0.06326329 0.75406150 -0.65374990
vn -0.04622078 0.72235540 -0.68997560
vn -0.07242440 0.75416200 -0.65268250
vn -0.11264250 0.72029850 -0.68445720
vn -0.06197372 0.63713190 -0.76825930
vn -0.10806980 0.71358450 -0.69218360
vn -0.11316280 0.63020160 -0.76814060
vn -0.13249560 0.48136290 -0.86644940
vn -0.12845130 0.62994410 -0.76594420
vn -0.15632500 0.48230150 -0.86194430
vn -0.25148440 0.35657320 -0.89978390
vn -0.31573500 0.36139140 -0.87732990
vn -0.27372650 0.35681600 -0.89317200
vn -0.24494600 0.28399120 -0.92701150
vn -0.29038900 0.28334070 -0.91399790
vn -0.29109180 0.28343250 -0.91374580
vn -0.30706790 0.35917940 -0.88130550
vn -0.30301960 0.28218830 -0.91024660
vn -0.30706790 0.35917940 -0.88130550
vn -0.93566700 -0.01832403 0.35240800
vn -0.79724060 0.01772641 0.60340150
vn -0.79553560 0.00939799 0.60583410
vn -0.93924130 0.00611640 0.34320330
vn -0.90253920 0.05844473 0.42662300
vn -0.90389320 0.05769894 0.42384880
vn -0.90389320 0.05769892 0.42384880
vn -0.91059930 0.07676028 0.40609950
vn -0.92719820 0.11707160 0.35580570
vn -0.92468730 0.10631790 0.36558150
vn -0.93797520 0.09178162 0.33433290
vn -0.93907520 0.09737688 0.32962960
vn -0.93878630 0.09760239 0.33038470
vn -0.93834700 0.09496722 0.33239450
vn -0.93570330 0.09812553 0.33886670
vn -0.93662320 0.10190190 0.33519110
vn -0.93662320 0.10190190 0.33519110
vn -0.93662320 0.10190190 0.33519110
vn -0.92871430 0.12176570 0.35023280
vn -0.92251090 0.11007270 0.36994300
vn -0.92251090 0.11007270 0.36994300
vn -0.92251090 0.11007270 0.36994290
vn -0.93630750 0.04173755 0.34869230
vn -0.93784020 0.04281744 0.34441620
vn -0.93784020 0.04281744 0.34441630
vn 0.30975630 -0.38016880 0.87150590
vn -0.65407710 -0.22639170 0.72175470
vn -0.67208050 -0.14925550 0.72527970
vn -0.68719630 -0.14748810 0.71134280
vn -0.67143770 -0.14914680 0.72589710
vn -0.68719640 -0.14748810 0.71134280
vn -0.68254370 -0.23199160 0.69304690
vn -0.68719630 -0.14748810 0.71134280
vn -0.65407710 -0.22639170 0.72175470
vn 0.72382690 -0.12523530 0.67852100
vn 0.72382690 -0.12523540 0.67852090
vn 0.72382690 -0.12523530 0.67852100
vn 0.71266530 -0.10305480 0.69389330
vn 0.71003650 -0.10452280 0.69636420
vn 0.71623410 -0.11434360 0.68842890
vn 0.72914760 -0.10265060 0.67661400
vn 0.70752290 -0.07821894 0.70234850
vn 0.71261080 -0.07268052 0.69778470
vn 0.70594070 -0.06674469 0.70511910
vn 0.70598630 -0.06675323 0.70507260
vn 0.70894550 -0.06898931 0.70188080
vn 0.70707320 -0.07107121 0.70355980
vn 0.70554170 -0.06951503 0.70525070
vn 0.71181080 -0.06245811 0.69958870
vn 0.69203290 -0.04712373 0.72032620
vn 0.69743710 -0.03791063 0.71564260
vn 0.67544510 -0.02815025 0.73687270
vn 0.67547540 -0.02865563 0.73682550
vn 0.67547540 -0.02865562 0.73682560
vn 0.67547540 -0.02865563 0.73682550
vn 0.64488970 -0.02135715 0.76397730
vn 0.66648040 -0.01235993 0.74542020
vn 0.66833700 -0.01335452 0.74373880
vn 0.68278550 0.01184147 0.73052300
vn 0.59678260 0.08482175 0.79790720
vn 0.59678260 0.08482175 0.79790720
vn 0.59678260 0.08482175 0.79790720
vn 0.62534870 0.10843730 0.77277450
vn -0.53098480 -0.69894980 0.47908690
vn -0.51787040 -0.61056640 0.59918200
vn -0.60596640 -0.47809780 0.63578870
vn -0.72645950 -0.65269520 0.21504760
vn -0.54056260 -0.70580390 0.45785710
vn -0.60231100 -0.79807150 -0.01741360
vn -0.37311400 -0.82991370 0.41476380
vn -0.25539170 -0.95341040 0.16057290
vn -0.36234960 -0.93160310 0.02860910
vn -0.32214020 -0.93887750 0.12138630
vn -0.34127150 -0.91906290 0.19712220
vn -0.33220660 -0.91473140 0.23001140
vn -0.42987000 -0.90236160 0.03090781
vn -0.54592160 -0.75517540 0.36287690
vn -0.49454400 -0.73945280 0.45676680
vn -0.61922230 -0.61183540 0.49215970
vn -0.39987760 -0.74051210 0.54012920
vn -0.62245650 -0.61219490 0.48761180
vn -0.60037940 -0.63830440 0.48178010
vn -0.60748990 -0.63906250 0.47175750
vn -0.60752000 -0.63902090 0.47177500
vn -0.60878410 -0.61850480 0.49682370
vn -0.59992970 -0.63710390 0.48392450
vn -0.63889090 -0.60535230 0.47472860
vn -0.60388700 -0.63788660 0.47793440
vn -0.55550660 -0.62944260 0.54333650
vn -0.58043340 -0.60146200 0.54894480
vn -0.60367050 -0.59890640 0.52620610
vn -0.59800840 -0.60415440 0.52667190
vn -0.63628200 -0.51382620 0.57543700
vn -0.73038230 -0.35915030 0.58099290
vn -0.65984530 -0.51032920 0.55151440
vn -0.71355310 -0.35893130 0.60167280
vn -0.69498010 -0.22611910 0.68254870
vn -0.71316330 0.08381936 -0.69596860
vn -0.67863240 -0.22565420 0.69895520
vn -0.72189320 -0.14962080 0.67563590
vn -0.71316330 0.08381936 -0.69596860
vn -0.74316660 0.08494991 -0.66369180
vn -0.71316330 0.08381936 -0.69596860
vn -0.74881210 0.02077915 -0.66245660
vn -0.72916270 0.07142685 -0.68060270
vn -0.73571420 0.02331354 -0.67689080
vn -0.73071060 0.05191521 -0.68071040
vn -0.70382790 -0.16225220 -0.69159280
vn -0.70382790 -0.16225230 -0.69159280
vn -0.70382780 -0.16225220 -0.69159290
vn -0.71939500 0.06377365 -0.69166740
vn -0.71890040 0.06336809 -0.69221870
vn -0.71489210 0.06773317 -0.69594650
vn -0.73379110 0.08542445 -0.67398320
vn -0.73438310 0.08486512 -0.67340870
vn -0.72725990 0.07952484 -0.68173960
vn -0.68058700 0.07375778 -0.72894530
vn -0.67590880 0.08627874 -0.73191750
vn -0.67590870 0.08627873 -0.73191760
vn -0.67636350 0.08635776 -0.73148800
vn -0.67442200 0.09163980 -0.73263700
vn 0.51651860 0.60833230 -0.60261120
vn -0.73322940 0.07763821 -0.67553460
vn -0.86084750 0.26069460 -0.43701270
vn -0.86350760 0.25841440 -0.43310140
vn -0.86350760 0.25841440 -0.43310140
vn -0.86350760 0.25841440 -0.43310140
vn 0.60276540 0.79768650 0.01923407
vn 0.72659400 0.65357150 -0.21190900
vn 0.36249830 0.93155070 -0.02842968
vn 0.32192370 0.93891130 -0.12169910
vn 0.33163410 0.91486100 -0.23032170
vn 0.43030120 0.90215580 -0.03091557
vn 0.39900970 0.74077280 -0.54041360
vn 0.63292910 0.75409020 -0.17535280
vn 0.62245240 0.61221630 -0.48759020
vn 0.61267960 0.63821570 -0.46615920
vn 0.60747720 0.63908150 -0.47174800
vn 0.60390110 0.63790530 -0.47789150
vn 0.59992350 0.63709840 -0.48393950
vn 0.55553200 0.62944730 -0.54330500
vn 0.60370440 0.59892000 -0.52615180
vn 0.59795730 0.60417660 -0.52670460
vn 0.65987270 0.51032910 -0.55148180
vn 0.65550210 0.50977960 -0.55717300
vn 0.71401950 0.35857950 -0.60132910
vn 0.64255700 0.22513140 -0.73241820
vn 0.67833910 0.22156120 -0.70054750
vn 0.67178130 0.14345310 -0.72672640
vn 0.68749150 0.14182300 -0.71220900
vn 0.67334090 0.14374100 -0.72522450
vn 0.66140890 0.20557570 -0.72130220
vn 0.72213280 0.14400360 -0.67659970
vn 0.66140890 0.20557570 -0.72130220
vn 0.69488840 0.22205750 -0.68397420
vn 0.73051740 0.35876980 -0.58105810
vn 0.68872000 0.51946060 -0.50579190
vn 0.63886510 0.60534410 -0.47477360
vn 0.60752590 0.63901310 -0.47177810
vn 0.60039590 0.63829420 -0.48177310
vn 0.61915430 0.61185840 -0.49221670
vn 0.49441820 0.73972630 -0.45645990
vn 0.54592480 0.75505500 -0.36312280
vn 0.25991880 0.95435320 -0.14714710
vn 0.25521550 0.95343130 -0.16072890
vn 0.53089000 0.69873740 -0.47950160
vn 0.62388460 0.53466460 -0.57000150
vn 0.60592740 0.47801670 -0.63588680
vn 0.60592740 0.47801670 -0.63588680
vn -0.75137290 -0.31750800 -0.57846970
vn -0.74491980 -0.19822850 -0.63702430
vn -0.74098280 -0.19339760 -0.64307230
vn -0.75969040 -0.19031980 -0.62181100
vn -0.74098280 -0.19339760 -0.64307230
vn -0.73477140 -0.30019000 -0.60827370
vn -0.74098270 -0.19339760 -0.64307230
vn -0.75137290 -0.31750800 -0.57846970
vn -0.67135900 0.04248674 0.73991350
vn -0.67135890 0.04248675 0.73991360
vn -0.67135900 0.04248673 0.73991350
vn -0.67735010 0.06575976 0.73271590
vn -0.67617390 0.06648889 0.73373570
vn -0.66824220 0.05113063 0.74218460
vn -0.65218260 0.06892492 0.75492210
vn -0.67494710 0.10107340 0.73091090
vn -0.66954210 0.10811010 0.73486440
vn -0.67615940 0.11620050 0.72753410
vn -0.67615650 0.11615990 0.72754320
vn -0.67336880 0.11278520 0.73065310
vn -0.67314680 0.11314240 0.73080250
vn -0.67468050 0.11497390 0.72910020
vn -0.66898550 0.12256370 0.73310070
vn -0.68423970 0.13949310 0.71579170
vn -0.67933300 0.14793550 0.71876410
vn -0.69518010 0.15847720 0.70114880
vn -0.69506580 0.15867490 0.70121730
vn -0.71910170 0.16605370 0.67477330
vn -0.71910170 0.16605370 0.67477330
vn -0.71910170 0.16605370 0.67477330
vn -0.71858790 0.16913840 0.67455440
vn -0.70548250 0.16505550 0.68923950
vn -0.68420880 0.21407250 0.69715950
vn -0.68420880 0.21407250 0.69715950
vn -0.68420880 0.21407250 0.69715950
vn -0.70953310 0.34053000 0.61692970
vn -0.70953300 0.34053010 0.61692970
vn -0.53875240 -0.79699240 -0.27303670
vn -0.63556030 -0.64668820 -0.42173140
vn -0.70248780 -0.57170050 -0.42387430
vn -0.51851020 -0.80765450 -0.28078720
vn -0.38271000 -0.92057110 -0.07798517
vn -0.11364220 -0.94061060 -0.31990170
vn -0.46525790 -0.87998720 -0.09569585
vn -0.26440400 -0.96440180 0.00442839
vn -0.17636590 -0.98095390 -0.08139050
vn -0.22500830 -0.97278540 -0.05531461
vn -0.25883700 -0.96591860 0.00218346
vn -0.36396570 -0.92886330 -0.06886154
vn -0.47582440 -0.81540470 -0.32970650
vn -0.16697630 -0.96850650 -0.18470050
vn -0.56107490 -0.77870990 -0.28072380
vn -0.58825890 -0.70482280 -0.39645480
vn -0.57207110 -0.71101270 -0.40889550
vn -0.56560200 -0.73195550 -0.37991510
vn -0.63849030 -0.74877610 -0.17794500
vn -0.55745540 -0.73497420 -0.38607840
vn -0.55745210 -0.73493430 -0.38615890
vn -0.58780880 -0.70622830 -0.39461680
vn -0.56743340 -0.73055350 -0.37988270
vn -0.56168530 -0.70950500 -0.42557280
vn -0.56250030 -0.73263220 -0.38320150
vn -0.56943680 -0.72908590 -0.37970440
vn -0.58040790 -0.69596900 -0.42279290
vn -0.60438020 -0.69164750 -0.39540870
vn -0.60345410 -0.68711050 -0.40462630
vn -0.65004310 -0.60955500 -0.45374740
vn -0.65628000 -0.46110070 -0.59722930
vn -0.62579360 -0.61332130 -0.48189130
vn -0.66339650 -0.45895890 -0.59098370
vn -0.73344840 -0.28905950 -0.61522190
vn -0.63123690 -0.48033980 -0.60894480
vn -0.73344820 -0.28905940 -0.61522220
vn -0.71151430 -0.20432260 -0.67230920
vn 0.75133260 0.29292720 0.59134850
vn 0.71180150 0.19709380 0.67416060
vn 0.74085630 0.18632500 0.64530220
vn 0.73573010 0.28341680 0.61512270
vn 0.73448500 0.28384180 0.61641350
vn 0.66299770 0.45863370 0.59168330
vn 0.65625570 0.46065930 0.59759630
vn 0.62575670 0.61334030 0.48191510
vn 0.59079970 0.63219110 0.50128840
vn 0.60440300 0.69163530 0.39539560
vn 0.56168120 0.70950260 0.42558230
vn 0.56747250 0.73054150 0.37984760
vn 0.55746040 0.73493340 0.38614850
vn 0.55746900 0.73496620 0.38607390
vn 0.56560970 0.73195550 0.37990350
vn 0.57208320 0.71100720 0.40888820
vn 0.58831050 0.70480780 0.39640480
vn 0.63858900 0.74888360 0.17713680
vn 0.56080450 0.77901300 0.28042290
vn 0.36421870 0.92880900 0.06825303
vn 0.47612280 0.81526040 0.32963260
vn 0.17626200 0.98096450 0.08148812
vn 0.25877680 0.96593480 -0.00219434
vn 0.11217370 0.94055860 0.32057220
vn 0.26453340 0.96436590 -0.00453549
vn 0.65890530 0.69628170 0.28466760
vn 0.53912370 0.79676060 0.27298070
vn 0.53912340 0.79676060 0.27298070
vn 0.53912370 0.79676060 0.27298070
vn 0.64352970 -0.09929278 -0.75895360
vn 0.70258230 0.57156120 0.42390550
vn 0.67936910 -0.06175341 -0.73119350
vn 0.65974130 -0.05765432 -0.74927790
vn 0.22517030 0.97275520 0.05518665
vn 0.16707660 0.96839260 0.18520550
vn 0.31793130 0.85469760 0.41038010
vn 0.55289120 0.73577340 0.39108680
vn 0.56252560 0.73260620 0.38321410
vn 0.56944890 0.72906790 0.37972100
vn 0.60346080 0.68711110 0.40461500
vn 0.63563360 0.60940950 0.47390910
vn 0.78428210 0.27476060 0.55624470
vn 0.76020010 0.18309120 0.62335650
vn 0.74579110 0.19083720 0.63826070
vn 0.75133260 0.29292720 0.59134850
vn -0.75137290 -0.31750800 -0.57846970
vn 0.63742320 -0.33345520 -0.69462170
vn 0.64823760 -0.17845990 -0.74022980
vn 0.64426550 -0.17927670 -0.74349300
vn 0.63894400 -0.14934730 -0.75461640
vn 0.66179780 -0.14083880 -0.73633420
vn 0.64220000 -0.08738217 -0.76154020
vn 0.66158620 -0.07489860 -0.74611910
vn 0.67014800 -0.09206392 -0.73649580
vn 0.66454210 -0.09726974 -0.74089290
vn 0.66796370 -0.10252510 -0.73709770
vn 0.66426950 -0.10669780 -0.73983890
vn 0.66824160 -0.11163600 -0.73552070
vn 0.67069290 -0.10885200 -0.73370460
vn 0.67094450 -0.10919210 -0.73342390
vn 0.67085300 -0.10901180 -0.73353450
vn 0.65120040 -0.08595455 -0.75402240
vn 0.65453730 -0.09087767 -0.75054790
vn 0.69329820 -0.09945901 -0.71375450
vn 0.66281460 -0.05022358 -0.74709740
vn 0.64352940 -0.09929276 -0.75895380
vn 0.64352940 -0.09929276 -0.75895380
vn 0.42673700 0.13786160 -0.89380630
vn 0.42197470 0.13439760 -0.89659060
vn -0.94312450 0.32818990 0.05298689
vn -0.94312450 0.32818990 0.05298689
vn -0.94312450 0.32818990 0.05298689
vn -0.96116750 0.27414130 0.03168012
vn -0.95899160 0.28316940 -0.01225533
vn -0.92686490 0.37320860 0.04045846
vn -0.92616350 0.37660230 0.01979913
vn -0.84295590 0.53753480 -0.02194841
vn -0.84029220 0.54037640 -0.04361520
vn -0.72601450 0.68697810 0.03104984
vn -0.64818230 0.76080910 0.03208109
vn -0.64862330 0.76110920 -0.00088521
vn -0.63625100 0.77132610 -0.01551534
vn -0.60940820 0.79270520 0.01549190
vn -0.60762060 0.79416930 0.00960324
vn -0.67638570 0.73535490 0.04189951
vn -0.68519620 0.72835580 -0.00198732
vn -0.96109330 0.27407910 0.03435502
vn -0.94291090 0.33259110 0.01738245
vn -0.94312450 0.32818990 0.05298689
vn -0.92461750 0.37187500 0.08241072
vn -0.72898660 0.68447320 0.00866628
vn -0.72682680 0.68681370 -0.00313775
vn -0.65383060 0.75619450 0.02598727
vn -0.60944540 0.79276050 0.01035125
vn -0.67368900 0.73871380 0.02109545
vn -0.32678700 0.93032740 -0.16643680
vn -0.40108260 0.90323360 0.15264950
vn 0.00747591 0.98785530 -0.15519720
vn -0.03674097 0.99915890 0.01820945
vn 0.21840650 0.95025530 -0.22206630
vn -0.03475456 0.99374090 0.10616550
vn 0.15446320 0.98747960 0.03201508
vn 0.55773960 0.78943490 -0.25635760
vn 0.18107500 0.98171170 0.05877053
vn 0.43600650 0.89179460 0.12083380
vn 0.43588940 0.88629940 0.15644150
vn 0.87861850 0.40053240 -0.26000650
vn 0.45847730 0.88509180 0.08006884
vn 0.88450890 0.46650910 0.00366198
vn 0.92804290 0.36409180 0.07857182
vn 0.93607270 0.32439810 -0.13613880
vn 0.92952920 0.36840790 -0.01584234
vn 0.92473720 0.36992640 0.08953010
vn 0.94814320 0.31784320 -0.00039804
vn 0.00434436 0.10585820 -0.99437170
vn 0.00434436 0.10585820 -0.99437170
vn 0.01250455 0.09099482 -0.99577290
vn 0.00434436 0.10585820 -0.99437170
vn 0.00720141 0.11807110 -0.99297910
vn 0.00539718 0.02639177 -0.99963710
vn 0.04741049 0.10088670 -0.99376760
vn -0.00500650 0.01871184 -0.99981240
vn 0.05899277 0.11862310 -0.99118540
vn 0.01079263 0.00125555 -0.99994100
vn 0.11019110 -0.00152518 -0.99390920
vn 0.01496229 0.00545906 -0.99987320
vn 0.11019110 -0.00152518 -0.99390920
vn 0.00400635 0.02070238 -0.99977760
vn 0.11019110 -0.00152518 -0.99390920
vn -0.00624545 0.01088072 -0.99992130
vn 0.05682167 -0.01495092 -0.99827240
vn 0.12766750 -0.22336440 -0.96633810
vn 0.09157203 -0.23350760 -0.96803340
vn 0.00119459 0.00129162 -0.99999850
vn -0.03204911 -0.03589585 -0.99884160
vn -0.01406419 -0.05446309 -0.99841680
vn -0.00154700 -0.03497193 -0.99938710
vn -0.01127974 -0.02803447 -0.99954330
vn -0.01843474 -0.04135901 -0.99897430
vn -0.02605349 -0.03827120 -0.99892770
vn -0.02752277 -0.04385970 -0.99865850
vn 0.95660750 -0.29114150 0.01177727
vn 0.93255530 -0.35582200 -0.06108413
vn 0.95881900 -0.28222130 -0.03189533
vn 0.92460030 -0.37885120 -0.03982611
vn 0.92386900 -0.38221330 -0.01946708
vn 0.84267560 -0.53800230 0.02124617
vn 0.83991120 -0.54098880 0.04336190
vn 0.72683400 -0.68680610 0.00309760
vn 0.72601810 -0.68697600 -0.03100850
vn 0.64817840 -0.76081240 -0.03208049
vn 0.63623760 -0.77133720 0.01550957
vn 0.60944430 -0.79276100 -0.01038182
vn 0.60942320 -0.79269430 -0.01545833
vn 0.67639910 -0.73534600 -0.04184103
vn 0.60760250 -0.79418360 -0.00957447
vn 0.40177710 -0.90310850 -0.15155920
vn 0.68520250 -0.72834930 0.00219544
vn 0.03717964 -0.99916210 -0.01711420
vn 0.35940800 -0.93299710 0.01849849
vn -0.15406580 -0.98759280 -0.03040162
vn 0.01605630 -0.99787860 -0.06309158
vn -0.43410780 -0.88787090 -0.15243300
vn -0.43405840 -0.89275490 -0.12075600
vn -0.88410720 -0.46728010 -0.00192159
vn -0.45906050 -0.88495590 -0.07820793
vn -0.93603000 -0.32483740 0.13538300
vn -0.92783160 -0.36450110 -0.07916782
vn -0.92930220 -0.36900000 0.01537601
vn -0.92473960 -0.37000890 -0.08916312
vn 0.05961005 -0.06975595 0.99578150
vn -0.94814340 -0.31784270 0.00026602
vn 0.13621490 -0.03304662 0.99012800
vn 0.17800910 -0.04953339 0.98278140
vn -0.56098080 -0.78754730 0.25508770
vn -0.21908020 -0.95042660 0.22066530
vn -0.00797304 -0.98789320 0.15493020
vn 0.32590210 -0.93059490 0.16667620
vn 0.67368000 -0.73872440 -0.02101512
vn 0.61080190 -0.79160210 -0.01694129
vn 0.65383720 -0.75618830 -0.02600448
vn 0.72899760 -0.68446220 -0.00859625
vn 0.92029210 -0.39090080 -0.01609490
vn 0.95875030 -0.28218930 -0.03416278
vn 0.95819740 -0.28499690 -0.02518931
vn 0.93255530 -0.35582200 -0.06108413
vn 0.01468002 -0.02219910 0.99964580
vn 0.01369540 -0.02322416 0.99963650
vn 0.00686715 -0.01477676 0.99986720
vn 0.03988196 0.02166469 0.99896940
vn 0.01312704 -0.00879992 0.99987510
vn 0.00806297 -0.00363585 0.99996090
vn 0.06491806 0.07435892 0.99511640
vn 0.01344779 0.00249993 0.99990640
vn 0.01344779 0.00249993 0.99990640
vn 0.07471423 0.09177576 0.99297290
vn 0.01344779 0.00249993 0.99990640
vn 0.00610627 0.00908628 0.99994020
vn 0.17800910 -0.04953339 0.98278140
vn 0.04402875 0.01034540 0.99897670
vn 0.04402873 0.01034539 0.99897670
vn 0.13621490 -0.03304662 0.99012800
vn 0.00854638 -0.06062431 0.99812410
vn 0.04152991 -0.07391357 0.99639950
vn 0.13621490 -0.03304662 0.99012800
vn 0.02349888 -0.11143570 0.99349370
vn 0.93255530 -0.35582200 -0.06108413
vn 0.15690350 -0.36511460 0.91764520
vn 0.11546870 -0.38252430 0.91670180
vn -0.47349510 0.19793390 0.85826830
vn -0.56267210 0.09336874 0.82139050
vn -0.56413220 0.09411856 0.82030270
vn -0.55621400 0.09242348 0.82588370
vn -0.57325420 0.12009060 0.81052940
vn -0.55572020 0.11734450 0.82304640
vn -0.61005760 0.10398570 0.78550420
vn -0.47349510 0.19793390 0.85826830
vn -0.61548570 0.12908410 0.77750530
vn -0.61548580 0.12908410 0.77750550
vn -0.59452590 0.17167880 0.78553520
vn -0.56836840 0.14329960 0.81019910
vn -0.56509930 0.18659410 0.80364510
vn -0.61548570 0.12908410 0.77750530
vn -0.60146240 0.17129640 0.78032080
vn -0.57912180 0.18944010 0.79292510
vn -0.58600320 0.14691240 0.79687940
vn -0.62447390 0.17564410 0.76103990
vn -0.56832180 0.18776960 0.80109480
vn -0.53700230 0.20341500 0.81868850
vn -0.52555410 0.22847850 0.81950620
vn -0.52555410 0.22847850 0.81950620
vn -0.54623230 0.20705870 0.81163840
vn -0.54142260 0.23212460 0.80807170
vn -0.49474610 0.25462560 0.83089840
vn -0.63474770 0.22658500 0.73875210
vn -0.53478990 0.26151250 0.80349910
vn -0.53479000 0.26151260 0.80349920
vn -0.47568320 0.28598610 0.83182780
vn -0.59274260 0.27464540 0.75711690
vn -0.53764330 0.29620570 0.78943130
vn -0.47380100 0.31377210 0.82283630
vn -0.57850430 0.30566920 0.75624010
vn -0.53418350 0.32401440 0.78080900
vn -0.47726170 0.33707410 0.81154320
vn -0.47726170 0.33707400 0.81154320
vn -0.43914160 0.35319840 0.82607840
vn -0.55737980 0.33024710 0.76175090
vn -0.43914160 0.35319840 0.82607840
vn -0.41372530 0.38382020 0.82553830
vn -0.51541920 0.36649580 0.77461210
vn -0.53930590 0.37322120 0.75488750
vn -0.41372540 0.38382010 0.82553830
vn -0.49788180 0.42580270 0.75551690
vn -0.53314750 0.44059690 0.72223820
vn -0.44252180 0.41651990 0.79415720
vn -0.50328020 0.42742810 0.75100880
vn -0.50687780 0.45116560 0.73452320
vn -0.77230170 0.12172850 -0.62348390
vn -0.77230170 0.12172850 -0.62348390
vn -0.77481250 0.11959070 -0.62077670
vn -0.77270390 0.12096530 -0.62313400
vn -0.77557750 0.11979130 -0.61978200
vn -0.77355020 0.12164510 -0.62195060
vn -0.77457830 0.12150050 -0.62069800
vn -0.77345860 0.12269060 -0.62185910
vn -0.77972510 0.11988810 -0.61453690
vn -0.77495680 0.12361310 -0.61980780
vn -0.77721420 0.12501860 -0.61669150
vn -0.77430920 0.12543140 -0.62025180
vn -0.77185640 0.11977790 -0.62441240
vn -0.77057640 0.12365770 -0.62523660
vn -0.74541550 0.16644360 -0.64548600
vn -0.74065830 0.16134570 -0.65222160
vn -0.74065830 0.16134570 -0.65222160
vn -0.74065830 0.16134570 -0.65222160
vn -0.76263430 0.11897860 -0.63579330
vn -0.77417270 0.11958760 -0.62157500
vn -0.77417270 0.11958750 -0.62157500
vn -0.77417270 0.11958760 -0.62157500
vn -0.78537990 0.12098490 -0.60707580
vn -0.78830660 0.12083650 -0.60330030
vn -0.78830660 0.12083650 -0.60330030
vn -0.78830660 0.12083650 -0.60330030
vn -0.79434230 0.08323407 -0.60174110
vn 0.56260610 -0.09335072 -0.82143780
vn 0.57320440 -0.12008670 -0.81056520
vn 0.61575500 -0.12909980 -0.77728950
vn 0.56830920 -0.14328640 -0.81024300
vn 0.58573790 -0.14688710 -0.79707920
vn 0.55415890 -0.16402620 -0.81609020
vn 0.62477390 -0.17560250 -0.76080310
vn 0.57912420 -0.18947870 -0.79291430
vn 0.56804070 -0.18770600 -0.80130900
vn 0.54552720 -0.20702240 -0.81212170
vn 0.63528650 -0.22665590 -0.73826710
vn 0.54074530 -0.23211590 -0.80852740
vn 0.54074530 -0.23211590 -0.80852740
vn 0.53439410 -0.26150180 -0.80376600
vn 0.59285740 -0.27466260 -0.75702080
vn 0.47517230 -0.28570880 -0.83221500
vn 0.57809450 -0.30598930 -0.75642410
vn 0.56571130 -0.33503260 -0.75347450
vn 0.55727850 -0.33033450 -0.76178720
vn 0.56526000 -0.35771910 -0.74331570
vn 0.55727850 -0.33033450 -0.76178720
vn 0.56807580 -0.38408960 -0.72784950
vn 0.51489320 -0.36655440 -0.77493410
vn 0.57105040 -0.41820610 -0.70640290
vn 0.52167670 -0.40421420 -0.75130840
vn 0.44166190 -0.41654260 -0.79462390
vn 0.49821140 -0.42575960 -0.75532380
vn 0.49358050 -0.44036240 -0.74997290
vn 0.50717250 -0.45098930 -0.73442810
vn 0.50717250 -0.45098930 -0.73442810
vn 0.50717250 -0.45098930 -0.73442810
vn 0.53341490 -0.44077080 -0.72193470
vn 0.57105040 -0.41820610 -0.70640290
vn 0.56807600 -0.38408950 -0.72784960
vn 0.56526000 -0.35771910 -0.74331570
vn 0.56571130 -0.33503260 -0.75347450
vn 0.49453140 -0.25458010 -0.83104020
vn 0.55108310 -0.26693010 -0.79060470
vn 0.58181150 -0.21264270 -0.78503400
vn 0.53662970 -0.20339660 -0.81893740
vn 0.56488100 -0.18660350 -0.80379640
vn 0.59508200 -0.17171140 -0.78510670
vn 0.56832810 -0.12020180 -0.81397470
vn 0.55626020 -0.09240315 -0.82585480
vn 0.56397180 -0.09412156 -0.82041270
vn -0.79434230 0.08323407 -0.60174110
vn 0.82215340 -0.00424324 0.56925020
vn 0.82215340 -0.00424324 0.56925020
vn 0.82215340 -0.00424324 0.56925020
vn 0.82804830 -0.00820524 0.56059660
vn 0.79248580 -0.10291930 0.60114370
vn 0.79049810 -0.11552750 0.60147010
vn 0.78858580 -0.11832360 0.60343350
vn 0.79126120 -0.11220260 0.60109590
vn 0.79475640 -0.11381250 0.59616180
vn 0.79387440 -0.11552230 0.59700750
vn 0.79988380 -0.11878500 0.58828230
vn 0.79741930 -0.12662500 0.58999050
vn 0.80273030 -0.12926520 0.58216360
vn 0.80298260 -0.12837610 0.58201250
vn 0.79793530 -0.12598260 0.58942990
vn 0.79817730 -0.12436380 0.58944590
vn 0.78874800 -0.12115010 0.60266010
vn 0.78929470 -0.11992780 0.60218880
vn 0.78722830 -0.11915020 0.60504110
vn 0.78776130 -0.11527200 0.60509890
vn 0.80172920 -0.11873690 0.58577450
vn 0.80136040 -0.11917600 0.58619000
vn 0.80136040 -0.11917600 0.58619000
vn 0.80136040 -0.11917600 0.58619000
vn 0.80972680 -0.12110350 0.57417450
vn 0.80980720 -0.12135810 0.57400720
vn 0.80727210 -0.11667290 0.57853180
vn 0.80727210 -0.11667290 0.57853180
vn 0.80727210 -0.11667290 0.57853180
vn 0.79103830 -0.19768120 0.57894790
vn -0.57170340 -0.22669280 0.78852110
vn -0.63506650 -0.11365980 0.76404980
vn -0.63267000 -0.11235020 0.76622860
vn -0.62881020 -0.11261280 0.76936080
vn -0.63267000 -0.11235030 0.76622850
vn -0.63862480 -0.21048590 0.74017160
vn -0.63266990 -0.11235030 0.76622860
vn -0.57170340 -0.22669280 0.78852110
vn 0.76754950 -0.06494644 0.63769080
vn 0.76754950 -0.06494644 0.63769080
vn 0.76754950 -0.06494644 0.63769080
vn 0.76723020 -0.06485768 0.63808430
vn 0.75879110 -0.06802556 0.64777200
vn 0.75801510 -0.06566785 0.64892280
vn 0.74691210 -0.07156680 0.66106020
vn 0.75299310 -0.08410205 0.65263180
vn 0.76417020 -0.07604697 0.64051610
vn 0.75024590 -0.05393714 0.65895510
vn 0.75589410 -0.04894510 0.65286180
vn 0.75139680 -0.04278759 0.65846200
vn 0.75171770 -0.04231471 0.65812610
vn 0.75351830 -0.04462737 0.65591040
vn 0.75327620 -0.04478406 0.65617770
vn 0.75180430 -0.04315736 0.65797250
vn 0.75228380 -0.04289694 0.65744120
vn 0.74734520 -0.03681830 0.66341500
vn 0.74795330 -0.03597158 0.66277600
vn 0.75022290 -0.03744562 0.66012370
vn 0.75022290 -0.03744562 0.66012370
vn 0.74407640 -0.02933733 0.66745010
vn 0.74840210 -0.03267349 0.66244010
vn 0.74072430 -0.02099316 0.67148100
vn 0.74072430 -0.02099316 0.67148100
vn 0.74072430 -0.02099316 0.67148100
vn 0.74304020 -0.01901517 0.66897670
vn 0.67118110 0.08163549 0.73678460
vn 0.67379680 0.08375417 0.73415460
vn -0.60104240 -0.44588410 0.66327620
vn -0.59179680 -0.44019460 0.67528160
vn -0.60065820 -0.42981950 0.67414010
vn -0.61788220 -0.44523960 0.64806130
vn -0.60239490 -0.44640850 0.66169480
vn -0.62103080 -0.46145500 0.63354560
vn -0.58035130 -0.45823390 0.67321180
vn -0.58789850 -0.48154680 0.64999090
vn -0.60903600 -0.48237110 0.62959770
vn -0.57592980 -0.47783860 0.66330620
vn -0.59575140 -0.48336410 0.64143540
vn -0.60966660 -0.51158650 0.60546340
vn -0.60966650 -0.51158650 0.60546340
vn -0.56837680 -0.53881550 0.62179240
vn -0.57827910 -0.54130140 0.61039840
vn -0.59379710 -0.53992770 0.59655950
vn -0.56155550 -0.56007240 0.60907670
vn -0.57010540 -0.56140090 0.59984050
vn -0.55642180 -0.55916850 0.61459390
vn -0.56536220 -0.56674500 0.59930440
vn -0.56302710 -0.56638610 0.60183660
vn -0.55986320 -0.56671790 0.60447010
vn -0.57942300 -0.55165900 0.59995110
vn -0.56120340 -0.54695670 0.62119980
vn -0.55672280 -0.54555390 0.62644300
vn -0.61411760 -0.50945720 0.60275450
vn -0.59625210 -0.49770360 0.62990050
vn -0.56865080 -0.49378680 0.65788360
vn -0.56358130 -0.49979850 0.65770630
vn -0.59074950 -0.42073620 0.68847370
vn -0.61978120 -0.41846000 0.66389950
vn -0.67016090 -0.31287900 0.67304620
vn -0.64867970 -0.31160080 0.69434840
vn -0.60921590 -0.41708050 0.67446260
vn -0.63792570 -0.20425460 0.74251650
vn -0.62129740 -0.20232440 0.75700360
vn -0.66988240 -0.11715250 0.73316630
vn 0.60100890 0.44584910 -0.66333020
vn 0.60060570 0.42985600 -0.67416360
vn 0.59170520 0.44024840 -0.67532680
vn 0.61784030 0.44531860 -0.64804670
vn 0.60242400 0.44644520 -0.66164350
vn 0.59170520 0.44024840 -0.67532680
vn 0.59170520 0.44024840 -0.67532680
vn 0.59446570 0.46226820 -0.65796550
vn 0.58035730 0.45823610 -0.67320500
vn 0.58035730 0.45823610 -0.67320500
vn 0.59575520 0.48338100 -0.64141910
vn 0.60908510 0.48237960 -0.62954370
vn 0.57578960 0.47786140 -0.66341160
vn 0.56838690 0.53881780 -0.62178100
vn 0.60955040 0.51159730 -0.60557130
vn 0.55514450 0.50477830 -0.66107000
vn 0.56838690 0.53881780 -0.62178100
vn 0.59378080 0.53994380 -0.59656110
vn 0.55718460 0.53563040 -0.63454340
vn 0.56152360 0.56004710 -0.60912910
vn 0.57011700 0.56140970 -0.59982140
vn 0.55930770 0.56663920 -0.60505780
vn 0.56538060 0.56675080 -0.59928140
vn 0.56301510 0.56638380 -0.60185000
vn 0.55989680 0.56669280 -0.60446250
vn 0.57939430 0.55164380 -0.59999300
vn 0.56117810 0.54697190 -0.62120940
vn 0.55673460 0.54558000 -0.62640970
vn 0.61412810 0.50943490 -0.60276270
vn 0.56352750 0.49982240 -0.65773430
vn 0.56862620 0.49381180 -0.65788610
vn 0.65441610 0.42815300 -0.62323730
vn 0.61983280 0.41846230 -0.66384990
vn 0.60914900 0.41711560 -0.67450130
vn 0.67017950 0.31287120 -0.67303130
vn 0.64873710 0.31159840 -0.69429580
vn 0.58479940 0.20459650 -0.78495220
vn 0.63789550 0.20426430 -0.74253990
vn 0.62127380 0.20234840 -0.75701650
vn 0.62883440 0.11261380 -0.76934090
vn 0.66984430 0.11714940 -0.73320170
vn 0.63270730 0.11233790 -0.76619960
vn 0.58055070 0.21154400 -0.78626330
vn 0.63510860 0.11365740 -0.76401510
vn 0.58055070 0.21154400 -0.78626330
vn -0.77190500 0.06812123 -0.63207770
vn -0.85031830 0.24894870 -0.46366300
vn -0.85064090 0.24866780 -0.46322180
vn -0.77190500 0.06812123 -0.63207770
vn -0.77190500 0.06812123 -0.63207770
vn -0.77057720 0.06902598 -0.63359790
vn -0.77360030 0.07450189 -0.62927890
vn -0.76089600 0.05126859 -0.64684530
vn -0.75844090 0.04812766 -0.64996240
vn -0.75818880 0.04839956 -0.65023640
vn -0.75818880 0.04839956 -0.65023640
vn -0.75818880 0.04839956 -0.65023640
vn -0.77040230 0.06516519 -0.63421920
vn -0.77056430 0.06461271 -0.63407880
vn -0.77004570 0.06390931 -0.63477970
vn -0.77121850 0.06305850 -0.63343950
vn -0.75717040 0.04584251 -0.65160690
vn -0.75983700 0.04276495 -0.64870550
vn -0.76052000 0.04296476 -0.64789150
vn -0.76121160 0.04241145 -0.64711530
vn -0.76166140 0.05396097 -0.64572460
vn -0.75661250 0.05727757 -0.65135000
vn -0.75661250 0.05727757 -0.65135000
vn -0.75661240 0.05727756 -0.65135010
vn -0.77237310 0.06107111 -0.63222620
vn -0.78079120 0.05827221 -0.62206870
vn -0.78001190 0.05205419 -0.62359590
vn -0.77362350 0.05297104 -0.63142760
vn -0.77362330 0.05297105 -0.63142780
vn -0.77362350 0.05297104 -0.63142760
vn -0.75453510 -0.10536280 -0.64774640
vn 0.94198560 -0.33207910 -0.04885184
vn 0.97780930 -0.20603770 0.03791544
vn 0.97815960 -0.20473190 0.03589706
vn 0.97833230 -0.20473010 0.03084314
vn 0.97815960 -0.20473190 0.03589706
vn 0.95152910 -0.30378810 0.04801228
vn 0.97815960 -0.20473190 0.03589706
vn 0.94198560 -0.33207910 -0.04885184
vn 0.04631582 -0.00365322 -0.99892020
vn 0.04640684 -0.00355345 -0.99891630
vn 0.05912973 -0.00772790 -0.99822040
vn 0.05912973 -0.00772790 -0.99822040
vn 0.05912973 -0.00772790 -0.99822040
vn 0.06424723 -0.02462736 -0.99763010
vn 0.04883631 -0.01468768 -0.99869880
vn 0.07488457 0.00479946 -0.99718070
vn 0.06760167 0.01066170 -0.99765540
vn 0.07588938 0.01589773 -0.99698950
vn 0.07505041 0.01642124 -0.99704450
vn 0.07505041 0.01642124 -0.99704450
vn 0.07505041 0.01642125 -0.99704450
vn 0.07159445 0.01450885 -0.99732830
vn 0.07163925 0.01432496 -0.99732770
vn 0.07410160 0.01567666 -0.99712750
vn 0.07402001 0.01591479 -0.99712970
vn 0.08260208 0.02122620 -0.99635660
vn 0.08147480 0.02242981 -0.99642290
vn 0.08819433 0.02849386 -0.99569560
vn 0.08819433 0.02849386 -0.99569560
vn 0.08819431 0.02849386 -0.99569560
vn 0.08765019 0.02890922 -0.99573180
vn 0.08270010 0.02506208 -0.99625930
vn 0.09204312 0.03839597 -0.99501450
vn 0.09204308 0.03839597 -0.99501450
vn 0.09204308 0.03839597 -0.99501450
vn 0.19874930 0.13062750 -0.97130580
vn 0.19874930 0.13062750 -0.97130580
vn 0.84209690 -0.53755150 0.04371866
vn 0.84678910 -0.53111140 0.02947786
vn 0.85246410 -0.52138010 0.03831190
vn 0.84008390 -0.53832400 0.06683169
vn 0.84157300 -0.53818130 0.04599785
vn 0.82836410 -0.55486630 0.07704754
vn 0.83612680 -0.54817950 0.01977669
vn 0.81917420 -0.57227030 0.03821204
vn 0.81546630 -0.57482350 0.06776887
vn 0.82312310 -0.56749450 0.02045373
vn 0.81688980 -0.57465150 0.04966651
vn 0.79284490 -0.60408290 0.08050326
vn 0.79284490 -0.60408290 0.08050326
vn 0.77762470 -0.62778470 0.03444142
vn 0.77246930 -0.63111100 0.07064023
vn 0.78148620 -0.62366930 0.01777918
vn 0.76050560 -0.64839760 0.03481260
vn 0.75751110 -0.65046020 0.05548356
vn 0.76194040 -0.64707030 0.02733337
vn 0.75807610 -0.65044600 0.04733495
vn 0.75472340 -0.65482930 0.03989027
vn 0.75492550 -0.65483920 0.03567931
vn 0.76505310 -0.64154900 0.05575600
vn 0.77173260 -0.63532010 0.02823539
vn 0.77340140 -0.63355080 0.02152999
vn 0.79359450 -0.60233430 0.08603010
vn 0.80611780 -0.58910910 0.05590000
vn 0.81241070 -0.58285010 0.01657056
vn 0.80846570 -0.58842110 0.01198627
vn 0.85904590 -0.51141040 0.02234907
vn 0.85706880 -0.51156280 0.06112741
vn 0.90622760 -0.40936670 0.10569080
vn 0.91059580 -0.40637170 0.07534876
vn 0.90441370 -0.41481790 0.09980993
vn 0.95359490 -0.29747190 0.04655359
vn 0.95543940 -0.29416890 0.02449967
vn 0.97341900 -0.21250800 0.08541685
vn -0.94753440 0.31730520 0.03867946
vn -0.97341790 0.21252800 -0.08537794
vn -0.97815620 0.20473660 -0.03596338
vn -0.95543240 0.29418990 -0.02451990
vn -0.95360450 0.29744700 -0.04651627
vn -0.91058140 0.40639900 -0.07537457
vn -0.90623580 0.40936810 -0.10561430
vn -0.85705860 0.51157700 -0.06115176
vn -0.84407450 0.52407760 -0.11349480
vn -0.80846210 0.58842720 -0.01194294
vn -0.79360870 0.60231080 -0.08606283
vn -0.77148370 0.63540980 -0.03266894
vn -0.77173650 0.63531570 -0.02822804
vn -0.75503220 0.65475850 -0.03489519
vn -0.75402750 0.65541020 -0.04335640
vn -0.75805160 0.65047040 -0.04738991
vn -0.76051490 0.64838820 -0.03478278
vn -0.77247530 0.63110470 -0.07063226
vn -0.77761830 0.62779290 -0.03443350
vn -0.77761830 0.62779290 -0.03443348
vn -0.77761830 0.62779290 -0.03443350
vn -0.81688060 0.57466580 -0.04964894
vn -0.81919650 0.57223520 -0.03826151
vn -0.81919650 0.57223520 -0.03826151
vn -0.81919650 0.57223520 -0.03826151
vn -0.83046370 0.55486510 -0.04954462
vn -0.84157810 0.53817710 -0.04595344
vn -0.84009990 0.53829170 -0.06688785
vn -0.84208920 0.53755630 -0.04380635
vn -0.84676950 0.53114500 -0.02943592
vn -0.85245430 0.52139780 -0.03828923
vn -0.82836410 0.55486600 -0.07704911
vn -0.81544450 0.57485250 -0.06778532
vn -0.82315360 0.56744810 -0.02051300
vn -0.80545180 0.59265580 -0.00255561
vn -0.78150170 0.62364980 -0.01777919
vn -0.76192120 0.64709200 -0.02735208
vn -0.75491670 0.65484930 -0.03568223
vn -0.77338950 0.63356390 -0.02157412
vn -0.81241270 0.58284870 -0.01652096
vn -0.85934610 0.50930570 -0.04617384
vn -0.95573070 0.29340390 0.02220049
vn -0.97833630 0.20471100 -0.03084432
vn -0.97780670 0.20604070 -0.03796415
vn -0.94753440 0.31730520 0.03867946
vn -0.06931573 -0.11303630 0.99117000
vn -0.03885297 -0.00926575 0.99920200
vn -0.03885297 -0.00926575 0.99920200
vn -0.02580127 -0.00500604 0.99965450
vn -0.02580127 -0.00500604 0.99965450
vn -0.02580127 -0.00500604 0.99965450
vn -0.03977066 -0.00105996 0.99920830
vn -0.03553857 0.00431629 0.99935900
vn -0.05752070 -0.00646675 0.99832340
vn -0.05752071 -0.00646675 0.99832340
vn -0.05752071 -0.00646675 0.99832340
vn -0.06165241 -0.00980496 0.99804950
vn -0.05530405 -0.01425454 0.99836780
vn -0.06052740 -0.01771135 0.99800940
vn -0.06151045 -0.01685517 0.99796410
vn -0.06222203 -0.01725883 0.99791310
vn -0.06669690 -0.01381025 0.99767770
vn -0.04081114 0.00109483 0.99916630
vn -0.04276615 0.00249825 0.99908200
vn -0.04156125 0.00304303 0.99913140
vn -0.04190873 0.00317803 0.99911640
vn -0.06439898 -0.01123038 0.99786110
vn -0.06323310 -0.01177434 0.99792930
vn -0.05905012 -0.00890024 0.99821530
vn -0.05996939 -0.00854902 0.99816360
vn -0.03353448 0.01122351 0.99937460
vn -0.03459685 0.01198985 0.99932940
vn -0.04042290 0.00722479 0.99915650
vn -0.03902502 0.00614544 0.99921930
vn 0.16404510 0.17043060 0.97161860
vn 0.16521540 0.16997320 0.97150050
vn 0.34516150 0.15684460 -0.92534500
vn 0.34516140 0.15684460 -0.92534500
vn 0.34516140 0.15684460 -0.92534500
vn 0.81254930 -0.04927745 -0.58080580
vn 0.85484850 -0.05213617 -0.51625170
vn 0.82955620 -0.02161834 -0.55800470
vn 0.86660250 -0.02491298 -0.49837680
vn 0.83807200 0.00304639 -0.54555120
vn 0.84408340 0.00242688 -0.53620640
vn 0.85796710 0.02189448 -0.51323790
vn 0.87713900 0.01928206 -0.47984920
vn 0.85056140 0.04427165 -0.52400900
vn 0.83452620 0.06796485 -0.54676010
vn 0.82377340 0.09177520 -0.55944120
vn 0.88893370 0.06313042 -0.45366420
vn 0.81883010 -0.05028677 -0.57182910
vn 0.81860550 -0.05028525 -0.57215070
vn 0.34516150 0.15684460 -0.92534500
vn 0.82955200 -0.02163658 -0.55801020
vn 0.80158160 0.00913373 -0.59781560
vn 0.84151330 0.04524822 -0.53833820
vn 0.85056140 0.04427165 -0.52400900
vn 0.82660230 0.06736504 -0.55874020
vn 0.82377340 0.09177519 -0.55944130
vn 0.83527370 0.09082185 -0.54228150
vn 0.84437130 0.11748780 -0.52271770
vn 0.83646370 0.11651970 -0.53549180
vn 0.80648020 0.14884430 -0.57221940
vn 0.83646380 0.11651970 -0.53549170
vn 0.84286000 0.14346200 -0.51865760
vn 0.81104650 0.16983870 -0.55978410
vn 0.87041950 0.11393790 -0.47894470
vn 0.86555520 0.14191960 -0.48028420
vn 0.84453960 0.16484380 -0.50948930
vn 0.81752410 0.18492680 -0.54539540
vn 0.85646330 0.16485880 -0.48917500
vn 0.81752410 0.18492680 -0.54539540
vn 0.79633410 0.20338530 -0.56963710
vn 0.83883030 0.19800220 -0.50710840
vn 0.79633410 0.20338530 -0.56963710
vn 0.78684790 0.23080990 -0.57236090
vn 0.85187630 0.19826210 -0.48476700
vn 0.78684790 0.23080990 -0.57236110
vn 0.83501800 0.24587930 -0.49222790
vn 0.80555420 0.24964060 -0.53736590
vn 0.80555420 0.24964060 -0.53736590
vn 0.83717070 0.24670950 -0.48813900
vn 0.84087200 0.26304190 -0.47301500
vn 0.49321200 -0.00443853 0.86989780
vn 0.49321200 -0.00443853 0.86989780
vn 0.49321200 -0.00443853 0.86989780
vn 0.49829880 -0.00237691 0.86700210
vn 0.51674840 -0.05820008 0.85415680
vn 0.52243460 -0.05504370 0.85090090
vn 0.52545160 -0.06522628 0.84831960
vn 0.52077570 -0.06802895 0.85097870
vn 0.52173510 -0.07509425 0.84979610
vn 0.52083350 -0.07537461 0.85032410
vn 0.52049080 -0.07719336 0.85037080
vn 0.51942610 -0.07768078 0.85097720
vn 0.51942610 -0.07768075 0.85097720
vn 0.51942620 -0.07768077 0.85097720
vn 0.51930760 -0.08314941 0.85053270
vn 0.52045050 -0.08323155 0.84982570
vn 0.52182680 -0.08601245 0.84870400
vn 0.51503600 -0.08737943 0.85270320
vn 0.51462920 -0.08996481 0.85267990
vn 0.50250900 -0.09106029 0.85976320
vn 0.50169880 -0.09758649 0.85952030
vn 0.49515680 -0.09793542 0.86326610
vn 0.49481140 -0.09482450 0.86381130
vn 0.51665080 -0.09404827 0.85101530
vn 0.51699870 -0.09467440 0.85073440
vn 0.53271720 -0.09446736 0.84100430
vn 0.53248520 -0.09021388 0.84161810
vn 0.50929160 -0.08918968 0.85595990
vn 0.50929160 -0.08918968 0.85595990
vn 0.50929160 -0.08918968 0.85595990
vn -0.74319240 -0.15472850 0.65094100
vn -0.81228210 0.04922486 0.58118390
vn -0.82942290 0.02160184 0.55820330
vn -0.86675950 0.02492799 0.49810290
vn -0.84480990 -0.00438917 0.53504870
vn -0.84390270 -0.00244097 0.53649070
vn -0.83054420 -0.02682667 0.55630630
vn -0.87727920 -0.01924239 0.47959460
vn -0.85055330 -0.04423502 0.52402530
vn -0.84425740 -0.04536240 0.53401480
vn -0.83417460 -0.06806488 0.54728420
vn -0.88916060 -0.06307448 0.45322740
vn -0.83518610 -0.09083681 0.54241390
vn -0.83518610 -0.09083688 0.54241400
vn -0.83614620 -0.11657800 0.53597470
vn -0.87061600 -0.11392830 0.47858970
vn -0.80637400 -0.14873700 0.57239690
vn -0.86569580 -0.14192120 0.48003030
vn -0.81090490 -0.16988170 0.55997620
vn -0.85650620 -0.16487060 0.48909580
vn -0.81748290 -0.18485880 0.54548040
vn -0.85650620 -0.16487060 0.48909580
vn -0.79584500 -0.20330540 0.57034870
vn -0.83898280 -0.19796610 0.50687000
vn -0.78666590 -0.23082310 0.57260590
vn -0.84507230 -0.22548510 0.48477770
vn -0.80546070 -0.24946760 0.53758630
vn -0.83493950 -0.24590060 0.49235040
vn -0.83357830 -0.25776110 0.48857580
vn -0.84061920 -0.26318760 0.47338320
vn -0.84061920 -0.26318760 0.47338320
vn -0.84061920 -0.26318760 0.47338320
vn -0.78666590 -0.23082320 0.57260580
vn -0.79584500 -0.20330540 0.57034870
vn -0.81748290 -0.18485880 0.54548040
vn -0.81090490 -0.16988170 0.55997620
vn -0.80637400 -0.14873700 0.57239690
vn -0.81055830 -0.12046620 0.57313450
vn -0.84448300 -0.11740320 0.52255620
vn -0.85503480 -0.06437734 0.51455910
vn -0.82629220 -0.06745603 0.55918770
vn -0.84139140 -0.04527002 0.53852680
vn -0.84480990 -0.00438917 0.53504870
vn -0.84480990 -0.00438917 0.53504870
vn -0.81868370 0.05028699 0.57203850
vn -0.81856780 0.05028531 0.57220460
vn -0.74319240 -0.15472850 0.65094100
vn -0.54371620 0.17875740 -0.82001130
vn -0.54371600 0.17875740 -0.82001140
vn -0.54371610 0.17875740 -0.82001140
vn -0.55133150 0.17696370 -0.81530210
vn -0.52618510 0.08024103 -0.84657580
vn -0.53523960 0.07896031 -0.84100160
vn -0.53886180 0.07673399 -0.83889200
vn -0.53784010 0.07931220 -0.83930770
vn -0.54351450 0.09055974 -0.83450040
vn -0.54452130 0.09337567 -0.83353320
vn -0.55332390 0.09223276 -0.82784400
vn -0.55279110 0.08844750 -0.82861270
vn -0.55941720 0.08777162 -0.82422600
vn -0.55983310 0.09123652 -0.82356720
vn -0.55213050 0.09187398 -0.82868030
vn -0.55221390 0.09493244 -0.82827990
vn -0.53827660 0.09576922 -0.83730910
vn -0.53760790 0.09736501 -0.83755470
vn -0.53335500 0.09767164 -0.84023370
vn -0.53313610 0.10146030 -0.83992360
vn -0.54557000 0.10146780 -0.83189990
vn -0.54572060 0.09978963 -0.83200430
vn -0.54572060 0.09978963 -0.83200430
vn -0.55224540 0.09753776 -0.82795620
vn -0.55224540 0.09753775 -0.82795610
vn -0.55292870 0.09777494 -0.82747200
vn -0.55292870 0.09777500 -0.82747200
vn -0.55292870 0.09777494 -0.82747200
vn -0.55410360 0.09776209 -0.82668730
vn -0.56180830 0.02228898 -0.82696710
vn 0.47059490 -0.28081100 0.83647220
vn 0.50626390 -0.18532670 0.84222980
vn 0.50903370 -0.18382210 0.84088890
vn 0.51421550 -0.18411960 0.83766480
vn 0.50903370 -0.18382210 0.84088890
vn 0.47983010 -0.28179080 0.83087720
vn 0.50903370 -0.18382210 0.84088890
vn 0.47059490 -0.28081100 0.83647220
vn 0.85063540 -0.05799641 -0.52254750
vn 0.85063540 -0.05799641 -0.52254750
vn 0.85063540 -0.05799641 -0.52254750
vn 0.85763020 -0.05963870 -0.51079710
vn 0.86532120 -0.06674238 -0.49675420
vn 0.85858140 -0.07871804 -0.50659790
vn 0.85129080 -0.06874473 -0.52017120
vn 0.86522870 -0.04894105 -0.49898320
vn 0.86149940 -0.04331221 -0.50590780
vn 0.86581370 -0.03788837 -0.49893020
vn 0.86534210 -0.03719218 -0.49979970
vn 0.86377000 -0.03930619 -0.50235090
vn 0.86392970 -0.03948621 -0.50206200
vn 0.86392970 -0.03948621 -0.50206200
vn 0.86392970 -0.03948621 -0.50206200
vn 0.86506510 -0.03816584 -0.50020580
vn 0.86493630 -0.03780360 -0.50045580
vn 0.86740740 -0.03320251 -0.49648970
vn 0.86740740 -0.03320251 -0.49648970
vn 0.86740740 -0.03320251 -0.49648960
vn 0.86709550 -0.03250122 -0.49708040
vn 0.87236080 -0.02526292 -0.48820940
vn 0.87179540 -0.02431887 -0.48926620
vn 0.86933060 -0.02848864 -0.49340940
vn 0.87414680 -0.01486566 -0.48543420
vn 0.87414680 -0.01486566 -0.48543420
vn 0.87414680 -0.01486566 -0.48543420
vn 0.91738150 0.08049408 -0.38978430
vn 0.91738150 0.08049405 -0.38978430
vn 0.41002380 -0.51510120 0.75269590
vn 0.42492990 -0.50944620 0.74826410
vn 0.42119780 -0.49921860 0.75721410
vn 0.38989570 -0.51442600 0.76377170
vn 0.40805840 -0.51548860 0.75349850
vn 0.37417280 -0.53032240 0.76075800
vn 0.42590200 -0.52711190 0.73536420
vn 0.40012930 -0.55000170 0.73307210
vn 0.37354880 -0.55084230 0.74634710
vn 0.41713110 -0.54636800 0.72628070
vn 0.38928510 -0.55179800 0.73754730
vn 0.34901980 -0.57934250 0.73657820
vn 0.34901980 -0.57934250 0.73657820
vn 0.37724040 -0.60587090 0.70043560
vn 0.36295810 -0.60832620 0.70583340
vn 0.34453700 -0.60697300 0.71615510
vn 0.36636670 -0.62655060 0.68790240
vn 0.35465560 -0.62780300 0.69288010
vn 0.37343620 -0.62568720 0.68488020
vn 0.35545830 -0.63302120 0.68770180
vn 0.35872790 -0.63265010 0.68634400
vn 0.36221690 -0.63294940 0.68423240
vn 0.35206930 -0.61833920 0.70264050
vn 0.37873050 -0.61383650 0.69265280
vn 0.38528810 -0.61245380 0.69025610
vn 0.34500450 -0.57722810 0.74012130
vn 0.37743110 -0.56583370 0.73306070
vn 0.41364430 -0.56196450 0.71630600
vn 0.41496890 -0.56784030 0.71088540
vn 0.43856470 -0.49021940 0.75322380
vn 0.40543200 -0.48807770 0.77291980
vn 0.40158780 -0.38367410 0.83157770
vn 0.42905270 -0.38242140 0.81833230
vn 0.41913040 -0.48671410 0.76644570
vn 0.48255690 -0.27561580 0.83136920
vn 0.50188450 -0.27357030 0.82053110
vn 0.46608730 -0.18871570 0.86437770
vn -0.47664400 0.26562170 -0.83800700
vn -0.50895450 0.18381410 -0.84093860
vn -0.50620200 0.18532100 -0.84226820
vn -0.51421820 0.18410960 -0.83766540
vn -0.50188540 0.27357630 -0.82052840
vn -0.54053760 0.27547570 -0.79494160
vn -0.46605510 0.18871660 -0.86439500
vn -0.47664400 0.26562170 -0.83800700
vn -0.48252190 0.27560310 -0.83139370
vn -0.42906820 0.38240970 -0.81832960
vn -0.41914940 0.48671530 -0.76643470
vn -0.40164780 0.38366710 -0.83155200
vn -0.40541320 0.48807450 -0.77293180
vn -0.41367850 0.56198760 -0.71626810
vn -0.35465980 0.49745560 -0.79167820
vn -0.41500260 0.56783160 -0.71087280
vn -0.38529060 0.61248450 -0.69022750
vn -0.34499550 0.57725910 -0.74010150
vn -0.37869690 0.61383440 -0.69267300
vn -0.36223850 0.63294860 -0.68422170
vn -0.35208860 0.61834790 -0.70262320
vn -0.35871270 0.63266330 -0.68633980
vn -0.36291510 0.63289800 -0.68391000
vn -0.35542590 0.63301300 -0.68772600
vn -0.35457740 0.62781460 -0.69290970
vn -0.39336710 0.60278200 -0.69420170
vn -0.36642170 0.62653830 -0.68788430
vn -0.34452690 0.60694410 -0.71618430
vn -0.34452690 0.60694410 -0.71618430
vn -0.37719610 0.60591510 -0.70042140
vn -0.37404970 0.58112350 -0.72276030
vn -0.34899430 0.57934860 -0.73658560
vn -0.39299600 0.57835620 -0.71488340
vn -0.39299590 0.57835630 -0.71488340
vn -0.41712300 0.54633890 -0.72630730
vn -0.39299600 0.57835620 -0.71488340
vn -0.38915750 0.55181230 -0.73760400
vn -0.42596580 0.52711800 -0.73532290
vn -0.40013180 0.54999730 -0.73307390
vn -0.39796410 0.53201530 -0.74738500
vn -0.40791080 0.51551520 -0.75356010
vn -0.42491750 0.50941900 -0.74828970
vn -0.38983950 0.51448370 -0.76376150
vn -0.41023050 0.51496290 -0.75267800
vn -0.42121710 0.49922940 -0.75719620
vn -0.86439680 -0.14029730 0.48284050
vn -0.84676610 0.04531084 0.53003210
vn -0.84676610 0.04531084 0.53003210
vn -0.84676610 0.04531084 0.53003210
vn -0.84204480 0.04375001 0.53763040
vn -0.84034440 0.04992559 0.53974880
vn -0.84656970 0.05327687 0.52960490
vn -0.85983650 0.05154902 0.50796050
vn -0.85983650 0.05154902 0.50796050
vn -0.85983650 0.05154902 0.50796050
vn -0.85637690 0.04769935 0.51414330
vn -0.85869260 0.04442703 0.51056180
vn -0.85528270 0.03961329 0.51664540
vn -0.85811970 0.03616087 0.51217480
vn -0.85869300 0.03704251 0.51114990
vn -0.85898760 0.03682658 0.51067010
vn -0.86115900 0.03986523 0.50677030
vn -0.84743640 0.05562623 0.52797450
vn -0.84816040 0.05683453 0.52668170
vn -0.84783140 0.05711186 0.52718110
vn -0.85963320 0.04226162 0.50916080
vn -0.85963320 0.04226161 0.50916070
vn -0.85963320 0.04226161 0.50916080
vn -0.85738960 0.04516254 0.51268240
vn -0.85767510 0.04570428 0.51215680
vn -0.84711710 0.06189366 0.52778950
vn -0.84711710 0.06189366 0.52778950
vn -0.84711710 0.06189365 0.52778950
vn -0.84613210 0.06056465 0.52952080
vn -0.70314350 0.22772800 0.67359410
vn -0.70303730 0.22749270 0.67378460
vn -0.97502520 -0.12943660 -0.18047690
vn -0.97397050 -0.08123609 -0.21161810
vn -0.97397050 -0.08123610 -0.21161810
vn -0.97397050 -0.08123609 -0.21161810
vn -0.96169100 -0.08892454 -0.25931250
vn -0.96498410 -0.17113360 -0.19879400
vn -0.92735050 -0.28428020 -0.24332280
vn -0.93824200 -0.28436040 -0.19708140
vn -0.91839080 -0.28739980 -0.27195520
vn -0.89268670 -0.39152080 -0.22320800
vn -0.86560400 -0.47104940 -0.16983000
vn -0.85602380 -0.47160480 -0.21168890
vn -0.84095400 -0.48548570 -0.23895590
vn -0.83483200 -0.52000900 -0.18068290
vn -0.82480090 -0.52650150 -0.20615410
vn -0.81967790 -0.54054110 -0.18958720
vn -0.82504090 -0.53378020 -0.18543550
vn -0.81902660 -0.53593590 -0.20486140
vn -0.83292460 -0.51553930 -0.20113640
vn -0.82775610 -0.51556070 -0.22139760
vn -0.83821510 -0.51214360 -0.18736160
vn -0.84142850 -0.48729480 -0.23354190
vn -0.85519050 -0.48317930 -0.18758210
vn -0.86082790 -0.45678490 -0.22432770
vn -0.87533860 -0.43616490 -0.20866860
vn -0.86872200 -0.43610450 -0.23480830
vn -0.88418170 -0.41892970 -0.20669020
vn -0.87923030 -0.41903460 -0.22663640
vn -0.88501840 -0.41816600 -0.20464520
vn -0.89102350 -0.41165800 -0.19134990
vn -0.89352780 -0.40164650 -0.20071900
vn -0.88483510 -0.42934230 -0.18091950
vn -0.87508990 -0.44928090 -0.17990050
vn -0.84142850 -0.48729480 -0.23354190
vn -0.84416420 -0.50777860 -0.17189490
vn -0.82745860 -0.53239270 -0.17852250
vn -0.82056210 -0.54059920 -0.18555440
vn -0.83729670 -0.51817360 -0.17444330
vn -0.86779040 -0.46519640 -0.17473380
vn -0.89708250 -0.38925050 -0.20910990
vn -0.91835340 -0.29289760 -0.26615420
vn -0.97329910 -0.17077090 -0.15338250
vn -0.96060830 -0.17941260 -0.21223330
vn -0.97372830 -0.08324206 -0.21195290
vn -0.97502520 -0.12943660 -0.18047690
vn -0.34692710 0.14229030 0.92703560
vn -0.34248410 0.14457370 0.92833350
vn -0.25890350 0.03934756 0.96510140
vn -0.26184210 0.03744980 0.96438380
vn -0.26184210 0.03744980 0.96438380
vn -0.26184210 0.03744981 0.96438380
vn -0.25153770 0.02541959 0.96751360
vn -0.25169920 0.02509118 0.96748020
vn -0.24806340 0.02066240 0.96852340
vn -0.24929850 0.02006978 0.96821870
vn -0.25170320 0.02221829 0.96754940
vn -0.25310130 0.02137796 0.96720360
vn -0.24522680 0.01506524 0.96934870
vn -0.24623280 0.01468784 0.96909940
vn -0.24391100 0.01304511 0.96970990
vn -0.24349120 0.01332693 0.96981160
vn -0.24662880 0.01562824 0.96898400
vn -0.24658820 0.01517297 0.96900160
vn -0.24012840 0.00902037 0.97069930
vn -0.24789230 0.00418915 0.96877860
vn -0.22693290 -0.01827796 0.97373880
vn -0.24301860 -0.02635509 0.96966360
vn -0.25291030 -0.01340138 0.96739690
vn -0.25291030 -0.01340138 0.96739690
vn -0.25291030 -0.01340138 0.96739690
vn -0.23601360 -0.00798303 0.97171690
vn -0.23477290 -0.01023810 0.97199630
vn -0.22234530 -0.00774617 0.97493710
vn -0.22234530 -0.00774617 0.97493710
vn -0.25886980 -0.01185588 0.96583940
vn -0.24965610 -0.08241922 0.96482060
vn 0.88499800 0.41824280 0.20457650
vn 0.89352090 0.40165270 0.20073770
vn 0.89100960 0.41165670 0.19141730
vn 0.87918850 0.41909750 0.22668270
vn 0.88422050 0.41887570 0.20663330
vn 0.89100950 0.41165680 0.19141730
vn 0.89100950 0.41165680 0.19141730
vn 0.87815210 0.43461770 0.19989140
vn 0.88483330 0.42932710 0.18096480
vn 0.88483330 0.42932710 0.18096480
vn 0.85518310 0.48316600 0.18764960
vn 0.86081460 0.45679680 0.22435430
vn 0.87513010 0.44921110 0.17987950
vn 0.83824690 0.51207900 0.18739610
vn 0.84141700 0.48733060 0.23350870
vn 0.86498210 0.47549140 0.16035530
vn 0.83291340 0.51556680 0.20111260
vn 0.82778570 0.51553710 0.22134220
vn 0.84414000 0.50781880 0.17189490
vn 0.82506130 0.53374590 0.18544320
vn 0.81899340 0.53597020 0.20490450
vn 0.82748460 0.53237070 0.17846770
vn 0.82480910 0.52649590 0.20613610
vn 0.82082410 0.54044670 0.18483820
vn 0.82056240 0.54059540 0.18556360
vn 0.83481370 0.52003900 0.18068090
vn 0.83389130 0.52005410 0.18484870
vn 0.83731310 0.51815850 0.17440880
vn 0.84095930 0.48547070 0.23896800
vn 0.86562410 0.47102750 0.16978800
vn 0.86778490 0.46521270 0.17471820
vn 0.87318890 0.40456780 0.27178310
vn 0.89267510 0.39153390 0.22323160
vn 0.89709360 0.38923340 0.20909440
vn 0.91839950 0.28738190 0.27194520
vn 0.92733260 0.28430990 0.24335590
vn 0.91839450 0.29289490 0.26601510
vn 0.95977800 0.17434030 0.22007240
vn 0.97328770 0.17079470 0.15342810
vn 0.96062580 0.17937730 0.21218350
vn 0.96170190 0.08892991 0.25927010
vn 0.97396390 0.08123711 0.21164790
vn 0.97502950 0.11404900 0.19055240
vn 0.97371830 0.08324929 0.21199570
vn 0.97502950 0.11404900 0.19055240
vn 0.21548790 0.01111515 -0.97644320
vn 0.04096599 0.19829170 -0.97928660
vn 0.03969015 0.19808000 -0.97938190
vn 0.21548800 0.01111515 -0.97644320
vn 0.21548800 0.01111515 -0.97644320
vn 0.21727760 0.01202709 -0.97603570
vn 0.21213090 0.01755040 -0.97708360
vn 0.23234940 -0.00620425 -0.97261260
vn 0.23596290 -0.00958522 -0.97171480
vn 0.23663680 -0.00919819 -0.97155470
vn 0.21821220 0.00784008 -0.97586980
vn 0.21759210 0.00765124 -0.97600980
vn 0.21835730 0.00708679 -0.97584310
vn 0.21636900 0.00583957 -0.97629420
vn 0.23853840 -0.01204289 -0.97105840
vn 0.23388600 -0.01490309 -0.97214980
vn 0.23338030 -0.01445965 -0.97227810
vn 0.23193440 -0.01514381 -0.97261360
vn 0.23193440 -0.01514381 -0.97261360
vn 0.23193440 -0.01514381 -0.97261360
vn 0.22808900 -0.01106506 -0.97357740
vn 0.23433330 -0.00751314 -0.97212730
vn 0.23122790 -0.00366172 -0.97289270
vn 0.23864910 -0.00048191 -0.97110580
vn 0.22838710 0.01447110 -0.97346290
vn 0.19716610 0.00095783 -0.98036960
vn 0.19716610 0.00095783 -0.98036960
vn 0.21103030 -0.00429522 -0.97747000
vn 0.21103030 -0.00429522 -0.97747000
vn 0.21103030 -0.00429522 -0.97747000
vn 0.22561610 -0.15553200 -0.96172090
vn -0.09534408 0.38020230 -0.91997590
vn -0.08250502 0.39380660 -0.91548320
vn -0.14931800 0.38675370 -0.91001420
vn -0.14931800 0.38675380 -0.91001410
vn -0.10220380 0.37985260 -0.91938380
vn -0.18855270 0.37179300 -0.90896530
vn -0.18855270 0.37179310 -0.90896530
vn -0.09395819 0.33742970 -0.93665000
vn -0.18626190 0.34661000 -0.91933020
vn -0.18626180 0.34661010 -0.91933010
vn -0.11650220 0.33853210 -0.93371470
vn -0.15592680 0.32942750 -0.93121670
vn -0.15592680 0.32942750 -0.93121670
vn -0.09837830 0.30961360 -0.94575950
vn -0.17346210 0.31722520 -0.93235140
vn -0.17346220 0.31722530 -0.93235130
vn -0.11797780 0.31083240 -0.94311420
vn -0.18968060 0.29917560 -0.93515520
vn -0.09948023 0.29225480 -0.95115230
vn -0.09948022 0.29225480 -0.95115230
vn -0.13648100 0.26900060 -0.95342100
vn -0.08754092 0.26385750 -0.96058100
vn -0.15971930 0.24489370 -0.95630370
vn -0.17939610 0.24616920 -0.95247980
vn -0.14896570 0.26838030 -0.95172540
vn -0.17939610 0.24616920 -0.95247980
vn -0.18141930 0.22308960 -0.95776720
vn -0.06197345 0.21527720 -0.97458460
vn 0.97905410 -0.11563870 -0.16757310
vn 0.97905410 -0.11563870 -0.16757320
vn 0.97937470 -0.11491050 -0.16619500
vn 0.97880540 -0.11395690 -0.17015830
vn 0.97910670 -0.11368660 -0.16859830
vn 0.97857600 -0.11629760 -0.16989350
vn 0.97844800 -0.11583520 -0.17094320
vn 0.97883060 -0.11375370 -0.17014890
vn 0.97747780 -0.11515060 -0.17685460
vn 0.97858580 -0.11011720 -0.17390800
vn 0.97920300 -0.11417490 -0.16770630
vn 0.97920300 -0.11417490 -0.16770630
vn 0.97920300 -0.11417490 -0.16770630
vn 0.98817660 -0.06513292 -0.13879650
vn 0.98865630 -0.06750171 -0.13417300
vn 0.98000410 -0.11393030 -0.16313130
vn -0.16604530 0.22326120 -0.96051200
vn 0.98147270 -0.11823740 -0.15076900
vn -0.15374010 0.20117570 -0.96741530
vn -0.09375381 0.17354500 -0.98035320
vn 0.98165280 -0.12636990 -0.14278790
vn 0.98217300 -0.12322500 -0.14195670
vn 0.97879550 -0.11850460 -0.16708100
vn 0.97516690 -0.11869020 -0.18698190
vn 0.97500260 -0.11845200 -0.18798660
vn 0.97514810 -0.11735710 -0.18791880
vn 0.98168800 -0.12251040 -0.14587650
vn 0.98168800 -0.12251040 -0.14587650
vn 0.98168800 -0.12251030 -0.14587650
vn 0.96814740 -0.19826160 -0.15291530
vn -0.11958250 0.17616160 -0.97707070
vn -0.15151610 0.15725490 -0.97586560
vn -0.14348820 0.19997340 -0.96923770
vn -0.18228310 0.15976750 -0.97017900
vn -0.12273250 0.12745750 -0.98422120
vn -0.15963110 0.20137510 -0.96641920
vn -0.23418640 0.16572170 -0.95796300
vn -0.12273250 0.12745750 -0.98422120
vn -0.12273250 0.12745750 -0.98422120
vn -0.20216250 0.13422230 -0.97011070
vn -0.18545180 0.13217430 -0.97372350
vn -0.13784950 0.09935644 -0.98545710
vn -0.21391160 0.10391680 -0.97131000
vn -0.22001680 0.10468240 -0.96986300
vn -0.07318619 0.04581199 -0.99626560
vn -0.21219340 0.10384340 -0.97169460
vn -0.07318619 0.04581199 -0.99626560
vn -0.97408540 0.11741240 0.19331850
vn -0.97185160 0.11291690 0.20677100
vn -0.97460810 0.12274010 0.18728040
vn -0.97211830 0.11128380 0.20640230
vn -0.97080520 0.11919290 0.20815930
vn -0.97073360 0.10955190 0.21371630
vn -0.97086140 0.11883060 0.20810410
vn -0.97086380 0.10885780 0.21347930
vn -0.97086140 0.11883060 0.20810410
vn -0.96784200 0.11631970 0.22305070
vn -0.96784200 0.11631970 0.22305070
vn -0.96723440 0.12053960 0.22344550
vn -0.96723440 0.12053960 0.22344550
vn -0.96723440 0.12053960 0.22344550
vn -0.96872650 0.12098480 0.21663670
vn -0.97214040 0.09509824 0.21424140
vn -0.97260000 0.11126810 0.20412870
vn -0.97097160 0.11898660 0.20750020
vn 0.18995650 -0.29925120 0.93507500
vn -0.97229190 0.12364910 0.19839170
vn 0.17465310 -0.31721370 0.93213290
vn -0.97438330 0.11814430 0.19136120
vn 0.15655610 -0.32942630 0.93111140
vn -0.97377440 0.12088040 0.19274650
vn 0.18676290 -0.34647560 0.91927930
vn -0.97192210 0.13312190 0.19402590
vn 0.18849680 -0.37157130 0.90906750
vn -0.94382410 0.22795570 0.23923310
vn 0.14911990 -0.38581940 0.91044310
vn -0.94382410 0.22795570 0.23923310
vn -0.94523410 0.23044420 0.23114460
vn 0.18995640 -0.29925120 0.93507500
vn 0.17465310 -0.31721370 0.93213290
vn 0.15655610 -0.32942630 0.93111140
vn 0.18676290 -0.34647560 0.91927930
vn 0.18849680 -0.37157130 0.90906750
vn 0.10090090 -0.38020000 0.91938410
vn 0.13628770 -0.26900330 0.95344790
vn 0.13628760 -0.26900330 0.95344790
vn 0.15926130 -0.24478070 0.95640900
vn 0.13050880 -0.21895270 0.96696800
vn 0.13050880 -0.21895280 0.96696800
vn 0.18157460 -0.22302970 0.95775180
vn 0.14314340 -0.19996110 0.96929130
vn 0.16012640 -0.20136910 0.96633840
vn 0.18297000 -0.18381500 0.96578160
vn 0.17617700 -0.16102150 0.97109910
vn 0.18246560 -0.15975130 0.97014730
vn 0.18057820 -0.13280590 0.97455330
vn 0.18512420 -0.13215650 0.97378830
vn 0.21405430 -0.10395430 0.97127460
vn 0.22042650 -0.10476800 0.96976070
vn 0.21236610 -0.10384960 0.97165630
vn 0.20190190 -0.08300516 0.97588210
vn 0.13758920 -0.09926734 0.98550250
vn 0.20190190 -0.08300516 0.97588210
vn 0.12215480 -0.12746320 0.98429240
vn 0.15189380 -0.15732100 0.97579630
vn 0.09381582 -0.17347710 0.98035930
vn 0.15397340 -0.20121210 0.96737060
vn 0.06094819 -0.21526350 0.97465220
vn 0.15828730 -0.24459950 0.95661710
vn 0.14900780 -0.26840290 0.95171240
vn 0.08766268 -0.26386360 0.96056820
vn 0.09804949 -0.30985520 0.94571450
vn 0.09804949 -0.30985520 0.94571450
vn 0.11718750 -0.33846410 0.93365370
vn 0.09298941 -0.36151590 0.92771720
vn 0.09680463 -0.38016260 0.91983980
vn 0.09680463 -0.38016260 0.91983980
vn 0.09680463 -0.38016260 0.91983980
vn 0.08223709 -0.39366080 0.91556980
vn 0.94050980 -0.07468590 0.33145660
vn 0.90028240 -0.07609297 0.42860420
vn 0.92867760 -0.08198460 0.36171340
vn 0.92109640 -0.05366493 0.38561840
vn 0.89752390 -0.04959292 0.43816830
vn 0.89752390 -0.04959292 0.43816830
vn 0.89752390 -0.04959292 0.43816830
vn 0.92253990 -0.02884167 0.38482260
vn 0.91371610 -0.02750028 0.40542170
vn 0.90386800 -0.00517888 0.42778010
vn 0.89123610 -0.00373106 0.45352430
vn 0.91959660 0.01476296 0.39258640
vn 0.92726790 0.03580353 0.37268260
vn 0.93369100 0.05834524 0.35329430
vn 0.88005390 0.04389737 0.47284060
vn 0.92570850 0.05987212 0.37346920
vn 0.92407330 0.08741163 0.37208570
vn 0.92407330 0.08741163 0.37208570
vn 0.89523070 0.09299378 0.43579140
vn 0.91609530 0.11830760 0.38310920
vn 0.89574150 0.12264690 0.42732300
vn 0.91109290 0.14292060 0.38663110
vn 0.90011390 0.14623990 0.41037640
vn 0.92816470 0.15953120 0.33624390
vn 0.90834810 0.18035200 0.37732850
vn 0.93716820 0.17612940 0.30115460
vn 0.89605330 0.18444600 0.40381710
vn 0.93605180 0.20512160 0.28588840
vn 0.89696310 0.23438120 0.37486350
vn 0.91873820 0.23073790 0.32043730
vn 0.89425700 0.23554080 0.38055880
vn 0.87779960 0.24449370 0.41193550
vn 0.88437430 0.25620300 0.39018200
vn 0.93605180 0.20512160 0.28588840
vn 0.93716820 0.17612940 0.30115460
vn 0.92816480 0.15953120 0.33624390
vn 0.93494390 0.14041990 0.32582530
vn 0.94063720 0.11598920 0.31897970
vn 0.91705140 0.09040222 0.38838670
vn 0.93369100 0.05834525 0.35329430
vn 0.93217580 0.03350082 0.36045260
vn 0.91468390 0.01501423 0.40389100
vn 0.92146380 0.01405576 0.38820970
vn 0.94475410 -0.03008189 0.32639660
vn 0.92910990 -0.05412685 0.36582100
vn 0.92964550 -0.08208896 0.35919430
vn 0.92821880 -0.08175685 0.36294010
vn 0.94050980 -0.07468590 0.33145660
vn -0.41650070 -0.01088319 0.90907030
vn -0.92818600 0.08175023 -0.36302580
vn -0.92872990 0.08204163 -0.36156580
vn -0.92967710 0.08207669 -0.35911540
vn -0.92114760 0.05367710 -0.38549410
vn -0.92406590 0.05314616 -0.37852030
vn -0.41650070 -0.01088319 0.90907030
vn -0.41650070 -0.01088319 0.90907030
vn -0.40000250 0.02805443 0.91608460
vn -0.40056210 0.02257542 0.91599150
vn -0.40167950 0.02259823 0.91550150
vn -0.40117450 0.02249251 0.91572550
vn -0.41573340 0.02270606 0.90920300
vn -0.41600500 0.02345553 0.90905980
vn -0.43764350 0.02335203 0.89884530
vn -0.43732260 0.02010859 0.89907990
vn -0.42781760 0.02042925 0.90363420
vn -0.42782230 0.02689887 0.90346250
vn -0.41348420 0.02777858 0.91008750
vn -0.41453370 0.03037682 0.90952680
vn -0.40598080 0.03130769 0.91334520
vn -0.40555470 0.03224385 0.91350190
vn -0.40786180 0.03196058 0.91248410
vn -0.40781910 0.03556268 0.91236990
vn -0.40901280 0.03561411 0.91183350
vn -0.41024460 0.04185786 0.91101440
vn -0.41024460 0.04185786 0.91101440
vn -0.41024450 0.04185786 0.91101440
vn -0.40653290 0.04511166 0.91252170
vn -0.40864630 0.05320498 0.91114070
vn -0.40376460 0.05422261 0.91325460
vn -0.40376460 0.05422261 0.91325460
vn -0.40376470 0.05422261 0.91325460
vn -0.40415680 0.05648975 0.91294370
vn -0.40218950 0.05704955 0.91377740
vn -0.40632640 0.06794073 0.91119870
vn -0.41366100 0.06450358 0.90814310
vn -0.43010060 0.12132170 0.89459180
vn -0.43707660 0.11855020 0.89157720
vn 0.36899030 -0.01961708 -0.92922620
vn 0.36467180 -0.01904599 -0.93094130
vn 0.35982340 -0.09222669 -0.92845110
vn 0.36467180 -0.01904599 -0.93094130
vn 0.36467180 -0.01904599 -0.93094130
vn 0.36257740 -0.01806402 -0.93177860
vn 0.37598200 -0.01593041 -0.92649010
vn 0.37609680 -0.01483565 -0.92646160
vn 0.39526670 -0.01517495 -0.91844110
vn 0.39526680 -0.01517495 -0.91844110
vn 0.39526670 -0.01517495 -0.91844110
vn 0.39481980 -0.01928652 -0.91855610
vn 0.39016370 -0.01930031 -0.92054320
vn 0.38998770 -0.02097430 -0.92058120
vn 0.37383180 -0.02135013 -0.92725080
vn 0.37433600 -0.02460529 -0.92696670
vn 0.36433390 -0.02503375 -0.93093190
vn 0.36403720 -0.02910661 -0.93092950
vn 0.37280120 -0.02849437 -0.92747350
vn 0.37236320 -0.02553995 -0.92773560
vn -0.94074200 -0.11593530 -0.31869010
vn 0.38146190 -0.02873417 -0.92393780
vn -0.93500980 -0.14041600 -0.32563770
vn 0.38908450 -0.04090947 -0.92029320
vn -0.92827740 -0.15942970 -0.33598100
vn 0.38737060 -0.03818085 -0.92113310
vn -0.93739510 -0.17608000 -0.30047670
vn 0.38737070 -0.03818087 -0.92113310
vn 0.40366140 -0.04282159 -0.91390580
vn 0.37068120 0.05435201 -0.92716850
vn 0.37969540 0.05587542 -0.92342270
vn 0.37969540 0.05587542 -0.92342270
vn 0.37969540 0.05587542 -0.92342270
vn -0.93500980 -0.14041600 -0.32563780
vn -0.90010450 -0.14619180 -0.41041420
vn -0.90815520 -0.18062450 -0.37766250
vn -0.94074200 -0.11593530 -0.31869010
vn -0.94050290 -0.08595085 -0.32873510
vn -0.89608340 -0.18431850 -0.40380840
vn -0.93612700 -0.20508450 -0.28566850
vn -0.92411090 -0.08743888 -0.37198580
vn -0.91709140 -0.09037578 -0.38829810
vn -0.93612700 -0.20508450 -0.28566840
vn -0.87710250 -0.24515170 -0.41302770
vn -0.92636110 -0.05977845 -0.37186230
vn -0.93375240 -0.05831486 -0.35313720
vn -0.92749630 -0.03578221 -0.37211600
vn -0.93231020 -0.03348542 -0.36010620
vn -0.91476130 -0.01502026 -0.40371550
vn -0.92145480 -0.01405793 -0.38823080
vn -0.92807390 0.00645760 -0.37233990
vn -0.90750370 0.00394675 -0.42002570
vn -0.92260420 0.02882969 -0.38466900
vn -0.89748620 0.04958565 -0.43824620
vn -0.91381850 0.02751295 -0.40518990
vn -0.89124110 0.00372583 -0.45351460
vn -0.91966840 -0.01475936 -0.39241850
vn -0.87976710 -0.04391925 -0.47337200
vn -0.92636110 -0.05977845 -0.37186250
vn -0.89500730 -0.09304969 -0.43623810
vn -0.89587570 -0.12259580 -0.42705620
vn -0.90010450 -0.14619180 -0.41041420
vn -0.90010450 -0.14619180 -0.41041400
vn -0.89608340 -0.18431850 -0.40380840
vn -0.89608340 -0.18431850 -0.40380840
vn -0.89681360 -0.23435100 -0.37523990
vn -0.91900170 -0.23057690 -0.31979700
vn -0.89406520 -0.23585950 -0.38081200
vn -0.88459830 -0.25588610 -0.38988240
vn -0.56674830 -0.17932760 -0.80413810
vn -0.53281820 -0.11689030 -0.83811780
vn -0.53600010 -0.10180560 -0.83805690
vn -0.61667170 -0.09686623 -0.78123800
vn -0.53600040 -0.10180560 -0.83805690
vn -0.52962170 -0.20972930 -0.82189690
vn -0.53600040 -0.10180560 -0.83805690
vn -0.56674830 -0.17932760 -0.80413810
vn -0.84648290 0.03655886 0.53115910
vn -0.84648290 0.03655886 0.53115910
vn -0.85338340 0.03396805 0.52017610
vn -0.85375290 0.03601085 0.51943160
vn -0.86299900 0.03008013 0.50430950
vn -0.86299900 0.03008013 0.50430950
vn -0.86299900 0.03008014 0.50430950
vn -0.86093210 0.04682278 0.50656070
vn -0.85651060 0.05164836 0.51353890
vn -0.85987520 0.05739547 0.50726750
vn -0.85940560 0.05775848 0.50802150
vn -0.85814870 0.05565388 0.51037560
vn -0.85864170 0.05538125 0.50957580
vn -0.85864150 0.05538124 0.50957600
vn -0.85864150 0.05538124 0.50957600
vn -0.85921490 0.05630037 0.50850760
vn -0.85915140 0.05647447 0.50859580
vn -0.86271170 0.06175400 0.50191150
vn -0.86202060 0.06305414 0.50293610
vn -0.86114430 0.06130960 0.50465010
vn -0.86081160 0.06186455 0.50514960
vn -0.86473600 0.06929090 0.49742390
vn -0.86172880 0.06548369 0.50312550
vn -0.86654110 0.07644419 0.49321670
vn -0.86461060 0.07848313 0.49627500
vn -0.90143870 0.19308650 0.38746070
vn -0.90143870 0.19308650 0.38746070
vn -0.90143870 0.19308650 0.38746070
vn -0.89934550 0.19552310 0.39108620
vn -0.49228450 -0.43855470 -0.75188140
vn -0.50991980 -0.43001060 -0.74503200
vn -0.50315960 -0.42147110 -0.75444860
vn -0.46689580 -0.43970000 -0.76724970
vn -0.49311210 -0.43821160 -0.75153910
vn -0.50991980 -0.43001060 -0.74503200
vn -0.51361630 -0.44722140 -0.73225080
vn -0.48794520 -0.47421880 -0.73282060
vn -0.51361630 -0.44722140 -0.73225080
vn -0.51105610 -0.46546480 -0.72260930
vn -0.48222450 -0.47594360 -0.73548440
vn -0.42866680 -0.50833950 -0.74688410
vn -0.42866680 -0.50833950 -0.74688410
vn -0.47457300 -0.53195580 -0.70128700
vn -0.46587210 -0.53450600 -0.70517140
vn -0.42654350 -0.53628380 -0.72832700
vn -0.46854610 -0.55329290 -0.68871730
vn -0.43814190 -0.55632480 -0.70606980
vn -0.48008730 -0.54913660 -0.68407980
vn -0.46144300 -0.56053040 -0.68765980
vn -0.46409810 -0.55993090 -0.68636030
vn -0.46810140 -0.55895140 -0.68443730
vn -0.45674880 -0.54585960 -0.70243700
vn -0.48049100 -0.53870540 -0.69204400
vn -0.48494710 -0.53943650 -0.68835630
vn -0.44375910 -0.50566300 -0.73985320
vn -0.50536780 -0.48880850 -0.71110460
vn -0.53868830 -0.48105090 -0.69166830
vn -0.50768870 -0.48866350 -0.70954930
vn -0.56622640 -0.40645310 -0.71706590
vn -0.53247450 -0.41452600 -0.73799660
vn -0.47298750 -0.30972540 -0.82483520
vn -0.49007510 -0.30686610 -0.81587960
vn -0.53385660 -0.19413320 -0.82298810
vn -0.44557200 -0.33022840 -0.83211470
vn -0.54539570 -0.19155790 -0.81599580
vn -0.50363810 -0.10945620 -0.85695270
vn 0.81977690 -0.04905614 -0.57057800
vn 0.81253890 -0.05022888 -0.58073900
vn 0.83153720 -0.06439225 -0.55172420
vn 0.81252180 -0.05227526 -0.58058210
vn 0.82913150 -0.06621937 -0.55511800
vn 0.81551580 -0.05175963 -0.57641570
vn 0.83205580 -0.07206979 -0.54999010
vn 0.81551580 -0.05175963 -0.57641570
vn -0.56674830 -0.17932760 -0.80413810
vn 0.84108660 -0.06378288 -0.53712670
vn 0.84359280 -0.06823450 -0.53263060
vn 0.85237290 -0.05859480 -0.51964120
vn 0.85146510 -0.05748401 -0.52125120
vn 0.85675470 -0.05143015 -0.51315340
vn 0.84615260 -0.03538128 -0.53176490
vn 0.84803180 -0.03319759 -0.52890440
vn 0.84876200 -0.03437111 -0.52765700
vn 0.84922570 -0.03401987 -0.52693300
vn 0.85789540 -0.04864039 -0.51151680
vn 0.85703050 -0.04986760 -0.51284690
vn 0.85410430 -0.04431731 -0.51821030
vn 0.85369690 -0.04446052 -0.51886900
vn 0.83407830 -0.00735455 -0.55159710
vn 0.83249840 -0.00853771 -0.55396160
vn 0.72648260 0.15294820 -0.66994770
vn 0.72621850 0.15232400 -0.67037620
vn 0.72621860 0.15232410 -0.67037610
vn 0.72621850 0.15232400 -0.67037620
vn 0.50317600 0.42148690 0.75442870
vn 0.50317600 0.42148690 0.75442870
vn 0.50317600 0.42148700 0.75442870
vn 0.49566620 0.42711660 0.75623170
vn 0.49217940 0.43857570 0.75193800
vn 0.46704330 0.43968960 0.76716600
vn 0.50992570 0.42999200 0.74503870
vn 0.49010330 0.45491280 0.74354090
vn 0.45683680 0.45686840 0.76326360
vn 0.51352660 0.44730310 0.73226390
vn 0.48217440 0.47591600 0.73553500
vn 0.51109480 0.46542640 0.72260670
vn 0.51109480 0.46542650 0.72260660
vn 0.47461110 0.53192930 0.70128120
vn 0.51980790 0.49032760 0.69955600
vn 0.51980790 0.49032760 0.69955600
vn 0.47461110 0.53192930 0.70128120
vn 0.42644500 0.53628330 0.72838500
vn 0.49855100 0.52262580 0.69159900
vn 0.46859410 0.55325320 0.68871660
vn 0.46060640 0.55520070 0.69252720
vn 0.46237840 0.56002470 0.68744360
vn 0.46141860 0.56054750 0.68766230
vn 0.46413720 0.55987690 0.68637780
vn 0.46812770 0.55895910 0.68441320
vn 0.45674850 0.54587770 0.70242320
vn 0.48045770 0.53872510 0.69205170
vn 0.48492800 0.53944280 0.68836490
vn 0.44384580 0.50564630 0.73981260
vn 0.50757120 0.48865840 0.70963680
vn 0.53862360 0.48104450 0.69172290
vn 0.47308970 0.30974330 0.82476980
vn 0.56608560 0.40652120 0.71713850
vn 0.53255610 0.41450420 0.73795000
vn 0.49008200 0.30687280 0.81587290
vn 0.62261190 0.29753190 0.72376040
vn 0.65487330 0.18336310 0.73315680
vn 0.53392380 0.19412220 0.82294710
vn 0.54529540 0.19156210 0.81606170
vn 0.61651550 0.09687724 0.78136000
vn 0.50374290 0.10944110 0.85689310
vn 0.53586790 0.10185220 0.83813590
vn 0.56073710 0.16398650 0.81159250
vn 0.53308150 0.11685470 0.83795540
vn 0.56073710 0.16398650 0.81159250
vn -0.92062030 0.19137030 -0.34034650
vn -0.92148280 0.19373230 -0.33665590
vn -0.96534990 0.09553982 -0.24284090
vn -0.96473650 0.09346141 -0.24606590
vn -0.96473650 0.09346141 -0.24606590
vn -0.96473650 0.09346141 -0.24606590
vn -0.96876070 0.08199619 -0.23405010
vn -0.96693870 0.08501093 -0.24042180
vn -0.96987650 0.07737447 -0.23098250
vn -0.96987650 0.07737448 -0.23098250
vn -0.96896020 0.07892320 -0.23428040
vn -0.96876180 0.07766471 -0.23551820
vn -0.97113280 0.07221216 -0.22734670
vn -0.97107710 0.07173456 -0.22773550
vn -0.97166890 0.07039692 -0.22561890
vn -0.97177720 0.07054158 -0.22510660
vn -0.97079180 0.07305877 -0.22852960
vn -0.96861540 0.06360894 -0.24028780
vn -0.97045160 0.05871717 -0.23404270
vn -0.96463050 0.04101076 -0.26039600
vn -0.97069430 0.02180410 -0.23932640
vn -0.96622790 0.01160387 -0.25742790
vn -0.96235690 0.02700506 -0.27044400
vn -0.96235690 0.02700508 -0.27044400
vn -0.96235690 0.02700506 -0.27044400
vn -0.96973380 0.03951614 -0.24094550
vn -0.97420600 0.04788989 -0.22052070
vn -0.97420600 0.04788991 -0.22052070
vn -0.97420600 0.04788991 -0.22052070
vn 0.19599550 -0.14466780 -0.96987480
vn 0.15184810 -0.21389210 -0.96498310
vn 0.19599550 -0.14466780 -0.96987480
vn 0.19599550 -0.14466780 -0.96987480
vn 0.24437570 -0.15514710 -0.95718850
vn 0.18629910 -0.23496310 -0.95398370
vn 0.18829420 -0.23536000 -0.95349410
vn 0.20810740 -0.35324530 -0.91209050
vn 0.27943680 -0.36438880 -0.88833330
vn 0.20695330 -0.46171600 -0.86254780
vn 0.15602990 -0.52362760 -0.83753730
vn 0.16226970 -0.52401590 -0.83610760
vn 0.19643170 -0.53370580 -0.82254030
vn 0.10853320 -0.57729290 -0.80929180
vn 0.13621870 -0.58622150 -0.79861680
vn 0.11712980 -0.59975400 -0.79156530
vn 0.12033410 -0.60056930 -0.79046580
vn 0.12522140 -0.59573200 -0.79336190
vn 0.11351250 -0.59278730 -0.79731940
vn 0.13089510 -0.57591530 -0.80696230
vn 0.11719050 -0.57151520 -0.81218030
vn 0.16603660 -0.55015940 -0.81838650
vn 0.14168840 -0.51802120 -0.84355110
vn 0.15911640 -0.51925760 -0.83967460
vn 0.13102090 -0.51472150 -0.84728700
vn 0.17136710 -0.49945530 -0.84922170
vn 0.14418520 -0.48053640 -0.86504070
vn 0.16442010 -0.48198000 -0.86061690
vn 0.14233880 -0.47977560 -0.86576840
vn 0.12945560 -0.47233450 -0.87186080
vn 0.13968590 -0.46303110 -0.87526570
vn 0.99156020 0.12953380 0.00542474
vn 0.97968980 -0.04781011 0.19473590
vn 0.11741250 -0.48916440 -0.86425260
vn 0.97968980 -0.04781011 0.19473590
vn 0.11466000 -0.50885770 -0.85318050
vn 0.97929240 -0.04709357 0.19689710
vn 0.16603660 -0.55015940 -0.81838650
vn 0.98062830 -0.04162360 0.19140420
vn 0.97480810 -0.06432556 0.21356830
vn 0.15135610 -0.57724990 -0.80241760
vn 0.97377910 -0.06743624 0.21727060
vn 0.97364670 -0.06688573 0.21803300
vn 0.10655760 -0.59095390 -0.79963670
vn 0.97897300 -0.05099034 0.19751430
vn 0.97895120 -0.05123378 0.19755930
vn 0.11307280 -0.59950720 -0.79234200
vn 0.97874280 -0.05194129 0.19840490
vn 0.97908310 -0.05315283 0.19639500
vn 0.11278460 -0.57745010 -0.80859810
vn 0.97296270 -0.06981340 0.22015810
vn 0.97345980 -0.07164896 0.21735300
vn 0.17061430 -0.52580420 -0.83331910
vn 0.97365110 -0.07129709 0.21661110
vn 0.97165450 -0.06354818 0.22770420
vn 0.21208120 -0.46187410 -0.86121650
vn 0.97286860 -0.06009433 0.22341780
vn 0.96863970 -0.04806483 0.24377590
vn 0.18224430 -0.45572190 -0.87126610
vn 0.96928040 -0.04625400 0.24157040
vn 0.96949680 -0.04683192 0.24058840
vn 0.17915810 -0.24407830 -0.95306250
vn 0.97253040 -0.03488174 0.23014750
vn 0.97928370 -0.04716317 0.19692370
vn 0.17321500 -0.14324040 -0.97441200
vn 0.97814180 -0.05363901 0.20090160
vn 0.19318910 -0.14829640 -0.96988970
vn 0.15184810 -0.21389210 -0.96498310
vn 0.98104970 -0.05741458 0.18505370
vn 0.98019370 -0.06401591 0.18740950
vn 0.97825320 -0.06268736 0.19771480
vn 0.97825320 -0.06268736 0.19771480
vn 0.97825320 -0.06268736 0.19771480
vn 0.94874020 -0.22026060 0.22666560
vn -0.14219410 0.47972770 0.86581870
vn -0.13964940 0.46297660 0.87530040
vn -0.12939620 0.47232070 0.87187720
vn -0.16450590 0.48200920 0.86058400
vn -0.14430970 0.48057970 0.86499590
vn -0.12939620 0.47232070 0.87187720
vn -0.12939620 0.47232070 0.87187720
vn -0.13612300 0.49571360 0.85775200
vn -0.11733170 0.48916570 0.86426280
vn -0.11733170 0.48916570 0.86426280
vn -0.14162980 0.51801760 0.84356310
vn -0.15921490 0.51929440 0.83963320
vn -0.11459910 0.50885550 0.85318990
vn -0.11719240 0.57153630 0.81216510
vn -0.16600840 0.55013820 0.81840650
vn -0.09272554 0.53356710 0.84065930
vn -0.11719240 0.57153630 0.81216510
vn -0.15134460 0.57727120 0.80240450
vn -0.10181810 0.56625220 0.81791900
vn -0.11346820 0.59277670 0.79733350
vn -0.12518210 0.59574960 0.79335490
vn -0.11232880 0.59936400 0.79255590
vn -0.12032010 0.60056160 0.79047380
vn -0.11716380 0.59975310 0.79156110
vn -0.11302530 0.59953090 0.79233070
vn -0.13624710 0.58620920 0.79862100
vn -0.10855080 0.57727660 0.80930130
vn -0.11281350 0.57744800 0.80859570
vn -0.19648190 0.53370550 0.82252860
vn -0.15605740 0.52362560 0.83753350
vn -0.17059430 0.52579300 0.83333020
vn -0.24687380 0.46917110 0.84789850
vn -0.21205800 0.46185430 0.86123290
vn -0.18230800 0.45575300 0.87123640
vn -0.27941080 0.36435570 0.88835500
vn -0.20799880 0.35328740 0.91209890
vn -0.11198790 0.22993210 0.96674190
vn -0.18827580 0.23534600 0.95350120
vn -0.18637820 0.23496400 0.95396810
vn -0.17315760 0.14325100 0.97442070
vn -0.24419250 0.15514060 0.95723640
vn -0.19614530 0.14467400 0.96984350
vn -0.16148360 0.19917860 0.96656660
vn -0.19318640 0.14829120 0.96989110
vn -0.16148360 0.19917860 0.96656660
vn -0.87841730 0.16534400 -0.44837970
vn -0.88236330 0.17552530 -0.43660720
vn -0.87965990 0.17541430 -0.44207290
vn -0.88057040 0.17532420 -0.44029220
vn -0.86449890 0.20408870 -0.45933580
vn -0.86964240 0.20436860 -0.44939470
vn -0.84531330 0.17694120 -0.50412020
vn -0.87841730 0.16534400 -0.44837970
vn -0.82995630 0.20454380 -0.51897440
vn -0.82995630 0.20454370 -0.51897440
vn -0.88675140 0.23060190 -0.40061800
vn -0.82995630 0.20454380 -0.51897440
vn -0.85284130 0.22883200 -0.46935870
vn -0.84107330 0.27231380 -0.46737640
vn -0.84415220 0.22887310 -0.48479300
vn -0.82338830 0.25085310 -0.50902290
vn -0.83241970 0.27233970 -0.48260590
vn -0.81021060 0.25041040 -0.52995600
vn -0.83241970 0.27233970 -0.48260590
vn -0.84798890 0.29241880 -0.44204750
vn -0.84057710 0.29404960 -0.45493400
vn -0.84212310 0.31642570 -0.43669610
vn -0.84212310 0.31642570 -0.43669610
vn -0.78239680 0.29469190 -0.54864570
vn -0.83187600 0.31677120 -0.45567340
vn -0.81288670 0.34420700 -0.46982650
vn -0.82121020 0.34240990 -0.45647480
vn -0.82121020 0.34240990 -0.45647480
vn -0.83509510 0.37146060 -0.40575010
vn -0.78624390 0.34317280 -0.51386060
vn -0.80321850 0.36982640 -0.46697810
vn -0.82137140 0.39317710 -0.41323210
vn -0.77985910 0.37022520 -0.50473070
vn -0.79157670 0.39130940 -0.46934330
vn -0.80840060 0.40892620 -0.42340030
vn -0.77883710 0.39217820 -0.48949860
vn -0.80840060 0.40892620 -0.42340040
vn -0.81671880 0.42614520 -0.38906370
vn -0.78030760 0.42338090 -0.46029180
vn -0.81671880 0.42614520 -0.38906370
vn -0.80884550 0.45318110 -0.37469440
vn -0.76624980 0.42406860 -0.48272880
vn -0.80884550 0.45318110 -0.37469440
vn -0.75473330 0.47039100 -0.45728560
vn -0.78149320 0.47285670 -0.40703190
vn -0.78149310 0.47285680 -0.40703190
vn -0.75187080 0.47047760 -0.46188870
vn -0.73664560 0.48660230 -0.46965030
vn -0.40678860 0.15536830 0.90021310
vn -0.41401540 0.15883680 0.89630470
vn -0.40678860 0.15536830 0.90021310
vn -0.40678850 0.15536820 0.90021320
vn -0.47492980 0.06684809 0.87748100
vn -0.46750470 0.06348253 0.88170820
vn -0.46798070 0.06276071 0.88150720
vn -0.47294570 0.04684626 0.87984530
vn -0.47539780 0.04223363 0.87875660
vn -0.47619760 0.04234670 0.87831800
vn -0.47361080 0.04642375 0.87950980
vn -0.47000570 0.04468333 0.88153170
vn -0.47167640 0.04089300 0.88082300
vn -0.46210540 0.03723649 0.88604300
vn -0.46724080 0.02768659 0.88369660
vn -0.45926430 0.02439398 0.88796460
vn -0.45926720 0.02402248 0.88797320
vn -0.46549200 0.02620526 0.88466410
vn -0.46458430 0.02755568 0.88510010
vn -0.47703540 0.03128995 0.87832700
vn -0.47578530 0.03236642 0.87896570
vn -0.47983560 0.03338287 0.87672310
vn -0.47737180 0.03731950 0.87790850
vn -0.47737180 0.03731952 0.87790850
vn -0.47737180 0.03731952 0.87790850
vn -0.45928860 0.03202467 0.88770960
vn -0.45864640 0.03205361 0.88804060
vn -0.44812450 0.03018922 0.89346130
vn -0.44613410 0.03612893 0.89423660
vn -0.44885150 0.03627472 0.89286980
vn -0.44885150 0.03627472 0.89286980
vn -0.44885150 0.03627472 0.89286980
vn -0.45883240 -0.01609928 0.88837700
vn 0.75143950 -0.47075210 0.46231070
vn 0.78185990 -0.47241030 0.40684600
vn 0.73666540 -0.48668040 0.46953850
vn 0.75143950 -0.47075210 0.46231070
vn 0.75143950 -0.47075210 0.46231070
vn 0.75522750 -0.47026490 0.45659860
vn 0.80906890 -0.45321390 0.37417210
vn 0.75757850 -0.45048010 0.47237980
vn 0.80906890 -0.45321390 0.37417210
vn 0.81672020 -0.42624840 0.38894780
vn 0.78005750 -0.42354800 0.46056200
vn 0.81672020 -0.42624830 0.38894780
vn 0.80823270 -0.40921060 0.42344620
vn 0.77895470 -0.39206140 0.48940520
vn 0.80823260 -0.40921070 0.42344620
vn 0.82139280 -0.39337260 0.41300340
vn 0.77895480 -0.39206120 0.48940520
vn 0.82139280 -0.39337250 0.41300340
vn 0.83529790 -0.37153670 0.40526260
vn 0.77970000 -0.37023130 0.50497190
vn 0.83529800 -0.37153660 0.40526260
vn 0.84273310 -0.34357260 0.41443790
vn 0.78633790 -0.34303770 0.51380730
vn 0.82133980 -0.34238250 0.45626210
vn 0.81284460 -0.34428860 0.46983930
vn 0.83185200 -0.31683800 0.45567110
vn 0.83185200 -0.31683800 0.45567100
vn 0.82137910 -0.29275290 0.48952240
vn 0.78198240 -0.29479870 0.54917870
vn 0.84085020 -0.29393270 0.45450480
vn 0.84800280 -0.29245810 0.44199500
vn 0.83854530 -0.27274790 0.47164630
vn 0.83227340 -0.27233050 0.48286350
vn 0.84118090 -0.27230700 0.46718680
vn 0.81024910 -0.25036530 0.52991860
vn 0.85565750 -0.25313200 0.45141380
vn 0.85258100 -0.23136380 0.46858980
vn 0.84436350 -0.22889480 0.48441450
vn 0.85258100 -0.23136380 0.46859000
vn 0.85258100 -0.23136380 0.46859000
vn 0.82977530 -0.20455560 0.51925890
vn 0.86459390 -0.20406890 0.45916570
vn 0.88058280 -0.17537130 0.44024860
vn 0.84522970 -0.17688720 0.50427950
vn 0.88260540 -0.17552040 0.43611960
vn 0.88031400 -0.18081960 0.43857890
vn 0.87968470 -0.17542340 0.44201980
vn 0.88031400 -0.18081960 0.43857890
vn 0.49399000 -0.04633923 -0.86823190
vn 0.52411130 -0.00224291 -0.85164680
vn 0.52943280 -0.00549953 -0.84833410
vn 0.49399000 -0.04633923 -0.86823190
vn 0.49399000 -0.04633923 -0.86823190
vn 0.48826610 -0.04163807 -0.87170080
vn 0.48665990 -0.04461878 -0.87245130
vn 0.49404230 -0.04163433 -0.86844050
vn 0.49391850 -0.04124713 -0.86852930
vn 0.49534860 -0.04207081 -0.86767500
vn 0.49742480 -0.03771011 -0.86668700
vn 0.49942760 -0.03831545 -0.86550800
vn 0.49942750 -0.03831543 -0.86550800
vn 0.49942750 -0.03831543 -0.86550800
vn 0.50037300 -0.03738656 -0.86500240
vn 0.49899860 -0.03691490 -0.86581620
vn 0.49960620 -0.03408853 -0.86558160
vn 0.49778600 -0.03295782 -0.86667350
vn 0.49935760 -0.03021595 -0.86586900
vn 0.50311140 -0.03196760 -0.86363010
vn 0.50255750 -0.03266915 -0.86392640
vn 0.51398930 -0.03675554 -0.85700880
vn 0.51198670 -0.04206812 -0.85796270
vn 0.51787640 -0.04471860 -0.85428580
vn 0.52012730 -0.04172266 -0.85306900
vn 0.50009140 -0.03564530 -0.86523870
vn 0.49881720 -0.03767707 -0.86588780
vn 0.48436350 -0.03308418 -0.87424110
vn 0.48344530 -0.03612848 -0.87462870
vn 0.47796300 -0.03475847 -0.87769200
vn 0.47799000 -0.03503294 -0.87766640
vn 0.49914010 -0.03985986 -0.86560400
vn 0.48644980 -0.09559043 -0.86846370
vn -0.00114567 0.99999940 0.00001456
vn -0.00114567 0.99999940 0.00001456
vn -0.00114567 0.99999940 0.00001456
vn -0.00111506 0.99999940 -0.00000993
vn -0.00111907 0.99999940 -0.00000675
vn -0.00113103 0.99999940 0.00000647
vn -0.00113580 0.99999940 0.00001304
vn -0.00113528 0.99999940 0.00001228
vn -0.00111783 0.99999940 -0.00000982
vn -0.00113152 0.99999940 0.00000246
vn -0.00112973 0.99999940 0.00000090
vn -0.00113888 0.99999940 0.00000925
vn -0.00112628 0.99999940 -0.00000571
vn -0.00113549 0.99999940 0.00000298
vn -0.00113240 0.99999940 -0.00000154
vn -0.00113824 0.99999940 0.00000551
vn -0.00112510 0.99999940 -0.00001261
vn -0.00113747 0.99999940 0.00000000
vn -0.00113124 0.99999940 -0.00000767
vn -0.00113985 0.99999940 0.00000000
vn -0.00113578 0.99999940 -0.00000364
vn -0.00113612 0.99999940 -0.00000514
vn -0.00112495 0.99999940 -0.00001863
vn -0.00115495 0.99999940 0.00001092
vn 0.36369820 -0.40177570 -0.84041650
vn 0.45835720 -0.31375930 -0.83154300
vn 0.45350160 -0.31180860 -0.83493220
vn 0.45279510 -0.31171450 -0.83535060
vn 0.45350160 -0.31180860 -0.83493220
vn 0.43818120 -0.39231430 -0.80875620
vn 0.45350160 -0.31180860 -0.83493220
vn 0.36369820 -0.40177570 -0.84041650
vn -0.85015950 0.03842999 -0.52512100
vn -0.85015950 0.03842999 -0.52512100
vn -0.85015950 0.03842999 -0.52512100
vn -0.84552780 0.04773241 -0.53179350
vn -0.84576730 0.04767328 -0.53141790
vn -0.83023140 0.06796511 -0.55325980
vn -0.82899930 0.06634656 -0.55530010
vn -0.83571080 0.05893162 -0.54599850
vn -0.84261260 0.07275780 -0.53358240
vn -0.81920780 0.09186693 -0.56609110
vn -0.82152960 0.09785520 -0.56170590
vn -0.81450500 0.10271660 -0.57099110
vn -0.81451990 0.10274970 -0.57096390
vn -0.81749670 0.10089180 -0.56702740
vn -0.81744960 0.10080450 -0.56711080
vn -0.81588810 0.10173660 -0.56918910
vn -0.81759230 0.10648540 -0.56586550
vn -0.81309360 0.10925740 -0.57178810
vn -0.80959300 0.08957586 -0.58011670
vn -0.81239320 0.08842331 -0.57636660
vn -0.80613340 0.03323860 -0.59079950
vn -0.79656610 0.03445594 -0.60356880
vn -0.83582380 -0.13062700 -0.53323080
vn -0.83513150 -0.13119220 -0.53417610
vn -0.83513150 -0.13119220 -0.53417610
vn -0.83513150 -0.13119220 -0.53417590
vn -0.76678750 -0.19304720 -0.61218430
vn -0.76678750 -0.19304720 -0.61218430
vn -0.76659970 -0.18452220 -0.61504190
vn -0.01852772 -0.80084750 0.59858170
vn 0.05579754 -0.87786720 0.47564240
vn 0.16223660 -0.92501800 0.34354200
vn 0.27541060 -0.69230950 0.66697580
vn -0.04367552 -0.82725640 0.56012420
vn 0.07750257 -0.82807210 0.55523870
vn 0.03046618 -0.85458180 0.51842250
vn 0.07047588 -0.98571190 0.15298750
vn -0.05075315 -0.99416790 -0.09515339
vn 0.12988050 -0.98252460 0.13332880
vn -0.09843555 -0.98695710 -0.12738240
vn 0.08143985 -0.91487930 -0.39542820
vn 0.03932039 -0.89772460 -0.43879900
vn 0.15513860 -0.87353250 -0.46138150
vn 0.06945726 -0.82141340 -0.56608800
vn 0.21743130 -0.75033210 -0.62427990
vn 0.01027283 -0.80273280 -0.59625020
vn 0.23376020 -0.75757780 -0.60945220
vn 0.19839610 -0.77785470 -0.59630620
vn 0.20740490 -0.78184530 -0.58796360
vn 0.20750060 -0.78180430 -0.58798430
vn 0.21364550 -0.75102680 -0.62475150
vn 0.19809930 -0.77629390 -0.59843500
vn 0.25618920 -0.75735880 -0.60064520
vn 0.20301150 -0.77893180 -0.59333930
vn 0.19759060 -0.77464650 -0.60073350
vn 0.24976050 -0.74243530 -0.62161850
vn 0.21221810 -0.73519270 -0.64378190
vn 0.22383010 -0.73117870 -0.64442050
vn 0.27715170 -0.65387640 -0.70401190
vn 0.43770070 -0.52371870 -0.73084660
vn 0.31455590 -0.65989930 -0.68233970
vn 0.41553530 -0.51766070 -0.74790230
vn 0.43827360 -0.38551800 -0.81196800
vn 0.30351000 -0.65532000 -0.69169150
vn 0.42059100 -0.38109500 -0.82332840
vn 0.49331340 -0.32221830 -0.80797100
vn 0.01852146 0.80089130 -0.59852310
vn -0.16222500 0.92503600 -0.34349900
vn 0.92006930 0.18180130 0.34701680
vn -0.27490800 0.69362380 -0.66581650
vn 0.04363099 0.82690900 -0.56064060
vn -0.05495172 0.87849550 -0.47457980
vn 0.05003248 0.82222250 -0.56696300
vn -0.07715793 0.82854630 -0.55457880
vn 0.10076310 0.98701350 0.12510510
vn 0.92021110 0.17898090 0.34810520
vn 0.05070425 0.99446060 0.09207232
vn -0.15527520 0.87338640 0.46161230
vn -0.03033390 0.85443600 -0.51867030
vn -0.12978190 0.98293820 -0.13034210
vn -0.08186663 0.91496310 0.39514600
vn -0.06923869 0.82155590 0.56590810
vn -0.03926095 0.89781650 0.43861590
vn -0.01023566 0.80295090 0.59595720
vn -0.21730830 0.75033970 0.62431350
vn -0.27764480 0.90094450 0.33348530
vn -0.23376050 0.75757040 0.60946140
vn -0.19839160 0.77785700 0.59630470
vn -0.21438570 0.78316550 0.58368710
vn -0.20740240 0.78183380 0.58797970
vn -0.20751860 0.78178040 0.58800980
vn -0.20303420 0.77892600 0.59333920
vn -0.19806370 0.77629480 0.59844550
vn -0.25617660 0.75736760 0.60063960
vn -0.19763150 0.77465560 0.60070840
vn -0.21221870 0.73518540 0.64379000
vn -0.34366800 0.68058320 0.64706950
vn -0.22377340 0.73118910 0.64442840
vn -0.31461370 0.65991320 0.68229960
vn -0.43815160 0.52326410 0.73090210
vn -0.30344050 0.65532620 0.69171630
vn -0.41625880 0.51731310 0.74774060
vn -0.43966030 0.38121150 0.81325070
vn -0.38240350 0.37155200 0.84600040
vn -0.42167340 0.37675100 0.82477280
vn -0.49568360 0.31650090 0.80878000
vn -0.45476630 0.30598050 0.83639920
vn -0.45592110 0.30610900 0.83572320
vn -0.38172090 0.38187670 0.84170030
vn -0.46042770 0.30800860 0.83254850
vn -0.38172090 0.38187670 0.84170030
vn 0.92006930 0.18180130 0.34701680
vn 0.99536670 0.08766463 -0.03949853
vn 0.99558180 0.08541944 -0.03899308
vn 0.92006930 0.18180130 0.34701680
vn 0.90389850 0.18959480 0.38343360
vn 0.84615840 -0.02634253 0.53227990
vn 0.82094120 -0.03096742 0.57017240
vn 0.83232610 -0.07893973 0.54863640
vn 0.84754780 -0.07104301 0.52594270
vn 0.84007410 -0.08500347 0.53577060
vn 0.82017430 -0.09866163 0.56354220
vn 0.82025090 -0.09851547 0.56345650
vn 0.82025090 -0.09851547 0.56345650
vn 0.82025090 -0.09851547 0.56345650
vn 0.82051520 -0.09851829 0.56307090
vn 0.82150090 -0.10093700 0.56120230
vn 0.82775250 -0.09116354 0.55363800
vn 0.82479450 -0.08628310 0.55881050
vn 0.82479450 -0.08628310 0.55881050
vn 0.82479460 -0.08628310 0.55881050
vn 0.84510160 -0.08524977 0.52776490
vn 0.84510160 -0.08524977 0.52776470
vn 0.82827460 -0.13736320 0.54322410
vn 0.82396440 -0.13477300 0.55038060
vn 0.82396440 -0.13477300 0.55038060
vn 0.82396440 -0.13477300 0.55038080
vn 0.79828830 -0.19587550 0.56953360
vt 0.00000000 -5.00000000
vt 0.00000000 -4.00000000
vt 1.00000000 -4.00000000
vt 1.00000000 -5.00000000
vt 0.25404010 0.03400447
vt 0.24077580 0.06115641
vt 0.25717660 0.05785930
vt 0.26305930 0.33615810
vt 0.23182890 0.34271300
vt 0.25753550 0.40054740
vt 0.22482550 0.06410327
vt 0.24251040 0.03804898
vt 0.20162920 0.34828360
vt 0.22630720 0.40010550
vt 0.24949630 0.45773850
vt 0.19634730 0.39860400
vt 0.21944540 0.46408960
vt 0.24946340 0.51158080
vt 0.19060680 0.47007600
vt 0.21351440 0.52279790
vt 0.25158450 0.56544450
vt 0.21651480 0.57796870
vt 0.25660570 0.61884460
vt 0.17933540 0.53460160
vt 0.22243430 0.62599210
vt 0.26407730 0.67865890
vt 0.18336420 0.59165170
vt 0.19014770 0.63473390
vt 0.23023510 0.68119280
vt 0.26121680 0.72613640
vt 0.19812810 0.68590070
vt 0.23402060 0.72842940
vt 0.17933540 0.53460160
vt 0.18336420 0.59165170
vt 0.18336420 0.59165170
vt 0.19060680 0.47007600
vt 0.19634730 0.39860400
vt 0.19634730 0.39860400
vt 0.20162920 0.34828360
vt 0.20162920 0.34828360
vt 0.22482550 0.06410327
vt 0.22482550 0.06410327
vt 0.23120360 0.04203424
vt 0.24077580 0.06115641
vt 0.23182890 0.34271300
vt 0.20162920 0.34828360
vt 0.22630720 0.40010550
vt 0.19634730 0.39860400
vt 0.21944540 0.46408960
vt 0.19060680 0.47007600
vt 0.21351440 0.52279790
vt 0.17933540 0.53460160
vt 0.21651480 0.57796870
vt 0.26305930 0.33615810
vt 0.25717660 0.05785930
vt 0.24251040 0.03804898
vt 0.25753550 0.40054740
vt 0.24949630 0.45773850
vt 0.24946340 0.51158080
vt 0.25158450 0.56544450
vt 0.24949630 0.45773850
vt 0.25753550 0.40054740
vt 0.24946340 0.51158080
vt 0.26305930 0.33615810
vt 0.24946340 0.51158080
vt 0.26305930 0.33615810
vt 0.25158450 0.56544450
vt 0.25717660 0.05785930
vt 0.25404010 0.03400447
vt 0.25660570 0.61884460
vt 0.25660570 0.61884460
vt 0.26407730 0.67865890
vt 0.22243430 0.62599210
vt 0.26407730 0.67865890
vt 0.19014770 0.63473390
vt 0.19014770 0.63473390
vt 0.23023510 0.68119280
vt 0.26121680 0.72613640
vt 0.19812810 0.68590070
vt 0.19812810 0.68590070
vt 0.20785390 0.73235720
vt 0.23402060 0.72842940
vt 0.25970270 0.75962590
vt 0.20785390 0.73235720
vt 0.20785390 0.73235720
vt 0.21802610 0.76337080
vt 0.23856690 0.76116060
vt 0.26525050 0.79308240
vt 0.21802610 0.76337080
vt 0.24676380 0.79504320
vt 0.26917620 0.82103130
vt 0.22874690 0.79714860
vt 0.25489750 0.82258560
vt 0.26541130 0.85268100
vt 0.24083230 0.82396270
vt 0.25928130 0.85338000
vt 0.25308240 0.85397660
vt 0.26446120 0.86650770
vt 0.26230950 0.86585810
vt 0.26047910 0.86705810
vt 0.27273090 0.88268560
vt 0.26047910 0.86705810
vt 0.27273090 0.88268560
vt 0.25308240 0.85397660
vt 0.25308240 0.85397660
vt 0.24083230 0.82396270
vt 0.24083230 0.82396270
vt 0.22874690 0.79714860
vt 0.22874690 0.79714860
vt 0.21802610 0.76337080
vt 0.23856690 0.76116060
vt 0.21802610 0.76337080
vt 0.25970270 0.75962590
vt 0.24676380 0.79504320
vt 0.22874690 0.79714860
vt 0.26525050 0.79308240
vt 0.25489750 0.82258560
vt 0.24083230 0.82396270
vt 0.26917620 0.82103130
vt 0.25928130 0.85338000
vt 0.25308240 0.85397660
vt 0.26541130 0.85268100
vt 0.26230950 0.86585810
vt 0.26047910 0.86705810
vt 0.26446120 0.86650770
vt 0.27273090 0.88268560
vt 0.26121680 0.72613640
vt 0.26917620 0.82103130
vt 0.26541130 0.85268100
vt 0.26446120 0.86650770
vt 0.27273090 0.88268560
vt 0.27273090 0.88268560
vt 0.24251040 0.03804898
vt 0.25717660 0.05785930
vt 0.24077580 0.06115641
vt 0.26305930 0.33615810
vt 0.23182890 0.34271300
vt 0.25753550 0.40054740
vt 0.22482550 0.06410327
vt 0.23120360 0.04203424
vt 0.22482550 0.06410327
vt 0.20162920 0.34828360
vt 0.20162920 0.34828360
vt 0.19634730 0.39860400
vt 0.19634730 0.39860400
vt 0.19060680 0.47007600
vt 0.19060680 0.47007600
vt 0.17933540 0.53460160
vt 0.17933540 0.53460160
vt 0.18336420 0.59165170
vt 0.18336420 0.59165170
vt 0.19014770 0.63473390
vt 0.19014770 0.63473390
vt 0.19812810 0.68590070
vt 0.19812810 0.68590070
vt 0.20785390 0.73235720
vt 0.20785390 0.73235720
vt 0.21802610 0.76337080
vt 0.21802610 0.76337080
vt 0.22874690 0.79714860
vt 0.22874690 0.79714860
vt 0.24083230 0.82396270
vt 0.24083230 0.82396270
vt 0.25308240 0.85397660
vt 0.25308240 0.85397660
vt 0.26047910 0.86705810
vt 0.26047910 0.86705810
vt 0.27273090 0.88268560
vt 0.27273090 0.88268560
vt 0.26047910 0.86705810
vt 0.26446120 0.86650770
vt 0.27273090 0.88268560
vt 0.26230950 0.86585810
vt 0.25308240 0.85397660
vt 0.25928130 0.85338000
vt 0.24083230 0.82396270
vt 0.26541130 0.85268100
vt 0.25489750 0.82258560
vt 0.22874690 0.79714860
vt 0.24676380 0.79504320
vt 0.21802610 0.76337080
vt 0.26917620 0.82103130
vt 0.23856690 0.76116060
vt 0.20785390 0.73235720
vt 0.26525050 0.79308240
vt 0.25970270 0.75962590
vt 0.23402060 0.72842940
vt 0.19812810 0.68590070
vt 0.26121680 0.72613640
vt 0.23023510 0.68119280
vt 0.19014770 0.63473390
vt 0.26407730 0.67865890
vt 0.22243430 0.62599210
vt 0.18336420 0.59165170
vt 0.25660570 0.61884460
vt 0.21651480 0.57796870
vt 0.17933540 0.53460160
vt 0.25158450 0.56544450
vt 0.21351440 0.52279790
vt 0.19060680 0.47007600
vt 0.24946340 0.51158080
vt 0.21944540 0.46408960
vt 0.19634730 0.39860400
vt 0.24949630 0.45773850
vt 0.22630720 0.40010550
vt 0.20162920 0.34828360
vt 0.26047910 0.86705810
vt 0.27273090 0.88268560
vt 0.26446120 0.86650770
vt 0.26230950 0.86585810
vt 0.25308240 0.85397660
vt 0.25928130 0.85338000
vt 0.26541130 0.85268100
vt 0.24083230 0.82396270
vt 0.25489750 0.82258560
vt 0.26917620 0.82103130
vt 0.22874690 0.79714860
vt 0.24676380 0.79504320
vt 0.21802610 0.76337080
vt 0.26525050 0.79308240
vt 0.23856690 0.76116060
vt 0.20785390 0.73235720
vt 0.23402060 0.72842940
vt 0.19812810 0.68590070
vt 0.25970270 0.75962590
vt 0.23023510 0.68119280
vt 0.19014770 0.63473390
vt 0.26121680 0.72613640
vt 0.26407730 0.67865890
vt 0.22243430 0.62599210
vt 0.18336420 0.59165170
vt 0.25660570 0.61884460
vt 0.21651480 0.57796870
vt 0.17933540 0.53460160
vt 0.25158450 0.56544450
vt 0.21351440 0.52279790
vt 0.19060680 0.47007600
vt 0.24946340 0.51158080
vt 0.21944540 0.46408960
vt 0.19634730 0.39860400
vt 0.24949630 0.45773850
vt 0.22630720 0.40010550
vt 0.20162920 0.34828360
vt 0.25753550 0.40054740
vt 0.23182890 0.34271300
vt 0.22482550 0.06410327
vt 0.26305930 0.33615810
vt 0.24077580 0.06115641
vt 0.24251040 0.03804898
vt 0.25717660 0.05785930
vt 0.25404010 0.03400447
vt 0.26446120 0.86650770
vt 0.27273090 0.88268560
vt 0.27273090 0.88268560
vt 0.26446120 0.86650770
vt 0.26541130 0.85268100
vt 0.26917620 0.82103130
vt 0.26525050 0.79308240
vt 0.25970270 0.75962590
vt 0.26121680 0.72613640
vt 0.26121680 0.72613640
vt 0.26407730 0.67865890
vt 0.26407730 0.67865890
vt 0.25660570 0.61884460
vt 0.25660570 0.61884460
vt 0.25158450 0.56544450
vt 0.25158450 0.56544450
vt 0.24946340 0.51158080
vt 0.24946340 0.51158080
vt 0.24949630 0.45773850
vt 0.24949630 0.45773850
vt 0.25753550 0.40054740
vt 0.25753550 0.40054740
vt 0.26305930 0.33615810
vt 0.26305930 0.33615810
vt 0.25717660 0.05785930
vt 0.25404010 0.03400447
vt 0.24251040 0.03804898
vt 0.25717660 0.05785930
vt 0.24077580 0.06115641
vt 0.26305930 0.33615810
vt 0.23182890 0.34271300
vt 0.25753550 0.40054740
vt 0.22482550 0.06410327
vt 0.23120360 0.04203424
vt 0.22482550 0.06410327
vt 0.20162920 0.34828360
vt 0.20162920 0.34828360
vt 0.19634730 0.39860400
vt 0.19634730 0.39860400
vt 0.19060680 0.47007600
vt 0.19060680 0.47007600
vt 0.17933540 0.53460160
vt 0.17933540 0.53460160
vt 0.18336420 0.59165170
vt 0.18336420 0.59165170
vt 0.19014770 0.63473390
vt 0.19014770 0.63473390
vt 0.19812810 0.68590070
vt 0.19812810 0.68590070
vt 0.20785390 0.73235720
vt 0.20785390 0.73235720
vt 0.21802610 0.76337080
vt 0.21802610 0.76337080
vt 0.22874690 0.79714860
vt 0.22874690 0.79714860
vt 0.24083230 0.82396270
vt 0.24083230 0.82396270
vt 0.25308240 0.85397660
vt 0.25308240 0.85397660
vt 0.26047910 0.86705810
vt 0.26047910 0.86705810
vt 0.27273090 0.88268560
vt 0.27273090 0.88268560
vt 0.26047910 0.86705810
vt 0.26446120 0.86650770
vt 0.27273090 0.88268560
vt 0.26230950 0.86585810
vt 0.25308240 0.85397660
vt 0.25928130 0.85338000
vt 0.26541130 0.85268100
vt 0.24083230 0.82396270
vt 0.25489750 0.82258560
vt 0.26917620 0.82103130
vt 0.22874690 0.79714860
vt 0.24676380 0.79504320
vt 0.26525050 0.79308240
vt 0.21802610 0.76337080
vt 0.23856690 0.76116060
vt 0.20785390 0.73235720
vt 0.25970270 0.75962590
vt 0.23402060 0.72842940
vt 0.19812810 0.68590070
vt 0.23023510 0.68119280
vt 0.19014770 0.63473390
vt 0.26121680 0.72613640
vt 0.22243430 0.62599210
vt 0.18336420 0.59165170
vt 0.26407730 0.67865890
vt 0.25660570 0.61884460
vt 0.21651480 0.57796870
vt 0.17933540 0.53460160
vt 0.25158450 0.56544450
vt 0.21351440 0.52279790
vt 0.19060680 0.47007600
vt 0.24946340 0.51158080
vt 0.21944540 0.46408960
vt 0.19634730 0.39860400
vt 0.24949630 0.45773850
vt 0.22630720 0.40010550
vt 0.20162920 0.34828360
vt 0.24949630 0.45773850
vt 0.25753550 0.40054740
vt 0.24946340 0.51158080
vt 0.26305930 0.33615810
vt 0.24946340 0.51158080
vt 0.26305930 0.33615810
vt 0.25158450 0.56544450
vt 0.25717660 0.05785930
vt 0.25717660 0.05785930
vt 0.25404010 0.03400447
vt 0.25158450 0.56544450
vt 0.25660570 0.61884460
vt 0.25660570 0.61884460
vt 0.26407730 0.67865890
vt 0.26407730 0.67865890
vt 0.26121680 0.72613640
vt 0.25970270 0.75962590
vt 0.26525050 0.79308240
vt 0.26525050 0.79308240
vt 0.26917620 0.82103130
vt 0.26917620 0.82103130
vt 0.26541130 0.85268100
vt 0.26541130 0.85268100
vt 0.26446120 0.86650770
vt 0.26446120 0.86650770
vt 0.27273090 0.88268560
vt 0.27273090 0.88268560
vt 0.25489750 0.82258560
vt 0.25928130 0.85338000
vt 0.24676380 0.79504320
vt 0.26525050 0.79308240
vt 0.23856690 0.76116060
vt 0.25970270 0.75962590
vt 0.23402060 0.72842940
vt 0.26121680 0.72613640
vt 0.23023510 0.68119280
vt 0.26407730 0.67865890
vt 0.22243430 0.62599210
vt 0.25660570 0.61884460
vt 0.21651480 0.57796870
vt 0.25158450 0.56544450
vt 0.21351440 0.52279790
vt 0.24946340 0.51158080
vt 0.21944540 0.46408960
vt 0.24949630 0.45773850
vt 0.22630720 0.40010550
vt 0.25753550 0.40054740
vt 0.23182890 0.34271300
vt 0.26305930 0.33615810
vt 0.24077580 0.06115641
vt 0.25717660 0.05785930
vt 0.25404010 0.03400447
vt 0.22482550 0.06410327
vt 0.24251040 0.03804898
vt 0.20162920 0.34828360
vt 0.19634730 0.39860400
vt 0.19060680 0.47007600
vt 0.17933540 0.53460160
vt 0.18336420 0.59165170
vt 0.19014770 0.63473390
vt 0.19812810 0.68590070
vt 0.20785390 0.73235720
vt 0.21802610 0.76337080
vt 0.22874690 0.79714860
vt 0.24083230 0.82396270
vt 0.25308240 0.85397660
vt 0.26230950 0.86585810
vt 0.26047910 0.86705810
vt 0.27273090 0.88268560
vt 0.24251040 0.03804898
vt 0.25717660 0.05785930
vt 0.24077580 0.06115641
vt 0.26305930 0.33615810
vt 0.23182890 0.34271300
vt 0.25753550 0.40054740
vt 0.22482550 0.06410327
vt 0.23120360 0.04203424
vt 0.22482550 0.06410327
vt 0.20162920 0.34828360
vt 0.20162920 0.34828360
vt 0.19634730 0.39860400
vt 0.19634730 0.39860400
vt 0.19060680 0.47007600
vt 0.19060680 0.47007600
vt 0.17933540 0.53460160
vt 0.17933540 0.53460160
vt 0.18336420 0.59165170
vt 0.18336420 0.59165170
vt 0.19014770 0.63473390
vt 0.19014770 0.63473390
vt 0.19812810 0.68590070
vt 0.19812810 0.68590070
vt 0.20785390 0.73235720
vt 0.20785390 0.73235720
vt 0.21802610 0.76337080
vt 0.21802610 0.76337080
vt 0.22874690 0.79714860
vt 0.22874690 0.79714860
vt 0.24083230 0.82396270
vt 0.24083230 0.82396270
vt 0.25308240 0.85397660
vt 0.25308240 0.85397660
vt 0.26047910 0.86705810
vt 0.26047910 0.86705810
vt 0.27273090 0.88268560
vt 0.27273090 0.88268560
vt 0.26047910 0.86705810
vt 0.26446120 0.86650770
vt 0.27273090 0.88268560
vt 0.26230950 0.86585810
vt 0.25308240 0.85397660
vt 0.25928130 0.85338000
vt 0.26541130 0.85268100
vt 0.24083230 0.82396270
vt 0.25489750 0.82258560
vt 0.26917620 0.82103130
vt 0.22874690 0.79714860
vt 0.24676380 0.79504320
vt 0.21802610 0.76337080
vt 0.26525050 0.79308240
vt 0.23856690 0.76116060
vt 0.20785390 0.73235720
vt 0.23402060 0.72842940
vt 0.19812810 0.68590070
vt 0.25970270 0.75962590
vt 0.23023510 0.68119280
vt 0.19014770 0.63473390
vt 0.26121680 0.72613640
vt 0.22243430 0.62599210
vt 0.18336420 0.59165170
vt 0.26407730 0.67865890
vt 0.25660570 0.61884460
vt 0.21651480 0.57796870
vt 0.17933540 0.53460160
vt 0.25158450 0.56544450
vt 0.21351440 0.52279790
vt 0.19060680 0.47007600
vt 0.24946340 0.51158080
vt 0.21944540 0.46408960
vt 0.19634730 0.39860400
vt 0.24949630 0.45773850
vt 0.22630720 0.40010550
vt 0.20162920 0.34828360
vt 0.24251040 0.03804898
vt 0.22482550 0.06410327
vt 0.24077580 0.06115641
vt 0.23182890 0.34271300
vt 0.20162920 0.34828360
vt 0.22630720 0.40010550
vt 0.19634730 0.39860400
vt 0.21944540 0.46408960
vt 0.19060680 0.47007600
vt 0.21351440 0.52279790
vt 0.17933540 0.53460160
vt 0.21651480 0.57796870
vt 0.18336420 0.59165170
vt 0.22243430 0.62599210
vt 0.19014770 0.63473390
vt 0.23023510 0.68119280
vt 0.19812810 0.68590070
vt 0.23402060 0.72842940
vt 0.20785390 0.73235720
vt 0.23856690 0.76116060
vt 0.21802610 0.76337080
vt 0.24676380 0.79504320
vt 0.22874690 0.79714860
vt 0.25489750 0.82258560
vt 0.24083230 0.82396270
vt 0.25928130 0.85338000
vt 0.25308240 0.85397660
vt 0.26230950 0.86585810
vt 0.26047910 0.86705810
vt 0.26446120 0.86650770
vt 0.27273090 0.88268560
vt 0.26541130 0.85268100
vt 0.26917620 0.82103130
vt 0.26525050 0.79308240
vt 0.25970270 0.75962590
vt 0.26121680 0.72613640
vt 0.26407730 0.67865890
vt 0.25660570 0.61884460
vt 0.25158450 0.56544450
vt 0.24946340 0.51158080
vt 0.24949630 0.45773850
vt 0.25753550 0.40054740
vt 0.26305930 0.33615810
vt 0.25717660 0.05785930
vt 0.25404010 0.03400447
vt 0.25404010 0.03400447
vt 0.25717660 0.05785930
vt 0.26305930 0.33615810
vt 0.26305930 0.33615810
vt 0.25753550 0.40054740
vt 0.25753550 0.40054740
vt 0.24949630 0.45773850
vt 0.24949630 0.45773850
vt 0.24946340 0.51158080
vt 0.24946340 0.51158080
vt 0.25158450 0.56544450
vt 0.25158450 0.56544450
vt 0.25660570 0.61884460
vt 0.25660570 0.61884460
vt 0.26407730 0.67865890
vt 0.26407730 0.67865890
vt 0.26121680 0.72613640
vt 0.25970270 0.75962590
vt 0.26525050 0.79308240
vt 0.26917620 0.82103130
vt 0.26541130 0.85268100
vt 0.26446120 0.86650770
vt 0.27273090 0.88268560
vt 0.27273090 0.88268560
vt 0.24251040 0.03804898
vt 0.22482550 0.06410327
vt 0.24077580 0.06115641
vt 0.23182890 0.34271300
vt 0.20162920 0.34828360
vt 0.22630720 0.40010550
vt 0.19634730 0.39860400
vt 0.21944540 0.46408960
vt 0.19060680 0.47007600
vt 0.21351440 0.52279790
vt 0.17933540 0.53460160
vt 0.21651480 0.57796870
vt 0.18336420 0.59165170
vt 0.22243430 0.62599210
vt 0.19014770 0.63473390
vt 0.23023510 0.68119280
vt 0.19812810 0.68590070
vt 0.26305930 0.33615810
vt 0.25717660 0.05785930
vt 0.25404010 0.03400447
vt 0.25753550 0.40054740
vt 0.24949630 0.45773850
vt 0.24946340 0.51158080
vt 0.25158450 0.56544450
vt 0.25660570 0.61884460
vt 0.26407730 0.67865890
vt 0.26121680 0.72613640
vt 0.23402060 0.72842940
vt 0.25970270 0.75962590
vt 0.23856690 0.76116060
vt 0.26525050 0.79308240
vt 0.20785390 0.73235720
vt 0.24676380 0.79504320
vt 0.26917620 0.82103130
vt 0.21802610 0.76337080
vt 0.22874690 0.79714860
vt 0.25489750 0.82258560
vt 0.26541130 0.85268100
vt 0.24083230 0.82396270
vt 0.25928130 0.85338000
vt 0.25308240 0.85397660
vt 0.26446120 0.86650770
vt 0.26230950 0.86585810
vt 0.26047910 0.86705810
vt 0.27273090 0.88268560
vt 0.21802610 0.76337080
vt 0.21802610 0.76337080
vt 0.20785390 0.73235720
vt 0.22874690 0.79714860
vt 0.22874690 0.79714860
vt 0.19812810 0.68590070
vt 0.24083230 0.82396270
vt 0.19014770 0.63473390
vt 0.24083230 0.82396270
vt 0.19014770 0.63473390
vt 0.25308240 0.85397660
vt 0.18336420 0.59165170
vt 0.25308240 0.85397660
vt 0.18336420 0.59165170
vt 0.26047910 0.86705810
vt 0.17933540 0.53460160
vt 0.26047910 0.86705810
vt 0.27273090 0.88268560
vt 0.27273090 0.88268560
vt 0.17933540 0.53460160
vt 0.19060680 0.47007600
vt 0.19060680 0.47007600
vt 0.19634730 0.39860400
vt 0.19634730 0.39860400
vt 0.20162920 0.34828360
vt 0.20162920 0.34828360
vt 0.22482550 0.06410327
vt 0.22482550 0.06410327
vt 0.23120360 0.04203424
vt 0.24077580 0.06115641
vt 0.23182890 0.34271300
vt 0.20162920 0.34828360
vt 0.22630720 0.40010550
vt 0.19634730 0.39860400
vt 0.21944540 0.46408960
vt 0.19060680 0.47007600
vt 0.21351440 0.52279790
vt 0.17933540 0.53460160
vt 0.21651480 0.57796870
vt 0.18336420 0.59165170
vt 0.22243430 0.62599210
vt 0.19014770 0.63473390
vt 0.23023510 0.68119280
vt 0.19812810 0.68590070
vt 0.23402060 0.72842940
vt 0.20785390 0.73235720
vt 0.23856690 0.76116060
vt 0.21802610 0.76337080
vt 0.24676380 0.79504320
vt 0.22874690 0.79714860
vt 0.25489750 0.82258560
vt 0.24083230 0.82396270
vt 0.25928130 0.85338000
vt 0.25308240 0.85397660
vt 0.26230950 0.86585810
vt 0.26047910 0.86705810
vt 0.26446120 0.86650770
vt 0.27273090 0.88268560
vt 0.26541130 0.85268100
vt 0.26917620 0.82103130
vt 0.26525050 0.79308240
vt 0.25970270 0.75962590
vt 0.26121680 0.72613640
vt 0.26407730 0.67865890
vt 0.25660570 0.61884460
vt 0.25158450 0.56544450
vt 0.24946340 0.51158080
vt 0.24949630 0.45773850
vt 0.25753550 0.40054740
vt 0.26305930 0.33615810
vt 0.25717660 0.05785930
vt 0.24251040 0.03804898
vt 0.26407730 0.67865890
vt 0.25660570 0.61884460
vt 0.25660570 0.61884460
vt 0.26121680 0.72613640
vt 0.25158450 0.56544450
vt 0.25158450 0.56544450
vt 0.25970270 0.75962590
vt 0.24946340 0.51158080
vt 0.24946340 0.51158080
vt 0.26525050 0.79308240
vt 0.24949630 0.45773850
vt 0.24949630 0.45773850
vt 0.26917620 0.82103130
vt 0.25753550 0.40054740
vt 0.25753550 0.40054740
vt 0.26541130 0.85268100
vt 0.26305930 0.33615810
vt 0.26305930 0.33615810
vt 0.26446120 0.86650770
vt 0.25717660 0.05785930
vt 0.25404010 0.03400447
vt 0.27273090 0.88268560
vt 0.27273090 0.88268560
vt 0.25565930 0.01158756
vt 0.24251040 0.03804898
vt 0.25404010 0.03400447
vt 0.25717660 0.05785930
vt 0.24077580 0.06115641
vt 0.26305930 0.33615810
vt 0.23120360 0.04203424
vt 0.24355190 0.01586416
vt 0.22482550 0.06410327
vt 0.23182890 0.34271300
vt 0.25753550 0.40054740
vt 0.22630720 0.40010550
vt 0.24949630 0.45773850
vt 0.20162920 0.34828360
vt 0.21944540 0.46408960
vt 0.24946340 0.51158080
vt 0.19634730 0.39860400
vt 0.19060680 0.47007600
vt 0.21351440 0.52279790
vt 0.25158450 0.56544450
vt 0.21651480 0.57796870
vt 0.25660570 0.61884460
vt 0.17933540 0.53460160
vt 0.22243430 0.62599210
vt 0.26407730 0.67865890
vt 0.18336420 0.59165170
vt 0.19014770 0.63473390
vt 0.23023510 0.68119280
vt 0.26121680 0.72613640
vt 0.19812810 0.68590070
vt 0.23402060 0.72842940
vt 0.25970270 0.75962590
vt 0.20785390 0.73235720
vt 0.23856690 0.76116060
vt 0.26525050 0.79308240
vt 0.24676380 0.79504320
vt 0.26917620 0.82103130
vt 0.21802610 0.76337080
vt 0.25489750 0.82258560
vt 0.26541130 0.85268100
vt 0.22874690 0.79714860
vt 0.24083230 0.82396270
vt 0.25928130 0.85338000
vt 0.25308240 0.85397660
vt 0.26446120 0.86650770
vt 0.26230950 0.86585810
vt 0.26047910 0.86705810
vt 0.27273090 0.88268560
vt 0.21802610 0.76337080
vt 0.20785390 0.73235720
vt 0.22874690 0.79714860
vt 0.19812810 0.68590070
vt 0.22874690 0.79714860
vt 0.19812810 0.68590070
vt 0.24083230 0.82396270
vt 0.19014770 0.63473390
vt 0.24083230 0.82396270
vt 0.19014770 0.63473390
vt 0.25308240 0.85397660
vt 0.18336420 0.59165170
vt 0.25308240 0.85397660
vt 0.18336420 0.59165170
vt 0.26047910 0.86705810
vt 0.26047910 0.86705810
vt 0.27273090 0.88268560
vt 0.27273090 0.88268560
vt 0.17933540 0.53460160
vt 0.19060680 0.47007600
vt 0.19634730 0.39860400
vt 0.19634730 0.39860400
vt 0.20162920 0.34828360
vt 0.22482550 0.06410327
vt 0.23120360 0.04203424
vt 0.23120360 0.04203424
vt 0.23157070 0.02023221
vt 0.24251040 0.03804898
vt 0.24077580 0.06115641
vt 0.22482550 0.06410327
vt 0.23182890 0.34271300
vt 0.20162920 0.34828360
vt 0.22630720 0.40010550
vt 0.19634730 0.39860400
vt 0.21944540 0.46408960
vt 0.19060680 0.47007600
vt 0.21351440 0.52279790
vt 0.17933540 0.53460160
vt 0.21651480 0.57796870
vt 0.18336420 0.59165170
vt 0.22243430 0.62599210
vt 0.19014770 0.63473390
vt 0.23023510 0.68119280
vt 0.19812810 0.68590070
vt 0.23402060 0.72842940
vt 0.20785390 0.73235720
vt 0.23856690 0.76116060
vt 0.21802610 0.76337080
vt 0.24676380 0.79504320
vt 0.22874690 0.79714860
vt 0.25489750 0.82258560
vt 0.24083230 0.82396270
vt 0.25928130 0.85338000
vt 0.25308240 0.85397660
vt 0.26230950 0.86585810
vt 0.26047910 0.86705810
vt 0.26446120 0.86650770
vt 0.27273090 0.88268560
vt 0.26541130 0.85268100
vt 0.26917620 0.82103130
vt 0.26525050 0.79308240
vt 0.25970270 0.75962590
vt 0.26121680 0.72613640
vt 0.26407730 0.67865890
vt 0.25660570 0.61884460
vt 0.25158450 0.56544450
vt 0.24946340 0.51158080
vt 0.24949630 0.45773850
vt 0.25753550 0.40054740
vt 0.26305930 0.33615810
vt 0.25717660 0.05785930
vt 0.25404010 0.03400447
vt 0.24355190 0.01586416
vt 0.27273090 0.88268560
vt 0.27273090 0.88268560
vt 0.26446120 0.86650770
vt 0.26446120 0.86650770
vt 0.26541130 0.85268100
vt 0.26917620 0.82103130
vt 0.26525050 0.79308240
vt 0.25970270 0.75962590
vt 0.25970270 0.75962590
vt 0.26121680 0.72613640
vt 0.26121680 0.72613640
vt 0.26407730 0.67865890
vt 0.26407730 0.67865890
vt 0.25660570 0.61884460
vt 0.25660570 0.61884460
vt 0.25158450 0.56544450
vt 0.25158450 0.56544450
vt 0.24946340 0.51158080
vt 0.24946340 0.51158080
vt 0.24949630 0.45773850
vt 0.24949630 0.45773850
vt 0.25753550 0.40054740
vt 0.25753550 0.40054740
vt 0.26305930 0.33615810
vt 0.26305930 0.33615810
vt 0.25717660 0.05785930
vt 0.25717660 0.05785930
vt 0.25404010 0.03400447
vt 0.25404010 0.03400447
vt 0.25565930 0.01158756
vt 0.24251040 0.03804898
vt 0.25717660 0.05785930
vt 0.24077580 0.06115641
vt 0.26305930 0.33615810
vt 0.23182890 0.34271300
vt 0.25753550 0.40054740
vt 0.22482550 0.06410327
vt 0.23120360 0.04203424
vt 0.22482550 0.06410327
vt 0.20162920 0.34828360
vt 0.20162920 0.34828360
vt 0.19634730 0.39860400
vt 0.19634730 0.39860400
vt 0.19060680 0.47007600
vt 0.19060680 0.47007600
vt 0.17933540 0.53460160
vt 0.17933540 0.53460160
vt 0.18336420 0.59165170
vt 0.18336420 0.59165170
vt 0.19014770 0.63473390
vt 0.19014770 0.63473390
vt 0.19812810 0.68590070
vt 0.19812810 0.68590070
vt 0.20785390 0.73235720
vt 0.20785390 0.73235720
vt 0.21802610 0.76337080
vt 0.21802610 0.76337080
vt 0.22874690 0.79714860
vt 0.22874690 0.79714860
vt 0.24083230 0.82396270
vt 0.24083230 0.82396270
vt 0.25308240 0.85397660
vt 0.25308240 0.85397660
vt 0.26047910 0.86705810
vt 0.26047910 0.86705810
vt 0.27273090 0.88268560
vt 0.27273090 0.88268560
vt 0.26047910 0.86705810
vt 0.26446120 0.86650770
vt 0.27273090 0.88268560
vt 0.26230950 0.86585810
vt 0.25308240 0.85397660
vt 0.25928130 0.85338000
vt 0.26541130 0.85268100
vt 0.24083230 0.82396270
vt 0.25489750 0.82258560
vt 0.26917620 0.82103130
vt 0.22874690 0.79714860
vt 0.24676380 0.79504320
vt 0.26525050 0.79308240
vt 0.21802610 0.76337080
vt 0.23856690 0.76116060
vt 0.25970270 0.75962590
vt 0.20785390 0.73235720
vt 0.23402060 0.72842940
vt 0.26121680 0.72613640
vt 0.19812810 0.68590070
vt 0.23023510 0.68119280
vt 0.26407730 0.67865890
vt 0.19014770 0.63473390
vt 0.22243430 0.62599210
vt 0.25660570 0.61884460
vt 0.18336420 0.59165170
vt 0.21651480 0.57796870
vt 0.25158450 0.56544450
vt 0.17933540 0.53460160
vt 0.21351440 0.52279790
vt 0.24946340 0.51158080
vt 0.19060680 0.47007600
vt 0.21944540 0.46408960
vt 0.24949630 0.45773850
vt 0.19634730 0.39860400
vt 0.22630720 0.40010550
vt 0.20162920 0.34828360
vt 0.26047910 0.86705810
vt 0.27273090 0.88268560
vt 0.26446120 0.86650770
vt 0.26230950 0.86585810
vt 0.25308240 0.85397660
vt 0.25928130 0.85338000
vt 0.26541130 0.85268100
vt 0.24083230 0.82396270
vt 0.25489750 0.82258560
vt 0.26917620 0.82103130
vt 0.22874690 0.79714860
vt 0.24676380 0.79504320
vt 0.26525050 0.79308240
vt 0.21802610 0.76337080
vt 0.23856690 0.76116060
vt 0.25970270 0.75962590
vt 0.20785390 0.73235720
vt 0.23402060 0.72842940
vt 0.26121680 0.72613640
vt 0.19812810 0.68590070
vt 0.23023510 0.68119280
vt 0.26407730 0.67865890
vt 0.19014770 0.63473390
vt 0.22243430 0.62599210
vt 0.25660570 0.61884460
vt 0.18336420 0.59165170
vt 0.21651480 0.57796870
vt 0.25158450 0.56544450
vt 0.17933540 0.53460160
vt 0.21351440 0.52279790
vt 0.24946340 0.51158080
vt 0.19060680 0.47007600
vt 0.21944540 0.46408960
vt 0.24949630 0.45773850
vt 0.19634730 0.39860400
vt 0.22630720 0.40010550
vt 0.25753550 0.40054740
vt 0.20162920 0.34828360
vt 0.23182890 0.34271300
vt 0.26305930 0.33615810
vt 0.22482550 0.06410327
vt 0.24077580 0.06115641
vt 0.24251040 0.03804898
vt 0.25717660 0.05785930
vt 0.25404010 0.03400447
vt 0.26446120 0.86650770
vt 0.27273090 0.88268560
vt 0.27273090 0.88268560
vt 0.26446120 0.86650770
vt 0.26541130 0.85268100
vt 0.26541130 0.85268100
vt 0.26917620 0.82103130
vt 0.26917620 0.82103130
vt 0.26525050 0.79308240
vt 0.26525050 0.79308240
vt 0.25970270 0.75962590
vt 0.25970270 0.75962590
vt 0.26121680 0.72613640
vt 0.26121680 0.72613640
vt 0.26407730 0.67865890
vt 0.26407730 0.67865890
vt 0.25660570 0.61884460
vt 0.25660570 0.61884460
vt 0.25158450 0.56544450
vt 0.25158450 0.56544450
vt 0.24946340 0.51158080
vt 0.24946340 0.51158080
vt 0.24949630 0.45773850
vt 0.24949630 0.45773850
vt 0.25753550 0.40054740
vt 0.25753550 0.40054740
vt 0.26305930 0.33615810
vt 0.26305930 0.33615810
vt 0.25717660 0.05785930
vt 0.25717660 0.05785930
vt 0.25404010 0.03400447
vt 0.24251040 0.03804898
vt 0.25717660 0.05785930
vt 0.24077580 0.06115641
vt 0.26305930 0.33615810
vt 0.23182890 0.34271300
vt 0.25753550 0.40054740
vt 0.22482550 0.06410327
vt 0.23120360 0.04203424
vt 0.22482550 0.06410327
vt 0.20162920 0.34828360
vt 0.20162920 0.34828360
vt 0.19634730 0.39860400
vt 0.19634730 0.39860400
vt 0.19060680 0.47007600
vt 0.19060680 0.47007600
vt 0.17933540 0.53460160
vt 0.17933540 0.53460160
vt 0.18336420 0.59165170
vt 0.18336420 0.59165170
vt 0.19014770 0.63473390
vt 0.19014770 0.63473390
vt 0.19812810 0.68590070
vt 0.19812810 0.68590070
vt 0.20785390 0.73235720
vt 0.20785390 0.73235720
vt 0.21802610 0.76337080
vt 0.21802610 0.76337080
vt 0.22874690 0.79714860
vt 0.22874690 0.79714860
vt 0.24083230 0.82396270
vt 0.24083230 0.82396270
vt 0.25308240 0.85397660
vt 0.25308240 0.85397660
vt 0.26047910 0.86705810
vt 0.26047910 0.86705810
vt 0.27273090 0.88268560
vt 0.27273090 0.88268560
vt 0.26047910 0.86705810
vt 0.26446120 0.86650770
vt 0.27273090 0.88268560
vt 0.26230950 0.86585810
vt 0.25308240 0.85397660
vt 0.25928130 0.85338000
vt 0.26541130 0.85268100
vt 0.24083230 0.82396270
vt 0.25489750 0.82258560
vt 0.26917620 0.82103130
vt 0.22874690 0.79714860
vt 0.24676380 0.79504320
vt 0.26525050 0.79308240
vt 0.21802610 0.76337080
vt 0.23856690 0.76116060
vt 0.25970270 0.75962590
vt 0.20785390 0.73235720
vt 0.23402060 0.72842940
vt 0.26121680 0.72613640
vt 0.19812810 0.68590070
vt 0.23023510 0.68119280
vt 0.26407730 0.67865890
vt 0.19014770 0.63473390
vt 0.22243430 0.62599210
vt 0.25660570 0.61884460
vt 0.18336420 0.59165170
vt 0.21651480 0.57796870
vt 0.25158450 0.56544450
vt 0.17933540 0.53460160
vt 0.21351440 0.52279790
vt 0.24946340 0.51158080
vt 0.19060680 0.47007600
vt 0.21944540 0.46408960
vt 0.24949630 0.45773850
vt 0.19634730 0.39860400
vt 0.22630720 0.40010550
vt 0.20162920 0.34828360
vt 0.24251040 0.03804898
vt 0.22482550 0.06410327
vt 0.24077580 0.06115641
vt 0.23182890 0.34271300
vt 0.20162920 0.34828360
vt 0.22630720 0.40010550
vt 0.19634730 0.39860400
vt 0.21944540 0.46408960
vt 0.19060680 0.47007600
vt 0.21351440 0.52279790
vt 0.17933540 0.53460160
vt 0.21651480 0.57796870
vt 0.18336420 0.59165170
vt 0.22243430 0.62599210
vt 0.19014770 0.63473390
vt 0.23023510 0.68119280
vt 0.19812810 0.68590070
vt 0.23402060 0.72842940
vt 0.20785390 0.73235720
vt 0.23856690 0.76116060
vt 0.21802610 0.76337080
vt 0.24676380 0.79504320
vt 0.22874690 0.79714860
vt 0.25489750 0.82258560
vt 0.24083230 0.82396270
vt 0.25928130 0.85338000
vt 0.25308240 0.85397660
vt 0.26230950 0.86585810
vt 0.26047910 0.86705810
vt 0.26446120 0.86650770
vt 0.27273090 0.88268560
vt 0.26541130 0.85268100
vt 0.26917620 0.82103130
vt 0.26525050 0.79308240
vt 0.25970270 0.75962590
vt 0.26121680 0.72613640
vt 0.26407730 0.67865890
vt 0.25660570 0.61884460
vt 0.25158450 0.56544450
vt 0.24946340 0.51158080
vt 0.24949630 0.45773850
vt 0.25753550 0.40054740
vt 0.26305930 0.33615810
vt 0.25717660 0.05785930
vt 0.25404010 0.03400447
vt 0.25404010 0.03400447
vt 0.25717660 0.05785930
vt 0.25717660 0.05785930
vt 0.26305930 0.33615810
vt 0.26305930 0.33615810
vt 0.25753550 0.40054740
vt 0.25753550 0.40054740
vt 0.24949630 0.45773850
vt 0.24949630 0.45773850
vt 0.24946340 0.51158080
vt 0.24946340 0.51158080
vt 0.25158450 0.56544450
vt 0.25158450 0.56544450
vt 0.25660570 0.61884460
vt 0.25660570 0.61884460
vt 0.26407730 0.67865890
vt 0.26407730 0.67865890
vt 0.26121680 0.72613640
vt 0.26121680 0.72613640
vt 0.25970270 0.75962590
vt 0.25970270 0.75962590
vt 0.26525050 0.79308240
vt 0.26525050 0.79308240
vt 0.26917620 0.82103130
vt 0.26917620 0.82103130
vt 0.26541130 0.85268100
vt 0.26541130 0.85268100
vt 0.26446120 0.86650770
vt 0.26446120 0.86650770
vt 0.27273090 0.88268560
vt 0.27273090 0.88268560
vt 0.24355190 0.01586416
vt 0.23120360 0.04203424
vt 0.24251040 0.03804898
vt 0.24077580 0.06115641
vt 0.22482550 0.06410327
vt 0.23182890 0.34271300
vt 0.20162920 0.34828360
vt 0.22630720 0.40010550
vt 0.19634730 0.39860400
vt 0.21944540 0.46408960
vt 0.19060680 0.47007600
vt 0.21351440 0.52279790
vt 0.17933540 0.53460160
vt 0.21651480 0.57796870
vt 0.18336420 0.59165170
vt 0.25717660 0.05785930
vt 0.25404010 0.03400447
vt 0.25565930 0.01158756
vt 0.26305930 0.33615810
vt 0.25753550 0.40054740
vt 0.24949630 0.45773850
vt 0.24946340 0.51158080
vt 0.25158450 0.56544450
vt 0.25660570 0.61884460
vt 0.22243430 0.62599210
vt 0.26407730 0.67865890
vt 0.23023510 0.68119280
vt 0.26121680 0.72613640
vt 0.19014770 0.63473390
vt 0.23402060 0.72842940
vt 0.25970270 0.75962590
vt 0.19812810 0.68590070
vt 0.20785390 0.73235720
vt 0.23856690 0.76116060
vt 0.26525050 0.79308240
vt 0.21802610 0.76337080
vt 0.24676380 0.79504320
vt 0.26917620 0.82103130
vt 0.22874690 0.79714860
vt 0.25489750 0.82258560
vt 0.26541130 0.85268100
vt 0.24083230 0.82396270
vt 0.25928130 0.85338000
vt 0.25308240 0.85397660
vt 0.26446120 0.86650770
vt 0.26230950 0.86585810
vt 0.26047910 0.86705810
vt 0.27273090 0.88268560
vt 0.26047910 0.86705810
vt 0.27273090 0.88268560
vt 0.27273090 0.88268560
vt 0.26047910 0.86705810
vt 0.25308240 0.85397660
vt 0.25308240 0.85397660
vt 0.24083230 0.82396270
vt 0.24083230 0.82396270
vt 0.22874690 0.79714860
vt 0.22874690 0.79714860
vt 0.21802610 0.76337080
vt 0.21802610 0.76337080
vt 0.20785390 0.73235720
vt 0.20785390 0.73235720
vt 0.19812810 0.68590070
vt 0.19812810 0.68590070
vt 0.19014770 0.63473390
vt 0.18336420 0.59165170
vt 0.17933540 0.53460160
vt 0.17933540 0.53460160
vt 0.19060680 0.47007600
vt 0.19060680 0.47007600
vt 0.19634730 0.39860400
vt 0.19634730 0.39860400
vt 0.20162920 0.34828360
vt 0.20162920 0.34828360
vt 0.22482550 0.06410327
vt 0.22482550 0.06410327
vt 0.23120360 0.04203424
vt 0.23120360 0.04203424
vt 0.23157070 0.02023221
vt 0.24251040 0.03804898
vt 0.24077580 0.06115641
vt 0.22482550 0.06410327
vt 0.23182890 0.34271300
vt 0.20162920 0.34828360
vt 0.22630720 0.40010550
vt 0.19634730 0.39860400
vt 0.21944540 0.46408960
vt 0.19060680 0.47007600
vt 0.21351440 0.52279790
vt 0.17933540 0.53460160
vt 0.21651480 0.57796870
vt 0.18336420 0.59165170
vt 0.22243430 0.62599210
vt 0.19014770 0.63473390
vt 0.23023510 0.68119280
vt 0.19812810 0.68590070
vt 0.23402060 0.72842940
vt 0.20785390 0.73235720
vt 0.23856690 0.76116060
vt 0.21802610 0.76337080
vt 0.24676380 0.79504320
vt 0.22874690 0.79714860
vt 0.25489750 0.82258560
vt 0.24083230 0.82396270
vt 0.25928130 0.85338000
vt 0.25308240 0.85397660
vt 0.26230950 0.86585810
vt 0.26047910 0.86705810
vt 0.26446120 0.86650770
vt 0.27273090 0.88268560
vt 0.26541130 0.85268100
vt 0.26917620 0.82103130
vt 0.26525050 0.79308240
vt 0.25970270 0.75962590
vt 0.26121680 0.72613640
vt 0.26407730 0.67865890
vt 0.25660570 0.61884460
vt 0.25158450 0.56544450
vt 0.24946340 0.51158080
vt 0.24949630 0.45773850
vt 0.25753550 0.40054740
vt 0.26305930 0.33615810
vt 0.25717660 0.05785930
vt 0.25404010 0.03400447
vt 0.24355190 0.01586416
vt 0.27273090 0.88268560
vt 0.27273090 0.88268560
vt 0.26446120 0.86650770
vt 0.26446120 0.86650770
vt 0.26541130 0.85268100
vt 0.26541130 0.85268100
vt 0.26917620 0.82103130
vt 0.26525050 0.79308240
vt 0.25970270 0.75962590
vt 0.26121680 0.72613640
vt 0.26121680 0.72613640
vt 0.26407730 0.67865890
vt 0.26407730 0.67865890
vt 0.25660570 0.61884460
vt 0.25660570 0.61884460
vt 0.25158450 0.56544450
vt 0.25158450 0.56544450
vt 0.24946340 0.51158080
vt 0.24946340 0.51158080
vt 0.24949630 0.45773850
vt 0.24949630 0.45773850
vt 0.25753550 0.40054740
vt 0.25753550 0.40054740
vt 0.26305930 0.33615810
vt 0.26305930 0.33615810
vt 0.25717660 0.05785930
vt 0.25717660 0.05785930
vt 0.25404010 0.03400447
vt 0.25404010 0.03400447
vt 0.25565930 0.01158756
vt 0.24251040 0.03804898
vt 0.25717660 0.05785930
vt 0.24077580 0.06115641
vt 0.26305930 0.33615810
vt 0.23182890 0.34271300
vt 0.25753550 0.40054740
vt 0.22482550 0.06410327
vt 0.23120360 0.04203424
vt 0.22482550 0.06410327
vt 0.20162920 0.34828360
vt 0.20162920 0.34828360
vt 0.19634730 0.39860400
vt 0.19634730 0.39860400
vt 0.19060680 0.47007600
vt 0.19060680 0.47007600
vt 0.17933540 0.53460160
vt 0.17933540 0.53460160
vt 0.18336420 0.59165170
vt 0.18336420 0.59165170
vt 0.19014770 0.63473390
vt 0.19014770 0.63473390
vt 0.19812810 0.68590070
vt 0.19812810 0.68590070
vt 0.20785390 0.73235720
vt 0.20785390 0.73235720
vt 0.21802610 0.76337080
vt 0.21802610 0.76337080
vt 0.22874690 0.79714860
vt 0.22874690 0.79714860
vt 0.24083230 0.82396270
vt 0.24083230 0.82396270
vt 0.25308240 0.85397660
vt 0.25308240 0.85397660
vt 0.26047910 0.86705810
vt 0.26047910 0.86705810
vt 0.27273090 0.88268560
vt 0.27273090 0.88268560
vt 0.26047910 0.86705810
vt 0.26446120 0.86650770
vt 0.27273090 0.88268560
vt 0.26230950 0.86585810
vt 0.25308240 0.85397660
vt 0.25928130 0.85338000
vt 0.26541130 0.85268100
vt 0.24083230 0.82396270
vt 0.25489750 0.82258560
vt 0.26917620 0.82103130
vt 0.22874690 0.79714860
vt 0.24676380 0.79504320
vt 0.26525050 0.79308240
vt 0.21802610 0.76337080
vt 0.23856690 0.76116060
vt 0.25970270 0.75962590
vt 0.20785390 0.73235720
vt 0.23402060 0.72842940
vt 0.26121680 0.72613640
vt 0.19812810 0.68590070
vt 0.23023510 0.68119280
vt 0.26407730 0.67865890
vt 0.19014770 0.63473390
vt 0.22243430 0.62599210
vt 0.25660570 0.61884460
vt 0.18336420 0.59165170
vt 0.21651480 0.57796870
vt 0.25158450 0.56544450
vt 0.17933540 0.53460160
vt 0.21351440 0.52279790
vt 0.24946340 0.51158080
vt 0.19060680 0.47007600
vt 0.21944540 0.46408960
vt 0.24949630 0.45773850
vt 0.19634730 0.39860400
vt 0.22630720 0.40010550
vt 0.20162920 0.34828360
vt 0.25404010 0.03400447
vt 0.24077580 0.06115641
vt 0.25717660 0.05785930
vt 0.26305930 0.33615810
vt 0.23182890 0.34271300
vt 0.25753550 0.40054740
vt 0.22482550 0.06410327
vt 0.24251040 0.03804898
vt 0.20162920 0.34828360
vt 0.22630720 0.40010550
vt 0.24949630 0.45773850
vt 0.19634730 0.39860400
vt 0.21944540 0.46408960
vt 0.24946340 0.51158080
vt 0.19060680 0.47007600
vt 0.21351440 0.52279790
vt 0.25158450 0.56544450
vt 0.17933540 0.53460160
vt 0.21651480 0.57796870
vt 0.25660570 0.61884460
vt 0.18336420 0.59165170
vt 0.22243430 0.62599210
vt 0.26407730 0.67865890
vt 0.19014770 0.63473390
vt 0.23023510 0.68119280
vt 0.26121680 0.72613640
vt 0.19812810 0.68590070
vt 0.23402060 0.72842940
vt 0.25970270 0.75962590
vt 0.20785390 0.73235720
vt 0.23856690 0.76116060
vt 0.26525050 0.79308240
vt 0.21802610 0.76337080
vt 0.24676380 0.79504320
vt 0.26917620 0.82103130
vt 0.22874690 0.79714860
vt 0.25489750 0.82258560
vt 0.26541130 0.85268100
vt 0.24083230 0.82396270
vt 0.25928130 0.85338000
vt 0.25308240 0.85397660
vt 0.26446120 0.86650770
vt 0.26230950 0.86585810
vt 0.26047910 0.86705810
vt 0.27273090 0.88268560
vt 0.25404010 0.03400447
vt 0.25717660 0.05785930
vt 0.25717660 0.05785930
vt 0.26305930 0.33615810
vt 0.26305930 0.33615810
vt 0.25753550 0.40054740
vt 0.25753550 0.40054740
vt 0.24949630 0.45773850
vt 0.24949630 0.45773850
vt 0.24946340 0.51158080
vt 0.24946340 0.51158080
vt 0.25158450 0.56544450
vt 0.25158450 0.56544450
vt 0.25660570 0.61884460
vt 0.25660570 0.61884460
vt 0.26407730 0.67865890
vt 0.26407730 0.67865890
vt 0.26121680 0.72613640
vt 0.26121680 0.72613640
vt 0.25970270 0.75962590
vt 0.25970270 0.75962590
vt 0.26525050 0.79308240
vt 0.26525050 0.79308240
vt 0.26917620 0.82103130
vt 0.26917620 0.82103130
vt 0.26541130 0.85268100
vt 0.26541130 0.85268100
vt 0.26446120 0.86650770
vt 0.26446120 0.86650770
vt 0.27273090 0.88268560
vt 0.27273090 0.88268560
vt 0.23120360 0.04203424
vt 0.24077580 0.06115641
vt 0.22482550 0.06410327
vt 0.23182890 0.34271300
vt 0.20162920 0.34828360
vt 0.22630720 0.40010550
vt 0.19634730 0.39860400
vt 0.21944540 0.46408960
vt 0.19060680 0.47007600
vt 0.21351440 0.52279790
vt 0.17933540 0.53460160
vt 0.21651480 0.57796870
vt 0.18336420 0.59165170
vt 0.22243430 0.62599210
vt 0.19014770 0.63473390
vt 0.23023510 0.68119280
vt 0.19812810 0.68590070
vt 0.23402060 0.72842940
vt 0.20785390 0.73235720
vt 0.23856690 0.76116060
vt 0.21802610 0.76337080
vt 0.24676380 0.79504320
vt 0.22874690 0.79714860
vt 0.25489750 0.82258560
vt 0.24083230 0.82396270
vt 0.25928130 0.85338000
vt 0.25308240 0.85397660
vt 0.26230950 0.86585810
vt 0.26047910 0.86705810
vt 0.26446120 0.86650770
vt 0.27273090 0.88268560
vt 0.26541130 0.85268100
vt 0.26917620 0.82103130
vt 0.26525050 0.79308240
vt 0.25970270 0.75962590
vt 0.26121680 0.72613640
vt 0.26407730 0.67865890
vt 0.25660570 0.61884460
vt 0.25158450 0.56544450
vt 0.24946340 0.51158080
vt 0.24949630 0.45773850
vt 0.25753550 0.40054740
vt 0.26305930 0.33615810
vt 0.25717660 0.05785930
vt 0.24251040 0.03804898
vt 0.27273090 0.88268560
vt 0.27273090 0.88268560
vt 0.26047910 0.86705810
vt 0.26047910 0.86705810
vt 0.25308240 0.85397660
vt 0.25308240 0.85397660
vt 0.24083230 0.82396270
vt 0.24083230 0.82396270
vt 0.22874690 0.79714860
vt 0.22874690 0.79714860
vt 0.21802610 0.76337080
vt 0.21802610 0.76337080
vt 0.20785390 0.73235720
vt 0.20785390 0.73235720
vt 0.19812810 0.68590070
vt 0.19812810 0.68590070
vt 0.19014770 0.63473390
vt 0.19014770 0.63473390
vt 0.18336420 0.59165170
vt 0.18336420 0.59165170
vt 0.17933540 0.53460160
vt 0.17933540 0.53460160
vt 0.19060680 0.47007600
vt 0.19060680 0.47007600
vt 0.19634730 0.39860400
vt 0.19634730 0.39860400
vt 0.20162920 0.34828360
vt 0.20162920 0.34828360
vt 0.22482550 0.06410327
vt 0.22482550 0.06410327
vt 0.23120360 0.04203424
vt 0.26047910 0.86705810
vt 0.27273090 0.88268560
vt 0.26446120 0.86650770
vt 0.26230950 0.86585810
vt 0.25308240 0.85397660
vt 0.25928130 0.85338000
vt 0.26541130 0.85268100
vt 0.24083230 0.82396270
vt 0.25489750 0.82258560
vt 0.26917620 0.82103130
vt 0.22874690 0.79714860
vt 0.24676380 0.79504320
vt 0.26525050 0.79308240
vt 0.21802610 0.76337080
vt 0.23856690 0.76116060
vt 0.25970270 0.75962590
vt 0.20785390 0.73235720
vt 0.23402060 0.72842940
vt 0.26121680 0.72613640
vt 0.19812810 0.68590070
vt 0.23023510 0.68119280
vt 0.26407730 0.67865890
vt 0.19014770 0.63473390
vt 0.22243430 0.62599210
vt 0.25660570 0.61884460
vt 0.18336420 0.59165170
vt 0.21651480 0.57796870
vt 0.25158450 0.56544450
vt 0.17933540 0.53460160
vt 0.21351440 0.52279790
vt 0.24946340 0.51158080
vt 0.19060680 0.47007600
vt 0.21944540 0.46408960
vt 0.24949630 0.45773850
vt 0.19634730 0.39860400
vt 0.22630720 0.40010550
vt 0.25753550 0.40054740
vt 0.20162920 0.34828360
vt 0.23182890 0.34271300
vt 0.26305930 0.33615810
vt 0.22482550 0.06410327
vt 0.24077580 0.06115641
vt 0.24251040 0.03804898
vt 0.25717660 0.05785930
vt 0.25404010 0.03400447
vt 0.26446120 0.86650770
vt 0.27273090 0.88268560
vt 0.27273090 0.88268560
vt 0.26446120 0.86650770
vt 0.26541130 0.85268100
vt 0.26541130 0.85268100
vt 0.26917620 0.82103130
vt 0.26917620 0.82103130
vt 0.26525050 0.79308240
vt 0.26525050 0.79308240
vt 0.25970270 0.75962590
vt 0.25970270 0.75962590
vt 0.26121680 0.72613640
vt 0.26121680 0.72613640
vt 0.26407730 0.67865890
vt 0.26407730 0.67865890
vt 0.25660570 0.61884460
vt 0.25660570 0.61884460
vt 0.25158450 0.56544450
vt 0.25158450 0.56544450
vt 0.24946340 0.51158080
vt 0.24946340 0.51158080
vt 0.24949630 0.45773850
vt 0.24949630 0.45773850
vt 0.25753550 0.40054740
vt 0.25753550 0.40054740
vt 0.26305930 0.33615810
vt 0.26305930 0.33615810
vt 0.25717660 0.05785930
vt 0.25717660 0.05785930
vt 0.25404010 0.03400447
vt 0.26047910 0.86705810
vt 0.27273090 0.88268560
vt 0.26446120 0.86650770
vt 0.26230950 0.86585810
vt 0.25308240 0.85397660
vt 0.25928130 0.85338000
vt 0.26541130 0.85268100
vt 0.24083230 0.82396270
vt 0.25489750 0.82258560
vt 0.26917620 0.82103130
vt 0.22874690 0.79714860
vt 0.24676380 0.79504320
vt 0.26525050 0.79308240
vt 0.21802610 0.76337080
vt 0.23856690 0.76116060
vt 0.25970270 0.75962590
vt 0.20785390 0.73235720
vt 0.23402060 0.72842940
vt 0.26121680 0.72613640
vt 0.23023510 0.68119280
vt 0.26407730 0.67865890
vt 0.19812810 0.68590070
vt 0.22243430 0.62599210
vt 0.25660570 0.61884460
vt 0.19014770 0.63473390
vt 0.21651480 0.57796870
vt 0.25158450 0.56544450
vt 0.18336420 0.59165170
vt 0.20785390 0.73235720
vt 0.19812810 0.68590070
vt 0.21802610 0.76337080
vt 0.19014770 0.63473390
vt 0.21802610 0.76337080
vt 0.22874690 0.79714860
vt 0.22874690 0.79714860
vt 0.24083230 0.82396270
vt 0.24083230 0.82396270
vt 0.25308240 0.85397660
vt 0.25308240 0.85397660
vt 0.26047910 0.86705810
vt 0.26047910 0.86705810
vt 0.27273090 0.88268560
vt 0.27273090 0.88268560
vt 0.18336420 0.59165170
vt 0.17933540 0.53460160
vt 0.17933540 0.53460160
vt 0.21351440 0.52279790
vt 0.19060680 0.47007600
vt 0.19060680 0.47007600
vt 0.19634730 0.39860400
vt 0.19634730 0.39860400
vt 0.20162920 0.34828360
vt 0.20162920 0.34828360
vt 0.22482550 0.06410327
vt 0.22482550 0.06410327
vt 0.23120360 0.04203424
vt 0.23120360 0.04203424
vt 0.23157070 0.02023221
vt 0.21944540 0.46408960
vt 0.19634730 0.39860400
vt 0.24946340 0.51158080
vt 0.22630720 0.40010550
vt 0.20162920 0.34828360
vt 0.24949630 0.45773850
vt 0.25753550 0.40054740
vt 0.23182890 0.34271300
vt 0.22482550 0.06410327
vt 0.26305930 0.33615810
vt 0.24077580 0.06115641
vt 0.23120360 0.04203424
vt 0.25717660 0.05785930
vt 0.24251040 0.03804898
vt 0.24355190 0.01586416
vt 0.25404010 0.03400447
vt 0.25565930 0.01158756
vt 0.24946340 0.51158080
vt 0.25158450 0.56544450
vt 0.24949630 0.45773850
vt 0.25660570 0.61884460
vt 0.24949630 0.45773850
vt 0.25660570 0.61884460
vt 0.25753550 0.40054740
vt 0.26407730 0.67865890
vt 0.25753550 0.40054740
vt 0.26305930 0.33615810
vt 0.26305930 0.33615810
vt 0.25717660 0.05785930
vt 0.25717660 0.05785930
vt 0.25404010 0.03400447
vt 0.25404010 0.03400447
vt 0.25565930 0.01158756
vt 0.26407730 0.67865890
vt 0.26121680 0.72613640
vt 0.26121680 0.72613640
vt 0.25970270 0.75962590
vt 0.25970270 0.75962590
vt 0.26525050 0.79308240
vt 0.26525050 0.79308240
vt 0.26917620 0.82103130
vt 0.26917620 0.82103130
vt 0.26541130 0.85268100
vt 0.26541130 0.85268100
vt 0.26446120 0.86650770
vt 0.26446120 0.86650770
vt 0.27273090 0.88268560
vt 0.27273090 0.88268560
vt 0.23023510 0.68119280
vt 0.23402060 0.72842940
vt 0.23856690 0.76116060
vt 0.24676380 0.79504320
vt 0.25489750 0.82258560
vt 0.25928130 0.85338000
vt 0.22243430 0.62599210
vt 0.25660570 0.61884460
vt 0.21651480 0.57796870
vt 0.25158450 0.56544450
vt 0.21351440 0.52279790
vt 0.24946340 0.51158080
vt 0.21944540 0.46408960
vt 0.24949630 0.45773850
vt 0.22630720 0.40010550
vt 0.25753550 0.40054740
vt 0.23182890 0.34271300
vt 0.26305930 0.33615810
vt 0.24077580 0.06115641
vt 0.25717660 0.05785930
vt 0.24251040 0.03804898
vt 0.25404010 0.03400447
vt 0.24355190 0.01586416
vt 0.23120360 0.04203424
vt 0.23157070 0.02023221
vt 0.22482550 0.06410327
vt 0.20162920 0.34828360
vt 0.19634730 0.39860400
vt 0.19060680 0.47007600
vt 0.17933540 0.53460160
vt 0.18336420 0.59165170
vt 0.19014770 0.63473390
vt 0.19812810 0.68590070
vt 0.20785390 0.73235720
vt 0.21802610 0.76337080
vt 0.22874690 0.79714860
vt 0.24083230 0.82396270
vt 0.25308240 0.85397660
vt 0.26230950 0.86585810
vt 0.26047910 0.86705810
vt 0.27273090 0.88268560
vt 0.24355190 0.01586416
vt 0.23120360 0.04203424
vt 0.24251040 0.03804898
vt 0.24077580 0.06115641
vt 0.22482550 0.06410327
vt 0.23182890 0.34271300
vt 0.20162920 0.34828360
vt 0.22630720 0.40010550
vt 0.19634730 0.39860400
vt 0.21944540 0.46408960
vt 0.19060680 0.47007600
vt 0.21351440 0.52279790
vt 0.17933540 0.53460160
vt 0.21651480 0.57796870
vt 0.18336420 0.59165170
vt 0.22243430 0.62599210
vt 0.19014770 0.63473390
vt 0.23023510 0.68119280
vt 0.19812810 0.68590070
vt 0.23402060 0.72842940
vt 0.20785390 0.73235720
vt 0.23856690 0.76116060
vt 0.21802610 0.76337080
vt 0.24676380 0.79504320
vt 0.22874690 0.79714860
vt 0.25489750 0.82258560
vt 0.24083230 0.82396270
vt 0.25928130 0.85338000
vt 0.25308240 0.85397660
vt 0.26230950 0.86585810
vt 0.26047910 0.86705810
vt 0.26446120 0.86650770
vt 0.27273090 0.88268560
vt 0.26541130 0.85268100
vt 0.26917620 0.82103130
vt 0.26525050 0.79308240
vt 0.25970270 0.75962590
vt 0.26121680 0.72613640
vt 0.26407730 0.67865890
vt 0.25660570 0.61884460
vt 0.25158450 0.56544450
vt 0.24946340 0.51158080
vt 0.24949630 0.45773850
vt 0.25753550 0.40054740
vt 0.26305930 0.33615810
vt 0.25717660 0.05785930
vt 0.25404010 0.03400447
vt 0.25565930 0.01158756
vt 0.24355190 0.01586416
vt 0.25404010 0.03400447
vt 0.24251040 0.03804898
vt 0.25717660 0.05785930
vt 0.24077580 0.06115641
vt 0.26305930 0.33615810
vt 0.23120360 0.04203424
vt 0.23157070 0.02023221
vt 0.23120360 0.04203424
vt 0.22482550 0.06410327
vt 0.22482550 0.06410327
vt 0.20162920 0.34828360
vt 0.20162920 0.34828360
vt 0.19634730 0.39860400
vt 0.19634730 0.39860400
vt 0.19060680 0.47007600
vt 0.19060680 0.47007600
vt 0.17933540 0.53460160
vt 0.17933540 0.53460160
vt 0.18336420 0.59165170
vt 0.18336420 0.59165170
vt 0.19014770 0.63473390
vt 0.19014770 0.63473390
vt 0.19812810 0.68590070
vt 0.19812810 0.68590070
vt 0.20785390 0.73235720
vt 0.20785390 0.73235720
vt 0.21802610 0.76337080
vt 0.21802610 0.76337080
vt 0.22874690 0.79714860
vt 0.22874690 0.79714860
vt 0.24083230 0.82396270
vt 0.24083230 0.82396270
vt 0.25308240 0.85397660
vt 0.25308240 0.85397660
vt 0.26047910 0.86705810
vt 0.26047910 0.86705810
vt 0.27273090 0.88268560
vt 0.27273090 0.88268560
vt 0.25404010 0.03400447
vt 0.25404010 0.03400447
vt 0.25565930 0.01158756
vt 0.25717660 0.05785930
vt 0.25717660 0.05785930
vt 0.26305930 0.33615810
vt 0.26305930 0.33615810
vt 0.25753550 0.40054740
vt 0.25753550 0.40054740
vt 0.24949630 0.45773850
vt 0.24949630 0.45773850
vt 0.24946340 0.51158080
vt 0.24946340 0.51158080
vt 0.25158450 0.56544450
vt 0.25158450 0.56544450
vt 0.25660570 0.61884460
vt 0.25660570 0.61884460
vt 0.26407730 0.67865890
vt 0.26407730 0.67865890
vt 0.26121680 0.72613640
vt 0.26121680 0.72613640
vt 0.25970270 0.75962590
vt 0.25970270 0.75962590
vt 0.26525050 0.79308240
vt 0.26525050 0.79308240
vt 0.26917620 0.82103130
vt 0.26917620 0.82103130
vt 0.26541130 0.85268100
vt 0.26541130 0.85268100
vt 0.26446120 0.86650770
vt 0.26446120 0.86650770
vt 0.27273090 0.88268560
vt 0.27273090 0.88268560
vt 0.23402060 0.72842940
vt 0.23856690 0.76116060
vt 0.24676380 0.79504320
vt 0.23023510 0.68119280
vt 0.26407730 0.67865890
vt 0.25489750 0.82258560
vt 0.26541130 0.85268100
vt 0.22243430 0.62599210
vt 0.25660570 0.61884460
vt 0.25928130 0.85338000
vt 0.26446120 0.86650770
vt 0.21651480 0.57796870
vt 0.25158450 0.56544450
vt 0.21351440 0.52279790
vt 0.24946340 0.51158080
vt 0.21944540 0.46408960
vt 0.24949630 0.45773850
vt 0.22630720 0.40010550
vt 0.25753550 0.40054740
vt 0.23182890 0.34271300
vt 0.22482550 0.06410327
vt 0.20162920 0.34828360
vt 0.19634730 0.39860400
vt 0.19060680 0.47007600
vt 0.17933540 0.53460160
vt 0.18336420 0.59165170
vt 0.19014770 0.63473390
vt 0.19812810 0.68590070
vt 0.20785390 0.73235720
vt 0.21802610 0.76337080
vt 0.22874690 0.79714860
vt 0.24083230 0.82396270
vt 0.25308240 0.85397660
vt 0.26230950 0.86585810
vt 0.26047910 0.86705810
vt 0.27273090 0.88268560
vt 0.24251040 0.03804898
vt 0.25717660 0.05785930
vt 0.24077580 0.06115641
vt 0.26305930 0.33615810
vt 0.23182890 0.34271300
vt 0.25753550 0.40054740
vt 0.22482550 0.06410327
vt 0.23120360 0.04203424
vt 0.22482550 0.06410327
vt 0.20162920 0.34828360
vt 0.20162920 0.34828360
vt 0.19634730 0.39860400
vt 0.19634730 0.39860400
vt 0.19060680 0.47007600
vt 0.19060680 0.47007600
vt 0.17933540 0.53460160
vt 0.17933540 0.53460160
vt 0.18336420 0.59165170
vt 0.18336420 0.59165170
vt 0.19014770 0.63473390
vt 0.19014770 0.63473390
vt 0.19812810 0.68590070
vt 0.19812810 0.68590070
vt 0.20785390 0.73235720
vt 0.20785390 0.73235720
vt 0.21802610 0.76337080
vt 0.21802610 0.76337080
vt 0.22874690 0.79714860
vt 0.22874690 0.79714860
vt 0.24083230 0.82396270
vt 0.24083230 0.82396270
vt 0.25308240 0.85397660
vt 0.25308240 0.85397660
vt 0.26047910 0.86705810
vt 0.26047910 0.86705810
vt 0.27273090 0.88268560
vt 0.27273090 0.88268560
vt 0.26047910 0.86705810
vt 0.26446120 0.86650770
vt 0.27273090 0.88268560
vt 0.26230950 0.86585810
vt 0.25308240 0.85397660
vt 0.25928130 0.85338000
vt 0.26541130 0.85268100
vt 0.24083230 0.82396270
vt 0.25489750 0.82258560
vt 0.26917620 0.82103130
vt 0.22874690 0.79714860
vt 0.24676380 0.79504320
vt 0.26525050 0.79308240
vt 0.21802610 0.76337080
vt 0.23856690 0.76116060
vt 0.25970270 0.75962590
vt 0.20785390 0.73235720
vt 0.23402060 0.72842940
vt 0.26121680 0.72613640
vt 0.19812810 0.68590070
vt 0.23023510 0.68119280
vt 0.26407730 0.67865890
vt 0.19014770 0.63473390
vt 0.22243430 0.62599210
vt 0.25660570 0.61884460
vt 0.18336420 0.59165170
vt 0.21651480 0.57796870
vt 0.25158450 0.56544450
vt 0.17933540 0.53460160
vt 0.21351440 0.52279790
vt 0.24946340 0.51158080
vt 0.19060680 0.47007600
vt 0.21944540 0.46408960
vt 0.19634730 0.39860400
vt 0.24949630 0.45773850
vt 0.22630720 0.40010550
vt 0.20162920 0.34828360
vt 0.24949630 0.45773850
vt 0.25753550 0.40054740
vt 0.24946340 0.51158080
vt 0.26305930 0.33615810
vt 0.24946340 0.51158080
vt 0.26305930 0.33615810
vt 0.25158450 0.56544450
vt 0.25717660 0.05785930
vt 0.25404010 0.03400447
vt 0.25158450 0.56544450
vt 0.25660570 0.61884460
vt 0.25660570 0.61884460
vt 0.26407730 0.67865890
vt 0.26407730 0.67865890
vt 0.26121680 0.72613640
vt 0.26121680 0.72613640
vt 0.25970270 0.75962590
vt 0.25970270 0.75962590
vt 0.26525050 0.79308240
vt 0.26525050 0.79308240
vt 0.26917620 0.82103130
vt 0.26917620 0.82103130
vt 0.26541130 0.85268100
vt 0.26541130 0.85268100
vt 0.26446120 0.86650770
vt 0.26446120 0.86650770
vt 0.27273090 0.88268560
vt 0.27273090 0.88268560
vt 0.26047910 0.86705810
vt 0.27273090 0.88268560
vt 0.26446120 0.86650770
vt 0.26230950 0.86585810
vt 0.25308240 0.85397660
vt 0.25928130 0.85338000
vt 0.26541130 0.85268100
vt 0.24083230 0.82396270
vt 0.25489750 0.82258560
vt 0.26917620 0.82103130
vt 0.22874690 0.79714860
vt 0.24676380 0.79504320
vt 0.26525050 0.79308240
vt 0.21802610 0.76337080
vt 0.23856690 0.76116060
vt 0.25970270 0.75962590
vt 0.20785390 0.73235720
vt 0.23402060 0.72842940
vt 0.26121680 0.72613640
vt 0.19812810 0.68590070
vt 0.23023510 0.68119280
vt 0.26407730 0.67865890
vt 0.19014770 0.63473390
vt 0.22243430 0.62599210
vt 0.25660570 0.61884460
vt 0.18336420 0.59165170
vt 0.21651480 0.57796870
vt 0.25158450 0.56544450
vt 0.17933540 0.53460160
vt 0.21351440 0.52279790
vt 0.24946340 0.51158080
vt 0.19060680 0.47007600
vt 0.21944540 0.46408960
vt 0.24949630 0.45773850
vt 0.19634730 0.39860400
vt 0.22630720 0.40010550
vt 0.25753550 0.40054740
vt 0.20162920 0.34828360
vt 0.23182890 0.34271300
vt 0.26305930 0.33615810
vt 0.22482550 0.06410327
vt 0.24077580 0.06115641
vt 0.24251040 0.03804898
vt 0.25717660 0.05785930
vt 0.25404010 0.03400447
vt 0.27273090 0.88268560
vt 0.27273090 0.88268560
vt 0.26047910 0.86705810
vt 0.26047910 0.86705810
vt 0.25308240 0.85397660
vt 0.25308240 0.85397660
vt 0.24083230 0.82396270
vt 0.24083230 0.82396270
vt 0.22874690 0.79714860
vt 0.22874690 0.79714860
vt 0.21802610 0.76337080
vt 0.21802610 0.76337080
vt 0.20785390 0.73235720
vt 0.20785390 0.73235720
vt 0.19812810 0.68590070
vt 0.19812810 0.68590070
vt 0.19014770 0.63473390
vt 0.19014770 0.63473390
vt 0.18336420 0.59165170
vt 0.18336420 0.59165170
vt 0.17933540 0.53460160
vt 0.17933540 0.53460160
vt 0.19060680 0.47007600
vt 0.19060680 0.47007600
vt 0.19634730 0.39860400
vt 0.19634730 0.39860400
vt 0.20162920 0.34828360
vt 0.20162920 0.34828360
vt 0.22482550 0.06410327
vt 0.22482550 0.06410327
vt 0.23120360 0.04203424
vt 0.24077580 0.06115641
vt 0.23182890 0.34271300
vt 0.20162920 0.34828360
vt 0.22630720 0.40010550
vt 0.19634730 0.39860400
vt 0.21944540 0.46408960
vt 0.19060680 0.47007600
vt 0.21351440 0.52279790
vt 0.17933540 0.53460160
vt 0.21651480 0.57796870
vt 0.18336420 0.59165170
vt 0.22243430 0.62599210
vt 0.19014770 0.63473390
vt 0.23023510 0.68119280
vt 0.19812810 0.68590070
vt 0.23402060 0.72842940
vt 0.20785390 0.73235720
vt 0.23856690 0.76116060
vt 0.21802610 0.76337080
vt 0.24676380 0.79504320
vt 0.22874690 0.79714860
vt 0.25489750 0.82258560
vt 0.24083230 0.82396270
vt 0.25928130 0.85338000
vt 0.25308240 0.85397660
vt 0.26230950 0.86585810
vt 0.26047910 0.86705810
vt 0.26446120 0.86650770
vt 0.27273090 0.88268560
vt 0.27273090 0.88268560
vt 0.26446120 0.86650770
vt 0.26541130 0.85268100
vt 0.26541130 0.85268100
vt 0.26917620 0.82103130
vt 0.26541130 0.85268100
vt 0.26525050 0.79308240
vt 0.26917620 0.82103130
vt 0.26917620 0.82103130
vt 0.25970270 0.75962590
vt 0.26525050 0.79308240
vt 0.26525050 0.79308240
vt 0.26121680 0.72613640
vt 0.25970270 0.75962590
vt 0.25970270 0.75962590
vt 0.26407730 0.67865890
vt 0.26121680 0.72613640
vt 0.26121680 0.72613640
vt 0.25660570 0.61884460
vt 0.26407730 0.67865890
vt 0.26407730 0.67865890
vt 0.25158450 0.56544450
vt 0.25660570 0.61884460
vt 0.25660570 0.61884460
vt 0.24946340 0.51158080
vt 0.25158450 0.56544450
vt 0.25158450 0.56544450
vt 0.24949630 0.45773850
vt 0.24946340 0.51158080
vt 0.24946340 0.51158080
vt 0.25753550 0.40054740
vt 0.24949630 0.45773850
vt 0.24949630 0.45773850
vt 0.26305930 0.33615810
vt 0.25753550 0.40054740
vt 0.25717660 0.05785930
vt 0.24251040 0.03804898
vt 0.25753550 0.40054740
vt 0.26305930 0.33615810
vt 0.26305930 0.33615810
vt 0.25717660 0.05785930
vt 0.25717660 0.05785930
vt 0.25404010 0.03400447
vt 0.26047910 0.86705810
vt 0.27273090 0.88268560
vt 0.26446120 0.86650770
vt 0.26230950 0.86585810
vt 0.25308240 0.85397660
vt 0.25928130 0.85338000
vt 0.26541130 0.85268100
vt 0.24083230 0.82396270
vt 0.25489750 0.82258560
vt 0.26917620 0.82103130
vt 0.22874690 0.79714860
vt 0.24676380 0.79504320
vt 0.26525050 0.79308240
vt 0.21802610 0.76337080
vt 0.23856690 0.76116060
vt 0.25970270 0.75962590
vt 0.20785390 0.73235720
vt 0.23402060 0.72842940
vt 0.26121680 0.72613640
vt 0.19812810 0.68590070
vt 0.23023510 0.68119280
vt 0.26407730 0.67865890
vt 0.19014770 0.63473390
vt 0.22243430 0.62599210
vt 0.25660570 0.61884460
vt 0.18336420 0.59165170
vt 0.21651480 0.57796870
vt 0.25158450 0.56544450
vt 0.17933540 0.53460160
vt 0.21351440 0.52279790
vt 0.24946340 0.51158080
vt 0.19060680 0.47007600
vt 0.21944540 0.46408960
vt 0.24949630 0.45773850
vt 0.19634730 0.39860400
vt 0.22630720 0.40010550
vt 0.25753550 0.40054740
vt 0.20162920 0.34828360
vt 0.23182890 0.34271300
vt 0.26305930 0.33615810
vt 0.22482550 0.06410327
vt 0.24077580 0.06115641
vt 0.24251040 0.03804898
vt 0.25717660 0.05785930
vt 0.25404010 0.03400447
vt 0.25565930 0.01158756
vt 0.24251040 0.03804898
vt 0.25404010 0.03400447
vt 0.25717660 0.05785930
vt 0.24077580 0.06115641
vt 0.26305930 0.33615810
vt 0.23120360 0.04203424
vt 0.24355190 0.01586416
vt 0.22482550 0.06410327
vt 0.23182890 0.34271300
vt 0.25753550 0.40054740
vt 0.20162920 0.34828360
vt 0.22630720 0.40010550
vt 0.24949630 0.45773850
vt 0.19634730 0.39860400
vt 0.21944540 0.46408960
vt 0.24946340 0.51158080
vt 0.19060680 0.47007600
vt 0.21351440 0.52279790
vt 0.25158450 0.56544450
vt 0.17933540 0.53460160
vt 0.21651480 0.57796870
vt 0.25660570 0.61884460
vt 0.18336420 0.59165170
vt 0.22243430 0.62599210
vt 0.26407730 0.67865890
vt 0.19014770 0.63473390
vt 0.23023510 0.68119280
vt 0.26121680 0.72613640
vt 0.19812810 0.68590070
vt 0.23402060 0.72842940
vt 0.25970270 0.75962590
vt 0.20785390 0.73235720
vt 0.23856690 0.76116060
vt 0.26525050 0.79308240
vt 0.21802610 0.76337080
vt 0.24676380 0.79504320
vt 0.26917620 0.82103130
vt 0.22874690 0.79714860
vt 0.25489750 0.82258560
vt 0.26541130 0.85268100
vt 0.24083230 0.82396270
vt 0.25928130 0.85338000
vt 0.25308240 0.85397660
vt 0.26446120 0.86650770
vt 0.26230950 0.86585810
vt 0.26047910 0.86705810
vt 0.27273090 0.88268560
vt 0.27273090 0.88268560
vt 0.27273090 0.88268560
vt 0.26446120 0.86650770
vt 0.26446120 0.86650770
vt 0.26541130 0.85268100
vt 0.26541130 0.85268100
vt 0.26917620 0.82103130
vt 0.26917620 0.82103130
vt 0.26525050 0.79308240
vt 0.26525050 0.79308240
vt 0.25970270 0.75962590
vt 0.25970270 0.75962590
vt 0.26121680 0.72613640
vt 0.26121680 0.72613640
vt 0.26407730 0.67865890
vt 0.26407730 0.67865890
vt 0.25660570 0.61884460
vt 0.25660570 0.61884460
vt 0.25158450 0.56544450
vt 0.25158450 0.56544450
vt 0.24946340 0.51158080
vt 0.24946340 0.51158080
vt 0.24949630 0.45773850
vt 0.24949630 0.45773850
vt 0.25753550 0.40054740
vt 0.25753550 0.40054740
vt 0.26305930 0.33615810
vt 0.26305930 0.33615810
vt 0.25717660 0.05785930
vt 0.25717660 0.05785930
vt 0.25404010 0.03400447
vt 0.25404010 0.03400447
vt 0.25565930 0.01158756
vt 0.26047910 0.86705810
vt 0.26446120 0.86650770
vt 0.27273090 0.88268560
vt 0.26230950 0.86585810
vt 0.25308240 0.85397660
vt 0.25928130 0.85338000
vt 0.26541130 0.85268100
vt 0.24083230 0.82396270
vt 0.25489750 0.82258560
vt 0.26917620 0.82103130
vt 0.22874690 0.79714860
vt 0.24676380 0.79504320
vt 0.26525050 0.79308240
vt 0.21802610 0.76337080
vt 0.23856690 0.76116060
vt 0.25970270 0.75962590
vt 0.20785390 0.73235720
vt 0.23402060 0.72842940
vt 0.26121680 0.72613640
vt 0.19812810 0.68590070
vt 0.23023510 0.68119280
vt 0.26407730 0.67865890
vt 0.19014770 0.63473390
vt 0.22243430 0.62599210
vt 0.25660570 0.61884460
vt 0.18336420 0.59165170
vt 0.21651480 0.57796870
vt 0.25158450 0.56544450
vt 0.17933540 0.53460160
vt 0.21351440 0.52279790
vt 0.24946340 0.51158080
vt 0.19060680 0.47007600
vt 0.21944540 0.46408960
vt 0.24949630 0.45773850
vt 0.19634730 0.39860400
vt 0.22630720 0.40010550
vt 0.25753550 0.40054740
vt 0.20162920 0.34828360
vt 0.23182890 0.34271300
vt 0.26305930 0.33615810
vt 0.22482550 0.06410327
vt 0.24077580 0.06115641
vt 0.25717660 0.05785930
vt 0.23120360 0.04203424
vt 0.24251040 0.03804898
vt 0.23157070 0.02023221
vt 0.25404010 0.03400447
vt 0.24355190 0.01586416
vt 0.26047910 0.86705810
vt 0.27273090 0.88268560
vt 0.27273090 0.88268560
vt 0.26047910 0.86705810
vt 0.25308240 0.85397660
vt 0.25308240 0.85397660
vt 0.24083230 0.82396270
vt 0.24083230 0.82396270
vt 0.22874690 0.79714860
vt 0.22874690 0.79714860
vt 0.21802610 0.76337080
vt 0.21802610 0.76337080
vt 0.20785390 0.73235720
vt 0.20785390 0.73235720
vt 0.19812810 0.68590070
vt 0.19812810 0.68590070
vt 0.19014770 0.63473390
vt 0.19014770 0.63473390
vt 0.18336420 0.59165170
vt 0.18336420 0.59165170
vt 0.17933540 0.53460160
vt 0.17933540 0.53460160
vt 0.19060680 0.47007600
vt 0.19060680 0.47007600
vt 0.19634730 0.39860400
vt 0.19634730 0.39860400
vt 0.20162920 0.34828360
vt 0.20162920 0.34828360
vt 0.22482550 0.06410327
vt 0.22482550 0.06410327
vt 0.23120360 0.04203424
vt 0.23120360 0.04203424
vt 0.23157070 0.02023221
vt 0.58407580 0.21581850
vt 0.56844410 0.20018530
vt 0.54929870 0.18913070
vt 0.59512840 0.23496470
vt 0.52794430 0.18340820
vt 0.60084890 0.25631870
vt 0.50583630 0.18340790
vt 0.60084750 0.27842540
vt 0.48448180 0.18912970
vt 0.59512460 0.29977830
vt 0.46533600 0.20018390
vt 0.58407060 0.31892220
vt 0.44970380 0.21581670
vt 0.56843860 0.33455280
vt 0.43865070 0.23496270
vt 0.54929430 0.34560500
vt 0.43292970 0.25631700
vt 0.52794190 0.35132600
vt 0.43293060 0.27842400
vt 0.50583640 0.35132600
vt 0.43865320 0.29977720
vt 0.48448370 0.34560490
vt 0.44970720 0.31892150
vt 0.46533910 0.33455230
vt 0.24251040 0.03804898
vt 0.25717660 0.05785930
vt 0.24077580 0.06115641
vt 0.26305930 0.33615810
vt 0.23182890 0.34271300
vt 0.25753550 0.40054740
vt 0.22482550 0.06410327
vt 0.23120360 0.04203424
vt 0.22482550 0.06410327
vt 0.20162920 0.34828360
vt 0.20162920 0.34828360
vt 0.19634730 0.39860400
vt 0.19634730 0.39860400
vt 0.19060680 0.47007600
vt 0.19060680 0.47007600
vt 0.17933540 0.53460160
vt 0.17933540 0.53460160
vt 0.18336420 0.59165170
vt 0.18336420 0.59165170
vt 0.19014770 0.63473390
vt 0.19014770 0.63473390
vt 0.19812810 0.68590070
vt 0.19812810 0.68590070
vt 0.20785390 0.73235720
vt 0.20785390 0.73235720
vt 0.21802610 0.76337080
vt 0.21802610 0.76337080
vt 0.22874690 0.79714860
vt 0.22874690 0.79714860
vt 0.24083230 0.82396270
vt 0.24083230 0.82396270
vt 0.25308240 0.85397660
vt 0.25308240 0.85397660
vt 0.26047910 0.86705810
vt 0.26047910 0.86705810
vt 0.27273090 0.88268560
vt 0.27273090 0.88268560
vt 0.26047910 0.86705810
vt 0.26446120 0.86650770
vt 0.27273090 0.88268560
vt 0.26230950 0.86585810
vt 0.25308240 0.85397660
vt 0.25928130 0.85338000
vt 0.26541130 0.85268100
vt 0.24083230 0.82396270
vt 0.25489750 0.82258560
vt 0.26917620 0.82103130
vt 0.22874690 0.79714860
vt 0.24676380 0.79504320
vt 0.26525050 0.79308240
vt 0.21802610 0.76337080
vt 0.23856690 0.76116060
vt 0.20785390 0.73235720
vt 0.25970270 0.75962590
vt 0.23402060 0.72842940
vt 0.19812810 0.68590070
vt 0.23023510 0.68119280
vt 0.19014770 0.63473390
vt 0.26121680 0.72613640
vt 0.22243430 0.62599210
vt 0.18336420 0.59165170
vt 0.26407730 0.67865890
vt 0.25660570 0.61884460
vt 0.21651480 0.57796870
vt 0.17933540 0.53460160
vt 0.25158450 0.56544450
vt 0.21351440 0.52279790
vt 0.19060680 0.47007600
vt 0.24946340 0.51158080
vt 0.21944540 0.46408960
vt 0.19634730 0.39860400
vt 0.24949630 0.45773850
vt 0.22630720 0.40010550
vt 0.20162920 0.34828360
vt 0.26047910 0.86705810
vt 0.27273090 0.88268560
vt 0.26446120 0.86650770
vt 0.26230950 0.86585810
vt 0.25308240 0.85397660
vt 0.25928130 0.85338000
vt 0.24083230 0.82396270
vt 0.25489750 0.82258560
vt 0.22874690 0.79714860
vt 0.26541130 0.85268100
vt 0.24676380 0.79504320
vt 0.21802610 0.76337080
vt 0.26917620 0.82103130
vt 0.26525050 0.79308240
vt 0.23856690 0.76116060
vt 0.20785390 0.73235720
vt 0.25970270 0.75962590
vt 0.23402060 0.72842940
vt 0.19812810 0.68590070
vt 0.26121680 0.72613640
vt 0.23023510 0.68119280
vt 0.19014770 0.63473390
vt 0.26407730 0.67865890
vt 0.22243430 0.62599210
vt 0.18336420 0.59165170
vt 0.25660570 0.61884460
vt 0.21651480 0.57796870
vt 0.17933540 0.53460160
vt 0.25158450 0.56544450
vt 0.21351440 0.52279790
vt 0.19060680 0.47007600
vt 0.24946340 0.51158080
vt 0.21944540 0.46408960
vt 0.19634730 0.39860400
vt 0.24949630 0.45773850
vt 0.22630720 0.40010550
vt 0.20162920 0.34828360
vt 0.25753550 0.40054740
vt 0.23182890 0.34271300
vt 0.22482550 0.06410327
vt 0.26305930 0.33615810
vt 0.24077580 0.06115641
vt 0.24251040 0.03804898
vt 0.25717660 0.05785930
vt 0.25404010 0.03400447
vt 0.26446120 0.86650770
vt 0.27273090 0.88268560
vt 0.27273090 0.88268560
vt 0.26541130 0.85268100
vt 0.26917620 0.82103130
vt 0.26917620 0.82103130
vt 0.26525050 0.79308240
vt 0.26525050 0.79308240
vt 0.25970270 0.75962590
vt 0.26121680 0.72613640
vt 0.26407730 0.67865890
vt 0.26407730 0.67865890
vt 0.25660570 0.61884460
vt 0.25660570 0.61884460
vt 0.25158450 0.56544450
vt 0.25158450 0.56544450
vt 0.24946340 0.51158080
vt 0.24946340 0.51158080
vt 0.24949630 0.45773850
vt 0.24949630 0.45773850
vt 0.25753550 0.40054740
vt 0.25753550 0.40054740
vt 0.26305930 0.33615810
vt 0.26305930 0.33615810
vt 0.25717660 0.05785930
vt 0.25717660 0.05785930
vt 0.25404010 0.03400447
f 3/3/3 2/2/2 1/1/1
f 4/4/4 3/3/3 1/1/1
f 7/7/7 6/6/6 5/5/5
f 7/7/7 8/8/8 6/6/6
f 8/8/8 9/9/9 6/6/6
f 8/8/8 10/10/10 9/9/9
f 6/6/6 9/9/9 11/11/11
f 6/6/6 11/11/11 12/12/12
f 9/9/9 13/13/13 11/11/11
f 10/10/10 14/14/14 9/9/9
f 9/9/9 14/14/14 13/13/13
f 10/10/10 15/15/15 14/14/14
f 14/14/14 16/16/16 13/13/13
f 15/15/15 17/17/17 14/14/14
f 14/14/14 17/17/17 16/16/16
f 15/15/15 18/18/18 17/17/17
f 17/17/17 19/19/19 16/16/16
f 18/18/18 20/20/20 17/17/17
f 17/17/17 20/20/20 19/19/19
f 18/18/18 21/21/21 20/20/20
f 21/21/21 22/22/22 20/20/20
f 21/21/21 23/23/23 22/22/22
f 20/20/20 24/24/24 19/19/19
f 20/20/20 22/22/22 24/24/24
f 23/23/23 25/25/25 22/22/22
f 23/23/23 26/26/26 25/25/25
f 22/22/22 27/27/27 24/24/24
f 22/22/22 25/25/25 27/27/27
f 25/25/25 28/28/28 27/27/27
f 26/26/26 29/29/29 25/25/25
f 25/25/25 29/29/29 28/28/28
f 26/26/26 30/30/30 29/29/29
f 29/29/29 31/31/31 28/28/28
f 30/30/30 32/32/32 29/29/29
f 29/29/29 32/32/32 31/31/31
f 19/19/19 24/24/24 33/33/33
f 33/33/33 24/24/24 34/34/34
f 24/24/24 35/35/35 34/34/34
f 36/36/36 19/19/19 33/33/33
f 37/37/37 19/19/19 36/36/36
f 38/38/38 37/37/37 36/36/36
f 39/39/39 37/37/37 38/38/38
f 40/40/40 39/39/39 38/38/38
f 41/41/41 39/39/39 40/40/40
f 42/42/42 41/41/41 40/40/40
f 43/43/43 41/41/41 42/42/42
f 42/42/42 44/44/44 43/43/43
f 45/45/45 44/44/44 42/42/42
f 46/46/46 45/45/45 42/42/42
f 47/47/47 45/45/45 46/46/46
f 48/48/48 47/47/47 46/46/46
f 49/49/49 47/47/47 48/48/48
f 50/50/50 49/49/49 48/48/48
f 51/51/51 49/49/49 50/50/50
f 52/52/52 51/51/51 50/50/50
f 53/53/53 51/51/51 52/52/52
f 34/34/34 53/53/53 52/52/52
f 45/45/45 54/54/54 44/44/44
f 54/54/54 55/55/55 44/44/44
f 44/44/44 55/55/55 56/56/56
f 57/57/57 54/54/54 45/45/45
f 47/47/47 57/57/57 45/45/45
f 49/49/49 58/58/58 47/47/47
f 58/58/58 57/57/57 47/47/47
f 51/51/51 59/59/59 49/49/49
f 59/59/59 58/58/58 49/49/49
f 60/60/60 59/59/59 51/51/51
f 53/53/53 60/60/60 51/51/51
f 58/58/58 61/61/61 57/57/57
f 61/61/61 62/62/62 57/57/57
f 63/63/63 61/61/61 58/58/58
f 57/57/57 62/62/62 64/64/64
f 65/65/65 63/63/63 58/58/58
f 62/62/62 66/66/66 64/64/64
f 67/67/67 63/63/63 65/65/65
f 60/60/60 67/67/67 65/65/65
f 64/64/64 66/66/66 55/55/55
f 66/66/66 68/68/68 55/55/55
f 55/55/55 68/68/68 69/69/69
f 70/70/70 67/67/67 60/60/60
f 71/71/71 70/70/70 60/60/60
f 71/71/71 60/60/60 53/53/53
f 72/72/72 70/70/70 71/71/71
f 73/73/73 71/71/71 53/53/53
f 73/73/73 53/53/53 34/34/34
f 74/74/74 72/72/72 71/71/71
f 74/74/74 71/71/71 73/73/73
f 75/75/75 73/73/73 34/34/34
f 34/34/34 35/35/35 75/75/75
f 35/35/35 76/76/76 75/75/75
f 77/77/77 74/74/74 73/73/73
f 77/77/77 73/73/73 75/75/75
f 78/78/78 74/74/74 77/77/77
f 75/75/75 76/76/76 79/79/79
f 76/76/76 31/31/31 79/79/79
f 80/80/80 77/77/77 75/75/75
f 79/79/79 31/31/31 81/81/81
f 82/82/82 78/78/78 77/77/77
f 82/82/82 77/77/77 80/80/80
f 83/83/83 78/78/78 82/82/82
f 84/84/84 82/82/82 80/80/80
f 31/31/31 85/85/85 81/81/81
f 81/81/81 85/85/85 86/86/86
f 32/32/32 85/85/85 31/31/31
f 87/87/87 83/83/83 82/82/82
f 87/87/87 82/82/82 84/84/84
f 88/88/88 83/83/83 87/87/87
f 89/89/89 87/87/87 84/84/84
f 90/90/90 88/88/88 87/87/87
f 90/90/90 87/87/87 89/89/89
f 91/91/91 88/88/88 90/90/90
f 92/92/92 90/90/90 89/89/89
f 93/93/93 91/91/91 90/90/90
f 93/93/93 90/90/90 92/92/92
f 94/94/94 91/91/91 93/93/93
f 95/95/95 93/93/93 92/92/92
f 96/96/96 94/94/94 93/93/93
f 96/96/96 93/93/93 95/95/95
f 97/97/97 96/96/96 95/95/95
f 98/98/98 94/94/94 96/96/96
f 99/99/99 96/96/96 97/97/97
f 99/99/99 98/98/98 96/96/96
f 100/100/100 99/99/99 97/97/97
f 98/98/98 99/99/99 100/100/100
f 101/101/101 98/98/98 100/100/100
f 100/100/100 102/102/102 101/101/101
f 102/102/102 103/103/103 101/101/101
f 104/104/104 102/102/102 100/100/100
f 105/105/105 104/104/104 100/100/100
f 106/106/106 104/104/104 105/105/105
f 107/107/107 106/106/106 105/105/105
f 108/108/108 106/106/106 107/107/107
f 109/109/109 108/108/108 107/107/107
f 110/110/110 108/108/108 109/109/109
f 86/86/86 110/110/110 109/109/109
f 85/85/85 110/110/110 86/86/86
f 32/32/32 111/111/111 85/85/85
f 111/111/111 112/112/112 85/85/85
f 113/113/113 111/111/111 32/32/32
f 30/30/30 113/113/113 32/32/32
f 111/111/111 114/114/114 112/112/112
f 114/114/114 115/115/115 112/112/112
f 113/113/113 116/116/116 111/111/111
f 116/116/116 114/114/114 111/111/111
f 114/114/114 117/117/117 115/115/115
f 117/117/117 118/118/118 115/115/115
f 116/116/116 119/119/119 114/114/114
f 119/119/119 117/117/117 114/114/114
f 117/117/117 120/120/120 118/118/118
f 120/120/120 121/121/121 118/118/118
f 119/119/119 122/122/122 117/117/117
f 122/122/122 120/120/120 117/117/117
f 120/120/120 123/123/123 121/121/121
f 123/123/123 124/124/124 121/121/121
f 125/125/125 123/123/123 120/120/120
f 123/123/123 125/125/125 124/124/124
f 122/122/122 125/125/125 120/120/120
f 125/125/125 126/126/126 124/124/124
f 116/116/116 113/113/113 83/83/83
f 83/83/83 113/113/113 127/127/127
f 88/88/88 116/116/116 83/83/83
f 119/119/119 116/116/116 88/88/88
f 113/113/113 30/30/30 127/127/127
f 127/127/127 30/30/30 74/74/74
f 30/30/30 72/72/72 74/74/74
f 128/128/128 119/119/119 88/88/88
f 122/122/122 119/119/119 128/128/128
f 129/129/129 122/122/122 128/128/128
f 125/125/125 122/122/122 129/129/129
f 130/130/130 125/125/125 129/129/129
f 131/131/131 125/125/125 130/130/130
f 132/132/132 131/131/131 130/130/130
f 135/135/135 134/134/134 133/133/133
f 136/136/136 134/134/134 135/135/135
f 137/137/137 136/136/136 135/135/135
f 138/138/138 136/136/136 137/137/137
f 137/137/137 135/135/135 139/139/139
f 139/139/139 135/135/135 140/140/140
f 140/140/140 141/141/141 139/139/139
f 139/139/139 141/141/141 142/142/142
f 141/141/141 143/143/143 142/142/142
f 142/142/142 143/143/143 144/144/144
f 143/143/143 145/145/145 144/144/144
f 144/144/144 145/145/145 146/146/146
f 145/145/145 147/147/147 146/146/146
f 146/146/146 147/147/147 148/148/148
f 147/147/147 149/149/149 148/148/148
f 148/148/148 149/149/149 150/150/150
f 149/149/149 151/151/151 150/150/150
f 150/150/150 151/151/151 152/152/152
f 151/151/151 153/153/153 152/152/152
f 152/152/152 153/153/153 154/154/154
f 153/153/153 155/155/155 154/154/154
f 154/154/154 155/155/155 156/156/156
f 155/155/155 157/157/157 156/156/156
f 156/156/156 157/157/157 158/158/158
f 157/157/157 159/159/159 158/158/158
f 158/158/158 159/159/159 160/160/160
f 159/159/159 161/161/161 160/160/160
f 160/160/160 161/161/161 162/162/162
f 161/161/161 163/163/163 162/162/162
f 162/162/162 163/163/163 164/164/164
f 163/163/163 165/165/165 164/164/164
f 164/164/164 165/165/165 166/166/166
f 165/165/165 167/167/167 166/166/166
f 166/166/166 167/167/167 168/168/168
f 167/167/167 169/169/169 168/168/168
f 172/172/172 171/171/171 170/170/170
f 171/171/171 173/173/173 170/170/170
f 170/170/170 173/173/173 174/174/174
f 173/173/173 171/171/171 175/175/175
f 173/173/173 175/175/175 174/174/174
f 174/174/174 175/175/175 176/176/176
f 171/171/171 177/177/177 175/175/175
f 175/175/175 178/178/178 176/176/176
f 175/175/175 177/177/177 178/178/178
f 176/176/176 178/178/178 179/179/179
f 178/178/178 180/180/180 179/179/179
f 179/179/179 180/180/180 181/181/181
f 177/177/177 182/182/182 178/178/178
f 178/178/178 182/182/182 180/180/180
f 180/180/180 183/183/183 181/181/181
f 181/181/181 183/183/183 184/184/184
f 182/182/182 185/185/185 180/180/180
f 180/180/180 185/185/185 183/183/183
f 185/185/185 186/186/186 183/183/183
f 183/183/183 187/187/187 184/184/184
f 183/183/183 186/186/186 187/187/187
f 184/184/184 187/187/187 188/188/188
f 186/186/186 189/189/189 187/187/187
f 187/187/187 190/190/190 188/188/188
f 187/187/187 189/189/189 190/190/190
f 188/188/188 190/190/190 191/191/191
f 189/189/189 192/192/192 190/190/190
f 190/190/190 193/193/193 191/191/191
f 190/190/190 192/192/192 193/193/193
f 191/191/191 193/193/193 194/194/194
f 192/192/192 195/195/195 193/193/193
f 193/193/193 196/196/196 194/194/194
f 193/193/193 195/195/195 196/196/196
f 194/194/194 196/196/196 197/197/197
f 195/195/195 198/198/198 196/196/196
f 196/196/196 199/199/199 197/197/197
f 196/196/196 198/198/198 199/199/199
f 197/197/197 199/199/199 200/200/200
f 198/198/198 201/201/201 199/199/199
f 199/199/199 202/202/202 200/200/200
f 199/199/199 201/201/201 202/202/202
f 200/200/200 202/202/202 203/203/203
f 201/201/201 204/204/204 202/202/202
f 202/202/202 205/205/205 203/203/203
f 202/202/202 204/204/204 205/205/205
f 204/204/204 138/138/138 205/205/205
f 203/203/203 205/205/205 206/206/206
f 205/205/205 138/138/138 137/137/137
f 205/205/205 137/137/137 206/206/206
f 206/206/206 137/137/137 139/139/139
f 209/209/209 208/208/208 207/207/207
f 210/210/210 209/209/209 207/207/207
f 210/210/210 207/207/207 211/211/211
f 209/209/209 210/210/210 212/212/212
f 212/212/212 210/210/210 211/211/211
f 213/213/213 209/209/209 212/212/212
f 212/212/212 211/211/211 214/214/214
f 213/213/213 212/212/212 215/215/215
f 215/215/215 212/212/212 214/214/214
f 216/216/216 213/213/213 215/215/215
f 215/215/215 214/214/214 217/217/217
f 216/216/216 215/215/215 218/218/218
f 218/218/218 215/215/215 217/217/217
f 218/218/218 217/217/217 219/219/219
f 220/220/220 216/216/216 218/218/218
f 221/221/221 218/218/218 219/219/219
f 220/220/220 218/218/218 221/221/221
f 221/221/221 219/219/219 222/222/222
f 223/223/223 221/221/221 222/222/222
f 223/223/223 222/222/222 224/224/224
f 225/225/225 220/220/220 221/221/221
f 225/225/225 221/221/221 223/223/223
f 226/226/226 223/223/223 224/224/224
f 226/226/226 224/224/224 227/227/227
f 228/228/228 225/225/225 223/223/223
f 228/228/228 223/223/223 226/226/226
f 229/229/229 228/228/228 226/226/226
f 230/230/230 226/226/226 227/227/227
f 229/229/229 226/226/226 230/230/230
f 230/230/230 227/227/227 231/231/231
f 232/232/232 229/229/229 230/230/230
f 233/233/233 230/230/230 231/231/231
f 232/232/232 230/230/230 233/233/233
f 233/233/233 231/231/231 234/234/234
f 235/235/235 232/232/232 233/233/233
f 236/236/236 233/233/233 234/234/234
f 235/235/235 233/233/233 236/236/236
f 236/236/236 234/234/234 237/237/237
f 238/238/238 235/235/235 236/236/236
f 239/239/239 236/236/236 237/237/237
f 238/238/238 236/236/236 239/239/239
f 239/239/239 237/237/237 240/240/240
f 241/241/241 238/238/238 239/239/239
f 242/242/242 239/239/239 240/240/240
f 241/241/241 239/239/239 242/242/242
f 242/242/242 240/240/240 243/243/243
f 244/244/244 241/241/241 242/242/242
f 245/245/245 242/242/242 243/243/243
f 244/244/244 242/242/242 245/245/245
f 245/245/245 243/243/243 246/246/246
f 247/247/247 244/244/244 245/245/245
f 248/248/248 245/245/245 246/246/246
f 247/247/247 245/245/245 248/248/248
f 248/248/248 246/246/246 249/249/249
f 250/250/250 247/247/247 248/248/248
f 250/250/250 248/248/248 251/251/251
f 254/254/254 253/253/253 252/252/252
f 253/253/253 255/255/255 252/252/252
f 252/252/252 255/255/255 177/177/177
f 255/255/255 256/256/256 177/177/177
f 177/177/177 256/256/256 182/182/182
f 256/256/256 257/257/257 182/182/182
f 182/182/182 257/257/257 258/258/258
f 257/257/257 220/220/220 258/258/258
f 258/258/258 220/220/220 259/259/259
f 220/220/220 225/225/225 259/259/259
f 259/259/259 225/225/225 260/260/260
f 225/225/225 261/261/261 260/260/260
f 260/260/260 261/261/261 262/262/262
f 261/261/261 263/263/263 262/262/262
f 262/262/262 263/263/263 264/264/264
f 263/263/263 265/265/265 264/264/264
f 264/264/264 265/265/265 266/266/266
f 265/265/265 267/267/267 266/266/266
f 266/266/266 267/267/267 268/268/268
f 267/267/267 269/269/269 268/268/268
f 268/268/268 269/269/269 270/270/270
f 269/269/269 271/271/271 270/270/270
f 270/270/270 271/271/271 272/272/272
f 271/271/271 273/273/273 272/272/272
f 272/272/272 273/273/273 274/274/274
f 273/273/273 275/275/275 274/274/274
f 274/274/274 275/275/275 134/134/134
f 275/275/275 276/276/276 134/134/134
f 134/134/134 276/276/276 277/277/277
f 280/280/280 279/279/279 278/278/278
f 281/281/281 279/279/279 280/280/280
f 282/282/282 281/281/281 280/280/280
f 283/283/283 281/281/281 282/282/282
f 282/282/282 280/280/280 284/284/284
f 284/284/284 280/280/280 285/285/285
f 285/285/285 286/286/286 284/284/284
f 284/284/284 286/286/286 287/287/287
f 286/286/286 288/288/288 287/287/287
f 287/287/287 288/288/288 289/289/289
f 288/288/288 290/290/290 289/289/289
f 289/289/289 290/290/290 291/291/291
f 290/290/290 292/292/292 291/291/291
f 291/291/291 292/292/292 293/293/293
f 292/292/292 294/294/294 293/293/293
f 293/293/293 294/294/294 295/295/295
f 294/294/294 296/296/296 295/295/295
f 295/295/295 296/296/296 297/297/297
f 296/296/296 298/298/298 297/297/297
f 297/297/297 298/298/298 299/299/299
f 298/298/298 300/300/300 299/299/299
f 299/299/299 300/300/300 301/301/301
f 300/300/300 302/302/302 301/301/301
f 301/301/301 302/302/302 303/303/303
f 302/302/302 304/304/304 303/303/303
f 303/303/303 304/304/304 305/305/305
f 304/304/304 306/306/306 305/305/305
f 305/305/305 306/306/306 307/307/307
f 306/306/306 308/308/308 307/307/307
f 307/307/307 308/308/308 309/309/309
f 308/308/308 310/310/310 309/309/309
f 309/309/309 310/310/310 311/311/311
f 310/310/310 312/312/312 311/311/311
f 311/311/311 312/312/312 313/313/313
f 312/312/312 314/314/314 313/313/313
f 317/317/317 316/316/316 315/315/315
f 316/316/316 318/318/318 315/315/315
f 315/315/315 318/318/318 319/319/319
f 318/318/318 316/316/316 320/320/320
f 318/318/318 320/320/320 319/319/319
f 316/316/316 321/321/321 320/320/320
f 319/319/319 320/320/320 322/322/322
f 320/320/320 321/321/321 323/323/323
f 320/320/320 323/323/323 322/322/322
f 321/321/321 324/324/324 323/323/323
f 322/322/322 323/323/323 325/325/325
f 323/323/323 324/324/324 326/326/326
f 323/323/323 326/326/326 325/325/325
f 324/324/324 327/327/327 326/326/326
f 325/325/325 326/326/326 328/328/328
f 326/326/326 327/327/327 329/329/329
f 326/326/326 329/329/329 328/328/328
f 328/328/328 329/329/329 330/330/330
f 327/327/327 331/331/331 329/329/329
f 329/329/329 332/332/332 330/330/330
f 329/329/329 331/331/331 332/332/332
f 330/330/330 332/332/332 333/333/333
f 332/332/332 334/334/334 333/333/333
f 333/333/333 334/334/334 335/335/335
f 331/331/331 336/336/336 332/332/332
f 332/332/332 336/336/336 334/334/334
f 334/334/334 337/337/337 335/335/335
f 335/335/335 337/337/337 338/338/338
f 336/336/336 339/339/339 334/334/334
f 334/334/334 339/339/339 337/337/337
f 339/339/339 340/340/340 337/337/337
f 337/337/337 341/341/341 338/338/338
f 337/337/337 340/340/340 341/341/341
f 338/338/338 341/341/341 342/342/342
f 340/340/340 343/343/343 341/341/341
f 341/341/341 344/344/344 342/342/342
f 341/341/341 343/343/343 344/344/344
f 342/342/342 344/344/344 345/345/345
f 343/343/343 346/346/346 344/344/344
f 344/344/344 347/347/347 345/345/345
f 344/344/344 346/346/346 347/347/347
f 345/345/345 347/347/347 348/348/348
f 346/346/346 349/349/349 347/347/347
f 347/347/347 350/350/350 348/348/348
f 347/347/347 349/349/349 350/350/350
f 348/348/348 350/350/350 351/351/351
f 350/350/350 282/282/282 351/351/351
f 351/351/351 282/282/282 284/284/284
f 350/350/350 283/283/283 282/282/282
f 349/349/349 283/283/283 350/350/350
f 349/349/349 352/352/352 283/283/283
f 352/352/352 353/353/353 283/283/283
f 354/354/354 352/352/352 349/349/349
f 283/283/283 353/353/353 355/355/355
f 356/356/356 354/354/354 349/349/349
f 353/353/353 357/357/357 355/355/355
f 358/358/358 354/354/354 356/356/356
f 355/355/355 357/357/357 359/359/359
f 357/357/357 360/360/360 359/359/359
f 359/359/359 360/360/360 361/361/361
f 362/362/362 358/358/358 356/356/356
f 363/363/363 358/358/358 362/362/362
f 364/364/364 363/363/363 362/362/362
f 365/365/365 363/363/363 364/364/364
f 366/366/366 365/365/365 364/364/364
f 367/367/367 365/365/365 366/366/366
f 336/336/336 367/367/367 366/366/366
f 368/368/368 367/367/367 336/336/336
f 331/331/331 368/368/368 336/336/336
f 369/369/369 368/368/368 331/331/331
f 370/370/370 369/369/369 331/331/331
f 371/371/371 369/369/369 370/370/370
f 372/372/372 371/371/371 370/370/370
f 373/373/373 371/371/371 372/372/372
f 374/374/374 373/373/373 372/372/372
f 375/375/375 373/373/373 374/374/374
f 376/376/376 375/375/375 374/374/374
f 377/377/377 375/375/375 376/376/376
f 378/378/378 377/377/377 376/376/376
f 371/371/371 373/373/373 379/379/379
f 373/373/373 375/375/375 380/380/380
f 373/373/373 380/380/380 379/379/379
f 371/371/371 379/379/379 381/381/381
f 382/382/382 371/371/371 381/381/381
f 382/382/382 381/381/381 383/383/383
f 384/384/384 382/382/382 383/383/383
f 384/384/384 383/383/383 385/385/385
f 386/386/386 384/384/384 385/385/385
f 386/386/386 385/385/385 387/387/387
f 388/388/388 386/386/386 387/387/387
f 388/388/388 387/387/387 389/389/389
f 390/390/390 388/388/388 389/389/389
f 390/390/390 389/389/389 391/391/391
f 392/392/392 390/390/390 391/391/391
f 392/392/392 391/391/391 393/393/393
f 394/394/394 392/392/392 393/393/393
f 394/394/394 393/393/393 395/395/395
f 396/396/396 394/394/394 395/395/395
f 396/396/396 395/395/395 397/397/397
f 398/398/398 396/396/396 397/397/397
f 398/398/398 397/397/397 399/399/399
f 400/400/400 398/398/398 399/399/399
f 400/400/400 399/399/399 401/401/401
f 402/402/402 400/400/400 401/401/401
f 402/402/402 401/401/401 403/403/403
f 401/401/401 399/399/399 404/404/404
f 401/401/401 404/404/404 405/405/405
f 399/399/399 406/406/406 404/404/404
f 399/399/399 397/397/397 406/406/406
f 397/397/397 407/407/407 406/406/406
f 397/397/397 395/395/395 407/407/407
f 395/395/395 408/408/408 407/407/407
f 395/395/395 393/393/393 408/408/408
f 393/393/393 409/409/409 408/408/408
f 393/393/393 391/391/391 409/409/409
f 391/391/391 410/410/410 409/409/409
f 391/391/391 389/389/389 410/410/410
f 389/389/389 411/411/411 410/410/410
f 389/389/389 387/387/387 411/411/411
f 387/387/387 412/412/412 411/411/411
f 387/387/387 385/385/385 412/412/412
f 385/385/385 413/413/413 412/412/412
f 385/385/385 383/383/383 413/413/413
f 383/383/383 414/414/414 413/413/413
f 383/383/383 381/381/381 414/414/414
f 381/381/381 415/415/415 414/414/414
f 381/381/381 379/379/379 415/415/415
f 379/379/379 416/416/416 415/415/415
f 379/379/379 380/380/380 416/416/416
f 380/380/380 417/417/417 416/416/416
f 380/380/380 418/418/418 417/417/417
f 418/418/418 419/419/419 417/417/417
f 375/375/375 418/418/418 380/380/380
f 418/418/418 375/375/375 419/419/419
f 375/375/375 420/420/420 419/419/419
f 423/423/423 422/422/422 421/421/421
f 424/424/424 422/422/422 423/423/423
f 425/425/425 424/424/424 423/423/423
f 426/426/426 424/424/424 425/425/425
f 425/425/425 423/423/423 427/427/427
f 427/427/427 423/423/423 428/428/428
f 428/428/428 429/429/429 427/427/427
f 427/427/427 429/429/429 430/430/430
f 429/429/429 431/431/431 430/430/430
f 430/430/430 431/431/431 432/432/432
f 431/431/431 433/433/433 432/432/432
f 432/432/432 433/433/433 434/434/434
f 433/433/433 435/435/435 434/434/434
f 434/434/434 435/435/435 436/436/436
f 435/435/435 437/437/437 436/436/436
f 436/436/436 437/437/437 438/438/438
f 437/437/437 439/439/439 438/438/438
f 438/438/438 439/439/439 440/440/440
f 439/439/439 441/441/441 440/440/440
f 440/440/440 441/441/441 442/442/442
f 441/441/441 443/443/443 442/442/442
f 442/442/442 443/443/443 444/444/444
f 443/443/443 445/445/445 444/444/444
f 444/444/444 445/445/445 446/446/446
f 445/445/445 447/447/447 446/446/446
f 446/446/446 447/447/447 448/448/448
f 447/447/447 449/449/449 448/448/448
f 448/448/448 449/449/449 450/450/450
f 449/449/449 451/451/451 450/450/450
f 450/450/450 451/451/451 452/452/452
f 451/451/451 453/453/453 452/452/452
f 452/452/452 453/453/453 454/454/454
f 453/453/453 455/455/455 454/454/454
f 454/454/454 455/455/455 456/456/456
f 455/455/455 457/457/457 456/456/456
f 460/460/460 459/459/459 458/458/458
f 459/459/459 461/461/461 458/458/458
f 458/458/458 461/461/461 462/462/462
f 461/461/461 459/459/459 463/463/463
f 461/461/461 463/463/463 462/462/462
f 459/459/459 464/464/464 463/463/463
f 462/462/462 463/463/463 465/465/465
f 463/463/463 464/464/464 466/466/466
f 463/463/463 466/466/466 465/465/465
f 464/464/464 467/467/467 466/466/466
f 465/465/465 466/466/466 468/468/468
f 466/466/466 467/467/467 469/469/469
f 466/466/466 469/469/469 468/468/468
f 468/468/468 469/469/469 470/470/470
f 467/467/467 471/471/471 469/469/469
f 469/469/469 472/472/472 470/470/470
f 469/469/469 471/471/471 472/472/472
f 470/470/470 472/472/472 473/473/473
f 472/472/472 474/474/474 473/473/473
f 473/473/473 474/474/474 475/475/475
f 471/471/471 476/476/476 472/472/472
f 472/472/472 476/476/476 474/474/474
f 474/474/474 477/477/477 475/475/475
f 475/475/475 477/477/477 478/478/478
f 476/476/476 479/479/479 474/474/474
f 474/474/474 479/479/479 477/477/477
f 477/477/477 480/480/480 478/478/478
f 478/478/478 480/480/480 481/481/481
f 479/479/479 482/482/482 477/477/477
f 477/477/477 482/482/482 480/480/480
f 482/482/482 483/483/483 480/480/480
f 480/480/480 484/484/484 481/481/481
f 480/480/480 483/483/483 484/484/484
f 481/481/481 484/484/484 485/485/485
f 483/483/483 486/486/486 484/484/484
f 484/484/484 487/487/487 485/485/485
f 484/484/484 486/486/486 487/487/487
f 485/485/485 487/487/487 488/488/488
f 486/486/486 489/489/489 487/487/487
f 487/487/487 490/490/490 488/488/488
f 487/487/487 489/489/489 490/490/490
f 488/488/488 490/490/490 491/491/491
f 489/489/489 492/492/492 490/490/490
f 490/490/490 493/493/493 491/491/491
f 490/490/490 492/492/492 493/493/493
f 492/492/492 426/426/426 493/493/493
f 491/491/491 493/493/493 494/494/494
f 493/493/493 426/426/426 425/425/425
f 493/493/493 425/425/425 494/494/494
f 494/494/494 425/425/425 427/427/427
f 497/497/497 496/496/496 495/495/495
f 497/497/497 498/498/498 496/496/496
f 498/498/498 499/499/499 496/496/496
f 498/498/498 500/500/500 499/499/499
f 500/500/500 501/501/501 499/499/499
f 500/500/500 502/502/502 501/501/501
f 502/502/502 503/503/503 501/501/501
f 502/502/502 504/504/504 503/503/503
f 504/504/504 505/505/505 503/503/503
f 504/504/504 506/506/506 505/505/505
f 506/506/506 507/507/507 505/505/505
f 506/506/506 508/508/508 507/507/507
f 508/508/508 509/509/509 507/507/507
f 508/508/508 510/510/510 509/509/509
f 510/510/510 511/511/511 509/509/509
f 510/510/510 512/512/512 511/511/511
f 512/512/512 513/513/513 511/511/511
f 512/512/512 514/514/514 513/513/513
f 514/514/514 515/515/515 513/513/513
f 514/514/514 516/516/516 515/515/515
f 516/516/516 517/517/517 515/515/515
f 516/516/516 518/518/518 517/517/517
f 518/518/518 519/519/519 517/517/517
f 518/518/518 520/520/520 519/519/519
f 520/520/520 521/521/521 519/519/519
f 520/520/520 522/522/522 521/521/521
f 522/522/522 523/523/523 521/521/521
f 522/522/522 524/524/524 523/523/523
f 524/524/524 522/522/522 520/520/520
f 524/524/524 525/525/525 523/523/523
f 526/526/526 520/520/520 518/518/518
f 526/526/526 524/524/524 520/520/520
f 527/527/527 518/518/518 516/516/516
f 527/527/527 526/526/526 518/518/518
f 528/528/528 527/527/527 516/516/516
f 528/528/528 516/516/516 514/514/514
f 529/529/529 528/528/528 514/514/514
f 529/529/529 514/514/514 512/512/512
f 530/530/530 529/529/529 512/512/512
f 530/530/530 512/512/512 510/510/510
f 531/531/531 530/530/530 510/510/510
f 531/531/531 510/510/510 508/508/508
f 532/532/532 531/531/531 508/508/508
f 532/532/532 508/508/508 506/506/506
f 533/533/533 532/532/532 506/506/506
f 533/533/533 506/506/506 504/504/504
f 534/534/534 533/533/533 504/504/504
f 534/534/534 504/504/504 502/502/502
f 535/535/535 534/534/534 502/502/502
f 535/535/535 502/502/502 500/500/500
f 536/536/536 535/535/535 500/500/500
f 536/536/536 500/500/500 498/498/498
f 537/537/537 536/536/536 498/498/498
f 537/537/537 498/498/498 497/497/497
f 538/538/538 537/537/537 497/497/497
f 538/538/538 497/497/497 539/539/539
f 422/422/422 541/541/541 540/540/540
f 542/542/542 541/541/541 422/422/422
f 543/543/543 542/542/542 422/422/422
f 544/544/544 542/542/542 543/543/543
f 545/545/545 544/544/544 543/543/543
f 546/546/546 544/544/544 545/545/545
f 547/547/547 546/546/546 545/545/545
f 548/548/548 546/546/546 547/547/547
f 549/549/549 548/548/548 547/547/547
f 550/550/550 548/548/548 549/549/549
f 551/551/551 550/550/550 549/549/549
f 552/552/552 550/550/550 551/551/551
f 553/553/553 552/552/552 551/551/551
f 554/554/554 552/552/552 553/553/553
f 555/555/555 554/554/554 553/553/553
f 556/556/556 554/554/554 555/555/555
f 479/479/479 556/556/556 555/555/555
f 557/557/557 556/556/556 479/479/479
f 476/476/476 557/557/557 479/479/479
f 558/558/558 557/557/557 476/476/476
f 471/471/471 558/558/558 476/476/476
f 527/527/527 558/558/558 471/471/471
f 559/559/559 527/527/527 471/471/471
f 526/526/526 527/527/527 559/559/559
f 560/560/560 526/526/526 559/559/559
f 524/524/524 526/526/526 560/560/560
f 561/561/561 524/524/524 560/560/560
f 562/562/562 524/524/524 561/561/561
f 563/563/563 562/562/562 561/561/561
f 566/566/566 565/565/565 564/564/564
f 566/566/566 567/567/567 565/565/565
f 567/567/567 568/568/568 565/565/565
f 567/567/567 569/569/569 568/568/568
f 569/569/569 570/570/570 568/568/568
f 569/569/569 571/571/571 570/570/570
f 571/571/571 572/572/572 570/570/570
f 571/571/571 573/573/573 572/572/572
f 573/573/573 574/574/574 572/572/572
f 573/573/573 575/575/575 574/574/574
f 575/575/575 576/576/576 574/574/574
f 575/575/575 577/577/577 576/576/576
f 577/577/577 578/578/578 576/576/576
f 577/577/577 579/579/579 578/578/578
f 579/579/579 580/580/580 578/578/578
f 581/581/581 567/567/567 566/566/566
f 582/582/582 581/581/581 566/566/566
f 582/582/582 566/566/566 583/583/583
f 581/581/581 584/584/584 567/567/567
f 584/584/584 569/569/569 567/567/567
f 584/584/584 585/585/585 569/569/569
f 585/585/585 571/571/571 569/569/569
f 585/585/585 586/586/586 571/571/571
f 586/586/586 573/573/573 571/571/571
f 586/586/586 587/587/587 573/573/573
f 587/587/587 575/575/575 573/573/573
f 587/587/587 588/588/588 575/575/575
f 588/588/588 577/577/577 575/575/575
f 588/588/588 589/589/589 577/577/577
f 589/589/589 579/579/579 577/577/577
f 589/589/589 590/590/590 579/579/579
f 590/590/590 591/591/591 579/579/579
f 590/590/590 592/592/592 591/591/591
f 579/579/579 591/591/591 580/580/580
f 592/592/592 593/593/593 591/591/591
f 592/592/592 594/594/594 593/593/593
f 591/591/591 595/595/595 580/580/580
f 591/591/591 593/593/593 595/595/595
f 594/594/594 596/596/596 593/593/593
f 594/594/594 597/597/597 596/596/596
f 593/593/593 598/598/598 595/595/595
f 593/593/593 596/596/596 598/598/598
f 596/596/596 599/599/599 598/598/598
f 597/597/597 600/600/600 596/596/596
f 596/596/596 600/600/600 599/599/599
f 597/597/597 601/601/601 600/600/600
f 600/600/600 602/602/602 599/599/599
f 601/601/601 603/603/603 600/600/600
f 600/600/600 603/603/603 602/602/602
f 603/603/603 604/604/604 602/602/602
f 601/601/601 605/605/605 603/603/603
f 603/603/603 606/606/606 604/604/604
f 605/605/605 606/606/606 603/603/603
f 606/606/606 607/607/607 604/604/604
f 606/606/606 605/605/605 607/607/607
f 605/605/605 608/608/608 607/607/607
f 610/610/610 609/609/609 595/595/595
f 609/609/609 611/611/611 595/595/595
f 612/612/612 609/609/609 610/610/610
f 595/595/595 611/611/611 580/580/580
f 613/613/613 612/612/612 610/610/610
f 611/611/611 614/614/614 580/580/580
f 615/615/615 612/612/612 613/613/613
f 580/580/580 614/614/614 616/616/616
f 617/617/617 615/615/615 613/613/613
f 614/614/614 618/618/618 616/616/616
f 619/619/619 615/615/615 617/617/617
f 616/616/616 618/618/618 620/620/620
f 621/621/621 619/619/619 617/617/617
f 618/618/618 622/622/622 620/620/620
f 623/623/623 619/619/619 621/621/621
f 620/620/620 622/622/622 624/624/624
f 625/625/625 623/623/623 621/621/621
f 626/626/626 623/623/623 625/625/625
f 627/627/627 626/626/626 625/625/625
f 622/622/622 628/628/628 624/624/624
f 624/624/624 628/628/628 629/629/629
f 628/628/628 630/630/630 629/629/629
f 629/629/629 630/630/630 631/631/631
f 630/630/630 632/632/632 631/631/631
f 631/631/631 632/632/632 633/633/633
f 632/632/632 634/634/634 633/633/633
f 633/633/633 634/634/634 635/635/635
f 634/634/634 636/636/636 635/635/635
f 635/635/635 636/636/636 637/637/637
f 636/636/636 638/638/638 637/637/637
f 639/639/639 638/638/638 636/636/636
f 640/640/640 639/639/639 636/636/636
f 641/641/641 639/639/639 640/640/640
f 642/642/642 641/641/641 640/640/640
f 643/643/643 641/641/641 642/642/642
f 644/644/644 643/643/643 642/642/642
f 645/645/645 643/643/643 644/644/644
f 646/646/646 645/645/645 644/644/644
f 647/647/647 645/645/645 646/646/646
f 648/648/648 647/647/647 646/646/646
f 649/649/649 647/647/647 648/648/648
f 650/650/650 649/649/649 648/648/648
f 651/651/651 649/649/649 650/650/650
f 652/652/652 651/651/651 650/650/650
f 653/653/653 651/651/651 652/652/652
f 654/654/654 653/653/653 652/652/652
f 655/655/655 653/653/653 654/654/654
f 656/656/656 655/655/655 654/654/654
f 657/657/657 655/655/655 656/656/656
f 658/658/658 657/657/657 656/656/656
f 659/659/659 657/657/657 658/658/658
f 660/660/660 659/659/659 658/658/658
f 661/661/661 659/659/659 660/660/660
f 662/662/662 661/661/661 660/660/660
f 663/663/663 661/661/661 662/662/662
f 664/664/664 663/663/663 662/662/662
f 665/665/665 663/663/663 664/664/664
f 663/663/663 665/665/665 661/661/661
f 666/666/666 665/665/665 664/664/664
f 661/661/661 667/667/667 659/659/659
f 665/665/665 667/667/667 661/661/661
f 659/659/659 668/668/668 657/657/657
f 667/667/667 668/668/668 659/659/659
f 657/657/657 669/669/669 655/655/655
f 668/668/668 669/669/669 657/657/657
f 669/669/669 670/670/670 655/655/655
f 655/655/655 670/670/670 653/653/653
f 670/670/670 671/671/671 653/653/653
f 653/653/653 671/671/671 651/651/651
f 671/671/671 672/672/672 651/651/651
f 651/651/651 672/672/672 649/649/649
f 672/672/672 673/673/673 649/649/649
f 649/649/649 673/673/673 647/647/647
f 673/673/673 674/674/674 647/647/647
f 647/647/647 674/674/674 645/645/645
f 674/674/674 675/675/675 645/645/645
f 645/645/645 675/675/675 643/643/643
f 675/675/675 676/676/676 643/643/643
f 643/643/643 676/676/676 641/641/641
f 676/676/676 677/677/677 641/641/641
f 641/641/641 677/677/677 639/639/639
f 677/677/677 678/678/678 639/639/639
f 639/639/639 678/678/678 638/638/638
f 678/678/678 679/679/679 638/638/638
f 638/638/638 679/679/679 680/680/680
f 682/682/682 672/672/672 681/681/681
f 683/683/683 682/682/682 681/681/681
f 681/681/681 672/672/672 684/684/684
f 685/685/685 682/682/682 683/683/683
f 672/672/672 671/671/671 684/684/684
f 686/686/686 685/685/685 683/683/683
f 684/684/684 671/671/671 687/687/687
f 688/688/688 685/685/685 686/686/686
f 671/671/671 670/670/670 687/687/687
f 689/689/689 688/688/688 686/686/686
f 687/687/687 670/670/670 690/690/690
f 691/691/691 688/688/688 689/689/689
f 670/670/670 669/669/669 690/690/690
f 692/692/692 691/691/691 689/689/689
f 690/690/690 669/669/669 693/693/693
f 694/694/694 691/691/691 692/692/692
f 669/669/669 668/668/668 693/693/693
f 695/695/695 694/694/694 692/692/692
f 693/693/693 668/668/668 696/696/696
f 697/697/697 694/694/694 695/695/695
f 668/668/668 667/667/667 696/696/696
f 698/698/698 697/697/697 695/695/695
f 696/696/696 667/667/667 699/699/699
f 679/679/679 697/697/697 698/698/698
f 700/700/700 679/679/679 698/698/698
f 701/701/701 679/679/679 700/700/700
f 667/667/667 665/665/665 699/699/699
f 699/699/699 665/665/665 702/702/702
f 665/665/665 703/703/703 702/702/702
f 706/706/706 705/705/705 704/704/704
f 706/706/706 707/707/707 705/705/705
f 707/707/707 708/708/708 705/705/705
f 707/707/707 709/709/709 708/708/708
f 705/705/705 708/708/708 710/710/710
f 705/705/705 710/710/710 711/711/711
f 708/708/708 712/712/712 710/710/710
f 709/709/709 713/713/713 708/708/708
f 708/708/708 713/713/713 712/712/712
f 709/709/709 714/714/714 713/713/713
f 714/714/714 715/715/715 713/713/713
f 714/714/714 716/716/716 715/715/715
f 713/713/713 717/717/717 712/712/712
f 713/713/713 715/715/715 717/717/717
f 716/716/716 718/718/718 715/715/715
f 716/716/716 719/719/719 718/718/718
f 715/715/715 720/720/720 717/717/717
f 715/715/715 718/718/718 720/720/720
f 718/718/718 721/721/721 720/720/720
f 719/719/719 722/722/722 718/718/718
f 718/718/718 722/722/722 721/721/721
f 719/719/719 723/723/723 722/722/722
f 723/723/723 724/724/724 722/722/722
f 723/723/723 725/725/725 724/724/724
f 722/722/722 726/726/726 721/721/721
f 722/722/722 724/724/724 726/726/726
f 725/725/725 727/727/727 724/724/724
f 725/725/725 728/728/728 727/727/727
f 724/724/724 729/729/729 726/726/726
f 724/724/724 727/727/727 729/729/729
f 727/727/727 730/730/730 729/729/729
f 728/728/728 731/731/731 727/727/727
f 727/727/727 731/731/731 730/730/730
f 728/728/728 732/732/732 731/731/731
f 731/731/731 733/733/733 730/730/730
f 732/732/732 734/734/734 731/731/731
f 731/731/731 734/734/734 733/733/733
f 732/732/732 735/735/735 734/734/734
f 734/734/734 736/736/736 733/733/733
f 735/735/735 737/737/737 734/734/734
f 734/734/734 737/737/737 736/736/736
f 735/735/735 738/738/738 737/737/737
f 738/738/738 739/739/739 737/737/737
f 738/738/738 740/740/740 739/739/739
f 737/737/737 741/741/741 736/736/736
f 737/737/737 739/739/739 741/741/741
f 740/740/740 742/742/742 739/739/739
f 740/740/740 743/743/743 742/742/742
f 739/739/739 744/744/744 741/741/741
f 739/739/739 742/742/742 744/744/744
f 742/742/742 745/745/745 744/744/744
f 743/743/743 746/746/746 742/742/742
f 742/742/742 746/746/746 745/745/745
f 746/746/746 747/747/747 745/745/745
f 743/743/743 748/748/748 746/746/746
f 746/746/746 749/749/749 747/747/747
f 748/748/748 749/749/749 746/746/746
f 749/749/749 750/750/750 747/747/747
f 749/749/749 748/748/748 750/750/750
f 748/748/748 751/751/751 750/750/750
f 741/741/741 752/752/752 736/736/736
f 752/752/752 753/753/753 736/736/736
f 754/754/754 752/752/752 741/741/741
f 736/736/736 753/753/753 755/755/755
f 756/756/756 754/754/754 741/741/741
f 753/753/753 757/757/757 755/755/755
f 758/758/758 754/754/754 756/756/756
f 755/755/755 757/757/757 759/759/759
f 760/760/760 758/758/758 756/756/756
f 757/757/757 761/761/761 759/759/759
f 762/762/762 758/758/758 760/760/760
f 759/759/759 761/761/761 763/763/763
f 764/764/764 762/762/762 760/760/760
f 761/761/761 765/765/765 763/763/763
f 766/766/766 762/762/762 764/764/764
f 763/763/763 765/765/765 726/726/726
f 767/767/767 766/766/766 764/764/764
f 768/768/768 766/766/766 767/767/767
f 769/769/769 768/768/768 767/767/767
f 765/765/765 770/770/770 726/726/726
f 726/726/726 770/770/770 721/721/721
f 770/770/770 771/771/771 721/721/721
f 721/721/721 771/771/771 772/772/772
f 771/771/771 773/773/773 772/772/772
f 772/772/772 773/773/773 717/717/717
f 773/773/773 774/774/774 717/717/717
f 717/717/717 774/774/774 712/712/712
f 774/774/774 775/775/775 712/712/712
f 712/712/712 775/775/775 776/776/776
f 775/775/775 777/777/777 776/776/776
f 776/776/776 777/777/777 778/778/778
f 777/777/777 779/779/779 778/778/778
f 780/780/780 779/779/779 777/777/777
f 781/781/781 780/780/780 777/777/777
f 782/782/782 780/780/780 781/781/781
f 783/783/783 782/782/782 781/781/781
f 784/784/784 782/782/782 783/783/783
f 785/785/785 784/784/784 783/783/783
f 786/786/786 784/784/784 785/785/785
f 787/787/787 786/786/786 785/785/785
f 788/788/788 786/786/786 787/787/787
f 789/789/789 788/788/788 787/787/787
f 790/790/790 788/788/788 789/789/789
f 791/791/791 790/790/790 789/789/789
f 792/792/792 790/790/790 791/791/791
f 793/793/793 792/792/792 791/791/791
f 794/794/794 792/792/792 793/793/793
f 795/795/795 794/794/794 793/793/793
f 796/796/796 794/794/794 795/795/795
f 797/797/797 796/796/796 795/795/795
f 798/798/798 796/796/796 797/797/797
f 799/799/799 798/798/798 797/797/797
f 800/800/800 798/798/798 799/799/799
f 801/801/801 800/800/800 799/799/799
f 802/802/802 800/800/800 801/801/801
f 803/803/803 802/802/802 801/801/801
f 804/804/804 802/802/802 803/803/803
f 805/805/805 804/804/804 803/803/803
f 806/806/806 804/804/804 805/805/805
f 807/807/807 806/806/806 805/805/805
f 808/808/808 806/806/806 807/807/807
f 806/806/806 808/808/808 804/804/804
f 809/809/809 808/808/808 807/807/807
f 808/808/808 810/810/810 804/804/804
f 804/804/804 810/810/810 802/802/802
f 802/802/802 811/811/811 800/800/800
f 810/810/810 811/811/811 802/802/802
f 800/800/800 812/812/812 798/798/798
f 811/811/811 812/812/812 800/800/800
f 812/812/812 813/813/813 798/798/798
f 798/798/798 813/813/813 796/796/796
f 813/813/813 814/814/814 796/796/796
f 796/796/796 814/814/814 794/794/794
f 814/814/814 815/815/815 794/794/794
f 794/794/794 815/815/815 792/792/792
f 815/815/815 816/816/816 792/792/792
f 792/792/792 816/816/816 790/790/790
f 816/816/816 817/817/817 790/790/790
f 790/790/790 817/817/817 788/788/788
f 817/817/817 818/818/818 788/788/788
f 788/788/788 818/818/818 786/786/786
f 818/818/818 819/819/819 786/786/786
f 786/786/786 819/819/819 784/784/784
f 819/819/819 820/820/820 784/784/784
f 784/784/784 820/820/820 782/782/782
f 820/820/820 821/821/821 782/782/782
f 782/782/782 821/821/821 780/780/780
f 821/821/821 822/822/822 780/780/780
f 780/780/780 822/822/822 779/779/779
f 822/822/822 823/823/823 779/779/779
f 779/779/779 823/823/823 824/824/824
f 827/827/827 826/826/826 825/825/825
f 828/828/828 827/827/827 825/825/825
f 810/810/810 827/827/827 828/828/828
f 829/829/829 810/810/810 828/828/828
f 811/811/811 810/810/810 829/829/829
f 830/830/830 811/811/811 829/829/829
f 812/812/812 811/811/811 830/830/830
f 831/831/831 812/812/812 830/830/830
f 832/832/832 812/812/812 831/831/831
f 833/833/833 832/832/832 831/831/831
f 834/834/834 832/832/832 833/833/833
f 835/835/835 834/834/834 833/833/833
f 836/836/836 834/834/834 835/835/835
f 837/837/837 836/836/836 835/835/835
f 838/838/838 836/836/836 837/837/837
f 839/839/839 838/838/838 837/837/837
f 840/840/840 838/838/838 839/839/839
f 841/841/841 840/840/840 839/839/839
f 842/842/842 840/840/840 841/841/841
f 843/843/843 842/842/842 841/841/841
f 844/844/844 842/842/842 843/843/843
f 845/845/845 844/844/844 843/843/843
f 846/846/846 844/844/844 845/845/845
f 847/847/847 846/846/846 845/845/845
f 848/848/848 846/846/846 847/847/847
f 849/849/849 848/848/848 847/847/847
f 850/850/850 848/848/848 849/849/849
f 851/851/851 850/850/850 849/849/849
f 852/852/852 850/850/850 851/851/851
f 853/853/853 852/852/852 851/851/851
f 854/854/854 852/852/852 853/853/853
f 857/857/857 856/856/856 855/855/855
f 858/858/858 856/856/856 857/857/857
f 859/859/859 858/858/858 857/857/857
f 860/860/860 858/858/858 859/859/859
f 859/859/859 857/857/857 861/861/861
f 861/861/861 857/857/857 862/862/862
f 862/862/862 863/863/863 861/861/861
f 861/861/861 863/863/863 864/864/864
f 863/863/863 865/865/865 864/864/864
f 864/864/864 865/865/865 866/866/866
f 865/865/865 867/867/867 866/866/866
f 866/866/866 867/867/867 868/868/868
f 867/867/867 869/869/869 868/868/868
f 868/868/868 869/869/869 870/870/870
f 869/869/869 871/871/871 870/870/870
f 870/870/870 871/871/871 872/872/872
f 871/871/871 873/873/873 872/872/872
f 872/872/872 873/873/873 874/874/874
f 873/873/873 875/875/875 874/874/874
f 874/874/874 875/875/875 876/876/876
f 875/875/875 877/877/877 876/876/876
f 876/876/876 877/877/877 878/878/878
f 877/877/877 879/879/879 878/878/878
f 878/878/878 879/879/879 880/880/880
f 879/879/879 881/881/881 880/880/880
f 880/880/880 881/881/881 882/882/882
f 881/881/881 883/883/883 882/882/882
f 882/882/882 883/883/883 884/884/884
f 883/883/883 885/885/885 884/884/884
f 884/884/884 885/885/885 886/886/886
f 885/885/885 887/887/887 886/886/886
f 886/886/886 887/887/887 888/888/888
f 887/887/887 889/889/889 888/888/888
f 888/888/888 889/889/889 890/890/890
f 889/889/889 891/891/891 890/890/890
f 894/894/894 893/893/893 892/892/892
f 893/893/893 895/895/895 892/892/892
f 892/892/892 895/895/895 896/896/896
f 895/895/895 893/893/893 897/897/897
f 895/895/895 897/897/897 896/896/896
f 893/893/893 898/898/898 897/897/897
f 896/896/896 897/897/897 899/899/899
f 897/897/897 898/898/898 900/900/900
f 897/897/897 900/900/900 899/899/899
f 898/898/898 901/901/901 900/900/900
f 899/899/899 900/900/900 902/902/902
f 900/900/900 901/901/901 903/903/903
f 900/900/900 903/903/903 902/902/902
f 901/901/901 904/904/904 903/903/903
f 902/902/902 903/903/903 905/905/905
f 903/903/903 904/904/904 906/906/906
f 903/903/903 906/906/906 905/905/905
f 904/904/904 907/907/907 906/906/906
f 905/905/905 906/906/906 908/908/908
f 906/906/906 907/907/907 909/909/909
f 906/906/906 909/909/909 908/908/908
f 907/907/907 910/910/910 909/909/909
f 908/908/908 909/909/909 911/911/911
f 909/909/909 910/910/910 912/912/912
f 909/909/909 912/912/912 911/911/911
f 910/910/910 913/913/913 912/912/912
f 911/911/911 912/912/912 914/914/914
f 912/912/912 913/913/913 915/915/915
f 912/912/912 915/915/915 914/914/914
f 913/913/913 916/916/916 915/915/915
f 914/914/914 915/915/915 917/917/917
f 915/915/915 916/916/916 918/918/918
f 915/915/915 918/918/918 917/917/917
f 916/916/916 919/919/919 918/918/918
f 917/917/917 918/918/918 920/920/920
f 918/918/918 919/919/919 921/921/921
f 918/918/918 921/921/921 920/920/920
f 919/919/919 922/922/922 921/921/921
f 920/920/920 921/921/921 923/923/923
f 921/921/921 922/922/922 924/924/924
f 921/921/921 924/924/924 923/923/923
f 922/922/922 925/925/925 924/924/924
f 923/923/923 924/924/924 926/926/926
f 924/924/924 925/925/925 927/927/927
f 924/924/924 927/927/927 926/926/926
f 925/925/925 860/860/860 927/927/927
f 926/926/926 927/927/927 928/928/928
f 927/927/927 860/860/860 859/859/859
f 927/927/927 859/859/859 928/928/928
f 928/928/928 859/859/859 861/861/861
f 931/931/931 930/930/930 929/929/929
f 932/932/932 931/931/931 929/929/929
f 932/932/932 929/929/929 933/933/933
f 931/931/931 932/932/932 934/934/934
f 934/934/934 932/932/932 933/933/933
f 935/935/935 931/931/931 934/934/934
f 934/934/934 933/933/933 936/936/936
f 935/935/935 934/934/934 937/937/937
f 937/937/937 934/934/934 936/936/936
f 938/938/938 935/935/935 937/937/937
f 937/937/937 936/936/936 939/939/939
f 938/938/938 937/937/937 940/940/940
f 940/940/940 937/937/937 939/939/939
f 941/941/941 938/938/938 940/940/940
f 940/940/940 939/939/939 942/942/942
f 941/941/941 940/940/940 943/943/943
f 943/943/943 940/940/940 942/942/942
f 944/944/944 941/941/941 943/943/943
f 943/943/943 942/942/942 945/945/945
f 944/944/944 943/943/943 946/946/946
f 946/946/946 943/943/943 945/945/945
f 947/947/947 944/944/944 946/946/946
f 946/946/946 945/945/945 948/948/948
f 947/947/947 946/946/946 949/949/949
f 949/949/949 946/946/946 948/948/948
f 950/950/950 947/947/947 949/949/949
f 949/949/949 948/948/948 951/951/951
f 950/950/950 949/949/949 952/952/952
f 952/952/952 949/949/949 951/951/951
f 953/953/953 950/950/950 952/952/952
f 952/952/952 951/951/951 954/954/954
f 953/953/953 952/952/952 955/955/955
f 955/955/955 952/952/952 954/954/954
f 956/956/956 953/953/953 955/955/955
f 955/955/955 954/954/954 957/957/957
f 956/956/956 955/955/955 958/958/958
f 958/958/958 955/955/955 957/957/957
f 959/959/959 956/956/956 958/958/958
f 958/958/958 957/957/957 960/960/960
f 959/959/959 958/958/958 961/961/961
f 961/961/961 958/958/958 960/960/960
f 962/962/962 959/959/959 961/961/961
f 961/961/961 960/960/960 963/963/963
f 962/962/962 961/961/961 964/964/964
f 964/964/964 961/961/961 963/963/963
f 965/965/965 962/962/962 964/964/964
f 964/964/964 963/963/963 966/966/966
f 965/965/965 964/964/964 967/967/967
f 967/967/967 964/964/964 966/966/966
f 968/968/968 965/965/965 967/967/967
f 967/967/967 966/966/966 969/969/969
f 968/968/968 967/967/967 970/970/970
f 970/970/970 967/967/967 969/969/969
f 970/970/970 969/969/969 971/971/971
f 972/972/972 968/968/968 970/970/970
f 972/972/972 970/970/970 973/973/973
f 976/976/976 975/975/975 974/974/974
f 975/975/975 977/977/977 974/974/974
f 974/974/974 977/977/977 978/978/978
f 977/977/977 979/979/979 978/978/978
f 978/978/978 979/979/979 980/980/980
f 979/979/979 981/981/981 980/980/980
f 980/980/980 981/981/981 982/982/982
f 981/981/981 983/983/983 982/982/982
f 982/982/982 983/983/983 984/984/984
f 983/983/983 985/985/985 984/984/984
f 984/984/984 985/985/985 986/986/986
f 985/985/985 987/987/987 986/986/986
f 986/986/986 987/987/987 988/988/988
f 987/987/987 989/989/989 988/988/988
f 988/988/988 989/989/989 990/990/990
f 989/989/989 991/991/991 990/990/990
f 990/990/990 991/991/991 992/992/992
f 991/991/991 993/993/993 992/992/992
f 992/992/992 993/993/993 994/994/994
f 993/993/993 995/995/995 994/994/994
f 994/994/994 995/995/995 996/996/996
f 995/995/995 997/997/997 996/996/996
f 996/996/996 997/997/997 998/998/998
f 997/997/997 999/999/999 998/998/998
f 998/998/998 999/999/999 1000/1000/1000
f 999/999/999 1001/1001/1001 1000/1000/1000
f 1000/1000/1000 1001/1001/1001 1002/1002/1002
f 1001/1001/1001 1003/1003/1003 1002/1002/1002
f 1002/1002/1002 1003/1003/1003 1004/1004/1004
f 1007/1007/1007 1006/1006/1006 1005/1005/1005
f 1008/1008/1008 1006/1006/1006 1007/1007/1007
f 1009/1009/1009 1008/1008/1008 1007/1007/1007
f 1010/1010/1010 1008/1008/1008 1009/1009/1009
f 1009/1009/1009 1007/1007/1007 1011/1011/1011
f 1011/1011/1011 1007/1007/1007 1012/1012/1012
f 1012/1012/1012 1013/1013/1013 1011/1011/1011
f 1011/1011/1011 1013/1013/1013 1014/1014/1014
f 1013/1013/1013 1015/1015/1015 1014/1014/1014
f 1014/1014/1014 1015/1015/1015 1016/1016/1016
f 1015/1015/1015 1017/1017/1017 1016/1016/1016
f 1016/1016/1016 1017/1017/1017 1018/1018/1018
f 1017/1017/1017 1019/1019/1019 1018/1018/1018
f 1018/1018/1018 1019/1019/1019 1020/1020/1020
f 1019/1019/1019 1021/1021/1021 1020/1020/1020
f 1020/1020/1020 1021/1021/1021 1022/1022/1022
f 1021/1021/1021 1023/1023/1023 1022/1022/1022
f 1022/1022/1022 1023/1023/1023 1024/1024/1024
f 1023/1023/1023 1025/1025/1025 1024/1024/1024
f 1024/1024/1024 1025/1025/1025 1026/1026/1026
f 1025/1025/1025 1027/1027/1027 1026/1026/1026
f 1026/1026/1026 1027/1027/1027 1028/1028/1028
f 1027/1027/1027 1029/1029/1029 1028/1028/1028
f 1028/1028/1028 1029/1029/1029 1030/1030/1030
f 1029/1029/1029 1031/1031/1031 1030/1030/1030
f 1030/1030/1030 1031/1031/1031 1032/1032/1032
f 1031/1031/1031 1033/1033/1033 1032/1032/1032
f 1032/1032/1032 1033/1033/1033 1034/1034/1034
f 1033/1033/1033 1035/1035/1035 1034/1034/1034
f 1034/1034/1034 1035/1035/1035 1036/1036/1036
f 1035/1035/1035 1037/1037/1037 1036/1036/1036
f 1036/1036/1036 1037/1037/1037 1038/1038/1038
f 1037/1037/1037 1039/1039/1039 1038/1038/1038
f 1038/1038/1038 1039/1039/1039 1040/1040/1040
f 1039/1039/1039 1041/1041/1041 1040/1040/1040
f 1044/1044/1044 1043/1043/1043 1042/1042/1042
f 1043/1043/1043 1045/1045/1045 1042/1042/1042
f 1042/1042/1042 1045/1045/1045 1046/1046/1046
f 1045/1045/1045 1043/1043/1043 1047/1047/1047
f 1045/1045/1045 1047/1047/1047 1046/1046/1046
f 1043/1043/1043 1048/1048/1048 1047/1047/1047
f 1046/1046/1046 1047/1047/1047 1049/1049/1049
f 1047/1047/1047 1048/1048/1048 1050/1050/1050
f 1047/1047/1047 1050/1050/1050 1049/1049/1049
f 1048/1048/1048 1051/1051/1051 1050/1050/1050
f 1049/1049/1049 1050/1050/1050 1052/1052/1052
f 1050/1050/1050 1051/1051/1051 1053/1053/1053
f 1050/1050/1050 1053/1053/1053 1052/1052/1052
f 1051/1051/1051 1054/1054/1054 1053/1053/1053
f 1052/1052/1052 1053/1053/1053 1055/1055/1055
f 1053/1053/1053 1054/1054/1054 1056/1056/1056
f 1053/1053/1053 1056/1056/1056 1055/1055/1055
f 1054/1054/1054 1057/1057/1057 1056/1056/1056
f 1055/1055/1055 1056/1056/1056 1058/1058/1058
f 1056/1056/1056 1057/1057/1057 1059/1059/1059
f 1056/1056/1056 1059/1059/1059 1058/1058/1058
f 1057/1057/1057 1060/1060/1060 1059/1059/1059
f 1058/1058/1058 1059/1059/1059 1061/1061/1061
f 1059/1059/1059 1060/1060/1060 1062/1062/1062
f 1059/1059/1059 1062/1062/1062 1061/1061/1061
f 1060/1060/1060 1063/1063/1063 1062/1062/1062
f 1061/1061/1061 1062/1062/1062 1064/1064/1064
f 1062/1062/1062 1063/1063/1063 1065/1065/1065
f 1062/1062/1062 1065/1065/1065 1064/1064/1064
f 1063/1063/1063 1066/1066/1066 1065/1065/1065
f 1064/1064/1064 1065/1065/1065 1067/1067/1067
f 1065/1065/1065 1066/1066/1066 1068/1068/1068
f 1065/1065/1065 1068/1068/1068 1067/1067/1067
f 1066/1066/1066 1069/1069/1069 1068/1068/1068
f 1067/1067/1067 1068/1068/1068 1070/1070/1070
f 1068/1068/1068 1069/1069/1069 1071/1071/1071
f 1068/1068/1068 1071/1071/1071 1070/1070/1070
f 1069/1069/1069 1072/1072/1072 1071/1071/1071
f 1070/1070/1070 1071/1071/1071 1073/1073/1073
f 1071/1071/1071 1072/1072/1072 1074/1074/1074
f 1071/1071/1071 1074/1074/1074 1073/1073/1073
f 1072/1072/1072 1075/1075/1075 1074/1074/1074
f 1073/1073/1073 1074/1074/1074 1076/1076/1076
f 1074/1074/1074 1075/1075/1075 1077/1077/1077
f 1074/1074/1074 1077/1077/1077 1076/1076/1076
f 1075/1075/1075 1010/1010/1010 1077/1077/1077
f 1076/1076/1076 1077/1077/1077 1078/1078/1078
f 1077/1077/1077 1010/1010/1010 1009/1009/1009
f 1077/1077/1077 1009/1009/1009 1078/1078/1078
f 1078/1078/1078 1009/1009/1009 1011/1011/1011
f 1081/1081/1081 1080/1080/1080 1079/1079/1079
f 1081/1081/1081 1082/1082/1082 1080/1080/1080
f 1082/1082/1082 1083/1083/1083 1080/1080/1080
f 1082/1082/1082 1084/1084/1084 1083/1083/1083
f 1084/1084/1084 1085/1085/1085 1083/1083/1083
f 1084/1084/1084 1086/1086/1086 1085/1085/1085
f 1086/1086/1086 1087/1087/1087 1085/1085/1085
f 1086/1086/1086 1088/1088/1088 1087/1087/1087
f 1088/1088/1088 1089/1089/1089 1087/1087/1087
f 1088/1088/1088 1090/1090/1090 1089/1089/1089
f 1090/1090/1090 1091/1091/1091 1089/1089/1089
f 1090/1090/1090 1092/1092/1092 1091/1091/1091
f 1092/1092/1092 1093/1093/1093 1091/1091/1091
f 1092/1092/1092 1094/1094/1094 1093/1093/1093
f 1094/1094/1094 1095/1095/1095 1093/1093/1093
f 1094/1094/1094 1096/1096/1096 1095/1095/1095
f 1096/1096/1096 1097/1097/1097 1095/1095/1095
f 1096/1096/1096 1098/1098/1098 1097/1097/1097
f 1098/1098/1098 1099/1099/1099 1097/1097/1097
f 1098/1098/1098 1100/1100/1100 1099/1099/1099
f 1100/1100/1100 1101/1101/1101 1099/1099/1099
f 1100/1100/1100 1102/1102/1102 1101/1101/1101
f 1102/1102/1102 1103/1103/1103 1101/1101/1101
f 1102/1102/1102 1104/1104/1104 1103/1103/1103
f 1104/1104/1104 1105/1105/1105 1103/1103/1103
f 1104/1104/1104 1106/1106/1106 1105/1105/1105
f 1106/1106/1106 1107/1107/1107 1105/1105/1105
f 1106/1106/1106 1108/1108/1108 1107/1107/1107
f 1108/1108/1108 1106/1106/1106 1104/1104/1104
f 1108/1108/1108 1109/1109/1109 1107/1107/1107
f 1110/1110/1110 1108/1108/1108 1104/1104/1104
f 1110/1110/1110 1104/1104/1104 1102/1102/1102
f 1111/1111/1111 1110/1110/1110 1102/1102/1102
f 1111/1111/1111 1102/1102/1102 1100/1100/1100
f 1112/1112/1112 1111/1111/1111 1100/1100/1100
f 1112/1112/1112 1100/1100/1100 1098/1098/1098
f 1113/1113/1113 1112/1112/1112 1098/1098/1098
f 1113/1113/1113 1098/1098/1098 1096/1096/1096
f 1114/1114/1114 1113/1113/1113 1096/1096/1096
f 1114/1114/1114 1096/1096/1096 1094/1094/1094
f 1115/1115/1115 1114/1114/1114 1094/1094/1094
f 1115/1115/1115 1094/1094/1094 1092/1092/1092
f 1116/1116/1116 1115/1115/1115 1092/1092/1092
f 1116/1116/1116 1092/1092/1092 1090/1090/1090
f 1117/1117/1117 1116/1116/1116 1090/1090/1090
f 1117/1117/1117 1090/1090/1090 1088/1088/1088
f 1118/1118/1118 1117/1117/1117 1088/1088/1088
f 1118/1118/1118 1088/1088/1088 1086/1086/1086
f 1119/1119/1119 1118/1118/1118 1086/1086/1086
f 1119/1119/1119 1086/1086/1086 1084/1084/1084
f 1120/1120/1120 1119/1119/1119 1084/1084/1084
f 1120/1120/1120 1084/1084/1084 1082/1082/1082
f 1121/1121/1121 1120/1120/1120 1082/1082/1082
f 1121/1121/1121 1082/1082/1082 1081/1081/1081
f 1122/1122/1122 1121/1121/1121 1081/1081/1081
f 1122/1122/1122 1081/1081/1081 1123/1123/1123
f 1126/1126/1126 1125/1125/1125 1124/1124/1124
f 1127/1127/1127 1125/1125/1125 1126/1126/1126
f 1128/1128/1128 1127/1127/1127 1126/1126/1126
f 1129/1129/1129 1127/1127/1127 1128/1128/1128
f 1130/1130/1130 1129/1129/1129 1128/1128/1128
f 1131/1131/1131 1129/1129/1129 1130/1130/1130
f 1132/1132/1132 1131/1131/1131 1130/1130/1130
f 1133/1133/1133 1131/1131/1131 1132/1132/1132
f 1134/1134/1134 1133/1133/1133 1132/1132/1132
f 1135/1135/1135 1133/1133/1133 1134/1134/1134
f 1136/1136/1136 1135/1135/1135 1134/1134/1134
f 1137/1137/1137 1135/1135/1135 1136/1136/1136
f 1138/1138/1138 1137/1137/1137 1136/1136/1136
f 1139/1139/1139 1137/1137/1137 1138/1138/1138
f 1140/1140/1140 1139/1139/1139 1138/1138/1138
f 1141/1141/1141 1139/1139/1139 1140/1140/1140
f 1142/1142/1142 1141/1141/1141 1140/1140/1140
f 1143/1143/1143 1141/1141/1141 1142/1142/1142
f 1144/1144/1144 1143/1143/1143 1142/1142/1142
f 1145/1145/1145 1143/1143/1143 1144/1144/1144
f 1146/1146/1146 1145/1145/1145 1144/1144/1144
f 1147/1147/1147 1145/1145/1145 1146/1146/1146
f 1148/1148/1148 1147/1147/1147 1146/1146/1146
f 1149/1149/1149 1147/1147/1147 1148/1148/1148
f 1150/1150/1150 1149/1149/1149 1148/1148/1148
f 1151/1151/1151 1149/1149/1149 1150/1150/1150
f 1152/1152/1152 1151/1151/1151 1150/1150/1150
f 1153/1153/1153 1151/1151/1151 1152/1152/1152
f 1154/1154/1154 1153/1153/1153 1152/1152/1152
f 1157/1157/1157 1156/1156/1156 1155/1155/1155
f 1157/1157/1157 1158/1158/1158 1156/1156/1156
f 1158/1158/1158 1159/1159/1159 1156/1156/1156
f 1158/1158/1158 1160/1160/1160 1159/1159/1159
f 1160/1160/1160 1161/1161/1161 1159/1159/1159
f 1160/1160/1160 1162/1162/1162 1161/1161/1161
f 1162/1162/1162 1163/1163/1163 1161/1161/1161
f 1162/1162/1162 1164/1164/1164 1163/1163/1163
f 1164/1164/1164 1165/1165/1165 1163/1163/1163
f 1164/1164/1164 1166/1166/1166 1165/1165/1165
f 1166/1166/1166 1167/1167/1167 1165/1165/1165
f 1166/1166/1166 1168/1168/1168 1167/1167/1167
f 1168/1168/1168 1169/1169/1169 1167/1167/1167
f 1170/1170/1170 1158/1158/1158 1157/1157/1157
f 1171/1171/1171 1170/1170/1170 1157/1157/1157
f 1171/1171/1171 1157/1157/1157 1172/1172/1172
f 1170/1170/1170 1173/1173/1173 1158/1158/1158
f 1173/1173/1173 1160/1160/1160 1158/1158/1158
f 1173/1173/1173 1174/1174/1174 1160/1160/1160
f 1174/1174/1174 1162/1162/1162 1160/1160/1160
f 1174/1174/1174 1175/1175/1175 1162/1162/1162
f 1175/1175/1175 1164/1164/1164 1162/1162/1162
f 1175/1175/1175 1176/1176/1176 1164/1164/1164
f 1176/1176/1176 1166/1166/1166 1164/1164/1164
f 1176/1176/1176 1177/1177/1177 1166/1166/1166
f 1177/1177/1177 1168/1168/1168 1166/1166/1166
f 1177/1177/1177 1178/1178/1178 1168/1168/1168
f 1178/1178/1178 1179/1179/1179 1168/1168/1168
f 1178/1178/1178 1180/1180/1180 1179/1179/1179
f 1168/1168/1168 1179/1179/1179 1169/1169/1169
f 1180/1180/1180 1181/1181/1181 1179/1179/1179
f 1180/1180/1180 1182/1182/1182 1181/1181/1181
f 1179/1179/1179 1183/1183/1183 1169/1169/1169
f 1179/1179/1179 1181/1181/1181 1183/1183/1183
f 1182/1182/1182 1184/1184/1184 1181/1181/1181
f 1182/1182/1182 1185/1185/1185 1184/1184/1184
f 1181/1181/1181 1186/1186/1186 1183/1183/1183
f 1181/1181/1181 1184/1184/1184 1186/1186/1186
f 1184/1184/1184 1187/1187/1187 1186/1186/1186
f 1185/1185/1185 1188/1188/1188 1184/1184/1184
f 1184/1184/1184 1188/1188/1188 1187/1187/1187
f 1185/1185/1185 1189/1189/1189 1188/1188/1188
f 1188/1188/1188 1190/1190/1190 1187/1187/1187
f 1189/1189/1189 1191/1191/1191 1188/1188/1188
f 1188/1188/1188 1191/1191/1191 1190/1190/1190
f 1189/1189/1189 1192/1192/1192 1191/1191/1191
f 1191/1191/1191 1193/1193/1193 1190/1190/1190
f 1192/1192/1192 1194/1194/1194 1191/1191/1191
f 1191/1191/1191 1194/1194/1194 1193/1193/1193
f 1192/1192/1192 1195/1195/1195 1194/1194/1194
f 1194/1194/1194 1196/1196/1196 1193/1193/1193
f 1195/1195/1195 1197/1197/1197 1194/1194/1194
f 1194/1194/1194 1197/1197/1197 1196/1196/1196
f 1197/1197/1197 1198/1198/1198 1196/1196/1196
f 1195/1195/1195 1199/1199/1199 1197/1197/1197
f 1197/1197/1197 1200/1200/1200 1198/1198/1198
f 1199/1199/1199 1200/1200/1200 1197/1197/1197
f 1200/1200/1200 1201/1201/1201 1198/1198/1198
f 1200/1200/1200 1199/1199/1199 1201/1201/1201
f 1199/1199/1199 1202/1202/1202 1201/1201/1201
f 1205/1205/1205 1204/1204/1204 1203/1203/1203
f 1204/1204/1204 1206/1206/1206 1203/1203/1203
f 1203/1203/1203 1206/1206/1206 1207/1207/1207
f 1206/1206/1206 1208/1208/1208 1207/1207/1207
f 1207/1207/1207 1208/1208/1208 1209/1209/1209
f 1208/1208/1208 1210/1210/1210 1209/1209/1209
f 1209/1209/1209 1210/1210/1210 1211/1211/1211
f 1210/1210/1210 1212/1212/1212 1211/1211/1211
f 1211/1211/1211 1212/1212/1212 1213/1213/1213
f 1212/1212/1212 1214/1214/1214 1213/1213/1213
f 1213/1213/1213 1214/1214/1214 1215/1215/1215
f 1214/1214/1214 1216/1216/1216 1215/1215/1215
f 1215/1215/1215 1216/1216/1216 1217/1217/1217
f 1216/1216/1216 1218/1218/1218 1217/1217/1217
f 1217/1217/1217 1218/1218/1218 1183/1183/1183
f 1218/1218/1218 1219/1219/1219 1183/1183/1183
f 1183/1183/1183 1219/1219/1219 1169/1169/1169
f 1219/1219/1219 1220/1220/1220 1169/1169/1169
f 1169/1169/1169 1220/1220/1220 1221/1221/1221
f 1220/1220/1220 1222/1222/1222 1221/1221/1221
f 1221/1221/1221 1222/1222/1222 1223/1223/1223
f 1222/1222/1222 1224/1224/1224 1223/1223/1223
f 1223/1223/1223 1224/1224/1224 1225/1225/1225
f 1224/1224/1224 1226/1226/1226 1225/1225/1225
f 1225/1225/1225 1226/1226/1226 1227/1227/1227
f 1226/1226/1226 1228/1228/1228 1227/1227/1227
f 1227/1227/1227 1228/1228/1228 1229/1229/1229
f 1228/1228/1228 1230/1230/1230 1229/1229/1229
f 1229/1229/1229 1230/1230/1230 1231/1231/1231
f 1230/1230/1230 1232/1232/1232 1231/1231/1231
f 1231/1231/1231 1232/1232/1232 1233/1233/1233
f 1232/1232/1232 1234/1234/1234 1233/1233/1233
f 1235/1235/1235 1234/1234/1234 1232/1232/1232
f 1236/1236/1236 1235/1235/1235 1232/1232/1232
f 1237/1237/1237 1235/1235/1235 1236/1236/1236
f 1238/1238/1238 1237/1237/1237 1236/1236/1236
f 1239/1239/1239 1237/1237/1237 1238/1238/1238
f 1240/1240/1240 1239/1239/1239 1238/1238/1238
f 1241/1241/1241 1239/1239/1239 1240/1240/1240
f 1242/1242/1242 1241/1241/1241 1240/1240/1240
f 1243/1243/1243 1241/1241/1241 1242/1242/1242
f 1244/1244/1244 1243/1243/1243 1242/1242/1242
f 1245/1245/1245 1243/1243/1243 1244/1244/1244
f 1246/1246/1246 1245/1245/1245 1244/1244/1244
f 1247/1247/1247 1245/1245/1245 1246/1246/1246
f 1248/1248/1248 1247/1247/1247 1246/1246/1246
f 1249/1249/1249 1247/1247/1247 1248/1248/1248
f 1250/1250/1250 1249/1249/1249 1248/1248/1248
f 1251/1251/1251 1249/1249/1249 1250/1250/1250
f 1252/1252/1252 1251/1251/1251 1250/1250/1250
f 1253/1253/1253 1251/1251/1251 1252/1252/1252
f 1254/1254/1254 1253/1253/1253 1252/1252/1252
f 1255/1255/1255 1253/1253/1253 1254/1254/1254
f 1256/1256/1256 1255/1255/1255 1254/1254/1254
f 1257/1257/1257 1255/1255/1255 1256/1256/1256
f 1258/1258/1258 1257/1257/1257 1256/1256/1256
f 1259/1259/1259 1257/1257/1257 1258/1258/1258
f 1260/1260/1260 1259/1259/1259 1258/1258/1258
f 1261/1261/1261 1259/1259/1259 1260/1260/1260
f 1262/1262/1262 1261/1261/1261 1260/1260/1260
f 1263/1263/1263 1261/1261/1261 1262/1262/1262
f 1261/1261/1261 1263/1263/1263 1259/1259/1259
f 1264/1264/1264 1263/1263/1263 1262/1262/1262
f 1263/1263/1263 1265/1265/1265 1259/1259/1259
f 1259/1259/1259 1265/1265/1265 1257/1257/1257
f 1265/1265/1265 1266/1266/1266 1257/1257/1257
f 1257/1257/1257 1266/1266/1266 1255/1255/1255
f 1255/1255/1255 1267/1267/1267 1253/1253/1253
f 1266/1266/1266 1267/1267/1267 1255/1255/1255
f 1267/1267/1267 1268/1268/1268 1253/1253/1253
f 1253/1253/1253 1268/1268/1268 1251/1251/1251
f 1268/1268/1268 1269/1269/1269 1251/1251/1251
f 1251/1251/1251 1269/1269/1269 1249/1249/1249
f 1269/1269/1269 1270/1270/1270 1249/1249/1249
f 1249/1249/1249 1270/1270/1270 1247/1247/1247
f 1270/1270/1270 1271/1271/1271 1247/1247/1247
f 1247/1247/1247 1271/1271/1271 1245/1245/1245
f 1271/1271/1271 1272/1272/1272 1245/1245/1245
f 1245/1245/1245 1272/1272/1272 1243/1243/1243
f 1272/1272/1272 1273/1273/1273 1243/1243/1243
f 1243/1243/1243 1273/1273/1273 1241/1241/1241
f 1273/1273/1273 1274/1274/1274 1241/1241/1241
f 1241/1241/1241 1274/1274/1274 1239/1239/1239
f 1274/1274/1274 1275/1275/1275 1239/1239/1239
f 1239/1239/1239 1275/1275/1275 1237/1237/1237
f 1275/1275/1275 1276/1276/1276 1237/1237/1237
f 1237/1237/1237 1276/1276/1276 1235/1235/1235
f 1276/1276/1276 1277/1277/1277 1235/1235/1235
f 1235/1235/1235 1277/1277/1277 1234/1234/1234
f 1277/1277/1277 1278/1278/1278 1234/1234/1234
f 1234/1234/1234 1278/1278/1278 1279/1279/1279
f 1282/1282/1282 1281/1281/1281 1280/1280/1280
f 1283/1283/1283 1282/1282/1282 1280/1280/1280
f 1284/1284/1284 1282/1282/1282 1283/1283/1283
f 1285/1285/1285 1284/1284/1284 1283/1283/1283
f 1266/1266/1266 1284/1284/1284 1285/1285/1285
f 1286/1286/1286 1266/1266/1266 1285/1285/1285
f 1267/1267/1267 1266/1266/1266 1286/1286/1286
f 1287/1287/1287 1267/1267/1267 1286/1286/1286
f 1268/1268/1268 1267/1267/1267 1287/1287/1287
f 1288/1288/1288 1268/1268/1268 1287/1287/1287
f 1289/1289/1289 1268/1268/1268 1288/1288/1288
f 1290/1290/1290 1289/1289/1289 1288/1288/1288
f 1291/1291/1291 1289/1289/1289 1290/1290/1290
f 1292/1292/1292 1291/1291/1291 1290/1290/1290
f 1293/1293/1293 1291/1291/1291 1292/1292/1292
f 1294/1294/1294 1293/1293/1293 1292/1292/1292
f 1295/1295/1295 1293/1293/1293 1294/1294/1294
f 1296/1296/1296 1295/1295/1295 1294/1294/1294
f 1297/1297/1297 1295/1295/1295 1296/1296/1296
f 1298/1298/1298 1297/1297/1297 1296/1296/1296
f 1299/1299/1299 1297/1297/1297 1298/1298/1298
f 1300/1300/1300 1299/1299/1299 1298/1298/1298
f 1301/1301/1301 1299/1299/1299 1300/1300/1300
f 1302/1302/1302 1301/1301/1301 1300/1300/1300
f 1303/1303/1303 1301/1301/1301 1302/1302/1302
f 1304/1304/1304 1303/1303/1303 1302/1302/1302
f 1305/1305/1305 1303/1303/1303 1304/1304/1304
f 1306/1306/1306 1305/1305/1305 1304/1304/1304
f 1307/1307/1307 1305/1305/1305 1306/1306/1306
f 1308/1308/1308 1307/1307/1307 1306/1306/1306
f 1309/1309/1309 1307/1307/1307 1308/1308/1308
f 1312/1312/1312 1311/1311/1311 1310/1310/1310
f 1313/1313/1313 1311/1311/1311 1312/1312/1312
f 1314/1314/1314 1313/1313/1313 1312/1312/1312
f 1315/1315/1315 1313/1313/1313 1314/1314/1314
f 1314/1314/1314 1312/1312/1312 1316/1316/1316
f 1316/1316/1316 1312/1312/1312 1317/1317/1317
f 1317/1317/1317 1318/1318/1318 1316/1316/1316
f 1316/1316/1316 1318/1318/1318 1319/1319/1319
f 1318/1318/1318 1320/1320/1320 1319/1319/1319
f 1319/1319/1319 1320/1320/1320 1321/1321/1321
f 1320/1320/1320 1322/1322/1322 1321/1321/1321
f 1321/1321/1321 1322/1322/1322 1323/1323/1323
f 1322/1322/1322 1324/1324/1324 1323/1323/1323
f 1323/1323/1323 1324/1324/1324 1325/1325/1325
f 1324/1324/1324 1326/1326/1326 1325/1325/1325
f 1325/1325/1325 1326/1326/1326 1327/1327/1327
f 1326/1326/1326 1328/1328/1328 1327/1327/1327
f 1327/1327/1327 1328/1328/1328 1329/1329/1329
f 1328/1328/1328 1330/1330/1330 1329/1329/1329
f 1329/1329/1329 1330/1330/1330 1331/1331/1331
f 1330/1330/1330 1332/1332/1332 1331/1331/1331
f 1331/1331/1331 1332/1332/1332 1333/1333/1333
f 1332/1332/1332 1334/1334/1334 1333/1333/1333
f 1333/1333/1333 1334/1334/1334 1335/1335/1335
f 1334/1334/1334 1336/1336/1336 1335/1335/1335
f 1335/1335/1335 1336/1336/1336 1337/1337/1337
f 1336/1336/1336 1338/1338/1338 1337/1337/1337
f 1337/1337/1337 1338/1338/1338 1339/1339/1339
f 1338/1338/1338 1340/1340/1340 1339/1339/1339
f 1339/1339/1339 1340/1340/1340 1341/1341/1341
f 1340/1340/1340 1342/1342/1342 1341/1341/1341
f 1341/1341/1341 1342/1342/1342 1343/1343/1343
f 1342/1342/1342 1344/1344/1344 1343/1343/1343
f 1343/1343/1343 1344/1344/1344 1345/1345/1345
f 1344/1344/1344 1346/1346/1346 1345/1345/1345
f 1349/1349/1349 1348/1348/1348 1347/1347/1347
f 1348/1348/1348 1350/1350/1350 1347/1347/1347
f 1347/1347/1347 1350/1350/1350 1351/1351/1351
f 1350/1350/1350 1348/1348/1348 1352/1352/1352
f 1350/1350/1350 1352/1352/1352 1351/1351/1351
f 1348/1348/1348 1353/1353/1353 1352/1352/1352
f 1351/1351/1351 1352/1352/1352 1354/1354/1354
f 1352/1352/1352 1353/1353/1353 1355/1355/1355
f 1352/1352/1352 1355/1355/1355 1354/1354/1354
f 1353/1353/1353 1356/1356/1356 1355/1355/1355
f 1354/1354/1354 1355/1355/1355 1357/1357/1357
f 1355/1355/1355 1356/1356/1356 1358/1358/1358
f 1355/1355/1355 1358/1358/1358 1357/1357/1357
f 1356/1356/1356 1359/1359/1359 1358/1358/1358
f 1357/1357/1357 1358/1358/1358 1360/1360/1360
f 1358/1358/1358 1359/1359/1359 1361/1361/1361
f 1358/1358/1358 1361/1361/1361 1360/1360/1360
f 1359/1359/1359 1362/1362/1362 1361/1361/1361
f 1360/1360/1360 1361/1361/1361 1363/1363/1363
f 1361/1361/1361 1362/1362/1362 1364/1364/1364
f 1361/1361/1361 1364/1364/1364 1363/1363/1363
f 1362/1362/1362 1365/1365/1365 1364/1364/1364
f 1363/1363/1363 1364/1364/1364 1366/1366/1366
f 1364/1364/1364 1365/1365/1365 1367/1367/1367
f 1364/1364/1364 1367/1367/1367 1366/1366/1366
f 1365/1365/1365 1368/1368/1368 1367/1367/1367
f 1366/1366/1366 1367/1367/1367 1369/1369/1369
f 1367/1367/1367 1368/1368/1368 1370/1370/1370
f 1367/1367/1367 1370/1370/1370 1369/1369/1369
f 1368/1368/1368 1371/1371/1371 1370/1370/1370
f 1369/1369/1369 1370/1370/1370 1372/1372/1372
f 1370/1370/1370 1371/1371/1371 1373/1373/1373
f 1370/1370/1370 1373/1373/1373 1372/1372/1372
f 1371/1371/1371 1374/1374/1374 1373/1373/1373
f 1372/1372/1372 1373/1373/1373 1375/1375/1375
f 1373/1373/1373 1374/1374/1374 1376/1376/1376
f 1373/1373/1373 1376/1376/1376 1375/1375/1375
f 1374/1374/1374 1377/1377/1377 1376/1376/1376
f 1375/1375/1375 1376/1376/1376 1378/1378/1378
f 1376/1376/1376 1377/1377/1377 1379/1379/1379
f 1376/1376/1376 1379/1379/1379 1378/1378/1378
f 1377/1377/1377 1380/1380/1380 1379/1379/1379
f 1378/1378/1378 1379/1379/1379 1381/1381/1381
f 1379/1379/1379 1380/1380/1380 1382/1382/1382
f 1379/1379/1379 1382/1382/1382 1381/1381/1381
f 1380/1380/1380 1315/1315/1315 1382/1382/1382
f 1381/1381/1381 1382/1382/1382 1383/1383/1383
f 1382/1382/1382 1315/1315/1315 1314/1314/1314
f 1382/1382/1382 1314/1314/1314 1383/1383/1383
f 1383/1383/1383 1314/1314/1314 1316/1316/1316
f 1386/1386/1386 1385/1385/1385 1384/1384/1384
f 1386/1386/1386 1387/1387/1387 1385/1385/1385
f 1387/1387/1387 1388/1388/1388 1385/1385/1385
f 1387/1387/1387 1389/1389/1389 1388/1388/1388
f 1385/1385/1385 1388/1388/1388 1390/1390/1390
f 1385/1385/1385 1390/1390/1390 1391/1391/1391
f 1388/1388/1388 1392/1392/1392 1390/1390/1390
f 1389/1389/1389 1393/1393/1393 1388/1388/1388
f 1388/1388/1388 1393/1393/1393 1392/1392/1392
f 1389/1389/1389 1394/1394/1394 1393/1393/1393
f 1393/1393/1393 1395/1395/1395 1392/1392/1392
f 1394/1394/1394 1396/1396/1396 1393/1393/1393
f 1393/1393/1393 1396/1396/1396 1395/1395/1395
f 1394/1394/1394 1397/1397/1397 1396/1396/1396
f 1396/1396/1396 1398/1398/1398 1395/1395/1395
f 1397/1397/1397 1399/1399/1399 1396/1396/1396
f 1396/1396/1396 1399/1399/1399 1398/1398/1398
f 1397/1397/1397 1400/1400/1400 1399/1399/1399
f 1399/1399/1399 1401/1401/1401 1398/1398/1398
f 1400/1400/1400 1402/1402/1402 1399/1399/1399
f 1399/1399/1399 1402/1402/1402 1401/1401/1401
f 1400/1400/1400 1403/1403/1403 1402/1402/1402
f 1402/1402/1402 1404/1404/1404 1401/1401/1401
f 1403/1403/1403 1405/1405/1405 1402/1402/1402
f 1402/1402/1402 1405/1405/1405 1404/1404/1404
f 1403/1403/1403 1406/1406/1406 1405/1405/1405
f 1405/1405/1405 1407/1407/1407 1404/1404/1404
f 1406/1406/1406 1408/1408/1408 1405/1405/1405
f 1405/1405/1405 1408/1408/1408 1407/1407/1407
f 1406/1406/1406 1409/1409/1409 1408/1408/1408
f 1408/1408/1408 1410/1410/1410 1407/1407/1407
f 1409/1409/1409 1411/1411/1411 1408/1408/1408
f 1408/1408/1408 1411/1411/1411 1410/1410/1410
f 1409/1409/1409 1412/1412/1412 1411/1411/1411
f 1411/1411/1411 1413/1413/1413 1410/1410/1410
f 1412/1412/1412 1414/1414/1414 1411/1411/1411
f 1411/1411/1411 1414/1414/1414 1413/1413/1413
f 1412/1412/1412 1415/1415/1415 1414/1414/1414
f 1414/1414/1414 1416/1416/1416 1413/1413/1413
f 1415/1415/1415 1417/1417/1417 1414/1414/1414
f 1414/1414/1414 1417/1417/1417 1416/1416/1416
f 1415/1415/1415 1418/1418/1418 1417/1417/1417
f 1417/1417/1417 1419/1419/1419 1416/1416/1416
f 1418/1418/1418 1420/1420/1420 1417/1417/1417
f 1417/1417/1417 1420/1420/1420 1419/1419/1419
f 1418/1418/1418 1421/1421/1421 1420/1420/1420
f 1420/1420/1420 1422/1422/1422 1419/1419/1419
f 1421/1421/1421 1423/1423/1423 1420/1420/1420
f 1420/1420/1420 1423/1423/1423 1422/1422/1422
f 1423/1423/1423 1424/1424/1424 1422/1422/1422
f 1421/1421/1421 1425/1425/1425 1423/1423/1423
f 1423/1423/1423 1426/1426/1426 1424/1424/1424
f 1425/1425/1425 1426/1426/1426 1423/1423/1423
f 1426/1426/1426 1427/1427/1427 1424/1424/1424
f 1426/1426/1426 1425/1425/1425 1427/1427/1427
f 1425/1425/1425 1428/1428/1428 1427/1427/1427
f 1431/1431/1431 1430/1430/1430 1429/1429/1429
f 1432/1432/1432 1430/1430/1430 1431/1431/1431
f 1433/1433/1433 1432/1432/1432 1431/1431/1431
f 1434/1434/1434 1432/1432/1432 1433/1433/1433
f 1435/1435/1435 1434/1434/1434 1433/1433/1433
f 1436/1436/1436 1434/1434/1434 1435/1435/1435
f 1437/1437/1437 1436/1436/1436 1435/1435/1435
f 1438/1438/1438 1436/1436/1436 1437/1437/1437
f 1439/1439/1439 1438/1438/1438 1437/1437/1437
f 1440/1440/1440 1438/1438/1438 1439/1439/1439
f 1441/1441/1441 1440/1440/1440 1439/1439/1439
f 1442/1442/1442 1440/1440/1440 1441/1441/1441
f 1443/1443/1443 1442/1442/1442 1441/1441/1441
f 1444/1444/1444 1442/1442/1442 1443/1443/1443
f 1445/1445/1445 1444/1444/1444 1443/1443/1443
f 1446/1446/1446 1444/1444/1444 1445/1445/1445
f 1447/1447/1447 1446/1446/1446 1445/1445/1445
f 1448/1448/1448 1446/1446/1446 1447/1447/1447
f 1449/1449/1449 1448/1448/1448 1447/1447/1447
f 1450/1450/1450 1448/1448/1448 1449/1449/1449
f 1451/1451/1451 1450/1450/1450 1449/1449/1449
f 1452/1452/1452 1450/1450/1450 1451/1451/1451
f 1453/1453/1453 1452/1452/1452 1451/1451/1451
f 1454/1454/1454 1452/1452/1452 1453/1453/1453
f 1455/1455/1455 1454/1454/1454 1453/1453/1453
f 1456/1456/1456 1454/1454/1454 1455/1455/1455
f 1457/1457/1457 1456/1456/1456 1455/1455/1455
f 1458/1458/1458 1456/1456/1456 1457/1457/1457
f 1459/1459/1459 1458/1458/1458 1457/1457/1457
f 1462/1462/1462 1461/1461/1461 1460/1460/1460
f 1463/1463/1463 1461/1461/1461 1462/1462/1462
f 1464/1464/1464 1463/1463/1463 1462/1462/1462
f 1465/1465/1465 1463/1463/1463 1464/1464/1464
f 1466/1466/1466 1465/1465/1465 1464/1464/1464
f 1467/1467/1467 1465/1465/1465 1466/1466/1466
f 1468/1468/1468 1467/1467/1467 1466/1466/1466
f 1469/1469/1469 1467/1467/1467 1468/1468/1468
f 1470/1470/1470 1469/1469/1469 1468/1468/1468
f 1471/1471/1471 1469/1469/1469 1470/1470/1470
f 1472/1472/1472 1471/1471/1471 1470/1470/1470
f 1473/1473/1473 1471/1471/1471 1472/1472/1472
f 1474/1474/1474 1473/1473/1473 1472/1472/1472
f 1475/1475/1475 1473/1473/1473 1474/1474/1474
f 1476/1476/1476 1475/1475/1475 1474/1474/1474
f 1477/1477/1477 1475/1475/1475 1476/1476/1476
f 1478/1478/1478 1477/1477/1477 1476/1476/1476
f 1479/1479/1479 1477/1477/1477 1478/1478/1478
f 1480/1480/1480 1479/1479/1479 1478/1478/1478
f 1481/1481/1481 1479/1479/1479 1480/1480/1480
f 1482/1482/1482 1481/1481/1481 1480/1480/1480
f 1483/1483/1483 1481/1481/1481 1482/1482/1482
f 1484/1484/1484 1483/1483/1483 1482/1482/1482
f 1485/1485/1485 1483/1483/1483 1484/1484/1484
f 1486/1486/1486 1485/1485/1485 1484/1484/1484
f 1487/1487/1487 1485/1485/1485 1486/1486/1486
f 1488/1488/1488 1487/1487/1487 1486/1486/1486
f 1489/1489/1489 1487/1487/1487 1488/1488/1488
f 1487/1487/1487 1489/1489/1489 1485/1485/1485
f 1490/1490/1490 1489/1489/1489 1488/1488/1488
f 1489/1489/1489 1491/1491/1491 1485/1485/1485
f 1485/1485/1485 1491/1491/1491 1483/1483/1483
f 1491/1491/1491 1492/1492/1492 1483/1483/1483
f 1483/1483/1483 1492/1492/1492 1481/1481/1481
f 1492/1492/1492 1493/1493/1493 1481/1481/1481
f 1481/1481/1481 1493/1493/1493 1479/1479/1479
f 1493/1493/1493 1494/1494/1494 1479/1479/1479
f 1479/1479/1479 1494/1494/1494 1477/1477/1477
f 1494/1494/1494 1495/1495/1495 1477/1477/1477
f 1477/1477/1477 1495/1495/1495 1475/1475/1475
f 1495/1495/1495 1496/1496/1496 1475/1475/1475
f 1475/1475/1475 1496/1496/1496 1473/1473/1473
f 1496/1496/1496 1497/1497/1497 1473/1473/1473
f 1473/1473/1473 1497/1497/1497 1471/1471/1471
f 1497/1497/1497 1498/1498/1498 1471/1471/1471
f 1471/1471/1471 1498/1498/1498 1469/1469/1469
f 1498/1498/1498 1499/1499/1499 1469/1469/1469
f 1469/1469/1469 1499/1499/1499 1467/1467/1467
f 1499/1499/1499 1500/1500/1500 1467/1467/1467
f 1467/1467/1467 1500/1500/1500 1465/1465/1465
f 1500/1500/1500 1501/1501/1501 1465/1465/1465
f 1465/1465/1465 1501/1501/1501 1463/1463/1463
f 1501/1501/1501 1502/1502/1502 1463/1463/1463
f 1463/1463/1463 1502/1502/1502 1461/1461/1461
f 1502/1502/1502 1503/1503/1503 1461/1461/1461
f 1461/1461/1461 1503/1503/1503 1504/1504/1504
f 1507/1507/1507 1506/1506/1506 1505/1505/1505
f 1508/1508/1508 1507/1507/1507 1505/1505/1505
f 1509/1509/1509 1507/1507/1507 1508/1508/1508
f 1510/1510/1510 1509/1509/1509 1508/1508/1508
f 1511/1511/1511 1509/1509/1509 1510/1510/1510
f 1512/1512/1512 1511/1511/1511 1510/1510/1510
f 1513/1513/1513 1511/1511/1511 1512/1512/1512
f 1514/1514/1514 1513/1513/1513 1512/1512/1512
f 1515/1515/1515 1513/1513/1513 1514/1514/1514
f 1516/1516/1516 1515/1515/1515 1514/1514/1514
f 1517/1517/1517 1515/1515/1515 1516/1516/1516
f 1518/1518/1518 1517/1517/1517 1516/1516/1516
f 1519/1519/1519 1517/1517/1517 1518/1518/1518
f 1520/1520/1520 1519/1519/1519 1518/1518/1518
f 1521/1521/1521 1519/1519/1519 1520/1520/1520
f 1522/1522/1522 1521/1521/1521 1520/1520/1520
f 1523/1523/1523 1521/1521/1521 1522/1522/1522
f 1524/1524/1524 1523/1523/1523 1522/1522/1522
f 1525/1525/1525 1523/1523/1523 1524/1524/1524
f 1526/1526/1526 1525/1525/1525 1524/1524/1524
f 1527/1527/1527 1525/1525/1525 1526/1526/1526
f 1528/1528/1528 1527/1527/1527 1526/1526/1526
f 1529/1529/1529 1527/1527/1527 1528/1528/1528
f 1530/1530/1530 1529/1529/1529 1528/1528/1528
f 1531/1531/1531 1529/1529/1529 1530/1530/1530
f 1532/1532/1532 1531/1531/1531 1530/1530/1530
f 1533/1533/1533 1531/1531/1531 1532/1532/1532
f 1534/1534/1534 1533/1533/1533 1532/1532/1532
f 1535/1535/1535 1533/1533/1533 1534/1534/1534
f 1538/1538/1538 1537/1537/1537 1536/1536/1536
f 1539/1539/1539 1538/1538/1538 1536/1536/1536
f 1539/1539/1539 1536/1536/1536 1540/1540/1540
f 1538/1538/1538 1539/1539/1539 1541/1541/1541
f 1541/1541/1541 1539/1539/1539 1540/1540/1540
f 1542/1542/1542 1538/1538/1538 1541/1541/1541
f 1541/1541/1541 1540/1540/1540 1543/1543/1543
f 1542/1542/1542 1541/1541/1541 1544/1544/1544
f 1544/1544/1544 1541/1541/1541 1543/1543/1543
f 1545/1545/1545 1542/1542/1542 1544/1544/1544
f 1544/1544/1544 1543/1543/1543 1546/1546/1546
f 1545/1545/1545 1544/1544/1544 1547/1547/1547
f 1547/1547/1547 1544/1544/1544 1546/1546/1546
f 1548/1548/1548 1545/1545/1545 1547/1547/1547
f 1547/1547/1547 1546/1546/1546 1549/1549/1549
f 1548/1548/1548 1547/1547/1547 1550/1550/1550
f 1550/1550/1550 1547/1547/1547 1549/1549/1549
f 1551/1551/1551 1548/1548/1548 1550/1550/1550
f 1550/1550/1550 1549/1549/1549 1552/1552/1552
f 1551/1551/1551 1550/1550/1550 1553/1553/1553
f 1553/1553/1553 1550/1550/1550 1552/1552/1552
f 1554/1554/1554 1551/1551/1551 1553/1553/1553
f 1553/1553/1553 1552/1552/1552 1555/1555/1555
f 1554/1554/1554 1553/1553/1553 1556/1556/1556
f 1556/1556/1556 1553/1553/1553 1555/1555/1555
f 1557/1557/1557 1554/1554/1554 1556/1556/1556
f 1556/1556/1556 1555/1555/1555 1558/1558/1558
f 1557/1557/1557 1556/1556/1556 1559/1559/1559
f 1559/1559/1559 1556/1556/1556 1558/1558/1558
f 1560/1560/1560 1557/1557/1557 1559/1559/1559
f 1559/1559/1559 1558/1558/1558 1561/1561/1561
f 1560/1560/1560 1559/1559/1559 1562/1562/1562
f 1562/1562/1562 1559/1559/1559 1561/1561/1561
f 1563/1563/1563 1560/1560/1560 1562/1562/1562
f 1562/1562/1562 1561/1561/1561 1564/1564/1564
f 1563/1563/1563 1562/1562/1562 1565/1565/1565
f 1565/1565/1565 1562/1562/1562 1564/1564/1564
f 1566/1566/1566 1563/1563/1563 1565/1565/1565
f 1565/1565/1565 1564/1564/1564 1567/1567/1567
f 1566/1566/1566 1565/1565/1565 1568/1568/1568
f 1568/1568/1568 1565/1565/1565 1567/1567/1567
f 1569/1569/1569 1566/1566/1566 1568/1568/1568
f 1568/1568/1568 1567/1567/1567 1570/1570/1570
f 1569/1569/1569 1568/1568/1568 1571/1571/1571
f 1571/1571/1571 1568/1568/1568 1570/1570/1570
f 1572/1572/1572 1569/1569/1569 1571/1571/1571
f 1571/1571/1571 1570/1570/1570 1573/1573/1573
f 1572/1572/1572 1571/1571/1571 1574/1574/1574
f 1574/1574/1574 1571/1571/1571 1573/1573/1573
f 1575/1575/1575 1572/1572/1572 1574/1574/1574
f 1574/1574/1574 1573/1573/1573 1576/1576/1576
f 1575/1575/1575 1574/1574/1574 1577/1577/1577
f 1577/1577/1577 1574/1574/1574 1576/1576/1576
f 1577/1577/1577 1576/1576/1576 1578/1578/1578
f 1579/1579/1579 1575/1575/1575 1577/1577/1577
f 1579/1579/1579 1577/1577/1577 1580/1580/1580
f 1583/1583/1583 1582/1582/1582 1581/1581/1581
f 1582/1582/1582 1584/1584/1584 1581/1581/1581
f 1581/1581/1581 1584/1584/1584 1585/1585/1585
f 1584/1584/1584 1586/1586/1586 1585/1585/1585
f 1585/1585/1585 1586/1586/1586 1587/1587/1587
f 1586/1586/1586 1588/1588/1588 1587/1587/1587
f 1587/1587/1587 1588/1588/1588 1589/1589/1589
f 1588/1588/1588 1590/1590/1590 1589/1589/1589
f 1589/1589/1589 1590/1590/1590 1591/1591/1591
f 1590/1590/1590 1592/1592/1592 1591/1591/1591
f 1591/1591/1591 1592/1592/1592 1593/1593/1593
f 1592/1592/1592 1594/1594/1594 1593/1593/1593
f 1593/1593/1593 1594/1594/1594 1595/1595/1595
f 1594/1594/1594 1596/1596/1596 1595/1595/1595
f 1595/1595/1595 1596/1596/1596 1597/1597/1597
f 1596/1596/1596 1598/1598/1598 1597/1597/1597
f 1597/1597/1597 1598/1598/1598 1599/1599/1599
f 1598/1598/1598 1600/1600/1600 1599/1599/1599
f 1599/1599/1599 1600/1600/1600 1601/1601/1601
f 1600/1600/1600 1602/1602/1602 1601/1601/1601
f 1601/1601/1601 1602/1602/1602 1603/1603/1603
f 1602/1602/1602 1604/1604/1604 1603/1603/1603
f 1603/1603/1603 1604/1604/1604 1605/1605/1605
f 1604/1604/1604 1606/1606/1606 1605/1605/1605
f 1605/1605/1605 1606/1606/1606 1607/1607/1607
f 1606/1606/1606 1608/1608/1608 1607/1607/1607
f 1607/1607/1607 1608/1608/1608 1609/1609/1609
f 1608/1608/1608 1610/1610/1610 1609/1609/1609
f 1609/1609/1609 1610/1610/1610 1611/1611/1611
f 1614/1614/1614 1613/1613/1613 1612/1612/1612
f 1615/1615/1615 1614/1614/1614 1612/1612/1612
f 1615/1615/1615 1612/1612/1612 1616/1616/1616
f 1614/1614/1614 1615/1615/1615 1617/1617/1617
f 1617/1617/1617 1615/1615/1615 1616/1616/1616
f 1618/1618/1618 1614/1614/1614 1617/1617/1617
f 1617/1617/1617 1616/1616/1616 1619/1619/1619
f 1618/1618/1618 1617/1617/1617 1620/1620/1620
f 1620/1620/1620 1617/1617/1617 1619/1619/1619
f 1621/1621/1621 1618/1618/1618 1620/1620/1620
f 1620/1620/1620 1619/1619/1619 1622/1622/1622
f 1621/1621/1621 1620/1620/1620 1623/1623/1623
f 1623/1623/1623 1620/1620/1620 1622/1622/1622
f 1624/1624/1624 1621/1621/1621 1623/1623/1623
f 1623/1623/1623 1622/1622/1622 1625/1625/1625
f 1624/1624/1624 1623/1623/1623 1626/1626/1626
f 1626/1626/1626 1623/1623/1623 1625/1625/1625
f 1627/1627/1627 1624/1624/1624 1626/1626/1626
f 1626/1626/1626 1625/1625/1625 1628/1628/1628
f 1627/1627/1627 1626/1626/1626 1629/1629/1629
f 1629/1629/1629 1626/1626/1626 1628/1628/1628
f 1630/1630/1630 1627/1627/1627 1629/1629/1629
f 1630/1630/1630 1629/1629/1629 1631/1631/1631
f 1632/1632/1632 1630/1630/1630 1631/1631/1631
f 1629/1629/1629 1628/1628/1628 1633/1633/1633
f 1631/1631/1631 1629/1629/1629 1633/1633/1633
f 1632/1632/1632 1631/1631/1631 1634/1634/1634
f 1635/1635/1635 1632/1632/1632 1634/1634/1634
f 1631/1631/1631 1633/1633/1633 1636/1636/1636
f 1634/1634/1634 1631/1631/1631 1636/1636/1636
f 1635/1635/1635 1634/1634/1634 1637/1637/1637
f 1638/1638/1638 1635/1635/1635 1637/1637/1637
f 1634/1634/1634 1636/1636/1636 1639/1639/1639
f 1637/1637/1637 1634/1634/1634 1639/1639/1639
f 1628/1628/1628 1640/1640/1640 1633/1633/1633
f 1640/1640/1640 1641/1641/1641 1633/1633/1633
f 1633/1633/1633 1641/1641/1641 1636/1636/1636
f 1642/1642/1642 1640/1640/1640 1628/1628/1628
f 1641/1641/1641 1643/1643/1643 1636/1636/1636
f 1636/1636/1636 1643/1643/1643 1639/1639/1639
f 1644/1644/1644 1642/1642/1642 1628/1628/1628
f 1645/1645/1645 1642/1642/1642 1644/1644/1644
f 1646/1646/1646 1645/1645/1645 1644/1644/1644
f 1647/1647/1647 1645/1645/1645 1646/1646/1646
f 1648/1648/1648 1647/1647/1647 1646/1646/1646
f 1649/1649/1649 1647/1647/1647 1648/1648/1648
f 1650/1650/1650 1649/1649/1649 1648/1648/1648
f 1651/1651/1651 1649/1649/1649 1650/1650/1650
f 1652/1652/1652 1651/1651/1651 1650/1650/1650
f 1653/1653/1653 1651/1651/1651 1652/1652/1652
f 1654/1654/1654 1653/1653/1653 1652/1652/1652
f 1643/1643/1643 1655/1655/1655 1639/1639/1639
f 1639/1639/1639 1655/1655/1655 1656/1656/1656
f 1637/1637/1637 1639/1639/1639 1656/1656/1656
f 1655/1655/1655 1657/1657/1657 1656/1656/1656
f 1658/1658/1658 1637/1637/1637 1656/1656/1656
f 1638/1638/1638 1637/1637/1637 1658/1658/1658
f 1656/1656/1656 1657/1657/1657 1659/1659/1659
f 1658/1658/1658 1656/1656/1656 1659/1659/1659
f 1657/1657/1657 1660/1660/1660 1659/1659/1659
f 1659/1659/1659 1660/1660/1660 1661/1661/1661
f 1660/1660/1660 1662/1662/1662 1661/1661/1661
f 1661/1661/1661 1662/1662/1662 1663/1663/1663
f 1662/1662/1662 1664/1664/1664 1663/1663/1663
f 1663/1663/1663 1664/1664/1664 1665/1665/1665
f 1664/1664/1664 1666/1666/1666 1665/1665/1665
f 1665/1665/1665 1666/1666/1666 1667/1667/1667
f 1666/1666/1666 1668/1668/1668 1667/1667/1667
f 1667/1667/1667 1668/1668/1668 1669/1669/1669
f 1670/1670/1670 1658/1658/1658 1659/1659/1659
f 1670/1670/1670 1659/1659/1659 1671/1671/1671
f 1672/1672/1672 1658/1658/1658 1670/1670/1670
f 1672/1672/1672 1638/1638/1638 1658/1658/1658
f 1673/1673/1673 1670/1670/1670 1671/1671/1671
f 1673/1673/1673 1671/1671/1671 1674/1674/1674
f 1675/1675/1675 1672/1672/1672 1670/1670/1670
f 1675/1675/1675 1670/1670/1670 1673/1673/1673
f 1676/1676/1676 1675/1675/1675 1673/1673/1673
f 1677/1677/1677 1673/1673/1673 1674/1674/1674
f 1676/1676/1676 1673/1673/1673 1677/1677/1677
f 1677/1677/1677 1674/1674/1674 1678/1678/1678
f 1679/1679/1679 1676/1676/1676 1677/1677/1677
f 1680/1680/1680 1677/1677/1677 1678/1678/1678
f 1679/1679/1679 1677/1677/1677 1680/1680/1680
f 1680/1680/1680 1678/1678/1678 1681/1681/1681
f 1682/1682/1682 1679/1679/1679 1680/1680/1680
f 1683/1683/1683 1680/1680/1680 1681/1681/1681
f 1682/1682/1682 1680/1680/1680 1683/1683/1683
f 1683/1683/1683 1681/1681/1681 1684/1684/1684
f 1685/1685/1685 1682/1682/1682 1683/1683/1683
f 1685/1685/1685 1683/1683/1683 1686/1686/1686
f 1672/1672/1672 1687/1687/1687 1638/1638/1638
f 1687/1687/1687 1688/1688/1688 1638/1638/1638
f 1689/1689/1689 1687/1687/1687 1672/1672/1672
f 1638/1638/1638 1688/1688/1688 1690/1690/1690
f 1691/1691/1691 1689/1689/1689 1672/1672/1672
f 1688/1688/1688 1692/1692/1692 1690/1690/1690
f 1693/1693/1693 1689/1689/1689 1691/1691/1691
f 1690/1690/1690 1692/1692/1692 1694/1694/1694
f 1695/1695/1695 1693/1693/1693 1691/1691/1691
f 1696/1696/1696 1693/1693/1693 1695/1695/1695
f 1697/1697/1697 1696/1696/1696 1695/1695/1695
f 1698/1698/1698 1696/1696/1696 1697/1697/1697
f 1699/1699/1699 1698/1698/1698 1697/1697/1697
f 1700/1700/1700 1698/1698/1698 1699/1699/1699
f 1701/1701/1701 1700/1700/1700 1699/1699/1699
f 1702/1702/1702 1700/1700/1700 1701/1701/1701
f 1692/1692/1692 1703/1703/1703 1694/1694/1694
f 1694/1694/1694 1703/1703/1703 1704/1704/1704
f 1703/1703/1703 1705/1705/1705 1704/1704/1704
f 1704/1704/1704 1705/1705/1705 1706/1706/1706
f 1705/1705/1705 1707/1707/1707 1706/1706/1706
f 1706/1706/1706 1707/1707/1707 1708/1708/1708
f 1707/1707/1707 1709/1709/1709 1708/1708/1708
f 1708/1708/1708 1709/1709/1709 1710/1710/1710
f 1709/1709/1709 1711/1711/1711 1710/1710/1710
f 1710/1710/1710 1711/1711/1711 1712/1712/1712
f 1711/1711/1711 1713/1713/1713 1712/1712/1712
f 1712/1712/1712 1713/1713/1713 1714/1714/1714
f 1713/1713/1713 1715/1715/1715 1714/1714/1714
f 1714/1714/1714 1715/1715/1715 1716/1716/1716
f 1715/1715/1715 1717/1717/1717 1716/1716/1716
f 1705/1705/1705 1703/1703/1703 1718/1718/1718
f 1707/1707/1707 1705/1705/1705 1719/1719/1719
f 1719/1719/1719 1705/1705/1705 1718/1718/1718
f 1709/1709/1709 1707/1707/1707 1720/1720/1720
f 1720/1720/1720 1707/1707/1707 1719/1719/1719
f 1711/1711/1711 1709/1709/1709 1721/1721/1721
f 1721/1721/1721 1709/1709/1709 1720/1720/1720
f 1713/1713/1713 1711/1711/1711 1722/1722/1722
f 1722/1722/1722 1711/1711/1711 1721/1721/1721
f 1715/1715/1715 1713/1713/1713 1723/1723/1723
f 1723/1723/1723 1713/1713/1713 1722/1722/1722
f 1718/1718/1718 1703/1703/1703 1724/1724/1724
f 1703/1703/1703 1725/1725/1725 1724/1724/1724
f 1724/1724/1724 1725/1725/1725 1726/1726/1726
f 1725/1725/1725 1727/1727/1727 1726/1726/1726
f 1726/1726/1726 1727/1727/1727 1728/1728/1728
f 1727/1727/1727 1729/1729/1729 1728/1728/1728
f 1728/1728/1728 1729/1729/1729 1730/1730/1730
f 1729/1729/1729 1731/1731/1731 1730/1730/1730
f 1730/1730/1730 1731/1731/1731 1732/1732/1732
f 1731/1731/1731 1733/1733/1733 1732/1732/1732
f 1732/1732/1732 1733/1733/1733 1734/1734/1734
f 1733/1733/1733 1735/1735/1735 1734/1734/1734
f 1734/1734/1734 1735/1735/1735 1736/1736/1736
f 1735/1735/1735 1737/1737/1737 1736/1736/1736
f 1736/1736/1736 1737/1737/1737 1738/1738/1738
f 1737/1737/1737 1739/1739/1739 1738/1738/1738
f 1738/1738/1738 1739/1739/1739 1740/1740/1740
f 1736/1736/1736 1738/1738/1738 1741/1741/1741
f 1741/1741/1741 1738/1738/1738 1742/1742/1742
f 1743/1743/1743 1736/1736/1736 1741/1741/1741
f 1734/1734/1734 1736/1736/1736 1743/1743/1743
f 1744/1744/1744 1734/1734/1734 1743/1743/1743
f 1732/1732/1732 1734/1734/1734 1744/1744/1744
f 1745/1745/1745 1732/1732/1732 1744/1744/1744
f 1730/1730/1730 1732/1732/1732 1745/1745/1745
f 1746/1746/1746 1730/1730/1730 1745/1745/1745
f 1728/1728/1728 1730/1730/1730 1746/1746/1746
f 1747/1747/1747 1728/1728/1728 1746/1746/1746
f 1726/1726/1726 1728/1728/1728 1747/1747/1747
f 1748/1748/1748 1726/1726/1726 1747/1747/1747
f 1724/1724/1724 1726/1726/1726 1748/1748/1748
f 1749/1749/1749 1724/1724/1724 1748/1748/1748
f 1718/1718/1718 1724/1724/1724 1749/1749/1749
f 1750/1750/1750 1718/1718/1718 1749/1749/1749
f 1719/1719/1719 1718/1718/1718 1750/1750/1750
f 1751/1751/1751 1719/1719/1719 1750/1750/1750
f 1720/1720/1720 1719/1719/1719 1751/1751/1751
f 1752/1752/1752 1720/1720/1720 1751/1751/1751
f 1721/1721/1721 1720/1720/1720 1752/1752/1752
f 1753/1753/1753 1721/1721/1721 1752/1752/1752
f 1722/1722/1722 1721/1721/1721 1753/1753/1753
f 1754/1754/1754 1722/1722/1722 1753/1753/1753
f 1723/1723/1723 1722/1722/1722 1754/1754/1754
f 1755/1755/1755 1723/1723/1723 1754/1754/1754
f 1756/1756/1756 1723/1723/1723 1755/1755/1755
f 1757/1757/1757 1756/1756/1756 1755/1755/1755
f 1756/1756/1756 1715/1715/1715 1723/1723/1723
f 1715/1715/1715 1756/1756/1756 1757/1757/1757
f 1758/1758/1758 1715/1715/1715 1757/1757/1757
f 1761/1761/1761 1760/1760/1760 1759/1759/1759
f 1761/1761/1761 1762/1762/1762 1760/1760/1760
f 1762/1762/1762 1763/1763/1763 1760/1760/1760
f 1762/1762/1762 1764/1764/1764 1763/1763/1763
f 1764/1764/1764 1765/1765/1765 1763/1763/1763
f 1764/1764/1764 1766/1766/1766 1765/1765/1765
f 1766/1766/1766 1767/1767/1767 1765/1765/1765
f 1766/1766/1766 1768/1768/1768 1767/1767/1767
f 1768/1768/1768 1769/1769/1769 1767/1767/1767
f 1768/1768/1768 1770/1770/1770 1769/1769/1769
f 1770/1770/1770 1771/1771/1771 1769/1769/1769
f 1770/1770/1770 1772/1772/1772 1771/1771/1771
f 1772/1772/1772 1773/1773/1773 1771/1771/1771
f 1772/1772/1772 1774/1774/1774 1773/1773/1773
f 1774/1774/1774 1775/1775/1775 1773/1773/1773
f 1774/1774/1774 1776/1776/1776 1775/1775/1775
f 1776/1776/1776 1777/1777/1777 1775/1775/1775
f 1776/1776/1776 1778/1778/1778 1777/1777/1777
f 1778/1778/1778 1779/1779/1779 1777/1777/1777
f 1778/1778/1778 1780/1780/1780 1779/1779/1779
f 1780/1780/1780 1781/1781/1781 1779/1779/1779
f 1780/1780/1780 1782/1782/1782 1781/1781/1781
f 1782/1782/1782 1783/1783/1783 1781/1781/1781
f 1782/1782/1782 1784/1784/1784 1783/1783/1783
f 1784/1784/1784 1785/1785/1785 1783/1783/1783
f 1784/1784/1784 1786/1786/1786 1785/1785/1785
f 1786/1786/1786 1787/1787/1787 1785/1785/1785
f 1786/1786/1786 1788/1788/1788 1787/1787/1787
f 1788/1788/1788 1789/1789/1789 1787/1787/1787
f 1788/1788/1788 1790/1790/1790 1789/1789/1789
f 1790/1790/1790 1788/1788/1788 1786/1786/1786
f 1790/1790/1790 1791/1791/1791 1789/1789/1789
f 1792/1792/1792 1790/1790/1790 1786/1786/1786
f 1792/1792/1792 1786/1786/1786 1784/1784/1784
f 1793/1793/1793 1792/1792/1792 1784/1784/1784
f 1793/1793/1793 1784/1784/1784 1782/1782/1782
f 1794/1794/1794 1793/1793/1793 1782/1782/1782
f 1794/1794/1794 1782/1782/1782 1780/1780/1780
f 1795/1795/1795 1794/1794/1794 1780/1780/1780
f 1795/1795/1795 1780/1780/1780 1778/1778/1778
f 1796/1796/1796 1795/1795/1795 1778/1778/1778
f 1796/1796/1796 1778/1778/1778 1776/1776/1776
f 1797/1797/1797 1796/1796/1796 1776/1776/1776
f 1797/1797/1797 1776/1776/1776 1774/1774/1774
f 1798/1798/1798 1797/1797/1797 1774/1774/1774
f 1798/1798/1798 1774/1774/1774 1772/1772/1772
f 1799/1799/1799 1798/1798/1798 1772/1772/1772
f 1799/1799/1799 1772/1772/1772 1770/1770/1770
f 1800/1800/1800 1799/1799/1799 1770/1770/1770
f 1800/1800/1800 1770/1770/1770 1768/1768/1768
f 1801/1801/1801 1800/1800/1800 1768/1768/1768
f 1801/1801/1801 1768/1768/1768 1766/1766/1766
f 1802/1802/1802 1801/1801/1801 1766/1766/1766
f 1802/1802/1802 1766/1766/1766 1764/1764/1764
f 1803/1803/1803 1802/1802/1802 1764/1764/1764
f 1803/1803/1803 1764/1764/1764 1762/1762/1762
f 1804/1804/1804 1803/1803/1803 1762/1762/1762
f 1804/1804/1804 1762/1762/1762 1761/1761/1761
f 1805/1805/1805 1804/1804/1804 1761/1761/1761
f 1805/1805/1805 1761/1761/1761 1806/1806/1806
f 1809/1809/1809 1808/1808/1808 1807/1807/1807
f 1810/1810/1810 1808/1808/1808 1809/1809/1809
f 1811/1811/1811 1810/1810/1810 1809/1809/1809
f 1812/1812/1812 1810/1810/1810 1811/1811/1811
f 1811/1811/1811 1809/1809/1809 1813/1813/1813
f 1813/1813/1813 1809/1809/1809 1814/1814/1814
f 1815/1815/1815 1813/1813/1813 1814/1814/1814
f 1816/1816/1816 1813/1813/1813 1815/1815/1815
f 1817/1817/1817 1816/1816/1816 1815/1815/1815
f 1818/1818/1818 1816/1816/1816 1817/1817/1817
f 1819/1819/1819 1818/1818/1818 1817/1817/1817
f 1820/1820/1820 1818/1818/1818 1819/1819/1819
f 1821/1821/1821 1820/1820/1820 1819/1819/1819
f 1822/1822/1822 1820/1820/1820 1821/1821/1821
f 1823/1823/1823 1822/1822/1822 1821/1821/1821
f 1824/1824/1824 1822/1822/1822 1823/1823/1823
f 1825/1825/1825 1824/1824/1824 1823/1823/1823
f 1826/1826/1826 1824/1824/1824 1825/1825/1825
f 1827/1827/1827 1826/1826/1826 1825/1825/1825
f 1828/1828/1828 1826/1826/1826 1827/1827/1827
f 1829/1829/1829 1828/1828/1828 1827/1827/1827
f 1830/1830/1830 1828/1828/1828 1829/1829/1829
f 1831/1831/1831 1830/1830/1830 1829/1829/1829
f 1832/1832/1832 1830/1830/1830 1831/1831/1831
f 1833/1833/1833 1832/1832/1832 1831/1831/1831
f 1834/1834/1834 1832/1832/1832 1833/1833/1833
f 1835/1835/1835 1834/1834/1834 1833/1833/1833
f 1836/1836/1836 1834/1834/1834 1835/1835/1835
f 1837/1837/1837 1836/1836/1836 1835/1835/1835
f 1838/1838/1838 1836/1836/1836 1837/1837/1837
f 1839/1839/1839 1838/1838/1838 1837/1837/1837
f 1840/1840/1840 1838/1838/1838 1839/1839/1839
f 1841/1841/1841 1840/1840/1840 1839/1839/1839
f 1842/1842/1842 1840/1840/1840 1841/1841/1841
f 1843/1843/1843 1842/1842/1842 1841/1841/1841
f 1844/1844/1844 1842/1842/1842 1843/1843/1843
f 1845/1845/1845 1844/1844/1844 1843/1843/1843
f 1848/1848/1848 1847/1847/1847 1846/1846/1846
f 1846/1846/1846 1847/1847/1847 1849/1849/1849
f 1847/1847/1847 1850/1850/1850 1849/1849/1849
f 1849/1849/1849 1850/1850/1850 1851/1851/1851
f 1850/1850/1850 1852/1852/1852 1851/1851/1851
f 1851/1851/1851 1852/1852/1852 1853/1853/1853
f 1852/1852/1852 1854/1854/1854 1853/1853/1853
f 1853/1853/1853 1854/1854/1854 1855/1855/1855
f 1854/1854/1854 1856/1856/1856 1855/1855/1855
f 1855/1855/1855 1856/1856/1856 1857/1857/1857
f 1856/1856/1856 1858/1858/1858 1857/1857/1857
f 1857/1857/1857 1858/1858/1858 1859/1859/1859
f 1858/1858/1858 1860/1860/1860 1859/1859/1859
f 1859/1859/1859 1860/1860/1860 1861/1861/1861
f 1860/1860/1860 1862/1862/1862 1861/1861/1861
f 1861/1861/1861 1862/1862/1862 1863/1863/1863
f 1862/1862/1862 1864/1864/1864 1863/1863/1863
f 1863/1863/1863 1864/1864/1864 1865/1865/1865
f 1864/1864/1864 1866/1866/1866 1865/1865/1865
f 1865/1865/1865 1866/1866/1866 1867/1867/1867
f 1866/1866/1866 1868/1868/1868 1867/1867/1867
f 1867/1867/1867 1868/1868/1868 1869/1869/1869
f 1868/1868/1868 1870/1870/1870 1869/1869/1869
f 1869/1869/1869 1870/1870/1870 1871/1871/1871
f 1870/1870/1870 1872/1872/1872 1871/1871/1871
f 1871/1871/1871 1872/1872/1872 1873/1873/1873
f 1872/1872/1872 1874/1874/1874 1873/1873/1873
f 1873/1873/1873 1874/1874/1874 1875/1875/1875
f 1874/1874/1874 1876/1876/1876 1875/1875/1875
f 1875/1875/1875 1876/1876/1876 1877/1877/1877
f 1876/1876/1876 1878/1878/1878 1877/1877/1877
f 1868/1868/1868 1866/1866/1866 1879/1879/1879
f 1870/1870/1870 1868/1868/1868 1880/1880/1880
f 1880/1880/1880 1868/1868/1868 1879/1879/1879
f 1872/1872/1872 1870/1870/1870 1881/1881/1881
f 1881/1881/1881 1870/1870/1870 1880/1880/1880
f 1879/1879/1879 1866/1866/1866 1882/1882/1882
f 1866/1866/1866 1883/1883/1883 1882/1882/1882
f 1884/1884/1884 1872/1872/1872 1881/1881/1881
f 1885/1885/1885 1872/1872/1872 1884/1884/1884
f 1882/1882/1882 1883/1883/1883 1886/1886/1886
f 1883/1883/1883 1887/1887/1887 1886/1886/1886
f 1888/1888/1888 1885/1885/1885 1884/1884/1884
f 1889/1889/1889 1885/1885/1885 1888/1888/1888
f 1886/1886/1886 1887/1887/1887 1890/1890/1890
f 1887/1887/1887 1891/1891/1891 1890/1890/1890
f 1890/1890/1890 1891/1891/1891 1892/1892/1892
f 1891/1891/1891 1893/1893/1893 1892/1892/1892
f 1892/1892/1892 1893/1893/1893 1894/1894/1894
f 1893/1893/1893 1895/1895/1895 1894/1894/1894
f 1894/1894/1894 1895/1895/1895 1896/1896/1896
f 1895/1895/1895 1897/1897/1897 1896/1896/1896
f 1896/1896/1896 1897/1897/1897 1898/1898/1898
f 1897/1897/1897 1812/1812/1812 1898/1898/1898
f 1898/1898/1898 1812/1812/1812 1811/1811/1811
f 1898/1898/1898 1811/1811/1811 1899/1899/1899
f 1899/1899/1899 1811/1811/1811 1813/1813/1813
f 1900/1900/1900 1898/1898/1898 1899/1899/1899
f 1896/1896/1896 1898/1898/1898 1900/1900/1900
f 1901/1901/1901 1896/1896/1896 1900/1900/1900
f 1894/1894/1894 1896/1896/1896 1901/1901/1901
f 1902/1902/1902 1894/1894/1894 1901/1901/1901
f 1892/1892/1892 1894/1894/1894 1902/1902/1902
f 1903/1903/1903 1892/1892/1892 1902/1902/1902
f 1890/1890/1890 1892/1892/1892 1903/1903/1903
f 1904/1904/1904 1890/1890/1890 1903/1903/1903
f 1886/1886/1886 1890/1890/1890 1904/1904/1904
f 1905/1905/1905 1886/1886/1886 1904/1904/1904
f 1882/1882/1882 1886/1886/1886 1905/1905/1905
f 1906/1906/1906 1882/1882/1882 1905/1905/1905
f 1879/1879/1879 1882/1882/1882 1906/1906/1906
f 1907/1907/1907 1879/1879/1879 1906/1906/1906
f 1880/1880/1880 1879/1879/1879 1907/1907/1907
f 1908/1908/1908 1880/1880/1880 1907/1907/1907
f 1881/1881/1881 1880/1880/1880 1908/1908/1908
f 1909/1909/1909 1881/1881/1881 1908/1908/1908
f 1884/1884/1884 1881/1881/1881 1909/1909/1909
f 1910/1910/1910 1884/1884/1884 1909/1909/1909
f 1888/1888/1888 1884/1884/1884 1910/1910/1910
f 1911/1911/1911 1888/1888/1888 1910/1910/1910
f 1912/1912/1912 1888/1888/1888 1911/1911/1911
f 1913/1913/1913 1912/1912/1912 1911/1911/1911
f 1912/1912/1912 1889/1889/1889 1888/1888/1888
f 1889/1889/1889 1912/1912/1912 1913/1913/1913
f 1914/1914/1914 1889/1889/1889 1913/1913/1913
f 1917/1917/1917 1916/1916/1916 1915/1915/1915
f 1918/1918/1918 1916/1916/1916 1917/1917/1917
f 1919/1919/1919 1918/1918/1918 1917/1917/1917
f 1920/1920/1920 1918/1918/1918 1919/1919/1919
f 1919/1919/1919 1917/1917/1917 1921/1921/1921
f 1921/1921/1921 1917/1917/1917 1922/1922/1922
f 1922/1922/1922 1923/1923/1923 1921/1921/1921
f 1921/1921/1921 1923/1923/1923 1924/1924/1924
f 1923/1923/1923 1925/1925/1925 1924/1924/1924
f 1924/1924/1924 1925/1925/1925 1926/1926/1926
f 1925/1925/1925 1927/1927/1927 1926/1926/1926
f 1926/1926/1926 1927/1927/1927 1928/1928/1928
f 1927/1927/1927 1929/1929/1929 1928/1928/1928
f 1928/1928/1928 1929/1929/1929 1930/1930/1930
f 1929/1929/1929 1931/1931/1931 1930/1930/1930
f 1930/1930/1930 1931/1931/1931 1932/1932/1932
f 1931/1931/1931 1933/1933/1933 1932/1932/1932
f 1932/1932/1932 1933/1933/1933 1934/1934/1934
f 1933/1933/1933 1935/1935/1935 1934/1934/1934
f 1934/1934/1934 1935/1935/1935 1936/1936/1936
f 1935/1935/1935 1937/1937/1937 1936/1936/1936
f 1936/1936/1936 1937/1937/1937 1938/1938/1938
f 1937/1937/1937 1939/1939/1939 1938/1938/1938
f 1938/1938/1938 1939/1939/1939 1940/1940/1940
f 1939/1939/1939 1941/1941/1941 1940/1940/1940
f 1940/1940/1940 1941/1941/1941 1942/1942/1942
f 1941/1941/1941 1943/1943/1943 1942/1942/1942
f 1942/1942/1942 1943/1943/1943 1944/1944/1944
f 1943/1943/1943 1945/1945/1945 1944/1944/1944
f 1944/1944/1944 1945/1945/1945 1946/1946/1946
f 1945/1945/1945 1947/1947/1947 1946/1946/1946
f 1946/1946/1946 1947/1947/1947 1948/1948/1948
f 1947/1947/1947 1949/1949/1949 1948/1948/1948
f 1948/1948/1948 1949/1949/1949 1950/1950/1950
f 1949/1949/1949 1951/1951/1951 1950/1950/1950
f 1954/1954/1954 1953/1953/1953 1952/1952/1952
f 1953/1953/1953 1955/1955/1955 1952/1952/1952
f 1952/1952/1952 1955/1955/1955 1956/1956/1956
f 1955/1955/1955 1953/1953/1953 1957/1957/1957
f 1955/1955/1955 1957/1957/1957 1956/1956/1956
f 1953/1953/1953 1958/1958/1958 1957/1957/1957
f 1956/1956/1956 1957/1957/1957 1959/1959/1959
f 1957/1957/1957 1958/1958/1958 1960/1960/1960
f 1957/1957/1957 1960/1960/1960 1959/1959/1959
f 1958/1958/1958 1961/1961/1961 1960/1960/1960
f 1959/1959/1959 1960/1960/1960 1962/1962/1962
f 1960/1960/1960 1961/1961/1961 1963/1963/1963
f 1960/1960/1960 1963/1963/1963 1962/1962/1962
f 1961/1961/1961 1964/1964/1964 1963/1963/1963
f 1962/1962/1962 1963/1963/1963 1965/1965/1965
f 1963/1963/1963 1964/1964/1964 1966/1966/1966
f 1963/1963/1963 1966/1966/1966 1965/1965/1965
f 1964/1964/1964 1967/1967/1967 1966/1966/1966
f 1965/1965/1965 1966/1966/1966 1968/1968/1968
f 1966/1966/1966 1967/1967/1967 1969/1969/1969
f 1966/1966/1966 1969/1969/1969 1968/1968/1968
f 1967/1967/1967 1970/1970/1970 1969/1969/1969
f 1968/1968/1968 1969/1969/1969 1971/1971/1971
f 1969/1969/1969 1970/1970/1970 1972/1972/1972
f 1969/1969/1969 1972/1972/1972 1971/1971/1971
f 1970/1970/1970 1973/1973/1973 1972/1972/1972
f 1971/1971/1971 1972/1972/1972 1974/1974/1974
f 1972/1972/1972 1973/1973/1973 1975/1975/1975
f 1972/1972/1972 1975/1975/1975 1974/1974/1974
f 1973/1973/1973 1976/1976/1976 1975/1975/1975
f 1974/1974/1974 1975/1975/1975 1977/1977/1977
f 1975/1975/1975 1976/1976/1976 1978/1978/1978
f 1975/1975/1975 1978/1978/1978 1977/1977/1977
f 1976/1976/1976 1979/1979/1979 1978/1978/1978
f 1977/1977/1977 1978/1978/1978 1980/1980/1980
f 1978/1978/1978 1979/1979/1979 1981/1981/1981
f 1978/1978/1978 1981/1981/1981 1980/1980/1980
f 1979/1979/1979 1982/1982/1982 1981/1981/1981
f 1980/1980/1980 1981/1981/1981 1983/1983/1983
f 1981/1981/1981 1982/1982/1982 1984/1984/1984
f 1981/1981/1981 1984/1984/1984 1983/1983/1983
f 1983/1983/1983 1984/1984/1984 1985/1985/1985
f 1982/1982/1982 1986/1986/1986 1984/1984/1984
f 1984/1984/1984 1987/1987/1987 1985/1985/1985
f 1984/1984/1984 1986/1986/1986 1987/1987/1987
f 1985/1985/1985 1987/1987/1987 1988/1988/1988
f 1987/1987/1987 1919/1919/1919 1988/1988/1988
f 1988/1988/1988 1919/1919/1919 1921/1921/1921
f 1987/1987/1987 1920/1920/1920 1919/1919/1919
f 1986/1986/1986 1920/1920/1920 1987/1987/1987
f 1986/1986/1986 1989/1989/1989 1920/1920/1920
f 1989/1989/1989 1990/1990/1990 1920/1920/1920
f 1991/1991/1991 1989/1989/1989 1986/1986/1986
f 1920/1920/1920 1990/1990/1990 1992/1992/1992
f 1993/1993/1993 1991/1991/1991 1986/1986/1986
f 1990/1990/1990 1994/1994/1994 1992/1992/1992
f 1995/1995/1995 1991/1991/1991 1993/1993/1993
f 1992/1992/1992 1994/1994/1994 1916/1916/1916
f 1994/1994/1994 1996/1996/1996 1916/1916/1916
f 1916/1916/1916 1996/1996/1996 1997/1997/1997
f 1998/1998/1998 1995/1995/1995 1993/1993/1993
f 1999/1999/1999 1995/1995/1995 1998/1998/1998
f 2000/2000/2000 1999/1999/1999 1998/1998/1998
f 2001/2001/2001 1999/1999/1999 2000/2000/2000
f 2002/2002/2002 2001/2001/2001 2000/2000/2000
f 2003/2003/2003 2001/2001/2001 2002/2002/2002
f 2004/2004/2004 2003/2003/2003 2002/2002/2002
f 2005/2005/2005 2003/2003/2003 2004/2004/2004
f 2006/2006/2006 2005/2005/2005 2004/2004/2004
f 2007/2007/2007 2005/2005/2005 2006/2006/2006
f 2008/2008/2008 2007/2007/2007 2006/2006/2006
f 2009/2009/2009 2007/2007/2007 2008/2008/2008
f 2010/2010/2010 2009/2009/2009 2008/2008/2008
f 2011/2011/2011 2009/2009/2009 2010/2010/2010
f 2012/2012/2012 2011/2011/2011 2010/2010/2010
f 2013/2013/2013 2011/2011/2011 2012/2012/2012
f 2014/2014/2014 2013/2013/2013 2012/2012/2012
f 2015/2015/2015 2013/2013/2013 2014/2014/2014
f 2016/2016/2016 2015/2015/2015 2014/2014/2014
f 2019/2019/2019 2018/2018/2018 2017/2017/2017
f 2020/2020/2020 2019/2019/2019 2017/2017/2017
f 2020/2020/2020 2017/2017/2017 2021/2021/2021
f 2019/2019/2019 2020/2020/2020 2022/2022/2022
f 2022/2022/2022 2020/2020/2020 2021/2021/2021
f 2023/2023/2023 2019/2019/2019 2022/2022/2022
f 2022/2022/2022 2021/2021/2021 2024/2024/2024
f 2023/2023/2023 2022/2022/2022 2025/2025/2025
f 2025/2025/2025 2022/2022/2022 2024/2024/2024
f 2026/2026/2026 2023/2023/2023 2025/2025/2025
f 2025/2025/2025 2024/2024/2024 2027/2027/2027
f 2026/2026/2026 2025/2025/2025 2028/2028/2028
f 2028/2028/2028 2025/2025/2025 2027/2027/2027
f 2029/2029/2029 2026/2026/2026 2028/2028/2028
f 2028/2028/2028 2027/2027/2027 2030/2030/2030
f 2029/2029/2029 2028/2028/2028 2031/2031/2031
f 2031/2031/2031 2028/2028/2028 2030/2030/2030
f 2032/2032/2032 2029/2029/2029 2031/2031/2031
f 2031/2031/2031 2030/2030/2030 2033/2033/2033
f 2032/2032/2032 2031/2031/2031 2034/2034/2034
f 2034/2034/2034 2031/2031/2031 2033/2033/2033
f 2035/2035/2035 2032/2032/2032 2034/2034/2034
f 2034/2034/2034 2033/2033/2033 2036/2036/2036
f 2035/2035/2035 2034/2034/2034 2037/2037/2037
f 2037/2037/2037 2034/2034/2034 2036/2036/2036
f 2038/2038/2038 2035/2035/2035 2037/2037/2037
f 2037/2037/2037 2036/2036/2036 2039/2039/2039
f 2038/2038/2038 2037/2037/2037 2040/2040/2040
f 2040/2040/2040 2037/2037/2037 2039/2039/2039
f 2041/2041/2041 2038/2038/2038 2040/2040/2040
f 2040/2040/2040 2039/2039/2039 2042/2042/2042
f 2041/2041/2041 2040/2040/2040 2043/2043/2043
f 2043/2043/2043 2040/2040/2040 2042/2042/2042
f 2044/2044/2044 2041/2041/2041 2043/2043/2043
f 2043/2043/2043 2042/2042/2042 2045/2045/2045
f 2044/2044/2044 2043/2043/2043 2046/2046/2046
f 2046/2046/2046 2043/2043/2043 2045/2045/2045
f 2047/2047/2047 2044/2044/2044 2046/2046/2046
f 2046/2046/2046 2045/2045/2045 2048/2048/2048
f 2047/2047/2047 2046/2046/2046 2049/2049/2049
f 2049/2049/2049 2046/2046/2046 2048/2048/2048
f 2050/2050/2050 2047/2047/2047 2049/2049/2049
f 2049/2049/2049 2048/2048/2048 2051/2051/2051
f 2050/2050/2050 2049/2049/2049 2052/2052/2052
f 2052/2052/2052 2049/2049/2049 2051/2051/2051
f 2053/2053/2053 2050/2050/2050 2052/2052/2052
f 2052/2052/2052 2051/2051/2051 2054/2054/2054
f 2053/2053/2053 2052/2052/2052 2055/2055/2055
f 2055/2055/2055 2052/2052/2052 2054/2054/2054
f 2056/2056/2056 2053/2053/2053 2055/2055/2055
f 2055/2055/2055 2054/2054/2054 2057/2057/2057
f 2056/2056/2056 2055/2055/2055 2058/2058/2058
f 2058/2058/2058 2055/2055/2055 2057/2057/2057
f 2058/2058/2058 2057/2057/2057 2059/2059/2059
f 2060/2060/2060 2056/2056/2056 2058/2058/2058
f 2060/2060/2060 2058/2058/2058 2061/2061/2061
f 2064/2064/2064 2063/2063/2063 2062/2062/2062
f 2065/2065/2065 2064/2064/2064 2062/2062/2062
f 2066/2066/2066 2064/2064/2064 2065/2065/2065
f 2067/2067/2067 2066/2066/2066 2065/2065/2065
f 2068/2068/2068 2066/2066/2066 2067/2067/2067
f 2069/2069/2069 2068/2068/2068 2067/2067/2067
f 2070/2070/2070 2068/2068/2068 2069/2069/2069
f 2071/2071/2071 2070/2070/2070 2069/2069/2069
f 2072/2072/2072 2070/2070/2070 2071/2071/2071
f 2073/2073/2073 2072/2072/2072 2071/2071/2071
f 2074/2074/2074 2072/2072/2072 2073/2073/2073
f 2075/2075/2075 2074/2074/2074 2073/2073/2073
f 2076/2076/2076 2074/2074/2074 2075/2075/2075
f 2077/2077/2077 2076/2076/2076 2075/2075/2075
f 2078/2078/2078 2076/2076/2076 2077/2077/2077
f 2079/2079/2079 2078/2078/2078 2077/2077/2077
f 2080/2080/2080 2078/2078/2078 2079/2079/2079
f 2081/2081/2081 2080/2080/2080 2079/2079/2079
f 2082/2082/2082 2080/2080/2080 2081/2081/2081
f 2083/2083/2083 2082/2082/2082 2081/2081/2081
f 2084/2084/2084 2082/2082/2082 2083/2083/2083
f 2085/2085/2085 2084/2084/2084 2083/2083/2083
f 2086/2086/2086 2084/2084/2084 2085/2085/2085
f 2087/2087/2087 2086/2086/2086 2085/2085/2085
f 2088/2088/2088 2086/2086/2086 2087/2087/2087
f 2089/2089/2089 2088/2088/2088 2087/2087/2087
f 2090/2090/2090 2088/2088/2088 2089/2089/2089
f 2091/2091/2091 2090/2090/2090 2089/2089/2089
f 2092/2092/2092 2090/2090/2090 2091/2091/2091
f 2091/2091/2091 2093/2093/2093 2092/2092/2092
f 2094/2094/2094 2093/2093/2093 2091/2091/2091
f 2095/2095/2095 2094/2094/2094 2091/2091/2091
f 2096/2096/2096 2094/2094/2094 2095/2095/2095
f 2097/2097/2097 2096/2096/2096 2095/2095/2095
f 2098/2098/2098 2096/2096/2096 2097/2097/2097
f 2099/2099/2099 2098/2098/2098 2097/2097/2097
f 2100/2100/2100 2098/2098/2098 2099/2099/2099
f 2101/2101/2101 2100/2100/2100 2099/2099/2099
f 2102/2102/2102 2100/2100/2100 2101/2101/2101
f 2103/2103/2103 2102/2102/2102 2101/2101/2101
f 2104/2104/2104 2102/2102/2102 2103/2103/2103
f 2105/2105/2105 2104/2104/2104 2103/2103/2103
f 2106/2106/2106 2104/2104/2104 2105/2105/2105
f 2107/2107/2107 2106/2106/2106 2105/2105/2105
f 2108/2108/2108 2106/2106/2106 2107/2107/2107
f 2109/2109/2109 2108/2108/2108 2107/2107/2107
f 2110/2110/2110 2108/2108/2108 2109/2109/2109
f 2111/2111/2111 2110/2110/2110 2109/2109/2109
f 2112/2112/2112 2110/2110/2110 2111/2111/2111
f 2113/2113/2113 2112/2112/2112 2111/2111/2111
f 2114/2114/2114 2112/2112/2112 2113/2113/2113
f 2115/2115/2115 2114/2114/2114 2113/2113/2113
f 2116/2116/2116 2114/2114/2114 2115/2115/2115
f 2117/2117/2117 2116/2116/2116 2115/2115/2115
f 2118/2118/2118 2116/2116/2116 2117/2117/2117
f 2119/2119/2119 2118/2118/2118 2117/2117/2117
f 2120/2120/2120 2118/2118/2118 2119/2119/2119
f 2118/2118/2118 2120/2120/2120 2116/2116/2116
f 2121/2121/2121 2120/2120/2120 2119/2119/2119
f 2121/2121/2121 2122/2122/2122 2120/2120/2120
f 2122/2122/2122 2123/2123/2123 2120/2120/2120
f 2120/2120/2120 2124/2124/2124 2116/2116/2116
f 2116/2116/2116 2124/2124/2124 2114/2114/2114
f 2120/2120/2120 2123/2123/2123 2125/2125/2125
f 2124/2124/2124 2126/2126/2126 2114/2114/2114
f 2114/2114/2114 2126/2126/2126 2112/2112/2112
f 2123/2123/2123 2127/2127/2127 2125/2125/2125
f 2126/2126/2126 2128/2128/2128 2112/2112/2112
f 2125/2125/2125 2127/2127/2127 2129/2129/2129
f 2112/2112/2112 2128/2128/2128 2110/2110/2110
f 2127/2127/2127 2130/2130/2130 2129/2129/2129
f 2128/2128/2128 2131/2131/2131 2110/2110/2110
f 2129/2129/2129 2130/2130/2130 2132/2132/2132
f 2110/2110/2110 2131/2131/2131 2108/2108/2108
f 2130/2130/2130 2133/2133/2133 2132/2132/2132
f 2131/2131/2131 2134/2134/2134 2108/2108/2108
f 2132/2132/2132 2133/2133/2133 2135/2135/2135
f 2108/2108/2108 2134/2134/2134 2106/2106/2106
f 2133/2133/2133 2136/2136/2136 2135/2135/2135
f 2134/2134/2134 2137/2137/2137 2106/2106/2106
f 2135/2135/2135 2136/2136/2136 2138/2138/2138
f 2106/2106/2106 2137/2137/2137 2104/2104/2104
f 2136/2136/2136 2139/2139/2139 2138/2138/2138
f 2137/2137/2137 2140/2140/2140 2104/2104/2104
f 2138/2138/2138 2139/2139/2139 2141/2141/2141
f 2104/2104/2104 2140/2140/2140 2102/2102/2102
f 2139/2139/2139 2142/2142/2142 2141/2141/2141
f 2140/2140/2140 2143/2143/2143 2102/2102/2102
f 2141/2141/2141 2142/2142/2142 2144/2144/2144
f 2102/2102/2102 2143/2143/2143 2100/2100/2100
f 2142/2142/2142 2145/2145/2145 2144/2144/2144
f 2143/2143/2143 2146/2146/2146 2100/2100/2100
f 2144/2144/2144 2145/2145/2145 2147/2147/2147
f 2100/2100/2100 2146/2146/2146 2098/2098/2098
f 2145/2145/2145 2148/2148/2148 2147/2147/2147
f 2146/2146/2146 2149/2149/2149 2098/2098/2098
f 2147/2147/2147 2148/2148/2148 2150/2150/2150
f 2098/2098/2098 2149/2149/2149 2096/2096/2096
f 2148/2148/2148 2151/2151/2151 2150/2150/2150
f 2149/2149/2149 2152/2152/2152 2096/2096/2096
f 2150/2150/2150 2151/2151/2151 2153/2153/2153
f 2096/2096/2096 2152/2152/2152 2094/2094/2094
f 2151/2151/2151 2154/2154/2154 2153/2153/2153
f 2152/2152/2152 2155/2155/2155 2094/2094/2094
f 2153/2153/2153 2154/2154/2154 2156/2156/2156
f 2094/2094/2094 2155/2155/2155 2093/2093/2093
f 2155/2155/2155 2157/2157/2157 2093/2093/2093
f 2093/2093/2093 2157/2157/2157 2158/2158/2158
f 2154/2154/2154 2159/2159/2159 2156/2156/2156
f 2156/2156/2156 2159/2159/2159 2160/2160/2160
f 2159/2159/2159 2161/2161/2161 2160/2160/2160
f 2160/2160/2160 2161/2161/2161 2162/2162/2162
f 2161/2161/2161 2163/2163/2163 2162/2162/2162
f 2162/2162/2162 2163/2163/2163 2164/2164/2164
f 2167/2167/2167 2166/2166/2166 2165/2165/2165
f 2168/2168/2168 2167/2167/2167 2165/2165/2165
f 2168/2168/2168 2165/2165/2165 2169/2169/2169
f 2167/2167/2167 2168/2168/2168 2170/2170/2170
f 2170/2170/2170 2168/2168/2168 2169/2169/2169
f 2171/2171/2171 2167/2167/2167 2170/2170/2170
f 2170/2170/2170 2169/2169/2169 2172/2172/2172
f 2171/2171/2171 2170/2170/2170 2173/2173/2173
f 2173/2173/2173 2170/2170/2170 2172/2172/2172
f 2174/2174/2174 2171/2171/2171 2173/2173/2173
f 2173/2173/2173 2172/2172/2172 2175/2175/2175
f 2174/2174/2174 2173/2173/2173 2176/2176/2176
f 2176/2176/2176 2173/2173/2173 2175/2175/2175
f 2177/2177/2177 2174/2174/2174 2176/2176/2176
f 2176/2176/2176 2175/2175/2175 2178/2178/2178
f 2177/2177/2177 2176/2176/2176 2179/2179/2179
f 2179/2179/2179 2176/2176/2176 2178/2178/2178
f 2180/2180/2180 2177/2177/2177 2179/2179/2179
f 2179/2179/2179 2178/2178/2178 2181/2181/2181
f 2180/2180/2180 2179/2179/2179 2182/2182/2182
f 2182/2182/2182 2179/2179/2179 2181/2181/2181
f 2183/2183/2183 2180/2180/2180 2182/2182/2182
f 2182/2182/2182 2181/2181/2181 2184/2184/2184
f 2183/2183/2183 2182/2182/2182 2185/2185/2185
f 2185/2185/2185 2182/2182/2182 2184/2184/2184
f 2186/2186/2186 2183/2183/2183 2185/2185/2185
f 2185/2185/2185 2184/2184/2184 2187/2187/2187
f 2186/2186/2186 2185/2185/2185 2188/2188/2188
f 2188/2188/2188 2185/2185/2185 2187/2187/2187
f 2189/2189/2189 2186/2186/2186 2188/2188/2188
f 2188/2188/2188 2187/2187/2187 2190/2190/2190
f 2189/2189/2189 2188/2188/2188 2191/2191/2191
f 2191/2191/2191 2188/2188/2188 2190/2190/2190
f 2192/2192/2192 2189/2189/2189 2191/2191/2191
f 2191/2191/2191 2190/2190/2190 2193/2193/2193
f 2192/2192/2192 2191/2191/2191 2194/2194/2194
f 2194/2194/2194 2191/2191/2191 2193/2193/2193
f 2195/2195/2195 2192/2192/2192 2194/2194/2194
f 2194/2194/2194 2193/2193/2193 2196/2196/2196
f 2195/2195/2195 2194/2194/2194 2197/2197/2197
f 2197/2197/2197 2194/2194/2194 2196/2196/2196
f 2198/2198/2198 2195/2195/2195 2197/2197/2197
f 2197/2197/2197 2196/2196/2196 2199/2199/2199
f 2198/2198/2198 2197/2197/2197 2200/2200/2200
f 2200/2200/2200 2197/2197/2197 2199/2199/2199
f 2201/2201/2201 2198/2198/2198 2200/2200/2200
f 2200/2200/2200 2199/2199/2199 2202/2202/2202
f 2201/2201/2201 2200/2200/2200 2203/2203/2203
f 2203/2203/2203 2200/2200/2200 2202/2202/2202
f 2204/2204/2204 2201/2201/2201 2203/2203/2203
f 2203/2203/2203 2202/2202/2202 2205/2205/2205
f 2204/2204/2204 2203/2203/2203 2206/2206/2206
f 2206/2206/2206 2203/2203/2203 2205/2205/2205
f 2206/2206/2206 2205/2205/2205 2207/2207/2207
f 2208/2208/2208 2204/2204/2204 2206/2206/2206
f 2208/2208/2208 2206/2206/2206 2209/2209/2209
f 2212/2212/2212 2211/2211/2211 2210/2210/2210
f 2212/2212/2212 2213/2213/2213 2211/2211/2211
f 2213/2213/2213 2214/2214/2214 2211/2211/2211
f 2213/2213/2213 2215/2215/2215 2214/2214/2214
f 2211/2211/2211 2214/2214/2214 2216/2216/2216
f 2211/2211/2211 2216/2216/2216 2217/2217/2217
f 2214/2214/2214 2218/2218/2218 2216/2216/2216
f 2215/2215/2215 2219/2219/2219 2214/2214/2214
f 2214/2214/2214 2219/2219/2219 2218/2218/2218
f 2215/2215/2215 2220/2220/2220 2219/2219/2219
f 2219/2219/2219 2221/2221/2221 2218/2218/2218
f 2220/2220/2220 2222/2222/2222 2219/2219/2219
f 2219/2219/2219 2222/2222/2222 2221/2221/2221
f 2220/2220/2220 2223/2223/2223 2222/2222/2222
f 2222/2222/2222 2224/2224/2224 2221/2221/2221
f 2223/2223/2223 2225/2225/2225 2222/2222/2222
f 2222/2222/2222 2225/2225/2225 2224/2224/2224
f 2223/2223/2223 2226/2226/2226 2225/2225/2225
f 2225/2225/2225 2227/2227/2227 2224/2224/2224
f 2226/2226/2226 2228/2228/2228 2225/2225/2225
f 2225/2225/2225 2228/2228/2228 2227/2227/2227
f 2226/2226/2226 2229/2229/2229 2228/2228/2228
f 2228/2228/2228 2230/2230/2230 2227/2227/2227
f 2229/2229/2229 2231/2231/2231 2228/2228/2228
f 2228/2228/2228 2231/2231/2231 2230/2230/2230
f 2229/2229/2229 2232/2232/2232 2231/2231/2231
f 2231/2231/2231 2233/2233/2233 2230/2230/2230
f 2232/2232/2232 2234/2234/2234 2231/2231/2231
f 2231/2231/2231 2234/2234/2234 2233/2233/2233
f 2232/2232/2232 2235/2235/2235 2234/2234/2234
f 2234/2234/2234 2236/2236/2236 2233/2233/2233
f 2235/2235/2235 2237/2237/2237 2234/2234/2234
f 2234/2234/2234 2237/2237/2237 2236/2236/2236
f 2235/2235/2235 2238/2238/2238 2237/2237/2237
f 2237/2237/2237 2239/2239/2239 2236/2236/2236
f 2238/2238/2238 2240/2240/2240 2237/2237/2237
f 2237/2237/2237 2240/2240/2240 2239/2239/2239
f 2238/2238/2238 2241/2241/2241 2240/2240/2240
f 2240/2240/2240 2242/2242/2242 2239/2239/2239
f 2241/2241/2241 2243/2243/2243 2240/2240/2240
f 2240/2240/2240 2243/2243/2243 2242/2242/2242
f 2241/2241/2241 2244/2244/2244 2243/2243/2243
f 2243/2243/2243 2245/2245/2245 2242/2242/2242
f 2244/2244/2244 2246/2246/2246 2243/2243/2243
f 2243/2243/2243 2246/2246/2246 2245/2245/2245
f 2244/2244/2244 2247/2247/2247 2246/2246/2246
f 2246/2246/2246 2248/2248/2248 2245/2245/2245
f 2247/2247/2247 2249/2249/2249 2246/2246/2246
f 2246/2246/2246 2249/2249/2249 2248/2248/2248
f 2247/2247/2247 2250/2250/2250 2249/2249/2249
f 2249/2249/2249 2251/2251/2251 2248/2248/2248
f 2250/2250/2250 2252/2252/2252 2249/2249/2249
f 2249/2249/2249 2252/2252/2252 2251/2251/2251
f 2252/2252/2252 2253/2253/2253 2251/2251/2251
f 2250/2250/2250 2254/2254/2254 2252/2252/2252
f 2252/2252/2252 2255/2255/2255 2253/2253/2253
f 2254/2254/2254 2255/2255/2255 2252/2252/2252
f 2255/2255/2255 2256/2256/2256 2253/2253/2253
f 2255/2255/2255 2254/2254/2254 2256/2256/2256
f 2254/2254/2254 2257/2257/2257 2256/2256/2256
f 2260/2260/2260 2259/2259/2259 2258/2258/2258
f 2261/2261/2261 2260/2260/2260 2258/2258/2258
f 2262/2262/2262 2260/2260/2260 2261/2261/2261
f 2263/2263/2263 2262/2262/2262 2261/2261/2261
f 2264/2264/2264 2262/2262/2262 2263/2263/2263
f 2265/2265/2265 2264/2264/2264 2263/2263/2263
f 2266/2266/2266 2264/2264/2264 2265/2265/2265
f 2267/2267/2267 2266/2266/2266 2265/2265/2265
f 2268/2268/2268 2266/2266/2266 2267/2267/2267
f 2269/2269/2269 2268/2268/2268 2267/2267/2267
f 2270/2270/2270 2268/2268/2268 2269/2269/2269
f 2271/2271/2271 2270/2270/2270 2269/2269/2269
f 2272/2272/2272 2270/2270/2270 2271/2271/2271
f 2273/2273/2273 2272/2272/2272 2271/2271/2271
f 2274/2274/2274 2272/2272/2272 2273/2273/2273
f 2275/2275/2275 2274/2274/2274 2273/2273/2273
f 2276/2276/2276 2274/2274/2274 2275/2275/2275
f 2277/2277/2277 2276/2276/2276 2275/2275/2275
f 2278/2278/2278 2276/2276/2276 2277/2277/2277
f 2279/2279/2279 2278/2278/2278 2277/2277/2277
f 2280/2280/2280 2278/2278/2278 2279/2279/2279
f 2281/2281/2281 2280/2280/2280 2279/2279/2279
f 2282/2282/2282 2280/2280/2280 2281/2281/2281
f 2283/2283/2283 2282/2282/2282 2281/2281/2281
f 2284/2284/2284 2282/2282/2282 2283/2283/2283
f 2285/2285/2285 2284/2284/2284 2283/2283/2283
f 2286/2286/2286 2284/2284/2284 2285/2285/2285
f 2287/2287/2287 2286/2286/2286 2285/2285/2285
f 2288/2288/2288 2286/2286/2286 2287/2287/2287
f 2289/2289/2289 2288/2288/2288 2287/2287/2287
f 2290/2290/2290 2288/2288/2288 2289/2289/2289
f 2293/2293/2293 2292/2292/2292 2291/2291/2291
f 2292/2292/2292 2294/2294/2294 2291/2291/2291
f 2291/2291/2291 2294/2294/2294 2295/2295/2295
f 2294/2294/2294 2292/2292/2292 2296/2296/2296
f 2294/2294/2294 2296/2296/2296 2295/2295/2295
f 2292/2292/2292 2297/2297/2297 2296/2296/2296
f 2295/2295/2295 2296/2296/2296 2298/2298/2298
f 2296/2296/2296 2297/2297/2297 2299/2299/2299
f 2296/2296/2296 2299/2299/2299 2298/2298/2298
f 2297/2297/2297 2300/2300/2300 2299/2299/2299
f 2298/2298/2298 2299/2299/2299 2301/2301/2301
f 2299/2299/2299 2300/2300/2300 2302/2302/2302
f 2299/2299/2299 2302/2302/2302 2301/2301/2301
f 2300/2300/2300 2303/2303/2303 2302/2302/2302
f 2301/2301/2301 2302/2302/2302 2304/2304/2304
f 2302/2302/2302 2303/2303/2303 2305/2305/2305
f 2302/2302/2302 2305/2305/2305 2304/2304/2304
f 2303/2303/2303 2306/2306/2306 2305/2305/2305
f 2304/2304/2304 2305/2305/2305 2307/2307/2307
f 2305/2305/2305 2306/2306/2306 2308/2308/2308
f 2305/2305/2305 2308/2308/2308 2307/2307/2307
f 2306/2306/2306 2309/2309/2309 2308/2308/2308
f 2307/2307/2307 2308/2308/2308 2310/2310/2310
f 2308/2308/2308 2309/2309/2309 2311/2311/2311
f 2308/2308/2308 2311/2311/2311 2310/2310/2310
f 2309/2309/2309 2312/2312/2312 2311/2311/2311
f 2310/2310/2310 2311/2311/2311 2313/2313/2313
f 2311/2311/2311 2312/2312/2312 2314/2314/2314
f 2311/2311/2311 2314/2314/2314 2313/2313/2313
f 2312/2312/2312 2315/2315/2315 2314/2314/2314
f 2313/2313/2313 2314/2314/2314 2316/2316/2316
f 2314/2314/2314 2315/2315/2315 2317/2317/2317
f 2314/2314/2314 2317/2317/2317 2316/2316/2316
f 2315/2315/2315 2318/2318/2318 2317/2317/2317
f 2316/2316/2316 2317/2317/2317 2319/2319/2319
f 2317/2317/2317 2318/2318/2318 2320/2320/2320
f 2317/2317/2317 2320/2320/2320 2319/2319/2319
f 2318/2318/2318 2321/2321/2321 2320/2320/2320
f 2319/2319/2319 2320/2320/2320 2322/2322/2322
f 2320/2320/2320 2321/2321/2321 2323/2323/2323
f 2320/2320/2320 2323/2323/2323 2322/2322/2322
f 2321/2321/2321 2324/2324/2324 2323/2323/2323
f 2322/2322/2322 2323/2323/2323 2325/2325/2325
f 2323/2323/2323 2324/2324/2324 2326/2326/2326
f 2323/2323/2323 2326/2326/2326 2325/2325/2325
f 2324/2324/2324 2327/2327/2327 2326/2326/2326
f 2325/2325/2325 2326/2326/2326 2328/2328/2328
f 2326/2326/2326 2327/2327/2327 2329/2329/2329
f 2326/2326/2326 2329/2329/2329 2328/2328/2328
f 2327/2327/2327 2330/2330/2330 2329/2329/2329
f 2328/2328/2328 2329/2329/2329 2331/2331/2331
f 2329/2329/2329 2330/2330/2330 2332/2332/2332
f 2329/2329/2329 2332/2332/2332 2331/2331/2331
f 2330/2330/2330 2333/2333/2333 2332/2332/2332
f 2331/2331/2331 2332/2332/2332 2334/2334/2334
f 2332/2332/2332 2333/2333/2333 2335/2335/2335
f 2332/2332/2332 2335/2335/2335 2334/2334/2334
f 2334/2334/2334 2335/2335/2335 2336/2336/2336
f 2333/2333/2333 2337/2337/2337 2335/2335/2335
f 2335/2335/2335 2337/2337/2337 2338/2338/2338
f 2341/2341/2341 2340/2340/2340 2339/2339/2339
f 2340/2340/2340 2342/2342/2342 2339/2339/2339
f 2339/2339/2339 2342/2342/2342 2343/2343/2343
f 2342/2342/2342 2344/2344/2344 2343/2343/2343
f 2343/2343/2343 2344/2344/2344 2345/2345/2345
f 2344/2344/2344 2346/2346/2346 2345/2345/2345
f 2345/2345/2345 2346/2346/2346 2347/2347/2347
f 2346/2346/2346 2348/2348/2348 2347/2347/2347
f 2347/2347/2347 2348/2348/2348 2349/2349/2349
f 2348/2348/2348 2350/2350/2350 2349/2349/2349
f 2349/2349/2349 2350/2350/2350 2351/2351/2351
f 2350/2350/2350 2352/2352/2352 2351/2351/2351
f 2351/2351/2351 2352/2352/2352 2353/2353/2353
f 2352/2352/2352 2354/2354/2354 2353/2353/2353
f 2353/2353/2353 2354/2354/2354 2355/2355/2355
f 2354/2354/2354 2356/2356/2356 2355/2355/2355
f 2355/2355/2355 2356/2356/2356 2357/2357/2357
f 2356/2356/2356 2358/2358/2358 2357/2357/2357
f 2357/2357/2357 2358/2358/2358 2359/2359/2359
f 2358/2358/2358 2360/2360/2360 2359/2359/2359
f 2359/2359/2359 2360/2360/2360 2361/2361/2361
f 2360/2360/2360 2362/2362/2362 2361/2361/2361
f 2361/2361/2361 2362/2362/2362 2363/2363/2363
f 2362/2362/2362 2364/2364/2364 2363/2363/2363
f 2363/2363/2363 2364/2364/2364 2365/2365/2365
f 2364/2364/2364 2366/2366/2366 2365/2365/2365
f 2365/2365/2365 2366/2366/2366 2367/2367/2367
f 2366/2366/2366 2368/2368/2368 2367/2367/2367
f 2367/2367/2367 2368/2368/2368 2369/2369/2369
f 2368/2368/2368 2370/2370/2370 2369/2369/2369
f 2369/2369/2369 2370/2370/2370 2371/2371/2371
f 2374/2374/2374 2373/2373/2373 2372/2372/2372
f 2372/2372/2372 2375/2375/2375 2374/2374/2374
f 2375/2375/2375 2376/2376/2376 2374/2374/2374
f 2375/2375/2375 2377/2377/2377 2376/2376/2376
f 2377/2377/2377 2378/2378/2378 2376/2376/2376
f 2377/2377/2377 2379/2379/2379 2378/2378/2378
f 2379/2379/2379 2380/2380/2380 2378/2378/2378
f 2379/2379/2379 2381/2381/2381 2380/2380/2380
f 2381/2381/2381 2382/2382/2382 2380/2380/2380
f 2381/2381/2381 2383/2383/2383 2382/2382/2382
f 2383/2383/2383 2384/2384/2384 2382/2382/2382
f 2383/2383/2383 2385/2385/2385 2384/2384/2384
f 2385/2385/2385 2386/2386/2386 2384/2384/2384
f 2385/2385/2385 2387/2387/2387 2386/2386/2386
f 2387/2387/2387 2388/2388/2388 2386/2386/2386
f 2387/2387/2387 2389/2389/2389 2388/2388/2388
f 2389/2389/2389 2390/2390/2390 2388/2388/2388
f 2389/2389/2389 2391/2391/2391 2390/2390/2390
f 2391/2391/2391 2392/2392/2392 2390/2390/2390
f 2391/2391/2391 2393/2393/2393 2392/2392/2392
f 2393/2393/2393 2394/2394/2394 2392/2392/2392
f 2393/2393/2393 2395/2395/2395 2394/2394/2394
f 2398/2398/2398 2397/2397/2397 2396/2396/2396
f 2399/2399/2399 2397/2397/2397 2398/2398/2398
f 2400/2400/2400 2399/2399/2399 2398/2398/2398
f 2401/2401/2401 2399/2399/2399 2400/2400/2400
f 2400/2400/2400 2398/2398/2398 2402/2402/2402
f 2402/2402/2402 2398/2398/2398 2403/2403/2403
f 2403/2403/2403 2404/2404/2404 2402/2402/2402
f 2402/2402/2402 2404/2404/2404 2405/2405/2405
f 2404/2404/2404 2406/2406/2406 2405/2405/2405
f 2405/2405/2405 2406/2406/2406 2407/2407/2407
f 2406/2406/2406 2408/2408/2408 2407/2407/2407
f 2407/2407/2407 2408/2408/2408 2409/2409/2409
f 2408/2408/2408 2410/2410/2410 2409/2409/2409
f 2409/2409/2409 2410/2410/2410 2411/2411/2411
f 2410/2410/2410 2412/2412/2412 2411/2411/2411
f 2411/2411/2411 2412/2412/2412 2413/2413/2413
f 2412/2412/2412 2414/2414/2414 2413/2413/2413
f 2413/2413/2413 2414/2414/2414 2415/2415/2415
f 2414/2414/2414 2416/2416/2416 2415/2415/2415
f 2415/2415/2415 2416/2416/2416 2417/2417/2417
f 2416/2416/2416 2418/2418/2418 2417/2417/2417
f 2417/2417/2417 2418/2418/2418 2419/2419/2419
f 2418/2418/2418 2420/2420/2420 2419/2419/2419
f 2419/2419/2419 2420/2420/2420 2421/2421/2421
f 2420/2420/2420 2422/2422/2422 2421/2421/2421
f 2421/2421/2421 2422/2422/2422 2423/2423/2423
f 2422/2422/2422 2424/2424/2424 2423/2423/2423
f 2423/2423/2423 2424/2424/2424 2425/2425/2425
f 2424/2424/2424 2426/2426/2426 2425/2425/2425
f 2425/2425/2425 2426/2426/2426 2427/2427/2427
f 2426/2426/2426 2428/2428/2428 2427/2427/2427
f 2427/2427/2427 2428/2428/2428 2429/2429/2429
f 2428/2428/2428 2430/2430/2430 2429/2429/2429
f 2429/2429/2429 2430/2430/2430 2431/2431/2431
f 2430/2430/2430 2432/2432/2432 2431/2431/2431
f 2435/2435/2435 2434/2434/2434 2433/2433/2433
f 2434/2434/2434 2436/2436/2436 2433/2433/2433
f 2433/2433/2433 2436/2436/2436 2437/2437/2437
f 2436/2436/2436 2434/2434/2434 2438/2438/2438
f 2436/2436/2436 2438/2438/2438 2437/2437/2437
f 2434/2434/2434 2439/2439/2439 2438/2438/2438
f 2437/2437/2437 2438/2438/2438 2440/2440/2440
f 2438/2438/2438 2439/2439/2439 2441/2441/2441
f 2438/2438/2438 2441/2441/2441 2440/2440/2440
f 2439/2439/2439 2442/2442/2442 2441/2441/2441
f 2440/2440/2440 2441/2441/2441 2443/2443/2443
f 2441/2441/2441 2442/2442/2442 2444/2444/2444
f 2441/2441/2441 2444/2444/2444 2443/2443/2443
f 2442/2442/2442 2445/2445/2445 2444/2444/2444
f 2443/2443/2443 2444/2444/2444 2446/2446/2446
f 2444/2444/2444 2445/2445/2445 2447/2447/2447
f 2444/2444/2444 2447/2447/2447 2446/2446/2446
f 2446/2446/2446 2447/2447/2447 2448/2448/2448
f 2445/2445/2445 2449/2449/2449 2447/2447/2447
f 2447/2447/2447 2450/2450/2450 2448/2448/2448
f 2447/2447/2447 2449/2449/2449 2450/2450/2450
f 2448/2448/2448 2450/2450/2450 2451/2451/2451
f 2450/2450/2450 2452/2452/2452 2451/2451/2451
f 2451/2451/2451 2452/2452/2452 2453/2453/2453
f 2449/2449/2449 2454/2454/2454 2450/2450/2450
f 2450/2450/2450 2454/2454/2454 2452/2452/2452
f 2452/2452/2452 2455/2455/2455 2453/2453/2453
f 2453/2453/2453 2455/2455/2455 2456/2456/2456
f 2454/2454/2454 2457/2457/2457 2452/2452/2452
f 2452/2452/2452 2457/2457/2457 2455/2455/2455
f 2457/2457/2457 2458/2458/2458 2455/2455/2455
f 2455/2455/2455 2459/2459/2459 2456/2456/2456
f 2455/2455/2455 2458/2458/2458 2459/2459/2459
f 2456/2456/2456 2459/2459/2459 2460/2460/2460
f 2458/2458/2458 2461/2461/2461 2459/2459/2459
f 2459/2459/2459 2462/2462/2462 2460/2460/2460
f 2459/2459/2459 2461/2461/2461 2462/2462/2462
f 2460/2460/2460 2462/2462/2462 2463/2463/2463
f 2461/2461/2461 2464/2464/2464 2462/2462/2462
f 2462/2462/2462 2465/2465/2465 2463/2463/2463
f 2462/2462/2462 2464/2464/2464 2465/2465/2465
f 2463/2463/2463 2465/2465/2465 2466/2466/2466
f 2464/2464/2464 2467/2467/2467 2465/2465/2465
f 2465/2465/2465 2468/2468/2468 2466/2466/2466
f 2465/2465/2465 2467/2467/2467 2468/2468/2468
f 2467/2467/2467 2401/2401/2401 2468/2468/2468
f 2466/2466/2466 2468/2468/2468 2469/2469/2469
f 2468/2468/2468 2401/2401/2401 2400/2400/2400
f 2468/2468/2468 2400/2400/2400 2469/2469/2469
f 2469/2469/2469 2400/2400/2400 2402/2402/2402
f 2472/2472/2472 2471/2471/2471 2470/2470/2470
f 2473/2473/2473 2472/2472/2472 2470/2470/2470
f 2473/2473/2473 2470/2470/2470 2474/2474/2474
f 2475/2475/2475 2473/2473/2473 2474/2474/2474
f 2472/2472/2472 2473/2473/2473 2475/2475/2475
f 2475/2475/2475 2474/2474/2474 2476/2476/2476
f 2477/2477/2477 2475/2475/2475 2476/2476/2476
f 2477/2477/2477 2476/2476/2476 2478/2478/2478
f 2479/2479/2479 2472/2472/2472 2475/2475/2475
f 2479/2479/2479 2475/2475/2475 2477/2477/2477
f 2480/2480/2480 2477/2477/2477 2478/2478/2478
f 2480/2480/2480 2478/2478/2478 2481/2481/2481
f 2482/2482/2482 2479/2479/2479 2477/2477/2477
f 2482/2482/2482 2477/2477/2477 2480/2480/2480
f 2483/2483/2483 2482/2482/2482 2480/2480/2480
f 2484/2484/2484 2480/2480/2480 2481/2481/2481
f 2483/2483/2483 2480/2480/2480 2484/2484/2484
f 2484/2484/2484 2481/2481/2481 2485/2485/2485
f 2486/2486/2486 2483/2483/2483 2484/2484/2484
f 2487/2487/2487 2484/2484/2484 2485/2485/2485
f 2486/2486/2486 2484/2484/2484 2487/2487/2487
f 2487/2487/2487 2485/2485/2485 2488/2488/2488
f 2489/2489/2489 2486/2486/2486 2487/2487/2487
f 2490/2490/2490 2487/2487/2487 2488/2488/2488
f 2489/2489/2489 2487/2487/2487 2490/2490/2490
f 2490/2490/2490 2488/2488/2488 2491/2491/2491
f 2492/2492/2492 2489/2489/2489 2490/2490/2490
f 2493/2493/2493 2490/2490/2490 2491/2491/2491
f 2492/2492/2492 2490/2490/2490 2493/2493/2493
f 2493/2493/2493 2491/2491/2491 2494/2494/2494
f 2495/2495/2495 2492/2492/2492 2493/2493/2493
f 2496/2496/2496 2493/2493/2493 2494/2494/2494
f 2495/2495/2495 2493/2493/2493 2496/2496/2496
f 2496/2496/2496 2494/2494/2494 2497/2497/2497
f 2498/2498/2498 2495/2495/2495 2496/2496/2496
f 2499/2499/2499 2496/2496/2496 2497/2497/2497
f 2498/2498/2498 2496/2496/2496 2499/2499/2499
f 2499/2499/2499 2497/2497/2497 2500/2500/2500
f 2501/2501/2501 2498/2498/2498 2499/2499/2499
f 2502/2502/2502 2499/2499/2499 2500/2500/2500
f 2501/2501/2501 2499/2499/2499 2502/2502/2502
f 2502/2502/2502 2500/2500/2500 2503/2503/2503
f 2504/2504/2504 2501/2501/2501 2502/2502/2502
f 2505/2505/2505 2502/2502/2502 2503/2503/2503
f 2504/2504/2504 2502/2502/2502 2505/2505/2505
f 2505/2505/2505 2503/2503/2503 2506/2506/2506
f 2507/2507/2507 2504/2504/2504 2505/2505/2505
f 2508/2508/2508 2505/2505/2505 2506/2506/2506
f 2507/2507/2507 2505/2505/2505 2508/2508/2508
f 2508/2508/2508 2506/2506/2506 2509/2509/2509
f 2510/2510/2510 2507/2507/2507 2508/2508/2508
f 2511/2511/2511 2508/2508/2508 2509/2509/2509
f 2510/2510/2510 2508/2508/2508 2511/2511/2511
f 2511/2511/2511 2509/2509/2509 2512/2512/2512
f 2513/2513/2513 2510/2510/2510 2511/2511/2511
f 2513/2513/2513 2511/2511/2511 2514/2514/2514
f 2517/2517/2517 2516/2516/2516 2515/2515/2515
f 2516/2516/2516 2472/2472/2472 2515/2515/2515
f 2515/2515/2515 2472/2472/2472 2518/2518/2518
f 2472/2472/2472 2479/2479/2479 2518/2518/2518
f 2518/2518/2518 2479/2479/2479 2519/2519/2519
f 2479/2479/2479 2520/2520/2520 2519/2519/2519
f 2519/2519/2519 2520/2520/2520 2521/2521/2521
f 2520/2520/2520 2522/2522/2522 2521/2521/2521
f 2521/2521/2521 2522/2522/2522 2449/2449/2449
f 2522/2522/2522 2523/2523/2523 2449/2449/2449
f 2449/2449/2449 2523/2523/2523 2454/2454/2454
f 2523/2523/2523 2524/2524/2524 2454/2454/2454
f 2454/2454/2454 2524/2524/2524 2525/2525/2525
f 2524/2524/2524 2526/2526/2526 2525/2525/2525
f 2525/2525/2525 2526/2526/2526 2527/2527/2527
f 2526/2526/2526 2528/2528/2528 2527/2527/2527
f 2527/2527/2527 2528/2528/2528 2529/2529/2529
f 2528/2528/2528 2530/2530/2530 2529/2529/2529
f 2529/2529/2529 2530/2530/2530 2531/2531/2531
f 2530/2530/2530 2532/2532/2532 2531/2531/2531
f 2531/2531/2531 2532/2532/2532 2533/2533/2533
f 2532/2532/2532 2534/2534/2534 2533/2533/2533
f 2533/2533/2533 2534/2534/2534 2535/2535/2535
f 2534/2534/2534 2536/2536/2536 2535/2535/2535
f 2535/2535/2535 2536/2536/2536 2537/2537/2537
f 2536/2536/2536 2538/2538/2538 2537/2537/2537
f 2537/2537/2537 2538/2538/2538 2539/2539/2539
f 2538/2538/2538 2540/2540/2540 2539/2539/2539
f 2539/2539/2539 2540/2540/2540 2541/2541/2541

