mtllib material.mtl
usemtl material_0
v -0.70279910 -0.02664394 -1.02056300
v -0.70240170 0.02571415 -1.01977300
v -0.70877900 -0.00382919 -0.99375400
v -0.71001710 0.02780739 -0.97707310
v -0.70654110 0.06247867 -0.99834630
v -0.69908570 0.08236023 -0.98420320
v -0.70494720 0.05735050 -1.04763300
v -0.70860710 -0.00471218 -1.05397000
v -0.70395290 -0.00110085 -1.07280700
v -0.69785800 0.05629833 -1.07987700
v -0.68952820 0.09096405 -1.06939000
v -0.68945740 0.06084713 -1.10162400
v -0.69701870 -0.00005215 -1.09065200
v -0.68834560 0.08825428 -1.09778200
v -0.68739590 0.01299061 -1.10386000
v -0.67990110 -0.00078896 -1.11222900
v -0.66160950 0.00061302 -1.12276200
v -0.68296570 0.07265663 -1.10623300
v -0.67997890 0.04206833 -1.11487100
v -0.68184290 0.08393215 -1.10861500
v -0.67895380 0.06783844 -1.11426300
v -0.66593040 0.05410080 -1.12174100
v -0.66351130 0.06045612 -1.12825200
v -0.63296720 -0.00042603 -1.12960000
v -0.66591100 0.10362400 -1.09638300
v -0.66948240 0.07866379 -1.12201500
v -0.66763250 0.08483551 -1.11617800
v -0.64874910 0.10262110 -1.11168400
v -0.65916870 0.07303177 -1.12328600
v -0.63445130 0.07117745 -1.13127400
v -0.63881410 0.07909390 -1.12640700
v -0.63126460 0.08955947 -1.12623000
v -0.58382510 0.01512779 -1.12968200
v -0.58534460 -0.00233147 -1.12816100
v -0.53184660 -0.00130505 -1.12413000
v -0.57117120 0.07103245 -1.13084400
v -0.50966610 0.08229137 -1.12877100
v -0.52156700 0.08972400 -1.12486400
v -0.50844600 0.05905300 -1.13143700
v -0.50075470 0.00348263 -1.12541500
v -0.45510190 0.06461437 -1.12990300
v -0.42237300 -0.00063972 -1.12507400
v -0.30612270 0.00042919 -1.12845300
v -0.28804140 0.07975067 -1.13106000
v -0.32112120 0.09247795 -1.12433300
v -0.20752410 0.08061203 -1.12866500
v -0.19758300 -0.00061131 -1.12280300
v -0.12954830 -0.00039440 -1.12680900
v -0.49456050 0.09212566 -1.12449000
v -0.50666810 0.10229660 -1.11741700
v -0.55021730 0.10154470 -1.11786500
v -0.46749200 0.11472470 -1.09574000
v -0.61132320 0.10896530 -1.10470900
v -0.62282290 0.11126230 -1.09565600
v -0.28075590 0.10541050 -1.11381400
v -0.56433470 0.11404730 -1.08958300
v -0.64967160 0.11041710 -1.04584500
v -0.60578430 0.11818630 -0.99656530
v -0.66980680 0.10618000 -1.00188900
v -0.46452760 0.11810700 -1.06259300
v -0.38489260 0.12376470 -0.99034090
v -0.63288610 0.11800920 -0.88717080
v -0.24980190 0.11759880 -1.07644500
v -0.17050750 0.11436530 -1.09602300
v -0.68952390 0.09395977 -0.99522620
v -0.68883820 0.09610698 -0.89741740
v -0.67417720 0.10838650 -0.86474770
v -0.69581780 0.08839431 -0.85360150
v -0.55025080 0.12373760 -0.90575230
v -0.38306760 0.12653860 -0.71545330
v -0.70276790 0.07579853 -0.82283480
v -0.61903870 0.11974760 -0.52617100
v -0.64839260 0.11543810 -0.47986120
v -0.55124450 0.12393510 -0.56275300
v -0.55785400 0.12395470 -0.04239415
v -0.38662600 0.12666460 0.01346889
v -0.61721130 0.12010970 -0.20461460
v -0.68653200 0.09825817 -0.78911900
v -0.69776980 0.08729640 -0.58404090
v -0.70770140 0.06497421 -0.30649690
v -0.67162410 0.10892090 -0.59892860
v -0.68557800 0.09827808 -0.58110140
v -0.67328180 0.10927590 -0.16407630
v -0.64656980 0.11526410 -0.02414342
v -0.69634120 0.08927326 0.10115690
v -0.68571530 0.09920200 -0.16235390
v -0.67361630 0.10935860 0.13155850
v -0.61816040 0.11974510 0.29312590
v -0.70581360 0.06570721 -0.81713540
v -0.71393800 0.01300644 -0.83694980
v -0.71470210 -0.01635201 -0.86232460
v -0.70876400 0.03936050 -0.64413370
v -0.71280330 0.01688663 -0.17701450
v -0.71278380 -0.01540390 -0.59758700
v -0.68493470 0.09947032 0.13512050
v -0.70312860 0.07543007 0.28961630
v -0.69363830 0.09304520 0.25387420
v -0.69738640 0.08746036 0.75498370
v -0.68359250 0.09934845 0.51071490
v -0.68419100 0.10025000 0.34421470
v -0.67303960 0.10987470 0.34210540
v -0.70659180 0.06372528 0.03722011
v -0.67463620 0.10896910 0.54997890
v -0.68548210 0.10006540 0.55294160
v -0.65200130 0.11438290 0.66987880
v -0.68663850 0.09828964 0.70625570
v -0.67289790 0.10907180 0.77198330
v -0.71193720 0.01190453 0.05631312
v -0.71182250 -0.01338894 0.00298793
v -0.71289000 -0.01638439 -0.18803130
v -0.71122070 0.01468357 0.55674160
v -0.70735100 0.06222355 0.51675500
v -0.70611080 0.06757217 0.78218710
v -0.71149620 0.01095676 0.83057950
v -0.71168820 -0.01150799 0.81190390
v -0.70404750 0.06669014 0.88409750
v -0.70877080 0.02549007 0.93440260
v -0.70973270 -0.01808296 0.93589930
v -0.69602170 0.08565167 0.92212000
v -0.70652430 0.06094646 0.93893520
v -0.68750700 0.09559616 0.94259240
v -0.69372430 0.07773422 1.04330300
v -0.67644260 0.10382680 0.92996300
v -0.64280580 0.11447390 0.99624590
v -0.65261290 0.11231400 1.00546800
v -0.63618530 0.10709440 1.07211800
v -0.61303220 0.12024460 0.92973960
v -0.68671810 0.09274994 1.04345800
v -0.57112060 0.11607010 1.03084800
v -0.49554870 0.11213950 1.07076600
v -0.55828370 0.12426380 0.66135820
v -0.48541440 0.11945890 1.02403500
v -0.51086060 0.12263390 0.92144610
v -0.67826470 0.09833217 1.05138400
v -0.68264830 0.08624619 1.06908900
v -0.65115230 0.10428250 1.07456700
v -0.65918150 0.09538627 1.07573000
v -0.64797510 0.08155792 1.10238900
v -0.63426150 0.09152492 1.10066600
v -0.66163850 0.09083275 1.09030600
v -0.66021240 0.07745781 1.09853000
v -0.67565130 0.07921775 1.08152500
v -0.68654600 0.07578739 1.06498900
v -0.69954960 0.05190491 1.02481400
v -0.70177390 0.02570858 0.99527420
v -0.55784550 0.09737960 1.09727600
v -0.61415620 0.08347587 1.10736900
v -0.50510620 0.10689620 1.08502400
v -0.51476380 0.09336067 1.10848800
v -0.70169430 -0.00038151 1.04921800
v -0.70434780 0.00175514 1.02549600
v -0.70390410 0.00009624 1.00046700
v -0.70544370 -0.00021282 0.95975790
v -0.71292540 0.00044388 0.93855300
v -0.70973270 -0.01808296 0.93589930
v -0.69414730 0.00119946 1.06559800
v -0.68769590 0.06642711 1.07838500
v -0.68056640 0.06863587 1.08627900
v -0.68478390 -0.00063828 1.07672400
v -0.68116060 0.00633389 1.09666600
v -0.67621030 0.07269626 1.09686700
v -0.67553040 0.05382374 1.09615600
v -0.65999260 0.00068272 1.10353500
v -0.64316220 0.00129753 1.12000200
v -0.64367770 0.06360023 1.11345900
v -0.62902340 0.07118965 1.11187800
v -0.55311860 0.07277939 1.11759600
v -0.61466370 0.01062546 1.11758500
v -0.62026980 -0.00490612 1.11783200
v -0.56781980 -0.00115528 1.12676100
v -0.54423710 0.00153133 1.12606600
v -0.50114070 0.08677021 1.11115900
v -0.52097410 0.04052936 1.12167000
v -0.51973150 0.00025120 1.13174600
v -0.49201840 0.01010399 1.13011900
v -0.49920170 0.07629116 1.12100700
v -0.45512240 0.08948456 1.10994100
v -0.35169620 0.08129730 1.11527200
v -0.43990110 0.10522490 1.08766200
v -0.37101070 0.08981163 1.10860700
v -0.31601200 0.10623430 1.08526400
v -0.26184050 0.09023983 1.10915000
v -0.04309448 0.09117111 1.10911800
v -0.23485660 0.10884660 1.08116200
v -0.43331660 0.05862308 1.12309500
v -0.26738950 0.05535637 1.12449800
v -0.18286900 0.01223316 1.12977400
v -0.36040950 -0.00835979 1.12930100
v -0.07352356 0.07805767 1.11921800
v 0.10906370 0.00821079 1.13104100
v 0.18703370 -0.00749138 1.13083000
v -0.18265290 0.11470080 1.05882300
v 0.05440430 0.07670280 1.12108900
v 0.41824590 0.00991768 1.12982400
v 0.42006870 -0.01177319 1.12953400
v 0.48959960 -0.00011730 1.13225100
v 0.23885680 0.07719440 1.11913000
v -0.02019775 0.11919310 1.02524600
v 0.47786100 0.11711700 1.04713300
v -0.38586670 0.12476920 0.92146810
v 0.05093139 0.09106144 1.10948200
v 0.23781490 0.09031399 1.10852900
v 0.49698470 0.06505203 1.12208400
v 0.47782710 0.07830147 1.11802900
v 0.48547520 0.08623359 1.11071400
v 0.33282230 0.08902100 1.10984800
v 0.11163270 0.10669960 1.08706000
v 0.33781160 0.10693510 1.08438300
v -0.01229584 0.10743920 1.08472900
v 0.48291050 0.09053154 1.10971800
v 0.54515050 0.10625140 1.08697100
v 0.24836360 0.11264920 1.06803300
v -0.07425781 0.09660694 1.09839300
v -0.19930820 0.09535339 1.09774400
v 0.60228270 0.08235428 1.10761600
v 0.52454350 0.09466297 1.10494500
v 0.62078920 0.07453564 1.11125800
v 0.65321220 0.08125622 1.10266100
v 0.66010920 0.06682765 1.11060800
v 0.63429410 0.09619053 1.09568400
v 0.63238500 0.08873478 1.10548700
v 0.64810060 0.10667900 1.06382300
v 0.57840360 0.05454315 1.11939200
v 0.63505460 0.05577229 1.11840300
v 0.51100340 0.02770752 1.12315100
v 0.55274590 0.00843342 1.12479900
v 0.53797120 -0.00757088 1.12590700
v 0.63381580 0.00981716 1.11695900
v 0.65706600 0.03817368 1.10880900
v 0.65798890 0.00043301 1.11375300
v 0.63568680 -0.01031238 1.11642900
v 0.66407950 0.02972588 1.09721900
v 0.66910770 0.00035149 1.09940000
v 0.67890990 0.03074711 1.08368200
v 0.67743040 -0.02216980 1.08525700
v 0.69108700 -0.00490757 1.07120700
v 0.69707110 -0.00000530 1.05961500
v 0.67914000 0.07072246 1.09588900
v 0.66263970 0.07764237 1.09905700
v 0.66197720 0.09417118 1.07374100
v 0.66809080 0.10527640 1.04506100
v 0.62551420 0.11167990 1.05616800
v 0.55852080 0.11565150 1.04378600
v 0.62485960 0.11468170 1.00976300
v 0.50838240 0.12400620 0.92377890
v 0.63566290 0.11822650 0.85112630
v 0.29936370 0.12480210 0.91872760
v -0.22589230 0.12500830 0.91812340
v -0.00820862 0.12509560 0.87074790
v 0.49658310 0.12471750 0.91959920
v -0.38645750 0.12687820 0.68190630
v 0.59470890 0.12243930 0.67106160
v 0.43145600 0.12684560 0.69115810
v -0.50610840 0.12547660 0.64856280
v -0.51805170 0.12500870 0.34762540
v 0.49541410 0.12522610 0.25125210
v -0.38018460 0.12680790 0.37356530
v -0.49885990 0.12529110 0.06781459
v -0.49838620 0.12596690 0.28793910
v 0.44730940 0.12634960 -0.07868443
v 0.06703644 0.12669190 0.08978968
v 0.48984620 0.12696570 -0.06599157
v -0.18391080 0.12631840 0.10431600
v -0.09932770 0.12665060 -0.16644570
v 0.50915690 0.12482470 -0.17836220
v 0.12884830 0.12634250 -0.16030180
v 0.09874573 0.12639320 -0.41790800
v 0.58168630 0.12282820 -0.05642613
v 0.38722720 0.12608590 -0.82570960
v 0.56631040 0.12343860 -0.53946810
v 0.63312290 0.11853860 0.34241790
v -0.13385860 0.12441720 -0.94946320
v 0.49203120 0.12499650 -0.84600870
v 0.41895990 0.12229840 -0.99998330
v -0.18635560 0.12464910 -0.99425570
v -0.06991699 0.12263950 -1.01024400
v 0.07737976 0.11894160 -1.06926500
v 0.42622740 0.11967990 -1.06503200
v 0.12964350 0.11485350 -1.09424700
v 0.49130650 0.11234180 -1.10125300
v 0.50668180 0.11883860 -1.06010000
v 0.60226380 0.11761060 -1.05769900
v -0.12674840 0.10828840 -1.11078200
v 0.56833920 0.12322460 -0.80381260
v 0.09941254 0.10874520 -1.11088400
v -0.22121190 0.09670562 -1.11756600
v -0.13101380 0.09244091 -1.12337100
v -0.02450073 0.09293682 -1.12364800
v -0.05335632 0.08130070 -1.12933900
v -0.12877500 0.06539654 -1.13096800
v -0.06630921 -0.00147305 -1.12321300
v 0.06695740 -0.00017231 -1.13060600
v 0.12339170 0.08129356 -1.13170800
v 0.20323430 -0.00084705 -1.12792500
v 0.13725310 0.09203438 -1.12562800
v 0.27019410 0.08134384 -1.13014100
v 0.29719270 -0.00028561 -1.12902900
v 0.44939210 0.09285481 -1.12251600
v 0.41081850 0.08153820 -1.12822100
v 0.49120730 0.07970222 -1.13139100
v 0.41267330 0.00510052 -1.12500300
v 0.48621030 0.01201241 -1.13110400
v 0.08624939 0.09905460 -1.11810900
v 0.37103760 0.09779289 -1.11784200
v 0.42648830 0.10624580 -1.11232900
v 0.49822650 0.10878670 -1.11209400
v 0.65074860 0.10772660 -1.10294000
v 0.54931090 0.09843899 -1.12120600
v 0.64498230 0.11567860 -0.91563270
v 0.66819580 0.11054860 -0.89252230
v 0.64144470 0.11691940 -0.61727570
v 0.48906550 0.09358135 -1.12587200
v 0.64128190 0.11709210 -0.34580230
v 0.63749910 0.11806750 -0.02956944
v 0.66677580 0.11179790 -0.05703038
v 0.66666750 0.11101640 -0.30962070
v 0.66807310 0.11055100 -0.63377960
v 0.64129640 0.08852356 -1.12644000
v 0.63169800 0.09641716 -1.12143100
v 0.63104330 0.08227787 -1.12652400
v 0.68178420 0.10239310 -0.34250280
v 0.68094240 0.10254870 -0.12292030
v 0.68132870 0.10203630 -0.65389930
v 0.69441390 0.09408966 -0.21096470
v 0.68686080 0.09466694 -0.06741735
v 0.70198270 0.08129005 -0.12727210
v 0.69605910 0.09087726 0.07203700
v 0.68141720 0.10229730 0.02272914
v 0.69500090 0.09251667 -0.39887000
v 0.68168790 0.10044050 0.13058190
v 0.66403040 0.11180780 0.10713470
v 0.66882440 0.11153050 0.27150960
v 0.69682390 0.08948028 -0.63357940
v 0.70610350 0.07031120 -0.84042270
v 0.69599370 0.08995163 -0.95420810
v 0.68493190 0.10068080 -0.89406290
v 0.68491090 0.09918270 -0.98291540
v 0.66166100 0.10438010 -1.09836500
v 0.68293850 0.09482094 -1.09450200
v 0.69373570 0.08403111 -1.05599200
v 0.70384840 0.06270931 -1.05870800
v 0.65566220 0.09311885 -1.11083000
v 0.68817040 0.08213020 -1.09599300
v 0.65812100 0.08412304 -1.12253000
v 0.67820260 0.08752685 -1.10739700
v 0.67417220 0.07595863 -1.11177300
v 0.68749800 0.07158928 -1.10952200
v 0.67819050 0.06881622 -1.11645200
v 0.70315700 0.02522041 -1.06570200
v 0.69820310 0.00194191 -1.09224600
v 0.68049570 0.04571956 -1.11292500
v 0.68754180 -0.00017628 -1.10209100
v 0.67865140 -0.00053562 -1.11611100
v 0.66872890 0.05034775 -1.11735500
v 0.66222230 -0.00089031 -1.12460600
v 0.66231810 0.06856537 -1.12452300
v 0.64626740 0.03831188 -1.13010000
v 0.65321240 -0.00271004 -1.12706800
v 0.62339310 0.07580612 -1.12952100
v 0.55291130 0.01752701 -1.12826800
v 0.51984790 -0.00021988 -1.12539100
v 0.53832580 0.06823067 -1.13137900
v 0.71470340 -0.01495159 -0.82474160
v 0.71317380 -0.01629520 -0.16814610
v 0.71464540 0.01555923 -0.82701940
v 0.71278080 0.01822105 -0.27069490
v 0.71393560 0.01636864 -0.02776402
v 0.70659710 0.06757157 -0.19046660
v 0.70695640 0.07269512 -0.02826817
v 0.70586090 0.07286114 0.12997650
v 0.71306430 0.02018932 0.37998990
v 0.70664270 0.02125248 -1.00378700
v 0.70703430 -0.01926151 -1.00389100
v 0.71470340 -0.01495159 -0.82474160
v 0.70923030 -0.00113655 -1.01960000
v 0.70945550 -0.00020767 -1.05083800
v 0.70703430 -0.01926151 -1.00389100
v 0.70057740 0.08335556 0.22710410
v 0.69235060 0.09553463 0.32489340
v 0.69680620 0.08981205 0.91299030
v 0.70185010 0.08098038 0.91737630
v 0.66647460 0.11189140 0.36023040
v 0.66763820 0.11134030 0.70904500
v 0.68236940 0.10233890 0.36943080
v 0.68362210 0.10123470 0.79769610
v 0.66990540 0.10965720 0.88501910
v 0.68511100 0.09978759 0.91512660
v 0.68166120 0.09839107 1.00095700
v 0.68651800 0.08614544 1.04774700
v 0.69321900 0.07857555 1.03813400
v 0.70429260 0.06051746 0.95088090
v 0.67939790 0.09633694 1.05110200
v 0.67249190 0.08482826 1.07269700
v 0.68409220 0.06857639 1.08271600
v 0.69209190 0.05481121 1.06613500
v 0.69981900 0.03755188 1.02695500
v 0.70652710 0.00057404 1.02764900
v 0.70817180 -0.00132820 0.99597860
v 0.70823590 -0.00071602 0.94034750
v 0.71060180 0.03406460 0.91640830
v 0.70650660 0.06722893 0.84618610
v 0.70986350 0.05390144 0.32469080
v 0.71327600 0.01476894 0.80587240
v 0.71313180 -0.01292877 0.78379600
v 0.71313180 -0.01292877 0.78379600
v -0.70973270 -0.01808296 0.93589930
v -0.71292540 0.00044388 0.93855300
v -0.70544370 -0.00021282 0.95975790
v -0.70664300 -0.05911232 0.94749230
v -0.70049130 -0.03966526 1.01809200
v -0.70390410 0.00009624 1.00046700
v -0.70434780 0.00175514 1.02549600
v -0.70169430 -0.00038151 1.04921800
v -0.68696110 -0.07451763 1.06494600
v -0.69414730 0.00119946 1.06559800
v -0.69380460 -0.07678425 1.04342900
v -0.70383970 -0.06836323 0.91894250
v -0.68950530 -0.05727772 1.07418000
v -0.68478390 -0.00063828 1.07672400
v -0.68069090 -0.06929092 1.08611200
v -0.71168820 -0.01150799 0.81190390
v -0.71149620 0.01095676 0.83057950
v -0.68114260 -0.01440765 1.09711800
v -0.68116060 0.00633389 1.09666600
v -0.65999260 0.00068272 1.10353500
v -0.67612000 -0.05463955 1.09603200
v -0.67704710 -0.07090618 1.09727300
v -0.65527980 -0.07413631 1.10127300
v -0.66764340 -0.07717831 1.09321000
v -0.64446130 -0.06373928 1.11286000
v -0.59903130 -0.08413707 1.10804300
v -0.65272890 -0.08158787 1.10178200
v -0.64316220 0.00129753 1.12000200
v -0.62905210 -0.06949661 1.11236000
v -0.62026980 -0.00490612 1.11783200
v -0.56501740 -0.07212684 1.11643500
v -0.56781980 -0.00115528 1.12676100
v -0.52384760 -0.04873748 1.12036800
v -0.54423710 0.00153133 1.12606600
v -0.51973150 0.00025120 1.13174600
v -0.50098940 -0.07632431 1.12058800
v -0.50498900 -0.08565693 1.11120200
v -0.45133850 -0.08896831 1.10972500
v -0.51623480 -0.09226745 1.10860300
v -0.51089350 -0.10369790 1.08931400
v -0.63201450 -0.09033104 1.10135500
v -0.43516840 -0.05925049 1.12280100
v -0.35349640 -0.07974567 1.11602400
v -0.28926390 -0.09021889 1.10915000
v -0.02298401 -0.08007465 1.11837500
v -0.36040950 -0.00835979 1.12930100
v -0.49201840 0.01010399 1.13011900
v -0.25600710 -0.05491028 1.12465800
v -0.06283661 -0.00998615 1.13055400
v -0.18286900 0.01223316 1.12977400
v 0.18703370 -0.00749138 1.13083000
v 0.23584840 -0.07640567 1.11923800
v 0.42006870 -0.01177319 1.12953400
v 0.01737488 -0.06707168 1.12273000
v -0.36429900 -0.09565403 1.09824200
v -0.44132660 -0.10804770 1.08236200
v -0.30393830 -0.10722890 1.08316100
v -0.23435120 -0.10932730 1.07886600
v -0.51508420 -0.11159130 1.06872400
v -0.49572970 -0.11879510 1.02390600
v -0.64286190 -0.10607760 1.07209800
v -0.60140440 -0.11385840 1.03071000
v -0.64383020 -0.10271110 1.08237000
v -0.65232360 -0.11132740 1.01203700
v -0.67034540 -0.09993881 1.05672400
v -0.65318270 -0.09515232 1.08255100
v -0.66496550 -0.08965870 1.08697100
v -0.68449400 -0.08571666 1.06483400
v -0.68548340 -0.09383266 1.04507000
v -0.68557920 -0.09463741 0.99392290
v -0.61508390 -0.11922710 0.93885950
v -0.69205200 -0.09132969 0.91936360
v -0.66329470 -0.11033600 0.90780970
v -0.70603020 -0.06725594 0.78142290
v -0.67712920 -0.10281050 0.92476520
v -0.68560120 -0.09855969 0.68766810
v -0.69660820 -0.08795398 0.68855180
v -0.67341490 -0.10840380 0.73591020
v -0.70742250 -0.06125072 0.45420010
v -0.69917050 -0.08462341 0.29527680
v -0.71139950 -0.01348762 0.54553430
v -0.71122070 0.01468357 0.55674160
v -0.71193720 0.01190453 0.05631312
v -0.71182250 -0.01338894 0.00298793
v -0.70616570 -0.06853218 -0.11914460
v -0.69636410 -0.08910874 0.10346030
v -0.65218930 -0.11391810 0.66103720
v -0.67397030 -0.10881350 0.54645590
v -0.68697200 -0.09746082 0.53630580
v -0.68384210 -0.10020830 0.35484590
v -0.68732850 -0.09852672 0.27373140
v -0.68533330 -0.09913738 0.14008880
v -0.68645690 -0.09883976 -0.15341830
v -0.67363520 -0.10925290 0.12864830
v -0.67329800 -0.10973490 -0.11301430
v -0.67378450 -0.10900690 0.34623870
v -0.64838170 -0.11449860 0.30711150
v -0.61658870 -0.12013830 0.01653774
v -0.61875860 -0.11943650 0.60619230
v -0.55788080 -0.12384230 0.65729090
v -0.55765960 -0.12391540 0.10364950
v -0.51198180 -0.12205000 0.91922690
v -0.50299010 -0.12535560 0.31311730
v -0.49390990 -0.12522830 -0.02505528
v -0.50287170 -0.12504350 0.65460530
v -0.37845670 -0.12652340 0.36615810
v -0.37158510 -0.12664500 0.03380824
v -0.21232120 -0.12627020 0.08675013
v 0.03929443 -0.12659140 0.07123988
v 0.43896450 -0.12639400 0.68781090
v 0.44875880 -0.12635900 -0.06206578
v -0.38587800 -0.12648310 0.67660360
v -0.37047060 -0.12459700 0.87341640
v -0.35964110 -0.12455780 0.91795130
v 0.08195160 -0.12407240 0.92289270
v 0.50001430 -0.12490930 0.23417570
v 0.49724790 -0.12589310 -0.09438512
v 0.58408810 -0.12263870 0.01975917
v 0.00601807 -0.11839430 1.02560700
v 0.49009400 -0.12429030 0.91652790
v 0.49066700 -0.12450220 0.86211870
v 0.59757350 -0.12185840 0.67540850
v -0.00360168 -0.11409310 1.05918800
v 0.63508150 -0.11834940 0.17265960
v 0.63664490 -0.11801990 -0.14218660
v 0.47300380 -0.11652970 1.04675700
v 0.63803420 -0.11744060 0.43154750
v 0.63313960 -0.11794410 0.86193560
v 0.66694490 -0.11150450 0.37421110
v 0.66742890 -0.11101480 0.70600180
v 0.66319580 -0.11244140 0.12854700
v 0.66677370 -0.11172780 -0.05578038
v 0.68155750 -0.10038330 0.12639250
v 0.68186920 -0.10197830 0.02081264
v 0.67062960 -0.11039010 0.29284630
v 0.69614960 -0.09110195 0.10843960
v 0.69807790 -0.08746479 -0.06442540
v 0.70651910 -0.07233948 0.01875453
v 0.68979860 -0.09370178 0.25219200
v 0.68250610 -0.10201450 0.36977750
v 0.70186760 -0.08117183 0.26782070
v 0.69434750 -0.09295307 0.32193450
v 0.69564310 -0.09069279 0.91427570
v 0.68322600 -0.10088060 0.79206380
v 0.66932460 -0.10956450 0.87696740
v 0.68520870 -0.09951779 0.91046830
v 0.66573330 -0.10756050 0.96263380
v 0.69072870 -0.08139686 1.04384900
v 0.70161900 -0.08097168 0.91728350
v 0.68089580 -0.09774791 1.00543400
v 0.62565520 -0.11402180 1.00850500
v 0.67015520 -0.10412520 1.04489800
v 0.65955780 -0.10534840 1.05629300
v 0.68014680 -0.09287021 1.05260500
v 0.57271760 -0.11428060 1.04526600
v 0.53450680 -0.10561070 1.08819800
v 0.62724330 -0.11063190 1.05831300
v 0.67298610 -0.08118427 1.07751300
v 0.29772460 -0.11083160 1.07195800
v 0.63485990 -0.09333629 1.09959100
v 0.11863340 -0.10651290 1.08642100
v 0.33416630 -0.10533550 1.08552600
v -0.03326660 -0.10617300 1.08620700
v 0.04854675 -0.08992870 1.10980400
v -0.05855652 -0.09744419 1.09686700
v -0.20026860 -0.09473766 1.09783800
v -0.04733612 -0.08990265 1.10989500
v 0.23483820 -0.08942489 1.10870400
v 0.35620180 -0.08954353 1.10979900
v 0.50711030 -0.09213653 1.10802800
v 0.47993970 -0.08621021 1.11063600
v 0.61366700 -0.07767379 1.10942800
v 0.48253810 -0.07748115 1.11769200
v 0.49588930 -0.06483597 1.12205500
v 0.48959960 -0.00011730 1.13225100
v 0.56791350 -0.09406338 1.10187300
v 0.61882080 -0.08433773 1.10716800
v 0.51130650 -0.03004734 1.12283400
v 0.53797120 -0.00757088 1.12590700
v 0.58058690 -0.05658085 1.11913500
v 0.65787570 -0.07910381 1.10170600
v 0.65305480 -0.08959434 1.08532900
v 0.66374150 -0.08723103 1.08515200
v 0.67951690 -0.06810806 1.09593700
v 0.66059260 -0.06726409 1.11005200
v 0.63676300 -0.05583416 1.11803700
v 0.63568680 -0.01031238 1.11642900
v 0.63381580 0.00981716 1.11695900
v 0.55274590 0.00843342 1.12479900
v 0.65715520 -0.04200680 1.10833100
v 0.65798890 0.00043301 1.11375300
v 0.66910770 0.00035149 1.09940000
v 0.67743040 -0.02216980 1.08525700
v 0.68331090 -0.06859832 1.08344100
v 0.68944640 -0.05890190 1.07084300
v 0.69108700 -0.00490757 1.07120700
v 0.69652910 -0.04675651 1.04848300
v 0.69707110 -0.00000530 1.05961500
v 0.70652710 0.00057404 1.02764900
v 0.70817180 -0.00132820 0.99597860
v 0.69776270 -0.07315929 0.99079550
v 0.70391170 -0.06013329 0.95420130
v 0.70823590 -0.00071602 0.94034750
v 0.71036190 -0.03439636 0.91810510
v 0.71060180 0.03406460 0.91640830
v 0.71313180 -0.01292877 0.78379600
v 0.70629090 -0.06727584 0.85565510
v 0.70975220 -0.05468788 0.31686490
v 0.71308760 -0.02201340 0.32654750
v 0.71306430 0.02018932 0.37998990
v 0.71317380 -0.01629520 -0.16814610
v 0.71393560 0.01636864 -0.02776402
v 0.65321240 -0.00271004 -1.12706800
v 0.67865140 -0.00053562 -1.11611100
v 0.66222230 -0.00089031 -1.12460600
v 0.67007450 -0.05637234 -1.11684700
v 0.68103100 -0.06680767 -1.11480900
v 0.68754180 -0.00017628 -1.10209100
v 0.65828650 -0.06747188 -1.12627200
v 0.68688080 -0.07192428 -1.10983900
v 0.69820310 0.00194191 -1.09224600
v 0.70323210 -0.02830452 -1.06448900
v 0.70315700 0.02522041 -1.06570200
v 0.70945550 -0.00020767 -1.05083800
v 0.70923030 -0.00113655 -1.01960000
v 0.70703430 -0.01926151 -1.00389100
v 0.59133050 -0.01200127 -1.12781900
v 0.51984790 -0.00021988 -1.12539100
v 0.48925930 -0.02600517 -1.13225000
v 0.48621030 0.01201241 -1.13110400
v 0.67071870 -0.07465683 -1.11742800
v 0.62079130 -0.08756214 -1.12702700
v 0.62087010 -0.07622460 -1.12941200
v 0.41221100 -0.02599796 -1.12629400
v 0.41267330 0.00510052 -1.12500300
v 0.29719270 -0.00028561 -1.12902900
v 0.29178770 -0.08092010 -1.12982000
v 0.20323430 -0.00084705 -1.12792500
v 0.49083080 -0.08144596 -1.13076600
v 0.53183380 -0.06859958 -1.13144000
v 0.14104190 -0.08235928 -1.13136600
v 0.06695740 -0.00017231 -1.13060600
v 0.34943420 -0.09303783 -1.12349900
v 0.48398440 -0.09096424 -1.12544300
v -0.05098907 -0.07107830 -1.12932200
v -0.06630921 -0.00147305 -1.12321300
v -0.12954830 -0.00039440 -1.12680900
v 0.12940120 -0.09292004 -1.12553600
v -0.04102478 -0.08661693 -1.12684800
v -0.12830440 -0.06565712 -1.13091700
v -0.20884640 -0.08158817 -1.12880800
v -0.19758300 -0.00061131 -1.12280300
v -0.29910580 -0.09282222 -1.12397400
v -0.50290770 -0.08263840 -1.12914800
v -0.31237460 -0.06323887 -1.13162100
v -0.30612270 0.00042919 -1.12845300
v -0.42237300 -0.00063972 -1.12507400
v -0.46061030 -0.06073627 -1.12962600
v -0.50075470 0.00348263 -1.12541500
v -0.51392580 -0.05862930 -1.13139400
v -0.53184660 -0.00130505 -1.12413000
v -0.56827390 -0.07344543 -1.13088200
v -0.63456790 -0.07156654 -1.13132500
v -0.58534460 -0.00233147 -1.12816100
v -0.63296720 -0.00042603 -1.12960000
v -0.04408600 -0.09392055 -1.12330700
v -0.51969910 -0.09055065 -1.12488100
v -0.64733980 -0.04054668 -1.13066200
v -0.66160950 0.00061302 -1.12276200
v -0.65665160 -0.07546482 -1.12213200
v -0.63627900 -0.08165203 -1.12700400
v -0.66490660 -0.06661060 -1.12727200
v -0.67093200 -0.07803554 -1.12099800
v -0.68036740 -0.06863189 -1.11200000
v -0.66527950 -0.04652344 -1.12118100
v -0.68668880 -0.01503735 -1.10471000
v -0.67990110 -0.00078896 -1.11222900
v -0.69701870 -0.00005215 -1.09065200
v -0.64905760 -0.09428905 -1.12199300
v -0.68046080 -0.04277962 -1.11445100
v -0.69210330 -0.04708572 -1.10033000
v -0.70395290 -0.00110085 -1.07280700
v -0.68073850 -0.08326473 -1.11121900
v -0.68820680 -0.08880596 -1.09678100
v -0.68583620 -0.07000206 -1.10323800
v -0.69974730 -0.05072689 -1.07737000
v -0.70860710 -0.00471218 -1.05397000
v -0.69101800 -0.07775673 -1.09255300
v -0.69545720 -0.08160324 -1.05359000
v -0.70498040 -0.05588112 -1.04788600
v -0.70279910 -0.02664394 -1.02056300
v -0.70240170 0.02571415 -1.01977300
v -0.70557250 -0.06330761 -1.00233100
v -0.70877900 -0.00382919 -0.99375400
v -0.69157590 -0.09276642 -1.00023800
v -0.69813050 -0.08494354 -0.92278240
v -0.71470210 -0.01635201 -0.86232460
v -0.71001710 0.02780739 -0.97707310
v -0.67460780 -0.10217470 -1.05814900
v -0.67352510 -0.10895860 -0.87355630
v -0.66786130 -0.10405030 -1.09629100
v -0.68856570 -0.09658760 -0.90362220
v -0.65443910 -0.11043870 -1.04095100
v -0.61327880 -0.11581150 -1.05181700
v -0.63919490 -0.11779130 -0.89375640
v -0.64744660 -0.10365310 -1.11129400
v -0.62292970 -0.11071980 -1.10252600
v -0.53356750 -0.10267480 -1.11753300
v -0.68526430 -0.09909168 -0.82222210
v -0.55235780 -0.11373960 -1.09584000
v -0.49600160 -0.09296520 -1.12441400
v -0.46081720 -0.10329220 -1.11696700
v -0.46693570 -0.11532390 -1.09583900
v -0.24574860 -0.10843150 -1.11054700
v -0.21246700 -0.09769195 -1.11703300
v -0.10572360 -0.10792910 -1.11171800
v -0.15436220 -0.11470110 -1.09754900
v 0.07616027 -0.09891048 -1.11855000
v 0.36663270 -0.09809113 -1.11821600
v 0.37531490 -0.10944050 -1.11061800
v 0.47086850 -0.10413480 -1.11567300
v 0.46112850 -0.11375580 -1.09759800
v 0.08658325 -0.11538510 -1.09505400
v 0.49301360 -0.09556156 -1.12606100
v 0.10512150 -0.11960230 -1.06871100
v 0.49832530 -0.10950820 -1.11177600
v 0.59010310 -0.09844890 -1.12012500
v -0.23831240 -0.11829570 -1.07596100
v -0.05240539 -0.12312880 -1.01192200
v -0.45207520 -0.11920650 -1.05790100
v -0.38188780 -0.12443320 -0.98949990
v -0.50853570 -0.12457870 -0.92630400
v -0.38115720 -0.12696570 -0.71459140
v -0.55956540 -0.12383560 -0.90185830
v 0.44855330 -0.12048830 -1.05938500
v 0.60261710 -0.11819420 -1.05737300
v 0.41332820 -0.12272840 -1.00648000
v 0.46406600 -0.12636460 -0.83112220
v 0.49060180 -0.12382280 -0.92508330
v -0.50282130 -0.12518880 -0.56395790
v 0.58248040 -0.11230770 -1.09684800
v 0.64618420 -0.10639750 -1.10706900
v 0.64771760 -0.10978440 -1.09444400
v 0.63780640 -0.09760623 -1.12100900
v 0.65767070 -0.08488838 -1.12278200
v 0.65674350 -0.09460243 -1.10981200
v 0.67773830 -0.08809372 -1.10733300
v 0.67265110 -0.10045250 -1.09790100
v 0.68648500 -0.08058167 -1.10169500
v 0.68372790 -0.09474201 -1.09161200
v 0.70373560 -0.06356137 -1.05985300
v 0.69421940 -0.08409157 -1.05699100
v 0.68552090 -0.09947178 -0.97802410
v 0.66876300 -0.11020040 -0.91292760
v 0.70326410 -0.06816078 -0.99766640
v 0.69597290 -0.08867291 -0.98129430
v 0.70679620 -0.06434464 -0.87120150
v 0.71470340 -0.01495159 -0.82474160
v 0.70659510 -0.06736419 -0.22538850
v 0.71317380 -0.01629520 -0.16814610
v 0.70651910 -0.07233948 0.01875453
v 0.70317440 -0.07991142 -0.70518830
v 0.70196060 -0.08131657 -0.12919960
v 0.69807790 -0.08746479 -0.06442540
v 0.68482530 -0.10131440 -0.89405670
v 0.69663570 -0.09033218 -0.65751020
v 0.69507950 -0.09242515 -0.34666420
v 0.68084870 -0.10223880 -0.65748570
v 0.68357240 -0.10208580 -0.54028960
v 0.68306060 -0.10175270 -0.32484530
v 0.66814180 -0.11122220 -0.65248940
v 0.67508710 -0.10534450 -0.09871984
v 0.68186920 -0.10197830 0.02081264
v 0.66677370 -0.11172780 -0.05578038
v 0.66578760 -0.11154630 -0.29496860
v 0.64218040 -0.11682220 -0.89414580
v 0.64128400 -0.11720400 -0.50051670
v 0.56735170 -0.12366980 -0.49287140
v 0.56111230 -0.12392110 -0.79413610
v 0.63664490 -0.11801990 -0.14218660
v 0.63508150 -0.11834940 0.17265960
v 0.58408810 -0.12263870 0.01975917
v 0.49724790 -0.12589310 -0.09438512
v 0.44875880 -0.12635900 -0.06206578
v 0.25146360 -0.12660840 -0.81754670
v -0.18487730 -0.12497320 -0.99579870
v -0.07501282 -0.12671990 -0.29156160
v 0.12715640 -0.12639270 -0.15584260
v 0.03929443 -0.12659140 0.07123988
v -0.21232120 -0.12627020 0.08675013
v -0.37158510 -0.12664500 0.03380824
v -0.49390990 -0.12522830 -0.02505528
v -0.55431090 -0.12405410 -0.24984530
v -0.55765960 -0.12391540 0.10364950
v -0.61658870 -0.12013830 0.01653774
v -0.61778410 -0.12016040 -0.35205970
v -0.67329800 -0.10973490 -0.11301430
v -0.64937130 -0.11555790 -0.49869300
v -0.67306670 -0.10856140 -0.23192170
v -0.68645690 -0.09883976 -0.15341830
v -0.67218320 -0.10886930 -0.59982090
v -0.68098510 -0.10122460 -0.58390900
v -0.68803710 -0.09728504 -0.58572300
v -0.69636410 -0.08910874 0.10346030
v -0.69772270 -0.08775616 -0.59002720
v -0.70616570 -0.06853218 -0.11914460
v -0.70472470 -0.07145763 -0.80506380
v -0.70897520 -0.05859176 -0.20443150
v -0.71182250 -0.01338894 0.00298793
v -0.71289000 -0.01638439 -0.18803130
v -0.71278380 -0.01540390 -0.59758700
v -0.71280330 0.01688663 -0.17701450
v -0.71310060 -0.01462658 -0.81120880
v -0.71393800 0.01300644 -0.83694980
vn -0.99984380 -0.00209785 -0.01754894
vn -0.99997280 -0.00058622 -0.00735229
vn -0.99632780 -0.02575098 -0.08165584
vn -0.99321560 0.10977180 -0.03837648
vn -0.98786810 0.15449720 -0.01572875
vn -0.94841240 0.31681020 -0.01205281
vn -0.97531660 0.20569610 -0.08029173
vn -0.99994970 -0.00113098 -0.00996379
vn -0.95839110 0.02208242 -0.28460260
vn -0.95882880 0.12929510 -0.25284400
vn -0.74531630 0.66270730 -0.07295567
vn -0.85802270 0.05327513 -0.51084110
vn -0.89898330 0.01682283 -0.43765980
vn -0.81705210 0.52464320 -0.23911380
vn -0.73522020 -0.04702253 -0.67619540
vn -0.61014150 0.00726794 -0.79225910
vn -0.38040070 -0.02303672 -0.92453490
vn -0.79763130 0.05533278 -0.60060200
vn -0.66717810 -0.01272510 -0.74478950
vn -0.56414370 0.49225020 -0.66289640
vn -0.70938920 0.06449758 -0.70185980
vn -0.66971330 -0.06251558 -0.73998370
vn -0.04175094 0.08310122 -0.99566600
vn -0.05203572 -0.00111308 -0.99864460
vn -0.35420400 0.92101530 -0.16208110
vn -0.45360910 0.39437480 -0.79919170
vn -0.48547290 0.56159040 -0.67002410
vn -0.20178040 0.78775240 -0.58200600
vn -0.15673630 0.05142075 -0.98630090
vn -0.09803855 0.09241109 -0.99088270
vn -0.07151262 0.27915570 -0.95757930
vn -0.04593912 0.45339020 -0.89012740
vn 0.04385993 -0.03983040 -0.99824330
vn 0.04340975 0.01840655 -0.99888780
vn 0.00818707 0.00552711 -0.99995120
vn 0.01165296 -0.01682858 -0.99979050
vn 0.00128953 0.21298740 -0.97705410
vn -0.01276579 0.46538820 -0.88501460
vn 0.00300728 -0.05017864 -0.99873570
vn 0.00136175 -0.00573460 -0.99998270
vn -0.00554487 -0.03045820 -0.99952070
vn -0.01541794 0.00081563 -0.99988080
vn 0.01312791 -0.00535439 -0.99989950
vn 0.01773423 0.02857614 -0.99943430
vn 0.00144583 0.54902610 -0.83580390
vn 0.00108406 0.06733920 -0.99772960
vn -0.00340467 0.00347297 -0.99998820
vn -0.00583789 -0.00016519 -0.99998300
vn -0.00167759 0.49123740 -0.87102410
vn -0.00715893 0.78663520 -0.61737670
vn -0.00231967 0.76630180 -0.64247660
vn -0.00580717 0.95453160 -0.29805320
vn -0.03432288 0.84321640 -0.53647750
vn -0.08366672 0.99215730 -0.09286384
vn 0.00543527 0.83844750 -0.54495530
vn -0.02827148 0.99539560 -0.09158788
vn -0.18170240 0.98244700 -0.04221606
vn -0.05959377 0.99730420 -0.04281192
vn -0.35072440 0.93616800 -0.02412461
vn -0.01568581 0.99753100 -0.06845386
vn -0.00449120 0.99962720 -0.02693032
vn -0.12201790 0.99250500 -0.00675221
vn -0.00094494 0.99583290 -0.09119236
vn -0.00218040 0.97089540 -0.23949400
vn -0.63395110 0.77309040 -0.02091014
vn -0.67017980 0.74194760 -0.01930611
vn -0.28969250 0.95710300 -0.00566497
vn -0.80260230 0.59650760 -0.00287461
vn -0.02847882 0.99951000 -0.01298300
vn -0.00415743 0.99998780 -0.00267096
vn -0.93089460 0.36514960 -0.01004129
vn -0.08389014 0.99647480 -0.00051089
vn -0.20537460 0.97868300 -0.00088686
vn -0.02548681 0.99967500 -0.00040516
vn -0.03274105 0.99946390 -0.00021566
vn -0.00431002 0.99999070 -0.00022789
vn -0.10127130 0.99485890 0.00006172
vn -0.66665380 0.74536710 0.00076461
vn -0.82944200 0.55859290 -0.00005899
vn -0.96853410 0.24887690 -0.00144760
vn -0.41963070 0.90769480 0.00044336
vn -0.64181910 0.76685530 -0.00101753
vn -0.36581050 0.93068930 0.00025444
vn -0.18072590 0.98353340 0.00021606
vn -0.85035710 0.52620600 -0.00030175
vn -0.67049530 0.74191210 -0.00161338
vn -0.40503310 0.91430160 -0.00085256
vn -0.10496060 0.99447640 -0.00004104
vn -0.98107460 0.19360810 -0.00291996
vn -0.99434200 0.10618690 -0.00290684
vn -0.99396810 -0.10820950 -0.01783079
vn -0.98962560 0.14366570 -0.00108797
vn -0.99733170 0.07295761 0.00256949
vn -0.99625780 -0.08641520 -0.00172714
vn -0.65730700 0.75362080 -0.00179934
vn -0.91621290 0.40069090 -0.00084235
vn -0.79332850 0.60879300 0.00094622
vn -0.86612790 0.49981350 0.00297108
vn -0.64020890 0.76819750 0.00225232
vn -0.64876330 0.76097770 0.00435771
vn -0.24482500 0.96956710 -0.00062274
vn -0.99220640 0.12456890 0.00302614
vn -0.34783250 0.93755650 0.00054579
vn -0.78362890 0.62097870 -0.01763762
vn -0.16857520 0.98568860 0.00070218
vn -0.65966690 0.75154570 0.00432062
vn -0.35582300 0.93452190 0.00767128
vn -0.99810910 0.06144657 0.00160691
vn -0.99670250 -0.08114141 0.00023984
vn -0.99885740 -0.04775024 0.00196811
vn -0.99851190 0.05452831 0.00079734
vn -0.99263800 0.12111740 -0.00068556
vn -0.98464470 0.17450330 0.00484314
vn -0.99747500 0.07045735 0.00890521
vn -0.99767910 -0.06787241 0.00546566
vn -0.97461640 0.22366290 0.00988629
vn -0.99750380 0.05797049 0.04031768
vn -0.99757120 -0.05842284 0.03792697
vn -0.85770830 0.51371420 0.02083842
vn -0.97018260 0.23886960 0.04107358
vn -0.66656030 0.74441150 0.03935943
vn -0.95305080 0.27770080 0.12073260
vn -0.43548900 0.89993630 0.02154355
vn -0.12754630 0.99057610 0.04990909
vn -0.38466730 0.92197750 0.04459168
vn -0.06868340 0.97065570 0.23045580
vn -0.08115120 0.99659070 0.01488118
vn -0.70542190 0.70734640 0.04517758
vn -0.04091218 0.99423660 0.09909410
vn -0.01007194 0.98304150 0.18310620
vn -0.05624920 0.99841500 0.00185376
vn -0.00801322 0.99664900 0.08140361
vn -0.01907342 0.99967230 0.01707073
vn -0.40926440 0.90070230 0.14573290
vn -0.68150400 0.59456460 0.42666770
vn -0.29698300 0.91606630 0.26948770
vn -0.48425790 0.75129710 0.44838260
vn -0.31719100 0.56151460 0.76425870
vn -0.11103840 0.79756330 0.59292780
vn -0.31212780 0.78854980 0.52987310
vn -0.50422530 0.20976520 0.83770840
vn -0.69764420 0.49432670 0.51858830
vn -0.96069380 0.15579800 0.22977040
vn -0.98425350 0.11644050 0.13299180
vn -0.99760090 0.03376790 0.06043328
vn -0.05709846 0.84858350 0.52597140
vn -0.05691877 0.53657320 0.84193200
vn -0.01172348 0.90569500 0.42376770
vn -0.01921256 0.71860520 0.69515280
vn -0.96701050 -0.01598633 0.25423430
vn -0.99851840 0.00733183 0.05391907
vn -0.99966960 -0.01675557 0.01949609
vn -0.99372230 -0.00234356 0.11185050
vn -0.99760790 0.02836594 0.06303851
vn -0.99757120 -0.05842284 0.03792697
vn -0.87429580 0.00239416 0.48538760
vn -0.94716920 0.11139470 0.30076860
vn -0.86462510 0.09765104 0.49283650
vn -0.90443310 0.00004720 0.42661550
vn -0.78214960 0.04207528 0.62166850
vn -0.49498610 0.37538530 0.78362910
vn -0.45026430 0.06903811 0.89022240
vn -0.56108000 -0.00059572 0.82776140
vn -0.37295860 0.00290875 0.92784340
vn -0.37196970 0.13930460 0.91773250
vn -0.06605215 0.15996850 0.98490970
vn -0.06943293 0.26078930 0.96289560
vn -0.07507857 0.10273490 0.99187140
vn -0.06442441 -0.08779896 0.99405270
vn -0.10358510 -0.00906446 0.99457930
vn -0.05257316 0.02564028 0.99828790
vn -0.04037797 0.55993680 0.82755090
vn -0.08046335 0.12023650 0.98947910
vn -0.05679314 -0.06400279 0.99633230
vn -0.00620343 0.12836850 0.99170710
vn -0.03228403 0.26157260 0.96464380
vn 0.00772140 0.72892800 0.68454670
vn -0.00164483 0.39189490 0.92000860
vn 0.00184678 0.87540160 0.48339280
vn 0.00401635 0.77639310 0.63023610
vn -0.00445673 0.85569320 0.51746430
vn 0.00174417 0.72674200 0.68690840
vn -0.00983654 0.72091520 0.69295350
vn 0.00539378 0.93844780 0.34537910
vn 0.00437085 0.17362320 0.98480240
vn -0.00216102 0.18776410 0.98221180
vn 0.00220135 0.10002130 0.99498280
vn -0.00204511 -0.08614745 0.99628030
vn -0.00231211 0.25951350 0.96573680
vn 0.00213028 0.11051940 0.99387170
vn 0.00164790 -0.12679330 0.99192770
vn 0.00042910 0.98602760 0.16658140
vn -0.00280164 0.24998620 0.96824530
vn 0.00072800 0.13204210 0.99124380
vn 0.00144457 -0.14157300 0.98992680
vn 0.01993156 0.00587820 0.99978410
vn 0.00381868 0.21681820 0.97620460
vn 0.00000815 0.99729910 0.07344782
vn 0.00442636 0.99451620 0.10448950
vn -0.00306542 0.99967810 0.02518205
vn -0.00049118 0.75285890 0.65818180
vn 0.00535973 0.76558660 0.64331050
vn 0.02212100 0.27176970 0.96210810
vn -0.00201957 0.31222830 0.95000500
vn 0.03041509 0.50159870 0.86456560
vn 0.00056066 0.73473700 0.67835190
vn 0.00334267 0.87440950 0.48517710
vn 0.00274233 0.91113350 0.41210220
vn -0.00206131 0.93893530 0.34408760
vn -0.00294070 0.78217210 0.62305550
vn 0.02074300 0.92949580 0.36824900
vn 0.00100983 0.97064720 0.24050590
vn -0.00790909 0.81924130 0.57339440
vn -0.00359325 0.85286870 0.52211300
vn 0.05212787 0.54020450 0.83991780
vn 0.02646601 0.70108530 0.71258610
vn 0.05199112 0.43012050 0.90127310
vn 0.31584470 0.66402830 0.67772310
vn 0.44578480 0.09928302 0.88961720
vn 0.13733960 0.88582850 0.44322210
vn 0.08113904 0.42647250 0.90085390
vn 0.18401940 0.92465190 0.33340040
vn 0.06008307 0.13108620 0.98954860
vn 0.10737650 0.08477212 0.99059780
vn 0.09088171 0.12321720 0.98820950
vn 0.06903227 0.06788027 0.99530230
vn 0.07061326 -0.09289488 0.99316880
vn 0.10989640 0.01403074 0.99384400
vn 0.51566720 -0.02341790 0.85646890
vn 0.47748040 0.00432928 0.87863170
vn 0.10977480 -0.02795473 0.99356330
vn 0.75019150 -0.00411414 0.66120770
vn 0.80808310 0.00232045 0.58906400
vn 0.77301670 -0.03532326 0.63340150
vn 0.76851800 0.01972177 0.63952420
vn 0.82311020 -0.00724108 0.56783560
vn 0.94280750 0.01625570 0.33294130
vn 0.74568210 0.12439910 0.65458610
vn 0.43298200 0.71601470 0.54758520
vn 0.45479370 0.77097800 0.44582020
vn 0.31030390 0.94729540 0.07964261
vn 0.08160121 0.98172930 0.17189790
vn 0.03030724 0.99473570 0.09788930
vn 0.09828061 0.99442860 0.03811341
vn 0.03270344 0.99873760 0.03812727
vn 0.09690239 0.99519640 0.01393242
vn 0.00138448 0.99882390 0.04846332
vn -0.00037941 0.99921890 0.03951575
vn 0.00002145 0.99996240 0.00866496
vn 0.00696237 0.99992860 0.00971261
vn -0.00215628 0.99999330 0.00295301
vn 0.04497718 0.99898740 0.00112295
vn 0.00446210 0.99998720 0.00236122
vn -0.01552708 0.99987360 0.00340720
vn -0.01843976 0.99982990 0.00039109
vn 0.02637060 0.99965230 0.00004504
vn -0.00142195 0.99999890 -0.00032225
vn -0.01708600 0.99985130 -0.00232587
vn -0.01406689 0.99990110 0.00032800
vn 0.00110138 0.99999930 -0.00061945
vn 0.00019080 0.99999990 -0.00051747
vn 0.04026024 0.99918860 0.00114400
vn -0.00019181 0.99999980 -0.00067872
vn 0.00028722 1.00000000 -0.00014567
vn 0.02649008 0.99964900 -0.00000298
vn 0.00055881 0.99999980 -0.00049491
vn 0.00054891 0.99999980 -0.00037328
vn 0.04896081 0.99880060 -0.00047407
vn 0.00255751 0.99997970 -0.00583344
vn 0.03890020 0.99924300 -0.00047007
vn 0.11223850 0.99368110 -0.00066862
vn -0.00025380 0.99993520 -0.01138524
vn 0.01617630 0.99983180 -0.00864361
vn 0.00526512 0.99962720 -0.02678772
vn -0.00229345 0.99925580 -0.03850305
vn 0.00006932 0.99890970 -0.04668232
vn -0.00122234 0.99572720 -0.09233597
vn 0.00348267 0.99494180 -0.10039250
vn -0.00013947 0.97132050 -0.23777420
vn 0.01116053 0.97698180 -0.21303030
vn 0.01528749 0.99620820 -0.08564784
vn 0.06233592 0.99622980 -0.06033551
vn -0.00305494 0.85233100 -0.52299370
vn 0.05850257 0.99827290 -0.00535200
vn 0.00046424 0.83233870 -0.55426730
vn 0.00617140 0.64459090 -0.76450290
vn -0.00897794 0.54850520 -0.83609890
vn -0.00380583 0.57922370 -0.81515970
vn -0.01681223 0.04865195 -0.99867430
vn -0.00398404 -0.01244321 -0.99991460
vn -0.01335198 -0.00007031 -0.99991080
vn -0.01034537 -0.00260294 -0.99994310
vn 0.00374402 0.05545907 -0.99845400
vn 0.00892121 -0.00024510 -0.99996020
vn 0.00372795 0.64558150 -0.76368230
vn 0.01059383 0.11500580 -0.99330830
vn 0.01404663 0.00117732 -0.99990070
vn -0.01810523 0.54884510 -0.83572800
vn -0.00301583 0.03664676 -0.99932370
vn -0.02658539 0.08807372 -0.99575920
vn -0.00877964 -0.00915648 -0.99991950
vn -0.03289609 -0.00299029 -0.99945430
vn 0.00130852 0.65453060 -0.75603440
vn 0.00210692 0.62412850 -0.78131880
vn 0.00044688 0.80990030 -0.58656740
vn -0.00073635 0.81047010 -0.58577950
vn 0.15345820 0.97342570 -0.16997900
vn 0.03029368 0.70809500 -0.70546720
vn 0.12563660 0.99198690 -0.01332738
vn 0.32283190 0.94643540 -0.00628233
vn 0.12907840 0.99163420 -0.00054594
vn -0.01418831 0.53570410 -0.84428650
vn 0.11543120 0.99331460 -0.00138413
vn 0.11574310 0.99327920 -0.00025517
vn 0.30526040 0.95226790 -0.00142878
vn 0.33820690 0.94107100 -0.00117938
vn 0.35425630 0.93514820 -0.00056924
vn 0.15491940 0.38297690 -0.91067480
vn 0.03740048 0.76376380 -0.64441130
vn 0.04266666 0.12968310 -0.99063710
vn 0.53124720 0.84721630 -0.00104684
vn 0.57921300 0.81513600 0.00811074
vn 0.59322990 0.80503270 -0.00081484
vn 0.71037170 0.70382540 0.00139047
vn 0.63728700 0.77059290 -0.00720576
vn 0.84822020 0.52957020 0.00882277
vn 0.77119550 0.63658390 0.00428447
vn 0.58705490 0.80952640 -0.00579148
vn 0.72257080 0.69129590 -0.00123601
vn 0.53151210 0.84695230 -0.01290860
vn 0.39063790 0.92054380 -0.00106170
vn 0.33902240 0.94077710 -0.00151787
vn 0.83181420 0.55504910 -0.00237516
vn 0.97286960 0.23123870 -0.00731223
vn 0.88811120 0.45918260 -0.02024480
vn 0.61948820 0.78500310 0.00208814
vn 0.49820290 0.86600400 -0.04278820
vn 0.35973360 0.93169670 -0.05032853
vn 0.54285570 0.83042850 -0.12528410
vn 0.84528860 0.53114140 -0.05810245
vn 0.98303310 0.15551160 -0.09727219
vn 0.40829140 0.63848420 -0.65240800
vn 0.94260500 0.22049960 -0.25075080
vn 0.29435020 0.24065610 -0.92490140
vn 0.48168590 0.59207690 -0.64608330
vn 0.52797470 0.37478870 -0.76208670
vn 0.91583430 0.12331860 -0.38215190
vn 0.48637720 0.09628876 -0.86842710
vn 0.97986980 0.05841613 -0.19089960
vn 0.92953030 0.00365013 -0.36872780
vn 0.58793150 -0.04527805 -0.80764260
vn 0.75764660 0.01736326 -0.65243420
vn 0.62617860 0.00452393 -0.77966650
vn 0.45326380 -0.02541690 -0.89101400
vn 0.42360800 0.00634317 -0.90582340
vn 0.30798860 0.18499050 -0.93323170
vn 0.17655320 0.00300040 -0.98428650
vn 0.07252937 -0.02535925 -0.99704380
vn 0.02387278 0.04407119 -0.99874310
vn 0.01466848 -0.07073939 -0.99738700
vn 0.04087825 0.05436883 -0.99768380
vn 0.02286712 -0.01596857 -0.99961100
vn 0.99476530 -0.10207820 -0.00468763
vn 0.99650780 -0.08349176 -0.00111389
vn 0.99518540 0.09779182 -0.00653827
vn 0.99636330 0.08520135 0.00087134
vn 0.99928440 0.03782250 -0.00014429
vn 0.98024980 0.19775770 -0.00149516
vn 0.97459730 0.22396360 0.00045898
vn 0.98312230 0.18294840 0.00064963
vn 0.99866990 0.05153655 0.00156968
vn 0.99851510 0.04832071 -0.02515657
vn 0.99841150 -0.04708453 -0.03094130
vn 0.99476530 -0.10207820 -0.00468763
vn 0.99999240 0.00285286 -0.00267961
vn 0.99107830 0.00351412 -0.13323430
vn 0.99841150 -0.04708453 -0.03094130
vn 0.87718850 0.48014610 0.00042267
vn 0.76228510 0.64724120 0.00014973
vn 0.82856020 0.55976430 0.01233094
vn 0.92915760 0.36891300 0.02386019
vn 0.28611530 0.95819490 0.00070573
vn 0.31683460 0.94848080 0.00005496
vn 0.54119000 0.84090020 -0.00050121
vn 0.61248310 0.79048060 0.00223187
vn 0.30814610 0.95114670 0.01912900
vn 0.57760610 0.81598010 0.02340194
vn 0.66754350 0.74246440 0.05596769
vn 0.79975680 0.56223710 0.21042430
vn 0.95777990 0.26448560 0.11271650
vn 0.97934040 0.19015290 0.06880585
vn 0.66276940 0.68146630 0.31038740
vn 0.64985540 0.66380830 0.37019780
vn 0.90723400 0.23007630 0.35212430
vn 0.94935490 0.08623659 0.30214010
vn 0.98244010 0.11957220 0.14322710
vn 0.98808470 0.00113693 0.15390700
vn 0.99795950 0.00491048 0.06366090
vn 0.99876960 -0.00093492 0.04958084
vn 0.99745430 0.05913982 0.03984164
vn 0.97479270 0.22309860 0.00250405
vn 0.98661640 0.16304660 -0.00200571
vn 0.99563450 0.09327451 0.00342211
vn 0.99647730 -0.08379094 0.00347876
vn 0.99647730 -0.08379094 0.00347876
vn -0.99757120 -0.05842284 0.03792697
vn -0.99760790 0.02836594 0.06303851
vn -0.99372230 -0.00234356 0.11185050
vn -0.98486350 -0.16385770 0.05652202
vn -0.98893990 -0.09173818 0.11654180
vn -0.99966960 -0.01675557 0.01949609
vn -0.99851840 0.00733183 0.05391907
vn -0.96701050 -0.01598633 0.25423430
vn -0.95111100 -0.17542010 0.25419600
vn -0.87429580 0.00239416 0.48538760
vn -0.96368090 -0.21980880 0.15166780
vn -0.96312390 -0.26870180 0.01384197
vn -0.94357540 -0.05476973 0.32659730
vn -0.90443310 0.00004720 0.42661550
vn -0.86263440 -0.28020920 0.42112320
vn -0.99767910 -0.06787241 0.00546566
vn -0.99747500 0.07045735 0.00890521
vn -0.78485230 -0.04590974 0.61797990
vn -0.78214960 0.04207528 0.62166850
vn -0.56108000 -0.00059572 0.82776140
vn -0.43640000 -0.05512886 0.89806230
vn -0.53072630 -0.21550310 0.81968780
vn -0.39933130 -0.19550710 0.89571840
vn -0.58708360 -0.56355940 0.58114860
vn -0.39602410 -0.24632700 0.88458350
vn -0.04347346 -0.62432610 0.77995320
vn -0.27133270 -0.39032560 0.87978660
vn -0.37295860 0.00290875 0.92784340
vn -0.05646773 -0.11595770 0.99164770
vn -0.06442441 -0.08779896 0.99405270
vn -0.06462831 -0.22508340 0.97219380
vn -0.10358510 -0.00906446 0.99457930
vn -0.10254130 -0.13627850 0.98534950
vn -0.05257316 0.02564028 0.99828790
vn -0.05679314 -0.06400279 0.99633230
vn -0.02318923 -0.25771490 0.96594270
vn -0.04316302 -0.57098590 0.81982440
vn 0.00953326 -0.73985990 0.67269350
vn -0.04210107 -0.76066390 0.64777930
vn -0.02493219 -0.89438650 0.44659940
vn -0.07255747 -0.81132170 0.58007970
vn 0.00831142 -0.15961080 0.98714500
vn -0.00156934 -0.39668860 0.91795190
vn -0.00314617 -0.68380200 0.72966090
vn -0.00427063 -0.40460000 0.91448380
vn -0.00204511 -0.08614745 0.99628030
vn -0.00620343 0.12836850 0.99170710
vn -0.00539625 -0.18510530 0.98270390
vn 0.00066122 -0.08823641 0.99609940
vn 0.00220135 0.10002130 0.99498280
vn 0.00164790 -0.12679330 0.99192770
vn 0.00258542 -0.24413580 0.96973750
vn 0.00144457 -0.14157300 0.98992680
vn 0.00676547 -0.16740580 0.98586490
vn -0.00186300 -0.83327200 0.55286030
vn 0.00659256 -0.89920880 0.43747020
vn -0.00647472 -0.88302460 0.46928200
vn -0.00103331 -0.97020270 0.24229240
vn -0.01603983 -0.97980770 0.19929760
vn -0.00875176 -0.99651400 0.08296492
vn -0.08990912 -0.95875130 0.26965230
vn -0.04927566 -0.99416330 0.09597562
vn -0.23909960 -0.83981460 0.48738360
vn -0.24065400 -0.96880900 0.05911766
vn -0.39952190 -0.89937620 0.17749540
vn -0.46339630 -0.75883110 0.45764520
vn -0.49719400 -0.73036470 0.46836460
vn -0.72969720 -0.53988720 0.41959970
vn -0.68703280 -0.72193080 0.08247301
vn -0.62921970 -0.77602140 0.04328154
vn -0.07816075 -0.99676470 0.01873786
vn -0.77626760 -0.63014760 0.01795807
vn -0.23653770 -0.97159500 0.00727816
vn -0.97887200 -0.20438120 0.00615693
vn -0.55586950 -0.83102640 0.02009850
vn -0.66532140 -0.74655000 0.00325642
vn -0.86314910 -0.50494210 0.00265137
vn -0.42403460 -0.90562640 0.00596390
vn -0.98852100 -0.15108360 0.00005592
vn -0.91260370 -0.40883260 0.00319209
vn -0.99904030 -0.04379944 0.00026322
vn -0.99851190 0.05452831 0.00079734
vn -0.99810910 0.06144657 0.00160691
vn -0.99670250 -0.08114141 0.00023984
vn -0.95001450 -0.31218300 0.00379685
vn -0.81614410 -0.57784810 -0.00068479
vn -0.18336890 -0.98303350 0.00459066
vn -0.34762650 -0.93763300 -0.00037492
vn -0.67995920 -0.73324970 -0.00049392
vn -0.69765680 -0.71643190 -0.00064521
vn -0.69995870 -0.71416970 0.00439500
vn -0.65750040 -0.75345340 -0.00107363
vn -0.67873450 -0.73438190 -0.00167912
vn -0.40139370 -0.91590420 0.00161099
vn -0.25968760 -0.96569250 0.00056023
vn -0.37522530 -0.92693350 0.00064048
vn -0.17953190 -0.98375200 0.00055952
vn -0.11819490 -0.99299040 -0.00018497
vn -0.09775343 -0.99521020 0.00093857
vn -0.04977232 -0.99875500 0.00334286
vn -0.04705011 -0.99889250 -0.00024215
vn -0.01963809 -0.99964170 0.01819274
vn -0.01650269 -0.99986390 -0.00016368
vn -0.01383784 -0.99990420 0.00033530
vn -0.01582062 -0.99986330 0.00480348
vn -0.00130350 -0.99999920 0.00009600
vn -0.00314762 -0.99999500 0.00039252
vn 0.00008148 -1.00000000 0.00000136
vn 0.00010819 -1.00000000 0.00009397
vn 0.00427944 -0.99998760 0.00257165
vn 0.00188904 -0.99999820 0.00007802
vn -0.00189296 -0.99999030 0.00398158
vn -0.00249213 -0.99995590 0.00905898
vn -0.00109035 -0.99916100 0.04094110
vn 0.00018905 -0.99973780 0.02289650
vn 0.02775021 -0.99961470 0.00060973
vn 0.02697950 -0.99963610 0.00000609
vn 0.05207141 -0.99864300 0.00093375
vn 0.00019416 -0.99725720 0.07401375
vn 0.01548090 -0.99915840 0.03798381
vn 0.00887669 -0.99993620 0.00698089
vn 0.04535220 -0.99896980 0.00161243
vn -0.00063112 -0.98658910 0.16322260
vn 0.10918720 -0.99402110 -0.00033970
vn 0.11903800 -0.99288960 -0.00046335
vn 0.00495044 -0.99564750 0.09306731
vn 0.15860050 -0.98734160 0.00158772
vn 0.08548097 -0.99621350 0.01586546
vn 0.31425080 -0.94933880 0.00148462
vn 0.32571610 -0.94546670 0.00135052
vn 0.34928660 -0.93701510 -0.00122823
vn 0.26449300 -0.96438720 -0.00098778
vn 0.55060340 -0.83476370 0.00233714
vn 0.58833250 -0.80861860 -0.00094497
vn 0.50423650 -0.86348770 -0.01160684
vn 0.78844820 -0.61509410 0.00296051
vn 0.71026330 -0.70393190 -0.00246642
vn 0.98583390 -0.16772020 -0.00120704
vn 0.67339600 -0.73928170 0.00071348
vn 0.58652320 -0.80993010 0.00194220
vn 0.89306660 -0.44992410 0.00048022
vn 0.79341630 -0.60867580 -0.00208859
vn 0.79813540 -0.60219070 0.01861071
vn 0.59766830 -0.80174270 0.00107445
vn 0.32427450 -0.94585960 0.01398769
vn 0.56735300 -0.82283130 0.03254433
vn 0.27042970 -0.96208720 0.03544259
vn 0.91610520 -0.37600040 0.13919330
vn 0.91266130 -0.40813020 0.02188537
vn 0.69403240 -0.71904100 0.03604287
vn 0.08262065 -0.99582120 0.03890963
vn 0.34615480 -0.93537460 0.07246446
vn 0.26007230 -0.93560210 0.23877040
vn 0.70793350 -0.63909310 0.30064970
vn 0.03046647 -0.99501480 0.09495874
vn 0.01984445 -0.93753210 0.34733210
vn 0.08972419 -0.96642890 0.24075850
vn 0.65264400 -0.67147110 0.35097350
vn 0.00203842 -0.96572460 0.25956110
vn 0.13017540 -0.86744900 0.48019420
vn 0.00156832 -0.90790500 0.41917320
vn -0.00480358 -0.87393070 0.48602680
vn -0.00168982 -0.92268380 0.38555380
vn 0.00109588 -0.75701680 0.65339460
vn -0.01094025 -0.81756790 0.57572830
vn -0.00188223 -0.86110610 0.50842180
vn -0.00249721 -0.74152830 0.67091700
vn 0.00470104 -0.75292670 0.65808760
vn -0.00182012 -0.74052110 0.67203070
vn 0.00120402 -0.74950810 0.66199410
vn 0.01262793 -0.55992010 0.82845030
vn 0.04688309 -0.36430900 0.93009720
vn 0.00331938 -0.32442120 0.94590690
vn 0.02061015 -0.21585210 0.97620860
vn 0.01993156 0.00587820 0.99978410
vn 0.03929995 -0.74991450 0.66036630
vn 0.06941969 -0.46706880 0.88149180
vn 0.08547082 -0.11439290 0.98975190
vn 0.07061326 -0.09289488 0.99316880
vn 0.06576517 -0.14993590 0.98650600
vn 0.31830350 -0.65958060 0.68090840
vn 0.42558720 -0.76980840 0.47567910
vn 0.48792480 -0.76127120 0.42707790
vn 0.78116380 -0.04561383 0.62265760
vn 0.37048660 -0.25042520 0.89444230
vn 0.11099160 -0.10739050 0.98800210
vn 0.10977480 -0.02795473 0.99356330
vn 0.10989640 0.01403074 0.99384400
vn 0.06903227 0.06788027 0.99530230
vn 0.54479460 0.06808916 0.83580060
vn 0.47748040 0.00432928 0.87863170
vn 0.80808310 0.00232045 0.58906400
vn 0.76851800 0.01972177 0.63952420
vn 0.80856840 -0.50570230 0.30080260
vn 0.93739660 -0.05326371 0.34416640
vn 0.82311020 -0.00724108 0.56783560
vn 0.97858140 -0.13289940 0.15721410
vn 0.94280750 0.01625570 0.33294130
vn 0.98808470 0.00113693 0.15390700
vn 0.99795950 0.00491048 0.06366090
vn 0.97701100 -0.19124090 0.09421457
vn 0.98626860 -0.14849110 0.07228263
vn 0.99876960 -0.00093492 0.04958084
vn 0.99746510 -0.05984323 0.03849920
vn 0.99745430 0.05913982 0.03984164
vn 0.99647730 -0.08379094 0.00347876
vn 0.97603490 -0.21759820 0.00262274
vn 0.98789770 -0.15510650 0.00023188
vn 0.99886920 -0.04753375 0.00083352
vn 0.99866990 0.05153655 0.00156968
vn 0.99650780 -0.08349176 -0.00111389
vn 0.99928440 0.03782250 -0.00014429
vn 0.07252937 -0.02535925 -0.99704380
vn 0.62617860 0.00452393 -0.77966650
vn 0.42360800 0.00634317 -0.90582340
vn 0.41947440 0.03219886 -0.90719600
vn 0.55758180 0.01706073 -0.82994670
vn 0.75764660 0.01736326 -0.65243420
vn 0.16736210 -0.06425922 -0.98379910
vn 0.90273810 -0.13190740 -0.40946830
vn 0.92953030 0.00365013 -0.36872780
vn 0.97976160 -0.05220193 -0.19324120
vn 0.97986980 0.05841613 -0.19089960
vn 0.99107830 0.00351412 -0.13323430
vn 0.99999240 0.00285286 -0.00267961
vn 0.99841150 -0.04708453 -0.03094130
vn 0.02636852 0.05966028 -0.99787040
vn 0.04087825 0.05436883 -0.99768380
vn -0.02369999 0.01922293 -0.99953420
vn -0.03289609 -0.00299029 -0.99945430
vn 0.41514770 -0.32067570 -0.85136330
vn 0.02840493 -0.33050940 -0.94337520
vn 0.04520302 -0.01424004 -0.99887630
vn -0.00771547 0.04986722 -0.99872610
vn -0.00877964 -0.00915648 -0.99991950
vn 0.01404663 0.00117732 -0.99990070
vn 0.00878058 -0.05392697 -0.99850620
vn 0.00892121 -0.00024510 -0.99996020
vn -0.01521914 -0.11106350 -0.99369670
vn 0.01557678 -0.02848047 -0.99947300
vn 0.00702407 -0.06721954 -0.99771360
vn -0.01034537 -0.00260294 -0.99994310
vn -0.00070365 -0.57115350 -0.82084300
vn -0.01579626 -0.47993730 -0.87716050
vn -0.01677378 0.01570440 -0.99973600
vn -0.01335198 -0.00007031 -0.99991080
vn -0.00583789 -0.00016519 -0.99998300
vn -0.00097073 -0.64429760 -0.76477410
vn -0.01060856 -0.28036500 -0.95983480
vn -0.00334449 -0.01192418 -0.99992330
vn 0.00653474 -0.06881529 -0.99760810
vn -0.00340467 0.00347297 -0.99998820
vn 0.00549433 -0.53330060 -0.84590790
vn 0.00350352 -0.29126590 -0.95663570
vn 0.00710826 -0.01780692 -0.99981620
vn 0.01312791 -0.00535439 -0.99989950
vn -0.01541794 0.00081563 -0.99988080
vn -0.00170028 0.05189040 -0.99865130
vn 0.00136175 -0.00573460 -0.99998270
vn -0.00108224 0.05260874 -0.99861470
vn 0.00818707 0.00552711 -0.99995120
vn 0.01043295 0.02975073 -0.99950290
vn -0.03942020 -0.08112733 -0.99592390
vn 0.04340975 0.01840655 -0.99888780
vn -0.05203572 -0.00111308 -0.99864460
vn -0.00002025 -0.56381750 -0.82589950
vn -0.01618535 -0.46003170 -0.88775500
vn -0.17446590 0.03667151 -0.98398010
vn -0.38040070 -0.02303672 -0.92453490
vn -0.16153720 -0.12595860 -0.97879520
vn -0.04082793 -0.35516960 -0.93390980
vn -0.30896160 -0.05827511 -0.94928750
vn -0.46158900 -0.31491210 -0.82931660
vn -0.76944180 0.00124690 -0.63871580
vn -0.70701460 0.06218159 -0.70446000
vn -0.68436470 0.02799989 -0.72860210
vn -0.61014150 0.00726794 -0.79225910
vn -0.89898330 0.01682283 -0.43765980
vn -0.12727560 -0.59136960 -0.79629330
vn -0.61811020 0.05573136 -0.78411350
vn -0.85690240 -0.05722070 -0.51229300
vn -0.95839110 0.02208242 -0.28460260
vn -0.61366060 -0.48659100 -0.62181170
vn -0.72787850 -0.65550860 -0.20124930
vn -0.83220350 -0.07975321 -0.54870450
vn -0.96232400 -0.12991290 -0.23886220
vn -0.99994970 -0.00113098 -0.00996379
vn -0.95567910 -0.18530520 -0.22877800
vn -0.90648740 -0.41426280 -0.08165129
vn -0.98589660 -0.15038920 -0.07342225
vn -0.99984380 -0.00209785 -0.01754894
vn -0.99997280 -0.00058622 -0.00735229
vn -0.98196230 -0.18596040 -0.03418887
vn -0.99632780 -0.02575098 -0.08165584
vn -0.70705680 -0.70653370 -0.02967506
vn -0.94381160 -0.33046080 0.00390935
vn -0.99396810 -0.10820950 -0.01783079
vn -0.99321560 0.10977180 -0.03837648
vn -0.49446690 -0.86829470 -0.03958277
vn -0.31178300 -0.95014390 -0.00422215
vn -0.32707580 -0.92589850 -0.18903310
vn -0.69254520 -0.72137240 -0.00173320
vn -0.22644250 -0.97321000 -0.03982586
vn -0.06105650 -0.99678460 -0.05189048
vn -0.11713460 -0.99309070 -0.00708665
vn -0.23570760 -0.83992150 -0.48884950
vn -0.06818558 -0.94350650 -0.32426250
vn -0.00550734 -0.75100800 -0.66027020
vn -0.68623960 -0.72737550 -0.00012683
vn -0.01477049 -0.97924890 -0.20212240
vn 0.00078124 -0.45902130 -0.88842490
vn -0.00386412 -0.77602360 -0.63069210
vn -0.01306844 -0.97214580 -0.23401260
vn 0.00516953 -0.83879640 -0.54442070
vn -0.00219025 -0.69957790 -0.71455290
vn -0.00515174 -0.80188480 -0.59745630
vn -0.00016094 -0.97330940 -0.22949700
vn -0.00074985 -0.63475380 -0.77271410
vn 0.00063054 -0.60116900 -0.79912170
vn 0.00062725 -0.86783790 -0.49684710
vn -0.02044684 -0.72650590 -0.68685610
vn 0.00818437 -0.97710170 -0.21261510
vn -0.00070534 -0.95975880 -0.28082480
vn -0.00925458 -0.46193950 -0.88686310
vn -0.00002211 -0.99557970 -0.09392140
vn 0.01024201 -0.88078020 -0.47341460
vn 0.03264725 -0.71061420 -0.70282410
vn -0.00077457 -0.99570690 -0.09255967
vn 0.00352280 -0.99903290 -0.04382740
vn -0.01582074 -0.99746930 -0.06931665
vn -0.00252606 -0.99981650 -0.01899203
vn -0.01453844 -0.99971510 -0.01892510
vn -0.00264317 -0.99999230 -0.00291260
vn -0.05370039 -0.99852380 -0.00816170
vn 0.00641973 -0.99527330 -0.09690134
vn 0.07072736 -0.99646820 -0.04526432
vn 0.00303198 -0.99963990 -0.02666291
vn 0.00681970 -0.99995730 -0.00623531
vn 0.01786215 -0.99953620 -0.02466684
vn -0.01752219 -0.99984650 -0.00011604
vn 0.02313005 -0.97595290 -0.21675050
vn 0.13544450 -0.87725110 -0.46052740
vn 0.22283160 -0.97238310 -0.06940646
vn 0.10762880 -0.68416530 -0.72134170
vn 0.28881220 -0.20255890 -0.93571230
vn 0.37876460 -0.66218170 -0.64657000
vn 0.50111340 -0.55185220 -0.66659160
vn 0.38148430 -0.91864340 -0.10278140
vn 0.92681750 -0.25585880 -0.27485540
vn 0.67208600 -0.73160370 -0.11426520
vn 0.97669860 -0.15587530 -0.14752200
vn 0.84094690 -0.53710280 -0.06579391
vn 0.52454440 -0.85065090 -0.03530172
vn 0.30805010 -0.95122680 -0.01650987
vn 0.98587370 -0.16609730 -0.02156095
vn 0.87474830 -0.48397660 -0.02412300
vn 0.97928950 -0.20188700 -0.01527998
vn 0.99476530 -0.10207820 -0.00468763
vn 0.98555600 -0.16934410 0.00142698
vn 0.99650780 -0.08349176 -0.00111389
vn 0.98583390 -0.16772020 -0.00120704
vn 0.94404240 -0.32981810 -0.00197331
vn 0.90184190 -0.43205430 -0.00320910
vn 0.71026330 -0.70393190 -0.00246642
vn 0.63341240 -0.77381260 -0.00171362
vn 0.74209490 -0.67029480 0.00027940
vn 0.78395450 -0.62081650 0.00149117
vn 0.58831080 -0.80863300 -0.00174737
vn 0.57079340 -0.82109360 0.00042120
vn 0.56060190 -0.82807200 0.00471686
vn 0.29709250 -0.95484760 -0.00146265
vn 0.60349060 -0.79736290 0.00339365
vn 0.58833250 -0.80861860 -0.00094497
vn 0.26449300 -0.96438720 -0.00098778
vn 0.34935450 -0.93699050 0.00052495
vn 0.12233140 -0.99245490 -0.00825669
vn 0.12112450 -0.99263720 -0.00057595
vn 0.04147657 -0.99913940 0.00008708
vn 0.05210317 -0.99863120 -0.00456886
vn 0.11903800 -0.99288960 -0.00046335
vn 0.10918720 -0.99402110 -0.00033970
vn 0.05207141 -0.99864300 0.00093375
vn 0.02697950 -0.99963610 0.00000609
vn 0.00188904 -0.99999820 0.00007802
vn 0.00057820 -0.99999560 -0.00293437
vn -0.00157374 -0.99986180 -0.01654956
vn 0.00022043 -0.99999990 0.00042381
vn 0.00049001 -0.99999980 0.00051114
vn 0.00010819 -1.00000000 0.00009397
vn 0.00008148 -1.00000000 0.00000136
vn -0.00314762 -0.99999500 0.00039252
vn -0.01383784 -0.99990420 0.00033530
vn -0.03963863 -0.99921410 0.00022108
vn -0.04705011 -0.99889250 -0.00024215
vn -0.11819490 -0.99299040 -0.00018497
vn -0.09295130 -0.99566980 0.00127261
vn -0.25968760 -0.96569250 0.00056023
vn -0.20153970 -0.97947950 0.00126923
vn -0.52992390 -0.84802900 -0.00524759
vn -0.67873450 -0.73438190 -0.00167912
vn -0.41389710 -0.91032110 0.00215802
vn -0.58957410 -0.80771410 -0.00036847
vn -0.65095530 -0.75911530 -0.00104785
vn -0.81614410 -0.57784810 -0.00068479
vn -0.85836850 -0.51303280 -0.00090290
vn -0.95001450 -0.31218300 0.00379685
vn -0.96965820 -0.24443580 -0.00375220
vn -0.98758220 -0.15710200 0.00055691
vn -0.99670250 -0.08114141 0.00023984
vn -0.99885740 -0.04775024 0.00196811
vn -0.99625780 -0.08641520 -0.00172714
vn -0.99733170 0.07295761 0.00256949
vn -0.99513810 -0.09826843 0.00660442
vn -0.99434200 0.10618690 -0.00290684
vt 0.01821253 0.91911300
vt 0.04664004 0.91000100
vt 0.02657483 0.90209190
vt 0.04140500 0.88884730
vt 0.06132603 0.89347470
vt 0.06917376 0.88478800
vt 0.06603930 0.91308080
vt 0.04291916 0.93398610
vt 0.05024508 0.93992970
vt 0.07273398 0.92388120
vt 0.08283789 0.91380580
vt 0.07961489 0.92899100
vt 0.05698815 0.94554230
vt 0.08579559 0.92186810
vt 0.06717671 0.94522390
vt 0.06728251 0.95420520
vt 0.07671616 0.95943560
vt 0.08456896 0.92757280
vt 0.07942823 0.93852650
vt 0.08759094 0.92523530
vt 0.08573464 0.93074570
vt 0.08695904 0.93799140
vt 0.09028623 0.93699470
vt 0.08940176 0.96656940
vt 0.09373609 0.91898310
vt 0.09109543 0.93008920
vt 0.09198494 0.92743130
vt 0.09935651 0.92320540
vt 0.09350494 0.93299230
vt 0.10176840 0.93704940
vt 0.10093740 0.93327930
vt 0.10439990 0.93004080
vt 0.11488680 0.96489770
vt 0.11242150 0.97332600
vt 0.13776690 0.97660710
vt 0.12527070 0.94026830
vt 0.15048830 0.93874220
vt 0.14569390 0.93475290
vt 0.15038540 0.94871650
vt 0.15248850 0.97489170
vt 0.17319960 0.94645210
vt 0.18767460 0.97611200
vt 0.23732990 0.97460380
vt 0.24399410 0.93907620
vt 0.22992080 0.93317770
vt 0.27798040 0.93740180
vt 0.28354780 0.97336300
vt 0.31232980 0.97209450
vt 0.15715120 0.93405020
vt 0.15220710 0.92884900
vt 0.13461330 0.92803730
vt 0.16897330 0.91948150
vt 0.11204290 0.92096820
vt 0.10807210 0.91774450
vt 0.24687120 0.92574400
vt 0.12984470 0.91596740
vt 0.09705064 0.90239920
vt 0.11290660 0.88342920
vt 0.08676267 0.88845430
vt 0.17025550 0.90682360
vt 0.20257230 0.87885230
vt 0.09833182 0.84360790
vt 0.25912220 0.91008250
vt 0.29239370 0.91667600
vt 0.07665355 0.88768900
vt 0.07328809 0.84933920
vt 0.08011542 0.83614650
vt 0.06709481 0.83263430
vt 0.13346590 0.84880630
vt 0.20261910 0.77442140
vt 0.06004870 0.82097720
vt 0.10377030 0.70127080
vt 0.09104375 0.68306860
vt 0.13255260 0.71549240
vt 0.13039730 0.51190680
vt 0.20366740 0.49020460
vt 0.10490650 0.57513690
vt 0.07297341 0.80662520
vt 0.06559271 0.72443710
vt 0.05487275 0.61405920
vt 0.08065257 0.73041110
vt 0.07286013 0.72327540
vt 0.08072979 0.55925180
vt 0.09263692 0.50487510
vt 0.06796516 0.45536570
vt 0.07382692 0.55854860
vt 0.08123798 0.44368050
vt 0.10571760 0.38133880
vt 0.05506206 0.81877020
vt 0.03003619 0.82798910
vt 0.01610143 0.84003010
vt 0.04291836 0.74891820
vt 0.03358180 0.56303500
vt 0.01767359 0.73179570
vt 0.07468916 0.44222960
vt 0.06197679 0.38236480
vt 0.07048757 0.39615740
vt 0.07051880 0.20223440
vt 0.07685054 0.29663280
vt 0.07602844 0.36121340
vt 0.08232064 0.36210160
vt 0.05568463 0.47961000
vt 0.08292679 0.28119590
vt 0.07703040 0.27989470
vt 0.09356598 0.23495490
vt 0.07681651 0.22130180
vt 0.08526177 0.19537040
vt 0.03276274 0.47192910
vt 0.02119086 0.49256950
vt 0.01871524 0.56710830
vt 0.03607148 0.27932600
vt 0.05705774 0.29512610
vt 0.06096006 0.19098440
vt 0.03496045 0.17030360
vt 0.02472789 0.17768370
vt 0.06263459 0.14953350
vt 0.04434798 0.12613690
vt 0.02308354 0.12441460
vt 0.07292024 0.13513630
vt 0.06188697 0.12697450
vt 0.07926885 0.12785670
vt 0.07811741 0.09114355
vt 0.08490858 0.13307330
vt 0.10032060 0.11002480
vt 0.09677253 0.10663240
vt 0.10322990 0.08504826
vt 0.11210050 0.13504730
vt 0.08429969 0.09281132
vt 0.12803740 0.09792355
vt 0.15741520 0.08116007
vt 0.13322190 0.23779350
vt 0.16252230 0.09891722
vt 0.15311640 0.13798940
vt 0.08818398 0.09085813
vt 0.08532933 0.08448777
vt 0.09798569 0.08434138
vt 0.09417678 0.08278963
vt 0.09615640 0.07231557
vt 0.10217780 0.07430241
vt 0.09252725 0.07822734
vt 0.09115876 0.07311440
vt 0.08612368 0.07912955
vt 0.08089126 0.08403718
vt 0.06644861 0.09298515
vt 0.05136446 0.09958893
vt 0.13192130 0.07232314
vt 0.10865740 0.06882584
vt 0.15326960 0.07586336
vt 0.14838660 0.06607106
vt 0.04917926 0.07145801
vt 0.04490751 0.08188385
vt 0.03970522 0.09281698
vt 0.03409177 0.11115840
vt 0.03155545 0.12145620
vt 0.02151663 0.12211260
vt 0.05432350 0.06573176
vt 0.07987005 0.07827216
vt 0.08275295 0.07605791
vt 0.05745390 0.06029123
vt 0.06552873 0.05567032
vt 0.08571524 0.07431862
vt 0.08136589 0.06932873
vt 0.07204495 0.04611108
vt 0.08158285 0.03995663
vt 0.09487949 0.06442565
vt 0.10169960 0.06500539
vt 0.13112710 0.05926988
vt 0.09610505 0.03870043
vt 0.09073845 0.03242245
vt 0.11588400 0.02587631
vt 0.12727880 0.02460718
vt 0.15367670 0.06245863
vt 0.14202500 0.04160482
vt 0.13926040 0.02130452
vt 0.15357890 0.02445301
vt 0.15395580 0.05624032
vt 0.17322380 0.06262484
vt 0.21782670 0.05707595
vt 0.18007520 0.07363564
vt 0.20945850 0.06197736
vt 0.23402880 0.07401106
vt 0.25754710 0.06193113
vt 0.35119970 0.06257057
vt 0.26908140 0.07562026
vt 0.18193540 0.04721099
vt 0.25388850 0.04463676
vt 0.29079970 0.02456355
vt 0.21193870 0.01551375
vt 0.33816650 0.05532065
vt 0.41721640 0.02461234
vt 0.45117950 0.01803136
vt 0.29144930 0.08470616
vt 0.39325490 0.05524194
vt 0.55236850 0.02790138
vt 0.55364440 0.01798326
vt 0.58408600 0.02559412
vt 0.47280810 0.05705643
vt 0.36161030 0.09880999
vt 0.57374970 0.09373739
vt 0.20528620 0.13822920
vt 0.39163580 0.06314048
vt 0.47220960 0.06431708
vt 0.58395870 0.05525905
vt 0.57530280 0.06038031
vt 0.57825420 0.06494346
vt 0.51289600 0.06446859
vt 0.41745500 0.07479700
vt 0.51468690 0.07718492
vt 0.36437800 0.07493109
vt 0.57698580 0.06686610
vt 0.60152040 0.08013800
vt 0.47582600 0.08364543
vt 0.33763200 0.06741396
vt 0.28407010 0.06702009
vt 0.62549650 0.07104599
vt 0.59433580 0.07134953
vt 0.63294300 0.06892428
vt 0.64333700 0.07494396
vt 0.64745820 0.07021326
vt 0.63550000 0.07961252
vt 0.63550730 0.07567504
vt 0.63958000 0.09036112
vt 0.61819390 0.05686173
vt 0.64071490 0.06257567
vt 0.59198890 0.03971836
vt 0.61125790 0.03350952
vt 0.60585370 0.02526754
vt 0.64929410 0.04205966
vt 0.65353910 0.06037399
vt 0.66332260 0.04343510
vt 0.65542580 0.03252000
vt 0.66043750 0.06041861
vt 0.67093130 0.04895651
vt 0.66680360 0.06646994
vt 0.68601760 0.04547617
vt 0.68647780 0.05965498
vt 0.68885680 0.06640822
vt 0.65286120 0.07606596
vt 0.64694810 0.07566762
vt 0.64542530 0.08578628
vt 0.64690520 0.09618226
vt 0.63120010 0.09304070
vt 0.60573080 0.09638631
vt 0.63078690 0.10903000
vt 0.58485040 0.14061500
vt 0.63765280 0.16820710
vt 0.49755160 0.14177500
vt 0.27358570 0.14006320
vt 0.36641160 0.15933700
vt 0.57993110 0.14219520
vt 0.20536050 0.23057970
vt 0.62031730 0.23695760
vt 0.55195980 0.23004550
vt 0.15510990 0.24290920
vt 0.14894780 0.35964650
vt 0.57734920 0.39960630
vt 0.20728080 0.35007520
vt 0.15604830 0.46876290
vt 0.15707680 0.38290560
vt 0.55547750 0.52658770
vt 0.39523410 0.46085870
vt 0.57292060 0.52218470
vt 0.28951110 0.45483350
vt 0.32465940 0.55930410
vt 0.58030520 0.56580110
vt 0.42055480 0.55717960
vt 0.40719310 0.65557900
vt 0.61273490 0.51950250
vt 0.52219710 0.80416060
vt 0.59828450 0.70164520
vt 0.63592460 0.36306880
vt 0.30599710 0.86007650
vt 0.56425320 0.81171320
vt 0.53596770 0.86797520
vt 0.28497080 0.87761560
vt 0.33331560 0.88218880
vt 0.39593290 0.90166050
vt 0.54013790 0.89106610
vt 0.41818100 0.91021800
vt 0.56647430 0.90251740
vt 0.57104400 0.88737820
vt 0.60469990 0.88412000
vt 0.31089960 0.92221780
vt 0.59444210 0.79769060
vt 0.40586140 0.91786730
vt 0.27164400 0.92894950
vt 0.30941250 0.93081070
vt 0.35487080 0.92893410
vt 0.34307790 0.93497680
vt 0.31159390 0.94305180
vt 0.33909520 0.97155620
vt 0.39491650 0.96816510
vt 0.41632260 0.93145910
vt 0.45190500 0.96504120
vt 0.42173450 0.92592530
vt 0.47735210 0.92700330
vt 0.49142660 0.96199100
vt 0.55124120 0.91599400
vt 0.53618030 0.92244400
vt 0.56772160 0.92006390
vt 0.54016350 0.95583930
vt 0.57048310 0.94894640
vt 0.40076700 0.92311070
vt 0.51772170 0.91545220
vt 0.54083840 0.90946410
vt 0.56942570 0.90605330
vt 0.62076460 0.89693390
vt 0.58854480 0.90799920
vt 0.62198380 0.83777430
vt 0.63099270 0.83078280
vt 0.62694670 0.73161700
vt 0.56610690 0.91436010
vt 0.63247380 0.63071890
vt 0.63705800 0.50963010
vt 0.64936050 0.52065540
vt 0.64399960 0.61763070
vt 0.63750780 0.73828880
vt 0.61989650 0.90619250
vt 0.61632700 0.90381160
vt 0.61746540 0.90924420
vt 0.65049330 0.63040940
vt 0.65510380 0.54644670
vt 0.64338360 0.74602250
vt 0.65985240 0.58081660
vt 0.66050980 0.52508470
vt 0.66830230 0.54872230
vt 0.66615680 0.47041100
vt 0.65745320 0.48991630
vt 0.65603800 0.65187860
vt 0.65856150 0.44668220
vt 0.64912670 0.45600630
vt 0.65143260 0.39079310
vt 0.65195200 0.73913540
vt 0.65547680 0.81400700
vt 0.64238950 0.85328040
vt 0.63816420 0.83189990
vt 0.63584610 0.86228390
vt 0.62490830 0.89596970
vt 0.63127010 0.89620310
vt 0.63855390 0.88694910
vt 0.64744840 0.89075860
vt 0.62375270 0.90130600
vt 0.63501210 0.89833490
vt 0.62515150 0.90535720
vt 0.63062370 0.90046250
vt 0.63114750 0.90440850
vt 0.63527260 0.90382930
vt 0.63306010 0.90672790
vt 0.65983800 0.90169460
vt 0.66069770 0.91801100
vt 0.63927610 0.91195480
vt 0.65662430 0.92334590
vt 0.65105190 0.92835870
vt 0.63462330 0.91339020
vt 0.64405810 0.93351750
vt 0.62862260 0.90954900
vt 0.62951050 0.92146340
vt 0.64059160 0.93626460
vt 0.61547840 0.91241910
vt 0.59678100 0.93987020
vt 0.58561870 0.95099520
vt 0.58627620 0.92108650
vt 0.69230200 0.81135420
vt 0.71018370 0.56602100
vt 0.67924680 0.81128870
vt 0.69243820 0.60418450
vt 0.69990290 0.51100510
vt 0.67300860 0.57252090
vt 0.67431830 0.51036390
vt 0.67561400 0.44766050
vt 0.69885720 0.35159510
vt 0.66882950 0.87719260
vt 0.68609720 0.87930800
vt 0.69235600 0.81200630
vt 0.67742570 0.88647700
vt 0.67354540 0.89900640
vt 0.68752620 0.88228290
vt 0.67020020 0.40849960
vt 0.66366340 0.36993550
vt 0.66570300 0.14312560
vt 0.67020360 0.14093770
vt 0.65044490 0.35615950
vt 0.65085330 0.22112820
vt 0.65842200 0.35256990
vt 0.65860580 0.18762230
vt 0.65170630 0.15496170
vt 0.65874050 0.14277450
vt 0.65429480 0.11031200
vt 0.65618220 0.09283885
vt 0.66107710 0.09497797
vt 0.67733190 0.12580360
vt 0.65132640 0.09288371
vt 0.65050660 0.08468336
vt 0.65627130 0.07905179
vt 0.66479560 0.08079606
vt 0.68030200 0.09095079
vt 0.69769300 0.08155596
vt 0.70493250 0.09523705
vt 0.71071180 0.12346810
vt 0.69346040 0.13901540
vt 0.67692590 0.16919360
vt 0.68386410 0.37311620
vt 0.70133730 0.18588330
vt 0.71436540 0.19557620
vt 0.71361660 0.19447890
vt 0.77691660 0.02872440
vt 0.77528260 0.02149661
vt 0.77003180 0.02382765
vt 0.77676090 0.04440638
vt 0.76135640 0.04432039
vt 0.76093780 0.02866174
vt 0.75524600 0.03165239
vt 0.75042350 0.03637477
vt 0.75707860 0.05903129
vt 0.74714640 0.03945940
vt 0.76065140 0.05683559
vt 0.78283520 0.04559938
vt 0.75366220 0.05619815
vt 0.74478080 0.04313948
vt 0.75328270 0.06119153
vt 0.80404910 0.02391277
vt 0.79960850 0.01605257
vt 0.74401400 0.05138889
vt 0.74018800 0.04629917
vt 0.73777960 0.05404086
vt 0.74989700 0.06029582
vt 0.75204960 0.06297764
vt 0.75091070 0.06821837
vt 0.75290300 0.06527235
vt 0.74781650 0.07004851
vt 0.74974700 0.08402063
vt 0.75203940 0.06973910
vt 0.73474900 0.06112621
vt 0.74817230 0.07480222
vt 0.73398900 0.06914659
vt 0.74568160 0.09293346
vt 0.72948610 0.08660789
vt 0.73882090 0.10411030
vt 0.72784260 0.09445509
vt 0.72702810 0.10307800
vt 0.74401560 0.11253820
vt 0.74687970 0.11163330
vt 0.74711260 0.12833270
vt 0.74862590 0.10847180
vt 0.75272040 0.11059600
vt 0.75263290 0.07556584
vt 0.73974830 0.13271470
vt 0.74424580 0.15900990
vt 0.74683240 0.17944070
vt 0.74381700 0.26178510
vt 0.72743300 0.15623530
vt 0.72438850 0.11215070
vt 0.73817100 0.18987620
vt 0.72822780 0.25020550
vt 0.72300800 0.21274990
vt 0.72832030 0.32794460
vt 0.74432280 0.34254270
vt 0.73200840 0.40167670
vt 0.74096550 0.27428430
vt 0.74954760 0.15582870
vt 0.75395830 0.13179290
vt 0.75331880 0.17490970
vt 0.75407220 0.19665910
vt 0.75689610 0.10967960
vt 0.76545470 0.11594990
vt 0.75810350 0.07374427
vt 0.76485200 0.08491457
vt 0.75644790 0.07317865
vt 0.76777280 0.07069482
vt 0.76016550 0.06639650
vt 0.75591720 0.07035024
vt 0.75501470 0.06725764
vt 0.75807030 0.06186531
vt 0.76146540 0.06184698
vt 0.76981220 0.05976477
vt 0.78137830 0.08024862
vt 0.78351960 0.05405417
vt 0.78663040 0.06478061
vt 0.81082140 0.04317997
vt 0.78292440 0.06034487
vt 0.82941630 0.05522117
vt 0.82919580 0.05029222
vt 0.81995910 0.06055055
vt 0.87555960 0.04075259
vt 0.90602080 0.04869109
vt 0.85755470 0.02484808
vt 0.85543660 0.01569911
vt 0.95261720 0.01792910
vt 0.96292070 0.02625829
vt 0.98588610 0.04416641
vt 0.94315700 0.05080583
vt 0.83470470 0.06706525
vt 0.85708560 0.05990749
vt 0.85903310 0.05447055
vt 0.89440160 0.05562721
vt 0.91019480 0.05455242
vt 0.93604240 0.05541621
vt 0.99236750 0.05603000
vt 0.93824930 0.06034782
vt 0.98467250 0.06113153
vt 0.89606900 0.05985726
vt 0.90364120 0.06793378
vt 0.95986570 0.07827634
vt 0.84538580 0.07731472
vt 0.83558950 0.09627725
vt 0.94290770 0.09643270
vt 0.78526160 0.11114450
vt 0.90229350 0.11325750
vt 0.96757980 0.11615590
vt 0.83617410 0.11325780
vt 0.89205380 0.15154450
vt 0.95616250 0.15367580
vt 0.94592200 0.20249310
vt 0.94901190 0.27985660
vt 0.83146200 0.40388120
vt 0.97515850 0.40553890
vt 0.83204510 0.14929060
vt 0.79408330 0.15423430
vt 0.78553900 0.15755600
vt 0.78491770 0.29388460
vt 0.91815610 0.42181640
vt 0.98154040 0.42026420
vt 0.95968500 0.44760010
vt 0.76439780 0.27039130
vt 0.78816510 0.41972460
vt 0.79848330 0.41985560
vt 0.83366830 0.45192940
vt 0.75773100 0.26750760
vt 0.92985440 0.46372520
vt 0.99127580 0.46310510
vt 0.76401950 0.41547480
vt 0.87995300 0.46443130
vt 0.79819940 0.46265140
vt 0.89095680 0.47355770
vt 0.82726680 0.47324880
vt 0.93851080 0.47264330
vt 0.97462500 0.47322260
vt 0.93895020 0.47958600
vt 0.95966570 0.47919150
vt 0.90657980 0.47484190
vt 0.94247700 0.48504170
vt 0.97645780 0.48594980
vt 0.96035500 0.49204980
vt 0.91444280 0.48290930
vt 0.89178850 0.47920890
vt 0.91137840 0.48842160
vt 0.90094370 0.48391800
vt 0.78741920 0.48358240
vt 0.81085810 0.47886760
vt 0.79508230 0.47380580
vt 0.78837410 0.47939110
vt 0.77874570 0.47121440
vt 0.76337430 0.47849250
vt 0.78659160 0.48712160
vt 0.77076610 0.47483600
vt 0.77119770 0.45876920
vt 0.76466230 0.47016280
vt 0.76292630 0.46735270
vt 0.76285270 0.47367500
vt 0.76483090 0.44401340
vt 0.75678340 0.43377800
vt 0.76280060 0.45900290
vt 0.75815520 0.47278020
vt 0.75744060 0.36105470
vt 0.75560680 0.46193700
vt 0.75303670 0.30511800
vt 0.75488010 0.37267070
vt 0.75230710 0.25859730
vt 0.74691150 0.28380830
vt 0.74949190 0.25079950
vt 0.74916990 0.20713070
vt 0.74650500 0.25426020
vt 0.74795260 0.34199430
vt 0.74922320 0.37995580
vt 0.75185410 0.42637200
vt 0.75001650 0.41815540
vt 0.75145270 0.45751520
vt 0.74773490 0.41919000
vt 0.74518910 0.42363730
vt 0.73058960 0.42372980
vt 0.75408270 0.44362200
vt 0.75301640 0.45844860
vt 0.73791070 0.42963510
vt 0.73344990 0.43880270
vt 0.74580760 0.44940670
vt 0.75436260 0.46852730
vt 0.75745450 0.46679450
vt 0.75747130 0.46954190
vt 0.75449910 0.47469800
vt 0.75209250 0.47025500
vt 0.74818180 0.46569820
vt 0.73791580 0.47183740
vt 0.73297510 0.47238490
vt 0.73015440 0.44476130
vt 0.74760830 0.47392370
vt 0.73792760 0.48184720
vt 0.74048460 0.48742640
vt 0.74818500 0.48703060
vt 0.75623930 0.47636010
vt 0.75702820 0.48079230
vt 0.74944880 0.49679150
vt 0.75958160 0.48764170
vt 0.75145630 0.50086800
vt 0.75888630 0.50656760
vt 0.76607590 0.50991920
vt 0.77228150 0.48459600
vt 0.77874050 0.49162270
vt 0.77919130 0.51353700
vt 0.78516420 0.50232810
vt 0.78357220 0.52703980
vt 0.81261340 0.51083500
vt 0.79825870 0.49194960
vt 0.90402700 0.49723910
vt 0.90213040 0.50786850
vt 0.89166800 0.52164010
vt 0.99637750 0.50888600
vt 0.96967570 0.51948670
vt 0.98046150 0.95933470
vt 0.97632840 0.96757210
vt 0.97943630 0.96246270
vt 0.96778920 0.95464900
vt 0.96491560 0.95511250
vt 0.97379880 0.97132550
vt 0.96740280 0.94989790
vt 0.96323520 0.95563950
vt 0.97169440 0.97500920
vt 0.96114970 0.97141960
vt 0.96937330 0.98771330
vt 0.96183060 0.98229670
vt 0.95459280 0.98617910
vt 0.94890110 0.98188630
vt 0.98223440 0.93931490
vt 0.98921240 0.91938160
vt 0.98434380 0.90864090
vt 0.99342730 0.90924920
vt 0.96479350 0.95180150
vt 0.96621700 0.93989290
vt 0.96836580 0.94072100
vt 0.98535430 0.88606100
vt 0.99273260 0.88650670
vt 0.99134900 0.85263490
vt 0.97266360 0.85122140
vt 0.99095800 0.82582660
vt 0.97194980 0.90681720
vt 0.97317390 0.91821720
vt 0.97241890 0.80859390
vt 0.99065890 0.78733710
vt 0.96959130 0.86753380
vt 0.96979260 0.90470240
vt 0.97438990 0.75466040
vt 0.98976310 0.74995080
vt 0.98957010 0.73251000
vt 0.96975110 0.80532540
vt 0.97094570 0.75750730
vt 0.97521850 0.73331140
vt 0.97132050 0.71135000
vt 0.98914920 0.71386840
vt 0.96820010 0.68664940
vt 0.96929050 0.63119250
vt 0.97474950 0.68306650
vt 0.98877290 0.68439380
vt 0.98828550 0.65237210
vt 0.97437710 0.64227990
vt 0.98887380 0.62942670
vt 0.97411630 0.62754540
vt 0.98715620 0.62012520
vt 0.96904270 0.61365150
vt 0.96734110 0.59761690
vt 0.98497000 0.60328710
vt 0.98135390 0.58840360
vt 0.96916820 0.75668270
vt 0.96714350 0.62702530
vt 0.97166490 0.59067260
vt 0.97776970 0.57967150
vt 0.96474680 0.59311210
vt 0.96523760 0.59799220
vt 0.96565260 0.59031220
vt 0.96325810 0.59051920
vt 0.96310900 0.58693670
vt 0.96845460 0.58639600
vt 0.96963250 0.57530020
vt 0.97405190 0.57443480
vt 0.96940810 0.56797360
vt 0.96233170 0.59614310
vt 0.96685180 0.58278240
vt 0.96378920 0.58053800
vt 0.96586910 0.56450240
vt 0.96124420 0.58915910
vt 0.95893570 0.58790590
vt 0.96167880 0.58566620
vt 0.95975360 0.57786470
vt 0.96164670 0.56212130
vt 0.95932080 0.58549490
vt 0.95317970 0.58327250
vt 0.95420670 0.57568370
vt 0.95160590 0.56422950
vt 0.95799390 0.54739000
vt 0.94532690 0.57400160
vt 0.94695900 0.55508400
vt 0.94343100 0.58307270
vt 0.92870220 0.57772020
vt 0.91794200 0.55525450
vt 0.94412880 0.54431210
vt 0.95261030 0.59024710
vt 0.91888900 0.58645630
vt 0.95796940 0.59289740
vt 0.92477390 0.58174960
vt 0.94928150 0.59499260
vt 0.95068850 0.60487730
vt 0.92239260 0.59636720
vt 0.96018420 0.59687850
vt 0.95884310 0.60236910
vt 0.96381090 0.62350550
vt 0.90980210 0.58226700
vt 0.95893570 0.61923330
vt 0.96668300 0.63435410
vt 0.96440820 0.64359690
vt 0.95967490 0.64218850
vt 0.96414230 0.70164930
vt 0.96692870 0.71058110
vt 0.96513250 0.73958090
vt 0.96184030 0.72629150
vt 0.96778520 0.79045040
vt 0.96806500 0.87224420
vt 0.96517490 0.87458460
vt 0.96640630 0.90048740
vt 0.96251620 0.89747300
vt 0.96166490 0.79382320
vt 0.96855280 0.90703810
vt 0.95651730 0.79896440
vt 0.96449270 0.90779810
vt 0.96462580 0.93142350
vt 0.95725640 0.70347460
vt 0.94524170 0.75525820
vt 0.95270050 0.64635650
vt 0.94019340 0.66532870
vt 0.92787120 0.63158690
vt 0.88790300 0.66593950
vt 0.92344310 0.61791760
vt 0.95501100 0.89355150
vt 0.95256230 0.93333280
vt 0.94498800 0.88344850
vt 0.91133510 0.89703870
vt 0.92897370 0.90434630
vt 0.85923560 0.63250490
vt 0.95980270 0.92913100
vt 0.96045430 0.94411390
vt 0.95839410 0.94421680
vt 0.96326550 0.94302950
vt 0.96408710 0.94788210
vt 0.96172680 0.94716720
vt 0.96149360 0.95192940
vt 0.95929960 0.94996160
vt 0.96125470 0.95480750
vt 0.95880410 0.95276950
vt 0.95634480 0.96299350
vt 0.95444240 0.95756460
vt 0.93951450 0.95589140
vt 0.92718480 0.95181130
vt 0.94444600 0.96579640
vt 0.94052230 0.96008520
vt 0.91961100 0.96932840
vt 0.91071810 0.98470650
vt 0.79527620 0.97463100
vt 0.78417480 0.99037620
vt 0.74760370 0.97510150
vt 0.88834830 0.96647370
vt 0.77663060 0.97116660
vt 0.76395180 0.96956720
vt 0.92402370 0.95668300
vt 0.87940690 0.96354750
vt 0.81977250 0.96545260
vt 0.87925880 0.95808940
vt 0.85696290 0.95965710
vt 0.81540780 0.96133360
vt 0.87820020 0.95386500
vt 0.77071770 0.96076850
vt 0.74690400 0.96343570
vt 0.76209120 0.95802050
vt 0.80945900 0.95600570
vt 0.92350380 0.94481770
vt 0.84904590 0.94755650
vt 0.84712300 0.92728690
vt 0.90449870 0.92365530
vt 0.77899550 0.94884130
vt 0.71663860 0.94940390
vt 0.74692360 0.93477440
vt 0.76911190 0.90997390
vt 0.76263270 0.89661430
vt 0.90839280 0.83890750
vt 0.94181750 0.71907880
vt 0.80657390 0.75032000
vt 0.78046550 0.80670750
vt 0.73608800 0.78258890
vt 0.73295110 0.71240070
vt 0.74334750 0.66811120
vt 0.75493870 0.63407120
vt 0.79878190 0.61768460
vt 0.72989080 0.61617730
vt 0.74710710 0.59970490
vt 0.81860140 0.60048030
vt 0.77229170 0.58415030
vt 0.84710430 0.59215250
vt 0.79529500 0.58444870
vt 0.78010380 0.57952190
vt 0.86684070 0.58588900
vt 0.86378080 0.58253490
vt 0.86415820 0.58028120
vt 0.73014390 0.57478230
vt 0.86502310 0.57652580
vt 0.77352390 0.56875860
vt 0.90574340 0.57258730
vt 0.78985760 0.56616790
vt 0.75020860 0.55251150
vt 0.78685830 0.55406190
vt 0.86458290 0.55523810
vt 0.78487050 0.54461810
vt 0.90711880 0.55491830
vt 0.91223470 0.54670880
f 3/3/3 2/2/2 1/1/1
f 3/3/3 4/4/4 2/2/2
f 2/2/2 4/4/4 5/5/5
f 5/5/5 4/4/4 6/6/6
f 2/2/2 5/5/5 7/7/7
f 6/6/6 7/7/7 5/5/5
f 8/8/8 2/2/2 7/7/7
f 9/9/9 8/8/8 7/7/7
f 10/10/10 9/9/9 7/7/7
f 11/11/11 7/7/7 6/6/6
f 11/11/11 10/10/10 7/7/7
f 12/12/12 9/9/9 10/10/10
f 13/13/13 9/9/9 12/12/12
f 14/14/14 10/10/10 11/11/11
f 12/12/12 10/10/10 14/14/14
f 12/12/12 15/15/15 13/13/13
f 16/16/16 13/13/13 15/15/15
f 17/17/17 16/16/16 15/15/15
f 12/12/12 18/18/18 15/15/15
f 14/14/14 18/18/18 12/12/12
f 19/19/19 17/17/17 15/15/15
f 18/18/18 19/19/19 15/15/15
f 18/18/18 14/14/14 20/20/20
f 18/18/18 21/21/21 19/19/19
f 20/20/20 21/21/21 18/18/18
f 19/19/19 22/22/22 17/17/17
f 21/21/21 22/22/22 19/19/19
f 23/23/23 17/17/17 22/22/22
f 22/22/22 21/21/21 23/23/23
f 17/17/17 23/23/23 24/24/24
f 25/25/25 14/14/14 11/11/11
f 14/14/14 25/25/25 20/20/20
f 21/21/21 26/26/26 23/23/23
f 20/20/20 27/27/27 21/21/21
f 21/21/21 27/27/27 26/26/26
f 20/20/20 28/28/28 27/27/27
f 20/20/20 25/25/25 28/28/28
f 28/28/28 26/26/26 27/27/27
f 23/23/23 29/29/29 24/24/24
f 23/23/23 26/26/26 29/29/29
f 29/29/29 30/30/30 24/24/24
f 31/31/31 29/29/29 26/26/26
f 30/30/30 29/29/29 31/31/31
f 31/31/31 26/26/26 32/32/32
f 32/32/32 26/26/26 28/28/28
f 33/33/33 24/24/24 30/30/30
f 34/34/34 24/24/24 33/33/33
f 35/35/35 34/34/34 33/33/33
f 35/35/35 33/33/33 36/36/36
f 36/36/36 33/33/33 30/30/30
f 30/30/30 37/37/37 36/36/36
f 38/38/38 30/30/30 31/31/31
f 38/38/38 31/31/31 32/32/32
f 30/30/30 38/38/38 37/37/37
f 35/35/35 36/36/36 39/39/39
f 37/37/37 39/39/39 36/36/36
f 40/40/40 35/35/35 39/39/39
f 41/41/41 40/40/40 39/39/39
f 41/41/41 39/39/39 37/37/37
f 40/40/40 41/41/41 42/42/42
f 43/43/43 42/42/42 41/41/41
f 41/41/41 44/44/44 43/43/43
f 37/37/37 44/44/44 41/41/41
f 37/37/37 45/45/45 44/44/44
f 45/45/45 46/46/46 44/44/44
f 47/47/47 43/43/43 44/44/44
f 47/47/47 44/44/44 46/46/46
f 48/48/48 47/47/47 46/46/46
f 49/49/49 37/37/37 38/38/38
f 49/49/49 45/45/45 37/37/37
f 49/49/49 38/38/38 50/50/50
f 49/49/49 50/50/50 45/45/45
f 50/50/50 38/38/38 51/51/51
f 51/51/51 52/52/52 50/50/50
f 38/38/38 32/32/32 51/51/51
f 51/51/51 32/32/32 53/53/53
f 51/51/51 53/53/53 52/52/52
f 32/32/32 28/28/28 53/53/53
f 53/53/53 28/28/28 54/54/54
f 28/28/28 25/25/25 54/54/54
f 55/55/55 45/45/45 50/50/50
f 50/50/50 52/52/52 55/55/55
f 52/52/52 53/53/53 56/56/56
f 56/56/56 53/53/53 54/54/54
f 54/54/54 25/25/25 57/57/57
f 56/56/56 54/54/54 58/58/58
f 57/57/57 58/58/58 54/54/54
f 25/25/25 59/59/59 57/57/57
f 25/25/25 11/11/11 59/59/59
f 56/56/56 60/60/60 52/52/52
f 58/58/58 60/60/60 56/56/56
f 61/61/61 60/60/60 58/58/58
f 62/62/62 58/58/58 57/57/57
f 62/62/62 57/57/57 59/59/59
f 63/63/63 52/52/52 60/60/60
f 63/63/63 60/60/60 61/61/61
f 64/64/64 55/55/55 52/52/52
f 64/64/64 52/52/52 63/63/63
f 65/65/65 59/59/59 11/11/11
f 65/65/65 11/11/11 6/6/6
f 65/65/65 66/66/66 59/59/59
f 66/66/66 65/65/65 6/6/6
f 66/66/66 67/67/67 59/59/59
f 62/62/62 59/59/59 67/67/67
f 66/66/66 6/6/6 68/68/68
f 67/67/67 66/66/66 68/68/68
f 58/58/58 62/62/62 69/69/69
f 58/58/58 69/69/69 61/61/61
f 70/70/70 61/61/61 69/69/69
f 6/6/6 71/71/71 68/68/68
f 6/6/6 4/4/4 71/71/71
f 62/62/62 72/72/72 69/69/69
f 73/73/73 62/62/62 67/67/67
f 73/73/73 72/72/72 62/62/62
f 74/74/74 70/70/70 69/69/69
f 69/69/69 72/72/72 74/74/74
f 74/74/74 72/72/72 75/75/75
f 74/74/74 76/76/76 70/70/70
f 74/74/74 75/75/75 76/76/76
f 73/73/73 77/77/77 72/72/72
f 72/72/72 77/77/77 75/75/75
f 67/67/67 68/68/68 78/78/78
f 68/68/68 71/71/71 79/79/79
f 78/78/78 68/68/68 79/79/79
f 80/80/80 79/79/79 71/71/71
f 67/67/67 78/78/78 81/81/81
f 81/81/81 73/73/73 67/67/67
f 82/82/82 78/78/78 79/79/79
f 78/78/78 82/82/82 81/81/81
f 81/81/81 83/83/83 73/73/73
f 83/83/83 81/81/81 82/82/82
f 84/84/84 77/77/77 73/73/73
f 73/73/73 83/83/83 84/84/84
f 82/82/82 79/79/79 85/85/85
f 79/79/79 80/80/80 85/85/85
f 82/82/82 86/86/86 83/83/83
f 86/86/86 82/82/82 85/85/85
f 87/87/87 83/83/83 86/86/86
f 87/87/87 84/84/84 83/83/83
f 88/88/88 77/77/77 84/84/84
f 77/77/77 88/88/88 75/75/75
f 71/71/71 89/89/89 80/80/80
f 71/71/71 4/4/4 89/89/89
f 4/4/4 90/90/90 89/89/89
f 4/4/4 91/91/91 90/90/90
f 92/92/92 89/89/89 90/90/90
f 92/92/92 80/80/80 89/89/89
f 90/90/90 93/93/93 92/92/92
f 80/80/80 92/92/92 93/93/93
f 90/90/90 94/94/94 93/93/93
f 95/95/95 87/87/87 86/86/86
f 95/95/95 86/86/86 85/85/85
f 80/80/80 96/96/96 85/85/85
f 97/97/97 95/95/95 85/85/85
f 97/97/97 85/85/85 96/96/96
f 98/98/98 97/97/97 96/96/96
f 98/98/98 99/99/99 97/97/97
f 100/100/100 95/95/95 97/97/97
f 95/95/95 100/100/100 87/87/87
f 99/99/99 100/100/100 97/97/97
f 101/101/101 87/87/87 100/100/100
f 100/100/100 99/99/99 101/101/101
f 87/87/87 101/101/101 84/84/84
f 84/84/84 101/101/101 88/88/88
f 102/102/102 80/80/80 93/93/93
f 96/96/96 80/80/80 102/102/102
f 103/103/103 101/101/101 99/99/99
f 99/99/99 98/98/98 104/104/104
f 99/99/99 104/104/104 103/103/103
f 101/101/101 105/105/105 88/88/88
f 105/105/105 101/101/101 103/103/103
f 103/103/103 104/104/104 106/106/106
f 104/104/104 98/98/98 106/106/106
f 103/103/103 107/107/107 105/105/105
f 107/107/107 103/103/103 106/106/106
f 102/102/102 93/93/93 108/108/108
f 93/93/93 109/109/109 108/108/108
f 110/110/110 109/109/109 93/93/93
f 108/108/108 111/111/111 102/102/102
f 102/102/102 112/112/112 96/96/96
f 102/102/102 111/111/111 112/112/112
f 113/113/113 96/96/96 112/112/112
f 112/112/112 111/111/111 113/113/113
f 96/96/96 113/113/113 98/98/98
f 111/111/111 114/114/114 113/113/113
f 115/115/115 114/114/114 111/111/111
f 113/113/113 114/114/114 116/116/116
f 116/116/116 98/98/98 113/113/113
f 114/114/114 117/117/117 116/116/116
f 117/117/117 114/114/114 118/118/118
f 116/116/116 119/119/119 98/98/98
f 116/116/116 117/117/117 120/120/120
f 116/116/116 120/120/120 119/119/119
f 119/119/119 121/121/121 98/98/98
f 106/106/106 98/98/98 121/121/121
f 119/119/119 120/120/120 122/122/122
f 119/119/119 122/122/122 121/121/121
f 123/123/123 106/106/106 121/121/121
f 123/123/123 107/107/107 106/106/106
f 107/107/107 123/123/123 124/124/124
f 124/124/124 105/105/105 107/107/107
f 125/125/125 123/123/123 121/121/121
f 125/125/125 124/124/124 123/123/123
f 124/124/124 125/125/125 126/126/126
f 124/124/124 127/127/127 105/105/105
f 88/88/88 105/105/105 127/127/127
f 121/121/121 122/122/122 128/128/128
f 125/125/125 121/121/121 128/128/128
f 126/126/126 129/129/129 124/124/124
f 124/124/124 129/129/129 127/127/127
f 130/130/130 129/129/129 126/126/126
f 88/88/88 127/127/127 131/131/131
f 75/75/75 88/88/88 131/131/131
f 129/129/129 132/132/132 127/127/127
f 132/132/132 129/129/129 130/130/130
f 131/131/131 127/127/127 133/133/133
f 132/132/132 133/133/133 127/127/127
f 125/125/125 128/128/128 134/134/134
f 128/128/128 122/122/122 135/135/135
f 134/134/134 128/128/128 135/135/135
f 134/134/134 136/136/136 125/125/125
f 126/126/126 125/125/125 136/136/136
f 137/137/137 134/134/134 135/135/135
f 137/137/137 136/136/136 134/134/134
f 138/138/138 136/136/136 137/137/137
f 126/126/126 136/136/136 139/139/139
f 138/138/138 139/139/139 136/136/136
f 140/140/140 137/137/137 135/135/135
f 138/138/138 137/137/137 140/140/140
f 138/138/138 140/140/140 141/141/141
f 142/142/142 140/140/140 135/135/135
f 140/140/140 142/142/142 141/141/141
f 143/143/143 135/135/135 122/122/122
f 142/142/142 135/135/135 143/143/143
f 143/143/143 122/122/122 144/144/144
f 122/122/122 120/120/120 144/144/144
f 145/145/145 144/144/144 120/120/120
f 117/117/117 145/145/145 120/120/120
f 139/139/139 146/146/146 126/126/126
f 147/147/147 139/139/139 138/138/138
f 146/146/146 139/139/139 147/147/147
f 148/148/148 126/126/126 146/146/146
f 148/148/148 130/130/130 126/126/126
f 147/147/147 149/149/149 146/146/146
f 149/149/149 148/148/148 146/146/146
f 144/144/144 150/150/150 143/143/143
f 144/144/144 151/151/151 150/150/150
f 144/144/144 145/145/145 151/151/151
f 151/151/151 145/145/145 152/152/152
f 153/153/153 152/152/152 145/145/145
f 117/117/117 153/153/153 145/145/145
f 154/154/154 153/153/153 117/117/117
f 117/117/117 155/155/155 154/154/154
f 150/150/150 156/156/156 143/143/143
f 143/143/143 156/156/156 157/157/157
f 142/142/142 143/143/143 157/157/157
f 158/158/158 157/157/157 156/156/156
f 142/142/142 157/157/157 158/158/158
f 156/156/156 159/159/159 158/158/158
f 160/160/160 158/158/158 159/159/159
f 161/161/161 142/142/142 158/158/158
f 161/161/161 141/141/141 142/142/142
f 158/158/158 160/160/160 162/162/162
f 162/162/162 161/161/161 158/158/158
f 161/161/161 162/162/162 141/141/141
f 160/160/160 163/163/163 162/162/162
f 141/141/141 162/162/162 163/163/163
f 163/163/163 164/164/164 141/141/141
f 164/164/164 165/165/165 141/141/141
f 138/138/138 141/141/141 165/165/165
f 165/165/165 166/166/166 138/138/138
f 165/165/165 164/164/164 166/166/166
f 166/166/166 147/147/147 138/138/138
f 147/147/147 166/166/166 167/167/167
f 164/164/164 168/168/168 166/166/166
f 166/166/166 168/168/168 167/167/167
f 169/169/169 168/168/168 164/164/164
f 168/168/168 169/169/169 170/170/170
f 168/168/168 170/170/170 167/167/167
f 167/167/167 170/170/170 171/171/171
f 172/172/172 147/147/147 167/167/167
f 172/172/172 149/149/149 147/147/147
f 167/167/167 171/171/171 173/173/173
f 171/171/171 174/174/174 173/173/173
f 173/173/173 174/174/174 175/175/175
f 167/167/167 173/173/173 176/176/176
f 172/172/172 167/167/167 176/176/176
f 176/176/176 173/173/173 175/175/175
f 177/177/177 149/149/149 172/172/172
f 177/177/177 172/172/172 176/176/176
f 178/178/178 177/177/177 176/176/176
f 177/177/177 148/148/148 149/149/149
f 179/179/179 148/148/148 177/177/177
f 130/130/130 148/148/148 179/179/179
f 179/179/179 177/177/177 180/180/180
f 180/180/180 177/177/177 178/178/178
f 180/180/180 181/181/181 179/179/179
f 181/181/181 130/130/130 179/179/179
f 181/181/181 180/180/180 182/182/182
f 182/182/182 180/180/180 178/178/178
f 183/183/183 182/182/182 178/178/178
f 130/130/130 181/181/181 184/184/184
f 184/184/184 181/181/181 182/182/182
f 175/175/175 185/185/185 176/176/176
f 176/176/176 185/185/185 178/178/178
f 186/186/186 185/185/185 175/175/175
f 178/178/178 185/185/185 186/186/186
f 175/175/175 187/187/187 186/186/186
f 175/175/175 188/188/188 187/187/187
f 178/178/178 186/186/186 189/189/189
f 187/187/187 189/189/189 186/186/186
f 183/183/183 178/178/178 189/189/189
f 190/190/190 189/189/189 187/187/187
f 187/187/187 191/191/191 190/190/190
f 130/130/130 184/184/184 192/192/192
f 130/130/130 192/192/192 132/132/132
f 183/183/183 189/189/189 193/193/193
f 189/189/189 190/190/190 193/193/193
f 191/191/191 194/194/194 190/190/190
f 194/194/194 191/191/191 195/195/195
f 195/195/195 196/196/196 194/194/194
f 193/193/193 190/190/190 197/197/197
f 197/197/197 190/190/190 194/194/194
f 132/132/132 192/192/192 198/198/198
f 192/192/192 199/199/199 198/198/198
f 132/132/132 198/198/198 200/200/200
f 133/133/133 132/132/132 200/200/200
f 183/183/183 193/193/193 201/201/201
f 193/193/193 197/197/197 202/202/202
f 202/202/202 201/201/201 193/193/193
f 194/194/194 196/196/196 203/203/203
f 204/204/204 197/197/197 194/194/194
f 194/194/194 203/203/203 204/204/204
f 204/204/204 205/205/205 197/197/197
f 205/205/205 204/204/204 203/203/203
f 206/206/206 202/202/202 197/197/197
f 206/206/206 197/197/197 205/205/205
f 207/207/207 201/201/201 202/202/202
f 208/208/208 202/202/202 206/206/206
f 208/208/208 207/207/207 202/202/202
f 207/207/207 209/209/209 201/201/201
f 209/209/209 183/183/183 201/201/201
f 210/210/210 206/206/206 205/205/205
f 210/210/210 208/208/208 206/206/206
f 211/211/211 208/208/208 210/210/210
f 212/212/212 207/207/207 208/208/208
f 207/207/207 212/212/212 209/209/209
f 199/199/199 212/212/212 208/208/208
f 199/199/199 208/208/208 211/211/211
f 209/209/209 212/212/212 192/192/192
f 199/199/199 192/192/192 212/212/212
f 192/192/192 184/184/184 209/209/209
f 209/209/209 213/213/213 183/183/183
f 184/184/184 213/213/213 209/209/209
f 213/213/213 214/214/214 183/183/183
f 213/213/213 184/184/184 214/214/214
f 214/214/214 182/182/182 183/183/183
f 214/214/214 184/184/184 182/182/182
f 210/210/210 205/205/205 215/215/215
f 211/211/211 210/210/210 216/216/216
f 216/216/216 210/210/210 215/215/215
f 215/215/215 205/205/205 217/217/217
f 218/218/218 215/215/215 217/217/217
f 217/217/217 219/219/219 218/218/218
f 217/217/217 205/205/205 203/203/203
f 220/220/220 216/216/216 215/215/215
f 220/220/220 211/211/211 216/216/216
f 218/218/218 221/221/221 215/215/215
f 221/221/221 220/220/220 215/215/215
f 221/221/221 218/218/218 220/220/220
f 222/222/222 211/211/211 220/220/220
f 218/218/218 222/222/222 220/220/220
f 217/217/217 203/203/203 223/223/223
f 224/224/224 219/219/219 217/217/217
f 217/217/217 223/223/223 224/224/224
f 225/225/225 223/223/223 203/203/203
f 203/203/203 196/196/196 225/225/225
f 196/196/196 226/226/226 225/225/225
f 225/225/225 226/226/226 223/223/223
f 226/226/226 196/196/196 227/227/227
f 228/228/228 223/223/223 226/226/226
f 223/223/223 228/228/228 224/224/224
f 224/224/224 228/228/228 229/229/229
f 224/224/224 229/229/229 219/219/219
f 228/228/228 230/230/230 229/229/229
f 230/230/230 228/228/228 231/231/231
f 229/229/229 230/230/230 232/232/232
f 232/232/232 219/219/219 229/229/229
f 230/230/230 233/233/233 232/232/232
f 232/232/232 233/233/233 234/234/234
f 219/219/219 232/232/232 234/234/234
f 233/233/233 235/235/235 234/234/234
f 236/236/236 234/234/234 235/235/235
f 234/234/234 236/236/236 237/237/237
f 238/238/238 219/219/219 234/234/234
f 239/239/239 219/219/219 238/238/238
f 239/239/239 218/218/218 219/219/219
f 218/218/218 239/239/239 240/240/240
f 239/239/239 238/238/238 240/240/240
f 240/240/240 222/222/222 218/218/218
f 241/241/241 222/222/222 240/240/240
f 241/241/241 242/242/242 222/222/222
f 242/242/242 211/211/211 222/222/222
f 242/242/242 243/243/243 211/211/211
f 199/199/199 211/211/211 243/243/243
f 244/244/244 243/243/243 242/242/242
f 242/242/242 241/241/241 244/244/244
f 243/243/243 245/245/245 199/199/199
f 245/245/245 243/243/243 244/244/244
f 246/246/246 244/244/244 241/241/241
f 246/246/246 245/245/245 244/244/244
f 247/247/247 199/199/199 245/245/245
f 199/199/199 247/247/247 198/198/198
f 247/247/247 248/248/248 198/198/198
f 248/248/248 200/200/200 198/198/198
f 248/248/248 247/247/247 249/249/249
f 249/249/249 200/200/200 248/248/248
f 245/245/245 250/250/250 247/247/247
f 250/250/250 249/249/249 247/247/247
f 251/251/251 200/200/200 249/249/249
f 251/251/251 133/133/133 200/200/200
f 245/245/245 246/246/246 252/252/252
f 250/250/250 245/245/245 252/252/252
f 253/253/253 249/249/249 250/250/250
f 249/249/249 253/253/253 251/251/251
f 251/251/251 254/254/254 133/133/133
f 131/131/131 133/133/133 254/254/254
f 254/254/254 255/255/255 131/131/131
f 255/255/255 254/254/254 251/251/251
f 255/255/255 75/75/75 131/131/131
f 250/250/250 252/252/252 256/256/256
f 253/253/253 250/250/250 256/256/256
f 257/257/257 251/251/251 253/253/253
f 251/251/251 257/257/257 255/255/255
f 258/258/258 75/75/75 255/255/255
f 75/75/75 258/258/258 76/76/76
f 258/258/258 255/255/255 259/259/259
f 259/259/259 255/255/255 257/257/257
f 258/258/258 259/259/259 76/76/76
f 76/76/76 259/259/259 257/257/257
f 260/260/260 253/253/253 256/256/256
f 253/253/253 260/260/260 261/261/261
f 261/261/261 257/257/257 253/253/253
f 256/256/256 262/262/262 260/260/260
f 263/263/263 76/76/76 257/257/257
f 261/261/261 263/263/263 257/257/257
f 264/264/264 76/76/76 263/263/263
f 264/264/264 263/263/263 261/261/261
f 76/76/76 264/264/264 70/70/70
f 265/265/265 262/262/262 256/256/256
f 262/262/262 265/265/265 260/260/260
f 264/264/264 261/261/261 266/266/266
f 260/260/260 266/266/266 261/261/261
f 266/266/266 267/267/267 264/264/264
f 267/267/267 70/70/70 264/264/264
f 266/266/266 260/260/260 267/267/267
f 268/268/268 265/265/265 256/256/256
f 268/268/268 256/256/256 252/252/252
f 267/267/267 269/269/269 70/70/70
f 260/260/260 269/269/269 267/267/267
f 260/260/260 265/265/265 270/270/270
f 265/265/265 268/268/268 270/270/270
f 268/268/268 252/252/252 271/271/271
f 252/252/252 246/246/246 271/271/271
f 272/272/272 70/70/70 269/269/269
f 61/61/61 70/70/70 272/272/272
f 273/273/273 269/269/269 260/260/260
f 260/260/260 270/270/270 273/273/273
f 269/269/269 274/274/274 272/272/272
f 274/274/274 269/269/269 273/273/273
f 275/275/275 61/61/61 272/272/272
f 276/276/276 275/275/275 272/272/272
f 276/276/276 61/61/61 275/275/275
f 274/274/274 276/276/276 272/272/272
f 63/63/63 61/61/61 276/276/276
f 277/277/277 63/63/63 276/276/276
f 63/63/63 277/277/277 64/64/64
f 276/276/276 278/278/278 277/277/277
f 274/274/274 278/278/278 276/276/276
f 279/279/279 64/64/64 277/277/277
f 278/278/278 279/279/279 277/277/277
f 278/278/278 280/280/280 279/279/279
f 278/278/278 274/274/274 281/281/281
f 281/281/281 280/280/280 278/278/278
f 281/281/281 274/274/274 282/282/282
f 274/274/274 273/273/273 282/282/282
f 282/282/282 280/280/280 281/281/281
f 64/64/64 279/279/279 283/283/283
f 283/283/283 55/55/55 64/64/64
f 282/282/282 273/273/273 284/284/284
f 273/273/273 270/270/270 284/284/284
f 280/280/280 285/285/285 279/279/279
f 285/285/285 283/283/283 279/279/279
f 286/286/286 55/55/55 283/283/283
f 55/55/55 286/286/286 45/45/45
f 286/286/286 287/287/287 45/45/45
f 283/283/283 287/287/287 286/286/286
f 46/46/46 45/45/45 287/287/287
f 283/283/283 288/288/288 287/287/287
f 288/288/288 283/283/283 285/285/285
f 288/288/288 46/46/46 287/287/287
f 46/46/46 288/288/288 289/289/289
f 290/290/290 46/46/46 289/289/289
f 46/46/46 290/290/290 48/48/48
f 290/290/290 289/289/289 48/48/48
f 289/289/289 291/291/291 48/48/48
f 291/291/291 289/289/289 292/292/292
f 293/293/293 292/292/292 289/289/289
f 293/293/293 294/294/294 292/292/292
f 288/288/288 295/295/295 289/289/289
f 295/295/295 293/293/293 289/289/289
f 296/296/296 294/294/294 293/293/293
f 295/295/295 296/296/296 293/293/293
f 294/294/294 296/296/296 297/297/297
f 295/295/295 298/298/298 296/296/296
f 298/298/298 299/299/299 296/296/296
f 298/298/298 300/300/300 299/299/299
f 296/296/296 301/301/301 297/297/297
f 299/299/299 301/301/301 296/296/296
f 299/299/299 300/300/300 301/301/301
f 300/300/300 302/302/302 301/301/301
f 295/295/295 288/288/288 303/303/303
f 303/303/303 288/288/288 285/285/285
f 303/303/303 304/304/304 295/295/295
f 285/285/285 304/304/304 303/303/303
f 304/304/304 298/298/298 295/295/295
f 305/305/305 304/304/304 285/285/285
f 298/298/298 304/304/304 305/305/305
f 285/285/285 280/280/280 305/305/305
f 306/306/306 305/305/305 280/280/280
f 305/305/305 306/306/306 298/298/298
f 307/307/307 306/306/306 280/280/280
f 282/282/282 307/307/307 280/280/280
f 307/307/307 308/308/308 306/306/306
f 308/308/308 298/298/298 306/306/306
f 307/307/307 282/282/282 309/309/309
f 309/309/309 310/310/310 307/307/307
f 284/284/284 309/309/309 282/282/282
f 309/309/309 284/284/284 311/311/311
f 311/311/311 310/310/310 309/309/309
f 284/284/284 270/270/270 311/311/311
f 298/298/298 308/308/308 312/312/312
f 298/298/298 312/312/312 300/300/300
f 313/313/313 311/311/311 270/270/270
f 268/268/268 313/313/313 270/270/270
f 268/268/268 314/314/314 313/313/313
f 313/313/313 314/314/314 315/315/315
f 314/314/314 268/268/268 271/271/271
f 311/311/311 313/313/313 316/316/316
f 313/313/313 315/315/315 316/316/316
f 310/310/310 311/311/311 317/317/317
f 311/311/311 316/316/316 317/317/317
f 318/318/318 312/312/312 308/308/308
f 319/319/319 318/318/318 308/308/308
f 319/319/319 308/308/308 307/307/307
f 307/307/307 318/318/318 319/319/319
f 318/318/318 320/320/320 312/312/312
f 312/312/312 320/320/320 300/300/300
f 317/317/317 316/316/316 321/321/321
f 315/315/315 322/322/322 316/316/316
f 322/322/322 321/321/321 316/316/316
f 310/310/310 317/317/317 323/323/323
f 323/323/323 317/317/317 321/321/321
f 324/324/324 321/321/321 322/322/322
f 325/325/325 322/322/322 315/315/315
f 324/324/324 322/322/322 325/325/325
f 325/325/325 326/326/326 324/324/324
f 327/327/327 326/326/326 325/325/325
f 325/325/325 328/328/328 327/327/327
f 315/315/315 328/328/328 325/325/325
f 329/329/329 321/321/321 324/324/324
f 323/323/323 321/321/321 329/329/329
f 326/326/326 329/329/329 324/324/324
f 330/330/330 328/328/328 315/315/315
f 328/328/328 330/330/330 327/327/327
f 331/331/331 330/330/330 315/315/315
f 315/315/315 314/314/314 331/331/331
f 332/332/332 330/330/330 331/331/331
f 331/331/331 314/314/314 332/332/332
f 330/330/330 332/332/332 327/327/327
f 314/314/314 271/271/271 332/332/332
f 333/333/333 323/323/323 329/329/329
f 333/333/333 329/329/329 326/326/326
f 333/333/333 326/326/326 334/334/334
f 335/335/335 323/323/323 333/333/333
f 335/335/335 333/333/333 334/334/334
f 323/323/323 335/335/335 336/336/336
f 310/310/310 323/323/323 336/336/336
f 310/310/310 336/336/336 337/337/337
f 335/335/335 337/337/337 336/336/336
f 310/310/310 337/337/337 338/338/338
f 310/310/310 338/338/338 307/307/307
f 337/337/337 339/339/339 338/338/338
f 339/339/339 307/307/307 338/338/338
f 340/340/340 337/337/337 335/335/335
f 340/340/340 339/339/339 337/337/337
f 340/340/340 335/335/335 341/341/341
f 335/335/335 334/334/334 341/341/341
f 339/339/339 342/342/342 307/307/307
f 342/342/342 318/318/318 307/307/307
f 339/339/339 340/340/340 343/343/343
f 340/340/340 341/341/341 343/343/343
f 342/342/342 344/344/344 318/318/318
f 344/344/344 320/320/320 318/318/318
f 342/342/342 339/339/339 345/345/345
f 343/343/343 345/345/345 339/339/339
f 345/345/345 344/344/344 342/342/342
f 344/344/344 345/345/345 346/346/346
f 346/346/346 345/345/345 347/347/347
f 343/343/343 347/347/347 345/345/345
f 348/348/348 344/344/344 346/346/346
f 348/348/348 320/320/320 344/344/344
f 348/348/348 346/346/346 347/347/347
f 349/349/349 343/343/343 341/341/341
f 343/343/343 350/350/350 347/347/347
f 350/350/350 343/343/343 349/349/349
f 350/350/350 351/351/351 347/347/347
f 347/347/347 351/351/351 348/348/348
f 350/350/350 352/352/352 351/351/351
f 352/352/352 353/353/353 351/351/351
f 351/351/351 353/353/353 354/354/354
f 354/354/354 348/348/348 351/351/351
f 355/355/355 354/354/354 353/353/353
f 320/320/320 348/348/348 356/356/356
f 354/354/354 356/356/356 348/348/348
f 357/357/357 354/354/354 355/355/355
f 356/356/356 354/354/354 357/357/357
f 357/357/357 355/355/355 358/358/358
f 320/320/320 356/356/356 359/359/359
f 359/359/359 356/356/356 357/357/357
f 357/357/357 358/358/358 359/359/359
f 320/320/320 359/359/359 300/300/300
f 360/360/360 359/359/359 358/358/358
f 358/358/358 361/361/361 360/360/360
f 360/360/360 361/361/361 302/302/302
f 300/300/300 362/362/362 302/302/302
f 359/359/359 362/362/362 300/300/300
f 362/362/362 359/359/359 360/360/360
f 302/302/302 362/362/362 360/360/360
f 365/365/365 364/364/364 363/363/363
f 364/364/364 365/365/365 366/366/366
f 366/366/366 367/367/367 364/364/364
f 365/365/365 334/334/334 366/366/366
f 367/367/367 366/366/366 368/368/368
f 366/366/366 334/334/334 368/368/368
f 334/334/334 326/326/326 368/368/368
f 369/369/369 368/368/368 326/326/326
f 369/369/369 367/367/367 368/368/368
f 369/369/369 370/370/370 367/367/367
f 326/326/326 327/327/327 369/369/369
f 369/369/369 327/327/327 370/370/370
f 371/371/371 367/367/367 370/370/370
f 365/365/365 372/372/372 334/334/334
f 334/334/334 372/372/372 341/341/341
f 341/341/341 372/372/372 349/349/349
f 373/373/373 372/372/372 365/365/365
f 374/374/374 373/373/373 365/365/365
f 349/349/349 372/372/372 375/375/375
f 376/376/376 349/349/349 375/375/375
f 372/372/372 377/377/377 375/375/375
f 378/378/378 370/370/370 327/327/327
f 379/379/379 378/378/378 327/327/327
f 380/380/380 378/378/378 379/379/379
f 332/332/332 379/379/379 327/327/327
f 370/370/370 378/378/378 381/381/381
f 380/380/380 381/381/381 378/378/378
f 332/332/332 382/382/382 379/379/379
f 382/382/382 332/332/332 271/271/271
f 382/382/382 271/271/271 383/383/383
f 383/383/383 271/271/271 246/246/246
f 382/382/382 384/384/384 379/379/379
f 384/384/384 382/382/382 383/383/383
f 384/384/384 385/385/385 379/379/379
f 385/385/385 384/384/384 383/383/383
f 385/385/385 380/380/380 379/379/379
f 383/383/383 246/246/246 386/386/386
f 383/383/383 386/386/386 385/385/385
f 241/241/241 386/386/386 246/246/246
f 385/385/385 386/386/386 387/387/387
f 385/385/385 387/387/387 380/380/380
f 388/388/388 387/387/387 386/386/386
f 386/386/386 241/241/241 388/388/388
f 387/387/387 388/388/388 380/380/380
f 241/241/241 389/389/389 388/388/388
f 388/388/388 390/390/390 380/380/380
f 388/388/388 389/389/389 390/390/390
f 380/380/380 391/391/391 381/381/381
f 391/391/391 380/380/380 390/390/390
f 389/389/389 241/241/241 392/392/392
f 392/392/392 241/241/241 240/240/240
f 392/392/392 240/240/240 393/393/393
f 389/389/389 392/392/392 393/393/393
f 238/238/238 393/393/393 240/240/240
f 238/238/238 394/394/394 393/393/393
f 393/393/393 394/394/394 389/389/389
f 394/394/394 238/238/238 234/234/234
f 389/389/389 394/394/394 395/395/395
f 234/234/234 395/395/395 394/394/394
f 389/389/389 395/395/395 390/390/390
f 395/395/395 234/234/234 237/237/237
f 395/395/395 237/237/237 396/396/396
f 390/390/390 395/395/395 396/396/396
f 237/237/237 397/397/397 396/396/396
f 396/396/396 397/397/397 398/398/398
f 396/396/396 398/398/398 390/390/390
f 390/390/390 398/398/398 391/391/391
f 391/391/391 398/398/398 399/399/399
f 391/391/391 399/399/399 400/400/400
f 381/381/381 391/391/391 400/400/400
f 401/401/401 381/381/381 400/400/400
f 370/370/370 381/381/381 401/401/401
f 370/370/370 401/401/401 402/402/402
f 370/370/370 402/402/402 371/371/371
f 402/402/402 401/401/401 371/371/371
f 401/401/401 400/400/400 403/403/403
f 401/401/401 403/403/403 371/371/371
f 400/400/400 404/404/404 403/403/403
f 403/403/403 405/405/405 371/371/371
f 408/408/408 407/407/407 406/406/406
f 409/409/409 408/408/408 406/406/406
f 409/409/409 410/410/410 408/408/408
f 410/410/410 411/411/411 408/408/408
f 412/412/412 411/411/411 410/410/410
f 412/412/412 410/410/410 413/413/413
f 410/410/410 414/414/414 413/413/413
f 413/413/413 414/414/414 415/415/415
f 416/416/416 410/410/410 409/409/409
f 416/416/416 414/414/414 410/410/410
f 406/406/406 417/417/417 409/409/409
f 409/409/409 417/417/417 416/416/416
f 414/414/414 418/418/418 415/415/415
f 419/419/419 415/415/415 418/418/418
f 420/420/420 419/419/419 418/418/418
f 418/418/418 414/414/414 420/420/420
f 417/417/417 406/406/406 421/421/421
f 406/406/406 422/422/422 421/421/421
f 420/420/420 423/423/423 419/419/419
f 424/424/424 419/419/419 423/423/423
f 423/423/423 425/425/425 424/424/424
f 423/423/423 420/420/420 426/426/426
f 425/425/425 423/423/423 426/426/426
f 420/420/420 427/427/427 426/426/426
f 428/428/428 425/425/425 426/426/426
f 428/428/428 426/426/426 427/427/427
f 427/427/427 420/420/420 429/429/429
f 414/414/414 429/429/429 420/420/420
f 427/427/427 429/429/429 428/428/428
f 430/430/430 425/425/425 428/428/428
f 431/431/431 430/430/430 428/428/428
f 432/432/432 431/431/431 428/428/428
f 429/429/429 432/432/432 428/428/428
f 430/430/430 433/433/433 425/425/425
f 430/430/430 434/434/434 433/433/433
f 430/430/430 431/431/431 434/434/434
f 433/433/433 434/434/434 435/435/435
f 434/434/434 436/436/436 435/435/435
f 434/434/434 431/431/431 436/436/436
f 437/437/437 435/435/435 436/436/436
f 438/438/438 437/437/437 436/436/436
f 439/439/439 437/437/437 438/438/438
f 440/440/440 439/439/439 438/438/438
f 441/441/441 438/438/438 436/436/436
f 441/441/441 440/440/440 438/438/438
f 431/431/431 442/442/442 436/436/436
f 441/441/441 436/436/436 442/442/442
f 442/442/442 443/443/443 441/441/441
f 444/444/444 442/442/442 431/431/431
f 444/444/444 443/443/443 442/442/442
f 431/431/431 445/445/445 444/444/444
f 443/443/443 444/444/444 445/445/445
f 445/445/445 431/431/431 446/446/446
f 431/431/431 432/432/432 446/446/446
f 441/441/441 447/447/447 440/440/440
f 441/441/441 443/443/443 448/448/448
f 441/441/441 448/448/448 447/447/447
f 443/443/443 449/449/449 448/448/448
f 448/448/448 449/449/449 450/450/450
f 447/447/447 451/451/451 440/440/440
f 440/440/440 451/451/451 452/452/452
f 448/448/448 453/453/453 447/447/447
f 447/447/447 453/453/453 451/451/451
f 448/448/448 450/450/450 453/453/453
f 453/453/453 454/454/454 451/451/451
f 451/451/451 454/454/454 455/455/455
f 454/454/454 456/456/456 455/455/455
f 456/456/456 454/454/454 457/457/457
f 456/456/456 457/457/457 458/458/458
f 453/453/453 459/459/459 454/454/454
f 453/453/453 450/450/450 459/459/459
f 457/457/457 454/454/454 459/459/459
f 459/459/459 450/450/450 457/457/457
f 443/443/443 460/460/460 449/449/449
f 460/460/460 443/443/443 461/461/461
f 445/445/445 461/461/461 443/443/443
f 461/461/461 462/462/462 460/460/460
f 449/449/449 460/460/460 462/462/462
f 463/463/463 449/449/449 462/462/462
f 462/462/462 461/461/461 464/464/464
f 445/445/445 464/464/464 461/461/461
f 462/462/462 464/464/464 463/463/463
f 463/463/463 464/464/464 465/465/465
f 466/466/466 464/464/464 445/445/445
f 466/466/466 445/445/445 446/446/446
f 464/464/464 467/467/467 465/465/465
f 466/466/466 467/467/467 464/464/464
f 468/468/468 466/466/466 446/446/446
f 468/468/468 446/446/446 432/432/432
f 469/469/469 467/467/467 466/466/466
f 470/470/470 466/466/466 468/468/468
f 466/466/466 470/470/470 469/469/469
f 432/432/432 471/471/471 468/468/468
f 471/471/471 470/470/470 468/468/468
f 432/432/432 472/472/472 471/471/471
f 429/429/429 472/472/472 432/432/432
f 472/472/472 473/473/473 471/471/471
f 473/473/473 472/472/472 429/429/429
f 471/471/471 473/473/473 470/470/470
f 429/429/429 414/414/414 473/473/473
f 473/473/473 414/414/414 474/474/474
f 474/474/474 470/470/470 473/473/473
f 416/416/416 474/474/474 414/414/414
f 475/475/475 470/470/470 474/474/474
f 416/416/416 475/475/475 474/474/474
f 470/470/470 475/475/475 469/469/469
f 476/476/476 467/467/467 469/469/469
f 467/467/467 476/476/476 465/465/465
f 416/416/416 477/477/477 475/475/475
f 477/477/477 416/416/416 417/417/417
f 469/469/469 475/475/475 478/478/478
f 478/478/478 476/476/476 469/469/469
f 417/417/417 479/479/479 477/477/477
f 417/417/417 421/421/421 479/479/479
f 475/475/475 480/480/480 478/478/478
f 477/477/477 480/480/480 475/475/475
f 481/481/481 480/480/480 477/477/477
f 477/477/477 479/479/479 482/482/482
f 482/482/482 481/481/481 477/477/477
f 483/483/483 478/478/478 480/480/480
f 481/481/481 483/483/483 480/480/480
f 484/484/484 479/479/479 421/421/421
f 485/485/485 482/482/482 479/479/479
f 485/485/485 479/479/479 484/484/484
f 484/484/484 421/421/421 486/486/486
f 421/421/421 487/487/487 486/486/486
f 488/488/488 486/486/486 487/487/487
f 486/486/486 488/488/488 489/489/489
f 486/486/486 489/489/489 484/484/484
f 490/490/490 484/484/484 489/489/489
f 490/490/490 485/485/485 484/484/484
f 491/491/491 485/485/485 490/490/490
f 492/492/492 478/478/478 483/483/483
f 493/493/493 483/483/483 481/481/481
f 493/493/493 492/492/492 483/483/483
f 494/494/494 481/481/481 482/482/482
f 494/494/494 493/493/493 481/481/481
f 482/482/482 485/485/485 495/495/495
f 482/482/482 495/495/495 494/494/494
f 485/485/485 491/491/491 496/496/496
f 495/495/495 485/485/485 496/496/496
f 491/491/491 497/497/497 496/496/496
f 496/496/496 497/497/497 495/495/495
f 498/498/498 497/497/497 491/491/491
f 497/497/497 498/498/498 499/499/499
f 495/495/495 497/497/497 499/499/499
f 498/498/498 500/500/500 499/499/499
f 501/501/501 494/494/494 495/495/495
f 501/501/501 493/493/493 494/494/494
f 499/499/499 501/501/501 495/495/495
f 499/499/499 500/500/500 502/502/502
f 502/502/502 501/501/501 499/499/499
f 502/502/502 493/493/493 501/501/501
f 493/493/493 502/502/502 492/492/492
f 500/500/500 503/503/503 502/502/502
f 504/504/504 492/492/492 502/502/502
f 502/502/502 503/503/503 504/504/504
f 492/492/492 504/504/504 478/478/478
f 476/476/476 478/478/478 504/504/504
f 505/505/505 504/504/504 503/503/503
f 505/505/505 476/476/476 504/504/504
f 503/503/503 506/506/506 505/505/505
f 507/507/507 476/476/476 505/505/505
f 507/507/507 465/465/465 476/476/476
f 506/506/506 508/508/508 505/505/505
f 508/508/508 506/506/506 509/509/509
f 510/510/510 507/507/507 505/505/505
f 510/510/510 505/505/505 508/508/508
f 508/508/508 509/509/509 511/511/511
f 512/512/512 511/511/511 509/509/509
f 512/512/512 513/513/513 511/511/511
f 513/513/513 514/514/514 511/511/511
f 514/514/514 515/515/515 511/511/511
f 515/515/515 514/514/514 516/516/516
f 508/508/508 517/517/517 510/510/510
f 508/508/508 511/511/511 517/517/517
f 510/510/510 517/517/517 507/507/507
f 517/517/517 511/511/511 515/515/515
f 517/517/517 518/518/518 507/507/507
f 515/515/515 518/518/518 517/517/517
f 519/519/519 507/507/507 518/518/518
f 465/465/465 507/507/507 519/519/519
f 520/520/520 519/519/519 518/518/518
f 515/515/515 520/520/520 518/518/518
f 516/516/516 521/521/521 515/515/515
f 522/522/522 521/521/521 516/516/516
f 521/521/521 522/522/522 523/523/523
f 519/519/519 524/524/524 465/465/465
f 519/519/519 520/520/520 524/524/524
f 524/524/524 520/520/520 525/525/525
f 515/515/515 526/526/526 520/520/520
f 521/521/521 526/526/526 515/515/515
f 525/525/525 520/520/520 526/526/526
f 521/521/521 527/527/527 526/526/526
f 523/523/523 527/527/527 521/521/521
f 526/526/526 527/527/527 525/525/525
f 528/528/528 465/465/465 524/524/524
f 465/465/465 528/528/528 463/463/463
f 527/527/527 523/523/523 529/529/529
f 530/530/530 529/529/529 523/523/523
f 525/525/525 531/531/531 524/524/524
f 531/531/531 528/528/528 524/524/524
f 532/532/532 527/527/527 529/529/529
f 533/533/533 525/525/525 527/527/527
f 533/533/533 527/527/527 532/532/532
f 532/532/532 529/529/529 534/534/534
f 535/535/535 533/533/533 532/532/532
f 534/534/534 535/535/535 532/532/532
f 536/536/536 534/534/534 529/529/529
f 529/529/529 537/537/537 536/536/536
f 536/536/536 537/537/537 538/538/538
f 537/537/537 539/539/539 538/538/538
f 536/536/536 540/540/540 534/534/534
f 540/540/540 536/536/536 538/538/538
f 538/538/538 539/539/539 541/541/541
f 541/541/541 539/539/539 542/542/542
f 543/543/543 541/541/541 542/542/542
f 544/544/544 538/538/538 541/541/541
f 538/538/538 544/544/544 540/540/540
f 534/534/534 540/540/540 545/545/545
f 545/545/545 535/535/535 534/534/534
f 544/544/544 541/541/541 546/546/546
f 543/543/543 546/546/546 541/541/541
f 547/547/547 540/540/540 544/544/544
f 545/545/545 540/540/540 547/547/547
f 544/544/544 546/546/546 547/547/547
f 548/548/548 545/545/545 547/547/547
f 548/548/548 547/547/547 546/546/546
f 535/535/535 545/545/545 549/549/549
f 549/549/549 545/545/545 548/548/548
f 535/535/535 549/549/549 550/550/550
f 533/533/533 535/535/535 550/550/550
f 549/549/549 551/551/551 550/550/550
f 551/551/551 549/549/549 548/548/548
f 533/533/533 550/550/550 552/552/552
f 552/552/552 550/550/550 551/551/551
f 553/553/553 551/551/551 548/548/548
f 553/553/553 548/548/548 554/554/554
f 548/548/548 546/546/546 554/554/554
f 555/555/555 551/551/551 553/553/553
f 551/551/551 555/555/555 552/552/552
f 556/556/556 533/533/533 552/552/552
f 525/525/525 533/533/533 556/556/556
f 557/557/557 552/552/552 555/555/555
f 557/557/557 556/556/556 552/552/552
f 556/556/556 557/557/557 558/558/558
f 557/557/557 555/555/555 559/559/559
f 559/559/559 555/555/555 553/553/553
f 558/558/558 557/557/557 559/559/559
f 556/556/556 560/560/560 525/525/525
f 531/531/531 525/525/525 560/560/560
f 560/560/560 561/561/561 531/531/531
f 560/560/560 556/556/556 562/562/562
f 556/556/556 558/558/558 562/562/562
f 561/561/561 560/560/560 562/562/562
f 559/559/559 553/553/553 563/563/563
f 563/563/563 558/558/558 559/559/559
f 564/564/564 531/531/531 561/561/561
f 528/528/528 531/531/531 564/564/564
f 561/561/561 562/562/562 565/565/565
f 558/558/558 565/565/565 562/562/562
f 566/566/566 528/528/528 564/564/564
f 564/564/564 561/561/561 567/567/567
f 566/566/566 564/564/564 567/567/567
f 528/528/528 566/566/566 568/568/568
f 463/463/463 528/528/528 568/568/568
f 569/569/569 568/568/568 566/566/566
f 570/570/570 463/463/463 568/568/568
f 569/569/569 570/570/570 568/568/568
f 570/570/570 571/571/571 463/463/463
f 571/571/571 449/449/449 463/463/463
f 572/572/572 571/571/571 570/570/570
f 449/449/449 571/571/571 572/572/572
f 570/570/570 569/569/569 572/572/572
f 449/449/449 572/572/572 450/450/450
f 450/450/450 572/572/572 569/569/569
f 569/569/569 566/566/566 573/573/573
f 569/569/569 573/573/573 450/450/450
f 566/566/566 567/567/567 573/573/573
f 457/457/457 450/450/450 573/573/573
f 574/574/574 573/573/573 567/567/567
f 573/573/573 574/574/574 457/457/457
f 575/575/575 567/567/567 561/561/561
f 575/575/575 574/574/574 567/567/567
f 457/457/457 574/574/574 576/576/576
f 574/574/574 575/575/575 576/576/576
f 576/576/576 575/575/575 577/577/577
f 576/576/576 577/577/577 578/578/578
f 576/576/576 578/578/578 457/457/457
f 578/578/578 458/458/458 457/457/457
f 458/458/458 578/578/578 579/579/579
f 577/577/577 579/579/579 578/578/578
f 458/458/458 579/579/579 580/580/580
f 561/561/561 581/581/581 575/575/575
f 581/581/581 561/561/561 565/565/565
f 575/575/575 581/581/581 582/582/582
f 575/575/575 582/582/582 577/577/577
f 565/565/565 582/582/582 581/581/581
f 580/580/580 579/579/579 583/583/583
f 583/583/583 584/584/584 580/580/580
f 585/585/585 583/583/583 579/579/579
f 585/585/585 579/579/579 577/577/577
f 584/584/584 583/583/583 585/585/585
f 582/582/582 565/565/565 586/586/586
f 577/577/577 582/582/582 586/586/586
f 587/587/587 586/586/586 565/565/565
f 587/587/587 565/565/565 558/558/558
f 558/558/558 588/588/588 587/587/587
f 586/586/586 587/587/587 588/588/588
f 588/588/588 589/589/589 586/586/586
f 588/588/588 558/558/558 563/563/563
f 563/563/563 589/589/589 588/588/588
f 586/586/586 590/590/590 577/577/577
f 589/589/589 590/590/590 586/586/586
f 585/585/585 577/577/577 591/591/591
f 577/577/577 590/590/590 591/591/591
f 584/584/584 585/585/585 592/592/592
f 591/591/591 592/592/592 585/585/585
f 592/592/592 593/593/593 584/584/584
f 593/593/593 594/594/594 584/584/584
f 595/595/595 591/591/591 590/590/590
f 591/591/591 595/595/595 592/592/592
f 590/590/590 589/589/589 595/595/595
f 595/595/595 596/596/596 592/592/592
f 595/595/595 597/597/597 596/596/596
f 597/597/597 595/595/595 598/598/598
f 598/598/598 595/595/595 589/589/589
f 599/599/599 589/589/589 563/563/563
f 599/599/599 563/563/563 553/553/553
f 600/600/600 598/598/598 589/589/589
f 599/599/599 600/600/600 589/589/589
f 553/553/553 600/600/600 599/599/599
f 598/598/598 600/600/600 601/601/601
f 601/601/601 600/600/600 602/602/602
f 553/553/553 602/602/602 600/600/600
f 602/602/602 603/603/603 601/601/601
f 603/603/603 602/602/602 604/604/604
f 604/604/604 602/602/602 605/605/605
f 553/553/553 606/606/606 602/602/602
f 605/605/605 602/602/602 606/606/606
f 554/554/554 606/606/606 553/553/553
f 607/607/607 605/605/605 606/606/606
f 607/607/607 606/606/606 554/554/554
f 605/605/605 607/607/607 608/608/608
f 608/608/608 607/607/607 609/609/609
f 607/607/607 554/554/554 609/609/609
f 609/609/609 610/610/610 608/608/608
f 609/609/609 611/611/611 610/610/610
f 554/554/554 612/612/612 609/609/609
f 609/609/609 612/612/612 611/611/611
f 546/546/546 612/612/612 554/554/554
f 546/546/546 543/543/543 612/612/612
f 613/613/613 611/611/611 612/612/612
f 612/612/612 543/543/543 613/613/613
f 611/611/611 613/613/613 614/614/614
f 543/543/543 614/614/614 613/613/613
f 614/614/614 615/615/615 611/611/611
f 614/614/614 543/543/543 616/616/616
f 614/614/614 617/617/617 615/615/615
f 614/614/614 616/616/616 617/617/617
f 620/620/620 619/619/619 618/618/618
f 621/621/621 618/618/618 619/619/619
f 619/619/619 622/622/622 621/621/621
f 623/623/623 622/622/622 619/619/619
f 621/621/621 624/624/624 618/618/618
f 621/621/621 622/622/622 624/624/624
f 623/623/623 625/625/625 622/622/622
f 626/626/626 625/625/625 623/623/623
f 626/626/626 627/627/627 625/625/625
f 626/626/626 628/628/628 627/627/627
f 627/627/627 628/628/628 629/629/629
f 627/627/627 629/629/629 630/630/630
f 627/627/627 630/630/630 631/631/631
f 618/618/618 624/624/624 632/632/632
f 632/632/632 633/633/633 618/618/618
f 632/632/632 634/634/634 633/633/633
f 634/634/634 635/635/635 633/633/633
f 622/622/622 636/636/636 624/624/624
f 636/636/636 622/622/622 625/625/625
f 636/636/636 637/637/637 624/624/624
f 638/638/638 632/632/632 624/624/624
f 632/632/632 638/638/638 634/634/634
f 624/624/624 637/637/637 638/638/638
f 635/635/635 634/634/634 639/639/639
f 640/640/640 635/635/635 639/639/639
f 639/639/639 641/641/641 640/640/640
f 642/642/642 641/641/641 639/639/639
f 641/641/641 642/642/642 643/643/643
f 644/644/644 639/639/639 634/634/634
f 644/644/644 642/642/642 639/639/639
f 638/638/638 645/645/645 634/634/634
f 645/645/645 644/644/644 634/634/634
f 638/638/638 644/644/644 645/645/645
f 642/642/642 646/646/646 643/643/643
f 643/643/643 646/646/646 647/647/647
f 644/644/644 648/648/648 642/642/642
f 642/642/642 648/648/648 646/646/646
f 638/638/638 649/649/649 644/644/644
f 649/649/649 638/638/638 637/637/637
f 649/649/649 648/648/648 644/644/644
f 646/646/646 650/650/650 647/647/647
f 651/651/651 647/647/647 650/650/650
f 651/651/651 650/650/650 652/652/652
f 648/648/648 653/653/653 646/646/646
f 654/654/654 650/650/650 646/646/646
f 653/653/653 654/654/654 646/646/646
f 655/655/655 652/652/652 650/650/650
f 654/654/654 655/655/655 650/650/650
f 655/655/655 656/656/656 652/652/652
f 654/654/654 656/656/656 655/655/655
f 656/656/656 657/657/657 652/652/652
f 656/656/656 654/654/654 658/658/658
f 659/659/659 656/656/656 658/658/658
f 660/660/660 657/657/657 656/656/656
f 659/659/659 660/660/660 656/656/656
f 660/660/660 661/661/661 657/657/657
f 660/660/660 662/662/662 661/661/661
f 660/660/660 663/663/663 662/662/662
f 663/663/663 660/660/660 659/659/659
f 663/663/663 664/664/664 662/662/662
f 664/664/664 663/663/663 665/665/665
f 663/663/663 659/659/659 665/665/665
f 665/665/665 666/666/666 664/664/664
f 666/666/666 665/665/665 667/667/667
f 667/667/667 665/665/665 659/659/659
f 659/659/659 668/668/668 667/667/667
f 666/666/666 667/667/667 669/669/669
f 667/667/667 668/668/668 669/669/669
f 669/669/669 668/668/668 670/670/670
f 671/671/671 658/658/658 654/654/654
f 671/671/671 654/654/654 653/653/653
f 668/668/668 659/659/659 672/672/672
f 658/658/658 672/672/672 659/659/659
f 670/670/670 668/668/668 673/673/673
f 673/673/673 674/674/674 670/670/670
f 673/673/673 668/668/668 675/675/675
f 668/668/668 672/672/672 676/676/676
f 668/668/668 676/676/676 675/675/675
f 673/673/673 675/675/675 677/677/677
f 673/673/673 677/677/677 674/674/674
f 678/678/678 675/675/675 676/676/676
f 677/677/677 675/675/675 678/678/678
f 679/679/679 677/677/677 678/678/678
f 677/677/677 680/680/680 674/674/674
f 680/680/680 677/677/677 679/679/679
f 674/674/674 680/680/680 681/681/681
f 674/674/674 681/681/681 682/682/682
f 681/681/681 683/683/683 682/682/682
f 678/678/678 676/676/676 684/684/684
f 672/672/672 684/684/684 676/676/676
f 680/680/680 679/679/679 685/685/685
f 685/685/685 681/681/681 680/680/680
f 679/679/679 681/681/681 685/685/685
f 681/681/681 686/686/686 683/683/683
f 683/683/683 686/686/686 687/687/687
f 679/679/679 678/678/678 688/688/688
f 684/684/684 688/688/688 678/678/678
f 688/688/688 689/689/689 679/679/679
f 679/679/679 690/690/690 681/681/681
f 686/686/686 681/681/681 690/690/690
f 679/679/679 689/689/689 690/690/690
f 691/691/691 687/687/687 686/686/686
f 692/692/692 687/687/687 691/691/691
f 690/690/690 693/693/693 686/686/686
f 690/690/690 689/689/689 693/693/693
f 691/691/691 686/686/686 693/693/693
f 691/691/691 693/693/693 694/694/694
f 689/689/689 694/694/694 693/693/693
f 691/691/691 695/695/695 692/692/692
f 694/694/694 695/695/695 691/691/691
f 695/695/695 696/696/696 692/692/692
f 692/692/692 696/696/696 697/697/697
f 696/696/696 695/695/695 698/698/698
f 698/698/698 695/695/695 694/694/694
f 699/699/699 696/696/696 698/698/698
f 700/700/700 694/694/694 689/689/689
f 694/694/694 700/700/700 698/698/698
f 700/700/700 701/701/701 698/698/698
f 702/702/702 699/699/699 698/698/698
f 701/701/701 702/702/702 698/698/698
f 699/699/699 702/702/702 703/703/703
f 700/700/700 689/689/689 704/704/704
f 700/700/700 704/704/704 705/705/705
f 689/689/689 706/706/706 704/704/704
f 689/689/689 688/688/688 706/706/706
f 700/700/700 707/707/707 701/701/701
f 705/705/705 707/707/707 700/700/700
f 704/704/704 706/706/706 708/708/708
f 705/705/705 704/704/704 708/708/708
f 706/706/706 709/709/709 708/708/708
f 710/710/710 708/708/708 709/709/709
f 705/705/705 708/708/708 710/710/710
f 706/706/706 688/688/688 711/711/711
f 688/688/688 684/684/684 711/711/711
f 706/706/706 711/711/711 712/712/712
f 684/684/684 712/712/712 711/711/711
f 709/709/709 706/706/706 712/712/712
f 712/712/712 684/684/684 713/713/713
f 684/684/684 672/672/672 713/713/713
f 707/707/707 714/714/714 701/701/701
f 707/707/707 705/705/705 714/714/714
f 712/712/712 715/715/715 709/709/709
f 715/715/715 712/712/712 713/713/713
f 672/672/672 716/716/716 713/713/713
f 658/658/658 716/716/716 672/672/672
f 717/717/717 713/713/713 716/716/716
f 715/715/715 713/713/713 717/717/717
f 716/716/716 658/658/658 717/717/717
f 715/715/715 717/717/717 718/718/718
f 715/715/715 718/718/718 709/709/709
f 717/717/717 658/658/658 719/719/719
f 719/719/719 718/718/718 717/717/717
f 720/720/720 719/719/719 658/658/658
f 671/671/671 720/720/720 658/658/658
f 719/719/719 720/720/720 721/721/721
f 720/720/720 671/671/671 721/721/721
f 718/718/718 719/719/719 722/722/722
f 719/719/719 721/721/721 722/722/722
f 671/671/671 723/723/723 721/721/721
f 653/653/653 723/723/723 671/671/671
f 724/724/724 723/723/723 653/653/653
f 653/653/653 648/648/648 724/724/724
f 649/649/649 724/724/724 648/648/648
f 725/725/725 721/721/721 723/723/723
f 725/725/725 723/723/723 724/724/724
f 724/724/724 649/649/649 726/726/726
f 724/724/724 726/726/726 725/725/725
f 727/727/727 725/725/725 726/726/726
f 725/725/725 728/728/728 721/721/721
f 722/722/722 721/721/721 728/728/728
f 727/727/727 728/728/728 725/725/725
f 729/729/729 726/726/726 649/649/649
f 637/637/637 729/729/729 649/649/649
f 728/728/728 730/730/730 722/722/722
f 728/728/728 727/727/727 730/730/730
f 726/726/726 729/729/729 731/731/731
f 726/726/726 731/731/731 727/727/727
f 732/732/732 729/729/729 637/637/637
f 729/729/729 732/732/732 731/731/731
f 722/722/722 730/730/730 733/733/733
f 734/734/734 733/733/733 730/730/730
f 733/733/733 718/718/718 722/722/722
f 733/733/733 735/735/735 718/718/718
f 735/735/735 709/709/709 718/718/718
f 736/736/736 735/735/735 733/733/733
f 734/734/734 736/736/736 733/733/733
f 735/735/735 737/737/737 709/709/709
f 736/736/736 737/737/737 735/735/735
f 738/738/738 737/737/737 736/736/736
f 739/739/739 709/709/709 737/737/737
f 739/739/739 710/710/710 709/709/709
f 740/740/740 734/734/734 730/730/730
f 727/727/727 740/740/740 730/730/730
f 727/727/727 741/741/741 740/740/740
f 741/741/741 742/742/742 740/740/740
f 742/742/742 734/734/734 740/740/740
f 734/734/734 742/742/742 743/743/743
f 742/742/742 741/741/741 744/744/744
f 744/744/744 743/743/743 742/742/742
f 743/743/743 744/744/744 741/741/741
f 738/738/738 745/745/745 737/737/737
f 737/737/737 745/745/745 739/739/739
f 727/727/727 746/746/746 741/741/741
f 731/731/731 746/746/746 727/727/727
f 747/747/747 746/746/746 731/731/731
f 747/747/747 731/731/731 732/732/732
f 746/746/746 748/748/748 741/741/741
f 746/746/746 747/747/747 748/748/748
f 732/732/732 749/749/749 747/747/747
f 637/637/637 749/749/749 732/732/732
f 750/750/750 749/749/749 637/637/637
f 750/750/750 637/637/637 636/636/636
f 747/747/747 749/749/749 751/751/751
f 750/750/750 751/751/751 749/749/749
f 750/750/750 636/636/636 752/752/752
f 750/750/750 752/752/752 751/751/751
f 625/625/625 752/752/752 636/636/636
f 751/751/751 753/753/753 747/747/747
f 748/748/748 747/747/747 753/753/753
f 752/752/752 753/753/753 751/751/751
f 625/625/625 754/754/754 752/752/752
f 627/627/627 754/754/754 625/625/625
f 753/753/753 752/752/752 755/755/755
f 754/754/754 755/755/755 752/752/752
f 756/756/756 754/754/754 627/627/627
f 627/627/627 631/631/631 756/756/756
f 754/754/754 757/757/757 755/755/755
f 757/757/757 754/754/754 756/756/756
f 758/758/758 753/753/753 755/755/755
f 755/755/755 757/757/757 758/758/758
f 748/748/748 753/753/753 759/759/759
f 759/759/759 753/753/753 758/758/758
f 760/760/760 756/756/756 631/631/631
f 760/760/760 757/757/757 756/756/756
f 758/758/758 757/757/757 761/761/761
f 761/761/761 757/757/757 760/760/760
f 760/760/760 631/631/631 762/762/762
f 762/762/762 761/761/761 760/760/760
f 631/631/631 763/763/763 762/762/762
f 764/764/764 762/762/762 763/763/763
f 764/764/764 763/763/763 765/765/765
f 766/766/766 764/764/764 765/765/765
f 764/764/764 767/767/767 762/762/762
f 767/767/767 761/761/761 762/762/762
f 766/766/766 768/768/768 764/764/764
f 768/768/768 767/767/767 764/764/764
f 766/766/766 769/769/769 768/768/768
f 758/758/758 761/761/761 770/770/770
f 758/758/758 770/770/770 759/759/759
f 767/767/767 771/771/771 761/761/761
f 761/761/761 771/771/771 770/770/770
f 767/767/767 768/768/768 772/772/772
f 769/769/769 772/772/772 768/768/768
f 772/772/772 771/771/771 767/767/767
f 771/771/771 773/773/773 770/770/770
f 770/770/770 773/773/773 759/759/759
f 774/774/774 771/771/771 772/772/772
f 771/771/771 774/774/774 773/773/773
f 772/772/772 769/769/769 775/775/775
f 775/775/775 774/774/774 772/772/772
f 776/776/776 759/759/759 773/773/773
f 776/776/776 773/773/773 774/774/774
f 769/769/769 777/777/777 775/775/775
f 778/778/778 777/777/777 769/769/769
f 777/777/777 778/778/778 779/779/779
f 780/780/780 774/774/774 775/775/775
f 780/780/780 775/775/775 777/777/777
f 774/774/774 780/780/780 776/776/776
f 779/779/779 780/780/780 777/777/777
f 759/759/759 776/776/776 781/781/781
f 748/748/748 759/759/759 781/781/781
f 741/741/741 748/748/748 781/781/781
f 780/780/780 782/782/782 776/776/776
f 780/780/780 779/779/779 782/782/782
f 782/782/782 781/781/781 776/776/776
f 782/782/782 783/783/783 781/781/781
f 784/784/784 741/741/741 781/781/781
f 781/781/781 783/783/783 784/784/784
f 784/784/784 743/743/743 741/741/741
f 743/743/743 784/784/784 783/783/783
f 782/782/782 779/779/779 785/785/785
f 783/783/783 782/782/782 785/785/785
f 779/779/779 786/786/786 785/785/785
f 785/785/785 787/787/787 783/783/783
f 783/783/783 787/787/787 788/788/788
f 783/783/783 788/788/788 789/789/789
f 783/783/783 789/789/789 743/743/743
f 790/790/790 743/743/743 789/789/789
f 734/734/734 743/743/743 790/790/790
f 791/791/791 734/734/734 790/790/790
f 791/791/791 736/736/736 734/734/734
f 736/736/736 791/791/791 790/790/790
f 790/790/790 738/738/738 736/736/736
f 792/792/792 790/790/790 789/789/789
f 790/790/790 792/792/792 738/738/738
f 789/789/789 793/793/793 792/792/792
f 793/793/793 789/789/789 794/794/794
f 793/793/793 794/794/794 792/792/792
f 792/792/792 794/794/794 795/795/795
f 738/738/738 792/792/792 795/795/795
f 738/738/738 795/795/795 796/796/796
f 797/797/797 738/738/738 796/796/796
f 745/745/745 738/738/738 797/797/797
f 745/745/745 797/797/797 798/798/798
f 798/798/798 797/797/797 799/799/799
f 798/798/798 739/739/739 745/745/745
f 800/800/800 798/798/798 799/799/799
f 798/798/798 801/801/801 739/739/739
f 798/798/798 800/800/800 801/801/801
f 710/710/710 739/739/739 801/801/801
f 802/802/802 801/801/801 800/800/800
f 710/710/710 801/801/801 803/803/803
f 803/803/803 801/801/801 802/802/802
f 710/710/710 803/803/803 705/705/705
f 802/802/802 804/804/804 803/803/803
f 802/802/802 805/805/805 804/804/804
f 806/806/806 705/705/705 803/803/803
f 804/804/804 806/806/806 803/803/803
f 714/714/714 705/705/705 806/806/806
f 806/806/806 804/804/804 807/807/807
f 805/805/805 807/807/807 804/804/804
f 714/714/714 806/806/806 807/807/807
f 805/805/805 808/808/808 807/807/807
f 808/808/808 714/714/714 807/807/807
f 808/808/808 805/805/805 809/809/809
f 714/714/714 808/808/808 701/701/701
f 810/810/810 808/808/808 809/809/809
f 701/701/701 808/808/808 810/810/810
f 809/809/809 811/811/811 810/810/810
f 701/701/701 810/810/810 812/812/812
f 811/811/811 812/812/812 810/810/810
f 812/812/812 702/702/702 701/701/701
f 812/812/812 811/811/811 813/813/813
f 811/811/811 814/814/814 813/813/813
f 813/813/813 814/814/814 815/815/815
f 815/815/815 816/816/816 813/813/813
f 812/812/812 813/813/813 816/816/816
f 815/815/815 817/817/817 816/816/816
f 702/702/702 812/812/812 818/818/818
f 818/818/818 812/812/812 816/816/816
f 702/702/702 818/818/818 819/819/819
f 818/818/818 816/816/816 819/819/819

