mtllib material.mtl
usemtl material_0
v -0.04232849 0.04097679 -0.06334953
v -0.04144195 0.03341378 -0.06202202
v -0.02854523 0.03341378 -0.06891525
v -0.02915695 0.04097679 -0.07039016
v -0.01455215 0.03341378 -0.07315994
v -0.01486374 0.04097679 -0.07472587
v 0.00000000 0.03341378 -0.07459320
v 0.00000000 0.04097679 -0.07618973
v 0.01455261 0.03341378 -0.07315994
v 0.01486404 0.04097679 -0.07472587
v 0.02854553 0.03341378 -0.06891525
v 0.02915665 0.04097679 -0.07039016
v 0.04144226 0.03341378 -0.06202202
v 0.04232895 0.04097679 -0.06334946
v -0.04740280 0.05237690 -0.07094368
v -0.06033234 0.05237687 -0.06033264
v -0.05387421 0.04097679 -0.05387443
v -0.03265167 0.05237688 -0.07882835
v -0.01664551 0.05237690 -0.08368377
v 0.00000000 0.05237688 -0.08532318
v 0.01664581 0.05237690 -0.08368377
v 0.03265136 0.05237690 -0.07882835
v -0.03566772 0.06799054 -0.08610992
v -0.05178161 0.06799059 -0.07749687
v -0.05364899 0.08251849 -0.08029213
v -0.01818283 0.06799054 -0.09141372
v -0.03695419 0.08251849 -0.08921585
v -0.05410263 0.09397997 -0.08097015
v -0.03726624 0.09397998 -0.08996917
v -0.01883911 0.08251849 -0.09471100
v -0.01899826 0.09397998 -0.09551071
v 0.00000000 0.06799053 -0.09320457
v 0.00000000 0.08251849 -0.09656662
v 0.00000000 0.09397997 -0.09738174
v 0.01818314 0.06799054 -0.09141372
v 0.01883926 0.08251849 -0.09471100
v 0.01899811 0.09397998 -0.09551071
v 0.03566757 0.06799055 -0.08610992
v 0.03695434 0.08251849 -0.08921577
v 0.03726639 0.09397998 -0.08996910
v 0.05364960 0.08251849 -0.08029205
v 0.05410263 0.09397997 -0.08097008
v 0.05178177 0.06799055 -0.07749680
v 0.04740310 0.05237690 -0.07094368
v 0.05387436 0.04097679 -0.05387436
v 0.06033264 0.05237694 -0.06033264
v -0.05387421 0.04097679 -0.05387443
v -0.04144195 0.03341378 -0.06202202
v -0.04232849 0.04097679 -0.06334953
v -0.05274536 0.03341378 -0.05274544
v -0.03817383 0.02545940 -0.05713142
v -0.04858581 0.02545940 -0.04858627
v -0.06202209 0.03341378 -0.04144188
v -0.05713135 0.02545940 -0.03817406
v -0.06334960 0.04097679 -0.04232887
v -0.07094345 0.05237687 -0.04740310
v -0.06033234 0.05237687 -0.06033264
v -0.06891510 0.03341378 -0.02854568
v -0.07039016 0.04097679 -0.02915672
v -0.07882828 0.05237688 -0.03265190
v -0.06348114 0.02545940 -0.02629486
v -0.04911529 0.01768038 -0.03281799
v -0.06590500 0.06799055 -0.06590568
v -0.07749664 0.06799050 -0.05178184
v -0.05178161 0.06799059 -0.07749687
v -0.04740280 0.05237690 -0.07094368
v -0.06828247 0.08251849 -0.06828292
v -0.05364899 0.08251849 -0.08029213
v -0.08029220 0.08251849 -0.05364960
v -0.06885925 0.09397997 -0.06885948
v -0.05410263 0.09397997 -0.08097015
v -0.08096985 0.09397997 -0.05410255
v -0.06820267 0.09489703 -0.06820251
v -0.08019760 0.09489702 -0.05358642
v -0.08996872 0.09397998 -0.03726654
v -0.08911056 0.09489700 -0.03691101
v -0.08921600 0.08251849 -0.03695450
v -0.09551040 0.09397997 -0.01899841
v -0.09459930 0.09489702 -0.01881706
v -0.08610992 0.06799055 -0.03566795
v -0.09738174 0.09397997 -0.00000015
v -0.09645279 0.09489702 -0.00000015
v -0.09471100 0.08251849 -0.01883926
v -0.08368362 0.05237688 -0.01664581
v -0.09551040 0.09397997 0.01899811
v -0.09459930 0.09489702 0.01881683
v -0.09141342 0.06799052 -0.01818344
v -0.09656647 0.08251849 -0.00000015
v -0.07472595 0.04097679 -0.01486404
v -0.08996933 0.09397997 0.03726624
v -0.08911072 0.09489702 0.03691078
v -0.08532287 0.05237684 -0.00000015
v -0.09320419 0.06799050 -0.00000015
v -0.09471100 0.08251849 0.01883896
v -0.07315949 0.03341378 -0.01455261
v -0.08096985 0.09397997 0.05410225
v -0.08019760 0.09489702 0.05358612
v -0.07618988 0.04097679 -0.00000015
v -0.08368362 0.05237687 0.01664551
v -0.09141342 0.06799052 0.01818314
v -0.08921600 0.08251849 0.03695419
v -0.06885925 0.09397998 0.06885910
v -0.06820267 0.09489702 0.06820221
v -0.08029220 0.08251849 0.05364929
v -0.08610992 0.06799055 0.03566765
v -0.07882828 0.05237688 0.03265152
v -0.07472595 0.04097679 0.01486374
v -0.06828308 0.08251849 0.06828262
v -0.05410263 0.09397998 0.08096985
v -0.05364975 0.08251849 0.08029190
v -0.07749664 0.06799050 0.05178146
v -0.06590545 0.06799049 0.06590545
v -0.05178161 0.06799053 0.07749649
v -0.04740280 0.05237691 0.07094337
v -0.06033234 0.05237687 0.06033234
v -0.07094345 0.05237687 0.04740280
v -0.07039016 0.04097679 0.02915634
v -0.06334960 0.04097679 0.04232857
v -0.05387421 0.04097679 0.05387405
v -0.07315949 0.03341378 0.01455223
v -0.06891510 0.03341378 0.02854538
v -0.06202209 0.03341378 0.04144157
v -0.07459304 0.03341378 -0.00000015
v -0.06739090 0.02545940 -0.01340507
v -0.06871109 0.02545940 -0.00000015
v -0.06739090 0.02545940 0.01340469
v -0.05457412 0.01768038 -0.02260551
v -0.05793548 0.01768038 -0.01152428
v -0.05274536 0.03341378 0.05274521
v -0.04232849 0.04097679 0.06334930
v -0.04144195 0.03341378 0.06202179
v -0.04858627 0.02545940 0.04858597
v -0.03817383 0.02545940 0.05713119
v -0.05713135 0.02545940 0.03817375
v -0.06348114 0.02545940 0.02629456
v -0.05907059 0.01768038 -0.00000015
v -0.05457412 0.01768038 0.02260521
v -0.04911529 0.01768038 0.03281776
v -0.05793548 0.01768038 0.01152397
v -0.05731766 0.00932652 -0.01140137
v -0.05844040 0.00932652 -0.00000015
v -0.05731766 0.00932649 0.01140114
v -0.05399200 0.00932652 0.02236404
v -0.05399200 0.00932652 -0.02236435
v -0.04859131 0.00932652 0.03246780
v -0.04176925 0.01768038 0.04176910
v -0.04859131 0.00932652 -0.03246803
v -0.04132355 0.00932652 0.04132362
v -0.03281815 0.01768038 0.04911537
v -0.03246765 0.00932652 0.04859154
v -0.03084976 0.00360543 0.04616943
v -0.03926392 0.00360543 0.03926376
v -0.04616913 0.00360543 0.03084930
v -0.05130081 0.00360543 0.02124939
v -0.05446045 0.00360543 0.01083282
v -0.05552749 0.00360543 -0.00000015
v -0.04955307 0.00000002 -0.00000015
v -0.04860107 0.00000002 0.00966721
v -0.04860107 0.00000002 -0.00966744
v -0.05446045 0.00360543 -0.01083298
v -0.05130081 0.00360543 -0.02124969
v -0.04616913 0.00360543 -0.03084953
v -0.04132355 0.00932652 -0.04132385
v -0.03926330 0.00360542 -0.03926407
v -0.04176910 0.01768038 -0.04176941
v -0.03246765 0.00932652 -0.04859177
v -0.03084976 0.00360543 -0.04616959
v -0.03281815 0.01768038 -0.04911560
v 0.04232895 0.04097679 0.06334930
v 0.04144226 0.03341378 0.06202186
v 0.02854553 0.03341378 0.06891502
v 0.02915665 0.04097679 0.07039002
v 0.01455200 0.03341378 0.07315987
v 0.01486374 0.04097679 0.07472557
v 0.00000000 0.03341378 0.07459304
v 0.00000000 0.04097679 0.07618965
v -0.01455231 0.03341378 0.07315979
v -0.01486389 0.04097679 0.07472557
v -0.02854523 0.03341378 0.06891502
v -0.02915695 0.04097679 0.07039002
v -0.04144195 0.03341378 0.06202179
v -0.04232849 0.04097679 0.06334930
v 0.04740310 0.05237690 0.07094345
v 0.06033264 0.05237696 0.06033241
v 0.05387436 0.04097679 0.05387413
v 0.03265136 0.05237690 0.07882820
v 0.01664581 0.05237690 0.08368354
v 0.00000000 0.05237690 0.08532295
v -0.01664581 0.05237688 0.08368347
v -0.03265182 0.05237690 0.07882820
v 0.03566757 0.06799054 0.08610969
v 0.05178177 0.06799057 0.07749657
v 0.05364960 0.08251849 0.08029190
v 0.01818314 0.06799055 0.09141350
v 0.03695434 0.08251849 0.08921577
v 0.05410263 0.09397997 0.08096985
v 0.03726639 0.09397998 0.08996887
v 0.01883926 0.08251849 0.09471084
v 0.01899811 0.09397997 0.09551048
v 0.00000000 0.06799053 0.09320434
v 0.00000000 0.08251849 0.09656639
v 0.00000000 0.09397997 0.09738159
v -0.01818314 0.06799055 0.09141350
v -0.01883911 0.08251849 0.09471084
v -0.01899826 0.09397997 0.09551040
v -0.03566772 0.06799055 0.08610969
v -0.03695434 0.08251849 0.08921570
v -0.03726624 0.09397998 0.08996887
v -0.05364975 0.08251849 0.08029190
v -0.05410263 0.09397998 0.08096985
v -0.05178161 0.06799053 0.07749649
v -0.04740280 0.05237691 0.07094337
v -0.05387421 0.04097679 0.05387405
v -0.06033234 0.05237687 0.06033234
v 0.05387436 0.04097679 0.05387413
v 0.04144226 0.03341378 0.06202186
v 0.04232895 0.04097679 0.06334930
v 0.05274536 0.03341378 0.05274521
v 0.03817429 0.02545940 0.05713127
v 0.04858627 0.02545940 0.04858604
v 0.06202209 0.03341378 0.04144165
v 0.05713119 0.02545940 0.03817383
v 0.06334930 0.04097679 0.04232864
v 0.07094360 0.05237692 0.04740288
v 0.06033264 0.05237696 0.06033241
v 0.06891479 0.03341378 0.02854546
v 0.07039016 0.04097679 0.02915642
v 0.07882843 0.05237692 0.03265160
v 0.06348083 0.02545940 0.02629456
v 0.04911529 0.01768038 0.03281784
v 0.06590606 0.06799062 0.06590545
v 0.07749680 0.06799055 0.05178154
v 0.05178177 0.06799057 0.07749657
v 0.04740310 0.05237690 0.07094345
v 0.06828292 0.08251849 0.06828270
v 0.05364960 0.08251849 0.08029190
v 0.08029205 0.08251849 0.05364929
v 0.06885925 0.09397998 0.06885917
v 0.05410263 0.09397997 0.08096985
v 0.08097000 0.09397997 0.05410225
v 0.06820190 0.09489703 0.06820236
v 0.08019745 0.09489703 0.05358612
v 0.08996917 0.09397997 0.03726624
v 0.08911087 0.09489703 0.03691078
v 0.08921600 0.08251849 0.03695427
v 0.09551056 0.09397998 0.01899818
v 0.09459946 0.09489703 0.01881683
v 0.08610992 0.06799053 0.03566765
v 0.09738190 0.09397998 -0.00000015
v 0.09645309 0.09489705 -0.00000015
v 0.09471115 0.08251849 0.01883896
v 0.08368377 0.05237692 0.01664558
v 0.09551056 0.09397998 -0.01899834
v 0.09459946 0.09489706 -0.01881706
v 0.09141388 0.06799055 0.01818314
v 0.09656662 0.08251849 -0.00000015
v 0.07472595 0.04097679 0.01486374
v 0.08996917 0.09397997 -0.03726646
v 0.08911087 0.09489703 -0.03691093
v 0.08532333 0.05237692 -0.00000015
v 0.09320450 0.06799057 -0.00000015
v 0.09471100 0.08251849 -0.01883919
v 0.07316010 0.03341378 0.01455223
v 0.08097000 0.09397997 -0.05410248
v 0.08019745 0.09489703 -0.05358635
v 0.07618988 0.04097679 -0.00000015
v 0.08368362 0.05237688 -0.01664574
v 0.09141312 0.06799052 -0.01818336
v 0.08921570 0.08251849 -0.03695450
v 0.06885925 0.09397998 -0.06885941
v 0.06820190 0.09489703 -0.06820236
v 0.08029205 0.08251849 -0.05364952
v 0.08610977 0.06799055 -0.03566780
v 0.07882828 0.05237688 -0.03265182
v 0.07472595 0.04097679 -0.01486389
v 0.06828292 0.08251849 -0.06828285
v 0.05410263 0.09397997 -0.08097008
v 0.05364960 0.08251849 -0.08029205
v 0.07749680 0.06799057 -0.05178177
v 0.06590606 0.06799062 -0.06590561
v 0.05178177 0.06799055 -0.07749680
v 0.04740310 0.05237690 -0.07094368
v 0.06033264 0.05237694 -0.06033264
v 0.07094360 0.05237691 -0.04740310
v 0.07039016 0.04097679 -0.02915665
v 0.06334930 0.04097679 -0.04232880
v 0.05387436 0.04097679 -0.05387436
v 0.07316010 0.03341378 -0.01455254
v 0.06891479 0.03341378 -0.02854568
v 0.06202209 0.03341378 -0.04144180
v 0.07459335 0.03341378 -0.00000015
v 0.06739105 0.02545940 0.01340477
v 0.06871124 0.02545940 -0.00000015
v 0.06739105 0.02545940 -0.01340500
v 0.05457367 0.01768038 0.02260521
v 0.05793609 0.01768038 0.01152397
v 0.05274536 0.03341378 -0.05274536
v 0.04232895 0.04097679 -0.06334946
v 0.04144226 0.03341378 -0.06202202
v 0.04858627 0.02545940 -0.04858620
v 0.03817429 0.02545940 -0.05713135
v 0.05713119 0.02545940 -0.03817398
v 0.06348083 0.02545940 -0.02629471
v 0.05907074 0.01768038 -0.00000015
v 0.05457367 0.01768038 -0.02260544
v 0.04911529 0.01768038 -0.03281799
v 0.05793609 0.01768038 -0.01152420
v 0.05731811 0.00932649 0.01140114
v 0.05844116 0.00932652 -0.00000015
v 0.05731811 0.00932649 -0.01140137
v 0.05399216 0.00932652 -0.02236427
v 0.05399216 0.00932652 0.02236404
v 0.04859207 0.00932655 -0.03246803
v 0.04176941 0.01768038 -0.04176933
v 0.04859207 0.00932655 0.03246788
v 0.04132400 0.00932652 -0.04132385
v 0.03281830 0.01768038 -0.04911545
v 0.03246811 0.00932652 -0.04859177
v 0.03084991 0.00360543 -0.04616959
v 0.03926422 0.00360543 -0.03926407
v 0.04616974 0.00360543 -0.03084953
v 0.05130081 0.00360543 -0.02124962
v 0.05446091 0.00360543 -0.01083298
v 0.05552765 0.00360543 -0.00000015
v 0.04955353 0.00000002 -0.00000015
v 0.04860199 0.00000002 -0.00966744
v 0.04860199 0.00000002 0.00966721
v 0.05446091 0.00360543 0.01083282
v 0.05130081 0.00360543 0.02124947
v 0.04616974 0.00360543 0.03084938
v 0.04132400 0.00932652 0.04132370
v 0.03926422 0.00360543 0.03926384
v 0.04176941 0.01768038 0.04176910
v 0.03246811 0.00932652 0.04859154
v 0.03084991 0.00360543 0.04616951
v 0.03281830 0.01768038 0.04911537
v 0.02854553 0.03341378 -0.06891525
v 0.03817429 0.02545940 -0.05713135
v 0.04144226 0.03341378 -0.06202202
v 0.02629471 0.02545940 -0.06348099
v 0.01455261 0.03341378 -0.07315994
v 0.01340500 0.02545940 -0.06739105
v 0.00000000 0.03341378 -0.07459320
v 0.00000000 0.02545940 -0.06871132
v -0.01455215 0.03341378 -0.07315994
v -0.01340469 0.02545940 -0.06739105
v -0.02854523 0.03341378 -0.06891525
v -0.02629456 0.02545940 -0.06348099
v -0.04144195 0.03341378 -0.06202202
v -0.03817383 0.02545940 -0.05713142
v 0.03281830 0.01768038 -0.04911545
v 0.02260559 0.01768038 -0.05457412
v 0.04176941 0.01768038 -0.04176933
v 0.01152435 0.01768038 -0.05793571
v 0.04858627 0.02545940 -0.04858620
v 0.04911529 0.01768038 -0.03281799
v 0.05713119 0.02545940 -0.03817398
v 0.00000000 0.01768038 -0.05907074
v -0.01152405 0.01768038 -0.05793571
v -0.02260529 0.01768038 -0.05457436
v -0.03281815 0.01768038 -0.04911560
v -0.04858581 0.02545940 -0.04858627
v -0.04176910 0.01768038 -0.04176941
v -0.05713135 0.02545940 -0.03817406
v -0.04911529 0.01768038 -0.03281799
v -0.02854523 0.03341378 0.06891502
v -0.03817383 0.02545940 0.05713119
v -0.04144195 0.03341378 0.06202179
v -0.02629456 0.02545940 0.06348076
v -0.01455231 0.03341378 0.07315979
v -0.01340485 0.02545940 0.06739075
v 0.00000000 0.03341378 0.07459304
v 0.00000000 0.02545940 0.06871109
v 0.01455200 0.03341378 0.07315987
v 0.01340500 0.02545940 0.06739090
v 0.02854553 0.03341378 0.06891502
v 0.02629471 0.02545940 0.06348076
v 0.04144226 0.03341378 0.06202186
v 0.03817429 0.02545940 0.05713127
v -0.03281815 0.01768038 0.04911537
v -0.02260529 0.01768038 0.05457405
v -0.04176925 0.01768038 0.04176910
v -0.01152405 0.01768038 0.05793548
v -0.04858627 0.02545940 0.04858597
v -0.04911529 0.01768038 0.03281776
v -0.05713135 0.02545940 0.03817375
v 0.00000000 0.01768038 0.05907051
v 0.01152435 0.01768038 0.05793548
v 0.02260559 0.01768038 0.05457405
v 0.03281830 0.01768038 0.04911537
v 0.04858627 0.02545940 0.04858604
v 0.04176941 0.01768038 0.04176910
v 0.05713119 0.02545940 0.03817383
v 0.04911529 0.01768038 0.03281784
v 0.03246811 0.00932652 -0.04859177
v 0.02124924 0.00360543 -0.05130096
v 0.03084991 0.00360543 -0.04616959
v 0.02236435 0.00932655 -0.05399216
v 0.01083298 0.00360543 -0.05446075
v 0.02260559 0.01768038 -0.05457412
v 0.03281830 0.01768038 -0.04911545
v 0.01152435 0.01768038 -0.05793571
v 0.01140121 0.00932652 -0.05731781
v 0.00000000 0.00360543 -0.05552765
v 0.00000000 0.01768038 -0.05907074
v 0.00000000 0.00932652 -0.05844070
v -0.01083282 0.00360543 -0.05446075
v -0.01152405 0.01768038 -0.05793571
v -0.01140106 0.00932652 -0.05731781
v -0.02124924 0.00360543 -0.05130096
v -0.02260529 0.01768038 -0.05457436
v -0.02236404 0.00932652 -0.05399231
v -0.03084976 0.00360543 -0.04616959
v -0.03281815 0.01768038 -0.04911560
v -0.03246765 0.00932652 -0.04859177
v -0.03246765 0.00932652 0.04859154
v -0.02124924 0.00360543 0.05130073
v -0.03084976 0.00360543 0.04616943
v -0.02236404 0.00932652 0.05399200
v -0.01083282 0.00360543 0.05446060
v -0.02260529 0.01768038 0.05457405
v -0.03281815 0.01768038 0.04911537
v -0.01152405 0.01768038 0.05793548
v -0.01140106 0.00932652 0.05731766
v 0.00000000 0.00360543 0.05552749
v 0.00000000 0.01768038 0.05907051
v 0.00000000 0.00932652 0.05844055
v 0.01083298 0.00360543 0.05446060
v 0.01152435 0.01768038 0.05793548
v 0.01140121 0.00932652 0.05731766
v 0.02124924 0.00360543 0.05130081
v 0.02260559 0.01768038 0.05457405
v 0.02236435 0.00932652 0.05399200
v 0.03084991 0.00360543 0.04616951
v 0.03281830 0.01768038 0.04911537
v 0.03246811 0.00932652 0.04859154
v 0.05130081 0.00360543 -0.02124962
v 0.04860199 0.00000002 -0.00966744
v 0.05446091 0.00360543 -0.01083298
v 0.04578155 0.00000002 -0.01896339
v 0.00000015 0.00000002 -0.00000015
v 0.04955353 0.00000002 -0.00000015
v 0.04616974 0.00360543 -0.03084953
v 0.04860199 0.00000002 0.00966721
v 0.04120224 0.00000002 -0.02753052
v 0.03926422 0.00360543 -0.03926407
v 0.03503982 0.00000002 -0.03503952
v 0.03084991 0.00360543 -0.04616959
v 0.02753082 0.00000002 -0.04120224
v 0.02124924 0.00360543 -0.05130096
v 0.04578155 0.00000002 0.01896317
v 0.01896347 0.00000002 -0.04578148
v 0.00966751 0.00000002 -0.04860130
v 0.01083298 0.00360543 -0.05446075
v 0.05446091 0.00360543 0.01083282
v 0.00000000 0.00360543 -0.05552765
v 0.05130081 0.00360543 0.02124947
v 0.00000000 0.00000002 -0.04955345
v -0.01083282 0.00360543 -0.05446075
v 0.04120224 0.00000002 0.02753029
v 0.04616974 0.00360543 0.03084938
v -0.00966690 0.00000002 -0.04860130
v -0.02124924 0.00360543 -0.05130096
v 0.03503982 0.00000002 0.03503937
v 0.03926422 0.00360543 0.03926384
v -0.01896332 0.00000002 -0.04578148
v -0.03084976 0.00360543 -0.04616959
v 0.02753082 0.00000002 0.04120201
v -0.02753006 0.00000002 -0.04120224
v 0.01896347 0.00000002 0.04578133
v 0.03084991 0.00360543 0.04616951
v -0.03926330 0.00360542 -0.03926407
v 0.02124924 0.00360543 0.05130081
v -0.03503952 0.00000002 -0.03503960
v -0.04616913 0.00360543 -0.03084953
v 0.00966751 0.00000002 0.04860107
v 0.01083298 0.00360543 0.05446060
v -0.04120193 0.00000002 -0.02753052
v -0.05130081 0.00360543 -0.02124969
v 0.00000000 0.00000002 0.04955314
v 0.00000000 0.00360543 0.05552749
v -0.04578155 0.00000002 -0.01896339
v -0.05446045 0.00360543 -0.01083298
v -0.04860107 0.00000002 -0.00966744
v -0.04955307 0.00000002 -0.00000015
v -0.04860107 0.00000002 0.00966721
v -0.00966736 0.00000002 0.04860107
v -0.01083282 0.00360543 0.05446060
v -0.01896332 0.00000002 0.04578125
v -0.02124924 0.00360543 0.05130073
v -0.02753006 0.00000002 0.04120193
v -0.03084976 0.00360543 0.04616943
v -0.03503967 0.00000002 0.03503937
v -0.03926392 0.00360543 0.03926376
v -0.04120193 0.00000002 0.02753021
v -0.04616913 0.00360543 0.03084930
v -0.04578155 0.00000002 0.01896317
v -0.05130081 0.00360543 0.02124939
v -0.05446045 0.00360543 0.01083282
v 0.06820190 0.09489703 -0.06820236
v 0.05410263 0.09397997 -0.08097008
v 0.06885925 0.09397998 -0.06885941
v 0.05358642 0.09489703 -0.08019752
v 0.03726639 0.09397998 -0.08996910
v 0.03691055 0.09489703 -0.08911072
v 0.01899811 0.09397998 -0.09551071
v 0.01881699 0.09489703 -0.09459946
v 0.00000000 0.09397997 -0.09738174
v 0.00000000 0.09489703 -0.09645279
v -0.01899826 0.09397998 -0.09551071
v -0.01881729 0.09489703 -0.09459946
v -0.03726624 0.09397998 -0.08996917
v -0.03691071 0.09489703 -0.08911072
v -0.05410263 0.09397997 -0.08097015
v -0.05358627 0.09489703 -0.08019760
v -0.06885925 0.09397997 -0.06885948
v -0.06820267 0.09489703 -0.06820251
v 0.05191269 0.09502511 -0.07769363
v 0.03575836 0.09502511 -0.08632851
v 0.01822937 0.09502510 -0.09164589
v 0.00000000 0.09502508 -0.09344123
v -0.01822952 0.09502508 -0.09164589
v -0.03575882 0.09502511 -0.08632851
v -0.05191315 0.09502513 -0.07769363
v 0.06607284 0.09502511 -0.06607299
v -0.06607299 0.09502511 -0.06607307
v -0.08019760 0.09489702 -0.05358642
v 0.07769302 0.09502511 -0.05191322
v 0.08019745 0.09489703 -0.05358635
v 0.07682419 0.09421219 -0.05133263
v 0.08632843 0.09502511 -0.03575844
v 0.06533386 0.09421220 -0.06533409
v 0.08911087 0.09489703 -0.03691093
v 0.05133209 0.09421220 -0.07682480
v 0.09164566 0.09502516 -0.01822952
v 0.09459946 0.09489706 -0.01881706
v 0.03535858 0.09421219 -0.08536308
v 0.09344085 0.09502516 -0.00000015
v 0.09645309 0.09489705 -0.00000015
v 0.01802551 0.09421219 -0.09062111
v 0.09164566 0.09502511 0.01822937
v 0.09459946 0.09489703 0.01881683
v 0.00000000 0.09421216 -0.09239639
v 0.08632843 0.09502511 0.03575828
v 0.08911087 0.09489703 0.03691078
v -0.01802566 0.09421219 -0.09062111
v -0.03535889 0.09421220 -0.08536316
v -0.05133285 0.09421221 -0.07682480
v 0.07769302 0.09502511 0.05191299
v -0.06533432 0.09421221 -0.06533416
v 0.08019745 0.09489703 0.05358612
v -0.07769317 0.09502507 -0.05191337
v -0.07682434 0.09421214 -0.05133278
v -0.08911056 0.09489700 -0.03691101
v -0.08632813 0.09502503 -0.03575851
v -0.09459930 0.09489702 -0.01881706
v -0.09164566 0.09502503 -0.01822967
v -0.09645279 0.09489702 -0.00000015
v -0.09344085 0.09502506 -0.00000015
v -0.09459930 0.09489702 0.01881683
v -0.09164566 0.09502504 0.01822937
v -0.08911072 0.09489702 0.03691078
v -0.08632858 0.09502504 0.03575821
v -0.08019760 0.09489702 0.05358612
v -0.07769333 0.09502506 0.05191299
v -0.06820267 0.09489702 0.06820221
v -0.06607299 0.09502506 0.06607277
v -0.07682464 0.09421213 0.05133247
v -0.06533463 0.09421213 0.06533394
v -0.05191315 0.09502507 0.07769333
v -0.05133285 0.09421215 0.07682457
v -0.05358627 0.09489702 0.08019737
v -0.03575882 0.09502508 0.08632828
v -0.03535889 0.09421216 0.08536293
v -0.05410263 0.09397998 0.08096985
v -0.06885925 0.09397998 0.06885910
v -0.03726624 0.09397998 0.08996887
v -0.03691071 0.09489703 0.08911056
v -0.01899826 0.09397997 0.09551040
v -0.01881729 0.09489703 0.09459922
v 0.00000000 0.09397997 0.09738159
v -0.01822952 0.09502508 0.09164566
v -0.01802566 0.09421216 0.09062088
v 0.00000000 0.09489703 0.09645263
v 0.01899811 0.09397997 0.09551048
v 0.00000000 0.09502508 0.09344108
v 0.00000000 0.09421216 0.09239631
v 0.01881683 0.09489703 0.09459930
v 0.03726639 0.09397998 0.08996887
v 0.01822922 0.09502510 0.09164566
v 0.01802551 0.09421219 0.09062088
v 0.03691055 0.09489703 0.08911056
v 0.05410263 0.09397997 0.08096985
v 0.03575836 0.09502511 0.08632828
v 0.03535858 0.09421219 0.08536293
v 0.05358642 0.09489703 0.08019737
v 0.06885925 0.09397998 0.06885917
v 0.06820190 0.09489703 0.06820236
v 0.05191269 0.09502511 0.07769348
v 0.05133209 0.09421219 0.07682464
v 0.06607284 0.09502511 0.06607284
v 0.06533386 0.09421220 0.06533394
v 0.07682419 0.09421219 0.05133255
v -0.04922882 0.07040127 -0.07367638
v -0.04528702 0.05677940 -0.06777725
v -0.05763962 0.05677934 -0.05763984
v -0.06265594 0.07040124 -0.06265663
v -0.06478211 0.08335380 -0.06478233
v -0.05089859 0.08335379 -0.07617584
v -0.06533432 0.09421221 -0.06533416
v -0.05133285 0.09421221 -0.07682480
v -0.07682434 0.09421214 -0.05133278
v -0.06777710 0.05677938 -0.04528732
v -0.05092468 0.04503377 -0.05092491
v -0.07617600 0.08335374 -0.05089920
v -0.05988144 0.04503378 -0.04001144
v -0.04279632 0.03115695 -0.04279610
v -0.07367615 0.07040119 -0.04922897
v -0.07531006 0.05677938 -0.03119461
v -0.08536270 0.09421209 -0.03535873
v -0.08464187 0.08335371 -0.03506004
v -0.08632813 0.09502503 -0.03575851
v -0.07769317 0.09502507 -0.05191337
v -0.09164566 0.09502503 -0.01822967
v -0.09062073 0.09421209 -0.01802574
v -0.09344085 0.09502506 -0.00000015
v -0.08186477 0.07040126 -0.03390968
v -0.09239609 0.09421213 -0.00000015
v -0.09164566 0.09502504 0.01822937
v -0.08985565 0.08335374 -0.01787353
v -0.09062073 0.09421210 0.01802544
v -0.08632858 0.09502504 0.03575821
v -0.09161575 0.08335377 -0.00000015
v -0.08690689 0.07040124 -0.01728706
v -0.07994873 0.05677934 -0.01590294
v -0.08536346 0.09421213 0.03535835
v -0.07769333 0.09502506 0.05191299
v -0.07682464 0.09421213 0.05133247
v -0.08985565 0.08335374 0.01787323
v -0.08860961 0.07040124 -0.00000015
v -0.08464187 0.08335373 0.03505974
v -0.06653671 0.04503389 -0.02756042
v -0.08151474 0.05677932 -0.00000015
v -0.08690689 0.07040124 0.01728676
v -0.07617584 0.08335373 0.05089897
v -0.06533463 0.09421213 0.06533394
v -0.05032288 0.03115697 -0.03362472
v -0.07063477 0.04503391 -0.01405022
v -0.07994873 0.05677935 0.01590271
v -0.08186477 0.07040126 0.03390915
v -0.06478256 0.08335374 0.06478202
v -0.05133285 0.09421215 0.07682457
v -0.05089935 0.08335377 0.07617562
v -0.07367615 0.07040122 0.04922867
v -0.06265655 0.07040121 0.06265633
v -0.04922882 0.07040126 0.07367607
v -0.04528702 0.05677943 0.06777695
v -0.05763962 0.05677939 0.05763962
v -0.07531006 0.05677938 0.03119431
v -0.06777710 0.05677940 0.04528702
v -0.05988144 0.04503385 0.04001114
v -0.05092468 0.04503379 0.05092461
v -0.06653671 0.04503387 0.02756012
v -0.07063477 0.04503393 0.01404999
v -0.05032288 0.03115703 0.03362442
v -0.04279632 0.03115697 0.04279579
v -0.05591614 0.03115705 0.02316086
v -0.07201859 0.04503391 -0.00000015
v -0.05935974 0.03115711 0.01180725
v -0.06052276 0.03115709 -0.00000015
v -0.05935974 0.03115709 -0.01180756
v -0.05591614 0.03115709 -0.02316116
v -0.03770126 0.01815349 0.03770088
v -0.04433182 0.01815354 0.02962128
v -0.04925919 0.01815356 0.02040352
v -0.05229294 0.01815361 0.01040153
v -0.05331741 0.01815360 -0.00000015
v -0.05229294 0.01815360 -0.01040184
v -0.04925919 0.01815359 -0.02040382
v -0.02962143 0.01815347 0.04433159
v -0.03362442 0.03115695 0.05032264
v -0.02790070 0.00680233 0.04175629
v -0.03551102 0.00680235 0.03551079
v -0.04175644 0.00680240 0.02790047
v -0.04639770 0.00680242 0.01921822
v -0.04925507 0.00680247 0.00979729
v -0.05022003 0.00680246 -0.00000015
v -0.04925507 0.00680246 -0.00979759
v -0.04639770 0.00680245 -0.01921852
v -0.04433182 0.01815349 -0.02962158
v -0.04175644 0.00680235 -0.02790077
v -0.03770126 0.01815347 -0.03770111
v -0.03362442 0.03115695 -0.05032280
v -0.03551102 0.00680233 -0.03551102
v -0.02962143 0.01815347 -0.04433174
v -0.02790070 0.00680232 -0.04175644
v 0.04922897 0.07040124 0.07367615
v 0.04528717 0.05677940 0.06777702
v 0.05763992 0.05677944 0.05763962
v 0.06265686 0.07040124 0.06265640
v 0.06478180 0.08335374 0.06478202
v 0.05089889 0.08335376 0.07617562
v 0.06533386 0.09421220 0.06533394
v 0.05133209 0.09421219 0.07682464
v 0.07682419 0.09421219 0.05133255
v 0.06777710 0.05677943 0.04528724
v 0.05092499 0.04503388 0.05092468
v 0.07617553 0.08335374 0.05089897
v 0.05988128 0.04503387 0.04001122
v 0.04279617 0.03115706 0.04279594
v 0.07367599 0.07040119 0.04922874
v 0.07531006 0.05677946 0.03119438
v 0.08536316 0.09421220 0.03535843
v 0.08464187 0.08335376 0.03505981
v 0.08632843 0.09502511 0.03575828
v 0.07769302 0.09502511 0.05191299
v 0.09164566 0.09502511 0.01822937
v 0.09062088 0.09421219 0.01802544
v 0.09344085 0.09502516 -0.00000015
v 0.08186477 0.07040121 0.03390938
v 0.09239609 0.09421228 -0.00000015
v 0.09164566 0.09502516 -0.01822952
v 0.08985565 0.08335374 0.01787323
v 0.09062088 0.09421226 -0.01802566
v 0.08632843 0.09502511 -0.03575844
v 0.09161559 0.08335381 -0.00000015
v 0.08690704 0.07040122 0.01728676
v 0.07994843 0.05677946 0.01590271
v 0.08536316 0.09421221 -0.03535858
v 0.07769302 0.09502511 -0.05191322
v 0.07682419 0.09421219 -0.05133263
v 0.08985550 0.08335384 -0.01787346
v 0.08860977 0.07040124 -0.00000015
v 0.08464187 0.08335379 -0.03505997
v 0.06653626 0.04503383 0.02756012
v 0.08151504 0.05677941 -0.00000015
v 0.08690658 0.07040121 -0.01728699
v 0.07617553 0.08335374 -0.05089905
v 0.06533386 0.09421220 -0.06533409
v 0.05032257 0.03115705 0.03362450
v 0.07063477 0.04503372 0.01404991
v 0.07994843 0.05677936 -0.01590286
v 0.08186477 0.07040126 -0.03390945
v 0.06478180 0.08335374 -0.06478225
v 0.05133209 0.09421220 -0.07682480
v 0.05089889 0.08335377 -0.07617576
v 0.07367599 0.07040122 -0.04922897
v 0.06265686 0.07040126 -0.06265655
v 0.04922897 0.07040122 -0.07367615
v 0.04528717 0.05677939 -0.06777725
v 0.05763992 0.05677946 -0.05763984
v 0.07530990 0.05677938 -0.03119461
v 0.06777710 0.05677941 -0.04528724
v 0.05988128 0.04503383 -0.04001144
v 0.05092499 0.04503385 -0.05092491
v 0.06653626 0.04503377 -0.02756035
v 0.07063461 0.04503366 -0.01405014
v 0.05032257 0.03115702 -0.03362472
v 0.04279617 0.03115703 -0.04279610
v 0.05591553 0.03115695 -0.02316109
v 0.07201859 0.04503361 -0.00000015
v 0.05935959 0.03115686 -0.01180748
v 0.06052261 0.03115683 -0.00000015
v 0.05935959 0.03115692 0.01180725
v 0.05591553 0.03115703 0.02316086
v 0.03770111 0.01815354 -0.03770111
v 0.04433151 0.01815353 -0.02962158
v 0.04925857 0.01815347 -0.02040375
v 0.05229278 0.01815339 -0.01040176
v 0.05331726 0.01815336 -0.00000015
v 0.05229278 0.01815344 0.01040153
v 0.04925857 0.01815354 0.02040352
v 0.02962143 0.01815351 -0.04433174
v 0.03362442 0.03115699 -0.05032280
v 0.02790070 0.00680237 -0.04175644
v 0.03551086 0.00680240 -0.03551102
v 0.04175613 0.00680239 -0.02790077
v 0.04639709 0.00680233 -0.01921844
v 0.04925491 0.00680225 -0.00979751
v 0.05021988 0.00680222 -0.00000015
v 0.04925491 0.00680230 0.00979729
v 0.04639709 0.00680240 0.01921822
v 0.04433151 0.01815356 0.02962135
v 0.04175613 0.00680242 0.02790054
v 0.03770111 0.01815357 0.03770096
v 0.03362442 0.03115699 0.05032264
v 0.03551086 0.00680243 0.03551086
v 0.02962143 0.01815351 0.04433159
v 0.02790070 0.00680237 0.04175629
v 0.05092499 0.04503385 -0.05092491
v 0.04528717 0.05677939 -0.06777725
v 0.05763992 0.05677946 -0.05763984
v 0.04001129 0.04503380 -0.05988128
v 0.04279617 0.03115703 -0.04279610
v 0.03362442 0.03115699 -0.05032280
v 0.03119431 0.05677939 -0.07530990
v 0.04922897 0.07040122 -0.07367615
v 0.02756058 0.04503377 -0.06653640
v 0.03390900 0.07040124 -0.08186470
v 0.01590256 0.05677940 -0.07994857
v 0.03505981 0.08335377 -0.08464203
v 0.05089889 0.08335377 -0.07617576
v 0.03535858 0.09421219 -0.08536308
v 0.05133209 0.09421220 -0.07682480
v 0.01802551 0.09421219 -0.09062111
v 0.01787308 0.08335377 -0.08985557
v 0.00000000 0.09421216 -0.09239639
v 0.01728699 0.07040122 -0.08690712
v 0.00000000 0.08335376 -0.09161598
v -0.01802566 0.09421219 -0.09062111
v -0.01787308 0.08335377 -0.08985557
v -0.03535889 0.09421220 -0.08536316
v 0.00000000 0.07040122 -0.08860961
v 0.00000000 0.05677940 -0.08151497
v -0.03505981 0.08335377 -0.08464210
v -0.05133285 0.09421221 -0.07682480
v -0.05089859 0.08335379 -0.07617584
v -0.01728638 0.07040124 -0.08690712
v -0.03390930 0.07040122 -0.08186470
v -0.04922882 0.07040127 -0.07367638
v -0.04528702 0.05677940 -0.06777725
v -0.01590256 0.05677939 -0.07994857
v -0.03119415 0.05677940 -0.07530998
v 0.01404999 0.04503380 -0.07063477
v 0.00000000 0.04503381 -0.07201859
v -0.01404999 0.04503380 -0.07063477
v -0.02756058 0.04503379 -0.06653648
v 0.02316101 0.03115695 -0.05591560
v 0.01180725 0.03115699 -0.05935981
v 0.00000000 0.03115700 -0.06052269
v 0.02040359 0.01815347 -0.04925873
v 0.02962143 0.01815351 -0.04433174
v 0.01040161 0.01815351 -0.05229286
v 0.01921829 0.00680233 -0.04639717
v 0.02790070 0.00680237 -0.04175644
v 0.00979736 0.00680237 -0.04925499
v 0.00000000 0.00680238 -0.05021995
v 0.00000000 0.01815352 -0.05331726
v -0.00979751 0.00680237 -0.04925499
v -0.01040176 0.01815351 -0.05229286
v -0.01921860 0.00680235 -0.04639717
v -0.01180740 0.03115699 -0.05935981
v -0.02040390 0.01815349 -0.04925873
v -0.02790070 0.00680232 -0.04175644
v -0.02962143 0.01815347 -0.04433174
v -0.02316132 0.03115697 -0.05591560
v -0.03362442 0.03115695 -0.05032280
v -0.04001114 0.04503375 -0.05988128
v -0.05763962 0.05677934 -0.05763984
v -0.05092468 0.04503377 -0.05092491
v -0.04279632 0.03115695 -0.04279610
v -0.05092468 0.04503379 0.05092461
v -0.04528702 0.05677943 0.06777695
v -0.05763962 0.05677939 0.05763962
v -0.04001114 0.04503377 0.05988098
v -0.04279632 0.03115697 0.04279579
v -0.03362442 0.03115695 0.05032264
v -0.03119431 0.05677940 0.07530983
v -0.04922882 0.07040126 0.07367607
v -0.02756058 0.04503380 0.06653626
v -0.03390930 0.07040126 0.08186447
v -0.01590271 0.05677939 0.07994850
v -0.03505981 0.08335377 0.08464187
v -0.05089935 0.08335377 0.07617562
v -0.03535889 0.09421216 0.08536293
v -0.05133285 0.09421215 0.07682457
v -0.01802566 0.09421216 0.09062088
v -0.01787308 0.08335377 0.08985534
v 0.00000000 0.09421216 0.09239631
v -0.01728684 0.07040124 0.08690681
v 0.00000000 0.08335377 0.09161583
v 0.01802551 0.09421219 0.09062088
v 0.01787308 0.08335376 0.08985534
v 0.03535858 0.09421219 0.08536293
v 0.00000000 0.07040122 0.08860946
v 0.00000000 0.05677940 0.08151474
v 0.03505981 0.08335377 0.08464187
v 0.05133209 0.09421219 0.07682464
v 0.05089889 0.08335376 0.07617562
v 0.01728699 0.07040124 0.08690689
v 0.03390900 0.07040122 0.08186447
v 0.04922897 0.07040124 0.07367615
v 0.04528717 0.05677940 0.06777702
v 0.01590256 0.05677940 0.07994857
v 0.03119431 0.05677939 0.07530983
v -0.01405014 0.04503381 0.07063454
v 0.00000000 0.04503381 0.07201836
v 0.01404999 0.04503379 0.07063454
v 0.02756058 0.04503377 0.06653626
v -0.02316132 0.03115699 0.05591553
v -0.01180740 0.03115700 0.05935966
v 0.00000000 0.03115700 0.06052254
v -0.02040390 0.01815351 0.04925865
v -0.02962143 0.01815347 0.04433159
v -0.01040176 0.01815352 0.05229271
v -0.01921860 0.00680237 0.04639709
v -0.02790070 0.00680233 0.04175629
v -0.00979751 0.00680238 0.04925483
v 0.00000000 0.00680238 0.05021980
v 0.00000000 0.01815352 0.05331711
v 0.00979736 0.00680235 0.04925483
v 0.01040161 0.01815349 0.05229271
v 0.01921829 0.00680233 0.04639709
v 0.01180725 0.03115697 0.05935966
v 0.02040359 0.01815347 0.04925865
v 0.02790070 0.00680237 0.04175629
v 0.02962143 0.01815351 0.04433159
v 0.02316101 0.03115695 0.05591553
v 0.03362442 0.03115699 0.05032264
v 0.04001129 0.04503380 0.05988113
v 0.05763992 0.05677944 0.05763962
v 0.05092499 0.04503388 0.05092468
v 0.04279617 0.03115706 0.04279594
v 0.00000000 0.00680238 -0.00000015
v 0.04925491 0.00680225 -0.00979751
v 0.05021988 0.00680222 -0.00000015
v 0.04639709 0.00680233 -0.01921844
v 0.04925491 0.00680230 0.00979729
v 0.04175613 0.00680239 -0.02790077
v 0.04639709 0.00680240 0.01921822
v 0.03551086 0.00680240 -0.03551102
v 0.04175613 0.00680242 0.02790054
v 0.02790070 0.00680237 -0.04175644
v 0.03551086 0.00680243 0.03551086
v 0.01921829 0.00680233 -0.04639717
v 0.02790070 0.00680237 0.04175629
v 0.00979736 0.00680237 -0.04925499
v 0.01921829 0.00680233 0.04639709
v 0.00000000 0.00680238 -0.05021995
v 0.00979736 0.00680235 0.04925483
v -0.00979751 0.00680237 -0.04925499
v 0.00000000 0.00680238 0.05021980
v -0.01921860 0.00680235 -0.04639717
v -0.00979751 0.00680238 0.04925483
v -0.02790070 0.00680232 -0.04175644
v -0.01921860 0.00680237 0.04639709
v -0.03551102 0.00680233 -0.03551102
v -0.02790070 0.00680233 0.04175629
v -0.04175644 0.00680235 -0.02790077
v -0.03551102 0.00680235 0.03551079
v -0.04639770 0.00680245 -0.01921852
v -0.04175644 0.00680240 0.02790047
v -0.04925507 0.00680246 -0.00979759
v -0.04639770 0.00680242 0.01921822
v -0.05022003 0.00680246 -0.00000015
v -0.04925507 0.00680247 0.00979729
vn -0.48004790 -0.50338470 -0.71844120
vn -0.50308810 -0.42427860 -0.75292100
vn -0.34652580 -0.42427980 -0.83660410
vn -0.33066390 -0.50339030 -0.79828540
vn -0.17665860 -0.42427690 -0.88813330
vn -0.16856800 -0.50339230 -0.84745560
vn 0.00000000 -0.42427520 -0.90553330
vn 0.00000000 -0.50339150 -0.86405850
vn 0.17665900 -0.42427590 -0.88813380
vn 0.16856910 -0.50339010 -0.84745670
vn 0.34653000 -0.42427530 -0.83660470
vn 0.33066420 -0.50338500 -0.79828860
vn 0.50308960 -0.42427340 -0.75292280
vn 0.48004480 -0.50338640 -0.71844220
vn -0.47262490 -0.52565710 -0.70732630
vn -0.60153270 -0.52565440 -0.60153630
vn -0.61098070 -0.50338410 -0.61098860
vn -0.32554600 -0.52565770 -0.78594130
vn -0.16596180 -0.52565790 -0.83435030
vn 0.00000000 -0.52565870 -0.85069550
vn 0.16596320 -0.52565800 -0.83435000
vn 0.32554660 -0.52565760 -0.78594120
vn -0.35937550 -0.34365220 -0.86761310
vn -0.52173890 -0.34365030 -0.78082850
vn -0.54866640 -0.15715930 -0.82113710
vn -0.18320700 -0.34365380 -0.92105230
vn -0.37792760 -0.15715550 -0.91239960
vn -0.55556150 0.00612780 -0.83145290
vn -0.38267600 0.00614121 -0.92386210
vn -0.19266700 -0.15715380 -0.96859800
vn -0.19508580 0.00614714 -0.98076690
vn 0.00000000 -0.34365430 -0.93909630
vn 0.00000000 -0.15715180 -0.98757440
vn 0.00000000 0.00615115 -0.99998120
vn 0.18320840 -0.34365350 -0.92105210
vn 0.19266840 -0.15715220 -0.96859790
vn 0.19508600 0.00615056 -0.98076690
vn 0.35937570 -0.34365340 -0.86761250
vn 0.37792800 -0.15715420 -0.91239960
vn 0.38267600 0.00614987 -0.92386210
vn 0.54866370 -0.15715250 -0.82114020
vn 0.55555830 0.00615569 -0.83145480
vn 0.52172850 -0.34365400 -0.78083380
vn 0.47261640 -0.52565870 -0.70733080
vn 0.61098590 -0.50338980 -0.61097870
vn 0.60153220 -0.52566190 -0.60153040
vn -0.61098070 -0.50338410 -0.61098860
vn -0.50308810 -0.42427860 -0.75292100
vn -0.48004790 -0.50338470 -0.71844120
vn -0.64030520 -0.42428090 -0.64030840
vn -0.40046100 -0.69313200 -0.59933210
vn -0.50968720 -0.69313620 -0.50968750
vn -0.75291900 -0.42427960 -0.50309030
vn -0.59932360 -0.69313690 -0.40046520
vn -0.71843970 -0.50338570 -0.48004920
vn -0.70732500 -0.52565500 -0.47262900
vn -0.60153270 -0.52565440 -0.60153630
vn -0.83660610 -0.42427640 -0.34652510
vn -0.79828670 -0.50339110 -0.33065970
vn -0.78594140 -0.52565650 -0.32554780
vn -0.66594340 -0.69313260 -0.27583800
vn -0.68878030 -0.56014590 -0.46023710
vn -0.66403820 -0.34365330 -0.66404490
vn -0.78082200 -0.34365790 -0.52174350
vn -0.52173890 -0.34365030 -0.78082850
vn -0.47262490 -0.52565710 -0.70732630
vn -0.69831620 -0.15716130 -0.69832290
vn -0.54866640 -0.15715930 -0.82113710
vn -0.82113350 -0.15715190 -0.54867380
vn -0.70709160 0.00612383 -0.70709540
vn -0.55556150 0.00612780 -0.83145290
vn -0.83145210 0.00614498 -0.55556250
vn -0.19559070 0.96098430 -0.19558510
vn -0.22998010 0.96098750 -0.15366250
vn -0.92386230 0.00616460 -0.38267540
vn -0.25553050 0.96099000 -0.10584160
vn -0.91240220 -0.15714430 -0.37792580
vn -0.98076630 0.00615940 -0.19508880
vn -0.27126940 0.96098980 -0.05395904
vn -0.86761120 -0.34365840 -0.35937410
vn -0.99998120 0.00615092 0.00000000
vn -0.27658430 0.96098960 0.00000013
vn -0.96859960 -0.15715120 -0.19266120
vn -0.83435460 -0.52565230 -0.16595760
vn -0.98076780 0.00615520 0.19508080
vn -0.27126960 0.96098980 0.05395737
vn -0.92105200 -0.34365820 -0.18320000
vn -0.98757340 -0.15715830 0.00000000
vn -0.84745380 -0.50339540 -0.16856800
vn -0.92386310 0.00615481 0.38267360
vn -0.25553210 0.96098910 0.10584570
vn -0.85070140 -0.52564940 -0.00000017
vn -0.93909470 -0.34365860 0.00000000
vn -0.96859940 -0.15715690 0.19265750
vn -0.88812970 -0.42428520 -0.17665690
vn -0.83145140 0.00615153 0.55556340
vn -0.22997620 0.96098820 0.15366430
vn -0.86405730 -0.50339350 -0.00000015
vn -0.83435450 -0.52565250 0.16595790
vn -0.92105200 -0.34365830 0.18320010
vn -0.91240020 -0.15715520 0.37792580
vn -0.70709540 0.00615174 0.70709130
vn -0.19558350 0.96098720 0.19557820
vn -0.82113710 -0.15715300 0.54866840
vn -0.86761090 -0.34365880 0.35937460
vn -0.78594110 -0.52565680 0.32554800
vn -0.84745350 -0.50339550 0.16856860
vn -0.69832340 -0.15715370 0.69831730
vn -0.55555870 0.00615407 0.83145450
vn -0.54866620 -0.15715530 0.82113800
vn -0.78082620 -0.34366150 0.52173480
vn -0.66403870 -0.34366310 0.66403940
vn -0.52173360 -0.34365980 0.78082780
vn -0.47262540 -0.52565800 0.70732520
vn -0.60153030 -0.52565950 0.60153420
vn -0.70732590 -0.52565770 0.47262480
vn -0.79828690 -0.50339080 0.33065970
vn -0.71844010 -0.50338550 0.48004880
vn -0.61098240 -0.50338220 0.61098850
vn -0.88812960 -0.42428540 0.17665670
vn -0.83660630 -0.42427630 0.34652490
vn -0.75292330 -0.42427390 0.50308880
vn -0.90552630 -0.42429020 0.00000000
vn -0.70696430 -0.69312940 -0.14061740
vn -0.72081320 -0.69312940 0.00000000
vn -0.70696440 -0.69312930 0.14061730
vn -0.76533350 -0.56014890 -0.31701390
vn -0.81248020 -0.56014190 -0.16160740
vn -0.64030810 -0.42427250 0.64031110
vn -0.48005160 -0.50338410 0.71843920
vn -0.50308900 -0.42427580 0.75292200
vn -0.50969000 -0.69313440 0.50968690
vn -0.40045830 -0.69313220 0.59933360
vn -0.59932800 -0.69313590 0.40046040
vn -0.66594390 -0.69313230 0.27583740
vn -0.82839800 -0.56014000 0.00000000
vn -0.76533440 -0.56014800 0.31701340
vn -0.68878330 -0.56014650 0.46023200
vn -0.81248090 -0.56014110 0.16160750
vn -0.95259650 -0.23802790 -0.18947960
vn -0.97125800 -0.23802940 -0.00000013
vn -0.95259680 -0.23802710 0.18947960
vn -0.89732310 -0.23802850 0.37169040
vn -0.89732280 -0.23802980 -0.37169030
vn -0.80756970 -0.23803210 0.53960350
vn -0.58576820 -0.56014420 0.58575950
vn -0.80756460 -0.23803850 -0.53960820
vn -0.68678900 -0.23803000 0.68677700
vn -0.46023350 -0.56014290 0.68878530
vn -0.53959970 -0.23802780 0.80757340
vn -0.41108000 -0.67269450 0.61521980
vn -0.52320980 -0.67269410 0.52319620
vn -0.61522170 -0.67269240 0.41108070
vn -0.68359770 -0.67269090 0.28316290
vn -0.72570010 -0.67269900 0.14434460
vn -0.73991510 -0.67270020 -0.00000021
vn -0.07558190 -0.99713970 0.00000000
vn -0.07413041 -0.99713960 0.01474410
vn -0.07413051 -0.99713960 -0.01474420
vn -0.72570040 -0.67269870 -0.14434420
vn -0.68359800 -0.67269080 -0.28316230
vn -0.61521560 -0.67269310 -0.41108840
vn -0.68678870 -0.23804040 -0.68677370
vn -0.52320410 -0.67269860 -0.52319610
vn -0.58577050 -0.56013850 -0.58576260
vn -0.53960250 -0.23803450 -0.80756960
vn -0.41108510 -0.67269470 -0.61521620
vn -0.46023810 -0.56013860 -0.68878560
vn 0.48004620 -0.50338540 0.71844190
vn 0.50308930 -0.42427210 0.75292380
vn 0.34652580 -0.42427300 0.83660760
vn 0.33065960 -0.50338560 0.79829010
vn 0.17665800 -0.42427360 0.88813510
vn 0.16857000 -0.50338840 0.84745760
vn -0.00000238 -0.42427690 0.90553240
vn -0.00000098 -0.50339030 0.86405910
vn -0.17666000 -0.42427920 0.88813200
vn -0.16856830 -0.50339020 0.84745680
vn -0.34652750 -0.42428150 0.83660260
vn -0.33066480 -0.50339140 0.79828440
vn -0.50308900 -0.42427580 0.75292200
vn -0.48005160 -0.50338410 0.71843920
vn 0.47261740 -0.52565800 0.70733060
vn 0.60153220 -0.52566190 0.60153020
vn 0.61098700 -0.50338760 0.61097940
vn 0.32554540 -0.52565740 0.78594180
vn 0.16596280 -0.52565800 0.83435000
vn -0.00000082 -0.52565790 0.85069600
vn -0.16596100 -0.52565770 0.83435050
vn -0.32554960 -0.52565660 0.78594060
vn 0.35937550 -0.34365660 0.86761130
vn 0.52172840 -0.34365620 0.78083280
vn 0.54866450 -0.15715170 0.82113990
vn 0.18320640 -0.34365570 0.92105170
vn 0.37792760 -0.15715400 0.91239980
vn 0.55555980 0.00615636 0.83145380
vn 0.38267610 0.00615705 0.92386200
vn 0.19266590 -0.15715280 0.96859840
vn 0.19508480 0.00615360 0.98076710
vn -0.00000040 -0.34365610 0.93909560
vn -0.00000039 -0.15715240 0.98757440
vn -0.00000095 0.00614979 0.99998120
vn -0.18320630 -0.34365500 0.92105200
vn -0.19266570 -0.15715140 0.96859870
vn -0.19508650 0.00614965 0.98076680
vn -0.35937700 -0.34365500 0.86761130
vn -0.37792730 -0.15715290 0.91240020
vn -0.38267350 0.00615218 0.92386320
vn -0.54866620 -0.15715530 0.82113800
vn -0.55555870 0.00615407 0.83145450
vn -0.52173360 -0.34365980 0.78082780
vn -0.47262540 -0.52565800 0.70732520
vn -0.61098240 -0.50338220 0.61098850
vn -0.60153030 -0.52565950 0.60153420
vn 0.61098700 -0.50338760 0.61097940
vn 0.50308930 -0.42427210 0.75292380
vn 0.48004620 -0.50338540 0.71844190
vn 0.64031530 -0.42427360 0.64030330
vn 0.40046030 -0.69313280 0.59933160
vn 0.50969550 -0.69313390 0.50968200
vn 0.75292680 -0.42427550 0.50308210
vn 0.59933230 -0.69313640 0.40045310
vn 0.71843870 -0.50339140 0.48004460
vn 0.70732650 -0.52566230 0.47261870
vn 0.60153220 -0.52566190 0.60153020
vn 0.83659970 -0.42428010 0.34653620
vn 0.79828200 -0.50339530 0.33066440
vn 0.78593770 -0.52566080 0.32555000
vn 0.66593780 -0.69313460 0.27584660
vn 0.68880050 -0.56012870 0.46022780
vn 0.66404280 -0.34365390 0.66404000
vn 0.78083160 -0.34365430 0.52173140
vn 0.52172840 -0.34365620 0.78083280
vn 0.47261740 -0.52565800 0.70733060
vn 0.69832270 -0.15714580 0.69831990
vn 0.54866450 -0.15715170 0.82113990
vn 0.82113890 -0.15714760 0.54866710
vn 0.70709660 0.00616112 0.70709020
vn 0.55555980 0.00615636 0.83145380
vn 0.83145230 0.00615738 0.55556200
vn 0.19557440 0.96098880 0.19557870
vn 0.22997300 0.96098860 0.15366660
vn 0.92386150 0.00615162 0.38267750
vn 0.25553750 0.96098730 0.10584900
vn 0.91239880 -0.15715010 0.37793150
vn 0.98076670 0.00614983 0.19508700
vn 0.27127690 0.96098750 0.05396053
vn 0.86761000 -0.34365540 0.35937960
vn 0.99998120 0.00614214 -0.00000192
vn 0.27659470 0.96098660 0.00000065
vn 0.96859940 -0.15714940 0.19266320
vn 0.83434960 -0.52565870 0.16596240
vn 0.98076610 0.00613834 -0.19509020
vn 0.27128130 0.96098620 -0.05396204
vn 0.92105200 -0.34365520 0.18320590
vn 0.98757360 -0.15715740 -0.00000756
vn 0.84745440 -0.50339230 0.16857400
vn 0.92386250 0.00613838 -0.38267530
vn 0.25553920 0.96098690 -0.10584880
vn 0.85069970 -0.52565200 -0.00000733
vn 0.93909600 -0.34365480 -0.00001163
vn 0.96859610 -0.15716400 -0.19266820
vn 0.88812950 -0.42428100 0.17666840
vn 0.83145360 0.00615443 -0.55556000
vn 0.22997130 0.96098910 -0.15366560
vn 0.86406070 -0.50338760 -0.00000103
vn 0.83435490 -0.52564920 -0.16596650
vn 0.92105080 -0.34365530 -0.18321180
vn 0.91239990 -0.15715970 -0.37792490
vn 0.70709540 0.00616489 -0.70709120
vn 0.19557280 0.96099000 -0.19557530
vn 0.82114060 -0.15714970 -0.54866390
vn 0.86761500 -0.34365350 -0.35936950
vn 0.78594340 -0.52565530 -0.32554490
vn 0.84745640 -0.50338850 -0.16857540
vn 0.69832220 -0.15714680 -0.69832020
vn 0.55555830 0.00615569 -0.83145480
vn 0.54866370 -0.15715250 -0.82114020
vn 0.78083410 -0.34365300 -0.52172850
vn 0.66404300 -0.34365270 -0.66404040
vn 0.52172850 -0.34365400 -0.78083380
vn 0.47261640 -0.52565870 -0.70733080
vn 0.60153220 -0.52566190 -0.60153040
vn 0.70732830 -0.52566150 -0.47261690
vn 0.79828390 -0.50339240 -0.33066410
vn 0.71843910 -0.50339160 -0.48004390
vn 0.61098590 -0.50338980 -0.61097870
vn 0.88812910 -0.42428100 -0.17666970
vn 0.83659910 -0.42428050 -0.34653730
vn 0.75292590 -0.42427670 -0.50308230
vn 0.90553020 -0.42428170 0.00000000
vn 0.70695820 -0.69313270 0.14063120
vn 0.72081080 -0.69313200 0.00000000
vn 0.70695800 -0.69313290 -0.14063150
vn 0.76534490 -0.56012490 0.31702890
vn 0.81248190 -0.56013380 0.16162760
vn 0.64031440 -0.42427550 -0.64030280
vn 0.48004480 -0.50338640 -0.71844220
vn 0.50308960 -0.42427340 -0.75292280
vn 0.50969510 -0.69313360 -0.50968300
vn 0.40046020 -0.69313400 -0.59933040
vn 0.59933220 -0.69313630 -0.40045340
vn 0.66593720 -0.69313490 -0.27584710
vn 0.82841230 -0.56011890 0.00000000
vn 0.76534470 -0.56012430 -0.31703000
vn 0.68880060 -0.56012830 -0.46022820
vn 0.81248220 -0.56013310 -0.16162830
vn 0.95259330 -0.23802400 0.18950100
vn 0.97125730 -0.23803220 0.00000000
vn 0.95259300 -0.23802450 -0.18950200
vn 0.89732820 -0.23800770 -0.37169120
vn 0.89732900 -0.23800650 0.37169010
vn 0.80758450 -0.23800520 -0.53959330
vn 0.58577520 -0.56013080 -0.58576520
vn 0.80758480 -0.23800460 0.53959290
vn 0.68678690 -0.23801690 -0.68678350
vn 0.46023330 -0.56013840 -0.68878900
vn 0.53959670 -0.23802350 -0.80757670
vn 0.41107390 -0.67269430 -0.61522400
vn 0.52320180 -0.67269850 -0.52319850
vn 0.61521970 -0.67270120 -0.41106920
vn 0.68359360 -0.67269670 -0.28315900
vn 0.72570170 -0.67269460 -0.14435720
vn 0.73991470 -0.67270080 0.00000000
vn 0.07557772 -0.99713990 0.00000000
vn 0.07413492 -0.99713920 -0.01474626
vn 0.07413505 -0.99713920 0.01474615
vn 0.72570190 -0.67269440 0.14435700
vn 0.68359350 -0.67269680 0.28315920
vn 0.61521880 -0.67270210 0.41106890
vn 0.68678680 -0.23801680 0.68678380
vn 0.52320130 -0.67269990 0.52319710
vn 0.58577590 -0.56013150 0.58576400
vn 0.53959910 -0.23802490 0.80757470
vn 0.41107480 -0.67269360 0.61522410
vn 0.46023370 -0.56014040 0.68878710
vn 0.34653000 -0.42427530 -0.83660470
vn 0.40046020 -0.69313400 -0.59933040
vn 0.50308960 -0.42427340 -0.75292280
vn 0.27583980 -0.69313450 -0.66594070
vn 0.17665900 -0.42427590 -0.88813380
vn 0.14062200 -0.69313340 -0.70695940
vn 0.00000000 -0.42427520 -0.90553330
vn 0.00000000 -0.69313220 -0.72081050
vn -0.17665860 -0.42427690 -0.88813330
vn -0.14062250 -0.69313160 -0.70696100
vn -0.34652580 -0.42427980 -0.83660410
vn -0.27584020 -0.69313070 -0.66594450
vn -0.50308810 -0.42427860 -0.75292100
vn -0.40046100 -0.69313200 -0.59933210
vn 0.46023330 -0.56013840 -0.68878900
vn 0.31701430 -0.56013820 -0.76534120
vn 0.58577520 -0.56013080 -0.58576520
vn 0.16161480 -0.56013970 -0.81248020
vn 0.50969510 -0.69313360 -0.50968300
vn 0.68880060 -0.56012830 -0.46022820
vn 0.59933220 -0.69313630 -0.40045340
vn 0.00000000 -0.56013870 -0.82839890
vn -0.16161120 -0.56013750 -0.81248250
vn -0.31701140 -0.56013770 -0.76534280
vn -0.46023810 -0.56013860 -0.68878560
vn -0.50968720 -0.69313620 -0.50968750
vn -0.58577050 -0.56013850 -0.58576260
vn -0.59932360 -0.69313690 -0.40046520
vn -0.68878030 -0.56014590 -0.46023710
vn -0.34652750 -0.42428150 0.83660260
vn -0.40045830 -0.69313220 0.59933360
vn -0.50308900 -0.42427580 0.75292200
vn -0.27584040 -0.69313200 0.66594300
vn -0.17666000 -0.42427920 0.88813200
vn -0.14062340 -0.69313420 0.70695840
vn -0.00000238 -0.42427690 0.90553240
vn -0.00000256 -0.69313480 0.72080800
vn 0.17665800 -0.42427360 0.88813510
vn 0.14062310 -0.69313310 0.70695950
vn 0.34652580 -0.42427300 0.83660760
vn 0.27583810 -0.69313200 0.66594410
vn 0.50308930 -0.42427210 0.75292380
vn 0.40046030 -0.69313280 0.59933160
vn -0.46023350 -0.56014290 0.68878530
vn -0.31701210 -0.56013680 0.76534310
vn -0.58576820 -0.56014420 0.58575950
vn -0.16161370 -0.56013560 0.81248320
vn -0.50969000 -0.69313440 0.50968690
vn -0.68878330 -0.56014650 0.46023200
vn -0.59932800 -0.69313590 0.40046040
vn -0.00000129 -0.56013670 0.82840020
vn 0.16161240 -0.56013770 0.81248210
vn 0.31701170 -0.56013800 0.76534250
vn 0.46023370 -0.56014040 0.68878710
vn 0.50969550 -0.69313390 0.50968200
vn 0.58577590 -0.56013150 0.58576400
vn 0.59933230 -0.69313640 0.40045310
vn 0.68880050 -0.56012870 0.46022780
vn 0.53959670 -0.23802350 -0.80757670
vn 0.28314840 -0.67269550 -0.68359920
vn 0.41107390 -0.67269430 -0.61522400
vn 0.37168210 -0.23802540 -0.89732730
vn 0.14435000 -0.67269610 -0.72570170
vn 0.31701430 -0.56013820 -0.76534120
vn 0.46023330 -0.56013840 -0.68878900
vn 0.16161480 -0.56013970 -0.81248020
vn 0.18948280 -0.23802540 -0.95259650
vn 0.00000000 -0.67269810 -0.73991720
vn 0.00000000 -0.56013870 -0.82839890
vn 0.00000000 -0.23802650 -0.97125860
vn -0.14434950 -0.67269960 -0.72569850
vn -0.16161120 -0.56013750 -0.81248250
vn -0.18947940 -0.23802720 -0.95259680
vn -0.28315000 -0.67270050 -0.68359360
vn -0.31701140 -0.56013770 -0.76534280
vn -0.37168040 -0.23802990 -0.89732680
vn -0.41108510 -0.67269470 -0.61521620
vn -0.46023810 -0.56013860 -0.68878560
vn -0.53960250 -0.23803450 -0.80756960
vn -0.53959970 -0.23802780 0.80757340
vn -0.28315280 -0.67269810 0.68359470
vn -0.41108000 -0.67269450 0.61521980
vn -0.37168220 -0.23802560 0.89732720
vn -0.14435080 -0.67269990 0.72569810
vn -0.31701210 -0.56013680 0.76534310
vn -0.46023350 -0.56014290 0.68878530
vn -0.16161370 -0.56013560 0.81248320
vn -0.18948410 -0.23802220 0.95259710
vn 0.00000000 -0.67270300 0.73991260
vn -0.00000129 -0.56013670 0.82840020
vn 0.00000000 -0.23802150 0.97126000
vn 0.14434830 -0.67269930 0.72569910
vn 0.16161240 -0.56013770 0.81248210
vn 0.18948080 -0.23802290 0.95259760
vn 0.28314760 -0.67269680 0.68359820
vn 0.31701170 -0.56013800 0.76534250
vn 0.37168100 -0.23802680 0.89732740
vn 0.41107480 -0.67269360 0.61522410
vn 0.46023370 -0.56014040 0.68878710
vn 0.53959910 -0.23802490 0.80757470
vn 0.68359360 -0.67269670 -0.28315900
vn 0.07413492 -0.99713920 -0.01474626
vn 0.72570170 -0.67269460 -0.14435720
vn 0.06982838 -0.99713960 -0.02892516
vn 0.00000000 -1.00000000 0.00000000
vn 0.07557772 -0.99713990 0.00000000
vn 0.61521970 -0.67270120 -0.41106920
vn 0.07413505 -0.99713920 0.01474615
vn 0.06284493 -0.99713960 -0.04199125
vn 0.52320180 -0.67269850 -0.52319850
vn 0.05344507 -0.99713970 -0.05344392
vn 0.41107390 -0.67269430 -0.61522400
vn 0.04199227 -0.99713950 -0.06284654
vn 0.28314840 -0.67269550 -0.68359920
vn 0.06982812 -0.99713970 0.02892500
vn 0.02892436 -0.99713960 -0.06983018
vn 0.01474512 -0.99713960 -0.07413003
vn 0.14435000 -0.67269610 -0.72570170
vn 0.72570190 -0.67269440 0.14435700
vn 0.00000000 -0.67269810 -0.73991720
vn 0.68359350 -0.67269680 0.28315920
vn 0.00000000 -0.99713960 -0.07558238
vn -0.14434950 -0.67269960 -0.72569850
vn 0.06284457 -0.99713960 0.04199094
vn 0.61521880 -0.67270210 0.41106890
vn -0.01474478 -0.99713970 -0.07412960
vn -0.28315000 -0.67270050 -0.68359360
vn 0.05344532 -0.99713960 0.05344409
vn 0.52320130 -0.67269990 0.52319710
vn -0.02892516 -0.99713930 -0.06983200
vn -0.41108510 -0.67269470 -0.61521620
vn 0.04199208 -0.99713950 0.06284595
vn -0.04199098 -0.99713970 -0.06284349
vn 0.02892439 -0.99713950 0.06983058
vn 0.41107480 -0.67269360 0.61522410
vn -0.52320410 -0.67269860 -0.52319610
vn 0.28314760 -0.67269680 0.68359820
vn -0.05344654 -0.99713950 -0.05344511
vn -0.61521560 -0.67269310 -0.41108840
vn 0.01474480 -0.99713960 0.07412993
vn 0.14434830 -0.67269930 0.72569910
vn -0.06284342 -0.99713960 -0.04199238
vn -0.68359800 -0.67269080 -0.28316230
vn 0.00000000 -0.99713960 0.07558209
vn 0.00000000 -0.67270300 0.73991260
vn -0.06983278 -0.99713930 -0.02892595
vn -0.72570040 -0.67269870 -0.14434420
vn -0.07413051 -0.99713960 -0.01474420
vn -0.07558190 -0.99713970 0.00000000
vn -0.07413041 -0.99713960 0.01474410
vn -0.01474523 -0.99713960 0.07413031
vn -0.14435080 -0.67269990 0.72569810
vn -0.02892516 -0.99713950 0.06983069
vn -0.28315280 -0.67269810 0.68359470
vn -0.04199026 -0.99713970 0.06284351
vn -0.41108000 -0.67269450 0.61521980
vn -0.05344721 -0.99713950 0.05344600
vn -0.52320980 -0.67269410 0.52319620
vn -0.06284299 -0.99713970 0.04199065
vn -0.61522170 -0.67269240 0.41108070
vn -0.06983265 -0.99713930 0.02892608
vn -0.68359770 -0.67269090 0.28316290
vn -0.72570010 -0.67269900 0.14434460
vn 0.19557280 0.96099000 -0.19557530
vn 0.55555830 0.00615569 -0.83145480
vn 0.70709540 0.00616489 -0.70709120
vn 0.15366700 0.96098720 -0.22997880
vn 0.38267600 0.00614987 -0.92386210
vn 0.10584570 0.96098610 -0.25554330
vn 0.19508600 0.00615056 -0.98076690
vn 0.05396364 0.96098490 -0.27128570
vn 0.00000000 0.00615115 -0.99998120
vn 0.00000000 0.96098500 -0.27660040
vn -0.19508580 0.00614714 -0.98076690
vn -0.05396495 0.96098510 -0.27128470
vn -0.38267600 0.00614121 -0.92386210
vn -0.10585160 0.96098420 -0.25554810
vn -0.55556150 0.00612780 -0.83145290
vn -0.15367130 0.96098360 -0.22999040
vn -0.70709160 0.00612383 -0.70709540
vn -0.19559070 0.96098430 -0.19558510
vn -0.08170344 0.98912750 0.12227580
vn -0.05627864 0.98912720 0.13586770
vn -0.02869245 0.98912600 0.14424450
vn -0.00000027 0.98912570 0.14707240
vn 0.02869214 0.98912620 0.14424360
vn 0.05628094 0.98912650 0.13587170
vn 0.08170299 0.98912690 0.12228060
vn -0.10398500 0.98912820 0.10398370
vn 0.10398390 0.98912820 0.10398520
vn -0.22998010 0.96098750 -0.15366250
vn -0.12227470 0.98912780 0.08170173
vn 0.22997130 0.96098910 -0.15366560
vn -0.82083740 0.15937840 0.54847470
vn -0.13585600 0.98912910 0.05627403
vn -0.69806880 0.15938580 0.69806600
vn 0.25553920 0.96098690 -0.10584880
vn -0.54846940 0.15938330 0.82084000
vn -0.14421940 0.98912990 0.02868428
vn 0.27128130 0.96098620 -0.05396204
vn -0.37779650 0.15938370 0.91206720
vn -0.14704260 0.98913010 0.00000096
vn 0.27659470 0.96098660 0.00000065
vn -0.19259960 0.15938220 0.96824730
vn -0.14422520 0.98912900 -0.02868657
vn 0.27127690 0.96098750 0.05396053
vn 0.00000000 0.15937790 0.98721770
vn -0.13586010 0.98912840 -0.05627760
vn 0.25553750 0.96098730 0.10584900
vn 0.19259760 0.15938480 0.96824720
vn 0.37779440 0.15939530 0.91206600
vn 0.54847030 0.15939830 0.82083650
vn -0.12227640 0.98912760 -0.08170176
vn 0.69806760 0.15938400 0.69806760
vn 0.22997300 0.96098860 0.15366660
vn 0.12227920 0.98912700 0.08170447
vn 0.82084670 0.15936110 0.54846590
vn -0.25553050 0.96099000 -0.10584160
vn 0.13587930 0.98912540 0.05628311
vn -0.27126940 0.96098980 -0.05395904
vn 0.14424860 0.98912540 0.02869254
vn -0.27658430 0.96098960 0.00000013
vn 0.14707640 0.98912510 0.00000000
vn -0.27126960 0.96098980 0.05395737
vn 0.14425210 0.98912490 -0.02869172
vn -0.25553210 0.96098910 0.10584570
vn 0.13588310 0.98912470 -0.05628676
vn -0.22997620 0.96098820 0.15366430
vn 0.12229300 0.98912440 -0.08171514
vn -0.19558350 0.96098720 0.19557820
vn 0.10399780 0.98912500 -0.10400110
vn 0.82084720 0.15936790 -0.54846320
vn 0.69807450 0.15936240 -0.69806560
vn 0.08171197 0.98912450 -0.12229400
vn 0.54846570 0.15937100 -0.82084480
vn -0.15366550 0.96098700 0.22998050
vn 0.05628385 0.98912510 -0.13588070
vn 0.37779100 0.15938590 -0.91206920
vn -0.55555870 0.00615407 0.83145450
vn -0.70709540 0.00615174 0.70709130
vn -0.38267350 0.00615218 0.92386320
vn -0.10584990 0.96098490 0.25554630
vn -0.19508650 0.00614965 0.98076680
vn -0.05396580 0.96098460 0.27128650
vn -0.00000095 0.00614979 0.99998120
vn 0.02869363 0.98912510 -0.14425030
vn 0.19260010 0.15938480 -0.96824680
vn -0.00000059 0.96098460 0.27660160
vn 0.19508480 0.00615360 0.98076710
vn -0.00000021 0.98912560 -0.14707330
vn -0.00000013 0.15937790 -0.98721770
vn 0.05396215 0.96098480 0.27128650
vn 0.38267610 0.00615705 0.92386200
vn -0.02869155 0.98912600 -0.14424510
vn -0.19260120 0.15937890 -0.96824740
vn 0.10584520 0.96098580 0.25554480
vn 0.55555980 0.00615636 0.83145380
vn -0.05627858 0.98912700 -0.13586930
vn -0.37779480 0.15937970 -0.91206870
vn 0.15366720 0.96098700 0.22997940
vn 0.70709660 0.00616112 0.70709020
vn 0.19557440 0.96098880 0.19557870
vn -0.08170385 0.98912730 -0.12227660
vn -0.54847040 0.15938270 -0.82083950
vn -0.10398440 0.98912830 -0.10398300
vn -0.69806800 0.15938600 -0.69806690
vn -0.82083720 0.15937590 -0.54847580
vn 0.52057130 0.34932690 0.77908680
vn 0.46753690 0.54018690 0.69971950
vn 0.59506150 0.54018430 0.59506550
vn 0.66255500 0.34932980 0.66256290
vn 0.69849620 0.15555270 0.69850280
vn 0.54880690 0.15555240 0.82134910
vn 0.69806760 0.15938400 0.69806760
vn 0.54847030 0.15939830 0.82083650
vn 0.82084670 0.15936110 0.54846590
vn 0.69971590 0.54018390 0.46754580
vn 0.54727100 0.63322780 0.54728160
vn 0.82135000 0.15553990 0.54880910
vn 0.64352690 0.63322710 0.42999610
vn 0.57633850 0.57935770 0.57634940
vn 0.77908060 0.34933180 0.52057730
vn 0.77748620 0.54018620 0.32204690
vn 0.91207180 0.15935870 0.37779590
vn 0.91263680 0.15553040 0.37802690
vn 0.13587930 0.98912540 0.05628311
vn 0.12227920 0.98912700 0.08170447
vn 0.14424860 0.98912540 0.02869254
vn 0.96825090 0.15936080 0.19259880
vn 0.14707640 0.98912510 0.00000000
vn 0.86567550 0.34932740 0.35857540
vn 0.98722080 0.15935820 -0.00000012
vn 0.14425210 0.98912490 -0.02869172
vn 0.96884960 0.15553470 0.19271560
vn 0.96825160 0.15936840 -0.19258860
vn 0.13588310 0.98912470 -0.05628676
vn 0.98782990 0.15553790 0.00000000
vn 0.91899690 0.34932830 0.18279600
vn 0.82537660 0.54018630 0.16417190
vn 0.91207050 0.15938050 -0.37779000
vn 0.12229300 0.98912440 -0.08171514
vn 0.82084720 0.15936790 -0.54846320
vn 0.96884930 0.15554260 -0.19271110
vn 0.93699980 0.34932980 0.00000000
vn 0.91263370 0.15554860 -0.37802680
vn 0.71505060 0.63322990 0.29617990
vn 0.84154500 0.54018700 -0.00000013
vn 0.91899690 0.34932800 -0.18279660
vn 0.82135260 0.15555090 -0.54880220
vn 0.69807450 0.15936240 -0.69806560
vn 0.67770710 0.57935680 0.45283430
vn 0.75909220 0.63323180 0.15098520
vn 0.82537670 0.54018580 -0.16417230
vn 0.86567570 0.34932650 -0.35857570
vn 0.69850200 0.15555280 -0.69849710
vn 0.54846570 0.15937100 -0.82084480
vn 0.54880460 0.15555230 -0.82135080
vn 0.77908670 0.34933330 -0.52056710
vn 0.66255660 0.34933880 -0.66255650
vn 0.52056480 0.34933580 -0.77908720
vn 0.46753640 0.54018940 -0.69971780
vn 0.59505810 0.54019050 -0.59506310
vn 0.77748640 0.54018490 -0.32204840
vn 0.69971710 0.54018660 -0.46754100
vn 0.64352640 0.63322720 -0.42999670
vn 0.54727220 0.63322770 -0.54728030
vn 0.71505000 0.63323010 -0.29618110
vn 0.75909230 0.63323180 -0.15098490
vn 0.67770690 0.57935640 -0.45283500
vn 0.57634220 0.57935610 -0.57634730
vn 0.75303050 0.57935890 -0.31191060
vn 0.77396150 0.63323250 -0.00000031
vn 0.79941560 0.57935580 -0.15900190
vn 0.81507330 0.57935790 -0.00000039
vn 0.79941550 0.57935560 0.15900270
vn 0.75303100 0.57935910 0.31190950
vn 0.64892280 0.39723550 -0.64892450
vn 0.76305040 0.39723410 -0.50986190
vn 0.84786020 0.39723520 -0.35119420
vn 0.90008780 0.39723170 -0.17902200
vn 0.91771780 0.39723290 -0.00000024
vn 0.90008780 0.39723150 0.17902260
vn 0.84786030 0.39723550 0.35119340
vn 0.50985830 0.39723160 -0.76305410
vn 0.45283400 0.57935390 -0.67770970
vn 0.53597730 0.26323910 -0.80214300
vn 0.68216690 0.26324290 -0.68216680
vn 0.80213790 0.26324200 -0.53598360
vn 0.89129390 0.26324130 -0.36918720
vn 0.94619630 0.26324250 -0.18819130
vn 0.96472890 0.26324540 -0.00000013
vn 0.94619630 0.26324230 0.18819170
vn 0.89129410 0.26324110 0.36918680
vn 0.76305000 0.39723450 0.50986220
vn 0.80213700 0.26324210 0.53598490
vn 0.64891860 0.39723670 0.64892800
vn 0.45282890 0.57935650 0.67771100
vn 0.68216290 0.26324300 0.68217070
vn 0.50985290 0.39723220 0.76305740
vn 0.53597220 0.26323910 0.80214650
vn -0.52056520 0.34932460 -0.77909190
vn -0.46753250 0.54018840 -0.69972130
vn -0.59506080 0.54019060 -0.59506030
vn -0.66256430 0.34931970 -0.66255890
vn -0.69850270 0.15552820 -0.69850210
vn -0.54880940 0.15553500 -0.82135080
vn -0.69806800 0.15938600 -0.69806690
vn -0.54847040 0.15938270 -0.82083950
vn -0.82083720 0.15937590 -0.54847580
vn -0.69971950 0.54018960 -0.46753380
vn -0.54727380 0.63323210 -0.54727380
vn -0.82134920 0.15553270 -0.54881230
vn -0.64352890 0.63323380 -0.42998330
vn -0.57634290 0.57936220 -0.57634040
vn -0.77909020 0.34932080 -0.52057030
vn -0.77748390 0.54019110 -0.32204420
vn -0.91206680 0.15937400 -0.37780160
vn -0.91263200 0.15553820 -0.37803540
vn -0.13586010 0.98912840 -0.05627760
vn -0.12227640 0.98912760 -0.08170176
vn -0.14422520 0.98912900 -0.02868657
vn -0.96825150 0.15936780 -0.19259000
vn -0.14704260 0.98913010 0.00000096
vn -0.86567460 0.34932630 -0.35857850
vn -0.98721960 0.15936610 0.00000227
vn -0.14421940 0.98912990 0.02868428
vn -0.96885010 0.15553700 -0.19271160
vn -0.96825030 0.15937440 0.19259050
vn -0.13585600 0.98912910 0.05627403
vn -0.98782980 0.15553860 0.00000588
vn -0.91899620 0.34932910 -0.18279810
vn -0.82537240 0.54019020 -0.16417980
vn -0.91206650 0.15937860 0.37780040
vn -0.12227470 0.98912780 0.08170173
vn -0.82083740 0.15937840 0.54847470
vn -0.96884860 0.15554560 0.19271240
vn -0.93700100 0.34932660 0.00000714
vn -0.91263290 0.15554250 0.37803140
vn -0.71504610 0.63323370 -0.29618250
vn -0.84154620 0.54018530 0.00000316
vn -0.91899620 0.34932780 0.18280060
vn -0.82135000 0.15553150 0.54881160
vn -0.69806880 0.15938580 0.69806600
vn -0.67771240 0.57936070 -0.45282130
vn -0.75909000 0.63323080 -0.15100000
vn -0.82537530 0.54018510 0.16418190
vn -0.86567710 0.34932620 0.35857290
vn -0.69850240 0.15552830 0.69850240
vn -0.54846940 0.15938330 0.82084000
vn -0.54880890 0.15553670 0.82135080
vn -0.77909050 0.34932160 0.52056940
vn -0.66256420 0.34931980 0.66255910
vn -0.52056520 0.34932470 0.77909180
vn -0.46753150 0.54018680 0.69972330
vn -0.59506190 0.54018900 0.59506070
vn -0.77748660 0.54018770 0.32204360
vn -0.69972130 0.54018810 0.46753280
vn -0.64352980 0.63323170 0.42998500
vn -0.54727330 0.63323190 0.54727450
vn -0.71504780 0.63323190 0.29618240
vn -0.75909040 0.63323050 0.15100010
vn -0.67771110 0.57936120 0.45282270
vn -0.57634090 0.57936280 0.57634180
vn -0.75302710 0.57935950 0.31191780
vn -0.77396330 0.63323060 0.00000053
vn -0.79940960 0.57935890 0.15902110
vn -0.81507090 0.57936110 0.00000000
vn -0.79940800 0.57936070 -0.15902200
vn -0.75302640 0.57936030 -0.31191830
vn -0.64892520 0.39723690 0.64892140
vn -0.76305810 0.39723520 0.50984960
vn -0.84785750 0.39723340 0.35120270
vn -0.90008280 0.39723290 0.17904450
vn -0.91771770 0.39723300 -0.00000102
vn -0.90008270 0.39723280 -0.17904510
vn -0.84785770 0.39723340 -0.35120210
vn -0.50985110 0.39723270 0.76305830
vn -0.45282570 0.57936010 0.67771010
vn -0.53596960 0.26323940 0.80214820
vn -0.68217030 0.26324290 0.68216340
vn -0.80214730 0.26324250 0.53596950
vn -0.89129130 0.26324040 0.36919420
vn -0.94619150 0.26324290 0.18821490
vn -0.96472890 0.26324560 -0.00000051
vn -0.94619150 0.26324280 -0.18821490
vn -0.89129140 0.26324030 -0.36919390
vn -0.76305960 0.39723500 -0.50984750
vn -0.80214870 0.26324240 -0.53596740
vn -0.64892720 0.39723700 -0.64891940
vn -0.45282840 0.57935920 -0.67770890
vn -0.68217240 0.26324290 -0.68216130
vn -0.50985390 0.39723260 -0.76305660
vn -0.53597220 0.26323930 -0.80214640
vn -0.54727330 0.63323190 0.54727450
vn -0.46753150 0.54018680 0.69972330
vn -0.59506190 0.54018900 0.59506070
vn -0.42998810 0.63323120 0.64352810
vn -0.57634090 0.57936280 0.57634180
vn -0.45282570 0.57936010 0.67771010
vn -0.32204430 0.54018660 0.77748690
vn -0.52056520 0.34932470 0.77909180
vn -0.29618260 0.63323030 0.71504930
vn -0.35857440 0.34932930 0.86567510
vn -0.16417820 0.54018920 0.82537340
vn -0.37802990 0.15554460 0.91263310
vn -0.54880890 0.15553670 0.82135080
vn -0.37779650 0.15938370 0.91206720
vn -0.54846940 0.15938330 0.82084000
vn -0.19259960 0.15938220 0.96824730
vn -0.19271650 0.15554570 0.96884770
vn 0.00000000 0.15937790 0.98721770
vn -0.18280270 0.34933110 0.91899440
vn 0.00000000 0.15554690 0.98782850
vn 0.19259760 0.15938480 0.96824720
vn 0.19271530 0.15554930 0.96884740
vn 0.37779440 0.15939530 0.91206600
vn 0.00000000 0.34933190 0.93699910
vn 0.00000000 0.54018810 0.84154430
vn 0.37802470 0.15555070 0.91263430
vn 0.54847030 0.15939830 0.82083650
vn 0.54880690 0.15555240 0.82134910
vn 0.18279850 0.34933160 0.91899530
vn 0.35857160 0.34933050 0.86567590
vn 0.52057130 0.34932690 0.77908680
vn 0.46753690 0.54018690 0.69971950
vn 0.16417810 0.54018750 0.82537440
vn 0.32204170 0.54018720 0.77748760
vn -0.15099400 0.63322990 0.75909210
vn 0.00000000 0.63323060 0.77396320
vn 0.15099270 0.63322960 0.75909260
vn 0.29618380 0.63322900 0.71504990
vn -0.31191460 0.57936050 0.75302770
vn -0.15901300 0.57936040 0.79941000
vn 0.00000000 0.57935950 0.81507210
vn -0.35119530 0.39723300 0.84786080
vn -0.50985110 0.39723270 0.76305830
vn -0.17903800 0.39723560 0.90008290
vn -0.36918430 0.26324100 0.89129510
vn -0.53596960 0.26323940 0.80214820
vn -0.18820980 0.26324280 0.94619250
vn 0.00000000 0.26324230 0.96472980
vn 0.00000000 0.39723520 0.91771680
vn 0.18820710 0.26324280 0.94619300
vn 0.17903590 0.39723550 0.90008350
vn 0.36918670 0.26324110 0.89129410
vn 0.15901160 0.57935950 0.79941080
vn 0.35119690 0.39723380 0.84785970
vn 0.53597220 0.26323910 0.80214650
vn 0.50985290 0.39723220 0.76305740
vn 0.31191610 0.57935980 0.75302760
vn 0.45282890 0.57935650 0.67771100
vn 0.42999120 0.63322840 0.64352890
vn 0.59506150 0.54018430 0.59506550
vn 0.54727100 0.63322780 0.54728160
vn 0.57633850 0.57935770 0.57634940
vn 0.54727220 0.63322770 -0.54728030
vn 0.46753640 0.54018940 -0.69971780
vn 0.59505810 0.54019050 -0.59506310
vn 0.42999490 0.63322750 -0.64352730
vn 0.57634220 0.57935610 -0.57634730
vn 0.45283400 0.57935390 -0.67770970
vn 0.32204760 0.54018710 -0.77748530
vn 0.52056480 0.34933580 -0.77908720
vn 0.29618700 0.63322940 -0.71504810
vn 0.35857360 0.34932990 -0.86567530
vn 0.16417680 0.54018740 -0.82537480
vn 0.37802200 0.15555080 -0.91263530
vn 0.54880460 0.15555230 -0.82135080
vn 0.37779100 0.15938590 -0.91206920
vn 0.54846570 0.15937100 -0.82084480
vn 0.19260010 0.15938480 -0.96824680
vn 0.19271650 0.15555000 -0.96884700
vn -0.00000013 0.15937790 -0.98721770
vn 0.18280140 0.34932880 -0.91899570
vn 0.00000053 0.15554910 -0.98782810
vn -0.19260120 0.15937890 -0.96824740
vn -0.19271740 0.15554720 -0.96884740
vn -0.37779480 0.15937970 -0.91206870
vn 0.00000146 0.34933010 -0.93699970
vn 0.00000154 0.54018830 -0.84154420
vn -0.37802700 0.15554450 -0.91263440
vn -0.54847040 0.15938270 -0.82083950
vn -0.54880940 0.15553500 -0.82135080
vn -0.18280290 0.34932790 -0.91899570
vn -0.35857290 0.34932750 -0.86567650
vn -0.52056520 0.34932460 -0.77909190
vn -0.46753250 0.54018840 -0.69972130
vn -0.16417620 0.54018840 -0.82537440
vn -0.32204500 0.54018630 -0.77748690
vn 0.15099160 0.63323050 -0.75909200
vn 0.00000094 0.63323120 -0.77396280
vn -0.15099130 0.63323130 -0.75909140
vn -0.29618300 0.63323100 -0.71504840
vn 0.31191760 0.57935760 -0.75302860
vn 0.15901010 0.57935780 -0.79941250
vn 0.00000076 0.57935800 -0.81507320
vn 0.35119660 0.39723410 -0.84785960
vn 0.50985830 0.39723160 -0.76305410
vn 0.17903300 0.39723530 -0.90008410
vn 0.36918670 0.26324140 -0.89129410
vn 0.53597730 0.26323910 -0.80214300
vn 0.18820370 0.26324270 -0.94619370
vn 0.00000030 0.26324230 -0.96472980
vn 0.00000058 0.39723520 -0.91771680
vn -0.18820620 0.26324280 -0.94619330
vn -0.17903490 0.39723540 -0.90008370
vn -0.36918460 0.26324110 -0.89129510
vn -0.15901070 0.57935850 -0.79941180
vn -0.35119540 0.39723350 -0.84786040
vn -0.53597220 0.26323930 -0.80214640
vn -0.50985390 0.39723260 -0.76305660
vn -0.31191450 0.57935950 -0.75302850
vn -0.45282840 0.57935920 -0.67770890
vn -0.42999060 0.63323050 -0.64352720
vn -0.59506080 0.54019060 -0.59506030
vn -0.54727380 0.63323210 -0.54727380
vn -0.57634290 0.57936220 -0.57634040
vn 0.00000070 1.00000000 -0.00000014
vn 0.00000365 1.00000000 0.00000494
vn 0.00000346 1.00000000 -0.00000184
vn 0.00000273 1.00000000 0.00000400
vn 0.00000327 1.00000000 -0.00000863
vn 0.00000180 1.00000000 0.00000305
vn 0.00000173 1.00000000 -0.00000509
vn -0.00000049 1.00000000 0.00000044
vn 0.00000019 1.00000000 -0.00000155
vn -0.00000279 1.00000000 -0.00000218
vn -0.00000188 1.00000000 0.00000070
vn -0.00000015 1.00000000 -0.00000098
vn -0.00000395 1.00000000 0.00000296
vn 0.00000250 1.00000000 0.00000022
vn -0.00000070 1.00000000 0.00000154
vn 0.00000048 1.00000000 0.00000013
vn 0.00000256 1.00000000 0.00000012
vn -0.00000154 1.00000000 0.00000000
vn 0.00000095 1.00000000 0.00000000
vn -0.00000147 1.00000000 -0.00000015
vn -0.00000066 1.00000000 -0.00000012
vn -0.00000140 1.00000000 -0.00000034
vn -0.00000095 1.00000000 0.00000000
vn 0.00000079 1.00000000 -0.00000293
vn -0.00000125 1.00000000 0.00000031
vn 0.00000299 1.00000000 -0.00000552
vn 0.00000047 1.00000000 0.00000144
vn 0.00000227 1.00000000 -0.00000269
vn 0.00000219 1.00000000 0.00000257
vn 0.00000155 1.00000000 0.00000015
vn 0.00000218 1.00000000 0.00000216
vn 0.00000186 1.00000000 0.00000094
vn 0.00000216 1.00000000 0.00000174
vt 0.58695630 0.42524300
vt 0.58536130 0.41163650
vt 0.56215920 0.41163660
vt 0.56325960 0.42524310
vt 0.53698430 0.41163670
vt 0.53754490 0.42524300
vt 0.51080380 0.41163670
vt 0.51080380 0.42524300
vt 0.48462240 0.41163670
vt 0.48406220 0.42524310
vt 0.45944810 0.41163660
vt 0.45834860 0.42524300
vt 0.43624590 0.41163660
vt 0.43465070 0.42524310
vt 0.59608540 0.44575270
vt 0.61934670 0.44575270
vt 0.60772790 0.42524300
vt 0.56954680 0.44575270
vt 0.54075040 0.44575270
vt 0.51080390 0.44575270
vt 0.48085670 0.44575270
vt 0.45206140 0.44575280
vt 0.57497300 0.47384290
vt 0.60396320 0.47384300
vt 0.60732280 0.49997990
vt 0.54351620 0.47384290
vt 0.57728740 0.49997990
vt 0.60813890 0.52060000
vt 0.57784890 0.52060000
vt 0.54469690 0.49998000
vt 0.54498330 0.52060010
vt 0.51080380 0.47384290
vt 0.51080380 0.49998000
vt 0.51080380 0.52060000
vt 0.47809090 0.47384290
vt 0.47691040 0.49997990
vt 0.47662470 0.52060010
vt 0.44663500 0.47384300
vt 0.44432000 0.49998000
vt 0.44375860 0.52060010
vt 0.41428380 0.49998000
vt 0.41346870 0.52060010
vt 0.41764430 0.47384300
vt 0.42552190 0.44575280
vt 0.41387960 0.42524310
vt 0.40226060 0.44575290
vt 0.29169590 0.23057880
vt 0.30714090 0.24491580
vt 0.30965740 0.23057880
vt 0.28955580 0.24491570
vt 0.29787010 0.25999440
vt 0.28167130 0.25999440
vt 0.26812800 0.24491580
vt 0.26193330 0.25999440
vt 0.26980930 0.23057880
vt 0.27942850 0.20896810
vt 0.30393860 0.20896820
vt 0.24368130 0.24491570
vt 0.24483950 0.23057880
vt 0.25146520 0.20896810
vt 0.23941450 0.25999440
vt 0.25178000 0.27474090
vt 0.31450300 0.17936990
vt 0.28772900 0.17937000
vt 0.33647590 0.17936980
vt 0.32405340 0.20896810
vt 0.31900940 0.15183000
vt 0.34177480 0.15183000
vt 0.29126960 0.15183000
vt 0.32010240 0.13010280
vt 0.34306010 0.13010290
vt 0.29212840 0.13010290
vt 0.31885710 0.12836430
vt 0.29114990 0.12836440
vt 0.26021300 0.13010290
vt 0.25953910 0.12836450
vt 0.25962150 0.15182990
vt 0.22558290 0.13010290
vt 0.22523900 0.12836450
vt 0.25718250 0.17937000
vt 0.18956860 0.13010290
vt 0.18956870 0.12836440
vt 0.22528120 0.15183000
vt 0.22112310 0.20896810
vt 0.15355450 0.13010280
vt 0.15389810 0.12836450
vt 0.22403790 0.17936990
vt 0.18956870 0.15182990
vt 0.21774560 0.23057880
vt 0.11892430 0.13010290
vt 0.11959800 0.12836440
vt 0.18956860 0.20896820
vt 0.18956860 0.17937000
vt 0.15385620 0.15183000
vt 0.21715510 0.24491570
vt 0.08700904 0.13010300
vt 0.08798748 0.12836450
vt 0.18956860 0.23057880
vt 0.15801420 0.20896810
vt 0.15509940 0.17937000
vt 0.11951580 0.15183000
vt 0.05903497 0.13010300
vt 0.06028029 0.12836450
vt 0.08786765 0.15183000
vt 0.12195460 0.17937000
vt 0.12767230 0.20896810
vt 0.16139180 0.23057880
vt 0.06012788 0.15183000
vt 0.03607711 0.13010280
vt 0.03736222 0.15182990
vt 0.09140831 0.17937000
vt 0.06463414 0.17937020
vt 0.04266143 0.17936990
vt 0.05508405 0.20896830
vt 0.07519886 0.20896830
vt 0.09970886 0.20896800
vt 0.13429780 0.23057880
vt 0.10932780 0.23057880
vt 0.08744150 0.23057880
vt 0.16198240 0.24491580
vt 0.13545610 0.24491580
vt 0.11100920 0.24491570
vt 0.18956860 0.24491560
vt 0.21497980 0.25999440
vt 0.18956870 0.25999440
vt 0.16415760 0.25999440
vt 0.23242070 0.27474090
vt 0.21141450 0.27474090
vt 0.08958143 0.24491570
vt 0.06947973 0.23057880
vt 0.07199621 0.24491570
vt 0.09746590 0.25999450
vt 0.08126712 0.25999440
vt 0.11720400 0.25999430
vt 0.13972290 0.25999440
vt 0.18956860 0.27474080
vt 0.14671650 0.27474090
vt 0.12735700 0.27474090
vt 0.16772280 0.27474090
vt 0.21118150 0.29057700
vt 0.18956860 0.29057690
vt 0.16795560 0.29057690
vt 0.14717380 0.29057700
vt 0.23196350 0.29057690
vt 0.12802040 0.29057690
vt 0.11038830 0.27474090
vt 0.25111660 0.29057690
vt 0.11123290 0.29057690
vt 0.09646231 0.27474080
vt 0.09745532 0.29057700
vt 0.10204690 0.30142210
vt 0.11513760 0.30142210
vt 0.13108870 0.30142220
vt 0.14928670 0.30142210
vt 0.16903300 0.30142210
vt 0.18956860 0.30142220
vt 0.18956860 0.30825680
vt 0.17124270 0.30825680
vt 0.20789450 0.30825680
vt 0.21010390 0.30142210
vt 0.22985050 0.30142210
vt 0.24804850 0.30142220
vt 0.26790430 0.29057690
vt 0.26399960 0.30142210
vt 0.26874890 0.27474080
vt 0.28168170 0.29057700
vt 0.27709010 0.30142210
vt 0.28267470 0.27474080
vt 0.50834390 0.64910850
vt 0.50993910 0.66271490
vt 0.53314130 0.66271490
vt 0.53204180 0.64910840
vt 0.55831680 0.66271490
vt 0.55775600 0.64910840
vt 0.58449710 0.66271490
vt 0.58449710 0.64910850
vt 0.61067780 0.66271490
vt 0.61123840 0.64910840
vt 0.63585220 0.66271480
vt 0.63695270 0.64910850
vt 0.65905450 0.66271490
vt 0.66064940 0.64910850
vt 0.49921500 0.62859870
vt 0.47595380 0.62859860
vt 0.48757270 0.64910850
vt 0.52575450 0.62859870
vt 0.55454990 0.62859870
vt 0.58449710 0.62859870
vt 0.61444420 0.62859870
vt 0.64324030 0.62859870
vt 0.52032820 0.60050850
vt 0.49133750 0.60050850
vt 0.48797710 0.57437160
vt 0.55178420 0.60050850
vt 0.51801320 0.57437150
vt 0.48716210 0.55375150
vt 0.51745180 0.55375140
vt 0.55060370 0.57437150
vt 0.55031790 0.55375150
vt 0.58449700 0.60050860
vt 0.58449710 0.57437160
vt 0.58449710 0.55375150
vt 0.61721000 0.60050850
vt 0.61839010 0.57437150
vt 0.61867650 0.55375150
vt 0.64866610 0.60050850
vt 0.65098090 0.57437160
vt 0.65154210 0.55375140
vt 0.68101730 0.57437160
vt 0.68183210 0.55375140
vt 0.67765640 0.60050860
vt 0.66977850 0.62859870
vt 0.68142110 0.64910840
vt 0.69303980 0.62859880
vt 0.29169570 0.45081030
vt 0.30714110 0.46514730
vt 0.30965750 0.45081040
vt 0.28955570 0.46514730
vt 0.29787020 0.48022610
vt 0.28167130 0.48022600
vt 0.26812800 0.46514730
vt 0.26193340 0.48022610
vt 0.26980950 0.45081040
vt 0.27942850 0.42919970
vt 0.30393840 0.42919960
vt 0.24368120 0.46514730
vt 0.24483940 0.45081040
vt 0.25146510 0.42919960
vt 0.23941420 0.48022600
vt 0.25178020 0.49497250
vt 0.31450300 0.39960140
vt 0.28772890 0.39960160
vt 0.33647580 0.39960150
vt 0.32405330 0.42919970
vt 0.31900940 0.37206150
vt 0.34177480 0.37206150
vt 0.29126950 0.37206160
vt 0.32010220 0.35033440
vt 0.34305990 0.35033450
vt 0.29212810 0.35033450
vt 0.31885710 0.34859600
vt 0.29114980 0.34859610
vt 0.26021280 0.35033440
vt 0.25953900 0.34859600
vt 0.25962140 0.37206160
vt 0.22558280 0.35033450
vt 0.22523900 0.34859600
vt 0.25718250 0.39960160
vt 0.18956850 0.35033450
vt 0.18956850 0.34859600
vt 0.22528100 0.37206160
vt 0.22112320 0.42919970
vt 0.15355440 0.35033450
vt 0.15389800 0.34859610
vt 0.22403770 0.39960160
vt 0.18956860 0.37206160
vt 0.21774530 0.45081040
vt 0.11892430 0.35033450
vt 0.11959820 0.34859620
vt 0.18956860 0.42919970
vt 0.18956850 0.39960150
vt 0.15385610 0.37206150
vt 0.21715490 0.46514730
vt 0.08700895 0.35033450
vt 0.08798730 0.34859600
vt 0.18956850 0.45081040
vt 0.15801410 0.42919980
vt 0.15509930 0.39960160
vt 0.11951570 0.37206140
vt 0.05903482 0.35033450
vt 0.06028032 0.34859610
vt 0.08786762 0.37206160
vt 0.12195480 0.39960150
vt 0.12767210 0.42919980
vt 0.16139190 0.45081040
vt 0.06012774 0.37206160
vt 0.03607720 0.35033460
vt 0.03736246 0.37206150
vt 0.09140813 0.39960150
vt 0.06463426 0.39960150
vt 0.04266119 0.39960150
vt 0.05508381 0.42919960
vt 0.07519871 0.42919960
vt 0.09970868 0.42919970
vt 0.13429770 0.45081040
vt 0.10932780 0.45081040
vt 0.08744135 0.45081040
vt 0.16198220 0.46514730
vt 0.13545600 0.46514720
vt 0.11100920 0.46514730
vt 0.18956840 0.46514730
vt 0.21497960 0.48022600
vt 0.18956850 0.48022600
vt 0.16415750 0.48022600
vt 0.23242060 0.49497250
vt 0.21141430 0.49497250
vt 0.08958161 0.46514730
vt 0.06947988 0.45081040
vt 0.07199615 0.46514730
vt 0.09746587 0.48022600
vt 0.08126724 0.48022600
vt 0.11720400 0.48022600
vt 0.13972290 0.48022600
vt 0.18956860 0.49497250
vt 0.14671670 0.49497250
vt 0.12735720 0.49497260
vt 0.16772280 0.49497250
vt 0.21118140 0.51080860
vt 0.18956860 0.51080850
vt 0.16795560 0.51080850
vt 0.14717380 0.51080850
vt 0.23196340 0.51080860
vt 0.12802040 0.51080850
vt 0.11038840 0.49497250
vt 0.25111680 0.51080850
vt 0.11123280 0.51080850
vt 0.09646261 0.49497250
vt 0.09745544 0.51080850
vt 0.10204700 0.52165370
vt 0.11513750 0.52165370
vt 0.13108860 0.52165380
vt 0.14928670 0.52165380
vt 0.16903320 0.52165380
vt 0.18956850 0.52165380
vt 0.18956850 0.52848840
vt 0.17124260 0.52848850
vt 0.20789450 0.52848850
vt 0.21010410 0.52165380
vt 0.22985050 0.52165380
vt 0.24804870 0.52165380
vt 0.26790440 0.51080850
vt 0.26399960 0.52165370
vt 0.26874880 0.49497250
vt 0.28168180 0.51080860
vt 0.27709050 0.52165380
vt 0.28267470 0.49497250
vt 0.78397150 0.76586420
vt 0.76503210 0.74268570
vt 0.75860410 0.75230540
vt 0.78839890 0.75517520
vt 0.81149510 0.77421330
vt 0.81375230 0.76286610
vt 0.84011940 0.77703250
vt 0.84011940 0.76546310
vt 0.86874290 0.77421330
vt 0.86648610 0.76286610
vt 0.89626680 0.76586410
vt 0.89183990 0.75517520
vt 0.92163410 0.75230540
vt 0.91520580 0.74268580
vt 0.77556710 0.72691870
vt 0.79565510 0.73765580
vt 0.75796060 0.71246920
vt 0.81745150 0.74426790
vt 0.74455210 0.72587760
vt 0.74351160 0.69486230
vt 0.72774460 0.70539720
vt 0.84011940 0.74650040
vt 0.86278680 0.74426780
vt 0.88458320 0.73765620
vt 0.90467140 0.72691890
vt 0.93568580 0.72587790
vt 0.92227770 0.71246930
vt 0.95249450 0.70539740
vt 0.93672720 0.69486230
vt 0.90835780 0.60468490
vt 0.92729690 0.62786330
vt 0.93372520 0.61824380
vt 0.90393080 0.61537400
vt 0.88083430 0.59633580
vt 0.87857720 0.60768320
vt 0.85221050 0.59351650
vt 0.85221050 0.60508610
vt 0.82358720 0.59633560
vt 0.82584340 0.60768290
vt 0.79606250 0.60468500
vt 0.80048980 0.61537400
vt 0.77069510 0.61824360
vt 0.77712320 0.62786320
vt 0.91676260 0.64363010
vt 0.89667420 0.63289310
vt 0.93436900 0.65808000
vt 0.87487790 0.62628130
vt 0.94777770 0.64467150
vt 0.94881840 0.67568700
vt 0.96458550 0.66515200
vt 0.85221040 0.62404880
vt 0.82954260 0.62628130
vt 0.80774620 0.63289310
vt 0.78765810 0.64363020
vt 0.75664320 0.64467130
vt 0.77005170 0.65808000
vt 0.73983560 0.66515180
vt 0.75560260 0.67568680
vt 0.74115860 0.07870758
vt 0.76079470 0.06869411
vt 0.74399100 0.06869411
vt 0.75884280 0.07870764
vt 0.77902590 0.06869408
vt 0.75842060 0.09332889
vt 0.74054570 0.09332895
vt 0.77781570 0.09332892
vt 0.77803130 0.07870752
vt 0.79798650 0.06869411
vt 0.79798630 0.09332892
vt 0.79798630 0.07870767
vt 0.81694660 0.06869420
vt 0.81815650 0.09332895
vt 0.81794120 0.07870755
vt 0.83517830 0.06869414
vt 0.83755150 0.09332904
vt 0.83712910 0.07870755
vt 0.85198150 0.06869400
vt 0.85542670 0.09332886
vt 0.85481320 0.07870755
vt 0.85481290 0.04433662
vt 0.83517790 0.05435002
vt 0.85198130 0.05434996
vt 0.83712910 0.04433665
vt 0.81694650 0.05435002
vt 0.83755130 0.02971524
vt 0.85542650 0.02971503
vt 0.81815640 0.02971515
vt 0.81794100 0.04433662
vt 0.79798640 0.05434990
vt 0.79798640 0.02971530
vt 0.79798630 0.04433662
vt 0.77902590 0.05435008
vt 0.77781580 0.02971512
vt 0.77803130 0.04433650
vt 0.76079470 0.05434996
vt 0.75842080 0.02971515
vt 0.75884290 0.04433665
vt 0.74399110 0.05435002
vt 0.74054590 0.02971527
vt 0.74115870 0.04433665
vt 0.81315180 0.37140380
vt 0.83267560 0.37595310
vt 0.83071100 0.36607690
vt 0.81700560 0.38070760
vt 0.84897160 0.45788020
vt 0.84897160 0.37434910
vt 0.79696940 0.38005320
vt 0.86526760 0.37595310
vt 0.80256420 0.38842680
vt 0.78278510 0.39169360
vt 0.78990640 0.39881450
vt 0.77114460 0.40587750
vt 0.77951800 0.41147240
vt 0.76249480 0.42206110
vt 0.88093780 0.38070750
vt 0.77179880 0.42591420
vt 0.76704560 0.44158410
vt 0.75716840 0.43961950
vt 0.86723240 0.36607690
vt 0.75537000 0.45788050
vt 0.88479160 0.37140380
vt 0.76544060 0.45788050
vt 0.75716840 0.47614120
vt 0.89537910 0.38842670
vt 0.90097400 0.38005310
vt 0.76704560 0.47417580
vt 0.76249470 0.49369990
vt 0.90803700 0.39881460
vt 0.91515820 0.39169360
vt 0.77179890 0.48984660
vt 0.77114460 0.50988340
vt 0.91842510 0.41147240
vt 0.77951800 0.50428740
vt 0.92614440 0.42591410
vt 0.92679870 0.40587750
vt 0.78278510 0.52406590
vt 0.93544860 0.42206110
vt 0.78990630 0.51694580
vt 0.79696950 0.53570690
vt 0.93089770 0.44158420
vt 0.94077490 0.43961970
vt 0.80256410 0.52733380
vt 0.81315160 0.54435720
vt 0.93250260 0.45788040
vt 0.94257340 0.45788050
vt 0.81700560 0.53505360
vt 0.83071090 0.54968330
vt 0.83267560 0.53980620
vt 0.84897150 0.54141110
vt 0.86526760 0.53980630
vt 0.93089770 0.47417650
vt 0.94077490 0.47614120
vt 0.92614420 0.48984660
vt 0.93544830 0.49370000
vt 0.91842510 0.50428740
vt 0.92679860 0.50988330
vt 0.90803690 0.51694620
vt 0.91515790 0.52406690
vt 0.89537890 0.52733380
vt 0.90097390 0.53570690
vt 0.88093770 0.53505350
vt 0.88479140 0.54435730
vt 0.86723260 0.54968340
vt 0.34459160 0.65100310
vt 0.36671470 0.67543330
vt 0.34573010 0.64986410
vt 0.36537610 0.67632780
vt 0.38230760 0.70460610
vt 0.38082030 0.70522270
vt 0.39190980 0.73626020
vt 0.39033080 0.73657410
vt 0.39515180 0.76917890
vt 0.39354210 0.76917890
vt 0.39190980 0.80209790
vt 0.39033080 0.80178430
vt 0.38230780 0.83375140
vt 0.38082030 0.83313540
vt 0.36671480 0.86292450
vt 0.36537620 0.86202980
vt 0.34573030 0.88849380
vt 0.34459190 0.88735620
vt 0.36103750 0.67922790
vt 0.37599950 0.70721910
vt 0.38521310 0.73759220
vt 0.38832400 0.76917890
vt 0.38521310 0.80076590
vt 0.37599940 0.83113940
vt 0.36103750 0.85913070
vt 0.34090200 0.65469210
vt 0.34090210 0.88366600
vt 0.31926610 0.90814010
vt 0.31636690 0.63455750
vt 0.31926590 0.63021800
vt 0.31536090 0.63606290
vt 0.28837490 0.61959460
vt 0.33962170 0.65597260
vt 0.29037190 0.61477330
vt 0.35953210 0.68023400
vt 0.25800190 0.61038120
vt 0.25901990 0.60526310
vt 0.37432660 0.70791180
vt 0.22641530 0.60727060
vt 0.22641530 0.60205120
vt 0.38343740 0.73794550
vt 0.19482830 0.61038120
vt 0.19381030 0.60526310
vt 0.38651350 0.76917890
vt 0.16445530 0.61959460
vt 0.16245830 0.61477330
vt 0.38343740 0.80041260
vt 0.37432670 0.83044650
vt 0.35953210 0.85812520
vt 0.13646350 0.63455750
vt 0.33962180 0.88238590
vt 0.13356440 0.63021790
vt 0.31636720 0.90380060
vt 0.31536110 0.90229510
vt 0.29037200 0.92358390
vt 0.28837510 0.91876270
vt 0.25901990 0.93309450
vt 0.25800210 0.92797650
vt 0.22641530 0.93630600
vt 0.22641530 0.93108730
vt 0.19381030 0.93309440
vt 0.19482820 0.92797660
vt 0.16245830 0.92358420
vt 0.16445540 0.91876350
vt 0.13356440 0.90814010
vt 0.13646350 0.90380080
vt 0.10823860 0.88735610
vt 0.11192840 0.88366590
vt 0.13746940 0.90229570
vt 0.11320850 0.88238660
vt 0.09179300 0.85913070
vt 0.09329838 0.85812520
vt 0.08745408 0.86202980
vt 0.07683086 0.83113950
vt 0.07850361 0.83044640
vt 0.08611566 0.86292450
vt 0.10710040 0.88849380
vt 0.07052273 0.83375140
vt 0.07200992 0.83313540
vt 0.06092069 0.80209790
vt 0.06249952 0.80178430
vt 0.05767843 0.76917890
vt 0.06761736 0.80076590
vt 0.06939298 0.80041260
vt 0.05928814 0.76917890
vt 0.06092066 0.73626020
vt 0.06450629 0.76917890
vt 0.06631666 0.76917890
vt 0.06249943 0.73657440
vt 0.07052284 0.70460610
vt 0.06761733 0.73759250
vt 0.06939292 0.73794540
vt 0.07200992 0.70522270
vt 0.08611566 0.67543330
vt 0.07683092 0.70721910
vt 0.07850361 0.70791180
vt 0.08745417 0.67632780
vt 0.10710020 0.64986410
vt 0.10823830 0.65100310
vt 0.09179276 0.67922790
vt 0.09329826 0.68023390
vt 0.11192820 0.65469210
vt 0.11320850 0.65597260
vt 0.13746920 0.63606290
vt 0.40819910 0.25602400
vt 0.41937910 0.28184040
vt 0.43859170 0.28184040
vt 0.42908380 0.25602410
vt 0.42505520 0.23147620
vt 0.40346210 0.23147630
vt 0.42400940 0.21089730
vt 0.40223220 0.21089730
vt 0.45054490 0.21089750
vt 0.46200220 0.28184040
vt 0.45131780 0.30410080
vt 0.45136660 0.23147630
vt 0.47200120 0.30410080
vt 0.46672370 0.33040020
vt 0.45453210 0.25602420
vt 0.48871090 0.28184040
vt 0.48081900 0.21089770
vt 0.48138510 0.23147640
vt 0.48006140 0.20935690
vt 0.44944460 0.20935680
vt 0.51328210 0.20935690
vt 0.51366870 0.21089760
vt 0.54783090 0.20935680
vt 0.48356530 0.25602400
vt 0.54783100 0.21089740
vt 0.58237980 0.20935680
vt 0.51395730 0.23147640
vt 0.58199330 0.21089760
vt 0.61560060 0.20935700
vt 0.54783100 0.23147620
vt 0.51506870 0.25602410
vt 0.51769180 0.28184050
vt 0.61484270 0.21089760
vt 0.64621730 0.20935680
vt 0.64511700 0.21089740
vt 0.58170480 0.23147640
vt 0.54783100 0.25602410
vt 0.61427680 0.23147640
vt 0.49559840 0.30410060
vt 0.54783100 0.28184040
vt 0.58059330 0.25602410
vt 0.64429550 0.23147650
vt 0.67165270 0.21089760
vt 0.48410540 0.33040020
vt 0.52120320 0.30410060
vt 0.57797020 0.28184050
vt 0.61209630 0.25602410
vt 0.67060670 0.23147640
vt 0.69342990 0.21089740
vt 0.69220000 0.23147630
vt 0.64112990 0.25602410
vt 0.66657810 0.25602420
vt 0.68746290 0.25602400
vt 0.67628280 0.28184030
vt 0.65707040 0.28184040
vt 0.60695100 0.28184030
vt 0.63365960 0.28184040
vt 0.62366070 0.30410070
vt 0.64434400 0.30410070
vt 0.60006350 0.30410060
vt 0.57445900 0.30410050
vt 0.61155660 0.33040020
vt 0.62893830 0.33040020
vt 0.59172600 0.33039990
vt 0.54783100 0.30410060
vt 0.57020850 0.33040000
vt 0.54783100 0.33040000
vt 0.52545340 0.33040000
vt 0.50393590 0.33040000
vt 0.61928230 0.35504450
vt 0.60396980 0.35504450
vt 0.58650020 0.35504430
vt 0.56754430 0.35504450
vt 0.54783110 0.35504440
vt 0.52811760 0.35504430
vt 0.50916180 0.35504440
vt 0.63184890 0.35504460
vt 0.64320320 0.33040020
vt 0.62696820 0.37655740
vt 0.61513170 0.37655720
vt 0.60070840 0.37655720
vt 0.58425380 0.37655720
vt 0.56639920 0.37655710
vt 0.54783090 0.37655720
vt 0.52926280 0.37655710
vt 0.51140820 0.37655720
vt 0.49169220 0.35504450
vt 0.49495350 0.37655730
vt 0.47637980 0.35504450
vt 0.45245910 0.33040020
vt 0.48053050 0.37655740
vt 0.46381340 0.35504450
vt 0.46869410 0.37655740
vt 0.40819940 0.05181628
vt 0.41937960 0.07763243
vt 0.43859200 0.07763240
vt 0.42908420 0.05181634
vt 0.42505570 0.02726853
vt 0.40346250 0.02726853
vt 0.42400970 0.00668967
vt 0.40223250 0.00668964
vt 0.45054520 0.00668967
vt 0.46200230 0.07763243
vt 0.45131820 0.09989262
vt 0.45136690 0.02726853
vt 0.47200150 0.09989262
vt 0.46672390 0.12619200
vt 0.45453240 0.05181628
vt 0.48871110 0.07763237
vt 0.48081940 0.00668964
vt 0.48138540 0.02726871
vt 0.48006170 0.00514895
vt 0.44944520 0.00514901
vt 0.51328250 0.00514898
vt 0.51366900 0.00668964
vt 0.54783120 0.00514889
vt 0.48356570 0.05181646
vt 0.54783130 0.00668943
vt 0.58237980 0.00514889
vt 0.51395750 0.02726853
vt 0.58199330 0.00668943
vt 0.61560050 0.00514901
vt 0.54783140 0.02726853
vt 0.51506900 0.05181646
vt 0.51769200 0.07763237
vt 0.61484270 0.00668964
vt 0.64621730 0.00514895
vt 0.64511690 0.00668961
vt 0.58170490 0.02726853
vt 0.54783130 0.05181634
vt 0.61427680 0.02726853
vt 0.49559880 0.09989285
vt 0.54783120 0.07763255
vt 0.58059340 0.05181634
vt 0.64429510 0.02726859
vt 0.67165260 0.00668964
vt 0.48410550 0.12619220
vt 0.52120350 0.09989285
vt 0.57797020 0.07763255
vt 0.61209630 0.05181620
vt 0.67060670 0.02726865
vt 0.69342980 0.00668961
vt 0.69219970 0.02726853
vt 0.64113000 0.05181628
vt 0.66657800 0.05181628
vt 0.68746240 0.05181634
vt 0.67628280 0.07763243
vt 0.65707040 0.07763225
vt 0.60695120 0.07763249
vt 0.63365970 0.07763243
vt 0.62366090 0.09989274
vt 0.64434420 0.09989274
vt 0.60006340 0.09989282
vt 0.57445900 0.09989303
vt 0.61155670 0.12619220
vt 0.62893830 0.12619220
vt 0.59172610 0.12619220
vt 0.54783140 0.09989321
vt 0.57020870 0.12619240
vt 0.54783130 0.12619250
vt 0.52545380 0.12619230
vt 0.50393630 0.12619220
vt 0.61928240 0.15083630
vt 0.60397010 0.15083630
vt 0.58650030 0.15083660
vt 0.56754450 0.15083670
vt 0.54783120 0.15083680
vt 0.52811800 0.15083660
vt 0.50916210 0.15083630
vt 0.63184870 0.15083630
vt 0.64320290 0.12619220
vt 0.62696800 0.17234930
vt 0.61513170 0.17234910
vt 0.60070870 0.17234920
vt 0.58425400 0.17234940
vt 0.56639920 0.17234950
vt 0.54783120 0.17234950
vt 0.52926300 0.17234940
vt 0.51140850 0.17234910
vt 0.49169250 0.15083640
vt 0.49495370 0.17234910
vt 0.47637990 0.15083630
vt 0.45245920 0.12619220
vt 0.48053060 0.17234900
vt 0.46381350 0.15083640
vt 0.46869420 0.17234930
vt 0.48473920 0.79055420
vt 0.49511390 0.76893990
vt 0.47238240 0.76893990
vt 0.50482270 0.79055420
vt 0.49969790 0.81609020
vt 0.51657570 0.81609030
vt 0.52104770 0.76894000
vt 0.48786030 0.74387300
vt 0.52773450 0.79055420
vt 0.51605210 0.74387300
vt 0.54918750 0.76894000
vt 0.51393440 0.72003770
vt 0.48478720 0.72003770
vt 0.51338460 0.70005610
vt 0.48399000 0.70005600
vt 0.54528090 0.70005600
vt 0.54556140 0.72003770
vt 0.57845150 0.70005600
vt 0.54663990 0.74387300
vt 0.57845150 0.72003780
vt 0.61162240 0.70005610
vt 0.61134160 0.72003770
vt 0.64351900 0.70005600
vt 0.57845150 0.74387300
vt 0.57845150 0.76893990
vt 0.64296870 0.72003770
vt 0.67291440 0.70005600
vt 0.67211520 0.72003770
vt 0.61026200 0.74387300
vt 0.64085150 0.74387300
vt 0.66904250 0.74387290
vt 0.66178890 0.76893990
vt 0.60771550 0.76894000
vt 0.63585510 0.76893990
vt 0.55259670 0.79055420
vt 0.57845150 0.79055420
vt 0.60430640 0.79055420
vt 0.62916860 0.79055420
vt 0.53583040 0.81609040
vt 0.55672380 0.81609030
vt 0.57845150 0.81609030
vt 0.54090480 0.84001950
vt 0.52394210 0.84001930
vt 0.55931040 0.84001940
vt 0.54308590 0.86090790
vt 0.52710860 0.86090780
vt 0.56042240 0.86090780
vt 0.57845150 0.86090760
vt 0.57845150 0.84001930
vt 0.59648100 0.86090780
vt 0.59759290 0.84001940
vt 0.61381760 0.86090780
vt 0.60017960 0.81609030
vt 0.61599880 0.84001930
vt 0.62979440 0.86090790
vt 0.63296100 0.84001950
vt 0.62107310 0.81609030
vt 0.64032720 0.81609030
vt 0.65208010 0.79055430
vt 0.68452010 0.76894000
vt 0.67216320 0.79055420
vt 0.65720530 0.81609030
vt 0.93497340 0.87753310
vt 0.92459880 0.89914730
vt 0.94733010 0.89914720
vt 0.91489010 0.87753270
vt 0.92001550 0.85199680
vt 0.90313730 0.85199680
vt 0.89866530 0.89914720
vt 0.93185260 0.92421420
vt 0.89197860 0.87753280
vt 0.90366160 0.92421420
vt 0.87052570 0.89914720
vt 0.90577880 0.94804950
vt 0.93492670 0.94804940
vt 0.90632900 0.96803100
vt 0.93572440 0.96803100
vt 0.87443250 0.96803100
vt 0.87415160 0.94804940
vt 0.84126150 0.96803100
vt 0.87307280 0.92421420
vt 0.84126160 0.94804940
vt 0.80809090 0.96803100
vt 0.80837150 0.94804940
vt 0.77619470 0.96803120
vt 0.84126160 0.92421410
vt 0.84126160 0.89914730
vt 0.77674440 0.94804950
vt 0.74680020 0.96803120
vt 0.74759730 0.94804940
vt 0.80945010 0.92421420
vt 0.77886220 0.92421410
vt 0.75067040 0.92421420
vt 0.75792400 0.89914730
vt 0.81199760 0.89914720
vt 0.78385770 0.89914720
vt 0.86711670 0.87753300
vt 0.84126160 0.87753300
vt 0.81540680 0.87753300
vt 0.79054450 0.87753290
vt 0.88388320 0.85199680
vt 0.86298940 0.85199690
vt 0.84126160 0.85199680
vt 0.87880890 0.82806780
vt 0.89577090 0.82806780
vt 0.86040280 0.82806790
vt 0.87662770 0.80717940
vt 0.89260450 0.80717930
vt 0.85929100 0.80717930
vt 0.84126150 0.80717930
vt 0.84126150 0.82806780
vt 0.82323250 0.80717940
vt 0.82212050 0.82806780
vt 0.80589600 0.80717930
vt 0.81953380 0.85199680
vt 0.80371480 0.82806770
vt 0.78991870 0.80717930
vt 0.78675220 0.82806770
vt 0.79864070 0.85199670
vt 0.77938570 0.85199680
vt 0.76763270 0.87753300
vt 0.73519240 0.89914730
vt 0.74754920 0.87753300
vt 0.76250790 0.85199700
vt 0.83705530 0.21598640
vt 0.75528440 0.19972120
vt 0.75368240 0.21598640
vt 0.76002890 0.18408090
vt 0.75528450 0.23225170
vt 0.76773360 0.16966690
vt 0.76002890 0.24789190
vt 0.77810170 0.15703280
vt 0.76773360 0.26230590
vt 0.79073580 0.14666430
vt 0.77810170 0.27494020
vt 0.80515000 0.13895990
vt 0.79073570 0.28530860
vt 0.82079020 0.13421570
vt 0.80515000 0.29301310
vt 0.83705540 0.13261350
vt 0.82079020 0.29775740
vt 0.85332070 0.13421570
vt 0.83705540 0.29935940
vt 0.86896130 0.13895990
vt 0.85332080 0.29775740
vt 0.88337490 0.14666440
vt 0.86896130 0.29301310
vt 0.89600930 0.15703260
vt 0.88337500 0.28530870
vt 0.90637770 0.16966680
vt 0.89600930 0.27494010
vt 0.91408290 0.18408080
vt 0.90637760 0.26230590
vt 0.91882660 0.19972100
vt 0.91408290 0.24789190
vt 0.92042850 0.21598640
vt 0.91882650 0.23225160
f 3/3/3 2/2/2 1/1/1
f 4/4/4 3/3/3 1/1/1
f 5/5/5 3/3/3 4/4/4
f 6/6/6 5/5/5 4/4/4
f 7/7/7 5/5/5 6/6/6
f 8/8/8 7/7/7 6/6/6
f 9/9/9 7/7/7 8/8/8
f 10/10/10 9/9/9 8/8/8
f 11/11/11 9/9/9 10/10/10
f 12/12/12 11/11/11 10/10/10
f 13/13/13 11/11/11 12/12/12
f 14/14/14 13/13/13 12/12/12
f 1/1/1 15/15/15 4/4/4
f 16/16/16 15/15/15 1/1/1
f 17/17/17 16/16/16 1/1/1
f 4/4/4 18/18/18 6/6/6
f 15/15/15 18/18/18 4/4/4
f 6/6/6 19/19/19 8/8/8
f 18/18/18 19/19/19 6/6/6
f 8/8/8 20/20/20 10/10/10
f 19/19/19 20/20/20 8/8/8
f 10/10/10 21/21/21 12/12/12
f 20/20/20 21/21/21 10/10/10
f 12/12/12 22/22/22 14/14/14
f 21/21/21 22/22/22 12/12/12
f 18/18/18 15/15/15 23/23/23
f 15/15/15 24/24/24 23/23/23
f 24/24/24 25/25/25 23/23/23
f 19/19/19 18/18/18 26/26/26
f 18/18/18 23/23/23 26/26/26
f 25/25/25 27/27/27 23/23/23
f 23/23/23 27/27/27 26/26/26
f 25/25/25 28/28/28 27/27/27
f 28/28/28 29/29/29 27/27/27
f 27/27/27 29/29/29 30/30/30
f 27/27/27 30/30/30 26/26/26
f 29/29/29 31/31/31 30/30/30
f 19/19/19 26/26/26 32/32/32
f 26/26/26 30/30/30 32/32/32
f 20/20/20 19/19/19 32/32/32
f 30/30/30 31/31/31 33/33/33
f 30/30/30 33/33/33 32/32/32
f 31/31/31 34/34/34 33/33/33
f 20/20/20 32/32/32 35/35/35
f 32/32/32 33/33/33 35/35/35
f 21/21/21 20/20/20 35/35/35
f 33/33/33 34/34/34 36/36/36
f 33/33/33 36/36/36 35/35/35
f 34/34/34 37/37/37 36/36/36
f 21/21/21 35/35/35 38/38/38
f 35/35/35 36/36/36 38/38/38
f 22/22/22 21/21/21 38/38/38
f 36/36/36 37/37/37 39/39/39
f 36/36/36 39/39/39 38/38/38
f 37/37/37 40/40/40 39/39/39
f 39/39/39 40/40/40 41/41/41
f 40/40/40 42/42/42 41/41/41
f 39/39/39 41/41/41 43/43/43
f 38/38/38 39/39/39 43/43/43
f 22/22/22 38/38/38 43/43/43
f 44/44/44 22/22/22 43/43/43
f 22/22/22 44/44/44 14/14/14
f 14/14/14 44/44/44 45/45/45
f 44/44/44 46/46/46 45/45/45
f 49/49/49 48/48/48 47/47/47
f 48/48/48 50/50/50 47/47/47
f 48/48/48 51/51/51 50/50/50
f 51/51/51 52/52/52 50/50/50
f 50/50/50 52/52/52 53/53/53
f 52/52/52 54/54/54 53/53/53
f 47/47/47 50/50/50 55/55/55
f 50/50/50 53/53/53 55/55/55
f 55/55/55 56/56/56 47/47/47
f 56/56/56 57/57/57 47/47/47
f 53/53/53 54/54/54 58/58/58
f 55/55/55 53/53/53 59/59/59
f 53/53/53 58/58/58 59/59/59
f 60/60/60 56/56/56 55/55/55
f 59/59/59 60/60/60 55/55/55
f 54/54/54 61/61/61 58/58/58
f 54/54/54 62/62/62 61/61/61
f 57/57/57 56/56/56 63/63/63
f 56/56/56 60/60/60 64/64/64
f 56/56/56 64/64/64 63/63/63
f 57/57/57 63/63/63 65/65/65
f 66/66/66 57/57/57 65/65/65
f 63/63/63 67/67/67 65/65/65
f 67/67/67 68/68/68 65/65/65
f 64/64/64 69/69/69 63/63/63
f 69/69/69 67/67/67 63/63/63
f 67/67/67 70/70/70 68/68/68
f 70/70/70 71/71/71 68/68/68
f 72/72/72 70/70/70 67/67/67
f 69/69/69 72/72/72 67/67/67
f 70/70/70 72/72/72 73/73/73
f 72/72/72 74/74/74 73/73/73
f 72/72/72 75/75/75 74/74/74
f 75/75/75 72/72/72 69/69/69
f 75/75/75 76/76/76 74/74/74
f 77/77/77 69/69/69 64/64/64
f 77/77/77 75/75/75 69/69/69
f 75/75/75 78/78/78 76/76/76
f 78/78/78 75/75/75 77/77/77
f 78/78/78 79/79/79 76/76/76
f 80/80/80 77/77/77 64/64/64
f 60/60/60 80/80/80 64/64/64
f 78/78/78 81/81/81 79/79/79
f 81/81/81 82/82/82 79/79/79
f 83/83/83 78/78/78 77/77/77
f 83/83/83 77/77/77 80/80/80
f 81/81/81 78/78/78 83/83/83
f 60/60/60 84/84/84 80/80/80
f 84/84/84 60/60/60 59/59/59
f 81/81/81 85/85/85 82/82/82
f 85/85/85 86/86/86 82/82/82
f 87/87/87 83/83/83 80/80/80
f 84/84/84 87/87/87 80/80/80
f 88/88/88 81/81/81 83/83/83
f 85/85/85 81/81/81 88/88/88
f 88/88/88 83/83/83 87/87/87
f 89/89/89 84/84/84 59/59/59
f 59/59/59 58/58/58 89/89/89
f 85/85/85 90/90/90 86/86/86
f 90/90/90 91/91/91 86/86/86
f 84/84/84 92/92/92 87/87/87
f 92/92/92 84/84/84 89/89/89
f 93/93/93 88/88/88 87/87/87
f 92/92/92 93/93/93 87/87/87
f 94/94/94 85/85/85 88/88/88
f 90/90/90 85/85/85 94/94/94
f 94/94/94 88/88/88 93/93/93
f 58/58/58 95/95/95 89/89/89
f 58/58/58 61/61/61 95/95/95
f 90/90/90 96/96/96 91/91/91
f 96/96/96 97/97/97 91/91/91
f 98/98/98 92/92/92 89/89/89
f 89/89/89 95/95/95 98/98/98
f 92/92/92 99/99/99 93/93/93
f 99/99/99 92/92/92 98/98/98
f 100/100/100 94/94/94 93/93/93
f 99/99/99 100/100/100 93/93/93
f 101/101/101 90/90/90 94/94/94
f 96/96/96 90/90/90 101/101/101
f 101/101/101 94/94/94 100/100/100
f 96/96/96 102/102/102 97/97/97
f 102/102/102 103/103/103 97/97/97
f 104/104/104 96/96/96 101/101/101
f 102/102/102 96/96/96 104/104/104
f 105/105/105 101/101/101 100/100/100
f 104/104/104 101/101/101 105/105/105
f 99/99/99 106/106/106 100/100/100
f 106/106/106 105/105/105 100/100/100
f 107/107/107 99/99/99 98/98/98
f 106/106/106 99/99/99 107/107/107
f 108/108/108 102/102/102 104/104/104
f 109/109/109 102/102/102 108/108/108
f 110/110/110 109/109/109 108/108/108
f 111/111/111 104/104/104 105/105/105
f 108/108/108 104/104/104 111/111/111
f 110/110/110 108/108/108 112/112/112
f 112/112/112 108/108/108 111/111/111
f 113/113/113 110/110/110 112/112/112
f 114/114/114 113/113/113 112/112/112
f 115/115/115 114/114/114 112/112/112
f 115/115/115 112/112/112 111/111/111
f 116/116/116 111/111/111 105/105/105
f 106/106/106 116/116/116 105/105/105
f 116/116/116 115/115/115 111/111/111
f 116/116/116 106/106/106 117/117/117
f 117/117/117 106/106/106 107/107/107
f 115/115/115 116/116/116 118/118/118
f 118/118/118 116/116/116 117/117/117
f 119/119/119 115/115/115 118/118/118
f 107/107/107 120/120/120 117/117/117
f 117/117/117 121/121/121 118/118/118
f 120/120/120 121/121/121 117/117/117
f 118/118/118 122/122/122 119/119/119
f 121/121/121 122/122/122 118/118/118
f 123/123/123 120/120/120 107/107/107
f 98/98/98 123/123/123 107/107/107
f 95/95/95 123/123/123 98/98/98
f 95/95/95 124/124/124 123/123/123
f 61/61/61 124/124/124 95/95/95
f 123/123/123 125/125/125 120/120/120
f 124/124/124 125/125/125 123/123/123
f 120/120/120 126/126/126 121/121/121
f 125/125/125 126/126/126 120/120/120
f 61/61/61 127/127/127 124/124/124
f 62/62/62 127/127/127 61/61/61
f 124/124/124 128/128/128 125/125/125
f 127/127/127 128/128/128 124/124/124
f 122/122/122 129/129/129 119/119/119
f 119/119/119 129/129/129 130/130/130
f 129/129/129 131/131/131 130/130/130
f 129/129/129 132/132/132 131/131/131
f 132/132/132 133/133/133 131/131/131
f 134/134/134 132/132/132 129/129/129
f 122/122/122 134/134/134 129/129/129
f 135/135/135 134/134/134 122/122/122
f 121/121/121 135/135/135 122/122/122
f 126/126/126 135/135/135 121/121/121
f 125/125/125 136/136/136 126/126/126
f 128/128/128 136/136/136 125/125/125
f 135/135/135 137/137/137 134/134/134
f 137/137/137 138/138/138 134/134/134
f 126/126/126 139/139/139 135/135/135
f 136/136/136 139/139/139 126/126/126
f 139/139/139 137/137/137 135/135/135
f 128/128/128 140/140/140 136/136/136
f 136/136/136 141/141/141 139/139/139
f 140/140/140 141/141/141 136/136/136
f 139/139/139 142/142/142 137/137/137
f 141/141/141 142/142/142 139/139/139
f 137/137/137 143/143/143 138/138/138
f 142/142/142 143/143/143 137/137/137
f 144/144/144 140/140/140 128/128/128
f 127/127/127 144/144/144 128/128/128
f 143/143/143 145/145/145 138/138/138
f 138/138/138 145/145/145 146/146/146
f 147/147/147 144/144/144 127/127/127
f 62/62/62 147/147/147 127/127/127
f 145/145/145 148/148/148 146/146/146
f 146/146/146 148/148/148 149/149/149
f 148/148/148 150/150/150 149/149/149
f 151/151/151 150/150/150 148/148/148
f 152/152/152 151/151/151 148/148/148
f 152/152/152 148/148/148 145/145/145
f 153/153/153 152/152/152 145/145/145
f 153/153/153 145/145/145 143/143/143
f 154/154/154 153/153/153 143/143/143
f 154/154/154 143/143/143 142/142/142
f 155/155/155 154/154/154 142/142/142
f 155/155/155 142/142/142 141/141/141
f 156/156/156 155/155/155 141/141/141
f 156/156/156 141/141/141 140/140/140
f 156/156/156 157/157/157 155/155/155
f 157/157/157 158/158/158 155/155/155
f 159/159/159 157/157/157 156/156/156
f 160/160/160 159/159/159 156/156/156
f 160/160/160 156/156/156 140/140/140
f 160/160/160 140/140/140 144/144/144
f 161/161/161 160/160/160 144/144/144
f 161/161/161 144/144/144 147/147/147
f 162/162/162 161/161/161 147/147/147
f 162/162/162 147/147/147 163/163/163
f 163/163/163 147/147/147 62/62/62
f 164/164/164 162/162/162 163/163/163
f 165/165/165 163/163/163 62/62/62
f 164/164/164 163/163/163 166/166/166
f 166/166/166 163/163/163 165/165/165
f 167/167/167 164/164/164 166/166/166
f 168/168/168 166/166/166 165/165/165
f 171/171/171 170/170/170 169/169/169
f 172/172/172 171/171/171 169/169/169
f 173/173/173 171/171/171 172/172/172
f 174/174/174 173/173/173 172/172/172
f 175/175/175 173/173/173 174/174/174
f 176/176/176 175/175/175 174/174/174
f 177/177/177 175/175/175 176/176/176
f 178/178/178 177/177/177 176/176/176
f 179/179/179 177/177/177 178/178/178
f 180/180/180 179/179/179 178/178/178
f 181/181/181 179/179/179 180/180/180
f 182/182/182 181/181/181 180/180/180
f 169/169/169 183/183/183 172/172/172
f 184/184/184 183/183/183 169/169/169
f 185/185/185 184/184/184 169/169/169
f 172/172/172 186/186/186 174/174/174
f 183/183/183 186/186/186 172/172/172
f 174/174/174 187/187/187 176/176/176
f 186/186/186 187/187/187 174/174/174
f 176/176/176 188/188/188 178/178/178
f 187/187/187 188/188/188 176/176/176
f 178/178/178 189/189/189 180/180/180
f 188/188/188 189/189/189 178/178/178
f 180/180/180 190/190/190 182/182/182
f 189/189/189 190/190/190 180/180/180
f 186/186/186 183/183/183 191/191/191
f 183/183/183 192/192/192 191/191/191
f 192/192/192 193/193/193 191/191/191
f 187/187/187 186/186/186 194/194/194
f 186/186/186 191/191/191 194/194/194
f 193/193/193 195/195/195 191/191/191
f 191/191/191 195/195/195 194/194/194
f 193/193/193 196/196/196 195/195/195
f 196/196/196 197/197/197 195/195/195
f 195/195/195 197/197/197 198/198/198
f 195/195/195 198/198/198 194/194/194
f 197/197/197 199/199/199 198/198/198
f 187/187/187 194/194/194 200/200/200
f 194/194/194 198/198/198 200/200/200
f 188/188/188 187/187/187 200/200/200
f 198/198/198 199/199/199 201/201/201
f 198/198/198 201/201/201 200/200/200
f 199/199/199 202/202/202 201/201/201
f 188/188/188 200/200/200 203/203/203
f 200/200/200 201/201/201 203/203/203
f 189/189/189 188/188/188 203/203/203
f 201/201/201 202/202/202 204/204/204
f 201/201/201 204/204/204 203/203/203
f 202/202/202 205/205/205 204/204/204
f 189/189/189 203/203/203 206/206/206
f 203/203/203 204/204/204 206/206/206
f 190/190/190 189/189/189 206/206/206
f 204/204/204 205/205/205 207/207/207
f 204/204/204 207/207/207 206/206/206
f 205/205/205 208/208/208 207/207/207
f 207/207/207 208/208/208 209/209/209
f 208/208/208 210/210/210 209/209/209
f 207/207/207 209/209/209 211/211/211
f 206/206/206 207/207/207 211/211/211
f 190/190/190 206/206/206 211/211/211
f 212/212/212 190/190/190 211/211/211
f 190/190/190 212/212/212 182/182/182
f 182/182/182 212/212/212 213/213/213
f 212/212/212 214/214/214 213/213/213
f 217/217/217 216/216/216 215/215/215
f 216/216/216 218/218/218 215/215/215
f 216/216/216 219/219/219 218/218/218
f 219/219/219 220/220/220 218/218/218
f 218/218/218 220/220/220 221/221/221
f 220/220/220 222/222/222 221/221/221
f 215/215/215 218/218/218 223/223/223
f 218/218/218 221/221/221 223/223/223
f 223/223/223 224/224/224 215/215/215
f 224/224/224 225/225/225 215/215/215
f 221/221/221 222/222/222 226/226/226
f 223/223/223 221/221/221 227/227/227
f 221/221/221 226/226/226 227/227/227
f 228/228/228 224/224/224 223/223/223
f 227/227/227 228/228/228 223/223/223
f 222/222/222 229/229/229 226/226/226
f 222/222/222 230/230/230 229/229/229
f 225/225/225 224/224/224 231/231/231
f 224/224/224 228/228/228 232/232/232
f 224/224/224 232/232/232 231/231/231
f 225/225/225 231/231/231 233/233/233
f 234/234/234 225/225/225 233/233/233
f 231/231/231 235/235/235 233/233/233
f 235/235/235 236/236/236 233/233/233
f 232/232/232 237/237/237 231/231/231
f 237/237/237 235/235/235 231/231/231
f 235/235/235 238/238/238 236/236/236
f 238/238/238 239/239/239 236/236/236
f 240/240/240 238/238/238 235/235/235
f 237/237/237 240/240/240 235/235/235
f 238/238/238 240/240/240 241/241/241
f 240/240/240 242/242/242 241/241/241
f 240/240/240 243/243/243 242/242/242
f 243/243/243 240/240/240 237/237/237
f 243/243/243 244/244/244 242/242/242
f 245/245/245 237/237/237 232/232/232
f 245/245/245 243/243/243 237/237/237
f 243/243/243 246/246/246 244/244/244
f 246/246/246 243/243/243 245/245/245
f 246/246/246 247/247/247 244/244/244
f 248/248/248 245/245/245 232/232/232
f 228/228/228 248/248/248 232/232/232
f 246/246/246 249/249/249 247/247/247
f 249/249/249 250/250/250 247/247/247
f 251/251/251 246/246/246 245/245/245
f 251/251/251 245/245/245 248/248/248
f 249/249/249 246/246/246 251/251/251
f 228/228/228 252/252/252 248/248/248
f 252/252/252 228/228/228 227/227/227
f 250/250/250 249/249/249 253/253/253
f 254/254/254 250/250/250 253/253/253
f 255/255/255 251/251/251 248/248/248
f 252/252/252 255/255/255 248/248/248
f 256/256/256 249/249/249 251/251/251
f 253/253/253 249/249/249 256/256/256
f 256/256/256 251/251/251 255/255/255
f 257/257/257 252/252/252 227/227/227
f 227/227/227 226/226/226 257/257/257
f 253/253/253 258/258/258 254/254/254
f 258/258/258 259/259/259 254/254/254
f 252/252/252 260/260/260 255/255/255
f 260/260/260 252/252/252 257/257/257
f 261/261/261 256/256/256 255/255/255
f 260/260/260 261/261/261 255/255/255
f 262/262/262 253/253/253 256/256/256
f 258/258/258 253/253/253 262/262/262
f 262/262/262 256/256/256 261/261/261
f 226/226/226 263/263/263 257/257/257
f 226/226/226 229/229/229 263/263/263
f 258/258/258 264/264/264 259/259/259
f 264/264/264 265/265/265 259/259/259
f 266/266/266 260/260/260 257/257/257
f 257/257/257 263/263/263 266/266/266
f 261/261/261 260/260/260 267/267/267
f 267/267/267 260/260/260 266/266/266
f 268/268/268 262/262/262 261/261/261
f 268/268/268 261/261/261 267/267/267
f 269/269/269 258/258/258 262/262/262
f 264/264/264 258/258/258 269/269/269
f 269/269/269 262/262/262 268/268/268
f 264/264/264 270/270/270 265/265/265
f 270/270/270 271/271/271 265/265/265
f 272/272/272 264/264/264 269/269/269
f 270/270/270 264/264/264 272/272/272
f 273/273/273 269/269/269 268/268/268
f 272/272/272 269/269/269 273/273/273
f 267/267/267 274/274/274 268/268/268
f 274/274/274 273/273/273 268/268/268
f 275/275/275 267/267/267 266/266/266
f 274/274/274 267/267/267 275/275/275
f 276/276/276 270/270/270 272/272/272
f 277/277/277 270/270/270 276/276/276
f 278/278/278 277/277/277 276/276/276
f 279/279/279 272/272/272 273/273/273
f 276/276/276 272/272/272 279/279/279
f 278/278/278 276/276/276 280/280/280
f 280/280/280 276/276/276 279/279/279
f 281/281/281 278/278/278 280/280/280
f 282/282/282 281/281/281 280/280/280
f 283/283/283 282/282/282 280/280/280
f 283/283/283 280/280/280 279/279/279
f 284/284/284 279/279/279 273/273/273
f 274/274/274 284/284/284 273/273/273
f 284/284/284 283/283/283 279/279/279
f 284/284/284 274/274/274 285/285/285
f 285/285/285 274/274/274 275/275/275
f 283/283/283 284/284/284 286/286/286
f 286/286/286 284/284/284 285/285/285
f 287/287/287 283/283/283 286/286/286
f 275/275/275 288/288/288 285/285/285
f 285/285/285 289/289/289 286/286/286
f 288/288/288 289/289/289 285/285/285
f 286/286/286 290/290/290 287/287/287
f 289/289/289 290/290/290 286/286/286
f 291/291/291 288/288/288 275/275/275
f 266/266/266 291/291/291 275/275/275
f 263/263/263 291/291/291 266/266/266
f 263/263/263 292/292/292 291/291/291
f 229/229/229 292/292/292 263/263/263
f 291/291/291 293/293/293 288/288/288
f 292/292/292 293/293/293 291/291/291
f 288/288/288 294/294/294 289/289/289
f 293/293/293 294/294/294 288/288/288
f 229/229/229 295/295/295 292/292/292
f 230/230/230 295/295/295 229/229/229
f 292/292/292 296/296/296 293/293/293
f 295/295/295 296/296/296 292/292/292
f 290/290/290 297/297/297 287/287/287
f 287/287/287 297/297/297 298/298/298
f 297/297/297 299/299/299 298/298/298
f 297/297/297 300/300/300 299/299/299
f 300/300/300 301/301/301 299/299/299
f 302/302/302 300/300/300 297/297/297
f 290/290/290 302/302/302 297/297/297
f 303/303/303 302/302/302 290/290/290
f 289/289/289 303/303/303 290/290/290
f 294/294/294 303/303/303 289/289/289
f 293/293/293 304/304/304 294/294/294
f 296/296/296 304/304/304 293/293/293
f 303/303/303 305/305/305 302/302/302
f 305/305/305 306/306/306 302/302/302
f 294/294/294 307/307/307 303/303/303
f 304/304/304 307/307/307 294/294/294
f 307/307/307 305/305/305 303/303/303
f 296/296/296 308/308/308 304/304/304
f 304/304/304 309/309/309 307/307/307
f 308/308/308 309/309/309 304/304/304
f 307/307/307 310/310/310 305/305/305
f 309/309/309 310/310/310 307/307/307
f 305/305/305 311/311/311 306/306/306
f 310/310/310 311/311/311 305/305/305
f 312/312/312 308/308/308 296/296/296
f 295/295/295 312/312/312 296/296/296
f 311/311/311 313/313/313 306/306/306
f 306/306/306 313/313/313 314/314/314
f 315/315/315 312/312/312 295/295/295
f 230/230/230 315/315/315 295/295/295
f 313/313/313 316/316/316 314/314/314
f 314/314/314 316/316/316 317/317/317
f 316/316/316 318/318/318 317/317/317
f 319/319/319 318/318/318 316/316/316
f 320/320/320 319/319/319 316/316/316
f 320/320/320 316/316/316 313/313/313
f 321/321/321 320/320/320 313/313/313
f 321/321/321 313/313/313 311/311/311
f 322/322/322 321/321/321 311/311/311
f 322/322/322 311/311/311 310/310/310
f 323/323/323 322/322/322 310/310/310
f 310/310/310 309/309/309 323/323/323
f 309/309/309 324/324/324 323/323/323
f 324/324/324 309/309/309 308/308/308
f 324/324/324 325/325/325 323/323/323
f 325/325/325 326/326/326 323/323/323
f 327/327/327 325/325/325 324/324/324
f 328/328/328 327/327/327 324/324/324
f 328/328/328 324/324/324 308/308/308
f 328/328/328 308/308/308 312/312/312
f 329/329/329 328/328/328 312/312/312
f 329/329/329 312/312/312 315/315/315
f 330/330/330 329/329/329 315/315/315
f 330/330/330 315/315/315 331/331/331
f 331/331/331 315/315/315 230/230/230
f 332/332/332 330/330/330 331/331/331
f 333/333/333 331/331/331 230/230/230
f 332/332/332 331/331/331 334/334/334
f 334/334/334 331/331/331 333/333/333
f 335/335/335 332/332/332 334/334/334
f 336/336/336 334/334/334 333/333/333
f 339/339/339 338/338/338 337/337/337
f 338/338/338 340/340/340 337/337/337
f 337/337/337 340/340/340 341/341/341
f 340/340/340 342/342/342 341/341/341
f 341/341/341 342/342/342 343/343/343
f 342/342/342 344/344/344 343/343/343
f 343/343/343 344/344/344 345/345/345
f 344/344/344 346/346/346 345/345/345
f 345/345/345 346/346/346 347/347/347
f 346/346/346 348/348/348 347/347/347
f 347/347/347 348/348/348 349/349/349
f 348/348/348 350/350/350 349/349/349
f 338/338/338 351/351/351 340/340/340
f 351/351/351 352/352/352 340/340/340
f 340/340/340 352/352/352 342/342/342
f 353/353/353 351/351/351 338/338/338
f 352/352/352 354/354/354 342/342/342
f 342/342/342 354/354/354 344/344/344
f 355/355/355 353/353/353 338/338/338
f 356/356/356 353/353/353 355/355/355
f 357/357/357 356/356/356 355/355/355
f 354/354/354 358/358/358 344/344/344
f 344/344/344 358/358/358 346/346/346
f 358/358/358 359/359/359 346/346/346
f 346/346/346 359/359/359 348/348/348
f 359/359/359 360/360/360 348/348/348
f 348/348/348 360/360/360 350/350/350
f 360/360/360 361/361/361 350/350/350
f 350/350/350 361/361/361 362/362/362
f 361/361/361 363/363/363 362/362/362
f 362/362/362 363/363/363 364/364/364
f 363/363/363 365/365/365 364/364/364
f 368/368/368 367/367/367 366/366/366
f 367/367/367 369/369/369 366/366/366
f 366/366/366 369/369/369 370/370/370
f 369/369/369 371/371/371 370/370/370
f 370/370/370 371/371/371 372/372/372
f 371/371/371 373/373/373 372/372/372
f 372/372/372 373/373/373 374/374/374
f 373/373/373 375/375/375 374/374/374
f 374/374/374 375/375/375 376/376/376
f 375/375/375 377/377/377 376/376/376
f 376/376/376 377/377/377 378/378/378
f 377/377/377 379/379/379 378/378/378
f 367/367/367 380/380/380 369/369/369
f 380/380/380 381/381/381 369/369/369
f 369/369/369 381/381/381 371/371/371
f 382/382/382 380/380/380 367/367/367
f 381/381/381 383/383/383 371/371/371
f 371/371/371 383/383/383 373/373/373
f 384/384/384 382/382/382 367/367/367
f 385/385/385 382/382/382 384/384/384
f 386/386/386 385/385/385 384/384/384
f 383/383/383 387/387/387 373/373/373
f 373/373/373 387/387/387 375/375/375
f 387/387/387 388/388/388 375/375/375
f 375/375/375 388/388/388 377/377/377
f 388/388/388 389/389/389 377/377/377
f 377/377/377 389/389/389 379/379/379
f 389/389/389 390/390/390 379/379/379
f 379/379/379 390/390/390 391/391/391
f 390/390/390 392/392/392 391/391/391
f 391/391/391 392/392/392 393/393/393
f 392/392/392 394/394/394 393/393/393
f 397/397/397 396/396/396 395/395/395
f 396/396/396 398/398/398 395/395/395
f 396/396/396 399/399/399 398/398/398
f 395/395/395 398/398/398 400/400/400
f 401/401/401 395/395/395 400/400/400
f 400/400/400 398/398/398 402/402/402
f 399/399/399 403/403/403 398/398/398
f 398/398/398 403/403/403 402/402/402
f 399/399/399 404/404/404 403/403/403
f 402/402/402 403/403/403 405/405/405
f 404/404/404 406/406/406 403/403/403
f 403/403/403 406/406/406 405/405/405
f 404/404/404 407/407/407 406/406/406
f 405/405/405 406/406/406 408/408/408
f 407/407/407 409/409/409 406/406/406
f 406/406/406 409/409/409 408/408/408
f 407/407/407 410/410/410 409/409/409
f 408/408/408 409/409/409 411/411/411
f 410/410/410 412/412/412 409/409/409
f 409/409/409 412/412/412 411/411/411
f 410/410/410 413/413/413 412/412/412
f 411/411/411 412/412/412 414/414/414
f 413/413/413 415/415/415 412/412/412
f 412/412/412 415/415/415 414/414/414
f 418/418/418 417/417/417 416/416/416
f 417/417/417 419/419/419 416/416/416
f 417/417/417 420/420/420 419/419/419
f 416/416/416 419/419/419 421/421/421
f 422/422/422 416/416/416 421/421/421
f 421/421/421 419/419/419 423/423/423
f 420/420/420 424/424/424 419/419/419
f 419/419/419 424/424/424 423/423/423
f 420/420/420 425/425/425 424/424/424
f 423/423/423 424/424/424 426/426/426
f 425/425/425 427/427/427 424/424/424
f 424/424/424 427/427/427 426/426/426
f 425/425/425 428/428/428 427/427/427
f 426/426/426 427/427/427 429/429/429
f 428/428/428 430/430/430 427/427/427
f 427/427/427 430/430/430 429/429/429
f 428/428/428 431/431/431 430/430/430
f 429/429/429 430/430/430 432/432/432
f 431/431/431 433/433/433 430/430/430
f 430/430/430 433/433/433 432/432/432
f 431/431/431 434/434/434 433/433/433
f 432/432/432 433/433/433 435/435/435
f 434/434/434 436/436/436 433/433/433
f 433/433/433 436/436/436 435/435/435
f 439/439/439 438/438/438 437/437/437
f 438/438/438 440/440/440 437/437/437
f 440/440/440 438/438/438 441/441/441
f 438/438/438 442/442/442 441/441/441
f 437/437/437 440/440/440 443/443/443
f 442/442/442 444/444/444 441/441/441
f 440/440/440 445/445/445 443/443/443
f 445/445/445 440/440/440 441/441/441
f 443/443/443 445/445/445 446/446/446
f 445/445/445 447/447/447 446/446/446
f 447/447/447 445/445/445 441/441/441
f 446/446/446 447/447/447 448/448/448
f 447/447/447 449/449/449 448/448/448
f 449/449/449 447/447/447 441/441/441
f 448/448/448 449/449/449 450/450/450
f 444/444/444 451/451/451 441/441/441
f 452/452/452 449/449/449 441/441/441
f 449/449/449 452/452/452 450/450/450
f 453/453/453 452/452/452 441/441/441
f 450/450/450 452/452/452 454/454/454
f 452/452/452 453/453/453 454/454/454
f 451/451/451 444/444/444 455/455/455
f 454/454/454 453/453/453 456/456/456
f 457/457/457 451/451/451 455/455/455
f 453/453/453 458/458/458 456/456/456
f 458/458/458 453/453/453 441/441/441
f 456/456/456 458/458/458 459/459/459
f 460/460/460 451/451/451 457/457/457
f 451/451/451 460/460/460 441/441/441
f 461/461/461 460/460/460 457/457/457
f 458/458/458 462/462/462 459/459/459
f 462/462/462 458/458/458 441/441/441
f 459/459/459 462/462/462 463/463/463
f 464/464/464 460/460/460 461/461/461
f 460/460/460 464/464/464 441/441/441
f 465/465/465 464/464/464 461/461/461
f 462/462/462 466/466/466 463/463/463
f 466/466/466 462/462/462 441/441/441
f 463/463/463 466/466/466 467/467/467
f 468/468/468 464/464/464 465/465/465
f 464/464/464 468/468/468 441/441/441
f 469/469/469 466/466/466 441/441/441
f 466/466/466 469/469/469 467/467/467
f 468/468/468 470/470/470 441/441/441
f 471/471/471 468/468/468 465/465/465
f 470/470/470 468/468/468 471/471/471
f 467/467/467 469/469/469 472/472/472
f 473/473/473 470/470/470 471/471/471
f 469/469/469 474/474/474 472/472/472
f 474/474/474 469/469/469 441/441/441
f 472/472/472 474/474/474 475/475/475
f 476/476/476 470/470/470 473/473/473
f 470/470/470 476/476/476 441/441/441
f 477/477/477 476/476/476 473/473/473
f 474/474/474 478/478/478 475/475/475
f 478/478/478 474/474/474 441/441/441
f 475/475/475 478/478/478 479/479/479
f 480/480/480 476/476/476 477/477/477
f 476/476/476 480/480/480 441/441/441
f 481/481/481 480/480/480 477/477/477
f 478/478/478 482/482/482 479/479/479
f 482/482/482 478/478/478 441/441/441
f 479/479/479 482/482/482 483/483/483
f 482/482/482 484/484/484 483/483/483
f 484/484/484 482/482/482 441/441/441
f 485/485/485 484/484/484 441/441/441
f 486/486/486 485/485/485 441/441/441
f 487/487/487 480/480/480 481/481/481
f 480/480/480 487/487/487 441/441/441
f 488/488/488 487/487/487 481/481/481
f 489/489/489 487/487/487 488/488/488
f 487/487/487 489/489/489 441/441/441
f 490/490/490 489/489/489 488/488/488
f 491/491/491 489/489/489 490/490/490
f 489/489/489 491/491/491 441/441/441
f 492/492/492 491/491/491 490/490/490
f 493/493/493 491/491/491 492/492/492
f 491/491/491 493/493/493 441/441/441
f 494/494/494 493/493/493 492/492/492
f 495/495/495 493/493/493 494/494/494
f 493/493/493 495/495/495 441/441/441
f 496/496/496 495/495/495 494/494/494
f 495/495/495 497/497/497 441/441/441
f 497/497/497 495/495/495 496/496/496
f 497/497/497 486/486/486 441/441/441
f 498/498/498 497/497/497 496/496/496
f 486/486/486 497/497/497 498/498/498
f 499/499/499 486/486/486 498/498/498
f 502/502/502 501/501/501 500/500/500
f 501/501/501 503/503/503 500/500/500
f 501/501/501 504/504/504 503/503/503
f 504/504/504 505/505/505 503/503/503
f 504/504/504 506/506/506 505/505/505
f 506/506/506 507/507/507 505/505/505
f 506/506/506 508/508/508 507/507/507
f 508/508/508 509/509/509 507/507/507
f 508/508/508 510/510/510 509/509/509
f 510/510/510 511/511/511 509/509/509
f 510/510/510 512/512/512 511/511/511
f 512/512/512 513/513/513 511/511/511
f 512/512/512 514/514/514 513/513/513
f 514/514/514 515/515/515 513/513/513
f 514/514/514 516/516/516 515/515/515
f 516/516/516 517/517/517 515/515/515
f 518/518/518 503/503/503 505/505/505
f 519/519/519 505/505/505 507/507/507
f 519/519/519 518/518/518 505/505/505
f 520/520/520 507/507/507 509/509/509
f 520/520/520 519/519/519 507/507/507
f 521/521/521 509/509/509 511/511/511
f 521/521/521 520/520/520 509/509/509
f 522/522/522 511/511/511 513/513/513
f 522/522/522 521/521/521 511/511/511
f 523/523/523 513/513/513 515/515/515
f 523/523/523 522/522/522 513/513/513
f 524/524/524 515/515/515 517/517/517
f 524/524/524 523/523/523 515/515/515
f 518/518/518 525/525/525 503/503/503
f 525/525/525 500/500/500 503/503/503
f 526/526/526 524/524/524 517/517/517
f 526/526/526 517/517/517 527/527/527
f 525/525/525 528/528/528 500/500/500
f 528/528/528 529/529/529 500/500/500
f 528/528/528 525/525/525 530/530/530
f 528/528/528 531/531/531 529/529/529
f 525/525/525 532/532/532 530/530/530
f 525/525/525 518/518/518 532/532/532
f 531/531/531 533/533/533 529/529/529
f 518/518/518 534/534/534 532/532/532
f 531/531/531 535/535/535 533/533/533
f 518/518/518 519/519/519 534/534/534
f 535/535/535 536/536/536 533/533/533
f 519/519/519 537/537/537 534/534/534
f 535/535/535 538/538/538 536/536/536
f 519/519/519 520/520/520 537/537/537
f 538/538/538 539/539/539 536/536/536
f 520/520/520 540/540/540 537/537/537
f 538/538/538 541/541/541 539/539/539
f 520/520/520 521/521/521 540/540/540
f 541/541/541 542/542/542 539/539/539
f 521/521/521 543/543/543 540/540/540
f 541/541/541 544/544/544 542/542/542
f 521/521/521 522/522/522 543/543/543
f 544/544/544 545/545/545 542/542/542
f 522/522/522 546/546/546 543/543/543
f 522/522/522 523/523/523 546/546/546
f 523/523/523 547/547/547 546/546/546
f 523/523/523 524/524/524 547/547/547
f 524/524/524 548/548/548 547/547/547
f 544/544/544 549/549/549 545/545/545
f 524/524/524 526/526/526 548/548/548
f 526/526/526 550/550/550 548/548/548
f 549/549/549 551/551/551 545/545/545
f 526/526/526 552/552/552 550/550/550
f 552/552/552 553/553/553 550/550/550
f 552/552/552 526/526/526 527/527/527
f 552/552/552 527/527/527 554/554/554
f 555/555/555 552/552/552 554/554/554
f 555/555/555 554/554/554 556/556/556
f 557/557/557 555/555/555 556/556/556
f 557/557/557 556/556/556 558/558/558
f 559/559/559 557/557/557 558/558/558
f 559/559/559 558/558/558 560/560/560
f 561/561/561 559/559/559 560/560/560
f 561/561/561 560/560/560 562/562/562
f 563/563/563 561/561/561 562/562/562
f 563/563/563 562/562/562 564/564/564
f 565/565/565 563/563/563 564/564/564
f 565/565/565 564/564/564 566/566/566
f 567/567/567 565/565/565 566/566/566
f 565/565/565 567/567/567 568/568/568
f 567/567/567 569/569/569 568/568/568
f 567/567/567 570/570/570 569/569/569
f 570/570/570 571/571/571 569/569/569
f 567/567/567 566/566/566 572/572/572
f 570/570/570 567/567/567 572/572/572
f 570/570/570 573/573/573 571/571/571
f 573/573/573 574/574/574 571/571/571
f 575/575/575 572/572/572 566/566/566
f 576/576/576 575/575/575 566/566/566
f 575/575/575 577/577/577 572/572/572
f 570/570/570 572/572/572 578/578/578
f 577/577/577 578/578/578 572/572/572
f 573/573/573 570/570/570 578/578/578
f 577/577/577 579/579/579 578/578/578
f 579/579/579 580/580/580 578/578/578
f 573/573/573 578/578/578 580/580/580
f 579/579/579 581/581/581 580/580/580
f 573/573/573 582/582/582 574/574/574
f 582/582/582 573/573/573 580/580/580
f 582/582/582 583/583/583 574/574/574
f 581/581/581 584/584/584 580/580/580
f 582/582/582 580/580/580 584/584/584
f 581/581/581 585/585/585 584/584/584
f 582/582/582 586/586/586 583/583/583
f 586/586/586 582/582/582 584/584/584
f 586/586/586 587/587/587 583/583/583
f 585/585/585 588/588/588 584/584/584
f 586/586/586 584/584/584 588/588/588
f 585/585/585 589/589/589 588/588/588
f 586/586/586 590/590/590 587/587/587
f 590/590/590 586/586/586 588/588/588
f 590/590/590 591/591/591 587/587/587
f 589/589/589 592/592/592 588/588/588
f 590/590/590 588/588/588 592/592/592
f 589/589/589 593/593/593 592/592/592
f 590/590/590 594/594/594 591/591/591
f 594/594/594 590/590/590 592/592/592
f 594/594/594 595/595/595 591/591/591
f 593/593/593 596/596/596 592/592/592
f 594/594/594 592/592/592 596/596/596
f 593/593/593 597/597/597 596/596/596
f 597/597/597 598/598/598 596/596/596
f 594/594/594 599/599/599 595/595/595
f 599/599/599 594/594/594 596/596/596
f 599/599/599 596/596/596 598/598/598
f 599/599/599 600/600/600 595/595/595
f 601/601/601 599/599/599 598/598/598
f 599/599/599 601/601/601 600/600/600
f 601/601/601 598/598/598 551/551/551
f 601/601/601 602/602/602 600/600/600
f 549/549/549 601/601/601 551/551/551
f 601/601/601 549/549/549 602/602/602
f 549/549/549 603/603/603 602/602/602
f 606/606/606 605/605/605 604/604/604
f 607/607/607 606/606/606 604/604/604
f 608/608/608 607/607/607 604/604/604
f 609/609/609 608/608/608 604/604/604
f 610/610/610 608/608/608 609/609/609
f 611/611/611 610/610/610 609/609/609
f 610/610/610 612/612/612 608/608/608
f 613/613/613 606/606/606 607/607/607
f 606/606/606 613/613/613 614/614/614
f 608/608/608 615/615/615 607/607/607
f 612/612/612 615/615/615 608/608/608
f 613/613/613 616/616/616 614/614/614
f 617/617/617 614/614/614 616/616/616
f 618/618/618 613/613/613 607/607/607
f 615/615/615 618/618/618 607/607/607
f 613/613/613 619/619/619 616/616/616
f 619/619/619 613/613/613 618/618/618
f 612/612/612 620/620/620 615/615/615
f 615/615/615 621/621/621 618/618/618
f 620/620/620 621/621/621 615/615/615
f 622/622/622 620/620/620 612/612/612
f 623/623/623 622/622/622 612/612/612
f 622/622/622 624/624/624 620/620/620
f 624/624/624 625/625/625 620/620/620
f 620/620/620 625/625/625 621/621/621
f 624/624/624 626/626/626 625/625/625
f 621/621/621 627/627/627 618/618/618
f 627/627/627 619/619/619 618/618/618
f 626/626/626 628/628/628 625/625/625
f 626/626/626 629/629/629 628/628/628
f 625/625/625 630/630/630 621/621/621
f 621/621/621 630/630/630 627/627/627
f 625/625/625 628/628/628 630/630/630
f 629/629/629 631/631/631 628/628/628
f 629/629/629 632/632/632 631/631/631
f 628/628/628 633/633/633 630/630/630
f 628/628/628 631/631/631 633/633/633
f 630/630/630 634/634/634 627/627/627
f 630/630/630 633/633/633 634/634/634
f 635/635/635 619/619/619 627/627/627
f 634/634/634 635/635/635 627/627/627
f 632/632/632 636/636/636 631/631/631
f 632/632/632 637/637/637 636/636/636
f 637/637/637 638/638/638 636/636/636
f 631/631/631 639/639/639 633/633/633
f 631/631/631 636/636/636 639/639/639
f 633/633/633 640/640/640 634/634/634
f 633/633/633 639/639/639 640/640/640
f 636/636/636 638/638/638 641/641/641
f 636/636/636 641/641/641 639/639/639
f 619/619/619 635/635/635 642/642/642
f 619/619/619 642/642/642 616/616/616
f 643/643/643 635/635/635 634/634/634
f 640/640/640 643/643/643 634/634/634
f 639/639/639 644/644/644 640/640/640
f 639/639/639 641/641/641 644/644/644
f 638/638/638 645/645/645 641/641/641
f 638/638/638 646/646/646 645/645/645
f 647/647/647 616/616/616 642/642/642
f 647/647/647 617/617/617 616/616/616
f 635/635/635 648/648/648 642/642/642
f 635/635/635 643/643/643 648/648/648
f 649/649/649 643/643/643 640/640/640
f 644/644/644 649/649/649 640/640/640
f 641/641/641 650/650/650 644/644/644
f 641/641/641 645/645/645 650/650/650
f 646/646/646 651/651/651 645/645/645
f 646/646/646 652/652/652 651/651/651
f 652/652/652 653/653/653 651/651/651
f 645/645/645 651/651/651 654/654/654
f 645/645/645 654/654/654 650/650/650
f 651/651/651 653/653/653 655/655/655
f 651/651/651 655/655/655 654/654/654
f 653/653/653 656/656/656 655/655/655
f 656/656/656 657/657/657 655/655/655
f 657/657/657 658/658/658 655/655/655
f 655/655/655 658/658/658 654/654/654
f 650/650/650 659/659/659 644/644/644
f 659/659/659 649/649/649 644/644/644
f 654/654/654 660/660/660 650/650/650
f 658/658/658 660/660/660 654/654/654
f 660/660/660 659/659/659 650/650/650
f 660/660/660 658/658/658 661/661/661
f 658/658/658 662/662/662 661/661/661
f 659/659/659 660/660/660 663/663/663
f 660/660/660 661/661/661 663/663/663
f 649/649/649 659/659/659 664/664/664
f 659/659/659 663/663/663 664/664/664
f 665/665/665 661/661/661 662/662/662
f 666/666/666 665/665/665 662/662/662
f 667/667/667 663/663/663 661/661/661
f 665/665/665 667/667/667 661/661/661
f 649/649/649 664/664/664 668/668/668
f 643/643/643 649/649/649 668/668/668
f 643/643/643 668/668/668 648/648/648
f 669/669/669 664/664/664 663/663/663
f 667/667/667 669/669/669 663/663/663
f 670/670/670 668/668/668 664/664/664
f 669/669/669 670/670/670 664/664/664
f 671/671/671 648/648/648 668/668/668
f 670/670/670 671/671/671 668/668/668
f 671/671/671 672/672/672 648/648/648
f 672/672/672 642/642/642 648/648/648
f 672/672/672 647/647/647 642/642/642
f 666/666/666 673/673/673 665/665/665
f 665/665/665 674/674/674 667/667/667
f 673/673/673 674/674/674 665/665/665
f 667/667/667 675/675/675 669/669/669
f 674/674/674 675/675/675 667/667/667
f 669/669/669 676/676/676 670/670/670
f 675/675/675 676/676/676 669/669/669
f 670/670/670 677/677/677 671/671/671
f 676/676/676 677/677/677 670/670/670
f 671/671/671 678/678/678 672/672/672
f 677/677/677 678/678/678 671/671/671
f 672/672/672 679/679/679 647/647/647
f 678/678/678 679/679/679 672/672/672
f 680/680/680 673/673/673 666/666/666
f 681/681/681 680/680/680 666/666/666
f 680/680/680 682/682/682 673/673/673
f 682/682/682 683/683/683 673/673/673
f 673/673/673 683/683/683 674/674/674
f 683/683/683 684/684/684 674/674/674
f 674/674/674 684/684/684 675/675/675
f 684/684/684 685/685/685 675/675/675
f 675/675/675 685/685/685 676/676/676
f 685/685/685 686/686/686 676/676/676
f 676/676/676 686/686/686 677/677/677
f 686/686/686 687/687/687 677/677/677
f 677/677/677 687/687/687 678/678/678
f 687/687/687 688/688/688 678/678/678
f 678/678/678 688/688/688 679/679/679
f 688/688/688 689/689/689 679/679/679
f 679/679/679 689/689/689 690/690/690
f 679/679/679 690/690/690 647/647/647
f 689/689/689 691/691/691 690/690/690
f 647/647/647 690/690/690 617/617/617
f 690/690/690 691/691/691 692/692/692
f 690/690/690 692/692/692 617/617/617
f 617/617/617 692/692/692 693/693/693
f 691/691/691 694/694/694 692/692/692
f 692/692/692 695/695/695 693/693/693
f 692/692/692 694/694/694 695/695/695
f 694/694/694 696/696/696 695/695/695
f 699/699/699 698/698/698 697/697/697
f 700/700/700 699/699/699 697/697/697
f 701/701/701 700/700/700 697/697/697
f 702/702/702 701/701/701 697/697/697
f 703/703/703 701/701/701 702/702/702
f 704/704/704 703/703/703 702/702/702
f 703/703/703 705/705/705 701/701/701
f 706/706/706 699/699/699 700/700/700
f 699/699/699 706/706/706 707/707/707
f 701/701/701 708/708/708 700/700/700
f 705/705/705 708/708/708 701/701/701
f 706/706/706 709/709/709 707/707/707
f 710/710/710 707/707/707 709/709/709
f 711/711/711 706/706/706 700/700/700
f 708/708/708 711/711/711 700/700/700
f 706/706/706 712/712/712 709/709/709
f 712/712/712 706/706/706 711/711/711
f 705/705/705 713/713/713 708/708/708
f 708/708/708 714/714/714 711/711/711
f 713/713/713 714/714/714 708/708/708
f 715/715/715 713/713/713 705/705/705
f 716/716/716 715/715/715 705/705/705
f 715/715/715 717/717/717 713/713/713
f 717/717/717 718/718/718 713/713/713
f 713/713/713 718/718/718 714/714/714
f 717/717/717 719/719/719 718/718/718
f 714/714/714 720/720/720 711/711/711
f 720/720/720 712/712/712 711/711/711
f 719/719/719 721/721/721 718/718/718
f 721/721/721 719/719/719 722/722/722
f 718/718/718 723/723/723 714/714/714
f 714/714/714 723/723/723 720/720/720
f 718/718/718 721/721/721 723/723/723
f 724/724/724 721/721/721 722/722/722
f 724/724/724 722/722/722 725/725/725
f 721/721/721 726/726/726 723/723/723
f 721/721/721 724/724/724 726/726/726
f 723/723/723 727/727/727 720/720/720
f 723/723/723 726/726/726 727/727/727
f 728/728/728 712/712/712 720/720/720
f 727/727/727 728/728/728 720/720/720
f 729/729/729 724/724/724 725/725/725
f 725/725/725 730/730/730 729/729/729
f 730/730/730 731/731/731 729/729/729
f 724/724/724 732/732/732 726/726/726
f 724/724/724 729/729/729 732/732/732
f 726/726/726 733/733/733 727/727/727
f 726/726/726 732/732/732 733/733/733
f 729/729/729 731/731/731 734/734/734
f 729/729/729 734/734/734 732/732/732
f 712/712/712 728/728/728 735/735/735
f 712/712/712 735/735/735 709/709/709
f 736/736/736 728/728/728 727/727/727
f 733/733/733 736/736/736 727/727/727
f 732/732/732 737/737/737 733/733/733
f 732/732/732 734/734/734 737/737/737
f 731/731/731 738/738/738 734/734/734
f 731/731/731 739/739/739 738/738/738
f 740/740/740 709/709/709 735/735/735
f 740/740/740 710/710/710 709/709/709
f 728/728/728 741/741/741 735/735/735
f 728/728/728 736/736/736 741/741/741
f 736/736/736 733/733/733 742/742/742
f 733/733/733 737/737/737 742/742/742
f 734/734/734 743/743/743 737/737/737
f 734/734/734 738/738/738 743/743/743
f 739/739/739 744/744/744 738/738/738
f 739/739/739 745/745/745 744/744/744
f 745/745/745 746/746/746 744/744/744
f 738/738/738 744/744/744 747/747/747
f 738/738/738 747/747/747 743/743/743
f 744/744/744 746/746/746 748/748/748
f 744/744/744 748/748/748 747/747/747
f 746/746/746 749/749/749 748/748/748
f 749/749/749 750/750/750 748/748/748
f 750/750/750 751/751/751 748/748/748
f 748/748/748 751/751/751 747/747/747
f 743/743/743 752/752/752 737/737/737
f 752/752/752 742/742/742 737/737/737
f 747/747/747 753/753/753 743/743/743
f 751/751/751 753/753/753 747/747/747
f 753/753/753 752/752/752 743/743/743
f 753/753/753 751/751/751 754/754/754
f 751/751/751 755/755/755 754/754/754
f 752/752/752 753/753/753 756/756/756
f 753/753/753 754/754/754 756/756/756
f 742/742/742 752/752/752 757/757/757
f 752/752/752 756/756/756 757/757/757
f 758/758/758 754/754/754 755/755/755
f 759/759/759 758/758/758 755/755/755
f 760/760/760 756/756/756 754/754/754
f 758/758/758 760/760/760 754/754/754
f 742/742/742 757/757/757 761/761/761
f 736/736/736 742/742/742 761/761/761
f 736/736/736 761/761/761 741/741/741
f 762/762/762 757/757/757 756/756/756
f 760/760/760 762/762/762 756/756/756
f 763/763/763 761/761/761 757/757/757
f 762/762/762 763/763/763 757/757/757
f 764/764/764 741/741/741 761/761/761
f 763/763/763 764/764/764 761/761/761
f 764/764/764 765/765/765 741/741/741
f 765/765/765 735/735/735 741/741/741
f 765/765/765 740/740/740 735/735/735
f 759/759/759 766/766/766 758/758/758
f 758/758/758 767/767/767 760/760/760
f 766/766/766 767/767/767 758/758/758
f 760/760/760 768/768/768 762/762/762
f 767/767/767 768/768/768 760/760/760
f 762/762/762 769/769/769 763/763/763
f 768/768/768 769/769/769 762/762/762
f 763/763/763 770/770/770 764/764/764
f 769/769/769 770/770/770 763/763/763
f 764/764/764 771/771/771 765/765/765
f 770/770/770 771/771/771 764/764/764
f 765/765/765 772/772/772 740/740/740
f 771/771/771 772/772/772 765/765/765
f 773/773/773 766/766/766 759/759/759
f 774/774/774 773/773/773 759/759/759
f 773/773/773 775/775/775 766/766/766
f 775/775/775 776/776/776 766/766/766
f 766/766/766 776/776/776 767/767/767
f 776/776/776 777/777/777 767/767/767
f 767/767/767 777/777/777 768/768/768
f 777/777/777 778/778/778 768/768/768
f 768/768/768 778/778/778 769/769/769
f 778/778/778 779/779/779 769/769/769
f 769/769/769 779/779/779 770/770/770
f 779/779/779 780/780/780 770/770/770
f 770/770/770 780/780/780 771/771/771
f 780/780/780 781/781/781 771/771/771
f 771/771/771 781/781/781 772/772/772
f 781/781/781 782/782/782 772/772/772
f 772/772/772 782/782/782 783/783/783
f 772/772/772 783/783/783 740/740/740
f 782/782/782 784/784/784 783/783/783
f 740/740/740 783/783/783 710/710/710
f 783/783/783 784/784/784 785/785/785
f 783/783/783 785/785/785 710/710/710
f 710/710/710 785/785/785 786/786/786
f 784/784/784 787/787/787 785/785/785
f 785/785/785 788/788/788 786/786/786
f 785/785/785 787/787/787 788/788/788
f 787/787/787 789/789/789 788/788/788
f 792/792/792 791/791/791 790/790/790
f 791/791/791 793/793/793 790/790/790
f 794/794/794 790/790/790 793/793/793
f 795/795/795 794/794/794 793/793/793
f 791/791/791 796/796/796 793/793/793
f 796/796/796 791/791/791 797/797/797
f 795/795/795 793/793/793 798/798/798
f 796/796/796 798/798/798 793/793/793
f 799/799/799 796/796/796 797/797/797
f 796/796/796 800/800/800 798/798/798
f 800/800/800 796/796/796 799/799/799
f 801/801/801 799/799/799 797/797/797
f 802/802/802 801/801/801 797/797/797
f 803/803/803 801/801/801 802/802/802
f 804/804/804 803/803/803 802/802/802
f 803/803/803 805/805/805 801/801/801
f 805/805/805 806/806/806 801/801/801
f 801/801/801 806/806/806 799/799/799
f 805/805/805 807/807/807 806/806/806
f 806/806/806 808/808/808 799/799/799
f 808/808/808 800/800/800 799/799/799
f 807/807/807 809/809/809 806/806/806
f 806/806/806 809/809/809 808/808/808
f 807/807/807 810/810/810 809/809/809
f 810/810/810 811/811/811 809/809/809
f 810/810/810 812/812/812 811/811/811
f 809/809/809 813/813/813 808/808/808
f 809/809/809 811/811/811 813/813/813
f 814/814/814 800/800/800 808/808/808
f 813/813/813 814/814/814 808/808/808
f 812/812/812 815/815/815 811/811/811
f 812/812/812 816/816/816 815/815/815
f 816/816/816 817/817/817 815/815/815
f 811/811/811 818/818/818 813/813/813
f 811/811/811 815/815/815 818/818/818
f 815/815/815 817/817/817 819/819/819
f 815/815/815 819/819/819 818/818/818
f 817/817/817 820/820/820 819/819/819
f 820/820/820 821/821/821 819/819/819
f 818/818/818 822/822/822 813/813/813
f 822/822/822 814/814/814 813/813/813
f 819/819/819 823/823/823 818/818/818
f 821/821/821 823/823/823 819/819/819
f 823/823/823 822/822/822 818/818/818
f 800/800/800 814/814/814 824/824/824
f 800/800/800 824/824/824 798/798/798
f 814/814/814 822/822/822 825/825/825
f 814/814/814 825/825/825 824/824/824
f 822/822/822 823/823/823 826/826/826
f 822/822/822 826/826/826 825/825/825
f 823/823/823 821/821/821 827/827/827
f 823/823/823 827/827/827 826/826/826
f 828/828/828 798/798/798 824/824/824
f 828/828/828 795/795/795 798/798/798
f 829/829/829 824/824/824 825/825/825
f 829/829/829 828/828/828 824/824/824
f 830/830/830 825/825/825 826/826/826
f 830/830/830 829/829/829 825/825/825
f 828/828/828 831/831/831 795/795/795
f 831/831/831 832/832/832 795/795/795
f 829/829/829 833/833/833 828/828/828
f 833/833/833 831/831/831 828/828/828
f 831/831/831 834/834/834 832/832/832
f 834/834/834 835/835/835 832/832/832
f 836/836/836 834/834/834 831/831/831
f 833/833/833 836/836/836 831/831/831
f 837/837/837 836/836/836 833/833/833
f 838/838/838 833/833/833 829/829/829
f 838/838/838 837/837/837 833/833/833
f 830/830/830 838/838/838 829/829/829
f 839/839/839 837/837/837 838/838/838
f 840/840/840 839/839/839 838/838/838
f 840/840/840 838/838/838 830/830/830
f 841/841/841 839/839/839 840/840/840
f 842/842/842 840/840/840 830/830/830
f 842/842/842 830/830/830 826/826/826
f 842/842/842 826/826/826 827/827/827
f 843/843/843 841/841/841 840/840/840
f 843/843/843 840/840/840 842/842/842
f 844/844/844 841/841/841 843/843/843
f 845/845/845 844/844/844 843/843/843
f 846/846/846 843/843/843 842/842/842
f 845/845/845 843/843/843 846/846/846
f 846/846/846 842/842/842 827/827/827
f 847/847/847 845/845/845 846/846/846
f 846/846/846 827/827/827 848/848/848
f 847/847/847 846/846/846 848/848/848
f 821/821/821 848/848/848 827/827/827
f 821/821/821 849/849/849 848/848/848
f 849/849/849 850/850/850 848/848/848
f 847/847/847 848/848/848 850/850/850
f 851/851/851 847/847/847 850/850/850
f 854/854/854 853/853/853 852/852/852
f 853/853/853 855/855/855 852/852/852
f 856/856/856 852/852/852 855/855/855
f 857/857/857 856/856/856 855/855/855
f 853/853/853 858/858/858 855/855/855
f 858/858/858 853/853/853 859/859/859
f 857/857/857 855/855/855 860/860/860
f 858/858/858 860/860/860 855/855/855
f 861/861/861 858/858/858 859/859/859
f 858/858/858 862/862/862 860/860/860
f 862/862/862 858/858/858 861/861/861
f 863/863/863 861/861/861 859/859/859
f 864/864/864 863/863/863 859/859/859
f 865/865/865 863/863/863 864/864/864
f 866/866/866 865/865/865 864/864/864
f 865/865/865 867/867/867 863/863/863
f 867/867/867 868/868/868 863/863/863
f 863/863/863 868/868/868 861/861/861
f 867/867/867 869/869/869 868/868/868
f 868/868/868 870/870/870 861/861/861
f 870/870/870 862/862/862 861/861/861
f 869/869/869 871/871/871 868/868/868
f 868/868/868 871/871/871 870/870/870
f 869/869/869 872/872/872 871/871/871
f 872/872/872 873/873/873 871/871/871
f 872/872/872 874/874/874 873/873/873
f 871/871/871 875/875/875 870/870/870
f 871/871/871 873/873/873 875/875/875
f 876/876/876 862/862/862 870/870/870
f 875/875/875 876/876/876 870/870/870
f 874/874/874 877/877/877 873/873/873
f 874/874/874 878/878/878 877/877/877
f 878/878/878 879/879/879 877/877/877
f 873/873/873 880/880/880 875/875/875
f 873/873/873 877/877/877 880/880/880
f 877/877/877 879/879/879 881/881/881
f 877/877/877 881/881/881 880/880/880
f 879/879/879 882/882/882 881/881/881
f 882/882/882 883/883/883 881/881/881
f 880/880/880 884/884/884 875/875/875
f 884/884/884 876/876/876 875/875/875
f 881/881/881 885/885/885 880/880/880
f 883/883/883 885/885/885 881/881/881
f 885/885/885 884/884/884 880/880/880
f 862/862/862 876/876/876 886/886/886
f 862/862/862 886/886/886 860/860/860
f 876/876/876 884/884/884 887/887/887
f 876/876/876 887/887/887 886/886/886
f 884/884/884 885/885/885 888/888/888
f 884/884/884 888/888/888 887/887/887
f 885/885/885 883/883/883 889/889/889
f 885/885/885 889/889/889 888/888/888
f 890/890/890 860/860/860 886/886/886
f 890/890/890 857/857/857 860/860/860
f 891/891/891 886/886/886 887/887/887
f 891/891/891 890/890/890 886/886/886
f 892/892/892 887/887/887 888/888/888
f 892/892/892 891/891/891 887/887/887
f 890/890/890 893/893/893 857/857/857
f 893/893/893 894/894/894 857/857/857
f 891/891/891 895/895/895 890/890/890
f 895/895/895 893/893/893 890/890/890
f 893/893/893 896/896/896 894/894/894
f 896/896/896 897/897/897 894/894/894
f 898/898/898 896/896/896 893/893/893
f 895/895/895 898/898/898 893/893/893
f 899/899/899 898/898/898 895/895/895
f 900/900/900 895/895/895 891/891/891
f 900/900/900 899/899/899 895/895/895
f 892/892/892 900/900/900 891/891/891
f 901/901/901 899/899/899 900/900/900
f 902/902/902 901/901/901 900/900/900
f 902/902/902 900/900/900 892/892/892
f 903/903/903 901/901/901 902/902/902
f 904/904/904 902/902/902 892/892/892
f 904/904/904 892/892/892 888/888/888
f 904/904/904 888/888/888 889/889/889
f 905/905/905 903/903/903 902/902/902
f 905/905/905 902/902/902 904/904/904
f 906/906/906 903/903/903 905/905/905
f 907/907/907 906/906/906 905/905/905
f 908/908/908 905/905/905 904/904/904
f 907/907/907 905/905/905 908/908/908
f 908/908/908 904/904/904 889/889/889
f 909/909/909 907/907/907 908/908/908
f 908/908/908 889/889/889 910/910/910
f 909/909/909 908/908/908 910/910/910
f 883/883/883 910/910/910 889/889/889
f 883/883/883 911/911/911 910/910/910
f 911/911/911 912/912/912 910/910/910
f 909/909/909 910/910/910 912/912/912
f 913/913/913 909/909/909 912/912/912
f 916/916/916 915/915/915 914/914/914
f 915/915/915 917/917/917 914/914/914
f 918/918/918 916/916/916 914/914/914
f 917/917/917 919/919/919 914/914/914
f 920/920/920 918/918/918 914/914/914
f 919/919/919 921/921/921 914/914/914
f 922/922/922 920/920/920 914/914/914
f 921/921/921 923/923/923 914/914/914
f 924/924/924 922/922/922 914/914/914
f 923/923/923 925/925/925 914/914/914
f 926/926/926 924/924/924 914/914/914
f 925/925/925 927/927/927 914/914/914
f 928/928/928 926/926/926 914/914/914
f 927/927/927 929/929/929 914/914/914
f 930/930/930 928/928/928 914/914/914
f 929/929/929 931/931/931 914/914/914
f 932/932/932 930/930/930 914/914/914
f 931/931/931 933/933/933 914/914/914
f 934/934/934 932/932/932 914/914/914
f 933/933/933 935/935/935 914/914/914
f 936/936/936 934/934/934 914/914/914
f 935/935/935 937/937/937 914/914/914
f 938/938/938 936/936/936 914/914/914
f 937/937/937 939/939/939 914/914/914
f 940/940/940 938/938/938 914/914/914
f 939/939/939 941/941/941 914/914/914
f 942/942/942 940/940/940 914/914/914
f 941/941/941 943/943/943 914/914/914
f 944/944/944 942/942/942 914/914/914
f 943/943/943 945/945/945 914/914/914
f 946/946/946 944/944/944 914/914/914
f 945/945/945 946/946/946 914/914/914

