mtllib material.mtl
usemtl material_0
v -0.94924990 0.18142500 0.43800050
v -0.86374970 0.24150000 0.43799920
v -0.86374970 0.18142500 0.43799920
v -0.94924990 0.24150000 0.43800050
v -0.94924990 0.29600000 0.43800050
v -0.86374970 0.29600000 0.43799920
v -0.94924990 0.33950000 0.43800050
v -0.86374970 0.33950000 0.43799920
v -0.94924990 0.39018550 0.42881100
v -0.86374970 0.39018550 0.42880980
v -0.86374970 0.46624190 0.40124150
v -0.94924990 0.46624190 0.40124270
v -0.94924990 0.54198780 0.35148680
v -0.86374970 0.54198780 0.35148800
v -0.86374970 0.59174190 0.27574220
v -0.94924990 0.59174190 0.27574220
v -0.94924990 0.61931040 0.18868650
v -0.86374970 0.61931040 0.18868530
v -0.94924990 0.62850000 0.10500000
v -0.86374970 0.62850000 0.10500000
v -0.94924990 0.62850000 0.00975098
v -0.86374970 0.62850000 0.00974976
v -0.94924990 0.62850000 -0.11199950
v -0.86374970 0.62850000 -0.11200070
v -0.86374970 0.62850000 -0.23282470
v -0.94924990 0.62850000 -0.23282590
v -0.94924990 0.62850000 -0.32530030
v -0.86374970 0.62850000 -0.32530030
v -0.94924990 0.62744990 -0.38507450
v -0.86374970 0.62744990 -0.38507570
v -0.94924990 0.62429980 -0.40779910
v -0.86374970 0.62429980 -0.40780030
v -0.86374970 0.58132500 -0.41094970
v -0.94924990 0.58132500 -0.41094970
v -0.94924990 0.46080000 -0.41199950
v -0.86374970 0.46080000 -0.41200070
v -0.94924990 0.32632500 -0.41199950
v -0.86374970 0.32632500 -0.41200070
v -0.94924990 0.24150000 -0.41199950
v -0.86374970 0.24150000 -0.41200070
v -0.86374970 0.18142500 -0.41200070
v -0.94924990 0.18142500 -0.41199950
v -0.94924990 0.18142500 0.43800050
v -0.86374970 0.18142500 0.43799920
v -0.86374970 0.12120000 0.43799920
v -0.94924990 0.12120000 0.43800050
v -0.86374970 0.07492499 0.43694950
v -0.94924990 0.07492499 0.43695070
v -0.94924990 0.05669999 0.43380000
v -0.86374970 0.05669999 0.43380000
v -0.86374970 0.05354999 0.37982420
v -0.94924990 0.05354999 0.37982420
v -0.94924990 0.05250000 0.22630000
v -0.86374970 0.05250000 0.22630000
v -0.86374970 0.05250000 0.04007446
v -0.94924990 0.05250000 0.04007446
v -0.86374970 0.05250000 -0.11200070
v -0.94924990 0.05250000 -0.11199950
v -0.86374970 0.05250000 -0.23282470
v -0.94924990 0.05250000 -0.23282590
v -0.86374970 0.05250000 -0.32530030
v -0.94924990 0.05250000 -0.32530030
v -0.94924990 0.05354999 -0.38507450
v -0.86374970 0.05354999 -0.38507570
v -0.94924990 0.05669999 -0.40779910
v -0.86374970 0.05669999 -0.40780030
v -0.86374970 0.07492499 -0.41094970
v -0.94924990 0.07492499 -0.41094970
v -0.86374970 0.12120000 -0.41200070
v -0.94924990 0.12120000 -0.41199950
v -0.86374970 0.18142500 -0.41200070
v -0.94924990 0.18142500 -0.41199950
v 0.27799990 0.55249990 -0.39500000
v 0.81503780 0.55249990 -0.39500000
v 0.81503810 0.64187500 -0.41724970
v 0.27799990 0.64187500 -0.41724970
v -0.27899990 0.55249990 -0.39500000
v 0.81503780 0.70999990 -0.43800050
v -0.27899990 0.64187500 -0.41724970
v -0.81603790 0.55249990 -0.39500000
v -0.81603790 0.64187500 -0.41724970
v 0.27800020 0.70999990 -0.43799920
v -0.27900030 0.70999990 -0.43800050
v -0.81603790 0.70999990 -0.43799920
v 0.27799990 0.75312500 -0.42962400
v 0.81503810 0.75312500 -0.42962520
v 0.81503810 0.76750000 -0.36450070
v -0.27900030 0.75312500 -0.42962520
v -0.81603790 0.75312500 -0.42962520
v -0.81603790 0.76750000 -0.36449950
v 0.27800020 0.76750000 -0.36449950
v 0.27799990 0.75312500 -0.28937500
v 0.81503780 0.75312500 -0.28937500
v 0.81503780 0.70999990 -0.25099970
v -0.27899990 0.76750000 -0.36450070
v -0.27899990 0.75312500 -0.28937500
v -0.81603790 0.75312500 -0.28937500
v -0.81603790 0.70999990 -0.25099970
v 0.27799990 0.70999990 -0.25099970
v 0.81503780 0.64187500 -0.23050050
v -0.27899990 0.70999990 -0.25099970
v 0.27799990 0.64187500 -0.23049930
v 0.81503780 0.55249990 -0.20900020
v 0.27799990 0.55249990 -0.20899900
v -0.27899990 0.64187500 -0.23050050
v -0.81603790 0.64187500 -0.23049930
v -0.27899990 0.55249990 -0.20900020
v -0.81603790 0.55249990 -0.20899900
v -0.27899990 0.55249990 -0.39500000
v -0.81603790 0.55249990 -0.39500000
v -0.81603790 0.45935000 -0.37774900
v -0.27900030 0.45935000 -0.37775020
v 0.27799990 0.55249990 -0.39500000
v -0.81603790 0.37990000 -0.37199950
v 0.27799990 0.45935000 -0.37774900
v 0.81503780 0.55249990 -0.39500000
v 0.81503780 0.45935000 -0.37775020
v -0.27899990 0.37990000 -0.37200070
v -0.27899990 0.25990000 -0.37200070
v -0.81603790 0.25990000 -0.37199950
v -0.81603790 0.15490000 -0.37199950
v -0.27899990 0.15490000 -0.37200070
v 0.27800020 0.15490000 -0.37199950
v 0.27800020 0.37990000 -0.37199950
v 0.81503810 0.37990000 -0.37200070
v 0.81503810 0.25990000 -0.37200070
v 0.27800020 0.25990000 -0.37199950
v 0.81503810 0.15490000 -0.37200070
v 0.81503810 0.64187500 -0.41724970
v 0.81503780 0.55249990 -0.39500000
v 0.82950990 0.55249990 -0.39500000
v 0.82950990 0.64187500 -0.41724970
v 0.81503780 0.70999990 -0.43800050
v 0.83368990 0.55282220 -0.39338130
v 0.82950990 0.70999990 -0.43800050
v 0.81503810 0.75312500 -0.42962520
v 0.83368960 0.64203520 -0.41556270
v 0.82950990 0.75312500 -0.42962400
v 0.81503810 0.76750000 -0.36450070
v 0.83524990 0.64251550 -0.41050050
v 0.83524960 0.55378930 -0.38852420
v 0.83368990 0.70940370 -0.43604490
v 0.82950990 0.76750000 -0.36449950
v 0.81503780 0.75312500 -0.28937500
v 0.83543730 0.64226970 -0.38532840
v 0.83543730 0.55411920 -0.36365720
v 0.83524960 0.70761470 -0.43018190
v 0.83369020 0.75173840 -0.42783200
v 0.82950990 0.75312500 -0.28937500
v 0.81503780 0.70999990 -0.25099970
v 0.83549990 0.64025120 -0.32330810
v 0.83549990 0.55253080 -0.30200560
v 0.83543730 0.70537210 -0.40428100
v 0.83524960 0.74757860 -0.42245480
v 0.83368960 0.76585010 -0.36392580
v 0.82950990 0.70999990 -0.25100100
v 0.81503780 0.64187500 -0.23050050
v 0.83543700 0.63863870 -0.26143070
v 0.83543730 0.55093470 -0.24035280
v 0.83538880 0.73475430 -0.39962040
v 0.83524960 0.76090000 -0.36220340
v 0.83543760 0.74322870 -0.35605830
v 0.83368960 0.75162510 -0.29016360
v 0.83549990 0.70341490 -0.34220950
v 0.83524960 0.74712510 -0.29252810
v 0.83538880 0.73374620 -0.30625120
v 0.83543760 0.70310400 -0.28071170
v 0.83524960 0.70580030 -0.25652710
v 0.83368960 0.70895010 -0.25238160
v 0.83524960 0.63961080 -0.23668210
v 0.83524960 0.55124160 -0.21548100
v 0.83368960 0.64130900 -0.23204590
v 0.83368990 0.55218540 -0.21062010
v 0.82950990 0.55249990 -0.20900020
v 0.82950990 0.64187500 -0.23050050
v 0.81503780 0.55249990 -0.20900020
v 0.81455140 0.19225000 0.42202510
v 0.81455410 0.20860000 0.41910030
v 0.82901670 0.20860000 0.41909910
v 0.82901420 0.19225000 0.42202390
v 0.81455080 0.07880000 0.42300050
v 0.83319510 0.20743330 0.41793330
v 0.82901330 0.07880000 0.42300050
v 0.82901330 0.06394999 0.42202510
v 0.81455050 0.06394999 0.42202510
v 0.81455050 0.05640000 0.41910030
v 0.82901360 0.05640000 0.41910030
v 0.81455080 0.05347500 0.34356930
v 0.83319090 0.06466884 0.42049560
v 0.83319090 0.07914172 0.42135010
v 0.83319270 0.19153120 0.42049680
v 0.82901360 0.05347500 0.34356930
v 0.81455050 0.05250000 0.12477540
v 0.83475550 0.18937460 0.41590940
v 0.83475710 0.20393310 0.41443360
v 0.83475100 0.08016689 0.41640010
v 0.83490870 0.17900550 0.38692990
v 0.83497490 0.19023780 0.35339230
v 0.83524930 0.15084540 -0.13643430
v 0.83494750 0.08039686 0.35390140
v 0.83475040 0.06682536 0.41590820
v 0.83319090 0.05756673 0.41793330
v 0.83507470 0.08071207 -0.13539550
v 0.83489320 0.07113216 0.38693120
v 0.83475010 0.06106690 0.41443240
v 0.83503570 0.07835291 0.17960570
v 0.83494630 0.06772186 0.35339230
v 0.83508910 0.08149843 -0.17632450
v 0.83529840 0.14829860 -0.17962520
v 0.83532770 0.14912390 -0.21075680
v 0.83489870 0.06439840 0.28955570
v 0.83475280 0.05959162 0.34069340
v 0.83497800 0.06780216 -0.14888790
v 0.83495910 0.06721273 0.13677370
v 0.83514650 0.08072203 -0.21008670
v 0.83539730 0.15159940 -0.27619870
v 0.83531640 0.07839289 -0.29002560
v 0.83540370 0.15407480 -0.33979980
v 0.83319120 0.05500416 0.34284910
v 0.83476010 0.05909961 0.12340700
v 0.83498470 0.06799860 -0.17632450
v 0.82901360 0.05250000 0.12477540
v 0.81455050 0.05250000 -0.15266720
v 0.83319340 0.05414990 0.12443360
v 0.83476750 0.05909931 -0.15309690
v 0.83504030 0.06780463 -0.20693600
v 0.82901360 0.05250000 -0.15266720
v 0.83319540 0.05414983 -0.15277470
v 0.83477050 0.05909921 -0.17632450
v 0.82901330 0.05250000 -0.17632450
v 0.81455050 0.05250000 -0.17632450
v 0.83319610 0.05414980 -0.17632570
v 0.83482660 0.05909929 -0.20611450
v 0.82907280 0.05250000 -0.20645630
v 0.81460880 0.05250000 -0.20645630
v 0.81478390 0.05250000 -0.27550050
v 0.83325470 0.05414982 -0.20637080
v 0.82925080 0.05250000 -0.27550050
v 0.81496060 0.05350000 -0.34287470
v 0.83520440 0.06722271 -0.27742310
v 0.83499570 0.05909959 -0.27413330
v 0.83343110 0.05414989 -0.27515750
v 0.82943180 0.05350000 -0.34287600
v 0.81502680 0.05650000 -0.36800050
v 0.83526790 0.06443615 -0.32365230
v 0.83516600 0.05961663 -0.33999880
v 0.82949890 0.05650000 -0.36799930
v 0.81503510 0.06410000 -0.37099980
v 0.83360990 0.05502914 -0.34215580
v 0.83536770 0.06780685 -0.34267210
v 0.83522640 0.06116692 -0.36333250
v 0.83367550 0.05766673 -0.36683350
v 0.82950680 0.06410000 -0.37099980
v 0.83534540 0.07124772 -0.35383180
v 0.83523100 0.06697536 -0.36488280
v 0.83537230 0.08048185 -0.34325560
v 0.83524320 0.15490000 -0.36540040
v 0.83523430 0.08026689 -0.36539920
v 0.83368830 0.15490000 -0.37035030
v 0.83368310 0.06481884 -0.36947140
v 0.83368590 0.07924172 -0.37034910
v 0.82950990 0.15490000 -0.37199950
v 0.82950990 0.07890000 -0.37199950
v 0.81503810 0.15490000 -0.37200070
v 0.81503810 0.07890000 -0.37200070
v -0.81603790 0.45935000 -0.37774900
v -0.81603790 0.55249990 -0.39500000
v -0.83050960 0.55249990 -0.39500000
v -0.83050960 0.45935000 -0.37775020
v -0.81603790 0.37990000 -0.37199950
v -0.83468960 0.55282220 -0.39338130
v -0.83050960 0.37990000 -0.37200070
v -0.81603790 0.25990000 -0.37199950
v -0.83468960 0.45954760 -0.37610840
v -0.83050960 0.25990000 -0.37200070
v -0.81603790 0.15490000 -0.37199950
v -0.83050960 0.15490000 -0.37200070
v -0.83468810 0.15490000 -0.37035030
v -0.83468960 0.37999360 -0.37035030
v -0.83624960 0.46014050 -0.37118160
v -0.83624960 0.55378930 -0.38852420
v -0.83468960 0.25990000 -0.37035030
v -0.83624960 0.38027460 -0.36540040
v -0.83624960 0.25990000 -0.36540040
v -0.83624330 0.15490000 -0.36540040
v -0.83643730 0.45997010 -0.34638180
v -0.83643730 0.55411920 -0.36365600
v -0.83649960 0.55253080 -0.30200560
v -0.83643730 0.37887220 -0.34062500
v -0.83643560 0.25757490 -0.34062500
v -0.83640350 0.15407480 -0.33979980
v -0.83649960 0.45787760 -0.28512700
v -0.83643730 0.55093470 -0.24035160
v -0.83649350 0.25059970 -0.27950070
v -0.83639710 0.15159940 -0.27619990
v -0.83649960 0.37391590 -0.27950070
v -0.83643730 0.45577820 -0.22386840
v -0.83641510 0.19981510 -0.20840700
v -0.83632780 0.14912390 -0.21075680
v -0.83643730 0.36895560 -0.21837400
v -0.83624940 0.45558690 -0.19907100
v -0.83624960 0.55124160 -0.21548100
v -0.83642820 0.24444960 -0.21837520
v -0.83624960 0.36754130 -0.19359980
v -0.83468960 0.45615910 -0.19414310
v -0.83468960 0.55218540 -0.21062010
v -0.83050960 0.55249990 -0.20900020
v -0.83468960 0.36781030 -0.18864990
v -0.83050960 0.45635000 -0.19250000
v -0.81603790 0.55249990 -0.20899900
v -0.81603790 0.45635000 -0.19250000
v -0.83050960 0.36790000 -0.18700070
v -0.81603790 0.36790000 -0.18699950
v -0.83050960 0.24790000 -0.18700070
v -0.81603790 0.24790000 -0.18699950
v -0.83468810 0.24707500 -0.18865110
v -0.83050780 0.22135000 -0.18433100
v -0.81603570 0.22135000 -0.18433100
v -0.81602870 0.21250000 -0.17632570
v -0.83624360 0.24459980 -0.19359980
v -0.83468470 0.21990610 -0.18577510
v -0.83050110 0.21250000 -0.17632450
v -0.81596490 0.21250000 -0.15266720
v -0.83623590 0.21557450 -0.19010620
v -0.83043550 0.21250000 -0.15266720
v -0.81561400 0.21152500 0.40082640
v -0.83467710 0.21084980 -0.17714970
v -0.83622500 0.20589940 -0.17962520
v -0.83461120 0.21084990 -0.15303470
v -0.83636050 0.18819890 -0.18127440
v -0.83629820 0.14829860 -0.17962400
v -0.83615910 0.20589940 -0.15413700
v -0.83629820 0.18883560 -0.15044680
v -0.83624910 0.15084540 -0.13643430
v -0.83581480 0.20540820 0.39720460
v -0.83598390 0.19747220 0.33276980
v -0.83597470 0.19023780 0.35339360
v -0.83575710 0.20393310 0.41443360
v -0.83419490 0.20743330 0.41793330
v -0.83425590 0.20999580 0.39992190
v -0.83007780 0.21152500 0.40082640
v -0.83001640 0.20860000 0.41910030
v -0.81555390 0.20860000 0.41909910
v -0.81603790 0.64187500 -0.23049930
v -0.81603790 0.55249990 -0.20899900
v -0.83050960 0.55249990 -0.20900020
v -0.83050960 0.64187500 -0.23050050
v -0.81603790 0.70999990 -0.25099970
v -0.83468960 0.55218540 -0.21062010
v -0.83050960 0.70999990 -0.25100100
v -0.81603790 0.75312500 -0.28937500
v -0.83468960 0.64130900 -0.23204590
v -0.83050960 0.75312500 -0.28937620
v -0.81603790 0.76750000 -0.36449950
v -0.83624940 0.63961080 -0.23668330
v -0.83624960 0.55124160 -0.21548100
v -0.83468960 0.70895010 -0.25238160
v -0.83050960 0.76750000 -0.36450070
v -0.81603790 0.75312500 -0.42962520
v -0.83643730 0.63863870 -0.26143070
v -0.83643730 0.55093470 -0.24035160
v -0.83649960 0.55253080 -0.30200560
v -0.83624940 0.70580030 -0.25652710
v -0.83468960 0.75162510 -0.29016360
v -0.83050960 0.75312500 -0.42962520
v -0.81603790 0.70999990 -0.43799920
v -0.83649960 0.64025120 -0.32330930
v -0.83643730 0.55411920 -0.36365600
v -0.83643730 0.70310400 -0.28071040
v -0.83624960 0.74712510 -0.29252930
v -0.83468960 0.76585010 -0.36392580
v -0.83050960 0.70999990 -0.43800050
v -0.81603790 0.64187500 -0.41724970
v -0.83638850 0.73374620 -0.30625120
v -0.83649960 0.70341490 -0.34220950
v -0.83624960 0.76090000 -0.36220460
v -0.83643730 0.74322870 -0.35605710
v -0.83468960 0.75173840 -0.42783320
v -0.83050960 0.64187500 -0.41725100
v -0.81603790 0.55249990 -0.39500000
v -0.83050960 0.55249990 -0.39500000
v -0.83643730 0.64226970 -0.38532710
v -0.83643730 0.70537210 -0.40427980
v -0.83624960 0.74757860 -0.42245480
v -0.83638850 0.73475430 -0.39962040
v -0.83624960 0.70761470 -0.43018310
v -0.83624960 0.64251550 -0.41050170
v -0.83624960 0.55378930 -0.38852420
v -0.83468960 0.70940370 -0.43604610
v -0.83468960 0.64203520 -0.41556270
v -0.83468960 0.55282220 -0.39338130
v 0.27783450 0.20860000 0.41910030
v 0.81455410 0.20860000 0.41910030
v 0.81455140 0.19225000 0.42202510
v 0.27783330 0.19225000 0.42202510
v -0.27883420 0.20860000 0.41910030
v 0.27783330 0.07880000 0.42300050
v 0.81455080 0.07880000 0.42300050
v 0.81455050 0.06394999 0.42202510
v 0.27783330 0.06394999 0.42202510
v 0.81455050 0.05640000 0.41910030
v -0.27883330 0.07880000 0.42300050
v -0.27883360 0.19225000 0.42202510
v -0.81555150 0.19225000 0.42202510
v -0.81555390 0.20860000 0.41909910
v -0.81555050 0.07880000 0.42300050
v -0.27883330 0.06394999 0.42202510
v -0.81555050 0.06394999 0.42202510
v 0.27783330 0.05640000 0.41910030
v 0.81455080 0.05347500 0.34356930
v -0.27883300 0.05640000 0.41910030
v -0.81555050 0.05640000 0.41910030
v 0.27783330 0.05347500 0.34356930
v 0.81455050 0.05250000 0.12477540
v -0.27883300 0.05347500 0.34356930
v -0.81555050 0.05347500 0.34356930
v 0.27783330 0.05250000 0.12477540
v 0.81455050 0.05250000 -0.15266720
v -0.27883300 0.05250000 0.12477540
v -0.81555050 0.05250000 0.12477540
v 0.27783330 0.05250000 -0.15266720
v 0.81455050 0.05250000 -0.17632450
v -0.27883300 0.05250000 -0.15266720
v -0.81555050 0.05250000 -0.15266720
v 0.27783330 0.05250000 -0.17632450
v -0.27883300 0.05250000 -0.17632450
v -0.81555050 0.05250000 -0.17632450
v 0.27785340 0.05250000 -0.20645630
v 0.81460880 0.05250000 -0.20645630
v -0.27885310 0.05250000 -0.20645630
v -0.81560850 0.05250000 -0.20645630
v 0.27791320 0.05250000 -0.27550050
v 0.81478390 0.05250000 -0.27550050
v -0.27891300 0.05250000 -0.27550050
v -0.81578370 0.05250000 -0.27550050
v 0.27797360 0.05350000 -0.34287470
v 0.81496060 0.05350000 -0.34287470
v -0.27897400 0.05350000 -0.34287470
v -0.81596060 0.05350000 -0.34287470
v 0.27799650 0.05650000 -0.36799930
v 0.81502680 0.05650000 -0.36800050
v -0.27899660 0.05650000 -0.36800050
v -0.81602690 0.05650000 -0.36799930
v 0.27799930 0.06410000 -0.37099980
v 0.81503510 0.06410000 -0.37099980
v -0.27899900 0.06410000 -0.37099980
v -0.81603520 0.06410000 -0.37099980
v 0.27800020 0.07890000 -0.37199950
v 0.81503810 0.07890000 -0.37200070
v 0.81503810 0.15490000 -0.37200070
v 0.27800020 0.15490000 -0.37199950
v -0.27899990 0.07890000 -0.37200070
v -0.81603790 0.07890000 -0.37199950
v -0.27899990 0.15490000 -0.37200070
v -0.81603790 0.15490000 -0.37199950
v 0.81503780 0.45635000 -0.19250000
v 0.81503780 0.55249990 -0.20900020
v 0.82950990 0.55249990 -0.20900020
v 0.82950990 0.45635000 -0.19250000
v 0.81503810 0.36790000 -0.18700070
v 0.83368990 0.55218540 -0.21062010
v 0.82950990 0.36790000 -0.18699950
v 0.81503810 0.24790000 -0.18700070
v 0.83368990 0.45615910 -0.19414180
v 0.82950990 0.24790000 -0.18699950
v 0.81503540 0.22135000 -0.18433100
v 0.83524990 0.45558690 -0.19906980
v 0.83524960 0.55124160 -0.21548100
v 0.83368990 0.36781030 -0.18864990
v 0.83524960 0.36754130 -0.19359980
v 0.83543700 0.45577820 -0.22386960
v 0.83543730 0.55093470 -0.24035280
v 0.83368830 0.24707500 -0.18864990
v 0.82950740 0.22135000 -0.18433100
v 0.83543700 0.36895560 -0.21837520
v 0.83549990 0.45787760 -0.28512700
v 0.83549990 0.55253080 -0.30200560
v 0.83543730 0.45997010 -0.34638300
v 0.83543730 0.55411920 -0.36365720
v 0.82950100 0.21250000 -0.17632570
v 0.81502870 0.21250000 -0.17632450
v 0.83549990 0.37391590 -0.27949950
v 0.83524960 0.46014050 -0.37118040
v 0.83524960 0.55378930 -0.38852420
v 0.82943540 0.21250000 -0.15266720
v 0.81496520 0.21250000 -0.15266840
v 0.81461390 0.21152500 0.40082760
v 0.83368960 0.45954760 -0.37610720
v 0.83368990 0.55282220 -0.39338130
v 0.82950990 0.55249990 -0.39500000
v 0.82950990 0.45935000 -0.37774900
v 0.81503780 0.55249990 -0.39500000
v 0.81503780 0.45935000 -0.37775020
v 0.83368960 0.37999360 -0.37034910
v 0.82950990 0.37990000 -0.37199950
v 0.82950990 0.25990000 -0.37199950
v 0.81503810 0.37990000 -0.37200070
v 0.81503810 0.25990000 -0.37200070
v 0.81503810 0.15490000 -0.37200070
v 0.82950990 0.15490000 -0.37199950
v 0.83368830 0.15490000 -0.37035030
v 0.83524960 0.38027460 -0.36539920
v 0.83368960 0.25990000 -0.37034910
v 0.83524960 0.25990000 -0.36539920
v 0.83524320 0.15490000 -0.36540040
v 0.83543760 0.37887220 -0.34062500
v 0.83543570 0.25757490 -0.34062500
v 0.83540370 0.15407480 -0.33979980
v 0.83549370 0.25059970 -0.27949950
v 0.83539730 0.15159940 -0.27619870
v 0.83541500 0.19981510 -0.20840820
v 0.83532770 0.14912390 -0.21075680
v 0.83529840 0.14829860 -0.17962520
v 0.83542850 0.24444960 -0.21837520
v 0.83524380 0.24459980 -0.19359980
v 0.83536010 0.18819890 -0.18127440
v 0.83524930 0.15084540 -0.13643430
v 0.83523620 0.21557450 -0.19010500
v 0.83368470 0.21990610 -0.18577510
v 0.83522520 0.20589940 -0.17962520
v 0.83367740 0.21084980 -0.17715090
v 0.83529840 0.18883560 -0.15044680
v 0.83361140 0.21084990 -0.15303590
v 0.83515930 0.20589940 -0.15413820
v 0.83498410 0.19747220 0.33276980
v 0.83497490 0.19023780 0.35339230
v 0.83481440 0.20540820 0.39720460
v 0.83475710 0.20393310 0.41443360
v 0.83325620 0.20999580 0.39992060
v 0.83319510 0.20743330 0.41793330
v 0.82901670 0.20860000 0.41909910
v 0.82907770 0.21152500 0.40082760
v 0.81455410 0.20860000 0.41910030
v -0.84549960 0.18142500 0.43800050
v -0.86374970 0.18142500 0.43799920
v -0.86374970 0.24150000 0.43799920
v -0.84549960 0.24150000 0.43800050
v -0.84099970 0.18046120 0.38861330
v -0.86374970 0.29600000 0.43799920
v -0.84099970 0.24150000 0.38612550
v -0.84549960 0.29600000 0.43800050
v -0.83949980 0.24150000 0.23050050
v -0.83949980 0.17757000 0.24045530
v -0.84549960 0.33950000 0.43800050
v -0.86374970 0.33950000 0.43799920
v -0.83949980 0.24150000 0.04112549
v -0.83949980 0.32740090 0.04206787
v -0.83949980 0.17967370 0.04361328
v -0.83949980 0.18037500 -0.11199950
v -0.83949980 0.24150000 -0.11199950
v -0.83949980 0.17967370 -0.23480100
v -0.83949980 0.32747840 0.23427000
v -0.84099970 0.30386960 0.38706790
v -0.83949980 0.24150000 -0.23387450
v -0.83949980 0.17757000 -0.33320430
v -0.84099970 0.37097850 0.38989500
v -0.83949980 0.46541390 0.24558100
v -0.84216640 0.40418220 0.40436640
v -0.83949950 0.46510340 0.04489502
v -0.83949980 0.32737490 -0.11199950
v -0.83949980 0.24150000 -0.32949950
v -0.84099970 0.18046120 -0.39230100
v -0.84549960 0.39018550 0.42881100
v -0.86374970 0.39018550 0.42880980
v -0.86374970 0.46624190 0.40124150
v -0.84549990 0.46624190 0.40124270
v -0.86374970 0.54198780 0.35148800
v -0.84099970 0.46603490 0.36232670
v -0.84549990 0.54198780 0.35148800
v -0.86374970 0.59174190 0.27574220
v -0.84216640 0.52770360 0.33394410
v -0.84549960 0.59174190 0.27574220
v -0.86374970 0.61931040 0.18868530
v -0.84099970 0.56015990 0.26820190
v -0.84549990 0.61931040 0.18868530
v -0.86374970 0.62850000 0.10500000
v -0.84216640 0.59812660 0.19575560
v -0.84549990 0.62850000 0.10500000
v -0.86374970 0.62850000 0.00974976
v -0.84099970 0.58772850 0.14014530
v -0.84549990 0.62850000 0.00975098
v -0.84099970 0.58765080 0.01853638
v -0.84549990 0.62850000 -0.11199950
v -0.86374970 0.62850000 -0.11200070
v -0.84099970 0.58762500 -0.11199950
v -0.84099970 0.58956380 -0.23401370
v -0.84549990 0.62850000 -0.23282470
v -0.86374970 0.62850000 -0.23282470
v -0.86374970 0.62850000 -0.32530030
v -0.83949980 0.46499990 -0.11199950
v -0.84549990 0.62850000 -0.32529910
v -0.86374970 0.62744990 -0.38507570
v -0.83949980 0.47275500 -0.23757930
v -0.83949980 0.49602000 -0.34432010
v -0.84099970 0.59537990 -0.33005490
v -0.83949980 0.32931370 -0.23480100
v -0.84549990 0.62744990 -0.38507450
v -0.83949980 0.33512990 -0.33320430
v -0.84099970 0.24150000 -0.39137450
v -0.84549990 0.62429980 -0.40779910
v -0.86374970 0.62429980 -0.40780030
v -0.84216640 0.61238000 -0.37231320
v -0.84099970 0.59223000 -0.39192990
v -0.84549990 0.58132500 -0.41094970
v -0.86374970 0.58132500 -0.41094970
v -0.86374970 0.46080000 -0.41200070
v -0.84216640 0.55461320 -0.40307980
v -0.84549990 0.46080000 -0.41199950
v -0.86374970 0.32632500 -0.41200070
v -0.84099970 0.46960490 -0.39507930
v -0.84549990 0.32632500 -0.41199950
v -0.84099970 0.32852630 -0.39230100
v -0.84549990 0.24150000 -0.41199950
v -0.86374970 0.24150000 -0.41200070
v -0.84549990 0.18142500 -0.41199950
v -0.86374970 0.18142500 -0.41200070
v -0.96750000 0.18142500 0.43800050
v -0.94924990 0.24150000 0.43800050
v -0.94924990 0.18142500 0.43800050
v -0.96750000 0.24150000 0.43800050
v -0.97199980 0.18046120 0.38861450
v -0.94924990 0.29600000 0.43800050
v -0.97199980 0.24150000 0.38612550
v -0.96750000 0.29600000 0.43800050
v -0.97350000 0.24150000 0.23050050
v -0.97350000 0.17757000 0.24045530
v -0.96750000 0.33950000 0.43800050
v -0.94924990 0.33950000 0.43800050
v -0.97349970 0.24150000 0.04112549
v -0.97350000 0.32740090 0.04206787
v -0.97350000 0.17967370 0.04361450
v -0.97350000 0.18037500 -0.11199950
v -0.97350000 0.24150000 -0.11199950
v -0.97350000 0.17967370 -0.23480100
v -0.97350000 0.32747840 0.23427000
v -0.97199980 0.30386960 0.38706790
v -0.97349970 0.24150000 -0.23387450
v -0.97350000 0.17757000 -0.33320430
v -0.97199980 0.37097850 0.38989500
v -0.97350000 0.46541390 0.24558100
v -0.97083340 0.40418220 0.40436640
v -0.97199980 0.46603490 0.36232670
v -0.96750000 0.39018550 0.42880980
v -0.94924990 0.39018550 0.42881100
v -0.96750000 0.46624190 0.40124150
v -0.94924990 0.46624190 0.40124270
v -0.97083340 0.52770360 0.33394410
v -0.96750000 0.54198780 0.35148800
v -0.94924990 0.54198780 0.35148680
v -0.97199980 0.56015990 0.26820190
v -0.96750000 0.59174190 0.27574220
v -0.94924990 0.59174190 0.27574220
v -0.97083340 0.59812660 0.19575560
v -0.96750000 0.61931040 0.18868530
v -0.94924990 0.61931040 0.18868650
v -0.94924990 0.62850000 0.10500000
v -0.96750000 0.62850000 0.10500000
v -0.94924990 0.62850000 0.00975098
v -0.97200010 0.58772850 0.14014530
v -0.96750000 0.62850000 0.00974976
v -0.97199980 0.58765080 0.01853638
v -0.96750000 0.62850000 -0.11199950
v -0.94924990 0.62850000 -0.11199950
v -0.97349970 0.46510340 0.04489502
v -0.97199980 0.58762500 -0.11199950
v -0.97199980 0.58956380 -0.23401370
v -0.96750000 0.62850000 -0.23282470
v -0.94924990 0.62850000 -0.23282590
v -0.94924990 0.62850000 -0.32530030
v -0.97350000 0.46499990 -0.11199950
v -0.96750000 0.62850000 -0.32530030
v -0.94924990 0.62744990 -0.38507450
v -0.97350000 0.32737490 -0.11199950
v -0.96750000 0.62744990 -0.38507570
v -0.94924990 0.62429980 -0.40779910
v -0.97350000 0.47275500 -0.23757930
v -0.97350000 0.49602000 -0.34432010
v -0.97199980 0.59537990 -0.33005490
v -0.97350000 0.32931370 -0.23480100
v -0.96750000 0.62429980 -0.40780030
v -0.94924990 0.58132500 -0.41094970
v -0.97083340 0.61238000 -0.37231320
v -0.97350000 0.24150000 -0.32949950
v -0.97200010 0.18046120 -0.39230100
v -0.96750000 0.58132500 -0.41094970
v -0.94924990 0.46080000 -0.41199950
v -0.97199980 0.59223000 -0.39192990
v -0.97350000 0.33512990 -0.33320430
v -0.97199980 0.24150000 -0.39137450
v -0.96750000 0.46080000 -0.41199950
v -0.94924990 0.32632500 -0.41199950
v -0.97083310 0.55461320 -0.40307980
v -0.97200010 0.32852630 -0.39230100
v -0.97199980 0.46960490 -0.39507930
v -0.96750000 0.32632500 -0.41199950
v -0.96750000 0.24150000 -0.41199950
v -0.96750000 0.18142500 -0.41199950
v -0.94924990 0.24150000 -0.41199950
v -0.94924990 0.18142500 -0.41199950
v 0.96750000 0.18142500 0.43800050
v 0.94924990 0.18142500 0.43800050
v 0.94924990 0.24150000 0.43800050
v 0.96750000 0.24150000 0.43800050
v 0.97199980 0.18046120 0.38861330
v 0.94924990 0.29600000 0.43800050
v 0.97200010 0.24150000 0.38612430
v 0.96750000 0.29600000 0.43800050
v 0.97349970 0.24150000 0.23049930
v 0.97350000 0.17757000 0.24045410
v 0.96750000 0.33950000 0.43800050
v 0.94924990 0.33950000 0.43800050
v 0.97350000 0.24150000 0.04112549
v 0.97349970 0.32740090 0.04206787
v 0.97349970 0.17967370 0.04361328
v 0.97350000 0.18037500 -0.11200070
v 0.97350000 0.24150000 -0.11200070
v 0.97349970 0.17967370 -0.23480100
v 0.97349970 0.32747840 0.23427000
v 0.97199980 0.30386960 0.38706660
v 0.97350000 0.24150000 -0.23387570
v 0.97349970 0.17757000 -0.33320560
v 0.97199980 0.37097850 0.38989500
v 0.97350000 0.46541390 0.24557980
v 0.97083340 0.40418220 0.40436770
v 0.97350000 0.46510340 0.04489502
v 0.97350000 0.32737490 -0.11200070
v 0.97350000 0.24150000 -0.32950070
v 0.97199950 0.18046120 -0.39230100
v 0.96750000 0.39018550 0.42881100
v 0.94924990 0.39018550 0.42881100
v 0.94924990 0.46624190 0.40124270
v 0.96750000 0.46624190 0.40124150
v 0.94924990 0.54198780 0.35148680
v 0.97200010 0.46603490 0.36232670
v 0.96750000 0.54198780 0.35148800
v 0.94924990 0.59174190 0.27574220
v 0.97083340 0.52770360 0.33394410
v 0.96750000 0.59174190 0.27574220
v 0.94924990 0.61931040 0.18868650
v 0.97199980 0.56015990 0.26820070
v 0.96750000 0.61931040 0.18868530
v 0.94924990 0.62850000 0.10500000
v 0.97083310 0.59812660 0.19575680
v 0.96750000 0.62850000 0.10500000
v 0.94924990 0.62850000 0.00975098
v 0.97200010 0.58772850 0.14014530
v 0.96750000 0.62850000 0.00974976
v 0.97199980 0.58765080 0.01853638
v 0.96750000 0.62850000 -0.11199950
v 0.94924990 0.62850000 -0.11199950
v 0.97199980 0.58762500 -0.11200070
v 0.97200010 0.58956380 -0.23401370
v 0.96750000 0.62850000 -0.23282470
v 0.94924990 0.62850000 -0.23282470
v 0.94924990 0.62850000 -0.32530030
v 0.97350000 0.46499990 -0.11200070
v 0.96750000 0.62850000 -0.32530030
v 0.94924990 0.62744990 -0.38507570
v 0.97350040 0.47275500 -0.23758060
v 0.97350000 0.49602000 -0.34432010
v 0.97200010 0.59537990 -0.33005490
v 0.97349970 0.32931370 -0.23480100
v 0.96750000 0.62744990 -0.38507450
v 0.97349970 0.33512990 -0.33320560
v 0.97199980 0.24150000 -0.39137570
v 0.96750000 0.62429980 -0.40780030
v 0.94924990 0.62429980 -0.40780030
v 0.97083310 0.61238000 -0.37231320
v 0.97200010 0.59223000 -0.39192990
v 0.96750000 0.58132500 -0.41094970
v 0.94924990 0.58132500 -0.41094970
v 0.94924990 0.46080000 -0.41199950
v 0.97083310 0.55461320 -0.40307980
v 0.96749970 0.46080000 -0.41199950
v 0.94924990 0.32632500 -0.41199950
v 0.97200010 0.46960490 -0.39508060
v 0.96749970 0.32632500 -0.41199950
v 0.97199950 0.32852630 -0.39230100
v 0.96749970 0.24150000 -0.41199950
v 0.94924990 0.24150000 -0.41199950
v 0.96749970 0.18142500 -0.41199950
v 0.94924990 0.18142500 -0.41199950
v 0.84549960 0.18142500 0.43799920
v 0.86374970 0.24150000 0.43800050
v 0.86374970 0.18142500 0.43800050
v 0.84549960 0.24150000 0.43799920
v 0.84099970 0.18046120 0.38861330
v 0.86374970 0.29600000 0.43800050
v 0.84099970 0.24150000 0.38612550
v 0.84549960 0.29600000 0.43799920
v 0.83949950 0.24150000 0.23049930
v 0.83949980 0.17757000 0.24045410
v 0.84549960 0.33950000 0.43799920
v 0.86374970 0.33950000 0.43800050
v 0.83949980 0.24150000 0.04112427
v 0.83949950 0.32740090 0.04206787
v 0.83949980 0.17967370 0.04361328
v 0.83949980 0.18037500 -0.11200070
v 0.83949980 0.24150000 -0.11200070
v 0.83949980 0.17967370 -0.23480100
v 0.83949980 0.32747840 0.23427000
v 0.84099970 0.30386960 0.38706790
v 0.83949980 0.24150000 -0.23387570
v 0.83949950 0.17757000 -0.33320560
v 0.84099940 0.37097850 0.38989500
v 0.83949980 0.46541390 0.24557980
v 0.84216640 0.40418220 0.40436770
v 0.84099970 0.46603490 0.36232670
v 0.84549960 0.39018550 0.42880980
v 0.86375000 0.39018550 0.42881100
v 0.84549990 0.46624190 0.40124150
v 0.86374940 0.46624190 0.40124270
v 0.84216640 0.52770360 0.33394410
v 0.84549990 0.54198780 0.35148680
v 0.86374940 0.54198780 0.35148800
v 0.84099970 0.56015990 0.26820190
v 0.84549990 0.59174190 0.27574100
v 0.86374970 0.59174190 0.27574220
v 0.84216640 0.59812660 0.19575680
v 0.84549960 0.61931040 0.18868530
v 0.86374970 0.61931040 0.18868530
v 0.86375000 0.62850000 0.10500000
v 0.84549990 0.62850000 0.10500000
v 0.86374970 0.62850000 0.00974976
v 0.84099970 0.58772850 0.14014530
v 0.84549960 0.62850000 0.00974976
v 0.84099970 0.58765080 0.01853638
v 0.84549990 0.62850000 -0.11200070
v 0.86374970 0.62850000 -0.11199950
v 0.83949980 0.46510340 0.04489502
v 0.84099970 0.58762500 -0.11199950
v 0.84099970 0.58956380 -0.23401370
v 0.84549960 0.62850000 -0.23282590
v 0.86374970 0.62850000 -0.23282470
v 0.86374940 0.62850000 -0.32529910
v 0.83949980 0.46499990 -0.11200070
v 0.84549990 0.62850000 -0.32530030
v 0.86375000 0.62744990 -0.38507450
v 0.83949980 0.32737490 -0.11200070
v 0.84549990 0.62744990 -0.38507570
v 0.86375000 0.62429980 -0.40780030
v 0.83949950 0.47275500 -0.23758060
v 0.83949980 0.49602000 -0.34432010
v 0.84099970 0.59537990 -0.33005490
v 0.83949980 0.32931370 -0.23480100
v 0.84549990 0.62429980 -0.40780030
v 0.86374940 0.58132500 -0.41094970
v 0.84216640 0.61238000 -0.37231320
v 0.83949980 0.24150000 -0.32950070
v 0.84099970 0.18046120 -0.39230100
v 0.84549990 0.58132500 -0.41095090
v 0.86374970 0.46080000 -0.41199950
v 0.84099970 0.59223000 -0.39192990
v 0.83949950 0.33512990 -0.33320560
v 0.84099970 0.24150000 -0.39137450
v 0.84549990 0.46080000 -0.41200070
v 0.86374970 0.32632500 -0.41199950
v 0.84216640 0.55461320 -0.40307980
v 0.84099970 0.32852630 -0.39230100
v 0.84099970 0.46960490 -0.39508060
v 0.84549990 0.32632500 -0.41200070
v 0.84549990 0.24150000 -0.41200070
v 0.84549990 0.18142500 -0.41200070
v 0.86374970 0.24150000 -0.41199950
v 0.86374970 0.18142500 -0.41199950
v -0.84549990 0.18142500 -0.41199950
v -0.86374970 0.18142500 -0.41200070
v -0.86374970 0.12120000 -0.41200070
v -0.84549990 0.12120000 -0.41199950
v -0.84099970 0.18046120 -0.39230100
v -0.86374970 0.07492499 -0.41094970
v -0.84099970 0.11734500 -0.39507930
v -0.83949980 0.10578000 -0.34432010
v -0.83949980 0.17757000 -0.33320430
v -0.83949980 0.17967370 -0.23480100
v -0.84549990 0.07492499 -0.41094970
v -0.84216640 0.08458666 -0.40307980
v -0.84549990 0.05669999 -0.40779910
v -0.86374970 0.05669999 -0.40780030
v -0.84099970 0.06897000 -0.39192990
v -0.84549990 0.05354999 -0.38507450
v -0.86374970 0.05354999 -0.38507570
v -0.84216640 0.05981999 -0.37231320
v -0.84549990 0.05250000 -0.32529910
v -0.86374970 0.05250000 -0.32530030
v -0.84099970 0.06581998 -0.33005490
v -0.84549990 0.05250000 -0.23282470
v -0.86374970 0.05250000 -0.23282470
v -0.86374970 0.05250000 -0.11200070
v -0.84099970 0.06792375 -0.23401370
v -0.84549990 0.05250000 -0.11199950
v -0.86374970 0.05250000 0.04007446
v -0.83949980 0.11419500 -0.23757930
v -0.84099970 0.06862500 -0.11199950
v -0.83949980 0.11700000 -0.11199950
v -0.83949980 0.18037500 -0.11199950
v -0.84549990 0.05250000 0.04007568
v -0.83949980 0.11419500 0.05108032
v -0.83949980 0.17967370 0.04361328
v -0.83949980 0.10578000 0.27031980
v -0.83949980 0.17757000 0.24045530
v -0.84099970 0.18046120 0.38861330
v -0.84099970 0.06792375 0.04282593
v -0.84549990 0.05250000 0.22630000
v -0.86374970 0.05250000 0.22630000
v -0.84099970 0.06581998 0.23730470
v -0.84549990 0.05354999 0.37982540
v -0.86374970 0.05354999 0.37982420
v -0.84216640 0.05981999 0.34553470
v -0.84549960 0.05669999 0.43380000
v -0.86374970 0.05669999 0.43380000
v -0.84099970 0.06897000 0.39292970
v -0.84549990 0.07492499 0.43695070
v -0.86374970 0.07492499 0.43694950
v -0.84216640 0.08458666 0.41796880
v -0.84099970 0.11734500 0.39608030
v -0.84549960 0.12120000 0.43800050
v -0.86374970 0.12120000 0.43799920
v -0.84549960 0.18142500 0.43800050
v -0.86374970 0.18142500 0.43799920
v -0.96750000 0.18142500 0.43800050
v -0.94924990 0.18142500 0.43800050
v -0.94924990 0.12120000 0.43800050
v -0.96750000 0.12120000 0.43800050
v -0.97199980 0.18046120 0.38861450
v -0.94924990 0.07492499 0.43695070
v -0.97199980 0.11734500 0.39608030
v -0.97350000 0.10578000 0.27031980
v -0.97350000 0.17757000 0.24045530
v -0.97350000 0.17967370 0.04361450
v -0.96750000 0.07492499 0.43694950
v -0.97350000 0.11419500 0.05108032
v -0.97350000 0.18037500 -0.11199950
v -0.97350000 0.11700000 -0.11199950
v -0.97350000 0.17967370 -0.23480100
v -0.96750000 0.05669999 0.43380000
v -0.94924990 0.05669999 0.43380000
v -0.97083340 0.08458666 0.41796880
v -0.97199980 0.06897000 0.39292970
v -0.96750000 0.05354999 0.37982540
v -0.94924990 0.05354999 0.37982420
v -0.94924990 0.05250000 0.22630000
v -0.97083340 0.05981999 0.34553470
v -0.96750000 0.05250000 0.22630000
v -0.94924990 0.05250000 0.04007446
v -0.97199980 0.06581998 0.23730470
v -0.96750000 0.05250000 0.04007446
v -0.97200010 0.06792375 0.04282715
v -0.96750000 0.05250000 -0.11199950
v -0.94924990 0.05250000 -0.11199950
v -0.97199980 0.06862500 -0.11199950
v -0.96750000 0.05250000 -0.23282470
v -0.94924990 0.05250000 -0.23282590
v -0.94924990 0.05250000 -0.32530030
v -0.97350000 0.11419500 -0.23757930
v -0.97350000 0.10578000 -0.34432010
v -0.97350000 0.17757000 -0.33320430
v -0.97200010 0.18046120 -0.39230100
v -0.97199980 0.06792375 -0.23401370
v -0.96750000 0.05250000 -0.32530030
v -0.94924990 0.05354999 -0.38507450
v -0.97199980 0.06581998 -0.33005490
v -0.96750000 0.05354999 -0.38507570
v -0.97083340 0.05981999 -0.37231320
v -0.96750000 0.05669999 -0.40780030
v -0.94924990 0.05669999 -0.40779910
v -0.97199980 0.06897000 -0.39192990
v -0.96750000 0.07492499 -0.41094970
v -0.94924990 0.07492499 -0.41094970
v -0.97083310 0.08458666 -0.40307980
v -0.97199980 0.11734500 -0.39507930
v -0.96750000 0.12120000 -0.41199950
v -0.94924990 0.12120000 -0.41199950
v -0.96750000 0.18142500 -0.41199950
v -0.94924990 0.18142500 -0.41199950
v 0.96750000 0.18142500 0.43800050
v 0.94924990 0.12120000 0.43800050
v 0.94924990 0.18142500 0.43800050
v 0.96750000 0.12120000 0.43800050
v 0.94924990 0.07492499 0.43695070
v 0.97199980 0.18046120 0.38861330
v 0.96750000 0.07492499 0.43694950
v 0.94924990 0.05669999 0.43379880
v 0.97200010 0.11734500 0.39607910
v 0.97350000 0.10578000 0.27031980
v 0.97350000 0.17757000 0.24045410
v 0.97349970 0.17967370 0.04361328
v 0.96750000 0.05669999 0.43380000
v 0.94924990 0.05354999 0.37982420
v 0.97083340 0.08458666 0.41797000
v 0.96749970 0.05354999 0.37982540
v 0.94924990 0.05250000 0.22629880
v 0.97199980 0.06897000 0.39292970
v 0.96750000 0.05250000 0.22630000
v 0.94924990 0.05250000 0.04007568
v 0.97083340 0.05981999 0.34553590
v 0.97199980 0.06581998 0.23730470
v 0.97349970 0.11419500 0.05108032
v 0.97350000 0.18037500 -0.11200070
v 0.96750000 0.05250000 0.04007446
v 0.97200010 0.06792375 0.04282593
v 0.97350000 0.11700000 -0.11200070
v 0.97349970 0.17967370 -0.23480100
v 0.96750000 0.05250000 -0.11199950
v 0.94924990 0.05250000 -0.11199950
v 0.97199980 0.06862500 -0.11200070
v 0.97350040 0.11419500 -0.23758060
v 0.97350000 0.10578000 -0.34432010
v 0.97349970 0.17757000 -0.33320560
v 0.97199950 0.18046120 -0.39230100
v 0.97200010 0.06792375 -0.23401370
v 0.96750000 0.05250000 -0.23282470
v 0.94924990 0.05250000 -0.23282470
v 0.94924990 0.05250000 -0.32530030
v 0.96750000 0.05250000 -0.32530030
v 0.94924990 0.05354999 -0.38507570
v 0.97200010 0.06581998 -0.33005490
v 0.96750000 0.05354999 -0.38507450
v 0.94924990 0.05669999 -0.40780030
v 0.97083310 0.05981999 -0.37231320
v 0.96750000 0.05669999 -0.40780030
v 0.94924990 0.07492499 -0.41094970
v 0.97200010 0.06897000 -0.39192990
v 0.96750000 0.07492499 -0.41094970
v 0.97083310 0.08458666 -0.40307980
v 0.97200010 0.11734500 -0.39508060
v 0.96749970 0.12120000 -0.41199950
v 0.94924990 0.12120000 -0.41199950
v 0.96749970 0.18142500 -0.41199950
v 0.94924990 0.18142500 -0.41199950
v 0.84549990 0.18142500 -0.41200070
v 0.86374970 0.12120000 -0.41199950
v 0.86374970 0.18142500 -0.41199950
v 0.84549990 0.12120000 -0.41200070
v 0.86374940 0.07492499 -0.41094970
v 0.84099970 0.18046120 -0.39230100
v 0.84549990 0.07492499 -0.41095090
v 0.86375000 0.05669999 -0.40780030
v 0.84099970 0.11734500 -0.39508060
v 0.83949980 0.10578000 -0.34432010
v 0.83949950 0.17757000 -0.33320560
v 0.83949980 0.17967370 -0.23480100
v 0.84549990 0.05669999 -0.40780030
v 0.86375000 0.05354999 -0.38507450
v 0.84216640 0.08458666 -0.40307980
v 0.84099970 0.06897000 -0.39192990
v 0.84549990 0.05354999 -0.38507570
v 0.84216640 0.05981999 -0.37231320
v 0.84549990 0.05250000 -0.32530030
v 0.86374940 0.05250000 -0.32529910
v 0.84099970 0.06581998 -0.33005490
v 0.84549960 0.05250000 -0.23282590
v 0.86374970 0.05250000 -0.23282470
v 0.86374970 0.05250000 -0.11199950
v 0.84099970 0.06792375 -0.23401370
v 0.84549990 0.05250000 -0.11200070
v 0.86375000 0.05250000 0.04007568
v 0.83949950 0.11419500 -0.23758060
v 0.84099970 0.06862500 -0.11199950
v 0.83949980 0.11700000 -0.11200070
v 0.83949980 0.18037500 -0.11200070
v 0.84549990 0.05250000 0.04007446
v 0.83949950 0.11419500 0.05108032
v 0.83949980 0.17967370 0.04361328
v 0.83949980 0.10578000 0.27031980
v 0.83949980 0.17757000 0.24045410
v 0.84099970 0.18046120 0.38861330
v 0.84099970 0.06792375 0.04282593
v 0.84549960 0.05250000 0.22630000
v 0.86374970 0.05250000 0.22630000
v 0.84099940 0.06581998 0.23730470
v 0.84549960 0.05354999 0.37982420
v 0.86374970 0.05354999 0.37982540
v 0.86375000 0.05669999 0.43380000
v 0.84216640 0.05981999 0.34553590
v 0.84549990 0.05669999 0.43380000
v 0.86374970 0.07492499 0.43695070
v 0.84099970 0.06897000 0.39292970
v 0.84549960 0.07492499 0.43694950
v 0.84216640 0.08458666 0.41797000
v 0.84099970 0.11734500 0.39608030
v 0.84549960 0.12120000 0.43799920
v 0.86374970 0.12120000 0.43800050
v 0.84549960 0.18142500 0.43799920
v 0.86374970 0.18142500 0.43800050
v 0.86374970 0.18142500 -0.41199950
v 0.94924990 0.18142500 -0.41199950
v 0.94924990 0.24150000 -0.41199950
v 0.86374970 0.24150000 -0.41199950
v 0.86374970 0.32632500 -0.41199950
v 0.94924990 0.32632500 -0.41199950
v 0.94924990 0.46080000 -0.41199950
v 0.86374970 0.46080000 -0.41199950
v 0.94924990 0.58132500 -0.41094970
v 0.86374940 0.58132500 -0.41094970
v 0.86375000 0.62429980 -0.40780030
v 0.94924990 0.62429980 -0.40780030
v 0.94924990 0.62744990 -0.38507570
v 0.86375000 0.62744990 -0.38507450
v 0.94924990 0.62850000 -0.32530030
v 0.86374940 0.62850000 -0.32529910
v 0.94924990 0.62850000 -0.23282470
v 0.86374970 0.62850000 -0.23282470
v 0.94924990 0.62850000 -0.11199950
v 0.86374970 0.62850000 -0.11199950
v 0.86374970 0.62850000 0.00974976
v 0.94924990 0.62850000 0.00975098
v 0.94924990 0.62850000 0.10500000
v 0.86375000 0.62850000 0.10500000
v 0.94924990 0.61931040 0.18868650
v 0.86374970 0.61931040 0.18868530
v 0.94924990 0.59174190 0.27574220
v 0.86374970 0.59174190 0.27574220
v 0.86374940 0.54198780 0.35148800
v 0.94924990 0.54198780 0.35148680
v 0.94924990 0.46624190 0.40124270
v 0.86374940 0.46624190 0.40124270
v 0.86375000 0.39018550 0.42881100
v 0.94924990 0.39018550 0.42881100
v 0.94924990 0.33950000 0.43800050
v 0.86374970 0.33950000 0.43800050
v 0.94924990 0.29600000 0.43800050
v 0.86374970 0.29600000 0.43800050
v 0.86374970 0.24150000 0.43800050
v 0.94924990 0.24150000 0.43800050
v 0.94924990 0.18142500 0.43800050
v 0.86374970 0.18142500 0.43800050
v 0.86374970 0.18142500 0.43800050
v 0.94924990 0.18142500 0.43800050
v 0.94924990 0.12120000 0.43800050
v 0.86374970 0.12120000 0.43800050
v 0.94924990 0.07492499 0.43695070
v 0.86374970 0.07492499 0.43695070
v 0.94924990 0.05669999 0.43379880
v 0.86375000 0.05669999 0.43380000
v 0.86374970 0.05354999 0.37982540
v 0.94924990 0.05354999 0.37982420
v 0.94924990 0.05250000 0.22629880
v 0.86374970 0.05250000 0.22630000
v 0.86375000 0.05250000 0.04007568
v 0.94924990 0.05250000 0.04007568
v 0.94924990 0.05250000 -0.11199950
v 0.86374970 0.05250000 -0.11199950
v 0.94924990 0.05250000 -0.23282470
v 0.86374970 0.05250000 -0.23282470
v 0.94924990 0.05250000 -0.32530030
v 0.86374940 0.05250000 -0.32529910
v 0.86375000 0.05354999 -0.38507450
v 0.94924990 0.05354999 -0.38507570
v 0.86375000 0.05669999 -0.40780030
v 0.94924990 0.05669999 -0.40780030
v 0.94924990 0.07492499 -0.41094970
v 0.86374940 0.07492499 -0.41094970
v 0.94924990 0.12120000 -0.41199950
v 0.86374970 0.12120000 -0.41199950
v 0.94924990 0.18142500 -0.41199950
v 0.86374970 0.18142500 -0.41199950
v -0.27899990 0.45635000 -0.19250000
v -0.81603790 0.45635000 -0.19250000
v -0.81603790 0.55249990 -0.20899900
v -0.27899990 0.55249990 -0.20900020
v -0.81603790 0.36790000 -0.18699950
v 0.27799990 0.45635000 -0.19250000
v 0.27799990 0.55249990 -0.20899900
v 0.81503780 0.55249990 -0.20900020
v 0.81503780 0.45635000 -0.19250000
v 0.81503810 0.36790000 -0.18700070
v -0.27899990 0.36790000 -0.18700070
v -0.81603790 0.24790000 -0.18699950
v 0.27800020 0.36790000 -0.18699950
v -0.27899990 0.24790000 -0.18700070
v -0.81603570 0.22135000 -0.18433100
v 0.27800020 0.24790000 -0.18699950
v 0.81503810 0.24790000 -0.18700070
v 0.81503540 0.22135000 -0.18433100
v 0.27799930 0.22135000 -0.18433100
v 0.81502870 0.21250000 -0.17632450
v -0.27899930 0.22135000 -0.18433100
v -0.81602870 0.21250000 -0.17632570
v 0.27799740 0.21250000 -0.17632570
v 0.81496520 0.21250000 -0.15266840
v -0.27899720 0.21250000 -0.17632450
v -0.81596490 0.21250000 -0.15266720
v 0.27797550 0.21250000 -0.15266720
v -0.27897520 0.21250000 -0.15266720
v 0.27785520 0.21152500 0.40082760
v 0.81461390 0.21152500 0.40082760
v 0.81455410 0.20860000 0.41910030
v 0.27783450 0.20860000 0.41910030
v -0.27885500 0.21152500 0.40082640
v -0.81561400 0.21152500 0.40082640
v -0.27883420 0.20860000 0.41910030
v -0.81555390 0.20860000 0.41909910
v -0.81555150 0.19225000 0.42202510
v -0.81555050 0.07880000 0.42300050
v -0.83001340 0.07880000 0.42300050
v -0.81555050 0.06394999 0.42202510
v -0.83001400 0.19225000 0.42202390
v -0.81555390 0.20860000 0.41909910
v -0.83001640 0.20860000 0.41910030
v -0.83419250 0.19153120 0.42049560
v -0.83419490 0.20743330 0.41793330
v -0.83575710 0.20393310 0.41443360
v -0.83419100 0.07914172 0.42135010
v -0.83001340 0.06394999 0.42202510
v -0.83575530 0.18937460 0.41590820
v -0.83597470 0.19023780 0.35339360
v -0.83575070 0.08016689 0.41640010
v -0.83590850 0.17900550 0.38693120
v -0.83624910 0.15084540 -0.13643430
v -0.83594730 0.08039686 0.35390140
v -0.83419100 0.06466884 0.42049560
v -0.83001340 0.05640000 0.41910030
v -0.81555050 0.05640000 0.41910030
v -0.83607480 0.08071207 -0.13539550
v -0.83575010 0.06682536 0.41590820
v -0.83419070 0.05756673 0.41793330
v -0.83001340 0.05347500 0.34356810
v -0.81555050 0.05347500 0.34356930
v -0.83419130 0.05500416 0.34284910
v -0.83574980 0.06106690 0.41443360
v -0.83589320 0.07113216 0.38692990
v -0.83001340 0.05250000 0.12477540
v -0.81555050 0.05250000 0.12477540
v -0.83419310 0.05414990 0.12443360
v -0.83603540 0.07835291 0.17960690
v -0.83575250 0.05959162 0.34069340
v -0.83594630 0.06772186 0.35339360
v -0.83001340 0.05250000 -0.15266720
v -0.81555050 0.05250000 -0.15266720
v -0.81555050 0.05250000 -0.17632450
v -0.83419560 0.05414983 -0.15277470
v -0.83001340 0.05250000 -0.17632450
v -0.81560850 0.05250000 -0.20645630
v -0.83575990 0.05909961 0.12340820
v -0.83589840 0.06439840 0.28955440
v -0.83595880 0.06721273 0.13677490
v -0.83576750 0.05909931 -0.15309810
v -0.83597780 0.06780216 -0.14888790
v -0.83419590 0.05414980 -0.17632450
v -0.83007260 0.05250000 -0.20645630
v -0.83577020 0.05909921 -0.17632450
v -0.83598510 0.06799860 -0.17632450
v -0.83425470 0.05414982 -0.20636960
v -0.83025090 0.05250000 -0.27549930
v -0.81578370 0.05250000 -0.27550050
v -0.83582670 0.05909929 -0.20611450
v -0.83443110 0.05414989 -0.27515870
v -0.83608880 0.08149843 -0.17632450
v -0.83629820 0.14829860 -0.17962400
v -0.83632780 0.14912390 -0.21075680
v -0.83043150 0.05350000 -0.34287600
v -0.81596060 0.05350000 -0.34287470
v -0.83461000 0.05502914 -0.34215580
v -0.83599540 0.05909959 -0.27413330
v -0.83604000 0.06780463 -0.20693600
v -0.83614620 0.08072203 -0.21008670
v -0.83639710 0.15159940 -0.27619990
v -0.83631650 0.07839289 -0.29002440
v -0.83640350 0.15407480 -0.33979980
v -0.83049860 0.05650000 -0.36800050
v -0.81602690 0.05650000 -0.36799930
v -0.83467560 0.05766673 -0.36683230
v -0.83616570 0.05961663 -0.33999880
v -0.83620420 0.06722271 -0.27742190
v -0.83050720 0.06410000 -0.37099980
v -0.81603520 0.06410000 -0.37099980
v -0.81603790 0.07890000 -0.37199950
v -0.83468320 0.06481884 -0.36947020
v -0.83050960 0.07890000 -0.37200070
v -0.81603790 0.15490000 -0.37199950
v -0.83050960 0.15490000 -0.37200070
v -0.83468600 0.07924172 -0.37035030
v -0.83468810 0.15490000 -0.37035030
v -0.83622620 0.06116692 -0.36333250
v -0.83626800 0.06443615 -0.32365350
v -0.83623410 0.08026689 -0.36539920
v -0.83624330 0.15490000 -0.36540040
v -0.83623110 0.06697536 -0.36488280
v -0.83636750 0.06780685 -0.34267210
v -0.83634520 0.07124772 -0.35383180
v -0.83637210 0.08048185 -0.34325560
vn 0.00000000 0.00000000 1.00000000
vn 0.00000000 0.00000000 1.00000000
vn 0.00000000 0.00000000 1.00000000
vn 0.00000000 0.00000000 1.00000000
vn 0.00000000 0.00000000 1.00000000
vn 0.00000000 0.00000000 1.00000000
vn 0.00000000 0.09710719 0.99527400
vn 0.00000000 0.09710719 0.99527400
vn 0.00000000 0.27854510 0.96042320
vn 0.00000000 0.27854510 0.96042320
vn 0.00000000 0.45387620 0.89106470
vn 0.00000000 0.45387620 0.89106470
vn 0.00000000 0.70710680 0.70710660
vn 0.00000000 0.70710680 0.70710660
vn 0.00000000 0.90329590 0.42901820
vn 0.00000000 0.90329590 0.42901820
vn 0.00000000 0.97760190 0.21046280
vn 0.00000000 0.97760190 0.21046280
vn 0.00000000 0.99868390 0.05128916
vn 0.00000000 0.99868390 0.05128916
vn 0.00000000 1.00000000 0.00000000
vn 0.00000000 1.00000000 0.00000000
vn 0.00000000 1.00000000 0.00000000
vn 0.00000000 1.00000000 0.00000000
vn 0.00000000 1.00000000 0.00000000
vn 0.00000000 1.00000000 0.00000000
vn 0.00000000 0.99997630 -0.00689636
vn 0.00000000 0.99997630 -0.00689636
vn 0.00000000 0.99870670 -0.05084375
vn 0.00000000 0.99870670 -0.05084375
vn 0.00000000 0.48925110 -0.87214300
vn 0.00000000 0.48925110 -0.87214300
vn 0.00000000 0.02567950 -0.99967030
vn 0.00000000 0.02567950 -0.99967030
vn 0.00000000 0.00411759 -0.99999150
vn 0.00000000 0.00411759 -0.99999150
vn 0.00000000 0.00000000 -1.00000000
vn 0.00000000 0.00000000 -1.00000000
vn 0.00000000 0.00000000 -1.00000000
vn 0.00000000 0.00000000 -1.00000000
vn 0.00000000 0.00000000 -1.00000000
vn 0.00000000 0.00000000 -1.00000000
vn 0.00000000 0.00000000 1.00000000
vn 0.00000000 0.00000000 1.00000000
vn 0.00000000 -0.00985891 0.99995150
vn 0.00000000 -0.00985891 0.99995150
vn -0.00000029 -0.06497838 0.99788670
vn 0.00000029 -0.06497838 0.99788670
vn 0.00000000 -0.93658160 0.35044960
vn 0.00000000 -0.93658160 0.35044960
vn 0.00000000 -0.99979530 0.02023682
vn 0.00000000 -0.99979530 0.02023682
vn 0.00000000 -0.99999520 0.00309049
vn 0.00000000 -0.99999520 0.00309049
vn 0.00000000 -1.00000000 0.00000000
vn 0.00000000 -1.00000000 0.00000000
vn 0.00000000 -1.00000000 0.00000000
vn 0.00000000 -1.00000000 0.00000000
vn 0.00000000 -1.00000000 0.00000000
vn 0.00000000 -1.00000000 0.00000000
vn 0.00000000 -0.99997630 -0.00689638
vn 0.00000000 -0.99997630 -0.00689638
vn 0.00000000 -0.99870670 -0.05084326
vn 0.00000000 -0.99870670 -0.05084326
vn 0.00000000 -0.77096190 -0.63688130
vn 0.00000000 -0.77096190 -0.63688130
vn 0.00000000 -0.06497838 -0.99788670
vn 0.00000000 -0.06497838 -0.99788670
vn 0.00000000 -0.00985863 -0.99995150
vn 0.00000000 -0.00985863 -0.99995150
vn 0.00000000 0.00000000 -1.00000000
vn 0.00000000 0.00000000 -1.00000000
vn 0.00000000 -0.21151250 -0.97737530
vn 0.00000000 -0.21151250 -0.97737530
vn 0.00000000 -0.26337640 -0.96469310
vn 0.00000000 -0.26337660 -0.96469310
vn 0.00000000 -0.21151250 -0.97737530
vn 0.00000000 -0.11055460 -0.99387000
vn 0.00000000 -0.26337660 -0.96469310
vn 0.00000000 -0.21151250 -0.97737530
vn 0.00000000 -0.26337640 -0.96469310
vn 0.00000000 -0.11055430 -0.99387010
vn 0.00000000 -0.11055430 -0.99387010
vn 0.00000000 -0.11055460 -0.99387000
vn 0.00000000 0.78761800 -0.61616390
vn 0.00000000 0.78761800 -0.61616390
vn 0.00000000 1.00000000 0.00000000
vn 0.00000000 0.78761800 -0.61616390
vn 0.00000000 0.78761800 -0.61616390
vn 0.00000000 1.00000000 0.00000000
vn 0.00000000 1.00000000 0.00000000
vn 0.00000000 0.89205690 0.45192320
vn 0.00000000 0.89205690 0.45192320
vn 0.00000000 0.46775080 0.88386040
vn 0.00000000 1.00000000 0.00000000
vn 0.00000000 0.89205690 0.45192320
vn 0.00000000 0.89205690 0.45192320
vn 0.00000000 0.46775080 0.88386040
vn 0.00000000 0.46775100 0.88386030
vn 0.00000000 0.25766260 0.96623490
vn 0.00000000 0.46775100 0.88386030
vn 0.00000000 0.25766260 0.96623490
vn 0.00000000 0.20065840 0.97966120
vn 0.00000000 0.20065830 0.97966120
vn 0.00000000 0.25766260 0.96623490
vn 0.00000000 0.25766260 0.96623490
vn 0.00000000 0.20065830 0.97966120
vn 0.00000000 0.20065840 0.97966120
vn 0.00000000 -0.21151250 -0.97737530
vn 0.00000000 -0.21151250 -0.97737530
vn 0.00000000 -0.13208850 -0.99123790
vn 0.00000000 -0.13208850 -0.99123790
vn 0.00000000 -0.21151250 -0.97737530
vn 0.00000000 -0.02881731 -0.99958470
vn 0.00000000 -0.13208850 -0.99123790
vn 0.00000000 -0.21151250 -0.97737530
vn 0.00000000 -0.13208850 -0.99123790
vn 0.00000000 -0.02881731 -0.99958470
vn 0.00000000 0.00000000 -1.00000000
vn 0.00000000 0.00000000 -1.00000000
vn 0.00000000 0.00000000 -1.00000000
vn 0.00000000 0.00000000 -1.00000000
vn 0.00000000 0.00000000 -1.00000000
vn 0.00000000 -0.02881731 -0.99958470
vn 0.00000000 -0.02881731 -0.99958470
vn 0.00000000 0.00000000 -1.00000000
vn 0.00000000 0.00000000 -1.00000000
vn 0.00000000 0.00000000 -1.00000000
vn 0.00000000 -0.26337640 -0.96469310
vn 0.00000000 -0.21151250 -0.97737530
vn 0.08814561 -0.21068920 -0.97357090
vn 0.08917320 -0.26232730 -0.96084990
vn 0.00000000 -0.11055460 -0.99387000
vn 0.75465580 -0.13865370 -0.64130320
vn 0.10009810 -0.10999910 -0.98887850
vn 0.00000000 0.78761800 -0.61616390
vn 0.75846140 -0.17133100 -0.62879410
vn 0.11695940 0.78221230 -0.61193500
vn 0.00000000 1.00000000 0.00000000
vn 0.99821940 -0.01559195 -0.05757409
vn 0.99822980 -0.01253460 -0.05813855
vn 0.79427250 -0.06753201 -0.60379680
vn 0.08811767 0.99611000 0.00000000
vn 0.00000000 0.89205690 0.45192320
vn 0.99999560 -0.00077562 -0.00288784
vn 0.99999560 -0.00061933 -0.00289901
vn 0.99842570 -0.00634107 -0.05573091
vn 0.83719830 0.43067140 -0.33707720
vn 0.09047036 0.88839870 0.45006980
vn 0.00000000 0.46775080 0.88386040
vn 1.00000000 0.00000000 0.00000000
vn 1.00000000 0.00000000 0.00000000
vn 0.99999590 0.00008669 -0.00283811
vn 0.99847940 0.04338524 -0.03400804
vn 0.75446210 0.65634350 0.00054049
vn 0.09142483 0.46579200 0.88015870
vn 0.00000000 0.25766260 0.96623490
vn 0.99999560 0.00076705 0.00289211
vn 0.99999570 0.00059543 0.00289871
vn 0.99999120 0.00332035 -0.00260661
vn 0.99702220 0.07711342 0.00026921
vn 0.99999050 0.00436602 0.00004713
vn 0.76311610 0.57568670 0.29366400
vn 0.99999990 0.00061074 0.00001121
vn 0.99735010 0.06450895 0.03363470
vn 0.99998410 0.00497019 0.00264680
vn 0.99999420 0.00186154 0.00286639
vn 0.99803510 0.02888196 0.05560336
vn 0.76635920 0.29942970 0.56836210
vn 0.99820010 0.01539309 0.05796254
vn 0.99823580 0.01188948 0.05817034
vn 0.75245210 0.16954800 0.63645060
vn 0.75464000 0.13159330 0.64280780
vn 0.08814200 0.19987730 0.97584830
vn 0.08755744 0.25667300 0.96252410
vn 0.00000000 0.20065840 0.97966120
vn 0.00000000 0.03003260 0.99954890
vn 0.00000000 0.73987000 0.67274980
vn 0.08807006 0.73686240 0.67028180
vn 0.08286595 0.02992730 0.99611120
vn 0.00000000 0.00000000 1.00000000
vn 0.75409050 0.48764040 0.43994830
vn 0.08817269 -0.00000053 0.99610520
vn 0.08710454 -0.17087450 0.98143510
vn 0.00000000 -0.17152640 0.98517950
vn 0.00000000 -0.99120440 0.13233960
vn 0.07015114 -0.98876240 0.13201360
vn 0.00000000 -0.99991230 0.01324950
vn 0.74930160 -0.10358880 0.65407680
vn 0.75470150 -0.00001130 0.65606840
vn 0.73322980 0.01808035 0.67974050
vn 0.08225650 -0.99652370 0.01320460
vn 0.00000000 -0.99999810 0.00196479
vn 0.99871000 0.00075628 0.05077116
vn 0.99952710 0.02170705 0.02178014
vn 0.99966110 -0.00004185 0.02602974
vn 0.99999380 -0.00023339 0.00350638
vn 0.99999890 -0.00114065 0.00100324
vn 0.99999790 -0.00196237 0.00076128
vn 0.99999930 -0.00014256 0.00120379
vn 0.99875280 -0.00515461 0.04966013
vn 0.67214300 -0.73475090 0.09146003
vn 0.99999460 -0.00328532 0.00012084
vn 0.99999510 -0.00020105 0.00313488
vn 0.99425350 -0.10655720 0.01027799
vn 0.99999710 -0.00240092 0.00019849
vn 0.99996660 -0.00814472 0.00061648
vn 0.99999210 -0.00386106 0.00096267
vn 0.99999630 -0.00249270 0.00111636
vn 0.99999700 -0.00226857 0.00094884
vn 0.99971150 -0.02401919 0.00011367
vn 0.98506240 -0.17219370 0.00119770
vn 0.99989860 -0.01424629 0.00004800
vn 0.99989470 -0.01451316 0.00006839
vn 0.99999190 -0.00343814 0.00209538
vn 0.99999930 -0.00106313 0.00054674
vn 0.99999620 -0.00217306 0.00175417
vn 0.99999850 -0.00033262 -0.00173897
vn 0.73108960 -0.68223520 0.00794858
vn 0.99097000 -0.13408340 0.00016383
vn 0.99989830 -0.01422434 0.00107435
vn 0.08819166 -0.99610160 0.00195717
vn 0.00000000 -1.00000000 0.00000000
vn 0.75427940 -0.65655250 0.00113771
vn 0.99158350 -0.12946860 0.00003429
vn 0.99989410 -0.01436889 0.00227792
vn 0.08814300 -0.99610790 0.00000000
vn 0.75373060 -0.65718340 0.00000664
vn 0.99175770 -0.12812270 0.00110835
vn 0.08813890 -0.99610820 0.00009699
vn 0.00000000 -1.00000000 0.00000000
vn 0.75355970 -0.65737890 0.00083479
vn 0.99156900 -0.12955960 0.00228483
vn 0.08813605 -0.99610850 0.00021103
vn 0.00000000 -1.00000000 0.00000000
vn 0.00000000 -0.99997320 -0.00733016
vn 0.75367900 -0.65724030 0.00179339
vn 0.08826059 -0.99607230 -0.00706938
vn 0.00000000 -0.99906640 -0.04320285
vn 0.99988960 -0.01466894 0.00237494
vn 0.99097180 -0.13405550 0.00199185
vn 0.75449200 -0.65630530 -0.00227692
vn 0.08328660 -0.99560490 -0.04282967
vn 0.00000000 -0.93574650 -0.35267340
vn 0.99971230 -0.02387294 0.00228942
vn 0.98528820 -0.17089490 -0.00141275
vn 0.08034185 -0.93279300 -0.35134390
vn 0.00000000 -0.17579090 -0.98442750
vn 0.73494540 -0.67770030 -0.02403685
vn 0.99996600 -0.00822017 0.00070227
vn 0.99451480 -0.10098250 -0.02725464
vn 0.72107610 -0.65284190 -0.23204930
vn 0.08717605 -0.17516090 -0.98067280
vn 0.99998100 -0.00065326 -0.00611819
vn 0.99481530 -0.01135581 -0.10106140
vn 0.99999930 -0.00051858 -0.00110180
vn 0.99842700 -0.00008531 -0.05606660
vn 0.99807010 -0.00050392 -0.06209661
vn 0.75492950 -0.00001648 -0.65580590
vn 0.75054310 -0.10665370 -0.65215810
vn 0.75609520 -0.00643046 -0.65443000
vn 0.08812997 0.00000000 -0.99610890
vn 0.08833925 -0.01097196 -0.99603000
vn 0.00000000 0.00000000 -1.00000000
vn 0.00000000 -0.01101306 -0.99993930
vn 0.00000000 -0.13208850 -0.99123790
vn 0.00000000 -0.21151250 -0.97737530
vn -0.08814561 -0.21068920 -0.97357090
vn -0.08832783 -0.13157220 -0.98736360
vn 0.00000000 -0.02881731 -0.99958470
vn -0.75465580 -0.13865370 -0.64130320
vn -0.08822595 -0.02870493 -0.99568680
vn 0.00000000 0.00000000 -1.00000000
vn -0.75533500 -0.08656485 -0.64959650
vn -0.08811928 0.00000000 -0.99610990
vn 0.00000000 0.00000000 -1.00000000
vn -0.08812997 0.00000000 -0.99610890
vn -0.75492950 -0.00001648 -0.65580590
vn -0.75495440 -0.01890456 -0.65550480
vn -0.99825250 -0.00780627 -0.05857505
vn -0.99822980 -0.01253460 -0.05813855
vn -0.75455810 -0.00000557 -0.65623320
vn -0.99827120 -0.00169617 -0.05875092
vn -0.99827920 -0.00002830 -0.05863950
vn -0.99842700 -0.00008531 -0.05606660
vn -0.99999570 -0.00038319 -0.00291567
vn -0.99999560 -0.00061933 -0.00289901
vn -1.00000000 0.00000000 0.00000000
vn -0.99999580 -0.00009036 -0.00291752
vn -0.99999590 -0.00016004 -0.00285877
vn -0.99999850 -0.00033262 -0.00173897
vn -1.00000000 0.00000000 0.00000000
vn -0.99999570 0.00059543 0.00289871
vn -0.99999990 -0.00046044 0.00001151
vn -0.99999930 -0.00106313 0.00054674
vn -1.00000000 -0.00002882 -0.00000234
vn -0.99999570 0.00035203 0.00291492
vn -0.99999630 0.00055120 0.00266561
vn -0.99999700 -0.00226857 0.00094884
vn -0.99999580 0.00003344 0.00291331
vn -0.99825760 0.00697915 0.05859303
vn -0.99823580 0.01188948 0.05817034
vn -0.99999580 0.00004096 0.00291369
vn -0.99827190 0.00149487 0.05874456
vn -0.75526270 0.07755186 0.65081790
vn -0.75464000 0.13159330 0.64280780
vn -0.08814200 0.19987730 0.97584830
vn -0.75490870 0.01721709 0.65560380
vn -0.08830991 0.11787680 0.98909380
vn 0.00000000 0.20065840 0.97966120
vn 0.00000000 0.11833910 0.99297320
vn -0.08821420 0.02627323 0.99575500
vn 0.00000000 0.02637599 0.99965210
vn -0.08890694 0.01813411 0.99587480
vn 0.00000000 0.01820761 0.99983420
vn -0.75795580 0.01265172 0.65218320
vn -0.09602560 0.28735640 0.95299820
vn 0.00000000 0.28871180 0.95741610
vn 0.00000000 0.96308930 0.26918220
vn -0.99829670 0.00125172 0.05832770
vn -0.78464190 0.18736290 0.59095880
vn -0.09667952 0.95852060 0.26812570
vn 0.00000000 0.99999860 0.00168932
vn -0.99809970 0.02050263 0.05810916
vn -0.08818669 0.99610250 0.00174739
vn 0.00000000 0.99997680 0.00682078
vn -0.78466840 0.59702420 0.16690610
vn -0.99730500 0.07028466 0.02104415
vn -0.75568840 0.65492950 0.00152072
vn -0.99999670 0.00126969 0.00225711
vn -0.99999630 -0.00249270 0.00111636
vn -0.99706930 0.07650088 0.00077450
vn -0.99999810 0.00186163 0.00069865
vn -0.99999790 -0.00196237 0.00076128
vn -0.99143170 0.13062090 0.00115266
vn -0.99996140 0.00876544 0.00061760
vn -0.99999890 -0.00114065 0.00100324
vn -0.99952710 0.02170705 0.02178014
vn -0.75409050 0.48764040 0.43994830
vn -0.73075530 0.68262390 0.00461741
vn -0.08208457 0.99660170 0.00685792
vn -0.08807006 0.73686240 0.67028180
vn 0.00000000 0.73987000 0.67274980
vn 0.00000000 0.25766260 0.96623490
vn 0.00000000 0.20065840 0.97966120
vn -0.08814200 0.19987730 0.97584830
vn -0.08755744 0.25667300 0.96252410
vn 0.00000000 0.46775080 0.88386040
vn -0.75464000 0.13159330 0.64280780
vn -0.09142483 0.46579200 0.88015870
vn 0.00000000 0.89205690 0.45192320
vn -0.75245210 0.16954800 0.63645060
vn -0.09047036 0.88839870 0.45006980
vn 0.00000000 1.00000000 0.00000000
vn -0.99820010 0.01539309 0.05796254
vn -0.99823580 0.01188948 0.05817034
vn -0.76635920 0.29942970 0.56836210
vn -0.08811767 0.99611000 0.00000000
vn 0.00000000 0.78761800 -0.61616390
vn -0.99999560 0.00076705 0.00289211
vn -0.99999570 0.00059543 0.00289871
vn -1.00000000 0.00000000 0.00000000
vn -0.99803510 0.02888196 0.05560336
vn -0.76311610 0.57568670 0.29366400
vn -0.11695940 0.78221230 -0.61193500
vn 0.00000000 -0.11055460 -0.99387000
vn -1.00000000 0.00000000 0.00000000
vn -0.99999560 -0.00061933 -0.00289901
vn -0.99999420 0.00186154 0.00286639
vn -0.99735010 0.06450895 0.03363470
vn -0.75446210 0.65634350 0.00054049
vn -0.10009810 -0.10999910 -0.98887850
vn 0.00000000 -0.26337640 -0.96469310
vn -0.99998410 0.00497019 0.00264680
vn -0.99999990 0.00061074 0.00001121
vn -0.99702220 0.07711342 0.00026921
vn -0.99999050 0.00436602 0.00004713
vn -0.83719830 0.43067140 -0.33707720
vn -0.08917320 -0.26232730 -0.96084990
vn 0.00000000 -0.21151250 -0.97737530
vn -0.08814561 -0.21068920 -0.97357090
vn -0.99999560 -0.00077562 -0.00288784
vn -0.99999590 0.00008669 -0.00283811
vn -0.99847940 0.04338524 -0.03400804
vn -0.99999120 0.00332035 -0.00260661
vn -0.99842570 -0.00634107 -0.05573091
vn -0.99821940 -0.01559195 -0.05757409
vn -0.99822980 -0.01253460 -0.05813855
vn -0.79427250 -0.06753201 -0.60379680
vn -0.75846140 -0.17133100 -0.62879410
vn -0.75465580 -0.13865370 -0.64130320
vn 0.00000000 0.73986970 0.67275020
vn 0.00000000 0.73987000 0.67274980
vn 0.00000000 0.03003260 0.99954890
vn 0.00000000 0.03003260 0.99954890
vn 0.00000000 0.73986970 0.67275020
vn 0.00000000 0.00000000 1.00000000
vn 0.00000000 0.00000000 1.00000000
vn 0.00000000 -0.17152640 0.98517950
vn 0.00000000 -0.17152640 0.98517950
vn 0.00000000 -0.99120440 0.13233960
vn 0.00000000 0.00000000 1.00000000
vn 0.00000000 0.03003260 0.99954890
vn 0.00000000 0.03003260 0.99954890
vn 0.00000000 0.73987000 0.67274980
vn 0.00000000 0.00000000 1.00000000
vn 0.00000000 -0.17152640 0.98517950
vn 0.00000000 -0.17152640 0.98517950
vn 0.00000000 -0.99120440 0.13233960
vn 0.00000000 -0.99991230 0.01324950
vn 0.00000000 -0.99120440 0.13233960
vn 0.00000000 -0.99120440 0.13233960
vn 0.00000000 -0.99991230 0.01324950
vn 0.00000000 -0.99999810 0.00196479
vn 0.00000000 -0.99991230 0.01324950
vn 0.00000000 -0.99991230 0.01324950
vn 0.00000000 -0.99999810 0.00196479
vn 0.00000000 -1.00000000 0.00000000
vn 0.00000000 -0.99999810 0.00196479
vn 0.00000000 -0.99999810 0.00196479
vn 0.00000000 -1.00000000 0.00000000
vn 0.00000000 -1.00000000 0.00000000
vn 0.00000000 -1.00000000 0.00000000
vn 0.00000000 -1.00000000 0.00000000
vn 0.00000000 -1.00000000 0.00000000
vn 0.00000000 -1.00000000 0.00000000
vn 0.00000000 -1.00000000 0.00000000
vn 0.00000000 -1.00000000 0.00000000
vn 0.00000000 -1.00000000 0.00000000
vn 0.00000000 -1.00000000 0.00000000
vn 0.00000000 -1.00000000 0.00000000
vn 0.00000000 -0.99997320 -0.00733016
vn 0.00000000 -0.99997320 -0.00733016
vn 0.00000000 -0.99997320 -0.00733016
vn 0.00000000 -0.99997320 -0.00733016
vn 0.00000000 -0.99906640 -0.04320285
vn 0.00000000 -0.99906640 -0.04320285
vn 0.00000000 -0.99906640 -0.04320285
vn 0.00000000 -0.99906640 -0.04320285
vn 0.00000000 -0.93574670 -0.35267270
vn 0.00000000 -0.93574650 -0.35267340
vn 0.00000000 -0.93574670 -0.35267270
vn 0.00000000 -0.93574650 -0.35267340
vn 0.00000000 -0.17579090 -0.98442750
vn 0.00000000 -0.17579090 -0.98442750
vn 0.00000000 -0.17579090 -0.98442750
vn 0.00000000 -0.17579090 -0.98442750
vn 0.00000000 -0.01101241 -0.99993940
vn 0.00000000 -0.01101306 -0.99993930
vn 0.00000000 0.00000000 -1.00000000
vn 0.00000000 0.00000000 -1.00000000
vn 0.00000000 -0.01101241 -0.99993940
vn 0.00000000 -0.01101306 -0.99993930
vn 0.00000000 0.00000000 -1.00000000
vn 0.00000000 0.00000000 -1.00000000
vn 0.00000000 0.11833910 0.99297320
vn 0.00000000 0.20065840 0.97966120
vn 0.08814200 0.19987730 0.97584830
vn 0.08830991 0.11787680 0.98909380
vn 0.00000000 0.02637599 0.99965210
vn 0.75464000 0.13159330 0.64280780
vn 0.08821420 0.02627323 0.99575500
vn 0.00000000 0.01820761 0.99983420
vn 0.75526270 0.07755186 0.65081790
vn 0.08890694 0.01813411 0.99587480
vn 0.00000000 0.28871180 0.95741610
vn 0.99825760 0.00697915 0.05859303
vn 0.99823580 0.01188948 0.05817034
vn 0.75490870 0.01721709 0.65560380
vn 0.99827190 0.00149487 0.05874456
vn 0.99999570 0.00035203 0.00291492
vn 0.99999570 0.00059543 0.00289871
vn 0.75795580 0.01265172 0.65218320
vn 0.09602560 0.28735640 0.95299820
vn 0.99999580 0.00003344 0.00291331
vn 1.00000000 0.00000000 0.00000000
vn 1.00000000 0.00000000 0.00000000
vn 0.99999570 -0.00038319 -0.00291567
vn 0.99999560 -0.00061933 -0.00289901
vn 0.09667952 0.95852060 0.26812570
vn 0.00000000 0.96308930 0.26918220
vn 1.00000000 -0.00002882 -0.00000234
vn 0.99825250 -0.00780627 -0.05857505
vn 0.99822980 -0.01253460 -0.05813855
vn 0.08818669 0.99610250 0.00174739
vn 0.00000000 0.99999860 0.00168932
vn 0.00000000 0.99997680 0.00682078
vn 0.75533500 -0.08656485 -0.64959650
vn 0.75465580 -0.13865370 -0.64130320
vn 0.08814561 -0.21068920 -0.97357090
vn 0.08832783 -0.13157220 -0.98736360
vn 0.00000000 -0.21151250 -0.97737530
vn 0.00000000 -0.13208850 -0.99123790
vn 0.75495440 -0.01890456 -0.65550480
vn 0.08822595 -0.02870493 -0.99568680
vn 0.08811928 0.00000000 -0.99610990
vn 0.00000000 -0.02881731 -0.99958470
vn 0.00000000 0.00000000 -1.00000000
vn 0.00000000 0.00000000 -1.00000000
vn 0.08812997 0.00000000 -0.99610890
vn 0.75492950 -0.00001648 -0.65580590
vn 0.99827120 -0.00169617 -0.05875092
vn 0.75455810 -0.00000557 -0.65623320
vn 0.99827920 -0.00002830 -0.05863950
vn 0.99842700 -0.00008531 -0.05606660
vn 0.99999580 -0.00009036 -0.00291752
vn 0.99999590 -0.00016004 -0.00285877
vn 0.99999850 -0.00033262 -0.00173897
vn 0.99999990 -0.00046044 0.00001151
vn 0.99999930 -0.00106313 0.00054674
vn 0.99999630 0.00055120 0.00266561
vn 0.99999700 -0.00226857 0.00094884
vn 0.99999630 -0.00249270 0.00111636
vn 0.99999580 0.00004096 0.00291369
vn 0.99829670 0.00125172 0.05832770
vn 0.99999670 0.00126969 0.00225711
vn 0.99999790 -0.00196237 0.00076128
vn 0.99809970 0.02050263 0.05810916
vn 0.78464190 0.18736290 0.59095880
vn 0.99730500 0.07028466 0.02104415
vn 0.78466840 0.59702420 0.16690610
vn 0.99999810 0.00186163 0.00069865
vn 0.75568840 0.65492950 0.00152072
vn 0.99706930 0.07650088 0.00077450
vn 0.99996140 0.00876544 0.00061760
vn 0.99999890 -0.00114065 0.00100324
vn 0.99143170 0.13062090 0.00115266
vn 0.99952710 0.02170705 0.02178014
vn 0.73075530 0.68262390 0.00461741
vn 0.75409050 0.48764040 0.43994830
vn 0.08807006 0.73686240 0.67028180
vn 0.08208457 0.99660170 0.00685792
vn 0.00000000 0.73987000 0.67274980
vn 0.90826460 0.00000000 0.41839640
vn 0.00000000 0.00000000 1.00000000
vn 0.00000000 0.00000000 1.00000000
vn 0.91580230 0.00000000 0.40162940
vn 0.99953760 0.00243044 0.03031156
vn 0.00000000 0.00000000 1.00000000
vn 0.99958210 0.00036214 0.02890378
vn 0.91305570 0.00000000 0.40783480
vn 0.99999060 0.00017938 0.00434782
vn 0.99998970 0.00127479 0.00434490
vn 0.89170780 0.04395182 0.45047240
vn 0.00000000 0.09710719 0.99527400
vn 1.00000000 0.00000000 0.00000000
vn 1.00000000 0.00000000 0.00000000
vn 1.00000000 0.00000000 0.00000000
vn 1.00000000 0.00000000 0.00000000
vn 1.00000000 0.00000000 0.00000000
vn 1.00000000 0.00000000 0.00000000
vn 0.99999060 -0.00029149 0.00432793
vn 0.99957010 -0.00085334 0.02930646
vn 1.00000000 0.00000000 0.00000000
vn 0.99995420 0.00103935 -0.00951824
vn 0.99937730 0.00561487 0.03483691
vn 0.99996940 0.00609035 0.00491493
vn 0.99449900 0.02917634 0.10060010
vn 0.99998340 0.00576303 -0.00000667
vn 1.00000000 0.00000000 0.00000000
vn 0.99995470 0.00000000 -0.00952345
vn 0.99711920 0.00226252 -0.07581746
vn 0.67184100 0.20631710 0.71138100
vn 0.00000000 0.27854510 0.96042320
vn 0.00000000 0.45387620 0.89106470
vn 0.83679550 0.24850430 0.48787180
vn 0.00000000 0.70710680 0.70710660
vn 0.99902310 0.02188800 0.03839143
vn 0.72173860 0.48943510 0.48943500
vn 0.00000000 0.90329590 0.42901820
vn 0.99525780 0.06878211 0.06878211
vn 0.81297830 0.52598390 0.24981480
vn 0.00000000 0.97760190 0.21046280
vn 0.99887260 0.04229596 0.02155473
vn 0.66505840 0.73006460 0.15717180
vn 0.00000000 0.99868390 0.05128916
vn 0.99405660 0.10642590 0.02291187
vn 0.86330100 0.50402520 0.02588510
vn 0.00000000 1.00000000 0.00000000
vn 0.99917580 0.04037304 0.00419106
vn 0.87364790 0.48655870 0.00000000
vn 0.99932660 0.03669278 -0.00001507
vn 0.87377880 0.48632360 0.00000000
vn 0.00000000 1.00000000 0.00000000
vn 0.99932730 0.03667282 0.00027777
vn 0.99925940 0.03845450 0.00136762
vn 0.86341970 0.50448640 0.00000000
vn 0.00000000 1.00000000 0.00000000
vn 0.00000000 0.99997630 -0.00689636
vn 0.99998340 0.00576363 0.00015612
vn 0.82400560 0.56656810 -0.00390735
vn 0.00000000 0.99870670 -0.05084375
vn 0.99998320 0.00576130 0.00076926
vn 0.99995460 0.00496254 -0.00813653
vn 0.99896940 0.04537852 -0.00094051
vn 1.00000000 0.00000000 0.00000000
vn 0.58822990 0.80764780 -0.04111701
vn 0.99995460 -0.00055436 -0.00952067
vn 0.99736580 0.00000000 -0.07253621
vn 0.79218660 0.29857960 -0.53225050
vn 0.00000000 0.48925110 -0.87214300
vn 0.99175490 0.12798380 -0.00651563
vn 0.99867260 0.02421349 -0.04546266
vn 0.36841880 0.02387320 -0.92935340
vn 0.00000000 0.02567950 -0.99967030
vn 0.00000000 0.00411759 -0.99999150
vn 0.97234080 0.00599787 -0.23348960
vn 0.59595060 0.00330651 -0.80301430
vn 0.00000000 0.00000000 -1.00000000
vn 0.99605130 0.00090740 -0.08877522
vn 0.65459000 0.00000000 -0.75598410
vn 0.99712290 -0.00123103 -0.07579086
vn 0.67165880 0.00000000 -0.74086060
vn 0.00000000 0.00000000 -1.00000000
vn 0.65459000 0.00000000 -0.75598410
vn 0.00000000 0.00000000 -1.00000000
vn -0.90826460 0.00000000 0.41839640
vn 0.00000000 0.00000000 1.00000000
vn 0.00000000 0.00000000 1.00000000
vn -0.91580230 0.00000000 0.40162940
vn -0.99953760 0.00243044 0.03031156
vn 0.00000000 0.00000000 1.00000000
vn -0.99958210 0.00036214 0.02890378
vn -0.91305570 0.00000000 0.40783480
vn -0.99999060 0.00017938 0.00434782
vn -0.99998970 0.00127479 0.00434490
vn -0.89170780 0.04395182 0.45047240
vn 0.00000000 0.09710719 0.99527400
vn -1.00000000 0.00000000 0.00000000
vn -1.00000000 0.00000000 0.00000000
vn -1.00000000 0.00000000 0.00000000
vn -1.00000000 0.00000000 0.00000000
vn -1.00000000 0.00000000 0.00000000
vn -1.00000000 0.00000000 0.00000000
vn -0.99999060 -0.00029149 0.00432793
vn -0.99957010 -0.00085334 0.02930646
vn -1.00000000 0.00000000 0.00000000
vn -0.99995420 0.00103935 -0.00951824
vn -0.99937730 0.00561487 0.03483691
vn -0.99996940 0.00609035 0.00491493
vn -0.99449900 0.02917634 0.10060010
vn -0.99902310 0.02188800 0.03839143
vn -0.67184100 0.20631710 0.71138100
vn 0.00000000 0.27854510 0.96042320
vn -0.83679550 0.24850430 0.48787180
vn 0.00000000 0.45387620 0.89106470
vn -0.99525780 0.06878211 0.06878211
vn -0.72173860 0.48943510 0.48943500
vn 0.00000000 0.70710680 0.70710660
vn -0.99887260 0.04229596 0.02155473
vn -0.81297830 0.52598390 0.24981480
vn 0.00000000 0.90329590 0.42901820
vn -0.99405660 0.10642590 0.02291187
vn -0.66505840 0.73006460 0.15717180
vn 0.00000000 0.97760190 0.21046280
vn 0.00000000 0.99868390 0.05128916
vn -0.86330100 0.50402520 0.02588510
vn 0.00000000 1.00000000 0.00000000
vn -0.99917580 0.04037304 0.00419106
vn -0.87364790 0.48655870 0.00000000
vn -0.99932660 0.03669278 -0.00001507
vn -0.87377880 0.48632360 0.00000000
vn 0.00000000 1.00000000 0.00000000
vn -0.99998340 0.00576303 -0.00000667
vn -0.99932730 0.03667282 0.00027777
vn -0.99925940 0.03845450 0.00136762
vn -0.86341970 0.50448640 0.00000000
vn 0.00000000 1.00000000 0.00000000
vn 0.00000000 0.99997630 -0.00689636
vn -0.99998340 0.00576363 0.00015612
vn -0.82400560 0.56656810 -0.00390735
vn 0.00000000 0.99870670 -0.05084375
vn -1.00000000 0.00000000 0.00000000
vn -0.58822990 0.80764780 -0.04111701
vn 0.00000000 0.48925110 -0.87214300
vn -0.99998320 0.00576130 0.00076926
vn -0.99995460 0.00496254 -0.00813653
vn -0.99896940 0.04537852 -0.00094051
vn -1.00000000 0.00000000 0.00000000
vn -0.79218660 0.29857960 -0.53225050
vn 0.00000000 0.02567950 -0.99967030
vn -0.99175490 0.12798380 -0.00651563
vn -0.99995470 0.00000000 -0.00952345
vn -0.99711920 0.00226252 -0.07581746
vn -0.36841880 0.02387320 -0.92935340
vn 0.00000000 0.00411759 -0.99999150
vn -0.99867260 0.02421349 -0.04546266
vn -0.99995460 -0.00055436 -0.00952067
vn -0.99736580 0.00000000 -0.07253621
vn -0.59595060 0.00330651 -0.80301430
vn 0.00000000 0.00000000 -1.00000000
vn -0.97234080 0.00599787 -0.23348960
vn -0.99712290 -0.00123103 -0.07579086
vn -0.99605130 0.00090740 -0.08877522
vn -0.65459000 0.00000000 -0.75598410
vn -0.67165880 0.00000000 -0.74086060
vn -0.65459000 0.00000000 -0.75598410
vn 0.00000000 0.00000000 -1.00000000
vn 0.00000000 0.00000000 -1.00000000
vn 0.90826460 0.00000000 0.41839640
vn 0.00000000 0.00000000 1.00000000
vn 0.00000000 0.00000000 1.00000000
vn 0.91580230 0.00000000 0.40162940
vn 0.99953760 0.00243044 0.03031156
vn 0.00000000 0.00000000 1.00000000
vn 0.99958210 0.00036214 0.02890378
vn 0.91305570 0.00000000 0.40783480
vn 0.99999060 0.00017938 0.00434782
vn 0.99998970 0.00127479 0.00434490
vn 0.89170780 0.04395182 0.45047240
vn 0.00000000 0.09710719 0.99527400
vn 1.00000000 0.00000000 0.00000000
vn 1.00000000 0.00000000 0.00000000
vn 1.00000000 0.00000000 0.00000000
vn 1.00000000 0.00000000 0.00000000
vn 1.00000000 0.00000000 0.00000000
vn 1.00000000 0.00000000 0.00000000
vn 0.99999060 -0.00029149 0.00432793
vn 0.99957010 -0.00085334 0.02930646
vn 1.00000000 0.00000000 0.00000000
vn 0.99995420 0.00103935 -0.00951824
vn 0.99937730 0.00561487 0.03483691
vn 0.99996940 0.00609035 0.00491493
vn 0.99449900 0.02917634 0.10060010
vn 0.99998340 0.00576303 -0.00000667
vn 1.00000000 0.00000000 0.00000000
vn 0.99995470 0.00000000 -0.00952345
vn 0.99711920 0.00226252 -0.07581746
vn 0.67184100 0.20631710 0.71138100
vn 0.00000000 0.27854510 0.96042320
vn 0.00000000 0.45387620 0.89106470
vn 0.83679550 0.24850430 0.48787180
vn 0.00000000 0.70710680 0.70710660
vn 0.99902310 0.02188800 0.03839143
vn 0.72173860 0.48943510 0.48943500
vn 0.00000000 0.90329590 0.42901820
vn 0.99525780 0.06878211 0.06878211
vn 0.81297830 0.52598390 0.24981480
vn 0.00000000 0.97760190 0.21046280
vn 0.99887260 0.04229596 0.02155473
vn 0.66505840 0.73006460 0.15717180
vn 0.00000000 0.99868390 0.05128916
vn 0.99405660 0.10642590 0.02291187
vn 0.86330100 0.50402520 0.02588510
vn 0.00000000 1.00000000 0.00000000
vn 0.99917580 0.04037304 0.00419106
vn 0.87364790 0.48655870 0.00000000
vn 0.99932660 0.03669278 -0.00001507
vn 0.87377880 0.48632360 0.00000000
vn 0.00000000 1.00000000 0.00000000
vn 0.99932730 0.03667282 0.00027777
vn 0.99925940 0.03845450 0.00136762
vn 0.86341970 0.50448640 0.00000000
vn 0.00000000 1.00000000 0.00000000
vn 0.00000000 0.99997630 -0.00689636
vn 0.99998340 0.00576363 0.00015612
vn 0.82400560 0.56656810 -0.00390735
vn 0.00000000 0.99870670 -0.05084375
vn 0.99998320 0.00576130 0.00076926
vn 0.99995460 0.00496254 -0.00813653
vn 0.99896940 0.04537852 -0.00094051
vn 1.00000000 0.00000000 0.00000000
vn 0.58822990 0.80764780 -0.04111701
vn 0.99995460 -0.00055436 -0.00952067
vn 0.99736580 0.00000000 -0.07253621
vn 0.79218660 0.29857960 -0.53225050
vn 0.00000000 0.48925110 -0.87214300
vn 0.99175490 0.12798380 -0.00651563
vn 0.99867260 0.02421349 -0.04546266
vn 0.36841880 0.02387320 -0.92935340
vn 0.00000000 0.02567950 -0.99967030
vn 0.00000000 0.00411759 -0.99999150
vn 0.97234080 0.00599787 -0.23348960
vn 0.59595060 0.00330651 -0.80301430
vn 0.00000000 0.00000000 -1.00000000
vn 0.99605130 0.00090740 -0.08877522
vn 0.65459000 0.00000000 -0.75598410
vn 0.99712290 -0.00123103 -0.07579086
vn 0.67165880 0.00000000 -0.74086060
vn 0.00000000 0.00000000 -1.00000000
vn 0.65459000 0.00000000 -0.75598410
vn 0.00000000 0.00000000 -1.00000000
vn -0.90826460 0.00000000 0.41839640
vn 0.00000000 0.00000000 1.00000000
vn 0.00000000 0.00000000 1.00000000
vn -0.91580230 0.00000000 0.40162940
vn -0.99953760 0.00243044 0.03031156
vn 0.00000000 0.00000000 1.00000000
vn -0.99958210 0.00036214 0.02890378
vn -0.91305570 0.00000000 0.40783480
vn -0.99999060 0.00017938 0.00434782
vn -0.99998970 0.00127479 0.00434490
vn -0.89170780 0.04395182 0.45047240
vn 0.00000000 0.09710719 0.99527400
vn -1.00000000 0.00000000 0.00000000
vn -1.00000000 0.00000000 0.00000000
vn -1.00000000 0.00000000 0.00000000
vn -1.00000000 0.00000000 0.00000000
vn -1.00000000 0.00000000 0.00000000
vn -1.00000000 0.00000000 0.00000000
vn -0.99999060 -0.00029149 0.00432793
vn -0.99957010 -0.00085334 0.02930646
vn -1.00000000 0.00000000 0.00000000
vn -0.99995420 0.00103935 -0.00951824
vn -0.99937730 0.00561487 0.03483691
vn -0.99996940 0.00609035 0.00491493
vn -0.99449900 0.02917634 0.10060010
vn -0.99902310 0.02188800 0.03839143
vn -0.67184100 0.20631710 0.71138100
vn 0.00000000 0.27854510 0.96042320
vn -0.83679550 0.24850430 0.48787180
vn 0.00000000 0.45387620 0.89106470
vn -0.99525780 0.06878211 0.06878211
vn -0.72173860 0.48943510 0.48943500
vn 0.00000000 0.70710680 0.70710660
vn -0.99887260 0.04229596 0.02155473
vn -0.81297830 0.52598390 0.24981480
vn 0.00000000 0.90329590 0.42901820
vn -0.99405660 0.10642590 0.02291187
vn -0.66505840 0.73006460 0.15717180
vn 0.00000000 0.97760190 0.21046280
vn 0.00000000 0.99868390 0.05128916
vn -0.86330100 0.50402520 0.02588510
vn 0.00000000 1.00000000 0.00000000
vn -0.99917580 0.04037304 0.00419106
vn -0.87364790 0.48655870 0.00000000
vn -0.99932660 0.03669278 -0.00001507
vn -0.87377880 0.48632360 0.00000000
vn 0.00000000 1.00000000 0.00000000
vn -0.99998340 0.00576303 -0.00000667
vn -0.99932730 0.03667282 0.00027777
vn -0.99925940 0.03845450 0.00136762
vn -0.86341970 0.50448640 0.00000000
vn 0.00000000 1.00000000 0.00000000
vn 0.00000000 0.99997630 -0.00689636
vn -0.99998340 0.00576363 0.00015612
vn -0.82400560 0.56656810 -0.00390735
vn 0.00000000 0.99870670 -0.05084375
vn -1.00000000 0.00000000 0.00000000
vn -0.58822990 0.80764780 -0.04111701
vn 0.00000000 0.48925110 -0.87214300
vn -0.99998320 0.00576130 0.00076926
vn -0.99995460 0.00496254 -0.00813653
vn -0.99896940 0.04537852 -0.00094051
vn -1.00000000 0.00000000 0.00000000
vn -0.79218660 0.29857960 -0.53225050
vn 0.00000000 0.02567950 -0.99967030
vn -0.99175490 0.12798380 -0.00651563
vn -0.99995470 0.00000000 -0.00952345
vn -0.99711920 0.00226252 -0.07581746
vn -0.36841880 0.02387320 -0.92935340
vn 0.00000000 0.00411759 -0.99999150
vn -0.99867260 0.02421349 -0.04546266
vn -0.99995460 -0.00055436 -0.00952067
vn -0.99736580 0.00000000 -0.07253621
vn -0.59595060 0.00330651 -0.80301430
vn 0.00000000 0.00000000 -1.00000000
vn -0.97234080 0.00599787 -0.23348960
vn -0.99712290 -0.00123103 -0.07579086
vn -0.99605130 0.00090740 -0.08877522
vn -0.65459000 0.00000000 -0.75598410
vn -0.67165880 0.00000000 -0.74086060
vn -0.65459000 0.00000000 -0.75598410
vn 0.00000000 0.00000000 -1.00000000
vn 0.00000000 0.00000000 -1.00000000
vn 0.65459000 0.00000000 -0.75598410
vn 0.00000000 0.00000000 -1.00000000
vn 0.00000000 -0.00985863 -0.99995150
vn 0.59589530 -0.00791710 -0.80302310
vn 0.99711920 0.00226252 -0.07581746
vn 0.00000000 -0.06497838 -0.99788670
vn 0.99604820 -0.00213810 -0.08878990
vn 0.99989640 -0.01171148 -0.00837628
vn 0.99995420 0.00103935 -0.00951824
vn 1.00000000 0.00000000 0.00000000
vn 0.36572720 -0.06047684 -0.92875520
vn 0.97193770 -0.01528541 -0.23474120
vn 0.65207740 -0.58450660 -0.48285310
vn 0.00000000 -0.77096190 -0.63688130
vn 0.99705730 -0.05971612 -0.04807054
vn 0.30493790 -0.95114050 -0.04842170
vn 0.00000000 -0.99870670 -0.05084326
vn 0.95809600 -0.28607650 -0.01456390
vn 0.50432520 -0.86349330 -0.00595512
vn 0.00000000 -0.99997630 -0.00689638
vn 0.99364600 -0.11253610 -0.00178789
vn 0.56115850 -0.82770840 0.00000000
vn 0.00000000 -1.00000000 0.00000000
vn 0.00000000 -1.00000000 0.00000000
vn 0.99531270 -0.09670159 0.00124394
vn 0.57826570 -0.81584850 0.00000000
vn 0.00000000 -1.00000000 0.00000000
vn 0.99990980 -0.01341714 0.00064799
vn 0.99570110 -0.09262402 0.00000000
vn 0.99991000 -0.01342170 0.00000000
vn 1.00000000 0.00000000 0.00000000
vn 0.56115850 -0.82770840 0.00000000
vn 0.99990990 -0.01341893 -0.00039381
vn 1.00000000 0.00000000 0.00000000
vn 0.99992870 -0.01133664 0.00374143
vn 0.99998970 0.00127479 0.00434490
vn 0.99953760 0.00243044 0.03031156
vn 0.99531720 -0.09665944 -0.00077620
vn 0.50429790 -0.86352560 0.00266873
vn 0.00000000 -0.99999520 0.00309049
vn 0.99364330 -0.11257160 0.00081588
vn 0.30701250 -0.95151050 0.01925949
vn 0.00000000 -0.99979530 0.02023682
vn 0.95861420 -0.28464980 0.00576159
vn 0.75023680 -0.61923890 0.23170640
vn 0.00000000 -0.93658160 0.35044960
vn 0.99818060 -0.05705144 0.01950723
vn 0.67168560 -0.04813835 0.73927070
vn -0.00000029 -0.06497838 0.99788670
vn 0.99470150 -0.00668019 0.10258900
vn 0.99935590 -0.00117840 0.03586801
vn 0.87871980 -0.00470590 0.47731470
vn 0.00000000 -0.00985891 0.99995150
vn 0.90826460 0.00000000 0.41839640
vn 0.00000000 0.00000000 1.00000000
vn -0.90826460 0.00000000 0.41839640
vn 0.00000000 0.00000000 1.00000000
vn 0.00000000 -0.00985891 0.99995150
vn -0.87871980 -0.00470590 0.47731470
vn -0.99953760 0.00243044 0.03031156
vn 0.00000029 -0.06497838 0.99788670
vn -0.99935590 -0.00117840 0.03586801
vn -0.99992870 -0.01133664 0.00374143
vn -0.99998970 0.00127479 0.00434490
vn -1.00000000 0.00000000 0.00000000
vn -0.67168560 -0.04813835 0.73927070
vn -0.99990990 -0.01341893 -0.00039381
vn -1.00000000 0.00000000 0.00000000
vn -0.99991000 -0.01342170 0.00000000
vn -1.00000000 0.00000000 0.00000000
vn -0.75023680 -0.61923890 0.23170640
vn 0.00000000 -0.93658160 0.35044960
vn -0.99470150 -0.00668019 0.10258900
vn -0.99818060 -0.05705144 0.01950723
vn -0.30701250 -0.95151050 0.01925949
vn 0.00000000 -0.99979530 0.02023682
vn 0.00000000 -0.99999520 0.00309049
vn -0.95861420 -0.28464980 0.00576159
vn -0.50429790 -0.86352560 0.00266873
vn 0.00000000 -1.00000000 0.00000000
vn -0.99364330 -0.11257160 0.00081588
vn -0.56115850 -0.82770840 0.00000000
vn -0.99531720 -0.09665944 -0.00077620
vn -0.57826570 -0.81584850 0.00000000
vn 0.00000000 -1.00000000 0.00000000
vn -0.99570110 -0.09262402 0.00000000
vn -0.56115850 -0.82770840 0.00000000
vn 0.00000000 -1.00000000 0.00000000
vn 0.00000000 -0.99997630 -0.00689638
vn -0.99990980 -0.01341714 0.00064799
vn -0.99989640 -0.01171148 -0.00837628
vn -0.99995420 0.00103935 -0.00951824
vn -0.99711920 0.00226252 -0.07581746
vn -0.99531270 -0.09670159 0.00124394
vn -0.50432520 -0.86349330 -0.00595512
vn 0.00000000 -0.99870670 -0.05084326
vn -0.99364600 -0.11253610 -0.00178789
vn -0.30493790 -0.95114050 -0.04842170
vn -0.95809600 -0.28607650 -0.01456390
vn -0.65207740 -0.58450660 -0.48285310
vn 0.00000000 -0.77096190 -0.63688130
vn -0.99705730 -0.05971612 -0.04807054
vn -0.36572720 -0.06047684 -0.92875520
vn 0.00000000 -0.06497838 -0.99788670
vn -0.97193770 -0.01528541 -0.23474120
vn -0.99604820 -0.00213810 -0.08878990
vn -0.59589530 -0.00791710 -0.80302310
vn 0.00000000 -0.00985863 -0.99995150
vn -0.65459000 0.00000000 -0.75598410
vn 0.00000000 0.00000000 -1.00000000
vn 0.90826460 0.00000000 0.41839640
vn 0.00000000 -0.00985891 0.99995150
vn 0.00000000 0.00000000 1.00000000
vn 0.87871980 -0.00470590 0.47731470
vn -0.00000029 -0.06497838 0.99788670
vn 0.99953760 0.00243044 0.03031156
vn 0.67168560 -0.04813835 0.73927070
vn 0.00000000 -0.93658160 0.35044960
vn 0.99935590 -0.00117840 0.03586801
vn 0.99992870 -0.01133664 0.00374143
vn 0.99998970 0.00127479 0.00434490
vn 1.00000000 0.00000000 0.00000000
vn 0.75023680 -0.61923890 0.23170640
vn 0.00000000 -0.99979530 0.02023682
vn 0.99470150 -0.00668019 0.10258900
vn 0.30701250 -0.95151050 0.01925949
vn 0.00000000 -0.99999520 0.00309049
vn 0.99818060 -0.05705144 0.01950723
vn 0.50429790 -0.86352560 0.00266873
vn 0.00000000 -1.00000000 0.00000000
vn 0.95861420 -0.28464980 0.00576159
vn 0.99364330 -0.11257160 0.00081588
vn 0.99990990 -0.01341893 -0.00039381
vn 1.00000000 0.00000000 0.00000000
vn 0.56115850 -0.82770840 0.00000000
vn 0.99531720 -0.09665944 -0.00077620
vn 0.99991000 -0.01342170 0.00000000
vn 1.00000000 0.00000000 0.00000000
vn 0.57826570 -0.81584850 0.00000000
vn 0.00000000 -1.00000000 0.00000000
vn 0.99570110 -0.09262402 0.00000000
vn 0.99990980 -0.01341714 0.00064799
vn 0.99989640 -0.01171148 -0.00837628
vn 0.99995420 0.00103935 -0.00951824
vn 0.99711920 0.00226252 -0.07581746
vn 0.99531270 -0.09670159 0.00124394
vn 0.56115850 -0.82770840 0.00000000
vn 0.00000000 -1.00000000 0.00000000
vn 0.00000000 -0.99997630 -0.00689638
vn 0.50432520 -0.86349330 -0.00595512
vn 0.00000000 -0.99870670 -0.05084326
vn 0.99364600 -0.11253610 -0.00178789
vn 0.30493790 -0.95114050 -0.04842170
vn 0.00000000 -0.77096190 -0.63688130
vn 0.95809600 -0.28607650 -0.01456390
vn 0.65207740 -0.58450660 -0.48285310
vn 0.00000000 -0.06497838 -0.99788670
vn 0.99705730 -0.05971612 -0.04807054
vn 0.36572720 -0.06047684 -0.92875520
vn 0.97193770 -0.01528541 -0.23474120
vn 0.99604820 -0.00213810 -0.08878990
vn 0.59589530 -0.00791710 -0.80302310
vn 0.00000000 -0.00985863 -0.99995150
vn 0.65459000 0.00000000 -0.75598410
vn 0.00000000 0.00000000 -1.00000000
vn -0.65459000 0.00000000 -0.75598410
vn 0.00000000 -0.00985863 -0.99995150
vn 0.00000000 0.00000000 -1.00000000
vn -0.59589530 -0.00791710 -0.80302310
vn 0.00000000 -0.06497838 -0.99788670
vn -0.99711920 0.00226252 -0.07581746
vn -0.36572720 -0.06047684 -0.92875520
vn 0.00000000 -0.77096190 -0.63688130
vn -0.99604820 -0.00213810 -0.08878990
vn -0.99989640 -0.01171148 -0.00837628
vn -0.99995420 0.00103935 -0.00951824
vn -1.00000000 0.00000000 0.00000000
vn -0.65207740 -0.58450660 -0.48285310
vn 0.00000000 -0.99870670 -0.05084326
vn -0.97193770 -0.01528541 -0.23474120
vn -0.99705730 -0.05971612 -0.04807054
vn -0.30493790 -0.95114050 -0.04842170
vn -0.95809600 -0.28607650 -0.01456390
vn -0.50432520 -0.86349330 -0.00595512
vn 0.00000000 -0.99997630 -0.00689638
vn -0.99364600 -0.11253610 -0.00178789
vn -0.56115850 -0.82770840 0.00000000
vn 0.00000000 -1.00000000 0.00000000
vn 0.00000000 -1.00000000 0.00000000
vn -0.99531270 -0.09670159 0.00124394
vn -0.57826570 -0.81584850 0.00000000
vn 0.00000000 -1.00000000 0.00000000
vn -0.99990980 -0.01341714 0.00064799
vn -0.99570110 -0.09262402 0.00000000
vn -0.99991000 -0.01342170 0.00000000
vn -1.00000000 0.00000000 0.00000000
vn -0.56115850 -0.82770840 0.00000000
vn -0.99990990 -0.01341893 -0.00039381
vn -1.00000000 0.00000000 0.00000000
vn -0.99992870 -0.01133664 0.00374143
vn -0.99998970 0.00127479 0.00434490
vn -0.99953760 0.00243044 0.03031156
vn -0.99531720 -0.09665944 -0.00077620
vn -0.50429790 -0.86352560 0.00266873
vn 0.00000000 -0.99999520 0.00309049
vn -0.99364330 -0.11257160 0.00081588
vn -0.30701250 -0.95151050 0.01925949
vn 0.00000000 -0.99979530 0.02023682
vn 0.00000000 -0.93658160 0.35044960
vn -0.95861420 -0.28464980 0.00576159
vn -0.75023680 -0.61923890 0.23170640
vn 0.00000029 -0.06497838 0.99788670
vn -0.99818060 -0.05705144 0.01950723
vn -0.67168560 -0.04813835 0.73927070
vn -0.99470150 -0.00668019 0.10258900
vn -0.99935590 -0.00117840 0.03586801
vn -0.87871980 -0.00470590 0.47731470
vn 0.00000000 -0.00985891 0.99995150
vn -0.90826460 0.00000000 0.41839640
vn 0.00000000 0.00000000 1.00000000
vn 0.00000000 0.00000000 -1.00000000
vn 0.00000000 0.00000000 -1.00000000
vn 0.00000000 0.00000000 -1.00000000
vn 0.00000000 0.00000000 -1.00000000
vn 0.00000000 0.00000000 -1.00000000
vn 0.00000000 0.00000000 -1.00000000
vn 0.00000000 0.00411759 -0.99999150
vn 0.00000000 0.00411759 -0.99999150
vn 0.00000000 0.02567950 -0.99967030
vn 0.00000000 0.02567950 -0.99967030
vn 0.00000000 0.48925110 -0.87214300
vn 0.00000000 0.48925110 -0.87214300
vn 0.00000000 0.99870670 -0.05084375
vn 0.00000000 0.99870670 -0.05084375
vn 0.00000000 0.99997630 -0.00689636
vn 0.00000000 0.99997630 -0.00689636
vn 0.00000000 1.00000000 0.00000000
vn 0.00000000 1.00000000 0.00000000
vn 0.00000000 1.00000000 0.00000000
vn 0.00000000 1.00000000 0.00000000
vn 0.00000000 1.00000000 0.00000000
vn 0.00000000 1.00000000 0.00000000
vn 0.00000000 0.99868390 0.05128916
vn 0.00000000 0.99868390 0.05128916
vn 0.00000000 0.97760190 0.21046280
vn 0.00000000 0.97760190 0.21046280
vn 0.00000000 0.90329590 0.42901820
vn 0.00000000 0.90329590 0.42901820
vn 0.00000000 0.70710680 0.70710660
vn 0.00000000 0.70710680 0.70710660
vn 0.00000000 0.45387620 0.89106470
vn 0.00000000 0.45387620 0.89106470
vn 0.00000000 0.27854510 0.96042320
vn 0.00000000 0.27854510 0.96042320
vn 0.00000000 0.09710719 0.99527400
vn 0.00000000 0.09710719 0.99527400
vn 0.00000000 0.00000000 1.00000000
vn 0.00000000 0.00000000 1.00000000
vn 0.00000000 0.00000000 1.00000000
vn 0.00000000 0.00000000 1.00000000
vn 0.00000000 0.00000000 1.00000000
vn 0.00000000 0.00000000 1.00000000
vn 0.00000000 0.00000000 1.00000000
vn 0.00000000 0.00000000 1.00000000
vn 0.00000000 -0.00985891 0.99995150
vn 0.00000000 -0.00985891 0.99995150
vn -0.00000029 -0.06497838 0.99788670
vn 0.00000029 -0.06497838 0.99788670
vn 0.00000000 -0.93658160 0.35044960
vn 0.00000000 -0.93658160 0.35044960
vn 0.00000000 -0.99979530 0.02023682
vn 0.00000000 -0.99979530 0.02023682
vn 0.00000000 -0.99999520 0.00309049
vn 0.00000000 -0.99999520 0.00309049
vn 0.00000000 -1.00000000 0.00000000
vn 0.00000000 -1.00000000 0.00000000
vn 0.00000000 -1.00000000 0.00000000
vn 0.00000000 -1.00000000 0.00000000
vn 0.00000000 -1.00000000 0.00000000
vn 0.00000000 -1.00000000 0.00000000
vn 0.00000000 -0.99997630 -0.00689638
vn 0.00000000 -0.99997630 -0.00689638
vn 0.00000000 -0.99870670 -0.05084326
vn 0.00000000 -0.99870670 -0.05084326
vn 0.00000000 -0.77096190 -0.63688130
vn 0.00000000 -0.77096190 -0.63688130
vn 0.00000000 -0.06497838 -0.99788670
vn 0.00000000 -0.06497838 -0.99788670
vn 0.00000000 -0.00985863 -0.99995150
vn 0.00000000 -0.00985863 -0.99995150
vn 0.00000000 0.00000000 -1.00000000
vn 0.00000000 0.00000000 -1.00000000
vn 0.00000000 0.11833920 0.99297320
vn 0.00000000 0.11833910 0.99297320
vn 0.00000000 0.20065840 0.97966120
vn 0.00000000 0.20065830 0.97966120
vn 0.00000000 0.02637599 0.99965210
vn 0.00000000 0.11833920 0.99297320
vn 0.00000000 0.20065830 0.97966120
vn 0.00000000 0.20065840 0.97966120
vn 0.00000000 0.11833910 0.99297320
vn 0.00000000 0.02637599 0.99965210
vn 0.00000000 0.02637606 0.99965210
vn 0.00000000 0.01820761 0.99983420
vn 0.00000000 0.02637606 0.99965210
vn 0.00000000 0.01820751 0.99983420
vn 0.00000000 0.28871180 0.95741610
vn 0.00000000 0.01820751 0.99983420
vn 0.00000000 0.01820761 0.99983420
vn 0.00000000 0.28871180 0.95741610
vn 0.00000000 0.28871220 0.95741600
vn 0.00000000 0.96308930 0.26918220
vn 0.00000000 0.28871220 0.95741600
vn 0.00000000 0.96308930 0.26918220
vn 0.00000000 0.96308920 0.26918250
vn 0.00000000 0.99999860 0.00168932
vn 0.00000000 0.96308920 0.26918250
vn 0.00000000 0.99999860 0.00168932
vn 0.00000000 0.99999860 0.00168932
vn 0.00000000 0.99999860 0.00168932
vn 0.00000000 0.99997680 0.00682078
vn 0.00000000 0.99997680 0.00682078
vn 0.00000000 0.73987000 0.67274980
vn 0.00000000 0.73986970 0.67275020
vn 0.00000000 0.99997680 0.00682078
vn 0.00000000 0.99997680 0.00682078
vn 0.00000000 0.73986970 0.67275020
vn 0.00000000 0.73987000 0.67274980
vn 0.00000000 0.03003260 0.99954890
vn 0.00000000 0.00000000 1.00000000
vn -0.08817269 -0.00000053 0.99610520
vn 0.00000000 -0.17152640 0.98517950
vn -0.08286595 0.02992730 0.99611120
vn 0.00000000 0.73987000 0.67274980
vn -0.08807006 0.73686240 0.67028180
vn -0.73322980 0.01808035 0.67974050
vn -0.75409050 0.48764040 0.43994830
vn -0.99952710 0.02170705 0.02178014
vn -0.75470150 -0.00001130 0.65606840
vn -0.08710454 -0.17087450 0.98143510
vn -0.99871000 0.00075628 0.05077116
vn -0.99999890 -0.00114065 0.00100324
vn -0.99966110 -0.00004185 0.02602974
vn -0.99999380 -0.00023339 0.00350638
vn -0.99999790 -0.00196237 0.00076128
vn -0.99999930 -0.00014256 0.00120379
vn -0.74930160 -0.10358880 0.65407680
vn -0.07015114 -0.98876240 0.13201360
vn 0.00000000 -0.99120440 0.13233960
vn -0.99999460 -0.00328532 0.00012084
vn -0.99875280 -0.00515461 0.04966013
vn -0.67214300 -0.73475090 0.09146003
vn -0.08225650 -0.99652370 0.01320460
vn 0.00000000 -0.99991230 0.01324950
vn -0.73108960 -0.68223520 0.00794858
vn -0.99425350 -0.10655720 0.01027799
vn -0.99999510 -0.00020105 0.00313488
vn -0.08819166 -0.99610160 0.00195717
vn 0.00000000 -0.99999810 0.00196479
vn -0.75427940 -0.65655250 0.00113771
vn -0.99999710 -0.00240092 0.00019849
vn -0.98506240 -0.17219370 0.00119770
vn -0.99996660 -0.00814472 0.00061648
vn -0.08814300 -0.99610790 0.00000000
vn 0.00000000 -1.00000000 0.00000000
vn 0.00000000 -1.00000000 0.00000000
vn -0.75373060 -0.65718340 0.00000664
vn -0.08813890 -0.99610820 0.00009699
vn 0.00000000 -1.00000000 0.00000000
vn -0.99097000 -0.13408340 0.00016383
vn -0.99971150 -0.02401919 0.00011367
vn -0.99989470 -0.01451316 0.00006839
vn -0.99158350 -0.12946860 0.00003429
vn -0.99989860 -0.01424629 0.00004800
vn -0.75355970 -0.65737890 0.00083479
vn -0.08813605 -0.99610850 0.00021103
vn -0.99175770 -0.12812270 0.00110835
vn -0.99989830 -0.01422434 0.00107435
vn -0.75367900 -0.65724030 0.00179339
vn -0.08826059 -0.99607230 -0.00706938
vn 0.00000000 -0.99997320 -0.00733016
vn -0.99156900 -0.12955960 0.00228483
vn -0.75449200 -0.65630530 -0.00227692
vn -0.99999210 -0.00386106 0.00096267
vn -0.99999630 -0.00249270 0.00111636
vn -0.99999700 -0.00226857 0.00094884
vn -0.08328660 -0.99560490 -0.04282967
vn 0.00000000 -0.99906640 -0.04320285
vn -0.73494540 -0.67770030 -0.02403685
vn -0.99097180 -0.13405550 0.00199185
vn -0.99989410 -0.01436889 0.00227792
vn -0.99999190 -0.00343814 0.00209538
vn -0.99999930 -0.00106313 0.00054674
vn -0.99999620 -0.00217306 0.00175417
vn -0.99999850 -0.00033262 -0.00173897
vn -0.08034185 -0.93279300 -0.35134390
vn 0.00000000 -0.93574650 -0.35267340
vn -0.72107610 -0.65284190 -0.23204930
vn -0.98528820 -0.17089490 -0.00141275
vn -0.99988960 -0.01466894 0.00237494
vn -0.08717605 -0.17516090 -0.98067280
vn 0.00000000 -0.17579090 -0.98442750
vn 0.00000000 -0.01101306 -0.99993930
vn -0.75054310 -0.10665370 -0.65215810
vn -0.08833925 -0.01097196 -0.99603000
vn 0.00000000 0.00000000 -1.00000000
vn -0.08812997 0.00000000 -0.99610890
vn -0.75609520 -0.00643046 -0.65443000
vn -0.75492950 -0.00001648 -0.65580590
vn -0.99451480 -0.10098250 -0.02725464
vn -0.99971230 -0.02387294 0.00228942
vn -0.99807010 -0.00050392 -0.06209661
vn -0.99842700 -0.00008531 -0.05606660
vn -0.99481530 -0.01135581 -0.10106140
vn -0.99996600 -0.00822017 0.00070227
vn -0.99998100 -0.00065326 -0.00611819
vn -0.99999930 -0.00051858 -0.00110180
vt 0.90768090 0.29973130
vt 0.88004890 0.30636820
vt 0.89230360 0.31717290
vt 0.89542580 0.28892690
vt 0.88430800 0.27912560
vt 0.86893140 0.29656660
vt 0.87543470 0.27130290
vt 0.86005840 0.28874310
vt 0.86492740 0.26203930
vt 0.84955130 0.27947910
vt 0.83305060 0.26493010
vt 0.84842630 0.24749110
vt 0.82994190 0.23119420
vt 0.81456690 0.24863260
vt 0.79608450 0.23233620
vt 0.81145790 0.21489900
vt 0.79283310 0.19848090
vt 0.77746210 0.21591750
vt 0.77566290 0.18334730
vt 0.76029470 0.20078310
vt 0.75623790 0.16622860
vt 0.74087270 0.18366360
vt 0.73141060 0.14435120
vt 0.71604730 0.16178570
vt 0.69141040 0.14007590
vt 0.70677330 0.12264160
vt 0.68791750 0.10602550
vt 0.67255340 0.12346010
vt 0.67572780 0.09528174
vt 0.66036140 0.11271710
vt 0.67105010 0.09115816
vt 0.65568210 0.10859400
vt 0.64689330 0.10084840
vt 0.66226390 0.08341182
vt 0.63768400 0.06174129
vt 0.62231060 0.07917878
vt 0.61025860 0.03755984
vt 0.59488330 0.05499765
vt 0.59295860 0.02230486
vt 0.57758220 0.03974309
vt 0.56532950 0.02893858
vt 0.58070640 0.01150089
vt 0.96731330 0.56224220
vt 0.98505240 0.54721940
vt 0.97447060 0.53472430
vt 0.95673160 0.54974720
vt 0.96633750 0.52512100
vt 0.94859870 0.54014400
vt 0.94534900 0.53630660
vt 0.96308770 0.52128380
vt 0.95358790 0.51006650
vt 0.93584920 0.52508940
vt 0.90887340 0.49323700
vt 0.92661190 0.47821410
vt 0.89389090 0.43957860
vt 0.87615270 0.45460160
vt 0.86717010 0.40802900
vt 0.84943230 0.42305190
vt 0.84594040 0.38296300
vt 0.82820290 0.39798590
vt 0.82969190 0.36377880
vt 0.81195460 0.37880180
vt 0.80145010 0.36639950
vt 0.81918730 0.35137630
vt 0.79741900 0.36164000
vt 0.81515610 0.34661690
vt 0.81190630 0.34278000
vt 0.79416920 0.35780320
vt 0.80377310 0.33317770
vt 0.78603630 0.34820120
vt 0.79319070 0.32068430
vt 0.77545420 0.33570790
vt 0.44866650 0.65571890
vt 0.52328430 0.78121270
vt 0.54480670 0.76841550
vt 0.47018970 0.64292190
vt 0.37127690 0.52554930
vt 0.56144810 0.75852060
vt 0.39280200 0.51275340
vt 0.29667010 0.40003270
vt 0.31819640 0.38723900
vt 0.48683150 0.63302760
vt 0.40944540 0.50285970
vt 0.33484030 0.37734670
vt 0.49709760 0.62692400
vt 0.57171320 0.75241670
vt 0.58729730 0.74315020
vt 0.41971200 0.49675650
vt 0.34510750 0.37124440
vt 0.36069410 0.36198030
vt 0.51268230 0.61765810
vt 0.53055650 0.60703130
vt 0.60517040 0.73252260
vt 0.61865970 0.72450180
vt 0.43529810 0.48749120
vt 0.45317320 0.47686510
vt 0.37856980 0.35135540
vt 0.39206090 0.34333650
vt 0.54404620 0.59901120
vt 0.63528330 0.71461740
vt 0.46666400 0.46884570
vt 0.56067100 0.58912720
vt 0.65676280 0.70184530
vt 0.58215230 0.57635640
vt 0.48328990 0.45896260
vt 0.40868740 0.33345390
vt 0.50477230 0.44619250
vt 0.43017050 0.32068430
vt 0.54125930 0.39159060
vt 0.66131590 0.47468080
vt 0.67597290 0.45350270
vt 0.55591500 0.37041200
vt 0.41673530 0.30542750
vt 0.68829790 0.43569500
vt 0.43138820 0.28424810
vt 0.29667010 0.22236960
vt 0.31132150 0.20118870
vt 0.56823860 0.35260350
vt 0.58680370 0.32577540
vt 0.70686480 0.40886860
vt 0.72311160 0.38539550
vt 0.60304810 0.30230040
vt 0.47851230 0.21613410
vt 0.44370930 0.26643890
vt 0.32364140 0.18337870
vt 0.34220110 0.15654900
vt 0.46227090 0.23960990
vt 0.35844100 0.13307300
vt 0.36905810 0.70464270
vt 0.39239770 0.69133590
vt 0.39030690 0.68766890
vt 0.36713030 0.70096990
vt 0.35059140 0.71317810
vt 0.38967560 0.68651880
vt 0.34982000 0.70947810
vt 0.33808970 0.71132150
vt 0.36659570 0.69980230
vt 0.33994790 0.70875640
vt 0.32847730 0.69694220
vt 0.36609560 0.69837700
vt 0.38898100 0.68517080
vt 0.34974820 0.70831910
vt 0.33181900 0.69570820
vt 0.32518700 0.67679660
vt 0.36437750 0.69149670
vt 0.38682700 0.67821170
vt 0.34999070 0.70673640
vt 0.34044660 0.70790490
vt 0.32879400 0.67710750
vt 0.33129940 0.66133610
vt 0.35982580 0.67489580
vt 0.38172630 0.66076270
vt 0.34942620 0.70028650
vt 0.34100640 0.70653520
vt 0.33278320 0.69522080
vt 0.33451170 0.66360400
vt 0.34627590 0.64667840
vt 0.35404050 0.65849170
vt 0.37586770 0.64314650
vt 0.34233980 0.70088120
vt 0.33381440 0.69441500
vt 0.33732850 0.69155340
vt 0.32986750 0.67720810
vt 0.34560980 0.68514710
vt 0.33113810 0.67733350
vt 0.33535400 0.67926250
vt 0.34002030 0.67028540
vt 0.33677790 0.66487940
vt 0.33550950 0.66423620
vt 0.35094350 0.65205350
vt 0.37301430 0.63603570
vt 0.34989210 0.65096470
vt 0.37215240 0.63468270
vt 0.37137250 0.63353210
vt 0.34902480 0.64997480
vt 0.36877300 0.62986780
vt 0.83078470 0.27888270
vt 0.83399210 0.27532310
vt 0.83089260 0.27253040
vt 0.82790520 0.27611140
vt 0.80881570 0.30122410
vt 0.82971450 0.27189350
vt 0.80623420 0.29818620
vt 0.80296920 0.30016500
vt 0.80367140 0.30399210
vt 0.79993080 0.30388200
vt 0.80138900 0.30066250
vt 0.78298750 0.29211340
vt 0.80273790 0.29916410
vt 0.80551370 0.29721810
vt 0.82689740 0.27540180
vt 0.78553920 0.28909950
vt 0.73816350 0.25166870
vt 0.82554720 0.27488200
vt 0.82817130 0.27172510
vt 0.80479460 0.29599830
vt 0.81789330 0.27132220
vt 0.81327300 0.26278810
vt 0.70685210 0.17948500
vt 0.79300120 0.28476930
vt 0.80250670 0.29795570
vt 0.80164960 0.29972590
vt 0.69396730 0.19386330
vt 0.79773500 0.29226490
vt 0.80149540 0.29854630
vt 0.75736250 0.25304960
vt 0.79059950 0.28727200
vt 0.68585090 0.18602830
vt 0.69762640 0.17195330
vt 0.69148510 0.16602380
vt 0.77709440 0.27620710
vt 0.78661370 0.28667740
vt 0.68882060 0.19395820
vt 0.74659910 0.24733890
vt 0.67894260 0.17984070
vt 0.67881140 0.15349430
vt 0.66287540 0.16543660
vt 0.66643700 0.14168780
vt 0.78618170 0.28805570
vt 0.74237360 0.24649940
vt 0.68331490 0.18874930
vt 0.74084980 0.24872310
vt 0.68191250 0.19991200
vt 0.74161600 0.24774540
vt 0.68633990 0.19493540
vt 0.67713680 0.18300660
vt 0.68461590 0.19697870
vt 0.68543450 0.19604760
vt 0.68163630 0.19054490
vt 0.67980470 0.19250200
vt 0.67705910 0.19542910
vt 0.68065480 0.19159290
vt 0.67565500 0.18489630
vt 0.67375190 0.18676030
vt 0.67100020 0.18963550
vt 0.65741420 0.17645330
vt 0.67462060 0.18588190
vt 0.66020380 0.17370290
vt 0.64502870 0.16307970
vt 0.66320870 0.16993220
vt 0.66230100 0.17211170
vt 0.66112310 0.17291200
vt 0.64799200 0.16078370
vt 0.64190100 0.15655740
vt 0.65410600 0.16194910
vt 0.65021260 0.15977650
vt 0.64522480 0.15581170
vt 0.64187500 0.15363930
vt 0.64895270 0.16019940
vt 0.65117490 0.15799300
vt 0.64698230 0.15573800
vt 0.64602160 0.15567480
vt 0.64543920 0.15428690
vt 0.64989290 0.15562250
vt 0.64743980 0.15469310
vt 0.65325250 0.15567300
vt 0.66127380 0.13712900
vt 0.64900820 0.15227720
vt 0.66018510 0.13624930
vt 0.64635090 0.15450110
vt 0.64781380 0.15172450
vt 0.65923990 0.13549220
vt 0.64684060 0.15115400
vt 0.65617970 0.13307300
vt 0.64366550 0.14909540
vt 0.87310550 0.83080320
vt 0.86882230 0.80547200
vt 0.86494800 0.80613380
vt 0.86925630 0.83161770
vt 0.87853120 0.85152320
vt 0.86374410 0.80633250
vt 0.87478540 0.85266330
vt 0.88877310 0.88222870
vt 0.86805030 0.83187850
vt 0.88507250 0.88347950
vt 0.89797030 0.90902390
vt 0.89427720 0.91029190
vt 0.89313070 0.91068540
vt 0.87361190 0.85300840
vt 0.86665640 0.83219050
vt 0.86235120 0.80655040
vt 0.88392260 0.88386880
vt 0.87224730 0.85338610
vt 0.88259460 0.88431810
vt 0.89180710 0.91114030
vt 0.86026670 0.83449670
vt 0.85597770 0.80878200
vt 0.84038440 0.81486900
vt 0.86598500 0.85591060
vt 0.87645080 0.88706310
vt 0.88534900 0.91359900
vt 0.84474200 0.84056510
vt 0.82480600 0.82093730
vt 0.86136110 0.89418040
vt 0.86934240 0.91985530
vt 0.85072990 0.86253770
vt 0.82935290 0.84659390
vt 0.84754320 0.91358020
vt 0.85287030 0.92641170
vt 0.83555250 0.86912490
vt 0.82311300 0.84886120
vt 0.81843920 0.82315960
vt 0.84609440 0.90109720
vt 0.82937250 0.87161420
vt 0.82176020 0.84917150
vt 0.81705000 0.82338370
vt 0.81585070 0.82359400
vt 0.82803150 0.87198800
vt 0.82058940 0.84943780
vt 0.81199460 0.82430580
vt 0.81679300 0.85029980
vt 0.82687630 0.87232980
vt 0.82315530 0.87347200
vt 0.83694800 0.90303540
vt 0.83334690 0.90413190
vt 0.83815260 0.90289780
vt 0.83802890 0.90990530
vt 0.83498360 0.90963580
vt 0.83438480 0.91064360
vt 0.83967630 0.90311570
vt 0.83933300 0.91025050
vt 0.83661610 0.91292930
vt 0.82929480 0.91272370
vt 0.84103390 0.91110680
vt 0.83106650 0.91625340
vt 0.69305910 0.98076210
vt 0.83765520 0.91385840
vt 0.83906390 0.91496120
vt 0.83170780 0.91730580
vt 0.84156470 0.91949300
vt 0.84553890 0.92964080
vt 0.83261390 0.91844150
vt 0.83378830 0.92308930
vt 0.83495710 0.93414340
vt 0.69687880 0.98615530
vt 0.71372370 0.98021230
vt 0.70953490 0.98452550
vt 0.69275320 0.98858970
vt 0.69135390 0.98795740
vt 0.69561860 0.98529760
vt 0.69484930 0.98431650
vt 0.69044200 0.98698900
vt 0.68840250 0.98335630
vt 0.35904980 0.78038740
vt 0.38706300 0.77897580
vt 0.38672380 0.77452000
vt 0.35907210 0.77608910
vt 0.33804010 0.77858070
vt 0.38659000 0.77314390
vt 0.33909670 0.77476110
vt 0.32334970 0.77038830
vt 0.35911150 0.77477160
vt 0.32599060 0.76784340
vt 0.31307950 0.75235280
vt 0.35923100 0.77326070
vt 0.38639180 0.77156140
vt 0.33947170 0.77363150
vt 0.31652860 0.75121690
vt 0.31167900 0.73463090
vt 0.35753620 0.76631410
vt 0.38406930 0.76430750
vt 0.37745470 0.74709410
vt 0.34005110 0.77232090
vt 0.32677120 0.76708070
vt 0.31480840 0.73558670
vt 0.32091480 0.72579430
vt 0.35166770 0.74995050
vt 0.37045560 0.73048410
vt 0.33914050 0.76603890
vt 0.32769110 0.76617200
vt 0.31760550 0.75099440
vt 0.32249260 0.72914960
vt 0.34034660 0.72116980
vt 0.32978380 0.76197300
vt 0.33412380 0.75087870
vt 0.31893830 0.75098270
vt 0.32354410 0.75102630
vt 0.31575020 0.73597470
vt 0.34111780 0.72519200
vt 0.36657900 0.71691950
vt 0.36724690 0.72104120
vt 0.34484130 0.73422740
vt 0.32771800 0.73659530
vt 0.31706910 0.73674500
vt 0.32168950 0.74048150
vt 0.32426430 0.73119000
vt 0.34191540 0.72783570
vt 0.36777860 0.72378780
vt 0.32312640 0.73009990
vt 0.34142370 0.72642450
vt 0.36747510 0.72231860
vt 0.01011700 0.30751330
vt 0.01015675 0.45340230
vt 0.01467149 0.45340030
vt 0.01463195 0.30751170
vt 0.01006259 0.15618830
vt 0.04547258 0.30750180
vt 0.04551069 0.45339100
vt 0.04955597 0.45338970
vt 0.04951812 0.30750060
vt 0.05175675 0.45338920
vt 0.04542440 0.15617170
vt 0.01457825 0.15618620
vt 0.01451651 0.01024325
vt 0.01000000 0.01024470
vt 0.04536760 0.01022927
vt 0.04947056 0.15617010
vt 0.04941427 0.01022836
vt 0.05171885 0.30750040
vt 0.07230300 0.45338390
vt 0.05167200 0.15616980
vt 0.05161597 0.01022682
vt 0.07226606 0.30749570
vt 0.13177590 0.45336850
vt 0.07222333 0.15616370
vt 0.07217026 0.01021838
vt 0.13174260 0.30748450
vt 0.20718710 0.45334760
vt 0.13171230 0.15614840
vt 0.13166720 0.01019540
vt 0.20716040 0.30747630
vt 0.21361710 0.45334580
vt 0.20715050 0.15613890
vt 0.20711710 0.01016662
vt 0.21359110 0.30747670
vt 0.21358350 0.15613890
vt 0.21355130 0.01016416
vt 0.22178140 0.30748220
vt 0.22180650 0.45335880
vt 0.22177680 0.15613350
vt 0.22174630 0.01014501
vt 0.24054880 0.30749870
vt 0.24057130 0.45339970
vt 0.24055160 0.15611630
vt 0.24052530 0.01008989
vt 0.25886430 0.30751670
vt 0.25888360 0.45344060
vt 0.25887500 0.15610110
vt 0.25885350 0.01003450
vt 0.26574200 0.30752380
vt 0.26575990 0.45345660
vt 0.26575590 0.15609510
vt 0.26573640 0.01001326
vt 0.26796280 0.30752460
vt 0.26798030 0.45345760
vt 0.26797780 0.15609440
vt 0.26795890 0.01001081
vt 0.27199470 0.30752460
vt 0.27201130 0.45345710
vt 0.29266350 0.45344960
vt 0.29265160 0.30752530
vt 0.27201170 0.15609430
vt 0.27199410 0.01000800
vt 0.29267970 0.15609470
vt 0.29266860 0.01000000
vt 0.79120560 0.39826730
vt 0.80133590 0.37354780
vt 0.79766910 0.37204510
vt 0.78762960 0.39662790
vt 0.78010610 0.41986310
vt 0.79652590 0.37158880
vt 0.77666400 0.41796000
vt 0.76364340 0.44805210
vt 0.78652680 0.39612170
vt 0.76030350 0.44621400
vt 0.76088280 0.45322660
vt 0.78525350 0.39553450
vt 0.79519720 0.37107950
vt 0.77559390 0.41738160
vt 0.77434550 0.41673340
vt 0.77955450 0.39199920
vt 0.78935840 0.36756420
vt 0.75914000 0.44582510
vt 0.75776850 0.45280780
vt 0.76875490 0.41298820
vt 0.76558940 0.38285470
vt 0.77520040 0.35834270
vt 0.75149930 0.37365290
vt 0.76102640 0.34910890
vt 0.75847190 0.45613870
vt 0.76121830 0.45445920
vt 0.75512870 0.40332730
vt 0.74566020 0.37005980
vt 0.75517730 0.34559190
vt 0.76305130 0.46068900
vt 0.76554140 0.45773460
vt 0.87961580 0.55334690
vt 0.74434710 0.36946470
vt 0.75384410 0.34509070
vt 0.75269320 0.34464730
vt 0.74320870 0.36895940
vt 0.74899490 0.34319770
vt 0.73957340 0.36736510
vt 0.73450820 0.38918210
vt 0.73342110 0.38859930
vt 0.71690680 0.41687620
vt 0.72996010 0.38670240
vt 0.71351640 0.41487760
vt 0.69890880 0.43937840
vt 0.70228590 0.44139170
vt 0.70333380 0.44201680
vt 0.73577660 0.38983680
vt 0.71795960 0.41749750
vt 0.71917610 0.41821570
vt 0.70454470 0.44273890
vt 0.74143700 0.39362380
vt 0.72466420 0.42219680
vt 0.71040120 0.44649680
vt 0.73806290 0.43235370
vt 0.72487750 0.45596470
vt 0.74762330 0.45433690
vt 0.73971750 0.46580660
vt 0.74622260 0.47036990
vt 0.75166710 0.44237470
vt 0.75758610 0.44572100
vt 0.75217030 0.46138950
vt 0.75529690 0.47683430
vt 0.75453400 0.45331740
vt 0.75639970 0.45285530
vt 0.75562430 0.45755900
vt 0.75724460 0.45680340
vt 0.75891000 0.46658120
vt 0.76220170 0.46154540
vt 0.76108150 0.46242020
vt 0.86009440 0.54813240
vt 0.86309830 0.55318270
vt 0.87475970 0.55760650
vt 0.87811830 0.56085970
vt 0.87615260 0.55707710
vt 0.87959440 0.56057890
vt 0.88068370 0.55986650
vt 0.87710670 0.55631980
vt 0.88345230 0.55687720
vt 0.27379110 0.91890270
vt 0.26965410 0.92177700
vt 0.27911590 0.93539610
vt 0.28325750 0.93249950
vt 0.28486900 0.91088420
vt 0.28781660 0.94781640
vt 0.29501740 0.92424750
vt 0.29194040 0.94481310
vt 0.32997580 0.89990160
vt 0.31779290 0.88704260
vt 0.29900140 0.95437910
vt 0.29523860 0.95774210
vt 0.37271000 0.87063570
vt 0.38571090 0.89021180
vt 0.36259800 0.85701630
vt 0.39807970 0.83314790
vt 0.40748210 0.84707780
vt 0.42607920 0.81409560
vt 0.34245360 0.91979310
vt 0.30464060 0.93836940
vt 0.43532970 0.82843210
vt 0.44847880 0.79852320
vt 0.31457370 0.95368530
vt 0.36109230 0.95232450
vt 0.31656950 0.96327610
vt 0.40612260 0.92173330
vt 0.42062560 0.86660890
vt 0.45735550 0.81391090
vt 0.46272020 0.79013260
vt 0.30896060 0.96409740
vt 0.30583690 0.96804920
vt 0.32466370 0.98089600
vt 0.32694170 0.97647760
vt 0.34842660 0.99000000
vt 0.33540440 0.97033860
vt 0.34931290 0.98519990
vt 0.37398790 0.98994030
vt 0.35100390 0.97943490
vt 0.37330400 0.98502850
vt 0.39877310 0.98298130
vt 0.37031010 0.97681390
vt 0.39697050 0.97831070
vt 0.41984790 0.97221890
vt 0.39221950 0.97451690
vt 0.41730840 0.96788460
vt 0.44184430 0.95765880
vt 0.40318740 0.96385110
vt 0.43904450 0.95348700
vt 0.43076020 0.94546460
vt 0.46665830 0.93473150
vt 0.46948020 0.93885510
vt 0.46032030 0.92544670
vt 0.48799940 0.90712090
vt 0.49381520 0.91603960
vt 0.49666840 0.92011490
vt 0.51717620 0.90544190
vt 0.44158180 0.89778020
vt 0.51417200 0.90156930
vt 0.52935700 0.89472130
vt 0.47108140 0.88049210
vt 0.49847950 0.86989440
vt 0.50992460 0.89369170
vt 0.44887110 0.84838470
vt 0.52587850 0.89173240
vt 0.47226120 0.83495380
vt 0.47174610 0.80458320
vt 0.52872650 0.88831470
vt 0.53246130 0.88842460
vt 0.52117370 0.89081920
vt 0.52236000 0.88416840
vt 0.52518760 0.87955270
vt 0.52939750 0.87744120
vt 0.51311000 0.84951080
vt 0.51963390 0.87462320
vt 0.50890700 0.85208020
vt 0.49347600 0.81850790
vt 0.50615270 0.85659030
vt 0.48925090 0.82118680
vt 0.48490320 0.82467250
vt 0.47668640 0.80142520
vt 0.48096950 0.79870980
vt 0.46763980 0.78725220
vt 0.47198470 0.78445950
vt 0.56905230 0.50791950
vt 0.58220010 0.49610190
vt 0.56683040 0.50323180
vt 0.58435090 0.50077040
vt 0.57484360 0.52062140
vt 0.59617050 0.48972160
vt 0.59048600 0.51399550
vt 0.59822820 0.49444770
vt 0.60886300 0.55279150
vt 0.59182230 0.55796370
vt 0.60924150 0.48972950
vt 0.60768800 0.48489530
vt 0.63157840 0.59947390
vt 0.65257450 0.58890000
vt 0.61605070 0.60632910
vt 0.63514170 0.64451640
vt 0.65013770 0.63707620
vt 0.64999740 0.67468520
vt 0.62965620 0.54168400
vt 0.60602970 0.50652380
vt 0.66499860 0.66689210
vt 0.66158150 0.69896960
vt 0.62240900 0.49823020
vt 0.66207970 0.52275050
vt 0.62898220 0.49092190
vt 0.64884660 0.49429740
vt 0.62281170 0.48635920
vt 0.62211040 0.48135590
vt 0.64462850 0.48474080
vt 0.64489210 0.47977880
vt 0.66688040 0.49428500
vt 0.66830010 0.48848790
vt 0.66993470 0.48392480
vt 0.68225050 0.50614070
vt 0.68891320 0.50052880
vt 0.69193720 0.49662430
vt 0.70009180 0.51899340
vt 0.70608500 0.51805750
vt 0.70995800 0.51490090
vt 0.72292010 0.53466420
vt 0.71856950 0.53717010
vt 0.73482330 0.55820810
vt 0.70431390 0.53367300
vt 0.73031970 0.56044680
vt 0.71913780 0.56330810
vt 0.74502620 0.59047410
vt 0.74953570 0.58828790
vt 0.68595250 0.57167570
vt 0.73488730 0.59539570
vt 0.74981430 0.62516560
vt 0.75935230 0.62031070
vt 0.76388380 0.61818440
vt 0.77443590 0.64132830
vt 0.70482670 0.61008040
vt 0.76983890 0.64319350
vt 0.77966620 0.65702270
vt 0.67117300 0.62666510
vt 0.77507760 0.65783480
vt 0.77903720 0.66406200
vt 0.72176770 0.63978800
vt 0.74013570 0.66274920
vt 0.76213330 0.64791490
vt 0.68653990 0.65641930
vt 0.77573710 0.66221300
vt 0.77072950 0.67197960
vt 0.77046070 0.65615430
vt 0.67671770 0.69020740
vt 0.66957200 0.71302650
vt 0.76817390 0.66800140
vt 0.74240860 0.68774170
vt 0.76809880 0.66255440
vt 0.69995600 0.67963020
vt 0.68433580 0.70527920
vt 0.74009840 0.68339230
vt 0.70983380 0.70438590
vt 0.76086130 0.66942120
vt 0.70562080 0.69478330
vt 0.74001880 0.67811100
vt 0.70757900 0.69995780
vt 0.68693950 0.71041960
vt 0.67230130 0.71783190
vt 0.68919260 0.71486270
vt 0.67455380 0.72227880
vt 0.56919320 0.26866470
vt 0.57206810 0.27280190
vt 0.58568810 0.26333820
vt 0.58279070 0.25919560
vt 0.56117250 0.25758580
vt 0.59810940 0.25463460
vt 0.57453700 0.24743530
vt 0.59510570 0.25051070
vt 0.55018530 0.21247530
vt 0.53732590 0.22466140
vt 0.60467150 0.24344770
vt 0.60803470 0.24721080
vt 0.52091180 0.16974010
vt 0.54048870 0.15673710
vt 0.50729230 0.17985460
vt 0.48342000 0.14436940
vt 0.49735080 0.13496670
vt 0.46436780 0.11636610
vt 0.57007750 0.19999490
vt 0.58865960 0.23781030
vt 0.47870600 0.10711710
vt 0.44880140 0.09396255
vt 0.60397630 0.22787400
vt 0.60261030 0.18134970
vt 0.61356840 0.22587690
vt 0.57200960 0.13632080
vt 0.51688210 0.12182230
vt 0.46418960 0.08509073
vt 0.44041710 0.07971919
vt 0.61439040 0.23348760
vt 0.61834320 0.23661090
vt 0.63119010 0.21778140
vt 0.62677080 0.21550320
vt 0.64029520 0.19401280
vt 0.62063030 0.20703990
vt 0.63549370 0.19312710
vt 0.64022910 0.16844640
vt 0.62972650 0.19143650
vt 0.63531680 0.16913140
vt 0.63326380 0.14365930
vt 0.62710130 0.17212790
vt 0.62859330 0.14546320
vt 0.62249580 0.12258540
vt 0.62480040 0.15021560
vt 0.61816220 0.12512610
vt 0.60793040 0.10059120
vt 0.61413120 0.13924890
vt 0.60375940 0.10339160
vt 0.59573820 0.11167830
vt 0.58499660 0.07578240
vt 0.58911910 0.07296021
vt 0.57571390 0.08212282
vt 0.55738520 0.05444975
vt 0.56630130 0.04863352
vt 0.57037490 0.04577959
vt 0.55570110 0.02527794
vt 0.54805210 0.10086410
vt 0.55182930 0.02828248
vt 0.54498020 0.01310251
vt 0.53076230 0.07136954
vt 0.52016320 0.04397715
vt 0.54395430 0.03253033
vt 0.49865880 0.09357764
vt 0.54199220 0.01658107
vt 0.48523120 0.07019100
vt 0.45486780 0.07070142
vt 0.53857560 0.01373399
vt 0.53868460 0.01000000
vt 0.54107990 0.02128522
vt 0.53443110 0.02009946
vt 0.52981660 0.01727387
vt 0.52770480 0.01306501
vt 0.49978330 0.02935131
vt 0.52488800 0.02282671
vt 0.50235170 0.03355325
vt 0.46879130 0.04898171
vt 0.50686140 0.03630642
vt 0.47146890 0.05320501
vt 0.47495310 0.05755165
vt 0.45171220 0.06576122
vt 0.44899910 0.06147910
vt 0.43754110 0.07479870
vt 0.43475200 0.07045307
vt 0.71741270 0.95678790
vt 0.70426990 0.96859530
vt 0.71963130 0.96147470
vt 0.70212130 0.96392930
vt 0.71162880 0.94408840
vt 0.69030960 0.97497140
vt 0.69599100 0.95071040
vt 0.68825240 0.97024860
vt 0.67761880 0.91192390
vt 0.69465640 0.90675210
vt 0.67724540 0.97496580
vt 0.67879950 0.97979800
vt 0.65490290 0.86524750
vt 0.63390760 0.87582240
vt 0.67042930 0.85839170
vt 0.65133830 0.82020500
vt 0.63634190 0.82764590
vt 0.63648390 0.79003440
vt 0.65683000 0.92303140
vt 0.68045370 0.95817980
vt 0.62148180 0.79782780
vt 0.62490050 0.76574720
vt 0.66408160 0.96647220
vt 0.62441500 0.94196800
vt 0.65751290 0.97377870
vt 0.63765340 0.97041040
vt 0.66368230 0.97833760
vt 0.66438480 0.98333870
vt 0.64187400 0.97996290
vt 0.64161290 0.98492350
vt 0.61962420 0.97043020
vt 0.61820690 0.97622670
vt 0.61657470 0.98079010
vt 0.60425290 0.95858230
vt 0.59759300 0.96419570
vt 0.59457080 0.96810150
vt 0.58640830 0.94573740
vt 0.58041590 0.94667510
vt 0.57654400 0.94983240
vt 0.56357370 0.93007560
vt 0.56792400 0.92756740
vt 0.55165990 0.90653200
vt 0.58218150 0.93105890
vt 0.55616350 0.90429200
vt 0.56734670 0.90142710
vt 0.54144610 0.87426170
vt 0.53693570 0.87644890
vt 0.60053270 0.89305080
vt 0.55158670 0.86933700
vt 0.53665210 0.83956020
vt 0.52711100 0.84441760
vt 0.52257840 0.84654410
vt 0.51202110 0.82338820
vt 0.58165040 0.85464560
vt 0.51662050 0.82152370
vt 0.50679480 0.80768280
vt 0.61530600 0.83805720
vt 0.51138520 0.80687360
vt 0.50742890 0.80064450
vt 0.56470490 0.82493360
vt 0.54633400 0.80196750
vt 0.52433040 0.81680150
vt 0.59993780 0.80830080
vt 0.51072800 0.80249520
vt 0.51573890 0.79273070
vt 0.51600260 0.80855760
vt 0.60976190 0.77450870
vt 0.61690930 0.75168780
vt 0.51829340 0.79670960
vt 0.54406340 0.77697240
vt 0.51836680 0.80215710
vt 0.58652090 0.78508620
vt 0.60214360 0.75943520
vt 0.54637280 0.78132180
vt 0.57664260 0.76032630
vt 0.52560680 0.79529100
vt 0.58085610 0.76993070
vt 0.54645260 0.78660390
vt 0.57889780 0.76475580
vt 0.59954000 0.75429480
vt 0.61418010 0.74688150
vt 0.59728720 0.74985070
vt 0.61192740 0.74243460
vt 0.67280820 0.84001070
vt 0.67039190 0.84437690
vt 0.68480040 0.85234840
vt 0.68697140 0.84796350
vt 0.67575580 0.83532230
vt 0.69645620 0.85727810
vt 0.69005240 0.84435810
vt 0.69940630 0.83455590
vt 0.68454190 0.82188600
vt 0.69830530 0.79873110
vt 0.69760710 0.85286960
vt 0.69628370 0.85001550
vt 0.70108330 0.85353830
vt 0.70213800 0.85734630
vt 0.70077360 0.84960540
vt 0.70469930 0.85059260
vt 0.70792580 0.85388020
vt 0.70532800 0.84689680
vt 0.71413290 0.83834160
vt 0.71814470 0.84123640
vt 0.71028820 0.83723540
vt 0.72817650 0.81732330
vt 0.73238920 0.82010220
vt 0.75071040 0.79195170
vt 0.72428930 0.81516410
vt 0.74644730 0.78919890
vt 0.77357700 0.75633510
vt 0.71308120 0.80904640
vt 0.74253840 0.78667620
vt 0.73124410 0.77939990
vt 0.71644100 0.76989790
vt 0.76931700 0.75360420
vt 0.75642290 0.74169330
vt 0.74004680 0.73359560
vt 0.79109620 0.69214300
vt 0.77016000 0.68822550
vt 0.79211510 0.65426120
vt 0.76598020 0.75055610
vt 0.79707340 0.71029600
vt 0.80131050 0.71295350
vt 0.79543440 0.70568400
vt 0.81883970 0.67502070
vt 0.82304600 0.67732790
vt 0.81232240 0.68187970
vt 0.82395460 0.66373440
vt 0.82777580 0.66412190
vt 0.81705160 0.67017810
vt 0.82194020 0.66108980
vt 0.82569160 0.65848230
vt 0.81723430 0.66306540
vt 0.80717800 0.66248130
vt 0.81330160 0.65302450
vt 0.81658740 0.64927180
vt 0.80015090 0.64295380
vt 0.80331090 0.63887320
vt 0.84186290 0.18991870
vt 0.84586590 0.19299190
vt 0.85600840 0.17978230
vt 0.85192190 0.17698840
vt 0.83132070 0.18124050
vt 0.86255800 0.16865100
vt 0.84364570 0.16944970
vt 0.82034740 0.14511120
vt 0.80125160 0.15447400
vt 0.76005020 0.11894090
vt 0.85827170 0.16705250
vt 0.77362970 0.10672130
vt 0.72747160 0.09038473
vt 0.73917100 0.07722084
vt 0.70215380 0.06746294
vt 0.85958120 0.16397780
vt 0.86322370 0.16264120
vt 0.85320260 0.16631560
vt 0.85118680 0.15945840
vt 0.85166320 0.15429810
vt 0.85512970 0.15095170
vt 0.82461870 0.12231610
vt 0.84354140 0.14940470
vt 0.82124390 0.12601720
vt 0.78619860 0.08798645
vt 0.82089940 0.13090400
vt 0.78283180 0.09176784
vt 0.78044080 0.09560543
vt 0.75117180 0.06367473
vt 0.75453380 0.05987282
vt 0.74808810 0.06715977
vt 0.72600870 0.04150797
vt 0.72932110 0.03770518
vt 0.70999950 0.02115474
vt 0.71366580 0.05352829
vt 0.69368520 0.03251633
vt 0.68259760 0.04869718
vt 0.67049550 0.03786534
vt 0.72284150 0.04462824
vt 0.70691610 0.02500026
vt 0.69683980 0.01177690
vt 0.70352510 0.02707874
vt 0.69460240 0.01575496
vt 0.69613570 0.01912764
vt 0.69047640 0.01387367
vt 0.69051690 0.01000000
vt 0.69121300 0.01768707
vt 0.68735240 0.01537800
vt 0.68519090 0.01145886
vt 0.68677530 0.01843122
vt 0.68215350 0.02542486
vt 0.67827070 0.02268568
vt 0.67509370 0.01894670
vt 0.66637960 0.03399826
vt 0.66288740 0.03028347
vt 0.83741960 0.69821720
vt 0.85329790 0.70588520
vt 0.84091110 0.69440610
vt 0.84970760 0.70935680
vt 0.86161760 0.71583170
vt 0.82846520 0.70883610
vt 0.85765840 0.71812210
vt 0.86322930 0.72163180
vt 0.84281290 0.71828540
vt 0.82430880 0.74654520
vt 0.80374940 0.74090110
vt 0.76995650 0.78365650
vt 0.85944900 0.72092840
vt 0.85741340 0.73441520
vt 0.85279790 0.71970230
vt 0.85340820 0.73176450
vt 0.83276900 0.76815250
vt 0.85202690 0.72678410
vt 0.82876370 0.76514870
vt 0.80149980 0.80911670
vt 0.84633690 0.73806630
vt 0.82751140 0.76041250
vt 0.78561280 0.79308920
vt 0.74341990 0.81788230
vt 0.79747890 0.80603890
vt 0.79440540 0.80272110
vt 0.75737780 0.82858100
vt 0.72296490 0.84508390
vt 0.77170950 0.83961630
vt 0.77572770 0.84271710
vt 0.76802470 0.83677550
vt 0.73680790 0.85658940
vt 0.72104110 0.88081160
vt 0.70733770 0.86695860
vt 0.69748490 0.87956220
vt 0.74745400 0.86362570
vt 0.75114380 0.86610370
vt 0.75510700 0.86922830
vt 0.73911970 0.88907350
vt 0.73537140 0.88584420
vt 0.72782610 0.90079510
vt 0.73163750 0.88441280
vt 0.72490450 0.89722630
vt 0.72170690 0.90373900
vt 0.72585620 0.89359670
vt 0.72103050 0.89983330
vt 0.71613440 0.90306520
vt 0.72108920 0.89588820
vt 0.71765760 0.89882930
vt 0.71659780 0.89589280
vt 0.71091150 0.88974110
vt 0.70755050 0.89305220
vt 0.70502850 0.89721170
vt 0.69416650 0.88396710
vt 0.69140430 0.88809570
vt 0.67565180 0.47698800
vt 0.68324660 0.46132380
vt 0.67189280 0.47353490
vt 0.68669230 0.46482270
vt 0.69277580 0.45310880
vt 0.68004550 0.48054700
vt 0.69522070 0.45686210
vt 0.69798460 0.45126180
vt 0.69076900 0.46727150
vt 0.70280050 0.47350310
vt 0.69292430 0.49047010
vt 0.71382900 0.50775860
vt 0.69822850 0.45513140
vt 0.70442560 0.45257140
vt 0.69486890 0.45995210
vt 0.69924350 0.45888300
vt 0.70248460 0.45670570
vt 0.70426260 0.45995970
vt 0.71545280 0.46502880
vt 0.71824720 0.46096540
vt 0.71222140 0.46735240
vt 0.73571890 0.48009890
vt 0.73874400 0.47606080
vt 0.76552700 0.49631970
vt 0.73278830 0.48344550
vt 0.76245480 0.50035950
vt 0.79917910 0.52200930
vt 0.72428860 0.49300280
vt 0.75963650 0.50406340
vt 0.75148650 0.51475840
vt 0.74079140 0.52875870
vt 0.79610380 0.52602890
vt 0.78804300 0.54162130
vt 0.77541440 0.55481920
vt 0.83748200 0.57639040
vt 0.81915220 0.58715700
vt 0.85114460 0.61156660
vt 0.79400560 0.53003200
vt 0.83694340 0.55729570
vt 0.84002880 0.55335530
vt 0.83696640 0.56219050
vt 0.86937510 0.58317900
vt 0.87257460 0.57958360
vt 0.88152500 0.59059740
vt 0.86091600 0.57891610
vt 0.87799910 0.59221100
vt 0.88132540 0.59664130
vt 0.86929320 0.58835480
vt 0.87693050 0.59537640
vt 0.87182300 0.59503100
vt 0.86253650 0.59888150
vt 0.87135870 0.60576650
vt 0.87564530 0.60824040
vt 0.86231180 0.61941890
vt 0.86653600 0.62217940
vt 0.62577410 0.01000000
vt 0.61035620 0.02740276
vt 0.62258480 0.03823613
vt 0.63800170 0.02083314
vt 0.65526690 0.03612810
vt 0.63985130 0.05353117
vt 0.66722400 0.07777530
vt 0.68263720 0.06037268
vt 0.69175730 0.09950066
vt 0.70716770 0.08209904
vt 0.71593620 0.08986475
vt 0.70052890 0.10726620
vt 0.70519890 0.11139990
vt 0.72060450 0.09399891
vt 0.71736680 0.12217040
vt 0.73276980 0.10476980
vt 0.73618720 0.13882860
vt 0.75158910 0.12142780
vt 0.76077730 0.16059400
vt 0.77617980 0.14319210
vt 0.80096110 0.16512530
vt 0.78555700 0.18252820
vt 0.80494390 0.19969090
vt 0.82035020 0.18228710
vt 0.82207980 0.21486190
vt 0.83748810 0.19745820
vt 0.84066750 0.23131900
vt 0.85607680 0.21391500
vt 0.87452470 0.23024820
vt 0.85911430 0.24765260
vt 0.87756210 0.26398780
vt 0.89297320 0.24658230
vt 0.90944240 0.26116380
vt 0.89403090 0.27856990
vt 0.90451820 0.28785600
vt 0.91992990 0.27044850
vt 0.91337450 0.29569750
vt 0.92878680 0.27828950
vt 0.93988340 0.28811350
vt 0.92447100 0.30552230
vt 0.93670270 0.31635140
vt 0.95211550 0.29894270
vt 0.94964670 0.25394310
vt 0.96746190 0.23901000
vt 0.95694320 0.22646140
vt 0.93912800 0.24139440
vt 0.94885890 0.21681680
vt 0.93104370 0.23174980
vt 0.94562850 0.21296310
vt 0.92781350 0.22789600
vt 0.91837050 0.21663060
vt 0.93618540 0.20169780
vt 0.90937130 0.16970880
vt 0.89155660 0.18464140
vt 0.85903280 0.14583990
vt 0.87684730 0.13090740
vt 0.85028760 0.09922175
vt 0.83247330 0.11415400
vt 0.82918600 0.07404778
vt 0.81137210 0.08897970
vt 0.81303610 0.05478090
vt 0.79522250 0.06971265
vt 0.78478190 0.05725688
vt 0.80259540 0.04232526
vt 0.78077520 0.05247699
vt 0.79858880 0.03754532
vt 0.79535880 0.03369202
vt 0.77754530 0.04862365
vt 0.78727540 0.02404852
vt 0.76946190 0.03898006
vt 0.77675800 0.01150089
vt 0.75894440 0.02643245
vt 0.26573080 0.79786580
vt 0.23345920 0.94025890
vt 0.25932530 0.94612120
vt 0.29159710 0.80372790
vt 0.20996220 0.93493370
vt 0.29920180 0.65018060
vt 0.32506820 0.65604260
vt 0.35733710 0.51364810
vt 0.33147060 0.50778620
vt 0.30797290 0.50246070
vt 0.24223350 0.79254080
vt 0.17814530 0.92772300
vt 0.27570380 0.64485540
vt 0.21041610 0.78533050
vt 0.17107040 0.92611900
vt 0.24388570 0.63764460
vt 0.27615490 0.49524950
vt 0.26907950 0.49364670
vt 0.23681040 0.63604130
vt 0.26591460 0.49293140
vt 0.20334110 0.78372700
vt 0.16790650 0.92540010
vt 0.23364590 0.63532480
vt 0.25963810 0.49152690
vt 0.20017700 0.78300930
vt 0.16163770 0.92396160
vt 0.22737180 0.63390910
vt 0.19390560 0.78158200
vt 0.08060717 0.60068280
vt 0.11285900 0.45836160
vt 0.10794870 0.45726540
vt 0.07569922 0.59957640
vt 0.04715614 0.74829150
vt 0.01490308 0.89060990
vt 0.04225073 0.74717390
vt 0.01000001 0.88948200
vt 0.36501660 0.01309116
vt 0.34168890 0.03435262
vt 0.34465310 0.03706556
vt 0.33869500 0.03945451
vt 0.36769640 0.01609591
vt 0.36872460 0.01000000
vt 0.37141740 0.01322788
vt 0.36837180 0.01713857
vt 0.37201220 0.01443883
vt 0.37212180 0.01599938
vt 0.34560160 0.03782624
vt 0.34254010 0.04028890
vt 0.36884330 0.01851643
vt 0.38053340 0.03132671
vt 0.34680430 0.03859496
vt 0.37213410 0.02635804
vt 0.45998130 0.14133980
vt 0.35767900 0.05085104
vt 0.34354130 0.04055497
vt 0.34198800 0.04186266
vt 0.33869910 0.04321973
vt 0.44504130 0.15365310
vt 0.34475130 0.04082928
vt 0.34293960 0.04163290
vt 0.35306360 0.05818055
vt 0.34994520 0.06063034
vt 0.35413410 0.05757432
vt 0.34412120 0.04182797
vt 0.35030810 0.04582532
vt 0.39186890 0.10453190
vt 0.38881400 0.10711340
vt 0.39287810 0.10380130
vt 0.38816010 0.08780872
vt 0.35553290 0.05719190
vt 0.35507970 0.05316874
vt 0.44155910 0.16288630
vt 0.43852140 0.16547890
vt 0.44282970 0.17040790
vt 0.44252230 0.16210300
vt 0.44582130 0.16780790
vt 0.44825710 0.17656230
vt 0.39415550 0.10308920
vt 0.36567390 0.06713650
vt 0.39347400 0.09882066
vt 0.44367070 0.16124120
vt 0.44474430 0.15879870
vt 0.44675390 0.16700230
vt 0.45121230 0.17399990
vt 0.44783150 0.16607350
vt 0.44968110 0.16448520
vt 0.45211830 0.17318700
vt 0.46331720 0.18799750
vt 0.46046770 0.19057870
vt 0.45313910 0.17221690
vt 0.46414490 0.18713960
vt 0.45249300 0.16208480
vt 0.46710720 0.15101970
vt 0.47267830 0.15752290
vt 0.47525730 0.20070720
vt 0.47283700 0.20347150
vt 0.47588570 0.19980120
vt 0.46499530 0.18602830
vt 0.45507390 0.17084820
vt 0.45828820 0.16922360
vt 0.48430810 0.17086070
vt 0.47158250 0.18584400
vt 0.49511180 0.18381710
vt 0.47994720 0.20371060
vt 0.47901760 0.20691100
vt 0.48012900 0.20294030
vt 0.47637440 0.19859270
vt 0.46718490 0.18525980
vt 0.48144840 0.20359420
vt 0.48186170 0.20711430
vt 0.48640540 0.20564760
vt 0.48129460 0.20268990
vt 0.48459230 0.20241760
vt 0.50283990 0.19443230
vt 0.50068600 0.19128340
vt 0.48409540 0.20143110
vt 0.50001110 0.19030840
vt 0.48012550 0.20199770
vt 0.47447430 0.19465150
vt 0.48363040 0.20022930
vt 0.49922510 0.18918470
vt 0.48117410 0.20161440
vt 0.47817540 0.19776120
vt 0.48041490 0.19915820
vt 0.48057250 0.19586630
f 3/3/3 2/2/2 1/1/1
f 2/2/2 4/4/4 1/1/1
f 5/5/5 4/4/4 2/2/2
f 6/6/6 5/5/5 2/2/2
f 7/7/7 5/5/5 6/6/6
f 8/8/8 7/7/7 6/6/6
f 9/9/9 7/7/7 8/8/8
f 10/10/10 9/9/9 8/8/8
f 9/9/9 10/10/10 11/11/11
f 12/12/12 9/9/9 11/11/11
f 12/12/12 11/11/11 13/13/13
f 11/11/11 14/14/14 13/13/13
f 13/13/13 14/14/14 15/15/15
f 16/16/16 13/13/13 15/15/15
f 16/16/16 15/15/15 17/17/17
f 15/15/15 18/18/18 17/17/17
f 17/17/17 18/18/18 19/19/19
f 18/18/18 20/20/20 19/19/19
f 19/19/19 20/20/20 21/21/21
f 20/20/20 22/22/22 21/21/21
f 21/21/21 22/22/22 23/23/23
f 22/22/22 24/24/24 23/23/23
f 23/23/23 24/24/24 25/25/25
f 26/26/26 23/23/23 25/25/25
f 27/27/27 26/26/26 25/25/25
f 28/28/28 27/27/27 25/25/25
f 29/29/29 27/27/27 28/28/28
f 30/30/30 29/29/29 28/28/28
f 31/31/31 29/29/29 30/30/30
f 32/32/32 31/31/31 30/30/30
f 32/32/32 33/33/33 31/31/31
f 33/33/33 34/34/34 31/31/31
f 34/34/34 33/33/33 35/35/35
f 33/33/33 36/36/36 35/35/35
f 35/35/35 36/36/36 37/37/37
f 36/36/36 38/38/38 37/37/37
f 37/37/37 38/38/38 39/39/39
f 38/38/38 40/40/40 39/39/39
f 39/39/39 40/40/40 41/41/41
f 42/42/42 39/39/39 41/41/41
f 45/45/45 44/44/44 43/43/43
f 46/46/46 45/45/45 43/43/43
f 47/47/47 45/45/45 46/46/46
f 48/48/48 47/47/47 46/46/46
f 47/47/47 48/48/48 49/49/49
f 50/50/50 47/47/47 49/49/49
f 50/50/50 49/49/49 51/51/51
f 49/49/49 52/52/52 51/51/51
f 51/51/51 52/52/52 53/53/53
f 54/54/54 51/51/51 53/53/53
f 54/54/54 53/53/53 55/55/55
f 53/53/53 56/56/56 55/55/55
f 55/55/55 56/56/56 57/57/57
f 56/56/56 58/58/58 57/57/57
f 57/57/57 58/58/58 59/59/59
f 58/58/58 60/60/60 59/59/59
f 61/61/61 59/59/59 60/60/60
f 62/62/62 61/61/61 60/60/60
f 62/62/62 63/63/63 61/61/61
f 63/63/63 64/64/64 61/61/61
f 64/64/64 63/63/63 65/65/65
f 66/66/66 64/64/64 65/65/65
f 66/66/66 65/65/65 67/67/67
f 65/65/65 68/68/68 67/67/67
f 67/67/67 68/68/68 69/69/69
f 68/68/68 70/70/70 69/69/69
f 69/69/69 70/70/70 71/71/71
f 70/70/70 72/72/72 71/71/71
f 75/75/75 74/74/74 73/73/73
f 76/76/76 75/75/75 73/73/73
f 76/76/76 73/73/73 77/77/77
f 78/78/78 75/75/75 76/76/76
f 79/79/79 76/76/76 77/77/77
f 77/77/77 80/80/80 79/79/79
f 80/80/80 81/81/81 79/79/79
f 82/82/82 78/78/78 76/76/76
f 76/76/76 79/79/79 82/82/82
f 79/79/79 81/81/81 83/83/83
f 79/79/79 83/83/83 82/82/82
f 81/81/81 84/84/84 83/83/83
f 78/78/78 82/82/82 85/85/85
f 85/85/85 82/82/82 83/83/83
f 86/86/86 78/78/78 85/85/85
f 87/87/87 86/86/86 85/85/85
f 83/83/83 84/84/84 88/88/88
f 88/88/88 85/85/85 83/83/83
f 84/84/84 89/89/89 88/88/88
f 89/89/89 90/90/90 88/88/88
f 91/91/91 87/87/87 85/85/85
f 91/91/91 85/85/85 88/88/88
f 87/87/87 91/91/91 92/92/92
f 93/93/93 87/87/87 92/92/92
f 94/94/94 93/93/93 92/92/92
f 95/95/95 91/91/91 88/88/88
f 90/90/90 95/95/95 88/88/88
f 92/92/92 91/91/91 95/95/95
f 95/95/95 90/90/90 96/96/96
f 96/96/96 92/92/92 95/95/95
f 90/90/90 97/97/97 96/96/96
f 97/97/97 98/98/98 96/96/96
f 99/99/99 94/94/94 92/92/92
f 100/100/100 94/94/94 99/99/99
f 96/96/96 101/101/101 92/92/92
f 98/98/98 101/101/101 96/96/96
f 101/101/101 99/99/99 92/92/92
f 102/102/102 100/100/100 99/99/99
f 99/99/99 101/101/101 102/102/102
f 103/103/103 100/100/100 102/102/102
f 104/104/104 103/103/103 102/102/102
f 101/101/101 98/98/98 105/105/105
f 101/101/101 105/105/105 102/102/102
f 102/102/102 105/105/105 104/104/104
f 98/98/98 106/106/106 105/105/105
f 105/105/105 107/107/107 104/104/104
f 105/105/105 106/106/106 107/107/107
f 106/106/106 108/108/108 107/107/107
f 111/111/111 110/110/110 109/109/109
f 112/112/112 111/111/111 109/109/109
f 109/109/109 113/113/113 112/112/112
f 114/114/114 111/111/111 112/112/112
f 113/113/113 115/115/115 112/112/112
f 113/113/113 116/116/116 115/115/115
f 116/116/116 117/117/117 115/115/115
f 118/118/118 114/114/114 112/112/112
f 118/118/118 112/112/112 115/115/115
f 118/118/118 119/119/119 114/114/114
f 119/119/119 120/120/120 114/114/114
f 120/120/120 119/119/119 121/121/121
f 119/119/119 122/122/122 121/121/121
f 122/122/122 119/119/119 123/123/123
f 115/115/115 117/117/117 124/124/124
f 124/124/124 118/118/118 115/115/115
f 119/119/119 118/118/118 124/124/124
f 117/117/117 125/125/125 124/124/124
f 125/125/125 126/126/126 124/124/124
f 119/119/119 127/127/127 123/123/123
f 127/127/127 119/119/119 124/124/124
f 126/126/126 127/127/127 124/124/124
f 123/123/123 127/127/127 128/128/128
f 127/127/127 126/126/126 128/128/128
f 131/131/131 130/130/130 129/129/129
f 132/132/132 131/131/131 129/129/129
f 132/132/132 129/129/129 133/133/133
f 134/134/134 131/131/131 132/132/132
f 135/135/135 132/132/132 133/133/133
f 135/135/135 133/133/133 136/136/136
f 137/137/137 134/134/134 132/132/132
f 137/137/137 132/132/132 135/135/135
f 138/138/138 135/135/135 136/136/136
f 138/138/138 136/136/136 139/139/139
f 137/137/137 140/140/140 134/134/134
f 140/140/140 141/141/141 134/134/134
f 142/142/142 137/137/137 135/135/135
f 142/142/142 135/135/135 138/138/138
f 143/143/143 138/138/138 139/139/139
f 143/143/143 139/139/139 144/144/144
f 140/140/140 145/145/145 141/141/141
f 145/145/145 146/146/146 141/141/141
f 147/147/147 140/140/140 137/137/137
f 142/142/142 147/147/147 137/137/137
f 148/148/148 142/142/142 138/138/138
f 148/148/148 138/138/138 143/143/143
f 149/149/149 143/143/143 144/144/144
f 149/149/149 144/144/144 150/150/150
f 146/146/146 145/145/145 151/151/151
f 152/152/152 146/146/146 151/151/151
f 153/153/153 145/145/145 140/140/140
f 147/147/147 153/153/153 140/140/140
f 154/154/154 147/147/147 142/142/142
f 148/148/148 154/154/154 142/142/142
f 155/155/155 148/148/148 143/143/143
f 155/155/155 143/143/143 149/149/149
f 156/156/156 149/149/149 150/150/150
f 156/156/156 150/150/150 157/157/157
f 152/152/152 151/151/151 158/158/158
f 159/159/159 152/152/152 158/158/158
f 160/160/160 153/153/153 147/147/147
f 154/154/154 160/160/160 147/147/147
f 161/161/161 154/154/154 148/148/148
f 155/155/155 161/161/161 148/148/148
f 162/162/162 160/160/160 154/154/154
f 153/153/153 160/160/160 162/162/162
f 161/161/161 162/162/162 154/154/154
f 163/163/163 155/155/155 149/149/149
f 163/163/163 149/149/149 156/156/156
f 164/164/164 153/153/153 162/162/162
f 145/145/145 153/153/153 164/164/164
f 151/151/151 145/145/145 164/164/164
f 165/165/165 161/161/161 155/155/155
f 163/163/163 165/165/165 155/155/155
f 166/166/166 162/162/162 161/161/161
f 164/164/164 162/162/162 166/166/166
f 165/165/165 166/166/166 161/161/161
f 151/151/151 164/164/164 167/167/167
f 167/167/167 164/164/164 166/166/166
f 167/167/167 166/166/166 165/165/165
f 158/158/158 151/151/151 167/167/167
f 168/168/168 167/167/167 165/165/165
f 168/168/168 165/165/165 163/163/163
f 158/158/158 167/167/167 168/168/168
f 169/169/169 163/163/163 156/156/156
f 169/169/169 168/168/168 163/163/163
f 170/170/170 158/158/158 168/168/168
f 170/170/170 168/168/168 169/169/169
f 159/159/159 158/158/158 170/170/170
f 171/171/171 159/159/159 170/170/170
f 171/171/171 170/170/170 172/172/172
f 172/172/172 170/170/170 169/169/169
f 173/173/173 171/171/171 172/172/172
f 173/173/173 172/172/172 174/174/174
f 169/169/169 156/156/156 175/175/175
f 172/172/172 169/169/169 175/175/175
f 172/172/172 175/175/175 174/174/174
f 175/175/175 156/156/156 157/157/157
f 174/174/174 175/175/175 176/176/176
f 175/175/175 157/157/157 176/176/176
f 179/179/179 178/178/178 177/177/177
f 180/180/180 179/179/179 177/177/177
f 177/177/177 181/181/181 180/180/180
f 182/182/182 179/179/179 180/180/180
f 181/181/181 183/183/183 180/180/180
f 183/183/183 181/181/181 184/184/184
f 181/181/181 185/185/185 184/184/184
f 185/185/185 186/186/186 184/184/184
f 186/186/186 187/187/187 184/184/184
f 186/186/186 188/188/188 187/187/187
f 183/183/183 184/184/184 189/189/189
f 184/184/184 187/187/187 189/189/189
f 183/183/183 190/190/190 180/180/180
f 190/190/190 183/183/183 189/189/189
f 191/191/191 182/182/182 180/180/180
f 190/190/190 191/191/191 180/180/180
f 188/188/188 192/192/192 187/187/187
f 192/192/192 188/188/188 193/193/193
f 191/191/191 194/194/194 182/182/182
f 194/194/194 195/195/195 182/182/182
f 190/190/190 196/196/196 191/191/191
f 196/196/196 194/194/194 191/191/191
f 194/194/194 197/197/197 195/195/195
f 197/197/197 198/198/198 195/195/195
f 199/199/199 198/198/198 197/197/197
f 197/197/197 194/194/194 200/200/200
f 194/194/194 196/196/196 200/200/200
f 201/201/201 196/196/196 190/190/190
f 189/189/189 201/201/201 190/190/190
f 187/187/187 202/202/202 189/189/189
f 187/187/187 192/192/192 202/202/202
f 203/203/203 199/199/199 197/197/197
f 203/203/203 197/197/197 200/200/200
f 204/204/204 200/200/200 196/196/196
f 201/201/201 204/204/204 196/196/196
f 205/205/205 201/201/201 189/189/189
f 202/202/202 205/205/205 189/189/189
f 206/206/206 200/200/200 204/204/204
f 200/200/200 206/206/206 203/203/203
f 207/207/207 204/204/204 201/201/201
f 205/205/205 207/207/207 201/201/201
f 207/207/207 206/206/206 204/204/204
f 203/203/203 208/208/208 199/199/199
f 208/208/208 209/209/209 199/199/199
f 209/209/209 208/208/208 210/210/210
f 211/211/211 207/207/207 205/205/205
f 206/206/206 207/207/207 211/211/211
f 212/212/212 205/205/205 202/202/202
f 212/212/212 211/211/211 205/205/205
f 203/203/203 206/206/206 213/213/213
f 208/208/208 203/203/203 213/213/213
f 214/214/214 206/206/206 211/211/211
f 214/214/214 211/211/211 212/212/212
f 206/206/206 214/214/214 213/213/213
f 208/208/208 215/215/215 210/210/210
f 210/210/210 215/215/215 216/216/216
f 215/215/215 217/217/217 216/216/216
f 216/216/216 217/217/217 218/218/218
f 219/219/219 212/212/212 202/202/202
f 192/192/192 219/219/219 202/202/202
f 220/220/220 214/214/214 212/212/212
f 213/213/213 214/214/214 220/220/220
f 220/220/220 212/212/212 219/219/219
f 215/215/215 208/208/208 221/221/221
f 221/221/221 208/208/208 213/213/213
f 219/219/219 192/192/192 222/222/222
f 222/222/222 192/192/192 193/193/193
f 222/222/222 193/193/193 223/223/223
f 224/224/224 220/220/220 219/219/219
f 224/224/224 219/219/219 222/222/222
f 225/225/225 213/213/213 220/220/220
f 221/221/221 213/213/213 225/225/225
f 225/225/225 220/220/220 224/224/224
f 226/226/226 215/215/215 221/221/221
f 217/217/217 215/215/215 226/226/226
f 227/227/227 222/222/222 223/223/223
f 224/224/224 222/222/222 227/227/227
f 228/228/228 225/225/225 224/224/224
f 228/228/228 224/224/224 227/227/227
f 229/229/229 221/221/221 225/225/225
f 229/229/229 225/225/225 228/228/228
f 226/226/226 221/221/221 229/229/229
f 230/230/230 227/227/227 223/223/223
f 231/231/231 230/230/230 223/223/223
f 232/232/232 228/228/228 227/227/227
f 232/232/232 229/229/229 228/228/228
f 230/230/230 232/232/232 227/227/227
f 233/233/233 226/226/226 229/229/229
f 233/233/233 229/229/229 232/232/232
f 234/234/234 230/230/230 231/231/231
f 235/235/235 234/234/234 231/231/231
f 235/235/235 236/236/236 234/234/234
f 237/237/237 232/232/232 230/230/230
f 234/234/234 237/237/237 230/230/230
f 237/237/237 233/233/233 232/232/232
f 236/236/236 238/238/238 234/234/234
f 234/234/234 238/238/238 237/237/237
f 236/236/236 239/239/239 238/238/238
f 240/240/240 226/226/226 233/233/233
f 240/240/240 217/217/217 226/226/226
f 241/241/241 233/233/233 237/237/237
f 241/241/241 240/240/240 233/233/233
f 238/238/238 242/242/242 237/237/237
f 242/242/242 241/241/241 237/237/237
f 239/239/239 243/243/243 238/238/238
f 238/238/238 243/243/243 242/242/242
f 243/243/243 239/239/239 244/244/244
f 245/245/245 240/240/240 241/241/241
f 217/217/217 240/240/240 245/245/245
f 246/246/246 241/241/241 242/242/242
f 246/246/246 245/245/245 241/241/241
f 247/247/247 243/243/243 244/244/244
f 247/247/247 244/244/244 248/248/248
f 243/243/243 249/249/249 242/242/242
f 249/249/249 246/246/246 242/242/242
f 249/249/249 243/243/243 247/247/247
f 250/250/250 245/245/245 246/246/246
f 250/250/250 217/217/217 245/245/245
f 251/251/251 246/246/246 249/249/249
f 251/251/251 250/250/250 246/246/246
f 252/252/252 249/249/249 247/247/247
f 252/252/252 251/251/251 249/249/249
f 253/253/253 247/247/247 248/248/248
f 252/252/252 247/247/247 253/253/253
f 217/217/217 250/250/250 254/254/254
f 254/254/254 250/250/250 251/251/251
f 255/255/255 251/251/251 252/252/252
f 255/255/255 254/254/254 251/251/251
f 256/256/256 217/217/217 254/254/254
f 256/256/256 254/254/254 255/255/255
f 217/217/217 256/256/256 218/218/218
f 218/218/218 256/256/256 257/257/257
f 256/256/256 258/258/258 257/257/257
f 258/258/258 256/256/256 255/255/255
f 257/257/257 258/258/258 259/259/259
f 260/260/260 255/255/255 252/252/252
f 258/258/258 255/255/255 260/260/260
f 260/260/260 252/252/252 253/253/253
f 258/258/258 261/261/261 259/259/259
f 261/261/261 258/258/258 260/260/260
f 260/260/260 253/253/253 261/261/261
f 259/259/259 261/261/261 262/262/262
f 253/253/253 263/263/263 261/261/261
f 261/261/261 263/263/263 262/262/262
f 253/253/253 248/248/248 263/263/263
f 262/262/262 263/263/263 264/264/264
f 248/248/248 265/265/265 263/263/263
f 263/263/263 265/265/265 264/264/264
f 268/268/268 267/267/267 266/266/266
f 269/269/269 268/268/268 266/266/266
f 269/269/269 266/266/266 270/270/270
f 271/271/271 268/268/268 269/269/269
f 272/272/272 269/269/269 270/270/270
f 270/270/270 273/273/273 272/272/272
f 274/274/274 271/271/271 269/269/269
f 274/274/274 269/269/269 272/272/272
f 273/273/273 275/275/275 272/272/272
f 275/275/275 273/273/273 276/276/276
f 277/277/277 275/275/275 276/276/276
f 275/275/275 277/277/277 278/278/278
f 272/272/272 275/275/275 279/279/279
f 279/279/279 274/274/274 272/272/272
f 274/274/274 280/280/280 271/271/271
f 280/280/280 281/281/281 271/271/271
f 282/282/282 275/275/275 278/278/278
f 275/275/275 282/282/282 279/279/279
f 279/279/279 283/283/283 274/274/274
f 279/279/279 282/282/282 283/283/283
f 283/283/283 280/280/280 274/274/274
f 284/284/284 282/282/282 278/278/278
f 282/282/282 284/284/284 283/283/283
f 285/285/285 284/284/284 278/278/278
f 280/280/280 286/286/286 281/281/281
f 286/286/286 287/287/287 281/281/281
f 287/287/287 286/286/286 288/288/288
f 283/283/283 289/289/289 280/280/280
f 283/283/283 284/284/284 289/289/289
f 289/289/289 286/286/286 280/280/280
f 290/290/290 284/284/284 285/285/285
f 284/284/284 290/290/290 289/289/289
f 291/291/291 290/290/290 285/285/285
f 286/286/286 292/292/292 288/288/288
f 286/286/286 289/289/289 292/292/292
f 288/288/288 292/292/292 293/293/293
f 294/294/294 290/290/290 291/291/291
f 295/295/295 294/294/294 291/291/291
f 289/289/289 290/290/290 296/296/296
f 289/289/289 296/296/296 292/292/292
f 290/290/290 294/294/294 296/296/296
f 292/292/292 297/297/297 293/293/293
f 292/292/292 296/296/296 297/297/297
f 298/298/298 294/294/294 295/295/295
f 295/295/295 299/299/299 298/298/298
f 296/296/296 294/294/294 300/300/300
f 296/296/296 300/300/300 297/297/297
f 293/293/293 297/297/297 301/301/301
f 302/302/302 293/293/293 301/301/301
f 294/294/294 303/303/303 300/300/300
f 298/298/298 303/303/303 294/294/294
f 297/297/297 300/300/300 304/304/304
f 301/301/301 297/297/297 304/304/304
f 300/300/300 303/303/303 304/304/304
f 302/302/302 301/301/301 305/305/305
f 306/306/306 302/302/302 305/305/305
f 306/306/306 305/305/305 307/307/307
f 305/305/305 301/301/301 308/308/308
f 301/301/301 304/304/304 308/308/308
f 305/305/305 309/309/309 307/307/307
f 305/305/305 308/308/308 309/309/309
f 307/307/307 309/309/309 310/310/310
f 309/309/309 311/311/311 310/310/310
f 309/309/309 312/312/312 311/311/311
f 308/308/308 312/312/312 309/309/309
f 312/312/312 313/313/313 311/311/311
f 312/312/312 314/314/314 313/313/313
f 314/314/314 312/312/312 308/308/308
f 314/314/314 315/315/315 313/313/313
f 316/316/316 308/308/308 304/304/304
f 316/316/316 314/314/314 308/308/308
f 314/314/314 317/317/317 315/315/315
f 317/317/317 318/318/318 315/315/315
f 318/318/318 317/317/317 319/319/319
f 320/320/320 316/316/316 304/304/304
f 303/303/303 320/320/320 304/304/304
f 316/316/316 321/321/321 314/314/314
f 321/321/321 317/317/317 314/314/314
f 316/316/316 320/320/320 321/321/321
f 317/317/317 322/322/322 319/319/319
f 317/317/317 321/321/321 322/322/322
f 319/319/319 322/322/322 323/323/323
f 320/320/320 303/303/303 324/324/324
f 320/320/320 324/324/324 321/321/321
f 303/303/303 298/298/298 324/324/324
f 322/322/322 325/325/325 323/323/323
f 326/326/326 323/323/323 325/325/325
f 321/321/321 327/327/327 322/322/322
f 321/321/321 324/324/324 327/327/327
f 322/322/322 327/327/327 325/325/325
f 324/324/324 298/298/298 328/328/328
f 324/324/324 328/328/328 327/327/327
f 327/327/327 329/329/329 325/325/325
f 327/327/327 328/328/328 329/329/329
f 298/298/298 330/330/330 328/328/328
f 298/298/298 299/299/299 330/330/330
f 299/299/299 331/331/331 330/330/330
f 328/328/328 330/330/330 332/332/332
f 328/328/328 332/332/332 329/329/329
f 330/330/330 331/331/331 333/333/333
f 330/330/330 333/333/333 332/332/332
f 331/331/331 334/334/334 333/333/333
f 332/332/332 335/335/335 329/329/329
f 335/335/335 332/332/332 333/333/333
f 336/336/336 333/333/333 334/334/334
f 336/336/336 335/335/335 333/333/333
f 337/337/337 336/336/336 334/334/334
f 336/336/336 337/337/337 338/338/338
f 335/335/335 336/336/336 338/338/338
f 335/335/335 338/338/338 339/339/339
f 335/335/335 340/340/340 329/329/329
f 340/340/340 335/335/335 339/339/339
f 329/329/329 340/340/340 325/325/325
f 341/341/341 340/340/340 339/339/339
f 340/340/340 341/341/341 325/325/325
f 342/342/342 341/341/341 339/339/339
f 341/341/341 326/326/326 325/325/325
f 326/326/326 341/341/341 342/342/342
f 343/343/343 326/326/326 342/342/342
f 346/346/346 345/345/345 344/344/344
f 347/347/347 346/346/346 344/344/344
f 347/347/347 344/344/344 348/348/348
f 349/349/349 346/346/346 347/347/347
f 350/350/350 347/347/347 348/348/348
f 350/350/350 348/348/348 351/351/351
f 352/352/352 349/349/349 347/347/347
f 352/352/352 347/347/347 350/350/350
f 353/353/353 350/350/350 351/351/351
f 351/351/351 354/354/354 353/353/353
f 352/352/352 355/355/355 349/349/349
f 355/355/355 356/356/356 349/349/349
f 357/357/357 352/352/352 350/350/350
f 357/357/357 350/350/350 353/353/353
f 354/354/354 358/358/358 353/353/353
f 354/354/354 359/359/359 358/358/358
f 355/355/355 360/360/360 356/356/356
f 360/360/360 361/361/361 356/356/356
f 362/362/362 361/361/361 360/360/360
f 363/363/363 355/355/355 352/352/352
f 357/357/357 363/363/363 352/352/352
f 364/364/364 357/357/357 353/353/353
f 364/364/364 353/353/353 358/358/358
f 359/359/359 365/365/365 358/358/358
f 365/365/365 359/359/359 366/366/366
f 367/367/367 362/362/362 360/360/360
f 368/368/368 362/362/362 367/367/367
f 369/369/369 360/360/360 355/355/355
f 363/363/363 369/369/369 355/355/355
f 367/367/367 360/360/360 369/369/369
f 370/370/370 363/363/363 357/357/357
f 364/364/364 370/370/370 357/357/357
f 371/371/371 364/364/364 358/358/358
f 358/358/358 365/365/365 371/371/371
f 372/372/372 365/365/365 366/366/366
f 372/372/372 366/366/366 373/373/373
f 374/374/374 369/369/369 363/363/363
f 370/370/370 374/374/374 363/363/363
f 375/375/375 367/367/367 369/369/369
f 375/375/375 369/369/369 374/374/374
f 376/376/376 370/370/370 364/364/364
f 371/371/371 376/376/376 364/364/364
f 377/377/377 374/374/374 370/370/370
f 377/377/377 375/375/375 374/374/374
f 376/376/376 377/377/377 370/370/370
f 365/365/365 378/378/378 371/371/371
f 378/378/378 365/365/365 372/372/372
f 379/379/379 372/372/372 373/373/373
f 379/379/379 373/373/373 380/380/380
f 381/381/381 379/379/379 380/380/380
f 382/382/382 367/367/367 375/375/375
f 382/382/382 368/368/368 367/367/367
f 383/383/383 375/375/375 377/377/377
f 383/383/383 382/382/382 375/375/375
f 384/384/384 376/376/376 371/371/371
f 378/378/378 384/384/384 371/371/371
f 385/385/385 377/377/377 376/376/376
f 385/385/385 383/383/383 377/377/377
f 384/384/384 385/385/385 376/376/376
f 383/383/383 385/385/385 384/384/384
f 386/386/386 383/383/383 384/384/384
f 382/382/382 383/383/383 386/386/386
f 386/386/386 384/384/384 378/378/378
f 368/368/368 382/382/382 387/387/387
f 387/387/387 382/382/382 386/386/386
f 388/388/388 368/368/368 387/387/387
f 389/389/389 386/386/386 378/378/378
f 387/387/387 386/386/386 389/389/389
f 389/389/389 378/378/378 372/372/372
f 389/389/389 372/372/372 379/379/379
f 388/388/388 387/387/387 390/390/390
f 390/390/390 387/387/387 389/389/389
f 390/390/390 389/389/389 379/379/379
f 391/391/391 388/388/388 390/390/390
f 390/390/390 379/379/379 381/381/381
f 391/391/391 390/390/390 381/381/381
f 394/394/394 393/393/393 392/392/392
f 395/395/395 394/394/394 392/392/392
f 395/395/395 392/392/392 396/396/396
f 395/395/395 397/397/397 394/394/394
f 397/397/397 398/398/398 394/394/394
f 399/399/399 398/398/398 397/397/397
f 400/400/400 399/399/399 397/397/397
f 401/401/401 399/399/399 400/400/400
f 402/402/402 397/397/397 395/395/395
f 400/400/400 397/397/397 402/402/402
f 403/403/403 395/395/395 396/396/396
f 403/403/403 402/402/402 395/395/395
f 404/404/404 403/403/403 396/396/396
f 405/405/405 404/404/404 396/396/396
f 404/404/404 406/406/406 403/403/403
f 406/406/406 402/402/402 403/403/403
f 402/402/402 406/406/406 407/407/407
f 407/407/407 400/400/400 402/402/402
f 406/406/406 408/408/408 407/407/407
f 409/409/409 401/401/401 400/400/400
f 400/400/400 407/407/407 409/409/409
f 410/410/410 401/401/401 409/409/409
f 407/407/407 408/408/408 411/411/411
f 407/407/407 411/411/411 409/409/409
f 408/408/408 412/412/412 411/411/411
f 413/413/413 410/410/410 409/409/409
f 413/413/413 409/409/409 411/411/411
f 414/414/414 410/410/410 413/413/413
f 411/411/411 412/412/412 415/415/415
f 415/415/415 413/413/413 411/411/411
f 412/412/412 416/416/416 415/415/415
f 417/417/417 414/414/414 413/413/413
f 417/417/417 413/413/413 415/415/415
f 418/418/418 414/414/414 417/417/417
f 415/415/415 416/416/416 419/419/419
f 419/419/419 417/417/417 415/415/415
f 416/416/416 420/420/420 419/419/419
f 421/421/421 418/418/418 417/417/417
f 421/421/421 417/417/417 419/419/419
f 422/422/422 418/418/418 421/421/421
f 419/419/419 420/420/420 423/423/423
f 423/423/423 421/421/421 419/419/419
f 420/420/420 424/424/424 423/423/423
f 425/425/425 422/422/422 421/421/421
f 425/425/425 421/421/421 423/423/423
f 423/423/423 424/424/424 426/426/426
f 426/426/426 425/425/425 423/423/423
f 424/424/424 427/427/427 426/426/426
f 422/422/422 425/425/425 428/428/428
f 425/425/425 426/426/426 428/428/428
f 429/429/429 422/422/422 428/428/428
f 426/426/426 427/427/427 430/430/430
f 426/426/426 430/430/430 428/428/428
f 427/427/427 431/431/431 430/430/430
f 429/429/429 428/428/428 432/432/432
f 428/428/428 430/430/430 432/432/432
f 433/433/433 429/429/429 432/432/432
f 430/430/430 431/431/431 434/434/434
f 430/430/430 434/434/434 432/432/432
f 431/431/431 435/435/435 434/434/434
f 433/433/433 432/432/432 436/436/436
f 432/432/432 434/434/434 436/436/436
f 437/437/437 433/433/433 436/436/436
f 434/434/434 435/435/435 438/438/438
f 434/434/434 438/438/438 436/436/436
f 435/435/435 439/439/439 438/438/438
f 437/437/437 436/436/436 440/440/440
f 436/436/436 438/438/438 440/440/440
f 441/441/441 437/437/437 440/440/440
f 438/438/438 439/439/439 442/442/442
f 438/438/438 442/442/442 440/440/440
f 439/439/439 443/443/443 442/442/442
f 441/441/441 440/440/440 444/444/444
f 440/440/440 442/442/442 444/444/444
f 445/445/445 441/441/441 444/444/444
f 442/442/442 443/443/443 446/446/446
f 442/442/442 446/446/446 444/444/444
f 443/443/443 447/447/447 446/446/446
f 445/445/445 444/444/444 448/448/448
f 444/444/444 446/446/446 448/448/448
f 449/449/449 445/445/445 448/448/448
f 449/449/449 448/448/448 450/450/450
f 448/448/448 451/451/451 450/450/450
f 446/446/446 447/447/447 452/452/452
f 446/446/446 452/452/452 448/448/448
f 448/448/448 452/452/452 451/451/451
f 447/447/447 453/453/453 452/452/452
f 452/452/452 454/454/454 451/451/451
f 452/452/452 453/453/453 455/455/455
f 454/454/454 452/452/452 455/455/455
f 458/458/458 457/457/457 456/456/456
f 459/459/459 458/458/458 456/456/456
f 459/459/459 456/456/456 460/460/460
f 461/461/461 458/458/458 459/459/459
f 462/462/462 459/459/459 460/460/460
f 460/460/460 463/463/463 462/462/462
f 464/464/464 461/461/461 459/459/459
f 464/464/464 459/459/459 462/462/462
f 463/463/463 465/465/465 462/462/462
f 465/465/465 463/463/463 466/466/466
f 464/464/464 467/467/467 461/461/461
f 467/467/467 468/468/468 461/461/461
f 469/469/469 464/464/464 462/462/462
f 462/462/462 465/465/465 469/469/469
f 469/469/469 470/470/470 464/464/464
f 470/470/470 467/467/467 464/464/464
f 467/467/467 471/471/471 468/468/468
f 471/471/471 472/472/472 468/468/468
f 465/465/465 473/473/473 469/469/469
f 469/469/469 473/473/473 470/470/470
f 474/474/474 465/465/465 466/466/466
f 473/473/473 465/465/465 474/474/474
f 475/475/475 471/471/471 467/467/467
f 470/470/470 475/475/475 467/467/467
f 471/471/471 476/476/476 472/472/472
f 476/476/476 471/471/471 475/475/475
f 476/476/476 477/477/477 472/472/472
f 476/476/476 478/478/478 477/477/477
f 478/478/478 479/479/479 477/477/477
f 474/474/474 466/466/466 480/480/480
f 466/466/466 481/481/481 480/480/480
f 482/482/482 476/476/476 475/475/475
f 478/478/478 476/476/476 482/482/482
f 479/479/479 478/478/478 483/483/483
f 484/484/484 479/479/479 483/483/483
f 480/480/480 481/481/481 485/485/485
f 481/481/481 486/486/486 485/485/485
f 486/486/486 487/487/487 485/485/485
f 484/484/484 483/483/483 488/488/488
f 489/489/489 484/484/484 488/488/488
f 489/489/489 488/488/488 490/490/490
f 488/488/488 491/491/491 490/490/490
f 490/490/490 491/491/491 492/492/492
f 491/491/491 493/493/493 492/492/492
f 488/488/488 483/483/483 494/494/494
f 488/488/488 494/494/494 491/491/491
f 491/491/491 495/495/495 493/493/493
f 494/494/494 495/495/495 491/491/491
f 496/496/496 495/495/495 494/494/494
f 495/495/495 497/497/497 493/493/493
f 495/495/495 496/496/496 497/497/497
f 496/496/496 498/498/498 497/497/497
f 498/498/498 496/496/496 499/499/499
f 496/496/496 500/500/500 499/499/499
f 500/500/500 496/496/496 501/501/501
f 483/483/483 502/502/502 494/494/494
f 483/483/483 478/478/478 502/502/502
f 503/503/503 496/496/496 494/494/494
f 496/496/496 503/503/503 501/501/501
f 503/503/503 494/494/494 502/502/502
f 503/503/503 504/504/504 501/501/501
f 504/504/504 503/503/503 502/502/502
f 504/504/504 505/505/505 501/501/501
f 478/478/478 506/506/506 502/502/502
f 504/504/504 502/502/502 506/506/506
f 506/506/506 478/478/478 482/482/482
f 504/504/504 507/507/507 505/505/505
f 507/507/507 504/504/504 506/506/506
f 507/507/507 506/506/506 482/482/482
f 507/507/507 508/508/508 505/505/505
f 509/509/509 507/507/507 482/482/482
f 507/507/507 509/509/509 508/508/508
f 509/509/509 482/482/482 475/475/475
f 509/509/509 510/510/510 508/508/508
f 510/510/510 509/509/509 511/511/511
f 511/511/511 512/512/512 510/510/510
f 512/512/512 511/511/511 513/513/513
f 514/514/514 509/509/509 475/475/475
f 509/509/509 514/514/514 511/511/511
f 514/514/514 475/475/475 470/470/470
f 515/515/515 514/514/514 470/470/470
f 511/511/511 514/514/514 515/515/515
f 473/473/473 515/515/515 470/470/470
f 511/511/511 516/516/516 513/513/513
f 513/513/513 516/516/516 517/517/517
f 518/518/518 511/511/511 515/515/515
f 518/518/518 515/515/515 473/473/473
f 516/516/516 511/511/511 518/518/518
f 519/519/519 518/518/518 473/473/473
f 519/519/519 473/473/473 474/474/474
f 520/520/520 516/516/516 518/518/518
f 520/520/520 518/518/518 519/519/519
f 519/519/519 474/474/474 521/521/521
f 521/521/521 520/520/520 519/519/519
f 474/474/474 480/480/480 521/521/521
f 516/516/516 522/522/522 517/517/517
f 522/522/522 516/516/516 520/520/520
f 521/521/521 480/480/480 523/523/523
f 480/480/480 485/485/485 523/523/523
f 524/524/524 520/520/520 521/521/521
f 524/524/524 522/522/522 520/520/520
f 523/523/523 524/524/524 521/521/521
f 522/522/522 525/525/525 517/517/517
f 525/525/525 526/526/526 517/517/517
f 524/524/524 527/527/527 522/522/522
f 527/527/527 525/525/525 522/522/522
f 526/526/526 525/525/525 527/527/527
f 527/527/527 524/524/524 523/523/523
f 528/528/528 526/526/526 527/527/527
f 529/529/529 527/527/527 523/523/523
f 528/528/528 527/527/527 529/529/529
f 529/529/529 523/523/523 485/485/485
f 530/530/530 528/528/528 529/529/529
f 530/530/530 529/529/529 531/531/531
f 532/532/532 529/529/529 485/485/485
f 529/529/529 532/532/532 531/531/531
f 487/487/487 532/532/532 485/485/485
f 531/531/531 532/532/532 533/533/533
f 532/532/532 487/487/487 533/533/533
f 536/536/536 535/535/535 534/534/534
f 537/537/537 536/536/536 534/534/534
f 537/537/537 534/534/534 538/538/538
f 539/539/539 536/536/536 537/537/537
f 540/540/540 537/537/537 538/538/538
f 541/541/541 539/539/539 537/537/537
f 541/541/541 537/537/537 540/540/540
f 542/542/542 540/540/540 538/538/538
f 543/543/543 542/542/542 538/538/538
f 541/541/541 544/544/544 539/539/539
f 544/544/544 545/545/545 539/539/539
f 546/546/546 542/542/542 543/543/543
f 546/546/546 547/547/547 542/542/542
f 548/548/548 546/546/546 543/543/543
f 546/546/546 548/548/548 549/549/549
f 550/550/550 546/546/546 549/549/549
f 547/547/547 546/546/546 550/550/550
f 550/550/550 549/549/549 551/551/551
f 542/542/542 552/552/552 540/540/540
f 547/547/547 552/552/552 542/542/542
f 553/553/553 541/541/541 540/540/540
f 552/552/552 553/553/553 540/540/540
f 554/554/554 550/550/550 551/551/551
f 554/554/554 551/551/551 555/555/555
f 553/553/553 556/556/556 541/541/541
f 556/556/556 544/544/544 541/541/541
f 552/552/552 557/557/557 553/553/553
f 557/557/557 556/556/556 553/553/553
f 557/557/557 552/552/552 547/547/547
f 556/556/556 557/557/557 558/558/558
f 556/556/556 558/558/558 544/544/544
f 559/559/559 557/557/557 547/547/547
f 560/560/560 547/547/547 550/550/550
f 560/560/560 550/550/550 554/554/554
f 561/561/561 554/554/554 555/555/555
f 561/561/561 555/555/555 562/562/562
f 558/558/558 563/563/563 544/544/544
f 544/544/544 563/563/563 545/545/545
f 563/563/563 564/564/564 545/545/545
f 565/565/565 564/564/564 563/563/563
f 566/566/566 565/565/565 563/563/563
f 566/566/566 563/563/563 558/558/558
f 567/567/567 565/565/565 566/566/566
f 568/568/568 566/566/566 558/558/558
f 557/557/557 568/568/568 558/558/558
f 569/569/569 567/567/567 566/566/566
f 569/569/569 566/566/566 568/568/568
f 570/570/570 567/567/567 569/569/569
f 571/571/571 569/569/569 568/568/568
f 568/568/568 557/557/557 571/571/571
f 572/572/572 570/570/570 569/569/569
f 572/572/572 569/569/569 571/571/571
f 573/573/573 570/570/570 572/572/572
f 574/574/574 572/572/572 571/571/571
f 557/557/557 574/574/574 571/571/571
f 575/575/575 573/573/573 572/572/572
f 575/575/575 572/572/572 574/574/574
f 573/573/573 575/575/575 576/576/576
f 577/577/577 575/575/575 574/574/574
f 574/574/574 557/557/557 577/577/577
f 575/575/575 578/578/578 576/576/576
f 575/575/575 577/577/577 578/578/578
f 576/576/576 578/578/578 579/579/579
f 557/557/557 580/580/580 577/577/577
f 577/577/577 580/580/580 578/578/578
f 578/578/578 581/581/581 579/579/579
f 578/578/578 580/580/580 581/581/581
f 580/580/580 557/557/557 582/582/582
f 580/580/580 582/582/582 581/581/581
f 557/557/557 559/559/559 582/582/582
f 579/579/579 581/581/581 583/583/583
f 584/584/584 579/579/579 583/583/583
f 581/581/581 582/582/582 585/585/585
f 585/585/585 582/582/582 559/559/559
f 583/583/583 581/581/581 585/585/585
f 583/583/583 585/585/585 586/586/586
f 584/584/584 583/583/583 587/587/587
f 587/587/587 583/583/583 586/586/586
f 588/588/588 584/584/584 587/587/587
f 589/589/589 588/588/588 587/587/587
f 590/590/590 585/585/585 559/559/559
f 586/586/586 585/585/585 590/590/590
f 590/590/590 559/559/559 547/547/547
f 560/560/560 590/590/590 547/547/547
f 591/591/591 589/589/589 587/587/587
f 591/591/591 587/587/587 586/586/586
f 592/592/592 589/589/589 591/591/591
f 593/593/593 590/590/590 560/560/560
f 593/593/593 586/586/586 590/590/590
f 593/593/593 594/594/594 586/586/586
f 594/594/594 595/595/595 586/586/586
f 595/595/595 591/591/591 586/586/586
f 594/594/594 593/593/593 596/596/596
f 596/596/596 593/593/593 560/560/560
f 596/596/596 560/560/560 554/554/554
f 596/596/596 554/554/554 561/561/561
f 597/597/597 592/592/592 591/591/591
f 597/597/597 591/591/591 595/595/595
f 598/598/598 596/596/596 561/561/561
f 598/598/598 594/594/594 596/596/596
f 598/598/598 561/561/561 599/599/599
f 599/599/599 561/561/561 562/562/562
f 597/597/597 600/600/600 592/592/592
f 600/600/600 601/601/601 592/592/592
f 602/602/602 597/597/597 595/595/595
f 595/595/595 594/594/594 602/602/602
f 602/602/602 603/603/603 597/597/597
f 603/603/603 600/600/600 597/597/597
f 594/594/594 603/603/603 602/602/602
f 600/600/600 604/604/604 601/601/601
f 604/604/604 605/605/605 601/601/601
f 605/605/605 604/604/604 606/606/606
f 603/603/603 607/607/607 600/600/600
f 607/607/607 604/604/604 600/600/600
f 603/603/603 594/594/594 607/607/607
f 604/604/604 608/608/608 606/606/606
f 604/604/604 607/607/607 608/608/608
f 606/606/606 608/608/608 609/609/609
f 594/594/594 610/610/610 607/607/607
f 607/607/607 610/610/610 608/608/608
f 608/608/608 611/611/611 609/609/609
f 608/608/608 610/610/610 611/611/611
f 610/610/610 594/594/594 612/612/612
f 610/610/610 612/612/612 611/611/611
f 594/594/594 598/598/598 612/612/612
f 612/612/612 598/598/598 599/599/599
f 611/611/611 612/612/612 599/599/599
f 609/609/609 611/611/611 613/613/613
f 613/613/613 611/611/611 599/599/599
f 613/613/613 599/599/599 562/562/562
f 614/614/614 609/609/609 613/613/613
f 615/615/615 613/613/613 562/562/562
f 614/614/614 613/613/613 615/615/615
f 616/616/616 614/614/614 615/615/615
f 619/619/619 618/618/618 617/617/617
f 618/618/618 620/620/620 617/617/617
f 617/617/617 620/620/620 621/621/621
f 618/618/618 622/622/622 620/620/620
f 620/620/620 623/623/623 621/621/621
f 622/622/622 624/624/624 620/620/620
f 620/620/620 624/624/624 623/623/623
f 623/623/623 625/625/625 621/621/621
f 625/625/625 626/626/626 621/621/621
f 627/627/627 624/624/624 622/622/622
f 628/628/628 627/627/627 622/622/622
f 625/625/625 629/629/629 626/626/626
f 630/630/630 629/629/629 625/625/625
f 629/629/629 631/631/631 626/626/626
f 631/631/631 629/629/629 632/632/632
f 629/629/629 633/633/633 632/632/632
f 629/629/629 630/630/630 633/633/633
f 632/632/632 633/633/633 634/634/634
f 635/635/635 625/625/625 623/623/623
f 635/635/635 630/630/630 625/625/625
f 624/624/624 636/636/636 623/623/623
f 636/636/636 635/635/635 623/623/623
f 633/633/633 637/637/637 634/634/634
f 634/634/634 637/637/637 638/638/638
f 639/639/639 636/636/636 624/624/624
f 627/627/627 639/639/639 624/624/624
f 640/640/640 635/635/635 636/636/636
f 639/639/639 640/640/640 636/636/636
f 635/635/635 640/640/640 630/630/630
f 640/640/640 639/639/639 641/641/641
f 641/641/641 639/639/639 627/627/627
f 642/642/642 640/640/640 641/641/641
f 643/643/643 641/641/641 627/627/627
f 641/641/641 643/643/643 642/642/642
f 643/643/643 627/627/627 628/628/628
f 644/644/644 643/643/643 628/628/628
f 643/643/643 644/644/644 645/645/645
f 643/643/643 645/645/645 642/642/642
f 644/644/644 646/646/646 645/645/645
f 642/642/642 645/645/645 647/647/647
f 640/640/640 642/642/642 647/647/647
f 645/645/645 646/646/646 648/648/648
f 645/645/645 648/648/648 647/647/647
f 646/646/646 649/649/649 648/648/648
f 647/647/647 648/648/648 650/650/650
f 650/650/650 640/640/640 647/647/647
f 648/648/648 649/649/649 651/651/651
f 648/648/648 651/651/651 650/650/650
f 649/649/649 652/652/652 651/651/651
f 650/650/650 651/651/651 653/653/653
f 640/640/640 650/650/650 653/653/653
f 651/651/651 652/652/652 654/654/654
f 651/651/651 654/654/654 653/653/653
f 652/652/652 655/655/655 654/654/654
f 654/654/654 655/655/655 656/656/656
f 657/657/657 654/654/654 656/656/656
f 653/653/653 654/654/654 657/657/657
f 657/657/657 656/656/656 658/658/658
f 659/659/659 653/653/653 657/657/657
f 659/659/659 640/640/640 653/653/653
f 660/660/660 657/657/657 658/658/658
f 659/659/659 657/657/657 660/660/660
f 640/640/640 659/659/659 661/661/661
f 661/661/661 659/659/659 660/660/660
f 660/660/660 658/658/658 662/662/662
f 658/658/658 663/663/663 662/662/662
f 664/664/664 640/640/640 661/661/661
f 640/640/640 664/664/664 630/630/630
f 661/661/661 660/660/660 665/665/665
f 661/661/661 665/665/665 664/664/664
f 660/660/660 662/662/662 665/665/665
f 665/665/665 662/662/662 666/666/666
f 662/662/662 663/663/663 667/667/667
f 662/662/662 667/667/667 666/666/666
f 663/663/663 668/668/668 667/667/667
f 668/668/668 669/669/669 667/667/667
f 665/665/665 670/670/670 664/664/664
f 664/664/664 670/670/670 630/630/630
f 665/665/665 666/666/666 670/670/670
f 669/669/669 671/671/671 667/667/667
f 667/667/667 671/671/671 666/666/666
f 669/669/669 672/672/672 671/671/671
f 670/670/670 673/673/673 630/630/630
f 630/630/630 673/673/673 633/633/633
f 633/633/633 673/673/673 637/637/637
f 672/672/672 674/674/674 671/671/671
f 674/674/674 672/672/672 675/675/675
f 670/670/670 676/676/676 673/673/673
f 666/666/666 676/676/676 670/670/670
f 677/677/677 676/676/676 666/666/666
f 678/678/678 677/677/677 666/666/666
f 671/671/671 678/678/678 666/666/666
f 671/671/671 674/674/674 678/678/678
f 676/676/676 677/677/677 679/679/679
f 676/676/676 679/679/679 673/673/673
f 673/673/673 679/679/679 637/637/637
f 680/680/680 674/674/674 675/675/675
f 680/680/680 675/675/675 681/681/681
f 674/674/674 682/682/682 678/678/678
f 677/677/677 678/678/678 682/682/682
f 682/682/682 674/674/674 680/680/680
f 637/637/637 679/679/679 683/683/683
f 637/637/637 683/683/683 638/638/638
f 638/638/638 683/683/683 684/684/684
f 685/685/685 680/680/680 681/681/681
f 685/685/685 681/681/681 686/686/686
f 687/687/687 682/682/682 680/680/680
f 687/687/687 677/677/677 682/682/682
f 687/687/687 680/680/680 685/685/685
f 679/679/679 688/688/688 683/683/683
f 677/677/677 688/688/688 679/679/679
f 683/683/683 689/689/689 684/684/684
f 683/683/683 688/688/688 689/689/689
f 690/690/690 685/685/685 686/686/686
f 690/690/690 686/686/686 691/691/691
f 692/692/692 687/687/687 685/685/685
f 677/677/677 687/687/687 692/692/692
f 692/692/692 685/685/685 690/690/690
f 688/688/688 677/677/677 693/693/693
f 688/688/688 693/693/693 689/689/689
f 694/694/694 677/677/677 692/692/692
f 694/694/694 692/692/692 690/690/690
f 677/677/677 694/694/694 693/693/693
f 694/694/694 690/690/690 695/695/695
f 693/693/693 694/694/694 695/695/695
f 695/695/695 690/690/690 691/691/691
f 693/693/693 695/695/695 689/689/689
f 689/689/689 696/696/696 684/684/684
f 695/695/695 696/696/696 689/689/689
f 695/695/695 691/691/691 696/696/696
f 696/696/696 697/697/697 684/684/684
f 691/691/691 698/698/698 696/696/696
f 696/696/696 698/698/698 697/697/697
f 698/698/698 699/699/699 697/697/697
f 702/702/702 701/701/701 700/700/700
f 703/703/703 702/702/702 700/700/700
f 703/703/703 700/700/700 704/704/704
f 705/705/705 702/702/702 703/703/703
f 706/706/706 703/703/703 704/704/704
f 707/707/707 705/705/705 703/703/703
f 707/707/707 703/703/703 706/706/706
f 708/708/708 706/706/706 704/704/704
f 709/709/709 708/708/708 704/704/704
f 707/707/707 710/710/710 705/705/705
f 710/710/710 711/711/711 705/705/705
f 712/712/712 708/708/708 709/709/709
f 712/712/712 713/713/713 708/708/708
f 714/714/714 712/712/712 709/709/709
f 712/712/712 714/714/714 715/715/715
f 716/716/716 712/712/712 715/715/715
f 713/713/713 712/712/712 716/716/716
f 716/716/716 715/715/715 717/717/717
f 708/708/708 718/718/718 706/706/706
f 713/713/713 718/718/718 708/708/708
f 719/719/719 707/707/707 706/706/706
f 718/718/718 719/719/719 706/706/706
f 720/720/720 716/716/716 717/717/717
f 720/720/720 717/717/717 721/721/721
f 719/719/719 722/722/722 707/707/707
f 722/722/722 710/710/710 707/707/707
f 718/718/718 723/723/723 719/719/719
f 723/723/723 722/722/722 719/719/719
f 723/723/723 718/718/718 713/713/713
f 722/722/722 723/723/723 724/724/724
f 722/722/722 724/724/724 710/710/710
f 725/725/725 723/723/723 713/713/713
f 726/726/726 713/713/713 716/716/716
f 726/726/726 716/716/716 720/720/720
f 727/727/727 720/720/720 721/721/721
f 727/727/727 721/721/721 728/728/728
f 724/724/724 729/729/729 710/710/710
f 710/710/710 729/729/729 711/711/711
f 729/729/729 730/730/730 711/711/711
f 731/731/731 730/730/730 729/729/729
f 732/732/732 731/731/731 729/729/729
f 732/732/732 729/729/729 724/724/724
f 733/733/733 731/731/731 732/732/732
f 734/734/734 732/732/732 724/724/724
f 723/723/723 734/734/734 724/724/724
f 735/735/735 733/733/733 732/732/732
f 735/735/735 732/732/732 734/734/734
f 736/736/736 733/733/733 735/735/735
f 737/737/737 735/735/735 734/734/734
f 734/734/734 723/723/723 737/737/737
f 738/738/738 736/736/736 735/735/735
f 738/738/738 735/735/735 737/737/737
f 739/739/739 736/736/736 738/738/738
f 740/740/740 738/738/738 737/737/737
f 723/723/723 740/740/740 737/737/737
f 741/741/741 739/739/739 738/738/738
f 741/741/741 738/738/738 740/740/740
f 739/739/739 741/741/741 742/742/742
f 743/743/743 741/741/741 740/740/740
f 740/740/740 723/723/723 743/743/743
f 741/741/741 744/744/744 742/742/742
f 741/741/741 743/743/743 744/744/744
f 742/742/742 744/744/744 745/745/745
f 723/723/723 746/746/746 743/743/743
f 743/743/743 746/746/746 744/744/744
f 744/744/744 747/747/747 745/745/745
f 744/744/744 746/746/746 747/747/747
f 746/746/746 723/723/723 748/748/748
f 746/746/746 748/748/748 747/747/747
f 723/723/723 725/725/725 748/748/748
f 745/745/745 747/747/747 749/749/749
f 750/750/750 745/745/745 749/749/749
f 747/747/747 748/748/748 751/751/751
f 751/751/751 748/748/748 725/725/725
f 749/749/749 747/747/747 751/751/751
f 749/749/749 751/751/751 752/752/752
f 750/750/750 749/749/749 753/753/753
f 753/753/753 749/749/749 752/752/752
f 754/754/754 750/750/750 753/753/753
f 755/755/755 754/754/754 753/753/753
f 756/756/756 751/751/751 725/725/725
f 752/752/752 751/751/751 756/756/756
f 756/756/756 725/725/725 713/713/713
f 726/726/726 756/756/756 713/713/713
f 757/757/757 755/755/755 753/753/753
f 757/757/757 753/753/753 752/752/752
f 758/758/758 755/755/755 757/757/757
f 759/759/759 756/756/756 726/726/726
f 759/759/759 752/752/752 756/756/756
f 759/759/759 760/760/760 752/752/752
f 760/760/760 761/761/761 752/752/752
f 761/761/761 757/757/757 752/752/752
f 760/760/760 759/759/759 762/762/762
f 762/762/762 759/759/759 726/726/726
f 762/762/762 726/726/726 720/720/720
f 762/762/762 720/720/720 727/727/727
f 763/763/763 758/758/758 757/757/757
f 763/763/763 757/757/757 761/761/761
f 764/764/764 762/762/762 727/727/727
f 764/764/764 760/760/760 762/762/762
f 764/764/764 727/727/727 765/765/765
f 765/765/765 727/727/727 728/728/728
f 763/763/763 766/766/766 758/758/758
f 766/766/766 767/767/767 758/758/758
f 768/768/768 763/763/763 761/761/761
f 761/761/761 760/760/760 768/768/768
f 768/768/768 769/769/769 763/763/763
f 769/769/769 766/766/766 763/763/763
f 760/760/760 769/769/769 768/768/768
f 766/766/766 770/770/770 767/767/767
f 770/770/770 771/771/771 767/767/767
f 771/771/771 770/770/770 772/772/772
f 769/769/769 773/773/773 766/766/766
f 773/773/773 770/770/770 766/766/766
f 769/769/769 760/760/760 773/773/773
f 770/770/770 774/774/774 772/772/772
f 770/770/770 773/773/773 774/774/774
f 772/772/772 774/774/774 775/775/775
f 760/760/760 776/776/776 773/773/773
f 773/773/773 776/776/776 774/774/774
f 774/774/774 777/777/777 775/775/775
f 774/774/774 776/776/776 777/777/777
f 776/776/776 760/760/760 778/778/778
f 776/776/776 778/778/778 777/777/777
f 760/760/760 764/764/764 778/778/778
f 778/778/778 764/764/764 765/765/765
f 777/777/777 778/778/778 765/765/765
f 775/775/775 777/777/777 779/779/779
f 779/779/779 777/777/777 765/765/765
f 779/779/779 765/765/765 728/728/728
f 780/780/780 775/775/775 779/779/779
f 781/781/781 779/779/779 728/728/728
f 780/780/780 779/779/779 781/781/781
f 782/782/782 780/780/780 781/781/781
f 785/785/785 784/784/784 783/783/783
f 784/784/784 786/786/786 783/783/783
f 783/783/783 786/786/786 787/787/787
f 784/784/784 788/788/788 786/786/786
f 786/786/786 789/789/789 787/787/787
f 788/788/788 790/790/790 786/786/786
f 786/786/786 790/790/790 789/789/789
f 789/789/789 791/791/791 787/787/787
f 791/791/791 792/792/792 787/787/787
f 793/793/793 790/790/790 788/788/788
f 794/794/794 793/793/793 788/788/788
f 791/791/791 795/795/795 792/792/792
f 796/796/796 795/795/795 791/791/791
f 795/795/795 797/797/797 792/792/792
f 797/797/797 795/795/795 798/798/798
f 795/795/795 799/799/799 798/798/798
f 795/795/795 796/796/796 799/799/799
f 798/798/798 799/799/799 800/800/800
f 801/801/801 791/791/791 789/789/789
f 801/801/801 796/796/796 791/791/791
f 790/790/790 802/802/802 789/789/789
f 802/802/802 801/801/801 789/789/789
f 799/799/799 803/803/803 800/800/800
f 800/800/800 803/803/803 804/804/804
f 805/805/805 802/802/802 790/790/790
f 793/793/793 805/805/805 790/790/790
f 806/806/806 801/801/801 802/802/802
f 805/805/805 806/806/806 802/802/802
f 801/801/801 806/806/806 796/796/796
f 806/806/806 805/805/805 807/807/807
f 807/807/807 805/805/805 793/793/793
f 808/808/808 806/806/806 807/807/807
f 809/809/809 807/807/807 793/793/793
f 807/807/807 809/809/809 808/808/808
f 809/809/809 793/793/793 794/794/794
f 810/810/810 809/809/809 794/794/794
f 809/809/809 810/810/810 811/811/811
f 809/809/809 811/811/811 808/808/808
f 810/810/810 812/812/812 811/811/811
f 808/808/808 811/811/811 813/813/813
f 806/806/806 808/808/808 813/813/813
f 811/811/811 812/812/812 814/814/814
f 811/811/811 814/814/814 813/813/813
f 812/812/812 815/815/815 814/814/814
f 813/813/813 814/814/814 816/816/816
f 816/816/816 806/806/806 813/813/813
f 814/814/814 815/815/815 817/817/817
f 814/814/814 817/817/817 816/816/816
f 815/815/815 818/818/818 817/817/817
f 816/816/816 817/817/817 819/819/819
f 806/806/806 816/816/816 819/819/819
f 817/817/817 818/818/818 820/820/820
f 817/817/817 820/820/820 819/819/819
f 818/818/818 821/821/821 820/820/820
f 820/820/820 821/821/821 822/822/822
f 823/823/823 820/820/820 822/822/822
f 819/819/819 820/820/820 823/823/823
f 823/823/823 822/822/822 824/824/824
f 825/825/825 819/819/819 823/823/823
f 825/825/825 806/806/806 819/819/819
f 826/826/826 823/823/823 824/824/824
f 825/825/825 823/823/823 826/826/826
f 806/806/806 825/825/825 827/827/827
f 827/827/827 825/825/825 826/826/826
f 826/826/826 824/824/824 828/828/828
f 824/824/824 829/829/829 828/828/828
f 830/830/830 806/806/806 827/827/827
f 806/806/806 830/830/830 796/796/796
f 827/827/827 826/826/826 831/831/831
f 827/827/827 831/831/831 830/830/830
f 826/826/826 828/828/828 831/831/831
f 831/831/831 828/828/828 832/832/832
f 828/828/828 829/829/829 833/833/833
f 828/828/828 833/833/833 832/832/832
f 829/829/829 834/834/834 833/833/833
f 834/834/834 835/835/835 833/833/833
f 831/831/831 836/836/836 830/830/830
f 830/830/830 836/836/836 796/796/796
f 831/831/831 832/832/832 836/836/836
f 835/835/835 837/837/837 833/833/833
f 833/833/833 837/837/837 832/832/832
f 835/835/835 838/838/838 837/837/837
f 836/836/836 839/839/839 796/796/796
f 796/796/796 839/839/839 799/799/799
f 799/799/799 839/839/839 803/803/803
f 838/838/838 840/840/840 837/837/837
f 838/838/838 841/841/841 840/840/840
f 836/836/836 842/842/842 839/839/839
f 832/832/832 842/842/842 836/836/836
f 843/843/843 842/842/842 832/832/832
f 844/844/844 843/843/843 832/832/832
f 837/837/837 844/844/844 832/832/832
f 837/837/837 840/840/840 844/844/844
f 842/842/842 843/843/843 845/845/845
f 842/842/842 845/845/845 839/839/839
f 839/839/839 845/845/845 803/803/803
f 841/841/841 846/846/846 840/840/840
f 841/841/841 847/847/847 846/846/846
f 840/840/840 848/848/848 844/844/844
f 843/843/843 844/844/844 848/848/848
f 840/840/840 846/846/846 848/848/848
f 803/803/803 845/845/845 849/849/849
f 803/803/803 849/849/849 804/804/804
f 804/804/804 849/849/849 850/850/850
f 847/847/847 851/851/851 846/846/846
f 851/851/851 847/847/847 852/852/852
f 846/846/846 853/853/853 848/848/848
f 853/853/853 843/843/843 848/848/848
f 846/846/846 851/851/851 853/853/853
f 845/845/845 854/854/854 849/849/849
f 843/843/843 854/854/854 845/845/845
f 849/849/849 855/855/855 850/850/850
f 849/849/849 854/854/854 855/855/855
f 856/856/856 851/851/851 852/852/852
f 856/856/856 852/852/852 857/857/857
f 851/851/851 858/858/858 853/853/853
f 843/843/843 853/853/853 858/858/858
f 858/858/858 851/851/851 856/856/856
f 854/854/854 843/843/843 859/859/859
f 854/854/854 859/859/859 855/855/855
f 860/860/860 843/843/843 858/858/858
f 860/860/860 858/858/858 856/856/856
f 843/843/843 860/860/860 859/859/859
f 860/860/860 856/856/856 861/861/861
f 859/859/859 860/860/860 861/861/861
f 861/861/861 856/856/856 857/857/857
f 859/859/859 861/861/861 855/855/855
f 855/855/855 862/862/862 850/850/850
f 861/861/861 862/862/862 855/855/855
f 861/861/861 857/857/857 862/862/862
f 862/862/862 863/863/863 850/850/850
f 857/857/857 864/864/864 862/862/862
f 862/862/862 864/864/864 863/863/863
f 864/864/864 865/865/865 863/863/863
f 868/868/868 867/867/867 866/866/866
f 869/869/869 868/868/868 866/866/866
f 869/869/869 866/866/866 870/870/870
f 871/871/871 868/868/868 869/869/869
f 872/872/872 869/869/869 870/870/870
f 873/873/873 872/872/872 870/870/870
f 874/874/874 873/873/873 870/870/870
f 873/873/873 874/874/874 875/875/875
f 876/876/876 871/871/871 869/869/869
f 876/876/876 869/869/869 872/872/872
f 872/872/872 873/873/873 877/877/877
f 877/877/877 876/876/876 872/872/872
f 871/871/871 876/876/876 878/878/878
f 879/879/879 871/871/871 878/878/878
f 876/876/876 877/877/877 880/880/880
f 873/873/873 880/880/880 877/877/877
f 878/878/878 876/876/876 880/880/880
f 879/879/879 878/878/878 881/881/881
f 882/882/882 879/879/879 881/881/881
f 878/878/878 880/880/880 883/883/883
f 880/880/880 873/873/873 883/883/883
f 881/881/881 878/878/878 883/883/883
f 882/882/882 881/881/881 884/884/884
f 885/885/885 882/882/882 884/884/884
f 881/881/881 883/883/883 886/886/886
f 873/873/873 886/886/886 883/883/883
f 884/884/884 881/881/881 886/886/886
f 885/885/885 884/884/884 887/887/887
f 888/888/888 885/885/885 887/887/887
f 889/889/889 888/888/888 887/887/887
f 884/884/884 886/886/886 890/890/890
f 886/886/886 873/873/873 890/890/890
f 887/887/887 884/884/884 890/890/890
f 891/891/891 889/889/889 887/887/887
f 891/891/891 887/887/887 890/890/890
f 892/892/892 889/889/889 891/891/891
f 873/873/873 893/893/893 890/890/890
f 893/893/893 873/873/873 875/875/875
f 894/894/894 891/891/891 890/890/890
f 894/894/894 890/890/890 893/893/893
f 895/895/895 893/893/893 875/875/875
f 895/895/895 894/894/894 893/893/893
f 896/896/896 895/895/895 875/875/875
f 897/897/897 892/892/892 891/891/891
f 897/897/897 891/891/891 894/894/894
f 898/898/898 895/895/895 896/896/896
f 899/899/899 898/898/898 896/896/896
f 900/900/900 898/898/898 899/899/899
f 901/901/901 900/900/900 899/899/899
f 900/900/900 901/901/901 902/902/902
f 903/903/903 894/894/894 895/895/895
f 898/898/898 903/903/903 895/895/895
f 903/903/903 897/897/897 894/894/894
f 898/898/898 900/900/900 903/903/903
f 897/897/897 904/904/904 892/892/892
f 904/904/904 905/905/905 892/892/892
f 903/903/903 906/906/906 897/897/897
f 900/900/900 906/906/906 903/903/903
f 906/906/906 904/904/904 897/897/897
f 904/904/904 907/907/907 905/905/905
f 907/907/907 908/908/908 905/905/905
f 906/906/906 909/909/909 904/904/904
f 906/906/906 900/900/900 909/909/909
f 909/909/909 907/907/907 904/904/904
f 907/907/907 910/910/910 908/908/908
f 910/910/910 911/911/911 908/908/908
f 909/909/909 912/912/912 907/907/907
f 900/900/900 912/912/912 909/909/909
f 912/912/912 910/910/910 907/907/907
f 910/910/910 913/913/913 911/911/911
f 913/913/913 914/914/914 911/911/911
f 912/912/912 915/915/915 910/910/910
f 912/912/912 900/900/900 915/915/915
f 915/915/915 913/913/913 910/910/910
f 900/900/900 916/916/916 915/915/915
f 913/913/913 915/915/915 916/916/916
f 916/916/916 900/900/900 902/902/902
f 914/914/914 913/913/913 917/917/917
f 917/917/917 913/913/913 916/916/916
f 917/917/917 916/916/916 902/902/902
f 918/918/918 914/914/914 917/917/917
f 919/919/919 917/917/917 902/902/902
f 918/918/918 917/917/917 919/919/919
f 920/920/920 918/918/918 919/919/919
f 923/923/923 922/922/922 921/921/921
f 924/924/924 923/923/923 921/921/921
f 924/924/924 921/921/921 925/925/925
f 926/926/926 923/923/923 924/924/924
f 927/927/927 924/924/924 925/925/925
f 928/928/928 927/927/927 925/925/925
f 929/929/929 928/928/928 925/925/925
f 928/928/928 929/929/929 930/930/930
f 931/931/931 926/926/926 924/924/924
f 931/931/931 924/924/924 927/927/927
f 932/932/932 928/928/928 930/930/930
f 932/932/932 930/930/930 933/933/933
f 934/934/934 932/932/932 933/933/933
f 934/934/934 933/933/933 935/935/935
f 926/926/926 931/931/931 936/936/936
f 937/937/937 926/926/926 936/936/936
f 938/938/938 931/931/931 927/927/927
f 927/927/927 928/928/928 938/938/938
f 931/931/931 938/938/938 939/939/939
f 936/936/936 931/931/931 939/939/939
f 928/928/928 939/939/939 938/938/938
f 937/937/937 936/936/936 940/940/940
f 941/941/941 937/937/937 940/940/940
f 941/941/941 940/940/940 942/942/942
f 936/936/936 939/939/939 943/943/943
f 940/940/940 936/936/936 943/943/943
f 939/939/939 928/928/928 943/943/943
f 940/940/940 944/944/944 942/942/942
f 940/940/940 943/943/943 944/944/944
f 942/942/942 944/944/944 945/945/945
f 928/928/928 946/946/946 943/943/943
f 943/943/943 946/946/946 944/944/944
f 944/944/944 947/947/947 945/945/945
f 944/944/944 946/946/946 947/947/947
f 946/946/946 928/928/928 948/948/948
f 946/946/946 948/948/948 947/947/947
f 928/928/928 932/932/932 948/948/948
f 948/948/948 932/932/932 934/934/934
f 945/945/945 947/947/947 949/949/949
f 950/950/950 945/945/945 949/949/949
f 947/947/947 948/948/948 951/951/951
f 951/951/951 948/948/948 934/934/934
f 949/949/949 947/947/947 951/951/951
f 950/950/950 949/949/949 952/952/952
f 953/953/953 950/950/950 952/952/952
f 954/954/954 953/953/953 952/952/952
f 951/951/951 934/934/934 955/955/955
f 955/955/955 934/934/934 935/935/935
f 956/956/956 955/955/955 935/935/935
f 957/957/957 956/956/956 935/935/935
f 956/956/956 957/957/957 958/958/958
f 949/949/949 951/951/951 959/959/959
f 959/959/959 951/951/951 955/955/955
f 952/952/952 949/949/949 959/959/959
f 955/955/955 956/956/956 959/959/959
f 960/960/960 954/954/954 952/952/952
f 960/960/960 952/952/952 959/959/959
f 961/961/961 954/954/954 960/960/960
f 962/962/962 960/960/960 959/959/959
f 956/956/956 962/962/962 959/959/959
f 963/963/963 961/961/961 960/960/960
f 963/963/963 960/960/960 962/962/962
f 962/962/962 956/956/956 964/964/964
f 964/964/964 963/963/963 962/962/962
f 963/963/963 965/965/965 961/961/961
f 965/965/965 966/966/966 961/961/961
f 964/964/964 967/967/967 963/963/963
f 956/956/956 967/967/967 964/964/964
f 967/967/967 965/965/965 963/963/963
f 965/965/965 968/968/968 966/966/966
f 968/968/968 969/969/969 966/966/966
f 967/967/967 970/970/970 965/965/965
f 967/967/967 956/956/956 970/970/970
f 970/970/970 968/968/968 965/965/965
f 956/956/956 971/971/971 970/970/970
f 968/968/968 970/970/970 971/971/971
f 971/971/971 956/956/956 958/958/958
f 969/969/969 968/968/968 972/972/972
f 972/972/972 968/968/968 971/971/971
f 972/972/972 971/971/971 958/958/958
f 973/973/973 969/969/969 972/972/972
f 974/974/974 972/972/972 958/958/958
f 973/973/973 972/972/972 974/974/974
f 975/975/975 973/973/973 974/974/974
f 978/978/978 977/977/977 976/976/976
f 977/977/977 979/979/979 976/976/976
f 977/977/977 980/980/980 979/979/979
f 976/976/976 979/979/979 981/981/981
f 980/980/980 982/982/982 979/979/979
f 982/982/982 980/980/980 983/983/983
f 979/979/979 984/984/984 981/981/981
f 979/979/979 982/982/982 984/984/984
f 984/984/984 985/985/985 981/981/981
f 985/985/985 986/986/986 981/981/981
f 986/986/986 985/985/985 987/987/987
f 988/988/988 982/982/982 983/983/983
f 988/988/988 983/983/983 989/989/989
f 982/982/982 990/990/990 984/984/984
f 985/985/985 984/984/984 990/990/990
f 990/990/990 982/982/982 988/988/988
f 991/991/991 988/988/988 989/989/989
f 991/991/991 989/989/989 992/992/992
f 993/993/993 990/990/990 988/988/988
f 993/993/993 985/985/985 990/990/990
f 993/993/993 988/988/988 991/991/991
f 994/994/994 991/991/991 992/992/992
f 994/994/994 992/992/992 995/995/995
f 996/996/996 993/993/993 991/991/991
f 985/985/985 993/993/993 996/996/996
f 996/996/996 991/991/991 994/994/994
f 997/997/997 996/996/996 994/994/994
f 997/997/997 985/985/985 996/996/996
f 985/985/985 998/998/998 987/987/987
f 987/987/987 998/998/998 999/999/999
f 1000/1000/1000 994/994/994 995/995/995
f 997/997/997 994/994/994 1000/1000/1000
f 985/985/985 997/997/997 1001/1001/1001
f 998/998/998 985/985/985 1001/1001/1001
f 1001/1001/1001 997/997/997 1000/1000/1000
f 998/998/998 1002/1002/1002 999/999/999
f 998/998/998 1001/1001/1001 1002/1002/1002
f 999/999/999 1002/1002/1002 1003/1003/1003
f 1000/1000/1000 995/995/995 1004/1004/1004
f 995/995/995 1005/1005/1005 1004/1004/1004
f 1001/1001/1001 1000/1000/1000 1006/1006/1006
f 1001/1001/1001 1006/1006/1006 1002/1002/1002
f 1000/1000/1000 1004/1004/1004 1006/1006/1006
f 1002/1002/1002 1007/1007/1007 1003/1003/1003
f 1002/1002/1002 1006/1006/1006 1007/1007/1007
f 1007/1007/1007 1008/1008/1008 1003/1003/1003
f 1008/1008/1008 1009/1009/1009 1003/1003/1003
f 1009/1009/1009 1008/1008/1008 1010/1010/1010
f 1006/1006/1006 1011/1011/1011 1007/1007/1007
f 1006/1006/1006 1004/1004/1004 1011/1011/1011
f 1008/1008/1008 1007/1007/1007 1011/1011/1011
f 1004/1004/1004 1005/1005/1005 1012/1012/1012
f 1004/1004/1004 1012/1012/1012 1011/1011/1011
f 1005/1005/1005 1013/1013/1013 1012/1012/1012
f 1013/1013/1013 1014/1014/1014 1012/1012/1012
f 1014/1014/1014 1015/1015/1015 1012/1012/1012
f 1012/1012/1012 1015/1015/1015 1011/1011/1011
f 1014/1014/1014 1016/1016/1016 1015/1015/1015
f 1015/1015/1015 1017/1017/1017 1011/1011/1011
f 1017/1017/1017 1008/1008/1008 1011/1011/1011
f 1016/1016/1016 1018/1018/1018 1015/1015/1015
f 1015/1015/1015 1018/1018/1018 1017/1017/1017
f 1016/1016/1016 1019/1019/1019 1018/1018/1018
f 1018/1018/1018 1020/1020/1020 1017/1017/1017
f 1008/1008/1008 1017/1017/1017 1020/1020/1020
f 1019/1019/1019 1021/1021/1021 1018/1018/1018
f 1018/1018/1018 1021/1021/1021 1020/1020/1020
f 1019/1019/1019 1022/1022/1022 1021/1021/1021
f 1021/1021/1021 1023/1023/1023 1020/1020/1020
f 1023/1023/1023 1008/1008/1008 1020/1020/1020
f 1022/1022/1022 1024/1024/1024 1021/1021/1021
f 1021/1021/1021 1024/1024/1024 1023/1023/1023
f 1008/1008/1008 1023/1023/1023 1025/1025/1025
f 1024/1024/1024 1025/1025/1025 1023/1023/1023
f 1026/1026/1026 1008/1008/1008 1025/1025/1025
f 1025/1025/1025 1024/1024/1024 1026/1026/1026
f 1008/1008/1008 1026/1026/1026 1010/1010/1010
f 1024/1024/1024 1022/1022/1022 1027/1027/1027
f 1024/1024/1024 1027/1027/1027 1026/1026/1026
f 1026/1026/1026 1027/1027/1027 1010/1010/1010
f 1022/1022/1022 1028/1028/1028 1027/1027/1027
f 1027/1027/1027 1029/1029/1029 1010/1010/1010
f 1027/1027/1027 1028/1028/1028 1029/1029/1029
f 1028/1028/1028 1030/1030/1030 1029/1029/1029
f 1033/1033/1033 1032/1032/1032 1031/1031/1031
f 1032/1032/1032 1034/1034/1034 1031/1031/1031
f 1032/1032/1032 1035/1035/1035 1034/1034/1034
f 1031/1031/1031 1034/1034/1034 1036/1036/1036
f 1035/1035/1035 1037/1037/1037 1034/1034/1034
f 1037/1037/1037 1035/1035/1035 1038/1038/1038
f 1034/1034/1034 1039/1039/1039 1036/1036/1036
f 1034/1034/1034 1037/1037/1037 1039/1039/1039
f 1039/1039/1039 1040/1040/1040 1036/1036/1036
f 1040/1040/1040 1041/1041/1041 1036/1036/1036
f 1041/1041/1041 1040/1040/1040 1042/1042/1042
f 1043/1043/1043 1037/1037/1037 1038/1038/1038
f 1043/1043/1043 1038/1038/1038 1044/1044/1044
f 1037/1037/1037 1045/1045/1045 1039/1039/1039
f 1040/1040/1040 1039/1039/1039 1045/1045/1045
f 1045/1045/1045 1037/1037/1037 1043/1043/1043
f 1046/1046/1046 1045/1045/1045 1043/1043/1043
f 1046/1046/1046 1040/1040/1040 1045/1045/1045
f 1047/1047/1047 1043/1043/1043 1044/1044/1044
f 1046/1046/1046 1043/1043/1043 1047/1047/1047
f 1040/1040/1040 1046/1046/1046 1048/1048/1048
f 1048/1048/1048 1046/1046/1046 1047/1047/1047
f 1047/1047/1047 1044/1044/1044 1049/1049/1049
f 1044/1044/1044 1050/1050/1050 1049/1049/1049
f 1048/1048/1048 1047/1047/1047 1051/1051/1051
f 1051/1051/1051 1040/1040/1040 1048/1048/1048
f 1047/1047/1047 1049/1049/1049 1051/1051/1051
f 1049/1049/1049 1050/1050/1050 1052/1052/1052
f 1050/1050/1050 1053/1053/1053 1052/1052/1052
f 1053/1053/1053 1054/1054/1054 1052/1052/1052
f 1051/1051/1051 1049/1049/1049 1055/1055/1055
f 1040/1040/1040 1051/1051/1051 1055/1055/1055
f 1049/1049/1049 1052/1052/1052 1055/1055/1055
f 1054/1054/1054 1056/1056/1056 1052/1052/1052
f 1052/1052/1052 1056/1056/1056 1055/1055/1055
f 1054/1054/1054 1057/1057/1057 1056/1056/1056
f 1058/1058/1058 1040/1040/1040 1055/1055/1055
f 1040/1040/1040 1058/1058/1058 1042/1042/1042
f 1056/1056/1056 1059/1059/1059 1055/1055/1055
f 1055/1055/1055 1059/1059/1059 1058/1058/1058
f 1058/1058/1058 1060/1060/1060 1042/1042/1042
f 1059/1059/1059 1060/1060/1060 1058/1058/1058
f 1060/1060/1060 1061/1061/1061 1042/1042/1042
f 1057/1057/1057 1062/1062/1062 1056/1056/1056
f 1056/1056/1056 1062/1062/1062 1059/1059/1059
f 1060/1060/1060 1063/1063/1063 1061/1061/1061
f 1063/1063/1063 1064/1064/1064 1061/1061/1061
f 1063/1063/1063 1065/1065/1065 1064/1064/1064
f 1065/1065/1065 1066/1066/1066 1064/1064/1064
f 1066/1066/1066 1065/1065/1065 1067/1067/1067
f 1059/1059/1059 1068/1068/1068 1060/1060/1060
f 1068/1068/1068 1063/1063/1063 1060/1060/1060
f 1062/1062/1062 1068/1068/1068 1059/1059/1059
f 1065/1065/1065 1063/1063/1063 1068/1068/1068
f 1069/1069/1069 1062/1062/1062 1057/1057/1057
f 1070/1070/1070 1069/1069/1069 1057/1057/1057
f 1071/1071/1071 1068/1068/1068 1062/1062/1062
f 1071/1071/1071 1065/1065/1065 1068/1068/1068
f 1069/1069/1069 1071/1071/1071 1062/1062/1062
f 1072/1072/1072 1069/1069/1069 1070/1070/1070
f 1073/1073/1073 1072/1072/1072 1070/1070/1070
f 1073/1073/1073 1074/1074/1074 1072/1072/1072
f 1075/1075/1075 1071/1071/1071 1069/1069/1069
f 1072/1072/1072 1075/1075/1075 1069/1069/1069
f 1065/1065/1065 1071/1071/1071 1075/1075/1075
f 1074/1074/1074 1076/1076/1076 1072/1072/1072
f 1072/1072/1072 1076/1076/1076 1075/1075/1075
f 1074/1074/1074 1077/1077/1077 1076/1076/1076
f 1076/1076/1076 1078/1078/1078 1075/1075/1075
f 1078/1078/1078 1065/1065/1065 1075/1075/1075
f 1077/1077/1077 1079/1079/1079 1076/1076/1076
f 1076/1076/1076 1079/1079/1079 1078/1078/1078
f 1065/1065/1065 1078/1078/1078 1080/1080/1080
f 1079/1079/1079 1080/1080/1080 1078/1078/1078
f 1081/1081/1081 1065/1065/1065 1080/1080/1080
f 1080/1080/1080 1079/1079/1079 1081/1081/1081
f 1065/1065/1065 1081/1081/1081 1067/1067/1067
f 1079/1079/1079 1077/1077/1077 1082/1082/1082
f 1079/1079/1079 1082/1082/1082 1081/1081/1081
f 1081/1081/1081 1082/1082/1082 1067/1067/1067
f 1077/1077/1077 1083/1083/1083 1082/1082/1082
f 1082/1082/1082 1084/1084/1084 1067/1067/1067
f 1082/1082/1082 1083/1083/1083 1084/1084/1084
f 1083/1083/1083 1085/1085/1085 1084/1084/1084
f 1088/1088/1088 1087/1087/1087 1086/1086/1086
f 1089/1089/1089 1088/1088/1088 1086/1086/1086
f 1089/1089/1089 1090/1090/1090 1088/1088/1088
f 1090/1090/1090 1091/1091/1091 1088/1088/1088
f 1092/1092/1092 1091/1091/1091 1090/1090/1090
f 1093/1093/1093 1092/1092/1092 1090/1090/1090
f 1094/1094/1094 1092/1092/1092 1093/1093/1093
f 1095/1095/1095 1094/1094/1094 1093/1093/1093
f 1095/1095/1095 1096/1096/1096 1094/1094/1094
f 1096/1096/1096 1097/1097/1097 1094/1094/1094
f 1098/1098/1098 1097/1097/1097 1096/1096/1096
f 1099/1099/1099 1098/1098/1098 1096/1096/1096
f 1098/1098/1098 1099/1099/1099 1100/1100/1100
f 1099/1099/1099 1101/1101/1101 1100/1100/1100
f 1100/1100/1100 1101/1101/1101 1102/1102/1102
f 1101/1101/1101 1103/1103/1103 1102/1102/1102
f 1104/1104/1104 1102/1102/1102 1103/1103/1103
f 1105/1105/1105 1104/1104/1104 1103/1103/1103
f 1105/1105/1105 1106/1106/1106 1104/1104/1104
f 1106/1106/1106 1107/1107/1107 1104/1104/1104
f 1108/1108/1108 1107/1107/1107 1106/1106/1106
f 1109/1109/1109 1108/1108/1108 1106/1106/1106
f 1110/1110/1110 1108/1108/1108 1109/1109/1109
f 1111/1111/1111 1110/1110/1110 1109/1109/1109
f 1110/1110/1110 1111/1111/1111 1112/1112/1112
f 1111/1111/1111 1113/1113/1113 1112/1112/1112
f 1112/1112/1112 1113/1113/1113 1114/1114/1114
f 1115/1115/1115 1112/1112/1112 1114/1114/1114
f 1115/1115/1115 1114/1114/1114 1116/1116/1116
f 1114/1114/1114 1117/1117/1117 1116/1116/1116
f 1116/1116/1116 1117/1117/1117 1118/1118/1118
f 1119/1119/1119 1116/1116/1116 1118/1118/1118
f 1119/1119/1119 1118/1118/1118 1120/1120/1120
f 1118/1118/1118 1121/1121/1121 1120/1120/1120
f 1120/1120/1120 1121/1121/1121 1122/1122/1122
f 1121/1121/1121 1123/1123/1123 1122/1122/1122
f 1122/1122/1122 1123/1123/1123 1124/1124/1124
f 1125/1125/1125 1122/1122/1122 1124/1124/1124
f 1125/1125/1125 1124/1124/1124 1126/1126/1126
f 1124/1124/1124 1127/1127/1127 1126/1126/1126
f 1130/1130/1130 1129/1129/1129 1128/1128/1128
f 1131/1131/1131 1130/1130/1130 1128/1128/1128
f 1132/1132/1132 1130/1130/1130 1131/1131/1131
f 1133/1133/1133 1132/1132/1132 1131/1131/1131
f 1132/1132/1132 1133/1133/1133 1134/1134/1134
f 1133/1133/1133 1135/1135/1135 1134/1134/1134
f 1134/1134/1134 1135/1135/1135 1136/1136/1136
f 1137/1137/1137 1134/1134/1134 1136/1136/1136
f 1137/1137/1137 1136/1136/1136 1138/1138/1138
f 1136/1136/1136 1139/1139/1139 1138/1138/1138
f 1138/1138/1138 1139/1139/1139 1140/1140/1140
f 1141/1141/1141 1138/1138/1138 1140/1140/1140
f 1141/1141/1141 1140/1140/1140 1142/1142/1142
f 1140/1140/1140 1143/1143/1143 1142/1142/1142
f 1142/1142/1142 1143/1143/1143 1144/1144/1144
f 1143/1143/1143 1145/1145/1145 1144/1144/1144
f 1146/1146/1146 1144/1144/1144 1145/1145/1145
f 1147/1147/1147 1146/1146/1146 1145/1145/1145
f 1147/1147/1147 1148/1148/1148 1146/1146/1146
f 1148/1148/1148 1149/1149/1149 1146/1146/1146
f 1148/1148/1148 1150/1150/1150 1149/1149/1149
f 1150/1150/1150 1151/1151/1151 1149/1149/1149
f 1152/1152/1152 1151/1151/1151 1150/1150/1150
f 1153/1153/1153 1152/1152/1152 1150/1150/1150
f 1152/1152/1152 1153/1153/1153 1154/1154/1154
f 1153/1153/1153 1155/1155/1155 1154/1154/1154
f 1154/1154/1154 1155/1155/1155 1156/1156/1156
f 1155/1155/1155 1157/1157/1157 1156/1156/1156
f 1160/1160/1160 1159/1159/1159 1158/1158/1158
f 1161/1161/1161 1160/1160/1160 1158/1158/1158
f 1159/1159/1159 1162/1162/1162 1158/1158/1158
f 1161/1161/1161 1158/1158/1158 1163/1163/1163
f 1164/1164/1164 1161/1161/1161 1163/1163/1163
f 1165/1165/1165 1164/1164/1164 1163/1163/1163
f 1166/1166/1166 1165/1165/1165 1163/1163/1163
f 1167/1167/1167 1166/1166/1166 1163/1163/1163
f 1162/1162/1162 1168/1168/1168 1158/1158/1158
f 1162/1162/1162 1169/1169/1169 1168/1168/1168
f 1163/1163/1163 1158/1158/1158 1170/1170/1170
f 1170/1170/1170 1167/1167/1167 1163/1163/1163
f 1158/1158/1158 1168/1168/1168 1170/1170/1170
f 1169/1169/1169 1171/1171/1171 1168/1168/1168
f 1168/1168/1168 1171/1171/1171 1170/1170/1170
f 1169/1169/1169 1172/1172/1172 1171/1171/1171
f 1170/1170/1170 1173/1173/1173 1167/1167/1167
f 1171/1171/1171 1173/1173/1173 1170/1170/1170
f 1173/1173/1173 1174/1174/1174 1167/1167/1167
f 1175/1175/1175 1174/1174/1174 1173/1173/1173
f 1176/1176/1176 1175/1175/1175 1173/1173/1173
f 1176/1176/1176 1173/1173/1173 1171/1171/1171
f 1177/1177/1177 1175/1175/1175 1176/1176/1176
f 1172/1172/1172 1178/1178/1178 1171/1171/1171
f 1178/1178/1178 1176/1176/1176 1171/1171/1171
f 1172/1172/1172 1179/1179/1179 1178/1178/1178
f 1180/1180/1180 1177/1177/1177 1176/1176/1176
f 1180/1180/1180 1176/1176/1176 1178/1178/1178
f 1181/1181/1181 1177/1177/1177 1180/1180/1180
f 1179/1179/1179 1182/1182/1182 1178/1178/1178
f 1182/1182/1182 1180/1180/1180 1178/1178/1178
f 1179/1179/1179 1183/1183/1183 1182/1182/1182
f 1184/1184/1184 1181/1181/1181 1180/1180/1180
f 1184/1184/1184 1180/1180/1180 1182/1182/1182
f 1183/1183/1183 1185/1185/1185 1182/1182/1182
f 1185/1185/1185 1184/1184/1184 1182/1182/1182
f 1184/1184/1184 1186/1186/1186 1181/1181/1181
f 1186/1186/1186 1184/1184/1184 1185/1185/1185
f 1186/1186/1186 1187/1187/1187 1181/1181/1181
f 1188/1188/1188 1187/1187/1187 1186/1186/1186
f 1189/1189/1189 1188/1188/1188 1186/1186/1186
f 1190/1190/1190 1185/1185/1185 1183/1183/1183
f 1190/1190/1190 1186/1186/1186 1185/1185/1185
f 1189/1189/1189 1186/1186/1186 1190/1190/1190
f 1191/1191/1191 1190/1190/1190 1183/1183/1183
f 1192/1192/1192 1189/1189/1189 1190/1190/1190
f 1191/1191/1191 1193/1193/1193 1190/1190/1190
f 1193/1193/1193 1192/1192/1192 1190/1190/1190
f 1196/1196/1196 1195/1195/1195 1194/1194/1194
f 1197/1197/1197 1195/1195/1195 1196/1196/1196
f 1198/1198/1198 1196/1196/1196 1194/1194/1194
f 1194/1194/1194 1199/1199/1199 1198/1198/1198
f 1199/1199/1199 1200/1200/1200 1198/1198/1198
f 1198/1198/1198 1200/1200/1200 1201/1201/1201
f 1200/1200/1200 1202/1202/1202 1201/1201/1201
f 1202/1202/1202 1203/1203/1203 1201/1201/1201
f 1204/1204/1204 1196/1196/1196 1198/1198/1198
f 1201/1201/1201 1204/1204/1204 1198/1198/1198
f 1205/1205/1205 1197/1197/1197 1196/1196/1196
f 1205/1205/1205 1196/1196/1196 1204/1204/1204
f 1203/1203/1203 1206/1206/1206 1201/1201/1201
f 1203/1203/1203 1207/1207/1207 1206/1206/1206
f 1208/1208/1208 1204/1204/1204 1201/1201/1201
f 1206/1206/1206 1208/1208/1208 1201/1201/1201
f 1207/1207/1207 1209/1209/1209 1206/1206/1206
f 1209/1209/1209 1207/1207/1207 1210/1210/1210
f 1206/1206/1206 1209/1209/1209 1211/1211/1211
f 1208/1208/1208 1206/1206/1206 1211/1211/1211
f 1204/1204/1204 1208/1208/1208 1212/1212/1212
f 1212/1212/1212 1205/1205/1205 1204/1204/1204
f 1205/1205/1205 1213/1213/1213 1197/1197/1197
f 1213/1213/1213 1214/1214/1214 1197/1197/1197
f 1209/1209/1209 1210/1210/1210 1215/1215/1215
f 1211/1211/1211 1209/1209/1209 1215/1215/1215
f 1208/1208/1208 1216/1216/1216 1212/1212/1212
f 1208/1208/1208 1211/1211/1211 1216/1216/1216
f 1212/1212/1212 1217/1217/1217 1205/1205/1205
f 1217/1217/1217 1213/1213/1213 1205/1205/1205
f 1212/1212/1212 1216/1216/1216 1217/1217/1217
f 1213/1213/1213 1218/1218/1218 1214/1214/1214
f 1218/1218/1218 1219/1219/1219 1214/1214/1214
f 1217/1217/1217 1220/1220/1220 1213/1213/1213
f 1220/1220/1220 1218/1218/1218 1213/1213/1213
f 1216/1216/1216 1221/1221/1221 1217/1217/1217
f 1217/1217/1217 1221/1221/1221 1220/1220/1220
f 1211/1211/1211 1222/1222/1222 1216/1216/1216
f 1216/1216/1216 1222/1222/1222 1221/1221/1221
f 1219/1219/1219 1218/1218/1218 1223/1223/1223
f 1224/1224/1224 1219/1219/1219 1223/1223/1223
f 1218/1218/1218 1220/1220/1220 1225/1225/1225
f 1223/1223/1223 1218/1218/1218 1225/1225/1225
f 1211/1211/1211 1226/1226/1226 1222/1222/1222
f 1215/1215/1215 1226/1226/1226 1211/1211/1211
f 1221/1221/1221 1227/1227/1227 1220/1220/1220
f 1220/1220/1220 1227/1227/1227 1225/1225/1225
f 1222/1222/1222 1228/1228/1228 1221/1221/1221
f 1226/1226/1226 1228/1228/1228 1222/1222/1222
f 1221/1221/1221 1228/1228/1228 1227/1227/1227
f 1224/1224/1224 1223/1223/1223 1229/1229/1229
f 1230/1230/1230 1224/1224/1224 1229/1229/1229
f 1231/1231/1231 1230/1230/1230 1229/1229/1229
f 1223/1223/1223 1225/1225/1225 1232/1232/1232
f 1229/1229/1229 1223/1223/1223 1232/1232/1232
f 1233/1233/1233 1231/1231/1231 1229/1229/1229
f 1233/1233/1233 1229/1229/1229 1232/1232/1232
f 1234/1234/1234 1231/1231/1231 1233/1233/1233
f 1227/1227/1227 1235/1235/1235 1225/1225/1225
f 1225/1225/1225 1235/1235/1235 1232/1232/1232
f 1228/1228/1228 1236/1236/1236 1227/1227/1227
f 1228/1228/1228 1226/1226/1226 1236/1236/1236
f 1227/1227/1227 1236/1236/1236 1235/1235/1235
f 1226/1226/1226 1237/1237/1237 1236/1236/1236
f 1236/1236/1236 1237/1237/1237 1235/1235/1235
f 1235/1235/1235 1238/1238/1238 1232/1232/1232
f 1235/1235/1235 1237/1237/1237 1238/1238/1238
f 1237/1237/1237 1226/1226/1226 1239/1239/1239
f 1237/1237/1237 1239/1239/1239 1238/1238/1238
f 1226/1226/1226 1215/1215/1215 1239/1239/1239
f 1240/1240/1240 1233/1233/1233 1232/1232/1232
f 1232/1232/1232 1238/1238/1238 1240/1240/1240
f 1241/1241/1241 1234/1234/1234 1233/1233/1233
f 1241/1241/1241 1233/1233/1233 1240/1240/1240
f 1238/1238/1238 1239/1239/1239 1242/1242/1242
f 1238/1238/1238 1242/1242/1242 1240/1240/1240
f 1243/1243/1243 1239/1239/1239 1215/1215/1215
f 1239/1239/1239 1243/1243/1243 1242/1242/1242
f 1240/1240/1240 1242/1242/1242 1244/1244/1244
f 1244/1244/1244 1241/1241/1241 1240/1240/1240
f 1241/1241/1241 1245/1245/1245 1234/1234/1234
f 1245/1245/1245 1246/1246/1246 1234/1234/1234
f 1242/1242/1242 1247/1247/1247 1244/1244/1244
f 1242/1242/1242 1243/1243/1243 1247/1247/1247
f 1244/1244/1244 1248/1248/1248 1241/1241/1241
f 1248/1248/1248 1245/1245/1245 1241/1241/1241
f 1244/1244/1244 1247/1247/1247 1248/1248/1248
f 1249/1249/1249 1243/1243/1243 1215/1215/1215
f 1249/1249/1249 1215/1215/1215 1210/1210/1210
f 1250/1250/1250 1249/1249/1249 1210/1210/1210
f 1249/1249/1249 1250/1250/1250 1251/1251/1251
f 1245/1245/1245 1252/1252/1252 1246/1246/1246
f 1252/1252/1252 1253/1253/1253 1246/1246/1246
f 1248/1248/1248 1254/1254/1254 1245/1245/1245
f 1254/1254/1254 1252/1252/1252 1245/1245/1245
f 1247/1247/1247 1255/1255/1255 1248/1248/1248
f 1248/1248/1248 1255/1255/1255 1254/1254/1254
f 1243/1243/1243 1256/1256/1256 1247/1247/1247
f 1256/1256/1256 1243/1243/1243 1249/1249/1249
f 1247/1247/1247 1256/1256/1256 1255/1255/1255
f 1257/1257/1257 1249/1249/1249 1251/1251/1251
f 1257/1257/1257 1256/1256/1256 1249/1249/1249
f 1257/1257/1257 1251/1251/1251 1258/1258/1258
f 1259/1259/1259 1257/1257/1257 1258/1258/1258
f 1257/1257/1257 1259/1259/1259 1256/1256/1256
f 1259/1259/1259 1258/1258/1258 1260/1260/1260
f 1253/1253/1253 1252/1252/1252 1261/1261/1261
f 1262/1262/1262 1253/1253/1253 1261/1261/1261
f 1252/1252/1252 1254/1254/1254 1263/1263/1263
f 1261/1261/1261 1252/1252/1252 1263/1263/1263
f 1255/1255/1255 1264/1264/1264 1254/1254/1254
f 1254/1254/1254 1264/1264/1264 1263/1263/1263
f 1256/1256/1256 1265/1265/1265 1255/1255/1255
f 1259/1259/1259 1265/1265/1265 1256/1256/1256
f 1255/1255/1255 1265/1265/1265 1264/1264/1264
f 1262/1262/1262 1261/1261/1261 1266/1266/1266
f 1267/1267/1267 1262/1262/1262 1266/1266/1266
f 1268/1268/1268 1267/1267/1267 1266/1266/1266
f 1261/1261/1261 1263/1263/1263 1269/1269/1269
f 1266/1266/1266 1261/1261/1261 1269/1269/1269
f 1270/1270/1270 1268/1268/1268 1266/1266/1266
f 1270/1270/1270 1266/1266/1266 1269/1269/1269
f 1268/1268/1268 1270/1270/1270 1271/1271/1271
f 1270/1270/1270 1272/1272/1272 1271/1271/1271
f 1270/1270/1270 1273/1273/1273 1272/1272/1272
f 1273/1273/1273 1270/1270/1270 1269/1269/1269
f 1273/1273/1273 1274/1274/1274 1272/1272/1272
f 1264/1264/1264 1275/1275/1275 1263/1263/1263
f 1263/1263/1263 1275/1275/1275 1269/1269/1269
f 1265/1265/1265 1276/1276/1276 1264/1264/1264
f 1264/1264/1264 1276/1276/1276 1275/1275/1275
f 1265/1265/1265 1259/1259/1259 1276/1276/1276
f 1273/1273/1273 1277/1277/1277 1274/1274/1274
f 1277/1277/1277 1278/1278/1278 1274/1274/1274
f 1269/1269/1269 1279/1279/1279 1273/1273/1273
f 1275/1275/1275 1279/1279/1279 1269/1269/1269
f 1279/1279/1279 1277/1277/1277 1273/1273/1273
f 1276/1276/1276 1280/1280/1280 1275/1275/1275
f 1275/1275/1275 1280/1280/1280 1279/1279/1279
f 1259/1259/1259 1280/1280/1280 1276/1276/1276
f 1280/1280/1280 1281/1281/1281 1279/1279/1279
f 1279/1279/1279 1281/1281/1281 1277/1277/1277
f 1280/1280/1280 1259/1259/1259 1281/1281/1281
f 1277/1277/1277 1282/1282/1282 1278/1278/1278
f 1281/1281/1281 1282/1282/1282 1277/1277/1277
f 1259/1259/1259 1282/1282/1282 1281/1281/1281
f 1282/1282/1282 1260/1260/1260 1278/1278/1278
f 1282/1282/1282 1259/1259/1259 1260/1260/1260

