mtllib material.mtl
usemtl material_0
v 0.62720660 -0.15412930 0.98941390
v 0.66051250 -0.13261360 1.10163800
v 0.64240060 -0.15250600 0.96437240
v -0.62374820 -0.14946410 0.98790510
v -0.64479150 -0.14661810 0.96312970
v -0.67715060 -0.12463650 1.07469200
v -0.62403950 0.10186070 -1.18080800
v -0.65122890 0.09475590 -1.17573500
v -0.66190120 0.07920972 -1.17648700
v -0.64118710 0.02762577 -1.18448500
v -0.67447610 0.04087574 -1.16685300
v -0.67011820 -0.00455875 -1.17127700
v -0.65845330 -0.07716167 -1.17180900
v -0.60140470 0.08306045 -1.18476600
v -0.49026980 0.10207370 -1.18348200
v -0.60963210 -0.07577953 -1.17887200
v -0.65174130 -0.10214850 -1.15807100
v -0.51534590 -0.09473304 -1.16172900
v -0.63963560 -0.12511870 -1.12529600
v -0.49578140 0.04140812 -1.18755900
v -0.55410550 0.01224587 -1.18261200
v -0.51416340 -0.07143928 -1.17423400
v -0.42948520 0.08911502 -1.18290800
v -0.42667270 0.10805920 -1.17571100
v -0.19813540 0.09125420 -1.18566400
v -0.13075970 0.10553760 -1.18067400
v 0.02786224 0.10781640 -1.17796400
v -0.40854280 0.04236351 -1.18165800
v -0.26520660 -0.06756672 -1.18306900
v -0.49068600 -0.06997947 -1.18254600
v -0.48881380 -0.09127662 -1.17138200
v -0.40795730 -0.00765792 -1.17812800
v -0.44619630 -0.06890693 -1.18125000
v -0.34624170 -0.06792903 -1.18256100
v -0.35637720 -0.09146103 -1.16993700
v -0.37540970 -0.11481940 -1.13773900
v 0.05916595 -0.11428870 -1.13803200
v -0.11929920 -0.13807950 -1.03513000
v -0.26315030 -0.13813390 -1.03429500
v 0.03070663 -0.13790170 -1.03317400
v -0.31211320 -0.13800930 -1.03580300
v 0.13363010 -0.13780610 -1.03393100
v -0.35795040 -0.13849160 -1.03231700
v -0.38556840 -0.13873620 -1.03376200
v -0.43125820 -0.13848990 -1.03157000
v 0.31371810 -0.13774050 -1.03429700
v 0.38975250 -0.11411730 -1.13846700
v 0.13797880 -0.09118374 -1.16882300
v 0.36670930 -0.13778450 -1.03242900
v 0.41024930 -0.13785980 -1.03157500
v 0.46401520 -0.13812990 -1.02614800
v -0.49492090 -0.11491600 -1.14135800
v -0.47007720 -0.13808460 -1.03900600
v -0.48416290 -0.14066250 -1.02287900
v -0.51668060 -0.11763860 -1.12899200
v -0.51861450 -0.14288620 -1.02669700
v -0.54599360 -0.14495220 -1.02463600
v -0.57136060 -0.14657890 -1.02492700
v -0.62197040 -0.14721960 -1.01194100
v -0.63888180 -0.14587260 -1.00305900
v 0.50203190 -0.11397220 -1.12966100
v 0.47715120 -0.13810690 -1.02111100
v 0.48708100 -0.13779850 -1.03078600
v 0.52424410 -0.11555930 -1.13331100
v 0.49393980 -0.13838880 -1.03196800
v 0.49673580 -0.14090150 -1.01736600
v 0.52521250 -0.14364640 -1.02962900
v 0.50106960 -0.09125961 -1.16078400
v 0.56178250 -0.12204250 -1.13421400
v 0.57314540 -0.14985710 -1.02659000
v 0.38672240 -0.09096207 -1.17023900
v 0.52618030 -0.09153233 -1.16588600
v 0.65199570 -0.13191460 -1.12534900
v 0.61346410 -0.15412340 -1.01913600
v 0.62977430 -0.15456300 -1.01137700
v 0.65796780 -0.10931250 -1.15912400
v 0.56332620 -0.09924065 -1.16686000
v 0.64010280 -0.08308575 -1.17724900
v 0.66351870 -0.08554252 -1.17137200
v 0.43092710 -0.06674293 -1.18137000
v 0.32884380 -0.06649547 -1.18466600
v 0.50137480 -0.06750526 -1.17446100
v 0.52120360 -0.06911948 -1.18007300
v 0.50264470 -0.01258804 -1.17988300
v 0.52552120 0.02043705 -1.18113100
v 0.53345440 -0.06912997 -1.17554200
v 0.40995240 0.01690194 -1.18098600
v 0.55279570 -0.07206290 -1.17954100
v 0.58472390 0.07727684 -1.18618900
v 0.58876310 -0.07816039 -1.17963600
v 0.60994230 -0.00004440 -1.18390600
v 0.65115280 0.04121308 -1.18433600
v 0.65590380 -0.01319427 -1.17724400
v 0.67430260 0.00533349 -1.16447300
v 0.67491820 -0.05926990 -1.16618400
v 0.64334170 0.10140510 -1.17927500
v 0.66819780 0.07877011 -1.17650200
v 0.52884190 0.11104630 -1.17756100
v 0.50523540 0.10268910 -1.18095200
v 0.51997110 0.06359997 -1.18648200
v 0.43837460 0.08744663 -1.18552700
v 0.21588740 0.10527270 -1.17825000
v 0.30228120 0.03715718 -1.18488800
v 0.20445220 0.08851250 -1.18385800
v 0.20550920 -0.06802291 -1.18058400
v 0.19277850 -0.00166946 -1.17780300
v 0.05340530 0.08677387 -1.18464400
v 0.13981250 -0.06696162 -1.18349400
v 0.14020370 0.03505406 -1.18355700
v 0.05317734 -0.06831153 -1.18049600
v 0.06498932 -0.00029312 -1.17812000
v -0.05918594 0.06030999 -1.18697500
v -0.08468506 -0.09100815 -1.17218500
v -0.06340149 -0.06654449 -1.18514700
v -0.18616300 -0.01344470 -1.18245100
v -0.70083420 -0.10990940 -1.02402600
v -0.65916610 -0.13113490 -0.90636240
v -0.66149610 -0.13205770 -0.93005380
v -0.68927910 -0.10798080 -0.97362560
v -0.65696510 -0.13134830 -0.87849870
v -0.65703310 -0.12833260 -0.83289070
v -0.69793460 -0.10198570 -0.87709000
v -0.66613600 -0.12674580 -0.81325450
v -0.66623340 -0.12502600 -0.78235120
v -0.68815430 -0.09913524 -0.79749770
v -0.65472300 -0.12596880 -0.71866960
v -0.65953800 -0.12427330 -0.67624040
v -0.68835530 -0.10136960 -0.72002210
v -0.70757730 -0.07731769 -0.77081310
v -0.65661880 -0.12405240 -0.62449970
v -0.68798720 -0.10030500 -0.42325460
v -0.65635100 -0.12352020 -0.47656760
v -0.65594770 -0.12377810 -0.40466330
v -0.65587600 -0.12349840 -0.31421160
v -0.65666200 -0.12363570 -0.18711930
v -0.65696970 -0.12383260 0.04233624
v -0.65678850 -0.12364610 0.26919900
v -0.68856320 -0.10123210 0.66309310
v -0.65771320 -0.12387800 0.45273420
v -0.65724430 -0.12405470 0.53229470
v -0.65877010 -0.12393630 0.57063940
v -0.65583430 -0.12395560 0.61384500
v -0.65904190 -0.12438080 0.65293680
v -0.65623870 -0.12476350 0.68298320
v -0.68854400 -0.10508010 0.79000720
v -0.66246780 -0.12567700 0.72946520
v -0.66277430 -0.12633940 0.75244860
v -0.65692830 -0.12699200 0.77418200
v -0.68742930 -0.10600670 0.88544170
v -0.65545000 -0.12747690 0.79820290
v -0.66091140 -0.12776890 0.81822250
v -0.71411920 -0.08824699 0.95228010
v -0.67551130 -0.12894320 0.83918680
v -0.70808830 -0.07678676 0.69587870
v -0.70777240 -0.07934467 0.83521960
v -0.70824930 -0.07710441 0.94561260
v -0.70759000 -0.07627814 0.29038560
v -0.70715210 -0.07608493 -0.42594750
v -0.71520750 -0.05255924 0.67228980
v -0.71336360 -0.04898418 0.83516100
v -0.71302830 -0.05636779 0.88541000
v -0.70493940 0.04090260 0.88075910
v -0.70371780 0.02758892 0.95899890
v -0.71694650 -0.05708434 0.97495340
v -0.71476350 -0.05220573 -0.38570330
v -0.71434010 -0.02725421 0.67857160
v -0.71420680 -0.02812915 0.33162090
v -0.70643460 -0.08342049 0.97987040
v -0.69042180 -0.10799360 0.92856910
v -0.67551130 -0.12894320 0.83918680
v -0.66200380 -0.13049670 0.83908430
v -0.65752910 -0.13166160 0.84822740
v -0.65723150 -0.13514320 0.87627910
v -0.69478940 -0.11321240 0.99122050
v -0.66032580 -0.13648340 0.90026840
v -0.70722130 -0.09093784 1.04067100
v -0.70903530 -0.11509010 1.02495300
v -0.66874430 -0.13872110 0.93301740
v -0.65951730 -0.14327860 0.94739480
v -0.70871080 -0.05655086 0.99362290
v -0.67715060 -0.12463650 1.07469200
v -0.64479150 -0.14661810 0.96312970
v -0.71175680 -0.09143238 1.06123800
v -0.68407710 -0.10078430 1.10827900
v -0.70263990 0.02285157 0.98252670
v -0.70011900 0.00577389 1.06051500
v -0.70647190 -0.06930259 1.07913100
v -0.68721070 -0.07523036 1.12001700
v -0.68870320 -0.00449596 1.10141800
v -0.69701950 0.08258872 0.94357160
v -0.69854210 0.08118912 0.14982650
v -0.70313820 0.05851758 0.34751930
v -0.71023920 0.00745377 -0.15609150
v -0.69177370 0.03825146 1.07739200
v -0.66523670 0.02475911 1.12844000
v -0.66973210 -0.05099437 1.13490500
v -0.68423300 0.04897362 1.10747800
v -0.67246680 0.06853863 1.13246800
v -0.68458930 0.08906986 1.08098100
v -0.67553560 0.07877380 1.11602500
v -0.66586290 0.08241787 1.13169900
v -0.66877480 0.11621690 1.08286400
v -0.68985560 0.10217650 0.94385970
v -0.66877480 0.11621690 1.08286400
v -0.67696270 0.11988050 0.92450910
v -0.67559190 0.11983460 0.78334950
v -0.68828090 0.10607010 0.33560530
v -0.67407100 0.12193610 0.37209210
v -0.66169690 0.13276800 0.27461650
v -0.68879750 0.10206620 0.23254620
v -0.66808590 0.12552830 0.15833970
v -0.67039000 0.12452000 0.00280255
v -0.68937640 0.10031040 -0.07698748
v -0.65898760 0.13346850 -0.08523700
v -0.67748350 0.11788150 -0.22656510
v -0.69914310 0.08200588 -0.04822040
v -0.68888210 0.10534260 -0.26526380
v -0.68932080 0.10402530 -0.66228770
v -0.67551510 0.12106310 -0.58753930
v -0.65970720 0.13251220 -0.68172380
v -0.67843340 0.11862080 -0.90100350
v -0.69787140 0.08216991 -0.30425070
v -0.69875350 0.07871777 -0.88912860
v -0.68805010 0.10473520 -0.99782970
v -0.67809340 0.11528900 -1.04083500
v -0.68666580 0.09258827 -1.13248800
v -0.67539730 0.10902680 -1.15085900
v -0.68148340 0.07470711 -1.16221000
v -0.65122890 0.09475590 -1.17573500
v -0.66190120 0.07920972 -1.17648700
v -0.67447610 0.04087574 -1.16685300
v -0.69584560 0.06948906 -1.11387700
v -0.69833300 -0.06779857 -1.13618700
v -0.69606640 0.01839436 -1.12356500
v -0.68834390 -0.07545970 -1.15142600
v -0.67011820 -0.00455875 -1.17127700
v -0.65845330 -0.07716167 -1.17180900
v -0.65174130 -0.10214850 -1.15807100
v -0.69419410 -0.09759693 -1.12702900
v -0.69103180 -0.12055110 -1.09524200
v -0.63963560 -0.12511870 -1.12529600
v -0.63888180 -0.14587260 -1.00305900
v -0.65052410 -0.14385230 -0.99264910
v -0.65993740 -0.14051030 -0.97656510
v -0.70530430 -0.06249137 -1.11722700
v -0.71617700 -0.10909240 -1.05407700
v -0.66674020 -0.13723130 -0.96441910
v -0.67438610 -0.13503250 -0.96114030
v -0.69042460 -0.13083900 -0.95927750
v -0.70598140 -0.08921146 -1.10232700
v -0.71814760 -0.07718604 -1.09924600
v -0.70109210 0.02207451 -1.09954100
v -0.69991300 0.02990380 -1.07427500
v -0.71779430 -0.06715720 -0.92658950
v -0.70901390 -0.06480075 -1.08399700
v -0.70933380 -0.08849911 -1.07006800
v -0.71617700 -0.10909240 -1.05407700
v -0.71047190 -0.04626483 -1.06820800
v -0.69042460 -0.13083900 -0.95927750
v -0.66149610 -0.13205770 -0.93005380
v -0.70969090 -0.08036125 -1.03891600
v -0.71254940 -0.04760021 -0.97575940
v -0.70619600 -0.07925239 -0.97067890
v -0.70685030 -0.07691482 -0.84802750
v -0.71501620 -0.04364883 -0.84646990
v -0.71487500 -0.05324985 -0.77597430
v -0.70951960 0.01651318 -0.87282240
v -0.71411600 -0.02890430 -0.36935560
v -0.62956540 0.10589020 1.13702100
v -0.65195510 0.08029922 1.14387400
v -0.66586290 0.08241787 1.13169900
v -0.63320340 0.12198830 1.10834700
v -0.65704840 0.12400950 1.08673300
v -0.53223350 0.12552350 1.12147900
v -0.59797970 0.09704067 1.14395500
v -0.67553560 0.07877380 1.11602500
v -0.66877480 0.11621690 1.08286400
v -0.51163180 0.11014510 1.14078100
v -0.67696270 0.11988050 0.92450910
v -0.61077760 0.13461730 1.08509300
v -0.65570780 0.13374260 0.86953840
v -0.67559190 0.11983460 0.78334950
v -0.67407100 0.12193610 0.37209210
v -0.32616040 0.11875280 1.12779300
v -0.28832220 0.10038960 1.14726300
v -0.05185177 0.11685790 1.13167200
v 0.02772991 0.10324380 1.14696300
v -0.62538990 0.13652830 1.02439000
v -0.48866750 0.15106870 0.94654040
v -0.48867990 0.14025860 1.07721900
v -0.65776960 0.13364630 0.37252420
v -0.66169690 0.13276800 0.27461650
v -0.62638000 0.14237770 0.87459950
v -0.17730340 0.12912550 1.11589800
v 0.15936680 0.10876230 1.13569800
v 0.25962260 0.10256030 1.14619100
v 0.14265870 0.12731730 1.11844500
v -0.62634100 0.14260600 0.31660870
v 0.37418790 0.12634650 1.12001900
v 0.36127350 0.10146260 1.14601100
v 0.49738640 0.10132450 1.14872300
v -0.44669340 0.13555780 1.09825400
v 0.24565180 0.13544680 1.09841300
v -0.21513880 0.14037760 1.07808300
v 0.51711500 0.11368910 1.13604200
v 0.62345640 0.09968780 1.14071800
v -0.14721950 0.15102970 0.95222150
v 0.49809740 0.13197390 1.11019000
v 0.48065920 0.14381910 1.05667000
v 0.63502400 0.11838600 1.11996100
v 0.64941330 0.09078361 1.13701200
v 0.06213320 0.14302450 1.06102800
v 0.19362950 0.15127090 0.95044420
v -0.42968750 0.15411800 0.71363260
v 0.36950390 0.15136580 0.95140120
v 0.63662050 0.12629560 1.10406200
v 0.65054480 0.12118600 1.10150600
v 0.58003350 0.13763930 1.06691100
v 0.60887150 0.14421920 0.97156970
v 0.63718390 0.13567320 1.03741200
v 0.66252560 0.13004540 0.90787330
v 0.50618360 0.14826840 0.95022200
v 0.38581630 0.15444650 0.69740460
v 0.37367110 0.15449990 0.42339090
v 0.54647460 0.15112820 0.67247300
v 0.65707790 0.09956031 1.12550800
v 0.66992250 0.07395817 1.13386500
v 0.68163950 0.10058130 1.08787800
v 0.67438730 0.11036620 1.08511500
v 0.68251140 0.10820050 0.96308820
v 0.65523540 0.12633010 1.05535100
v 0.67825760 0.11718410 0.71031720
v 0.66829510 0.12926150 0.57443830
v 0.64076980 0.13804480 0.70019510
v 0.63553020 0.13925630 0.28822000
v 0.60427670 0.14576430 0.77475820
v 0.60899660 0.14502120 0.36688460
v 0.55206600 0.15070110 0.08095929
v 0.66326600 0.13119980 0.35432840
v 0.67696830 0.11647700 0.50131080
v 0.67582200 0.12002220 0.33532450
v 0.66348660 0.13127550 0.14274150
v 0.67826240 0.11728000 0.12721420
v 0.67571930 0.12033670 -0.18788590
v 0.66311080 0.13150870 -0.19494650
v 0.68015260 0.11392840 -0.61296400
v 0.61110970 0.14528530 -0.17873060
v 0.50254170 0.15264390 0.32980450
v 0.49389260 0.15245740 0.04483136
v 0.54748680 0.15076790 -0.35443130
v 0.64583970 0.13743030 -0.27250260
v 0.64606340 0.13746720 -0.62808120
v 0.66280810 0.13039650 -0.63716820
v 0.66501340 0.13044170 -0.89617200
v 0.67913200 0.11516850 -0.86678480
v 0.68068540 0.11433560 -0.94552260
v 0.68329650 0.10700600 -1.08005900
v 0.66378810 0.12023090 -1.14704100
v 0.68229430 0.09928108 -1.15065900
v 0.67657770 0.09326721 -1.16201200
v 0.61337700 0.14480010 -0.57465600
v 0.62935160 0.14181190 -0.93954600
v 0.64868010 0.12911850 -1.12066400
v 0.54652730 0.15067340 -0.94762460
v 0.61008220 0.13868690 -1.09442600
v 0.64334170 0.10140510 -1.17927500
v 0.66819780 0.07877011 -1.17650200
v 0.62163930 0.13049700 -1.15611800
v 0.64093270 0.11750920 -1.16883300
v 0.52884190 0.11104630 -1.17756100
v 0.53063640 0.12066890 -1.17060100
v 0.50523540 0.10268910 -1.18095200
v 0.54990070 0.13523390 -1.14921900
v 0.31675030 0.12458840 -1.16807600
v 0.21588740 0.10527270 -1.17825000
v 0.51144650 0.14072690 -1.12134800
v 0.38402390 0.15072170 -1.03929900
v 0.45431850 0.13791630 -1.14901900
v 0.22446910 0.14180490 -1.12997100
v 0.16003920 0.13684020 -1.15044200
v 0.11348310 0.12840080 -1.16404300
v 0.19892230 0.11729850 -1.16943100
v 0.02786224 0.10781640 -1.17796400
v -0.04909088 0.14348410 -1.12211000
v 0.37864300 0.15456300 -0.76084980
v -0.06144714 0.11706770 -1.17194100
v -0.13075970 0.10553760 -1.18067400
v -0.42667270 0.10805920 -1.17571100
v -0.09883636 0.13708580 -1.15010300
v -0.42278020 0.13113410 -1.16124800
v -0.42641860 0.12358470 -1.16754700
v -0.49172540 0.12802640 -1.16669500
v -0.49026980 0.10207370 -1.18348200
v -0.62403950 0.10186070 -1.18080800
v -0.44960480 0.14227730 -1.12536600
v -0.51831530 0.13410600 -1.15275600
v -0.64506510 0.12741150 -1.15535700
v -0.59759380 0.14135500 -1.10985400
v -0.63132140 0.11388110 -1.17357400
v -0.65122890 0.09475590 -1.17573500
v -0.67539730 0.10902680 -1.15085900
v -0.40314640 0.14565930 -1.10694100
v -0.66153510 0.11981670 -1.14667500
v -0.67809340 0.11528900 -1.04083500
v -0.63512620 0.13948100 -0.97556410
v -0.66088850 0.13178770 -0.93695810
v -0.67843340 0.11862080 -0.90100350
v -0.65970720 0.13251220 -0.68172380
v -0.63447540 0.14056320 -0.55383810
v 0.15165360 0.15001240 -1.05019100
v -0.55809340 0.14986870 -0.81969000
v -0.46405100 0.15330330 -0.87333750
v -0.57668870 0.14855340 -0.06208758
v -0.65489670 0.13454450 -0.30793470
v -0.67551510 0.12106310 -0.58753930
v -0.67748350 0.11788150 -0.22656510
v -0.65898760 0.13346850 -0.08523700
v -0.63114830 0.14165150 -0.12572770
v -0.50922720 0.14778190 -0.99924330
v -0.41316450 0.14829810 -1.04916300
v 0.10307190 0.15176050 -0.98396990
v -0.07424972 0.15407640 -0.81444590
v -0.65467800 0.13472720 0.09824933
v -0.67039000 0.12452000 0.00280255
v -0.66808590 0.12552830 0.15833970
v -0.58930190 0.14766730 0.70212140
v -0.49736470 0.15170190 0.22494860
v -0.50620470 0.15151810 -0.19407730
v -0.48998090 0.15365780 -0.07103045
v -0.55251320 0.15004810 -0.52300550
v -0.43921580 0.15377900 -0.19781270
v -0.07312767 0.15429260 0.04569318
v -0.15004450 0.15387450 -0.18042250
v -0.10322970 0.15408220 -0.44403090
v 0.08752090 0.15439710 -0.19117200
v 0.38603830 0.15441120 -0.07293963
v 0.23420680 0.15399380 0.08252911
v 0.13861100 0.15409970 0.16159410
v 0.69412430 -0.11578480 -0.98217790
v 0.67464630 -0.14099020 -0.91660900
v 0.65740230 -0.13610390 -0.88429700
v 0.70611680 -0.11534980 -1.00797100
v 0.70924000 -0.09052879 -1.03605000
v 0.70901530 -0.08762619 -0.94159920
v 0.68958660 -0.11413070 -0.88787610
v 0.65740230 -0.13610390 -0.88429700
v 0.66249860 -0.13564150 -0.83108410
v 0.65605030 -0.13353400 -0.78545180
v 0.69551400 -0.10853990 -0.81404310
v 0.66513550 -0.13076540 -0.74212900
v 0.68819650 -0.10756640 -0.74624040
v 0.65640130 -0.13143880 -0.67359140
v 0.65993890 -0.13080730 -0.62062520
v 0.68661220 -0.10760270 -0.61382340
v 0.65601630 -0.13075240 -0.57584000
v 0.65648770 -0.12996480 -0.49745380
v 0.65495760 -0.12971170 -0.43215350
v 0.65450150 -0.12917910 -0.27408950
v 0.71191450 -0.08504654 -0.84901140
v 0.68629870 -0.10581170 -0.17148940
v 0.65548720 -0.12894570 -0.17410170
v 0.65517400 -0.12887200 -0.08406512
v 0.68557520 -0.10548500 0.14961650
v 0.65424440 -0.12895530 0.04784406
v 0.65357920 -0.12891510 0.15919420
v 0.65514810 -0.12930140 0.24383040
v 0.68775810 -0.10782700 0.67013660
v 0.65698220 -0.12992020 0.49618140
v 0.65635960 -0.13024330 0.57434550
v 0.65950210 -0.13060460 0.63155250
v 0.68741670 -0.10712860 0.75965320
v 0.65510190 -0.13142150 0.68338360
v 0.66444180 -0.13151780 0.72983870
v 0.69553020 -0.10996240 0.81106190
v 0.66610470 -0.13231930 0.75246810
v 0.65974650 -0.13318660 0.77414540
v 0.68699590 -0.11377470 0.87971420
v 0.65810650 -0.13397460 0.79806140
v 0.66527040 -0.13506610 0.82010720
v 0.70661930 -0.08250415 0.80584450
v 0.70620920 -0.08353191 0.66864240
v 0.71636810 -0.09384140 0.95534160
v 0.67866350 -0.13490170 0.84127670
v 0.71293790 -0.08553467 0.85509750
v 0.70491040 -0.08150779 0.13227280
v 0.70539620 -0.08189625 -0.20816420
v 0.70636090 -0.08435471 -0.70933370
v 0.70501250 -0.08502255 -0.79446060
v 0.71341200 -0.05278266 -0.81610850
v 0.71354230 -0.05773487 -0.72279800
v 0.71317210 -0.05554744 -0.16952650
v 0.71230130 -0.05793105 0.18178690
v 0.71373090 -0.05861453 0.73104230
v 0.71261880 -0.05635730 -0.90384780
v 0.70828320 0.01436448 -0.88905530
v 0.71356730 -0.06617492 -0.97963640
v 0.71190210 -0.02545192 0.64128890
v 0.70905820 -0.00444793 0.83178690
v 0.71236610 -0.06024776 0.82723860
v 0.70773130 0.01264660 -0.55739770
v 0.70978670 -0.00722751 0.01785870
v 0.70147760 0.06569695 -0.22464860
v 0.71740230 -0.06094909 0.87241200
v 0.70364610 0.01734620 0.95560530
v 0.69699480 0.07911343 -0.85484150
v 0.69122540 0.09885243 -0.81226090
v 0.70404890 0.02933205 0.58631320
v 0.70549910 -0.08682147 0.91769030
v 0.70309310 0.03189427 -1.01721200
v 0.71020540 -0.05823753 0.93273420
v 0.71106450 -0.08249599 0.95259260
v 0.70162130 0.05300358 0.01606916
v 0.69963070 0.07012459 0.52293190
v 0.69262110 0.09213829 -1.03745900
v 0.71814760 -0.06521244 0.97697730
v 0.69848510 0.07391419 0.80158190
v 0.69074610 0.09943809 0.69242170
v 0.69335420 0.08830982 0.94329820
v 0.69028020 0.10008820 0.24721170
v 0.69037780 0.10032950 -0.17867940
v 0.67571930 0.12033670 -0.18788590
v 0.67826240 0.11728000 0.12721420
v 0.67582200 0.12002220 0.33532450
v 0.67696830 0.11647700 0.50131080
v 0.68015260 0.11392840 -0.61296400
v 0.67913200 0.11516850 -0.86678480
v 0.68068540 0.11433560 -0.94552260
v 0.66829510 0.12926150 0.57443830
v 0.67825760 0.11718410 0.71031720
v 0.68251140 0.10820050 0.96308820
v 0.68329650 0.10700600 -1.08005900
v 0.68163950 0.10058130 1.08787800
v 0.69227980 0.08267318 -1.09926500
v 0.68229430 0.09928108 -1.15065900
v 0.69832210 0.06779183 -1.05438200
v 0.69900650 0.03819073 -1.10938500
v 0.67657770 0.09326721 -1.16201200
v 0.69693600 0.02703152 -1.07433400
v 0.69859470 0.06397061 0.98798810
v 0.70388320 -0.00978927 -1.05014700
v 0.71637340 -0.08784721 -1.06086000
v 0.70038510 0.02944889 0.97926250
v 0.68946110 0.02035897 -1.14675100
v 0.70204390 -0.00490024 -1.10208000
v 0.70712920 -0.06326324 -1.07896500
v 0.70643000 -0.09457988 -1.07141600
v 0.69678570 -0.11853040 -1.02408000
v 0.71211910 -0.12341610 -1.06604500
v 0.71303370 -0.08834274 -1.09725800
v 0.66328570 -0.14063490 -0.91986100
v 0.67464630 -0.14099020 -0.91660900
v 0.66365990 -0.14350440 -0.93597420
v 0.67205510 -0.14747260 -0.97556410
v 0.65695250 -0.15227190 -0.98539560
v 0.68380600 -0.13125070 -1.10236600
v 0.64389160 -0.15416670 -1.00033200
v 0.62977430 -0.15456300 -1.01137700
v 0.65199570 -0.13191460 -1.12534900
v 0.65796780 -0.10931250 -1.15912400
v 0.69929670 -0.10512710 -1.12090100
v 0.70579130 -0.07791591 -1.12295400
v 0.69003720 -0.07922904 -1.15117900
v 0.66351870 -0.08554252 -1.17137200
v 0.67491820 -0.05926990 -1.16618400
v 0.67430260 0.00533349 -1.16447300
v 0.66819780 0.07877011 -1.17650200
v 0.65115280 0.04121308 -1.18433600
v 0.67903410 0.06934197 1.11679900
v 0.66992250 0.07395817 1.13386500
v 0.69404970 0.02842843 1.07086600
v 0.69295080 -0.01159664 1.09184300
v 0.67712980 0.02255837 1.11577400
v 0.69644550 0.02105999 1.02277600
v 0.70808180 -0.06418853 0.99501450
v 0.70418530 -0.03988891 1.02836900
v 0.70648720 -0.09029205 0.98162820
v 0.69190220 -0.11330770 0.93487780
v 0.67866350 -0.13490170 0.84127670
v 0.66640650 -0.13622780 0.84302230
v 0.66031980 -0.13743330 0.85097400
v 0.65628990 -0.13857810 0.86042220
v 0.65866490 -0.14193450 0.88710680
v 0.70632670 -0.09009128 1.01949400
v 0.68935730 -0.11776020 0.96051740
v 0.70460680 -0.12343570 1.02365700
v 0.66567550 -0.14362060 0.93000720
v 0.65828930 -0.14838080 0.94527570
v 0.64240060 -0.15250600 0.96437240
v 0.66051250 -0.13261360 1.10163800
v 0.66846850 -0.10995140 1.13069600
v 0.71057870 -0.09961391 1.05744100
v 0.66935900 -0.08550613 1.14654000
v 0.70732990 -0.07970786 1.07311300
v 0.67441530 -0.03369018 1.13531200
v 0.66989790 -0.06556800 1.14687200
v 0.67288420 0.04450699 1.13131100
v -0.67246680 0.06853863 1.13246800
v -0.66586290 0.08241787 1.13169900
v -0.65195510 0.08029922 1.14387400
v -0.65053840 0.03076676 1.14768300
v -0.66523670 0.02475911 1.12844000
v -0.66973210 -0.05099437 1.13490500
v -0.65050870 -0.07973216 1.15936700
v -0.63143580 0.05519799 1.15472100
v -0.62956540 0.10589020 1.13702100
v -0.59797970 0.09704067 1.14395500
v -0.47333390 0.08386013 1.15587100
v -0.51163180 0.11014510 1.14078100
v -0.53670780 0.02204884 1.16152600
v -0.62082040 0.00873913 1.15549800
v -0.28832220 0.10038960 1.14726300
v -0.63461750 -0.08066780 1.16392600
v -0.64472930 -0.10520100 1.14735600
v -0.68407710 -0.10078430 1.10827900
v -0.63942550 -0.12814200 1.11486300
v -0.67715060 -0.12463650 1.07469200
v -0.62374820 -0.14946410 0.98790510
v -0.60172570 -0.15035850 1.00826400
v -0.59060300 -0.15013310 1.01586400
v -0.53101160 -0.12257400 1.14006100
v -0.56476180 -0.14920940 1.02074700
v -0.54170610 -0.14784230 1.02847100
v -0.52261200 -0.14639610 1.03182400
v -0.51132990 -0.14563270 1.03557800
v -0.50023160 -0.14492600 1.03549100
v -0.52985660 -0.10012210 1.16953600
v -0.50817450 -0.11992850 1.13324400
v -0.48760870 -0.14420660 1.02650600
v -0.47660280 -0.14349950 1.02313900
v -0.47195050 -0.14298840 1.03984600
v -0.50963630 -0.09643890 1.16578400
v -0.49325610 -0.11976640 1.14623800
v -0.45544730 -0.14299800 1.04280700
v -0.41409000 -0.11995710 1.13866400
v -0.42162240 -0.09670986 1.16888900
v -0.41421610 -0.14348570 1.03526100
v -0.35211930 -0.14325120 1.03565900
v -0.25311160 -0.14277790 1.03586400
v -0.19120090 -0.14253210 1.03603300
v 0.24918600 -0.11846790 1.13977300
v 0.03478992 -0.14188950 1.03668900
v 0.20811610 -0.14209870 1.03635000
v 0.27081650 -0.14201560 1.03583500
v 0.31826760 -0.14194770 1.03837600
v 0.42098950 -0.11889110 1.13929200
v 0.36613270 -0.14233470 1.03642300
v 0.39848820 -0.14256400 1.03255400
v 0.43753880 -0.14284220 1.03576900
v 0.46135060 -0.14310080 1.03405300
v 0.27607290 -0.09525456 1.16983900
v 0.50138670 -0.11980220 1.13634300
v 0.47431310 -0.14326730 1.02583700
v 0.48508760 -0.14322340 1.03848400
v 0.51963210 -0.12046250 1.14601500
v 0.49366580 -0.14390010 1.04314900
v 0.49930980 -0.14558680 1.02837600
v 0.52931350 -0.14741700 1.03386500
v 0.50133110 -0.09624264 1.16831500
v 0.42345580 -0.09541382 1.16920100
v 0.57423570 -0.12671350 1.13533900
v 0.56881660 -0.15133120 1.02396200
v 0.61011450 -0.15404610 1.00465600
v 0.62720660 -0.15412930 0.98941390
v 0.62645500 -0.10717290 1.15325900
v 0.66846850 -0.10995140 1.13069600
v 0.66935900 -0.08550613 1.14654000
v 0.53718210 -0.09845135 1.16829300
v 0.63637180 -0.08405223 1.16329800
v 0.66989790 -0.06556800 1.14687200
v 0.51943400 -0.09793625 1.17830100
v 0.50061290 -0.07217521 1.17876700
v 0.56102750 -0.07711948 1.17705800
v 0.53743110 -0.07511111 1.17688900
v 0.62938040 -0.06339038 1.16434800
v 0.52076580 -0.07361377 1.18755800
v 0.55716410 -0.00574672 1.16564400
v 0.52956650 0.03288373 1.16045900
v 0.52638610 0.08062294 1.15504600
v 0.50243030 0.01923050 1.16670900
v 0.41888110 -0.07065639 1.17863800
v 0.31533520 -0.07093097 1.18044700
v 0.35600720 0.04231835 1.16306900
v -0.12514780 -0.07249331 1.18014900
v -0.04756806 -0.04259288 1.17637400
v 0.60714060 0.01835507 1.15418200
v 0.49289640 0.08607395 1.15687700
v -0.42923090 -0.07263149 1.17916200
v 0.63788010 0.05407799 1.15173800
v 0.62756740 0.07431343 1.14849800
v 0.64107560 -0.03268375 1.15756800
v 0.65440030 -0.00442859 1.14091300
v 0.67441530 -0.03369018 1.13531200
v 0.67288420 0.04450699 1.13131100
v 0.64941330 0.09078361 1.13701200
v 0.62345640 0.09968780 1.14071800
v 0.66992250 0.07395817 1.13386500
v 0.67903410 0.06934197 1.11679900
v 0.67712980 0.02255837 1.11577400
v 0.49738640 0.10132450 1.14872300
v 0.36127350 0.10146260 1.14601100
v 0.32159970 0.08745243 1.15429400
v 0.25962260 0.10256030 1.14619100
v 0.02772991 0.10324380 1.14696300
v 0.19277650 0.05438778 1.16239700
v -0.02131540 0.08532234 1.15774200
v -0.36348470 0.01193635 1.16783200
v -0.21771060 0.08437569 1.15610100
v -0.48607120 0.05804715 1.16119400
v -0.49010930 0.00176403 1.16990900
v -0.48998760 -0.07394759 1.18429200
v -0.50914350 -0.07059821 1.17731900
v -0.49236260 -0.09672169 1.17533900
v -0.52884760 -0.07500175 1.18156000
v -0.57328970 -0.07687255 1.17170100
v -0.68407710 -0.10078430 1.10827900
v -0.68721070 -0.07523036 1.12001700
v -0.65050870 -0.07973216 1.15936700
v -0.66973210 -0.05099437 1.13490500
vn 0.22685240 -0.96675130 0.11802530
vn 0.26226000 -0.92795240 0.26480950
vn 0.33736880 -0.93690820 0.09157087
vn -0.23194220 -0.96466040 0.12503220
vn -0.29334390 -0.95052750 0.10220940
vn -0.40217030 -0.89486250 0.19359820
vn -0.07458528 0.30044860 -0.95087730
vn -0.43661940 0.40819960 -0.80170840
vn -0.33081710 0.09492289 -0.93890880
vn -0.09611558 -0.02891684 -0.99495010
vn -0.62159650 -0.02994201 -0.78276520
vn -0.52889570 -0.02867431 -0.84820240
vn -0.30134070 -0.19801380 -0.93272950
vn -0.02227523 0.04132797 -0.99889730
vn 0.00813992 0.26157470 -0.96514890
vn -0.01305874 -0.26738230 -0.96350200
vn -0.13220120 -0.74826040 -0.65009930
vn -0.00291034 -0.71331810 -0.70083440
vn -0.05489979 -0.93606350 -0.34752120
vn 0.01642338 -0.02037794 -0.99965740
vn -0.01102877 -0.06710277 -0.99768510
vn -0.04163751 -0.17325780 -0.98399600
vn 0.01245521 0.09723137 -0.99518390
vn 0.00336339 0.42334870 -0.90596060
vn -0.01223525 0.06736199 -0.99765370
vn -0.00161160 0.52047750 -0.85387380
vn 0.00591623 0.41152370 -0.91137980
vn 0.00194224 -0.02714702 -0.99962960
vn -0.01168642 -0.13587310 -0.99065730
vn -0.06355592 -0.10667260 -0.99226090
vn -0.01877398 -0.69974200 -0.71414890
vn -0.00098441 -0.02890486 -0.99958160
vn 0.00820896 -0.16111660 -0.98690120
vn -0.00773759 -0.10472770 -0.99447080
vn 0.00009902 -0.75767700 -0.65262990
vn 0.00258609 -0.92702330 -0.37499480
vn 0.00235821 -0.94154600 -0.33687640
vn 0.00116428 -0.97483320 -0.22293230
vn -0.00041062 -0.97562670 -0.21943650
vn 0.00245463 -0.97570970 -0.21905320
vn 0.00077369 -0.97497950 -0.22229320
vn -0.00022067 -0.97545330 -0.22020640
vn 0.00237105 -0.97561750 -0.21946520
vn -0.00327143 -0.97447570 -0.22446930
vn 0.00587657 -0.97570310 -0.21901820
vn 0.00067899 -0.97536470 -0.22059710
vn 0.00823171 -0.94039260 -0.33999130
vn 0.00020776 -0.75260900 -0.65846770
vn 0.00515834 -0.97620960 -0.21676770
vn 0.01174925 -0.97566220 -0.21896420
vn 0.02614307 -0.97565670 -0.21773930
vn -0.00465813 -0.93680790 -0.34981310
vn 0.00160575 -0.97523810 -0.22115180
vn 0.04648748 -0.97248130 -0.22829610
vn 0.03333955 -0.94236420 -0.33292390
vn 0.07377739 -0.96854410 -0.23765350
vn 0.05393072 -0.96918250 -0.24036790
vn 0.00769948 -0.97678300 -0.21409260
vn -0.07510166 -0.98088000 -0.17953900
vn -0.20611000 -0.96753450 -0.14627240
vn -0.00187639 -0.94340100 -0.33164890
vn 0.02078151 -0.97695060 -0.21245140
vn -0.18810710 -0.94775510 -0.25763540
vn -0.15601630 -0.92015800 -0.35912120
vn 0.01093492 -0.97619150 -0.21663460
vn -0.17314160 -0.95281140 -0.24934410
vn -0.15376500 -0.95680390 -0.24674410
vn 0.01511903 -0.71824150 -0.69562950
vn -0.09850713 -0.93299320 -0.34615020
vn -0.08685345 -0.96786560 -0.23599300
vn 0.01637423 -0.71549960 -0.69842120
vn -0.14205660 -0.66897200 -0.72958650
vn 0.02452078 -0.94244270 -0.33346750
vn -0.02460706 -0.97670860 -0.21315470
vn 0.11642840 -0.97858850 -0.16973220
vn 0.17576990 -0.72945280 -0.66106240
vn -0.07641000 -0.72496930 -0.68452970
vn 0.07238367 -0.26660970 -0.96108260
vn 0.40825230 -0.23440810 -0.88226000
vn 0.04320972 -0.15652610 -0.98672810
vn 0.00021412 -0.19035760 -0.98171480
vn 0.00894370 -0.24471030 -0.96955500
vn 0.01871300 -0.18177240 -0.98316260
vn 0.00711622 -0.02913860 -0.99955000
vn -0.02900801 -0.05521226 -0.99805320
vn -0.02192154 -0.17045020 -0.98512240
vn 0.02158652 -0.02840284 -0.99936350
vn -0.08135471 -0.11822910 -0.98964800
vn 0.00294773 0.08130836 -0.99668460
vn 0.00514232 -0.18440120 -0.98283760
vn 0.00834063 -0.04606406 -0.99890360
vn 0.19215310 -0.01712410 -0.98121550
vn 0.48864890 -0.04699847 -0.87121370
vn 0.69108840 -0.00422237 -0.72275780
vn 0.59444680 0.00437026 -0.80412300
vn 0.14013350 0.30790370 -0.94104080
vn 0.60295000 0.09045009 -0.79263490
vn 0.01645040 0.39798630 -0.91724390
vn 0.00493311 0.36125490 -0.93245410
vn -0.01142257 -0.02196567 -0.99969350
vn 0.00082243 0.08665229 -0.99623820
vn -0.00696874 0.41069600 -0.91174570
vn -0.00992313 -0.00828149 -0.99991640
vn -0.00821850 0.05900709 -0.99822370
vn -0.02517869 -0.10222090 -0.99444300
vn -0.00176161 -0.01228446 -0.99992300
vn 0.01062956 0.06663648 -0.99772070
vn 0.00360693 -0.11749400 -0.99306700
vn 0.00916296 -0.02682391 -0.99959820
vn 0.00646858 -0.16385150 -0.98646380
vn 0.00608288 -0.01768967 -0.99982510
vn 0.01268954 -0.00112765 -0.99991880
vn -0.00180881 -0.73553940 -0.67747960
vn 0.01492516 -0.11129060 -0.99367580
vn -0.00597265 -0.00860582 -0.99994520
vn -0.92563060 0.22578220 0.30369460
vn -0.68777830 -0.72298010 0.06527496
vn -0.64817960 -0.75576530 0.09317840
vn -0.83356410 -0.54766810 0.07232212
vn -0.67375930 -0.73740670 0.04774446
vn -0.51437850 -0.85621140 -0.04813281
vn -0.71057110 -0.70317760 0.02510012
vn -0.60432250 -0.79669950 -0.00801671
vn -0.78363290 -0.60903590 0.12245220
vn -0.77223460 -0.63283970 0.05628220
vn -0.60680930 -0.79473780 -0.01319947
vn -0.63788540 -0.76989580 0.01904736
vn -0.72866140 -0.68487080 -0.00216216
vn -0.90738580 -0.42027280 -0.00468655
vn -0.59007660 -0.80733550 0.00437522
vn -0.74423440 -0.66791810 0.00068001
vn -0.58769520 -0.80907450 0.00357874
vn -0.59181440 -0.80607130 0.00218027
vn -0.57691090 -0.81679810 -0.00384151
vn -0.58965580 -0.80765310 -0.00157562
vn -0.61446320 -0.78894480 0.00106785
vn -0.58493950 -0.81107630 -0.00100982
vn -0.73617120 -0.67677470 -0.00528025
vn -0.60894420 -0.79320340 -0.00391376
vn -0.58695420 -0.80961980 0.00072949
vn -0.63105180 -0.77563420 -0.01285044
vn -0.54998460 -0.83494190 0.01971890
vn -0.62133300 -0.78327170 -0.02075369
vn -0.58884270 -0.80801810 -0.01926024
vn -0.71736170 -0.69667290 -0.00624751
vn -0.75714220 -0.64444670 -0.10688400
vn -0.62153330 -0.78320680 0.01684292
vn -0.55410510 -0.83165530 0.03629013
vn -0.81399880 -0.58005990 -0.03060198
vn -0.55040110 -0.83489200 0.00374349
vn -0.93719360 -0.07540204 -0.34056230
vn -0.85257670 -0.52235340 0.01612138
vn -0.68209360 0.58228780 -0.44236770
vn -0.88972210 -0.45650060 -0.00127674
vn -0.90739450 -0.42027780 -0.00134903
vn -0.99754260 -0.01908230 -0.06741288
vn -0.85907880 -0.51184270 -0.00086595
vn -0.86872140 -0.49530000 0.00090899
vn -0.98971430 -0.14305090 0.00143357
vn -0.99948490 0.02907202 0.01358891
vn -0.99930450 -0.00675589 0.03667096
vn -0.98739020 0.15816780 0.00661166
vn -0.99426890 0.10059230 0.03620051
vn -0.99690790 0.05128145 -0.05953877
vn -0.98185640 -0.18962580 -0.00001924
vn -0.99352810 0.11357560 0.00156807
vn -0.99566180 0.09304550 0.00045601
vn -0.92549920 -0.37745750 0.03125905
vn -0.68035240 -0.73279450 -0.01152358
vn -0.18742090 -0.96284880 0.19441020
vn -0.20159650 -0.96312430 0.17818630
vn -0.51949370 -0.85359330 0.03879144
vn -0.71280830 -0.69567050 -0.08914618
vn -0.95764480 -0.19314460 -0.21356880
vn -0.79310910 -0.58900800 -0.15507290
vn -0.99717400 0.04734052 -0.05833325
vn -0.60582040 -0.79388800 0.05218597
vn -0.74693810 -0.64497010 -0.16154580
vn -0.40417390 -0.91268990 0.06033683
vn -0.99293390 0.04621965 0.10929830
vn -0.40217030 -0.89486250 0.19359820
vn -0.29334390 -0.95052750 0.10220940
vn -0.94978080 -0.26152200 0.17182220
vn -0.69289720 -0.56145520 0.45239530
vn -0.98789950 0.13375740 0.07850810
vn -0.98415450 0.12713730 0.12359600
vn -0.94136240 0.04354022 0.33457600
vn -0.83495530 -0.06198571 0.54681580
vn -0.88677810 0.11566280 0.44748960
vn -0.96791710 0.25043820 0.02042339
vn -0.97214340 0.23437570 -0.00227542
vn -0.98933730 0.14563500 0.00141787
vn -0.99148860 0.13018850 -0.00115596
vn -0.98189260 0.13094650 0.13689350
vn -0.79295860 0.01394007 0.60911600
vn -0.73586030 0.08591685 0.67166050
vn -0.92094280 0.03526995 0.38809820
vn -0.74780510 0.02065295 0.66359700
vn -0.94447080 0.30314150 0.12680770
vn -0.86742490 0.36507150 0.33807800
vn -0.61428030 0.59760230 0.51529720
vn -0.75722620 0.63719360 0.14350270
vn -0.90463820 0.42575750 0.01898261
vn -0.75722620 0.63719360 0.14350270
vn -0.62710310 0.77855990 0.02421330
vn -0.69236790 0.72154220 0.00190855
vn -0.89573940 0.44457410 -0.00216799
vn -0.67999610 0.73321420 0.00152664
vn -0.46809880 0.88365570 -0.00600587
vn -0.80427590 0.59421900 -0.00664676
vn -0.69976140 0.71437640 -0.00061945
vn -0.73530040 0.67774080 -0.00093113
vn -0.80677290 0.59084310 0.00466777
vn -0.51555780 0.85685080 0.00258284
vn -0.67198360 0.74056290 0.00214479
vn -0.97671120 0.21454590 0.00232391
vn -0.85279830 0.52223760 -0.00171913
vn -0.88547540 0.46468370 -0.00150640
vn -0.68541100 0.72815570 0.00093841
vn -0.51245710 0.85870930 0.00245208
vn -0.71974360 0.69423880 -0.00126272
vn -0.97955300 0.20118610 -0.00001833
vn -0.97778510 0.20941280 -0.00908970
vn -0.91999450 0.39129870 -0.02226107
vn -0.65593760 0.75319080 -0.04949096
vn -0.91286270 0.39331930 -0.10946100
vn -0.72224970 0.60211810 -0.34030740
vn -0.85800660 0.11517890 -0.50055820
vn -0.43661940 0.40819960 -0.80170840
vn -0.33081710 0.09492289 -0.93890880
vn -0.62159650 -0.02994201 -0.78276520
vn -0.97986290 0.18070850 -0.08493077
vn -0.89700300 -0.01205516 -0.44185990
vn -0.96093760 0.08201703 -0.26433320
vn -0.68868140 -0.20211260 -0.69632500
vn -0.52889570 -0.02867431 -0.84820240
vn -0.30134070 -0.19801380 -0.93272950
vn -0.13220120 -0.74826040 -0.65009930
vn -0.63408030 -0.59795300 -0.49030040
vn -0.38082340 -0.90016970 -0.21134840
vn -0.05489979 -0.93606350 -0.34752120
vn -0.20611000 -0.96753450 -0.14627240
vn -0.35677110 -0.93151250 -0.07070257
vn -0.44694500 -0.89403030 -0.03082202
vn -0.88638730 0.00490348 -0.46291850
vn -0.50707050 -0.85802200 -0.08171634
vn -0.40112340 -0.91367820 -0.06551360
vn -0.28953940 -0.94769710 -0.13430230
vn -0.26615380 -0.95276770 -0.14627360
vn -0.80872770 -0.44545810 -0.38409190
vn -0.98385520 -0.07257564 -0.16359000
vn -0.98989650 0.11486920 -0.08312549
vn -0.99323280 0.11419160 -0.02118441
vn -0.99933890 0.01881225 -0.03110721
vn -0.96749870 0.12701100 0.21866520
vn -0.95748330 0.19900690 0.20885890
vn -0.71994470 0.57414290 0.38992240
vn -0.99380880 0.09634491 -0.05533332
vn -0.31218280 0.88813970 0.33726820
vn -0.30278180 0.89154400 0.33685670
vn -0.98947420 -0.14211630 0.02727399
vn -0.99887840 -0.00111723 -0.04733563
vn -0.91175910 -0.40992130 -0.02568774
vn -0.93123200 -0.35803820 0.06793839
vn -0.99775510 0.06686191 0.00378247
vn -0.98370870 -0.17972780 -0.00390354
vn -0.99012530 0.14009330 -0.00507108
vn -0.99739010 0.07219814 -0.00074862
vn -0.19830710 0.70732300 0.67850460
vn -0.35148140 0.29097040 0.88982980
vn -0.61428030 0.59760230 0.51529720
vn -0.22603210 0.85185320 0.47249940
vn -0.39785500 0.89830230 0.18645250
vn -0.03411460 0.88963260 0.45540090
vn -0.05371549 0.39691920 0.91628040
vn -0.86742490 0.36507150 0.33807800
vn -0.75722620 0.63719360 0.14350270
vn -0.01641572 0.65127360 0.75866540
vn -0.62710310 0.77855990 0.02421330
vn -0.08165222 0.98549990 0.14873750
vn -0.36329740 0.93164460 0.00729945
vn -0.69236790 0.72154220 0.00190855
vn -0.67999610 0.73321420 0.00152664
vn 0.00606648 0.73636620 0.67655600
vn -0.00227980 0.62980140 0.77675290
vn -0.00261871 0.75837570 0.65181240
vn 0.00839585 0.61808460 0.78606680
vn -0.15250590 0.98728960 0.04473316
vn -0.01456642 0.99947900 0.02880267
vn -0.01368824 0.99441750 0.10462530
vn -0.36373980 0.93149920 0.00158053
vn -0.46809880 0.88365570 -0.00600587
vn -0.13690760 0.99040560 0.01878670
vn -0.00183859 0.92594120 0.37766330
vn -0.00494516 0.77680990 0.62971590
vn 0.00047280 0.66443960 0.74734190
vn 0.00317630 0.84723810 0.53120390
vn -0.15159320 0.98844270 -0.00058639
vn -0.00582990 0.82407710 0.56644770
vn -0.00379720 0.64894600 0.76082500
vn 0.00920995 0.61939400 0.78502620
vn -0.00389225 0.94776680 0.31894020
vn 0.00054363 0.96973250 0.24416900
vn -0.00093087 0.99083950 0.13504190
vn 0.03348480 0.77565070 0.63027350
vn 0.10473290 0.55318320 0.82644990
vn -0.00237308 0.99692460 0.07833063
vn 0.01845738 0.94313680 0.33189220
vn 0.01451507 0.99287340 0.11828640
vn 0.15438140 0.79724090 0.58358670
vn 0.42271490 0.33359640 0.84263010
vn -0.00032157 0.99451810 0.10456370
vn -0.00071508 0.99923770 0.03903239
vn -0.00631751 0.99997220 0.00396043
vn 0.00339333 0.99979350 0.02004097
vn 0.11664770 0.95781350 0.26265340
vn 0.49207490 0.81526110 0.30530590
vn 0.05936117 0.98826850 0.14071850
vn 0.10093250 0.99451420 0.02746155
vn 0.22571030 0.97110100 0.07757338
vn 0.44915750 0.89337190 0.01199800
vn 0.02786116 0.99935140 0.02281243
vn 0.00370228 0.99997450 0.00611270
vn 0.00143852 0.99999900 -0.00004158
vn 0.04862602 0.99880750 0.00434585
vn 0.57346620 0.60904460 0.54790620
vn 0.63326830 0.24721700 0.73338600
vn 0.94641980 0.27877290 0.16301900
vn 0.66319750 0.73541670 0.13903780
vn 0.79638310 0.60420060 0.02675243
vn 0.52299950 0.84964520 0.06763685
vn 0.76396480 0.64521570 0.00738546
vn 0.45614140 0.88990460 -0.00222204
vn 0.25233630 0.96763770 0.00189068
vn 0.23563060 0.97184210 0.00104090
vn 0.13259580 0.99116510 0.00315500
vn 0.13810740 0.99041720 -0.00023519
vn 0.07034226 0.99752290 0.00006740
vn 0.41871340 0.90811020 0.00385498
vn 0.78194390 0.62334040 -0.00323163
vn 0.75931630 0.65070490 0.00466867
vn 0.42376690 0.90577130 0.00013706
vn 0.76971920 0.63838230 0.00066104
vn 0.76255500 0.64692260 -0.00094182
vn 0.45802160 0.88894090 0.00039691
vn 0.73781200 0.67500560 -0.00088799
vn 0.14259640 0.98978090 -0.00002994
vn 0.02365833 0.99972000 -0.00042246
vn 0.02150045 0.99976880 -0.00035735
vn 0.03647006 0.99933460 -0.00025178
vn 0.25618580 0.96662740 0.00043575
vn 0.28428610 0.95873930 0.00035619
vn 0.56269240 0.82666410 0.00193422
vn 0.40685930 0.91346590 -0.00675449
vn 0.75259050 0.65848360 0.00260986
vn 0.80480030 0.59336050 -0.01482469
vn 0.71688530 0.69602820 -0.04025119
vn 0.55870710 0.80871650 -0.18391280
vn 0.89366890 0.38141340 -0.23638900
vn 0.80329170 0.23045790 -0.54919170
vn 0.12262300 0.99245330 -0.00030604
vn 0.16988910 0.98535350 -0.01470554
vn 0.33666530 0.93987140 -0.05743122
vn 0.04343842 0.99893460 -0.01558247
vn 0.09976769 0.99295890 -0.06386710
vn 0.14013350 0.30790370 -0.94104080
vn 0.60295000 0.09045009 -0.79263490
vn 0.09057648 0.93307650 -0.34808640
vn 0.16589500 0.66026210 -0.73248400
vn 0.01645040 0.39798630 -0.91724390
vn 0.01248509 0.71192910 -0.70214020
vn 0.00493311 0.36125490 -0.93245410
vn 0.03617031 0.95650360 -0.28946970
vn -0.00199643 0.67056560 -0.74184750
vn -0.00696874 0.41069600 -0.91174570
vn 0.03001140 0.99590380 -0.08529384
vn 0.00642925 0.99922690 -0.03878585
vn 0.00817062 0.93897250 -0.34389530
vn 0.00262870 0.99174740 -0.12818000
vn 0.00100179 0.93608800 -0.35176430
vn 0.00321820 0.70680950 -0.70739660
vn -0.00234710 0.46417780 -0.88573900
vn 0.00591623 0.41152370 -0.91137980
vn 0.00163281 0.99213700 -0.12514570
vn 0.00625248 0.99997450 -0.00347532
vn -0.00013505 0.58405250 -0.81171590
vn -0.00161160 0.52047750 -0.85387380
vn 0.00336339 0.42334870 -0.90596060
vn 0.00002776 0.93755290 -0.34784290
vn -0.00388325 0.91160710 -0.41104430
vn 0.00365318 0.52391610 -0.85176210
vn -0.00466816 0.68281870 -0.73057290
vn 0.00813992 0.26157470 -0.96514890
vn -0.07458528 0.30044860 -0.95087730
vn -0.00993289 0.97241350 -0.23305230
vn -0.03069006 0.95606390 -0.29154760
vn -0.23397520 0.93540940 -0.26507540
vn -0.09267019 0.99265890 -0.07772096
vn -0.09464987 0.69135720 -0.71628670
vn -0.43661940 0.40819960 -0.80170840
vn -0.72224970 0.60211810 -0.34030740
vn -0.00688626 0.99716370 -0.07494696
vn -0.48790530 0.87093910 -0.05842438
vn -0.65593760 0.75319080 -0.04949096
vn -0.17664880 0.98408070 -0.01950541
vn -0.38393520 0.92330500 -0.01007916
vn -0.71974360 0.69423880 -0.00126272
vn -0.51245710 0.85870930 0.00245208
vn -0.15258360 0.98828960 -0.00141150
vn -0.00088971 0.99847450 -0.05520649
vn -0.08508635 0.99635790 -0.00559167
vn -0.00851494 0.99992790 -0.00846536
vn -0.07752302 0.99699060 -0.00012691
vn -0.43742500 0.89925380 0.00144713
vn -0.68541100 0.72815570 0.00093841
vn -0.67198360 0.74056290 0.00214479
vn -0.51555780 0.85685080 0.00258284
vn -0.15897770 0.98728150 -0.00116040
vn -0.02497893 0.99899430 -0.03723619
vn -0.00542609 0.99941030 -0.03390499
vn -0.00085970 0.99979840 -0.02006233
vn -0.00097913 0.99999210 -0.00385051
vn -0.32986120 0.94402880 0.00106951
vn -0.73530040 0.67774080 -0.00093113
vn -0.69976140 0.71437640 -0.00061945
vn -0.06285456 0.99802090 0.00188321
vn -0.04894485 0.99880000 0.00167704
vn -0.03843214 0.99926110 -0.00040246
vn -0.00710794 0.99997460 -0.00046200
vn -0.03732675 0.99930300 0.00053787
vn -0.00624801 0.99998040 -0.00027639
vn -0.00078048 0.99999960 -0.00025329
vn -0.00125804 0.99999920 -0.00031571
vn -0.00118610 0.99999930 0.00002399
vn -0.00065039 0.99999980 0.00020306
vn 0.00649745 0.99997890 0.00008426
vn -0.00110746 0.99999940 0.00029372
vn 0.00159643 0.99999590 -0.00234556
vn 0.91787830 -0.37763580 0.12202720
vn 0.84109780 0.37183110 0.39280550
vn 0.84121330 0.37161890 0.39275890
vn 0.76467440 -0.64011630 0.07432532
vn 0.99853550 0.00913731 0.05332309
vn 0.92637380 -0.37583350 0.02410175
vn 0.69282080 -0.72099700 0.01275359
vn 0.56396430 -0.82579770 0.00156016
vn 0.72987350 -0.67742520 0.09154100
vn 0.53777990 -0.84291470 -0.01695592
vn 0.69838320 -0.71471770 0.03794126
vn 0.67671270 -0.73399040 0.05760165
vn 0.75191240 -0.65824800 0.03656950
vn 0.58084580 -0.81390610 -0.01323187
vn 0.64613210 -0.76305000 0.01636757
vn 0.74446150 -0.66763370 0.00650873
vn 0.61263400 -0.79027840 0.01181451
vn 0.63557310 -0.77187040 0.01621337
vn 0.59079620 -0.80680690 0.00475573
vn 0.58493570 -0.81107220 0.00348878
vn 0.94510420 -0.32669100 0.00713736
vn 0.72000540 -0.69396580 0.00191763
vn 0.60048650 -0.79963430 -0.00098516
vn 0.59907820 -0.80068740 0.00222783
vn 0.72601140 -0.68767670 -0.00284887
vn 0.59186850 -0.80602620 0.00367852
vn 0.58972570 -0.80758460 -0.00552335
vn 0.60417250 -0.79682850 -0.00632807
vn 0.75066640 -0.66067620 -0.00263814
vn 0.60594740 -0.79548070 -0.00617261
vn 0.58491020 -0.81109580 -0.00192592
vn 0.63967500 -0.76833990 -0.02166983
vn 0.78626750 -0.61532550 -0.05619400
vn 0.57163940 -0.82028310 0.01908117
vn 0.80274870 -0.57524540 -0.15712160
vn 0.70495680 -0.70849190 -0.03278784
vn 0.63092180 -0.77556380 -0.02093742
vn 0.49990210 -0.86394100 0.06085939
vn 0.82662830 -0.56164350 -0.03524423
vn 0.58775840 -0.80899870 -0.00781638
vn 0.93302510 0.05596849 -0.35543150
vn 0.93399270 -0.35310180 -0.05455980
vn 0.90153200 -0.43269800 -0.00354598
vn 0.85762660 -0.51386850 0.02039042
vn 0.68283790 0.58576010 -0.43659760
vn 0.88847320 -0.45871500 0.01399252
vn 0.87090430 -0.49145230 -0.00056408
vn 0.89051470 -0.45494840 0.00235841
vn 0.92227410 -0.38652530 0.00292043
vn 0.94091700 -0.33593690 0.04268095
vn 0.99990570 0.01018669 0.00921553
vn 0.99999580 0.00271294 0.00098918
vn 0.99989200 -0.01469756 -0.00027975
vn 0.98747090 -0.15780040 -0.00043406
vn 0.99842980 -0.05592195 0.00325900
vn 0.99982940 0.01711306 -0.00694579
vn 0.99108200 0.13306330 -0.00712183
vn 0.99907370 0.02876985 -0.03199722
vn 0.99552300 0.09451556 -0.00093991
vn 0.99167970 0.12856330 0.00653150
vn 0.99935110 -0.00225474 -0.03594724
vn 0.99373730 0.11173020 -0.00155995
vn 0.99495870 0.10028560 0.00038131
vn 0.98222360 0.18771410 0.00040998
vn 0.99827410 0.05208793 0.02712409
vn 0.98991970 0.14062160 0.01686690
vn 0.98080330 0.19499370 -0.00158959
vn 0.92644320 0.37643360 -0.00079277
vn 0.99118420 0.13248750 0.00092116
vn 0.92340340 -0.38269360 0.02952670
vn 0.99115970 0.12893500 -0.03127403
vn 0.99666670 0.01571917 0.08005115
vn 0.95933850 0.10779840 -0.26086210
vn 0.99393030 0.10997810 0.00270783
vn 0.98273710 0.18500770 0.00010941
vn 0.95520750 0.29574810 -0.01057259
vn 0.99768920 0.05844880 0.03464200
vn 0.98389380 0.17868590 0.00492494
vn 0.91810700 0.39633230 -0.00045339
vn 0.95588510 0.29334230 0.01529952
vn 0.93518890 0.35414850 0.00078003
vn 0.90694090 0.42125760 0.00007981
vn 0.76255500 0.64692260 -0.00094182
vn 0.76971920 0.63838230 0.00066104
vn 0.75931630 0.65070490 0.00466867
vn 0.78194390 0.62334040 -0.00323163
vn 0.73781200 0.67500560 -0.00088799
vn 0.75259050 0.65848360 0.00260986
vn 0.80480030 0.59336050 -0.01482469
vn 0.45614140 0.88990460 -0.00222204
vn 0.76396480 0.64521570 0.00738546
vn 0.79638310 0.60420060 0.02675243
vn 0.71688530 0.69602820 -0.04025119
vn 0.94641980 0.27877290 0.16301900
vn 0.96357100 0.25257720 -0.08795219
vn 0.89366890 0.38141340 -0.23638900
vn 0.99023990 0.13525920 -0.03361507
vn 0.98350230 0.09137932 -0.15611850
vn 0.80329170 0.23045790 -0.54919170
vn 0.99807170 0.05619876 -0.02635709
vn 0.97941940 0.19494830 0.05227795
vn 0.99283310 0.10225330 -0.06185983
vn 0.99534460 -0.09439117 -0.01947760
vn 0.98971150 0.09305020 0.10868610
vn 0.89808200 0.05937588 -0.43580170
vn 0.99004560 0.10442620 -0.09436520
vn 0.94583580 0.06939279 -0.31714250
vn 0.99021930 0.02374454 0.13748400
vn 0.91551020 -0.36906760 0.16009390
vn 0.66000570 -0.75029310 -0.03811621
vn 0.99901330 0.01098982 -0.04303084
vn 0.22356250 -0.95763340 -0.18154370
vn 0.04317094 -0.96567080 -0.25615690
vn 0.81428780 -0.55844310 0.15835610
vn 0.68160990 -0.72348320 0.10945330
vn 0.33063000 -0.93898560 -0.09481531
vn 0.34694900 -0.90647520 -0.24068460
vn 0.22311210 -0.96612360 -0.12971570
vn 0.11642840 -0.97858850 -0.16973220
vn 0.02452078 -0.94244270 -0.33346750
vn 0.17576990 -0.72945280 -0.66106240
vn 0.70555690 -0.52767930 -0.47301600
vn 0.93034880 0.01065708 -0.36652100
vn 0.78914150 -0.15862320 -0.59337550
vn 0.40825230 -0.23440810 -0.88226000
vn 0.59444680 0.00437026 -0.80412300
vn 0.69108840 -0.00422237 -0.72275780
vn 0.60295000 0.09045009 -0.79263490
vn 0.19215310 -0.01712410 -0.98121550
vn 0.94734900 0.12265880 0.29577850
vn 0.63326830 0.24721700 0.73338600
vn 0.98403150 0.11803160 0.13323160
vn 0.92217310 0.08527078 0.37726070
vn 0.90407200 0.01862215 0.42697400
vn 0.99506320 0.07459513 0.06545734
vn 0.97390670 0.06098604 0.21860130
vn 0.99303500 0.11436760 0.02831150
vn 0.87613610 -0.46277530 0.13499840
vn 0.61784430 -0.78401800 0.05986899
vn 0.22539710 -0.95583130 0.18863380
vn 0.20647670 -0.96127160 0.18254930
vn 0.38146050 -0.91656940 0.11995190
vn 0.55560650 -0.83128400 0.01637515
vn 0.76613870 -0.62495770 -0.14986470
vn 0.99009940 -0.11100590 -0.08591190
vn 0.88891990 -0.42447590 -0.17216730
vn 0.60548100 -0.79395120 0.05508504
vn 0.65726730 -0.74519330 -0.11263520
vn 0.43110450 -0.90172710 0.03220206
vn 0.33736880 -0.93690820 0.09157087
vn 0.26226000 -0.92795240 0.26480950
vn 0.63008040 -0.58150770 0.51463350
vn 0.91242960 -0.35244070 0.20798500
vn 0.79293730 -0.15116180 0.59025460
vn 0.94928340 0.03171472 0.31281840
vn 0.82485200 0.07199808 0.56074540
vn 0.56992840 0.08180621 0.81761210
vn 0.58463080 0.03554289 0.81052060
vn -0.74780510 0.02065295 0.66359700
vn -0.61428030 0.59760230 0.51529720
vn -0.35148140 0.29097040 0.88982980
vn -0.50608580 0.03332045 0.86183920
vn -0.79295860 0.01394007 0.60911600
vn -0.73586030 0.08591685 0.67166050
vn -0.56150140 -0.07370662 0.82418650
vn -0.11305770 0.14361880 0.98315390
vn -0.19830710 0.70732300 0.67850460
vn -0.05371549 0.39691920 0.91628040
vn -0.00837986 0.31138600 0.95024650
vn -0.01641572 0.65127360 0.75866540
vn -0.07242958 0.12381820 0.98965810
vn -0.11330070 0.07632539 0.99062470
vn -0.00227980 0.62980140 0.77675290
vn -0.15337990 -0.10635850 0.98242690
vn -0.27137110 -0.70192680 0.65852610
vn -0.69289720 -0.56145520 0.45239530
vn -0.12579240 -0.94310590 0.30777830
vn -0.40217030 -0.89486250 0.19359820
vn -0.23194220 -0.96466040 0.12503220
vn -0.15356600 -0.97679880 0.14927040
vn -0.01655996 -0.97754960 0.21005350
vn 0.00818733 -0.92702310 0.37491490
vn -0.00957906 -0.97535350 0.22044010
vn 0.00177191 -0.97534350 0.22068480
vn 0.02257891 -0.97600670 0.21656680
vn 0.02823124 -0.97498060 0.22048980
vn 0.17694840 -0.95218720 0.24905580
vn -0.03825135 -0.68626590 0.72634430
vn 0.03128515 -0.95445190 0.29672000
vn 0.16692570 -0.95397420 0.24913690
vn -0.01838789 -0.97874770 0.20424220
vn -0.16729160 -0.97205160 0.16470950
vn -0.05896001 -0.66329820 0.74602900
vn -0.02877619 -0.93362710 0.35708850
vn 0.01305953 -0.97526520 0.22065200
vn 0.00601004 -0.90835490 0.41815720
vn 0.00824121 -0.68871860 0.72498200
vn 0.01222765 -0.97500650 0.22183980
vn 0.00373528 -0.97487740 0.22271090
vn 0.00350065 -0.97504960 0.22195950
vn 0.00185859 -0.97580980 0.21861370
vn 0.00031148 -0.90047120 0.43491580
vn 0.00181001 -0.97594940 0.21798990
vn -0.00003240 -0.97487400 0.22275730
vn -0.00349437 -0.97543440 0.22026250
vn -0.00273651 -0.97476280 0.22322650
vn -0.00095985 -0.93328020 0.35914780
vn 0.00633429 -0.97570600 0.21899250
vn -0.00220997 -0.97617630 0.21696740
vn -0.01227627 -0.97462090 0.22352490
vn 0.02546325 -0.97649540 0.21402890
vn 0.00073551 -0.63476200 0.77270730
vn -0.04516302 -0.93955820 0.33939730
vn 0.02778600 -0.97917730 0.20109630
vn -0.28433710 -0.92015230 0.26920650
vn -0.07840556 -0.93014910 0.35871330
vn 0.00698314 -0.97537000 0.22046460
vn -0.07055052 -0.97294980 0.21998040
vn -0.06898499 -0.97255000 0.22223260
vn -0.08468710 -0.67102250 0.73658460
vn 0.00225984 -0.65101370 0.75906260
vn 0.01031365 -0.93436460 0.35616900
vn 0.00259117 -0.97730690 0.21181270
vn 0.06498501 -0.98095790 0.18302540
vn 0.22685240 -0.96675130 0.11802530
vn 0.15631880 -0.70243300 0.69437180
vn 0.63008040 -0.58150770 0.51463350
vn 0.79293730 -0.15116180 0.59025460
vn 0.12225290 -0.64308540 0.75597320
vn 0.24945480 -0.26786090 0.93060340
vn 0.56992840 0.08180621 0.81761210
vn -0.03681805 -0.62472810 0.77997390
vn -0.09003556 0.02020944 0.99573360
vn 0.11531150 -0.05658094 0.99171670
vn 0.28330790 0.05781754 0.95728460
vn 0.19309770 0.11128400 0.97484830
vn 0.11580170 0.07815164 0.99019300
vn 0.10973240 0.16170710 0.98071900
vn 0.08537100 0.15697700 0.98390550
vn 0.08467483 0.23009050 0.96947850
vn 0.01375572 0.15149610 0.98836210
vn 0.00474219 0.05515826 0.99846640
vn 0.00323988 0.06898560 0.99761250
vn 0.00042595 0.15440580 0.98800740
vn -0.00132382 -0.23210950 0.97268880
vn -0.00120614 0.14036070 0.99009970
vn 0.06999784 0.12641830 0.98950420
vn 0.00847330 0.22348540 0.97467040
vn 0.00817063 0.02303947 0.99970110
vn 0.38007130 0.10890050 0.91852400
vn 0.09076188 0.17130060 0.98102920
vn 0.47287650 0.11772940 0.87322820
vn 0.54405140 0.08918432 0.83429860
vn 0.82485200 0.07199808 0.56074540
vn 0.58463080 0.03554289 0.81052060
vn 0.42271490 0.33359640 0.84263010
vn 0.10473290 0.55318320 0.82644990
vn 0.63326830 0.24721700 0.73338600
vn 0.94734900 0.12265880 0.29577850
vn 0.90407200 0.01862215 0.42697400
vn 0.00920995 0.61939400 0.78502620
vn -0.00379720 0.64894600 0.76082500
vn 0.00334254 0.26350770 0.96465150
vn 0.00047280 0.66443960 0.74734190
vn 0.00839585 0.61808460 0.78606680
vn 0.00563582 0.15744920 0.98751100
vn -0.00158559 0.21183050 0.97730520
vn -0.00254673 0.14535920 0.98937570
vn -0.00791417 0.23138240 0.97283070
vn -0.02613441 0.16977010 0.98513710
vn -0.03223327 0.15269950 0.98774680
vn -0.00996214 0.03468100 0.99934880
vn -0.06922216 0.08430538 0.99403270
vn -0.02888763 -0.63009080 0.77598390
vn -0.09221350 0.05670005 0.99412360
vn -0.15348680 0.05718469 0.98649470
vn -0.69289720 -0.56145520 0.45239530
vn -0.83495530 -0.06198571 0.54681580
vn -0.56150140 -0.07370662 0.82418650
vn -0.73586030 0.08591685 0.67166050
vt 0.87766270 0.47901970
vt 0.91230610 0.47906110
vt 0.87531330 0.48233600
vt 0.73715540 0.00323290
vt 0.74207530 0.00199878
vt 0.73074470 0.05193581
vt 0.97671070 0.97835030
vt 0.97447670 0.98875680
vt 0.97057230 0.99181640
vt 0.95679120 0.98297230
vt 0.96131770 0.99269090
vt 0.94529530 0.99379280
vt 0.92666150 0.99029480
vt 0.97142210 0.97020360
vt 0.98028900 0.92971240
vt 0.92967090 0.97436550
vt 0.91875400 0.98613890
vt 0.92266450 0.93865350
vt 0.90835270 0.98285890
vt 0.96181850 0.93114710
vt 0.95446460 0.95064940
vt 0.93016210 0.93756900
vt 0.97671100 0.90771710
vt 0.98156270 0.90748300
vt 0.97510680 0.82280370
vt 0.98354230 0.79780310
vt 0.98417620 0.74704170
vt 0.96204380 0.89901160
vt 0.94210140 0.84324300
vt 0.93143840 0.93007180
vt 0.92474280 0.92881350
vt 0.94626870 0.89977850
vt 0.93153460 0.91355400
vt 0.93246720 0.87668450
vt 0.92489110 0.88121240
vt 0.91413180 0.88845780
vt 0.91601830 0.73079670
vt 0.88745750 0.79644800
vt 0.88682550 0.84869900
vt 0.88778010 0.74195670
vt 0.88705490 0.86644980
vt 0.88839780 0.70454650
vt 0.88606770 0.88312380
vt 0.88627560 0.89310370
vt 0.88566050 0.90970330
vt 0.88910000 0.63911240
vt 0.91697590 0.61061950
vt 0.92701670 0.70180460
vt 0.88879790 0.61987070
vt 0.88869330 0.60406090
vt 0.88759430 0.58451240
vt 0.91482650 0.93140100
vt 0.88752630 0.92363480
vt 0.88330460 0.92894020
vt 0.91155510 0.93966320
vt 0.88380580 0.94124920
vt 0.88328390 0.95111780
vt 0.88310430 0.96020360
vt 0.87989750 0.97845720
vt 0.87858210 0.98270330
vt 0.91587720 0.56919040
vt 0.88622780 0.57975730
vt 0.88869750 0.57596540
vt 0.91639100 0.56115700
vt 0.88895930 0.57337420
vt 0.88521480 0.57251630
vt 0.88780700 0.56175740
vt 0.92709160 0.56929550
vt 0.91563630 0.54694020
vt 0.88674440 0.54415520
vt 0.92777550 0.61145500
vt 0.92728040 0.55998280
vt 0.91241280 0.51508560
vt 0.88473560 0.52953570
vt 0.88272170 0.52368760
vt 0.92317750 0.51320580
vt 0.92634480 0.54591790
vt 0.93224000 0.51764130
vt 0.93131210 0.51016970
vt 0.93693830 0.59423390
vt 0.93560580 0.63165900
vt 0.93487880 0.56900300
vt 0.93520530 0.56142920
vt 0.94321110 0.56889520
vt 0.96016510 0.55983150
vt 0.93496510 0.55680340
vt 0.95913030 0.60212140
vt 0.93458690 0.54940710
vt 0.97676170 0.53641250
vt 0.93349970 0.53612520
vt 0.95677690 0.52876990
vt 0.96775260 0.51315670
vt 0.95170900 0.51154580
vt 0.95079630 0.50696090
vt 0.93893410 0.50699590
vt 0.98145680 0.51737490
vt 0.97864900 0.50655100
vt 0.98527250 0.55832730
vt 0.98159770 0.56710220
vt 0.97302660 0.56179600
vt 0.97914430 0.59349780
vt 0.98467330 0.66838530
vt 0.96535810 0.64099840
vt 0.97930930 0.67574830
vt 0.93608440 0.67769740
vt 0.95307790 0.68114590
vt 0.97776000 0.73104200
vt 0.93520130 0.70463280
vt 0.96472940 0.70414600
vt 0.93549310 0.73129530
vt 0.95404820 0.72789840
vt 0.97024740 0.77479180
vt 0.92633710 0.78281440
vt 0.93898870 0.77741390
vt 0.94856720 0.81972100
vt 0.77655760 0.07723492
vt 0.75821420 0.12731180
vt 0.75893260 0.11687490
vt 0.77458450 0.09881943
vt 0.75761260 0.13934120
vt 0.75828710 0.15857360
vt 0.77741170 0.14028510
vt 0.76174630 0.16710730
vt 0.76211920 0.18062630
vt 0.77577900 0.17443470
vt 0.75898100 0.20809370
vt 0.76093930 0.22613400
vt 0.77644850 0.20751050
vt 0.78864240 0.18588920
vt 0.76039650 0.24790590
vt 0.77630820 0.33212450
vt 0.76066480 0.30984760
vt 0.76051650 0.33992930
vt 0.76043560 0.37773640
vt 0.76055690 0.43085550
vt 0.76027880 0.52675300
vt 0.75992440 0.62156470
vt 0.77477420 0.78672090
vt 0.75979550 0.69829210
vt 0.75941550 0.73155870
vt 0.75967820 0.74761800
vt 0.75856700 0.76575340
vt 0.75915070 0.78221250
vt 0.75812200 0.79489440
vt 0.77429030 0.84075740
vt 0.75953340 0.81466370
vt 0.75930690 0.82454690
vt 0.75694060 0.83386950
vt 0.77313830 0.88212770
vt 0.75618950 0.84403220
vt 0.75749160 0.85286090
vt 0.78365990 0.91178490
vt 0.75800140 0.86474110
vt 0.78698970 0.80071290
vt 0.78621010 0.86030910
vt 0.78775240 0.90725850
vt 0.78796460 0.63059200
vt 0.78867480 0.33102420
vt 0.79686900 0.79084410
vt 0.79824650 0.85876050
vt 0.79657280 0.88147150
vt 0.82998330 0.87958740
vt 0.82882780 0.91084400
vt 0.79536660 0.92184940
vt 0.79845290 0.34789500
vt 0.80602660 0.79537380
vt 0.81446760 0.64674630
vt 0.78367720 0.92472920
vt 0.77011560 0.90382370
vt 0.75800140 0.86474110
vt 0.75228240 0.86557980
vt 0.75057460 0.86976110
vt 0.75036810 0.88212710
vt 0.77150730 0.93144700
vt 0.75140260 0.89281140
vt 0.78339980 0.95015600
vt 0.77357210 0.94661750
vt 0.75239720 0.90946910
vt 0.74859190 0.91645850
vt 0.79457210 0.92975770
vt 0.76503320 0.96734130
vt 0.74312150 0.92435690
vt 0.78351340 0.96051130
vt 0.77681930 0.98224770
vt 0.82462920 0.92897840
vt 0.82087650 0.95550390
vt 0.79127430 0.96708080
vt 0.78833500 0.98727500
vt 0.81832170 0.97836600
vt 0.85049200 0.90650360
vt 0.84746560 0.57340020
vt 0.83600710 0.66630280
vt 0.82537970 0.44475560
vt 0.83422400 0.96459650
vt 0.83027150 0.99069240
vt 0.79836150 0.99396880
vt 0.84101280 0.97999750
vt 0.85071650 0.99090700
vt 0.85587160 0.96720000
vt 0.85465580 0.98399820
vt 0.85605110 0.99104850
vt 0.86523940 0.96881620
vt 0.86002780 0.90629830
vt 0.86625130 0.94808190
vt 0.86757960 0.89856020
vt 0.86730300 0.83868380
vt 0.86074330 0.64986490
vt 0.86757230 0.66227790
vt 0.86778880 0.63232270
vt 0.86065020 0.60672650
vt 0.86776410 0.57831870
vt 0.86797680 0.50409900
vt 0.86089860 0.47726310
vt 0.86804320 0.46171460
vt 0.86809960 0.41111990
vt 0.84965800 0.48718280
vt 0.86130170 0.39848410
vt 0.86172090 0.23212790
vt 0.86855760 0.26401190
vt 0.86861900 0.22335510
vt 0.86930180 0.13045570
vt 0.84628030 0.38236760
vt 0.85065360 0.13727980
vt 0.86155090 0.08886692
vt 0.86830240 0.07016182
vt 0.85728370 0.02963228
vt 0.86320200 0.02031824
vt 0.84972720 0.01599272
vt 0.85637020 0.00881553
vt 0.85071780 0.00863750
vt 0.83711110 0.00978551
vt 0.84669180 0.03819656
vt 0.79111700 0.03005282
vt 0.82425430 0.03448310
vt 0.78710480 0.02111328
vt 0.81837530 0.00972300
vt 0.78603800 0.01130652
vt 0.77432510 0.02137599
vt 0.77931590 0.03341623
vt 0.76926380 0.04589409
vt 0.76239180 0.03546894
vt 0.74264970 0.07822527
vt 0.74676770 0.08344692
vt 0.75016060 0.09069614
vt 0.79335610 0.03860128
vt 0.77725380 0.06281441
vt 0.75268730 0.09613797
vt 0.75576890 0.09798458
vt 0.76017000 0.09810364
vt 0.78308520 0.04465062
vt 0.79040490 0.04738872
vt 0.82792330 0.04339129
vt 0.83187200 0.05447326
vt 0.79549010 0.12419950
vt 0.79629770 0.05225940
vt 0.78680380 0.05997714
vt 0.77725380 0.06281441
vt 0.79988360 0.06209454
vt 0.76017000 0.09810364
vt 0.75893260 0.11687490
vt 0.78841650 0.07212713
vt 0.79994380 0.09775002
vt 0.78701820 0.10089150
vt 0.78843930 0.15282970
vt 0.80068530 0.15458650
vt 0.79836760 0.18366940
vt 0.82503940 0.14148410
vt 0.80847190 0.35494500
vt 0.03222515 0.98549720
vt 0.01992475 0.98957230
vt 0.01457305 0.98767640
vt 0.03180974 0.97123730
vt 0.02382517 0.96338870
vt 0.07303374 0.97778450
vt 0.04468068 0.99044870
vt 0.01524332 0.97862390
vt 0.01526789 0.96371390
vt 0.08312763 0.98854830
vt 0.01175692 0.89677020
vt 0.04250873 0.95942650
vt 0.02028734 0.87328790
vt 0.01081596 0.83771090
vt 0.00955740 0.66340550
vt 0.15952480 0.98593040
vt 0.17564850 0.99439300
vt 0.27317630 0.98872520
vt 0.30848380 0.99529930
vt 0.03507512 0.93700000
vt 0.09345628 0.90485840
vt 0.09202299 0.95608780
vt 0.02026180 0.66325060
vt 0.01443348 0.62242390
vt 0.03700318 0.87176600
vt 0.22154620 0.97550210
vt 0.36394860 0.98919730
vt 0.40743210 0.99365130
vt 0.35679670 0.98248290
vt 0.03275958 0.64039810
vt 0.45488140 0.98287430
vt 0.44957820 0.99333110
vt 0.50623400 0.99357680
vt 0.10634720 0.96761980
vt 0.40104050 0.96909250
vt 0.20390190 0.95310620
vt 0.51399530 0.98568210
vt 0.55893910 0.98820460
vt 0.23699720 0.91187250
vt 0.50634350 0.97304260
vt 0.49791800 0.94952740
vt 0.56215790 0.97592400
vt 0.56976040 0.98645650
vt 0.31996040 0.95659670
vt 0.37923880 0.89669190
vt 0.12005230 0.80153140
vt 0.44457060 0.90232500
vt 0.56226940 0.96822090
vt 0.56892220 0.96814820
vt 0.53952410 0.94978740
vt 0.54929490 0.91313750
vt 0.56194950 0.94238410
vt 0.57795550 0.89216320
vt 0.50974780 0.90633000
vt 0.45742260 0.80268660
vt 0.44325470 0.67952720
vt 0.52644170 0.79261550
vt 0.57214190 0.98070000
vt 0.58140810 0.98849270
vt 0.58320360 0.96533110
vt 0.57842140 0.96353610
vt 0.58572970 0.91308530
vt 0.57168550 0.94940700
vt 0.58300480 0.80759910
vt 0.58086010 0.75100960
vt 0.56678560 0.80143660
vt 0.56477720 0.62765040
vt 0.55002490 0.82970730
vt 0.55558340 0.66186270
vt 0.53178030 0.53996430
vt 0.57693060 0.65517540
vt 0.58417990 0.71977890
vt 0.58318820 0.64827360
vt 0.57660420 0.56651910
vt 0.58383950 0.56006460
vt 0.58355020 0.42656460
vt 0.57651820 0.42287440
vt 0.58646590 0.24627330
vt 0.55396490 0.43015860
vt 0.50150690 0.63842600
vt 0.50269550 0.53068480
vt 0.52159460 0.35903110
vt 0.56791190 0.39051400
vt 0.57030730 0.24163040
vt 0.57684400 0.23686150
vt 0.57640900 0.12772880
vt 0.58462100 0.14027820
vt 0.58556310 0.10686810
vt 0.58476750 0.05051326
vt 0.57295330 0.02344266
vt 0.58319260 0.01834425
vt 0.58139440 0.01208019
vt 0.55358990 0.26050210
vt 0.56012460 0.10730030
vt 0.56714670 0.03413780
vt 0.52991270 0.10651580
vt 0.55136780 0.04843638
vt 0.56713460 0.00701520
vt 0.58014210 0.00469241
vt 0.55723790 0.02166948
vt 0.56545970 0.01547311
vt 0.51998320 0.00534666
vt 0.52010820 0.01211096
vt 0.48783870 0.00234411
vt 0.52805470 0.02341677
vt 0.42913540 0.01116280
vt 0.38822770 0.00211684
vt 0.51228870 0.03793918
vt 0.46687410 0.06849161
vt 0.48745500 0.02354483
vt 0.39146330 0.03179172
vt 0.36445330 0.02052460
vt 0.34407260 0.01377578
vt 0.38251420 0.00721331
vt 0.30836160 0.00372554
vt 0.27684580 0.03235781
vt 0.45432320 0.18398410
vt 0.26540970 0.01214583
vt 0.24195770 0.00087434
vt 0.11723820 0.00339270
vt 0.25539500 0.02091992
vt 0.11930740 0.01719563
vt 0.11738380 0.01108441
vt 0.08828322 0.01551942
vt 0.09047168 0.00224061
vt 0.03322786 0.00327466
vt 0.10798140 0.03134970
vt 0.07853979 0.02197057
vt 0.02871448 0.02362422
vt 0.04853350 0.04198071
vt 0.03214922 0.01090127
vt 0.02223244 0.00631816
vt 0.01378546 0.01952607
vt 0.12791050 0.03989184
vt 0.01913523 0.02318079
vt 0.01074406 0.06625359
vt 0.02847237 0.09471720
vt 0.01908078 0.10880540
vt 0.01003044 0.12477990
vt 0.01616039 0.22009570
vt 0.03356059 0.26798350
vt 0.36100120 0.06238216
vt 0.06377994 0.15830600
vt 0.10001840 0.13660300
vt 0.05374976 0.47808440
vt 0.01980095 0.37518450
vt 0.01000569 0.25816680
vt 0.01084125 0.40980120
vt 0.01330673 0.46934850
vt 0.03159181 0.45241340
vt 0.08517722 0.08573938
vt 0.12503080 0.06723765
vt 0.34153710 0.08547062
vt 0.27376170 0.15714980
vt 0.01895942 0.54772250
vt 0.01376719 0.50727240
vt 0.01194407 0.57204720
vt 0.05311174 0.80310860
vt 0.08419264 0.59972010
vt 0.08508053 0.42461890
vt 0.09268539 0.47444280
vt 0.06735633 0.28505600
vt 0.11456550 0.42047090
vt 0.26844000 0.52363970
vt 0.23049010 0.42154500
vt 0.25752240 0.31418800
vt 0.32956200 0.41918330
vt 0.44552140 0.46561430
vt 0.39322500 0.53792120
vt 0.36194000 0.57681230
vt 0.62426510 0.90454110
vt 0.60819380 0.87850990
vt 0.60725670 0.86219170
vt 0.62548660 0.91661060
vt 0.63667570 0.92590150
vt 0.63626410 0.88673130
vt 0.62419200 0.86386390
vt 0.60725670 0.86219170
vt 0.60868440 0.83945940
vt 0.60794330 0.81985550
vt 0.62682780 0.83218520
vt 0.61170450 0.80128810
vt 0.62523930 0.80305980
vt 0.60945840 0.77208350
vt 0.61078850 0.74980670
vt 0.62549200 0.74712600
vt 0.61000630 0.73097660
vt 0.61041840 0.69820500
vt 0.61019830 0.67092030
vt 0.61015010 0.60493440
vt 0.63782280 0.84689300
vt 0.62604140 0.56210470
vt 0.61055950 0.56319820
vt 0.61048100 0.52560830
vt 0.62569310 0.42800560
vt 0.61016980 0.47053990
vt 0.60993210 0.42405570
vt 0.61016700 0.38872070
vt 0.62508340 0.21014290
vt 0.61005010 0.28336390
vt 0.60969270 0.25071430
vt 0.61006240 0.22664810
vt 0.62439080 0.17196920
vt 0.60815660 0.20479500
vt 0.61053710 0.18481060
vt 0.62569090 0.14960660
vt 0.61069850 0.17495530
vt 0.60809410 0.16556460
vt 0.62338330 0.12045930
vt 0.60728260 0.15544380
vt 0.60844780 0.14552830
vt 0.63674430 0.15211720
vt 0.63701250 0.21061420
vt 0.63435700 0.08732606
vt 0.60954390 0.13405180
vt 0.63718210 0.13103530
vt 0.63796840 0.43522170
vt 0.63824280 0.57740720
vt 0.63776400 0.78745900
vt 0.63723280 0.82374230
vt 0.64978290 0.83228220
vt 0.64942580 0.79325570
vt 0.65157670 0.56208940
vt 0.64765380 0.41451480
vt 0.64736250 0.18376070
vt 0.64772740 0.87063020
vt 0.67798980 0.86230890
vt 0.64659670 0.90456180
vt 0.66464760 0.22214260
vt 0.66778670 0.14268220
vt 0.64657010 0.14300320
vt 0.67909210 0.72065350
vt 0.66992680 0.48203290
vt 0.69238780 0.58866070
vt 0.64711950 0.12335720
vt 0.67880140 0.08871356
vt 0.69898920 0.84917640
vt 0.71106740 0.83091990
vt 0.68286000 0.24547760
vt 0.63565390 0.10410930
vt 0.67990650 0.91468080
vt 0.64666320 0.09794360
vt 0.63871380 0.09087074
vt 0.69019740 0.48488030
vt 0.69447830 0.27231970
vt 0.70901630 0.92945300
vt 0.64527540 0.07772228
vt 0.70119900 0.15264070
vt 0.71033310 0.20058970
vt 0.70879540 0.09475025
vt 0.71035870 0.38709730
vt 0.71064080 0.56497180
vt 0.71727420 0.58880950
vt 0.71720270 0.43333360
vt 0.71709490 0.34707740
vt 0.71685300 0.27853890
vt 0.71748890 0.74795510
vt 0.71831830 0.85431010
vt 0.71840160 0.88858930
vt 0.71709060 0.25069780
vt 0.71720310 0.18756070
vt 0.71721780 0.08558855
vt 0.71639650 0.94578980
vt 0.71412430 0.03146005
vt 0.70317930 0.95823200
vt 0.71073620 0.97967490
vt 0.69751340 0.93472860
vt 0.68761760 0.96057870
vt 0.70900330 0.98746090
vt 0.68049260 0.94470100
vt 0.69745190 0.07741377
vt 0.66782380 0.93238380
vt 0.63775130 0.93530830
vt 0.68184260 0.07912783
vt 0.67861200 0.97856590
vt 0.66617910 0.95170340
vt 0.64567670 0.94426820
vt 0.63434110 0.94098370
vt 0.62294020 0.92367100
vt 0.62309830 0.94070740
vt 0.63618560 0.95096680
vt 0.60399510 0.88037220
vt 0.60819380 0.87850990
vt 0.60380840 0.88742090
vt 0.60501110 0.90574480
vt 0.59879610 0.91105600
vt 0.61561940 0.95627400
vt 0.59398520 0.91780930
vt 0.59001240 0.92242030
vt 0.61052910 0.96432110
vt 0.62184200 0.97943000
vt 0.62858050 0.96232120
vt 0.63936760 0.96422900
vt 0.63666310 0.97672460
vt 0.63209830 0.98648800
vt 0.64514240 0.98778360
vt 0.67034440 0.98882260
vt 0.70358790 0.99034400
vt 0.69079640 0.99653640
vt 0.70261230 0.01549767
vt 0.70709220 0.00864716
vt 0.68538270 0.04010274
vt 0.66935940 0.02430019
vt 0.68214410 0.01322201
vt 0.67913020 0.05819698
vt 0.64543530 0.06969590
vt 0.65684810 0.05560710
vt 0.63383410 0.07460044
vt 0.62065790 0.09360646
vt 0.60954390 0.13405180
vt 0.60444040 0.13250950
vt 0.60209300 0.12877700
vt 0.60061690 0.12455750
vt 0.60114750 0.11286660
vt 0.63506720 0.05868730
vt 0.61957030 0.08217762
vt 0.62297690 0.05474377
vt 0.60312740 0.09276859
vt 0.60003390 0.08542575
vt 0.59397700 0.07634286
vt 0.61452840 0.03012988
vt 0.62691550 0.01802419
vt 0.63327600 0.04224702
vt 0.63653370 0.00828046
vt 0.64170480 0.03450358
vt 0.65121470 0.01097681
vt 0.64658250 0.00699347
vt 0.68424090 0.00859093
vt 0.98085560 0.01230423
vt 0.98521050 0.00961113
vt 0.98538910 0.01597928
vt 0.97029540 0.01712056
vt 0.96804740 0.01179363
vt 0.94303440 0.01281913
vt 0.93690720 0.02141108
vt 0.97787910 0.02478788
vt 0.99053590 0.02431886
vt 0.99137250 0.04235499
vt 0.98993490 0.08221511
vt 0.99606430 0.07434902
vt 0.96951710 0.05638580
vt 0.96461150 0.02786725
vt 0.99716360 0.14963840
vt 0.93770200 0.02678262
vt 0.92950380 0.02453868
vt 0.92650030 0.01460955
vt 0.91915710 0.02524317
vt 0.91436550 0.01455566
vt 0.88550640 0.02519213
vt 0.89025620 0.03359783
vt 0.89189240 0.03770123
vt 0.92467160 0.06098766
vt 0.89281920 0.04663718
vt 0.89435540 0.05475740
vt 0.89507740 0.06136686
vt 0.89592940 0.06531307
vt 0.89580210 0.06919658
vt 0.93477790 0.06182762
vt 0.92329410 0.06872454
vt 0.89337900 0.07339880
vt 0.89241980 0.07706645
vt 0.89669200 0.07913229
vt 0.93441750 0.06890161
vt 0.92582770 0.07422922
vt 0.89728110 0.08496317
vt 0.92428030 0.10120070
vt 0.93500940 0.09896104
vt 0.89506450 0.09938486
vt 0.89459630 0.12137020
vt 0.89428900 0.15665230
vt 0.89408670 0.17876280
vt 0.92288710 0.33754510
vt 0.89375250 0.25959430
vt 0.89325870 0.32155820
vt 0.89300160 0.34392370
vt 0.89360040 0.36083580
vt 0.92208270 0.39829120
vt 0.89300660 0.37780740
vt 0.89214860 0.38922950
vt 0.89285190 0.40300860
vt 0.89242510 0.41138570
vt 0.93377170 0.34770940
vt 0.92104970 0.42631070
vt 0.89029950 0.41576010
vt 0.89359210 0.41970450
vt 0.92335000 0.43297290
vt 0.89479830 0.42283820
vt 0.89091500 0.42471450
vt 0.89209560 0.43517170
vt 0.93217020 0.42678900
vt 0.93282340 0.39973230
vt 0.91970870 0.45071010
vt 0.88964400 0.44887550
vt 0.88506050 0.46330460
vt 0.88134860 0.46947880
vt 0.92672990 0.46758060
vt 0.92292970 0.48102410
vt 0.93043640 0.48173270
vt 0.93125220 0.43907530
vt 0.93304950 0.47130850
vt 0.93683870 0.48433500
vt 0.93312010 0.43315250
vt 0.93987990 0.42711740
vt 0.93775090 0.44727130
vt 0.93864790 0.43981950
vt 0.94056710 0.47138930
vt 0.93968120 0.43393300
vt 0.95884750 0.44934270
vt 0.96955930 0.44166390
vt 0.98459950 0.44137160
vt 0.96633100 0.42986770
vt 0.94089870 0.39911880
vt 0.94160590 0.36246700
vt 0.97647790 0.37660280
vt 0.94250010 0.20461240
vt 0.95180200 0.23281970
vt 0.96416950 0.46661610
vt 0.98753700 0.42861330
vt 0.94308780 0.09835462
vt 0.97457070 0.48038810
vt 0.97896240 0.47623660
vt 0.94833140 0.47612400
vt 0.95549630 0.48545120
vt 0.94816050 0.49092500
vt 0.97060970 0.49350730
vt 0.98430870 0.48645470
vt 0.98732220 0.47651170
vt 0.97939470 0.49474360
vt 0.97731800 0.49721930
vt 0.97084360 0.49680360
vt 0.99364900 0.43121550
vt 0.99532000 0.38498640
vt 0.99048500 0.36721800
vt 0.99609480 0.34680000
vt 0.99699750 0.26182840
vt 0.98093110 0.31719720
vt 0.99032380 0.24528590
vt 0.97008520 0.12062440
vt 0.98923670 0.17263930
vt 0.98102700 0.07406308
vt 0.96257020 0.07320076
vt 0.94260530 0.07599662
vt 0.94288650 0.06924383
vt 0.93571970 0.07510277
vt 0.94206400 0.06262495
vt 0.94097790 0.04710842
vt 0.72796860 0.06978513
vt 0.72834860 0.08188632
vt 0.72325410 0.08294466
vt 0.72631870 0.09307722
f 3/3/3 2/2/2 1/1/1
f 6/6/6 5/5/5 4/4/4
f 9/9/9 8/8/8 7/7/7
f 7/7/7 10/10/10 9/9/9
f 10/10/10 11/11/11 9/9/9
f 10/10/10 12/12/12 11/11/11
f 10/10/10 13/13/13 12/12/12
f 14/14/14 10/10/10 7/7/7
f 14/14/14 7/7/7 15/15/15
f 16/16/16 13/13/13 10/10/10
f 14/14/14 16/16/16 10/10/10
f 16/16/16 17/17/17 13/13/13
f 18/18/18 17/17/17 16/16/16
f 18/18/18 19/19/19 17/17/17
f 15/15/15 20/20/20 14/14/14
f 21/21/21 16/16/16 14/14/14
f 20/20/20 21/21/21 14/14/14
f 22/22/22 16/16/16 21/21/21
f 22/22/22 18/18/18 16/16/16
f 20/20/20 22/22/22 21/21/21
f 15/15/15 23/23/23 20/20/20
f 23/23/23 15/15/15 24/24/24
f 24/24/24 25/25/25 23/23/23
f 24/24/24 26/26/26 25/25/25
f 26/26/26 27/27/27 25/25/25
f 23/23/23 28/28/28 20/20/20
f 25/25/25 28/28/28 23/23/23
f 25/25/25 29/29/29 28/28/28
f 30/30/30 22/22/22 20/20/20
f 30/30/30 20/20/20 28/28/28
f 18/18/18 22/22/22 31/31/31
f 22/22/22 30/30/30 31/31/31
f 32/32/32 30/30/30 28/28/28
f 29/29/29 32/32/32 28/28/28
f 32/32/32 33/33/33 30/30/30
f 30/30/30 33/33/33 31/31/31
f 34/34/34 33/33/33 32/32/32
f 29/29/29 34/34/34 32/32/32
f 33/33/33 34/34/34 35/35/35
f 31/31/31 33/33/33 35/35/35
f 34/34/34 29/29/29 35/35/35
f 31/31/31 35/35/35 36/36/36
f 37/37/37 36/36/36 35/35/35
f 36/36/36 37/37/37 38/38/38
f 36/36/36 38/38/38 39/39/39
f 37/37/37 40/40/40 38/38/38
f 36/36/36 39/39/39 41/41/41
f 42/42/42 40/40/40 37/37/37
f 36/36/36 41/41/41 43/43/43
f 36/36/36 43/43/43 44/44/44
f 44/44/44 45/45/45 36/36/36
f 46/46/46 42/42/42 37/37/37
f 47/47/47 46/46/46 37/37/37
f 47/47/47 37/37/37 48/48/48
f 49/49/49 46/46/46 47/47/47
f 50/50/50 49/49/49 47/47/47
f 51/51/51 50/50/50 47/47/47
f 45/45/45 52/52/52 36/36/36
f 36/36/36 52/52/52 31/31/31
f 52/52/52 45/45/45 53/53/53
f 31/31/31 52/52/52 18/18/18
f 53/53/53 54/54/54 52/52/52
f 52/52/52 55/55/55 18/18/18
f 52/52/52 54/54/54 55/55/55
f 55/55/55 54/54/54 56/56/56
f 55/55/55 56/56/56 57/57/57
f 55/55/55 19/19/19 18/18/18
f 19/19/19 55/55/55 57/57/57
f 19/19/19 57/57/57 58/58/58
f 19/19/19 58/58/58 59/59/59
f 59/59/59 60/60/60 19/19/19
f 62/62/62 51/51/51 61/61/61
f 62/62/62 61/61/61 63/63/63
f 61/61/61 64/64/64 63/63/63
f 65/65/65 63/63/63 64/64/64
f 64/64/64 66/66/66 65/65/65
f 61/61/61 51/51/51 47/47/47
f 66/66/66 64/64/64 67/67/67
f 68/68/68 61/61/61 47/47/47
f 61/61/61 68/68/68 64/64/64
f 64/64/64 69/69/69 67/67/67
f 70/70/70 67/67/67 69/69/69
f 71/71/71 68/68/68 47/47/47
f 71/71/71 47/47/47 48/48/48
f 68/68/68 72/72/72 64/64/64
f 64/64/64 72/72/72 69/69/69
f 73/73/73 70/70/70 69/69/69
f 74/74/74 70/70/70 73/73/73
f 73/73/73 75/75/75 74/74/74
f 73/73/73 69/69/69 76/76/76
f 69/69/69 77/77/77 76/76/76
f 72/72/72 77/77/77 69/69/69
f 76/76/76 77/77/77 78/78/78
f 78/78/78 79/79/79 76/76/76
f 80/80/80 68/68/68 71/71/71
f 81/81/81 71/71/71 48/48/48
f 81/81/81 80/80/80 71/71/71
f 68/68/68 82/82/82 72/72/72
f 80/80/80 82/82/82 68/68/68
f 82/82/82 83/83/83 72/72/72
f 84/84/84 82/82/82 80/80/80
f 84/84/84 83/83/83 82/82/82
f 85/85/85 83/83/83 84/84/84
f 83/83/83 86/86/86 72/72/72
f 72/72/72 86/86/86 77/77/77
f 85/85/85 86/86/86 83/83/83
f 84/84/84 80/80/80 87/87/87
f 81/81/81 87/87/87 80/80/80
f 85/85/85 84/84/84 87/87/87
f 86/86/86 88/88/88 77/77/77
f 85/85/85 88/88/88 86/86/86
f 89/89/89 88/88/88 85/85/85
f 88/88/88 90/90/90 77/77/77
f 77/77/77 90/90/90 78/78/78
f 91/91/91 90/90/90 88/88/88
f 89/89/89 91/91/91 88/88/88
f 91/91/91 78/78/78 90/90/90
f 91/91/91 92/92/92 78/78/78
f 89/89/89 92/92/92 91/91/91
f 92/92/92 93/93/93 78/78/78
f 93/93/93 79/79/79 78/78/78
f 79/79/79 93/93/93 94/94/94
f 92/92/92 94/94/94 93/93/93
f 95/95/95 79/79/79 94/94/94
f 89/89/89 96/96/96 92/92/92
f 96/96/96 97/97/97 92/92/92
f 98/98/98 96/96/96 89/89/89
f 98/98/98 89/89/89 99/99/99
f 100/100/100 89/89/89 85/85/85
f 99/99/99 89/89/89 100/100/100
f 100/100/100 85/85/85 101/101/101
f 99/99/99 100/100/100 101/101/101
f 101/101/101 85/85/85 87/87/87
f 102/102/102 99/99/99 101/101/101
f 101/101/101 87/87/87 103/103/103
f 103/103/103 87/87/87 81/81/81
f 104/104/104 102/102/102 101/101/101
f 104/104/104 101/101/101 103/103/103
f 103/103/103 81/81/81 105/105/105
f 105/105/105 81/81/81 48/48/48
f 103/103/103 105/105/105 106/106/106
f 104/104/104 103/103/103 106/106/106
f 102/102/102 104/104/104 107/107/107
f 27/27/27 102/102/102 107/107/107
f 25/25/25 27/27/27 107/107/107
f 106/106/106 105/105/105 108/108/108
f 48/48/48 108/108/108 105/105/105
f 104/104/104 106/106/106 109/109/109
f 108/108/108 109/109/109 106/106/106
f 104/104/104 109/109/109 107/107/107
f 108/108/108 48/48/48 110/110/110
f 109/109/109 108/108/108 110/110/110
f 109/109/109 111/111/111 107/107/107
f 111/111/111 109/109/109 110/110/110
f 107/107/107 112/112/112 25/25/25
f 107/107/107 111/111/111 112/112/112
f 48/48/48 113/113/113 110/110/110
f 113/113/113 48/48/48 37/37/37
f 113/113/113 37/37/37 35/35/35
f 113/113/113 35/35/35 29/29/29
f 111/111/111 110/110/110 114/114/114
f 113/113/113 114/114/114 110/110/110
f 112/112/112 111/111/111 114/114/114
f 114/114/114 113/113/113 29/29/29
f 115/115/115 29/29/29 25/25/25
f 25/25/25 112/112/112 115/115/115
f 114/114/114 29/29/29 115/115/115
f 112/112/112 114/114/114 115/115/115
f 118/118/118 117/117/117 116/116/116
f 119/119/119 116/116/116 117/117/117
f 120/120/120 119/119/119 117/117/117
f 120/120/120 121/121/121 119/119/119
f 119/119/119 121/121/121 122/122/122
f 121/121/121 123/123/123 122/122/122
f 123/123/123 124/124/124 122/122/122
f 122/122/122 124/124/124 125/125/125
f 124/124/124 126/126/126 125/125/125
f 126/126/126 127/127/127 125/125/125
f 125/125/125 127/127/127 128/128/128
f 125/125/125 128/128/128 129/129/129
f 127/127/127 130/130/130 128/128/128
f 128/128/128 130/130/130 131/131/131
f 128/128/128 131/131/131 129/129/129
f 130/130/130 132/132/132 131/131/131
f 132/132/132 133/133/133 131/131/131
f 133/133/133 134/134/134 131/131/131
f 134/134/134 135/135/135 131/131/131
f 135/135/135 136/136/136 131/131/131
f 131/131/131 136/136/136 137/137/137
f 138/138/138 131/131/131 137/137/137
f 138/138/138 137/137/137 139/139/139
f 138/138/138 139/139/139 140/140/140
f 138/138/138 140/140/140 141/141/141
f 138/138/138 141/141/141 142/142/142
f 138/138/138 142/142/142 143/143/143
f 143/143/143 144/144/144 138/138/138
f 144/144/144 145/145/145 138/138/138
f 145/145/145 144/144/144 146/146/146
f 145/145/145 146/146/146 147/147/147
f 147/147/147 148/148/148 145/145/145
f 148/148/148 149/149/149 145/145/145
f 149/149/149 148/148/148 150/150/150
f 149/149/149 150/150/150 151/151/151
f 152/152/152 149/149/149 151/151/151
f 152/152/152 151/151/151 153/153/153
f 138/138/138 145/145/145 154/154/154
f 145/145/145 149/149/149 155/155/155
f 145/145/145 155/155/155 154/154/154
f 156/156/156 149/149/149 152/152/152
f 149/149/149 156/156/156 155/155/155
f 154/154/154 157/157/157 138/138/138
f 131/131/131 138/138/138 157/157/157
f 157/157/157 158/158/158 131/131/131
f 129/129/129 131/131/131 158/158/158
f 159/159/159 157/157/157 154/154/154
f 159/159/159 158/158/158 157/157/157
f 160/160/160 154/154/154 155/155/155
f 160/160/160 159/159/159 154/154/154
f 161/161/161 155/155/155 156/156/156
f 161/161/161 160/160/160 155/155/155
f 161/161/161 162/162/162 160/160/160
f 161/161/161 156/156/156 163/163/163
f 162/162/162 161/161/161 163/163/163
f 164/164/164 156/156/156 152/152/152
f 163/163/163 156/156/156 164/164/164
f 129/129/129 158/158/158 165/165/165
f 159/159/159 165/165/165 158/158/158
f 166/166/166 159/159/159 160/160/160
f 166/166/166 160/160/160 162/162/162
f 167/167/167 159/159/159 166/166/166
f 165/165/165 159/159/159 167/167/167
f 167/167/167 166/166/166 162/162/162
f 152/152/152 168/168/168 164/164/164
f 168/168/168 152/152/152 169/169/169
f 169/169/169 152/152/152 170/170/170
f 171/171/171 169/169/169 170/170/170
f 169/169/169 171/171/171 172/172/172
f 169/169/169 172/172/172 173/173/173
f 174/174/174 169/169/169 173/173/173
f 174/174/174 173/173/173 175/175/175
f 176/176/176 168/168/168 169/169/169
f 176/176/176 169/169/169 174/174/174
f 177/177/177 174/174/174 175/175/175
f 174/174/174 177/177/177 176/176/176
f 177/177/177 175/175/175 178/178/178
f 177/177/177 178/178/178 179/179/179
f 168/168/168 180/180/180 164/164/164
f 180/180/180 168/168/168 176/176/176
f 181/181/181 177/177/177 179/179/179
f 181/181/181 179/179/179 182/182/182
f 177/177/177 181/181/181 183/183/183
f 177/177/177 183/183/183 176/176/176
f 181/181/181 184/184/184 183/183/183
f 164/164/164 180/180/180 185/185/185
f 163/163/163 164/164/164 185/185/185
f 180/180/180 176/176/176 186/186/186
f 176/176/176 183/183/183 186/186/186
f 185/185/185 180/180/180 186/186/186
f 183/183/183 184/184/184 187/187/187
f 186/186/186 183/183/183 187/187/187
f 184/184/184 188/188/188 187/187/187
f 186/186/186 187/187/187 189/189/189
f 187/187/187 188/188/188 189/189/189
f 163/163/163 185/185/185 190/190/190
f 190/190/190 162/162/162 163/163/163
f 191/191/191 162/162/162 190/190/190
f 192/192/192 162/162/162 191/191/191
f 193/193/193 192/192/192 191/191/191
f 193/193/193 167/167/167 192/192/192
f 192/192/192 167/167/167 162/162/162
f 185/185/185 186/186/186 194/194/194
f 186/186/186 189/189/189 194/194/194
f 189/189/189 188/188/188 195/195/195
f 188/188/188 196/196/196 195/195/195
f 189/189/189 195/195/195 197/197/197
f 194/194/194 189/189/189 197/197/197
f 197/197/197 195/195/195 198/198/198
f 194/194/194 199/199/199 185/185/185
f 199/199/199 190/190/190 185/185/185
f 199/199/199 194/194/194 197/197/197
f 198/198/198 200/200/200 197/197/197
f 199/199/199 197/197/197 200/200/200
f 200/200/200 198/198/198 201/201/201
f 200/200/200 202/202/202 199/199/199
f 203/203/203 190/190/190 199/199/199
f 199/199/199 204/204/204 203/203/203
f 205/205/205 203/203/203 204/204/204
f 205/205/205 206/206/206 203/203/203
f 191/191/191 190/190/190 203/203/203
f 203/203/203 206/206/206 207/207/207
f 207/207/207 191/191/191 203/203/203
f 206/206/206 208/208/208 207/207/207
f 208/208/208 209/209/209 207/207/207
f 207/207/207 209/209/209 210/210/210
f 207/207/207 210/210/210 191/191/191
f 209/209/209 211/211/211 210/210/210
f 211/211/211 212/212/212 210/210/210
f 210/210/210 212/212/212 213/213/213
f 191/191/191 210/210/210 213/213/213
f 212/212/212 214/214/214 213/213/213
f 213/213/213 214/214/214 215/215/215
f 216/216/216 191/191/191 213/213/213
f 216/216/216 193/193/193 191/191/191
f 217/217/217 213/213/213 215/215/215
f 217/217/217 216/216/216 213/213/213
f 218/218/218 217/217/217 215/215/215
f 219/219/219 218/218/218 215/215/215
f 219/219/219 220/220/220 218/218/218
f 220/220/220 221/221/221 218/218/218
f 217/217/217 222/222/222 216/216/216
f 222/222/222 193/193/193 216/216/216
f 218/218/218 222/222/222 217/217/217
f 223/223/223 222/222/222 218/218/218
f 222/222/222 223/223/223 193/193/193
f 218/218/218 221/221/221 224/224/224
f 224/224/224 223/223/223 218/218/218
f 221/221/221 225/225/225 224/224/224
f 226/226/226 224/224/224 225/225/225
f 225/225/225 227/227/227 226/226/226
f 227/227/227 228/228/228 226/226/226
f 228/228/228 227/227/227 229/229/229
f 230/230/230 228/228/228 229/229/229
f 230/230/230 231/231/231 228/228/228
f 226/226/226 232/232/232 224/224/224
f 232/232/232 223/223/223 224/224/224
f 232/232/232 226/226/226 228/228/228
f 233/233/233 228/228/228 231/231/231
f 234/234/234 232/232/232 228/228/228
f 234/234/234 228/228/228 233/233/233
f 235/235/235 233/233/233 231/231/231
f 231/231/231 236/236/236 235/235/235
f 236/236/236 237/237/237 235/235/235
f 235/235/235 237/237/237 238/238/238
f 235/235/235 239/239/239 233/233/233
f 238/238/238 239/239/239 235/235/235
f 238/238/238 240/240/240 239/239/239
f 240/240/240 238/238/238 241/241/241
f 240/240/240 241/241/241 242/242/242
f 242/242/242 243/243/243 240/240/240
f 243/243/243 244/244/244 240/240/240
f 245/245/245 233/233/233 239/239/239
f 234/234/234 233/233/233 245/245/245
f 246/246/246 240/240/240 244/244/244
f 247/247/247 246/246/246 244/244/244
f 247/247/247 248/248/248 246/246/246
f 246/246/246 248/248/248 249/249/249
f 250/250/250 239/239/239 240/240/240
f 246/246/246 250/250/250 240/240/240
f 250/250/250 245/245/245 239/239/239
f 250/250/250 246/246/246 251/251/251
f 245/245/245 250/250/250 251/251/251
f 234/234/234 245/245/245 251/251/251
f 252/252/252 234/234/234 251/251/251
f 232/232/232 234/234/234 252/252/252
f 252/252/252 253/253/253 232/232/232
f 232/232/232 253/253/253 223/223/223
f 223/223/223 253/253/253 254/254/254
f 252/252/252 251/251/251 255/255/255
f 253/253/253 252/252/252 255/255/255
f 251/251/251 256/256/256 255/255/255
f 256/256/256 251/251/251 257/257/257
f 253/253/253 255/255/255 258/258/258
f 255/255/255 256/256/256 258/258/258
f 116/116/116 256/256/256 257/257/257
f 116/116/116 257/257/257 259/259/259
f 260/260/260 116/116/116 259/259/259
f 256/256/256 116/116/116 261/261/261
f 256/256/256 261/261/261 258/258/258
f 116/116/116 119/119/119 261/261/261
f 253/253/253 258/258/258 262/262/262
f 258/258/258 261/261/261 262/262/262
f 254/254/254 253/253/253 262/262/262
f 261/261/261 119/119/119 263/263/263
f 261/261/261 263/263/263 262/262/262
f 262/262/262 263/263/263 254/254/254
f 119/119/119 122/122/122 263/263/263
f 263/263/263 122/122/122 254/254/254
f 264/264/264 254/254/254 122/122/122
f 254/254/254 264/264/264 265/265/265
f 125/125/125 264/264/264 122/122/122
f 264/264/264 125/125/125 129/129/129
f 264/264/264 129/129/129 265/265/265
f 265/265/265 129/129/129 266/266/266
f 266/266/266 129/129/129 165/165/165
f 265/265/265 266/266/266 165/165/165
f 267/267/267 254/254/254 265/265/265
f 254/254/254 267/267/267 223/223/223
f 223/223/223 267/267/267 193/193/193
f 193/193/193 267/267/267 265/265/265
f 268/268/268 265/265/265 165/165/165
f 265/265/265 268/268/268 193/193/193
f 167/167/167 268/268/268 165/165/165
f 193/193/193 268/268/268 167/167/167
f 271/271/271 270/270/270 269/269/269
f 272/272/272 271/271/271 269/269/269
f 273/273/273 271/271/271 272/272/272
f 269/269/269 274/274/274 272/272/272
f 275/275/275 274/274/274 269/269/269
f 271/271/271 273/273/273 276/276/276
f 276/276/276 273/273/273 277/277/277
f 275/275/275 278/278/278 274/274/274
f 277/277/277 273/273/273 279/279/279
f 273/273/273 272/272/272 280/280/280
f 272/272/272 274/274/274 280/280/280
f 279/279/279 273/273/273 281/281/281
f 282/282/282 279/279/279 281/281/281
f 283/283/283 282/282/282 281/281/281
f 278/278/278 284/284/284 274/274/274
f 278/278/278 285/285/285 284/284/284
f 284/284/284 285/285/285 286/286/286
f 285/285/285 287/287/287 286/286/286
f 273/273/273 280/280/280 288/288/288
f 281/281/281 273/273/273 288/288/288
f 289/289/289 288/288/288 280/280/280
f 290/290/290 289/289/289 280/280/280
f 274/274/274 290/290/290 280/280/280
f 283/283/283 281/281/281 291/291/291
f 291/291/291 292/292/292 283/283/283
f 281/281/281 288/288/288 293/293/293
f 281/281/281 293/293/293 291/291/291
f 288/288/288 289/289/289 293/293/293
f 274/274/274 284/284/284 294/294/294
f 284/284/284 286/286/286 294/294/294
f 287/287/287 295/295/295 286/286/286
f 287/287/287 296/296/296 295/295/295
f 286/286/286 295/295/295 297/297/297
f 295/295/295 296/296/296 297/297/297
f 294/294/294 286/286/286 297/297/297
f 292/292/292 291/291/291 298/298/298
f 291/291/291 293/293/293 298/298/298
f 297/297/297 296/296/296 299/299/299
f 296/296/296 300/300/300 299/299/299
f 300/300/300 301/301/301 299/299/299
f 274/274/274 294/294/294 302/302/302
f 302/302/302 290/290/290 274/274/274
f 297/297/297 303/303/303 294/294/294
f 297/297/297 299/299/299 303/303/303
f 302/302/302 294/294/294 304/304/304
f 290/290/290 302/302/302 304/304/304
f 304/304/304 294/294/294 303/303/303
f 301/301/301 305/305/305 299/299/299
f 301/301/301 306/306/306 305/305/305
f 290/290/290 304/304/304 307/307/307
f 289/289/289 290/290/290 307/307/307
f 299/299/299 305/305/305 308/308/308
f 299/299/299 308/308/308 303/303/303
f 303/303/303 308/308/308 309/309/309
f 305/305/305 306/306/306 310/310/310
f 310/310/310 308/308/308 305/305/305
f 306/306/306 311/311/311 310/310/310
f 303/303/303 312/312/312 304/304/304
f 307/307/307 304/304/304 312/312/312
f 312/312/312 303/303/303 309/309/309
f 307/307/307 312/312/312 313/313/313
f 289/289/289 307/307/307 313/313/313
f 312/312/312 309/309/309 313/313/313
f 289/289/289 313/313/313 314/314/314
f 309/309/309 315/315/315 313/313/313
f 313/313/313 315/315/315 314/314/314
f 308/308/308 310/310/310 316/316/316
f 311/311/311 317/317/317 310/310/310
f 310/310/310 317/317/317 316/316/316
f 316/316/316 318/318/318 308/308/308
f 318/318/318 309/309/309 308/308/308
f 309/309/309 318/318/318 319/319/319
f 318/318/318 316/316/316 320/320/320
f 320/320/320 316/316/316 317/317/317
f 319/319/319 318/318/318 320/320/320
f 320/320/320 321/321/321 319/319/319
f 309/309/309 322/322/322 315/315/315
f 322/322/322 309/309/309 319/319/319
f 315/315/315 322/322/322 323/323/323
f 314/314/314 315/315/315 323/323/323
f 314/314/314 323/323/323 324/324/324
f 322/322/322 325/325/325 323/323/323
f 322/322/322 319/319/319 325/325/325
f 317/317/317 311/311/311 326/326/326
f 326/326/326 311/311/311 327/327/327
f 327/327/327 328/328/328 326/326/326
f 329/329/329 326/326/326 328/328/328
f 326/326/326 329/329/329 317/317/317
f 329/329/329 328/328/328 330/330/330
f 331/331/331 320/320/320 317/317/317
f 317/317/317 329/329/329 331/331/331
f 320/320/320 331/331/331 321/321/321
f 321/321/321 331/331/331 329/329/329
f 330/330/330 321/321/321 329/329/329
f 332/332/332 321/321/321 330/330/330
f 333/333/333 321/321/321 332/332/332
f 334/334/334 319/319/319 321/321/321
f 321/321/321 333/333/333 334/334/334
f 334/334/334 333/333/333 335/335/335
f 334/334/334 336/336/336 319/319/319
f 319/319/319 336/336/336 325/325/325
f 337/337/337 336/336/336 334/334/334
f 337/337/337 334/334/334 335/335/335
f 325/325/325 336/336/336 338/338/338
f 338/338/338 336/336/336 337/337/337
f 335/335/335 333/333/333 339/339/339
f 339/339/339 333/333/333 340/340/340
f 341/341/341 339/339/339 340/340/340
f 342/342/342 339/339/339 341/341/341
f 342/342/342 335/335/335 339/339/339
f 343/343/343 342/342/342 341/341/341
f 343/343/343 344/344/344 342/342/342
f 344/344/344 345/345/345 342/342/342
f 342/342/342 345/345/345 335/335/335
f 345/345/345 344/344/344 346/346/346
f 347/347/347 337/337/337 335/335/335
f 338/338/338 337/337/337 347/347/347
f 338/338/338 348/348/348 325/325/325
f 348/348/348 323/323/323 325/325/325
f 323/323/323 348/348/348 324/324/324
f 349/349/349 348/348/348 338/338/338
f 349/349/349 324/324/324 348/348/348
f 350/350/350 349/349/349 338/338/338
f 350/350/350 338/338/338 347/347/347
f 351/351/351 335/335/335 345/345/345
f 335/335/335 351/351/351 347/347/347
f 352/352/352 351/351/351 345/345/345
f 351/351/351 352/352/352 347/347/347
f 346/346/346 353/353/353 345/345/345
f 352/352/352 345/345/345 353/353/353
f 353/353/353 346/346/346 354/354/354
f 352/352/352 353/353/353 354/354/354
f 354/354/354 346/346/346 355/355/355
f 355/355/355 356/356/356 354/354/354
f 357/357/357 354/354/354 356/356/356
f 358/358/358 354/354/354 357/357/357
f 357/357/357 359/359/359 358/358/358
f 360/360/360 358/358/358 359/359/359
f 361/361/361 347/347/347 352/352/352
f 350/350/350 347/347/347 361/361/361
f 362/362/362 352/352/352 354/354/354
f 361/361/361 352/352/352 362/362/362
f 354/354/354 358/358/358 363/363/363
f 363/363/363 362/362/362 354/354/354
f 364/364/364 361/361/361 362/362/362
f 364/364/364 350/350/350 361/361/361
f 362/362/362 363/363/363 365/365/365
f 364/364/364 362/362/362 365/365/365
f 366/366/366 358/358/358 360/360/360
f 360/360/360 367/367/367 366/366/366
f 363/363/363 358/358/358 368/368/368
f 368/368/368 365/365/365 363/363/363
f 358/358/358 366/366/366 369/369/369
f 368/368/368 358/358/358 369/369/369
f 366/366/366 370/370/370 369/369/369
f 370/370/370 371/371/371 369/369/369
f 369/369/369 371/371/371 368/368/368
f 371/371/371 370/370/370 372/372/372
f 368/368/368 373/373/373 365/365/365
f 368/368/368 371/371/371 373/373/373
f 372/372/372 374/374/374 371/371/371
f 374/374/374 372/372/372 375/375/375
f 373/373/373 376/376/376 365/365/365
f 376/376/376 364/364/364 365/365/365
f 364/364/364 376/376/376 377/377/377
f 371/371/371 378/378/378 373/373/373
f 376/376/376 373/373/373 378/378/378
f 374/374/374 378/378/378 371/371/371
f 379/379/379 376/376/376 378/378/378
f 377/377/377 376/376/376 379/379/379
f 379/379/379 378/378/378 380/380/380
f 380/380/380 378/378/378 374/374/374
f 381/381/381 380/380/380 374/374/374
f 382/382/382 374/374/374 375/375/375
f 381/381/381 374/374/374 382/382/382
f 382/382/382 375/375/375 381/381/381
f 381/381/381 375/375/375 383/383/383
f 384/384/384 379/379/379 380/380/380
f 384/384/384 377/377/377 379/379/379
f 385/385/385 364/364/364 377/377/377
f 364/364/364 385/385/385 350/350/350
f 386/386/386 381/381/381 383/383/383
f 387/387/387 386/386/386 383/383/383
f 386/386/386 387/387/387 388/388/388
f 389/389/389 380/380/380 381/381/381
f 389/389/389 384/384/384 380/380/380
f 386/386/386 390/390/390 381/381/381
f 381/381/381 390/390/390 389/389/389
f 391/391/391 386/386/386 388/388/388
f 390/390/390 386/386/386 391/391/391
f 391/391/391 388/388/388 392/392/392
f 392/392/392 390/390/390 391/391/391
f 392/392/392 388/388/388 393/393/393
f 394/394/394 392/392/392 393/393/393
f 395/395/395 389/389/389 390/390/390
f 384/384/384 389/389/389 395/395/395
f 392/392/392 396/396/396 390/390/390
f 396/396/396 395/395/395 390/390/390
f 397/397/397 396/396/396 392/392/392
f 398/398/398 395/395/395 396/396/396
f 397/397/397 398/398/398 396/396/396
f 399/399/399 392/392/392 394/394/394
f 399/399/399 397/397/397 392/392/392
f 400/400/400 399/399/399 394/394/394
f 400/400/400 397/397/397 399/399/399
f 400/400/400 401/401/401 397/397/397
f 402/402/402 384/384/384 395/395/395
f 395/395/395 398/398/398 402/402/402
f 401/401/401 403/403/403 397/397/397
f 401/401/401 404/404/404 403/403/403
f 397/397/397 403/403/403 405/405/405
f 397/397/397 405/405/405 398/398/398
f 403/403/403 404/404/404 406/406/406
f 403/403/403 406/406/406 405/405/405
f 404/404/404 407/407/407 406/406/406
f 406/406/406 407/407/407 408/408/408
f 409/409/409 405/405/405 406/406/406
f 408/408/408 409/409/409 406/406/406
f 402/402/402 410/410/410 384/384/384
f 377/377/377 384/384/384 410/410/410
f 405/405/405 411/411/411 398/398/398
f 405/405/405 409/409/409 411/411/411
f 411/411/411 412/412/412 398/398/398
f 411/411/411 409/409/409 413/413/413
f 414/414/414 409/409/409 408/408/408
f 408/408/408 415/415/415 414/414/414
f 415/415/415 416/416/416 414/414/414
f 416/416/416 417/417/417 414/414/414
f 414/414/414 418/418/418 409/409/409
f 417/417/417 418/418/418 414/414/414
f 409/409/409 418/418/418 413/413/413
f 398/398/398 419/419/419 402/402/402
f 398/398/398 412/412/412 419/419/419
f 419/419/419 420/420/420 402/402/402
f 420/420/420 419/419/419 412/412/412
f 420/420/420 410/410/410 402/402/402
f 421/421/421 410/410/410 420/420/420
f 420/420/420 412/412/412 421/421/421
f 421/421/421 377/377/377 410/410/410
f 422/422/422 377/377/377 421/421/421
f 422/422/422 421/421/421 412/412/412
f 422/422/422 385/385/385 377/377/377
f 417/417/417 423/423/423 418/418/418
f 424/424/424 423/423/423 417/417/417
f 424/424/424 425/425/425 423/423/423
f 423/423/423 425/425/425 292/292/292
f 423/423/423 292/292/292 298/298/298
f 423/423/423 298/298/298 418/418/418
f 418/418/418 298/298/298 413/413/413
f 298/298/298 426/426/426 413/413/413
f 293/293/293 426/426/426 298/298/298
f 426/426/426 293/293/293 289/289/289
f 427/427/427 426/426/426 289/289/289
f 413/413/413 426/426/426 427/427/427
f 427/427/427 289/289/289 314/314/314
f 428/428/428 413/413/413 427/427/427
f 429/429/429 427/427/427 314/314/314
f 428/428/428 427/427/427 429/429/429
f 430/430/430 413/413/413 428/428/428
f 411/411/411 413/413/413 430/430/430
f 412/412/412 411/411/411 430/430/430
f 430/430/430 428/428/428 431/431/431
f 430/430/430 431/431/431 412/412/412
f 428/428/428 429/429/429 431/431/431
f 412/412/412 431/431/431 422/422/422
f 314/314/314 432/432/432 429/429/429
f 314/314/314 324/324/324 432/432/432
f 429/429/429 433/433/433 431/431/431
f 432/432/432 433/433/433 429/429/429
f 434/434/434 422/422/422 431/431/431
f 431/431/431 433/433/433 434/434/434
f 435/435/435 422/422/422 434/434/434
f 433/433/433 435/435/435 434/434/434
f 432/432/432 435/435/435 433/433/433
f 435/435/435 385/385/385 422/422/422
f 435/435/435 436/436/436 385/385/385
f 350/350/350 385/385/385 436/436/436
f 436/436/436 349/349/349 350/350/350
f 436/436/436 324/324/324 349/349/349
f 435/435/435 437/437/437 436/436/436
f 432/432/432 437/437/437 435/435/435
f 437/437/437 324/324/324 436/436/436
f 432/432/432 438/438/438 437/437/437
f 438/438/438 324/324/324 437/437/437
f 324/324/324 438/438/438 432/432/432
f 441/441/441 440/440/440 439/439/439
f 440/440/440 442/442/442 439/439/439
f 439/439/439 442/442/442 443/443/443
f 439/439/439 443/443/443 444/444/444
f 445/445/445 439/439/439 444/444/444
f 446/446/446 439/439/439 445/445/445
f 447/447/447 446/446/446 445/445/445
f 445/445/445 448/448/448 447/447/447
f 445/445/445 449/449/449 448/448/448
f 449/449/449 450/450/450 448/448/448
f 449/449/449 451/451/451 450/450/450
f 451/451/451 452/452/452 450/450/450
f 451/451/451 453/453/453 452/452/452
f 451/451/451 454/454/454 453/453/453
f 454/454/454 455/455/455 453/453/453
f 454/454/454 456/456/456 455/455/455
f 454/454/454 457/457/457 456/456/456
f 454/454/454 458/458/458 457/457/457
f 449/449/449 445/445/445 459/459/459
f 459/459/459 451/451/451 449/449/449
f 445/445/445 444/444/444 459/459/459
f 454/454/454 460/460/460 458/458/458
f 460/460/460 461/461/461 458/458/458
f 460/460/460 462/462/462 461/461/461
f 462/462/462 460/460/460 463/463/463
f 464/464/464 462/462/462 463/463/463
f 465/465/465 464/464/464 463/463/463
f 466/466/466 465/465/465 463/463/463
f 467/467/467 466/466/466 463/463/463
f 468/468/468 466/466/466 467/467/467
f 469/469/469 468/468/468 467/467/467
f 470/470/470 469/469/469 467/467/467
f 471/471/471 470/470/470 467/467/467
f 472/472/472 470/470/470 471/471/471
f 472/472/472 471/471/471 473/473/473
f 471/471/471 474/474/474 473/473/473
f 475/475/475 473/473/473 474/474/474
f 475/475/475 474/474/474 476/476/476
f 474/474/474 477/477/477 476/476/476
f 478/478/478 476/476/476 477/477/477
f 479/479/479 478/478/478 477/477/477
f 471/471/471 467/467/467 480/480/480
f 471/471/471 480/480/480 474/474/474
f 467/467/467 463/463/463 481/481/481
f 480/480/480 467/467/467 481/481/481
f 482/482/482 479/479/479 477/477/477
f 483/483/483 479/479/479 482/482/482
f 474/474/474 484/484/484 477/477/477
f 480/480/480 484/484/484 474/474/474
f 481/481/481 463/463/463 485/485/485
f 463/463/463 460/460/460 485/485/485
f 486/486/486 485/485/485 460/460/460
f 486/486/486 460/460/460 454/454/454
f 487/487/487 486/486/486 454/454/454
f 487/487/487 454/454/454 451/451/451
f 488/488/488 487/487/487 451/451/451
f 459/459/459 488/488/488 451/451/451
f 489/489/489 487/487/487 488/488/488
f 489/489/489 488/488/488 459/459/459
f 490/490/490 486/486/486 487/487/487
f 489/489/489 490/490/490 487/487/487
f 491/491/491 485/485/485 486/486/486
f 490/490/490 491/491/491 486/486/486
f 481/481/481 485/485/485 492/492/492
f 491/491/491 492/492/492 485/485/485
f 480/480/480 481/481/481 493/493/493
f 493/493/493 481/481/481 492/492/492
f 494/494/494 489/489/489 459/459/459
f 494/494/494 459/459/459 444/444/444
f 490/490/490 489/489/489 495/495/495
f 489/489/489 494/494/494 495/495/495
f 496/496/496 494/494/494 444/444/444
f 496/496/496 495/495/495 494/494/494
f 496/496/496 444/444/444 443/443/443
f 492/492/492 491/491/491 497/497/497
f 497/497/497 493/493/493 492/492/492
f 497/497/497 498/498/498 493/493/493
f 499/499/499 480/480/480 493/493/493
f 498/498/498 499/499/499 493/493/493
f 480/480/480 499/499/499 484/484/484
f 491/491/491 490/490/490 500/500/500
f 500/500/500 490/490/490 495/495/495
f 497/497/497 491/491/491 501/501/501
f 501/501/501 491/491/491 500/500/500
f 502/502/502 501/501/501 500/500/500
f 499/499/499 503/503/503 484/484/484
f 498/498/498 503/503/503 499/499/499
f 503/503/503 498/498/498 504/504/504
f 500/500/500 495/495/495 505/505/505
f 502/502/502 500/500/500 505/505/505
f 502/502/502 505/505/505 506/506/506
f 501/501/501 507/507/507 497/497/497
f 507/507/507 498/498/498 497/497/497
f 484/484/484 503/503/503 508/508/508
f 484/484/484 508/508/508 477/477/477
f 509/509/509 505/505/505 495/495/495
f 495/495/495 496/496/496 509/509/509
f 503/503/503 510/510/510 508/508/508
f 504/504/504 510/510/510 503/503/503
f 511/511/511 477/477/477 508/508/508
f 511/511/511 508/508/508 510/510/510
f 504/504/504 511/511/511 510/510/510
f 482/482/482 477/477/477 511/511/511
f 512/512/512 507/507/507 501/501/501
f 512/512/512 501/501/501 502/502/502
f 513/513/513 507/507/507 512/512/512
f 502/502/502 513/513/513 512/512/512
f 505/505/505 509/509/509 514/514/514
f 506/506/506 505/505/505 514/514/514
f 504/504/504 515/515/515 511/511/511
f 515/515/515 482/482/482 511/511/511
f 507/507/507 513/513/513 516/516/516
f 517/517/517 516/516/516 513/513/513
f 498/498/498 507/507/507 516/516/516
f 498/498/498 516/516/516 518/518/518
f 518/518/518 504/504/504 498/498/498
f 516/516/516 517/517/517 518/518/518
f 519/519/519 513/513/513 502/502/502
f 519/519/519 517/517/517 513/513/513
f 520/520/520 502/502/502 506/506/506
f 519/519/519 502/502/502 520/520/520
f 520/520/520 506/506/506 521/521/521
f 521/521/521 522/522/522 520/520/520
f 522/522/522 519/519/519 520/520/520
f 522/522/522 523/523/523 519/519/519
f 523/523/523 524/524/524 519/519/519
f 524/524/524 517/517/517 519/519/519
f 506/506/506 525/525/525 521/521/521
f 526/526/526 525/525/525 506/506/506
f 527/527/527 526/526/526 506/506/506
f 524/524/524 528/528/528 517/517/517
f 529/529/529 517/517/517 528/528/528
f 530/530/530 517/517/517 529/529/529
f 506/506/506 514/514/514 527/527/527
f 518/518/518 517/517/517 530/530/530
f 514/514/514 531/531/531 527/527/527
f 530/530/530 532/532/532 518/518/518
f 533/533/533 531/531/531 514/514/514
f 534/534/534 531/531/531 533/533/533
f 514/514/514 535/535/535 533/533/533
f 514/514/514 509/509/509 535/535/535
f 533/533/533 536/536/536 534/534/534
f 533/533/533 535/535/535 536/536/536
f 536/536/536 537/537/537 534/534/534
f 535/535/535 509/509/509 538/538/538
f 535/535/535 538/538/538 536/536/536
f 532/532/532 539/539/539 518/518/518
f 518/518/518 539/539/539 504/504/504
f 509/509/509 540/540/540 538/538/538
f 496/496/496 540/540/540 509/509/509
f 496/496/496 443/443/443 540/540/540
f 540/540/540 443/443/443 541/541/541
f 540/540/540 541/541/541 538/538/538
f 442/442/442 541/541/541 443/443/443
f 539/539/539 542/542/542 504/504/504
f 504/504/504 542/542/542 515/515/515
f 536/536/536 543/543/543 537/537/537
f 538/538/538 544/544/544 536/536/536
f 544/544/544 543/543/543 536/536/536
f 538/538/538 541/541/541 545/545/545
f 538/538/538 545/545/545 544/544/544
f 545/545/545 541/541/541 546/546/546
f 545/545/545 546/546/546 544/544/544
f 442/442/442 547/547/547 541/541/541
f 547/547/547 546/546/546 541/541/541
f 547/547/547 548/548/548 546/546/546
f 544/544/544 546/546/546 549/549/549
f 543/543/543 544/544/544 549/549/549
f 548/548/548 549/549/549 546/546/546
f 550/550/550 547/547/547 442/442/442
f 551/551/551 550/550/550 442/442/442
f 547/547/547 550/550/550 552/552/552
f 548/548/548 547/547/547 552/552/552
f 548/548/548 552/552/552 553/553/553
f 553/553/553 554/554/554 548/548/548
f 554/554/554 555/555/555 548/548/548
f 555/555/555 554/554/554 556/556/556
f 556/556/556 557/557/557 555/555/555
f 557/557/557 558/558/558 555/555/555
f 559/559/559 555/555/555 558/558/558
f 560/560/560 548/548/548 555/555/555
f 560/560/560 549/549/549 548/548/548
f 559/559/559 560/560/560 555/555/555
f 561/561/561 549/549/549 560/560/560
f 561/561/561 543/543/543 549/549/549
f 560/560/560 559/559/559 562/562/562
f 562/562/562 561/561/561 560/560/560
f 561/561/561 562/562/562 543/543/543
f 559/559/559 563/563/563 562/562/562
f 562/562/562 563/563/563 564/564/564
f 562/562/562 564/564/564 565/565/565
f 543/543/543 562/562/562 565/565/565
f 543/543/543 565/565/565 537/537/537
f 537/537/537 565/565/565 566/566/566
f 567/567/567 566/566/566 565/565/565
f 532/532/532 569/569/569 568/568/568
f 532/532/532 568/568/568 570/570/570
f 532/532/532 570/570/570 539/539/539
f 568/568/568 571/571/571 570/570/570
f 568/568/568 572/572/572 571/571/571
f 539/539/539 570/570/570 573/573/573
f 539/539/539 573/573/573 542/542/542
f 573/573/573 574/574/574 542/542/542
f 542/542/542 574/574/574 515/515/515
f 573/573/573 570/570/570 575/575/575
f 573/573/573 575/575/575 574/574/574
f 515/515/515 574/574/574 576/576/576
f 482/482/482 515/515/515 576/576/576
f 576/576/576 577/577/577 482/482/482
f 578/578/578 482/482/482 577/577/577
f 579/579/579 578/578/578 577/577/577
f 580/580/580 579/579/579 577/577/577
f 581/581/581 580/580/580 577/577/577
f 581/581/581 577/577/577 582/582/582
f 583/583/583 576/576/576 574/574/574
f 575/575/575 583/583/583 574/574/574
f 577/577/577 576/576/576 584/584/584
f 577/577/577 584/584/584 582/582/582
f 576/576/576 583/583/583 584/584/584
f 585/585/585 582/582/582 584/584/584
f 586/586/586 582/582/582 585/585/585
f 587/587/587 586/586/586 585/585/585
f 588/588/588 587/587/587 585/585/585
f 589/589/589 588/588/588 585/585/585
f 589/589/589 585/585/585 590/590/590
f 591/591/591 584/584/584 583/583/583
f 585/585/585 584/584/584 591/591/591
f 590/590/590 585/585/585 591/591/591
f 575/575/575 591/591/591 583/583/583
f 590/590/590 591/591/591 592/592/592
f 575/575/575 593/593/593 591/591/591
f 592/592/592 591/591/591 593/593/593
f 570/570/570 593/593/593 575/575/575
f 570/570/570 571/571/571 593/593/593
f 571/571/571 592/592/592 593/593/593
f 571/571/571 594/594/594 592/592/592
f 594/594/594 595/595/595 592/592/592
f 572/572/572 594/594/594 571/571/571
f 596/596/596 594/594/594 572/572/572
f 599/599/599 598/598/598 597/597/597
f 599/599/599 597/597/597 600/600/600
f 597/597/597 601/601/601 600/600/600
f 601/601/601 602/602/602 600/600/600
f 602/602/602 603/603/603 600/600/600
f 600/600/600 604/604/604 599/599/599
f 599/599/599 604/604/604 605/605/605
f 605/605/605 604/604/604 606/606/606
f 606/606/606 604/604/604 607/607/607
f 606/606/606 607/607/607 608/608/608
f 607/607/607 604/604/604 609/609/609
f 604/604/604 610/610/610 609/609/609
f 604/604/604 600/600/600 610/610/610
f 600/600/600 603/603/603 610/610/610
f 608/608/608 607/607/607 611/611/611
f 610/610/610 603/603/603 612/612/612
f 610/610/610 612/612/612 609/609/609
f 612/612/612 603/603/603 613/613/613
f 603/603/603 614/614/614 613/613/613
f 615/615/615 613/613/613 614/614/614
f 616/616/616 615/615/615 614/614/614
f 615/615/615 616/616/616 617/617/617
f 615/615/615 617/617/617 618/618/618
f 615/615/615 618/618/618 619/619/619
f 620/620/620 615/615/615 619/619/619
f 615/615/615 620/620/620 613/613/613
f 621/621/621 620/620/620 619/619/619
f 621/621/621 622/622/622 620/620/620
f 622/622/622 623/623/623 620/620/620
f 620/620/620 623/623/623 624/624/624
f 624/624/624 625/625/625 620/620/620
f 613/613/613 626/626/626 612/612/612
f 620/620/620 626/626/626 613/613/613
f 627/627/627 620/620/620 625/625/625
f 628/628/628 627/627/627 625/625/625
f 628/628/628 629/629/629 627/627/627
f 629/629/629 630/630/630 627/627/627
f 627/627/627 631/631/631 620/620/620
f 631/631/631 626/626/626 620/620/620
f 630/630/630 632/632/632 627/627/627
f 627/627/627 632/632/632 631/631/631
f 630/630/630 633/633/633 632/632/632
f 634/634/634 632/632/632 633/633/633
f 634/634/634 635/635/635 632/632/632
f 636/636/636 634/634/634 633/633/633
f 636/636/636 637/637/637 634/634/634
f 637/637/637 638/638/638 634/634/634
f 638/638/638 639/639/639 634/634/634
f 640/640/640 634/634/634 639/639/639
f 634/634/634 640/640/640 635/635/635
f 641/641/641 640/640/640 639/639/639
f 640/640/640 641/641/641 642/642/642
f 640/640/640 642/642/642 643/643/643
f 643/643/643 644/644/644 640/640/640
f 644/644/644 645/645/645 640/640/640
f 645/645/645 644/644/644 646/646/646
f 645/645/645 646/646/646 647/647/647
f 645/645/645 647/647/647 648/648/648
f 648/648/648 649/649/649 645/645/645
f 640/640/640 650/650/650 635/635/635
f 640/640/640 645/645/645 650/650/650
f 649/649/649 651/651/651 645/645/645
f 649/649/649 652/652/652 651/651/651
f 652/652/652 653/653/653 651/651/651
f 653/653/653 654/654/654 651/651/651
f 654/654/654 653/653/653 655/655/655
f 655/655/655 656/656/656 654/654/654
f 656/656/656 657/657/657 654/654/654
f 651/651/651 658/658/658 645/645/645
f 651/651/651 654/654/654 658/658/658
f 645/645/645 659/659/659 650/650/650
f 658/658/658 659/659/659 645/645/645
f 657/657/657 660/660/660 654/654/654
f 660/660/660 657/657/657 661/661/661
f 2/2/2 660/660/660 661/661/661
f 662/662/662 2/2/2 661/661/661
f 662/662/662 663/663/663 2/2/2
f 660/660/660 2/2/2 664/664/664
f 664/664/664 2/2/2 665/665/665
f 665/665/665 666/666/666 664/664/664
f 667/667/667 654/654/654 660/660/660
f 667/667/667 660/660/660 664/664/664
f 666/666/666 668/668/668 664/664/664
f 664/664/664 668/668/668 667/667/667
f 666/666/666 669/669/669 668/668/668
f 654/654/654 670/670/670 658/658/658
f 670/670/670 654/654/654 667/667/667
f 659/659/659 658/658/658 671/671/671
f 658/658/658 670/670/670 671/671/671
f 668/668/668 672/672/672 667/667/667
f 667/667/667 673/673/673 670/670/670
f 673/673/673 667/667/667 672/672/672
f 672/672/672 668/668/668 674/674/674
f 669/669/669 674/674/674 668/668/668
f 670/670/670 675/675/675 671/671/671
f 673/673/673 675/675/675 670/670/670
f 673/673/673 672/672/672 676/676/676
f 676/676/676 672/672/672 674/674/674
f 675/675/675 673/673/673 677/677/677
f 677/677/677 673/673/673 676/676/676
f 677/677/677 676/676/676 678/678/678
f 679/679/679 675/675/675 677/677/677
f 671/671/671 675/675/675 679/679/679
f 679/679/679 677/677/677 678/678/678
f 671/671/671 680/680/680 659/659/659
f 680/680/680 671/671/671 679/679/679
f 681/681/681 659/659/659 680/680/680
f 650/650/650 659/659/659 681/681/681
f 679/679/679 682/682/682 680/680/680
f 681/681/681 680/680/680 682/682/682
f 683/683/683 650/650/650 681/681/681
f 683/683/683 635/635/635 650/650/650
f 684/684/684 683/683/683 681/681/681
f 684/684/684 681/681/681 682/682/682
f 676/676/676 685/685/685 678/678/678
f 676/676/676 674/674/674 685/685/685
f 679/679/679 686/686/686 682/682/682
f 686/686/686 679/679/679 678/678/678
f 683/683/683 687/687/687 635/635/635
f 684/684/684 687/687/687 683/683/683
f 685/685/685 674/674/674 688/688/688
f 678/678/678 685/685/685 689/689/689
f 689/689/689 685/685/685 688/688/688
f 674/674/674 690/690/690 688/688/688
f 674/674/674 669/669/669 690/690/690
f 690/690/690 669/669/669 691/691/691
f 688/688/688 690/690/690 691/691/691
f 691/691/691 669/669/669 692/692/692
f 691/691/691 692/692/692 693/693/693
f 688/688/688 691/691/691 694/694/694
f 694/694/694 689/689/689 688/688/688
f 694/694/694 691/691/691 693/693/693
f 695/695/695 689/689/689 694/694/694
f 695/695/695 678/678/678 689/689/689
f 694/694/694 693/693/693 696/696/696
f 696/696/696 693/693/693 697/697/697
f 693/693/693 698/698/698 697/697/697
f 695/695/695 699/699/699 678/678/678
f 686/686/686 678/678/678 699/699/699
f 699/699/699 700/700/700 686/686/686
f 700/700/700 701/701/701 686/686/686
f 702/702/702 701/701/701 700/700/700
f 682/682/682 686/686/686 701/701/701
f 703/703/703 701/701/701 702/702/702
f 704/704/704 682/682/682 701/701/701
f 704/704/704 684/684/684 682/682/682
f 705/705/705 701/701/701 703/703/703
f 701/701/701 705/705/705 704/704/704
f 705/705/705 684/684/684 704/704/704
f 703/703/703 611/611/611 705/705/705
f 705/705/705 706/706/706 684/684/684
f 706/706/706 687/687/687 684/684/684
f 707/707/707 705/705/705 611/611/611
f 707/707/707 706/706/706 705/705/705
f 607/607/607 707/707/707 611/611/611
f 707/707/707 607/607/607 706/706/706
f 708/708/708 706/706/706 607/607/607
f 687/687/687 706/706/706 708/708/708
f 708/708/708 607/607/607 609/609/609
f 709/709/709 687/687/687 708/708/708
f 708/708/708 609/609/609 709/709/709
f 709/709/709 710/710/710 687/687/687
f 710/710/710 635/635/635 687/687/687
f 709/709/709 711/711/711 710/710/710
f 709/709/709 609/609/609 711/711/711
f 712/712/712 635/635/635 710/710/710
f 712/712/712 710/710/710 711/711/711
f 635/635/635 712/712/712 632/632/632
f 632/632/632 712/712/712 631/631/631
f 631/631/631 712/712/712 711/711/711
f 631/631/631 711/711/711 626/626/626
f 609/609/609 713/713/713 711/711/711
f 711/711/711 713/713/713 626/626/626
f 609/609/609 714/714/714 713/713/713
f 713/713/713 714/714/714 626/626/626
f 609/609/609 612/612/612 714/714/714
f 626/626/626 714/714/714 612/612/612
f 717/717/717 716/716/716 715/715/715
f 717/717/717 718/718/718 716/716/716

