mtllib material.mtl
usemtl material_0
v 0.20022520 0.47433620 0.12840750
v 0.16948340 0.46910230 0.15102390
v 0.19557620 0.47820170 0.12599140
v 0.17312920 0.46447670 0.15369000
v 0.13480870 0.45248790 0.17137560
v 0.13732770 0.44730260 0.17386530
v 0.09804355 0.44104390 0.18146850
v 0.09680949 0.44661730 0.17857090
v 0.06300369 0.43794700 0.17940300
v 0.06262328 0.44357850 0.17631600
v 0.03047051 0.43681980 0.17850110
v 0.03043345 0.44242980 0.17544970
v 0.00000000 0.44226570 0.17516310
v 0.00000000 0.43665250 0.17821430
v -0.03047051 0.43681980 0.17850110
v -0.03043345 0.44242980 0.17544970
v -0.06262328 0.44357850 0.17631600
v -0.06300369 0.43794700 0.17940300
v -0.09680949 0.44661730 0.17857090
v -0.09804355 0.44104390 0.18146850
v -0.13480870 0.45248790 0.17137560
v -0.13732770 0.44730260 0.17386530
v -0.17312920 0.46447670 0.15369000
v -0.16948340 0.46910230 0.15102390
v -0.20022520 0.47433620 0.12840750
v 0.21034190 0.47770660 0.10377560
v 0.20498420 0.48117170 0.10279580
v 0.21182060 0.47905080 0.05820526
v 0.20636430 0.48245650 0.05811081
v 0.21169510 0.47656370 -0.01102623
v 0.15402830 0.46333930 0.10086750
v 0.15484190 0.46475290 0.05712234
v 0.20620030 0.47990120 -0.01144096
v 0.14731860 0.46168350 0.12323000
v 0.20789110 0.47556300 -0.05150673
v 0.21340420 0.47232570 -0.05097267
v 0.20701810 0.47112940 -0.08112488
v 0.21242440 0.46798170 -0.08220718
v 0.15609920 0.45563890 -0.04938522
v 0.15474430 0.46161310 -0.01075279
v 0.10350370 0.45558790 0.05659111
v 0.19540940 0.46739250 -0.09724380
v 0.19828160 0.46402910 -0.10266050
v 0.15545230 0.44986940 -0.07760849
v 0.10434930 0.44533110 -0.04827904
v 0.17950260 0.46358660 -0.11000290
v 0.18542260 0.46143450 -0.11339590
v 0.14741210 0.44689790 -0.09195015
v 0.15362700 0.45874240 -0.12120090
v 0.15153720 0.45623700 -0.12878560
v 0.13270540 0.45424480 -0.13710910
v 0.10344130 0.45214840 -0.01039108
v 0.10388970 0.43886290 -0.07578956
v 0.13300720 0.44367260 -0.10789740
v 0.12453320 0.45461000 -0.13371790
v 0.08938757 0.45168380 -0.15573840
v 0.05167725 0.44143970 -0.04785248
v 0.09839783 0.43605760 -0.09021400
v 0.11872460 0.44170750 -0.11798300
v 0.08554162 0.45080950 -0.15039530
v 0.07471471 0.45760350 -0.16538560
v 0.05139121 0.43470130 -0.07510330
v 0.00000000 0.44088580 -0.04778336
v 0.05130600 0.44857250 -0.01024818
v 0.08851986 0.43355750 -0.10681600
v 0.09185697 0.43965540 -0.13728740
v 0.04858360 0.43182780 -0.09021652
v 0.07952700 0.43253340 -0.11733610
v 0.05135344 0.45212320 0.05636604
v 0.00000000 0.45162880 0.05630325
v 0.10306750 0.45410860 0.09987045
v 0.05117454 0.45061950 0.09949501
v 0.09880305 0.45313160 0.12187420
v 0.04362858 0.42972800 -0.10699970
v 0.00000000 0.44806220 -0.01022057
v 0.12687800 0.45680650 0.14742630
v 0.08483434 0.45044540 0.14541340
v 0.04924289 0.44989660 0.12145470
v 0.04237361 0.44804680 0.14446050
v 0.00000000 0.45012110 0.09944313
v 0.00000000 0.44771390 0.14407420
v 0.00000000 0.44942990 0.12151440
v -0.04237361 0.44804680 0.14446050
v -0.04924289 0.44989660 0.12145470
v -0.08483434 0.45044540 0.14541340
v -0.05117454 0.45061950 0.09949501
v -0.12687800 0.45680650 0.14742630
v -0.09880305 0.45313160 0.12187420
v -0.14731860 0.46168350 0.12323000
v -0.10306750 0.45410860 0.09987045
v -0.05135344 0.45212320 0.05636604
v -0.19557620 0.47820170 0.12599140
v -0.21034190 0.47770660 0.10377560
v -0.15402830 0.46333930 0.10086750
v -0.20498420 0.48117170 0.10279580
v -0.21182060 0.47905080 0.05820526
v -0.10350370 0.45558790 0.05659111
v -0.05130600 0.44857250 -0.01024818
v -0.20636430 0.48245650 0.05811081
v -0.21169510 0.47656370 -0.01102623
v -0.15484190 0.46475290 0.05712234
v -0.10344130 0.45214840 -0.01039108
v -0.20620030 0.47990120 -0.01144096
v -0.15474430 0.46161310 -0.01075279
v -0.05167725 0.44143970 -0.04785248
v -0.20789110 0.47556300 -0.05150673
v -0.21340420 0.47232570 -0.05097267
v -0.10434930 0.44533110 -0.04827904
v -0.15609920 0.45563890 -0.04938522
v -0.20701810 0.47112940 -0.08112488
v -0.21242440 0.46798170 -0.08220718
v -0.15545230 0.44986940 -0.07760849
v -0.19540940 0.46739250 -0.09724380
v -0.19828160 0.46402910 -0.10266050
v -0.10388970 0.43886290 -0.07578956
v -0.05139121 0.43470130 -0.07510330
v -0.17950260 0.46358660 -0.11000290
v -0.18542260 0.46143450 -0.11339590
v -0.14741210 0.44689790 -0.09195015
v -0.15362700 0.45874240 -0.12120090
v -0.15153720 0.45623700 -0.12878560
v -0.13270540 0.45424480 -0.13710910
v -0.09839783 0.43605760 -0.09021400
v -0.13300720 0.44367260 -0.10789740
v 0.00000000 0.43410620 -0.07500625
v -0.12453320 0.45461000 -0.13371790
v -0.08938757 0.45168380 -0.15573840
v -0.08554162 0.45080950 -0.15039530
v -0.07471471 0.45760350 -0.16538560
v -0.06997475 0.45633730 -0.16124030
v -0.06018418 0.46362190 -0.17200340
v -0.06580970 0.46470470 -0.17505740
v -0.05353803 0.47424000 -0.18518260
v -0.05984245 0.47470680 -0.18724340
v -0.11872460 0.44170750 -0.11798300
v -0.09185697 0.43965540 -0.13728740
v -0.08851986 0.43355750 -0.10681600
v -0.07952700 0.43253340 -0.11733610
v -0.04858360 0.43182780 -0.09021652
v -0.04362858 0.42972800 -0.10699970
v 0.00000000 0.43125320 -0.09003868
v -0.06239497 0.43208240 -0.13780500
v -0.06581374 0.43926910 -0.15632290
v 0.00000000 0.42919730 -0.10686430
v -0.03972144 0.42912690 -0.11672390
v -0.04465684 0.43320460 -0.15945090
v -0.05409841 0.44629760 -0.16852420
v 0.03972144 0.42912690 -0.11672390
v 0.00000000 0.42862910 -0.11706860
v -0.03148755 0.42917430 -0.13737150
v -0.03630012 0.44075630 -0.17275190
v -0.04629142 0.45515460 -0.18014460
v 0.06239497 0.43208240 -0.13780500
v 0.03148755 0.42917430 -0.13737150
v 0.00000000 0.42879560 -0.13772160
v -0.02226715 0.43083580 -0.16068250
v -0.03110764 0.44993480 -0.18452290
v -0.04048467 0.46888770 -0.19476200
v -0.02738026 0.46600040 -0.20037970
v 0.06581374 0.43926910 -0.15632290
v 0.04465684 0.43320460 -0.15945090
v 0.02226715 0.43083580 -0.16068250
v 0.00000000 0.43046000 -0.16088040
v -0.01766721 0.43827630 -0.17455290
v -0.01506347 0.44735920 -0.18641150
v -0.01369452 0.46480790 -0.20307230
v 0.06997475 0.45633730 -0.16124030
v 0.05409841 0.44629760 -0.16852420
v 0.06018418 0.46362190 -0.17200340
v 0.06580970 0.46470470 -0.17505740
v 0.00000000 0.43770850 -0.17485770
v 0.00000000 0.44668010 -0.18678270
v 0.00000000 0.46458110 -0.20376920
v 0.01369452 0.46480790 -0.20307230
v 0.01506347 0.44735920 -0.18641150
v 0.02738026 0.46600040 -0.20037970
v 0.01766721 0.43827630 -0.17455290
v 0.03110764 0.44993480 -0.18452290
v 0.04048467 0.46888770 -0.19476200
v 0.03630012 0.44075630 -0.17275190
v 0.04629142 0.45515460 -0.18014460
v 0.05353803 0.47424000 -0.18518260
v 0.05984245 0.47470680 -0.18724340
v 0.05738668 0.48884400 -0.19098650
v 0.05133699 0.48886780 -0.18885210
v 0.03878167 0.48574420 -0.19790370
v 0.05163515 0.50349560 -0.19252160
v 0.05772190 0.50298120 -0.19472950
v 0.03896663 0.50260070 -0.20104540
v 0.02586171 0.48408380 -0.20342730
v 0.05674642 0.52107980 -0.19225290
v 0.06241558 0.52026390 -0.19512220
v 0.02560217 0.50216720 -0.20647500
v 0.01263524 0.48342800 -0.20618640
v 0.04267133 0.52129100 -0.19878650
v 0.06836989 0.53828920 -0.18592030
v 0.07283327 0.53599070 -0.18966610
v 0.09417452 0.55100210 -0.17367780
v 0.02793941 0.52269690 -0.20271750
v 0.05321980 0.54011040 -0.19177010
v 0.09014677 0.55370520 -0.16982920
v 0.11717350 0.56186320 -0.15801470
v 0.03525366 0.54138880 -0.19602780
v 0.07084680 0.55513420 -0.17976590
v 0.04653064 0.55606250 -0.18728780
v 0.01309330 0.52370020 -0.20465910
v 0.01641124 0.54241420 -0.19854320
v 0.02106005 0.55652390 -0.19215200
v 0.01219109 0.50204810 -0.20930050
v 0.00000000 0.48334060 -0.20682560
v -0.01263524 0.48342800 -0.20618640
v -0.02586171 0.48408380 -0.20342730
v 0.00000000 0.54280730 -0.19931520
v 0.00000000 0.52405290 -0.20505310
v 0.00000000 0.50209990 -0.20988210
v -0.01219109 0.50204810 -0.20930050
v -0.02560217 0.50216720 -0.20647500
v -0.01309330 0.52370020 -0.20465910
v -0.03878167 0.48574420 -0.19790370
v 0.00000000 0.55652880 -0.19387770
v -0.01641124 0.54241420 -0.19854320
v -0.02793941 0.52269690 -0.20271750
v -0.03896663 0.50260070 -0.20104540
v -0.05133699 0.48886780 -0.18885210
v -0.05738668 0.48884400 -0.19098650
v -0.05163515 0.50349560 -0.19252160
v -0.05772190 0.50298120 -0.19472950
v -0.04267133 0.52129100 -0.19878650
v -0.05674642 0.52107980 -0.19225290
v -0.06241558 0.52026390 -0.19512220
v -0.03525366 0.54138880 -0.19602780
v -0.05321980 0.54011040 -0.19177010
v -0.06836989 0.53828920 -0.18592030
v -0.07283327 0.53599070 -0.18966610
v -0.09417452 0.55100210 -0.17367780
v -0.02106005 0.55652390 -0.19215200
v -0.04653064 0.55606250 -0.18728780
v -0.07084680 0.55513420 -0.17976590
v -0.09014677 0.55370520 -0.16982920
v -0.11717350 0.56186320 -0.15801470
v 0.00000000 0.56948950 -0.18997910
v -0.03081580 0.56943740 -0.18800420
v -0.06039384 0.56895260 -0.18220500
v -0.08954983 0.56784590 -0.16921710
v -0.11315230 0.56603950 -0.15480570
v 0.03081580 0.56943740 -0.18800420
v 0.00000000 0.58245020 -0.18608050
v -0.04057157 0.58235090 -0.18385660
v -0.13282640 0.57948430 -0.14965420
v -0.13751920 0.57543700 -0.15185370
v -0.07425711 0.58184280 -0.17712230
v -0.10363850 0.58090310 -0.16583930
v 0.06039384 0.56895260 -0.18220500
v 0.04057157 0.58235090 -0.18385660
v -0.14495760 0.59420140 -0.14850300
v -0.15036260 0.59151150 -0.15075890
v -0.15436180 0.60074220 -0.15053760
v 0.00000000 0.59482820 -0.18449440
v -0.11592890 0.59451070 -0.16495260
v -0.04521592 0.59483440 -0.18228790
v -0.07926656 0.59402450 -0.17664630
v -0.08797156 0.59635720 -0.17456010
v -0.09434406 0.60272970 -0.17275080
v -0.07056157 0.59635720 -0.17796090
v -0.11934740 0.60277520 -0.16488660
v -0.09667656 0.61143490 -0.17317270
v -0.04595610 0.60315250 -0.18165540
v -0.06418907 0.60272970 -0.17850860
v 0.00000000 0.60317790 -0.18374590
v 0.00000000 0.61152760 -0.18299740
v -0.04669626 0.61147060 -0.18102300
v -0.06185656 0.61143490 -0.17919170
v -0.04423444 0.62042930 -0.18167830
v -0.06418907 0.62014010 -0.17934370
v -0.07056157 0.62651270 -0.17916560
v 0.04521592 0.59483440 -0.18228790
v 0.04595610 0.60315250 -0.18165540
v 0.07425711 0.58184280 -0.17712230
v 0.08954983 0.56784590 -0.16921710
v 0.11315230 0.56603950 -0.15480570
v 0.10363850 0.58090310 -0.16583930
v 0.13282640 0.57948430 -0.14965420
v 0.13751920 0.57543700 -0.15185370
v 0.07926656 0.59402450 -0.17664630
v 0.07056157 0.59635720 -0.17796090
v 0.06418907 0.60272970 -0.17850860
v 0.11592890 0.59451070 -0.16495260
v 0.08797156 0.59635720 -0.17456010
v 0.09434406 0.60272970 -0.17275080
v 0.14495760 0.59420140 -0.14850300
v 0.15036260 0.59151150 -0.15075890
v 0.15436180 0.60074220 -0.15053760
v 0.04669626 0.61147060 -0.18102300
v 0.06185656 0.61143490 -0.17919170
v 0.11934740 0.60277520 -0.16488660
v 0.09667656 0.61143490 -0.17317270
v 0.04423444 0.62042930 -0.18167830
v 0.06418907 0.62014010 -0.17934370
v 0.07056157 0.62651270 -0.17916560
v 0.14873880 0.60261580 -0.14819730
v 0.12276600 0.61103960 -0.16482060
v 0.15069380 0.61195280 -0.14847170
v 0.15653500 0.61089560 -0.15089640
v 0.15101880 0.62293370 -0.15152150
v 0.15672920 0.62287350 -0.15435310
v 0.14996780 0.63816110 -0.16105010
v 0.12179980 0.62161200 -0.16755230
v 0.09434406 0.62014010 -0.17457920
v 0.11511770 0.63510570 -0.17103840
v 0.08797156 0.62651270 -0.17661250
v 0.07926656 0.62884520 -0.17836260
v 0.14467740 0.63694890 -0.15769940
v 0.13261720 0.65023460 -0.16771980
v 0.13642480 0.65321680 -0.17189010
v 0.10845680 0.66406210 -0.18009930
v 0.07875030 0.63403210 -0.17889990
v 0.10138840 0.64813290 -0.17800420
v 0.10627410 0.65978160 -0.17555720
v 0.08097081 0.65921600 -0.18391210
v 0.08214564 0.66285070 -0.18915870
v 0.03865243 0.63354060 -0.18263730
v 0.06454983 0.64620350 -0.18438540
v 0.05034927 0.65837490 -0.18987100
v 0.05107843 0.66094720 -0.19561400
v 0.02964509 0.64560990 -0.18794350
v 0.02063778 0.65767900 -0.19324940
v 0.02099533 0.65964910 -0.19927920
v 0.00000000 0.65934070 -0.19977070
v 0.00000000 0.62033520 -0.18317950
v 0.00000000 0.63346410 -0.18345050
v -0.03865243 0.63354060 -0.18263730
v 0.00000000 0.64552990 -0.18856770
v 0.00000000 0.65759560 -0.19368470
v -0.02063778 0.65767900 -0.19324940
v -0.02099533 0.65964910 -0.19927920
v -0.05107843 0.66094720 -0.19561400
v -0.02964509 0.64560990 -0.18794350
v -0.05034927 0.65837490 -0.18987100
v -0.08214564 0.66285070 -0.18915870
v -0.07875030 0.63403210 -0.17889990
v -0.07926656 0.62884520 -0.17836260
v -0.11511770 0.63510570 -0.17103840
v -0.08797156 0.62651270 -0.17661250
v -0.09434406 0.62014010 -0.17457920
v -0.06454983 0.64620350 -0.18438540
v -0.08097081 0.65921600 -0.18391210
v -0.10845680 0.66406210 -0.18009930
v -0.10138840 0.64813290 -0.17800420
v -0.10627410 0.65978160 -0.17555720
v -0.13261720 0.65023460 -0.16771980
v -0.13642480 0.65321680 -0.17189010
v -0.14996780 0.63816110 -0.16105010
v -0.12179980 0.62161200 -0.16755230
v -0.14467740 0.63694890 -0.15769940
v -0.15101880 0.62293370 -0.15152150
v -0.15672920 0.62287350 -0.15435310
v -0.15653500 0.61089560 -0.15089640
v -0.12276600 0.61103960 -0.16482060
v -0.15069380 0.61195280 -0.14847170
v -0.14873880 0.60261580 -0.14819730
v 0.12867440 0.45002680 0.14650830
v 0.09808806 0.43984760 0.17717190
v 0.13634130 0.44584080 0.16970560
v 0.08555586 0.44353450 0.14442680
v 0.06336524 0.43669830 0.17515840
v 0.04277494 0.44109240 0.14363010
v 0.03060071 0.43553670 0.17423260
v 0.00002604 0.44076110 0.14319530
v 0.00002515 0.43537260 0.17394600
v -0.03047349 0.43553480 0.17422150
v -0.04277257 0.44109070 0.14365190
v -0.06336524 0.43669830 0.17515830
v -0.08538801 0.44350130 0.14456850
v -0.09808800 0.43984760 0.17717200
v -0.12861850 0.45001010 0.14656550
v -0.09976452 0.44617440 0.12172030
v -0.14913910 0.45486530 0.12312930
v -0.17139250 0.46231760 0.15022200
v 0.17139260 0.46231760 0.15022220
v 0.14919650 0.45487850 0.12316920
v 0.19779570 0.47152810 0.12608760
v 0.09978958 0.44617330 0.12181400
v 0.15590790 0.45654400 0.10088450
v 0.20737730 0.47455620 0.10293190
v 0.04964364 0.44290780 0.12107060
v 0.10403680 0.44715510 0.09961571
v 0.15671740 0.45795280 0.05720131
v 0.20877720 0.47584350 0.05817230
v 0.20868380 0.47333520 -0.01083199
v 0.10446720 0.44862340 0.05665039
v 0.05154967 0.44362500 0.09928169
v 0.00002776 0.44243880 0.12113460
v 0.15666270 0.45485500 -0.01001129
v 0.05172561 0.44511890 0.05643082
v 0.00002911 0.44462260 0.05636856
v 0.00002903 0.44312460 0.09923095
v -0.04962622 0.44290760 0.12107060
v -0.05154981 0.44362470 0.09929367
v 0.10442670 0.44522390 -0.00959274
v -0.10403430 0.44715400 0.09964523
v 0.05165500 0.44160680 -0.00941513
v -0.05172657 0.44511890 0.05643013
v 0.10541340 0.43852170 -0.04688248
v 0.05208572 0.43460250 -0.04635116
v 0.00003219 0.43404580 -0.04628471
v 0.00000093 0.44109800 -0.00937584
v -0.05166598 0.44160660 -0.00942055
v 0.15805400 0.44894420 -0.04834648
v 0.21043020 0.46906670 -0.05056152
v 0.20981410 0.46463920 -0.08075043
v 0.15716130 0.44292610 -0.07729439
v 0.19753430 0.46076190 -0.09932068
v 0.10543680 0.43213480 -0.07416488
v 0.14920990 0.43999540 -0.09186592
v 0.18309050 0.45755310 -0.11173800
v 0.05173193 0.42782860 -0.07373238
v 0.13544650 0.43683870 -0.10694330
v 0.15799940 0.45340120 -0.12370130
v 0.10042080 0.42920570 -0.08947738
v 0.11481860 0.43380940 -0.12129290
v 0.12579820 0.44980370 -0.13883780
v 0.09158001 0.42681090 -0.10570230
v 0.04883654 0.42486380 -0.08933708
v 0.09235683 0.43531520 -0.13680840
v 0.08903621 0.44743750 -0.15570820
v 0.08160377 0.42562280 -0.11810330
v 0.06922777 0.43353230 -0.15938800
v 0.07384209 0.45345980 -0.16643840
v 0.00000131 0.42726560 -0.07351150
v 0.04404895 0.42278270 -0.10589750
v 0.06790838 0.42531230 -0.13619740
v 0.06313496 0.44091250 -0.16893530
v 0.06454573 0.46117170 -0.17704630
v 0.00000062 0.42427270 -0.08928505
v 0.03958341 0.42207620 -0.11724280
v 0.04965638 0.42646250 -0.16065570
v 0.05114700 0.45006420 -0.18338860
v 0.05802992 0.47218550 -0.19034910
v 0.04387985 0.46621730 -0.20060880
v 0.03935267 0.43505820 -0.17632060
v 0.03385021 0.44443280 -0.18844400
v 0.02979643 0.46292640 -0.20664130
v 0.03157697 0.42213560 -0.13769650
v -0.00000046 0.42224050 -0.10591760
v 0.02128242 0.42387300 -0.16257770
v 0.01471574 0.44185080 -0.19115410
v 0.01449285 0.46155780 -0.20960660
v 0.01659061 0.43300960 -0.17968020
v -0.00000069 0.42161100 -0.11723090
v 0.00000045 0.43216970 -0.17938080
v 0.00000041 0.44086710 -0.19092820
v 0.00000311 0.42177710 -0.13768720
v -0.00000007 0.42358810 -0.16287870
v -0.01471567 0.44185050 -0.19115390
v -0.00000064 0.46131180 -0.21033460
v -0.01658996 0.43300920 -0.17967970
v -0.02128281 0.42387300 -0.16257770
v -0.03389880 0.44393540 -0.18796880
v -0.03935378 0.43505720 -0.17631900
v -0.01437072 0.46152280 -0.20960740
v -0.02955245 0.46278930 -0.20667140
v -0.01345068 0.48160310 -0.21295210
v 0.00000039 0.48162040 -0.21364610
v -0.01313670 0.50208540 -0.21636640
v -0.00000016 0.50227050 -0.21701220
v -0.03157688 0.42213560 -0.13769680
v -0.04965638 0.42646260 -0.16065580
v -0.05638453 0.44241940 -0.17405850
v -0.06948190 0.43271430 -0.15839750
v -0.03958342 0.42207620 -0.11724330
v -0.06790800 0.42531230 -0.13619780
v -0.04404806 0.42278260 -0.10589770
v -0.09111801 0.43374310 -0.13935280
v -0.08903617 0.44743730 -0.15570820
v -0.12579820 0.44980350 -0.13883760
v -0.08160371 0.42562280 -0.11810320
v -0.11481800 0.43380920 -0.12129310
v -0.15799940 0.45340100 -0.12370110
v -0.04883727 0.42486370 -0.08933784
v -0.09158009 0.42681100 -0.10570190
v -0.13544670 0.43683880 -0.10694340
v -0.18309050 0.45755310 -0.11173800
v -0.05173285 0.42782880 -0.07373139
v -0.10042060 0.42920570 -0.08947716
v -0.14921000 0.43999540 -0.09186569
v -0.19753430 0.46076190 -0.09932099
v -0.05208967 0.43460150 -0.04635681
v -0.10543710 0.43213500 -0.07416427
v -0.15716110 0.44292610 -0.07729423
v -0.20981410 0.46463920 -0.08075035
v -0.10443190 0.44522380 -0.00959877
v -0.10541360 0.43852190 -0.04688179
v -0.15803080 0.44892480 -0.04840637
v -0.21035310 0.46902860 -0.05061302
v -0.20868380 0.47333520 -0.01083199
v -0.15665310 0.45485420 -0.00999245
v -0.10446530 0.44862320 0.05665283
v -0.15671240 0.45795150 0.05721290
v -0.20877720 0.47584350 0.05817283
v -0.20737190 0.47455420 0.10305220
v -0.15590370 0.45654160 0.10096750
v -0.19772000 0.47150280 0.12607440
v 0.01344544 0.48160170 -0.21295290
v 0.02727823 0.48214580 -0.21007330
v 0.01313738 0.50208570 -0.21636630
v 0.02628062 0.50240420 -0.21363090
v 0.04208492 0.48382440 -0.20386970
v 0.05530103 0.48739390 -0.19443080
v 0.04262293 0.50171700 -0.20706900
v 0.05537200 0.50291690 -0.19852790
v 0.00000056 0.52633570 -0.21172260
v 0.01410664 0.52595430 -0.21128230
v 0.04736088 0.52436370 -0.20434740
v 0.06053371 0.52261660 -0.19841210
v 0.02919429 0.52507690 -0.20931910
v 0.05694474 0.54168870 -0.19791880
v 0.07145608 0.53894920 -0.19238020
v 0.03692178 0.54319130 -0.20271260
v 0.01745438 0.54434310 -0.20527530
v 0.00000060 0.54480000 -0.20607660
v -0.01410650 0.52595440 -0.21128230
v 0.07176410 0.55489310 -0.18749720
v 0.09341897 0.55494160 -0.17601460
v 0.04933034 0.55824060 -0.19361340
v 0.02203443 0.55833330 -0.19893970
v 0.00000008 0.55878010 -0.20053310
v 0.09219643 0.56646440 -0.17593750
v 0.11673580 0.56508900 -0.16096070
v 0.06203330 0.56879410 -0.18917420
v 0.03185916 0.57098030 -0.19479250
v 0.10651790 0.57925640 -0.17211640
v 0.13627430 0.57755770 -0.15550700
v 0.07698809 0.58223000 -0.18377090
v 0.11902340 0.59291790 -0.17116870
v 0.14849800 0.59250870 -0.15441850
v -0.01739434 0.54430140 -0.20529690
v -0.00000053 0.57139490 -0.19673430
v 0.04140881 0.58372650 -0.19071390
v 0.04587349 0.59566590 -0.18922110
v 0.07919790 0.59437190 -0.18375980
v 0.08757696 0.59671020 -0.18220290
v 0.07036187 0.59629230 -0.18513170
v 0.09394401 0.60289510 -0.18031220
v 0.06400058 0.60266800 -0.18564160
v 0.00000023 0.58386870 -0.19296850
v -0.02185909 0.55847300 -0.19891180
v 0.12214790 0.60082370 -0.17116010
v 0.15217550 0.60091150 -0.15416080
v 0.12551140 0.60924130 -0.17112370
v 0.15404240 0.61045850 -0.15452160
v 0.09629782 0.61163780 -0.18057630
v 0.15428250 0.62140940 -0.15764470
v 0.12456600 0.61949520 -0.17385170
v 0.09400894 0.62033770 -0.18195380
v 0.11760970 0.63281700 -0.17742380
v 0.14772770 0.63551070 -0.16390230
v 0.08768221 0.62661850 -0.18379420
v 0.13514250 0.64967000 -0.17435370
v 0.07908426 0.62891980 -0.18551320
v 0.10335860 0.64776150 -0.18490840
v 0.10854910 0.66026770 -0.18219580
v 0.08284778 0.65875630 -0.19075000
v 0.07906333 0.63261840 -0.18583450
v 0.07045394 0.62657910 -0.18630530
v 0.06550488 0.64451610 -0.19114750
v 0.05148584 0.65656410 -0.19657290
v 0.03878092 0.63198760 -0.18958270
v 0.03021863 0.64313670 -0.19448910
v 0.02119661 0.65519740 -0.19979190
v 0.00006124 0.64279970 -0.19501160
v -0.00006124 0.65486670 -0.20012920
v -0.02119621 0.65519710 -0.19979180
v 0.00000005 0.63191430 -0.19039790
v -0.03020286 0.64312830 -0.19448600
v -0.05148619 0.65656460 -0.19657300
v 0.04455056 0.61953280 -0.18866040
v 0.06406228 0.62020180 -0.18645650
v 0.00000085 0.61956430 -0.19015870
v 0.00000049 0.61145570 -0.19000420
v 0.04717214 0.61121520 -0.18803560
v 0.06170701 0.61146000 -0.18633770
v 0.04647928 0.60341300 -0.18863360
v -0.06548868 0.64451160 -0.19114980
v -0.08284760 0.65875580 -0.19075000
v -0.03923952 0.63191880 -0.18954360
v -0.00000081 0.60354270 -0.19072880
v -0.10329680 0.64742000 -0.18485050
v -0.10854910 0.66026770 -0.18219580
v -0.13514250 0.64967030 -0.17435390
v -0.11761380 0.63313730 -0.17745700
v -0.14772760 0.63551070 -0.16390240
v -0.07949621 0.63246270 -0.18573640
v -0.04458324 0.61953600 -0.18865840
v -0.07046390 0.62660410 -0.18630560
v -0.07908440 0.62891980 -0.18551320
v -0.08768219 0.62661860 -0.18379420
v -0.06408144 0.62020650 -0.18645460
v -0.09400875 0.62033810 -0.18195390
v -0.12446830 0.61986470 -0.17394130
v -0.15428250 0.62140950 -0.15764490
v -0.09629761 0.61163740 -0.18057630
v -0.04717086 0.61121790 -0.18803580
v -0.06170680 0.61145960 -0.18633770
v -0.06400064 0.60266830 -0.18564160
v -0.12549640 0.60921290 -0.17112500
v -0.15404270 0.61046020 -0.15452180
v -0.15214490 0.60082590 -0.15416080
v -0.09392276 0.60285220 -0.18031460
v -0.04648523 0.60341330 -0.18863260
v -0.04588280 0.59580930 -0.18921020
v -0.07035744 0.59624620 -0.18513530
v -0.07925017 0.59436390 -0.18374100
v -0.12214820 0.60082360 -0.17116000
v -0.14849790 0.59250850 -0.15441850
v -0.11900820 0.59289000 -0.17117130
v -0.08757696 0.59671020 -0.18220290
v -0.13629470 0.57759770 -0.15551150
v -0.10651070 0.57926920 -0.17212080
v -0.11673580 0.56508930 -0.16096070
v -0.07714666 0.58254380 -0.18373870
v -0.09169321 0.56694880 -0.17619280
v -0.09341890 0.55494200 -0.17601480
v -0.07137287 0.55518540 -0.18760370
v -0.07145623 0.53894980 -0.19238010
v -0.06202167 0.56879290 -0.18917880
v -0.04129504 0.58402420 -0.19068490
v -0.05726367 0.54182950 -0.19776600
v -0.06053368 0.52261670 -0.19841210
v -0.04906097 0.55836960 -0.19364330
v -0.04736026 0.52436350 -0.20434780
v -0.05537194 0.50291700 -0.19852810
v -0.00000031 0.59580830 -0.19143820
v -0.03186838 0.57098240 -0.19478900
v -0.03701971 0.54323790 -0.20267530
v -0.02919475 0.52507670 -0.20931910
v -0.04262277 0.50171760 -0.20706920
v -0.05530106 0.48739430 -0.19443080
v -0.02628095 0.50240450 -0.21363090
v -0.02728468 0.48214440 -0.21007030
v -0.04213243 0.48350740 -0.20379540
v -0.05802986 0.47218520 -0.19034900
v -0.04373395 0.46606190 -0.20065330
v -0.04980208 0.45114380 -0.18501470
v -0.06454556 0.46117190 -0.17704650
v -0.07384265 0.45345980 -0.16643800
v 0.07908426 0.62891980 -0.18551320
v 0.07045394 0.62657910 -0.18630530
v 0.07056157 0.62651270 -0.17916560
v 0.07926656 0.62884520 -0.17836260
v 0.08768221 0.62661850 -0.18379420
v 0.08797156 0.62651270 -0.17661250
v 0.07045394 0.62657910 -0.18630530
v 0.06406228 0.62020180 -0.18645650
v 0.06418907 0.62014010 -0.17934370
v 0.07056157 0.62651270 -0.17916560
v 0.09629782 0.61163780 -0.18057630
v 0.09434406 0.62014010 -0.17457920
v 0.09667656 0.61143490 -0.17317270
v 0.09400894 0.62033770 -0.18195380
v 0.06400058 0.60266800 -0.18564160
v 0.07036187 0.59629230 -0.18513170
v 0.07056157 0.59635720 -0.17796090
v 0.06418907 0.60272970 -0.17850860
v 0.06170701 0.61146000 -0.18633770
v 0.06185656 0.61143490 -0.17919170
v 0.07919790 0.59437190 -0.18375980
v 0.07926656 0.59402450 -0.17664630
v 0.09394401 0.60289510 -0.18031220
v 0.09434406 0.60272970 -0.17275080
v 0.08757696 0.59671020 -0.18220290
v 0.08797156 0.59635720 -0.17456010
v -0.13634130 0.44584080 0.16970560
v -0.07046390 0.62660410 -0.18630560
v -0.06418907 0.62014010 -0.17934370
v -0.06408144 0.62020650 -0.18645460
v -0.07056157 0.62651270 -0.17916560
v -0.07908440 0.62891980 -0.18551320
v -0.07926656 0.62884520 -0.17836260
v -0.08768219 0.62661860 -0.18379420
v -0.08797156 0.62651270 -0.17661250
v -0.09629761 0.61163740 -0.18057630
v -0.09667656 0.61143490 -0.17317270
v -0.09434406 0.62014010 -0.17457920
v -0.09400875 0.62033810 -0.18195390
v -0.06400064 0.60266830 -0.18564160
v -0.07056157 0.59635720 -0.17796090
v -0.07035744 0.59624620 -0.18513530
v -0.06418907 0.60272970 -0.17850860
v -0.06170680 0.61145960 -0.18633770
v -0.06185656 0.61143490 -0.17919170
v -0.07926656 0.59402450 -0.17664630
v -0.07925017 0.59436390 -0.18374100
v -0.09392276 0.60285220 -0.18031460
v -0.09434406 0.60272970 -0.17275080
v -0.08757696 0.59671020 -0.18220290
v -0.08797156 0.59635720 -0.17456010
v -0.07925017 0.59436390 -0.18374100
v -0.07926656 0.59402450 -0.17664630
v -0.05486381 0.43604880 0.05935654
v -0.05621023 0.44499980 0.05568481
v -0.05486348 0.44526790 0.05847595
v -0.05621023 0.43578130 0.05656540
v -0.06276549 0.44370300 0.02926979
v -0.05486381 0.43299010 0.05683250
v -0.05426645 0.43372160 0.05906143
v -0.06141278 0.43169530 0.03045547
v -0.06276549 0.43448450 0.03015037
v -0.06457608 0.44207520 0.00675552
v -0.06457608 0.43285680 0.00763611
v -0.06457608 0.43141970 -0.00742874
v -0.06457608 0.44063760 -0.00831543
v -0.06322929 0.42862750 -0.00717308
v -0.06278510 0.43771870 -0.03070747
v -0.06278413 0.42849920 -0.02983299
v -0.06143124 0.42570190 -0.02960274
v -0.05486314 0.42130690 -0.05609657
v -0.05621023 0.42409800 -0.05636368
v -0.05621023 0.43331660 -0.05724419
v -0.05486348 0.43304850 -0.06003532
v -0.05486314 0.42383050 -0.05915474
v -0.05426538 0.42160140 -0.05842384
v -0.05161213 0.43293750 -0.06119141
v -0.05486348 0.43304850 -0.06003532
v -0.05486314 0.42383050 -0.05915474
v -0.05161097 0.42372000 -0.06031082
v -0.05161085 0.42103920 -0.05888771
v 0.00000000 0.42103920 -0.05888771
v 0.00000000 0.42372000 -0.06031082
v 0.00000000 0.43293750 -0.06119141
v 0.05161213 0.43293750 -0.06119141
v 0.05161097 0.42372000 -0.06031082
v 0.05161085 0.42103920 -0.05888771
v 0.05486314 0.42383050 -0.05915474
v 0.05486348 0.43304850 -0.06003532
v 0.05426538 0.42160140 -0.05842384
v -0.05486381 0.43604880 0.05935654
v -0.05161341 0.43325770 0.05962357
v -0.05161329 0.43615930 0.06051270
v 0.00000000 0.43615930 0.06051270
v -0.05486348 0.44526790 0.05847595
v -0.05161213 0.44537890 0.05963203
v 0.00000000 0.43325770 0.05962357
v 0.00000000 0.44537890 0.05963203
v 0.05161213 0.44537890 0.05963203
v 0.05161341 0.43325770 0.05962357
v 0.05161329 0.43615930 0.06051270
v 0.05486348 0.44526790 0.05847595
v 0.05486381 0.43604880 0.05935654
v 0.05426645 0.43372160 0.05906143
v -0.05161329 0.43183400 0.05694344
v -0.05845145 0.43034600 0.03055016
v -0.06141278 0.43169530 0.03045547
v -0.06322937 0.43006570 0.00790436
v 0.00000000 0.43183400 0.05694344
v 0.05161329 0.43183400 0.05694344
v 0.05486381 0.43299010 0.05683250
v 0.05845145 0.43034600 0.03055016
v 0.06141278 0.43169530 0.03045547
v 0.06322937 0.43006570 0.00790436
v 0.00000000 0.43054080 0.03060028
v -0.05997813 0.42891200 0.00804085
v 0.05997813 0.42891200 0.00804085
v -0.05997891 0.42747040 -0.00707649
v 0.00000000 0.42747000 -0.00707642
v -0.06322929 0.42862750 -0.00717308
v -0.06143124 0.42570190 -0.02960274
v 0.00000000 0.42891170 0.00803802
v 0.05997891 0.42747040 -0.00707649
v 0.06322929 0.42862750 -0.00717308
v 0.06143124 0.42570190 -0.02960274
v -0.05817697 0.42454320 -0.02950729
v 0.05817697 0.42454320 -0.02950729
v -0.05161097 0.42015080 -0.05598556
v 0.00000000 0.42015080 -0.05598556
v 0.00000000 0.42454320 -0.02950729
v 0.05161097 0.42015080 -0.05598556
v 0.05486314 0.42130690 -0.05609657
v -0.06322937 0.43006570 0.00790436
v 0.05486381 0.43604880 0.05935654
v 0.05486348 0.44526790 0.05847595
v 0.05621023 0.44499980 0.05568481
v 0.05621023 0.43578130 0.05656540
v 0.06276549 0.44370300 0.02926979
v 0.06141278 0.43169530 0.03045547
v 0.06276549 0.43448450 0.03015037
v 0.06457608 0.44207520 0.00675552
v 0.06457608 0.43285680 0.00763611
v 0.06322937 0.43006570 0.00790436
v 0.06322929 0.42862750 -0.00717308
v 0.06457608 0.43141970 -0.00742874
v 0.06457608 0.44063760 -0.00831543
v 0.06278510 0.43771870 -0.03070747
v 0.06278413 0.42849920 -0.02983299
v 0.06143124 0.42570190 -0.02960274
v 0.05621023 0.42409800 -0.05636368
v 0.05621023 0.43331660 -0.05724419
v 0.05486348 0.43304850 -0.06003532
v 0.05486314 0.42383050 -0.05915474
v 0.17244090 0.46086480 0.15097500
v 0.19914730 0.47033260 0.12680110
v 0.19814850 0.47041100 0.12610530
v 0.17169720 0.46116820 0.15008720
v 0.13706040 0.44424040 0.17040180
v 0.13656590 0.44479210 0.16944210
v 0.09843329 0.43811640 0.17797070
v 0.13732770 0.44730260 0.17386530
v 0.09804355 0.44104390 0.18146850
v 0.09828477 0.43870850 0.17693660
v 0.06300369 0.43794700 0.17940300
v 0.06350538 0.43493880 0.17600360
v 0.06351218 0.43551750 0.17496140
v 0.03057562 0.43378050 0.17506490
v 0.03047051 0.43681980 0.17850110
v 0.03058362 0.43436330 0.17402500
v 0.00000000 0.43665250 0.17821430
v 0.00000000 0.43361570 0.17477850
v 0.00000000 0.43419870 0.17373860
v -0.03057582 0.43377570 0.17505940
v -0.03047051 0.43681980 0.17850110
v -0.03058386 0.43435700 0.17401880
v -0.06300369 0.43794700 0.17940300
v -0.06350538 0.43493870 0.17600360
v -0.06351220 0.43551740 0.17496140
v -0.09843320 0.43811710 0.17797160
v -0.09804355 0.44104390 0.18146850
v -0.09828455 0.43870950 0.17693690
v -0.13732770 0.44730260 0.17386530
v -0.13706040 0.44424040 0.17040180
v -0.13656590 0.44479210 0.16944210
v -0.17244070 0.46086390 0.15097430
v -0.17312920 0.46447670 0.15369000
v -0.17169720 0.46116810 0.15008710
v -0.19913260 0.47027800 0.12677920
v -0.19812190 0.47033890 0.12609850
v -0.20894230 0.47348760 0.10322230
v -0.20774400 0.47348300 0.10302890
v 0.20775370 0.47346610 0.10295450
v 0.20893620 0.47346950 0.10321990
v 0.20916250 0.47473780 0.05818298
v 0.21035460 0.47474280 0.05820236
v 0.20908060 0.47223890 -0.01070740
v 0.21027340 0.47225480 -0.01070167
v 0.21083430 0.46798640 -0.05040428
v 0.21202650 0.46801760 -0.05039070
v 0.21021980 0.46365300 -0.08069267
v 0.21139820 0.46369030 -0.08107231
v 0.19791680 0.45983320 -0.09942962
v 0.19855710 0.45977930 -0.10053540
v 0.18350000 0.45655100 -0.11204760
v 0.19753430 0.46076190 -0.09932068
v 0.18453410 0.45670880 -0.11279960
v 0.18309050 0.45755310 -0.11173800
v 0.15836850 0.45255100 -0.12414890
v 0.15758210 0.45197260 -0.12575810
v 0.15799940 0.45340120 -0.12370130
v 0.12622220 0.44902620 -0.13945110
v 0.12816600 0.44899160 -0.13984440
v 0.12579820 0.44980370 -0.13883780
v 0.08953661 0.44686310 -0.15648120
v 0.09010823 0.44765370 -0.15720510
v 0.08903621 0.44743750 -0.15570820
v 0.07448252 0.45300330 -0.16731600
v 0.07384209 0.45345980 -0.16643840
v 0.07525457 0.45383410 -0.16772260
v 0.06522863 0.46073530 -0.17780560
v 0.06621596 0.46141870 -0.17787570
v 0.05884082 0.47185240 -0.19129090
v 0.05991929 0.47235200 -0.19103940
v 0.05603824 0.48722140 -0.19541610
v 0.05716984 0.48751280 -0.19513980
v 0.05603047 0.50277040 -0.19955310
v 0.05719563 0.50267710 -0.19925880
v 0.06101280 0.52263990 -0.19938380
v 0.05537200 0.50291690 -0.19852790
v 0.06203162 0.52195170 -0.19930580
v 0.06053371 0.52261660 -0.19841210
v 0.07182904 0.53911040 -0.19318730
v 0.07274349 0.53832790 -0.19327880
v 0.07145608 0.53894920 -0.19238020
v 0.09394572 0.55512150 -0.17700240
v 0.09463816 0.55417280 -0.17724100
v 0.09341897 0.55494160 -0.17601460
v 0.11734620 0.56492220 -0.16204220
v 0.11792460 0.56387710 -0.16200410
v 0.11673580 0.56508900 -0.16096070
v 0.13684520 0.57716080 -0.15653380
v 0.13761680 0.57626860 -0.15625070
v 0.13627430 0.57755770 -0.15550700
v 0.14902150 0.59221730 -0.15535760
v 0.15004910 0.59165780 -0.15506920
v 0.14849800 0.59250870 -0.15441850
v 0.15270090 0.60070760 -0.15508890
v 0.15217550 0.60091150 -0.15416080
v 0.15270090 0.60070760 -0.15508890
v 0.15385230 0.60046900 -0.15482730
v 0.15463160 0.61023400 -0.15554270
v 0.15580730 0.61018260 -0.15530790
v 0.15481910 0.62123050 -0.15863890
v 0.15600050 0.62151350 -0.15850490
v 0.14820840 0.63532390 -0.16495810
v 0.14924650 0.63592550 -0.16501950
v 0.13552490 0.64958520 -0.17540050
v 0.13625160 0.65053880 -0.17565170
v 0.10892670 0.66035250 -0.18335320
v 0.10918080 0.66151810 -0.18360500
v 0.13642480 0.65321680 -0.17189010
v 0.10845680 0.66406210 -0.18009930
v 0.08315238 0.65867780 -0.19193200
v 0.08214564 0.66285070 -0.18915870
v 0.08319158 0.65977270 -0.19240400
v 0.05165714 0.65626230 -0.19769490
v 0.05107843 0.66094720 -0.19561400
v 0.05168523 0.65724970 -0.19836220
v 0.02127219 0.65478000 -0.20089270
v 0.02099533 0.65964910 -0.19927920
v 0.02127770 0.65569450 -0.20165740
v -0.00000000 0.65440940 -0.20120960
v 0.00000000 0.65529520 -0.20200730
v 0.00000000 0.65934070 -0.19977070
v -0.02127196 0.65477970 -0.20089270
v -0.02099533 0.65964910 -0.19927920
v -0.02127770 0.65569450 -0.20165740
v -0.05165730 0.65626280 -0.19769440
v -0.05168518 0.65725000 -0.19836200
v -0.05107843 0.66094720 -0.19561400
v -0.08315252 0.65867750 -0.19193290
v -0.08319181 0.65977200 -0.19240480
v -0.08214564 0.66285070 -0.18915870
v -0.10892670 0.66035250 -0.18335320
v -0.10918080 0.66151810 -0.18360500
v -0.10845680 0.66406210 -0.18009930
v -0.13642480 0.65321680 -0.17189010
v -0.13552480 0.64958540 -0.17540020
v -0.13625160 0.65053890 -0.17565160
v -0.14820840 0.63532380 -0.16495830
v -0.14924650 0.63592550 -0.16501960
v -0.15481910 0.62123050 -0.15863890
v -0.15600060 0.62151350 -0.15850490
v -0.15463170 0.61023500 -0.15554280
v -0.15580730 0.61018260 -0.15530790
v -0.15268320 0.60065230 -0.15509210
v -0.15385190 0.60046880 -0.15483110
v -0.14902140 0.59221720 -0.15535750
v -0.15004910 0.59165780 -0.15506910
v -0.13686430 0.57717910 -0.15654950
v -0.13761710 0.57627150 -0.15626620
v -0.11734630 0.56492230 -0.16204220
v -0.11792240 0.56387110 -0.16199230
v -0.09394579 0.55512170 -0.17700260
v -0.09463819 0.55417290 -0.17724120
v -0.07182930 0.53911080 -0.19318730
v -0.07274348 0.53832810 -0.19327910
v -0.06101280 0.52263990 -0.19938380
v -0.06203162 0.52195170 -0.19930580
v -0.05603047 0.50277040 -0.19955320
v -0.05719562 0.50267710 -0.19925900
v -0.05603822 0.48722160 -0.19541610
v -0.05716984 0.48751290 -0.19513980
v -0.05884087 0.47185220 -0.19129100
v -0.05991929 0.47235200 -0.19103960
v -0.05530106 0.48739430 -0.19443080
v -0.05802986 0.47218520 -0.19034900
v -0.05537194 0.50291700 -0.19852810
v -0.06053368 0.52261670 -0.19841210
v -0.07145623 0.53894980 -0.19238010
v -0.09341890 0.55494200 -0.17601480
v -0.11673580 0.56508930 -0.16096070
v -0.13629470 0.57759770 -0.15551150
v -0.14849790 0.59250850 -0.15441850
v -0.15214490 0.60082590 -0.15416080
v -0.15268320 0.60065230 -0.15509210
v -0.21035450 0.47474280 0.05820236
v -0.20916250 0.47473780 0.05818336
v -0.21027300 0.47225370 -0.01070152
v -0.20908100 0.47223770 -0.01070740
v -0.21200450 0.46794880 -0.05038139
v -0.21081430 0.46789640 -0.05042473
v -0.21139820 0.46369030 -0.08107231
v -0.21021990 0.46365300 -0.08069251
v -0.19855710 0.45977950 -0.10053540
v -0.19791670 0.45983340 -0.09942985
v -0.18453410 0.45670880 -0.11279960
v -0.18350000 0.45655100 -0.11204760
v -0.15753450 0.45200620 -0.12578200
v -0.15834590 0.45260300 -0.12412140
v -0.12814390 0.44896600 -0.13985780
v -0.15799940 0.45340100 -0.12370110
v -0.18309050 0.45755310 -0.11173800
v -0.12579820 0.44980350 -0.13883760
v -0.12623640 0.44899980 -0.13947150
v -0.09010824 0.44765350 -0.15720510
v -0.08903617 0.44743730 -0.15570820
v -0.08953663 0.44686300 -0.15648140
v -0.07525454 0.45383440 -0.16772230
v -0.07384265 0.45345980 -0.16643800
v -0.07448268 0.45300340 -0.16731580
v -0.06621597 0.46141870 -0.17787570
v -0.06454556 0.46117190 -0.17704650
v -0.06522856 0.46073540 -0.17780590
v -0.05802986 0.47218520 -0.19034900
v 0.17312920 0.46447670 0.15369000
v 0.20022520 0.47433620 0.12840750
v 0.21034190 0.47770660 0.10377560
v 0.21182060 0.47905080 0.05820526
v 0.21169510 0.47656370 -0.01102623
v 0.21340420 0.47232570 -0.05097267
v 0.21242440 0.46798170 -0.08220718
v 0.21242440 0.46798170 -0.08220718
v 0.19828160 0.46402910 -0.10266050
v 0.18542260 0.46143450 -0.11339590
v 0.15153720 0.45623700 -0.12878560
v 0.13270540 0.45424480 -0.13710910
v 0.08938757 0.45168380 -0.15573840
v 0.07471471 0.45760350 -0.16538560
v 0.06580970 0.46470470 -0.17505740
v 0.05984245 0.47470680 -0.18724340
v 0.05738668 0.48884400 -0.19098650
v 0.05772190 0.50298120 -0.19472950
v 0.06241558 0.52026390 -0.19512220
v 0.07283327 0.53599070 -0.18966610
v 0.09417452 0.55100210 -0.17367780
v 0.11717350 0.56186320 -0.15801470
v 0.13751920 0.57543700 -0.15185370
v 0.15036260 0.59151150 -0.15075890
v 0.15436180 0.60074220 -0.15053760
v 0.15653500 0.61089560 -0.15089640
v 0.15580730 0.61018260 -0.15530790
v 0.15672920 0.62287350 -0.15435310
v 0.15600050 0.62151350 -0.15850490
v 0.14996780 0.63816110 -0.16105010
v 0.14924650 0.63592550 -0.16501950
v -0.20022520 0.47433620 0.12840750
v -0.21034190 0.47770660 0.10377560
v -0.21182060 0.47905080 0.05820526
v -0.21169510 0.47656370 -0.01102623
v -0.21340420 0.47232570 -0.05097267
v -0.21242440 0.46798170 -0.08220718
v -0.21242440 0.46798170 -0.08220718
v -0.19828160 0.46402910 -0.10266050
v -0.18542260 0.46143450 -0.11339590
v -0.15153720 0.45623700 -0.12878560
v -0.13270540 0.45424480 -0.13710910
v -0.08938757 0.45168380 -0.15573840
v -0.07471471 0.45760350 -0.16538560
v -0.06580970 0.46470470 -0.17505740
v -0.05984245 0.47470680 -0.18724340
v -0.05738668 0.48884400 -0.19098650
v -0.05772190 0.50298120 -0.19472950
v -0.06241558 0.52026390 -0.19512220
v -0.07283327 0.53599070 -0.18966610
v -0.09417452 0.55100210 -0.17367780
v -0.11717350 0.56186320 -0.15801470
v -0.13751920 0.57543700 -0.15185370
v -0.15036260 0.59151150 -0.15075890
v -0.15436180 0.60074220 -0.15053760
v -0.15653500 0.61089560 -0.15089640
v -0.15580730 0.61018260 -0.15530790
v -0.15672920 0.62287350 -0.15435310
v -0.14996780 0.63816110 -0.16105010
v 0.19779570 0.47152810 0.12608760
v 0.17139260 0.46231760 0.15022220
v 0.13634130 0.44584080 0.16970560
v 0.09808806 0.43984760 0.17717190
v 0.06336524 0.43669830 0.17515840
v 0.03060071 0.43553670 0.17423260
v 0.00002515 0.43537260 0.17394600
v -0.03047349 0.43553480 0.17422150
v -0.06336524 0.43669830 0.17515830
v -0.09808800 0.43984760 0.17717200
v -0.13634130 0.44584080 0.16970560
v -0.17139250 0.46231760 0.15022200
v -0.19772000 0.47150280 0.12607440
v 0.20737730 0.47455620 0.10293190
v 0.20877720 0.47584350 0.05817230
v 0.20868380 0.47333520 -0.01083199
v 0.21043020 0.46906670 -0.05056152
v 0.20981410 0.46463920 -0.08075043
v 0.20981410 0.46463920 -0.08075043
v 0.13514250 0.64967000 -0.17435370
v 0.13552490 0.64958520 -0.17540050
v 0.10854910 0.66026770 -0.18219580
v 0.08284778 0.65875630 -0.19075000
v 0.05148584 0.65656410 -0.19657290
v 0.02119661 0.65519740 -0.19979190
v -0.00006124 0.65486670 -0.20012920
v -0.02119621 0.65519710 -0.19979180
v -0.05148619 0.65656460 -0.19657300
v -0.08284760 0.65875580 -0.19075000
v -0.10854910 0.66026770 -0.18219580
v -0.13514250 0.64967030 -0.17435390
v 0.14772770 0.63551070 -0.16390230
v 0.14820840 0.63532390 -0.16495810
v 0.15428250 0.62140940 -0.15764470
v 0.15481910 0.62123050 -0.15863890
v 0.15404240 0.61045850 -0.15452160
v 0.15463160 0.61023400 -0.15554270
v 0.05530103 0.48739390 -0.19443080
v 0.05802992 0.47218550 -0.19034910
v 0.05802992 0.47218550 -0.19034910
v 0.06454573 0.46117170 -0.17704630
v -0.20737190 0.47455420 0.10305220
v -0.20877720 0.47584350 0.05817283
v -0.20868380 0.47333520 -0.01083199
v -0.21035310 0.46902860 -0.05061302
v -0.20981410 0.46463920 -0.08075035
v -0.20981410 0.46463920 -0.08075035
v -0.19753430 0.46076190 -0.09932099
v -0.14820840 0.63532380 -0.16495830
v -0.14772760 0.63551070 -0.16390240
v -0.15481910 0.62123050 -0.15863890
v -0.15428250 0.62140950 -0.15764490
v -0.15463170 0.61023500 -0.15554280
v -0.15404270 0.61046020 -0.15452180
vn 0.40669280 0.76072680 0.50586140
vn -0.19419590 0.96520530 0.17511900
vn -0.20711090 0.97539030 0.07562426
vn 0.26656430 0.62745520 0.73160330
vn -0.12399830 0.90114920 0.41539690
vn 0.15088520 0.51541830 0.84355070
vn 0.00814577 0.46770700 0.88384600
vn -0.12422440 0.93843100 0.32235960
vn -0.06969723 0.46763630 0.88116890
vn -0.07984832 0.95398240 0.28903600
vn -0.02627947 0.47770940 0.87812470
vn -0.02673207 0.95643900 0.29070550
vn 0.00000000 0.95726050 0.28922710
vn 0.00000015 0.47765560 0.87854710
vn 0.02627985 0.47770920 0.87812500
vn 0.02673208 0.95643900 0.29070560
vn 0.07984857 0.95398240 0.28903600
vn 0.06969826 0.46763590 0.88116900
vn 0.12422470 0.93843080 0.32235950
vn -0.00814605 0.46770710 0.88384600
vn 0.12399820 0.90114920 0.41539690
vn -0.15088750 0.51541880 0.84354980
vn -0.26656530 0.62745510 0.73160300
vn 0.19419580 0.96520520 0.17511950
vn -0.40669190 0.76072670 0.50586220
vn 0.52210770 0.84096630 0.14205390
vn -0.22851560 0.97315850 0.02725813
vn 0.52852670 0.84891100 -0.00309158
vn -0.24515110 0.96937660 -0.01449170
vn 0.52188250 0.85179320 -0.04568322
vn -0.25983580 0.96553780 0.01490436
vn -0.25773460 0.96607630 -0.01641953
vn -0.25670500 0.96365410 -0.07398248
vn -0.25431340 0.96712170 -0.00028823
vn -0.27377260 0.95112570 -0.14285840
vn 0.50727440 0.85608560 -0.09894548
vn -0.26943220 0.95389290 -0.13226670
vn 0.43608690 0.86304830 -0.25490370
vn -0.28234210 0.94546370 -0.16242320
vn -0.26258070 0.96132700 -0.08307663
vn -0.12336220 0.99219980 -0.01792579
vn -0.29408160 0.95578030 -0.00006471
vn 0.21997250 0.88060930 -0.41968980
vn -0.30640330 0.94460450 -0.11764130
vn -0.13544770 0.97158630 -0.19409810
vn -0.29834410 0.95102780 0.08085126
vn 0.08335856 0.91089090 -0.40413990
vn -0.30842450 0.95040730 0.04000541
vn -0.29014490 0.92361960 0.25048510
vn -0.00217751 0.95400200 -0.29979240
vn -0.03085429 0.98404810 -0.17520610
vn -0.12575900 0.98738960 -0.09615909
vn -0.14774490 0.97111610 -0.18736270
vn -0.29713690 0.93950700 0.17040050
vn -0.30540580 0.87242750 0.38157260
vn -0.01078410 0.99750120 0.06982097
vn -0.04265660 0.97742030 -0.20695410
vn -0.15429930 0.98407930 -0.08820195
vn -0.31192660 0.88876830 0.33584600
vn -0.35514760 0.71070060 0.60726830
vn 0.13470430 0.90811020 0.39647270
vn -0.04650964 0.97538080 -0.21556700
vn 0.00000000 0.97772290 -0.20989990
vn -0.03964208 0.99406330 -0.10132430
vn -0.14970020 0.98855940 -0.01844150
vn -0.32946630 0.84060410 0.42992630
vn -0.04913513 0.98864850 -0.14198610
vn -0.16664870 0.98086860 0.10062270
vn -0.03882907 0.99907260 -0.01860927
vn 0.00000000 0.99982370 -0.01877849
vn -0.12425810 0.99184100 0.02848448
vn -0.03891668 0.99869480 0.03307832
vn -0.12317190 0.99175240 0.03543662
vn -0.04773300 0.99518350 -0.08562329
vn 0.00000000 0.99473690 -0.10246180
vn -0.19580660 0.97388910 0.11489010
vn -0.10236320 0.98820260 0.11391830
vn -0.03866699 0.99795320 0.05093450
vn -0.03314096 0.99158000 0.12518260
vn 0.00000000 0.99942850 0.03380440
vn 0.00000000 0.99184300 0.12746540
vn 0.00000000 0.99856240 0.05360173
vn 0.03314095 0.99158000 0.12518270
vn 0.03866698 0.99795320 0.05093471
vn 0.10236320 0.98820250 0.11391870
vn 0.03891664 0.99869480 0.03307848
vn 0.19580680 0.97388910 0.11489070
vn 0.12317180 0.99175240 0.03543728
vn 0.25431360 0.96712170 -0.00028789
vn 0.12425800 0.99184100 0.02848461
vn 0.03882907 0.99907260 -0.01860921
vn 0.20711140 0.97539010 0.07562438
vn -0.52210790 0.84096620 0.14205350
vn 0.25983580 0.96553780 0.01490435
vn 0.22851560 0.97315850 0.02725807
vn -0.52852710 0.84891080 -0.00309191
vn 0.12336210 0.99219980 -0.01792583
vn 0.03964220 0.99406330 -0.10132450
vn 0.24515110 0.96937660 -0.01449164
vn -0.52188260 0.85179320 -0.04568318
vn 0.25773450 0.96607630 -0.01641950
vn 0.12575900 0.98738960 -0.09615924
vn 0.25670530 0.96365400 -0.07398240
vn 0.26258090 0.96132700 -0.08307663
vn 0.04265667 0.97742030 -0.20695430
vn 0.27377280 0.95112570 -0.14285850
vn -0.50727450 0.85608550 -0.09894536
vn 0.13544780 0.97158630 -0.19409820
vn 0.28234230 0.94546360 -0.16242320
vn 0.26943170 0.95389320 -0.13226680
vn -0.43608730 0.86304810 -0.25490370
vn 0.30640310 0.94460450 -0.11764120
vn 0.29408180 0.95578030 -0.00006454
vn -0.21997260 0.88060800 -0.41969210
vn 0.14774490 0.97111620 -0.18736260
vn 0.04650955 0.97538080 -0.21556700
vn 0.29834410 0.95102770 0.08085334
vn -0.08335847 0.91089120 -0.40413950
vn 0.30842460 0.95040710 0.04000628
vn 0.29014450 0.92361940 0.25048630
vn 0.00217749 0.95400250 -0.29979090
vn 0.03085448 0.98404810 -0.17520650
vn 0.15429930 0.98407930 -0.08820172
vn 0.29713670 0.93950690 0.17040130
vn 0.00000000 0.97511090 -0.22171790
vn 0.30540530 0.87242730 0.38157320
vn 0.01078445 0.99750130 0.06982014
vn 0.35514770 0.71070120 0.60726760
vn -0.13470560 0.90811130 0.39646970
vn 0.40888120 0.52476720 0.74661600
vn 0.46878720 0.52562520 0.70989910
vn -0.14206060 0.83271760 0.53516370
vn 0.48042110 0.38691290 0.78707930
vn -0.22544920 0.59973200 0.76778530
vn 0.31192620 0.88876830 0.33584660
vn 0.32946600 0.84060430 0.42992610
vn 0.14970020 0.98855940 -0.01844139
vn 0.16664870 0.98086860 0.10062310
vn 0.04913510 0.98864840 -0.14198670
vn 0.04773302 0.99518340 -0.08562410
vn 0.00000000 0.98821630 -0.15306350
vn 0.16641110 0.97359020 0.15629950
vn 0.37731330 0.74584170 0.54895810
vn 0.00000000 0.99513450 -0.09852526
vn 0.05261722 0.99861000 0.00307427
vn 0.18811700 0.92453240 0.33143910
vn 0.45377290 0.53076270 0.71580800
vn -0.05261729 0.99861000 0.00307394
vn 0.00000000 0.99988330 -0.01527780
vn 0.05272681 0.99691090 0.05821248
vn 0.24870360 0.74325930 0.62105730
vn 0.51013730 0.50904420 0.69327770
vn -0.16641110 0.97359020 0.15629960
vn -0.05272691 0.99691090 0.05821219
vn 0.00000000 0.99925660 0.03855097
vn 0.06321266 0.96908250 0.23850230
vn 0.28956360 0.66115350 0.69211920
vn 0.51644490 0.35275320 0.78028830
vn 0.30612520 0.44172830 0.84330510
vn -0.37731300 0.74584130 0.54895870
vn -0.18811710 0.92453230 0.33143910
vn -0.06321220 0.96908250 0.23850230
vn 0.00000000 0.97744420 0.21119370
vn 0.09410464 0.82612620 0.55557150
vn 0.11656870 0.72115590 0.68289520
vn 0.12896340 0.48078820 0.86730120
vn -0.40888030 0.52476720 0.74661650
vn -0.45377320 0.53076240 0.71580800
vn -0.46878690 0.52562510 0.70989940
vn 0.14206040 0.83271650 0.53516550
vn 0.00000000 0.84683830 0.53185060
vn -0.00000019 0.73451320 0.67859440
vn -0.00000063 0.48931660 0.87210630
vn -0.12896350 0.48078780 0.86730130
vn -0.11656880 0.72115550 0.68289560
vn -0.30612370 0.44172830 0.84330560
vn -0.09410451 0.82612630 0.55557160
vn -0.28956260 0.66115340 0.69211970
vn -0.51644370 0.35275340 0.78028890
vn -0.24870400 0.74325900 0.62105750
vn -0.51013700 0.50904420 0.69327780
vn -0.48042150 0.38691230 0.78707950
vn 0.22545130 0.59973070 0.76778570
vn 0.31819980 0.25587780 0.91283920
vn -0.39550410 0.18317010 0.90001400
vn -0.49838130 0.13923320 0.85570450
vn -0.33439760 0.10776700 0.93625020
vn 0.36943550 0.03614598 0.92855310
vn -0.43805430 0.06244221 0.89677730
vn -0.30258910 0.14784380 0.94158490
vn -0.23887220 -0.11737680 0.96393100
vn 0.37402280 -0.35212770 0.85797040
vn -0.26640170 -0.00473160 0.96385040
vn -0.12999520 0.15778440 0.97887960
vn -0.35546210 -0.10290920 0.92900830
vn -0.25126630 -0.38146430 0.88957870
vn 0.20343260 -0.68524250 0.69932680
vn 0.01687347 -0.76817150 0.64002160
vn -0.21494540 -0.20317720 0.95525780
vn -0.32341280 -0.25063230 0.91246240
vn -0.34505610 -0.35561260 0.86860580
vn 0.00447331 -0.63820340 0.76985480
vn -0.20409340 -0.31595850 0.92656150
vn -0.38715820 -0.18776020 0.90269300
vn -0.23711240 -0.26384960 0.93496580
vn -0.10074310 -0.24514280 0.96423840
vn -0.10707760 -0.33718930 0.93532770
vn -0.11844350 -0.31196230 0.94268270
vn -0.11797590 -0.03418419 0.99242790
vn -0.00000034 0.16186210 0.98681330
vn 0.12999500 0.15778430 0.97887970
vn 0.30258840 0.14784380 0.94158510
vn 0.00000000 -0.33988580 0.94046680
vn 0.00000041 -0.25608040 0.96665540
vn 0.00000049 -0.04261816 0.99909140
vn 0.11797540 -0.03418425 0.99242800
vn 0.26640000 -0.00473168 0.96385100
vn 0.10074220 -0.24514260 0.96423860
vn 0.49838080 0.13923330 0.85570470
vn 0.00000017 -0.32323420 0.94631900
vn 0.10707740 -0.33718910 0.93532770
vn 0.21494440 -0.20317700 0.95525800
vn 0.43805390 0.06244209 0.89677740
vn 0.39550560 0.18317020 0.90001330
vn -0.31819540 0.25587830 0.91284060
vn 0.33439740 0.10776720 0.93625030
vn -0.36944150 0.03614671 0.92855060
vn 0.35546220 -0.10290910 0.92900820
vn 0.23886980 -0.11737680 0.96393150
vn -0.37402870 -0.35212780 0.85796770
vn 0.20409370 -0.31595840 0.92656140
vn 0.32341220 -0.25063230 0.91246260
vn 0.25126670 -0.38146380 0.88957870
vn -0.20343140 -0.68524110 0.69932850
vn -0.01687228 -0.76817140 0.64002190
vn 0.11844410 -0.31196220 0.94268270
vn 0.23711200 -0.26384970 0.93496580
vn 0.38715880 -0.18776030 0.90269260
vn 0.34505720 -0.35561280 0.86860530
vn -0.00447591 -0.63820460 0.76985370
vn 0.00000025 -0.27551690 0.96129630
vn 0.12181030 -0.22735220 0.96616410
vn 0.27903660 -0.11289650 0.95362100
vn 0.43580310 0.06275098 0.89785180
vn 0.37297140 0.00316638 0.92783740
vn -0.12181030 -0.22735230 0.96616410
vn 0.00000000 -0.19352680 0.98109500
vn 0.12145150 -0.13966310 0.98272250
vn 0.32997830 0.15812620 0.93065060
vn -0.15532360 -0.38634350 0.90918270
vn 0.28771940 0.05189078 0.95630790
vn 0.40409650 0.24548900 0.88115900
vn -0.27903650 -0.11289650 0.95362100
vn -0.12145190 -0.13966310 0.98272250
vn 0.32002990 0.15164690 0.93519200
vn -0.26646200 -0.22990550 0.93602440
vn -0.34682580 -0.10835560 0.93164960
vn 0.00000030 -0.10158570 0.99482670
vn 0.41426910 0.24080400 0.87772120
vn 0.10711200 -0.06521424 0.99210600
vn 0.27230500 0.10368440 0.95660840
vn 0.30485500 0.16963470 0.93716990
vn 0.30575030 0.09930857 0.94691850
vn 0.16589960 -0.06517636 0.98398650
vn 0.41003450 0.14886320 0.89983970
vn 0.28628020 0.14087090 0.94773370
vn 0.07776708 -0.07005949 0.99450690
vn 0.16081090 -0.05090313 0.98567160
vn 0.00000018 -0.08056493 0.99674940
vn 0.00000019 -0.01815411 0.99983510
vn 0.07042728 -0.00864712 0.99747950
vn 0.13191910 0.01788439 0.99109920
vn 0.05897931 0.04234359 0.99736080
vn 0.10816930 0.04418202 0.99315030
vn 0.09949682 0.06069282 0.99318520
vn -0.10711200 -0.06521417 0.99210600
vn -0.07776671 -0.07005953 0.99450690
vn -0.28771980 0.05189068 0.95630780
vn -0.43580240 0.06275094 0.89785220
vn -0.37297200 0.00316611 0.92783730
vn -0.40409650 0.24548850 0.88115910
vn -0.32997820 0.15812570 0.93065070
vn 0.15532210 -0.38634330 0.90918310
vn -0.27230560 0.10368400 0.95660820
vn -0.16589770 -0.06517656 0.98398670
vn -0.16081000 -0.05090338 0.98567190
vn -0.41426860 0.24080360 0.87772150
vn -0.30485360 0.16963520 0.93717030
vn -0.30575080 0.09930862 0.94691830
vn -0.32002860 0.15164680 0.93519250
vn 0.26646420 -0.22990480 0.93602380
vn 0.34682510 -0.10835530 0.93164990
vn -0.07042703 -0.00864719 0.99747950
vn -0.13191910 0.01788433 0.99109920
vn -0.41003440 0.14886320 0.89983980
vn -0.28628020 0.14087100 0.94773370
vn -0.05897949 0.04234358 0.99736080
vn -0.10817000 0.04418201 0.99315020
vn -0.09949676 0.06069300 0.99318510
vn -0.34814140 0.12560450 0.92898930
vn -0.42120080 0.17288470 0.89033750
vn -0.34356150 0.18705500 0.92031290
vn 0.40354310 0.10891040 0.90845550
vn -0.29655740 0.23351670 0.92602570
vn 0.40175520 0.40004670 0.82374480
vn 0.30215420 0.62002920 0.72406260
vn -0.39356330 0.13869090 0.90877540
vn -0.25355030 0.12444120 0.95928450
vn -0.33031140 0.17753430 0.92702530
vn -0.22279370 0.07180936 0.97221720
vn -0.15448670 0.05607449 0.98640230
vn -0.27865230 0.26838800 0.92212830
vn -0.20966410 0.39450270 0.89465550
vn 0.14074120 0.72639450 0.67271310
vn -0.06403679 0.77490780 0.62882200
vn -0.16724090 0.21708220 0.96172030
vn -0.25855130 0.13937640 0.95588980
vn -0.23995730 0.29465640 0.92498550
vn -0.20834780 0.40983010 0.88804860
vn -0.17356230 0.83848420 0.51654650
vn -0.06067080 0.20413030 0.97706190
vn -0.14204410 0.27057450 0.95216220
vn -0.12849730 0.52620910 0.84059060
vn -0.10384870 0.90451850 0.41359610
vn -0.06369077 0.35420370 0.93299690
vn -0.05552045 0.59444870 0.80221450
vn -0.04929688 0.94315690 0.32867150
vn 0.00000017 0.95618960 0.29274820
vn 0.00000000 0.04127365 0.99914790
vn 0.00000012 0.20200620 0.97938420
vn 0.06067064 0.20413050 0.97706180
vn 0.00000033 0.39003550 0.92079990
vn 0.00000000 0.59925040 0.80056170
vn 0.05552059 0.59445030 0.80221340
vn 0.04929795 0.94315800 0.32866770
vn 0.10384950 0.90451960 0.41359360
vn 0.06369079 0.35420380 0.93299690
vn 0.12849710 0.52620920 0.84059050
vn 0.17356310 0.83848540 0.51654440
vn 0.16724060 0.21708250 0.96172030
vn 0.15448720 0.05607436 0.98640220
vn 0.33031060 0.17753440 0.92702560
vn 0.22279310 0.07180949 0.97221730
vn 0.25354890 0.12444130 0.95928480
vn 0.14204390 0.27057460 0.95216220
vn 0.20834850 0.40983060 0.88804830
vn 0.06403724 0.77490970 0.62881970
vn 0.25855100 0.13937680 0.95588990
vn 0.23995760 0.29465760 0.92498490
vn 0.20966380 0.39450310 0.89465550
vn -0.14074130 0.72639580 0.67271160
vn -0.30215200 0.62002960 0.72406310
vn 0.39356280 0.13869080 0.90877570
vn 0.27865250 0.26838790 0.92212830
vn 0.29655730 0.23351670 0.92602570
vn -0.40175150 0.40004750 0.82374620
vn -0.40354140 0.10891070 0.90845640
vn 0.42120040 0.17288460 0.89033760
vn 0.34356130 0.18705490 0.92031300
vn 0.34814180 0.12560450 0.92898910
vn 0.19492860 -0.97410380 -0.11456270
vn 0.14210160 -0.97459140 -0.17314390
vn 0.20336840 -0.94959270 -0.23856890
vn 0.10216660 -0.98817120 -0.11436650
vn 0.07690228 -0.98295700 -0.16697760
vn 0.03321038 -0.99152560 -0.12559460
vn 0.02519603 -0.98467210 -0.17258600
vn 0.00000591 -0.99181800 -0.12765980
vn 0.00001362 -0.98473850 -0.17404070
vn -0.02509196 -0.98466360 -0.17265040
vn -0.03318730 -0.99153470 -0.12552990
vn -0.07684296 -0.98294220 -0.16709170
vn -0.10201140 -0.98817520 -0.11447130
vn -0.14197510 -0.97455140 -0.17347260
vn -0.19482340 -0.97413730 -0.11445670
vn -0.12346910 -0.99173180 -0.03497805
vn -0.25371180 -0.96727970 0.00062559
vn -0.28623070 -0.95777040 -0.02734993
vn 0.28622580 -0.95777120 -0.02737222
vn 0.25393410 -0.96722130 0.00070126
vn 0.31920160 -0.94751190 0.01820339
vn 0.12354360 -0.99172710 -0.03484724
vn 0.25969880 -0.96557400 -0.01495269
vn 0.32768390 -0.94473990 -0.00947539
vn 0.03883483 -0.99796340 -0.05060359
vn 0.12450680 -0.99180870 -0.02852203
vn 0.25754340 -0.96612890 0.01631798
vn 0.32914750 -0.94415590 0.01521696
vn 0.33648560 -0.93874320 0.07442183
vn 0.12356870 -0.99217580 0.01783208
vn 0.03900178 -0.99869160 -0.03307529
vn 0.00000015 -0.99856940 -0.05347228
vn 0.26240020 -0.96137910 0.08304494
vn 0.03888050 -0.99907230 0.01851455
vn 0.00000038 -0.99982580 0.01867130
vn -0.00000046 -0.99942850 -0.03380486
vn -0.03874782 -0.99795970 -0.05074394
vn -0.03897429 -0.99869270 -0.03307347
vn 0.12596340 -0.98737560 0.09603485
vn -0.12450940 -0.99180840 -0.02852586
vn 0.03968503 -0.99407880 0.10115560
vn -0.03886559 -0.99907300 0.01850889
vn 0.13553710 -0.97145150 0.19470920
vn 0.04276880 -0.97735570 0.20723530
vn 0.00000361 -0.97766280 0.21017920
vn -0.00000613 -0.99475550 0.10228170
vn -0.03967781 -0.99407850 0.10116120
vn 0.28303610 -0.94517400 0.16290140
vn 0.35841320 -0.92261980 0.14252240
vn 0.37708750 -0.92081200 0.09955126
vn 0.30810580 -0.94436400 0.11509770
vn 0.38105000 -0.92127300 -0.07782701
vn 0.14750760 -0.97088840 0.18872520
vn 0.30912940 -0.95032840 -0.03626109
vn 0.36956820 -0.90479260 -0.21158850
vn 0.04668016 -0.97551860 0.21490580
vn 0.30214670 -0.93558260 -0.18273590
vn 0.34614930 -0.84705970 -0.40332430
vn 0.15213770 -0.98385550 0.09424682
vn 0.29434580 -0.88784910 -0.35367290
vn 0.33593800 -0.78269400 -0.52396150
vn 0.15224580 -0.98821390 0.01595275
vn 0.04919867 -0.98846690 0.14322300
vn 0.34320840 -0.83045540 -0.43880720
vn 0.42655520 -0.68948140 -0.58537700
vn 0.16786870 -0.97838650 -0.12074830
vn 0.40023980 -0.76472440 -0.50497970
vn 0.53918700 -0.36626290 -0.75837260
vn -0.00000553 -0.97520460 0.22130530
vn 0.04893225 -0.99531990 0.08333073
vn 0.19108270 -0.96721020 -0.16730770
vn 0.45559730 -0.52345660 -0.72001680
vn 0.61894110 -0.36797540 -0.69390640
vn -0.00000010 -0.98807470 0.15397480
vn 0.05154381 -0.99867050 0.00076930
vn 0.19252040 -0.92955840 -0.31441570
vn 0.49957720 -0.51560350 -0.69611470
vn 0.63663700 -0.29113130 -0.71409800
vn 0.51117170 -0.36052650 -0.78020780
vn 0.24014500 -0.75539480 -0.60967960
vn 0.29044590 -0.66079910 -0.69208790
vn 0.30489330 -0.45470780 -0.83682780
vn 0.05363776 -0.99672060 -0.06058811
vn 0.00000000 -0.99531260 0.09670977
vn 0.06493863 -0.96578350 -0.25108800
vn 0.11900210 -0.71493750 -0.68898680
vn 0.13040850 -0.48789530 -0.86310600
vn 0.09611409 -0.82888290 -0.55110370
vn -0.00000084 -0.99984510 0.01759649
vn 0.00000132 -0.85246960 -0.52277700
vn 0.00026700 -0.72905030 -0.68445990
vn 0.00000106 -0.99923980 -0.03898548
vn -0.00000059 -0.97591870 -0.21813430
vn -0.11815530 -0.71507850 -0.68898620
vn 0.00029017 -0.48783610 -0.87293520
vn -0.09501370 -0.82986650 -0.54981250
vn -0.06493482 -0.96578670 -0.25107660
vn -0.28249610 -0.66596300 -0.69042680
vn -0.23189100 -0.76288490 -0.60351730
vn -0.12950440 -0.48864270 -0.86281920
vn -0.30120030 -0.45564280 -0.83765630
vn -0.12831160 -0.15819380 -0.97903570
vn 0.00003312 -0.16187420 -0.98681130
vn -0.11546300 0.03261223 -0.99277630
vn -0.00000673 0.04385343 -0.99903800
vn -0.05363573 -0.99672090 -0.06058728
vn -0.18672060 -0.92804780 -0.32227740
vn -0.44991450 -0.54142730 -0.71023480
vn -0.39642460 -0.74092840 -0.54210020
vn -0.05154442 -0.99867050 0.00076784
vn -0.17137550 -0.97371630 -0.15002340
vn -0.04893033 -0.99532010 0.08332813
vn -0.34326210 -0.82877280 -0.44193520
vn -0.43723040 -0.61803450 -0.65334740
vn -0.35992590 -0.77555310 -0.51862380
vn -0.16298660 -0.98158260 -0.09965377
vn -0.30558230 -0.88937440 -0.34004800
vn -0.35126800 -0.84626680 -0.40055380
vn -0.04919929 -0.98846670 0.14322410
vn -0.15224700 -0.98821380 0.01595010
vn -0.30214720 -0.93558250 -0.18273640
vn -0.36956560 -0.90479390 -0.21158750
vn -0.04666893 -0.97551690 0.21491580
vn -0.15213700 -0.98385570 0.09424626
vn -0.30912740 -0.95032920 -0.03625910
vn -0.38104870 -0.92127380 -0.07782302
vn -0.04275606 -0.97735410 0.20724590
vn -0.14748220 -0.97089570 0.18870750
vn -0.30811880 -0.94436880 0.11502370
vn -0.37710890 -0.92081850 0.09940907
vn -0.12596160 -0.98737350 0.09605862
vn -0.13551000 -0.97145740 0.19469880
vn -0.28297500 -0.94518830 0.16292360
vn -0.35839680 -0.92262270 0.14254460
vn -0.33647850 -0.93874450 0.07443774
vn -0.26240780 -0.96137550 0.08306229
vn -0.12357230 -0.99217550 0.01782046
vn -0.25756210 -0.96612440 0.01629029
vn -0.32914120 -0.94415840 0.01519471
vn -0.32767560 -0.94474290 -0.00946750
vn -0.25976680 -0.96555610 -0.01491817
vn -0.31909650 -0.94754480 0.01834216
vn 0.12821280 -0.15807480 -0.97906780
vn 0.30028330 -0.14656850 -0.94252190
vn 0.11545590 0.03263506 -0.99277640
vn 0.26806970 0.00811926 -0.96336530
vn 0.48773770 -0.13749070 -0.86209520
vn 0.59369900 -0.13695450 -0.79294690
vn 0.42546900 -0.05638487 -0.90321480
vn 0.52950370 -0.11090630 -0.84102650
vn 0.00007434 0.25294620 -0.96748040
vn 0.09845965 0.24327110 -0.96494810
vn 0.35091220 0.10412530 -0.93060110
vn 0.43645120 0.03085544 -0.89919880
vn 0.22354330 0.19225580 -0.95554490
vn 0.32299410 0.25242800 -0.91211560
vn 0.41923350 0.21338620 -0.88244520
vn 0.20439150 0.31418580 -0.92709840
vn 0.10587980 0.33849740 -0.93499150
vn 0.00017638 0.33996140 -0.94043950
vn -0.09858830 0.24326710 -0.96493600
vn 0.38174610 0.21014250 -0.90006120
vn 0.48664810 0.09378943 -0.86854890
vn 0.23752940 0.26481400 -0.93458720
vn 0.11686390 0.31702840 -0.94118850
vn 0.00027467 0.32524870 -0.94562850
vn 0.43183870 -0.05925357 -0.90000250
vn 0.46979050 -0.28179800 -0.83659240
vn 0.27513310 0.12265200 -0.95355030
vn 0.12235630 0.22754330 -0.96605020
vn 0.40189870 -0.23271050 -0.88562030
vn 0.45562340 -0.33005220 -0.82672420
vn 0.29230700 -0.04997215 -0.95501800
vn 0.41153190 -0.23501030 -0.88057460
vn 0.47061490 -0.25867670 -0.84356860
vn -0.10590290 0.33819840 -0.93509700
vn 0.00016586 0.27628260 -0.96107650
vn 0.12344420 0.14055200 -0.98234750
vn 0.10690160 0.06574357 -0.99209360
vn 0.26066630 -0.08390419 -0.96177610
vn 0.29588060 -0.21072260 -0.93169240
vn 0.16497250 0.06320978 -0.98427060
vn 0.30663190 -0.09455959 -0.94711950
vn 0.15930520 0.05229876 -0.98584310
vn 0.00016846 0.19439010 -0.98092440
vn -0.11617000 0.31726710 -0.94119400
vn 0.40463160 -0.14193090 -0.90339850
vn 0.49005930 -0.17050570 -0.85485060
vn 0.41599510 -0.17100500 -0.89314360
vn 0.49078840 -0.19183260 -0.84989830
vn 0.28291600 -0.13836780 -0.94911170
vn 0.47081040 -0.16181540 -0.86726770
vn 0.39136140 -0.13940280 -0.90961700
vn 0.24993410 -0.12179340 -0.96057230
vn 0.32896280 -0.17547010 -0.92789750
vn 0.42442060 -0.13540970 -0.89528270
vn 0.22335340 -0.06572300 -0.97251930
vn 0.36297820 -0.18539720 -0.91316730
vn 0.15282530 -0.04596073 -0.98718390
vn 0.26013620 -0.13609660 -0.95593240
vn 0.31039850 0.07668259 -0.94750860
vn 0.20238620 -0.15859370 -0.96637870
vn 0.17015400 -0.22460790 -0.95947850
vn 0.09834906 -0.05331400 -0.99372290
vn 0.14433880 -0.26672010 -0.95290430
vn 0.12702370 -0.28662380 -0.94958510
vn 0.06089838 -0.20222490 -0.97744390
vn 0.06499442 -0.35276510 -0.93345200
vn 0.05250015 -0.36354000 -0.93009800
vn 0.00004384 -0.39001560 -0.92080820
vn -0.00012022 -0.39002740 -0.92080320
vn -0.05252540 -0.36362810 -0.93006220
vn -0.00017197 -0.19929720 -0.97993910
vn -0.06460423 -0.35289290 -0.93343080
vn -0.12707790 -0.28651080 -0.94961180
vn 0.05796581 -0.04174742 -0.99744530
vn 0.10538620 -0.04343808 -0.99348220
vn -0.00011235 -0.04048490 -0.99918010
vn -0.00000684 0.01954830 -0.99980900
vn 0.06969884 0.01041129 -0.99751380
vn 0.12913800 -0.01796631 -0.99146380
vn 0.07631773 0.07115764 -0.99454120
vn -0.14416490 -0.26637460 -0.95302720
vn -0.20299650 -0.15800480 -0.96634720
vn -0.06170179 -0.20217460 -0.97740390
vn 0.00010098 0.08182596 -0.99664660
vn -0.25973350 -0.13706870 -0.95590310
vn -0.30941820 0.06947028 -0.94838510
vn -0.36195520 -0.18562070 -0.91352790
vn -0.32926110 -0.17584690 -0.92772040
vn -0.42477780 -0.13517630 -0.89514880
vn -0.17155150 -0.22415860 -0.95933460
vn -0.05765064 -0.04154897 -0.99747180
vn -0.09893042 -0.04931741 -0.99387150
vn -0.14967540 -0.04345772 -0.98777960
vn -0.22315670 -0.06626591 -0.97252750
vn -0.10555930 -0.04387916 -0.99344440
vn -0.24984240 -0.12152810 -0.96062990
vn -0.39051210 -0.13896780 -0.91004850
vn -0.47089540 -0.16189650 -0.86720650
vn -0.28278280 -0.13852350 -0.94912870
vn -0.06964570 0.01037168 -0.99751780
vn -0.12916220 -0.01803468 -0.99145950
vn -0.15928450 0.05218681 -0.98585240
vn -0.41587520 -0.17050750 -0.89329450
vn -0.49044770 -0.19086300 -0.85031310
vn -0.49006000 -0.17048810 -0.85485380
vn -0.30664290 -0.09449309 -0.94712260
vn -0.07631426 0.07113977 -0.99454270
vn -0.10681500 0.06519629 -0.99213920
vn -0.16503250 0.06119971 -0.98438750
vn -0.25988920 -0.08461869 -0.96192370
vn -0.40463330 -0.14189690 -0.90340310
vn -0.47060360 -0.25878700 -0.84354110
vn -0.41161030 -0.23551490 -0.88040320
vn -0.29578680 -0.21061650 -0.93174610
vn -0.45498390 -0.33076000 -0.82679350
vn -0.40171790 -0.23586750 -0.88486680
vn -0.46752460 -0.28081990 -0.83818910
vn -0.29124060 -0.04941599 -0.95537270
vn -0.43170440 -0.05772608 -0.90016620
vn -0.48574370 0.09335308 -0.86910200
vn -0.38133950 0.20944830 -0.90039530
vn -0.41991290 0.21342190 -0.88211350
vn -0.27240650 0.12233860 -0.95437310
vn -0.12288910 0.14078670 -0.98238350
vn -0.32362620 0.25203320 -0.91200080
vn -0.43649970 0.03076666 -0.89917820
vn -0.23510830 0.26520880 -0.93508740
vn -0.35059480 0.10493580 -0.93062970
vn -0.52997850 -0.11079060 -0.84074270
vn 0.00022869 0.10216420 -0.99476750
vn -0.12233240 0.22598900 -0.96641800
vn -0.20443320 0.31372060 -0.92724670
vn -0.22365890 0.19256820 -0.95545490
vn -0.42568960 -0.05667555 -0.90309260
vn -0.59347300 -0.13796600 -0.79294090
vn -0.26831140 0.00776134 -0.96330100
vn -0.30048480 -0.14711980 -0.94237180
vn -0.48787450 -0.13773830 -0.86197840
vn -0.63390330 -0.29549510 -0.71473720
vn -0.51126960 -0.35851380 -0.78107060
vn -0.51054190 -0.50986370 -0.69237720
vn -0.61196420 -0.39039970 -0.68781380
vn -0.51971790 -0.39493430 -0.75757520
vn 0.03155971 -0.99944970 -0.01021223
vn 0.51056840 -0.85966830 -0.01703930
vn 0.49250990 -0.87014240 -0.01691196
vn -0.02483493 -0.99965110 -0.00900156
vn -0.46605270 -0.88474420 0.00475533
vn -0.53774360 -0.84307190 0.00783823
vn 0.51056840 -0.85966830 -0.01703930
vn 0.86595120 -0.49973610 -0.01980802
vn 0.86544040 -0.50062040 -0.01980345
vn 0.49250990 -0.87014240 -0.01691196
vn -0.99872540 -0.01037072 0.04939661
vn -0.88922550 -0.45642840 0.03084188
vn -0.99823930 0.03074871 0.05072429
vn -0.85061700 -0.52508150 0.02720567
vn 0.87380020 0.48562520 -0.02532926
vn 0.50965580 0.86034800 -0.00724107
vn 0.47116380 0.88203670 -0.00397251
vn 0.86140290 0.50728570 -0.02542135
vn 0.99968350 -0.01099111 -0.02262702
vn 0.99972610 0.00555031 -0.02273175
vn 0.00577996 0.99941900 0.03359168
vn -0.05491124 0.99775690 0.03828712
vn -0.85721390 0.51134340 0.06092806
vn -0.87234970 0.48510390 0.06066412
vn -0.48207240 0.87413600 0.05909652
vn -0.54649220 0.83530620 0.06008225
vn -0.20322890 -0.94953660 -0.23891050
vn -0.51034100 -0.85978790 -0.01779730
vn -0.86566130 -0.50026170 -0.01919871
vn -0.86585390 -0.49992840 -0.01919952
vn -0.49305080 -0.86981980 -0.01773155
vn -0.03087700 -0.99946190 -0.01106066
vn 0.02540914 -0.99963020 -0.00969020
vn 0.46604420 -0.88474860 0.00474597
vn 0.53773740 -0.84307600 0.00782796
vn 0.99871580 -0.00969655 0.04972844
vn 0.99819970 0.03140181 0.05110078
vn 0.88923700 -0.45640530 0.03085271
vn 0.85061790 -0.52507980 0.02720989
vn -0.87409650 0.48502600 -0.02655535
vn -0.47130630 0.88194340 -0.00679835
vn -0.50942720 0.86045590 -0.00998114
vn -0.86179130 0.50655650 -0.02676562
vn -0.99969200 -0.01149690 -0.02199442
vn -0.99974220 0.00504109 -0.02213778
vn 0.05459416 0.99785820 0.03603396
vn -0.00357661 0.99950190 0.03135278
vn 0.85667110 0.51228160 0.06068114
vn 0.87289850 0.48413630 0.06050042
vn 0.48218550 0.87415930 0.05781458
vn 0.54634640 0.83548860 0.05885897
vn -0.00357661 0.99950190 0.03135278
vn 0.05459416 0.99785820 0.03603396
vn -0.65305000 -0.00098834 0.75731420
vn -0.96546590 0.02477523 0.25934860
vn -0.65305340 0.07203443 0.75387810
vn -0.96089660 -0.08845796 0.26239860
vn -0.98602390 0.01584256 0.16584890
vn -0.63379980 -0.74274210 0.21594440
vn -0.51816930 -0.54436240 0.65967430
vn -0.89236410 -0.41295400 0.18208640
vn -0.98079410 -0.08979952 0.17314450
vn -0.99886260 0.00453438 0.04746539
vn -0.99302700 -0.10353400 0.05637296
vn -0.99315430 -0.11154560 -0.03467212
vn -0.99889260 -0.00450477 -0.04683306
vn -0.90080250 -0.43417650 0.00675836
vn -0.98640440 -0.01563500 -0.16359030
vn -0.98129530 -0.12005650 -0.15048550
vn -0.89338100 -0.43975330 -0.09212789
vn -0.61237080 -0.78949950 -0.04113950
vn -0.96197260 -0.13828040 -0.23555730
vn -0.96628630 -0.02445722 -0.25630560
vn -0.65311020 -0.07203641 -0.75382880
vn -0.65291760 -0.14448150 -0.74352120
vn -0.51795400 -0.65977050 -0.54445070
vn -0.02117041 -0.09508072 -0.99524440
vn -0.65311020 -0.07203641 -0.75382880
vn -0.65291760 -0.14448150 -0.74352120
vn -0.01948390 -0.18848800 -0.98188230
vn -0.01451735 -0.77121530 -0.63640890
vn 0.00000000 -0.77129700 -0.63647540
vn 0.00000000 -0.19008430 -0.98176780
vn 0.00000000 -0.09510041 -0.99546770
vn 0.02117005 -0.09508071 -0.99524440
vn 0.01948359 -0.18848790 -0.98188230
vn 0.01451729 -0.77121580 -0.63640830
vn 0.65291400 -0.14448220 -0.74352420
vn 0.65310680 -0.07203671 -0.75383170
vn 0.51795130 -0.65977260 -0.54445060
vn -0.65305000 -0.00098834 0.75731420
vn -0.01451839 -0.63640900 0.77121510
vn -0.01948775 0.00087813 0.99980980
vn 0.00000000 -0.00069959 0.99999980
vn -0.65305340 0.07203443 0.75387810
vn -0.02115910 0.09506869 0.99524590
vn 0.00000000 -0.63647630 0.77129630
vn 0.00000000 0.09508836 0.99546890
vn 0.02115965 0.09506869 0.99524580
vn 0.01451843 -0.63640900 0.77121510
vn 0.01948822 0.00087817 0.99980970
vn 0.65305740 0.07203435 0.75387460
vn 0.65305330 -0.00098909 0.75731120
vn 0.51816770 -0.54435930 0.65967820
vn -0.01421640 -0.99563850 0.09220517
vn -0.02197959 -0.99766210 0.06470926
vn -0.37479440 -0.91977520 0.11637260
vn -0.35871190 -0.92909070 0.09008874
vn 0.00000000 -0.99559490 0.09375983
vn 0.01421643 -0.99563850 0.09220520
vn 0.63379970 -0.74274190 0.21594480
vn 0.02197964 -0.99766210 0.06470928
vn 0.37479490 -0.91977490 0.11637300
vn 0.35871280 -0.92909040 0.09008995
vn 0.00000000 -0.99821200 0.05977410
vn -0.01958499 -0.99660410 0.07997916
vn 0.01958507 -0.99660410 0.07997975
vn -0.01965720 -0.99327500 0.11409790
vn 0.00000000 -0.99331350 0.11544800
vn -0.33638110 -0.93714080 0.09281642
vn -0.33637900 -0.93795840 0.08416259
vn 0.00000000 -0.99689250 0.07877450
vn 0.01965726 -0.99327490 0.11409840
vn 0.33638190 -0.93714050 0.09281617
vn 0.33638000 -0.93795810 0.08416130
vn -0.02156221 -0.98963640 0.14196770
vn 0.02156228 -0.98963640 0.14196790
vn -0.01475884 -0.99231590 0.12284710
vn 0.00000000 -0.99266510 0.12089700
vn 0.00000000 -0.98908010 0.14737860
vn 0.01475892 -0.99231590 0.12284740
vn 0.61237110 -0.78949920 -0.04114109
vn -0.90068230 -0.42727080 0.07880997
vn 0.65305330 -0.00098909 0.75731120
vn 0.65305740 0.07203435 0.75387460
vn 0.96546580 0.02477537 0.25934880
vn 0.96089650 -0.08845789 0.26239910
vn 0.98602390 0.01584252 0.16584910
vn 0.89236400 -0.41295370 0.18208740
vn 0.98079410 -0.08979934 0.17314480
vn 0.99886260 0.00453417 0.04746537
vn 0.99302700 -0.10353420 0.05637306
vn 0.90068220 -0.42727110 0.07881038
vn 0.90080190 -0.43417750 0.00675841
vn 0.99315430 -0.11154600 -0.03467213
vn 0.99889260 -0.00450474 -0.04683312
vn 0.98640450 -0.01563492 -0.16359010
vn 0.98129530 -0.12005650 -0.15048550
vn 0.89338080 -0.43975350 -0.09212879
vn 0.96197260 -0.13828030 -0.23555730
vn 0.96628640 -0.02445722 -0.25630500
vn 0.65310680 -0.07203671 -0.75383170
vn 0.65291400 -0.14448220 -0.74352420
vn 0.59717870 -0.68194560 0.42228900
vn 0.71835960 -0.57994900 0.38421160
vn -0.39332810 -0.76541800 -0.50934090
vn -0.27615860 -0.60088460 -0.75011610
vn 0.41215560 -0.79387740 0.44708650
vn -0.13855380 -0.53006640 -0.83656000
vn 0.14835980 -0.86110620 0.48629770
vn 0.42862290 -0.67338730 0.60235520
vn 0.13922120 -0.74859140 0.64825020
vn -0.01156499 -0.45371990 -0.89106940
vn 0.01892034 -0.75225470 0.65860070
vn 0.03563009 -0.88022140 0.47322370
vn 0.06633467 -0.42851310 -0.90109720
vn 0.00906111 -0.87808360 0.47842140
vn 0.00285322 -0.74888830 0.66269020
vn 0.02624323 -0.43263550 -0.90118700
vn 0.00000042 -0.74917210 0.66237550
vn 0.00003096 -0.87784790 0.47893970
vn 0.00008148 -0.42907140 -0.90327060
vn -0.00905480 -0.87798330 0.47860560
vn -0.00285249 -0.74888840 0.66268990
vn -0.02651689 -0.43176950 -0.90159410
vn -0.01891404 -0.75225250 0.65860340
vn -0.03564941 -0.88017430 0.47331000
vn -0.06643259 -0.42819670 -0.90124040
vn -0.14835840 -0.86114090 0.48623680
vn -0.13922040 -0.74859140 0.64825030
vn 0.01152360 -0.45394920 -0.89095310
vn -0.42864430 -0.67337570 0.60235320
vn -0.41216290 -0.79388870 0.44705990
vn 0.13862680 -0.53008420 -0.83653660
vn -0.59759210 -0.68097380 0.42327100
vn -0.63397650 -0.53865950 0.55490510
vn 0.27773220 -0.60114150 -0.74932880
vn -0.71891010 -0.57830440 0.38565850
vn 0.39240980 -0.76559320 -0.50978570
vn -0.85478090 -0.50762610 0.10800630
vn 0.51970720 -0.84271880 -0.14046130
vn -0.51616640 -0.84508310 -0.13930810
vn 0.85602750 -0.50563520 0.10747100
vn -0.56997270 -0.82166020 0.00233343
vn 0.85685470 -0.51532720 0.01542651
vn -0.57731320 -0.81544600 0.04192162
vn 0.85704580 -0.51332400 0.04439354
vn -0.53833790 -0.83759160 0.09291170
vn 0.87257460 -0.48345640 0.06988261
vn -0.39707780 -0.88613270 0.23895220
vn 0.88001160 -0.44045900 -0.17769440
vn -0.26702620 -0.86781190 0.41904600
vn 0.73210440 -0.44899450 -0.51227640
vn -0.14066250 -0.86005390 0.49042990
vn -0.66711220 -0.35835140 0.65310470
vn 0.50444490 -0.32607530 -0.79950620
vn -0.41616740 -0.44035240 0.79554670
vn -0.13132670 -0.83803780 0.52957130
vn 0.43290940 -0.32946090 -0.83907380
vn -0.29770880 -0.55473060 0.77694490
vn -0.06039217 -0.96205060 0.26610400
vn 0.41406420 0.00150267 -0.91024640
vn -0.25275910 -0.70473120 0.66292300
vn -0.08788304 -0.99412540 0.06317542
vn 0.46208710 0.04860491 -0.88550160
vn -0.33121920 -0.82193710 0.46337150
vn -0.18798800 -0.91213630 -0.36423610
vn -0.54631270 -0.83389080 0.07854071
vn 0.69353020 0.19598350 -0.69325770
vn -0.20164910 -0.83245950 -0.51608990
vn 0.87317900 0.15298330 -0.46276840
vn -0.25178500 -0.59002800 -0.76711880
vn 0.91863850 0.05746421 -0.39089800
vn -0.36571260 -0.26815720 -0.89126090
vn 0.94672520 -0.00623465 -0.32198230
vn -0.42281070 -0.03969530 -0.90534820
vn 0.90636520 -0.17612840 -0.38403250
vn -0.38364600 0.32749850 -0.86345840
vn -0.84753690 0.04762622 -0.52859540
vn 0.82152190 -0.28890580 -0.49156390
vn -0.81760140 0.40022930 -0.41393780
vn -0.19538040 0.68475090 -0.70209870
vn 0.73766070 -0.35368830 -0.57511850
vn -0.62397000 0.75985960 -0.18241390
vn -0.03674397 0.79326510 -0.60776670
vn 0.66865020 -0.47091340 -0.57545410
vn -0.41197890 0.90107150 -0.13543810
vn -0.00720415 0.68173990 -0.73155920
vn 0.60016200 -0.64689230 -0.47046350
vn -0.34528800 0.89327380 -0.28781620
vn -0.13013010 0.38587880 -0.91332560
vn 0.66402470 -0.66756120 -0.33679850
vn -0.50314440 0.71100480 -0.49124130
vn -0.22819500 0.21347130 -0.94992480
vn 0.80196210 -0.52458610 -0.28577270
vn -0.67893510 0.49432560 -0.54285290
vn -0.81461970 0.24798640 -0.52430670
vn -0.81591420 0.24421290 -0.52406500
vn 0.20968250 -0.07675191 -0.97475240
vn 0.90689550 -0.29348950 -0.30233200
vn 0.18613900 -0.18516060 -0.96491860
vn 0.18566130 -0.18892650 -0.96428040
vn 0.16934000 -0.31147100 -0.93504520
vn 0.16939370 -0.31106420 -0.93517110
vn 0.20138790 -0.39388170 -0.89682780
vn 0.20036800 -0.39233340 -0.89773450
vn 0.18909800 -0.35711060 -0.91472070
vn 0.60093900 0.51251420 -0.61335270
vn 0.07136472 -0.76598310 -0.63888730
vn 0.33355100 0.64453680 -0.68797960
vn 0.62234330 0.63265890 -0.46090290
vn 0.31295930 0.76918800 -0.55714110
vn 0.18949290 -0.84879770 -0.49359370
vn 0.12810840 0.72404230 -0.67775430
vn 0.17486630 0.55234540 -0.81506840
vn 0.11449040 -0.92005290 -0.37469250
vn 0.08381239 0.61984770 -0.78023360
vn 0.11214730 0.42892660 -0.89635090
vn 0.05555557 -0.95500710 -0.29133290
vn 0.04415648 0.53644390 -0.84278000
vn 0.05780144 0.33524560 -0.94035600
vn 0.00019990 -0.96972820 -0.24418660
vn -0.00000145 0.29315760 -0.95606410
vn -0.00000218 0.49991320 -0.86607550
vn -0.05560002 -0.95478950 -0.29203710
vn -0.04415753 0.53644330 -0.84278040
vn -0.05780853 0.33521230 -0.94036750
vn -0.11447110 -0.92006730 -0.37466350
vn -0.11214280 0.42893320 -0.89634840
vn -0.08381306 0.61986390 -0.78022060
vn -0.18944990 -0.84887170 -0.49348320
vn -0.17485810 0.55238090 -0.81504610
vn -0.12810810 0.72405040 -0.67774590
vn -0.07138219 -0.76606300 -0.63878960
vn -0.33353970 0.64455130 -0.68797170
vn -0.31294650 0.76918170 -0.55715710
vn -0.62234120 0.63265750 -0.46090780
vn 0.11807720 -0.69764410 -0.70664730
vn -0.60094190 0.51250850 -0.61335460
vn -0.20139110 -0.39388800 -0.89682440
vn -0.82447580 0.27417360 -0.49504400
vn -0.16932670 -0.31147950 -0.93504490
vn -0.91257540 0.08207864 -0.40058610
vn -0.18629590 -0.18477800 -0.96496160
vn -0.18582110 -0.18847300 -0.96433830
vn -0.20987190 -0.07647589 -0.97473340
vn -0.90678660 -0.29355210 -0.30259740
vn 0.22846200 0.21461050 -0.94960390
vn -0.80218610 -0.52481090 -0.28472980
vn 0.12872350 0.38459470 -0.91406630
vn -0.66413850 -0.66749420 -0.33670690
vn 0.00531355 0.67852020 -0.73456250
vn -0.60008560 -0.64723000 -0.47009630
vn 0.03583373 0.79257020 -0.60872680
vn -0.66866770 -0.47090150 -0.57544340
vn 0.19536060 0.68476690 -0.70208880
vn -0.73766010 -0.35371530 -0.57510270
vn 0.38367700 0.32751240 -0.86343940
vn -0.82152190 -0.28891250 -0.49156010
vn 0.42282470 -0.03969315 -0.90534170
vn -0.90636180 -0.17613210 -0.38403860
vn 0.36574100 -0.26816490 -0.89124700
vn -0.94672560 -0.00623187 -0.32198130
vn 0.25182140 -0.59002770 -0.76710710
vn -0.91863840 0.05747486 -0.39089660
vn 0.80449590 -0.21902180 -0.55210130
vn 0.78187440 -0.28961050 -0.55208530
vn 0.84752260 0.04761582 -0.52861930
vn 0.81757260 0.40025670 -0.41396820
vn 0.62389200 0.75990260 -0.18250150
vn 0.41193030 0.90108170 -0.13551860
vn 0.34490600 0.89253970 -0.29053880
vn 0.50257680 0.70882310 -0.49496090
vn 0.67778850 0.49482250 -0.54383220
vn 0.81491570 0.24610650 -0.52473230
vn 0.81498920 0.24588710 -0.52472110
vn -0.85651750 -0.51588700 0.01543935
vn 0.56874420 -0.82251080 0.00243808
vn -0.85763420 -0.51231830 0.04464813
vn 0.57757610 -0.81521070 0.04286292
vn -0.87337260 -0.48203910 0.06970463
vn 0.53961090 -0.83679100 0.09274126
vn -0.88073090 -0.43933000 -0.17692400
vn 0.39874150 -0.88607760 0.23637160
vn -0.73210420 -0.44899700 -0.51227440
vn 0.26702170 -0.86782350 0.41902470
vn -0.50444260 -0.32832610 -0.79858600
vn 0.13869440 -0.86296890 0.48584840
vn -0.43300210 -0.33221140 -0.83794080
vn 0.12886680 -0.84141800 0.52479420
vn -0.41436220 0.00139733 -0.91011100
vn 0.29711350 -0.55644720 0.77594470
vn 0.41827760 -0.43844720 0.79549220
vn 0.25209560 -0.70633700 0.66146480
vn 0.06057001 -0.96197870 0.26632370
vn -0.46175200 0.05060109 -0.88556460
vn 0.33070310 -0.82074570 0.46584540
vn 0.08999269 -0.99364460 0.06761483
vn -0.69352790 0.19599480 -0.69325690
vn 0.54630710 -0.83388940 0.07859383
vn 0.18799810 -0.91213010 -0.36424640
vn -0.87318100 0.15298960 -0.46276240
vn 0.63947130 -0.74971320 -0.17031310
vn 0.20164750 -0.83246400 -0.51608340
vn 0.66094830 -0.70304920 -0.26242890
vn 0.63379640 -0.53900550 0.55477510
vn 0.77577600 -0.42807180 0.46360120
vn 0.93392190 -0.33373350 0.12810860
vn 0.94787280 -0.31832490 0.01436426
vn 0.94964160 -0.31154130 0.03350980
vn 0.95704480 -0.28619660 0.04644034
vn 0.96364300 -0.26690710 0.01235210
vn 0.82232320 -0.26455530 -0.50378050
vn 0.74637440 -0.26407270 -0.61089340
vn 0.53233130 -0.17324180 -0.82861970
vn 0.42319350 -0.00199086 -0.90603710
vn 0.40808060 0.10672700 -0.90668600
vn 0.46366670 0.30504370 -0.83184230
vn 0.71996530 0.42381010 -0.54957710
vn 0.88098660 0.36247770 -0.30409300
vn 0.96066360 0.23642750 -0.14569650
vn 0.99493080 0.05606184 -0.08348506
vn 0.98207470 -0.15129780 -0.11241970
vn 0.91382070 -0.34809440 -0.20919350
vn 0.76645820 -0.53143940 -0.36071310
vn 0.64784500 -0.64716820 -0.40183330
vn 0.58094250 -0.75100240 -0.31384870
vn 0.67442030 -0.72142090 -0.15719110
vn 0.83187820 -0.54806350 -0.08720690
vn 0.95061740 -0.29376420 -0.10014550
vn 0.98262090 -0.12586650 -0.13643270
vn 0.98247500 -0.12744100 -0.13602160
vn 0.96133970 0.14182040 -0.23603590
vn 0.95821110 0.15431140 -0.24087250
vn 0.86156270 0.37682840 -0.34016180
vn 0.85625720 0.38485510 -0.34454340
vn -0.77566830 -0.42799030 0.46385670
vn -0.93382500 -0.33383060 0.12856140
vn -0.94787350 -0.31832350 0.01435869
vn -0.94965480 -0.31148830 0.03362819
vn -0.95701530 -0.28628860 0.04648042
vn -0.96356520 -0.26718420 0.01243556
vn -0.82232140 -0.26456090 -0.50378080
vn -0.74637280 -0.26407830 -0.61089300
vn -0.53252560 -0.17358260 -0.82842360
vn -0.42314900 -0.00165259 -0.90605860
vn -0.40801780 0.10717030 -0.90666200
vn -0.46358370 0.30472140 -0.83200660
vn -0.71996540 0.42380210 -0.54958310
vn -0.88098980 0.36247580 -0.30408610
vn -0.96066400 0.23642850 -0.14569220
vn -0.99493070 0.05606454 -0.08348449
vn -0.98207480 -0.15129800 -0.11241830
vn -0.91382040 -0.34809460 -0.20919450
vn -0.76645660 -0.53143930 -0.36071670
vn -0.64792160 -0.64704640 -0.40190600
vn -0.58098400 -0.75100880 -0.31375690
vn -0.67448600 -0.72139390 -0.15703370
vn -0.83183440 -0.54812690 -0.08722577
vn -0.95061790 -0.29376370 -0.10014240
vn -0.98262020 -0.12588190 -0.13642350
vn -0.98247350 -0.12746460 -0.13601020
vn -0.96133790 0.14182390 -0.23604130
vn -0.86156070 0.37683030 -0.34016490
vn -0.75092910 -0.21189200 -0.62546580
vn -0.56978880 -0.05164991 -0.82016650
vn -0.36785470 0.10558660 -0.92386930
vn -0.08901662 0.18450810 -0.97879150
vn 0.03047474 0.17955030 -0.98327660
vn 0.01552492 0.17212890 -0.98495200
vn 0.00022472 0.17310650 -0.98490300
vn -0.01508348 0.17080920 -0.98518870
vn -0.03057068 0.17893510 -0.98338590
vn 0.08900895 0.18452210 -0.97878950
vn 0.36791760 0.10556610 -0.92384650
vn 0.56964220 -0.05864691 -0.81979770
vn 0.74596300 -0.22039360 -0.62846310
vn -0.93185450 -0.32107580 -0.16898920
vn -0.94336060 -0.33169140 -0.00717494
vn -0.94097910 -0.33839780 0.00671125
vn -0.93594310 -0.35106000 0.02770035
vn -0.93120720 -0.35755860 0.07074570
vn -0.75682600 -0.32669200 0.56611540
vn -0.49005680 -0.85920180 -0.14702590
vn -0.47753560 -0.86663250 -0.14459570
vn -0.14934090 -0.98729320 -0.05430808
vn 0.04848602 -0.99398770 0.09817110
vn 0.02691399 -0.97087400 0.23807400
vn 0.01099670 -0.94204680 0.33530120
vn -0.00030853 -0.92805460 0.37244420
vn -0.01101226 -0.94212350 0.33508530
vn -0.02690561 -0.97086820 0.23809880
vn -0.04848081 -0.99399180 0.09813176
vn 0.14927530 -0.98730390 -0.05429358
vn 0.49006570 -0.85919940 -0.14701040
vn -0.73650720 -0.63201330 -0.24107370
vn -0.73058810 -0.64086500 -0.23565460
vn -0.85379510 -0.35216870 -0.38342050
vn -0.85081980 -0.36510940 -0.37789000
vn -0.86994240 0.00391854 -0.49313790
vn -0.87002810 0.00315438 -0.49299200
vn -0.80449710 -0.21901830 -0.55210100
vn -0.78184570 -0.28962460 -0.55211850
vn -0.66098300 -0.70302810 -0.26239830
vn -0.63948350 -0.74970230 -0.17031520
vn 0.92987100 -0.32290640 -0.17627070
vn 0.94333570 -0.33176370 -0.00710814
vn 0.93904540 -0.34370270 0.00788790
vn 0.93071620 -0.36451970 0.02988060
vn 0.92605040 -0.37078160 0.07036770
vn 0.75686160 -0.32664690 0.56609370
vn 0.66714050 -0.35832120 0.65309230
vn 0.73059670 -0.64085380 -0.23565820
vn 0.73651460 -0.63200290 -0.24107780
vn 0.85081580 -0.36512970 -0.37787940
vn 0.85379090 -0.35219300 -0.38340720
vn 0.86941650 0.00421834 -0.49406170
vn 0.86933580 0.00490559 -0.49419750
vt -8.63423400 -0.08762240
vt -8.76019200 -0.17749210
vt -8.65552400 -0.07265615
vt -8.74480400 -0.19814230
vt -8.90545400 -0.27458380
vt -8.89529500 -0.29793380
vt -9.05559600 -0.33721070
vt -9.06007900 -0.31160210
vt -9.20018800 -0.33870200
vt -9.20117400 -0.31209660
vt -9.33479500 -0.34303900
vt -9.33559000 -0.31633810
vt -9.48230000 -0.32274870
vt -9.48230000 -0.35001090
vt -9.62980600 -0.34303900
vt -9.62901000 -0.31633780
vt -9.76342700 -0.31209640
vt -9.76441300 -0.33870170
vt -9.90452200 -0.31160210
vt -9.90900300 -0.33721070
vt -10.05915000 -0.27458330
vt -10.06930000 -0.29793360
vt -10.21980000 -0.19814210
vt -10.20441000 -0.17749170
vt -10.33037000 -0.08762217
vt -8.59451500 0.01631093
vt -8.61994600 0.02117825
vt -8.59411300 0.20123220
vt -8.61982700 0.20055320
vt -8.60640100 0.48027920
vt -8.83698500 0.01972818
vt -8.83956500 0.19702170
vt -8.63210500 0.47990730
vt -8.86034600 -0.07193756
vt -8.63506300 0.64123750
vt -8.60949400 0.64237000
vt -8.64712100 0.76036000
vt -8.62340500 0.76909040
vt -8.85675800 0.62868520
vt -8.85159200 0.47171850
vt -9.05182800 0.19155810
vt -8.69657800 0.82440110
vt -8.68536600 0.85013990
vt -8.86860700 0.74247810
vt -9.06678500 0.61801890
vt -8.76242100 0.87543750
vt -8.73914800 0.89204670
vt -8.90382900 0.79821320
vt -8.86747200 0.92225290
vt -8.87656400 0.95434930
vt -8.95277300 0.98857330
vt -9.06204400 0.46382400
vt -9.07584700 0.72922490
vt -8.96386100 0.85954400
vt -8.98574700 0.97487570
vt -9.12814500 1.06617400
vt -9.27572000 0.60983680
vt -9.10065100 0.78541110
vt -9.02176500 0.89801670
vt -9.14494600 1.04479300
vt -9.18424100 1.11761900
vt -9.28085800 0.71945210
vt -9.48230000 0.60664820
vt -9.27254700 0.45735480
vt -9.14260400 0.84869220
vt -9.13151600 0.97151730
vt -9.29388200 0.77829580
vt -9.17955800 0.88789060
vt -9.26600200 0.18597390
vt -9.48230000 0.18261410
vt -9.04765800 0.01426029
vt -9.26198800 0.00768924
vt -9.06132800 -0.07691145
vt -9.31516400 0.84195920
vt -9.48230000 0.45451780
vt -8.93965500 -0.17566590
vt -9.11481900 -0.17696480
vt -9.26683800 -0.08400178
vt -9.29173200 -0.18166780
vt -9.48230000 0.00260210
vt -9.48230000 -0.18719860
vt -9.48230000 -0.09071398
vt -9.67286800 -0.18166760
vt -9.69776200 -0.08400154
vt -9.84978200 -0.17696430
vt -9.70261200 0.00768948
vt -10.02494000 -0.17566540
vt -9.90327300 -0.07691121
vt -10.10425000 -0.07193756
vt -9.91694200 0.01426077
vt -9.69859900 0.18597390
vt -10.30908000 -0.07265592
vt -10.37009000 0.01631117
vt -10.12762000 0.01972842
vt -10.34465000 0.02117825
vt -10.37049000 0.20123270
vt -9.91277200 0.19155810
vt -9.69205400 0.45735500
vt -10.34477000 0.20055370
vt -10.35820000 0.48027940
vt -10.12503000 0.19702220
vt -9.90255500 0.46382450
vt -10.33249000 0.47990750
vt -10.11301000 0.47171880
vt -9.68888100 0.60983680
vt -10.32954000 0.64123750
vt -10.35511000 0.64237050
vt -9.89781600 0.61801930
vt -10.10784000 0.62868570
vt -10.31748000 0.76036000
vt -10.34120000 0.76909040
vt -10.09599000 0.74247860
vt -10.26802000 0.82440110
vt -10.27923000 0.85013990
vt -9.88875300 0.72922490
vt -9.68374300 0.71945210
vt -10.20218000 0.87543700
vt -10.22545000 0.89204670
vt -10.06077000 0.79821320
vt -10.09713000 0.92225290
vt -10.08804000 0.95434930
vt -10.01183000 0.98857330
vt -9.86394900 0.78541110
vt -10.00074000 0.85954400
vt -9.48230000 0.71585440
vt -9.97885300 0.97487570
vt -9.83645500 1.06617400
vt -9.81965400 1.04479300
vt -9.78035800 1.11762000
vt -9.76006300 1.10116200
vt -9.72026600 1.15429900
vt -9.74261300 1.16789500
vt -9.68685100 1.22097000
vt -9.71252800 1.22856800
vt -9.94283500 0.89801670
vt -9.83308500 0.97151680
vt -9.82199700 0.84869220
vt -9.78504300 0.88789010
vt -9.67071800 0.77829580
vt -9.64943700 0.84195880
vt -9.48230000 0.77439000
vt -9.71468700 0.96217510
vt -9.72523800 1.03850200
vt -9.48230000 0.83831140
vt -9.63330600 0.87801530
vt -9.64286100 1.03682400
vt -9.68131800 1.09285000
vt -9.33129500 0.87801530
vt -9.48230000 0.87630250
vt -9.59985100 0.95296790
vt -9.61098400 1.09016700
vt -9.65026900 1.14692300
vt -9.24991300 0.96217560
vt -9.36475000 0.95296840
vt -9.48230000 0.95169280
vt -9.56339600 1.03472800
vt -9.59043700 1.14127400
vt -9.62245900 1.21633300
vt -9.57383700 1.21537600
vt -9.23936200 1.03850200
vt -9.32173800 1.03682400
vt -9.40120500 1.03472800
vt -9.48230000 1.03365800
vt -9.54450800 1.08820700
vt -9.53411400 1.13790500
vt -9.52930600 1.21561200
vt -9.20453700 1.10116200
vt -9.28328200 1.09285000
vt -9.24433400 1.15429900
vt -9.22198800 1.16789500
vt -9.48230000 1.08721800
vt -9.48230000 1.13668700
vt -9.48230000 1.21589300
vt -9.43529400 1.21561200
vt -9.43048700 1.13790500
vt -9.39076300 1.21537500
vt -9.42009200 1.08820700
vt -9.37416400 1.14127400
vt -9.34214000 1.21633300
vt -9.35361700 1.09016700
vt -9.31433200 1.14692300
vt -9.27775000 1.22096900
vt -9.25207100 1.22856800
vt -9.26293100 1.28369900
vt -9.28642500 1.28076300
vt -9.34385000 1.27668800
vt -9.28859600 1.33765800
vt -9.26494100 1.33764100
vt -9.34409300 1.33696600
vt -9.39246800 1.27566600
vt -9.27217400 1.40389500
vt -9.25032500 1.39853400
vt -9.39341600 1.33688400
vt -9.43719600 1.27587100
vt -9.32851600 1.40277300
vt -9.22834800 1.46961400
vt -9.21374200 1.45363500
vt -9.12966200 1.51568700
vt -9.38217300 1.40720800
vt -9.28723200 1.47249100
vt -9.13975900 1.53414700
vt -9.03906600 1.55955800
vt -9.35327100 1.47538500
vt -9.21628800 1.53355300
vt -9.30832400 1.53348000
vt -9.43362800 1.41078600
vt -9.42042500 1.47853500
vt -9.40204200 1.53296200
vt -9.43862200 1.33721700
vt -9.48230000 1.27619600
vt -9.52740400 1.27587000
vt -9.57213100 1.27566600
vt -9.48230000 1.47983700
vt -9.48230000 1.41222000
vt -9.48230000 1.33764200
vt -9.52597700 1.33721700
vt -9.57118300 1.33688400
vt -9.53097200 1.41078500
vt -9.62075000 1.27668800
vt -9.48230000 1.53207800
vt -9.54417500 1.47853400
vt -9.58242700 1.40720800
vt -9.62050600 1.33696600
vt -9.67817500 1.28076200
vt -9.70167000 1.28369800
vt -9.67600300 1.33765700
vt -9.69965900 1.33764100
vt -9.63608400 1.40277200
vt -9.69242600 1.40389400
vt -9.71427400 1.39853300
vt -9.61133000 1.47538500
vt -9.67736800 1.47249100
vt -9.73625200 1.46961300
vt -9.75085700 1.45363500
vt -9.83493900 1.51568700
vt -9.56255700 1.53296200
vt -9.65627600 1.53348000
vt -9.74831300 1.53355200
vt -9.82484100 1.53414600
vt -9.92553400 1.55955700
vt -9.48230000 1.58074100
vt -9.59858400 1.58129200
vt -9.70795900 1.58226400
vt -9.82185800 1.58306400
vt -9.91491000 1.57854100
vt -9.36601600 1.58129200
vt -9.48230000 1.62976700
vt -9.63481800 1.62997000
vt -9.98170000 1.62305100
vt -9.99734900 1.60748600
vt -9.75937300 1.63087100
vt -9.86955600 1.63080500
vt -9.25664100 1.58226500
vt -9.32978200 1.62997000
vt -10.02190000 1.67320700
vt -10.04138000 1.66290400
vt -10.05564000 1.69510700
vt -9.48230000 1.67507900
vt -9.90918100 1.67916700
vt -9.65161700 1.67572800
vt -9.77598200 1.67490500
vt -9.80670100 1.68397800
vt -9.82942500 1.70675000
vt -9.74409500 1.68279100
vt -9.92038700 1.70732000
vt -9.83674800 1.73758800
vt -9.65418800 1.70605100
vt -9.72077300 1.70544500
vt -9.48230000 1.70551800
vt -9.48230000 1.73590700
vt -9.65678800 1.73635500
vt -9.71166400 1.73670300
vt -9.64757300 1.76886500
vt -9.71965800 1.76807500
vt -9.74235200 1.79109200
vt -9.31298300 1.67572800
vt -9.31041200 1.70605100
vt -9.20522700 1.63087200
vt -9.14274200 1.58306400
vt -9.04969000 1.57854100
vt -9.09504400 1.63080500
vt -8.98290100 1.62305100
vt -8.96725100 1.60748600
vt -9.18861900 1.67490600
vt -9.22050600 1.68279100
vt -9.24382700 1.70544500
vt -9.05542000 1.67916700
vt -9.15790000 1.68397900
vt -9.13517600 1.70675000
vt -8.94269800 1.67320700
vt -8.92321900 1.66290400
vt -8.90895700 1.69510700
vt -9.30781200 1.73635600
vt -9.25293600 1.73670300
vt -9.04421200 1.70732000
vt -9.12785100 1.73758700
vt -9.31702700 1.76886400
vt -9.24494200 1.76807500
vt -9.22224700 1.79109300
vt -8.92987800 1.70171100
vt -9.03278500 1.73551800
vt -8.92356900 1.73303200
vt -8.90192000 1.73172400
vt -8.92552900 1.77105900
vt -8.90442700 1.77643200
vt -8.93367600 1.83238300
vt -9.03836300 1.77244100
vt -9.13680600 1.76830500
vt -9.06242400 1.81979200
vt -9.15999400 1.79111600
vt -9.19104200 1.79962600
vt -8.95154100 1.82030500
vt -8.99995900 1.87110300
vt -8.98839200 1.88988400
vt -9.08892400 1.92856900
vt -9.19281400 1.81809100
vt -9.11347400 1.86732400
vt -9.09343400 1.90639300
vt -9.18618500 1.90954400
vt -9.18611300 1.93240900
vt -9.33750400 1.81631700
vt -9.24511000 1.86397100
vt -9.29723400 1.91021500
vt -9.29774800 1.93262900
vt -9.37102000 1.86320200
vt -9.40423200 1.90990000
vt -9.40482400 1.93240400
vt -9.48230000 1.93124500
vt -9.48230000 1.76782100
vt -9.48230000 1.81524800
vt -9.62709600 1.81631600
vt -9.48230000 1.86235600
vt -9.48230000 1.90902900
vt -9.56036900 1.90990000
vt -9.55977500 1.93240300
vt -9.66685200 1.93262900
vt -9.59357900 1.86320300
vt -9.66736700 1.91021500
vt -9.77848700 1.93240900
vt -9.77178600 1.81809200
vt -9.77355900 1.79962500
vt -9.90217700 1.81979100
vt -9.80460500 1.79111600
vt -9.82779400 1.76830400
vt -9.71949100 1.86397100
vt -9.77841600 1.90954400
vt -9.87567600 1.92856900
vt -9.85112700 1.86732400
vt -9.87116600 1.90639200
vt -9.96464200 1.87110200
vt -9.97620800 1.88988300
vt -10.03092000 1.83238300
vt -9.92623600 1.77244000
vt -10.01306000 1.82030500
vt -10.03907000 1.77106000
vt -10.06017000 1.77643200
vt -10.06268000 1.73172500
vt -9.93181400 1.73551900
vt -10.04103000 1.73303100
vt -10.03472000 1.70171000
vt -10.00516000 -0.21953690
vt -9.88069600 -0.35253460
vt -10.03600000 -0.31531420
vt -9.82541500 -0.21828550
vt -9.73630300 -0.35183740
vt -9.64685800 -0.22050420
vt -9.59787800 -0.35294290
vt -9.46767000 -0.22132050
vt -9.46694900 -0.35413250
vt -9.33438300 -0.35400230
vt -9.28301900 -0.22054130
vt -9.19341700 -0.35270800
vt -9.10509900 -0.21844660
vt -9.04808100 -0.35233070
vt -8.92451600 -0.21820380
vt -9.04866900 -0.12121910
vt -8.84311200 -0.11826760
vt -8.74254400 -0.22363660
vt -10.18680000 -0.22658700
vt -10.08722000 -0.12063120
vt -10.29530000 -0.12437020
vt -9.88171100 -0.12262030
vt -10.11197000 -0.02895842
vt -10.33248000 -0.03037398
vt -9.67369700 -0.12524800
vt -9.89664600 -0.03070353
vt -10.11139000 0.14912180
vt -10.33526000 0.15080720
vt -10.32507000 0.43113070
vt -9.89455700 0.14563520
vt -9.67993500 -0.03453226
vt -9.46661900 -0.12782840
vt -10.10133000 0.42267560
vt -9.67810900 0.14212690
vt -9.46613400 0.14086090
vt -9.46624500 -0.03622448
vt -9.25704800 -0.12494210
vt -9.25120200 -0.03411993
vt -9.88641100 0.41533100
vt -9.03410300 -0.02959333
vt -9.67338600 0.40976960
vt -9.25361400 0.14270010
vt -9.88269500 0.56724830
vt -9.67114000 0.55940570
vt -9.46652200 0.55672530
vt -9.46624900 0.40777090
vt -9.25903000 0.41033050
vt -10.09649000 0.57892730
vt -10.32123000 0.59281220
vt -10.30835000 0.71391810
vt -10.08331000 0.69553650
vt -10.25634000 0.78719770
vt -9.87593400 0.67769190
vt -10.04858000 0.75200580
vt -10.19699000 0.83644960
vt -9.66607800 0.66959180
vt -9.99152100 0.80979560
vt -10.09610000 0.88648900
vt -9.85301100 0.73759210
vt -9.90818100 0.86436340
vt -9.96692900 0.95043190
vt -9.81548400 0.79989990
vt -9.65283200 0.73046480
vt -9.82037800 0.92927290
vt -9.81676900 1.02264800
vt -9.77458900 0.84674610
vt -9.71929100 1.00730500
vt -9.75993500 1.08326800
vt -9.46650900 0.66582710
vt -9.63239000 0.79351010
vt -9.71762800 0.91303290
vt -9.69901600 1.05499900
vt -9.72195300 1.13943900
vt -9.46655900 0.72728640
vt -9.61400500 0.83571900
vt -9.64288600 0.99857290
vt -9.65178800 1.11934100
vt -9.68732500 1.20640500
vt -9.61788400 1.20269800
vt -9.60426500 1.06160000
vt -9.58321900 1.11483500
vt -9.56459800 1.20194400
vt -9.58152500 0.91025840
vt -9.46660300 0.79059840
vt -9.54126500 0.99820610
vt -9.51633800 1.11370300
vt -9.51372100 1.20253800
vt -9.52362000 1.06492300
vt -9.46663400 0.83285660
vt -9.46686900 1.06197300
vt -9.46695800 1.11059400
vt -9.46670500 0.90790720
vt -9.46678000 0.99787950
vt -9.41758100 1.11388800
vt -9.46713900 1.20298600
vt -9.41011000 1.06511900
vt -9.39226300 0.99839990
vt -9.35040900 1.11297300
vt -9.32925400 1.06205100
vt -9.42096300 1.20261500
vt -9.37056900 1.20198200
vt -9.42207000 1.26931500
vt -9.46727000 1.27006300
vt -9.42287700 1.33925300
vt -9.46738500 1.34015400
vt -9.35184300 0.91046800
vt -9.29053600 0.99898170
vt -9.26141500 1.07473900
vt -9.21297000 1.00294900
vt -9.31927800 0.83594500
vt -9.21563800 0.91331930
vt -9.30087300 0.79376010
vt -9.12075100 0.93694790
vt -9.11618400 1.02492300
vt -8.96676000 0.95173790
vt -9.15903800 0.84697510
vt -9.02564500 0.86551170
vt -8.83755900 0.88783400
vt -9.28033800 0.73080130
vt -9.11805200 0.80047950
vt -8.94208500 0.81103560
vt -8.73675500 0.83788080
vt -9.26698000 0.66999290
vt -9.08036400 0.73838170
vt -8.88492000 0.75334780
vt -8.67745100 0.78879850
vt -9.26166800 0.55990680
vt -9.05729300 0.67860290
vt -8.85010700 0.69698890
vt -8.62543400 0.71576400
vt -9.04607400 0.41651370
vt -9.05024500 0.56827590
vt -8.83678300 0.58079060
vt -8.61271500 0.59517690
vt -8.60805200 0.43373790
vt -8.83140900 0.42444950
vt -9.03701000 0.14692770
vt -8.82025100 0.15129200
vt -8.59671500 0.15407520
vt -8.59847300 -0.02722640
vt -8.81870900 -0.02694868
vt -8.63531400 -0.12071820
vt -9.51245600 1.26915300
vt -9.56071700 1.26795800
vt -9.51190500 1.33912400
vt -9.55795900 1.33914400
vt -9.61815600 1.26734400
vt -9.68158900 1.27041600
vt -9.62079400 1.33405800
vt -9.67955100 1.33470300
vt -9.46749800 1.42557400
vt -9.51785800 1.42394000
vt -9.64246200 1.41803600
vt -9.69811200 1.41261900
vt -9.57272000 1.42046100
vt -9.68258400 1.48588300
vt -9.74248500 1.47892000
vt -9.60486400 1.48983000
vt -9.53190600 1.49378400
vt -9.46755700 1.49534600
vt -9.41714100 1.42404900
vt -9.74679500 1.54289000
vt -9.83997700 1.54988600
vt -9.65687500 1.55270300
vt -9.55094500 1.55051800
vt -9.46758800 1.55121400
vt -9.83338200 1.59318200
vt -9.93973600 1.59343300
vt -9.70704100 1.59525800
vt -9.58907200 1.60044300
vt -9.88481200 1.64538000
vt -10.00802000 1.64409400
vt -9.76544400 1.64970600
vt -9.92544400 1.69957800
vt -10.04634000 1.70083700
vt -9.40345000 1.49371600
vt -9.46761500 1.60096700
vt -9.62625300 1.65116900
vt -9.64295400 1.69736600
vt -9.77175400 1.69597300
vt -9.80237300 1.70718600
vt -9.73747900 1.70235600
vt -9.82589800 1.73140200
vt -9.71256500 1.72602300
vt -9.46763400 1.65054500
vt -9.38491100 1.55115000
vt -9.93463400 1.72869600
vt -10.05761000 1.73130100
vt -9.94476400 1.75953700
vt -10.06201000 1.76550100
vt -9.83278200 1.76419800
vt -10.05627000 1.80514300
vt -9.93689000 1.79665700
vt -9.82248400 1.79593800
vt -9.90826900 1.84352800
vt -10.02478000 1.85485300
vt -9.79801000 1.81852300
vt -9.96860900 1.90476300
vt -9.76590900 1.82604000
vt -9.85167100 1.89740600
vt -9.87219200 1.94147100
vt -9.77551300 1.93780500
vt -9.76542500 1.83982800
vt -9.73372300 1.81677800
vt -9.71272200 1.88520700
vt -9.65904100 1.93187200
vt -9.61433200 1.83525300
vt -9.58097400 1.88014700
vt -9.54643000 1.92852700
vt -9.46790300 1.87841600
vt -9.46745500 1.92741800
vt -9.38893000 1.92855500
vt -9.46766700 1.83390300
vt -9.35443300 1.88015200
vt -9.27630900 1.93191900
vt -9.63678500 1.78843000
vt -9.71043300 1.79231500
vt -9.46766200 1.78715400
vt -9.46765600 1.75634800
vt -9.64726900 1.75692000
vt -9.70256700 1.75913400
vt -9.64494600 1.72707300
vt -9.22269300 1.88523000
vt -9.15982400 1.93783300
vt -9.31927600 1.83504900
vt -9.46764700 1.72609300
vt -9.08382700 1.89618300
vt -9.06315200 1.94144600
vt -8.96672200 1.90475900
vt -9.02712600 1.84467700
vt -8.91056300 1.85483300
vt -9.16829300 1.83930700
vt -9.29842900 1.78848900
vt -9.20160100 1.81691400
vt -9.16945800 1.82608000
vt -9.13733900 1.81853800
vt -9.22484800 1.79238300
vt -9.11287100 1.79595800
vt -8.99895000 1.79796900
vt -8.87907600 1.80510300
vt -9.10257900 1.76421800
vt -9.28806900 1.75698500
vt -9.23278000 1.75919000
vt -9.22277800 1.72608800
vt -8.99066400 1.75943200
vt -8.87335100 1.76545600
vt -8.87785700 1.73093100
vt -9.10953900 1.73127300
vt -9.29035800 1.72713600
vt -9.29233700 1.69798700
vt -9.19788200 1.70224700
vt -9.16339800 1.69601700
vt -9.00076400 1.72870000
vt -8.88905900 1.70077400
vt -9.01001800 1.69948900
vt -9.13298900 1.70723600
vt -8.92737300 1.64420100
vt -9.05065400 1.64548300
vt -8.99575500 1.59343100
vt -9.16935900 1.65100600
vt -9.10427600 1.59496900
vt -9.09551600 1.54999200
vt -9.19018500 1.54413200
vt -9.19292100 1.47922200
vt -9.22834800 1.59539400
vt -9.30948700 1.65239400
vt -9.25139200 1.48678400
vt -9.23715000 1.41310200
vt -9.27946200 1.55335200
vt -9.29266800 1.41840400
vt -9.25545700 1.33539000
vt -9.46764200 1.69647800
vt -9.34615300 1.60054900
vt -9.32993200 1.49022700
vt -9.36231000 1.42068500
vt -9.31408100 1.33453100
vt -9.25314100 1.27130400
vt -9.37684900 1.33941200
vt -9.37383000 1.26827900
vt -9.31634400 1.26669500
vt -9.24707300 1.20742500
vt -9.31710500 1.20283000
vt -9.28788700 1.12701700
vt -9.21204100 1.14047000
vt -9.17382600 1.08448700
vt -9.08204100 1.33279300
vt -9.05047600 1.33279300
vt -9.05031600 1.28813000
vt -9.08185500 1.28813000
vt -9.11358000 1.33279300
vt -9.11342000 1.28813000
vt -9.42909900 1.33279300
vt -9.39751300 1.33279300
vt -9.39742000 1.28813000
vt -9.42893800 1.28813000
vt -9.17660300 1.33279300
vt -9.14500500 1.28813000
vt -9.17660300 1.28813000
vt -9.14509800 1.33279300
vt -9.33431700 1.33279300
vt -9.30273100 1.33279300
vt -9.30289200 1.28813000
vt -9.33441000 1.28813000
vt -9.36591500 1.33279300
vt -9.36591500 1.28813000
vt -9.27116700 1.33279300
vt -9.27135200 1.28813000
vt -9.20811000 1.33279300
vt -9.20820200 1.28813000
vt -9.23962800 1.33279300
vt -9.23978800 1.28813000
vt -8.89264500 -0.31366510
vt -9.78869700 1.32799700
vt -9.82055700 1.28358200
vt -9.82046000 1.32799700
vt -9.78886500 1.28358200
vt -9.75695800 1.32799700
vt -9.75715200 1.28358200
vt -9.72524500 1.32799700
vt -9.72541300 1.28358200
vt -9.66187500 1.32799700
vt -9.66187500 1.28358200
vt -9.69365100 1.28358200
vt -9.69355500 1.32799700
vt -9.88401300 1.32799700
vt -9.91560800 1.28358200
vt -9.91577500 1.32799700
vt -9.88391600 1.28358200
vt -9.85223700 1.32799700
vt -9.85223700 1.28358200
vt -9.94732100 1.28358200
vt -9.94751500 1.32799700
vt -9.63019600 1.32799700
vt -9.63009800 1.28358200
vt -9.59850400 1.32799700
vt -9.59833600 1.28358200
vt -9.56679200 1.32799700
vt -9.56659800 1.28358200
vt -9.36962500 0.37104130
vt -9.33358800 0.37587120
vt -9.33578100 0.36451800
vt -9.36935200 0.38181370
vt -9.30948000 0.48073150
vt -9.38134400 0.38295120
vt -9.38197600 0.37214830
vt -9.35713700 0.48590960
vt -9.34529200 0.48535470
vt -9.30056500 0.57148300
vt -9.33739900 0.57307070
vt -9.33710100 0.63234640
vt -9.30018400 0.63337190
vt -9.34930800 0.63227680
vt -9.30844300 0.72427500
vt -9.34461300 0.72039210
vt -9.35659900 0.72004290
vt -9.38107400 0.82509210
vt -9.36885500 0.82607260
vt -9.33243700 0.83194260
vt -9.33441100 0.84442570
vt -9.37137800 0.83870420
vt -9.38231300 0.83587040
vt -9.39374200 0.88472080
vt -9.37981800 0.88469870
vt -9.37992200 0.84738020
vt -9.39412000 0.84839420
vt -9.39430000 0.83662020
vt -9.59616800 0.83766060
vt -9.59616800 0.84952810
vt -9.59616800 0.88576160
vt -9.79788600 0.88556110
vt -9.79766200 0.84921610
vt -9.79753900 0.83743670
vt -9.81187000 0.84826190
vt -9.81183200 0.88557310
vt -9.80952700 0.83678490
vt -9.37993400 0.36045370
vt -9.39449000 0.37140820
vt -9.39431700 0.35957210
vt -9.59616800 0.35885760
vt -9.38010600 0.32301950
vt -9.39406300 0.32310850
vt -9.59616800 0.37073480
vt -9.59616800 0.32256720
vt -9.79886400 0.32348510
vt -9.79839000 0.37166610
vt -9.79854000 0.35986500
vt -9.81280800 0.32353580
vt -9.81271500 0.36084260
vt -9.81034200 0.37226150
vt -9.39474500 0.38315860
vt -9.36950200 0.48597740
vt -9.35713700 0.48590960
vt -9.34957300 0.57334390
vt -9.59616800 0.38260940
vt -9.79822000 0.38339250
vt -9.81175200 0.38310640
vt -9.82376500 0.48651470
vt -9.83621800 0.48649420
vt -9.84352600 0.57414040
vt -9.59616800 0.48557890
vt -9.36304700 0.57330570
vt -9.82999800 0.57405130
vt -9.36283100 0.63239320
vt -9.59616800 0.63288270
vt -9.34930800 0.63227680
vt -9.35659900 0.72004290
vt -9.59616800 0.57372650
vt -9.82998000 0.63322040
vt -9.84352500 0.63317780
vt -9.83578400 0.72095710
vt -9.36988300 0.72030130
vt -9.82250200 0.72116570
vt -9.39450200 0.82491440
vt -9.59616800 0.82579850
vt -9.59616800 0.72104400
vt -9.79739700 0.82572360
vt -9.81084800 0.82595710
vt -9.34957300 0.57334390
vt -9.82128000 0.36917790
vt -9.85843600 0.36273470
vt -9.86059300 0.37518430
vt -9.82405500 0.38186870
vt -9.88425300 0.48146990
vt -9.83621800 0.48649420
vt -9.84814900 0.48597970
vt -9.89268000 0.57253370
vt -9.85573300 0.57392590
vt -9.84352600 0.57414040
vt -9.84352500 0.63317780
vt -9.85575900 0.63330840
vt -9.89270500 0.63454230
vt -9.88392800 0.72537030
vt -9.84776800 0.72134940
vt -9.83578400 0.72095710
vt -9.82309600 0.82698600
vt -9.85958900 0.83297410
vt -9.85763300 0.84542420
vt -9.82052700 0.83966790
vt -10.19234000 -0.23458380
vt -10.30304000 -0.13000760
vt -10.29894000 -0.12719270
vt -10.18945000 -0.23060610
vt -10.03945000 -0.32395300
vt -10.03769000 -0.31941350
vt -9.88217800 -0.36216290
vt -10.04638000 -0.34133340
vt -9.88343000 -0.38103870
vt -9.88157200 -0.35726070
vt -9.73599600 -0.38101310
vt -9.73659800 -0.36186750
vt -9.73657900 -0.35688050
vt -9.59777300 -0.36306970
vt -9.59807800 -0.38260480
vt -9.59772800 -0.35800560
vt -9.46695900 -0.38424870
vt -9.46686800 -0.36441510
vt -9.46685200 -0.35927310
vt -9.33398500 -0.36429350
vt -9.33376400 -0.38415200
vt -9.33400800 -0.35915890
vt -9.19359000 -0.38220740
vt -9.19307700 -0.36284460
vt -9.19311800 -0.35780390
vt -9.04651400 -0.36199230
vt -9.04509400 -0.38094570
vt -9.04716400 -0.35706840
vt -8.88202800 -0.33963650
vt -8.88911500 -0.32228810
vt -8.89092300 -0.31775670
vt -8.73693400 -0.23158290
vt -8.72495400 -0.24605010
vt -8.73985700 -0.22763110
vt -8.62727500 -0.12631500
vt -8.63143000 -0.12361050
vt -8.58915200 -0.02850716
vt -8.59401100 -0.02781441
vt -10.33700000 -0.03117359
vt -10.34180000 -0.03219029
vt -10.34002000 0.15090370
vt -10.34488000 0.15095600
vt -10.32984000 0.43107820
vt -10.33470000 0.43127970
vt -10.32593000 0.59304180
vt -10.33076000 0.59336300
vt -10.31226000 0.71524770
vt -10.31681000 0.71704780
vt -10.25938000 0.78990430
vt -10.26185000 0.79445060
vt -10.19946000 0.84020340
vt -10.25634000 0.78719770
vt -10.20368000 0.84318440
vt -10.19699000 0.83644960
vt -10.09808000 0.89013080
vt -10.09493000 0.89700380
vt -10.09610000 0.88648900
vt -9.96906700 0.95422190
vt -9.97696800 0.95568260
vt -9.96692900 0.95043190
vt -9.81955900 1.02614700
vt -9.82265300 1.03015700
vt -9.81676900 1.02264800
vt -9.76398300 1.08606600
vt -9.75993500 1.08326800
vt -9.76777500 1.08938200
vt -9.72598200 1.14169700
vt -9.73036600 1.14413400
vt -9.69187200 1.20783500
vt -9.69638800 1.20907200
vt -9.68653800 1.27080500
vt -9.69129800 1.27153500
vt -9.68429100 1.33441400
vt -9.68895800 1.33403100
vt -9.70191900 1.41122500
vt -9.67955100 1.33470300
vt -9.70585900 1.40868000
vt -9.69811200 1.41261900
vt -9.74476700 1.47650700
vt -9.74806300 1.47338000
vt -9.74248500 1.47892000
vt -9.84196800 1.54613400
vt -9.84417300 1.54222000
vt -9.83997700 1.54988600
vt -9.94194600 1.58954900
vt -9.94428400 1.58578900
vt -9.93973600 1.59343300
vt -10.01114000 1.64107200
vt -10.01436000 1.63816100
vt -10.00802000 1.64409400
vt -10.04978000 1.69891600
vt -10.05373000 1.69721500
vt -10.04634000 1.70083700
vt -10.06138000 1.73024100
vt -10.05761000 1.73130100
vt -10.06138000 1.73024100
vt -10.06572000 1.72954800
vt -10.06630000 1.76564200
vt -10.07078000 1.76585700
vt -10.05986000 1.80684100
vt -10.06395000 1.80832400
vt -10.02768000 1.85780100
vt -10.03102000 1.86054800
vt -9.97037400 1.90816900
vt -9.97244500 1.91182200
vt -9.87291800 1.94563300
vt -9.87359400 1.94992200
vt -9.98085200 1.92551800
vt -9.87622100 1.96545500
vt -9.77533400 1.94221500
vt -9.77449900 1.96314400
vt -9.77514900 1.94650800
vt -9.65882900 1.93617400
vt -9.65810400 1.95757900
vt -9.65862800 1.94053300
vt -9.54627800 1.93287100
vt -9.54587900 1.95430500
vt -9.54612900 1.93724900
vt -9.46768300 1.93177600
vt -9.46768500 1.93619500
vt -9.46768800 1.95336100
vt -9.38908200 1.93289900
vt -9.38948600 1.95433700
vt -9.38923100 1.93727900
vt -9.27652200 1.93621900
vt -9.27672400 1.94057900
vt -9.27724400 1.95762500
vt -9.16000200 1.94224700
vt -9.16018600 1.94653900
vt -9.16083100 1.96317800
vt -9.06242500 1.94560700
vt -9.06174700 1.94989700
vt -9.05911700 1.96543000
vt -8.95447700 1.92551200
vt -8.96495600 1.90816400
vt -8.96288500 1.91181700
vt -8.90766400 1.85778100
vt -8.90432100 1.86052800
vt -8.87548700 1.80680100
vt -8.87139400 1.80828200
vt -8.86906100 1.76558800
vt -8.86458300 1.76579700
vt -8.87404500 1.72997900
vt -8.86965100 1.72948700
vt -8.88561100 1.69884700
vt -8.88166600 1.69714200
vt -8.92425800 1.64109500
vt -8.92110300 1.63811900
vt -8.99354600 1.58954700
vt -8.99120200 1.58577000
vt -9.09353300 1.54624100
vt -9.09133200 1.54232900
vt -9.19064500 1.47681200
vt -9.18735900 1.47368900
vt -9.23335500 1.41171800
vt -9.22942300 1.40918600
vt -9.25073200 1.33511800
vt -9.24607800 1.33475300
vt -9.24820600 1.27171500
vt -9.24345800 1.27246800
vt -9.24253400 1.20887800
vt -9.23802100 1.21013600
vt -9.25314100 1.27130400
vt -9.24707300 1.20742500
vt -9.25545700 1.33539000
vt -9.23715000 1.41310200
vt -9.19292100 1.47922200
vt -9.09551600 1.54999200
vt -8.99575500 1.59343100
vt -8.92737300 1.64420100
vt -8.88905900 1.70077400
vt -8.87785700 1.73093100
vt -8.87404500 1.72997900
vt -8.58712200 0.15427110
vt -8.59196800 0.15419530
vt -8.59844500 0.43392550
vt -8.60328800 0.43370640
vt -8.60292200 0.59554510
vt -8.60773500 0.59534220
vt -8.61699800 0.71889560
vt -8.62153300 0.71709080
vt -8.67196800 0.79604150
vt -8.67442700 0.79150200
vt -8.73007400 0.84460500
vt -8.73428600 0.84162680
vt -8.83895500 0.89834490
vt -8.83570100 0.89125410
vt -8.95678000 0.95705280
vt -8.83755900 0.88783400
vt -8.73675500 0.83788080
vt -8.96676000 0.95173790
vt -8.96453600 0.95564800
vt -9.11032700 1.03241000
vt -9.11618400 1.02492300
vt -9.11340200 1.02841300
vt -9.16603200 1.09070200
vt -9.17382600 1.08448700
vt -9.16979900 1.08733700
vt -9.20365700 1.14521400
vt -9.21204100 1.14047000
vt -9.20802600 1.14275200
vt -9.24707300 1.20742500
vt -10.20422000 -0.24914510
vt -10.31826000 -0.14006750
vt -10.35991000 -0.03515815
vt -10.36341000 0.15110710
vt -10.35316000 0.43219340
vt -10.34922000 0.59489870
vt -10.33383000 0.72356840
vt -10.33383000 0.72356840
vt -10.27321000 0.81043470
vt -10.21777000 0.85694530
vt -10.08164000 0.92649280
vt -10.00615000 0.96384370
vt -9.83135600 1.04586700
vt -9.78091000 1.10252600
vt -9.74576200 1.15352600
vt -9.71330100 1.21381100
vt -9.70875700 1.27332300
vt -9.70662800 1.33148800
vt -9.72044100 1.39944500
vt -9.75968400 1.46217200
vt -9.85350200 1.52707000
vt -9.95293700 1.57157200
vt -10.02619000 1.62714000
vt -10.06789000 1.69037900
vt -10.08171000 1.72679200
vt -10.08792000 1.76643400
vt -10.07078000 1.76585700
vt -10.07928000 1.81339000
vt -10.06395000 1.80832400
vt -10.04455000 1.87048900
vt -10.03102000 1.86054800
vt -8.61180200 -0.13637660
vt -8.57113900 -0.03133951
vt -8.56863300 0.15450750
vt -8.58002100 0.43489580
vt -8.58421700 0.59714790
vt -8.60003400 0.72544880
vt -8.60003400 0.72544880
vt -8.66065000 0.81200680
vt -8.71604000 0.85836150
vt -8.85211900 0.92758880
vt -8.92743200 0.96511420
vt -9.10165100 1.04810900
vt -9.15303000 1.10398500
vt -9.18831100 1.15468300
vt -9.22112500 1.21495800
vt -9.22605200 1.27434700
vt -9.22846300 1.33228400
vt -9.21488000 1.40000200
vt -9.17577000 1.46249800
vt -9.08202600 1.52718400
vt -8.98259300 1.57158800
vt -8.90923800 1.62704600
vt -8.86749200 1.69029700
vt -8.85365100 1.72672100
vt -8.84743400 1.76637200
vt -8.86458300 1.76579700
vt -8.85605800 1.81334700
vt -8.89078300 1.87046600
vt -10.29530000 -0.12437020
vt -10.18680000 -0.22658700
vt -10.03600000 -0.31531420
vt -9.88069600 -0.35253460
vt -9.73630300 -0.35183740
vt -9.59787800 -0.35294290
vt -9.46694900 -0.35413250
vt -9.33438300 -0.35400230
vt -9.19341700 -0.35270800
vt -9.04808100 -0.35233070
vt -8.89264500 -0.31366510
vt -8.74254400 -0.22363660
vt -8.63531400 -0.12071820
vt -10.33248000 -0.03037398
vt -10.33526000 0.15080720
vt -10.32507000 0.43113070
vt -10.32123000 0.59281220
vt -10.30835000 0.71391810
vt -10.30835000 0.71391810
vt -9.96860900 1.90476300
vt -9.97037400 1.90816900
vt -9.87219200 1.94147100
vt -9.77551300 1.93780500
vt -9.65904100 1.93187200
vt -9.54643000 1.92852700
vt -9.46745500 1.92741800
vt -9.38893000 1.92855500
vt -9.27630900 1.93191900
vt -9.15982400 1.93783300
vt -9.06315200 1.94144600
vt -8.96672200 1.90475900
vt -10.02478000 1.85485300
vt -10.02768000 1.85780100
vt -10.05627000 1.80514300
vt -10.05986000 1.80684100
vt -10.06201000 1.76550100
vt -10.06630000 1.76564200
vt -9.68158900 1.27041600
vt -9.68732500 1.20640500
vt -9.68732500 1.20640500
vt -9.72195300 1.13943900
vt -8.59847300 -0.02722640
vt -8.59671500 0.15407520
vt -8.60805200 0.43373790
vt -8.61271500 0.59517690
vt -8.62543400 0.71576400
vt -8.62543400 0.71576400
vt -8.67745100 0.78879850
vt -8.90766400 1.85778100
vt -8.91056300 1.85483300
vt -8.87548700 1.80680100
vt -8.87907600 1.80510300
vt -8.86906100 1.76558800
vt -8.87335100 1.76545600
f 3/3/3 2/2/2 1/1/1
f 2/2/2 4/4/4 1/1/1
f 2/2/2 5/5/5 4/4/4
f 5/5/5 6/6/6 4/4/4
f 6/6/6 5/5/5 7/7/7
f 5/5/5 8/8/8 7/7/7
f 7/7/7 8/8/8 9/9/9
f 8/8/8 10/10/10 9/9/9
f 9/9/9 10/10/10 11/11/11
f 10/10/10 12/12/12 11/11/11
f 12/12/12 13/13/13 11/11/11
f 13/13/13 14/14/14 11/11/11
f 14/14/14 13/13/13 15/15/15
f 13/13/13 16/16/16 15/15/15
f 16/16/16 17/17/17 15/15/15
f 17/17/17 18/18/18 15/15/15
f 17/17/17 19/19/19 18/18/18
f 19/19/19 20/20/20 18/18/18
f 19/19/19 21/21/21 20/20/20
f 21/21/21 22/22/22 20/20/20
f 22/22/22 21/21/21 23/23/23
f 21/21/21 24/24/24 23/23/23
f 23/23/23 24/24/24 25/25/25
f 3/3/3 1/1/1 26/26/26
f 27/27/27 3/3/3 26/26/26
f 27/27/27 26/26/26 28/28/28
f 29/29/29 27/27/27 28/28/28
f 29/29/29 28/28/28 30/30/30
f 27/27/27 31/31/31 3/3/3
f 29/29/29 32/32/32 27/27/27
f 32/32/32 31/31/31 27/27/27
f 33/33/33 29/29/29 30/30/30
f 32/32/32 29/29/29 33/33/33
f 31/31/31 34/34/34 3/3/3
f 3/3/3 34/34/34 2/2/2
f 35/35/35 33/33/33 30/30/30
f 36/36/36 35/35/35 30/30/30
f 37/37/37 35/35/35 36/36/36
f 38/38/38 37/37/37 36/36/36
f 35/35/35 39/39/39 33/33/33
f 35/35/35 37/37/37 39/39/39
f 40/40/40 32/32/32 33/33/33
f 39/39/39 40/40/40 33/33/33
f 32/32/32 41/41/41 31/31/31
f 41/41/41 32/32/32 40/40/40
f 42/42/42 37/37/37 38/38/38
f 43/43/43 42/42/42 38/38/38
f 37/37/37 44/44/44 39/39/39
f 37/37/37 42/42/42 44/44/44
f 39/39/39 45/45/45 40/40/40
f 39/39/39 44/44/44 45/45/45
f 46/46/46 42/42/42 43/43/43
f 47/47/47 46/46/46 43/43/43
f 42/42/42 48/48/48 44/44/44
f 42/42/42 46/46/46 48/48/48
f 46/46/46 47/47/47 49/49/49
f 47/47/47 50/50/50 49/49/49
f 50/50/50 51/51/51 49/49/49
f 52/52/52 41/41/41 40/40/40
f 45/45/45 52/52/52 40/40/40
f 44/44/44 53/53/53 45/45/45
f 44/44/44 48/48/48 53/53/53
f 46/46/46 54/54/54 48/48/48
f 46/46/46 49/49/49 54/54/54
f 51/51/51 55/55/55 49/49/49
f 51/51/51 56/56/56 55/55/55
f 45/45/45 57/57/57 52/52/52
f 45/45/45 53/53/53 57/57/57
f 48/48/48 58/58/58 53/53/53
f 48/48/48 54/54/54 58/58/58
f 49/49/49 59/59/59 54/54/54
f 49/49/49 55/55/55 59/59/59
f 56/56/56 60/60/60 55/55/55
f 56/56/56 61/61/61 60/60/60
f 53/53/53 62/62/62 57/57/57
f 53/53/53 58/58/58 62/62/62
f 57/57/57 62/62/62 63/63/63
f 57/57/57 64/64/64 52/52/52
f 57/57/57 63/63/63 64/64/64
f 54/54/54 65/65/65 58/58/58
f 54/54/54 59/59/59 65/65/65
f 55/55/55 66/66/66 59/59/59
f 55/55/55 60/60/60 66/66/66
f 58/58/58 67/67/67 62/62/62
f 58/58/58 65/65/65 67/67/67
f 59/59/59 68/68/68 65/65/65
f 59/59/59 66/66/66 68/68/68
f 64/64/64 69/69/69 52/52/52
f 70/70/70 69/69/69 64/64/64
f 69/69/69 41/41/41 52/52/52
f 41/41/41 69/69/69 71/71/71
f 41/41/41 71/71/71 31/31/31
f 31/31/31 71/71/71 34/34/34
f 69/69/69 72/72/72 71/71/71
f 69/69/69 70/70/70 72/72/72
f 71/71/71 73/73/73 34/34/34
f 71/71/71 72/72/72 73/73/73
f 65/65/65 74/74/74 67/67/67
f 65/65/65 68/68/68 74/74/74
f 75/75/75 70/70/70 64/64/64
f 63/63/63 75/75/75 64/64/64
f 34/34/34 73/73/73 76/76/76
f 34/34/34 76/76/76 2/2/2
f 2/2/2 76/76/76 5/5/5
f 76/76/76 8/8/8 5/5/5
f 76/76/76 77/77/77 8/8/8
f 73/73/73 77/77/77 76/76/76
f 77/77/77 10/10/10 8/8/8
f 73/73/73 78/78/78 77/77/77
f 72/72/72 78/78/78 73/73/73
f 77/77/77 79/79/79 10/10/10
f 78/78/78 79/79/79 77/77/77
f 79/79/79 12/12/12 10/10/10
f 72/72/72 80/80/80 78/78/78
f 70/70/70 80/80/80 72/72/72
f 79/79/79 81/81/81 12/12/12
f 81/81/81 13/13/13 12/12/12
f 13/13/13 81/81/81 16/16/16
f 78/78/78 82/82/82 79/79/79
f 82/82/82 81/81/81 79/79/79
f 80/80/80 82/82/82 78/78/78
f 81/81/81 83/83/83 16/16/16
f 81/81/81 82/82/82 83/83/83
f 16/16/16 83/83/83 17/17/17
f 82/82/82 80/80/80 84/84/84
f 82/82/82 84/84/84 83/83/83
f 83/83/83 85/85/85 17/17/17
f 83/83/83 84/84/84 85/85/85
f 17/17/17 85/85/85 19/19/19
f 80/80/80 86/86/86 84/84/84
f 80/80/80 70/70/70 86/86/86
f 85/85/85 87/87/87 19/19/19
f 19/19/19 87/87/87 21/21/21
f 87/87/87 24/24/24 21/21/21
f 84/84/84 88/88/88 85/85/85
f 85/85/85 88/88/88 87/87/87
f 84/84/84 86/86/86 88/88/88
f 87/87/87 89/89/89 24/24/24
f 88/88/88 89/89/89 87/87/87
f 86/86/86 90/90/90 88/88/88
f 88/88/88 90/90/90 89/89/89
f 70/70/70 91/91/91 86/86/86
f 86/86/86 91/91/91 90/90/90
f 89/89/89 92/92/92 24/24/24
f 24/24/24 92/92/92 25/25/25
f 25/25/25 92/92/92 93/93/93
f 90/90/90 94/94/94 89/89/89
f 89/89/89 94/94/94 92/92/92
f 92/92/92 95/95/95 93/93/93
f 94/94/94 95/95/95 92/92/92
f 93/93/93 95/95/95 96/96/96
f 90/90/90 97/97/97 94/94/94
f 91/91/91 97/97/97 90/90/90
f 91/91/91 70/70/70 98/98/98
f 70/70/70 75/75/75 98/98/98
f 75/75/75 63/63/63 98/98/98
f 95/95/95 99/99/99 96/96/96
f 96/96/96 99/99/99 100/100/100
f 94/94/94 101/101/101 95/95/95
f 101/101/101 99/99/99 95/95/95
f 97/97/97 101/101/101 94/94/94
f 91/91/91 98/98/98 102/102/102
f 97/97/97 91/91/91 102/102/102
f 99/99/99 103/103/103 100/100/100
f 99/99/99 101/101/101 103/103/103
f 101/101/101 97/97/97 104/104/104
f 97/97/97 102/102/102 104/104/104
f 101/101/101 104/104/104 103/103/103
f 98/98/98 105/105/105 102/102/102
f 63/63/63 105/105/105 98/98/98
f 103/103/103 106/106/106 100/100/100
f 106/106/106 107/107/107 100/100/100
f 102/102/102 108/108/108 104/104/104
f 105/105/105 108/108/108 102/102/102
f 104/104/104 109/109/109 103/103/103
f 109/109/109 106/106/106 103/103/103
f 108/108/108 109/109/109 104/104/104
f 106/106/106 110/110/110 107/107/107
f 110/110/110 106/106/106 109/109/109
f 110/110/110 111/111/111 107/107/107
f 112/112/112 109/109/109 108/108/108
f 112/112/112 110/110/110 109/109/109
f 110/110/110 113/113/113 111/111/111
f 113/113/113 110/110/110 112/112/112
f 113/113/113 114/114/114 111/111/111
f 115/115/115 108/108/108 105/105/105
f 115/115/115 112/112/112 108/108/108
f 116/116/116 105/105/105 63/63/63
f 116/116/116 115/115/115 105/105/105
f 113/113/113 117/117/117 114/114/114
f 117/117/117 118/118/118 114/114/114
f 119/119/119 113/113/113 112/112/112
f 119/119/119 112/112/112 115/115/115
f 117/117/117 113/113/113 119/119/119
f 118/118/118 117/117/117 120/120/120
f 121/121/121 118/118/118 120/120/120
f 122/122/122 121/121/121 120/120/120
f 123/123/123 119/119/119 115/115/115
f 123/123/123 115/115/115 116/116/116
f 124/124/124 117/117/117 119/119/119
f 120/120/120 117/117/117 124/124/124
f 124/124/124 119/119/119 123/123/123
f 125/125/125 116/116/116 63/63/63
f 62/62/62 125/125/125 63/63/63
f 62/62/62 67/67/67 125/125/125
f 126/126/126 122/122/122 120/120/120
f 127/127/127 122/122/122 126/126/126
f 128/128/128 127/127/127 126/126/126
f 129/129/129 127/127/127 128/128/128
f 130/130/130 129/129/129 128/128/128
f 130/130/130 131/131/131 129/129/129
f 131/131/131 132/132/132 129/129/129
f 131/131/131 133/133/133 132/132/132
f 133/133/133 134/134/134 132/132/132
f 126/126/126 120/120/120 135/135/135
f 135/135/135 120/120/120 124/124/124
f 136/136/136 126/126/126 135/135/135
f 135/135/135 124/124/124 137/137/137
f 137/137/137 124/124/124 123/123/123
f 136/136/136 135/135/135 138/138/138
f 138/138/138 135/135/135 137/137/137
f 137/137/137 123/123/123 139/139/139
f 139/139/139 123/123/123 116/116/116
f 139/139/139 116/116/116 125/125/125
f 140/140/140 137/137/137 139/139/139
f 138/138/138 137/137/137 140/140/140
f 141/141/141 139/139/139 125/125/125
f 140/140/140 139/139/139 141/141/141
f 67/67/67 141/141/141 125/125/125
f 67/67/67 74/74/74 141/141/141
f 142/142/142 136/136/136 138/138/138
f 143/143/143 136/136/136 142/142/142
f 144/144/144 140/140/140 141/141/141
f 74/74/74 144/144/144 141/141/141
f 145/145/145 138/138/138 140/140/140
f 142/142/142 138/138/138 145/145/145
f 145/145/145 140/140/140 144/144/144
f 146/146/146 143/143/143 142/142/142
f 147/147/147 143/143/143 146/146/146
f 74/74/74 148/148/148 144/144/144
f 68/68/68 148/148/148 74/74/74
f 149/149/149 145/145/145 144/144/144
f 148/148/148 149/149/149 144/144/144
f 150/150/150 142/142/142 145/145/145
f 146/146/146 142/142/142 150/150/150
f 150/150/150 145/145/145 149/149/149
f 151/151/151 147/147/147 146/146/146
f 152/152/152 147/147/147 151/151/151
f 68/68/68 153/153/153 148/148/148
f 66/66/66 153/153/153 68/68/68
f 148/148/148 154/154/154 149/149/149
f 153/153/153 154/154/154 148/148/148
f 155/155/155 150/150/150 149/149/149
f 154/154/154 155/155/155 149/149/149
f 156/156/156 146/146/146 150/150/150
f 151/151/151 146/146/146 156/156/156
f 156/156/156 150/150/150 155/155/155
f 157/157/157 152/152/152 151/151/151
f 158/158/158 152/152/152 157/157/157
f 159/159/159 158/158/158 157/157/157
f 66/66/66 160/160/160 153/153/153
f 60/60/60 160/160/160 66/66/66
f 153/153/153 161/161/161 154/154/154
f 160/160/160 161/161/161 153/153/153
f 154/154/154 162/162/162 155/155/155
f 161/161/161 162/162/162 154/154/154
f 163/163/163 156/156/156 155/155/155
f 162/162/162 163/163/163 155/155/155
f 164/164/164 151/151/151 156/156/156
f 157/157/157 151/151/151 164/164/164
f 164/164/164 156/156/156 163/163/163
f 159/159/159 157/157/157 165/165/165
f 165/165/165 157/157/157 164/164/164
f 166/166/166 159/159/159 165/165/165
f 60/60/60 167/167/167 160/160/160
f 61/61/61 167/167/167 60/60/60
f 160/160/160 168/168/168 161/161/161
f 167/167/167 168/168/168 160/160/160
f 169/169/169 167/167/167 61/61/61
f 167/167/167 169/169/169 168/168/168
f 170/170/170 169/169/169 61/61/61
f 171/171/171 164/164/164 163/163/163
f 165/165/165 164/164/164 171/171/171
f 166/166/166 165/165/165 172/172/172
f 172/172/172 165/165/165 171/171/171
f 173/173/173 166/166/166 172/172/172
f 174/174/174 173/173/173 172/172/172
f 175/175/175 174/174/174 172/172/172
f 175/175/175 172/172/172 171/171/171
f 176/176/176 174/174/174 175/175/175
f 177/177/177 171/171/171 163/163/163
f 177/177/177 175/175/175 171/171/171
f 162/162/162 177/177/177 163/163/163
f 178/178/178 176/176/176 175/175/175
f 178/178/178 175/175/175 177/177/177
f 179/179/179 176/176/176 178/178/178
f 180/180/180 177/177/177 162/162/162
f 180/180/180 178/178/178 177/177/177
f 161/161/161 180/180/180 162/162/162
f 168/168/168 180/180/180 161/161/161
f 181/181/181 179/179/179 178/178/178
f 181/181/181 178/178/178 180/180/180
f 168/168/168 181/181/181 180/180/180
f 169/169/169 181/181/181 168/168/168
f 182/182/182 179/179/179 181/181/181
f 169/169/169 182/182/182 181/181/181
f 182/182/182 169/169/169 170/170/170
f 183/183/183 182/182/182 170/170/170
f 183/183/183 184/184/184 182/182/182
f 184/184/184 185/185/185 182/182/182
f 182/182/182 185/185/185 186/186/186
f 179/179/179 182/182/182 186/186/186
f 185/185/185 184/184/184 187/187/187
f 184/184/184 188/188/188 187/187/187
f 186/186/186 185/185/185 189/189/189
f 185/185/185 187/187/187 189/189/189
f 179/179/179 186/186/186 190/190/190
f 176/176/176 179/179/179 190/190/190
f 176/176/176 190/190/190 174/174/174
f 187/187/187 188/188/188 191/191/191
f 188/188/188 192/192/192 191/191/191
f 190/190/190 186/186/186 193/193/193
f 186/186/186 189/189/189 193/193/193
f 190/190/190 194/194/194 174/174/174
f 190/190/190 193/193/193 194/194/194
f 174/174/174 194/194/194 173/173/173
f 189/189/189 187/187/187 195/195/195
f 187/187/187 191/191/191 195/195/195
f 191/191/191 192/192/192 196/196/196
f 192/192/192 197/197/197 196/196/196
f 197/197/197 198/198/198 196/196/196
f 193/193/193 189/189/189 199/199/199
f 189/189/189 195/195/195 199/199/199
f 195/195/195 191/191/191 200/200/200
f 191/191/191 196/196/196 200/200/200
f 198/198/198 201/201/201 196/196/196
f 198/198/198 202/202/202 201/201/201
f 199/199/199 195/195/195 203/203/203
f 195/195/195 200/200/200 203/203/203
f 204/204/204 200/200/200 196/196/196
f 201/201/201 204/204/204 196/196/196
f 205/205/205 203/203/203 200/200/200
f 204/204/204 205/205/205 200/200/200
f 193/193/193 199/199/199 206/206/206
f 199/199/199 203/203/203 207/207/207
f 206/206/206 199/199/199 207/207/207
f 205/205/205 208/208/208 203/203/203
f 208/208/208 207/207/207 203/203/203
f 209/209/209 193/193/193 206/206/206
f 193/193/193 209/209/209 194/194/194
f 194/194/194 209/209/209 210/210/210
f 194/194/194 210/210/210 173/173/173
f 210/210/210 211/211/211 173/173/173
f 211/211/211 166/166/166 173/173/173
f 211/211/211 212/212/212 166/166/166
f 212/212/212 159/159/159 166/166/166
f 158/158/158 159/159/159 212/212/212
f 206/206/206 207/207/207 213/213/213
f 209/209/209 206/206/206 214/214/214
f 214/214/214 206/206/206 213/213/213
f 209/209/209 215/215/215 210/210/210
f 215/215/215 209/209/209 214/214/214
f 215/215/215 216/216/216 210/210/210
f 216/216/216 211/211/211 210/210/210
f 216/216/216 215/215/215 214/214/214
f 217/217/217 212/212/212 211/211/211
f 216/216/216 217/217/217 211/211/211
f 218/218/218 216/216/216 214/214/214
f 218/218/218 214/214/214 213/213/213
f 217/217/217 216/216/216 218/218/218
f 219/219/219 158/158/158 212/212/212
f 219/219/219 212/212/212 217/217/217
f 220/220/220 213/213/213 207/207/207
f 208/208/208 220/220/220 207/207/207
f 221/221/221 218/218/218 213/213/213
f 213/213/213 220/220/220 221/221/221
f 222/222/222 217/217/217 218/218/218
f 222/222/222 218/218/218 221/221/221
f 133/133/133 158/158/158 219/219/219
f 158/158/158 133/133/133 152/152/152
f 223/223/223 219/219/219 217/217/217
f 223/223/223 217/217/217 222/222/222
f 133/133/133 131/131/131 152/152/152
f 152/152/152 131/131/131 147/147/147
f 131/131/131 130/130/130 147/147/147
f 147/147/147 130/130/130 143/143/143
f 130/130/130 128/128/128 143/143/143
f 143/143/143 128/128/128 136/136/136
f 128/128/128 126/126/126 136/136/136
f 224/224/224 133/133/133 219/219/219
f 224/224/224 219/219/219 223/223/223
f 224/224/224 225/225/225 133/133/133
f 225/225/225 134/134/134 133/133/133
f 225/225/225 224/224/224 226/226/226
f 226/226/226 224/224/224 223/223/223
f 227/227/227 225/225/225 226/226/226
f 226/226/226 223/223/223 228/228/228
f 228/228/228 223/223/223 222/222/222
f 227/227/227 226/226/226 229/229/229
f 229/229/229 226/226/226 228/228/228
f 230/230/230 227/227/227 229/229/229
f 228/228/228 222/222/222 231/231/231
f 231/231/231 222/222/222 221/221/221
f 229/229/229 228/228/228 232/232/232
f 232/232/232 228/228/228 231/231/231
f 230/230/230 229/229/229 233/233/233
f 233/233/233 229/229/229 232/232/232
f 234/234/234 230/230/230 233/233/233
f 235/235/235 234/234/234 233/233/233
f 221/221/221 236/236/236 231/231/231
f 220/220/220 236/236/236 221/221/221
f 231/231/231 237/237/237 232/232/232
f 236/236/236 237/237/237 231/231/231
f 232/232/232 238/238/238 233/233/233
f 237/237/237 238/238/238 232/232/232
f 239/239/239 235/235/235 233/233/233
f 238/238/238 239/239/239 233/233/233
f 240/240/240 235/235/235 239/239/239
f 220/220/220 241/241/241 236/236/236
f 241/241/241 220/220/220 208/208/208
f 236/236/236 242/242/242 237/237/237
f 241/241/241 242/242/242 236/236/236
f 237/237/237 243/243/243 238/238/238
f 242/242/242 243/243/243 237/237/237
f 238/238/238 244/244/244 239/239/239
f 243/243/243 244/244/244 238/238/238
f 245/245/245 240/240/240 239/239/239
f 244/244/244 245/245/245 239/239/239
f 246/246/246 241/241/241 208/208/208
f 246/246/246 208/208/208 205/205/205
f 241/241/241 247/247/247 242/242/242
f 247/247/247 241/241/241 246/246/246
f 242/242/242 248/248/248 243/243/243
f 247/247/247 248/248/248 242/242/242
f 245/245/245 249/249/249 240/240/240
f 249/249/249 250/250/250 240/240/240
f 243/243/243 251/251/251 244/244/244
f 248/248/248 251/251/251 243/243/243
f 244/244/244 252/252/252 245/245/245
f 252/252/252 249/249/249 245/245/245
f 251/251/251 252/252/252 244/244/244
f 253/253/253 246/246/246 205/205/205
f 253/253/253 205/205/205 204/204/204
f 254/254/254 247/247/247 246/246/246
f 254/254/254 246/246/246 253/253/253
f 249/249/249 255/255/255 250/250/250
f 255/255/255 256/256/256 250/250/250
f 257/257/257 256/256/256 255/255/255
f 247/247/247 258/258/258 248/248/248
f 258/258/258 247/247/247 254/254/254
f 252/252/252 259/259/259 249/249/249
f 259/259/259 255/255/255 249/249/249
f 248/248/248 260/260/260 251/251/251
f 258/258/258 260/260/260 248/248/248
f 251/251/251 261/261/261 252/252/252
f 261/261/261 259/259/259 252/252/252
f 260/260/260 261/261/261 251/251/251
f 259/259/259 261/261/261 262/262/262
f 259/259/259 262/262/262 263/263/263
f 264/264/264 261/261/261 260/260/260
f 265/265/265 259/259/259 263/263/263
f 259/259/259 265/265/265 255/255/255
f 265/265/265 263/263/263 266/266/266
f 264/264/264 260/260/260 267/267/267
f 268/268/268 264/264/264 267/267/267
f 258/258/258 269/269/269 260/260/260
f 269/269/269 267/267/267 260/260/260
f 269/269/269 270/270/270 267/267/267
f 268/268/268 267/267/267 271/271/271
f 270/270/270 271/271/271 267/267/267
f 272/272/272 268/268/268 271/271/271
f 271/271/271 273/273/273 272/272/272
f 273/273/273 271/271/271 270/270/270
f 273/273/273 274/274/274 272/272/272
f 275/275/275 274/274/274 273/273/273
f 269/269/269 258/258/258 276/276/276
f 276/276/276 258/258/258 254/254/254
f 270/270/270 269/269/269 277/277/277
f 277/277/277 269/269/269 276/276/276
f 276/276/276 254/254/254 278/278/278
f 278/278/278 254/254/254 253/253/253
f 278/278/278 253/253/253 279/279/279
f 279/279/279 253/253/253 204/204/204
f 279/279/279 204/204/204 201/201/201
f 280/280/280 279/279/279 201/201/201
f 202/202/202 280/280/280 201/201/201
f 281/281/281 278/278/278 279/279/279
f 281/281/281 279/279/279 280/280/280
f 282/282/282 280/280/280 202/202/202
f 282/282/282 281/281/281 280/280/280
f 283/283/283 282/282/282 202/202/202
f 284/284/284 276/276/276 278/278/278
f 284/284/284 278/278/278 281/281/281
f 284/284/284 285/285/285 276/276/276
f 276/276/276 285/285/285 277/277/277
f 285/285/285 286/286/286 277/277/277
f 287/287/287 284/284/284 281/281/281
f 287/287/287 281/281/281 282/282/282
f 284/284/284 287/287/287 288/288/288
f 288/288/288 287/287/287 289/289/289
f 290/290/290 282/282/282 283/283/283
f 290/290/290 287/287/287 282/282/282
f 291/291/291 290/290/290 283/283/283
f 291/291/291 292/292/292 290/290/290
f 277/277/277 286/286/286 293/293/293
f 286/286/286 294/294/294 293/293/293
f 293/293/293 270/270/270 277/277/277
f 287/287/287 295/295/295 289/289/289
f 295/295/295 287/287/287 290/290/290
f 289/289/289 295/295/295 296/296/296
f 297/297/297 293/293/293 294/294/294
f 293/293/293 297/297/297 270/270/270
f 298/298/298 297/297/297 294/294/294
f 298/298/298 299/299/299 297/297/297
f 292/292/292 300/300/300 290/290/290
f 300/300/300 295/295/295 290/290/290
f 295/295/295 301/301/301 296/296/296
f 301/301/301 295/295/295 300/300/300
f 302/302/302 300/300/300 292/292/292
f 302/302/302 301/301/301 300/300/300
f 303/303/303 302/302/302 292/292/292
f 304/304/304 302/302/302 303/303/303
f 302/302/302 304/304/304 301/301/301
f 305/305/305 304/304/304 303/303/303
f 305/305/305 306/306/306 304/304/304
f 296/296/296 301/301/301 307/307/307
f 304/304/304 307/307/307 301/301/301
f 308/308/308 296/296/296 307/307/307
f 308/308/308 307/307/307 309/309/309
f 310/310/310 308/308/308 309/309/309
f 311/311/311 310/310/310 309/309/309
f 304/304/304 312/312/312 307/307/307
f 306/306/306 312/312/312 304/304/304
f 312/312/312 309/309/309 307/307/307
f 312/312/312 306/306/306 313/313/313
f 312/312/312 313/313/313 309/309/309
f 306/306/306 314/314/314 313/313/313
f 314/314/314 315/315/315 313/313/313
f 316/316/316 311/311/311 309/309/309
f 311/311/311 316/316/316 299/299/299
f 313/313/313 317/317/317 309/309/309
f 309/309/309 317/317/317 316/316/316
f 315/315/315 318/318/318 313/313/313
f 313/313/313 318/318/318 317/317/317
f 318/318/318 315/315/315 319/319/319
f 318/318/318 319/319/319 317/317/317
f 315/315/315 320/320/320 319/319/319
f 316/316/316 321/321/321 299/299/299
f 299/299/299 321/321/321 297/297/297
f 317/317/317 322/322/322 316/316/316
f 317/317/317 319/319/319 322/322/322
f 316/316/316 322/322/322 321/321/321
f 319/319/319 320/320/320 323/323/323
f 319/319/319 323/323/323 322/322/322
f 320/320/320 324/324/324 323/323/323
f 322/322/322 323/323/323 325/325/325
f 322/322/322 325/325/325 321/321/321
f 323/323/323 324/324/324 326/326/326
f 323/323/323 326/326/326 325/325/325
f 324/324/324 327/327/327 326/326/326
f 327/327/327 328/328/328 326/326/326
f 297/297/297 321/321/321 329/329/329
f 297/297/297 329/329/329 270/270/270
f 329/329/329 273/273/273 270/270/270
f 321/321/321 325/325/325 330/330/330
f 321/321/321 330/330/330 329/329/329
f 331/331/331 273/273/273 329/329/329
f 330/330/330 331/331/331 329/329/329
f 331/331/331 275/275/275 273/273/273
f 325/325/325 326/326/326 332/332/332
f 325/325/325 332/332/332 330/330/330
f 328/328/328 333/333/333 326/326/326
f 326/326/326 333/333/333 332/332/332
f 333/333/333 328/328/328 334/334/334
f 333/333/333 334/334/334 332/332/332
f 328/328/328 335/335/335 334/334/334
f 335/335/335 336/336/336 334/334/334
f 332/332/332 337/337/337 330/330/330
f 334/334/334 337/337/337 332/332/332
f 337/337/337 331/331/331 330/330/330
f 336/336/336 338/338/338 334/334/334
f 334/334/334 338/338/338 337/337/337
f 336/336/336 339/339/339 338/338/338
f 331/331/331 340/340/340 275/275/275
f 340/340/340 341/341/341 275/275/275
f 341/341/341 340/340/340 342/342/342
f 343/343/343 341/341/341 342/342/342
f 344/344/344 343/343/343 342/342/342
f 337/337/337 345/345/345 331/331/331
f 338/338/338 345/345/345 337/337/337
f 345/345/345 340/340/340 331/331/331
f 339/339/339 346/346/346 338/338/338
f 338/338/338 346/346/346 345/345/345
f 339/339/339 347/347/347 346/346/346
f 345/345/345 348/348/348 340/340/340
f 346/346/346 348/348/348 345/345/345
f 348/348/348 342/342/342 340/340/340
f 347/347/347 349/349/349 346/346/346
f 346/346/346 349/349/349 348/348/348
f 349/349/349 347/347/347 350/350/350
f 349/349/349 350/350/350 348/348/348
f 348/348/348 350/350/350 342/342/342
f 347/347/347 351/351/351 350/350/350
f 351/351/351 352/352/352 350/350/350
f 353/353/353 344/344/344 342/342/342
f 266/266/266 344/344/344 353/353/353
f 350/350/350 354/354/354 342/342/342
f 352/352/352 354/354/354 350/350/350
f 342/342/342 354/354/354 353/353/353
f 354/354/354 352/352/352 355/355/355
f 354/354/354 355/355/355 353/353/353
f 352/352/352 356/356/356 355/355/355
f 355/355/355 356/356/356 357/357/357
f 358/358/358 266/266/266 353/353/353
f 353/353/353 355/355/355 358/358/358
f 358/358/358 265/265/265 266/266/266
f 359/359/359 355/355/355 357/357/357
f 355/355/355 359/359/359 358/358/358
f 359/359/359 357/357/357 257/257/257
f 265/265/265 358/358/358 360/360/360
f 358/358/358 359/359/359 360/360/360
f 360/360/360 359/359/359 257/257/257
f 265/265/265 360/360/360 255/255/255
f 360/360/360 257/257/257 255/255/255
f 363/363/363 362/362/362 361/361/361
f 361/361/361 362/362/362 364/364/364
f 362/362/362 365/365/365 364/364/364
f 364/364/364 365/365/365 366/366/366
f 365/365/365 367/367/367 366/366/366
f 366/366/366 367/367/367 368/368/368
f 367/367/367 369/369/369 368/368/368
f 369/369/369 370/370/370 368/368/368
f 370/370/370 371/371/371 368/368/368
f 370/370/370 372/372/372 371/371/371
f 372/372/372 373/373/373 371/371/371
f 372/372/372 374/374/374 373/373/373
f 374/374/374 375/375/375 373/373/373
f 373/373/373 375/375/375 376/376/376
f 375/375/375 377/377/377 376/376/376
f 375/375/375 378/378/378 377/377/377
f 379/379/379 363/363/363 361/361/361
f 379/379/379 361/361/361 380/380/380
f 381/381/381 379/379/379 380/380/380
f 380/380/380 361/361/361 382/382/382
f 361/361/361 364/364/364 382/382/382
f 381/381/381 380/380/380 383/383/383
f 384/384/384 381/381/381 383/383/383
f 382/382/382 364/364/364 385/385/385
f 364/364/364 366/366/366 385/385/385
f 380/380/380 382/382/382 386/386/386
f 383/383/383 380/380/380 386/386/386
f 384/384/384 383/383/383 387/387/387
f 388/388/388 384/384/384 387/387/387
f 389/389/389 388/388/388 387/387/387
f 387/387/387 383/383/383 390/390/390
f 383/383/383 386/386/386 390/390/390
f 386/386/386 382/382/382 391/391/391
f 382/382/382 385/385/385 391/391/391
f 385/385/385 366/366/366 392/392/392
f 366/366/366 368/368/368 392/392/392
f 368/368/368 371/371/371 392/392/392
f 393/393/393 389/389/389 387/387/387
f 393/393/393 387/387/387 390/390/390
f 390/390/390 386/386/386 394/394/394
f 386/386/386 391/391/391 394/394/394
f 394/394/394 391/391/391 395/395/395
f 391/391/391 385/385/385 396/396/396
f 385/385/385 392/392/392 396/396/396
f 391/391/391 396/396/396 395/395/395
f 371/371/371 397/397/397 392/392/392
f 392/392/392 397/397/397 396/396/396
f 371/371/371 373/373/373 397/397/397
f 373/373/373 376/376/376 397/397/397
f 397/397/397 398/398/398 396/396/396
f 397/397/397 376/376/376 398/398/398
f 396/396/396 398/398/398 395/395/395
f 399/399/399 390/390/390 394/394/394
f 399/399/399 393/393/393 390/390/390
f 376/376/376 400/400/400 398/398/398
f 376/376/376 377/377/377 400/400/400
f 401/401/401 394/394/394 395/395/395
f 401/401/401 399/399/399 394/394/394
f 398/398/398 402/402/402 395/395/395
f 398/398/398 400/400/400 402/402/402
f 393/393/393 399/399/399 403/403/403
f 399/399/399 401/401/401 404/404/404
f 403/403/403 399/399/399 404/404/404
f 404/404/404 401/401/401 405/405/405
f 406/406/406 401/401/401 395/395/395
f 401/401/401 406/406/406 405/405/405
f 407/407/407 406/406/406 395/395/395
f 402/402/402 407/407/407 395/395/395
f 406/406/406 407/407/407 405/405/405
f 408/408/408 393/393/393 403/403/403
f 389/389/389 393/393/393 408/408/408
f 409/409/409 389/389/389 408/408/408
f 409/409/409 408/408/408 410/410/410
f 408/408/408 411/411/411 410/410/410
f 408/408/408 403/403/403 411/411/411
f 410/410/410 411/411/411 412/412/412
f 403/403/403 404/404/404 413/413/413
f 403/403/403 413/413/413 411/411/411
f 411/411/411 414/414/414 412/412/412
f 411/411/411 413/413/413 414/414/414
f 412/412/412 414/414/414 415/415/415
f 404/404/404 416/416/416 413/413/413
f 404/404/404 405/405/405 416/416/416
f 414/414/414 417/417/417 415/415/415
f 415/415/415 417/417/417 418/418/418
f 413/413/413 419/419/419 414/414/414
f 413/413/413 416/416/416 419/419/419
f 414/414/414 419/419/419 417/417/417
f 417/417/417 420/420/420 418/418/418
f 418/418/418 420/420/420 421/421/421
f 419/419/419 422/422/422 417/417/417
f 417/417/417 422/422/422 420/420/420
f 416/416/416 423/423/423 419/419/419
f 419/419/419 423/423/423 422/422/422
f 420/420/420 424/424/424 421/421/421
f 421/421/421 424/424/424 425/425/425
f 422/422/422 426/426/426 420/420/420
f 420/420/420 426/426/426 424/424/424
f 424/424/424 427/427/427 425/425/425
f 425/425/425 427/427/427 428/428/428
f 416/416/416 429/429/429 423/423/423
f 405/405/405 429/429/429 416/416/416
f 423/423/423 430/430/430 422/422/422
f 422/422/422 430/430/430 426/426/426
f 426/426/426 431/431/431 424/424/424
f 424/424/424 431/431/431 427/427/427
f 427/427/427 432/432/432 428/428/428
f 428/428/428 432/432/432 433/433/433
f 429/429/429 434/434/434 423/423/423
f 423/423/423 434/434/434 430/430/430
f 430/430/430 435/435/435 426/426/426
f 426/426/426 435/435/435 431/431/431
f 431/431/431 436/436/436 427/427/427
f 427/427/427 436/436/436 432/432/432
f 432/432/432 437/437/437 433/433/433
f 433/433/433 437/437/437 438/438/438
f 437/437/437 439/439/439 438/438/438
f 432/432/432 440/440/440 437/437/437
f 436/436/436 440/440/440 432/432/432
f 437/437/437 441/441/441 439/439/439
f 440/440/440 441/441/441 437/437/437
f 441/441/441 442/442/442 439/439/439
f 431/431/431 443/443/443 436/436/436
f 435/435/435 443/443/443 431/431/431
f 430/430/430 444/444/444 435/435/435
f 434/434/434 444/444/444 430/430/430
f 436/436/436 445/445/445 440/440/440
f 443/443/443 445/445/445 436/436/436
f 441/441/441 446/446/446 442/442/442
f 446/446/446 447/447/447 442/442/442
f 440/440/440 448/448/448 441/441/441
f 448/448/448 446/446/446 441/441/441
f 445/445/445 448/448/448 440/440/440
f 435/435/435 449/449/449 443/443/443
f 444/444/444 449/449/449 435/435/435
f 448/448/448 450/450/450 446/446/446
f 450/450/450 451/451/451 446/446/446
f 443/443/443 452/452/452 445/445/445
f 449/449/449 452/452/452 443/443/443
f 445/445/445 453/453/453 448/448/448
f 453/453/453 450/450/450 448/448/448
f 452/452/452 453/453/453 445/445/445
f 451/451/451 450/450/450 454/454/454
f 451/451/451 454/454/454 455/455/455
f 450/450/450 453/453/453 456/456/456
f 450/450/450 456/456/456 454/454/454
f 453/453/453 452/452/452 457/457/457
f 453/453/453 457/457/457 456/456/456
f 454/454/454 456/456/456 458/458/458
f 456/456/456 459/459/459 458/458/458
f 456/456/456 457/457/457 459/459/459
f 454/454/454 460/460/460 455/455/455
f 460/460/460 454/454/454 461/461/461
f 455/455/455 460/460/460 462/462/462
f 463/463/463 455/455/455 462/462/462
f 463/463/463 462/462/462 464/464/464
f 465/465/465 463/463/463 464/464/464
f 452/452/452 466/466/466 457/457/457
f 452/452/452 449/449/449 466/466/466
f 457/457/457 467/467/467 459/459/459
f 457/457/457 466/466/466 467/467/467
f 459/459/459 467/467/467 468/468/468
f 467/467/467 469/469/469 468/468/468
f 449/449/449 470/470/470 466/466/466
f 449/449/449 444/444/444 470/470/470
f 466/466/466 471/471/471 467/467/467
f 467/467/467 471/471/471 469/469/469
f 466/466/466 470/470/470 471/471/471
f 444/444/444 472/472/472 470/470/470
f 444/444/444 434/434/434 472/472/472
f 471/471/471 473/473/473 469/469/469
f 469/469/469 473/473/473 474/474/474
f 473/473/473 475/475/475 474/474/474
f 470/470/470 476/476/476 471/471/471
f 471/471/471 476/476/476 473/473/473
f 470/470/470 472/472/472 476/476/476
f 473/473/473 477/477/477 475/475/475
f 476/476/476 477/477/477 473/473/473
f 477/477/477 478/478/478 475/475/475
f 434/434/434 479/479/479 472/472/472
f 434/434/434 429/429/429 479/479/479
f 472/472/472 480/480/480 476/476/476
f 476/476/476 480/480/480 477/477/477
f 472/472/472 479/479/479 480/480/480
f 477/477/477 481/481/481 478/478/478
f 480/480/480 481/481/481 477/477/477
f 481/481/481 482/482/482 478/478/478
f 429/429/429 483/483/483 479/479/479
f 429/429/429 405/405/405 483/483/483
f 479/479/479 484/484/484 480/480/480
f 480/480/480 484/484/484 481/481/481
f 479/479/479 483/483/483 484/484/484
f 481/481/481 485/485/485 482/482/482
f 484/484/484 485/485/485 481/481/481
f 485/485/485 486/486/486 482/482/482
f 405/405/405 487/487/487 483/483/483
f 407/407/407 487/487/487 405/405/405
f 483/483/483 488/488/488 484/484/484
f 484/484/484 488/488/488 485/485/485
f 483/483/483 487/487/487 488/488/488
f 485/485/485 489/489/489 486/486/486
f 488/488/488 489/489/489 485/485/485
f 489/489/489 490/490/490 486/486/486
f 407/407/407 491/491/491 487/487/487
f 491/491/491 407/407/407 402/402/402
f 487/487/487 492/492/492 488/488/488
f 488/488/488 492/492/492 489/489/489
f 491/491/491 492/492/492 487/487/487
f 489/489/489 493/493/493 490/490/490
f 492/492/492 493/493/493 489/489/489
f 493/493/493 494/494/494 490/490/490
f 495/495/495 494/494/494 493/493/493
f 496/496/496 493/493/493 492/492/492
f 491/491/491 496/496/496 492/492/492
f 496/496/496 495/495/495 493/493/493
f 497/497/497 491/491/491 402/402/402
f 496/496/496 491/491/491 497/497/497
f 400/400/400 497/497/497 402/402/402
f 495/495/495 496/496/496 498/498/498
f 498/498/498 496/496/496 497/497/497
f 499/499/499 495/495/495 498/498/498
f 500/500/500 499/499/499 498/498/498
f 400/400/400 501/501/501 497/497/497
f 501/501/501 498/498/498 497/497/497
f 501/501/501 500/500/500 498/498/498
f 377/377/377 501/501/501 400/400/400
f 502/502/502 500/500/500 501/501/501
f 377/377/377 502/502/502 501/501/501
f 378/378/378 502/502/502 377/377/377
f 446/446/446 451/451/451 455/455/455
f 447/447/447 446/446/446 455/455/455
f 447/447/447 455/455/455 503/503/503
f 455/455/455 463/463/463 503/503/503
f 447/447/447 503/503/503 504/504/504
f 442/442/442 447/447/447 504/504/504
f 503/503/503 463/463/463 505/505/505
f 463/463/463 465/465/465 505/505/505
f 504/504/504 503/503/503 506/506/506
f 503/503/503 505/505/505 506/506/506
f 442/442/442 504/504/504 507/507/507
f 439/439/439 442/442/442 507/507/507
f 439/439/439 507/507/507 438/438/438
f 507/507/507 508/508/508 438/438/438
f 507/507/507 504/504/504 509/509/509
f 507/507/507 509/509/509 508/508/508
f 504/504/504 506/506/506 509/509/509
f 509/509/509 510/510/510 508/508/508
f 465/465/465 511/511/511 505/505/505
f 511/511/511 465/465/465 464/464/464
f 505/505/505 512/512/512 506/506/506
f 511/511/511 512/512/512 505/505/505
f 509/509/509 513/513/513 510/510/510
f 513/513/513 514/514/514 510/510/510
f 506/506/506 515/515/515 509/509/509
f 512/512/512 515/515/515 506/506/506
f 515/515/515 513/513/513 509/509/509
f 513/513/513 516/516/516 514/514/514
f 516/516/516 517/517/517 514/514/514
f 515/515/515 518/518/518 513/513/513
f 518/518/518 516/516/516 513/513/513
f 512/512/512 519/519/519 515/515/515
f 519/519/519 518/518/518 515/515/515
f 511/511/511 520/520/520 512/512/512
f 520/520/520 519/519/519 512/512/512
f 521/521/521 511/511/511 464/464/464
f 520/520/520 511/511/511 521/521/521
f 517/517/517 516/516/516 522/522/522
f 523/523/523 517/517/517 522/522/522
f 516/516/516 518/518/518 524/524/524
f 522/522/522 516/516/516 524/524/524
f 518/518/518 519/519/519 525/525/525
f 524/524/524 518/518/518 525/525/525
f 519/519/519 520/520/520 526/526/526
f 525/525/525 519/519/519 526/526/526
f 523/523/523 522/522/522 527/527/527
f 528/528/528 523/523/523 527/527/527
f 522/522/522 524/524/524 529/529/529
f 527/527/527 522/522/522 529/529/529
f 524/524/524 525/525/525 530/530/530
f 529/529/529 524/524/524 530/530/530
f 528/528/528 527/527/527 531/531/531
f 532/532/532 528/528/528 531/531/531
f 527/527/527 529/529/529 533/533/533
f 531/531/531 527/527/527 533/533/533
f 532/532/532 531/531/531 534/534/534
f 535/535/535 532/532/532 534/534/534
f 520/520/520 536/536/536 526/526/526
f 536/536/536 520/520/520 521/521/521
f 525/525/525 526/526/526 537/537/537
f 530/530/530 525/525/525 537/537/537
f 529/529/529 530/530/530 538/538/538
f 533/533/533 529/529/529 538/538/538
f 533/533/533 538/538/538 539/539/539
f 531/531/531 533/533/533 540/540/540
f 534/534/534 531/531/531 540/540/540
f 540/540/540 533/533/533 539/539/539
f 540/540/540 541/541/541 534/534/534
f 540/540/540 539/539/539 542/542/542
f 541/541/541 543/543/543 534/534/534
f 542/542/542 539/539/539 544/544/544
f 538/538/538 530/530/530 545/545/545
f 530/530/530 537/537/537 545/545/545
f 526/526/526 546/546/546 537/537/537
f 536/536/536 546/546/546 526/526/526
f 543/543/543 547/547/547 534/534/534
f 535/535/535 534/534/534 547/547/547
f 548/548/548 535/535/535 547/547/547
f 549/549/549 547/547/547 543/543/543
f 548/548/548 547/547/547 549/549/549
f 550/550/550 548/548/548 549/549/549
f 551/551/551 549/549/549 543/543/543
f 550/550/550 549/549/549 552/552/552
f 549/549/549 551/551/551 553/553/553
f 549/549/549 553/553/553 552/552/552
f 551/551/551 554/554/554 553/553/553
f 553/553/553 554/554/554 555/555/555
f 552/552/552 553/553/553 556/556/556
f 553/553/553 555/555/555 556/556/556
f 554/554/554 557/557/557 555/555/555
f 556/556/556 555/555/555 558/558/558
f 557/557/557 559/559/559 555/555/555
f 555/555/555 560/560/560 558/558/558
f 558/558/558 560/560/560 561/561/561
f 560/560/560 562/562/562 561/561/561
f 559/559/559 563/563/563 555/555/555
f 555/555/555 563/563/563 560/560/560
f 559/559/559 564/564/564 563/563/563
f 560/560/560 565/565/565 562/562/562
f 563/563/563 565/565/565 560/560/560
f 565/565/565 566/566/566 562/562/562
f 564/564/564 567/567/567 563/563/563
f 563/563/563 567/567/567 565/565/565
f 565/565/565 568/568/568 566/566/566
f 567/567/567 568/568/568 565/565/565
f 568/568/568 569/569/569 566/566/566
f 568/568/568 570/570/570 569/569/569
f 570/570/570 571/571/571 569/569/569
f 571/571/571 570/570/570 572/572/572
f 573/573/573 570/570/570 568/568/568
f 567/567/567 573/573/573 568/568/568
f 570/570/570 574/574/574 572/572/572
f 570/570/570 573/573/573 574/574/574
f 572/572/572 574/574/574 575/575/575
f 576/576/576 567/567/567 564/564/564
f 577/577/577 576/576/576 564/564/564
f 578/578/578 573/573/573 567/567/567
f 576/576/576 578/578/578 567/567/567
f 579/579/579 578/578/578 576/576/576
f 580/580/580 576/576/576 577/577/577
f 580/580/580 579/579/579 576/576/576
f 581/581/581 580/580/580 577/577/577
f 580/580/580 581/581/581 544/544/544
f 582/582/582 580/580/580 544/544/544
f 580/580/580 582/582/582 579/579/579
f 539/539/539 582/582/582 544/544/544
f 574/574/574 583/583/583 575/575/575
f 575/575/575 583/583/583 584/584/584
f 573/573/573 585/585/585 574/574/574
f 573/573/573 578/578/578 585/585/585
f 574/574/574 585/585/585 583/583/583
f 582/582/582 539/539/539 586/586/586
f 582/582/582 586/586/586 579/579/579
f 583/583/583 587/587/587 584/584/584
f 584/584/584 587/587/587 588/588/588
f 587/587/587 589/589/589 588/588/588
f 587/587/587 590/590/590 589/589/589
f 590/590/590 591/591/591 589/589/589
f 583/583/583 592/592/592 587/587/587
f 585/585/585 592/592/592 583/583/583
f 592/592/592 590/590/590 587/587/587
f 578/578/578 593/593/593 585/585/585
f 578/578/578 579/579/579 593/593/593
f 585/585/585 594/594/594 592/592/592
f 585/585/585 593/593/593 594/594/594
f 594/594/594 595/595/595 592/592/592
f 592/592/592 595/595/595 590/590/590
f 595/595/595 596/596/596 590/590/590
f 593/593/593 597/597/597 594/594/594
f 596/596/596 598/598/598 590/590/590
f 590/590/590 599/599/599 591/591/591
f 598/598/598 599/599/599 590/590/590
f 599/599/599 600/600/600 591/591/591
f 598/598/598 601/601/601 599/599/599
f 593/593/593 602/602/602 597/597/597
f 579/579/579 602/602/602 593/593/593
f 602/602/602 603/603/603 597/597/597
f 603/603/603 602/602/602 604/604/604
f 599/599/599 605/605/605 600/600/600
f 601/601/601 605/605/605 599/599/599
f 605/605/605 606/606/606 600/600/600
f 607/607/607 606/606/606 605/605/605
f 605/605/605 601/601/601 608/608/608
f 609/609/609 602/602/602 579/579/579
f 602/602/602 609/609/609 604/604/604
f 609/609/609 610/610/610 604/604/604
f 586/586/586 609/609/609 579/579/579
f 610/610/610 609/609/609 586/586/586
f 610/610/610 611/611/611 604/604/604
f 610/610/610 612/612/612 611/611/611
f 613/613/613 607/607/607 605/605/605
f 613/613/613 605/605/605 608/608/608
f 614/614/614 607/607/607 613/613/613
f 613/613/613 608/608/608 615/615/615
f 615/615/615 614/614/614 613/613/613
f 608/608/608 616/616/616 615/615/615
f 616/616/616 612/612/612 615/615/615
f 617/617/617 614/614/614 615/615/615
f 618/618/618 617/617/617 615/615/615
f 618/618/618 615/615/615 612/612/612
f 619/619/619 617/617/617 618/618/618
f 620/620/620 618/618/618 612/612/612
f 620/620/620 612/612/612 610/610/610
f 621/621/621 619/619/619 618/618/618
f 621/621/621 618/618/618 620/620/620
f 622/622/622 619/619/619 621/621/621
f 623/623/623 622/622/622 621/621/621
f 624/624/624 622/622/622 623/623/623
f 625/625/625 621/621/621 620/620/620
f 623/623/623 621/621/621 625/625/625
f 626/626/626 620/620/620 610/610/610
f 625/625/625 620/620/620 626/626/626
f 627/627/627 624/624/624 623/623/623
f 624/624/624 627/627/627 628/628/628
f 629/629/629 623/623/623 625/625/625
f 627/627/627 623/623/623 629/629/629
f 627/627/627 630/630/630 628/628/628
f 628/628/628 630/630/630 631/631/631
f 626/626/626 610/610/610 632/632/632
f 632/632/632 610/610/610 586/586/586
f 539/539/539 632/632/632 586/586/586
f 539/539/539 538/538/538 632/632/632
f 538/538/538 545/545/545 632/632/632
f 545/545/545 626/626/626 632/632/632
f 633/633/633 625/625/625 626/626/626
f 633/633/633 626/626/626 545/545/545
f 629/629/629 625/625/625 633/633/633
f 537/537/537 633/633/633 545/545/545
f 546/546/546 633/633/633 537/537/537
f 546/546/546 629/629/629 633/633/633
f 634/634/634 627/627/627 629/629/629
f 634/634/634 629/629/629 546/546/546
f 627/627/627 634/634/634 630/630/630
f 536/536/536 634/634/634 546/546/546
f 634/634/634 536/536/536 635/635/635
f 634/634/634 635/635/635 630/630/630
f 536/536/536 521/521/521 635/635/635
f 630/630/630 635/635/635 636/636/636
f 630/630/630 636/636/636 631/631/631
f 631/631/631 636/636/636 637/637/637
f 635/635/635 521/521/521 638/638/638
f 635/635/635 638/638/638 636/636/636
f 521/521/521 464/464/464 638/638/638
f 464/464/464 462/462/462 638/638/638
f 462/462/462 639/639/639 638/638/638
f 638/638/638 639/639/639 636/636/636
f 462/462/462 460/460/460 639/639/639
f 460/460/460 461/461/461 639/639/639
f 636/636/636 640/640/640 637/637/637
f 639/639/639 640/640/640 636/636/636
f 639/639/639 461/461/461 640/640/640
f 637/637/637 640/640/640 641/641/641
f 461/461/461 642/642/642 640/640/640
f 640/640/640 642/642/642 641/641/641
f 461/461/461 458/458/458 642/642/642
f 454/454/454 458/458/458 461/461/461
f 642/642/642 643/643/643 641/641/641
f 458/458/458 643/643/643 642/642/642
f 458/458/458 459/459/459 643/643/643
f 643/643/643 644/644/644 641/641/641
f 459/459/459 468/468/468 643/643/643
f 643/643/643 468/468/468 644/644/644
f 468/468/468 645/645/645 644/644/644
f 468/468/468 469/469/469 645/645/645
f 469/469/469 474/474/474 645/645/645
f 648/648/648 647/647/647 646/646/646
f 649/649/649 648/648/648 646/646/646
f 649/649/649 646/646/646 650/650/650
f 651/651/651 649/649/649 650/650/650
f 654/654/654 653/653/653 652/652/652
f 655/655/655 654/654/654 652/652/652
f 658/658/658 657/657/657 656/656/656
f 657/657/657 659/659/659 656/656/656
f 657/657/657 651/651/651 659/659/659
f 651/651/651 650/650/650 659/659/659
f 662/662/662 661/661/661 660/660/660
f 663/663/663 662/662/662 660/660/660
f 663/663/663 660/660/660 664/664/664
f 665/665/665 663/663/663 664/664/664
f 665/665/665 664/664/664 653/653/653
f 654/654/654 665/665/665 653/653/653
f 667/667/667 666/666/666 661/661/661
f 662/662/662 667/667/667 661/661/661
f 658/658/658 656/656/656 668/668/668
f 669/669/669 658/658/658 668/668/668
f 669/669/669 668/668/668 670/670/670
f 671/671/671 669/669/669 670/670/670
f 671/671/671 670/670/670 666/666/666
f 667/667/667 671/671/671 666/666/666
f 672/672/672 378/378/378 375/375/375
f 374/374/374 672/672/672 375/375/375
f 675/675/675 674/674/674 673/673/673
f 674/674/674 676/676/676 673/673/673
f 673/673/673 676/676/676 677/677/677
f 676/676/676 678/678/678 677/677/677
f 677/677/677 678/678/678 679/679/679
f 678/678/678 680/680/680 679/679/679
f 683/683/683 682/682/682 681/681/681
f 684/684/684 683/683/683 681/681/681
f 680/680/680 683/683/683 684/684/684
f 679/679/679 680/680/680 684/684/684
f 687/687/687 686/686/686 685/685/685
f 686/686/686 688/688/688 685/685/685
f 685/685/685 688/688/688 689/689/689
f 688/688/688 690/690/690 689/689/689
f 689/689/689 690/690/690 675/675/675
f 690/690/690 674/674/674 675/675/675
f 691/691/691 686/686/686 687/687/687
f 692/692/692 691/691/691 687/687/687
f 681/681/681 682/682/682 693/693/693
f 682/682/682 694/694/694 693/693/693
f 693/693/693 694/694/694 695/695/695
f 694/694/694 696/696/696 695/695/695
f 695/695/695 696/696/696 697/697/697
f 696/696/696 698/698/698 697/697/697
f 701/701/701 700/700/700 699/699/699
f 700/700/700 702/702/702 699/699/699
f 700/700/700 703/703/703 702/702/702
f 699/699/699 702/702/702 704/704/704
f 705/705/705 699/699/699 704/704/704
f 706/706/706 704/704/704 702/702/702
f 707/707/707 706/706/706 702/702/702
f 703/703/703 707/707/707 702/702/702
f 703/703/703 708/708/708 707/707/707
f 708/708/708 709/709/709 707/707/707
f 710/710/710 709/709/709 708/708/708
f 711/711/711 710/710/710 708/708/708
f 710/710/710 712/712/712 709/709/709
f 711/711/711 713/713/713 710/710/710
f 710/710/710 714/714/714 712/712/712
f 713/713/713 714/714/714 710/710/710
f 714/714/714 715/715/715 712/712/712
f 716/716/716 715/715/715 714/714/714
f 717/717/717 714/714/714 713/713/713
f 717/717/717 716/716/716 714/714/714
f 718/718/718 717/717/717 713/713/713
f 717/717/717 718/718/718 719/719/719
f 720/720/720 717/717/717 719/719/719
f 716/716/716 717/717/717 720/720/720
f 721/721/721 716/716/716 720/720/720
f 724/724/724 723/723/723 722/722/722
f 725/725/725 724/724/724 722/722/722
f 724/724/724 725/725/725 726/726/726
f 721/721/721 724/724/724 726/726/726
f 726/726/726 725/725/725 727/727/727
f 725/725/725 722/722/722 728/728/728
f 725/725/725 728/728/728 727/727/727
f 722/722/722 729/729/729 728/728/728
f 729/729/729 730/730/730 728/728/728
f 728/728/728 731/731/731 727/727/727
f 730/730/730 731/731/731 728/728/728
f 731/731/731 732/732/732 727/727/727
f 733/733/733 731/731/731 730/730/730
f 731/731/731 733/733/733 732/732/732
f 734/734/734 733/733/733 730/730/730
f 733/733/733 735/735/735 732/732/732
f 705/705/705 737/737/737 736/736/736
f 737/737/737 738/738/738 736/736/736
f 738/738/738 737/737/737 739/739/739
f 740/740/740 736/736/736 738/738/738
f 741/741/741 740/740/740 738/738/738
f 741/741/741 738/738/738 739/739/739
f 737/737/737 742/742/742 739/739/739
f 743/743/743 741/741/741 739/739/739
f 744/744/744 743/743/743 739/739/739
f 742/742/742 745/745/745 739/739/739
f 746/746/746 744/744/744 739/739/739
f 745/745/745 746/746/746 739/739/739
f 747/747/747 744/744/744 746/746/746
f 748/748/748 747/747/747 746/746/746
f 746/746/746 745/745/745 748/748/748
f 745/745/745 749/749/749 748/748/748
f 705/705/705 704/704/704 737/737/737
f 704/704/704 750/750/750 737/737/737
f 737/737/737 750/750/750 742/742/742
f 751/751/751 750/750/750 704/704/704
f 752/752/752 751/751/751 704/704/704
f 752/752/752 753/753/753 751/751/751
f 750/750/750 754/754/754 742/742/742
f 750/750/750 751/751/751 754/754/754
f 754/754/754 755/755/755 742/742/742
f 755/755/755 745/745/745 742/742/742
f 755/755/755 756/756/756 745/745/745
f 756/756/756 749/749/749 745/745/745
f 755/755/755 757/757/757 756/756/756
f 757/757/757 755/755/755 754/754/754
f 757/757/757 758/758/758 756/756/756
f 759/759/759 758/758/758 757/757/757
f 751/751/751 760/760/760 754/754/754
f 760/760/760 757/757/757 754/754/754
f 753/753/753 761/761/761 751/751/751
f 751/751/751 761/761/761 760/760/760
f 762/762/762 759/759/759 757/757/757
f 762/762/762 757/757/757 760/760/760
f 763/763/763 761/761/761 753/753/753
f 763/763/763 764/764/764 761/761/761
f 765/765/765 763/763/763 753/753/753
f 765/765/765 766/766/766 763/763/763
f 761/761/761 767/767/767 760/760/760
f 767/767/767 762/762/762 760/760/760
f 764/764/764 767/767/767 761/761/761
f 767/767/767 764/764/764 762/762/762
f 762/762/762 768/768/768 759/759/759
f 764/764/764 768/768/768 762/762/762
f 768/768/768 769/769/769 759/759/759
f 770/770/770 769/769/769 768/768/768
f 766/766/766 771/771/771 763/763/763
f 763/763/763 771/771/771 764/764/764
f 772/772/772 768/768/768 764/764/764
f 772/772/772 770/770/770 768/768/768
f 773/773/773 771/771/771 766/766/766
f 773/773/773 774/774/774 771/771/771
f 716/716/716 773/773/773 766/766/766
f 771/771/771 775/775/775 764/764/764
f 775/775/775 772/772/772 764/764/764
f 774/774/774 775/775/775 771/771/771
f 775/775/775 774/774/774 772/772/772
f 772/772/772 776/776/776 770/770/770
f 774/774/774 776/776/776 772/772/772
f 776/776/776 777/777/777 770/770/770
f 726/726/726 773/773/773 716/716/716
f 773/773/773 726/726/726 774/774/774
f 721/721/721 726/726/726 716/716/716
f 726/726/726 727/727/727 774/774/774
f 727/727/727 732/732/732 774/774/774
f 732/732/732 776/776/776 774/774/774
f 776/776/776 732/732/732 777/777/777
f 732/732/732 735/735/735 777/777/777
f 707/707/707 709/709/709 706/706/706
f 709/709/709 778/778/778 706/706/706
f 712/712/712 778/778/778 709/709/709
f 781/781/781 780/780/780 779/779/779
f 782/782/782 781/781/781 779/779/779
f 783/783/783 781/781/781 782/782/782
f 782/782/782 779/779/779 756/756/756
f 779/779/779 749/749/749 756/756/756
f 756/756/756 784/784/784 782/782/782
f 785/785/785 783/783/783 782/782/782
f 784/784/784 785/785/785 782/782/782
f 786/786/786 783/783/783 785/785/785
f 787/787/787 785/785/785 784/784/784
f 787/787/787 786/786/786 785/785/785
f 788/788/788 787/787/787 784/784/784
f 788/788/788 789/789/789 787/787/787
f 787/787/787 790/790/790 786/786/786
f 789/789/789 790/790/790 787/787/787
f 790/790/790 791/791/791 786/786/786
f 792/792/792 791/791/791 790/790/790
f 793/793/793 790/790/790 789/789/789
f 793/793/793 792/792/792 790/790/790
f 794/794/794 793/793/793 789/789/789
f 794/794/794 777/777/777 793/793/793
f 793/793/793 795/795/795 792/792/792
f 777/777/777 795/795/795 793/793/793
f 795/795/795 796/796/796 792/792/792
f 796/796/796 795/795/795 797/797/797
f 795/795/795 798/798/798 797/797/797
f 795/795/795 777/777/777 798/798/798
f 777/777/777 735/735/735 798/798/798
f 801/801/801 800/800/800 799/799/799
f 802/802/802 801/801/801 799/799/799
f 802/802/802 799/799/799 803/803/803
f 804/804/804 802/802/802 803/803/803
f 804/804/804 803/803/803 805/805/805
f 803/803/803 806/806/806 805/805/805
f 806/806/806 807/807/807 805/805/805
f 808/808/808 804/804/804 805/805/805
f 807/807/807 809/809/809 805/805/805
f 808/808/808 805/805/805 810/810/810
f 809/809/809 810/810/810 805/805/805
f 811/811/811 808/808/808 810/810/810
f 810/810/810 809/809/809 812/812/812
f 811/811/811 810/810/810 812/812/812
f 809/809/809 813/813/813 812/812/812
f 814/814/814 811/811/811 812/812/812
f 813/813/813 815/815/815 812/812/812
f 814/814/814 812/812/812 816/816/816
f 815/815/815 816/816/816 812/812/812
f 817/817/817 814/814/814 816/816/816
f 816/816/816 815/815/815 818/818/818
f 816/816/816 818/818/818 817/817/817
f 815/815/815 819/819/819 818/818/818
f 818/818/818 820/820/820 817/817/817
f 819/819/819 821/821/821 818/818/818
f 818/818/818 822/822/822 820/820/820
f 821/821/821 822/822/822 818/818/818
f 822/822/822 823/823/823 820/820/820
f 822/822/822 821/821/821 824/824/824
f 822/822/822 824/824/824 823/823/823
f 821/821/821 825/825/825 824/824/824
f 824/824/824 826/826/826 823/823/823
f 825/825/825 827/827/827 824/824/824
f 824/824/824 828/828/828 826/826/826
f 827/827/827 828/828/828 824/824/824
f 828/828/828 829/829/829 826/826/826
f 828/828/828 827/827/827 830/830/830
f 828/828/828 830/830/830 829/829/829
f 827/827/827 831/831/831 830/830/830
f 830/830/830 832/832/832 829/829/829
f 830/830/830 833/833/833 832/832/832
f 833/833/833 834/834/834 832/832/832
f 833/833/833 835/835/835 834/834/834
f 835/835/835 836/836/836 834/834/834
f 801/801/801 837/837/837 800/800/800
f 837/837/837 838/838/838 800/800/800
f 837/837/837 839/839/839 838/838/838
f 839/839/839 840/840/840 838/838/838
f 839/839/839 841/841/841 840/840/840
f 841/841/841 842/842/842 840/840/840
f 841/841/841 843/843/843 842/842/842
f 843/843/843 844/844/844 842/842/842
f 843/843/843 845/845/845 844/844/844
f 845/845/845 846/846/846 844/844/844
f 845/845/845 847/847/847 846/846/846
f 847/847/847 848/848/848 846/846/846
f 847/847/847 849/849/849 848/848/848
f 847/847/847 850/850/850 849/849/849
f 849/849/849 851/851/851 848/848/848
f 850/850/850 852/852/852 849/849/849
f 851/851/851 849/849/849 853/853/853
f 849/849/849 852/852/852 853/853/853
f 854/854/854 851/851/851 853/853/853
f 852/852/852 855/855/855 853/853/853
f 854/854/854 853/853/853 856/856/856
f 853/853/853 855/855/855 856/856/856
f 857/857/857 854/854/854 856/856/856
f 855/855/855 858/858/858 856/856/856
f 857/857/857 856/856/856 859/859/859
f 856/856/856 858/858/858 859/859/859
f 860/860/860 857/857/857 859/859/859
f 858/858/858 861/861/861 859/859/859
f 860/860/860 859/859/859 862/862/862
f 859/859/859 861/861/861 862/862/862
f 861/861/861 863/863/863 862/862/862
f 864/864/864 860/860/860 862/862/862
f 864/864/864 862/862/862 865/865/865
f 866/866/866 864/864/864 865/865/865
f 866/866/866 865/865/865 867/867/867
f 868/868/868 866/866/866 867/867/867
f 868/868/868 867/867/867 869/869/869
f 870/870/870 868/868/868 869/869/869
f 870/870/870 869/869/869 871/871/871
f 872/872/872 870/870/870 871/871/871
f 872/872/872 871/871/871 873/873/873
f 871/871/871 874/874/874 873/873/873
f 875/875/875 872/872/872 873/873/873
f 874/874/874 876/876/876 873/873/873
f 875/875/875 873/873/873 877/877/877
f 873/873/873 876/876/876 877/877/877
f 878/878/878 875/875/875 877/877/877
f 876/876/876 879/879/879 877/877/877
f 878/878/878 877/877/877 880/880/880
f 877/877/877 879/879/879 880/880/880
f 881/881/881 878/878/878 880/880/880
f 879/879/879 882/882/882 880/880/880
f 881/881/881 880/880/880 883/883/883
f 880/880/880 882/882/882 883/883/883
f 884/884/884 881/881/881 883/883/883
f 882/882/882 885/885/885 883/883/883
f 884/884/884 883/883/883 886/886/886
f 883/883/883 885/885/885 886/886/886
f 887/887/887 884/884/884 886/886/886
f 885/885/885 888/888/888 886/886/886
f 887/887/887 886/886/886 889/889/889
f 886/886/886 888/888/888 889/889/889
f 890/890/890 887/887/887 889/889/889
f 888/888/888 891/891/891 889/889/889
f 889/889/889 891/891/891 892/892/892
f 891/891/891 893/893/893 892/892/892
f 889/889/889 894/894/894 890/890/890
f 894/894/894 895/895/895 890/890/890
f 895/895/895 894/894/894 896/896/896
f 897/897/897 895/895/895 896/896/896
f 897/897/897 896/896/896 898/898/898
f 899/899/899 897/897/897 898/898/898
f 899/899/899 898/898/898 900/900/900
f 901/901/901 899/899/899 900/900/900
f 901/901/901 900/900/900 902/902/902
f 903/903/903 901/901/901 902/902/902
f 903/903/903 902/902/902 904/904/904
f 905/905/905 903/903/903 904/904/904
f 903/903/903 905/905/905 906/906/906
f 905/905/905 907/907/907 906/906/906
f 905/905/905 904/904/904 908/908/908
f 907/907/907 905/905/905 909/909/909
f 910/910/910 905/905/905 908/908/908
f 905/905/905 910/910/910 909/909/909
f 910/910/910 908/908/908 911/911/911
f 909/909/909 910/910/910 912/912/912
f 913/913/913 910/910/910 911/911/911
f 910/910/910 913/913/913 912/912/912
f 913/913/913 911/911/911 914/914/914
f 912/912/912 913/913/913 915/915/915
f 916/916/916 913/913/913 914/914/914
f 913/913/913 916/916/916 915/915/915
f 916/916/916 914/914/914 917/917/917
f 916/916/916 918/918/918 915/915/915
f 918/918/918 916/916/916 917/917/917
f 918/918/918 919/919/919 915/915/915
f 917/917/917 920/920/920 918/918/918
f 919/919/919 918/918/918 921/921/921
f 920/920/920 922/922/922 918/918/918
f 918/918/918 922/922/922 921/921/921
f 920/920/920 923/923/923 922/922/922
f 922/922/922 924/924/924 921/921/921
f 923/923/923 924/924/924 922/922/922
f 924/924/924 925/925/925 921/921/921
f 923/923/923 926/926/926 924/924/924
f 924/924/924 927/927/927 925/925/925
f 926/926/926 927/927/927 924/924/924
f 927/927/927 928/928/928 925/925/925
f 926/926/926 929/929/929 927/927/927
f 927/927/927 930/930/930 928/928/928
f 929/929/929 930/930/930 927/927/927
f 930/930/930 931/931/931 928/928/928
f 931/931/931 930/930/930 932/932/932
f 929/929/929 933/933/933 930/930/930
f 930/930/930 934/934/934 932/932/932
f 933/933/933 934/934/934 930/930/930
f 933/933/933 935/935/935 934/934/934
f 935/935/935 936/936/936 934/934/934
f 935/935/935 937/937/937 936/936/936
f 937/937/937 938/938/938 936/936/936
f 937/937/937 939/939/939 938/938/938
f 939/939/939 940/940/940 938/938/938
f 939/939/939 941/941/941 940/940/940
f 941/941/941 942/942/942 940/940/940
f 942/942/942 941/941/941 943/943/943
f 944/944/944 942/942/942 943/943/943
f 943/943/943 945/945/945 944/944/944
f 945/945/945 946/946/946 944/944/944
f 945/945/945 947/947/947 946/946/946
f 947/947/947 948/948/948 946/946/946
f 947/947/947 949/949/949 948/948/948
f 949/949/949 950/950/950 948/948/948
f 949/949/949 951/951/951 950/950/950
f 951/951/951 952/952/952 950/950/950
f 951/951/951 953/953/953 952/952/952
f 953/953/953 954/954/954 952/952/952
f 953/953/953 955/955/955 954/954/954
f 955/955/955 956/956/956 954/954/954
f 955/955/955 957/957/957 956/956/956
f 957/957/957 958/958/958 956/956/956
f 957/957/957 959/959/959 958/958/958
f 959/959/959 960/960/960 958/958/958
f 957/957/957 961/961/961 959/959/959
f 961/961/961 962/962/962 959/959/959
f 963/963/963 961/961/961 957/957/957
f 955/955/955 963/963/963 957/957/957
f 964/964/964 963/963/963 955/955/955
f 953/953/953 964/964/964 955/955/955
f 965/965/965 964/964/964 953/953/953
f 951/951/951 965/965/965 953/953/953
f 966/966/966 965/965/965 951/951/951
f 949/949/949 966/966/966 951/951/951
f 967/967/967 966/966/966 949/949/949
f 947/947/947 967/967/967 949/949/949
f 968/968/968 967/967/967 947/947/947
f 945/945/945 968/968/968 947/947/947
f 969/969/969 968/968/968 945/945/945
f 943/943/943 969/969/969 945/945/945
f 970/970/970 969/969/969 943/943/943
f 971/971/971 970/970/970 943/943/943
f 835/835/835 972/972/972 836/836/836
f 972/972/972 973/973/973 836/836/836
f 972/972/972 974/974/974 973/973/973
f 974/974/974 975/975/975 973/973/973
f 974/974/974 976/976/976 975/975/975
f 976/976/976 977/977/977 975/975/975
f 976/976/976 978/978/978 977/977/977
f 978/978/978 979/979/979 977/977/977
f 978/978/978 980/980/980 979/979/979
f 980/980/980 981/981/981 979/979/979
f 980/980/980 982/982/982 981/981/981
f 982/982/982 983/983/983 981/981/981
f 983/983/983 982/982/982 984/984/984
f 985/985/985 983/983/983 984/984/984
f 985/985/985 984/984/984 986/986/986
f 985/985/985 987/987/987 983/983/983
f 987/987/987 988/988/988 983/983/983
f 989/989/989 987/987/987 985/985/985
f 990/990/990 985/985/985 986/986/986
f 990/990/990 989/989/989 985/985/985
f 990/990/990 986/986/986 991/991/991
f 992/992/992 989/989/989 990/990/990
f 993/993/993 990/990/990 991/991/991
f 993/993/993 992/992/992 990/990/990
f 993/993/993 991/991/991 994/994/994
f 995/995/995 992/992/992 993/993/993
f 996/996/996 993/993/993 994/994/994
f 996/996/996 995/995/995 993/993/993
f 996/996/996 994/994/994 997/997/997
f 998/998/998 995/995/995 996/996/996
f 999/999/999 996/996/996 997/997/997
f 999/999/999 998/998/998 996/996/996
f 999/999/999 997/997/997 960/960/960
f 1000/1000/1000 998/998/998 999/999/999
f 959/959/959 999/999/999 960/960/960
f 959/959/959 1000/1000/1000 999/999/999
f 806/806/806 803/803/803 799/799/799
f 1001/1001/1001 806/806/806 799/799/799
f 1001/1001/1001 799/799/799 800/800/800
f 1002/1002/1002 1001/1001/1001 800/800/800
f 800/800/800 838/838/838 1002/1002/1002
f 838/838/838 1003/1003/1003 1002/1002/1002
f 1004/1004/1004 1003/1003/1003 838/838/838
f 840/840/840 1004/1004/1004 838/838/838
f 1004/1004/1004 840/840/840 842/842/842
f 1005/1005/1005 1004/1004/1004 842/842/842
f 1005/1005/1005 842/842/842 844/844/844
f 1006/1006/1006 1005/1005/1005 844/844/844
f 1006/1006/1006 844/844/844 846/846/846
f 1007/1007/1007 1006/1006/1006 846/846/846
f 1008/1008/1008 846/846/846 848/848/848
f 1009/1009/1009 1008/1008/1008 848/848/848
f 1010/1010/1010 1009/1009/1009 848/848/848
f 851/851/851 1010/1010/1010 848/848/848
f 851/851/851 854/854/854 1010/1010/1010
f 854/854/854 1011/1011/1011 1010/1010/1010
f 854/854/854 857/857/857 1011/1011/1011
f 857/857/857 1012/1012/1012 1011/1011/1011
f 1012/1012/1012 857/857/857 1013/1013/1013
f 857/857/857 860/860/860 1013/1013/1013
f 860/860/860 864/864/864 1013/1013/1013
f 864/864/864 1014/1014/1014 1013/1013/1013
f 864/864/864 866/866/866 1014/1014/1014
f 866/866/866 1015/1015/1015 1014/1014/1014
f 1016/1016/1016 1015/1015/1015 866/866/866
f 868/868/868 1016/1016/1016 866/866/866
f 868/868/868 870/870/870 1016/1016/1016
f 870/870/870 1017/1017/1017 1016/1016/1016
f 1017/1017/1017 870/870/870 1018/1018/1018
f 870/870/870 872/872/872 1018/1018/1018
f 1018/1018/1018 872/872/872 1019/1019/1019
f 872/872/872 875/875/875 1019/1019/1019
f 1019/1019/1019 875/875/875 1020/1020/1020
f 875/875/875 878/878/878 1020/1020/1020
f 878/878/878 881/881/881 1020/1020/1020
f 881/881/881 1021/1021/1021 1020/1020/1020
f 881/881/881 884/884/884 1021/1021/1021
f 884/884/884 1022/1022/1022 1021/1021/1021
f 1023/1023/1023 1022/1022/1022 884/884/884
f 887/887/887 1023/1023/1023 884/884/884
f 1024/1024/1024 1023/1023/1023 887/887/887
f 890/890/890 1024/1024/1024 887/887/887
f 890/890/890 895/895/895 1024/1024/1024
f 895/895/895 1025/1025/1025 1024/1024/1024
f 1026/1026/1026 1025/1025/1025 895/895/895
f 1027/1027/1027 1026/1026/1026 895/895/895
f 1026/1026/1026 1027/1027/1027 1028/1028/1028
f 1027/1027/1027 1029/1029/1029 1028/1028/1028
f 1028/1028/1028 1029/1029/1029 1030/1030/1030
f 1029/1029/1029 1031/1031/1031 1030/1030/1030
f 1030/1030/1030 1031/1031/1031 906/906/906
f 1031/1031/1031 903/903/903 906/906/906
f 830/830/830 831/831/831 833/833/833
f 831/831/831 1032/1032/1032 833/833/833
f 835/835/835 833/833/833 1032/1032/1032
f 1033/1033/1033 835/835/835 1032/1032/1032
f 1033/1033/1033 1034/1034/1034 835/835/835
f 1034/1034/1034 972/972/972 835/835/835
f 972/972/972 1034/1034/1034 974/974/974
f 1034/1034/1034 1035/1035/1035 974/974/974
f 974/974/974 1035/1035/1035 976/976/976
f 1035/1035/1035 1036/1036/1036 976/976/976
f 976/976/976 1036/1036/1036 978/978/978
f 1036/1036/1036 1037/1037/1037 978/978/978
f 978/978/978 1038/1038/1038 980/980/980
f 1038/1038/1038 1039/1039/1039 980/980/980
f 1039/1039/1039 1040/1040/1040 980/980/980
f 1040/1040/1040 982/982/982 980/980/980
f 984/984/984 982/982/982 1040/1040/1040
f 1041/1041/1041 984/984/984 1040/1040/1040
f 986/986/986 984/984/984 1041/1041/1041
f 1042/1042/1042 986/986/986 1041/1041/1041
f 986/986/986 1042/1042/1042 1043/1043/1043
f 991/991/991 986/986/986 1043/1043/1043
f 994/994/994 991/991/991 1043/1043/1043
f 1044/1044/1044 994/994/994 1043/1043/1043
f 997/997/997 994/994/994 1044/1044/1044
f 1045/1045/1045 997/997/997 1044/1044/1044
f 1045/1045/1045 1046/1046/1046 997/997/997
f 1046/1046/1046 960/960/960 997/997/997
f 958/958/958 960/960/960 1046/1046/1046
f 1047/1047/1047 958/958/958 1046/1046/1046
f 958/958/958 1047/1047/1047 1048/1048/1048
f 956/956/956 958/958/958 1048/1048/1048
f 956/956/956 1048/1048/1048 1049/1049/1049
f 954/954/954 956/956/956 1049/1049/1049
f 954/954/954 1049/1049/1049 1050/1050/1050
f 952/952/952 954/954/954 1050/1050/1050
f 950/950/950 952/952/952 1050/1050/1050
f 1051/1051/1051 950/950/950 1050/1050/1050
f 948/948/948 950/950/950 1051/1051/1051
f 1052/1052/1052 948/948/948 1051/1051/1051
f 1052/1052/1052 1053/1053/1053 948/948/948
f 1053/1053/1053 946/946/946 948/948/948
f 1053/1053/1053 1054/1054/1054 946/946/946
f 1054/1054/1054 944/944/944 946/946/946
f 942/942/942 944/944/944 1054/1054/1054
f 1055/1055/1055 942/942/942 1054/1054/1054
f 1055/1055/1055 1056/1056/1056 942/942/942
f 1056/1056/1056 1057/1057/1057 942/942/942
f 1057/1057/1057 1056/1056/1056 1058/1058/1058
f 938/938/938 1057/1057/1057 1058/1058/1058
f 938/938/938 1058/1058/1058 1059/1059/1059
f 936/936/936 938/938/938 1059/1059/1059
f 936/936/936 1059/1059/1059 932/932/932
f 934/934/934 936/936/936 932/932/932
f 1061/1061/1061 1060/1060/1060 801/801/801
f 802/802/802 1061/1061/1061 801/801/801
f 1062/1062/1062 1061/1061/1061 802/802/802
f 804/804/804 1062/1062/1062 802/802/802
f 1063/1063/1063 1062/1062/1062 804/804/804
f 808/808/808 1063/1063/1063 804/804/804
f 1064/1064/1064 1063/1063/1063 808/808/808
f 811/811/811 1064/1064/1064 808/808/808
f 1065/1065/1065 1064/1064/1064 811/811/811
f 814/814/814 1065/1065/1065 811/811/811
f 1066/1066/1066 1065/1065/1065 814/814/814
f 817/817/817 1066/1066/1066 814/814/814
f 1067/1067/1067 1066/1066/1066 817/817/817
f 820/820/820 1067/1067/1067 817/817/817
f 1068/1068/1068 1067/1067/1067 820/820/820
f 823/823/823 1068/1068/1068 820/820/820
f 1069/1069/1069 1068/1068/1068 823/823/823
f 826/826/826 1069/1069/1069 823/823/823
f 1070/1070/1070 1069/1069/1069 826/826/826
f 829/829/829 1070/1070/1070 826/826/826
f 1071/1071/1071 1070/1070/1070 829/829/829
f 832/832/832 1071/1071/1071 829/829/829
f 1072/1072/1072 1071/1071/1071 832/832/832
f 834/834/834 1072/1072/1072 832/832/832
f 801/801/801 1060/1060/1060 837/837/837
f 1060/1060/1060 1073/1073/1073 837/837/837
f 837/837/837 1073/1073/1073 839/839/839
f 1073/1073/1073 1074/1074/1074 839/839/839
f 839/839/839 1074/1074/1074 841/841/841
f 1074/1074/1074 1075/1075/1075 841/841/841
f 841/841/841 1075/1075/1075 843/843/843
f 1075/1075/1075 1076/1076/1076 843/843/843
f 843/843/843 1076/1076/1076 845/845/845
f 1076/1076/1076 1077/1077/1077 845/845/845
f 845/845/845 1078/1078/1078 847/847/847
f 1078/1078/1078 850/850/850 847/847/847
f 1080/1080/1080 1079/1079/1079 904/904/904
f 1079/1079/1079 1081/1081/1081 904/904/904
f 904/904/904 1081/1081/1081 908/908/908
f 1081/1081/1081 1082/1082/1082 908/908/908
f 908/908/908 1082/1082/1082 911/911/911
f 1082/1082/1082 1083/1083/1083 911/911/911
f 911/911/911 1083/1083/1083 914/914/914
f 1083/1083/1083 1084/1084/1084 914/914/914
f 914/914/914 1084/1084/1084 917/917/917
f 1084/1084/1084 1085/1085/1085 917/917/917
f 917/917/917 1085/1085/1085 920/920/920
f 1085/1085/1085 1086/1086/1086 920/920/920
f 920/920/920 1086/1086/1086 923/923/923
f 1086/1086/1086 1087/1087/1087 923/923/923
f 923/923/923 1087/1087/1087 926/926/926
f 1087/1087/1087 1088/1088/1088 926/926/926
f 926/926/926 1088/1088/1088 929/929/929
f 1088/1088/1088 1089/1089/1089 929/929/929
f 929/929/929 1089/1089/1089 933/933/933
f 1089/1089/1089 1090/1090/1090 933/933/933
f 1091/1091/1091 1079/1079/1079 1080/1080/1080
f 1092/1092/1092 1091/1091/1091 1080/1080/1080
f 1093/1093/1093 1091/1091/1091 1092/1092/1092
f 1094/1094/1094 1093/1093/1093 1092/1092/1092
f 1095/1095/1095 1093/1093/1093 1094/1094/1094
f 1096/1096/1096 1095/1095/1095 1094/1094/1094
f 893/893/893 1095/1095/1095 1096/1096/1096
f 892/892/892 893/893/893 1096/1096/1096
f 1097/1097/1097 874/874/874 871/871/871
f 869/869/869 1097/1097/1097 871/871/871
f 1098/1098/1098 1097/1097/1097 869/869/869
f 867/867/867 1098/1098/1098 869/869/869
f 1100/1100/1100 1099/1099/1099 867/867/867
f 865/865/865 1100/1100/1100 867/867/867
f 863/863/863 1100/1100/1100 865/865/865
f 862/862/862 863/863/863 865/865/865
f 1101/1101/1101 1072/1072/1072 834/834/834
f 836/836/836 1101/1101/1101 834/834/834
f 1102/1102/1102 1101/1101/1101 836/836/836
f 973/973/973 1102/1102/1102 836/836/836
f 1103/1103/1103 1102/1102/1102 973/973/973
f 975/975/975 1103/1103/1103 973/973/973
f 1104/1104/1104 1103/1103/1103 975/975/975
f 977/977/977 1104/1104/1104 975/975/975
f 1105/1105/1105 1104/1104/1104 977/977/977
f 979/979/979 1105/1105/1105 977/977/977
f 1107/1107/1107 1106/1106/1106 979/979/979
f 981/981/981 1107/1107/1107 979/979/979
f 988/988/988 1107/1107/1107 981/981/981
f 983/983/983 988/988/988 981/981/981
f 933/933/933 1090/1090/1090 1108/1108/1108
f 1090/1090/1090 1109/1109/1109 1108/1108/1108
f 1108/1108/1108 1109/1109/1109 1110/1110/1110
f 1109/1109/1109 1111/1111/1111 1110/1110/1110
f 1110/1110/1110 1111/1111/1111 1112/1112/1112
f 1111/1111/1111 1113/1113/1113 1112/1112/1112
f 1112/1112/1112 1113/1113/1113 971/971/971
f 1113/1113/1113 970/970/970 971/971/971

