mtllib material.mtl
usemtl material_0
v -0.00380306 0.01701039 0.00719657
v -0.00019998 0.01676992 0.00936186
v -0.00380306 0.01676992 0.00719657
v -0.00400000 0.01676992 0.00684845
v -0.00019998 0.01701039 0.00936186
v 0.00019998 0.01701039 0.00936186
v 0.00019998 0.01676992 0.00936186
v 0.00380306 0.01676992 0.00719657
v -0.00400000 0.01701039 0.00684845
v -0.00400000 0.01701039 0.00200451
v -0.00400000 0.01676992 0.00200451
v -0.00380306 0.01676992 0.00165639
v -0.00018251 0.01741035 0.00893066
v -0.00347080 0.01741035 0.00695455
v -0.00365053 0.01741035 0.00663685
v 0.00018251 0.01741035 0.00893066
v -0.00332227 0.01741035 0.00662892
v 0.00000000 0.01741035 0.00863472
v 0.00347079 0.01741035 0.00695455
v 0.00380306 0.01701039 0.00719657
v 0.00400000 0.01701039 0.00684845
v 0.00400000 0.01676992 0.00684845
v 0.00400000 0.01676992 0.00200451
v 0.00365053 0.01741035 0.00663685
v 0.00332227 0.01741035 0.00662892
v 0.00000000 0.01741035 0.00442648
v -0.00337614 0.01741035 0.00222273
v 0.00365053 0.01741035 0.00221611
v 0.00400000 0.01701039 0.00200451
v 0.00332227 0.01741035 0.00222404
v 0.00380306 0.01701039 0.00165639
v 0.00380306 0.01676992 0.00165639
v 0.00019998 0.01676992 -0.00050890
v 0.00347079 0.01741035 0.00189841
v 0.00018251 0.01741035 -0.00007770
v 0.00000000 0.01741035 0.00021824
v 0.00019998 0.01701039 -0.00050890
v -0.00019998 0.01701039 -0.00050890
v -0.00019998 0.01676992 -0.00050890
v -0.00018251 0.01741035 -0.00007770
v -0.00380306 0.01701039 0.00165639
v -0.00347080 0.01741035 0.00189841
v -0.00365053 0.01741035 0.00221611
v -0.00333422 0.01741035 0.00219785
v -0.00332227 0.01741035 0.00222404
v 0.00687234 0.01676992 -0.05644017
v 0.00727231 0.01701039 -0.05604022
v 0.00727231 0.01676992 -0.05604022
v 0.00687234 0.01701039 -0.05644017
v 0.00687234 0.01676992 -0.06199385
v 0.01647238 0.01701039 -0.05604022
v 0.01647238 0.01676992 -0.05604022
v 0.00687234 0.01701039 -0.06199385
v 0.00727231 0.01676992 -0.06239381
v 0.00727231 0.01741035 -0.05644017
v 0.01687234 0.01701039 -0.05644017
v 0.01687234 0.01676992 -0.05644017
v 0.00727231 0.01741035 -0.06199385
v 0.00727231 0.01701039 -0.06239381
v 0.01647238 0.01676992 -0.06239381
v 0.01647238 0.01741035 -0.05644017
v 0.01687234 0.01701039 -0.06199385
v 0.01687234 0.01676992 -0.06199385
v 0.01647238 0.01741035 -0.06199385
v 0.01647238 0.01701039 -0.06239381
v -0.00469246 0.01676992 0.06371186
v -0.00429250 0.01701039 0.06411182
v -0.00429250 0.01676992 0.06411182
v -0.00469246 0.01701039 0.06371186
v -0.00469246 0.01676992 0.06007599
v 0.00432249 0.01701039 0.06411182
v 0.00432249 0.01676992 0.06411182
v -0.00469246 0.01701039 0.06007599
v -0.00429250 0.01676992 0.05967603
v -0.00429250 0.01741035 0.06371186
v 0.00472245 0.01701039 0.06371186
v 0.00472245 0.01676992 0.06371186
v -0.00429250 0.01741035 0.06007599
v -0.00429250 0.01701039 0.05967603
v 0.00432249 0.01676992 0.05967603
v 0.00432249 0.01741035 0.06371186
v 0.00472245 0.01701039 0.06007599
v 0.00472245 0.01676992 0.06007599
v 0.00432249 0.01741035 0.06007599
v 0.00432249 0.01701039 0.05967603
v 0.00606848 0.01676992 -0.00246400
v 0.00646844 0.01749002 -0.00206404
v 0.00646844 0.01676992 -0.00206404
v 0.00606848 0.01749002 -0.00246400
v 0.00606848 0.01676992 -0.00602557
v 0.01593567 0.01749002 -0.00206404
v 0.01593567 0.01676992 -0.00206404
v 0.00606848 0.01717282 -0.00602557
v 0.00606848 0.01676992 -0.00958713
v 0.00646844 0.01788998 -0.00246400
v 0.01633563 0.01749002 -0.00246400
v 0.01633563 0.01676992 -0.00246400
v 0.01593567 0.01788998 -0.00246400
v 0.01633563 0.01717282 -0.00602557
v 0.01633563 0.01676992 -0.00602557
v 0.00646844 0.01757278 -0.00602557
v 0.01593567 0.01757278 -0.00602557
v 0.01633563 0.01702021 -0.00958713
v 0.01633563 0.01676992 -0.00958713
v 0.01593567 0.01742017 -0.00958713
v 0.01633563 0.01701039 -0.01314869
v 0.01633563 0.01676992 -0.01314869
v 0.00646844 0.01742017 -0.00958713
v 0.01633563 0.01702021 -0.01671026
v 0.01633563 0.01676992 -0.01671026
v 0.01593567 0.01741035 -0.01314869
v 0.00606848 0.01702021 -0.00958713
v 0.00606848 0.01676992 -0.01314869
v 0.01633563 0.01717282 -0.02027182
v 0.01633563 0.01676992 -0.02027182
v 0.01593567 0.01742017 -0.01671026
v 0.00646844 0.01741035 -0.01314869
v 0.00606848 0.01701039 -0.01314869
v 0.00606848 0.01676992 -0.01671026
v 0.01633563 0.01749002 -0.02383338
v 0.01633563 0.01676992 -0.02383338
v 0.01593567 0.01757278 -0.02027182
v 0.00646844 0.01742017 -0.01671026
v 0.00606848 0.01702021 -0.01671026
v 0.00606848 0.01676992 -0.02027182
v 0.01593567 0.01749002 -0.02423334
v 0.01593567 0.01676992 -0.02423334
v 0.01593567 0.01788998 -0.02383338
v 0.00646844 0.01757278 -0.02027182
v 0.00606848 0.01717282 -0.02027182
v 0.00606848 0.01676992 -0.02383338
v 0.00646844 0.01749002 -0.02423334
v 0.00646844 0.01676992 -0.02423334
v 0.00646844 0.01788998 -0.02383338
v 0.00606848 0.01749002 -0.02383338
v -0.01624659 0.01676992 -0.00246400
v -0.01584663 0.01749002 -0.00206404
v -0.01584663 0.01676992 -0.00206404
v -0.01624659 0.01749002 -0.00246400
v -0.01624659 0.01676992 -0.00602557
v -0.00637940 0.01749002 -0.00206404
v -0.00637940 0.01676992 -0.00206404
v -0.01624659 0.01717282 -0.00602557
v -0.01624659 0.01676992 -0.00958713
v -0.01584663 0.01788998 -0.00246400
v -0.00597944 0.01749002 -0.00246400
v -0.00597944 0.01676992 -0.00246400
v -0.00637940 0.01788998 -0.00246400
v -0.00597944 0.01717282 -0.00602557
v -0.00597944 0.01676992 -0.00602557
v -0.01584663 0.01757278 -0.00602557
v -0.00637940 0.01757278 -0.00602557
v -0.00597944 0.01702021 -0.00958713
v -0.00597944 0.01676992 -0.00958713
v -0.00637940 0.01742017 -0.00958713
v -0.00597944 0.01701039 -0.01314869
v -0.00597944 0.01676992 -0.01314869
v -0.01584663 0.01742017 -0.00958713
v -0.00597944 0.01702021 -0.01671026
v -0.00597944 0.01676992 -0.01671026
v -0.00637940 0.01741035 -0.01314869
v -0.01624659 0.01702021 -0.00958713
v -0.01624659 0.01676992 -0.01314869
v -0.00597944 0.01717282 -0.02027182
v -0.00597944 0.01676992 -0.02027182
v -0.00637940 0.01742017 -0.01671026
v -0.01584663 0.01741035 -0.01314869
v -0.01624659 0.01701039 -0.01314869
v -0.01624659 0.01676992 -0.01671026
v -0.00597944 0.01749002 -0.02383338
v -0.00597944 0.01676992 -0.02383338
v -0.00637940 0.01757278 -0.02027182
v -0.01584663 0.01742017 -0.01671026
v -0.01624659 0.01702021 -0.01671026
v -0.01624659 0.01676992 -0.02027182
v -0.00637940 0.01749002 -0.02423334
v -0.00637940 0.01676992 -0.02423334
v -0.00637940 0.01788998 -0.02383338
v -0.01584663 0.01757278 -0.02027182
v -0.01624659 0.01717282 -0.02027182
v -0.01624659 0.01676992 -0.02383338
v -0.01584663 0.01749002 -0.02423334
v -0.01584663 0.01676992 -0.02423334
v -0.01584663 0.01788998 -0.02383338
v -0.01624659 0.01749002 -0.02383338
v -0.00283803 0.01676992 0.03288211
v -0.00323799 0.01701039 0.03328207
v -0.00323799 0.01676992 0.03328207
v -0.00283803 0.01701039 0.03288211
v 0.00271565 0.01676992 0.03288211
v -0.00260606 0.01701039 0.04248215
v -0.00260606 0.01676992 0.04248215
v 0.00271565 0.01701039 0.03288211
v 0.00311561 0.01676992 0.03328207
v -0.00283803 0.01741035 0.03328207
v -0.00220610 0.01701039 0.04288211
v -0.00220610 0.01676992 0.04288211
v 0.00271565 0.01741035 0.03328207
v 0.00311561 0.01701039 0.03328207
v 0.00263237 0.01676992 0.04248215
v -0.00220610 0.01741035 0.04248215
v 0.00223240 0.01701039 0.04288211
v 0.00223240 0.01676992 0.04288211
v 0.00223240 0.01741035 0.04248215
v 0.00263237 0.01701039 0.04248215
v 0.00271565 0.01676992 0.02336041
v 0.00311561 0.01701039 0.02296045
v 0.00311561 0.01676992 0.02296045
v 0.00271565 0.01701039 0.02336041
v -0.00283803 0.01676992 0.02336041
v 0.00248367 0.01701039 0.01376037
v 0.00248367 0.01676992 0.01376037
v -0.00283803 0.01701039 0.02336041
v -0.00323799 0.01676992 0.02296045
v 0.00271565 0.01741035 0.02296045
v 0.00208371 0.01701039 0.01336041
v 0.00208371 0.01676992 0.01336041
v -0.00283803 0.01741035 0.02296045
v -0.00323799 0.01701039 0.02296045
v -0.00275475 0.01676992 0.01376037
v 0.00208371 0.01741035 0.01376037
v -0.00235479 0.01701039 0.01336041
v -0.00235479 0.01676992 0.01336041
v -0.00235479 0.01741035 0.01376037
v -0.00275475 0.01701039 0.01376037
v -0.00622730 0.01676992 0.02526730
v -0.00662726 0.01701039 0.02486734
v -0.00662726 0.01676992 0.02486734
v -0.00622730 0.01701039 0.02526730
v -0.00622730 0.01676992 0.03082098
v -0.01582734 0.01701039 0.02549928
v -0.01582734 0.01676992 0.02549928
v -0.00622730 0.01701039 0.03082098
v -0.00662726 0.01676992 0.03122094
v -0.00662726 0.01741035 0.02526730
v -0.01622730 0.01701039 0.02589924
v -0.01622730 0.01676992 0.02589924
v -0.00662726 0.01741035 0.03082098
v -0.00662726 0.01701039 0.03122094
v -0.01582734 0.01676992 0.03073770
v -0.01582734 0.01741035 0.02589924
v -0.01622730 0.01701039 0.03033774
v -0.01622730 0.01676992 0.03033774
v -0.01582734 0.01741035 0.03033774
v -0.01582734 0.01701039 0.03073770
v 0.00616447 0.01676992 0.03082098
v 0.00656443 0.01701039 0.03122094
v 0.00656443 0.01676992 0.03122094
v 0.00616447 0.01701039 0.03082098
v 0.00616447 0.01676992 0.02526730
v 0.01576451 0.01701039 0.03058900
v 0.01576451 0.01676992 0.03058900
v 0.00616447 0.01701039 0.02526730
v 0.00656443 0.01676992 0.02486735
v 0.00656443 0.01741035 0.03082098
v 0.01616447 0.01701039 0.03018905
v 0.01616447 0.01676992 0.03018905
v 0.00656443 0.01741035 0.02526730
v 0.00656443 0.01701039 0.02486735
v 0.01576451 0.01676992 0.02535058
v 0.01576451 0.01741035 0.03018905
v 0.01616447 0.01701039 0.02575054
v 0.01616447 0.01676992 0.02575054
v 0.01576451 0.01741035 0.02575054
v 0.01576451 0.01701039 0.02535058
v -0.01640195 0.01676992 0.04171359
v -0.01600199 0.01701039 0.04211355
v -0.01600199 0.01676992 0.04211355
v -0.01640195 0.01701039 0.04171359
v -0.01640195 0.01676992 0.03575807
v -0.00725920 0.01701039 0.04211355
v -0.00725920 0.01676992 0.04211355
v -0.01640195 0.01701039 0.03575807
v -0.01600199 0.01676992 0.03535811
v -0.01600199 0.01741035 0.04171359
v -0.00685924 0.01701039 0.04171359
v -0.00685924 0.01676992 0.04171359
v -0.01600199 0.01741035 0.03575807
v -0.01600199 0.01701039 0.03535811
v -0.00725920 0.01676992 0.03535811
v -0.00725920 0.01741035 0.04171359
v -0.00685924 0.01701039 0.03575807
v -0.00685924 0.01676992 0.03575807
v -0.00725920 0.01741035 0.03575807
v -0.00725920 0.01701039 0.03535811
v 0.00654453 0.01676992 0.04171359
v 0.00694449 0.01701039 0.04211355
v 0.00694449 0.01676992 0.04211355
v 0.00654453 0.01701039 0.04171359
v 0.00654453 0.01676992 0.03575807
v 0.01568728 0.01701039 0.04211355
v 0.01568728 0.01676992 0.04211355
v 0.00654453 0.01701039 0.03575807
v 0.00694449 0.01676992 0.03535811
v 0.00694449 0.01741035 0.04171359
v 0.01608723 0.01701039 0.04171359
v 0.01608723 0.01676992 0.04171359
v 0.00694449 0.01741035 0.03575807
v 0.00694449 0.01701039 0.03535811
v 0.01568728 0.01676992 0.03535811
v 0.01568728 0.01741035 0.04171359
v 0.01608723 0.01701039 0.03575807
v 0.01608723 0.01676992 0.03575807
v 0.01568728 0.01741035 0.03575807
v 0.01568728 0.01701039 0.03535811
v -0.00787948 0.01677415 -0.08124501
v -0.00787948 0.01700967 -0.08124501
v -0.00883788 0.01700967 -0.08267935
v -0.00883788 0.01677415 -0.08267935
v -0.00754293 0.01677415 -0.07955309
v -0.01027222 0.01700967 -0.08363776
v -0.01027222 0.01677415 -0.08363776
v -0.00754293 0.01700967 -0.07955309
v -0.00787948 0.01677415 -0.07786115
v -0.01196414 0.01700967 -0.08397429
v -0.01196414 0.01677415 -0.08397429
v -0.00787948 0.01700967 -0.07786115
v -0.00883788 0.01677415 -0.07642681
v -0.01365607 0.01700967 -0.08363776
v -0.01365607 0.01677415 -0.08363776
v -0.00883788 0.01700967 -0.07642681
v -0.01027223 0.01677415 -0.07546841
v -0.01509042 0.01700967 -0.08267937
v -0.01509042 0.01677415 -0.08267937
v -0.01027223 0.01700967 -0.07546841
v -0.01196415 0.01677415 -0.07513187
v -0.01604882 0.01700967 -0.08124502
v -0.01604882 0.01677415 -0.08124502
v -0.01196415 0.01700967 -0.07513187
v -0.01365608 0.01677415 -0.07546841
v -0.01638536 0.01700967 -0.07955309
v -0.01638536 0.01677415 -0.07955309
v -0.01365608 0.01700967 -0.07546841
v -0.01509042 0.01677415 -0.07642681
v -0.01604882 0.01700967 -0.07786117
v -0.01604882 0.01677415 -0.07786117
v -0.01509042 0.01700967 -0.07642681
v -0.01572060 0.01739863 -0.08110906
v -0.01603010 0.01739863 -0.07955309
v -0.01196415 0.01739863 -0.07955309
v -0.01483921 0.01739863 -0.08242816
v -0.01572060 0.01739863 -0.07799712
v -0.01352012 0.01739863 -0.08330955
v -0.01483921 0.01739863 -0.07667802
v -0.01196414 0.01739863 -0.08361904
v -0.01352013 0.01739863 -0.07579663
v -0.01040817 0.01739863 -0.08330955
v -0.01196415 0.01739863 -0.07548713
v -0.00908908 0.01739863 -0.08242815
v -0.01040817 0.01739863 -0.07579663
v -0.00820769 0.01739863 -0.08110906
v -0.00908908 0.01739863 -0.07667802
v -0.00789819 0.01739863 -0.07955309
v -0.00820769 0.01739863 -0.07799710
v 0.00687234 0.01676992 -0.06631083
v 0.00727231 0.01701039 -0.06591087
v 0.00727231 0.01676992 -0.06591087
v 0.00687234 0.01701039 -0.06631083
v 0.00687234 0.01676992 -0.07186450
v 0.01647238 0.01701039 -0.06591087
v 0.01647238 0.01676992 -0.06591087
v 0.00687234 0.01701039 -0.07186450
v 0.00727231 0.01676992 -0.07226446
v 0.00727231 0.01741035 -0.06631083
v 0.01687234 0.01701039 -0.06631083
v 0.01687234 0.01676992 -0.06631083
v 0.00727231 0.01741035 -0.07186450
v 0.00727231 0.01701039 -0.07226446
v 0.01647238 0.01676992 -0.07226446
v 0.01647238 0.01741035 -0.06631083
v 0.01687234 0.01701039 -0.07186450
v 0.01687234 0.01676992 -0.07186450
v 0.01647238 0.01741035 -0.07186450
v 0.01647238 0.01701039 -0.07226446
v -0.00500473 0.01676992 -0.06631083
v -0.00460477 0.01701039 -0.06591087
v -0.00460477 0.01676992 -0.06591087
v -0.00500473 0.01701039 -0.06631083
v -0.00500473 0.01676992 -0.07186450
v 0.00459531 0.01701039 -0.06591087
v 0.00459531 0.01676992 -0.06591087
v -0.00500473 0.01701039 -0.07186450
v -0.00460477 0.01676992 -0.07226446
v -0.00460477 0.01741035 -0.06631083
v 0.00499527 0.01701039 -0.06631083
v 0.00499527 0.01676992 -0.06631083
v -0.00460477 0.01741035 -0.07186450
v -0.00460477 0.01701039 -0.07226446
v 0.00459531 0.01676992 -0.07226446
v 0.00459531 0.01741035 -0.06631083
v 0.00499527 0.01701039 -0.07186450
v 0.00499527 0.01676992 -0.07186450
v 0.00459531 0.01741035 -0.07186450
v 0.00459531 0.01701039 -0.07226446
v -0.01683954 0.01676992 -0.06631083
v -0.01643958 0.01701039 -0.06591087
v -0.01643958 0.01676992 -0.06591087
v -0.01683954 0.01701039 -0.06631083
v -0.01683954 0.01676992 -0.07186450
v -0.00723950 0.01701039 -0.06591087
v -0.00723950 0.01676992 -0.06591087
v -0.01683954 0.01701039 -0.07186450
v -0.01643958 0.01676992 -0.07226446
v -0.01643958 0.01741035 -0.06631083
v -0.00683954 0.01701039 -0.06631083
v -0.00683954 0.01676992 -0.06631083
v -0.01643958 0.01741035 -0.07186450
v -0.01643958 0.01701039 -0.07226446
v -0.00723950 0.01676992 -0.07226446
v -0.00723950 0.01741035 -0.06631083
v -0.00683954 0.01701039 -0.07186450
v -0.00683954 0.01676992 -0.07186450
v -0.00723950 0.01741035 -0.07186450
v -0.00723950 0.01701039 -0.07226446
v 0.00118169 0.01676992 0.04918342
v 0.00158165 0.01701039 0.04958338
v 0.00158165 0.01676992 0.04958338
v 0.00118169 0.01701039 0.04918342
v 0.00118169 0.01676992 0.04554755
v 0.00691319 0.01701039 0.04958338
v 0.00691319 0.01676992 0.04958338
v 0.00118169 0.01701039 0.04554755
v 0.00158165 0.01676992 0.04514759
v 0.00158165 0.01741035 0.04918342
v 0.00731315 0.01701039 0.04918342
v 0.00731315 0.01676992 0.04918342
v 0.00158165 0.01741035 0.04554755
v 0.00158165 0.01701039 0.04514759
v 0.00691319 0.01676992 0.04514759
v 0.00691319 0.01741035 0.04918342
v 0.00731315 0.01701039 0.04554755
v 0.00731315 0.01676992 0.04554755
v 0.00691319 0.01741035 0.04554755
v 0.00691319 0.01701039 0.04514759
v -0.00760140 0.01676992 0.04918342
v -0.00720144 0.01701039 0.04958338
v -0.00720144 0.01676992 0.04958338
v -0.00760140 0.01701039 0.04918342
v -0.00760140 0.01676992 0.04554755
v -0.00186991 0.01701039 0.04958338
v -0.00186991 0.01676992 0.04958338
v -0.00760140 0.01701039 0.04554755
v -0.00720144 0.01676992 0.04514759
v -0.00720144 0.01741035 0.04918342
v -0.00146995 0.01701039 0.04918342
v -0.00146995 0.01676992 0.04918342
v -0.00720144 0.01741035 0.04554755
v -0.00720144 0.01701039 0.04514759
v -0.00186991 0.01676992 0.04514759
v -0.00186991 0.01741035 0.04918342
v -0.00146995 0.01701039 0.04554755
v -0.00146995 0.01676992 0.04554755
v -0.00186991 0.01741035 0.04554755
v -0.00186991 0.01701039 0.04514759
v -0.01637549 0.01676992 0.04918342
v -0.01597553 0.01701039 0.04958338
v -0.01597553 0.01676992 0.04958338
v -0.01637549 0.01701039 0.04918342
v -0.01637549 0.01676992 0.04554755
v -0.01064400 0.01701039 0.04958338
v -0.01064400 0.01676992 0.04958338
v -0.01637549 0.01701039 0.04554755
v -0.01597553 0.01676992 0.04514759
v -0.01597553 0.01741035 0.04918342
v -0.01024403 0.01701039 0.04918342
v -0.01024403 0.01676992 0.04918342
v -0.01597553 0.01741035 0.04554755
v -0.01597553 0.01701039 0.04514759
v -0.01064400 0.01676992 0.04514759
v -0.01064400 0.01741035 0.04918342
v -0.01024403 0.01701039 0.04554755
v -0.01024403 0.01676992 0.04554755
v -0.01064400 0.01741035 0.04554755
v -0.01064400 0.01701039 0.04514759
v 0.00995578 0.01676992 0.04918342
v 0.01035574 0.01701039 0.04958338
v 0.01035574 0.01676992 0.04958338
v 0.00995578 0.01701039 0.04918342
v 0.00995578 0.01676992 0.04554755
v 0.01568728 0.01701039 0.04958338
v 0.01568728 0.01676992 0.04958338
v 0.00995578 0.01701039 0.04554755
v 0.01035574 0.01676992 0.04514759
v 0.01035574 0.01741035 0.04918342
v 0.01608723 0.01701039 0.04918342
v 0.01608723 0.01676992 0.04918342
v 0.01035574 0.01741035 0.04554755
v 0.01035574 0.01701039 0.04514759
v 0.01568728 0.01676992 0.04514759
v 0.01568728 0.01741035 0.04918342
v 0.01608723 0.01701039 0.04554755
v 0.01608723 0.01676992 0.04554755
v 0.01568728 0.01741035 0.04554755
v 0.01568728 0.01701039 0.04514759
v -0.00353499 0.01676992 -0.01640824
v -0.00313503 0.01701039 -0.01600828
v -0.00313503 0.01676992 -0.01600828
v -0.00353499 0.01701039 -0.01640824
v -0.00353499 0.01676992 -0.02343828
v 0.00296076 0.01701039 -0.01600828
v 0.00296076 0.01676992 -0.01600828
v -0.00353499 0.01701039 -0.02343828
v -0.00313503 0.01676992 -0.02383824
v -0.00313503 0.01741035 -0.01640824
v 0.00336073 0.01701039 -0.01640824
v 0.00336073 0.01676992 -0.01640824
v -0.00313503 0.01741035 -0.02343828
v -0.00313503 0.01701039 -0.02383824
v 0.00296076 0.01676992 -0.02383824
v 0.00296076 0.01741035 -0.01640824
v 0.00336073 0.01701039 -0.02343828
v 0.00336073 0.01676992 -0.02343828
v 0.00296076 0.01741035 -0.02343828
v 0.00296076 0.01701039 -0.02383824
v -0.00353499 0.01676992 -0.00389688
v -0.00313503 0.01701039 -0.00349692
v -0.00313503 0.01676992 -0.00349692
v -0.00353499 0.01701039 -0.00389688
v -0.00353499 0.01676992 -0.01092692
v 0.00296076 0.01701039 -0.00349692
v 0.00296076 0.01676992 -0.00349692
v -0.00353499 0.01701039 -0.01092692
v -0.00313503 0.01676992 -0.01132688
v -0.00313503 0.01741035 -0.00389688
v 0.00336073 0.01701039 -0.00389688
v 0.00336073 0.01676992 -0.00389688
v -0.00313503 0.01741035 -0.01092692
v -0.00313503 0.01701039 -0.01132688
v 0.00296076 0.01676992 -0.01132688
v 0.00296076 0.01741035 -0.00389688
v 0.00336073 0.01701039 -0.01092692
v 0.00336073 0.01676992 -0.01092692
v 0.00296076 0.01741035 -0.01092692
v 0.00296076 0.01701039 -0.01132688
v -0.00353499 0.01676992 0.03090904
v -0.00313503 0.01701039 0.03130900
v -0.00313503 0.01676992 0.03130900
v -0.00353499 0.01701039 0.03090904
v -0.00353499 0.01676992 0.02502633
v 0.00296076 0.01701039 0.03130900
v 0.00296076 0.01676992 0.03130900
v -0.00353499 0.01701039 0.02502633
v -0.00313503 0.01676992 0.02462637
v -0.00313503 0.01741035 0.03090904
v 0.00336073 0.01701039 0.03090904
v 0.00336073 0.01676992 0.03090904
v -0.00313503 0.01741035 0.02502633
v -0.00313503 0.01701039 0.02462637
v 0.00296076 0.01676992 0.02462637
v 0.00296076 0.01741035 0.03090904
v 0.00336073 0.01701039 0.02502633
v 0.00336073 0.01676992 0.02502633
v 0.00296076 0.01741035 0.02502633
v 0.00296076 0.01701039 0.02462637
v -0.01644163 0.01676992 0.05689489
v -0.01604167 0.01701039 0.05729485
v -0.01604167 0.01676992 0.05729485
v -0.01644163 0.01701039 0.05689489
v -0.01644163 0.01676992 0.05325903
v -0.00742668 0.01701039 0.05729485
v -0.00742668 0.01676992 0.05729485
v -0.01644163 0.01701039 0.05325903
v -0.01604167 0.01676992 0.05285907
v -0.01604167 0.01741035 0.05689489
v -0.00702672 0.01701039 0.05689489
v -0.00702672 0.01676992 0.05689489
v -0.01604167 0.01741035 0.05325903
v -0.01604167 0.01701039 0.05285907
v -0.00742668 0.01676992 0.05285907
v -0.00742668 0.01741035 0.05689489
v -0.00702672 0.01701039 0.05325903
v -0.00702672 0.01676992 0.05325903
v -0.00742668 0.01741035 0.05325903
v -0.00742668 0.01701039 0.05285907
v -0.01644163 0.01676992 0.06371186
v -0.01604167 0.01701039 0.06411182
v -0.01604167 0.01676992 0.06411182
v -0.01644163 0.01701039 0.06371186
v -0.01644163 0.01676992 0.06007599
v -0.00742668 0.01701039 0.06411182
v -0.00742668 0.01676992 0.06411182
v -0.01644163 0.01701039 0.06007599
v -0.01604167 0.01676992 0.05967603
v -0.01604167 0.01741035 0.06371186
v -0.00702672 0.01701039 0.06371186
v -0.00702672 0.01676992 0.06371186
v -0.01604167 0.01741035 0.06007599
v -0.01604167 0.01701039 0.05967603
v -0.00742668 0.01676992 0.05967603
v -0.00742668 0.01741035 0.06371186
v -0.00702672 0.01701039 0.06007599
v -0.00702672 0.01676992 0.06007599
v -0.00742668 0.01741035 0.06007599
v -0.00742668 0.01701039 0.05967603
v -0.01644163 0.01676992 0.07059622
v -0.01604167 0.01701039 0.07099618
v -0.01604167 0.01676992 0.07099618
v -0.01644163 0.01701039 0.07059622
v -0.01644163 0.01676992 0.06696035
v -0.00742668 0.01701039 0.07099618
v -0.00742668 0.01676992 0.07099618
v -0.01644163 0.01701039 0.06696035
v -0.01604167 0.01676992 0.06656039
v -0.01604167 0.01741035 0.07059622
v -0.00702672 0.01701039 0.07059622
v -0.00702672 0.01676992 0.07059622
v -0.01604167 0.01741035 0.06696035
v -0.01604167 0.01701039 0.06656039
v -0.00742668 0.01676992 0.06656039
v -0.00742668 0.01741035 0.07059622
v -0.00702672 0.01701039 0.06696035
v -0.00702672 0.01676992 0.06696035
v -0.00742668 0.01741035 0.06696035
v -0.00742668 0.01701039 0.06656039
v -0.01644163 0.01676992 0.07722079
v -0.01604167 0.01701039 0.07762075
v -0.01604167 0.01676992 0.07762075
v -0.01644163 0.01701039 0.07722079
v -0.01644163 0.01676992 0.07358493
v -0.00742668 0.01701039 0.07762075
v -0.00742668 0.01676992 0.07762075
v -0.01644163 0.01701039 0.07358493
v -0.01604167 0.01676992 0.07318497
v -0.01604167 0.01741035 0.07722079
v -0.00702672 0.01701039 0.07722079
v -0.00702672 0.01676992 0.07722079
v -0.01604167 0.01741035 0.07358493
v -0.01604167 0.01701039 0.07318497
v -0.00742668 0.01676992 0.07318497
v -0.00742668 0.01741035 0.07722079
v -0.00702672 0.01701039 0.07358493
v -0.00702672 0.01676992 0.07358493
v -0.00742668 0.01741035 0.07358493
v -0.00742668 0.01701039 0.07318497
v -0.00469246 0.01676992 0.05689489
v -0.00429250 0.01701039 0.05729485
v -0.00429250 0.01676992 0.05729485
v -0.00469246 0.01701039 0.05689489
v -0.00469246 0.01676992 0.05325903
v 0.00432249 0.01701039 0.05729485
v 0.00432249 0.01676992 0.05729485
v -0.00469246 0.01701039 0.05325903
v -0.00429250 0.01676992 0.05285907
v -0.00429250 0.01741035 0.05689489
v 0.00472245 0.01701039 0.05689489
v 0.00472245 0.01676992 0.05689489
v -0.00429250 0.01741035 0.05325903
v -0.00429250 0.01701039 0.05285907
v 0.00432249 0.01676992 0.05285907
v 0.00432249 0.01741035 0.05689489
v 0.00472245 0.01701039 0.05325903
v 0.00472245 0.01676992 0.05325903
v 0.00432249 0.01741035 0.05325903
v 0.00432249 0.01701039 0.05285907
v 0.00677483 0.01676992 0.07059622
v 0.00717479 0.01701039 0.07099618
v 0.00717479 0.01676992 0.07099618
v 0.00677483 0.01701039 0.07059622
v 0.00677483 0.01676992 0.06696035
v 0.01578978 0.01701039 0.07099618
v 0.01578978 0.01676992 0.07099618
v 0.00677483 0.01701039 0.06696035
v 0.00717479 0.01676992 0.06656039
v 0.00717479 0.01741035 0.07059622
v 0.01618974 0.01701039 0.07059622
v 0.01618974 0.01676992 0.07059622
v 0.00717479 0.01741035 0.06696035
v 0.00717479 0.01701039 0.06656039
v 0.01578978 0.01676992 0.06656039
v 0.01578978 0.01741035 0.07059622
v 0.01618974 0.01701039 0.06696035
v 0.01618974 0.01676992 0.06696035
v 0.01578978 0.01741035 0.06696035
v 0.01578978 0.01701039 0.06656039
v 0.00677483 0.01676992 0.06371186
v 0.00717479 0.01701039 0.06411182
v 0.00717479 0.01676992 0.06411182
v 0.00677483 0.01701039 0.06371186
v 0.00677483 0.01676992 0.06007599
v 0.01578978 0.01701039 0.06411182
v 0.01578978 0.01676992 0.06411182
v 0.00677483 0.01701039 0.06007599
v 0.00717479 0.01676992 0.05967603
v 0.00717479 0.01741035 0.06371186
v 0.01618974 0.01701039 0.06371186
v 0.01618974 0.01676992 0.06371186
v 0.00717479 0.01741035 0.06007599
v 0.00717479 0.01701039 0.05967603
v 0.01578978 0.01676992 0.05967603
v 0.01578978 0.01741035 0.06371186
v 0.01618974 0.01701039 0.06007599
v 0.01618974 0.01676992 0.06007599
v 0.01578978 0.01741035 0.06007599
v 0.01578978 0.01701039 0.05967603
v 0.00677483 0.01676992 0.05689489
v 0.00717479 0.01701039 0.05729485
v 0.00717479 0.01676992 0.05729485
v 0.00677483 0.01701039 0.05689489
v 0.00677483 0.01676992 0.05325903
v 0.01578978 0.01701039 0.05729485
v 0.01578978 0.01676992 0.05729485
v 0.00677483 0.01701039 0.05325903
v 0.00717479 0.01676992 0.05285907
v 0.00717479 0.01741035 0.05689489
v 0.01618974 0.01701039 0.05689489
v 0.01618974 0.01676992 0.05689489
v 0.00717479 0.01741035 0.05325903
v 0.00717479 0.01701039 0.05285907
v 0.01578978 0.01676992 0.05285907
v 0.01578978 0.01741035 0.05689489
v 0.01618974 0.01701039 0.05325903
v 0.01618974 0.01676992 0.05325903
v 0.01578978 0.01741035 0.05325903
v 0.01578978 0.01701039 0.05285907
v -0.01683954 0.01676992 -0.04714713
v -0.01643958 0.01701039 -0.04674717
v -0.01643958 0.01676992 -0.04674717
v -0.01683954 0.01701039 -0.04714713
v -0.01683954 0.01676992 -0.05270080
v -0.00723950 0.01701039 -0.04674717
v -0.00723950 0.01676992 -0.04674717
v -0.01683954 0.01701039 -0.05270080
v -0.01643958 0.01676992 -0.05310076
v -0.01643958 0.01741035 -0.04714713
v -0.00683954 0.01701039 -0.04714713
v -0.00683954 0.01676992 -0.04714713
v -0.01643958 0.01741035 -0.05270080
v -0.01643958 0.01701039 -0.05310076
v -0.00723950 0.01676992 -0.05310076
v -0.00723950 0.01741035 -0.04714713
v -0.00683954 0.01701039 -0.05270080
v -0.00683954 0.01676992 -0.05270080
v -0.00723950 0.01741035 -0.05270080
v -0.00723950 0.01701039 -0.05310076
v -0.00500473 0.01676992 -0.04714713
v -0.00460477 0.01701039 -0.04674717
v -0.00460477 0.01676992 -0.04674717
v -0.00500473 0.01701039 -0.04714713
v -0.00500473 0.01676992 -0.05270080
v 0.00459531 0.01701039 -0.04674717
v 0.00459531 0.01676992 -0.04674717
v -0.00500473 0.01701039 -0.05270080
v -0.00460477 0.01676992 -0.05310076
v -0.00460477 0.01741035 -0.04714713
v 0.00499527 0.01701039 -0.04714713
v 0.00499527 0.01676992 -0.04714713
v -0.00460477 0.01741035 -0.05270080
v -0.00460477 0.01701039 -0.05310076
v 0.00459531 0.01676992 -0.05310076
v 0.00459531 0.01741035 -0.04714713
v 0.00499527 0.01701039 -0.05270080
v 0.00499527 0.01676992 -0.05270080
v 0.00459531 0.01741035 -0.05270080
v 0.00459531 0.01701039 -0.05310076
v -0.00500473 0.01676992 -0.03786141
v -0.00460477 0.01701039 -0.03746145
v -0.00460477 0.01676992 -0.03746145
v -0.00500473 0.01701039 -0.03786141
v -0.00500473 0.01676992 -0.04341508
v 0.00459531 0.01701039 -0.03746145
v 0.00459531 0.01676992 -0.03746145
v -0.00500473 0.01701039 -0.04341508
v -0.00460477 0.01676992 -0.04381504
v -0.00460477 0.01741035 -0.03786141
v 0.00499527 0.01701039 -0.03786141
v 0.00499527 0.01676992 -0.03786141
v -0.00460477 0.01741035 -0.04341508
v -0.00460477 0.01701039 -0.04381504
v 0.00459531 0.01676992 -0.04381504
v 0.00459531 0.01741035 -0.03786141
v 0.00499527 0.01701039 -0.04341508
v 0.00499527 0.01676992 -0.04341508
v 0.00459531 0.01741035 -0.04341508
v 0.00459531 0.01701039 -0.04381504
v 0.00687234 0.01676992 -0.03786141
v 0.00727231 0.01701039 -0.03746145
v 0.00727231 0.01676992 -0.03746145
v 0.00687234 0.01701039 -0.03786141
v 0.00687234 0.01676992 -0.04341508
v 0.01647238 0.01701039 -0.03746145
v 0.01647238 0.01676992 -0.03746145
v 0.00687234 0.01701039 -0.04341508
v 0.00727231 0.01676992 -0.04381504
v 0.00727231 0.01741035 -0.03786141
v 0.01687234 0.01701039 -0.03786141
v 0.01687234 0.01676992 -0.03786141
v 0.00727231 0.01741035 -0.04341508
v 0.00727231 0.01701039 -0.04381504
v 0.01647238 0.01676992 -0.04381504
v 0.01647238 0.01741035 -0.03786141
v 0.01687234 0.01701039 -0.04341508
v 0.01687234 0.01676992 -0.04341508
v 0.01647238 0.01741035 -0.04341508
v 0.01647238 0.01701039 -0.04381504
v 0.00687234 0.01676992 -0.04714713
v 0.00727231 0.01701039 -0.04674717
v 0.00727231 0.01676992 -0.04674717
v 0.00687234 0.01701039 -0.04714713
v 0.00687234 0.01676992 -0.05270080
v 0.01647238 0.01701039 -0.04674717
v 0.01647238 0.01676992 -0.04674717
v 0.00687234 0.01701039 -0.05270080
v 0.00727231 0.01676992 -0.05310076
v 0.00727231 0.01741035 -0.04714713
v 0.01687234 0.01701039 -0.04714713
v 0.01687234 0.01676992 -0.04714713
v 0.00727231 0.01741035 -0.05270080
v 0.00727231 0.01701039 -0.05310076
v 0.01647238 0.01676992 -0.05310076
v 0.01647238 0.01741035 -0.04714713
v 0.01687234 0.01701039 -0.05270080
v 0.01687234 0.01676992 -0.05270080
v 0.01647238 0.01741035 -0.05270080
v 0.01647238 0.01701039 -0.05310076
v -0.01683954 0.01676992 -0.05644017
v -0.01643958 0.01701039 -0.05604022
v -0.01643958 0.01676992 -0.05604022
v -0.01683954 0.01701039 -0.05644017
v -0.01683954 0.01676992 -0.06199385
v -0.00723950 0.01701039 -0.05604022
v -0.00723950 0.01676992 -0.05604022
v -0.01683954 0.01701039 -0.06199385
v -0.01643958 0.01676992 -0.06239381
v -0.01643958 0.01741035 -0.05644017
v -0.00683954 0.01701039 -0.05644017
v -0.00683954 0.01676992 -0.05644017
v -0.01643958 0.01741035 -0.06199385
v -0.01643958 0.01701039 -0.06239381
v -0.00723950 0.01676992 -0.06239381
v -0.00723950 0.01741035 -0.05644017
v -0.00683954 0.01701039 -0.06199385
v -0.00683954 0.01676992 -0.06199385
v -0.00723950 0.01741035 -0.06199385
v -0.00723950 0.01701039 -0.06239381
v -0.00500473 0.01676992 -0.05644017
v -0.00460477 0.01701039 -0.05604022
v -0.00460477 0.01676992 -0.05604022
v -0.00500473 0.01701039 -0.05644017
v -0.00500473 0.01676992 -0.06199385
v 0.00459531 0.01701039 -0.05604022
v 0.00459531 0.01676992 -0.05604022
v -0.00500473 0.01701039 -0.06199385
v -0.00460477 0.01676992 -0.06239381
v -0.00460477 0.01741035 -0.05644017
v 0.00499527 0.01701039 -0.05644017
v 0.00499527 0.01676992 -0.05644017
v -0.00460477 0.01741035 -0.06199385
v -0.00460477 0.01701039 -0.06239381
v 0.00459531 0.01676992 -0.06239381
v 0.00459531 0.01741035 -0.05644017
v 0.00499527 0.01701039 -0.06199385
v 0.00499527 0.01676992 -0.06199385
v 0.00459531 0.01741035 -0.06199385
v 0.00459531 0.01701039 -0.06239381
v -0.00500473 0.01676992 -0.02836310
v -0.00460477 0.01701039 -0.02796314
v -0.00460477 0.01676992 -0.02796314
v -0.00500473 0.01701039 -0.02836310
v -0.00500473 0.01676992 -0.03391678
v 0.00459531 0.01701039 -0.02796314
v 0.00459531 0.01676992 -0.02796314
v -0.00500473 0.01701039 -0.03391678
v -0.00460477 0.01676992 -0.03431673
v -0.00460477 0.01741035 -0.02836310
v 0.00499527 0.01701039 -0.02836310
v 0.00499527 0.01676992 -0.02836310
v -0.00460477 0.01741035 -0.03391678
v -0.00460477 0.01701039 -0.03431673
v 0.00459531 0.01676992 -0.03431673
v 0.00459531 0.01741035 -0.02836310
v 0.00499527 0.01701039 -0.03391678
v 0.00499527 0.01676992 -0.03391678
v 0.00459531 0.01741035 -0.03391678
v 0.00459531 0.01701039 -0.03431673
v -0.01683954 0.01676992 -0.03786141
v -0.01643958 0.01701039 -0.03746145
v -0.01643958 0.01676992 -0.03746145
v -0.01683954 0.01701039 -0.03786141
v -0.01683954 0.01676992 -0.04341508
v -0.00723950 0.01701039 -0.03746145
v -0.00723950 0.01676992 -0.03746145
v -0.01683954 0.01701039 -0.04341508
v -0.01643958 0.01676992 -0.04381504
v -0.01643958 0.01741035 -0.03786141
v -0.00683954 0.01701039 -0.03786141
v -0.00683954 0.01676992 -0.03786141
v -0.01643958 0.01741035 -0.04341508
v -0.01643958 0.01701039 -0.04381504
v -0.00723950 0.01676992 -0.04381504
v -0.00723950 0.01741035 -0.03786141
v -0.00683954 0.01701039 -0.04341508
v -0.00683954 0.01676992 -0.04341508
v -0.00723950 0.01741035 -0.04341508
v -0.00723950 0.01701039 -0.04381504
v 0.00687234 0.01676992 -0.02836310
v 0.00727231 0.01701039 -0.02796314
v 0.00727231 0.01676992 -0.02796314
v 0.00687234 0.01701039 -0.02836310
v 0.00687234 0.01676992 -0.03391678
v 0.01647238 0.01701039 -0.02796314
v 0.01647238 0.01676992 -0.02796314
v 0.00687234 0.01701039 -0.03391678
v 0.00727231 0.01676992 -0.03431673
v 0.00727231 0.01741035 -0.02836310
v 0.01687234 0.01701039 -0.02836310
v 0.01687234 0.01676992 -0.02836310
v 0.00727231 0.01741035 -0.03391678
v 0.00727231 0.01701039 -0.03431673
v 0.01647238 0.01676992 -0.03431673
v 0.01647238 0.01741035 -0.02836310
v 0.01687234 0.01701039 -0.03391678
v 0.01687234 0.01676992 -0.03391678
v 0.01647238 0.01741035 -0.03391678
v 0.01647238 0.01701039 -0.03431673
v 0.00687234 0.01676992 0.01979836
v 0.00727231 0.01701039 0.02019832
v 0.00727231 0.01676992 0.02019832
v 0.00687234 0.01701039 0.01979836
v 0.00687234 0.01676992 0.01424469
v 0.01647238 0.01701039 0.02019832
v 0.01647238 0.01676992 0.02019832
v 0.00687234 0.01701039 0.01424469
v 0.00727231 0.01676992 0.01384473
v 0.00727231 0.01741035 0.01979836
v 0.01687234 0.01701039 0.01979836
v 0.01687234 0.01676992 0.01979836
v 0.00727231 0.01741035 0.01424469
v 0.00727231 0.01701039 0.01384473
v 0.01647238 0.01676992 0.01384473
v 0.01647238 0.01741035 0.01979836
v 0.01687234 0.01701039 0.01424469
v 0.01687234 0.01676992 0.01424469
v 0.01647238 0.01741035 0.01424469
v 0.01647238 0.01701039 0.01384473
v 0.00677483 0.01676992 0.07722079
v 0.00717479 0.01701039 0.07762075
v 0.00717479 0.01676992 0.07762075
v 0.00677483 0.01701039 0.07722079
v 0.00677483 0.01676992 0.07358493
v 0.01578978 0.01701039 0.07762075
v 0.01578978 0.01676992 0.07762075
v 0.00677483 0.01701039 0.07358493
v 0.00717479 0.01676992 0.07318497
v 0.00717479 0.01741035 0.07722079
v 0.01618974 0.01701039 0.07722079
v 0.01618974 0.01676992 0.07722079
v 0.00717479 0.01741035 0.07358493
v 0.00717479 0.01701039 0.07318497
v 0.01578978 0.01676992 0.07318497
v 0.01578978 0.01741035 0.07722079
v 0.01618974 0.01701039 0.07358493
v 0.01618974 0.01676992 0.07358493
v 0.01578978 0.01741035 0.07358493
v 0.01578978 0.01701039 0.07318497
v -0.00469246 0.01676992 0.07722079
v -0.00429250 0.01701039 0.07762075
v -0.00429250 0.01676992 0.07762075
v -0.00469246 0.01701039 0.07722079
v -0.00469246 0.01676992 0.07358493
v 0.00432249 0.01701039 0.07762075
v 0.00432249 0.01676992 0.07762075
v -0.00469246 0.01701039 0.07358493
v -0.00429250 0.01676992 0.07318497
v -0.00429250 0.01741035 0.07722079
v 0.00472245 0.01701039 0.07722079
v 0.00472245 0.01676992 0.07722079
v -0.00429250 0.01741035 0.07358493
v -0.00429250 0.01701039 0.07318497
v 0.00432249 0.01676992 0.07318497
v 0.00432249 0.01741035 0.07722079
v 0.00472245 0.01701039 0.07358493
v 0.00472245 0.01676992 0.07358493
v 0.00432249 0.01741035 0.07358493
v 0.00432249 0.01701039 0.07318497
v -0.00469246 0.01676992 0.07059622
v -0.00429250 0.01701039 0.07099618
v -0.00429250 0.01676992 0.07099618
v -0.00469246 0.01701039 0.07059622
v -0.00469246 0.01676992 0.06696035
v 0.00432249 0.01701039 0.07099618
v 0.00432249 0.01676992 0.07099618
v -0.00469246 0.01701039 0.06696035
v -0.00429250 0.01676992 0.06656039
v -0.00429250 0.01741035 0.07059622
v 0.00472245 0.01701039 0.07059622
v 0.00472245 0.01676992 0.07059622
v -0.00429250 0.01741035 0.06696035
v -0.00429250 0.01701039 0.06656039
v 0.00432249 0.01676992 0.06656039
v 0.00432249 0.01741035 0.07059622
v 0.00472245 0.01701039 0.06696035
v 0.00472245 0.01676992 0.06696035
v 0.00432249 0.01741035 0.06696035
v 0.00432249 0.01701039 0.06656039
v -0.01683954 0.01676992 0.00754815
v -0.01643958 0.01701039 0.00794812
v -0.01643958 0.01676992 0.00794812
v -0.01683954 0.01701039 0.00754815
v -0.01683954 0.01676992 0.00199448
v -0.00723950 0.01701039 0.00794812
v -0.00723950 0.01676992 0.00794812
v -0.01683954 0.01701039 0.00199448
v -0.01643958 0.01676992 0.00159452
v -0.01643958 0.01741035 0.00754815
v -0.00683954 0.01701039 0.00754815
v -0.00683954 0.01676992 0.00754815
v -0.01643958 0.01741035 0.00199448
v -0.01643958 0.01701039 0.00159452
v -0.00723950 0.01676992 0.00159452
v -0.00723950 0.01741035 0.00754815
v -0.00683954 0.01701039 0.00199448
v -0.00683954 0.01676992 0.00199448
v -0.00723950 0.01741035 0.00199448
v -0.00723950 0.01701039 0.00159452
v -0.01683954 0.01676992 0.01979836
v -0.01643958 0.01701039 0.02019832
v -0.01643958 0.01676992 0.02019832
v -0.01683954 0.01701039 0.01979836
v -0.01683954 0.01676992 0.01424469
v -0.00723950 0.01701039 0.02019832
v -0.00723950 0.01676992 0.02019832
v -0.01683954 0.01701039 0.01424469
v -0.01643958 0.01676992 0.01384473
v -0.01643958 0.01741035 0.01979836
v -0.00683954 0.01701039 0.01979836
v -0.00683954 0.01676992 0.01979836
v -0.01643958 0.01741035 0.01424469
v -0.01643958 0.01701039 0.01384473
v -0.00723950 0.01676992 0.01384473
v -0.00723950 0.01741035 0.01979836
v -0.00683954 0.01701039 0.01424469
v -0.00683954 0.01676992 0.01424469
v -0.00723950 0.01741035 0.01424469
v -0.00723950 0.01701039 0.01384473
v -0.01683954 0.01676992 -0.02836310
v -0.01643958 0.01701039 -0.02796314
v -0.01643958 0.01676992 -0.02796314
v -0.01683954 0.01701039 -0.02836310
v -0.01683954 0.01676992 -0.03391678
v -0.00723950 0.01701039 -0.02796314
v -0.00723950 0.01676992 -0.02796314
v -0.01683954 0.01701039 -0.03391678
v -0.01643958 0.01676992 -0.03431673
v -0.01643958 0.01741035 -0.02836310
v -0.00683954 0.01701039 -0.02836310
v -0.00683954 0.01676992 -0.02836310
v -0.01643958 0.01741035 -0.03391678
v -0.01643958 0.01701039 -0.03431673
v -0.00723950 0.01676992 -0.03431673
v -0.00723950 0.01741035 -0.02836310
v -0.00683954 0.01701039 -0.03391678
v -0.00683954 0.01676992 -0.03391678
v -0.00723950 0.01741035 -0.03391678
v -0.00723950 0.01701039 -0.03431673
v 0.00687234 0.01676992 0.00754815
v 0.00727231 0.01701039 0.00794812
v 0.00727231 0.01676992 0.00794812
v 0.00687234 0.01701039 0.00754815
v 0.00687234 0.01676992 0.00199448
v 0.01647238 0.01701039 0.00794812
v 0.01647238 0.01676992 0.00794812
v 0.00687234 0.01701039 0.00199448
v 0.00727231 0.01676992 0.00159452
v 0.00727231 0.01741035 0.00754815
v 0.01687234 0.01701039 0.00754815
v 0.01687234 0.01676992 0.00754815
v 0.00727231 0.01741035 0.00199448
v 0.00727231 0.01701039 0.00159452
v 0.01647238 0.01676992 0.00159452
v 0.01647238 0.01741035 0.00754815
v 0.01687234 0.01701039 0.00199448
v 0.01687234 0.01676992 0.00199448
v 0.01647238 0.01741035 0.00199448
v 0.01647238 0.01701039 0.00159452
v 0.00687234 0.01676992 -0.07491195
v 0.00727231 0.01701039 -0.07451200
v 0.00727231 0.01676992 -0.07451200
v 0.00687234 0.01701039 -0.07491195
v 0.00687234 0.01676992 -0.08175580
v 0.01647238 0.01701039 -0.07451200
v 0.01647238 0.01676992 -0.07451200
v 0.00687234 0.01701039 -0.08175580
v 0.00727231 0.01676992 -0.08215576
v 0.00727231 0.01741035 -0.07491195
v 0.01687234 0.01701039 -0.07491195
v 0.01687234 0.01676992 -0.07491195
v 0.00727231 0.01741035 -0.08175580
v 0.00727231 0.01701039 -0.08215576
v 0.01647238 0.01676992 -0.08215576
v 0.01647238 0.01741035 -0.07491195
v 0.01687234 0.01701039 -0.08175580
v 0.01687234 0.01676992 -0.08175580
v 0.01647238 0.01741035 -0.08175580
v 0.01647238 0.01701039 -0.08215576
vn -0.48610300 0.48135120 0.72938660
vn -0.47576770 0.00000000 0.87957100
vn -0.55166440 0.00000000 0.83406620
vn -0.99928150 0.00000000 0.03790368
vn -0.41352670 0.47630810 0.77596810
vn 0.41352630 0.47631110 0.77596630
vn 0.47576770 0.00000000 0.87957100
vn 0.55166440 0.00000000 0.83406620
vn -0.89475550 0.44478960 0.03968402
vn -0.89475550 0.44478970 -0.03968390
vn -0.99928150 0.00000000 -0.03790368
vn -0.55166450 0.00000000 -0.83406620
vn -0.25217400 0.85230660 0.45823760
vn -0.27904500 0.86065940 0.42590990
vn -0.56937990 0.82189020 0.01740293
vn 0.25217380 0.85230710 0.45823680
vn 0.00000000 1.00000000 -0.00000052
vn 0.00000000 1.00000000 -0.00000098
vn 0.27904460 0.86066010 0.42590880
vn 0.48610290 0.48135330 0.72938530
vn 0.89475540 0.44478990 0.03968402
vn 0.99928150 0.00000000 0.03790368
vn 0.99928150 0.00000000 -0.03790368
vn 0.55679300 0.83047690 0.01701839
vn 0.00000000 1.00000000 -0.00000045
vn 0.00000000 1.00000000 0.00000011
vn 0.00000000 1.00000000 0.00000000
vn 0.55679290 0.83047690 -0.01701839
vn 0.89475520 0.44478990 -0.03968401
vn 0.00000000 1.00000000 0.00000045
vn 0.48610300 0.48135280 -0.72938560
vn 0.55166450 0.00000000 -0.83406620
vn 0.47576790 0.00000000 -0.87957100
vn 0.27904460 0.86065980 -0.42590920
vn 0.25217380 0.85230700 -0.45823720
vn 0.00000000 1.00000000 0.00000081
vn 0.41352640 0.47631070 -0.77596660
vn -0.41352660 0.47630750 -0.77596840
vn -0.47576790 0.00000000 -0.87957100
vn -0.25517830 0.84845000 -0.46369900
vn -0.48610310 0.48135070 -0.72938690
vn -0.28267520 0.85670500 -0.43145270
vn -0.56943240 0.82185390 -0.01740457
vn 0.00000000 1.00000000 0.00000077
vn 0.00000000 1.00000000 0.00000035
vn -0.99775110 0.00000000 0.06702828
vn -0.02104649 0.52552530 0.85051760
vn -0.04162605 0.00000000 0.99913330
vn -0.85178800 0.52275870 0.03435909
vn -0.99775110 0.00000000 -0.06702820
vn 0.02104649 0.52552530 0.85051760
vn 0.04162605 0.00000000 0.99913330
vn -0.85178800 0.52275860 -0.03435912
vn -0.04162670 0.00000000 -0.99913330
vn -0.03975424 0.99707720 0.06524402
vn 0.85178770 0.52275910 0.03435908
vn 0.99775110 0.00000000 0.06702828
vn -0.03975420 0.99707720 -0.06524396
vn -0.02104658 0.52552980 -0.85051480
vn 0.04162670 0.00000000 -0.99913330
vn 0.03975424 0.99707720 0.06524401
vn 0.85178770 0.52275920 -0.03435910
vn 0.99775110 0.00000000 -0.06702820
vn 0.03975420 0.99707720 -0.06524396
vn 0.02104658 0.52552990 -0.85051480
vn -0.99512520 0.00000000 0.09861959
vn -0.02244159 0.52523970 0.85065840
vn -0.04432245 0.00000000 0.99901720
vn -0.85319140 0.51905190 0.05147374
vn -0.99512520 0.00000000 -0.09861943
vn 0.02244159 0.52523970 0.85065840
vn 0.04432245 0.00000000 0.99901720
vn -0.85319160 0.51905160 -0.05147374
vn -0.04432314 0.00000000 -0.99901720
vn -0.04132953 0.99453000 0.09592599
vn 0.85319140 0.51905190 0.05147374
vn 0.99512520 0.00000000 0.09861959
vn -0.04132954 0.99453010 -0.09592589
vn -0.02244199 0.52524420 -0.85065560
vn 0.04432314 0.00000000 -0.99901720
vn 0.04132953 0.99453000 0.09592599
vn 0.85319160 0.51905160 -0.05147374
vn 0.99512520 0.00000000 -0.09861943
vn 0.04132954 0.99453010 -0.09592589
vn 0.02244199 0.52524420 -0.85065560
vn -0.99216910 0.00000000 0.12490200
vn -0.02941456 0.33090120 0.94320680
vn -0.04050107 0.00000000 0.99917940
vn -0.92278200 0.38178540 0.05209016
vn -1.00000000 0.00000000 0.00000000
vn 0.02941455 0.33090120 0.94320680
vn 0.04050107 0.00000000 0.99917940
vn -0.90643000 0.42145940 -0.02750600
vn -1.00000000 0.00000000 0.00000000
vn -0.03647212 0.99916610 0.01835444
vn 0.92278190 0.38178540 0.05209016
vn 0.99216910 0.00000000 0.12490200
vn 0.03647212 0.99916610 0.01835444
vn 0.90643000 0.42145960 -0.02750601
vn 1.00000000 0.00000000 0.00000000
vn -0.04081353 0.99699890 -0.06578481
vn 0.04081354 0.99699890 -0.06578483
vn 0.86599240 0.49992950 -0.01129636
vn 1.00000000 0.00000000 0.00000000
vn 0.04084010 0.99890590 -0.02278692
vn 0.85025950 0.52636370 0.00000000
vn 1.00000000 0.00000000 0.00000000
vn -0.04084011 0.99890590 -0.02278692
vn 0.86599290 0.49992870 0.01129637
vn 1.00000000 0.00000000 0.00000000
vn 0.04054918 0.99917750 0.00000000
vn -0.86599290 0.49992870 -0.01129636
vn -1.00000000 0.00000000 0.00000000
vn 0.90643000 0.42145950 0.02750601
vn 1.00000000 0.00000000 0.00000000
vn 0.04084011 0.99890590 0.02278693
vn -0.04054918 0.99917750 0.00000000
vn -0.85026000 0.52636300 0.00000000
vn -1.00000000 0.00000000 0.00000000
vn 0.92278190 0.38178540 -0.05209014
vn 0.99216910 0.00000000 -0.12490210
vn 0.04081354 0.99699890 0.06578481
vn -0.04084009 0.99890590 0.02278692
vn -0.86599280 0.49992880 0.01129637
vn -1.00000000 0.00000000 0.00000000
vn 0.02941460 0.33090040 -0.94320710
vn 0.04050108 0.00000000 -0.99917940
vn 0.03647214 0.99916610 -0.01835445
vn -0.04081354 0.99699890 0.06578481
vn -0.90643000 0.42145950 0.02750600
vn -0.99216910 0.00000000 -0.12490210
vn -0.02941460 0.33090040 -0.94320710
vn -0.04050108 0.00000000 -0.99917940
vn -0.03647214 0.99916610 -0.01835445
vn -0.92278200 0.38178530 -0.05209017
vn -0.99216900 0.00000000 0.12490300
vn -0.02941456 0.33090110 0.94320690
vn -0.04050105 0.00000000 0.99917940
vn -0.92278090 0.38178800 0.05209043
vn -1.00000000 0.00000000 0.00000000
vn 0.02941456 0.33090110 0.94320690
vn 0.04050105 0.00000000 0.99917940
vn -0.90642860 0.42146240 -0.02750608
vn -1.00000000 0.00000000 0.00000000
vn -0.03647212 0.99916610 0.01835442
vn 0.92278120 0.38178710 0.05209045
vn 0.99216900 0.00000000 0.12490300
vn 0.03647212 0.99916610 0.01835442
vn 0.90642910 0.42146130 -0.02750609
vn 1.00000000 0.00000000 0.00000000
vn -0.04081352 0.99699890 -0.06578465
vn 0.04081353 0.99699890 -0.06578466
vn 0.86599150 0.49993110 -0.01129635
vn 1.00000000 0.00000000 0.00000000
vn 0.04084011 0.99890590 -0.02278675
vn 0.85025850 0.52636530 0.00000000
vn 1.00000000 0.00000000 0.00000000
vn -0.04084010 0.99890590 -0.02278675
vn 0.86599170 0.49993070 0.01129635
vn 1.00000000 0.00000000 0.00000000
vn 0.04054918 0.99917750 0.00000000
vn -0.86599110 0.49993180 -0.01129634
vn -1.00000000 0.00000000 0.00000000
vn 0.90642910 0.42146130 0.02750609
vn 1.00000000 0.00000000 0.00000000
vn 0.04084010 0.99890590 0.02278675
vn -0.04054918 0.99917750 0.00000000
vn -0.85025800 0.52636610 0.00000000
vn -1.00000000 0.00000000 0.00000000
vn 0.92278120 0.38178710 -0.05209044
vn 0.99216900 0.00000000 -0.12490300
vn 0.04081353 0.99699890 0.06578466
vn -0.04084009 0.99890590 0.02278675
vn -0.86599100 0.49993200 0.01129634
vn -1.00000000 0.00000000 0.00000000
vn 0.02941460 0.33090030 -0.94320710
vn 0.04050105 0.00000000 -0.99917940
vn 0.03647214 0.99916610 -0.01835443
vn -0.04081352 0.99699890 0.06578465
vn -0.90642860 0.42146240 0.02750607
vn -0.99216900 0.00000000 -0.12490300
vn -0.02941460 0.33090030 -0.94320710
vn -0.04050105 0.00000000 -0.99917940
vn -0.03647214 0.99916610 -0.01835442
vn -0.92278090 0.38178790 -0.05209043
vn -0.06702810 0.00000000 -0.99775110
vn -0.85294520 0.52078530 0.03559838
vn -0.99970810 0.00000000 0.02415670
vn -0.03435906 0.52275690 -0.85178910
vn 0.06702803 0.00000000 -0.99775110
vn -0.84548970 0.52838180 0.07720017
vn -0.99427280 0.00000000 0.10687240
vn 0.03435909 0.52275690 -0.85178910
vn 0.99996240 0.00000000 0.00867480
vn -0.07660356 0.99625460 -0.04010905
vn -0.04259606 0.52099560 0.85249580
vn -0.08238194 0.00000000 0.99660080
vn 0.07540699 0.99630980 -0.04099581
vn 0.85261170 0.52207090 0.02225334
vn 0.99579470 0.00000000 0.09161314
vn -0.06761666 0.99695920 0.03873606
vn 0.04259606 0.52099560 0.85249580
vn 0.08238194 0.00000000 0.99660080
vn 0.06868354 0.99691450 0.03800033
vn 0.84689740 0.52788390 0.06405858
vn 0.06702776 0.00000000 0.99775110
vn 0.85294380 0.52078770 -0.03559839
vn 0.99970810 0.00000000 -0.02415669
vn 0.03435889 0.52275690 0.85178910
vn -0.06702784 0.00000000 0.99775110
vn 0.84548810 0.52838430 -0.07720035
vn 0.99427260 0.00000000 -0.10687300
vn -0.03435887 0.52275690 0.85178910
vn -0.99996240 0.00000000 -0.00867479
vn 0.07660354 0.99625460 0.04010902
vn 0.04259580 0.52099440 -0.85249660
vn 0.08238162 0.00000000 -0.99660090
vn -0.07540699 0.99630980 0.04099583
vn -0.85261300 0.52206870 -0.02225330
vn -0.99579480 0.00000000 -0.09161250
vn 0.06761662 0.99695920 -0.03873606
vn -0.04259580 0.52099440 -0.85249660
vn -0.08238162 0.00000000 -0.99660090
vn -0.06868356 0.99691450 -0.03800033
vn -0.84689870 0.52788170 -0.06405837
vn 0.99775110 0.00000000 -0.06702825
vn -0.03559840 0.52078630 -0.85294440
vn -0.02415671 0.00000000 -0.99970810
vn 0.85178760 0.52275940 -0.03435912
vn 0.99775110 0.00000000 0.06702830
vn -0.07720021 0.52838310 -0.84548880
vn -0.10687280 0.00000000 -0.99427260
vn 0.85178760 0.52275940 0.03435911
vn -0.00867479 0.00000000 0.99996240
vn 0.04010910 0.99625460 -0.07660360
vn -0.85249540 0.52099640 -0.04259584
vn -0.99660080 0.00000000 -0.08238192
vn 0.04099591 0.99630970 0.07540704
vn -0.02225321 0.52206850 0.85261320
vn -0.09161257 0.00000000 0.99579480
vn -0.03873612 0.99695920 -0.06761670
vn -0.85249540 0.52099630 0.04259583
vn -0.99660080 0.00000000 0.08238192
vn -0.03800038 0.99691450 0.06868363
vn -0.06405830 0.52788140 0.84689890
vn -0.99775110 0.00000000 0.06702830
vn 0.03559827 0.52078520 0.85294520
vn 0.02415671 0.00000000 0.99970810
vn -0.85178750 0.52275940 0.03435911
vn -0.99775110 0.00000000 -0.06702830
vn 0.07720010 0.52838180 0.84548970
vn 0.10687250 0.00000000 0.99427280
vn -0.85178760 0.52275940 -0.03435911
vn 0.00867463 0.00000000 -0.99996240
vn -0.04010913 0.99625460 0.07660360
vn 0.85249610 0.52099520 0.04259587
vn 0.99660080 0.00000000 0.08238192
vn -0.04099587 0.99630970 -0.07540703
vn 0.02225340 0.52206860 -0.85261320
vn 0.09161257 0.00000000 -0.99579480
vn 0.03873610 0.99695920 0.06761672
vn 0.85249610 0.52099520 -0.04259588
vn 0.99660080 0.00000000 -0.08238190
vn 0.03800040 0.99691450 -0.06868363
vn 0.06405850 0.52788140 -0.84689890
vn -0.99802570 0.00000000 0.06280744
vn -0.02212165 0.52531000 0.85062330
vn -0.04370465 0.00000000 0.99904450
vn -0.85158460 0.52323230 0.03212053
vn -0.99802570 0.00000000 -0.06280744
vn 0.02212163 0.52531000 0.85062330
vn 0.04370468 0.00000000 0.99904450
vn -0.85158460 0.52323230 -0.03212052
vn -0.04370465 0.00000000 -0.99904450
vn -0.04187257 0.99725660 0.06104058
vn 0.85158750 0.52322760 0.03212029
vn 0.99802580 0.00000000 0.06280647
vn -0.04187257 0.99725660 -0.06104060
vn -0.02212157 0.52530780 -0.85062480
vn 0.04370468 0.00000000 -0.99904450
vn 0.04187259 0.99725660 0.06104060
vn 0.85158740 0.52322760 -0.03212027
vn 0.99802580 0.00000000 -0.06280647
vn 0.04187259 0.99725660 -0.06104061
vn 0.02212154 0.52530780 -0.85062470
vn -0.99802570 0.00000000 0.06280697
vn -0.02212165 0.52530980 0.85062340
vn -0.04370443 0.00000000 0.99904450
vn -0.85158600 0.52322990 0.03212036
vn -0.99802570 0.00000000 -0.06280697
vn 0.02212165 0.52530990 0.85062340
vn 0.04370443 0.00000000 0.99904450
vn -0.85158600 0.52322990 -0.03212034
vn -0.04370443 0.00000000 -0.99904450
vn -0.04187260 0.99725670 0.06104041
vn 0.85158630 0.52322950 0.03212037
vn 0.99802570 0.00000000 0.06280697
vn -0.04187259 0.99725670 -0.06104042
vn -0.02212156 0.52530780 -0.85062480
vn 0.04370443 0.00000000 -0.99904450
vn 0.04187259 0.99725670 0.06104041
vn 0.85158630 0.52322950 -0.03212036
vn 0.99802570 0.00000000 -0.06280697
vn 0.04187259 0.99725670 -0.06104042
vn 0.02212156 0.52530780 -0.85062480
vn 0.92387940 0.00000000 -0.38268360
vn 0.81263350 0.47573630 -0.33660330
vn 0.62196370 0.47573670 -0.62196110
vn 0.70710860 0.00000000 -0.70710490
vn 1.00000000 0.00000000 0.00000000
vn 0.33660110 0.47573760 -0.81263370
vn 0.38268060 0.00000000 -0.92388080
vn 0.87958690 0.47573810 0.00000000
vn 0.92388000 0.00000000 0.38268230
vn 0.00000000 0.47573610 -0.87958810
vn 0.00000000 0.00000000 -1.00000000
vn 0.81263260 0.47573790 0.33660330
vn 0.70710590 0.00000000 0.70710770
vn -0.33659970 0.47573660 -0.81263470
vn -0.38267830 0.00000000 -0.92388160
vn 0.62196170 0.47573780 0.62196250
vn 0.38268120 0.00000000 0.92388050
vn -0.62196080 0.47573770 -0.62196340
vn -0.70710390 0.00000000 -0.70710960
vn 0.33660090 0.47573780 0.81263360
vn 0.00000000 0.00000000 1.00000000
vn -0.81263200 0.47573810 -0.33660430
vn -0.92387910 0.00000000 -0.38268460
vn 0.00000000 0.47573800 0.87958700
vn -0.38267990 0.00000000 0.92388110
vn -0.87958770 0.47573680 0.00000000
vn -1.00000000 0.00000000 0.00000000
vn -0.33660110 0.47573850 0.81263320
vn -0.70710770 0.00000000 0.70710590
vn -0.81263340 0.47573730 0.33660220
vn -0.92388060 0.00000000 0.38268070
vn -0.62196310 0.47573860 0.62196050
vn -0.10204550 0.99388130 -0.04226854
vn -0.11045290 0.99388130 0.00000000
vn 0.00000000 1.00000000 0.00000000
vn -0.07810245 0.99388120 -0.07810239
vn -0.10204560 0.99388120 0.04226859
vn -0.04226815 0.99388130 -0.10204570
vn -0.07810269 0.99388120 0.07810228
vn 0.00000000 0.99388130 -0.11045260
vn -0.04226839 0.99388130 0.10204550
vn 0.04226815 0.99388130 -0.10204580
vn 0.00000000 0.99388130 0.11045300
vn 0.07810264 0.99388120 -0.07810213
vn 0.04226852 0.99388120 0.10204560
vn 0.10204560 0.99388120 -0.04226884
vn 0.07810234 0.99388120 0.07810241
vn 0.11045320 0.99388130 0.00000000
vn 0.10204560 0.99388120 0.04226878
vn -0.99775110 0.00000000 0.06702828
vn -0.02104677 0.52552530 0.85051760
vn -0.04162605 0.00000000 0.99913330
vn -0.85178800 0.52275870 0.03435909
vn -0.99775110 0.00000000 -0.06702828
vn 0.02104677 0.52552530 0.85051760
vn 0.04162605 0.00000000 0.99913330
vn -0.85178790 0.52275900 -0.03435914
vn -0.04162605 0.00000000 -0.99913330
vn -0.03975425 0.99707720 0.06524402
vn 0.85178780 0.52275910 0.03435908
vn 0.99775110 0.00000000 0.06702828
vn -0.03975418 0.99707720 -0.06524396
vn -0.02104637 0.52552980 -0.85051480
vn 0.04162605 0.00000000 -0.99913330
vn 0.03975425 0.99707720 0.06524401
vn 0.85178750 0.52275940 -0.03435912
vn 0.99775110 0.00000000 -0.06702828
vn 0.03975418 0.99707720 -0.06524396
vn 0.02104637 0.52552990 -0.85051480
vn -0.99775120 0.00000000 0.06702724
vn -0.02104674 0.52552560 0.85051740
vn -0.04162608 0.00000000 0.99913330
vn -0.85179050 0.52275460 0.03435881
vn -0.99775120 0.00000000 -0.06702724
vn 0.02104677 0.52552560 0.85051750
vn 0.04162605 0.00000000 0.99913330
vn -0.85179030 0.52275500 -0.03435886
vn -0.04162608 0.00000000 -0.99913330
vn -0.03975424 0.99707720 0.06524400
vn 0.85178780 0.52275910 0.03435908
vn 0.99775110 0.00000000 0.06702828
vn -0.03975418 0.99707720 -0.06524394
vn -0.02104634 0.52553010 -0.85051470
vn 0.04162605 0.00000000 -0.99913330
vn 0.03975423 0.99707720 0.06524398
vn 0.85178750 0.52275940 -0.03435912
vn 0.99775110 0.00000000 -0.06702828
vn 0.03975416 0.99707720 -0.06524393
vn 0.02104637 0.52553010 -0.85051470
vn -0.99775110 0.00000000 0.06702828
vn -0.02104677 0.52552530 0.85051760
vn -0.04162605 0.00000000 0.99913330
vn -0.85178770 0.52275920 0.03435908
vn -0.99775110 0.00000000 -0.06702828
vn 0.02104677 0.52552530 0.85051760
vn 0.04162605 0.00000000 0.99913330
vn -0.85178760 0.52275940 -0.03435913
vn -0.04162605 0.00000000 -0.99913330
vn -0.03975425 0.99707720 0.06524401
vn 0.85178800 0.52275870 0.03435909
vn 0.99775110 0.00000000 0.06702828
vn -0.03975418 0.99707720 -0.06524396
vn -0.02104637 0.52552970 -0.85051480
vn 0.04162605 0.00000000 -0.99913330
vn 0.03975425 0.99707720 0.06524402
vn 0.85178790 0.52275900 -0.03435914
vn 0.99775110 0.00000000 -0.06702828
vn 0.03975418 0.99707720 -0.06524396
vn 0.02104637 0.52552980 -0.85051480
vn -0.99512520 0.00000000 0.09861958
vn -0.03573591 0.52246670 0.85191050
vn -0.06961384 0.00000000 0.99757400
vn -0.85319150 0.51905160 0.05147380
vn -0.99512520 0.00000000 -0.09861958
vn 0.03573591 0.52246670 0.85191050
vn 0.06961384 0.00000000 0.99757400
vn -0.85319150 0.51905170 -0.05147383
vn -0.06961384 0.00000000 -0.99757400
vn -0.06504311 0.99341630 0.09430458
vn 0.85319180 0.51905140 0.05147382
vn 0.99512520 0.00000000 0.09861958
vn -0.06504307 0.99341630 -0.09430458
vn -0.03573567 0.52246670 -0.85191050
vn 0.06961384 0.00000000 -0.99757400
vn 0.06504311 0.99341630 0.09430458
vn 0.85319170 0.51905150 -0.05147383
vn 0.99512520 0.00000000 -0.09861958
vn 0.06504306 0.99341630 -0.09430458
vn 0.03573567 0.52246670 -0.85191050
vn -0.99512520 0.00000000 0.09861958
vn -0.03573590 0.52246700 0.85191030
vn -0.06961355 0.00000000 0.99757400
vn -0.85319180 0.51905140 0.05147382
vn -0.99512520 0.00000000 -0.09861958
vn 0.03573588 0.52246710 0.85191030
vn 0.06961362 0.00000000 0.99757400
vn -0.85319170 0.51905150 -0.05147383
vn -0.06961355 0.00000000 -0.99757400
vn -0.06504307 0.99341640 0.09430428
vn 0.85319430 0.51904720 0.05147340
vn 0.99512540 0.00000000 0.09861808
vn -0.06504302 0.99341640 -0.09430428
vn -0.03573566 0.52246700 -0.85191030
vn 0.06961362 0.00000000 -0.99757400
vn 0.06504311 0.99341640 0.09430432
vn 0.85319420 0.51904730 -0.05147341
vn 0.99512540 0.00000000 -0.09861808
vn 0.06504307 0.99341640 -0.09430432
vn 0.03573564 0.52246710 -0.85191030
vn -0.99512540 0.00000000 0.09861808
vn -0.03573589 0.52246720 0.85191020
vn -0.06961362 0.00000000 0.99757400
vn -0.85319450 0.51904670 0.05147342
vn -0.99512540 0.00000000 -0.09861808
vn 0.03573591 0.52246710 0.85191030
vn 0.06961355 0.00000000 0.99757400
vn -0.85319450 0.51904680 -0.05147344
vn -0.06961362 0.00000000 -0.99757400
vn -0.06504311 0.99341640 0.09430429
vn 0.85319180 0.51905140 0.05147382
vn 0.99512520 0.00000000 0.09861958
vn -0.06504307 0.99341640 -0.09430429
vn -0.03573564 0.52246720 -0.85191020
vn 0.06961355 0.00000000 -0.99757400
vn 0.06504305 0.99341640 0.09430423
vn 0.85319170 0.51905150 -0.05147383
vn 0.99512520 0.00000000 -0.09861958
vn 0.06504300 0.99341640 -0.09430423
vn 0.03573567 0.52246710 -0.85191030
vn -0.99512540 0.00000000 0.09861885
vn -0.03573594 0.52246750 0.85191000
vn -0.06961388 0.00000000 0.99757400
vn -0.85319280 0.51904980 0.05147352
vn -0.99512540 0.00000000 -0.09861885
vn 0.03573594 0.52246760 0.85191000
vn 0.06961388 0.00000000 0.99757400
vn -0.85319270 0.51904990 -0.05147353
vn -0.06961388 0.00000000 -0.99757400
vn -0.06504311 0.99341640 0.09430428
vn 0.85319360 0.51904830 0.05147356
vn 0.99512540 0.00000000 0.09861885
vn -0.06504307 0.99341640 -0.09430428
vn -0.03573570 0.52246750 -0.85191000
vn 0.06961388 0.00000000 -0.99757400
vn 0.06504311 0.99341640 0.09430430
vn 0.85319350 0.51904840 -0.05147358
vn 0.99512540 0.00000000 -0.09861885
vn 0.06504308 0.99341640 -0.09430430
vn 0.03573570 0.52246760 -0.85191000
vn -0.99855430 0.00000000 0.05375274
vn -0.03140610 0.52338140 0.85151960
vn -0.06145615 0.00000000 0.99810980
vn -0.85113760 0.52422950 0.02735442
vn -0.99855430 0.00000000 -0.05375275
vn 0.03140610 0.52338140 0.85151960
vn 0.06145615 0.00000000 0.99810980
vn -0.85113760 0.52422950 -0.02735442
vn -0.06145592 0.00000000 -0.99810980
vn -0.05931011 0.99690630 0.05157488
vn 0.85113760 0.52422950 0.02735442
vn 0.99855430 0.00000000 0.05375274
vn -0.05931012 0.99690630 -0.05157489
vn -0.03140606 0.52338020 -0.85152020
vn 0.06145592 0.00000000 -0.99810980
vn 0.05931011 0.99690630 0.05157488
vn 0.85113760 0.52422950 -0.02735442
vn 0.99855430 0.00000000 -0.05375275
vn 0.05931012 0.99690630 -0.05157489
vn 0.03140606 0.52338020 -0.85152020
vn -0.99855430 0.00000000 0.05375274
vn -0.03140617 0.52338120 0.85151980
vn -0.06145620 0.00000000 0.99810980
vn -0.85113760 0.52422950 0.02735442
vn -0.99855430 0.00000000 -0.05375274
vn 0.03140617 0.52338120 0.85151980
vn 0.06145620 0.00000000 0.99810980
vn -0.85113760 0.52422940 -0.02735442
vn -0.06145627 0.00000000 -0.99810980
vn -0.05931012 0.99690630 0.05157489
vn 0.85113760 0.52422950 0.02735442
vn 0.99855430 0.00000000 0.05375274
vn -0.05931012 0.99690630 -0.05157488
vn -0.03140625 0.52338140 -0.85151960
vn 0.06145627 0.00000000 -0.99810980
vn 0.05931012 0.99690630 0.05157489
vn 0.85113760 0.52422950 -0.02735442
vn 0.99855430 0.00000000 -0.05375274
vn 0.05931012 0.99690630 -0.05157488
vn 0.03140625 0.52338140 -0.85151960
vn -0.99797980 0.00000000 0.06353238
vn -0.03140613 0.52338240 0.85151890
vn -0.06145639 0.00000000 0.99810980
vn -0.85161980 0.52315110 0.03250425
vn -0.99797980 0.00000000 -0.06353240
vn 0.03140613 0.52338240 0.85151890
vn 0.06145639 0.00000000 0.99810980
vn -0.85161980 0.52315100 -0.03250423
vn -0.06145615 0.00000000 -0.99810980
vn -0.05890080 0.99639920 0.06098702
vn 0.85161980 0.52315110 0.03250425
vn 0.99797980 0.00000000 0.06353238
vn -0.05890084 0.99639920 -0.06098705
vn -0.03140625 0.52338020 -0.85152020
vn 0.06145615 0.00000000 -0.99810980
vn 0.05890080 0.99639920 0.06098702
vn 0.85161980 0.52315100 -0.03250423
vn 0.99797980 0.00000000 -0.06353240
vn 0.05890084 0.99639920 -0.06098705
vn 0.03140625 0.52338020 -0.85152020
vn -0.99512520 0.00000000 0.09861974
vn -0.02244176 0.52524440 0.85065550
vn -0.04432270 0.00000000 0.99901720
vn -0.85319140 0.51905180 0.05147386
vn -0.99512520 0.00000000 -0.09861958
vn 0.02244176 0.52524440 0.85065550
vn 0.04432270 0.00000000 0.99901720
vn -0.85319170 0.51905140 -0.05147381
vn -0.04432338 0.00000000 -0.99901720
vn -0.04132948 0.99453000 0.09592628
vn 0.85319110 0.51905240 0.05147383
vn 0.99512520 0.00000000 0.09861974
vn -0.04132951 0.99453000 -0.09592628
vn -0.02244213 0.52524440 -0.85065550
vn 0.04432338 0.00000000 -0.99901720
vn 0.04132949 0.99453000 0.09592628
vn 0.85319130 0.51905210 -0.05147379
vn 0.99512520 0.00000000 -0.09861958
vn 0.04132952 0.99453000 -0.09592628
vn 0.02244213 0.52524440 -0.85065550
vn -0.99512520 0.00000000 0.09861959
vn -0.02244158 0.52523990 0.85065820
vn -0.04432270 0.00000000 0.99901720
vn -0.85319100 0.51905270 0.05147372
vn -0.99512520 0.00000000 -0.09861943
vn 0.02244159 0.52523990 0.85065820
vn 0.04432270 0.00000000 0.99901720
vn -0.85319110 0.51905240 -0.05147371
vn -0.04432338 0.00000000 -0.99901720
vn -0.04132950 0.99453000 0.09592628
vn 0.85319140 0.51905190 0.05147374
vn 0.99512520 0.00000000 0.09861959
vn -0.04132951 0.99453000 -0.09592614
vn -0.02244198 0.52524440 -0.85065550
vn 0.04432338 0.00000000 -0.99901720
vn 0.04132950 0.99453000 0.09592628
vn 0.85319160 0.51905160 -0.05147374
vn 0.99512520 0.00000000 -0.09861943
vn 0.04132952 0.99453000 -0.09592617
vn 0.02244198 0.52524440 -0.85065550
vn -0.99512520 0.00000000 0.09861958
vn -0.02244198 0.52524440 0.85065550
vn -0.04432338 0.00000000 0.99901720
vn -0.85319180 0.51905140 0.05147381
vn -0.99512520 0.00000000 -0.09861958
vn 0.02244198 0.52524440 0.85065550
vn 0.04432338 0.00000000 0.99901720
vn -0.85319180 0.51905140 -0.05147381
vn -0.04432338 0.00000000 -0.99901720
vn -0.04132953 0.99453000 0.09592628
vn 0.85319130 0.51905190 0.05147377
vn 0.99512520 0.00000000 0.09861958
vn -0.04132953 0.99453000 -0.09592628
vn -0.02244198 0.52524440 -0.85065550
vn 0.04432338 0.00000000 -0.99901720
vn 0.04132953 0.99453000 0.09592628
vn 0.85319130 0.51905190 -0.05147377
vn 0.99512520 0.00000000 -0.09861958
vn 0.04132953 0.99453000 -0.09592628
vn 0.02244198 0.52524440 -0.85065550
vn -0.99512520 0.00000000 0.09861959
vn -0.02244205 0.52524440 0.85065550
vn -0.04432270 0.00000000 0.99901720
vn -0.85319170 0.51905140 0.05147381
vn -0.99512520 0.00000000 -0.09861959
vn 0.02244205 0.52524440 0.85065550
vn 0.04432270 0.00000000 0.99901720
vn -0.85319150 0.51905170 -0.05147386
vn -0.04432270 0.00000000 -0.99901720
vn -0.04132950 0.99453000 0.09592628
vn 0.85319130 0.51905210 0.05147380
vn 0.99512520 0.00000000 0.09861959
vn -0.04132945 0.99453000 -0.09592628
vn -0.02244176 0.52524440 -0.85065550
vn 0.04432270 0.00000000 -0.99901720
vn 0.04132950 0.99453000 0.09592628
vn 0.85319110 0.51905240 -0.05147383
vn 0.99512520 0.00000000 -0.09861959
vn 0.04132944 0.99453000 -0.09592628
vn 0.02244176 0.52524440 -0.85065550
vn -0.99512520 0.00000000 0.09861974
vn -0.02244176 0.52524420 0.85065560
vn -0.04432245 0.00000000 0.99901720
vn -0.85319130 0.51905200 0.05147384
vn -0.99512520 0.00000000 -0.09861958
vn 0.02244176 0.52524420 0.85065560
vn 0.04432245 0.00000000 0.99901720
vn -0.85319150 0.51905170 -0.05147380
vn -0.04432314 0.00000000 -0.99901720
vn -0.04132951 0.99453000 0.09592599
vn 0.85319130 0.51905200 0.05147384
vn 0.99512520 0.00000000 0.09861974
vn -0.04132953 0.99453000 -0.09592599
vn -0.02244213 0.52524420 -0.85065560
vn 0.04432314 0.00000000 -0.99901720
vn 0.04132951 0.99453000 0.09592599
vn 0.85319150 0.51905170 -0.05147380
vn 0.99512520 0.00000000 -0.09861958
vn 0.04132953 0.99453000 -0.09592599
vn 0.02244213 0.52524420 -0.85065560
vn -0.99512540 0.00000000 0.09861884
vn -0.02244197 0.52524440 0.85065550
vn -0.04432339 0.00000000 0.99901720
vn -0.85319300 0.51904930 0.05147351
vn -0.99512540 0.00000000 -0.09861884
vn 0.02244197 0.52524440 0.85065550
vn 0.04432339 0.00000000 0.99901720
vn -0.85319300 0.51904930 -0.05147351
vn -0.04432339 0.00000000 -0.99901720
vn -0.04132953 0.99453000 0.09592628
vn 0.85319280 0.51904970 0.05147350
vn 0.99512540 0.00000000 0.09861884
vn -0.04132953 0.99453000 -0.09592628
vn -0.02244197 0.52524440 -0.85065550
vn 0.04432339 0.00000000 -0.99901720
vn 0.04132953 0.99453000 0.09592628
vn 0.85319280 0.51904970 -0.05147350
vn 0.99512540 0.00000000 -0.09861884
vn 0.04132953 0.99453000 -0.09592628
vn 0.02244197 0.52524440 -0.85065550
vn -0.99512540 0.00000000 0.09861884
vn -0.02244157 0.52523990 0.85065820
vn -0.04432271 0.00000000 0.99901720
vn -0.85319280 0.51904950 0.05147346
vn -0.99512540 0.00000000 -0.09861869
vn 0.02244157 0.52523980 0.85065820
vn 0.04432271 0.00000000 0.99901720
vn -0.85319310 0.51904930 -0.05147345
vn -0.04432339 0.00000000 -0.99901720
vn -0.04132952 0.99453000 0.09592628
vn 0.85319280 0.51904950 0.05147346
vn 0.99512540 0.00000000 0.09861884
vn -0.04132953 0.99453000 -0.09592617
vn -0.02244197 0.52524440 -0.85065550
vn 0.04432339 0.00000000 -0.99901720
vn 0.04132951 0.99453000 0.09592628
vn 0.85319310 0.51904930 -0.05147345
vn 0.99512540 0.00000000 -0.09861869
vn 0.04132953 0.99453000 -0.09592617
vn 0.02244197 0.52524440 -0.85065550
vn -0.99512540 0.00000000 0.09861898
vn -0.02244175 0.52524440 0.85065550
vn -0.04432271 0.00000000 0.99901720
vn -0.85319270 0.51904980 0.05147356
vn -0.99512540 0.00000000 -0.09861884
vn 0.02244175 0.52524440 0.85065550
vn 0.04432271 0.00000000 0.99901720
vn -0.85319290 0.51904940 -0.05147352
vn -0.04432339 0.00000000 -0.99901720
vn -0.04132949 0.99453000 0.09592628
vn 0.85319240 0.51905010 0.05147354
vn 0.99512540 0.00000000 0.09861898
vn -0.04132952 0.99453000 -0.09592628
vn -0.02244212 0.52524440 -0.85065550
vn 0.04432339 0.00000000 -0.99901720
vn 0.04132949 0.99453000 0.09592628
vn 0.85319270 0.51904980 -0.05147351
vn 0.99512540 0.00000000 -0.09861884
vn 0.04132952 0.99453000 -0.09592628
vn 0.02244212 0.52524440 -0.85065550
vn -0.99775110 0.00000000 0.06702834
vn -0.02104652 0.52552530 0.85051760
vn -0.04162573 0.00000000 0.99913330
vn -0.85178760 0.52275930 0.03435908
vn -0.99775110 0.00000000 -0.06702823
vn 0.02104652 0.52552530 0.85051760
vn 0.04162573 0.00000000 0.99913330
vn -0.85178770 0.52275930 -0.03435912
vn -0.04162670 0.00000000 -0.99913330
vn -0.03975426 0.99707720 0.06524401
vn 0.85178800 0.52275870 0.03435909
vn 0.99775110 0.00000000 0.06702834
vn -0.03975420 0.99707720 -0.06524396
vn -0.02104658 0.52552970 -0.85051480
vn 0.04162670 0.00000000 -0.99913330
vn 0.03975426 0.99707720 0.06524402
vn 0.85178800 0.52275880 -0.03435912
vn 0.99775110 0.00000000 -0.06702823
vn 0.03975420 0.99707720 -0.06524396
vn 0.02104658 0.52552980 -0.85051480
vn -0.99775120 0.00000000 0.06702731
vn -0.02104650 0.52552560 0.85051740
vn -0.04162576 0.00000000 0.99913330
vn -0.85179050 0.52275470 0.03435881
vn -0.99775120 0.00000000 -0.06702720
vn 0.02104652 0.52552560 0.85051740
vn 0.04162573 0.00000000 0.99913330
vn -0.85179050 0.52275470 -0.03435884
vn -0.04162672 0.00000000 -0.99913330
vn -0.03975425 0.99707720 0.06524400
vn 0.85178760 0.52275930 0.03435908
vn 0.99775110 0.00000000 0.06702834
vn -0.03975420 0.99707720 -0.06524394
vn -0.02104656 0.52553010 -0.85051470
vn 0.04162670 0.00000000 -0.99913330
vn 0.03975423 0.99707720 0.06524398
vn 0.85178760 0.52275930 -0.03435911
vn 0.99775110 0.00000000 -0.06702823
vn 0.03975419 0.99707720 -0.06524393
vn 0.02104657 0.52553010 -0.85051470
vn -0.99775120 0.00000000 0.06702728
vn -0.02104640 0.52552780 0.85051600
vn -0.04162608 0.00000000 0.99913330
vn -0.85179030 0.52275500 0.03435885
vn -0.99775120 0.00000000 -0.06702723
vn 0.02104643 0.52552780 0.85051610
vn 0.04162605 0.00000000 0.99913330
vn -0.85179030 0.52275500 -0.03435886
vn -0.04162640 0.00000000 -0.99913330
vn -0.03975420 0.99707720 0.06524400
vn 0.85178790 0.52275900 0.03435913
vn 0.99775110 0.00000000 0.06702831
vn -0.03975419 0.99707720 -0.06524397
vn -0.02104645 0.52553010 -0.85051470
vn 0.04162638 0.00000000 -0.99913330
vn 0.03975419 0.99707720 0.06524398
vn 0.85178790 0.52275900 -0.03435914
vn 0.99775110 0.00000000 -0.06702827
vn 0.03975417 0.99707720 -0.06524394
vn 0.02104647 0.52553010 -0.85051470
vn -0.99775110 0.00000000 0.06702831
vn -0.02104643 0.52552770 0.85051620
vn -0.04162605 0.00000000 0.99913330
vn -0.85178750 0.52275950 0.03435912
vn -0.99775110 0.00000000 -0.06702827
vn 0.02104643 0.52552760 0.85051620
vn 0.04162605 0.00000000 0.99913330
vn -0.85178750 0.52275940 -0.03435912
vn -0.04162638 0.00000000 -0.99913330
vn -0.03975422 0.99707720 0.06524401
vn 0.85178750 0.52275940 0.03435912
vn 0.99775110 0.00000000 0.06702831
vn -0.03975420 0.99707720 -0.06524399
vn -0.02104647 0.52552980 -0.85051480
vn 0.04162638 0.00000000 -0.99913330
vn 0.03975422 0.99707720 0.06524401
vn 0.85178750 0.52275940 -0.03435912
vn 0.99775110 0.00000000 -0.06702827
vn 0.03975420 0.99707720 -0.06524399
vn 0.02104647 0.52552990 -0.85051480
vn -0.99775110 0.00000000 0.06702834
vn -0.02104652 0.52552530 0.85051760
vn -0.04162573 0.00000000 0.99913330
vn -0.85178800 0.52275870 0.03435909
vn -0.99775110 0.00000000 -0.06702823
vn 0.02104652 0.52552530 0.85051760
vn 0.04162573 0.00000000 0.99913330
vn -0.85178800 0.52275880 -0.03435912
vn -0.04162670 0.00000000 -0.99913330
vn -0.03975426 0.99707720 0.06524402
vn 0.85178770 0.52275920 0.03435908
vn 0.99775110 0.00000000 0.06702834
vn -0.03975420 0.99707720 -0.06524396
vn -0.02104658 0.52552980 -0.85051480
vn 0.04162670 0.00000000 -0.99913330
vn 0.03975426 0.99707720 0.06524401
vn 0.85178760 0.52275930 -0.03435911
vn 0.99775110 0.00000000 -0.06702823
vn 0.03975420 0.99707720 -0.06524396
vn 0.02104658 0.52552990 -0.85051480
vn -0.99775110 0.00000000 0.06702828
vn -0.02104649 0.52552530 0.85051760
vn -0.04162605 0.00000000 0.99913330
vn -0.85178770 0.52275930 0.03435908
vn -0.99775110 0.00000000 -0.06702820
vn 0.02104649 0.52552530 0.85051760
vn 0.04162605 0.00000000 0.99913330
vn -0.85178780 0.52275910 -0.03435911
vn -0.04162670 0.00000000 -0.99913330
vn -0.03975424 0.99707720 0.06524401
vn 0.85178800 0.52275870 0.03435909
vn 0.99775110 0.00000000 0.06702828
vn -0.03975420 0.99707720 -0.06524396
vn -0.02104658 0.52552970 -0.85051480
vn 0.04162670 0.00000000 -0.99913330
vn 0.03975424 0.99707720 0.06524402
vn 0.85178800 0.52275860 -0.03435912
vn 0.99775110 0.00000000 -0.06702820
vn 0.03975420 0.99707720 -0.06524396
vn 0.02104658 0.52552980 -0.85051480
vn -0.99775120 0.00000000 0.06702724
vn -0.02104646 0.52552560 0.85051740
vn -0.04162608 0.00000000 0.99913330
vn -0.85179050 0.52275460 0.03435881
vn -0.99775120 0.00000000 -0.06702717
vn 0.02104648 0.52552560 0.85051740
vn 0.04162605 0.00000000 0.99913330
vn -0.85179050 0.52275460 -0.03435884
vn -0.04162672 0.00000000 -0.99913330
vn -0.03975423 0.99707720 0.06524400
vn 0.85178770 0.52275930 0.03435908
vn 0.99775110 0.00000000 0.06702828
vn -0.03975420 0.99707720 -0.06524394
vn -0.02104656 0.52553010 -0.85051470
vn 0.04162670 0.00000000 -0.99913330
vn 0.03975422 0.99707720 0.06524398
vn 0.85178780 0.52275910 -0.03435911
vn 0.99775110 0.00000000 -0.06702820
vn 0.03975419 0.99707720 -0.06524393
vn 0.02104657 0.52553010 -0.85051470
vn -0.99775120 0.00000000 0.06702720
vn -0.02104652 0.52553010 0.85051470
vn -0.04162640 0.00000000 0.99913330
vn -0.85179040 0.52275470 0.03435885
vn -0.99775120 0.00000000 -0.06702724
vn 0.02104654 0.52553010 0.85051470
vn 0.04162638 0.00000000 0.99913330
vn -0.85179040 0.52275500 -0.03435884
vn -0.04162608 0.00000000 -0.99913330
vn -0.03975420 0.99707720 0.06524397
vn 0.85178790 0.52275880 0.03435913
vn 0.99775110 0.00000000 0.06702823
vn -0.03975420 0.99707720 -0.06524400
vn -0.02104640 0.52552780 -0.85051600
vn 0.04162605 0.00000000 -0.99913330
vn 0.03975418 0.99707720 0.06524394
vn 0.85178790 0.52275900 -0.03435913
vn 0.99775110 0.00000000 -0.06702828
vn 0.03975419 0.99707720 -0.06524398
vn 0.02104643 0.52552780 -0.85051610
vn -0.99775110 0.00000000 0.06702831
vn -0.02104643 0.52552760 0.85051620
vn -0.04162605 0.00000000 0.99913330
vn -0.85178750 0.52275950 0.03435912
vn -0.99775110 0.00000000 -0.06702827
vn 0.02104643 0.52552760 0.85051630
vn 0.04162605 0.00000000 0.99913330
vn -0.85178760 0.52275940 -0.03435913
vn -0.04162638 0.00000000 -0.99913330
vn -0.03975422 0.99707720 0.06524401
vn 0.85178750 0.52275940 0.03435912
vn 0.99775110 0.00000000 0.06702831
vn -0.03975420 0.99707720 -0.06524399
vn -0.02104647 0.52552970 -0.85051480
vn 0.04162638 0.00000000 -0.99913330
vn 0.03975422 0.99707720 0.06524401
vn 0.85178750 0.52275940 -0.03435912
vn 0.99775110 0.00000000 -0.06702827
vn 0.03975420 0.99707720 -0.06524399
vn 0.02104647 0.52552980 -0.85051480
vn -0.99775110 0.00000000 0.06702823
vn -0.02104654 0.52552980 0.85051480
vn -0.04162638 0.00000000 0.99913330
vn -0.85178760 0.52275940 0.03435912
vn -0.99775110 0.00000000 -0.06702828
vn 0.02104654 0.52552990 0.85051480
vn 0.04162638 0.00000000 0.99913330
vn -0.85178760 0.52275940 -0.03435911
vn -0.04162605 0.00000000 -0.99913330
vn -0.03975420 0.99707720 0.06524399
vn 0.85178760 0.52275940 0.03435912
vn 0.99775110 0.00000000 0.06702823
vn -0.03975422 0.99707720 -0.06524401
vn -0.02104643 0.52552770 -0.85051620
vn 0.04162605 0.00000000 -0.99913330
vn 0.03975420 0.99707720 0.06524399
vn 0.85178760 0.52275930 -0.03435911
vn 0.99775110 0.00000000 -0.06702828
vn 0.03975422 0.99707720 -0.06524401
vn 0.02104643 0.52552760 -0.85051620
vn -0.99775110 0.00000000 0.06702827
vn -0.02104652 0.52552870 0.85051550
vn -0.04162621 0.00000000 0.99913330
vn -0.85178760 0.52275940 0.03435911
vn -0.99775110 0.00000000 -0.06702827
vn 0.02104652 0.52552870 0.85051550
vn 0.04162621 0.00000000 0.99913330
vn -0.85178750 0.52275940 -0.03435912
vn -0.04162621 0.00000000 -0.99913330
vn -0.03975421 0.99707720 0.06524400
vn 0.85178760 0.52275940 0.03435911
vn 0.99775110 0.00000000 0.06702827
vn -0.03975420 0.99707720 -0.06524400
vn -0.02104645 0.52552870 -0.85051550
vn 0.04162621 0.00000000 -0.99913330
vn 0.03975421 0.99707720 0.06524400
vn 0.85178750 0.52275940 -0.03435912
vn 0.99775110 0.00000000 -0.06702827
vn 0.03975420 0.99707720 -0.06524400
vn 0.02104645 0.52552870 -0.85051550
vn -0.99512540 0.00000000 0.09861884
vn -0.02244205 0.52524440 0.85065550
vn -0.04432271 0.00000000 0.99901720
vn -0.85319290 0.51904950 0.05147352
vn -0.99512540 0.00000000 -0.09861884
vn 0.02244205 0.52524440 0.85065550
vn 0.04432271 0.00000000 0.99901720
vn -0.85319270 0.51904980 -0.05147356
vn -0.04432271 0.00000000 -0.99901720
vn -0.04132950 0.99453000 0.09592628
vn 0.85319270 0.51904990 0.05147352
vn 0.99512540 0.00000000 0.09861884
vn -0.04132945 0.99453000 -0.09592628
vn -0.02244175 0.52524440 -0.85065550
vn 0.04432271 0.00000000 -0.99901720
vn 0.04132951 0.99453000 0.09592628
vn 0.85319240 0.51905010 -0.05147354
vn 0.99512540 0.00000000 -0.09861884
vn 0.04132945 0.99453000 -0.09592628
vn 0.02244175 0.52524440 -0.85065550
vn -0.99512520 0.00000000 0.09861959
vn -0.02244206 0.52524420 0.85065560
vn -0.04432245 0.00000000 0.99901720
vn -0.85319150 0.51905170 0.05147382
vn -0.99512520 0.00000000 -0.09861959
vn 0.02244206 0.52524420 0.85065560
vn 0.04432245 0.00000000 0.99901720
vn -0.85319130 0.51905210 -0.05147385
vn -0.04432245 0.00000000 -0.99901720
vn -0.04132951 0.99453000 0.09592599
vn 0.85319150 0.51905170 0.05147382
vn 0.99512520 0.00000000 0.09861959
vn -0.04132946 0.99453000 -0.09592599
vn -0.02244176 0.52524420 -0.85065560
vn 0.04432245 0.00000000 -0.99901720
vn 0.04132951 0.99453000 0.09592599
vn 0.85319130 0.51905210 -0.05147385
vn 0.99512520 0.00000000 -0.09861959
vn 0.04132946 0.99453000 -0.09592599
vn 0.02244176 0.52524420 -0.85065560
vn -0.99512520 0.00000000 0.09861958
vn -0.02244199 0.52524420 0.85065560
vn -0.04432314 0.00000000 0.99901720
vn -0.85319150 0.51905160 0.05147379
vn -0.99512520 0.00000000 -0.09861958
vn 0.02244199 0.52524420 0.85065560
vn 0.04432314 0.00000000 0.99901720
vn -0.85319150 0.51905160 -0.05147379
vn -0.04432314 0.00000000 -0.99901720
vn -0.04132954 0.99453000 0.09592599
vn 0.85319150 0.51905160 0.05147379
vn 0.99512520 0.00000000 0.09861958
vn -0.04132954 0.99453000 -0.09592599
vn -0.02244199 0.52524420 -0.85065560
vn 0.04432314 0.00000000 -0.99901720
vn 0.04132954 0.99453000 0.09592599
vn 0.85319150 0.51905160 -0.05147379
vn 0.99512520 0.00000000 -0.09861958
vn 0.04132954 0.99453000 -0.09592599
vn 0.02244199 0.52524420 -0.85065560
vn -0.99775110 0.00000000 0.06702828
vn -0.02104648 0.52552820 0.85051580
vn -0.04162621 0.00000000 0.99913330
vn -0.85178750 0.52275950 0.03435911
vn -0.99775110 0.00000000 -0.06702827
vn 0.02104648 0.52552820 0.85051580
vn 0.04162621 0.00000000 0.99913330
vn -0.85178760 0.52275940 -0.03435911
vn -0.04162624 0.00000000 -0.99913330
vn -0.03975421 0.99707720 0.06524400
vn 0.85178750 0.52275950 0.03435911
vn 0.99775110 0.00000000 0.06702828
vn -0.03975421 0.99707720 -0.06524400
vn -0.02104650 0.52552850 -0.85051570
vn 0.04162624 0.00000000 -0.99913330
vn 0.03975421 0.99707720 0.06524400
vn 0.85178750 0.52275940 -0.03435911
vn 0.99775110 0.00000000 -0.06702827
vn 0.03975421 0.99707720 -0.06524400
vn 0.02104650 0.52552850 -0.85051570
vn -0.99775110 0.00000000 0.06702827
vn -0.02104652 0.52552870 0.85051550
vn -0.04162621 0.00000000 0.99913330
vn -0.85178750 0.52275940 0.03435911
vn -0.99775110 0.00000000 -0.06702827
vn 0.02104652 0.52552870 0.85051550
vn 0.04162621 0.00000000 0.99913330
vn -0.85178750 0.52275960 -0.03435912
vn -0.04162621 0.00000000 -0.99913330
vn -0.03975421 0.99707720 0.06524400
vn 0.85178760 0.52275940 0.03435911
vn 0.99775110 0.00000000 0.06702827
vn -0.03975420 0.99707720 -0.06524400
vn -0.02104645 0.52552870 -0.85051550
vn 0.04162621 0.00000000 -0.99913330
vn 0.03975421 0.99707720 0.06524400
vn 0.85178750 0.52275940 -0.03435912
vn 0.99775110 0.00000000 -0.06702827
vn 0.03975420 0.99707720 -0.06524400
vn 0.02104645 0.52552870 -0.85051550
vn -0.99775110 0.00000000 0.06702823
vn -0.02104654 0.52552970 0.85051480
vn -0.04162638 0.00000000 0.99913330
vn -0.85178760 0.52275930 0.03435912
vn -0.99775110 0.00000000 -0.06702828
vn 0.02104654 0.52552980 0.85051480
vn 0.04162638 0.00000000 0.99913330
vn -0.85178760 0.52275940 -0.03435911
vn -0.04162605 0.00000000 -0.99913330
vn -0.03975420 0.99707720 0.06524399
vn 0.85178760 0.52275940 0.03435912
vn 0.99775110 0.00000000 0.06702823
vn -0.03975422 0.99707720 -0.06524401
vn -0.02104643 0.52552760 -0.85051620
vn 0.04162605 0.00000000 -0.99913330
vn 0.03975420 0.99707720 0.06524399
vn 0.85178760 0.52275940 -0.03435911
vn 0.99775110 0.00000000 -0.06702828
vn 0.03975422 0.99707720 -0.06524401
vn 0.02104643 0.52552760 -0.85051630
vn -0.99775110 0.00000000 0.06702828
vn -0.02104648 0.52552820 0.85051580
vn -0.04162621 0.00000000 0.99913330
vn -0.85178750 0.52275950 0.03435911
vn -0.99775110 0.00000000 -0.06702827
vn 0.02104648 0.52552820 0.85051580
vn 0.04162621 0.00000000 0.99913330
vn -0.85178750 0.52275940 -0.03435911
vn -0.04162624 0.00000000 -0.99913330
vn -0.03975421 0.99707720 0.06524400
vn 0.85178750 0.52275950 0.03435911
vn 0.99775110 0.00000000 0.06702828
vn -0.03975421 0.99707720 -0.06524400
vn -0.02104650 0.52552840 -0.85051580
vn 0.04162624 0.00000000 -0.99913330
vn 0.03975421 0.99707720 0.06524400
vn 0.85178760 0.52275940 -0.03435911
vn 0.99775110 0.00000000 -0.06702827
vn 0.03975421 0.99707720 -0.06524400
vn 0.02104650 0.52552840 -0.85051580
vn -0.99847920 0.00000000 0.05513030
vn -0.02104600 0.52552530 0.85051760
vn -0.04162541 0.00000000 0.99913330
vn -0.85120670 0.52407910 0.02807637
vn -0.99847920 0.00000000 -0.05513026
vn 0.02104600 0.52552530 0.85051760
vn 0.04162541 0.00000000 0.99913330
vn -0.85120700 0.52407870 -0.02807637
vn -0.04162605 0.00000000 -0.99913330
vn -0.04010005 0.99775480 0.05364220
vn 0.85120670 0.52407910 0.02807637
vn 0.99847920 0.00000000 0.05513030
vn -0.04010009 0.99775480 -0.05364216
vn -0.02104665 0.52552980 -0.85051480
vn 0.04162605 0.00000000 -0.99913330
vn 0.04010005 0.99775480 0.05364220
vn 0.85120700 0.52407870 -0.02807637
vn 0.99847920 0.00000000 -0.05513026
vn 0.04010009 0.99775480 -0.05364216
vn 0.02104665 0.52552990 -0.85051480
vt -19.77190000 0.44076660
vt -19.75055000 0.42484580
vt -19.77285000 0.43986120
vt -19.77407000 0.44196870
vt -19.75016000 0.42621380
vt -19.74847000 0.42621380
vt -19.74808000 0.42484580
vt -19.72578000 0.43986120
vt -19.77277000 0.44222890
vt -19.77276000 0.47099330
vt -19.77407000 0.47129460
vt -19.77285000 0.47340220
vt -19.75012000 0.42983490
vt -19.76916000 0.44241200
vt -19.76994000 0.44381860
vt -19.74853000 0.42983480
vt -19.76819000 0.44400990
vt -19.74932000 0.43161730
vt -19.72948000 0.44241110
vt -19.72673000 0.44076650
vt -19.72587000 0.44222890
vt -19.72456000 0.44196870
vt -19.72456000 0.47129460
vt -19.72870000 0.44381770
vt -19.73046000 0.44400970
vt -19.74931000 0.45635450
vt -19.76847000 0.46909110
vt -19.72871000 0.46931170
vt -19.72587000 0.47099450
vt -19.73046000 0.46905820
vt -19.72673000 0.47245490
vt -19.72578000 0.47340220
vt -19.74808000 0.48651120
vt -19.72948000 0.47068270
vt -19.74853000 0.48190900
vt -19.74932000 0.48024060
vt -19.74847000 0.48524610
vt -19.75016000 0.48524580
vt -19.75055000 0.48651120
vt -19.75012000 0.48190840
vt -19.77190000 0.47244970
vt -19.76915000 0.47067670
vt -19.76993000 0.46930510
vt -19.76825000 0.46918450
vt -19.76818000 0.46905210
vt -19.70679000 0.82941680
vt -19.70396000 0.82811580
vt -19.70431000 0.82694180
vt -19.70573000 0.82991180
vt -19.70679000 0.86378460
vt -19.64774000 0.82811580
vt -19.64738000 0.82694180
vt -19.70573000 0.86328960
vt -19.70431000 0.86625980
vt -19.70329000 0.83083800
vt -19.64597000 0.82991180
vt -19.64491000 0.82941680
vt -19.70329000 0.86236360
vt -19.70396000 0.86508570
vt -19.64738000 0.86625980
vt -19.64840000 0.83083800
vt -19.64597000 0.86328960
vt -19.64491000 0.86378460
vt -19.64840000 0.86236360
vt -19.64774000 0.86508570
vt -19.77835000 0.08855180
vt -19.77556000 0.08725793
vt -19.77588000 0.08607678
vt -19.77732000 0.08908060
vt -19.77835000 0.11105170
vt -19.72288000 0.08725793
vt -19.72256000 0.08607678
vt -19.77732000 0.11052290
vt -19.77588000 0.11352670
vt -19.77500000 0.08999239
vt -19.72112000 0.08908060
vt -19.72009000 0.08855180
vt -19.77500000 0.10961110
vt -19.77556000 0.11234560
vt -19.72256000 0.11352670
vt -19.72344000 0.08999239
vt -19.72112000 0.11052290
vt -19.72009000 0.11105170
vt -19.72344000 0.10961110
vt -19.72288000 0.11234560
vt -19.71320000 0.49838130
vt -19.70942000 0.49923400
vt -19.71073000 0.49595990
vt -19.71054000 0.50054010
vt -19.71320000 0.51994340
vt -19.65346000 0.49923400
vt -19.65215000 0.49595990
vt -19.71109000 0.52017100
vt -19.71320000 0.54150570
vt -19.70868000 0.50173400
vt -19.65234000 0.50054010
vt -19.64967000 0.49838130
vt -19.65420000 0.50173400
vt -19.65179000 0.52017100
vt -19.64967000 0.51994340
vt -19.70810000 0.52052840
vt -19.65477000 0.52052840
vt -19.65112000 0.54151510
vt -19.64967000 0.54150570
vt -19.65441000 0.54156040
vt -19.65106000 0.56306790
vt -19.64967000 0.56306790
vt -19.70847000 0.54156040
vt -19.65112000 0.58462070
vt -19.64967000 0.58463010
vt -19.65433000 0.56306790
vt -19.71175000 0.54151510
vt -19.71320000 0.56306790
vt -19.65179000 0.60596470
vt -19.64967000 0.60619240
vt -19.65441000 0.58457540
vt -19.70854000 0.56306790
vt -19.71181000 0.56306790
vt -19.71320000 0.58463010
vt -19.65234000 0.62559570
vt -19.64967000 0.62775460
vt -19.65477000 0.60560750
vt -19.70847000 0.58457540
vt -19.71175000 0.58462070
vt -19.71320000 0.60619240
vt -19.65346000 0.62690190
vt -19.65215000 0.63017600
vt -19.65420000 0.62440200
vt -19.70810000 0.60560750
vt -19.71109000 0.60596470
vt -19.71320000 0.62775460
vt -19.70942000 0.62690190
vt -19.71073000 0.63017600
vt -19.70868000 0.62440200
vt -19.71054000 0.62559570
vt -19.84985000 0.49858420
vt -19.84606000 0.49943690
vt -19.84737000 0.49616280
vt -19.84718000 0.50074300
vt -19.84985000 0.52014630
vt -19.79010000 0.49943690
vt -19.78879000 0.49616280
vt -19.84773000 0.52037390
vt -19.84985000 0.54170860
vt -19.84532000 0.50193690
vt -19.78898000 0.50074300
vt -19.78632000 0.49858420
vt -19.79084000 0.50193690
vt -19.78843000 0.52037390
vt -19.78632000 0.52014630
vt -19.84475000 0.52073120
vt -19.79142000 0.52073120
vt -19.78777000 0.54171790
vt -19.78632000 0.54170860
vt -19.79105000 0.54176340
vt -19.78770000 0.56327070
vt -19.78632000 0.56327070
vt -19.84511000 0.54176340
vt -19.78777000 0.58482360
vt -19.78632000 0.58483300
vt -19.79098000 0.56327070
vt -19.84840000 0.54171790
vt -19.84985000 0.56327070
vt -19.78843000 0.60616760
vt -19.78632000 0.60639520
vt -19.79105000 0.58477820
vt -19.84519000 0.56327070
vt -19.84846000 0.56327070
vt -19.84985000 0.58483300
vt -19.78898000 0.62579860
vt -19.78632000 0.62795740
vt -19.79142000 0.60581030
vt -19.84511000 0.58477820
vt -19.84840000 0.58482360
vt -19.84985000 0.60639520
vt -19.79010000 0.62710480
vt -19.78879000 0.63037890
vt -19.79084000 0.62460480
vt -19.84475000 0.60581030
vt -19.84773000 0.60616760
vt -19.84985000 0.62795740
vt -19.84606000 0.62710480
vt -19.84737000 0.63037890
vt -19.84532000 0.62460480
vt -19.84718000 0.62579860
vt -19.76688000 0.27933590
vt -19.76817000 0.27658010
vt -19.76935000 0.27686080
vt -19.76638000 0.27829950
vt -19.73251000 0.27933590
vt -19.76427000 0.22032760
vt -19.76544000 0.21992780
vt -19.73301000 0.27829360
vt -19.73003000 0.27686080
vt -19.76544000 0.27593050
vt -19.76245000 0.21852200
vt -19.76297000 0.21745270
vt -19.73394000 0.27591090
vt -19.73121000 0.27656330
vt -19.73302000 0.21992780
vt -19.76153000 0.22095050
vt -19.73602000 0.21851610
vt -19.73550000 0.21745270
vt -19.73694000 0.22093130
vt -19.73420000 0.22031140
vt -19.73251000 0.33825900
vt -19.73121000 0.34101480
vt -19.73003000 0.34073410
vt -19.73301000 0.33929540
vt -19.76688000 0.33825900
vt -19.73512000 0.39726730
vt -19.73394000 0.39766710
vt -19.76638000 0.33930130
vt -19.76935000 0.34073410
vt -19.73394000 0.34166440
vt -19.73693000 0.39907290
vt -19.73642000 0.40014210
vt -19.76545000 0.34168400
vt -19.76817000 0.34103160
vt -19.76636000 0.39766710
vt -19.73785000 0.39664440
vt -19.76337000 0.39907880
vt -19.76389000 0.40014210
vt -19.76245000 0.39666360
vt -19.76519000 0.39728350
vt -19.78785000 0.32645860
vt -19.79060000 0.32775550
vt -19.79033000 0.32893370
vt -19.78889000 0.32595800
vt -19.78785000 0.29209080
vt -19.84686000 0.32385130
vt -19.84726000 0.32502310
vt -19.78889000 0.29259030
vt -19.79033000 0.28961570
vt -19.79125000 0.32502490
vt -19.84866000 0.32203310
vt -19.84973000 0.32254800
vt -19.79128000 0.29352050
vt -19.79062000 0.29079280
vt -19.84726000 0.29260610
vt -19.84623000 0.32111430
vt -19.84867000 0.29559750
vt -19.84973000 0.29508120
vt -19.84625000 0.29651960
vt -19.84687000 0.29378100
vt -19.71117000 0.29209080
vt -19.70841000 0.29079390
vt -19.70869000 0.28961570
vt -19.71013000 0.29259140
vt -19.71117000 0.32645860
vt -19.65216000 0.29469810
vt -19.65176000 0.29352630
vt -19.71012000 0.32595910
vt -19.70869000 0.32893370
vt -19.70776000 0.29352450
vt -19.65036000 0.29651630
vt -19.64929000 0.29600140
vt -19.70774000 0.32502890
vt -19.70840000 0.32775650
vt -19.65176000 0.32594320
vt -19.65278000 0.29743510
vt -19.65035000 0.32295190
vt -19.64929000 0.32346810
vt -19.65276000 0.32202970
vt -19.65215000 0.32476830
vt -19.85081000 0.22554970
vt -19.84796000 0.22423880
vt -19.84834000 0.22307460
vt -19.84974000 0.22603110
vt -19.85081000 0.26240430
vt -19.79461000 0.22423880
vt -19.79424000 0.22307460
vt -19.84974000 0.26192290
vt -19.84834000 0.26487940
vt -19.84726000 0.22693600
vt -19.79284000 0.22603110
vt -19.79176000 0.22554970
vt -19.84726000 0.26101810
vt -19.84796000 0.26371520
vt -19.79424000 0.26487940
vt -19.79531000 0.22693600
vt -19.79284000 0.26192290
vt -19.79176000 0.26240430
vt -19.79531000 0.26101810
vt -19.79461000 0.26371520
vt -19.70882000 0.22554970
vt -19.70597000 0.22423880
vt -19.70634000 0.22307460
vt -19.70774000 0.22603110
vt -19.70882000 0.26240430
vt -19.65261000 0.22423880
vt -19.65224000 0.22307460
vt -19.70774000 0.26192290
vt -19.70634000 0.26487940
vt -19.70527000 0.22693600
vt -19.65084000 0.22603110
vt -19.64977000 0.22554970
vt -19.70527000 0.26101810
vt -19.70597000 0.26371520
vt -19.65224000 0.26487940
vt -19.65332000 0.22693600
vt -19.65084000 0.26192290
vt -19.64977000 0.26240430
vt -19.65332000 0.26101810
vt -19.65261000 0.26371520
vt -19.80282000 0.98058690
vt -19.80396000 0.98011320
vt -19.80896000 0.98759340
vt -19.80809000 0.98846880
vt -19.80097000 0.97128960
vt -19.81644000 0.99259160
vt -19.81597000 0.99373530
vt -19.80221000 0.97128950
vt -19.80282000 0.96199210
vt -19.82526000 0.99434670
vt -19.82526000 0.99558460
vt -19.80396000 0.96246590
vt -19.80809000 0.95411010
vt -19.83409000 0.99259160
vt -19.83456000 0.99373530
vt -19.80896000 0.95498560
vt -19.81597000 0.94884370
vt -19.84157000 0.98759340
vt -19.84244000 0.98846880
vt -19.81644000 0.94998750
vt -19.82526000 0.94699430
vt -19.84657000 0.98011310
vt -19.84771000 0.98058690
vt -19.82526000 0.94823230
vt -19.83456000 0.94884370
vt -19.84832000 0.97128950
vt -19.84956000 0.97128960
vt -19.83409000 0.94998750
vt -19.84244000 0.95411010
vt -19.84657000 0.96246600
vt -19.84771000 0.96199220
vt -19.84157000 0.95498560
vt -19.84408000 0.97908480
vt -19.84563000 0.97128960
vt -19.82526000 0.97128950
vt -19.83967000 0.98569330
vt -19.84408000 0.96349430
vt -19.83306000 0.99010890
vt -19.83967000 0.95688570
vt -19.82526000 0.99165950
vt -19.83306000 0.95247010
vt -19.81747000 0.99010890
vt -19.82526000 0.95091950
vt -19.81086000 0.98569330
vt -19.81747000 0.95247010
vt -19.80645000 0.97908480
vt -19.81086000 0.95688560
vt -19.80489000 0.97128950
vt -19.80645000 0.96349420
vt -19.70679000 0.89094490
vt -19.70396000 0.88964390
vt -19.70431000 0.88846990
vt -19.70573000 0.89143990
vt -19.70679000 0.92531280
vt -19.64774000 0.88964390
vt -19.64738000 0.88846990
vt -19.70573000 0.92481780
vt -19.70431000 0.92778800
vt -19.70329000 0.89236600
vt -19.64597000 0.89143990
vt -19.64491000 0.89094490
vt -19.70329000 0.92389180
vt -19.70396000 0.92661390
vt -19.64738000 0.92778800
vt -19.64840000 0.89236600
vt -19.64597000 0.92481780
vt -19.64491000 0.92531280
vt -19.64840000 0.92389180
vt -19.64774000 0.92661390
vt -19.78028000 0.89094490
vt -19.77745000 0.88964380
vt -19.77781000 0.88846990
vt -19.77922000 0.89143990
vt -19.78028000 0.92531280
vt -19.72123000 0.88964380
vt -19.72088000 0.88846990
vt -19.77922000 0.92481780
vt -19.77781000 0.92778800
vt -19.77679000 0.89236600
vt -19.71946000 0.89143990
vt -19.71840000 0.89094490
vt -19.77679000 0.92389180
vt -19.77745000 0.92661390
vt -19.72088000 0.92778800
vt -19.72190000 0.89236600
vt -19.71946000 0.92481780
vt -19.71840000 0.92531280
vt -19.72190000 0.92389180
vt -19.72123000 0.92661390
vt -19.85352000 0.89094490
vt -19.85069000 0.88964390
vt -19.85104000 0.88846990
vt -19.85246000 0.89143990
vt -19.85352000 0.92531280
vt -19.79447000 0.88964390
vt -19.79411000 0.88846990
vt -19.85246000 0.92481780
vt -19.85104000 0.92778800
vt -19.85002000 0.89236600
vt -19.79270000 0.89143990
vt -19.79164000 0.89094490
vt -19.85002000 0.92389180
vt -19.85069000 0.92661390
vt -19.79411000 0.92778800
vt -19.79513000 0.89236600
vt -19.79270000 0.92481780
vt -19.79164000 0.92531280
vt -19.79513000 0.92389180
vt -19.79447000 0.92661390
vt -19.74056000 0.18495520
vt -19.73790000 0.18373420
vt -19.73827000 0.18266790
vt -19.73955000 0.18541370
vt -19.74056000 0.20574770
vt -19.70816000 0.18373420
vt -19.70779000 0.18266790
vt -19.73955000 0.20528920
vt -19.73827000 0.20803500
vt -19.73726000 0.18617740
vt -19.70651000 0.18541370
vt -19.70550000 0.18495520
vt -19.73726000 0.20452560
vt -19.73790000 0.20696870
vt -19.70779000 0.20803500
vt -19.70880000 0.18617740
vt -19.70651000 0.20528920
vt -19.70550000 0.20574770
vt -19.70880000 0.20452560
vt -19.70816000 0.20696870
vt -19.79498000 0.18403540
vt -19.79231000 0.18280960
vt -19.79268000 0.18173920
vt -19.79397000 0.18449570
vt -19.79498000 0.20490920
vt -19.76245000 0.18280960
vt -19.76208000 0.18173920
vt -19.79397000 0.20444890
vt -19.79268000 0.20720550
vt -19.79167000 0.18526230
vt -19.76080000 0.18449570
vt -19.75978000 0.18403540
vt -19.79167000 0.20368230
vt -19.79231000 0.20613500
vt -19.76208000 0.20720550
vt -19.76310000 0.18526230
vt -19.76080000 0.20444880
vt -19.75978000 0.20490920
vt -19.76310000 0.20368230
vt -19.76245000 0.20613500
vt -19.84815000 0.18379150
vt -19.84541000 0.18253700
vt -19.84580000 0.18144160
vt -19.84711000 0.18426260
vt -19.84815000 0.20515310
vt -19.81486000 0.18253700
vt -19.81448000 0.18144160
vt -19.84711000 0.20468200
vt -19.84580000 0.20750300
vt -19.84476000 0.18504710
vt -19.81316000 0.18426260
vt -19.81213000 0.18379150
vt -19.84476000 0.20389750
vt -19.84541000 0.20640750
vt -19.81448000 0.20750300
vt -19.81552000 0.18504710
vt -19.81316000 0.20468200
vt -19.81213000 0.20515310
vt -19.81552000 0.20389750
vt -19.81486000 0.20640750
vt -19.68658000 0.18515840
vt -19.68397000 0.18396130
vt -19.68434000 0.18291590
vt -19.68559000 0.18560810
vt -19.68658000 0.20554450
vt -19.65482000 0.18396130
vt -19.65445000 0.18291590
vt -19.68559000 0.20509490
vt -19.68434000 0.20778700
vt -19.68335000 0.18635670
vt -19.65320000 0.18560810
vt -19.65221000 0.18515840
vt -19.68335000 0.20434620
vt -19.68397000 0.20674160
vt -19.65445000 0.20778700
vt -19.65544000 0.18635670
vt -19.65320000 0.20509490
vt -19.65221000 0.20554450
vt -19.65544000 0.20434620
vt -19.65482000 0.20674160
vt -19.77119000 0.58435960
vt -19.76825000 0.58299020
vt -19.76871000 0.58188460
vt -19.77004000 0.58477090
vt -19.77119000 0.62786380
vt -19.73145000 0.58299020
vt -19.73099000 0.58188460
vt -19.77004000 0.62745250
vt -19.76871000 0.63033890
vt -19.76741000 0.58553590
vt -19.72966000 0.58477090
vt -19.72852000 0.58435960
vt -19.76741000 0.62668760
vt -19.76825000 0.62923330
vt -19.73099000 0.63033890
vt -19.73230000 0.58553590
vt -19.72966000 0.62745250
vt -19.72852000 0.62786380
vt -19.73230000 0.62668760
vt -19.73145000 0.62923330
vt -19.77119000 0.50693550
vt -19.76825000 0.50556610
vt -19.76871000 0.50446050
vt -19.77004000 0.50734680
vt -19.77119000 0.55043960
vt -19.73145000 0.50556610
vt -19.73099000 0.50446050
vt -19.77004000 0.55002830
vt -19.76871000 0.55291460
vt -19.76741000 0.50811170
vt -19.72966000 0.50734680
vt -19.72852000 0.50693550
vt -19.76741000 0.54926340
vt -19.76825000 0.55180900
vt -19.73099000 0.55291460
vt -19.73230000 0.50811170
vt -19.72966000 0.55002830
vt -19.72852000 0.55043960
vt -19.73230000 0.54926340
vt -19.73145000 0.55180900
vt -19.77119000 0.29154580
vt -19.76828000 0.29020180
vt -19.76871000 0.28907070
vt -19.77007000 0.29199250
vt -19.77119000 0.32794980
vt -19.73143000 0.29020180
vt -19.73099000 0.28907070
vt -19.77007000 0.32750320
vt -19.76871000 0.33042490
vt -19.76749000 0.29280200
vt -19.72964000 0.29199240
vt -19.72852000 0.29154580
vt -19.76749000 0.32669360
vt -19.76828000 0.32929380
vt -19.73099000 0.33042490
vt -19.73222000 0.29280200
vt -19.72964000 0.32750320
vt -19.72852000 0.32794980
vt -19.73222000 0.32669360
vt -19.73143000 0.32929380
vt -19.85106000 0.13073730
vt -19.84827000 0.12944330
vt -19.84858000 0.12826220
vt -19.85003000 0.13126610
vt -19.85106000 0.15323710
vt -19.79559000 0.12944330
vt -19.79527000 0.12826220
vt -19.85003000 0.15270840
vt -19.84858000 0.15571220
vt -19.84770000 0.13217790
vt -19.79382000 0.13126610
vt -19.79280000 0.13073730
vt -19.84770000 0.15179660
vt -19.84827000 0.15453110
vt -19.79527000 0.15571220
vt -19.79615000 0.13217790
vt -19.79382000 0.15270840
vt -19.79280000 0.15323710
vt -19.79615000 0.15179660
vt -19.79559000 0.15453110
vt -19.85106000 0.08855180
vt -19.84827000 0.08725793
vt -19.84858000 0.08607678
vt -19.85003000 0.08908059
vt -19.85106000 0.11105170
vt -19.79559000 0.08725793
vt -19.79527000 0.08607678
vt -19.85003000 0.11052290
vt -19.84858000 0.11352670
vt -19.84770000 0.08999239
vt -19.79382000 0.08908059
vt -19.79280000 0.08855180
vt -19.84770000 0.10961110
vt -19.84827000 0.11234560
vt -19.79527000 0.11352670
vt -19.79615000 0.08999239
vt -19.79382000 0.11052290
vt -19.79280000 0.11105170
vt -19.79615000 0.10961110
vt -19.79559000 0.11234560
vt -19.85106000 0.04594927
vt -19.84827000 0.04465539
vt -19.84858000 0.04347424
vt -19.85003000 0.04647806
vt -19.85106000 0.06844912
vt -19.79559000 0.04465539
vt -19.79527000 0.04347424
vt -19.85003000 0.06792034
vt -19.84858000 0.07092421
vt -19.84770000 0.04738986
vt -19.79382000 0.04647806
vt -19.79280000 0.04594927
vt -19.84770000 0.06700857
vt -19.84827000 0.06974304
vt -19.79527000 0.07092421
vt -19.79615000 0.04738986
vt -19.79382000 0.06792034
vt -19.79280000 0.06844912
vt -19.79615000 0.06700857
vt -19.79559000 0.06974304
vt -19.85106000 0.00705276
vt -19.84827000 0.00575881
vt -19.84858000 0.00457765
vt -19.85003000 0.00758155
vt -19.85106000 0.02955256
vt -19.79559000 0.00575881
vt -19.79527000 0.00457765
vt -19.85003000 0.02902379
vt -19.84858000 0.03202771
vt -19.84770000 0.00849330
vt -19.79382000 0.00758155
vt -19.79280000 0.00705276
vt -19.84770000 0.02811205
vt -19.84827000 0.03084654
vt -19.79527000 0.03202771
vt -19.79615000 0.00849330
vt -19.79382000 0.02902379
vt -19.79280000 0.02955256
vt -19.79615000 0.02811205
vt -19.79559000 0.03084654
vt -19.77835000 0.13073730
vt -19.77556000 0.12944330
vt -19.77588000 0.12826220
vt -19.77732000 0.13126610
vt -19.77835000 0.15323710
vt -19.72288000 0.12944330
vt -19.72256000 0.12826220
vt -19.77732000 0.15270840
vt -19.77588000 0.15571220
vt -19.77500000 0.13217790
vt -19.72112000 0.13126610
vt -19.72009000 0.13073730
vt -19.77500000 0.15179660
vt -19.77556000 0.15453110
vt -19.72256000 0.15571220
vt -19.72344000 0.13217790
vt -19.72112000 0.15270840
vt -19.72009000 0.15323710
vt -19.72344000 0.15179660
vt -19.72288000 0.15453100
vt -19.70739000 0.04594927
vt -19.70460000 0.04465540
vt -19.70491000 0.04347424
vt -19.70637000 0.04647807
vt -19.70739000 0.06844912
vt -19.65192000 0.04465540
vt -19.65160000 0.04347424
vt -19.70637000 0.06792033
vt -19.70491000 0.07092421
vt -19.70404000 0.04738985
vt -19.65015000 0.04647807
vt -19.64913000 0.04594927
vt -19.70404000 0.06700856
vt -19.70460000 0.06974307
vt -19.65160000 0.07092421
vt -19.65248000 0.04738985
vt -19.65015000 0.06792033
vt -19.64913000 0.06844912
vt -19.65248000 0.06700856
vt -19.65192000 0.06974307
vt -19.70739000 0.08855180
vt -19.70460000 0.08725794
vt -19.70491000 0.08607678
vt -19.70637000 0.08908060
vt -19.70739000 0.11105170
vt -19.65192000 0.08725794
vt -19.65160000 0.08607678
vt -19.70637000 0.11052290
vt -19.70491000 0.11352670
vt -19.70404000 0.08999239
vt -19.65015000 0.08908060
vt -19.64913000 0.08855180
vt -19.70404000 0.10961110
vt -19.70460000 0.11234560
vt -19.65160000 0.11352670
vt -19.65248000 0.08999239
vt -19.65015000 0.11052290
vt -19.64913000 0.11105170
vt -19.65248000 0.10961110
vt -19.65192000 0.11234560
vt -19.70739000 0.13073730
vt -19.70460000 0.12944340
vt -19.70491000 0.12826220
vt -19.70637000 0.13126610
vt -19.70739000 0.15323710
vt -19.65192000 0.12944340
vt -19.65160000 0.12826220
vt -19.70637000 0.15270840
vt -19.70491000 0.15571220
vt -19.70404000 0.13217790
vt -19.65015000 0.13126610
vt -19.64913000 0.13073730
vt -19.70404000 0.15179660
vt -19.70460000 0.15453110
vt -19.65160000 0.15571220
vt -19.65248000 0.13217790
vt -19.65015000 0.15270840
vt -19.64913000 0.15323710
vt -19.65248000 0.15179660
vt -19.65192000 0.15453110
vt -19.85352000 0.77190860
vt -19.85069000 0.77060760
vt -19.85104000 0.76943360
vt -19.85246000 0.77240360
vt -19.85352000 0.80627640
vt -19.79447000 0.77060760
vt -19.79411000 0.76943360
vt -19.85246000 0.80578140
vt -19.85104000 0.80875150
vt -19.85002000 0.77332970
vt -19.79270000 0.77240360
vt -19.79164000 0.77190860
vt -19.85002000 0.80485530
vt -19.85069000 0.80757750
vt -19.79411000 0.80875150
vt -19.79513000 0.77332970
vt -19.79270000 0.80578140
vt -19.79164000 0.80627640
vt -19.79513000 0.80485530
vt -19.79447000 0.80757750
vt -19.78028000 0.77190860
vt -19.77745000 0.77060750
vt -19.77781000 0.76943360
vt -19.77922000 0.77240360
vt -19.78028000 0.80627640
vt -19.72123000 0.77060750
vt -19.72088000 0.76943360
vt -19.77922000 0.80578140
vt -19.77781000 0.80875150
vt -19.77679000 0.77332970
vt -19.71946000 0.77240360
vt -19.71840000 0.77190860
vt -19.77679000 0.80485530
vt -19.77745000 0.80757750
vt -19.72088000 0.80875150
vt -19.72190000 0.77332970
vt -19.71946000 0.80578140
vt -19.71840000 0.80627640
vt -19.72190000 0.80485530
vt -19.72123000 0.80757750
vt -19.78028000 0.71444570
vt -19.77745000 0.71314470
vt -19.77781000 0.71197060
vt -19.77922000 0.71494070
vt -19.78028000 0.74881360
vt -19.72123000 0.71314470
vt -19.72088000 0.71197060
vt -19.77922000 0.74831860
vt -19.77781000 0.75128860
vt -19.77679000 0.71586670
vt -19.71946000 0.71494070
vt -19.71840000 0.71444570
vt -19.77679000 0.74739250
vt -19.77745000 0.75011460
vt -19.72088000 0.75128860
vt -19.72190000 0.71586670
vt -19.71946000 0.74831860
vt -19.71840000 0.74881360
vt -19.72190000 0.74739250
vt -19.72123000 0.75011460
vt -19.70679000 0.71444570
vt -19.70396000 0.71314470
vt -19.70431000 0.71197060
vt -19.70573000 0.71494060
vt -19.70679000 0.74881360
vt -19.64774000 0.71314470
vt -19.64738000 0.71197060
vt -19.70573000 0.74831860
vt -19.70431000 0.75128860
vt -19.70329000 0.71586670
vt -19.64597000 0.71494070
vt -19.64491000 0.71444570
vt -19.70329000 0.74739250
vt -19.70396000 0.75011460
vt -19.64738000 0.75128860
vt -19.64840000 0.71586670
vt -19.64597000 0.74831860
vt -19.64491000 0.74881360
vt -19.64840000 0.74739250
vt -19.64774000 0.75011460
vt -19.70679000 0.77190860
vt -19.70396000 0.77060750
vt -19.70431000 0.76943360
vt -19.70573000 0.77240360
vt -19.70679000 0.80627640
vt -19.64774000 0.77060750
vt -19.64738000 0.76943360
vt -19.70573000 0.80578140
vt -19.70431000 0.80875150
vt -19.70329000 0.77332970
vt -19.64597000 0.77240360
vt -19.64491000 0.77190860
vt -19.70329000 0.80485530
vt -19.70396000 0.80757750
vt -19.64738000 0.80875150
vt -19.64840000 0.77332970
vt -19.64597000 0.80578140
vt -19.64491000 0.80627640
vt -19.64840000 0.80485530
vt -19.64774000 0.80757750
vt -19.85352000 0.82941680
vt -19.85069000 0.82811580
vt -19.85104000 0.82694180
vt -19.85246000 0.82991180
vt -19.85352000 0.86378460
vt -19.79447000 0.82811580
vt -19.79411000 0.82694180
vt -19.85246000 0.86328970
vt -19.85104000 0.86625980
vt -19.85002000 0.83083790
vt -19.79270000 0.82991180
vt -19.79164000 0.82941680
vt -19.85002000 0.86236360
vt -19.85069000 0.86508570
vt -19.79411000 0.86625980
vt -19.79513000 0.83083790
vt -19.79270000 0.86328970
vt -19.79164000 0.86378460
vt -19.79513000 0.86236360
vt -19.79447000 0.86508570
vt -19.78028000 0.82941680
vt -19.77745000 0.82811580
vt -19.77781000 0.82694180
vt -19.77922000 0.82991180
vt -19.78028000 0.86378460
vt -19.72123000 0.82811580
vt -19.72088000 0.82694180
vt -19.77922000 0.86328960
vt -19.77781000 0.86625980
vt -19.77679000 0.83083790
vt -19.71946000 0.82991180
vt -19.71840000 0.82941680
vt -19.77679000 0.86236360
vt -19.77745000 0.86508570
vt -19.72088000 0.86625980
vt -19.72190000 0.83083790
vt -19.71946000 0.86328970
vt -19.71840000 0.86378460
vt -19.72190000 0.86236360
vt -19.72123000 0.86508570
vt -19.78028000 0.65834010
vt -19.77745000 0.65703900
vt -19.77781000 0.65586500
vt -19.77922000 0.65883510
vt -19.78028000 0.69270790
vt -19.72123000 0.65703900
vt -19.72088000 0.65586500
vt -19.77922000 0.69221290
vt -19.77781000 0.69518300
vt -19.77679000 0.65976110
vt -19.71946000 0.65883510
vt -19.71840000 0.65834010
vt -19.77679000 0.69128690
vt -19.77745000 0.69400900
vt -19.72088000 0.69518300
vt -19.72190000 0.65976110
vt -19.71946000 0.69221290
vt -19.71840000 0.69270790
vt -19.72190000 0.69128690
vt -19.72123000 0.69400900
vt -19.85352000 0.71444570
vt -19.85069000 0.71314470
vt -19.85104000 0.71197060
vt -19.85246000 0.71494070
vt -19.85352000 0.74881360
vt -19.79447000 0.71314470
vt -19.79411000 0.71197060
vt -19.85246000 0.74831860
vt -19.85104000 0.75128860
vt -19.85002000 0.71586670
vt -19.79270000 0.71494070
vt -19.79164000 0.71444570
vt -19.85002000 0.74739240
vt -19.85069000 0.75011460
vt -19.79411000 0.75128860
vt -19.79513000 0.71586670
vt -19.79270000 0.74831860
vt -19.79164000 0.74881360
vt -19.79513000 0.74739240
vt -19.79447000 0.75011460
vt -19.70679000 0.65834010
vt -19.70396000 0.65703890
vt -19.70431000 0.65586500
vt -19.70573000 0.65883510
vt -19.70679000 0.69270790
vt -19.64774000 0.65703890
vt -19.64738000 0.65586500
vt -19.70573000 0.69221290
vt -19.70431000 0.69518300
vt -19.70329000 0.65976120
vt -19.64597000 0.65883510
vt -19.64491000 0.65834010
vt -19.70329000 0.69128690
vt -19.70396000 0.69400890
vt -19.64738000 0.69518300
vt -19.64840000 0.65976120
vt -19.64597000 0.69221290
vt -19.64491000 0.69270790
vt -19.64840000 0.69128690
vt -19.64774000 0.69400890
vt -19.70679000 0.36030210
vt -19.70396000 0.35900110
vt -19.70431000 0.35782700
vt -19.70573000 0.36079700
vt -19.70679000 0.39467000
vt -19.64774000 0.35900110
vt -19.64738000 0.35782700
vt -19.70573000 0.39417490
vt -19.70431000 0.39714500
vt -19.70329000 0.36172320
vt -19.64597000 0.36079710
vt -19.64491000 0.36030210
vt -19.70329000 0.39324890
vt -19.70396000 0.39597100
vt -19.64738000 0.39714500
vt -19.64840000 0.36172320
vt -19.64597000 0.39417500
vt -19.64491000 0.39467000
vt -19.64840000 0.39324890
vt -19.64774000 0.39597100
vt -19.70739000 0.00705276
vt -19.70460000 0.00575881
vt -19.70491000 0.00457765
vt -19.70637000 0.00758155
vt -19.70739000 0.02955256
vt -19.65192000 0.00575881
vt -19.65160000 0.00457765
vt -19.70637000 0.02902379
vt -19.70491000 0.03202771
vt -19.70404000 0.00849330
vt -19.65015000 0.00758155
vt -19.64913000 0.00705276
vt -19.70404000 0.02811205
vt -19.70460000 0.03084654
vt -19.65160000 0.03202771
vt -19.65248000 0.00849330
vt -19.65015000 0.02902379
vt -19.64913000 0.02955256
vt -19.65248000 0.02811205
vt -19.65192000 0.03084654
vt -19.77835000 0.00705276
vt -19.77556000 0.00575881
vt -19.77588000 0.00457765
vt -19.77732000 0.00758155
vt -19.77835000 0.02955256
vt -19.72288000 0.00575881
vt -19.72256000 0.00457765
vt -19.77732000 0.02902379
vt -19.77588000 0.03202771
vt -19.77500000 0.00849330
vt -19.72112000 0.00758155
vt -19.72009000 0.00705276
vt -19.77500000 0.02811205
vt -19.77556000 0.03084654
vt -19.72256000 0.03202771
vt -19.72344000 0.00849330
vt -19.72112000 0.02902379
vt -19.72009000 0.02955256
vt -19.72344000 0.02811205
vt -19.72288000 0.03084654
vt -19.77835000 0.04594927
vt -19.77556000 0.04465539
vt -19.77588000 0.04347424
vt -19.77732000 0.04647806
vt -19.77835000 0.06844912
vt -19.72288000 0.04465538
vt -19.72256000 0.04347424
vt -19.77732000 0.06792033
vt -19.77588000 0.07092421
vt -19.77500000 0.04738986
vt -19.72112000 0.04647806
vt -19.72009000 0.04594927
vt -19.77500000 0.06700858
vt -19.77556000 0.06974304
vt -19.72256000 0.07092421
vt -19.72344000 0.04738986
vt -19.72112000 0.06792033
vt -19.72009000 0.06844912
vt -19.72344000 0.06700858
vt -19.72288000 0.06974304
vt -19.85352000 0.43611020
vt -19.85069000 0.43480910
vt -19.85104000 0.43363510
vt -19.85246000 0.43660520
vt -19.85352000 0.47047800
vt -19.79447000 0.43480910
vt -19.79411000 0.43363510
vt -19.85246000 0.46998300
vt -19.85104000 0.47295310
vt -19.85002000 0.43753130
vt -19.79270000 0.43660520
vt -19.79164000 0.43611020
vt -19.85002000 0.46905690
vt -19.85069000 0.47177900
vt -19.79411000 0.47295310
vt -19.79513000 0.43753130
vt -19.79270000 0.46998300
vt -19.79164000 0.47047800
vt -19.79513000 0.46905690
vt -19.79447000 0.47177900
vt -19.85352000 0.36030210
vt -19.85069000 0.35900100
vt -19.85104000 0.35782700
vt -19.85246000 0.36079710
vt -19.85352000 0.39467000
vt -19.79447000 0.35900100
vt -19.79411000 0.35782700
vt -19.85246000 0.39417490
vt -19.85104000 0.39714500
vt -19.85002000 0.36172320
vt -19.79270000 0.36079710
vt -19.79164000 0.36030210
vt -19.85002000 0.39324890
vt -19.85069000 0.39597100
vt -19.79411000 0.39714500
vt -19.79513000 0.36172320
vt -19.79270000 0.39417490
vt -19.79164000 0.39467000
vt -19.79513000 0.39324890
vt -19.79447000 0.39597100
vt -19.85352000 0.65834010
vt -19.85069000 0.65703900
vt -19.85104000 0.65586500
vt -19.85246000 0.65883510
vt -19.85352000 0.69270790
vt -19.79447000 0.65703900
vt -19.79411000 0.65586500
vt -19.85246000 0.69221290
vt -19.85104000 0.69518300
vt -19.85002000 0.65976110
vt -19.79270000 0.65883510
vt -19.79164000 0.65834010
vt -19.85002000 0.69128690
vt -19.85069000 0.69400900
vt -19.79411000 0.69518300
vt -19.79513000 0.65976110
vt -19.79270000 0.69221290
vt -19.79164000 0.69270790
vt -19.79513000 0.69128690
vt -19.79447000 0.69400900
vt -19.70679000 0.43611020
vt -19.70396000 0.43480910
vt -19.70431000 0.43363510
vt -19.70573000 0.43660520
vt -19.70679000 0.47047800
vt -19.64774000 0.43480910
vt -19.64738000 0.43363510
vt -19.70573000 0.46998300
vt -19.70431000 0.47295310
vt -19.70329000 0.43753130
vt -19.64597000 0.43660520
vt -19.64491000 0.43611020
vt -19.70329000 0.46905690
vt -19.70396000 0.47177910
vt -19.64738000 0.47295310
vt -19.64840000 0.43753130
vt -19.64597000 0.46998300
vt -19.64491000 0.47047800
vt -19.64840000 0.46905690
vt -19.64774000 0.47177910
vt -19.70650000 0.94354040
vt -19.70393000 0.94235110
vt -19.70427000 0.94130680
vt -19.70552000 0.94396260
vt -19.70650000 0.98176030
vt -19.65324000 0.94235110
vt -19.65289000 0.94130680
vt -19.70552000 0.98133810
vt -19.70427000 0.98399400
vt -19.70327000 0.94477210
vt -19.65164000 0.94396260
vt -19.65066000 0.94354040
vt -19.70327000 0.98052870
vt -19.70393000 0.98294970
vt -19.65289000 0.98399400
vt -19.65390000 0.94477210
vt -19.65164000 0.98133810
vt -19.65066000 0.98176030
vt -19.65390000 0.98052870
vt -19.65324000 0.98294970
f 3/3/3 2/2/2 1/1/1
f 3/3/3 1/1/1 4/4/4
f 2/2/2 5/5/5 1/1/1
f 6/6/6 5/5/5 2/2/2
f 7/7/7 6/6/6 2/2/2
f 7/7/7 8/8/8 6/6/6
f 1/1/1 9/9/9 4/4/4
f 4/4/4 9/9/9 10/10/10
f 11/11/11 4/4/4 10/10/10
f 12/12/12 11/11/11 10/10/10
f 5/5/5 13/13/13 1/1/1
f 1/1/1 14/14/14 9/9/9
f 13/13/13 14/14/14 1/1/1
f 14/14/14 15/15/15 9/9/9
f 9/9/9 15/15/15 10/10/10
f 6/6/6 16/16/16 5/5/5
f 16/16/16 13/13/13 5/5/5
f 14/14/14 13/13/13 17/17/17
f 15/15/15 14/14/14 17/17/17
f 13/13/13 16/16/16 18/18/18
f 13/13/13 18/18/18 17/17/17
f 19/19/19 16/16/16 6/6/6
f 18/18/18 16/16/16 19/19/19
f 20/20/20 19/19/19 6/6/6
f 8/8/8 20/20/20 6/6/6
f 21/21/21 20/20/20 8/8/8
f 22/22/22 21/21/21 8/8/8
f 22/22/22 23/23/23 21/21/21
f 24/24/24 19/19/19 20/20/20
f 21/21/21 24/24/24 20/20/20
f 25/25/25 18/18/18 19/19/19
f 19/19/19 24/24/24 25/25/25
f 18/18/18 26/26/26 17/17/17
f 25/25/25 26/26/26 18/18/18
f 17/17/17 27/27/27 15/15/15
f 17/17/17 26/26/26 27/27/27
f 28/28/28 24/24/24 21/21/21
f 25/25/25 24/24/24 28/28/28
f 23/23/23 29/29/29 21/21/21
f 29/29/29 28/28/28 21/21/21
f 30/30/30 25/25/25 28/28/28
f 30/30/30 26/26/26 25/25/25
f 29/29/29 23/23/23 31/31/31
f 23/23/23 32/32/32 31/31/31
f 31/31/31 32/32/32 33/33/33
f 34/34/34 28/28/28 29/29/29
f 28/28/28 34/34/34 30/30/30
f 31/31/31 34/34/34 29/29/29
f 30/30/30 34/34/34 35/35/35
f 35/35/35 34/34/34 31/31/31
f 36/36/36 26/26/26 30/30/30
f 36/36/36 30/30/30 35/35/35
f 37/37/37 31/31/31 33/33/33
f 37/37/37 35/35/35 31/31/31
f 37/37/37 33/33/33 38/38/38
f 33/33/33 39/39/39 38/38/38
f 38/38/38 39/39/39 12/12/12
f 40/40/40 35/35/35 37/37/37
f 35/35/35 40/40/40 36/36/36
f 38/38/38 40/40/40 37/37/37
f 41/41/41 38/38/38 12/12/12
f 41/41/41 12/12/12 10/10/10
f 42/42/42 40/40/40 38/38/38
f 41/41/41 42/42/42 38/38/38
f 36/36/36 40/40/40 42/42/42
f 10/10/10 43/43/43 41/41/41
f 43/43/43 42/42/42 41/41/41
f 15/15/15 43/43/43 10/10/10
f 27/27/27 43/43/43 15/15/15
f 42/42/42 43/43/43 27/27/27
f 44/44/44 36/36/36 42/42/42
f 44/44/44 42/42/42 27/27/27
f 44/44/44 45/45/45 36/36/36
f 44/44/44 27/27/27 45/45/45
f 45/45/45 26/26/26 36/36/36
f 26/26/26 45/45/45 27/27/27
f 48/48/48 47/47/47 46/46/46
f 47/47/47 49/49/49 46/46/46
f 46/46/46 49/49/49 50/50/50
f 51/51/51 47/47/47 48/48/48
f 52/52/52 51/51/51 48/48/48
f 49/49/49 53/53/53 50/50/50
f 54/54/54 50/50/50 53/53/53
f 47/47/47 55/55/55 49/49/49
f 47/47/47 51/51/51 55/55/55
f 56/56/56 51/51/51 52/52/52
f 57/57/57 56/56/56 52/52/52
f 58/58/58 53/53/53 49/49/49
f 55/55/55 58/58/58 49/49/49
f 59/59/59 54/54/54 53/53/53
f 58/58/58 59/59/59 53/53/53
f 60/60/60 54/54/54 59/59/59
f 51/51/51 61/61/61 55/55/55
f 51/51/51 56/56/56 61/61/61
f 62/62/62 56/56/56 57/57/57
f 56/56/56 62/62/62 61/61/61
f 63/63/63 62/62/62 57/57/57
f 64/64/64 58/58/58 55/55/55
f 61/61/61 64/64/64 55/55/55
f 58/58/58 64/64/64 59/59/59
f 62/62/62 64/64/64 61/61/61
f 63/63/63 60/60/60 65/65/65
f 65/65/65 60/60/60 59/59/59
f 64/64/64 65/65/65 59/59/59
f 62/62/62 63/63/63 65/65/65
f 64/64/64 62/62/62 65/65/65
f 68/68/68 67/67/67 66/66/66
f 67/67/67 69/69/69 66/66/66
f 66/66/66 69/69/69 70/70/70
f 71/71/71 67/67/67 68/68/68
f 72/72/72 71/71/71 68/68/68
f 69/69/69 73/73/73 70/70/70
f 74/74/74 70/70/70 73/73/73
f 67/67/67 75/75/75 69/69/69
f 67/67/67 71/71/71 75/75/75
f 76/76/76 71/71/71 72/72/72
f 77/77/77 76/76/76 72/72/72
f 78/78/78 73/73/73 69/69/69
f 75/75/75 78/78/78 69/69/69
f 79/79/79 74/74/74 73/73/73
f 78/78/78 79/79/79 73/73/73
f 80/80/80 74/74/74 79/79/79
f 71/71/71 81/81/81 75/75/75
f 71/71/71 76/76/76 81/81/81
f 82/82/82 76/76/76 77/77/77
f 76/76/76 82/82/82 81/81/81
f 83/83/83 82/82/82 77/77/77
f 84/84/84 78/78/78 75/75/75
f 81/81/81 84/84/84 75/75/75
f 78/78/78 84/84/84 79/79/79
f 82/82/82 84/84/84 81/81/81
f 83/83/83 80/80/80 85/85/85
f 85/85/85 80/80/80 79/79/79
f 84/84/84 85/85/85 79/79/79
f 82/82/82 83/83/83 85/85/85
f 84/84/84 82/82/82 85/85/85
f 88/88/88 87/87/87 86/86/86
f 87/87/87 89/89/89 86/86/86
f 86/86/86 89/89/89 90/90/90
f 91/91/91 87/87/87 88/88/88
f 92/92/92 91/91/91 88/88/88
f 89/89/89 93/93/93 90/90/90
f 90/90/90 93/93/93 94/94/94
f 87/87/87 95/95/95 89/89/89
f 87/87/87 91/91/91 95/95/95
f 96/96/96 91/91/91 92/92/92
f 97/97/97 96/96/96 92/92/92
f 91/91/91 96/96/96 98/98/98
f 91/91/91 98/98/98 95/95/95
f 99/99/99 96/96/96 97/97/97
f 96/96/96 99/99/99 98/98/98
f 100/100/100 99/99/99 97/97/97
f 95/95/95 101/101/101 89/89/89
f 101/101/101 93/93/93 89/89/89
f 98/98/98 102/102/102 95/95/95
f 99/99/99 102/102/102 98/98/98
f 102/102/102 101/101/101 95/95/95
f 103/103/103 99/99/99 100/100/100
f 99/99/99 103/103/103 102/102/102
f 104/104/104 103/103/103 100/100/100
f 102/102/102 105/105/105 101/101/101
f 103/103/103 105/105/105 102/102/102
f 106/106/106 103/103/103 104/104/104
f 103/103/103 106/106/106 105/105/105
f 107/107/107 106/106/106 104/104/104
f 101/101/101 108/108/108 93/93/93
f 105/105/105 108/108/108 101/101/101
f 109/109/109 106/106/106 107/107/107
f 110/110/110 109/109/109 107/107/107
f 106/106/106 111/111/111 105/105/105
f 105/105/105 111/111/111 108/108/108
f 106/106/106 109/109/109 111/111/111
f 108/108/108 112/112/112 93/93/93
f 93/93/93 112/112/112 94/94/94
f 94/94/94 112/112/112 113/113/113
f 114/114/114 109/109/109 110/110/110
f 115/115/115 114/114/114 110/110/110
f 109/109/109 116/116/116 111/111/111
f 109/109/109 114/114/114 116/116/116
f 111/111/111 117/117/117 108/108/108
f 108/108/108 117/117/117 112/112/112
f 111/111/111 116/116/116 117/117/117
f 112/112/112 118/118/118 113/113/113
f 117/117/117 118/118/118 112/112/112
f 113/113/113 118/118/118 119/119/119
f 120/120/120 114/114/114 115/115/115
f 121/121/121 120/120/120 115/115/115
f 114/114/114 122/122/122 116/116/116
f 114/114/114 120/120/120 122/122/122
f 116/116/116 123/123/123 117/117/117
f 117/117/117 123/123/123 118/118/118
f 116/116/116 122/122/122 123/123/123
f 118/118/118 124/124/124 119/119/119
f 123/123/123 124/124/124 118/118/118
f 119/119/119 124/124/124 125/125/125
f 120/120/120 121/121/121 126/126/126
f 121/121/121 127/127/127 126/126/126
f 120/120/120 128/128/128 122/122/122
f 128/128/128 120/120/120 126/126/126
f 122/122/122 129/129/129 123/123/123
f 123/123/123 129/129/129 124/124/124
f 122/122/122 128/128/128 129/129/129
f 124/124/124 130/130/130 125/125/125
f 129/129/129 130/130/130 124/124/124
f 125/125/125 130/130/130 131/131/131
f 126/126/126 127/127/127 132/132/132
f 128/128/128 126/126/126 132/132/132
f 127/127/127 133/133/133 132/132/132
f 128/128/128 134/134/134 129/129/129
f 129/129/129 134/134/134 130/130/130
f 134/134/134 128/128/128 132/132/132
f 133/133/133 131/131/131 135/135/135
f 130/130/130 135/135/135 131/131/131
f 132/132/132 133/133/133 135/135/135
f 134/134/134 132/132/132 135/135/135
f 134/134/134 135/135/135 130/130/130
f 138/138/138 137/137/137 136/136/136
f 137/137/137 139/139/139 136/136/136
f 136/136/136 139/139/139 140/140/140
f 141/141/141 137/137/137 138/138/138
f 142/142/142 141/141/141 138/138/138
f 139/139/139 143/143/143 140/140/140
f 140/140/140 143/143/143 144/144/144
f 137/137/137 145/145/145 139/139/139
f 137/137/137 141/141/141 145/145/145
f 146/146/146 141/141/141 142/142/142
f 147/147/147 146/146/146 142/142/142
f 141/141/141 146/146/146 148/148/148
f 141/141/141 148/148/148 145/145/145
f 149/149/149 146/146/146 147/147/147
f 146/146/146 149/149/149 148/148/148
f 150/150/150 149/149/149 147/147/147
f 145/145/145 151/151/151 139/139/139
f 151/151/151 143/143/143 139/139/139
f 148/148/148 152/152/152 145/145/145
f 149/149/149 152/152/152 148/148/148
f 152/152/152 151/151/151 145/145/145
f 153/153/153 149/149/149 150/150/150
f 149/149/149 153/153/153 152/152/152
f 154/154/154 153/153/153 150/150/150
f 152/152/152 155/155/155 151/151/151
f 153/153/153 155/155/155 152/152/152
f 156/156/156 153/153/153 154/154/154
f 153/153/153 156/156/156 155/155/155
f 157/157/157 156/156/156 154/154/154
f 151/151/151 158/158/158 143/143/143
f 155/155/155 158/158/158 151/151/151
f 159/159/159 156/156/156 157/157/157
f 160/160/160 159/159/159 157/157/157
f 156/156/156 161/161/161 155/155/155
f 155/155/155 161/161/161 158/158/158
f 156/156/156 159/159/159 161/161/161
f 158/158/158 162/162/162 143/143/143
f 143/143/143 162/162/162 144/144/144
f 144/144/144 162/162/162 163/163/163
f 164/164/164 159/159/159 160/160/160
f 165/165/165 164/164/164 160/160/160
f 159/159/159 166/166/166 161/161/161
f 159/159/159 164/164/164 166/166/166
f 161/161/161 167/167/167 158/158/158
f 158/158/158 167/167/167 162/162/162
f 161/161/161 166/166/166 167/167/167
f 162/162/162 168/168/168 163/163/163
f 167/167/167 168/168/168 162/162/162
f 163/163/163 168/168/168 169/169/169
f 170/170/170 164/164/164 165/165/165
f 171/171/171 170/170/170 165/165/165
f 164/164/164 172/172/172 166/166/166
f 164/164/164 170/170/170 172/172/172
f 166/166/166 173/173/173 167/167/167
f 167/167/167 173/173/173 168/168/168
f 166/166/166 172/172/172 173/173/173
f 168/168/168 174/174/174 169/169/169
f 173/173/173 174/174/174 168/168/168
f 169/169/169 174/174/174 175/175/175
f 170/170/170 171/171/171 176/176/176
f 171/171/171 177/177/177 176/176/176
f 170/170/170 178/178/178 172/172/172
f 178/178/178 170/170/170 176/176/176
f 172/172/172 179/179/179 173/173/173
f 173/173/173 179/179/179 174/174/174
f 172/172/172 178/178/178 179/179/179
f 174/174/174 180/180/180 175/175/175
f 179/179/179 180/180/180 174/174/174
f 175/175/175 180/180/180 181/181/181
f 176/176/176 177/177/177 182/182/182
f 178/178/178 176/176/176 182/182/182
f 177/177/177 183/183/183 182/182/182
f 178/178/178 184/184/184 179/179/179
f 179/179/179 184/184/184 180/180/180
f 184/184/184 178/178/178 182/182/182
f 183/183/183 181/181/181 185/185/185
f 180/180/180 185/185/185 181/181/181
f 182/182/182 183/183/183 185/185/185
f 184/184/184 182/182/182 185/185/185
f 184/184/184 185/185/185 180/180/180
f 188/188/188 187/187/187 186/186/186
f 187/187/187 189/189/189 186/186/186
f 186/186/186 189/189/189 190/190/190
f 191/191/191 187/187/187 188/188/188
f 192/192/192 191/191/191 188/188/188
f 189/189/189 193/193/193 190/190/190
f 194/194/194 190/190/190 193/193/193
f 187/187/187 195/195/195 189/189/189
f 187/187/187 191/191/191 195/195/195
f 196/196/196 191/191/191 192/192/192
f 197/197/197 196/196/196 192/192/192
f 198/198/198 193/193/193 189/189/189
f 195/195/195 198/198/198 189/189/189
f 199/199/199 194/194/194 193/193/193
f 198/198/198 199/199/199 193/193/193
f 200/200/200 194/194/194 199/199/199
f 191/191/191 201/201/201 195/195/195
f 191/191/191 196/196/196 201/201/201
f 202/202/202 196/196/196 197/197/197
f 196/196/196 202/202/202 201/201/201
f 203/203/203 202/202/202 197/197/197
f 204/204/204 198/198/198 195/195/195
f 201/201/201 204/204/204 195/195/195
f 198/198/198 204/204/204 199/199/199
f 202/202/202 204/204/204 201/201/201
f 203/203/203 200/200/200 205/205/205
f 205/205/205 200/200/200 199/199/199
f 204/204/204 205/205/205 199/199/199
f 202/202/202 203/203/203 205/205/205
f 204/204/204 202/202/202 205/205/205
f 208/208/208 207/207/207 206/206/206
f 207/207/207 209/209/209 206/206/206
f 206/206/206 209/209/209 210/210/210
f 211/211/211 207/207/207 208/208/208
f 212/212/212 211/211/211 208/208/208
f 209/209/209 213/213/213 210/210/210
f 214/214/214 210/210/210 213/213/213
f 207/207/207 215/215/215 209/209/209
f 207/207/207 211/211/211 215/215/215
f 216/216/216 211/211/211 212/212/212
f 217/217/217 216/216/216 212/212/212
f 218/218/218 213/213/213 209/209/209
f 215/215/215 218/218/218 209/209/209
f 219/219/219 214/214/214 213/213/213
f 218/218/218 219/219/219 213/213/213
f 220/220/220 214/214/214 219/219/219
f 211/211/211 221/221/221 215/215/215
f 211/211/211 216/216/216 221/221/221
f 222/222/222 216/216/216 217/217/217
f 216/216/216 222/222/222 221/221/221
f 223/223/223 222/222/222 217/217/217
f 224/224/224 218/218/218 215/215/215
f 221/221/221 224/224/224 215/215/215
f 218/218/218 224/224/224 219/219/219
f 222/222/222 224/224/224 221/221/221
f 223/223/223 220/220/220 225/225/225
f 225/225/225 220/220/220 219/219/219
f 224/224/224 225/225/225 219/219/219
f 222/222/222 223/223/223 225/225/225
f 224/224/224 222/222/222 225/225/225
f 228/228/228 227/227/227 226/226/226
f 227/227/227 229/229/229 226/226/226
f 226/226/226 229/229/229 230/230/230
f 231/231/231 227/227/227 228/228/228
f 232/232/232 231/231/231 228/228/228
f 229/229/229 233/233/233 230/230/230
f 234/234/234 230/230/230 233/233/233
f 227/227/227 235/235/235 229/229/229
f 227/227/227 231/231/231 235/235/235
f 236/236/236 231/231/231 232/232/232
f 237/237/237 236/236/236 232/232/232
f 238/238/238 233/233/233 229/229/229
f 235/235/235 238/238/238 229/229/229
f 239/239/239 234/234/234 233/233/233
f 238/238/238 239/239/239 233/233/233
f 240/240/240 234/234/234 239/239/239
f 231/231/231 241/241/241 235/235/235
f 231/231/231 236/236/236 241/241/241
f 242/242/242 236/236/236 237/237/237
f 236/236/236 242/242/242 241/241/241
f 243/243/243 242/242/242 237/237/237
f 244/244/244 238/238/238 235/235/235
f 241/241/241 244/244/244 235/235/235
f 238/238/238 244/244/244 239/239/239
f 242/242/242 244/244/244 241/241/241
f 243/243/243 240/240/240 245/245/245
f 245/245/245 240/240/240 239/239/239
f 244/244/244 245/245/245 239/239/239
f 242/242/242 243/243/243 245/245/245
f 244/244/244 242/242/242 245/245/245
f 248/248/248 247/247/247 246/246/246
f 247/247/247 249/249/249 246/246/246
f 246/246/246 249/249/249 250/250/250
f 251/251/251 247/247/247 248/248/248
f 252/252/252 251/251/251 248/248/248
f 249/249/249 253/253/253 250/250/250
f 254/254/254 250/250/250 253/253/253
f 247/247/247 255/255/255 249/249/249
f 247/247/247 251/251/251 255/255/255
f 256/256/256 251/251/251 252/252/252
f 257/257/257 256/256/256 252/252/252
f 258/258/258 253/253/253 249/249/249
f 255/255/255 258/258/258 249/249/249
f 259/259/259 254/254/254 253/253/253
f 258/258/258 259/259/259 253/253/253
f 260/260/260 254/254/254 259/259/259
f 251/251/251 261/261/261 255/255/255
f 251/251/251 256/256/256 261/261/261
f 262/262/262 256/256/256 257/257/257
f 256/256/256 262/262/262 261/261/261
f 263/263/263 262/262/262 257/257/257
f 264/264/264 258/258/258 255/255/255
f 261/261/261 264/264/264 255/255/255
f 258/258/258 264/264/264 259/259/259
f 262/262/262 264/264/264 261/261/261
f 263/263/263 260/260/260 265/265/265
f 265/265/265 260/260/260 259/259/259
f 264/264/264 265/265/265 259/259/259
f 262/262/262 263/263/263 265/265/265
f 264/264/264 262/262/262 265/265/265
f 268/268/268 267/267/267 266/266/266
f 267/267/267 269/269/269 266/266/266
f 266/266/266 269/269/269 270/270/270
f 271/271/271 267/267/267 268/268/268
f 272/272/272 271/271/271 268/268/268
f 269/269/269 273/273/273 270/270/270
f 274/274/274 270/270/270 273/273/273
f 267/267/267 275/275/275 269/269/269
f 267/267/267 271/271/271 275/275/275
f 276/276/276 271/271/271 272/272/272
f 277/277/277 276/276/276 272/272/272
f 278/278/278 273/273/273 269/269/269
f 275/275/275 278/278/278 269/269/269
f 279/279/279 274/274/274 273/273/273
f 278/278/278 279/279/279 273/273/273
f 280/280/280 274/274/274 279/279/279
f 271/271/271 281/281/281 275/275/275
f 271/271/271 276/276/276 281/281/281
f 282/282/282 276/276/276 277/277/277
f 276/276/276 282/282/282 281/281/281
f 283/283/283 282/282/282 277/277/277
f 284/284/284 278/278/278 275/275/275
f 281/281/281 284/284/284 275/275/275
f 278/278/278 284/284/284 279/279/279
f 282/282/282 284/284/284 281/281/281
f 283/283/283 280/280/280 285/285/285
f 285/285/285 280/280/280 279/279/279
f 284/284/284 285/285/285 279/279/279
f 282/282/282 283/283/283 285/285/285
f 284/284/284 282/282/282 285/285/285
f 288/288/288 287/287/287 286/286/286
f 287/287/287 289/289/289 286/286/286
f 286/286/286 289/289/289 290/290/290
f 291/291/291 287/287/287 288/288/288
f 292/292/292 291/291/291 288/288/288
f 289/289/289 293/293/293 290/290/290
f 294/294/294 290/290/290 293/293/293
f 287/287/287 295/295/295 289/289/289
f 287/287/287 291/291/291 295/295/295
f 296/296/296 291/291/291 292/292/292
f 297/297/297 296/296/296 292/292/292
f 298/298/298 293/293/293 289/289/289
f 295/295/295 298/298/298 289/289/289
f 299/299/299 294/294/294 293/293/293
f 298/298/298 299/299/299 293/293/293
f 300/300/300 294/294/294 299/299/299
f 291/291/291 301/301/301 295/295/295
f 291/291/291 296/296/296 301/301/301
f 302/302/302 296/296/296 297/297/297
f 296/296/296 302/302/302 301/301/301
f 303/303/303 302/302/302 297/297/297
f 304/304/304 298/298/298 295/295/295
f 301/301/301 304/304/304 295/295/295
f 298/298/298 304/304/304 299/299/299
f 302/302/302 304/304/304 301/301/301
f 303/303/303 300/300/300 305/305/305
f 305/305/305 300/300/300 299/299/299
f 304/304/304 305/305/305 299/299/299
f 302/302/302 303/303/303 305/305/305
f 304/304/304 302/302/302 305/305/305
f 308/308/308 307/307/307 306/306/306
f 309/309/309 308/308/308 306/306/306
f 306/306/306 307/307/307 310/310/310
f 311/311/311 308/308/308 309/309/309
f 312/312/312 311/311/311 309/309/309
f 307/307/307 313/313/313 310/310/310
f 310/310/310 313/313/313 314/314/314
f 315/315/315 311/311/311 312/312/312
f 316/316/316 315/315/315 312/312/312
f 313/313/313 317/317/317 314/314/314
f 314/314/314 317/317/317 318/318/318
f 319/319/319 315/315/315 316/316/316
f 320/320/320 319/319/319 316/316/316
f 317/317/317 321/321/321 318/318/318
f 318/318/318 321/321/321 322/322/322
f 323/323/323 319/319/319 320/320/320
f 324/324/324 323/323/323 320/320/320
f 321/321/321 325/325/325 322/322/322
f 322/322/322 325/325/325 326/326/326
f 327/327/327 323/323/323 324/324/324
f 328/328/328 327/327/327 324/324/324
f 325/325/325 329/329/329 326/326/326
f 326/326/326 329/329/329 330/330/330
f 331/331/331 327/327/327 328/328/328
f 332/332/332 331/331/331 328/328/328
f 329/329/329 333/333/333 330/330/330
f 330/330/330 333/333/333 334/334/334
f 335/335/335 331/331/331 332/332/332
f 336/336/336 335/335/335 332/332/332
f 334/334/334 337/337/337 336/336/336
f 333/333/333 337/337/337 334/334/334
f 337/337/337 335/335/335 336/336/336
f 327/327/327 338/338/338 323/323/323
f 331/331/331 339/339/339 327/327/327
f 339/339/339 338/338/338 327/327/327
f 338/338/338 339/339/339 340/340/340
f 338/338/338 341/341/341 323/323/323
f 341/341/341 338/338/338 340/340/340
f 323/323/323 341/341/341 319/319/319
f 342/342/342 339/339/339 331/331/331
f 335/335/335 342/342/342 331/331/331
f 339/339/339 342/342/342 340/340/340
f 341/341/341 343/343/343 319/319/319
f 343/343/343 341/341/341 340/340/340
f 319/319/319 343/343/343 315/315/315
f 344/344/344 342/342/342 335/335/335
f 337/337/337 344/344/344 335/335/335
f 342/342/342 344/344/344 340/340/340
f 343/343/343 345/345/345 315/315/315
f 345/345/345 343/343/343 340/340/340
f 315/315/315 345/345/345 311/311/311
f 346/346/346 344/344/344 337/337/337
f 344/344/344 346/346/346 340/340/340
f 347/347/347 345/345/345 340/340/340
f 345/345/345 347/347/347 311/311/311
f 346/346/346 348/348/348 340/340/340
f 333/333/333 346/346/346 337/337/337
f 348/348/348 346/346/346 333/333/333
f 311/311/311 347/347/347 308/308/308
f 329/329/329 348/348/348 333/333/333
f 347/347/347 349/349/349 308/308/308
f 349/349/349 347/347/347 340/340/340
f 308/308/308 349/349/349 307/307/307
f 350/350/350 348/348/348 329/329/329
f 348/348/348 350/350/350 340/340/340
f 325/325/325 350/350/350 329/329/329
f 349/349/349 351/351/351 307/307/307
f 351/351/351 349/349/349 340/340/340
f 307/307/307 351/351/351 313/313/313
f 352/352/352 350/350/350 325/325/325
f 350/350/350 352/352/352 340/340/340
f 321/321/321 352/352/352 325/325/325
f 351/351/351 353/353/353 313/313/313
f 353/353/353 351/351/351 340/340/340
f 313/313/313 353/353/353 317/317/317
f 352/352/352 354/354/354 340/340/340
f 354/354/354 352/352/352 321/321/321
f 317/317/317 354/354/354 321/321/321
f 354/354/354 353/353/353 340/340/340
f 353/353/353 354/354/354 317/317/317
f 357/357/357 356/356/356 355/355/355
f 356/356/356 358/358/358 355/355/355
f 355/355/355 358/358/358 359/359/359
f 360/360/360 356/356/356 357/357/357
f 361/361/361 360/360/360 357/357/357
f 358/358/358 362/362/362 359/359/359
f 363/363/363 359/359/359 362/362/362
f 356/356/356 364/364/364 358/358/358
f 356/356/356 360/360/360 364/364/364
f 365/365/365 360/360/360 361/361/361
f 366/366/366 365/365/365 361/361/361
f 367/367/367 362/362/362 358/358/358
f 364/364/364 367/367/367 358/358/358
f 368/368/368 363/363/363 362/362/362
f 367/367/367 368/368/368 362/362/362
f 369/369/369 363/363/363 368/368/368
f 360/360/360 370/370/370 364/364/364
f 360/360/360 365/365/365 370/370/370
f 371/371/371 365/365/365 366/366/366
f 365/365/365 371/371/371 370/370/370
f 372/372/372 371/371/371 366/366/366
f 373/373/373 367/367/367 364/364/364
f 370/370/370 373/373/373 364/364/364
f 367/367/367 373/373/373 368/368/368
f 371/371/371 373/373/373 370/370/370
f 372/372/372 369/369/369 374/374/374
f 374/374/374 369/369/369 368/368/368
f 373/373/373 374/374/374 368/368/368
f 371/371/371 372/372/372 374/374/374
f 373/373/373 371/371/371 374/374/374
f 377/377/377 376/376/376 375/375/375
f 376/376/376 378/378/378 375/375/375
f 375/375/375 378/378/378 379/379/379
f 380/380/380 376/376/376 377/377/377
f 381/381/381 380/380/380 377/377/377
f 378/378/378 382/382/382 379/379/379
f 383/383/383 379/379/379 382/382/382
f 376/376/376 384/384/384 378/378/378
f 376/376/376 380/380/380 384/384/384
f 385/385/385 380/380/380 381/381/381
f 386/386/386 385/385/385 381/381/381
f 387/387/387 382/382/382 378/378/378
f 384/384/384 387/387/387 378/378/378
f 388/388/388 383/383/383 382/382/382
f 387/387/387 388/388/388 382/382/382
f 389/389/389 383/383/383 388/388/388
f 380/380/380 390/390/390 384/384/384
f 380/380/380 385/385/385 390/390/390
f 391/391/391 385/385/385 386/386/386
f 385/385/385 391/391/391 390/390/390
f 392/392/392 391/391/391 386/386/386
f 393/393/393 387/387/387 384/384/384
f 390/390/390 393/393/393 384/384/384
f 387/387/387 393/393/393 388/388/388
f 391/391/391 393/393/393 390/390/390
f 392/392/392 389/389/389 394/394/394
f 394/394/394 389/389/389 388/388/388
f 393/393/393 394/394/394 388/388/388
f 391/391/391 392/392/392 394/394/394
f 393/393/393 391/391/391 394/394/394
f 397/397/397 396/396/396 395/395/395
f 396/396/396 398/398/398 395/395/395
f 395/395/395 398/398/398 399/399/399
f 400/400/400 396/396/396 397/397/397
f 401/401/401 400/400/400 397/397/397
f 398/398/398 402/402/402 399/399/399
f 403/403/403 399/399/399 402/402/402
f 396/396/396 404/404/404 398/398/398
f 396/396/396 400/400/400 404/404/404
f 405/405/405 400/400/400 401/401/401
f 406/406/406 405/405/405 401/401/401
f 407/407/407 402/402/402 398/398/398
f 404/404/404 407/407/407 398/398/398
f 408/408/408 403/403/403 402/402/402
f 407/407/407 408/408/408 402/402/402
f 409/409/409 403/403/403 408/408/408
f 400/400/400 410/410/410 404/404/404
f 400/400/400 405/405/405 410/410/410
f 411/411/411 405/405/405 406/406/406
f 405/405/405 411/411/411 410/410/410
f 412/412/412 411/411/411 406/406/406
f 413/413/413 407/407/407 404/404/404
f 410/410/410 413/413/413 404/404/404
f 407/407/407 413/413/413 408/408/408
f 411/411/411 413/413/413 410/410/410
f 412/412/412 409/409/409 414/414/414
f 414/414/414 409/409/409 408/408/408
f 413/413/413 414/414/414 408/408/408
f 411/411/411 412/412/412 414/414/414
f 413/413/413 411/411/411 414/414/414
f 417/417/417 416/416/416 415/415/415
f 416/416/416 418/418/418 415/415/415
f 415/415/415 418/418/418 419/419/419
f 420/420/420 416/416/416 417/417/417
f 421/421/421 420/420/420 417/417/417
f 418/418/418 422/422/422 419/419/419
f 423/423/423 419/419/419 422/422/422
f 416/416/416 424/424/424 418/418/418
f 416/416/416 420/420/420 424/424/424
f 425/425/425 420/420/420 421/421/421
f 426/426/426 425/425/425 421/421/421
f 427/427/427 422/422/422 418/418/418
f 424/424/424 427/427/427 418/418/418
f 428/428/428 423/423/423 422/422/422
f 427/427/427 428/428/428 422/422/422
f 429/429/429 423/423/423 428/428/428
f 420/420/420 430/430/430 424/424/424
f 420/420/420 425/425/425 430/430/430
f 431/431/431 425/425/425 426/426/426
f 425/425/425 431/431/431 430/430/430
f 432/432/432 431/431/431 426/426/426
f 433/433/433 427/427/427 424/424/424
f 430/430/430 433/433/433 424/424/424
f 427/427/427 433/433/433 428/428/428
f 431/431/431 433/433/433 430/430/430
f 432/432/432 429/429/429 434/434/434
f 434/434/434 429/429/429 428/428/428
f 433/433/433 434/434/434 428/428/428
f 431/431/431 432/432/432 434/434/434
f 433/433/433 431/431/431 434/434/434
f 437/437/437 436/436/436 435/435/435
f 436/436/436 438/438/438 435/435/435
f 435/435/435 438/438/438 439/439/439
f 440/440/440 436/436/436 437/437/437
f 441/441/441 440/440/440 437/437/437
f 438/438/438 442/442/442 439/439/439
f 443/443/443 439/439/439 442/442/442
f 436/436/436 444/444/444 438/438/438
f 436/436/436 440/440/440 444/444/444
f 445/445/445 440/440/440 441/441/441
f 446/446/446 445/445/445 441/441/441
f 447/447/447 442/442/442 438/438/438
f 444/444/444 447/447/447 438/438/438
f 448/448/448 443/443/443 442/442/442
f 447/447/447 448/448/448 442/442/442
f 449/449/449 443/443/443 448/448/448
f 440/440/440 450/450/450 444/444/444
f 440/440/440 445/445/445 450/450/450
f 451/451/451 445/445/445 446/446/446
f 445/445/445 451/451/451 450/450/450
f 452/452/452 451/451/451 446/446/446
f 453/453/453 447/447/447 444/444/444
f 450/450/450 453/453/453 444/444/444
f 447/447/447 453/453/453 448/448/448
f 451/451/451 453/453/453 450/450/450
f 452/452/452 449/449/449 454/454/454
f 454/454/454 449/449/449 448/448/448
f 453/453/453 454/454/454 448/448/448
f 451/451/451 452/452/452 454/454/454
f 453/453/453 451/451/451 454/454/454
f 457/457/457 456/456/456 455/455/455
f 456/456/456 458/458/458 455/455/455
f 455/455/455 458/458/458 459/459/459
f 460/460/460 456/456/456 457/457/457
f 461/461/461 460/460/460 457/457/457
f 458/458/458 462/462/462 459/459/459
f 463/463/463 459/459/459 462/462/462
f 456/456/456 464/464/464 458/458/458
f 456/456/456 460/460/460 464/464/464
f 465/465/465 460/460/460 461/461/461
f 466/466/466 465/465/465 461/461/461
f 467/467/467 462/462/462 458/458/458
f 464/464/464 467/467/467 458/458/458
f 468/468/468 463/463/463 462/462/462
f 467/467/467 468/468/468 462/462/462
f 469/469/469 463/463/463 468/468/468
f 460/460/460 470/470/470 464/464/464
f 460/460/460 465/465/465 470/470/470
f 471/471/471 465/465/465 466/466/466
f 465/465/465 471/471/471 470/470/470
f 472/472/472 471/471/471 466/466/466
f 473/473/473 467/467/467 464/464/464
f 470/470/470 473/473/473 464/464/464
f 467/467/467 473/473/473 468/468/468
f 471/471/471 473/473/473 470/470/470
f 472/472/472 469/469/469 474/474/474
f 474/474/474 469/469/469 468/468/468
f 473/473/473 474/474/474 468/468/468
f 471/471/471 472/472/472 474/474/474
f 473/473/473 471/471/471 474/474/474
f 477/477/477 476/476/476 475/475/475
f 476/476/476 478/478/478 475/475/475
f 475/475/475 478/478/478 479/479/479
f 480/480/480 476/476/476 477/477/477
f 481/481/481 480/480/480 477/477/477
f 478/478/478 482/482/482 479/479/479
f 483/483/483 479/479/479 482/482/482
f 476/476/476 484/484/484 478/478/478
f 476/476/476 480/480/480 484/484/484
f 485/485/485 480/480/480 481/481/481
f 486/486/486 485/485/485 481/481/481
f 487/487/487 482/482/482 478/478/478
f 484/484/484 487/487/487 478/478/478
f 488/488/488 483/483/483 482/482/482
f 487/487/487 488/488/488 482/482/482
f 489/489/489 483/483/483 488/488/488
f 480/480/480 490/490/490 484/484/484
f 480/480/480 485/485/485 490/490/490
f 491/491/491 485/485/485 486/486/486
f 485/485/485 491/491/491 490/490/490
f 492/492/492 491/491/491 486/486/486
f 493/493/493 487/487/487 484/484/484
f 490/490/490 493/493/493 484/484/484
f 487/487/487 493/493/493 488/488/488
f 491/491/491 493/493/493 490/490/490
f 492/492/492 489/489/489 494/494/494
f 494/494/494 489/489/489 488/488/488
f 493/493/493 494/494/494 488/488/488
f 491/491/491 492/492/492 494/494/494
f 493/493/493 491/491/491 494/494/494
f 497/497/497 496/496/496 495/495/495
f 496/496/496 498/498/498 495/495/495
f 495/495/495 498/498/498 499/499/499
f 500/500/500 496/496/496 497/497/497
f 501/501/501 500/500/500 497/497/497
f 498/498/498 502/502/502 499/499/499
f 503/503/503 499/499/499 502/502/502
f 496/496/496 504/504/504 498/498/498
f 496/496/496 500/500/500 504/504/504
f 505/505/505 500/500/500 501/501/501
f 506/506/506 505/505/505 501/501/501
f 507/507/507 502/502/502 498/498/498
f 504/504/504 507/507/507 498/498/498
f 508/508/508 503/503/503 502/502/502
f 507/507/507 508/508/508 502/502/502
f 509/509/509 503/503/503 508/508/508
f 500/500/500 510/510/510 504/504/504
f 500/500/500 505/505/505 510/510/510
f 511/511/511 505/505/505 506/506/506
f 505/505/505 511/511/511 510/510/510
f 512/512/512 511/511/511 506/506/506
f 513/513/513 507/507/507 504/504/504
f 510/510/510 513/513/513 504/504/504
f 507/507/507 513/513/513 508/508/508
f 511/511/511 513/513/513 510/510/510
f 512/512/512 509/509/509 514/514/514
f 514/514/514 509/509/509 508/508/508
f 513/513/513 514/514/514 508/508/508
f 511/511/511 512/512/512 514/514/514
f 513/513/513 511/511/511 514/514/514
f 517/517/517 516/516/516 515/515/515
f 516/516/516 518/518/518 515/515/515
f 515/515/515 518/518/518 519/519/519
f 520/520/520 516/516/516 517/517/517
f 521/521/521 520/520/520 517/517/517
f 518/518/518 522/522/522 519/519/519
f 523/523/523 519/519/519 522/522/522
f 516/516/516 524/524/524 518/518/518
f 516/516/516 520/520/520 524/524/524
f 525/525/525 520/520/520 521/521/521
f 526/526/526 525/525/525 521/521/521
f 527/527/527 522/522/522 518/518/518
f 524/524/524 527/527/527 518/518/518
f 528/528/528 523/523/523 522/522/522
f 527/527/527 528/528/528 522/522/522
f 529/529/529 523/523/523 528/528/528
f 520/520/520 530/530/530 524/524/524
f 520/520/520 525/525/525 530/530/530
f 531/531/531 525/525/525 526/526/526
f 525/525/525 531/531/531 530/530/530
f 532/532/532 531/531/531 526/526/526
f 533/533/533 527/527/527 524/524/524
f 530/530/530 533/533/533 524/524/524
f 527/527/527 533/533/533 528/528/528
f 531/531/531 533/533/533 530/530/530
f 532/532/532 529/529/529 534/534/534
f 534/534/534 529/529/529 528/528/528
f 533/533/533 534/534/534 528/528/528
f 531/531/531 532/532/532 534/534/534
f 533/533/533 531/531/531 534/534/534
f 537/537/537 536/536/536 535/535/535
f 536/536/536 538/538/538 535/535/535
f 535/535/535 538/538/538 539/539/539
f 540/540/540 536/536/536 537/537/537
f 541/541/541 540/540/540 537/537/537
f 538/538/538 542/542/542 539/539/539
f 543/543/543 539/539/539 542/542/542
f 536/536/536 544/544/544 538/538/538
f 536/536/536 540/540/540 544/544/544
f 545/545/545 540/540/540 541/541/541
f 546/546/546 545/545/545 541/541/541
f 547/547/547 542/542/542 538/538/538
f 544/544/544 547/547/547 538/538/538
f 548/548/548 543/543/543 542/542/542
f 547/547/547 548/548/548 542/542/542
f 549/549/549 543/543/543 548/548/548
f 540/540/540 550/550/550 544/544/544
f 540/540/540 545/545/545 550/550/550
f 551/551/551 545/545/545 546/546/546
f 545/545/545 551/551/551 550/550/550
f 552/552/552 551/551/551 546/546/546
f 553/553/553 547/547/547 544/544/544
f 550/550/550 553/553/553 544/544/544
f 547/547/547 553/553/553 548/548/548
f 551/551/551 553/553/553 550/550/550
f 552/552/552 549/549/549 554/554/554
f 554/554/554 549/549/549 548/548/548
f 553/553/553 554/554/554 548/548/548
f 551/551/551 552/552/552 554/554/554
f 553/553/553 551/551/551 554/554/554
f 557/557/557 556/556/556 555/555/555
f 556/556/556 558/558/558 555/555/555
f 555/555/555 558/558/558 559/559/559
f 560/560/560 556/556/556 557/557/557
f 561/561/561 560/560/560 557/557/557
f 558/558/558 562/562/562 559/559/559
f 563/563/563 559/559/559 562/562/562
f 556/556/556 564/564/564 558/558/558
f 556/556/556 560/560/560 564/564/564
f 565/565/565 560/560/560 561/561/561
f 566/566/566 565/565/565 561/561/561
f 567/567/567 562/562/562 558/558/558
f 564/564/564 567/567/567 558/558/558
f 568/568/568 563/563/563 562/562/562
f 567/567/567 568/568/568 562/562/562
f 569/569/569 563/563/563 568/568/568
f 560/560/560 570/570/570 564/564/564
f 560/560/560 565/565/565 570/570/570
f 571/571/571 565/565/565 566/566/566
f 565/565/565 571/571/571 570/570/570
f 572/572/572 571/571/571 566/566/566
f 573/573/573 567/567/567 564/564/564
f 570/570/570 573/573/573 564/564/564
f 567/567/567 573/573/573 568/568/568
f 571/571/571 573/573/573 570/570/570
f 572/572/572 569/569/569 574/574/574
f 574/574/574 569/569/569 568/568/568
f 573/573/573 574/574/574 568/568/568
f 571/571/571 572/572/572 574/574/574
f 573/573/573 571/571/571 574/574/574
f 577/577/577 576/576/576 575/575/575
f 576/576/576 578/578/578 575/575/575
f 575/575/575 578/578/578 579/579/579
f 580/580/580 576/576/576 577/577/577
f 581/581/581 580/580/580 577/577/577
f 578/578/578 582/582/582 579/579/579
f 583/583/583 579/579/579 582/582/582
f 576/576/576 584/584/584 578/578/578
f 576/576/576 580/580/580 584/584/584
f 585/585/585 580/580/580 581/581/581
f 586/586/586 585/585/585 581/581/581
f 587/587/587 582/582/582 578/578/578
f 584/584/584 587/587/587 578/578/578
f 588/588/588 583/583/583 582/582/582
f 587/587/587 588/588/588 582/582/582
f 589/589/589 583/583/583 588/588/588
f 580/580/580 590/590/590 584/584/584
f 580/580/580 585/585/585 590/590/590
f 591/591/591 585/585/585 586/586/586
f 585/585/585 591/591/591 590/590/590
f 592/592/592 591/591/591 586/586/586
f 593/593/593 587/587/587 584/584/584
f 590/590/590 593/593/593 584/584/584
f 587/587/587 593/593/593 588/588/588
f 591/591/591 593/593/593 590/590/590
f 592/592/592 589/589/589 594/594/594
f 594/594/594 589/589/589 588/588/588
f 593/593/593 594/594/594 588/588/588
f 591/591/591 592/592/592 594/594/594
f 593/593/593 591/591/591 594/594/594
f 597/597/597 596/596/596 595/595/595
f 596/596/596 598/598/598 595/595/595
f 595/595/595 598/598/598 599/599/599
f 600/600/600 596/596/596 597/597/597
f 601/601/601 600/600/600 597/597/597
f 598/598/598 602/602/602 599/599/599
f 603/603/603 599/599/599 602/602/602
f 596/596/596 604/604/604 598/598/598
f 596/596/596 600/600/600 604/604/604
f 605/605/605 600/600/600 601/601/601
f 606/606/606 605/605/605 601/601/601
f 607/607/607 602/602/602 598/598/598
f 604/604/604 607/607/607 598/598/598
f 608/608/608 603/603/603 602/602/602
f 607/607/607 608/608/608 602/602/602
f 609/609/609 603/603/603 608/608/608
f 600/600/600 610/610/610 604/604/604
f 600/600/600 605/605/605 610/610/610
f 611/611/611 605/605/605 606/606/606
f 605/605/605 611/611/611 610/610/610
f 612/612/612 611/611/611 606/606/606
f 613/613/613 607/607/607 604/604/604
f 610/610/610 613/613/613 604/604/604
f 607/607/607 613/613/613 608/608/608
f 611/611/611 613/613/613 610/610/610
f 612/612/612 609/609/609 614/614/614
f 614/614/614 609/609/609 608/608/608
f 613/613/613 614/614/614 608/608/608
f 611/611/611 612/612/612 614/614/614
f 613/613/613 611/611/611 614/614/614
f 617/617/617 616/616/616 615/615/615
f 616/616/616 618/618/618 615/615/615
f 615/615/615 618/618/618 619/619/619
f 620/620/620 616/616/616 617/617/617
f 621/621/621 620/620/620 617/617/617
f 618/618/618 622/622/622 619/619/619
f 623/623/623 619/619/619 622/622/622
f 616/616/616 624/624/624 618/618/618
f 616/616/616 620/620/620 624/624/624
f 625/625/625 620/620/620 621/621/621
f 626/626/626 625/625/625 621/621/621
f 627/627/627 622/622/622 618/618/618
f 624/624/624 627/627/627 618/618/618
f 628/628/628 623/623/623 622/622/622
f 627/627/627 628/628/628 622/622/622
f 629/629/629 623/623/623 628/628/628
f 620/620/620 630/630/630 624/624/624
f 620/620/620 625/625/625 630/630/630
f 631/631/631 625/625/625 626/626/626
f 625/625/625 631/631/631 630/630/630
f 632/632/632 631/631/631 626/626/626
f 633/633/633 627/627/627 624/624/624
f 630/630/630 633/633/633 624/624/624
f 627/627/627 633/633/633 628/628/628
f 631/631/631 633/633/633 630/630/630
f 632/632/632 629/629/629 634/634/634
f 634/634/634 629/629/629 628/628/628
f 633/633/633 634/634/634 628/628/628
f 631/631/631 632/632/632 634/634/634
f 633/633/633 631/631/631 634/634/634
f 637/637/637 636/636/636 635/635/635
f 636/636/636 638/638/638 635/635/635
f 635/635/635 638/638/638 639/639/639
f 640/640/640 636/636/636 637/637/637
f 641/641/641 640/640/640 637/637/637
f 638/638/638 642/642/642 639/639/639
f 643/643/643 639/639/639 642/642/642
f 636/636/636 644/644/644 638/638/638
f 636/636/636 640/640/640 644/644/644
f 645/645/645 640/640/640 641/641/641
f 646/646/646 645/645/645 641/641/641
f 647/647/647 642/642/642 638/638/638
f 644/644/644 647/647/647 638/638/638
f 648/648/648 643/643/643 642/642/642
f 647/647/647 648/648/648 642/642/642
f 649/649/649 643/643/643 648/648/648
f 640/640/640 650/650/650 644/644/644
f 640/640/640 645/645/645 650/650/650
f 651/651/651 645/645/645 646/646/646
f 645/645/645 651/651/651 650/650/650
f 652/652/652 651/651/651 646/646/646
f 653/653/653 647/647/647 644/644/644
f 650/650/650 653/653/653 644/644/644
f 647/647/647 653/653/653 648/648/648
f 651/651/651 653/653/653 650/650/650
f 652/652/652 649/649/649 654/654/654
f 654/654/654 649/649/649 648/648/648
f 653/653/653 654/654/654 648/648/648
f 651/651/651 652/652/652 654/654/654
f 653/653/653 651/651/651 654/654/654
f 657/657/657 656/656/656 655/655/655
f 656/656/656 658/658/658 655/655/655
f 655/655/655 658/658/658 659/659/659
f 660/660/660 656/656/656 657/657/657
f 661/661/661 660/660/660 657/657/657
f 658/658/658 662/662/662 659/659/659
f 663/663/663 659/659/659 662/662/662
f 656/656/656 664/664/664 658/658/658
f 656/656/656 660/660/660 664/664/664
f 665/665/665 660/660/660 661/661/661
f 666/666/666 665/665/665 661/661/661
f 667/667/667 662/662/662 658/658/658
f 664/664/664 667/667/667 658/658/658
f 668/668/668 663/663/663 662/662/662
f 667/667/667 668/668/668 662/662/662
f 669/669/669 663/663/663 668/668/668
f 660/660/660 670/670/670 664/664/664
f 660/660/660 665/665/665 670/670/670
f 671/671/671 665/665/665 666/666/666
f 665/665/665 671/671/671 670/670/670
f 672/672/672 671/671/671 666/666/666
f 673/673/673 667/667/667 664/664/664
f 670/670/670 673/673/673 664/664/664
f 667/667/667 673/673/673 668/668/668
f 671/671/671 673/673/673 670/670/670
f 672/672/672 669/669/669 674/674/674
f 674/674/674 669/669/669 668/668/668
f 673/673/673 674/674/674 668/668/668
f 671/671/671 672/672/672 674/674/674
f 673/673/673 671/671/671 674/674/674
f 677/677/677 676/676/676 675/675/675
f 676/676/676 678/678/678 675/675/675
f 675/675/675 678/678/678 679/679/679
f 680/680/680 676/676/676 677/677/677
f 681/681/681 680/680/680 677/677/677
f 678/678/678 682/682/682 679/679/679
f 683/683/683 679/679/679 682/682/682
f 676/676/676 684/684/684 678/678/678
f 676/676/676 680/680/680 684/684/684
f 685/685/685 680/680/680 681/681/681
f 686/686/686 685/685/685 681/681/681
f 687/687/687 682/682/682 678/678/678
f 684/684/684 687/687/687 678/678/678
f 688/688/688 683/683/683 682/682/682
f 687/687/687 688/688/688 682/682/682
f 689/689/689 683/683/683 688/688/688
f 680/680/680 690/690/690 684/684/684
f 680/680/680 685/685/685 690/690/690
f 691/691/691 685/685/685 686/686/686
f 685/685/685 691/691/691 690/690/690
f 692/692/692 691/691/691 686/686/686
f 693/693/693 687/687/687 684/684/684
f 690/690/690 693/693/693 684/684/684
f 687/687/687 693/693/693 688/688/688
f 691/691/691 693/693/693 690/690/690
f 692/692/692 689/689/689 694/694/694
f 694/694/694 689/689/689 688/688/688
f 693/693/693 694/694/694 688/688/688
f 691/691/691 692/692/692 694/694/694
f 693/693/693 691/691/691 694/694/694
f 697/697/697 696/696/696 695/695/695
f 696/696/696 698/698/698 695/695/695
f 695/695/695 698/698/698 699/699/699
f 700/700/700 696/696/696 697/697/697
f 701/701/701 700/700/700 697/697/697
f 698/698/698 702/702/702 699/699/699
f 703/703/703 699/699/699 702/702/702
f 696/696/696 704/704/704 698/698/698
f 696/696/696 700/700/700 704/704/704
f 705/705/705 700/700/700 701/701/701
f 706/706/706 705/705/705 701/701/701
f 707/707/707 702/702/702 698/698/698
f 704/704/704 707/707/707 698/698/698
f 708/708/708 703/703/703 702/702/702
f 707/707/707 708/708/708 702/702/702
f 709/709/709 703/703/703 708/708/708
f 700/700/700 710/710/710 704/704/704
f 700/700/700 705/705/705 710/710/710
f 711/711/711 705/705/705 706/706/706
f 705/705/705 711/711/711 710/710/710
f 712/712/712 711/711/711 706/706/706
f 713/713/713 707/707/707 704/704/704
f 710/710/710 713/713/713 704/704/704
f 707/707/707 713/713/713 708/708/708
f 711/711/711 713/713/713 710/710/710
f 712/712/712 709/709/709 714/714/714
f 714/714/714 709/709/709 708/708/708
f 713/713/713 714/714/714 708/708/708
f 711/711/711 712/712/712 714/714/714
f 713/713/713 711/711/711 714/714/714
f 717/717/717 716/716/716 715/715/715
f 716/716/716 718/718/718 715/715/715
f 715/715/715 718/718/718 719/719/719
f 720/720/720 716/716/716 717/717/717
f 721/721/721 720/720/720 717/717/717
f 718/718/718 722/722/722 719/719/719
f 723/723/723 719/719/719 722/722/722
f 716/716/716 724/724/724 718/718/718
f 716/716/716 720/720/720 724/724/724
f 725/725/725 720/720/720 721/721/721
f 726/726/726 725/725/725 721/721/721
f 727/727/727 722/722/722 718/718/718
f 724/724/724 727/727/727 718/718/718
f 728/728/728 723/723/723 722/722/722
f 727/727/727 728/728/728 722/722/722
f 729/729/729 723/723/723 728/728/728
f 720/720/720 730/730/730 724/724/724
f 720/720/720 725/725/725 730/730/730
f 731/731/731 725/725/725 726/726/726
f 725/725/725 731/731/731 730/730/730
f 732/732/732 731/731/731 726/726/726
f 733/733/733 727/727/727 724/724/724
f 730/730/730 733/733/733 724/724/724
f 727/727/727 733/733/733 728/728/728
f 731/731/731 733/733/733 730/730/730
f 732/732/732 729/729/729 734/734/734
f 734/734/734 729/729/729 728/728/728
f 733/733/733 734/734/734 728/728/728
f 731/731/731 732/732/732 734/734/734
f 733/733/733 731/731/731 734/734/734
f 737/737/737 736/736/736 735/735/735
f 736/736/736 738/738/738 735/735/735
f 735/735/735 738/738/738 739/739/739
f 740/740/740 736/736/736 737/737/737
f 741/741/741 740/740/740 737/737/737
f 738/738/738 742/742/742 739/739/739
f 743/743/743 739/739/739 742/742/742
f 736/736/736 744/744/744 738/738/738
f 736/736/736 740/740/740 744/744/744
f 745/745/745 740/740/740 741/741/741
f 746/746/746 745/745/745 741/741/741
f 747/747/747 742/742/742 738/738/738
f 744/744/744 747/747/747 738/738/738
f 748/748/748 743/743/743 742/742/742
f 747/747/747 748/748/748 742/742/742
f 749/749/749 743/743/743 748/748/748
f 740/740/740 750/750/750 744/744/744
f 740/740/740 745/745/745 750/750/750
f 751/751/751 745/745/745 746/746/746
f 745/745/745 751/751/751 750/750/750
f 752/752/752 751/751/751 746/746/746
f 753/753/753 747/747/747 744/744/744
f 750/750/750 753/753/753 744/744/744
f 747/747/747 753/753/753 748/748/748
f 751/751/751 753/753/753 750/750/750
f 752/752/752 749/749/749 754/754/754
f 754/754/754 749/749/749 748/748/748
f 753/753/753 754/754/754 748/748/748
f 751/751/751 752/752/752 754/754/754
f 753/753/753 751/751/751 754/754/754
f 757/757/757 756/756/756 755/755/755
f 756/756/756 758/758/758 755/755/755
f 755/755/755 758/758/758 759/759/759
f 760/760/760 756/756/756 757/757/757
f 761/761/761 760/760/760 757/757/757
f 758/758/758 762/762/762 759/759/759
f 763/763/763 759/759/759 762/762/762
f 756/756/756 764/764/764 758/758/758
f 756/756/756 760/760/760 764/764/764
f 765/765/765 760/760/760 761/761/761
f 766/766/766 765/765/765 761/761/761
f 767/767/767 762/762/762 758/758/758
f 764/764/764 767/767/767 758/758/758
f 768/768/768 763/763/763 762/762/762
f 767/767/767 768/768/768 762/762/762
f 769/769/769 763/763/763 768/768/768
f 760/760/760 770/770/770 764/764/764
f 760/760/760 765/765/765 770/770/770
f 771/771/771 765/765/765 766/766/766
f 765/765/765 771/771/771 770/770/770
f 772/772/772 771/771/771 766/766/766
f 773/773/773 767/767/767 764/764/764
f 770/770/770 773/773/773 764/764/764
f 767/767/767 773/773/773 768/768/768
f 771/771/771 773/773/773 770/770/770
f 772/772/772 769/769/769 774/774/774
f 774/774/774 769/769/769 768/768/768
f 773/773/773 774/774/774 768/768/768
f 771/771/771 772/772/772 774/774/774
f 773/773/773 771/771/771 774/774/774
f 777/777/777 776/776/776 775/775/775
f 776/776/776 778/778/778 775/775/775
f 775/775/775 778/778/778 779/779/779
f 780/780/780 776/776/776 777/777/777
f 781/781/781 780/780/780 777/777/777
f 778/778/778 782/782/782 779/779/779
f 783/783/783 779/779/779 782/782/782
f 776/776/776 784/784/784 778/778/778
f 776/776/776 780/780/780 784/784/784
f 785/785/785 780/780/780 781/781/781
f 786/786/786 785/785/785 781/781/781
f 787/787/787 782/782/782 778/778/778
f 784/784/784 787/787/787 778/778/778
f 788/788/788 783/783/783 782/782/782
f 787/787/787 788/788/788 782/782/782
f 789/789/789 783/783/783 788/788/788
f 780/780/780 790/790/790 784/784/784
f 780/780/780 785/785/785 790/790/790
f 791/791/791 785/785/785 786/786/786
f 785/785/785 791/791/791 790/790/790
f 792/792/792 791/791/791 786/786/786
f 793/793/793 787/787/787 784/784/784
f 790/790/790 793/793/793 784/784/784
f 787/787/787 793/793/793 788/788/788
f 791/791/791 793/793/793 790/790/790
f 792/792/792 789/789/789 794/794/794
f 794/794/794 789/789/789 788/788/788
f 793/793/793 794/794/794 788/788/788
f 791/791/791 792/792/792 794/794/794
f 793/793/793 791/791/791 794/794/794
f 797/797/797 796/796/796 795/795/795
f 796/796/796 798/798/798 795/795/795
f 795/795/795 798/798/798 799/799/799
f 800/800/800 796/796/796 797/797/797
f 801/801/801 800/800/800 797/797/797
f 798/798/798 802/802/802 799/799/799
f 803/803/803 799/799/799 802/802/802
f 796/796/796 804/804/804 798/798/798
f 796/796/796 800/800/800 804/804/804
f 805/805/805 800/800/800 801/801/801
f 806/806/806 805/805/805 801/801/801
f 807/807/807 802/802/802 798/798/798
f 804/804/804 807/807/807 798/798/798
f 808/808/808 803/803/803 802/802/802
f 807/807/807 808/808/808 802/802/802
f 809/809/809 803/803/803 808/808/808
f 800/800/800 810/810/810 804/804/804
f 800/800/800 805/805/805 810/810/810
f 811/811/811 805/805/805 806/806/806
f 805/805/805 811/811/811 810/810/810
f 812/812/812 811/811/811 806/806/806
f 813/813/813 807/807/807 804/804/804
f 810/810/810 813/813/813 804/804/804
f 807/807/807 813/813/813 808/808/808
f 811/811/811 813/813/813 810/810/810
f 812/812/812 809/809/809 814/814/814
f 814/814/814 809/809/809 808/808/808
f 813/813/813 814/814/814 808/808/808
f 811/811/811 812/812/812 814/814/814
f 813/813/813 811/811/811 814/814/814
f 817/817/817 816/816/816 815/815/815
f 816/816/816 818/818/818 815/815/815
f 815/815/815 818/818/818 819/819/819
f 820/820/820 816/816/816 817/817/817
f 821/821/821 820/820/820 817/817/817
f 818/818/818 822/822/822 819/819/819
f 823/823/823 819/819/819 822/822/822
f 816/816/816 824/824/824 818/818/818
f 816/816/816 820/820/820 824/824/824
f 825/825/825 820/820/820 821/821/821
f 826/826/826 825/825/825 821/821/821
f 827/827/827 822/822/822 818/818/818
f 824/824/824 827/827/827 818/818/818
f 828/828/828 823/823/823 822/822/822
f 827/827/827 828/828/828 822/822/822
f 829/829/829 823/823/823 828/828/828
f 820/820/820 830/830/830 824/824/824
f 820/820/820 825/825/825 830/830/830
f 831/831/831 825/825/825 826/826/826
f 825/825/825 831/831/831 830/830/830
f 832/832/832 831/831/831 826/826/826
f 833/833/833 827/827/827 824/824/824
f 830/830/830 833/833/833 824/824/824
f 827/827/827 833/833/833 828/828/828
f 831/831/831 833/833/833 830/830/830
f 832/832/832 829/829/829 834/834/834
f 834/834/834 829/829/829 828/828/828
f 833/833/833 834/834/834 828/828/828
f 831/831/831 832/832/832 834/834/834
f 833/833/833 831/831/831 834/834/834
f 837/837/837 836/836/836 835/835/835
f 836/836/836 838/838/838 835/835/835
f 835/835/835 838/838/838 839/839/839
f 840/840/840 836/836/836 837/837/837
f 841/841/841 840/840/840 837/837/837
f 838/838/838 842/842/842 839/839/839
f 843/843/843 839/839/839 842/842/842
f 836/836/836 844/844/844 838/838/838
f 836/836/836 840/840/840 844/844/844
f 845/845/845 840/840/840 841/841/841
f 846/846/846 845/845/845 841/841/841
f 847/847/847 842/842/842 838/838/838
f 844/844/844 847/847/847 838/838/838
f 848/848/848 843/843/843 842/842/842
f 847/847/847 848/848/848 842/842/842
f 849/849/849 843/843/843 848/848/848
f 840/840/840 850/850/850 844/844/844
f 840/840/840 845/845/845 850/850/850
f 851/851/851 845/845/845 846/846/846
f 845/845/845 851/851/851 850/850/850
f 852/852/852 851/851/851 846/846/846
f 853/853/853 847/847/847 844/844/844
f 850/850/850 853/853/853 844/844/844
f 847/847/847 853/853/853 848/848/848
f 851/851/851 853/853/853 850/850/850
f 852/852/852 849/849/849 854/854/854
f 854/854/854 849/849/849 848/848/848
f 853/853/853 854/854/854 848/848/848
f 851/851/851 852/852/852 854/854/854
f 853/853/853 851/851/851 854/854/854
f 857/857/857 856/856/856 855/855/855
f 856/856/856 858/858/858 855/855/855
f 855/855/855 858/858/858 859/859/859
f 860/860/860 856/856/856 857/857/857
f 861/861/861 860/860/860 857/857/857
f 858/858/858 862/862/862 859/859/859
f 863/863/863 859/859/859 862/862/862
f 856/856/856 864/864/864 858/858/858
f 856/856/856 860/860/860 864/864/864
f 865/865/865 860/860/860 861/861/861
f 866/866/866 865/865/865 861/861/861
f 867/867/867 862/862/862 858/858/858
f 864/864/864 867/867/867 858/858/858
f 868/868/868 863/863/863 862/862/862
f 867/867/867 868/868/868 862/862/862
f 869/869/869 863/863/863 868/868/868
f 860/860/860 870/870/870 864/864/864
f 860/860/860 865/865/865 870/870/870
f 871/871/871 865/865/865 866/866/866
f 865/865/865 871/871/871 870/870/870
f 872/872/872 871/871/871 866/866/866
f 873/873/873 867/867/867 864/864/864
f 870/870/870 873/873/873 864/864/864
f 867/867/867 873/873/873 868/868/868
f 871/871/871 873/873/873 870/870/870
f 872/872/872 869/869/869 874/874/874
f 874/874/874 869/869/869 868/868/868
f 873/873/873 874/874/874 868/868/868
f 871/871/871 872/872/872 874/874/874
f 873/873/873 871/871/871 874/874/874
f 877/877/877 876/876/876 875/875/875
f 876/876/876 878/878/878 875/875/875
f 875/875/875 878/878/878 879/879/879
f 880/880/880 876/876/876 877/877/877
f 881/881/881 880/880/880 877/877/877
f 878/878/878 882/882/882 879/879/879
f 883/883/883 879/879/879 882/882/882
f 876/876/876 884/884/884 878/878/878
f 876/876/876 880/880/880 884/884/884
f 885/885/885 880/880/880 881/881/881
f 886/886/886 885/885/885 881/881/881
f 887/887/887 882/882/882 878/878/878
f 884/884/884 887/887/887 878/878/878
f 888/888/888 883/883/883 882/882/882
f 887/887/887 888/888/888 882/882/882
f 889/889/889 883/883/883 888/888/888
f 880/880/880 890/890/890 884/884/884
f 880/880/880 885/885/885 890/890/890
f 891/891/891 885/885/885 886/886/886
f 885/885/885 891/891/891 890/890/890
f 892/892/892 891/891/891 886/886/886
f 893/893/893 887/887/887 884/884/884
f 890/890/890 893/893/893 884/884/884
f 887/887/887 893/893/893 888/888/888
f 891/891/891 893/893/893 890/890/890
f 892/892/892 889/889/889 894/894/894
f 894/894/894 889/889/889 888/888/888
f 893/893/893 894/894/894 888/888/888
f 891/891/891 892/892/892 894/894/894
f 893/893/893 891/891/891 894/894/894
f 897/897/897 896/896/896 895/895/895
f 896/896/896 898/898/898 895/895/895
f 895/895/895 898/898/898 899/899/899
f 900/900/900 896/896/896 897/897/897
f 901/901/901 900/900/900 897/897/897
f 898/898/898 902/902/902 899/899/899
f 903/903/903 899/899/899 902/902/902
f 896/896/896 904/904/904 898/898/898
f 896/896/896 900/900/900 904/904/904
f 905/905/905 900/900/900 901/901/901
f 906/906/906 905/905/905 901/901/901
f 907/907/907 902/902/902 898/898/898
f 904/904/904 907/907/907 898/898/898
f 908/908/908 903/903/903 902/902/902
f 907/907/907 908/908/908 902/902/902
f 909/909/909 903/903/903 908/908/908
f 900/900/900 910/910/910 904/904/904
f 900/900/900 905/905/905 910/910/910
f 911/911/911 905/905/905 906/906/906
f 905/905/905 911/911/911 910/910/910
f 912/912/912 911/911/911 906/906/906
f 913/913/913 907/907/907 904/904/904
f 910/910/910 913/913/913 904/904/904
f 907/907/907 913/913/913 908/908/908
f 911/911/911 913/913/913 910/910/910
f 912/912/912 909/909/909 914/914/914
f 914/914/914 909/909/909 908/908/908
f 913/913/913 914/914/914 908/908/908
f 911/911/911 912/912/912 914/914/914
f 913/913/913 911/911/911 914/914/914
f 917/917/917 916/916/916 915/915/915
f 916/916/916 918/918/918 915/915/915
f 915/915/915 918/918/918 919/919/919
f 920/920/920 916/916/916 917/917/917
f 921/921/921 920/920/920 917/917/917
f 918/918/918 922/922/922 919/919/919
f 923/923/923 919/919/919 922/922/922
f 916/916/916 924/924/924 918/918/918
f 916/916/916 920/920/920 924/924/924
f 925/925/925 920/920/920 921/921/921
f 926/926/926 925/925/925 921/921/921
f 927/927/927 922/922/922 918/918/918
f 924/924/924 927/927/927 918/918/918
f 928/928/928 923/923/923 922/922/922
f 927/927/927 928/928/928 922/922/922
f 929/929/929 923/923/923 928/928/928
f 920/920/920 930/930/930 924/924/924
f 920/920/920 925/925/925 930/930/930
f 931/931/931 925/925/925 926/926/926
f 925/925/925 931/931/931 930/930/930
f 932/932/932 931/931/931 926/926/926
f 933/933/933 927/927/927 924/924/924
f 930/930/930 933/933/933 924/924/924
f 927/927/927 933/933/933 928/928/928
f 931/931/931 933/933/933 930/930/930
f 932/932/932 929/929/929 934/934/934
f 934/934/934 929/929/929 928/928/928
f 933/933/933 934/934/934 928/928/928
f 931/931/931 932/932/932 934/934/934
f 933/933/933 931/931/931 934/934/934
f 937/937/937 936/936/936 935/935/935
f 936/936/936 938/938/938 935/935/935
f 935/935/935 938/938/938 939/939/939
f 940/940/940 936/936/936 937/937/937
f 941/941/941 940/940/940 937/937/937
f 938/938/938 942/942/942 939/939/939
f 943/943/943 939/939/939 942/942/942
f 936/936/936 944/944/944 938/938/938
f 936/936/936 940/940/940 944/944/944
f 945/945/945 940/940/940 941/941/941
f 946/946/946 945/945/945 941/941/941
f 947/947/947 942/942/942 938/938/938
f 944/944/944 947/947/947 938/938/938
f 948/948/948 943/943/943 942/942/942
f 947/947/947 948/948/948 942/942/942
f 949/949/949 943/943/943 948/948/948
f 940/940/940 950/950/950 944/944/944
f 940/940/940 945/945/945 950/950/950
f 951/951/951 945/945/945 946/946/946
f 945/945/945 951/951/951 950/950/950
f 952/952/952 951/951/951 946/946/946
f 953/953/953 947/947/947 944/944/944
f 950/950/950 953/953/953 944/944/944
f 947/947/947 953/953/953 948/948/948
f 951/951/951 953/953/953 950/950/950
f 952/952/952 949/949/949 954/954/954
f 954/954/954 949/949/949 948/948/948
f 953/953/953 954/954/954 948/948/948
f 951/951/951 952/952/952 954/954/954
f 953/953/953 951/951/951 954/954/954
f 957/957/957 956/956/956 955/955/955
f 956/956/956 958/958/958 955/955/955
f 955/955/955 958/958/958 959/959/959
f 960/960/960 956/956/956 957/957/957
f 961/961/961 960/960/960 957/957/957
f 958/958/958 962/962/962 959/959/959
f 963/963/963 959/959/959 962/962/962
f 956/956/956 964/964/964 958/958/958
f 956/956/956 960/960/960 964/964/964
f 965/965/965 960/960/960 961/961/961
f 966/966/966 965/965/965 961/961/961
f 967/967/967 962/962/962 958/958/958
f 964/964/964 967/967/967 958/958/958
f 968/968/968 963/963/963 962/962/962
f 967/967/967 968/968/968 962/962/962
f 969/969/969 963/963/963 968/968/968
f 960/960/960 970/970/970 964/964/964
f 960/960/960 965/965/965 970/970/970
f 971/971/971 965/965/965 966/966/966
f 965/965/965 971/971/971 970/970/970
f 972/972/972 971/971/971 966/966/966
f 973/973/973 967/967/967 964/964/964
f 970/970/970 973/973/973 964/964/964
f 967/967/967 973/973/973 968/968/968
f 971/971/971 973/973/973 970/970/970
f 972/972/972 969/969/969 974/974/974
f 974/974/974 969/969/969 968/968/968
f 973/973/973 974/974/974 968/968/968
f 971/971/971 972/972/972 974/974/974
f 973/973/973 971/971/971 974/974/974
f 977/977/977 976/976/976 975/975/975
f 976/976/976 978/978/978 975/975/975
f 975/975/975 978/978/978 979/979/979
f 980/980/980 976/976/976 977/977/977
f 981/981/981 980/980/980 977/977/977
f 978/978/978 982/982/982 979/979/979
f 983/983/983 979/979/979 982/982/982
f 976/976/976 984/984/984 978/978/978
f 976/976/976 980/980/980 984/984/984
f 985/985/985 980/980/980 981/981/981
f 986/986/986 985/985/985 981/981/981
f 987/987/987 982/982/982 978/978/978
f 984/984/984 987/987/987 978/978/978
f 988/988/988 983/983/983 982/982/982
f 987/987/987 988/988/988 982/982/982
f 989/989/989 983/983/983 988/988/988
f 980/980/980 990/990/990 984/984/984
f 980/980/980 985/985/985 990/990/990
f 991/991/991 985/985/985 986/986/986
f 985/985/985 991/991/991 990/990/990
f 992/992/992 991/991/991 986/986/986
f 993/993/993 987/987/987 984/984/984
f 990/990/990 993/993/993 984/984/984
f 987/987/987 993/993/993 988/988/988
f 991/991/991 993/993/993 990/990/990
f 992/992/992 989/989/989 994/994/994
f 994/994/994 989/989/989 988/988/988
f 993/993/993 994/994/994 988/988/988
f 991/991/991 992/992/992 994/994/994
f 993/993/993 991/991/991 994/994/994
f 997/997/997 996/996/996 995/995/995
f 996/996/996 998/998/998 995/995/995
f 995/995/995 998/998/998 999/999/999
f 1000/1000/1000 996/996/996 997/997/997
f 1001/1001/1001 1000/1000/1000 997/997/997
f 998/998/998 1002/1002/1002 999/999/999
f 1003/1003/1003 999/999/999 1002/1002/1002
f 996/996/996 1004/1004/1004 998/998/998
f 996/996/996 1000/1000/1000 1004/1004/1004
f 1005/1005/1005 1000/1000/1000 1001/1001/1001
f 1006/1006/1006 1005/1005/1005 1001/1001/1001
f 1007/1007/1007 1002/1002/1002 998/998/998
f 1004/1004/1004 1007/1007/1007 998/998/998
f 1008/1008/1008 1003/1003/1003 1002/1002/1002
f 1007/1007/1007 1008/1008/1008 1002/1002/1002
f 1009/1009/1009 1003/1003/1003 1008/1008/1008
f 1000/1000/1000 1010/1010/1010 1004/1004/1004
f 1000/1000/1000 1005/1005/1005 1010/1010/1010
f 1011/1011/1011 1005/1005/1005 1006/1006/1006
f 1005/1005/1005 1011/1011/1011 1010/1010/1010
f 1012/1012/1012 1011/1011/1011 1006/1006/1006
f 1013/1013/1013 1007/1007/1007 1004/1004/1004
f 1010/1010/1010 1013/1013/1013 1004/1004/1004
f 1007/1007/1007 1013/1013/1013 1008/1008/1008
f 1011/1011/1011 1013/1013/1013 1010/1010/1010
f 1012/1012/1012 1009/1009/1009 1014/1014/1014
f 1014/1014/1014 1009/1009/1009 1008/1008/1008
f 1013/1013/1013 1014/1014/1014 1008/1008/1008
f 1011/1011/1011 1012/1012/1012 1014/1014/1014
f 1013/1013/1013 1011/1011/1011 1014/1014/1014
f 1017/1017/1017 1016/1016/1016 1015/1015/1015
f 1016/1016/1016 1018/1018/1018 1015/1015/1015
f 1015/1015/1015 1018/1018/1018 1019/1019/1019
f 1020/1020/1020 1016/1016/1016 1017/1017/1017
f 1021/1021/1021 1020/1020/1020 1017/1017/1017
f 1018/1018/1018 1022/1022/1022 1019/1019/1019
f 1023/1023/1023 1019/1019/1019 1022/1022/1022
f 1016/1016/1016 1024/1024/1024 1018/1018/1018
f 1016/1016/1016 1020/1020/1020 1024/1024/1024
f 1025/1025/1025 1020/1020/1020 1021/1021/1021
f 1026/1026/1026 1025/1025/1025 1021/1021/1021
f 1027/1027/1027 1022/1022/1022 1018/1018/1018
f 1024/1024/1024 1027/1027/1027 1018/1018/1018
f 1028/1028/1028 1023/1023/1023 1022/1022/1022
f 1027/1027/1027 1028/1028/1028 1022/1022/1022
f 1029/1029/1029 1023/1023/1023 1028/1028/1028
f 1020/1020/1020 1030/1030/1030 1024/1024/1024
f 1020/1020/1020 1025/1025/1025 1030/1030/1030
f 1031/1031/1031 1025/1025/1025 1026/1026/1026
f 1025/1025/1025 1031/1031/1031 1030/1030/1030
f 1032/1032/1032 1031/1031/1031 1026/1026/1026
f 1033/1033/1033 1027/1027/1027 1024/1024/1024
f 1030/1030/1030 1033/1033/1033 1024/1024/1024
f 1027/1027/1027 1033/1033/1033 1028/1028/1028
f 1031/1031/1031 1033/1033/1033 1030/1030/1030
f 1032/1032/1032 1029/1029/1029 1034/1034/1034
f 1034/1034/1034 1029/1029/1029 1028/1028/1028
f 1033/1033/1033 1034/1034/1034 1028/1028/1028
f 1031/1031/1031 1032/1032/1032 1034/1034/1034
f 1033/1033/1033 1031/1031/1031 1034/1034/1034
f 1037/1037/1037 1036/1036/1036 1035/1035/1035
f 1036/1036/1036 1038/1038/1038 1035/1035/1035
f 1035/1035/1035 1038/1038/1038 1039/1039/1039
f 1040/1040/1040 1036/1036/1036 1037/1037/1037
f 1041/1041/1041 1040/1040/1040 1037/1037/1037
f 1038/1038/1038 1042/1042/1042 1039/1039/1039
f 1043/1043/1043 1039/1039/1039 1042/1042/1042
f 1036/1036/1036 1044/1044/1044 1038/1038/1038
f 1036/1036/1036 1040/1040/1040 1044/1044/1044
f 1045/1045/1045 1040/1040/1040 1041/1041/1041
f 1046/1046/1046 1045/1045/1045 1041/1041/1041
f 1047/1047/1047 1042/1042/1042 1038/1038/1038
f 1044/1044/1044 1047/1047/1047 1038/1038/1038
f 1048/1048/1048 1043/1043/1043 1042/1042/1042
f 1047/1047/1047 1048/1048/1048 1042/1042/1042
f 1049/1049/1049 1043/1043/1043 1048/1048/1048
f 1040/1040/1040 1050/1050/1050 1044/1044/1044
f 1040/1040/1040 1045/1045/1045 1050/1050/1050
f 1051/1051/1051 1045/1045/1045 1046/1046/1046
f 1045/1045/1045 1051/1051/1051 1050/1050/1050
f 1052/1052/1052 1051/1051/1051 1046/1046/1046
f 1053/1053/1053 1047/1047/1047 1044/1044/1044
f 1050/1050/1050 1053/1053/1053 1044/1044/1044
f 1047/1047/1047 1053/1053/1053 1048/1048/1048
f 1051/1051/1051 1053/1053/1053 1050/1050/1050
f 1052/1052/1052 1049/1049/1049 1054/1054/1054
f 1054/1054/1054 1049/1049/1049 1048/1048/1048
f 1053/1053/1053 1054/1054/1054 1048/1048/1048
f 1051/1051/1051 1052/1052/1052 1054/1054/1054
f 1053/1053/1053 1051/1051/1051 1054/1054/1054
f 1057/1057/1057 1056/1056/1056 1055/1055/1055
f 1056/1056/1056 1058/1058/1058 1055/1055/1055
f 1055/1055/1055 1058/1058/1058 1059/1059/1059
f 1060/1060/1060 1056/1056/1056 1057/1057/1057
f 1061/1061/1061 1060/1060/1060 1057/1057/1057
f 1058/1058/1058 1062/1062/1062 1059/1059/1059
f 1063/1063/1063 1059/1059/1059 1062/1062/1062
f 1056/1056/1056 1064/1064/1064 1058/1058/1058
f 1056/1056/1056 1060/1060/1060 1064/1064/1064
f 1065/1065/1065 1060/1060/1060 1061/1061/1061
f 1066/1066/1066 1065/1065/1065 1061/1061/1061
f 1067/1067/1067 1062/1062/1062 1058/1058/1058
f 1064/1064/1064 1067/1067/1067 1058/1058/1058
f 1068/1068/1068 1063/1063/1063 1062/1062/1062
f 1067/1067/1067 1068/1068/1068 1062/1062/1062
f 1069/1069/1069 1063/1063/1063 1068/1068/1068
f 1060/1060/1060 1070/1070/1070 1064/1064/1064
f 1060/1060/1060 1065/1065/1065 1070/1070/1070
f 1071/1071/1071 1065/1065/1065 1066/1066/1066
f 1065/1065/1065 1071/1071/1071 1070/1070/1070
f 1072/1072/1072 1071/1071/1071 1066/1066/1066
f 1073/1073/1073 1067/1067/1067 1064/1064/1064
f 1070/1070/1070 1073/1073/1073 1064/1064/1064
f 1067/1067/1067 1073/1073/1073 1068/1068/1068
f 1071/1071/1071 1073/1073/1073 1070/1070/1070
f 1072/1072/1072 1069/1069/1069 1074/1074/1074
f 1074/1074/1074 1069/1069/1069 1068/1068/1068
f 1073/1073/1073 1074/1074/1074 1068/1068/1068
f 1071/1071/1071 1072/1072/1072 1074/1074/1074
f 1073/1073/1073 1071/1071/1071 1074/1074/1074
f 1077/1077/1077 1076/1076/1076 1075/1075/1075
f 1076/1076/1076 1078/1078/1078 1075/1075/1075
f 1075/1075/1075 1078/1078/1078 1079/1079/1079
f 1080/1080/1080 1076/1076/1076 1077/1077/1077
f 1081/1081/1081 1080/1080/1080 1077/1077/1077
f 1078/1078/1078 1082/1082/1082 1079/1079/1079
f 1083/1083/1083 1079/1079/1079 1082/1082/1082
f 1076/1076/1076 1084/1084/1084 1078/1078/1078
f 1076/1076/1076 1080/1080/1080 1084/1084/1084
f 1085/1085/1085 1080/1080/1080 1081/1081/1081
f 1086/1086/1086 1085/1085/1085 1081/1081/1081
f 1087/1087/1087 1082/1082/1082 1078/1078/1078
f 1084/1084/1084 1087/1087/1087 1078/1078/1078
f 1088/1088/1088 1083/1083/1083 1082/1082/1082
f 1087/1087/1087 1088/1088/1088 1082/1082/1082
f 1089/1089/1089 1083/1083/1083 1088/1088/1088
f 1080/1080/1080 1090/1090/1090 1084/1084/1084
f 1080/1080/1080 1085/1085/1085 1090/1090/1090
f 1091/1091/1091 1085/1085/1085 1086/1086/1086
f 1085/1085/1085 1091/1091/1091 1090/1090/1090
f 1092/1092/1092 1091/1091/1091 1086/1086/1086
f 1093/1093/1093 1087/1087/1087 1084/1084/1084
f 1090/1090/1090 1093/1093/1093 1084/1084/1084
f 1087/1087/1087 1093/1093/1093 1088/1088/1088
f 1091/1091/1091 1093/1093/1093 1090/1090/1090
f 1092/1092/1092 1089/1089/1089 1094/1094/1094
f 1094/1094/1094 1089/1089/1089 1088/1088/1088
f 1093/1093/1093 1094/1094/1094 1088/1088/1088
f 1091/1091/1091 1092/1092/1092 1094/1094/1094
f 1093/1093/1093 1091/1091/1091 1094/1094/1094

