mtllib material.mtl
usemtl material_0
v -1.09125400 -0.32839510 -0.17571290
v -1.12236600 -0.30437300 -0.06413575
v -1.10904000 -0.38683200 -0.12001340
v -1.10341500 -0.24639430 -0.11788270
v -1.07984400 -0.26692890 -0.23928530
v -1.12495400 -0.27853530 -0.04055237
v -1.08789400 -0.18851230 -0.17090210
v -1.06560100 -0.17041540 -0.33740290
v -1.10704700 -0.21925290 -0.09751038
v -1.12146100 -0.26242560 -0.01277649
v -1.05378200 -0.09863697 -0.26192380
v -1.06804800 -0.10289440 -0.40209780
v -1.09609900 -0.16094110 -0.15270570
v -1.10555200 -0.19786210 -0.07014221
v -1.10950900 -0.27733070 -0.00993896
v -1.03947000 -0.01525993 -0.32733820
v -1.05427700 -0.01769402 -0.46735290
v -1.05690400 -0.06434868 -0.23753170
v -1.09854500 -0.13552210 -0.12835450
v -1.09425800 -0.20535320 -0.05741821
v -1.10203100 -0.29981970 -0.03245788
v -1.01432300 0.00080421 -0.39258850
v -1.04249800 -0.00545906 -0.49990540
v -1.03504500 -0.00656342 -0.30228150
v -1.06370100 -0.03231056 -0.21541510
v -1.07987700 -0.13353420 -0.10680110
v -1.08992700 -0.22725280 -0.08364379
v -1.08952000 -0.30922940 -0.02692932
v -0.98969110 0.00535141 -0.42542790
v -1.01047800 -0.00290527 -0.53154360
v -0.99792240 0.00453072 -0.36749880
v -1.02757700 -0.00160797 -0.27669250
v -1.05012500 -0.01905136 -0.18829100
v -1.07603600 -0.15543740 -0.13357420
v -1.07830100 -0.24411170 -0.08881591
v -1.09773400 -0.28414460 -0.00904541
v -0.96031250 0.00863312 -0.45786680
v -0.96887450 -0.00536751 -0.54932250
v -0.97051390 0.00844826 -0.40020510
v -0.98041500 0.00802399 -0.34247860
v -1.00838100 0.00149338 -0.25183050
v -1.05599400 -0.03439499 -0.21506900
v -1.06103800 -0.17767720 -0.15034060
v -1.08162000 -0.21912420 -0.06469055
v -1.10515600 -0.25881060 0.01112549
v -1.08875000 -0.19376390 -0.04617981
v -1.10125500 -0.25774410 0.02066589
v -1.05948600 -0.15439880 -0.12407470
v -1.04927800 -0.05763637 -0.23635990
v -1.01175700 -0.00384903 -0.27477970
v -0.96287960 0.01132164 -0.31735470
v -1.08891100 -0.18310470 -0.02988159
v -1.08338600 -0.26804800 0.02932251
v -1.06603000 -0.12878150 -0.10142270
v -1.04599200 -0.03584900 -0.21539310
v -1.02439700 -0.00916473 -0.30135370
v -1.07308100 -0.20066310 -0.03328369
v -1.09103300 -0.24349640 0.05052490
v -1.07271400 -0.11097330 -0.08390076
v -1.03600500 -0.01931023 -0.18867490
v -1.07414300 -0.17685820 -0.00744446
v -1.09720500 -0.22052300 0.06373291
v -1.05440500 -0.13157680 -0.08888184
v -1.08069000 -0.15257980 0.01178772
v -1.09481100 -0.19631010 0.08397949
v -0.95894040 0.00520432 -0.33597840
v -1.00151800 -0.00818520 -0.27420470
v -1.03535300 -0.01091370 -0.17637510
v -1.04926800 -0.10934680 -0.06972229
v -1.08520300 -0.12813490 0.03238220
v -1.07970100 -0.18689430 0.11128850
v -0.95374270 -0.00079750 -0.35403620
v -0.98732420 -0.00226540 -0.25378050
v -1.03083700 -0.01743767 -0.16211240
v -1.05218700 -0.08353126 -0.04413391
v -1.06845100 -0.11561210 0.06103516
v -1.07145500 -0.20207170 0.11067750
v -0.93310300 -0.00525131 -0.33601260
v -0.96891840 0.00155144 -0.23082700
v -1.02105100 -0.00723885 -0.16030090
v -1.06048100 -0.05791687 -0.01972961
v -1.05820300 -0.13749940 0.04854248
v -1.05898600 -0.17798540 0.13628300
v -0.91409910 -0.00210167 -0.31030210
v -0.95598630 -0.00516838 -0.23290100
v -1.00682600 -0.00318558 -0.13241700
v -1.05044900 -0.04489952 0.00839966
v -1.05054200 -0.11299110 0.07365905
v -1.05496500 -0.12732170 0.18021420
v -0.90165160 0.00405044 -0.29825010
v -0.93841310 -0.00522949 -0.20210570
v -0.99059330 -0.00027519 -0.10446230
v -1.04316900 -0.06566105 -0.01565735
v -1.05456300 -0.05254349 0.11934880
v -1.06065200 -0.10189970 0.20407290
v -0.88115480 0.00310539 -0.26904790
v -0.92412350 -0.00247696 -0.17368650
v -0.97194700 0.00183075 -0.07680420
v -1.04878400 -0.02924293 0.00921631
v -1.05166300 -0.02702515 0.14598140
v -1.06576000 -0.07641304 0.21435000
v -0.86026360 -0.00062950 -0.24771670
v -0.91498770 0.00347923 -0.15669130
v -0.96326290 -0.00450417 -0.09169861
v -1.04158300 -0.00460198 0.06237732
v -1.04216400 -0.02048470 0.16622010
v -1.06835700 -0.06807560 0.23005000
v -0.84157710 -0.00162926 -0.21821470
v -0.90395500 0.00847946 -0.13429200
v -0.94760130 -0.00568214 -0.06051514
v -1.02750800 -0.00119247 0.09127685
v -1.03542000 -0.01850044 0.18000670
v -1.06349700 -0.06407349 0.23576230
v -0.82801030 0.00170013 -0.18984070
v -0.88441400 0.00499405 -0.10955990
v -0.91852050 -0.00483566 0.00310974
v -1.01094700 0.00143936 0.12035400
v -1.03029900 -0.01815323 0.18875790
v -1.05971600 -0.05128280 0.24141540
v -0.81862300 0.00797012 -0.17667110
v -0.86544560 -0.00033127 -0.09703552
v -0.90393310 -0.00320229 0.03446838
v -0.99213860 0.00226799 0.14824040
v -1.02845900 -0.01928276 0.19131350
v -1.05916000 -0.04297642 0.24682070
v -0.80598870 0.01170731 -0.14902040
v -0.83527710 -0.00379524 -0.03641541
v -0.89536130 0.00318840 0.04676819
v -0.97074710 -0.00017120 0.17081910
v -1.02908700 -0.01999344 0.19185550
v -1.05436300 -0.03547096 0.25191160
v -0.78909060 0.00979462 -0.11941710
v -0.81946160 -0.00408623 -0.00446899
v -0.88494870 0.00908127 0.06381897
v -0.97061890 -0.00439949 0.14844060
v -1.02722400 -0.01944282 0.19353820
v -1.05370100 -0.02695107 0.26456060
v -0.75539790 0.00287758 -0.06968811
v -0.80721310 0.00073044 0.01726807
v -0.86572510 0.01104523 0.09154480
v -0.98271850 -0.00221802 0.12140810
v -1.02029200 -0.01679832 0.20164850
v -1.05663500 -0.01453125 0.25997870
v -0.74213990 -0.00303108 -0.05518493
v -0.80348630 0.00772759 0.01658386
v -0.84494260 0.00615494 0.10709470
v -0.98643800 -0.00769997 0.09620483
v -1.01285000 -0.01183113 0.21413080
v -1.05730000 -0.00024780 0.27542660
v -0.72376950 -0.00099251 -0.02664978
v -0.79190800 0.01355850 0.03301941
v -0.85113160 0.00285118 0.07568665
v -0.97207760 -0.00544251 0.12758730
v -0.99978880 -0.00124291 0.24864680
v -1.05587800 0.00607880 0.28995050
v -0.72058350 0.00599739 -0.02617981
v -0.77106320 0.01358231 0.06165710
v -0.85920170 0.00127197 0.04242310
v -0.95682620 -0.00435059 0.15858700
v -0.99890500 0.00583893 0.24820560
v -1.05128300 0.00817307 0.31967040
v -0.71263550 0.01266838 -0.01805847
v -0.76367190 0.00671646 0.05339660
v -0.84704350 -0.00427307 0.06073669
v -0.92514160 -0.00211670 0.21760310
v -0.99053470 0.01041969 0.27237120
v -1.04464700 0.00160202 0.32806760
v -0.69720090 0.01706169 0.00484009
v -0.76917850 0.00484604 0.01979370
v -0.83028070 -0.00417084 0.09171814
v -0.92495110 0.00486748 0.21299440
v -0.97910640 0.00543625 0.29275630
v -1.03916500 -0.00510956 0.31734190
v -0.67906000 0.01289818 0.02756470
v -0.76390870 -0.00215500 0.01751587
v -0.79767090 -0.00343765 0.15407770
v -0.91778320 0.01140137 0.22507750
v -0.97747680 -0.00108765 0.27934750
v -1.03229700 -0.01066483 0.34245670
v -0.67750120 0.00713097 0.00634155
v -0.74793210 -0.00362770 0.04796509
v -0.79420890 0.00362930 0.15768980
v -0.89999510 0.00950478 0.25473510
v -0.96539910 -0.00650886 0.29824400
v -1.02511700 -0.01213730 0.37345090
v -0.67686280 0.00178093 -0.01656982
v -0.71563970 -0.00332802 0.11064390
v -0.78986200 0.01061005 0.16148680
v -0.89623050 0.00271942 0.24534060
v -0.95039180 -0.00581512 0.32898560
v -1.00839200 0.00023460 0.42205260
v -0.66442140 -0.00313621 0.00554993
v -0.70487180 0.00177307 0.13304380
v -0.77622070 0.01412537 0.18883660
v -0.88599370 -0.00389320 0.25353520
v -0.92495110 0.00069534 0.37930600
v -0.98990480 -0.00513939 0.46345760
v -0.63351440 -0.00311272 0.06909912
v -0.70262320 0.00874870 0.12738770
v -0.76386840 0.00836723 0.20564880
v -0.86859860 -0.00412193 0.28455810
v -0.90278690 -0.00476715 0.42889220
v -0.98179810 0.00022781 0.48498290
v -0.61912350 -0.00057617 0.09898803
v -0.69318360 0.01471130 0.14385860
v -0.75909670 0.00162033 0.19639590
v -0.84053220 0.00080795 0.33816220
v -0.89670780 0.00128647 0.44611690
v -0.96703120 -0.00094795 0.51637630
v -0.61463010 0.00647858 0.09800842
v -0.67818600 0.01256378 0.17406430
v -0.74618290 -0.00360840 0.21649960
v -0.81611570 -0.00411613 0.39348080
v -0.88194330 0.00056435 0.47784120
v -0.95660160 -0.00720841 0.53379090
v -0.60765140 0.01328934 0.10451660
v -0.67107910 0.00563522 0.17110410
v -0.71396480 -0.00014061 0.27694700
v -0.81165280 0.00233643 0.40723330
v -0.87127070 -0.00513161 0.49575010
v -0.94210200 -0.00939758 0.56598090
v -0.59371220 0.01558105 0.13484500
v -0.66219360 -0.00115868 0.17543580
v -0.68688230 -0.00333351 0.34017030
v -0.79692630 0.00208725 0.43912600
v -0.85684200 -0.00526917 0.52780820
v -0.92766600 -0.01202736 0.59810790
v -0.58184570 0.00991058 0.15282900
v -0.63203370 -0.00321869 0.23749630
v -0.68341310 0.00342453 0.34905030
v -0.78599480 -0.00350891 0.45762390
v -0.84243040 -0.00529091 0.55998170
v -0.88410520 -0.02529243 0.69266780
v -0.57484380 0.00310181 0.14690860
v -0.60187500 -0.00324860 0.30127620
v -0.66945680 0.00441261 0.38088740
v -0.77156980 -0.00382011 0.48968320
v -0.79892210 -0.00881050 0.65608160
v -0.85512570 -0.07503048 0.73044000
v -0.54806880 -0.00321877 0.19707520
v -0.59720460 0.00343262 0.31176020
v -0.65725950 -0.00059021 0.40260920
v -0.75714360 -0.00383766 0.52183100
v -0.76987300 -0.03695251 0.71232120
v -0.81159910 -0.16980460 0.74810670
v -0.51779910 -0.00321869 0.26076230
v -0.58434330 0.00588470 0.34213320
v -0.64348260 -0.00344696 0.43177430
v -0.71357660 -0.00572418 0.61767580
v -0.72636230 -0.13152350 0.74157650
v -0.79704340 -0.20098290 0.75576480
v -0.51046140 0.00297958 0.27622010
v -0.57116090 0.00177551 0.36764710
v -0.62900390 -0.00374008 0.46381770
v -0.68457280 -0.01272163 0.68093140
v -0.71180900 -0.16292830 0.74846430
v -0.78250370 -0.23214820 0.76346190
v -0.49895510 0.00684532 0.30330690
v -0.55778070 -0.00210770 0.39389220
v -0.58558230 -0.00463341 0.55995540
v -0.64123290 -0.09324092 0.73511480
v -0.69725100 -0.19425810 0.75566160
v -0.76796510 -0.26418440 0.76599180
v -0.48514040 0.00474884 0.33406250
v -0.54353520 -0.00362678 0.42521180
v -0.55660770 -0.00582756 0.62394770
v -0.62665400 -0.12483200 0.74116880
v -0.68269290 -0.22559170 0.76283020
v -0.72427120 -0.36052460 0.76937560
v -0.47168210 0.00049911 0.35873410
v -0.50021970 -0.00390671 0.52150820
v -0.51332520 -0.03675590 0.71187930
v -0.61206790 -0.15632430 0.74766960
v -0.63901730 -0.32190020 0.76660030
v -0.69513180 -0.42477250 0.77086180
v -0.45787960 -0.00270203 0.38697200
v -0.47127680 -0.00509224 0.58550590
v -0.49888670 -0.06813614 0.72816220
v -0.59748290 -0.18771090 0.75460750
v -0.60987790 -0.38615850 0.76758720
v -0.66599610 -0.48901940 0.77182920
v -0.41481440 -0.00379478 0.48296810
v -0.42793330 -0.01383751 0.68088920
v -0.48435060 -0.09932987 0.73631650
v -0.55377810 -0.28319920 0.76578610
v -0.58073370 -0.45038930 0.76857110
v -0.63689080 -0.55324760 0.77209780
v -0.38596190 -0.00436264 0.54712650
v -0.41354610 -0.03481247 0.70702940
v -0.46974610 -0.13086870 0.74244560
v -0.52461060 -0.34745310 0.76646910
v -0.55159540 -0.51460740 0.76951660
v -0.60781490 -0.61729360 0.77498720
v -0.34252690 -0.00621819 0.64317630
v -0.39912600 -0.06194336 0.72595390
v -0.42593380 -0.22514460 0.76279840
v -0.49544680 -0.41168670 0.76744690
v -0.52246700 -0.57879190 0.77106570
v -0.57959720 -0.66901060 0.81121150
v -0.49375980 -0.64077090 0.78681460
v -0.46629150 -0.47588920 0.76873590
v -0.43714350 -0.54005540 0.77065670
v -0.40814940 -0.60380330 0.77798400
v -0.39674560 -0.28931570 0.76594660
v -0.38459350 -0.09275692 0.73529420
v -0.36754640 -0.35355120 0.76713190
v -0.33835450 -0.41774550 0.76860410
v -0.30917720 -0.48188730 0.77073790
v -0.28006230 -0.54588960 0.77516050
v -0.34073970 -0.18723530 0.75454650
v -0.31153080 -0.25053640 0.76553040
v -0.28229730 -0.31477590 0.76684080
v -0.25307250 -0.37895970 0.76825800
v -0.22386960 -0.44309250 0.77033140
v -0.19471310 -0.50710350 0.77422550
v -0.13856320 -0.40426590 0.76972530
v -0.10937500 -0.46826860 0.77327270
v -0.16780270 -0.34014810 0.76777580
v -0.19706660 -0.27597030 0.76632930
v -0.22631590 -0.21204830 0.76039980
v -0.25559570 -0.14916190 0.74708310
v -0.09591065 -0.38483780 0.76939090
v -0.06670532 -0.44883050 0.77279230
v -0.12517210 -0.32073020 0.76760070
v -0.15445680 -0.25657870 0.76578740
v -0.18373290 -0.19316390 0.75599180
v -0.05325928 -0.36539780 0.76905820
v -0.02403442 -0.42937730 0.77228940
v -0.08254272 -0.30130230 0.76738220
v -0.11184330 -0.23721580 0.76432190
v -0.01060669 -0.34594140 0.76875970
v 0.01863892 -0.40990520 0.77175600
v -0.03991455 -0.28186680 0.76723570
v 0.11733400 -0.28745110 0.76769470
v 0.14666750 -0.35133170 0.77000300
v -0.21302610 -0.13013000 0.74327940
v -0.14115110 -0.17416670 0.75209960
v -0.06922974 -0.21800030 0.76150210
v 0.08795776 -0.22369320 0.76230650
v 0.20260010 -0.24832120 0.76601870
v 0.23201780 -0.31212930 0.76863590
v -0.17047730 -0.11094780 0.74033990
v -0.09857178 -0.15511960 0.74853690
v 0.05854858 -0.16121840 0.74811090
v 0.17314940 -0.18586910 0.75241270
v 0.28783570 -0.20958690 0.75894340
v 0.31734500 -0.27271540 0.76702820
v -0.12788820 -0.09175999 0.73760920
v 0.02919922 -0.09779102 0.73875490
v 0.14374390 -0.12271340 0.74216000
v 0.25831050 -0.14757190 0.74385560
v 0.41549070 -0.15177570 0.74524410
v 0.44521850 -0.21365460 0.75974970
v 0.00001099 -0.03645027 0.71218810
v 0.11440800 -0.06085224 0.72626160
v 0.22890140 -0.08432491 0.73456660
v 0.38587520 -0.08905865 0.73458560
v 0.50036870 -0.11235500 0.73794670
v 0.53018800 -0.17421220 0.75342100
v 0.08517700 -0.01346725 0.68058100
v 0.19950070 -0.02162262 0.70177360
v 0.35643920 -0.02363358 0.70473210
v 0.47081910 -0.04811848 0.72027520
v 0.54267090 -0.09249599 0.73542660
v 0.57247560 -0.15407690 0.75208070
v 0.17015870 -0.00583611 0.64271120
v 0.32688960 -0.00579460 0.64743830
v 0.44142210 -0.00807983 0.67054690
v 0.51342160 -0.02965805 0.70718630
v 0.67033330 -0.04228226 0.70888910
v 0.69924310 -0.09451854 0.74628540
v 0.29719970 -0.00489105 0.58378480
v 0.41158810 -0.00526863 0.60766910
v 0.48387570 -0.00607956 0.65100890
v 0.64110710 -0.01004036 0.65330320
v 0.79770510 -0.02715828 0.65408750
v 0.82662720 -0.04573650 0.71584530
v 0.38167720 -0.00414352 0.54419370
v 0.45389890 -0.00493340 0.58769290
v 0.61084350 -0.00539154 0.59048160
v 0.76790280 -0.01040726 0.59170340
v 0.85237180 -0.08735336 0.60979980
v 0.86386110 -0.11908880 0.67167480
v 0.42384150 -0.00390228 0.52422670
v 0.58047240 -0.00458900 0.52709840
v 0.73739010 -0.00538658 0.52896300
v 0.83734860 -0.05652134 0.54808290
v 0.86301020 -0.12704510 0.58748410
v 0.87380250 -0.15908070 0.64932610
v 0.54993770 -0.00416336 0.46356630
v 0.70666750 -0.00504471 0.46566710
v 0.81615480 -0.02047501 0.48636470
v 0.85303340 -0.09472496 0.52581050
v 0.89429070 -0.24631260 0.52016480
v 0.89746090 -0.28004080 0.58189200
v 0.67608030 -0.00389961 0.40244200
v 0.79000240 -0.00647591 0.42427860
v 0.84102050 -0.05985618 0.46413080
v 0.88873540 -0.21284310 0.45848270
v 0.89704830 -0.28735190 0.49764460
v 0.89927240 -0.32110250 0.55932370
v 0.76052120 -0.00330368 0.36191100
v 0.82251340 -0.01914413 0.40223210
v 0.88122800 -0.17965310 0.39679750
v 0.89485100 -0.25346800 0.43593200
v 0.89820920 -0.32840870 0.47508050
v 0.90017460 -0.36224320 0.53676330
v 0.79819820 -0.00767952 0.34007390
v 0.87381710 -0.14641940 0.33512020
v 0.88996820 -0.21975600 0.37427000
v 0.89688110 -0.29450090 0.41337400
v 0.89854980 -0.36948000 0.45250060
v 0.90084840 -0.40336460 0.51417540
v 0.86404170 -0.11366950 0.27336490
v 0.88326410 -0.18631500 0.31260560
v 0.89496950 -0.26049260 0.35170470
v 0.89739990 -0.33554490 0.39079220
v 0.89890260 -0.45161080 0.40729550
v 0.90221920 -0.48549130 0.46896790
v 0.87291380 -0.15380260 0.25097290
v 0.89079100 -0.22663260 0.29007750
v 0.89555910 -0.30154060 0.32913150
v 0.89757320 -0.41763310 0.34558410
v 0.90765990 -0.57425220 0.33941830
v 0.92078980 -0.60617380 0.40090330
v 0.88131100 -0.19406570 0.22865230
v 0.89584590 -0.26741560 0.26755310
v 0.89790770 -0.38354650 0.28390320
v 0.90274290 -0.54056170 0.27766360
v 0.94180910 -0.64782450 0.29371520
v 0.97527460 -0.66432220 0.35354430
v 0.97629030 -0.66901050 0.26959410
v 1.01481100 -0.66901060 0.32871640
v 0.94111810 -0.65609560 0.21003360
v 0.91992430 -0.62066880 0.23260070
v 0.92112180 -0.62828080 0.14861880
v 0.91222410 -0.58789580 0.17080260
v 0.93364860 -0.59305290 0.08960022
v 0.90184810 -0.50646350 0.21592470
v 0.92065190 -0.55302870 0.11031130
v 0.96650270 -0.55573220 0.03993042
v 0.90341430 -0.47216170 0.15431460
v 0.94666260 -0.51648670 0.05617737
v 1.03412500 -0.49726480 -0.01653564
v 0.89948490 -0.34938170 0.22229310
v 1.01596700 -0.45841410 0.00244080
v 1.04615800 -0.47820270 -0.04362976
v 0.91435060 -0.43710390 0.09416931
v 0.89673100 -0.31516690 0.16080140
v 1.03243800 -0.43892820 -0.02196472
v 1.03224600 -0.46621190 -0.07371399
v 0.97382690 -0.38072220 0.03328308
v 0.89182130 -0.23366080 0.20607240
v 1.02384200 -0.42490140 -0.05318298
v 1.00153300 -0.46391280 -0.09078674
v 0.99981930 -0.36119930 0.01945313
v 0.90640010 -0.26292400 0.07045044
v 0.87605830 -0.18499360 0.11379150
v 0.99418570 -0.42169170 -0.07183044
v 0.94144410 -0.43668240 -0.17096980
v 1.00537300 -0.34336360 -0.01061157
v 0.93443720 -0.24439010 0.06036316
v 0.86366090 -0.14582100 0.13639340
v 0.93196900 -0.39586590 -0.15006160
v 0.94064330 -0.40466340 -0.23259890
v 0.97785520 -0.33844270 -0.03187988
v 0.96573610 -0.22747560 0.06048462
v 0.89388300 -0.16537530 0.09054870
v 0.85513310 -0.10541910 0.15901670
v 0.92456050 -0.36533630 -0.21262150
v 1.01123400 -0.34462640 -0.27821840
v 0.91236080 -0.31453690 -0.10804500
v 0.94905270 -0.21624060 0.03168701
v 0.92306520 -0.15881820 0.10929200
v 0.87430540 -0.12672260 0.10864560
v 0.84375000 -0.06612182 0.18114010
v 0.98834470 -0.30700370 -0.26192750
v 1.02829700 -0.32399290 -0.30120300
v 0.90146240 -0.28466340 -0.17089660
v 0.88148070 -0.19294160 -0.04512817
v 0.91811760 -0.14114940 0.07951904
v 0.89987550 -0.12544440 0.13296260
v 0.85488160 -0.08834839 0.12854430
v 0.75091550 -0.00365868 0.24724550
v 0.83542850 -0.05024624 0.15000980
v 0.87595210 -0.09259914 0.15647890
v 0.89652220 -0.10682110 0.10359560
v 0.86347530 -0.11037620 -0.00440185
v 0.71289670 -0.00424843 0.27378850
v 0.73099000 -0.00543877 0.21875060
v 0.85127440 -0.05743293 0.17980350
v 0.87218140 -0.07395084 0.12719600
v 0.63522090 -0.00419563 0.32424130
v 0.69305660 -0.00461937 0.24442500
v 0.74666740 -0.00044785 0.23808470
v 0.50781490 0.00009178 0.37776060
v 0.61780390 -0.00338799 0.29332340
v 0.37972780 0.00117859 0.43331180
v 0.85935060 -0.05779873 0.01346863
v 0.84512690 -0.03911438 0.15012510
v 0.70324460 0.00196190 0.25431400
v 0.49441280 -0.00365120 0.35091730
v 0.33737430 0.00014236 0.45225400
v 0.84730100 -0.02009804 0.03491577
v 0.73199830 -0.00230324 0.20844540
v 0.61471190 0.00367668 0.28646110
v 0.36637820 -0.00057602 0.40179260
v 0.25284420 -0.00323387 0.48819580
v 0.80825190 -0.00896263 0.05630676
v 0.69028320 0.00107063 0.22291560
v 0.48201540 -0.00110596 0.31984440
v 0.32350220 -0.00050522 0.41989320
v 0.12612670 -0.00430618 0.54689390
v 0.68640380 -0.00125832 0.11997190
v 0.60410280 0.00613296 0.25580020
v 0.35365230 -0.00348709 0.37206600
v 0.23835570 -0.00119629 0.45765870
v 0.04139526 -0.00495354 0.58570560
v 0.64416500 -0.00155579 0.14005370
v 0.47125000 0.00496681 0.30533140
v 0.31090700 -0.00342133 0.39024660
v 0.11154790 -0.00294594 0.51549860
v -0.04355102 -0.00549705 0.62422180
v 0.55980830 -0.00365700 0.17703190
v 0.34021610 -0.00217186 0.34005250
v 0.22544070 -0.00363327 0.42722230
v 0.02687500 -0.00441902 0.55366270
v -0.17130130 -0.01028564 0.68086000
v 0.43134640 0.00175514 0.22627680
v 0.29716060 -0.00344589 0.35755370
v 0.09756225 -0.00379097 0.48336060
v -0.05805054 -0.00505829 0.59209720
v -0.21398190 -0.01813095 0.69762570
v 0.30147700 0.00923187 0.26699040
v 0.21155760 -0.00354454 0.39474850
v 0.01246460 -0.00388466 0.52154960
v -0.18572390 -0.00635673 0.64965150
v -0.25667720 -0.03163605 0.71214290
v 0.25790770 0.00935631 0.28591490
v 0.08342773 -0.00369286 0.45110840
v -0.07251342 -0.00452484 0.56001040
v -0.22837040 -0.00784760 0.66853820
v -0.29939090 -0.05435360 0.72336670
v -0.27103390 -0.01173431 0.68638430
v -0.31377440 -0.02336563 0.70257990
v -0.20020510 -0.00558022 0.61763120
v -0.00182861 -0.00381203 0.48941530
v -0.24280520 -0.00584328 0.63685730
v -0.28544430 -0.00658371 0.65599300
v -0.32814450 -0.00905983 0.67492920
v -0.08693848 -0.00392555 0.52796820
v -0.21467530 -0.00500076 0.58561830
v -0.25730100 -0.00538521 0.60483280
v -0.29994260 -0.00576782 0.62403750
v -0.34329960 -0.00392685 0.52796690
v -0.30063110 -0.00374603 0.50873350
v -0.25795780 -0.00381309 0.48947020
v -0.12989750 -0.00364227 0.43168270
v -0.04448730 -0.00353241 0.39316590
v -0.37210690 -0.00373879 0.46373470
v -0.32938230 -0.00368248 0.44448910
v -0.28664790 -0.00362618 0.42526190
v -0.15833860 -0.00269218 0.36784240
v -0.41482790 -0.00145325 0.36892640
v -0.37175780 0.00052994 0.35300720
v -0.32872800 0.00336342 0.34051150
v -0.42855830 0.00252396 0.34344420
v -0.38556640 0.00484871 0.32898920
v -0.44223750 0.00623627 0.31684630
v -0.07224243 0.00167023 0.33682980
v -0.19935060 0.00883369 0.29220520
v -0.34248900 0.00677773 0.31292540
v -0.39916990 0.00733780 0.29885740
v -0.45584710 0.00689163 0.28446470
v -0.11304810 0.00670853 0.25617000
v -0.21247440 0.00713783 0.26050110
v -0.35590210 0.00775642 0.28063410
v -0.41244750 0.00656792 0.26644230
v -0.46701290 0.00255997 0.25902590
v -0.12657590 0.00229858 0.23227780
v -0.22548460 0.00476463 0.23048520
v -0.36889400 0.00588989 0.24927790
v -0.42367310 0.00204826 0.24183040
v -0.47574950 -0.00321739 0.24051940
v -0.14013920 -0.00068672 0.20329470
v -0.23871460 0.00238052 0.20044250
v -0.38078120 0.00166717 0.22361820
v -0.43369990 -0.00321648 0.22039250
v -0.50588380 -0.00321785 0.17697690
v -0.15336670 -0.00251709 0.17190920
v -0.25237300 -0.00004730 0.17068600
v -0.39163450 -0.00321549 0.20038030
v -0.46375610 -0.00321693 0.15672610
v -0.53047120 0.00530121 0.13663270
v -0.16644530 -0.00321068 0.13918640
v -0.26558720 -0.00315872 0.14164000
v -0.42141720 -0.00254868 0.13667540
v -0.48522700 0.00758545 0.13131160
v -0.53820070 0.01217079 0.14011900
v -0.17961300 -0.00294983 0.10636410
v -0.29066890 0.00306969 0.09085754
v -0.44083250 0.00980392 0.12218690
v -0.49481930 0.01429153 0.12481690
v -0.55151370 0.01612831 0.11380860
v -0.20072020 0.00794029 0.08024597
v -0.30968630 0.01602547 0.08089233
v -0.45192020 0.01582245 0.10676150
v -0.50888060 0.01593727 0.09334595
v -0.56396480 0.01203903 0.08782288
v -0.22357910 0.01699585 0.04245972
v -0.32320800 0.01572945 0.04819641
v -0.46578740 0.01503098 0.07445496
v -0.51949830 0.01033523 0.07448182
v -0.57122560 0.00519859 0.08302063
v -0.23517090 0.01219460 0.01910156
v -0.33296750 0.00940308 0.03540344
v -0.47468380 0.00847198 0.06419006
v -0.52574950 0.00341156 0.07704102
v -0.57721310 -0.00183632 0.08056457
v -0.24265990 0.00531097 0.02152344
v -0.33977540 0.00254456 0.04016052
v -0.48140380 0.00154510 0.06668274
v -0.53492800 -0.00281830 0.06168762
v -0.59177980 -0.00323151 0.04908752
v -0.25180420 -0.00133354 0.01278137
v -0.35099730 -0.00276459 0.01928650
v -0.49274660 -0.00321526 0.04260986
v -0.54968260 -0.00322578 0.02957458
v -0.62178100 -0.00223495 -0.01440796
v -0.26550290 -0.00321243 -0.01832336
v -0.36509280 -0.00321449 -0.01299499
v -0.50737060 -0.00321831 0.01038452
v -0.57845340 -0.00066505 -0.03214661
v -0.63198610 0.00407089 -0.02687134
v -0.27974120 -0.00321266 -0.05041626
v -0.37905640 -0.00276779 -0.04542175
v -0.53433840 0.00146606 -0.04607178
v -0.58680180 0.00621933 -0.03439209
v -0.63307980 0.00894730 -0.00146362
v -0.29239500 0.00063202 -0.07758789
v -0.39882320 0.00868538 -0.05757690
v -0.54168460 0.00826027 -0.03983643
v -0.58921380 0.01135414 -0.01026978
v -0.63945430 0.01586403 0.00676453
v -0.31055660 0.01406670 -0.07046814
v -0.40791750 0.01555237 -0.05541077
v -0.54642700 0.01430496 -0.02136352
v -0.60062250 0.01803200 -0.01772522
v -0.65858880 0.01718315 -0.02244019
v -0.32339230 0.01892143 -0.09328979
v -0.42208130 0.01926018 -0.08255005
v -0.56130000 0.01906113 -0.04358093
v -0.61849000 0.01661812 -0.04743958
v -0.67181030 0.01182190 -0.04102783
v -0.33807620 0.01639107 -0.12310180
v -0.43678340 0.01514908 -0.10750430
v -0.57726440 0.01553497 -0.06967834
v -0.63089970 0.01086014 -0.06330505
v -0.68093500 0.00529503 -0.05087585
v -0.34949460 0.00980431 -0.12973450
v -0.44758180 0.00846214 -0.11114200
v -0.58959590 0.00959641 -0.08440612
v -0.64126590 0.00449821 -0.07529541
v -0.68491700 -0.00172920 -0.05265198
v -0.35971680 0.00304199 -0.12830200
v -0.45834110 0.00176521 -0.11508730
v -0.60106320 0.00350861 -0.09772766
v -0.64710810 -0.00247185 -0.07933350
v -0.70470950 -0.00229095 -0.08178040
v -0.37264040 -0.00236923 -0.14747930
v -0.47203490 -0.00258438 -0.13974120
v -0.61016850 -0.00325150 -0.10697810
v -0.66659790 -0.00148438 -0.10840880
v -0.71874760 0.00323257 -0.09872559
v -0.38705200 -0.00198853 -0.17992980
v -0.48603880 -0.00044601 -0.17086000
v -0.62665040 -0.00013809 -0.13318180
v -0.67868650 0.00462471 -0.12153690
v -0.74817630 0.01239784 -0.13803770
v -0.39870480 0.00387398 -0.19599790
v -0.49559200 0.00632309 -0.17435790
v -0.63607170 0.00657387 -0.13835750
v -0.70623780 0.01385727 -0.15906070
v -0.76326540 0.01176804 -0.17005610
v -0.40917240 0.01040497 -0.20483640
v -0.50706540 0.01253235 -0.18720150
v -0.66409550 0.01420097 -0.18123050
v -0.72010010 0.01082748 -0.18792660
v -0.77382080 0.00608116 -0.18794130
v -0.42509400 0.01261681 -0.23458680
v -0.53982540 0.00897095 -0.23768000
v -0.67574340 0.00894691 -0.20172670
v -0.73094360 0.00511658 -0.20569640
v -0.78574220 0.00132767 -0.21128850
v -0.45893060 0.00345261 -0.27444760
v -0.55760990 0.00490173 -0.26021300
v -0.69008420 0.00568489 -0.22998780
v -0.74617180 0.00297913 -0.23611140
v -0.80304200 0.00096642 -0.24222840
v -0.47617190 -0.00072380 -0.29722650
v -0.57501950 0.00136566 -0.28539250
v -0.70959720 0.00675896 -0.25883970
v -0.76658200 0.00523750 -0.26261170
v -0.82385990 0.00402824 -0.26618470
v -0.49356450 -0.00290810 -0.32607910
v -0.59238770 -0.00179069 -0.31200190
v -0.72802000 0.00657501 -0.28863400
v -0.78575310 0.00589500 -0.29211180
v -0.84363890 0.00512436 -0.29542420
v -0.51080930 -0.00326126 -0.35674250
v -0.60918090 -0.00327667 -0.34222960
v -0.74601560 0.00402443 -0.31637150
v -0.80394160 0.00358528 -0.32037410
v -0.86199710 0.00252113 -0.32294800
v -0.52795650 -0.00196816 -0.38706540
v -0.62617670 -0.00328300 -0.37343750
v -0.76439330 -0.00072159 -0.33486150
v -0.82154050 -0.00124466 -0.33851320
v -0.87712890 -0.00330048 -0.33660580
v -0.54504760 0.00211655 -0.41075860
v -0.64369260 -0.00092461 -0.40200930
v -0.78250120 -0.00334862 -0.36216430
v -0.83991580 -0.00385994 -0.36611260
v -0.89767210 -0.00319557 -0.36564940
v -0.56269780 0.00794724 -0.42034060
v -0.66091670 0.00471245 -0.41579100
v -0.80096070 -0.00181831 -0.39181150
v -0.85889650 0.00011520 -0.38870670
v -0.91384270 0.00295143 -0.37217530
v -0.58026860 0.01405518 -0.41811160
v -0.67765750 0.01083450 -0.41143610
v -0.81761720 0.00411522 -0.40182440
v -0.87256470 0.00659653 -0.38497860
v -0.91903070 0.00858963 -0.35160090
v -0.59782590 0.01943146 -0.43380860
v -0.69455690 0.01697884 -0.41697330
v -0.82965700 0.01020500 -0.38894590
v -0.88128660 0.01263031 -0.36778690
v -0.93419310 0.01516808 -0.35026240
v -0.61582150 0.02093643 -0.46376100
v -0.71291500 0.02075615 -0.44146120
v -0.84450190 0.01678986 -0.38807070
v -0.90173700 0.01769692 -0.38263490
v -0.95118890 0.01151581 -0.37499510
v -0.92053830 0.01447411 -0.40720330
v -0.94099000 0.01176437 -0.43257320
v -0.86647950 0.01893433 -0.41398070
v -0.73180540 0.01864807 -0.46981630
v -0.88558230 0.01553757 -0.43789670
v -0.92032100 0.00673721 -0.48096370
v -0.84557490 -0.00418228 -0.61629520
v -0.90378170 0.01160545 -0.46123410
v -0.79596310 -0.00280281 -0.52326360
v -0.76289790 -0.00366028 -0.66053530
v -0.74836790 0.01286186 -0.48208310
v -0.77989620 0.00074005 -0.49685000
v -0.71385370 -0.00329849 -0.56695250
v -0.67951050 -0.00330063 -0.70410700
v -0.76382200 0.00650993 -0.48381410
v -0.63144280 -0.00329956 -0.61013250
v -0.55308100 -0.00328522 -0.76758480
v -0.69726560 -0.00331245 -0.53585020
v -0.68086670 -0.00105080 -0.50617190
v -0.66489260 0.00479561 -0.49341740
v -0.50692500 -0.00301193 -0.67279480
v -0.46802850 -0.00327721 -0.80844660
v -0.61664550 -0.00080925 -0.58059140
v -0.42295410 -0.00328171 -0.71307490
v -0.42533930 -0.00327087 -0.82848450
v -0.59957150 -0.00330727 -0.55250970
v -0.49386600 0.00108398 -0.64708500
v -0.64952880 0.01114273 -0.49569270
v -0.38077030 -0.00327820 -0.73291020
v -0.29679690 -0.00214195 -0.88704960
v -0.40843260 -0.00135552 -0.68235470
v -0.47897340 0.00285408 -0.61603460
v -0.58239750 -0.00216896 -0.52195980
v -0.63344360 0.01734657 -0.48910090
v -0.25340330 -0.00326630 -0.79139340
v -0.16756960 0.00142372 -0.94072870
v -0.36620730 -0.00238449 -0.70112180
v -0.39615960 0.00368057 -0.66090880
v -0.46166990 -0.00062271 -0.59078620
v -0.56604740 0.00278244 -0.50218320
v -0.55039550 0.00910217 -0.50360960
v -0.12523800 -0.00323288 -0.84889470
v -0.08110962 0.00521744 -0.97249390
v -0.23887210 -0.00326477 -0.75925050
v -0.35364010 0.00269432 -0.68003300
v -0.38071290 0.00462448 -0.62938230
v -0.44421020 -0.00330124 -0.56333800
v -0.53436640 0.01538559 -0.50178340
v -0.03950317 -0.00322037 -0.88668940
v -0.03754395 0.00728409 -0.98720940
v -0.11093140 -0.00322929 -0.81670530
v -0.22449710 -0.00290054 -0.72709830
v -0.33975950 0.00601135 -0.65186770
v -0.36353150 0.00046432 -0.60652950
v -0.42692990 -0.00231674 -0.53282650
v 0.00350708 -0.00274727 -0.90554870
v 0.09479370 0.00963684 -1.03113900
v -0.02528320 -0.00321709 -0.85454220
v -0.09666870 -0.00322556 -0.78446840
v -0.21110600 0.00109718 -0.70107970
v -0.32331790 0.00424034 -0.62156800
v -0.34611940 -0.00269745 -0.58019350
v -0.41031610 0.00236542 -0.51167600
v 0.13166380 0.00610527 -0.94167540
v 0.13886230 0.00726387 -1.04176200
v 0.01758179 -0.00321327 -0.87340450
v -0.01111206 -0.00321365 -0.82227600
v -0.08242065 -0.00322197 -0.75230220
v -0.19853390 0.00665413 -0.68336060
v -0.30573240 -0.00013527 -0.60030580
v 0.17424930 0.00954964 -0.95114740
v 0.18151490 0.00337280 -1.04486300
v 0.14645630 0.00063782 -0.92503780
v 0.03171509 -0.00320984 -0.84110110
v 0.00306152 -0.00321037 -0.78998470
v -0.06884521 -0.00054260 -0.72243530
v 0.21756960 0.01231064 -0.96433350
v 0.22114140 -0.00146851 -1.03868300
v 0.18895750 0.00411781 -0.93428950
v 0.16031980 -0.00280266 -0.89711910
v 0.04583130 -0.00320641 -0.80878480
v 0.26136960 0.01325584 -0.98193420
v 0.30665530 -0.00318802 -1.07538900
v 0.23134640 0.00798424 -0.93978330
v 0.20324460 -0.00093170 -0.91408810
v 0.34796750 0.00915291 -1.01221700
v 0.43569580 -0.00326622 -1.13152600
v 0.27442380 0.01119247 -0.95049980
v 0.47707520 -0.00044968 -1.03743800
v 0.52187010 -0.00360268 -1.16841200
v 0.01720093 -0.00320694 -0.75770080
v 0.17427120 -0.00319252 -0.86473080
v 0.24602290 0.00217720 -0.92614680
v 0.36109010 0.01331238 -0.98627010
v 0.56329590 -0.00375832 -1.07123600
v 0.56494390 -0.00376961 -1.18682100
v 0.60654290 -0.00392586 -1.08972400
v 0.49024170 0.00540657 -1.02311500
v 0.57682370 -0.00032532 -1.04315600
v 0.61975340 -0.00299850 -1.05732500
v 0.28860470 0.00594948 -0.93170040
v 0.21705570 -0.00319244 -0.88344360
v 0.37481690 0.01195335 -0.95420530
v 0.58800660 0.00634819 -1.04126500
v 0.63150760 0.00356224 -1.05186600
v 0.50281860 0.01170815 -1.01264200
v 0.25984980 -0.00227119 -0.90199340
v 0.60151490 0.01183449 -1.02322700
v 0.64364380 0.00992569 -1.04193500
v 0.30276730 0.00011665 -0.91753540
v 0.51756350 0.01307961 -0.98114680
v 0.38858760 0.00668503 -0.93513490
v 0.61693600 0.01233696 -0.99147030
v 0.65883420 0.01258064 -1.01293600
v 0.53167720 0.00928528 -0.95477410
v 0.40214960 0.00069374 -0.92208430
v 0.31654910 -0.00307625 -0.88884030
v 0.27393670 -0.00319565 -0.86997800
v 0.63117190 0.00833977 -0.96599420
v 0.67385130 0.01009727 -0.98355710
v 0.54471190 0.00342277 -0.94002620
v 0.41592160 -0.00288620 -0.89459410
v 0.33075930 -0.00319824 -0.85647520
v 0.64414430 0.00270485 -0.94912230
v 0.68726320 0.00495606 -0.96338190
v 0.55811640 -0.00164558 -0.91919120
v 0.43027340 -0.00320160 -0.86238280
v 0.65776970 -0.00197311 -0.92636780
v 0.70070430 -0.00009743 -0.94262870
v 0.57232300 -0.00378570 -0.88859980
v 0.67192990 -0.00416962 -0.89584410
v 0.71478030 -0.00336098 -0.91463990
v 0.28811650 -0.00319771 -0.83767760
v 0.34506960 -0.00320038 -0.82417110
v 0.44479740 -0.00320763 -0.83026550
v 0.58697140 -0.00383499 -0.85656980
v 0.68633660 -0.00470764 -0.86399050
v 0.72911130 -0.00493996 -0.88335320
v 0.30238770 -0.00319984 -0.80536800
v 0.35943600 -0.00320251 -0.79191890
v 0.45936160 -0.00306000 -0.79822440
v 0.60179930 -0.00332779 -0.82464660
v 0.70022580 -0.00149941 -0.83558110
v 0.74289180 -0.00414673 -0.85094850
v 0.31655640 -0.00253471 -0.77325560
v 0.37284420 0.00008163 -0.76364380
v 0.47118040 0.00224182 -0.77769170
v 0.61176270 0.00300392 -0.81187990
v 0.69897090 0.00331787 -0.86114680
v 0.74392460 0.00158562 -0.87154290
v 0.32897950 0.00250153 -0.75150760
v 0.38212770 0.00686577 -0.76213010
v 0.47690430 0.00875679 -0.78993160
v 0.61119140 0.00772156 -0.83807060
v 0.70131340 0.00952385 -0.87827940
v 0.74298830 0.00679665 -0.89551270
v 0.33801880 0.00931023 -0.75381400
v 0.39121210 0.01374924 -0.76152770
v 0.48689210 0.01560455 -0.78443910
v 0.62216190 0.01447517 -0.83381040
v 0.71819700 0.01450180 -0.85929750
v 0.75618890 0.01312836 -0.88640250
v 0.35012210 0.01545120 -0.73977110
v 0.40796510 0.01625656 -0.73265190
v 0.50558840 0.01520714 -0.75421880
v 0.64177730 0.01462646 -0.80426390
v 0.73746460 0.01252533 -0.83126590
v 0.77631960 0.01340523 -0.85745910
v 0.36762570 0.01486610 -0.70897220
v 0.42308230 0.01115723 -0.71311770
v 0.51883670 0.00917793 -0.74100580
v 0.65604620 0.00905678 -0.78752930
v 0.75090090 0.00660339 -0.81713680
v 0.79198970 0.00842171 -0.83791690
v 0.38065190 0.00867538 -0.69758240
v 0.43274290 0.00435936 -0.71366580
v 0.52800410 0.00234940 -0.74103090
v 0.66579100 0.00227402 -0.78508540
v 0.77715820 -0.00493912 -0.78878540
v 0.81875970 -0.00320190 -0.80832030
v 0.39050660 0.00188133 -0.69787660
v 0.44572020 -0.00176735 -0.70089170
v 0.54256470 -0.00295883 -0.72234800
v 0.69761470 -0.00485085 -0.73905090
v 0.79378290 -0.00884376 -0.76040950
v 0.83453980 -0.00790298 -0.78323970
v 0.40611200 -0.00288933 -0.67648380
v 0.46401610 -0.00337456 -0.67171690
v 0.58035520 -0.00380005 -0.66305170
v 0.71691890 -0.00434433 -0.70969720
v 0.81115110 -0.01592499 -0.73074340
v 0.85109010 -0.01896545 -0.75497250
v 0.42498050 -0.00321198 -0.64668330
v 0.50205810 -0.00351829 -0.61245610
v 0.59935420 -0.00382439 -0.63338500
v 0.73613770 -0.00434486 -0.68013060
v 0.82838010 -0.02865997 -0.70122310
v 0.86740850 -0.03848740 -0.72591670
v 0.46284060 -0.00336159 -0.58722720
v 0.52109860 -0.00335785 -0.58276060
v 0.61826540 -0.00388153 -0.60373230
v 0.75478510 -0.00515350 -0.65057800
v 0.84610350 -0.03181038 -0.67134210
v 0.88353150 -0.04597504 -0.69610960
v 0.48160520 -0.00108292 -0.55936460
v 0.53971430 -0.00015976 -0.55687200
v 0.63757930 -0.00233696 -0.57518860
v 0.77240720 -0.00763954 -0.62128720
v 0.86531130 -0.02150505 -0.64167600
v 0.89829470 -0.03458111 -0.66611080
v 0.49970210 0.00422401 -0.54399600
v 0.55745360 0.00566864 -0.54660460
v 0.65574100 0.00292633 -0.55941770
v 0.79268800 -0.00304695 -0.59995850
v 0.86714720 -0.00742195 -0.66483030
v 0.90493400 -0.01327156 -0.68445070
v 0.51672120 0.01037987 -0.54690490
v 0.57397090 0.01181404 -0.55093930
v 0.66939690 0.00905518 -0.56969420
v 0.79430780 0.00171539 -0.62562200
v 0.87847530 -0.00055428 -0.67661130
v 0.90920290 -0.00507530 -0.70428530
v 0.53440060 0.01634529 -0.53941830
v 0.59178220 0.01765007 -0.53996640
v 0.68656130 0.01537399 -0.56623600
v 0.81472780 0.00746063 -0.62014340
v 0.89077390 -0.00423126 -0.64896420
v 0.92604490 -0.00850380 -0.67556270
v 0.55338130 0.01975220 -0.51426640
v 0.61186160 0.01892311 -0.51110540
v 0.70748660 0.01632812 -0.53832220
v 0.81809570 0.00192055 -0.59851070
v 0.88634280 -0.01274933 -0.63577510
v 0.92321160 -0.02542877 -0.66031860
v 0.57226930 0.01788933 -0.48557680
v 0.62994630 0.01562111 -0.48575990
v 0.72541020 0.01317001 -0.51217410
v 0.81487420 -0.00450050 -0.58381770
v 0.88464600 -0.09026260 -0.60208250
v 0.91568960 -0.11084540 -0.63237240
v 0.58922360 0.01312790 -0.46572140
v 0.64688840 0.01111259 -0.46423520
v 0.74341920 0.00965477 -0.48772520
v 0.83234010 -0.03042297 -0.53732970
v 0.89368410 -0.11760090 -0.57850710
v 0.92029780 -0.13850120 -0.61100520
v 0.60561400 0.00759705 -0.45093930
v 0.66321050 0.00583992 -0.44729130
v 0.77837770 0.00231468 -0.43845330
v 0.84815790 -0.06293315 -0.51244010
v 0.90768430 -0.13844430 -0.55380670
v 0.93281000 -0.16052520 -0.58658390
v 0.62182370 0.00175667 -0.43922610
v 0.69492670 -0.00361603 -0.40727170
v 0.79447020 -0.00157494 -0.41385980
v 0.86073850 -0.09102402 -0.48770570
v 0.92579710 -0.15505160 -0.52877690
v 0.95283440 -0.17520970 -0.56164250
v 0.65356690 -0.00409584 -0.38534790
v 0.71070430 -0.00504425 -0.37646610
v 0.80947140 -0.00561760 -0.38882020
v 0.87749140 -0.10949500 -0.46284610
v 0.95377320 -0.13485710 -0.51988580
v 0.98132570 -0.16539710 -0.54252680
v 0.66998650 -0.00419273 -0.35422550
v 0.72725340 -0.00531509 -0.34562560
v 0.82065430 -0.01237831 -0.36332150
v 0.89543580 -0.08008014 -0.47194640
v 0.97767210 -0.13192780 -0.49449580
v 1.00463500 -0.16343040 -0.51632080
v 0.68666260 -0.00467339 -0.32338870
v 0.74394650 -0.00359070 -0.31551450
v 0.80599000 -0.00686493 -0.39087710
v 0.92155880 -0.07036614 -0.45051390
v 0.97629520 -0.15287500 -0.46615420
v 1.00680200 -0.18211670 -0.48651550
v 0.70202020 -0.00065262 -0.29866570
v 0.73914310 0.00069328 -0.34323120
v 0.82855960 -0.00114922 -0.38583560
v 0.91448360 -0.09474445 -0.42620420
v 0.94652220 -0.20733020 -0.43281310
v 0.97638670 -0.23658410 -0.45402890
v 0.70115230 0.00422630 -0.32434200
v 0.75824220 0.00630005 -0.33264460
v 0.83225580 -0.00543716 -0.35836060
v 0.89227540 -0.14748380 -0.38538510
v 0.93413570 -0.25704880 -0.38521240
v 0.95625730 -0.28854020 -0.41194400
v 0.72108640 0.00869224 -0.30523990
v 0.77379640 0.00345223 -0.30495060
v 0.84405760 -0.02872292 -0.30328250
v 0.89210080 -0.19260510 -0.33140690
v 0.94278320 -0.27547280 -0.35655880
v 0.96591550 -0.30630450 -0.38317260
v 0.73385860 0.00458763 -0.28014280
v 0.79745730 -0.00290443 -0.25261290
v 0.84940180 -0.08590168 -0.24790950
v 0.90344970 -0.20950060 -0.30274780
v 0.96932250 -0.27649320 -0.33299740
v 0.98856320 -0.31200540 -0.35658260
v 0.75596190 -0.00162491 -0.23238160
v 0.82178710 -0.01077538 -0.19315920
v 0.85622440 -0.10826450 -0.21971250
v 0.93630370 -0.19797200 -0.29549800
v 0.99723390 -0.27538510 -0.31160340
v 1.01354400 -0.31454970 -0.33169490
v 0.78283080 -0.00578926 -0.17163880
v 0.83099370 -0.02219284 -0.16349060
v 0.87713620 -0.08493744 -0.23660160
v 0.96085570 -0.19903400 -0.27030820
v 1.00985000 -0.28609900 -0.28062810
v 0.97047000 -0.21156780 -0.23909610
v 0.94156620 -0.23136780 -0.23393920
v 0.89191040 -0.09339558 -0.20588320
v 0.82458740 -0.01129913 -0.19228580
v 0.89858760 -0.10877690 -0.17518550
v 0.86847660 -0.16387860 -0.10814270
v 0.87228150 -0.11474970 -0.19821650
v 0.85364750 -0.07592800 -0.06656006
v 0.83605710 -0.01583839 -0.16164980
v 0.84533320 -0.02561493 -0.13096310
v 0.83008790 -0.03320412 -0.16076420
v 0.83411010 -0.01943817 -0.04634277
v 0.79771240 -0.00807060 -0.13950440
v 0.81793820 -0.00532410 -0.02635376
v 0.81520500 -0.00851372 -0.10926940
v 0.80486820 -0.00507492 -0.13977600
v 0.76820430 -0.00099312 -0.11915710
v 0.77621820 -0.00579948 -0.00565369
v 0.78280640 -0.00187637 -0.08809387
v 0.78743160 -0.00445549 -0.17024960
v 0.72796990 -0.00372879 -0.09920776
v 0.65535400 -0.00031395 0.05673034
v 0.77147460 0.00019310 -0.11925540
v 0.79630980 -0.00913925 -0.14077880
v 0.73860350 0.00029579 -0.07086425
v 0.60485600 -0.00156143 -0.03518921
v 0.61368530 0.00054802 0.07776733
v 0.75165160 -0.00038353 -0.14794130
v 0.75593020 -0.00483009 -0.12088010
v 0.73512200 0.00474083 -0.09816406
v 0.60124270 0.00345108 -0.06176086
v 0.56895510 0.00332993 -0.01580444
v 0.53160520 -0.00353195 0.11260380
v 0.71541010 0.00357719 -0.12635380
v 0.74037350 -0.00557175 -0.15245300
v 0.60623170 0.00898682 -0.03933411
v 0.55568840 0.00344070 -0.04993713
v 0.48898070 -0.00321320 0.01594177
v 0.40313350 -0.00317505 0.16936830
v 0.71378660 -0.00193321 -0.10414120
v 0.71348990 -0.00135735 -0.21305540
v 0.59589360 0.01288101 -0.06634888
v 0.56138180 0.00826324 -0.02511230
v 0.47448490 -0.00108696 -0.01447571
v 0.36101560 -0.00320244 0.07302368
v 0.27379030 0.00037476 0.22115970
v 0.69211910 0.00486542 -0.25808350
v 0.68221310 0.01017944 -0.27836850
v 0.66261350 0.00792130 -0.30563600
v 0.65898560 0.00208290 -0.28548220
v 0.64573480 -0.00373291 -0.30108210
v 0.62913450 -0.00375671 -0.33223330
v 0.61257930 -0.00385155 -0.36343870
v 0.58021970 -0.00146713 -0.42415160
v 0.56427370 0.00337914 -0.44470640
v 0.54799800 0.00942139 -0.45343750
v 0.53153070 0.01519508 -0.46555910
v 0.51407100 0.01949821 -0.48778200
v 0.49527710 0.01953178 -0.51814760
v 0.47693600 0.01498589 -0.53869020
v 0.45972290 0.00881088 -0.53785590
v 0.44179930 0.00283516 -0.54275760
v 0.42357670 -0.00182571 -0.56262570
v 0.38585080 -0.00320747 -0.62146170
v 0.36697750 -0.00320969 -0.65113460
v 0.34927730 -0.00050194 -0.67866030
v 0.33768070 0.00609207 -0.68466920
v 0.32630130 0.01272224 -0.68861330
v 0.30963750 0.01594101 -0.71553830
v 0.29492800 0.01179748 -0.74055660
v 0.28504510 0.00499786 -0.74185540
v 0.27338620 -0.00107475 -0.75589110
v 0.25962280 -0.00319923 -0.78669490
v 0.24533690 -0.00319717 -0.81886350
v 0.23118160 -0.00319466 -0.85117610
v 0.18840940 -0.00319176 -0.83246760
v 0.20259280 -0.00319656 -0.80014040
v 0.21672970 -0.00287857 -0.76787050
v 0.22976440 0.00114876 -0.74168330
v 0.24056030 0.00778488 -0.73635380
v 0.06001221 -0.00320305 -0.77665710
v 0.07391968 -0.00207077 -0.74463070
v 0.08684204 0.00275780 -0.72203310
v 0.09889282 0.00901810 -0.71095150
v 0.03063354 -0.00019806 -0.72847840
v 0.04314209 0.00568779 -0.71362550
v -0.05618530 0.00522156 -0.70652950
v 0.11256960 0.01346062 -0.68682430
v 0.05599731 0.01111641 -0.69486700
v -0.04300659 0.01010460 -0.68453250
v -0.18419430 0.00892441 -0.65296690
v -0.16778930 0.00683685 -0.62333380
v -0.02818237 0.01162262 -0.65317680
v 0.07095947 0.01329323 -0.66460020
v -0.28844120 -0.00312576 -0.57329340
v -0.15031250 0.00179039 -0.60592770
v -0.01179077 0.00908981 -0.62444700
v -0.32888790 -0.00328201 -0.54935670
v -0.27148680 -0.00278732 -0.54210390
v -0.13303710 -0.00215431 -0.58225220
v -0.31215820 -0.00004204 -0.52250860
v -0.39387330 0.00854073 -0.50715150
v -0.25485960 0.00145416 -0.51870420
v -0.29569940 0.00589760 -0.51173950
v -0.51755740 0.02031395 -0.48215030
v -0.50017700 0.02117310 -0.45127070
v -0.37772220 0.01481705 -0.50916260
v -0.48277340 0.01754234 -0.42592280
v -0.36100340 0.01997597 -0.49117980
v -0.46513790 0.01182884 -0.41455570
v -0.27901490 0.01209839 -0.51392820
v -0.34391360 0.02166069 -0.46110900
v -0.44713620 0.00576889 -0.41363710
v -0.23817500 0.00750244 -0.51079400
v -0.26237910 0.01805023 -0.50377010
v -0.32651850 0.01921730 -0.43258300
v -0.42991580 0.00020241 -0.39973940
v -0.11611570 -0.00306656 -0.55123960
v -0.22142090 0.01370117 -0.51286130
v -0.24538080 0.02167946 -0.47821410
v -0.30907470 0.01395096 -0.41633790
v -0.41277470 -0.00303619 -0.37295590
v 0.00493286 0.00390099 -0.60810730
v -0.09915405 0.00035522 -0.52490780
v -0.20474240 0.01946465 -0.49976800
v -0.22790530 0.02110519 -0.44738280
v -0.29223390 0.00773453 -0.41700380
v -0.39509640 -0.00323975 -0.34240480
v 0.08744751 0.01059807 -0.63624820
v 0.02093140 -0.00164764 -0.59311460
v -0.08233276 0.00635834 -0.51553650
v -0.18741580 0.02202331 -0.47145380
v -0.21054320 0.01671249 -0.42532720
v -0.27519410 0.00175194 -0.40858030
v -0.37738770 -0.00186295 -0.31286190
v -0.34422480 0.00816437 -0.27735900
v -0.25773680 -0.00237495 -0.38547000
v -0.19359370 0.01065552 -0.41823550
v -0.16988890 0.02021484 -0.44181030
v -0.06556518 0.01254494 -0.51874570
v -0.32679320 0.01126678 -0.25061580
v -0.22145510 -0.00099648 -0.32772030
v -0.17744630 0.00437363 -0.42025270
v -0.15273310 0.01498871 -0.42474610
v -0.31179200 0.00803413 -0.22273990
v -0.20541630 0.00461586 -0.31357910
v -0.14234370 -0.00322273 -0.37696290
v -0.30067500 0.00171425 -0.21126830
v -0.18819460 0.00858841 -0.28987000
v -0.28771240 -0.00300461 -0.18816160
v -0.04866577 0.01853798 -0.50938960
v -0.13650760 0.00870804 -0.42607420
v -0.12422360 -0.00155876 -0.34780880
v -0.17215330 0.00712288 -0.25910830
v -0.27318360 -0.00174255 -0.15644590
v -0.03111084 0.02195763 -0.48347780
v -0.10277710 -0.00224129 -0.40206180
v -0.10733280 0.00364410 -0.33087580
v -0.15946900 0.00164558 -0.24056210
v -0.26089840 0.00425232 -0.14166500
v -0.01341309 0.02064819 -0.45325930
v -0.08473389 -0.00323524 -0.37206120
v -0.08989502 0.00678528 -0.30454040
v -0.14567990 -0.00262329 -0.21604800
v -0.25089230 0.01096954 -0.14601620
v 0.01998535 0.00931137 -0.43361330
v -0.06694580 -0.00012848 -0.34579770
v -0.07423462 0.00539017 -0.27345890
v -0.13096800 -0.00264832 -0.18386050
v -0.23891110 0.01725983 -0.13443050
v 0.03605225 0.00302284 -0.43482050
v -0.04937134 0.00446472 -0.32590270
v -0.06072998 0.00044754 -0.25205810
v -0.11810670 0.00255074 -0.16317320
v -0.22440180 0.01832397 -0.10243840
v 0.05294800 -0.00203072 -0.41619510
v -0.03260254 0.00592583 -0.29536930
v -0.04635864 -0.00290092 -0.22454280
v -0.10794070 0.00927330 -0.16721130
v -0.20379880 0.00602463 -0.09263977
v 0.07048950 -0.00326271 -0.38610660
v -0.01799805 0.00283310 -0.26705200
v -0.03172119 -0.00216858 -0.19245300
v -0.09662963 0.01589966 -0.16106570
v -0.19380740 -0.00069916 -0.08641540
v 0.08815918 -0.00135086 -0.35709040
v -0.00404785 -0.00162231 -0.24367980
v -0.01918091 0.00360840 -0.17577640
v -0.06987549 0.01383118 -0.10676030
v -0.18043940 -0.00321053 -0.05617065
v 0.10590330 0.00176521 -0.33120240
v 0.01054810 -0.00320419 -0.21234740
v -0.00905640 0.01028854 -0.18121030
v -0.06098999 0.00706558 -0.11185360
v -0.16596800 -0.00321030 -0.02436462
v 0.12226930 0.00208878 -0.29986080
v 0.02448242 0.00073090 -0.18637760
v 0.01699585 0.01775398 -0.13852230
v -0.05146972 0.00025452 -0.11033020
v -0.15372310 0.00106132 0.00117371
v 0.13593140 -0.00197144 -0.27436340
v 0.03551269 0.00744232 -0.18412170
v 0.02870605 0.01217438 -0.11967470
v -0.03847168 -0.00320747 -0.08243225
v -0.14567380 0.00795517 0.00068481
v 0.15103520 -0.00326538 -0.24349240
v 0.05977051 0.01808769 -0.15899290
v 0.03743042 0.00549194 -0.12688480
v -0.02429565 -0.00304153 -0.05017456
v -0.13632930 0.01460579 0.00849915
v 0.16616450 -0.00101997 -0.21328250
v 0.07300537 0.01476341 -0.13043030
v 0.04744751 -0.00115303 -0.11882260
v -0.01199585 0.00122742 -0.02448975
v -0.11181400 0.01292725 0.06471924
v 0.18904910 0.01205345 -0.20750790
v 0.08277465 0.00797943 -0.12746890
v 0.06098145 -0.00320541 -0.08798096
v -0.00283447 0.00805626 -0.02239990
v -0.09227783 -0.00037498 0.07441834
v 0.20229860 0.01717888 -0.18662170
v 0.09148560 0.00119240 -0.13197330
v 0.07460815 -0.00229515 -0.05575867
v 0.01988037 0.01725418 0.01809631
v -0.07990112 -0.00320847 0.10444150
v 0.21609250 0.01533600 -0.15518190
v 0.10362790 -0.00315575 -0.10647640
v 0.08621582 0.00311462 -0.03567078
v 0.04134766 0.00693787 0.05079529
v -0.06666748 -0.00320885 0.13708860
v 0.22603640 0.00867744 -0.14755130
v 0.11742920 -0.00310814 -0.07404785
v 0.10748050 0.01565483 -0.01631836
v 0.05076172 0.00019020 0.05539734
v -0.05341919 -0.00311264 0.16982120
v 0.23452390 0.00188812 -0.15199340
v 0.12993650 0.00065987 -0.04656555
v 0.13101930 0.01180099 0.03923523
v 0.06285278 -0.00320557 0.08404785
v -0.04010742 -0.00163322 0.20171810
v 0.24587770 -0.00300591 -0.12858210
v 0.15150020 0.01371201 -0.03039123
v 0.13973270 0.00497894 0.03801025
v 0.07624023 -0.00320702 0.11661130
v -0.02660400 0.00204491 0.22871580
v 0.25942380 -0.00320129 -0.09601196
v 0.17580440 0.01401917 0.02841858
v 0.14929570 -0.00151115 0.04912353
v 0.08971069 -0.00320847 0.14925840
v 0.01406128 0.00725960 0.31266780
v 0.28418580 0.00537933 -0.05106140
v 0.18515620 0.00739471 0.03650635
v 0.16220820 -0.00320457 0.08088134
v 0.10326780 -0.00316994 0.18189510
v 0.04119629 -0.00247398 0.35512330
v 0.14400510 0.00843567 0.25812010
v 0.17093870 0.00548859 0.31733950
v 0.23065190 0.00332993 0.23202450
v 0.17581420 -0.00320602 0.11346860
v 0.18946040 -0.00320740 0.14597590
v 0.23245970 -0.00320618 0.12786440
v 0.21877070 -0.00320480 0.09535522
v 0.34688600 -0.00320106 0.04084717
v 0.20489500 -0.00320335 0.06300659
v 0.47066160 0.00580376 -0.00461365
v 0.33486210 0.00019249 0.01218445
v 0.19326420 0.00051460 0.03515442
v 0.55271970 0.01363937 -0.04558777
v 0.46428830 0.01262268 -0.01051514
v 0.32835330 0.00708847 0.01702698
v 0.32005740 0.01381783 0.00997620
v 0.58223750 0.00710648 -0.08282104
v 0.53884640 0.01020332 -0.07349853
v 0.45230100 0.01477623 -0.04191711
v 0.30814330 0.01621262 -0.02107666
v 0.69890620 -0.00488411 -0.13240050
v 0.57084230 0.00046394 -0.08046509
v 0.67081300 -0.00180206 -0.19439700
v 0.52735470 0.00354172 -0.07254944
v 0.43927980 0.00968765 -0.06313720
v 0.41508300 -0.00228416 -0.08415649
v 0.64938720 0.00448807 -0.23892760
v 0.54347040 -0.00352387 -0.13893740
v 0.50092890 -0.00344482 -0.12019410
v 0.38801390 -0.00295372 -0.14910460
v 0.64116700 0.01064560 -0.25364930
v 0.51789920 0.00084000 -0.19701660
v 0.47424070 -0.00073448 -0.18282290
v 0.37689820 0.00199654 -0.17229190
v 0.62421260 0.01149811 -0.28423890
v 0.51086670 0.00775932 -0.20031680
v 0.46656000 0.00610832 -0.18825560
v 0.36922610 0.00887032 -0.16946410
v 0.61560790 0.00472557 -0.27575870
v 0.50151490 0.01403717 -0.21333440
v 0.45821040 0.01282280 -0.19464170
v 0.35906370 0.01514580 -0.18251280
v 0.60408440 -0.00183319 -0.28039250
v 0.48597650 0.01367607 -0.24529170
v 0.44415530 0.01540687 -0.22453550
v 0.34454350 0.01570961 -0.21481750
v 0.58810180 -0.00372307 -0.31045710
v 0.47349490 0.00720558 -0.25324830
v 0.43011720 0.01019455 -0.24454280
v 0.33178470 0.00958572 -0.22811710
v 0.57149650 -0.00366104 -0.34139280
v 0.46283690 0.00051643 -0.24983580
v 0.41982420 0.00357346 -0.23835630
v 0.32089840 0.00294128 -0.22351680
v 0.53876470 -0.00319755 -0.40379580
v 0.44797360 -0.00329826 -0.27572940
v 0.40643920 -0.00222610 -0.25432370
v 0.29154540 -0.00326439 -0.27398740
v 0.52279420 -0.00021324 -0.43183290
v 0.41538820 -0.00320488 -0.33823000
v 0.37420410 -0.00322868 -0.31650270
v 0.27566890 -0.00327316 -0.30534610
v 0.50667230 0.00511642 -0.44896850
v 0.39905400 -0.00319267 -0.36955630
v 0.35802860 -0.00323929 -0.34793640
v 0.26062260 -0.00134232 -0.33582090
v 0.49029300 0.01131195 -0.45384460
v 0.38272340 -0.00322678 -0.40092830
v 0.34168210 -0.00324822 -0.37926330
v 0.24349730 -0.00263420 -0.36597350
v 0.47363650 0.01709061 -0.46605410
v 0.36642210 -0.00101860 -0.43063540
v 0.32513670 -0.00312561 -0.41069150
v 0.22654170 -0.00327835 -0.39673890
v 0.45578980 0.02038612 -0.49222780
v 0.35004270 0.00443993 -0.44696590
v 0.30869260 0.00025955 -0.43763120
v 0.20937130 -0.00166893 -0.42637390
v 0.43730590 0.01904289 -0.52199950
v 0.33339840 0.01066917 -0.44672060
v 0.29213380 0.00619324 -0.44831050
v 0.19281250 0.00363052 -0.44343140
v 0.41943730 0.01361893 -0.53719480
v 0.31663940 0.01673447 -0.45434870
v 0.27551030 0.01240654 -0.44603510
v 0.17661990 0.00990013 -0.44106260
v 0.40180910 0.00751457 -0.53545350
v 0.29941410 0.02081131 -0.47813960
v 0.25883540 0.01834679 -0.45685000
v 0.16004520 0.01610374 -0.44487180
v 0.38385010 0.00162865 -0.54347840
v 0.28155150 0.02035294 -0.50893310
v 0.24140010 0.02132942 -0.48421690
v 0.14299560 0.02081909 -0.46560180
v 0.34673340 -0.00321175 -0.59633420
v 0.26364870 0.01587585 -0.53014160
v 0.22345950 0.01968719 -0.51387630
v 0.10744870 0.01744095 -0.52012270
v 0.32784790 -0.00320969 -0.62584780
v 0.22871460 0.00368919 -0.53366450
v 0.18868770 0.00827133 -0.52730100
v 0.09019043 0.01139984 -0.52727970
v 0.30928950 -0.00229744 -0.65551760
v 0.21092650 -0.00141472 -0.55096000
v 0.17125370 0.00220749 -0.53292110
v 0.07347656 0.00520653 -0.52332460
v 0.29496580 0.00340248 -0.67153690
v 0.19237910 -0.00320725 -0.57975470
v 0.15347660 -0.00222916 -0.55459350
v 0.05633179 -0.00052094 -0.53605650
v 0.28418580 0.01012924 -0.67187800
v 0.17363890 -0.00288765 -0.60945250
v 0.13495480 -0.00320503 -0.58407100
v 0.03859863 -0.00321587 -0.56346370
v 0.26900510 0.01518829 -0.69157900
v 0.15704350 0.00141205 -0.63264710
v 0.11687260 -0.00126129 -0.61268190
v 0.10306880 0.00505814 -0.62130060
v 0.14460200 0.00799507 -0.63602850
v 0.25262700 0.01389015 -0.72244750
v 0.12885500 0.01300201 -0.65544310
vn -0.97030440 0.03688484 -0.23905830
vn -0.96218620 0.05169216 -0.26744290
vn -0.95996430 0.04264030 -0.27685800
vn -0.97139910 0.03558098 -0.23477210
vn -0.98440210 0.09487535 -0.14815930
vn -0.97800980 0.15186590 -0.14294620
vn -0.97919560 0.08005475 -0.18646000
vn -0.98879590 0.14754220 -0.02267417
vn -0.98365840 0.08305351 -0.15974480
vn -0.77581980 0.50059430 0.38406880
vn -0.98785900 0.13452660 -0.07769968
vn -0.95795860 0.27148470 0.09279674
vn -0.96205630 0.05816462 -0.26657920
vn -0.91071890 0.35002530 0.21925670
vn 0.91244510 0.10993020 0.39415630
vn -0.93470390 0.35114540 0.05500472
vn -0.72772870 0.68201430 0.07257748
vn -0.95787330 0.12602170 -0.25806460
vn -0.95253660 0.29998040 0.05182412
vn 0.83083190 0.21614720 0.51283380
vn 0.85351060 0.21212700 0.47594320
vn -0.76624900 0.63903910 0.06701890
vn -0.21474760 0.97645840 -0.02030755
vn -0.81838720 0.56435540 -0.10837630
vn -0.88851380 0.45834680 -0.02148318
vn 0.68172870 0.37466640 0.62838760
vn 0.91880500 0.10658070 0.38005000
vn -0.98331870 0.18156800 -0.01083914
vn -0.22824540 0.97358040 -0.00673391
vn -0.08398399 0.99154820 -0.09888751
vn -0.29112440 0.95639770 -0.02345302
vn -0.59380780 0.80095180 -0.07660630
vn 0.41203310 0.62439840 0.66359290
vn 0.96234630 0.02071553 0.27103600
vn -0.88113770 0.41340190 0.22955420
vn -0.96112660 -0.02490879 -0.27498210
vn -0.08875290 0.99180180 -0.09193572
vn -0.00783771 0.99491540 -0.10040990
vn -0.14455520 0.98935810 -0.01656351
vn -0.20533580 0.97858820 -0.01421953
vn 0.18069600 0.90902990 0.37551780
vn 0.95117350 -0.22506130 0.21122630
vn -0.56818640 0.56100870 0.60202440
vn -0.96379290 0.03032111 -0.26492270
vn -0.97895120 0.05847392 -0.19553860
vn -0.96230710 0.04483782 -0.26824360
vn -0.05225731 0.63799660 0.76826390
vn -0.98716400 0.10813320 -0.11753460
vn -0.12917400 0.61157890 0.78056730
vn 0.65493460 -0.72810800 0.20228560
vn 0.11084420 0.96423710 0.24074950
vn -0.28755190 0.64180280 0.71091700
vn -0.95533830 0.27101170 0.11781940
vn -0.97588710 0.09344393 -0.19726300
vn -0.92670570 0.37406770 -0.03591719
vn 0.33341590 0.79672380 0.50404880
vn -0.78396930 0.49559520 0.37386830
vn -0.96836850 -0.00079196 -0.24952320
vn -0.68807640 0.56480650 0.45557060
vn -0.89100120 0.43120160 -0.14206320
vn -0.96791030 0.07514261 -0.23979800
vn -0.96820690 0.01603827 -0.24963610
vn -0.58685520 0.59805380 0.54583190
vn -0.95694520 0.06492199 -0.28291500
vn -0.96296940 0.24500570 0.11252670
vn 0.35648910 -0.89105940 0.28094250
vn -0.33819200 0.94088470 -0.01902852
vn -0.65589920 0.74708920 0.10795380
vn -0.96188650 0.26300310 -0.07485848
vn -0.96636680 0.25716340 0.00151199
vn -0.03015089 0.60547050 0.79529640
vn 0.21869400 0.88700340 0.40669130
vn -0.29786380 0.94633510 -0.12540750
vn -0.40076720 0.76685260 0.50132110
vn -0.93569480 0.29133980 -0.19898790
vn -0.21386870 0.63338460 0.74369620
vn -0.81912390 0.44827150 0.35789470
vn -0.03504043 0.99911840 0.02311942
vn -0.06046580 0.99440340 0.08663595
vn -0.56221430 0.82533040 -0.05239137
vn -0.83104810 0.55360340 -0.05368891
vn -0.74804590 0.44891880 0.48877320
vn -0.99301730 0.11670330 0.01723271
vn -0.11345900 0.98571500 -0.12447130
vn -0.00615438 0.99369580 0.11194090
vn -0.65671100 0.74859480 -0.09130442
vn -0.11979330 0.77875360 0.61578590
vn -0.99569060 0.09183957 -0.01287262
vn -0.99865290 0.02425045 -0.04587155
vn -0.06306673 0.99677890 -0.04954341
vn -0.07173679 0.99700930 -0.02874417
vn -0.51311590 0.85423100 -0.08367492
vn -0.59439210 0.72897130 0.33955680
vn -0.99429930 0.10051390 -0.03557728
vn -0.99621000 0.05786732 -0.06493910
vn -0.00642703 0.99525610 0.09707706
vn -0.06748752 0.99327820 -0.09404232
vn 0.11153770 0.89272620 0.43657680
vn -0.68720550 0.70672120 -0.16820720
vn -0.92899910 0.37006440 -0.00358929
vn -0.95599100 0.28884220 -0.05149088
vn -0.03340634 0.99751620 0.06201265
vn -0.09933109 0.98381140 -0.14915930
vn -0.13074370 0.98143770 0.14030680
vn -0.62957110 0.77056060 -0.09938167
vn -0.76848420 0.63808590 0.04773318
vn -0.81818800 0.56882120 0.08373103
vn -0.04947192 0.99801580 -0.03894874
vn -0.06047697 0.99786480 -0.02466922
vn -0.22240780 0.96939730 -0.10394080
vn -0.32558630 0.94343390 -0.06265718
vn -0.56460970 0.81180830 0.14894010
vn -0.74430850 0.65820150 0.11302990
vn -0.07433643 0.98141590 -0.17690970
vn -0.01658311 0.98925650 0.14524670
vn -0.08259211 0.99450080 -0.06439622
vn -0.21184410 0.97629820 -0.04431583
vn -0.48645180 0.80825970 0.33178450
vn -0.86920790 0.43916860 -0.22717550
vn -0.05787513 0.98926580 -0.13417790
vn -0.03680116 0.99363150 0.10649900
vn -0.04628442 0.99301380 -0.10854180
vn -0.13195510 0.99026080 0.04440073
vn -0.06039060 -0.99268940 -0.10450170
vn -0.81141660 0.53572300 -0.23367520
vn -0.03029494 0.99871370 0.04065832
vn -0.02717571 0.99747350 0.06563567
vn -0.10304670 0.97638160 -0.18989540
vn 0.00888742 0.97882660 0.20449780
vn -0.41129360 -0.86469980 -0.28832630
vn -0.66665710 0.72979280 -0.15156070
vn -0.02911541 0.99137750 0.12776160
vn -0.03150089 0.99781010 -0.05816245
vn -0.08906385 0.99241820 -0.08469790
vn 0.17124460 -0.97761480 0.12224850
vn -0.35172960 0.93586020 -0.02125809
vn -0.73199000 0.58175270 -0.35461880
vn 0.00292503 0.99039890 0.13820810
vn -0.13375090 0.94239390 -0.30660140
vn -0.00469334 0.99530400 0.09668460
vn 0.13574380 -0.98970500 0.04536119
vn -0.35627760 0.93058900 -0.08408644
vn -0.41302460 0.80941500 -0.41744230
vn 0.00125265 0.99973220 0.02310706
vn -0.19494480 0.91082080 -0.36387060
vn 0.27671840 -0.86506390 0.41843910
vn 0.38049290 -0.12238640 0.91664970
vn -0.21706630 0.96356850 -0.15626240
vn -0.31301120 0.82828730 -0.46471960
vn -0.14718720 0.95241820 -0.26689990
vn -0.06647900 0.99514210 -0.07261374
vn 0.08427305 -0.99346910 0.07692312
vn -0.07534155 0.99705110 0.01458268
vn -0.21964850 0.92800730 -0.30092680
vn -0.13614210 0.97390280 -0.18160060
vn -0.29319390 0.79512470 -0.53086160
vn 0.10643230 0.95762750 0.26762250
vn 0.28548230 -0.76571620 0.57634940
vn -0.04739270 0.99841590 -0.03032603
vn -0.21684810 0.89698160 -0.38522820
vn 0.02979225 0.99422800 0.10306780
vn -0.11015840 0.97761910 -0.17923770
vn 0.15655820 -0.94754070 0.27866880
vn 0.00753873 0.99769680 0.06741114
vn -0.07880501 0.98740620 -0.13718180
vn -0.01919806 0.99974210 0.01213119
vn 0.27860620 0.81902630 0.50157210
vn -0.00770753 0.99906860 0.04245822
vn 0.14406660 -0.93670330 0.31911100
vn -0.00718865 0.99993290 -0.00908733
vn -0.30642070 0.69440640 -0.65108070
vn 0.27893300 0.79782750 0.53447870
vn 0.34583690 0.67898640 0.64759110
vn 0.32753170 -0.58460710 0.74226510
vn 0.08071810 0.95461070 0.28671060
vn -0.04219763 0.99433790 -0.09752816
vn -0.06619629 0.99166030 -0.11058000
vn 0.32277870 0.64909820 0.68882910
vn -0.01464542 0.99602180 0.08789787
vn 0.11708510 -0.95349760 0.27772910
vn -0.00094798 0.99983040 0.01839123
vn -0.26843430 0.71465300 -0.64592110
vn 0.08172490 0.97259930 0.21765000
vn 0.01347853 0.99371300 0.11114300
vn -0.10022280 0.99088600 -0.09000231
vn 0.16927950 0.80469440 0.56904420
vn -0.02212320 0.99842960 -0.05146614
vn -0.10275450 0.96656130 -0.23494820
vn 0.25993060 0.69375100 0.67167380
vn -0.06667121 0.99585600 -0.06185258
vn -0.03591628 0.99925620 -0.01403303
vn 0.00584030 0.99898080 0.04475743
vn -0.16195130 0.87353800 -0.45902420
vn 0.01433218 0.99703070 0.07565816
vn 0.06435262 0.97419690 0.21633110
vn -0.02499229 0.99963180 -0.01057329
vn -0.00449715 0.99998900 -0.00128800
vn -0.01247579 0.99953760 -0.02773179
vn -0.19373040 0.82871680 -0.52506850
vn 0.19639720 0.79923280 0.56802760
vn -0.02434962 0.99935160 -0.02652403
vn -0.00764445 0.99994170 -0.00762336
vn -0.04277244 0.99648140 -0.07207811
vn -0.12068320 0.93303040 -0.33895390
vn -0.03402758 0.99699180 -0.06963905
vn 0.12340520 0.91522200 0.38358820
vn -0.00458897 0.99998940 -0.00042222
vn -0.04907939 0.99515920 -0.08514369
vn 0.03529728 0.99258570 0.11630900
vn -0.23626560 0.71473430 -0.65828070
vn 0.08218135 0.95793550 0.27496550
vn -0.00019090 0.99983820 0.01798399
vn -0.01209310 0.99964010 -0.02394622
vn 0.03439361 0.99294970 0.11343660
vn 0.02893360 0.99085150 0.13181900
vn -0.05881015 0.98566610 -0.15812600
vn 0.16239350 0.80358820 0.57260320
vn 0.00426512 0.99999080 0.00032756
vn -0.06224187 0.99138170 -0.11527500
vn 0.02743166 0.99299930 0.11489040
vn -0.02722026 0.99833330 0.05088905
vn 0.02048009 0.99420880 0.10549610
vn 0.02697857 0.99217090 0.12193800
vn -0.01381906 0.99884310 -0.04605982
vn 0.02499072 0.99543390 0.09212437
vn -0.02020218 0.99933590 0.03032347
vn -0.06977225 0.99176520 0.10739440
vn 0.16051360 0.76150830 0.62796540
vn 0.00688650 0.99981910 0.01773294
vn -0.07392617 0.98644820 -0.14647420
vn 0.03291738 0.99319110 0.11174910
vn -0.04106790 0.99689340 0.06720781
vn -0.06538135 0.93834190 0.33947020
vn 0.03479386 0.98244070 0.18330230
vn -0.02253531 0.99743160 -0.06798770
vn 0.01524488 0.99739940 0.07044115
vn -0.00283751 0.99981000 0.01928597
vn -0.04213984 0.96992610 0.23972350
vn 0.00380459 0.46510830 0.88524560
vn 0.00494293 0.99906450 0.04296135
vn -0.08317303 0.98029760 -0.17916220
vn 0.03518367 0.99183760 0.12255730
vn -0.00412662 0.99983620 0.01762161
vn 0.00652931 0.59024750 0.80719590
vn 0.01568652 0.24377010 0.96970620
vn -0.02892677 0.99736640 -0.06650969
vn -0.00270575 0.99964080 0.02666217
vn 0.00785763 0.99911110 0.04141476
vn -0.00769695 0.99711800 0.07547588
vn 0.02017646 0.31390640 0.94923950
vn -0.01636114 0.22185970 0.97494130
vn -0.08175992 0.97859950 -0.18883370
vn 0.02862650 0.99154900 0.12653440
vn 0.00056721 0.99993210 0.01164973
vn 0.00343934 0.84395510 0.53640290
vn -0.01202129 0.21280790 0.97702010
vn -0.00889782 0.18781130 0.98216490
vn -0.01567057 0.99982430 -0.01028542
vn 0.01565801 0.99617870 0.08592308
vn -0.00035526 0.99968270 0.02519042
vn 0.00778213 0.56748870 0.82334440
vn -0.00697427 0.20093790 0.97957920
vn 0.01031813 0.07031909 0.99747120
vn 0.01724059 0.99368010 0.11091700
vn 0.00017477 0.99984090 0.01784100
vn -0.01110148 0.95334940 0.30166470
vn -0.00881712 0.24890390 0.96848800
vn 0.01024978 0.09416807 0.99550360
vn 0.01782685 0.03803255 0.99911740
vn 0.01604171 0.99319830 0.11532460
vn -0.00108034 0.99993990 0.01090745
vn -0.01345470 0.80113300 0.59833500
vn -0.00424486 0.21391390 0.97684340
vn 0.01428358 0.04733134 0.99877710
vn 0.02412076 0.02814509 0.99931280
vn -0.00021262 0.99953210 0.03058792
vn -0.01811277 0.99540540 0.09402136
vn -0.00200860 0.38236790 0.92400810
vn -0.00166078 0.14897000 0.98884030
vn 0.01447704 0.02223562 0.99964800
vn 0.02544535 0.02385249 0.99939170
vn -0.00227268 0.99992740 0.01183108
vn -0.02260294 0.96366840 0.26614370
vn -0.00456791 0.26054680 0.96545030
vn -0.00021871 0.08690949 0.99621620
vn 0.01468944 0.02098596 0.99967180
vn 0.02172801 0.03186574 0.99925600
vn -0.00840286 0.99938020 0.03418474
vn -0.01379914 0.69823770 0.71573300
vn -0.00708586 0.18687480 0.98235820
vn 0.00088514 0.02004777 0.99979870
vn 0.01044086 0.02684810 0.99958500
vn 0.00495530 0.22580250 0.97416050
vn -0.01458252 0.99410920 0.10739860
vn -0.01834378 0.46069520 0.88736880
vn -0.00500404 0.13107050 0.99136050
vn -0.00151197 0.01734661 0.99984840
vn -0.00443061 0.16254410 0.98669140
vn -0.00975661 0.41168750 0.91127280
vn -0.01635521 0.28964120 0.95699560
vn -0.00585265 0.02215159 0.99973740
vn -0.01655357 0.07098117 0.99734030
vn -0.02431135 0.11609740 0.99294030
vn -0.00166500 0.03914628 0.99923210
vn 0.00067431 0.24733450 0.96892980
vn -0.00493805 0.01764104 0.99983220
vn -0.00833288 0.02319486 0.99969630
vn -0.01652778 0.04898897 0.99866260
vn -0.02252886 0.07067949 0.99724470
vn 0.00023087 0.18825010 0.98212110
vn -0.00179869 0.09314647 0.99565080
vn -0.00166763 0.02939577 0.99956650
vn -0.00605116 0.02448090 0.99968190
vn -0.01187255 0.04135533 0.99907400
vn -0.01612498 0.05410545 0.99840500
vn -0.01005520 0.03911494 0.99918410
vn -0.01373431 0.05051063 0.99862910
vn -0.00481708 0.02478285 0.99968120
vn 0.00079011 0.05126607 0.99868470
vn -0.00040653 0.13610060 0.99069500
vn 0.00769047 0.22451630 0.97444000
vn -0.00872229 0.03656371 0.99929320
vn -0.01199509 0.04752195 0.99879810
vn -0.00286813 0.02858188 0.99958740
vn -0.00277930 0.08824036 0.99609540
vn -0.00309025 0.17040970 0.98536840
vn -0.00792220 0.03447810 0.99937410
vn -0.01086764 0.04523420 0.99891730
vn -0.00122955 0.03907709 0.99923540
vn -0.00494005 0.11657330 0.99316980
vn -0.00477431 0.04281022 0.99907180
vn -0.00751121 0.03981418 0.99917880
vn -0.00042089 0.09026709 0.99591750
vn -0.00227352 0.06508158 0.99787740
vn -0.00390692 0.03850467 0.99925070
vn 0.02223980 0.27905580 0.96001730
vn -0.00888510 0.17960310 0.98369910
vn 0.00268914 0.15808320 0.98742210
vn 0.00080913 0.13136650 0.99133350
vn 0.00002111 0.12429040 0.99224600
vn 0.00509090 0.06361919 0.99796130
vn 0.02249465 0.34272920 0.93916490
vn 0.00297091 0.22184300 0.97507790
vn 0.00707761 0.17987620 0.98366380
vn 0.00380224 0.18112970 0.98345200
vn -0.00110788 0.17540020 0.98449660
vn 0.00376858 0.14216620 0.98983560
vn 0.01074960 0.55150100 0.83410490
vn 0.01078164 0.29659130 0.95494370
vn 0.01211158 0.23427060 0.97209600
vn 0.00383400 0.22641340 0.97402380
vn -0.00273851 0.20347460 0.97907640
vn -0.01058096 0.19616790 0.98051320
vn -0.00308938 0.72438030 0.68939380
vn 0.00160740 0.50629060 0.86236160
vn 0.00803505 0.41690550 0.90891440
vn 0.00979722 0.31678860 0.94844550
vn -0.00983261 0.24551910 0.96934190
vn -0.03756025 0.22368700 0.97393710
vn -0.02304913 0.92369430 0.38243650
vn -0.00868736 0.82152230 0.57011010
vn 0.00354290 0.67688830 0.73607720
vn 0.01578262 0.49398500 0.86932710
vn -0.01004444 0.48301750 0.87555300
vn -0.05912407 0.35918260 0.93139260
vn -0.01239282 0.99001770 0.14039690
vn -0.00558578 0.95616210 0.29278480
vn 0.00014797 0.89091060 0.45417900
vn 0.02783840 0.82029630 0.57126090
vn 0.02208734 0.74012850 0.67210260
vn -0.03455383 0.62768190 0.77770270
vn -0.00311697 0.99876520 0.04958159
vn -0.00687558 0.99737600 0.07206995
vn 0.00661941 0.98736840 0.15830250
vn 0.05228011 0.93384430 0.35383860
vn 0.36441260 0.87890020 0.30779490
vn 0.39121390 0.83635830 0.38400040
vn -0.00185180 0.99954530 0.03009541
vn 0.00138612 0.99987980 0.01543894
vn 0.01511787 0.99707660 0.07489869
vn 0.26839330 0.95005260 0.15926410
vn 0.83271130 0.55368700 -0.00474015
vn 0.87628030 0.48072630 -0.03217061
vn 0.01291925 0.99947730 0.02963539
vn 0.00434415 0.99994080 0.00997820
vn 0.12515060 0.99061790 0.05489472
vn 0.71564080 0.69646580 0.05285369
vn 0.96676620 0.25565290 0.00219520
vn 0.97275590 0.23179950 -0.00388681
vn 0.01523026 0.99968650 0.01987318
vn 0.03198872 0.99927160 0.02081093
vn 0.47768170 0.87540830 0.07403145
vn 0.95089430 0.30929510 0.01168812
vn 0.97929090 0.20231230 0.00768694
vn 0.98361090 0.18028830 0.00236652
vn 0.01030487 0.99989390 0.01029707
vn 0.21748060 0.97518370 0.04146157
vn 0.92339610 0.38345120 0.01746405
vn 0.96897910 0.24688340 0.01131518
vn 0.99806960 0.06152308 -0.00849381
vn 0.99879440 0.04737472 -0.01286086
vn 0.04446878 0.99899420 0.00575358
vn 0.83892270 0.54407580 -0.01379226
vn 0.95629500 0.29227150 0.00879390
vn 0.99441320 0.10549350 -0.00368767
vn 0.99949000 0.02900531 -0.01335232
vn 0.99941470 0.02881936 -0.01843407
vn 0.66602470 0.74409740 -0.05225098
vn 0.93032050 0.36593750 -0.02436371
vn 0.98696970 0.16090440 -0.00078471
vn 0.99904050 0.04262475 -0.01005180
vn 0.99960480 0.01950755 -0.02024745
vn 0.99927960 0.02621015 -0.02744802
vn 0.84454050 0.53208520 -0.06030399
vn 0.97809390 0.20741160 -0.01768257
vn 0.99651710 0.08321266 -0.00541967
vn 0.99981920 0.01591673 -0.01040969
vn 0.99710690 0.06976149 -0.03018773
vn 0.99430970 0.09617960 -0.04579999
vn 0.96817980 0.24524460 -0.04983041
vn 0.98744390 0.15757260 -0.01120855
vn 0.99959860 0.02769598 0.00596580
vn 0.99940820 0.03414012 -0.00420614
vn 0.96698750 0.25096390 -0.04418574
vn 0.94393270 0.32386010 -0.06407505
vn 0.97006180 0.24044420 -0.03415590
vn 0.99745020 0.07132057 0.00252775
vn 0.99961170 0.02090382 0.01843082
vn 0.99178550 0.12781500 -0.00498291
vn 0.78359430 0.61829610 -0.06074410
vn 0.66512790 0.74365010 -0.06774578
vn 0.50143450 0.86272740 -0.06530636
vn 0.30022540 0.95257960 -0.04956793
vn 0.82330950 0.56536970 -0.05018398
vn 0.93386070 0.35685570 -0.02362707
vn 0.95914640 0.25839470 0.11519650
vn 0.98133530 0.17056480 0.08881813
vn 0.91061280 0.11405900 0.39720880
vn 0.99698870 0.06389525 0.04394339
vn 0.94842420 0.10369580 0.29956440
vn 0.72933690 0.01859597 0.68390190
vn 0.98906190 0.05509445 0.13682500
vn 0.77375060 0.03063329 0.63274930
vn 0.70180420 -0.00582360 0.71234610
vn 0.99874220 0.03265713 0.03804726
vn 0.68152440 -0.00893604 0.73174080
vn 0.95606480 0.22915700 0.18283130
vn 0.89483280 0.06061704 0.44226640
vn 0.97370230 0.10223680 0.20359640
vn 0.91771690 0.16658680 0.36061690
vn 0.75096070 0.42701610 -0.50370160
vn 0.74363740 0.03413557 0.66771130
vn 0.98477030 0.17310800 0.01615820
vn 0.81600400 0.41629050 -0.40104840
vn 0.72214540 0.41044630 -0.55681220
vn 0.70714210 0.02117144 0.70675440
vn 0.87372570 0.09052917 0.47792040
vn 0.96289210 0.16635010 0.21252390
vn 0.71726040 0.42362820 -0.55324200
vn 0.89484380 0.35626180 -0.26894640
vn 0.92096230 0.37220640 -0.11528600
vn 0.45834370 -0.16033780 0.87419270
vn 0.96925880 0.23579760 0.07026301
vn 0.88276420 0.36277640 -0.29853090
vn 0.83764610 0.08516241 0.53953340
vn 0.72818270 0.44466640 -0.52155720
vn 0.92246070 0.23224740 0.30842720
vn 0.30714280 -0.34323150 0.88761220
vn 0.96551040 0.26035390 -0.00239457
vn 0.88038590 0.11687080 0.45963240
vn 0.63900690 -0.03406987 0.76844610
vn 0.86495640 0.38115600 -0.32645140
vn 0.76601960 0.46897170 -0.43963560
vn 0.66102170 -0.04486106 0.74902450
vn 0.32934120 -0.44229930 0.83420970
vn 0.75613800 0.65296920 -0.04343390
vn 0.65988910 -0.02342219 0.75099790
vn 0.90563200 0.31432010 0.28466400
vn 0.93272660 0.20395400 0.29736150
vn 0.86633600 0.38773620 -0.31483720
vn 0.83677270 0.46611230 -0.28731650
vn 0.42702520 -0.19471190 0.88302710
vn 0.37903680 -0.51248120 0.77051540
vn 0.52832400 0.84799080 -0.04225159
vn 0.55241760 -0.28264210 0.78418630
vn 0.32607530 -0.21419820 0.92075730
vn 0.88957260 0.44930420 -0.08237822
vn 0.89412820 0.36515030 -0.25922960
vn 0.01003770 0.99993160 -0.00601254
vn 0.52328530 0.67277380 0.52301800
vn 0.44708240 0.15329300 0.88125970
vn 0.79863490 0.59544460 0.08733810
vn 0.00822774 0.99996420 -0.00196117
vn 0.10215130 0.97239480 0.20979370
vn 0.37008280 0.44464530 0.81567720
vn 0.01417158 0.99989040 0.00428817
vn 0.04084543 0.99521280 0.08878770
vn 0.00957037 0.99984600 0.01470870
vn 0.90362230 0.40433070 -0.14136250
vn 0.39136420 0.91515910 0.09652919
vn 0.15383290 0.96838120 0.19640090
vn 0.00322838 0.99999340 -0.00165751
vn -0.00657082 0.99946600 0.03200945
vn 0.68130370 0.73148390 0.02750682
vn 0.21714930 0.97493450 0.04846531
vn 0.07335940 0.97785170 0.19602140
vn -0.01414994 0.99878390 -0.04722933
vn -0.00206886 0.99960060 0.02818502
vn 0.23474720 0.97019510 0.06012679
vn 0.01396276 0.99901620 -0.04209149
vn 0.02320362 0.99237810 0.12102590
vn -0.02578412 0.99912570 -0.03291242
vn -0.00450932 0.99932620 0.03642461
vn 0.12045310 0.99227770 0.02959609
vn -0.00012985 0.99946900 -0.03258458
vn -0.00068464 0.99928650 0.03776456
vn -0.01391342 0.99988500 -0.00603332
vn -0.02264461 0.99317060 0.11445220
vn -0.00406813 0.99975020 -0.02197672
vn 0.00436870 0.99979290 0.01987651
vn -0.01854880 0.99930500 -0.03233339
vn -0.00595781 0.99994670 0.00843859
vn -0.00696974 0.93095570 0.36506580
vn -0.00999145 0.99878530 -0.04825048
vn 0.01837795 0.99692730 0.07614617
vn -0.01497936 0.99957760 -0.02490512
vn -0.00217747 0.99988290 0.01514500
vn 0.01380866 0.82897600 0.55911370
vn 0.00143030 0.99919130 -0.04018184
vn 0.02392327 0.99503650 0.09659125
vn -0.00950349 0.99989640 -0.01081639
vn 0.00171369 0.99947800 0.03226202
vn 0.03152851 0.59005190 0.80674950
vn 0.01029760 0.99975840 -0.01941626
vn 0.00442280 0.99788450 0.06486233
vn -0.00231862 0.99997090 0.00726466
vn 0.00096737 0.99776790 0.06676888
vn 0.02488710 0.45843810 0.88837780
vn 0.01854829 0.99828710 0.05548561
vn -0.00442850 0.99953580 0.03014134
vn 0.00004142 0.99985460 0.01705265
vn -0.00236199 0.97491940 0.22254550
vn 0.00864513 0.31584300 0.94877210
vn -0.01331757 0.89760470 0.44059990
vn -0.03030855 0.67789580 0.73453300
vn -0.00015133 0.99975580 0.02209537
vn -0.00103252 0.99998090 0.00610150
vn -0.00203209 0.99878850 0.04916735
vn -0.00893951 0.99131920 0.13117230
vn -0.03052398 0.89974580 0.43534540
vn -0.00050978 0.99996500 0.00835456
vn -0.00023148 0.99993250 0.01162087
vn 0.00092451 0.99986510 0.01640151
vn -0.00139707 0.99970410 0.02428402
vn -0.00088311 0.99991300 0.01316326
vn 0.00096378 0.99994770 0.01018328
vn -0.00016504 0.99996330 0.00857280
vn -0.00116445 0.99990300 0.01388122
vn 0.00048656 0.99925970 0.03847028
vn -0.00507387 0.99979850 0.01942193
vn -0.00498912 0.99948850 0.03158882
vn 0.00661665 0.99832350 0.05750028
vn 0.01095223 0.99761370 0.06816810
vn -0.00344264 0.99849120 0.05480444
vn -0.00624904 0.99714130 0.07529961
vn 0.00543956 0.99643400 0.08420092
vn 0.00836342 0.99108900 0.13293880
vn -0.00006408 0.99325040 0.11599050
vn 0.00155618 0.99747840 0.07095367
vn 0.00581640 0.99807740 0.06170732
vn 0.01358076 0.99746980 0.06978203
vn -0.00409143 0.99960230 0.02790629
vn -0.00602331 0.99950980 0.03072293
vn -0.02555580 0.99831180 -0.05215769
vn 0.00716531 0.99997040 0.00281579
vn 0.00283217 0.99928470 -0.03771042
vn -0.00210542 0.99949300 -0.03176977
vn -0.02816701 0.99664460 -0.07685208
vn -0.07396767 0.97937030 -0.18805000
vn 0.00785710 0.99414260 -0.10779100
vn 0.01174130 0.99793960 -0.06307568
vn -0.01576187 0.99601510 -0.08778044
vn -0.06643982 0.98235770 -0.17481180
vn -0.02428969 0.99800440 -0.05828517
vn 0.01801513 0.99718930 -0.07272404
vn 0.00538053 0.99674140 -0.08048460
vn -0.04246273 0.99065840 -0.12958720
vn -0.02340782 0.99851510 -0.04919153
vn 0.01408767 0.99705170 0.07542755
vn 0.01566144 0.99882240 -0.04591830
vn -0.01540683 0.99578580 -0.09040676
vn -0.01686092 0.99979730 -0.01100521
vn 0.02331112 0.99388690 0.10791370
vn 0.06271600 0.94940220 0.30773750
vn 0.00704618 0.99983170 -0.01693706
vn -0.00413060 0.99935260 0.03573922
vn 0.04620846 0.97805230 0.20317090
vn 0.07822748 0.93063100 0.35750010
vn 0.08681814 0.92889760 0.36001640
vn 0.02924341 0.98512370 0.16934030
vn 0.03762787 0.97731530 0.20842030
vn 0.07525693 0.94890740 0.30644910
vn 0.04054397 0.97760940 0.20648500
vn -0.00741936 0.99997140 -0.00148958
vn 0.03543664 0.97453000 0.22143970
vn 0.06815532 0.95884140 0.27564120
vn 0.00281577 0.99968550 0.02491622
vn -0.02198592 0.99726520 -0.07056018
vn -0.08345390 0.94619440 -0.31265260
vn 0.01097216 0.99780780 0.06526216
vn -0.02141930 0.99503580 -0.09718416
vn -0.06110081 0.95821080 -0.27946200
vn -0.11873620 0.86241440 -0.49208050
vn -0.19188720 0.71254010 -0.67488210
vn -0.07748412 0.92209210 -0.37913360
vn -0.08401959 0.91105130 -0.40364130
vn -0.11641930 0.82573080 -0.55191960
vn -0.12416470 0.81820200 -0.56136310
vn -0.05826745 0.97830510 -0.19880690
vn -0.11060200 0.83187240 -0.54383400
vn -0.09333801 0.88149700 -0.46287260
vn -0.05209506 0.96944380 -0.23971790
vn -0.02711066 0.99133790 -0.12850720
vn -0.00512081 0.99998680 -0.00045870
vn -0.04019390 0.97716240 -0.20865780
vn -0.02693691 0.98997070 -0.13868040
vn -0.01043339 0.99871580 -0.04957703
vn -0.00198167 0.99970550 0.02418447
vn 0.01284642 0.99565400 0.09223840
vn -0.00490038 0.99962970 -0.02676496
vn -0.00294863 0.99995030 -0.00953357
vn 0.00982320 0.99568670 0.09225696
vn 0.01913802 0.98949220 0.14331400
vn 0.25365370 -0.52277850 0.81385660
vn 0.00889835 0.99727290 0.07326295
vn 0.03891399 0.97762910 0.20670550
vn 0.04358602 0.92914150 0.36714610
vn 0.19245610 -0.74780280 0.63541460
vn 0.16736930 -0.89723450 0.40860450
vn 0.09974661 0.88230700 0.45998360
vn 0.05403217 0.93664890 0.34607690
vn 0.21165710 0.06500152 0.97518000
vn 0.28069730 -0.56830200 0.77346100
vn 0.10306690 0.94938120 0.29673620
vn 0.10863030 0.86659840 0.48703850
vn 0.08765665 0.83292150 0.54640480
vn 0.06710909 0.97134490 0.22800320
vn 0.02930358 0.99204430 0.12243130
vn -0.04496160 0.99740000 -0.05631577
vn 0.00980919 0.99906740 0.04204946
vn 0.00829297 0.99959060 0.02738517
vn -0.01974783 0.99780160 -0.06326166
vn -0.06164037 0.99136390 -0.11575010
vn -0.14485480 0.95217950 -0.26901910
vn -0.04005368 0.97110140 -0.23528200
vn -0.04922423 0.97186780 -0.23032540
vn -0.07370856 0.95184790 -0.29757780
vn -0.13836010 0.94694920 -0.29007560
vn -0.31453230 0.78587320 -0.53242160
vn -0.08616664 0.86604780 -0.49248000
vn -0.07696787 0.92431120 -0.37379770
vn -0.05992292 0.94857220 -0.31083780
vn -0.24628130 0.86391500 -0.43931380
vn -0.10579210 0.98076020 -0.16406530
vn -0.06844369 0.91670490 -0.39365940
vn -0.03928619 0.96031630 -0.27613260
vn -0.05702898 0.97836070 -0.19889190
vn -0.07751432 0.98973150 -0.12009570
vn 0.04848089 0.99540340 0.08259226
vn -0.01270384 0.99543040 -0.09464166
vn -0.00833974 0.99647340 -0.08349411
vn -0.00029194 0.99934480 0.03619213
vn 0.06385656 0.98888740 0.13425400
vn 0.08101112 0.97962600 0.18376660
vn 0.02414703 0.99391840 0.10743860
vn 0.04015739 0.98512890 0.16705800
vn 0.09103262 0.94546800 0.31273520
vn 0.08088955 0.97403020 0.21147590
vn 0.02543620 0.99518210 0.09468684
vn 0.06108723 0.96592070 0.25152630
vn 0.07965755 0.95397260 0.28912120
vn 0.04146625 0.99074490 0.12924740
vn 0.02328368 0.99687770 0.07545061
vn -0.04037460 0.99460540 -0.09555098
vn 0.05659065 0.98182680 0.18114580
vn 0.02006475 0.99765370 0.06545758
vn -0.00176143 0.99990050 -0.01400067
vn -0.04924993 0.98919480 -0.13808720
vn -0.06209617 0.98121770 -0.18263590
vn -0.01433045 0.99608560 -0.08722346
vn -0.01103901 0.99753310 -0.06932512
vn -0.03687305 0.98856530 -0.14621560
vn -0.06140924 0.99140620 -0.11551030
vn -0.05350878 0.99632650 -0.06685976
vn -0.02502091 0.98903780 -0.14552760
vn -0.02009363 0.98952690 -0.14294350
vn -0.00789018 0.99683040 -0.07916369
vn -0.04460959 0.99893800 0.01152818
vn -0.03838452 0.99784980 0.05312598
vn -0.00237784 0.99483430 -0.10148480
vn 0.00357327 0.99629420 -0.08593653
vn 0.01989059 0.99925320 -0.03312536
vn -0.02745441 0.99865000 0.04409566
vn -0.02480642 0.99719450 0.07062297
vn 0.00337139 0.99922790 -0.03914556
vn 0.02380106 0.99862800 -0.04664293
vn 0.02882908 0.99864330 -0.04336254
vn -0.01195980 0.99967970 -0.02230661
vn -0.01589801 0.99974970 -0.01574172
vn 0.00149320 0.99963060 0.02714027
vn 0.02688219 0.99937180 -0.02309597
vn 0.01476849 0.99783860 -0.06403338
vn -0.00510764 0.99347440 -0.11394070
vn -0.04386669 0.99022050 -0.13243450
vn -0.00514912 0.99230380 0.12371980
vn 0.01277381 0.99981170 0.01460888
vn 0.00297603 0.99940680 -0.03430790
vn -0.01376940 0.99318830 -0.11570450
vn -0.04668929 0.99564560 -0.08068455
vn -0.02254681 0.96319370 0.26786090
vn 0.00168670 0.99146920 0.13033030
vn 0.00100076 0.99649880 0.08360109
vn 0.00147543 0.99951920 0.03097079
vn 0.04437625 0.98581600 0.16185630
vn -0.01094754 0.94207050 0.33523600
vn 0.00777001 0.96293070 0.26963720
vn 0.00615645 0.94095240 0.33848280
vn 0.10146870 0.90972800 0.40261520
vn 0.43428160 0.16179630 0.88612720
vn 0.00407079 0.93791590 0.34683900
vn 0.00707490 0.95607290 0.29304330
vn 0.05884023 0.86938110 0.49062650
vn 0.35634740 -0.15136660 0.92201130
vn 0.48508190 -0.23666240 0.84183520
vn 0.00362537 0.98739180 0.15825360
vn 0.01170934 0.94929750 0.31416100
vn 0.06544749 0.94932280 0.30741340
vn 0.28893660 0.70196280 0.65097150
vn -0.02099849 0.99016520 0.13831850
vn -0.00400537 0.99936810 -0.03531856
vn 0.01269769 0.99596100 0.08888437
vn 0.02345451 0.99560180 0.09070212
vn -0.03286209 0.99747690 0.06292708
vn -0.13958700 0.98983020 -0.02741559
vn -0.10376150 0.99332640 -0.05035961
vn -0.09825602 0.99334940 -0.06002440
vn -0.04327685 0.99360340 -0.10430480
vn -0.01953796 0.99165570 -0.12742530
vn -0.04732831 0.97927640 -0.19692070
vn -0.00662340 0.99398170 -0.10934580
vn -0.00313947 0.99878660 -0.04914642
vn -0.01172772 0.98337990 -0.18118110
vn 0.00021837 0.99758220 -0.06949653
vn -0.00325036 0.99998710 -0.00391477
vn -0.04119655 0.96474550 -0.25994030
vn 0.00247911 0.98422470 -0.17690560
vn -0.00630819 0.99989380 -0.01313739
vn -0.00192883 0.99999800 -0.00066446
vn -0.03227000 0.96657230 -0.25435500
vn -0.01184513 0.99981490 -0.01516231
vn -0.00064379 0.99999920 -0.00111052
vn -0.00831334 0.99818610 -0.05962681
vn -0.01033172 0.98312880 -0.18262260
vn -0.03617499 0.92723870 -0.37271930
vn -0.01041593 0.99971380 -0.02153193
vn 0.00044730 0.99999930 -0.00113558
vn -0.02794260 0.99934180 -0.02313425
vn -0.00411621 0.99982230 -0.01840049
vn -0.00110138 0.99998710 0.00495416
vn -0.01074663 0.99993970 -0.00225658
vn -0.03621271 0.99758490 -0.05927009
vn -0.03256254 0.92489550 -0.37882440
vn -0.00171672 0.99999790 -0.00119886
vn -0.00101050 0.99982720 0.01856189
vn -0.03267120 0.99428430 -0.10164290
vn -0.01811778 0.99975730 0.01253276
vn -0.01001626 0.99619310 -0.08659655
vn -0.02159923 0.96336850 -0.26731010
vn -0.00109628 0.99992280 0.01238320
vn 0.00202687 0.99895520 0.04565354
vn -0.01346392 0.99787690 -0.06372110
vn -0.03268684 0.99790800 -0.05577736
vn -0.00432893 0.99934140 0.03602600
vn -0.01896258 0.96204050 -0.27224680
vn -0.01567543 0.95397390 -0.29947960
vn 0.00155831 0.99940410 0.03448367
vn 0.00782930 0.99673580 0.08035269
vn -0.00401748 0.99967120 -0.02532261
vn -0.01928468 0.99360530 -0.11125050
vn -0.00723803 0.99755680 0.06948414
vn -0.00237635 0.99971680 -0.02367723
vn 0.00652548 0.95474580 -0.29735140
vn 0.00564964 0.99815850 0.06039578
vn -0.00835238 0.99576810 0.09152103
vn -0.00049708 0.99999870 -0.00155312
vn -0.00769279 0.99742150 -0.07135329
vn -0.01547460 0.99760830 -0.06736554
vn 0.00025605 0.99538520 0.09595978
vn 0.00038540 0.98601090 -0.16668010
vn -0.00895681 0.99592630 0.08972628
vn -0.01486503 0.99747060 0.06950823
vn -0.00045958 0.99999900 0.00131239
vn -0.00299061 0.99980370 -0.01958819
vn -0.01249115 0.99488590 -0.10023000
vn -0.01707956 0.99935390 0.03162113
vn -0.00200696 0.99968960 0.02483167
vn 0.01070552 0.95476450 -0.29717000
vn -0.01255109 0.99628480 0.08519970
vn -0.00552947 0.99977230 -0.02061069
vn -0.00007767 0.99798930 0.06338280
vn -0.00014251 1.00000000 -0.00004490
vn -0.00674081 0.99744990 -0.07105020
vn -0.01756817 0.99633190 -0.08375125
vn -0.02062600 0.99625430 0.08397488
vn -0.00620760 0.99943820 0.03293557
vn 0.00672715 0.99496010 -0.10004550
vn -0.00062554 0.99293630 0.11864690
vn 0.00248869 0.99976240 0.02165936
vn -0.00087988 0.99990590 -0.01368445
vn -0.01182376 0.99065760 -0.13585980
vn 0.00350115 0.99915360 -0.04098471
vn -0.01418019 0.98210760 -0.18778630
vn -0.01304081 0.97024890 0.24175800
vn 0.00135310 0.99892190 0.04640372
vn 0.00023635 0.99999790 0.00209350
vn -0.01974219 0.99116450 -0.13116100
vn -0.01357039 0.99038810 -0.13764910
vn -0.01324071 0.97329480 0.22917670
vn -0.00611341 0.98862310 0.15028980
vn -0.00528785 0.99194000 -0.12659820
vn 0.00923233 0.99793390 -0.06358239
vn -0.00515567 0.99564750 0.09305655
vn 0.00760825 0.99503610 -0.09922332
vn 0.00997822 0.99986610 -0.01297178
vn -0.00580331 0.99697880 -0.07745800
vn -0.00017258 0.99997260 0.00741419
vn -0.00773213 0.97116980 0.23826340
vn -0.00154199 0.99683460 -0.07948887
vn 0.00660432 0.99906820 -0.04265076
vn 0.00385639 0.99999260 -0.00004271
vn 0.00408347 0.99984160 -0.01732166
vn -0.01392805 0.97977280 -0.19962800
vn -0.04661760 0.94828870 -0.31396700
vn -0.04855498 0.95734870 -0.28482600
vn -0.00291127 0.97694650 0.21346430
vn -0.00251541 0.99907980 0.04281557
vn -0.00067553 0.99687950 0.07893697
vn -0.05436315 0.95377220 -0.29557250
vn -0.08260454 0.90829410 -0.41009520
vn -0.01964116 0.99371650 -0.11018940
vn -0.00319392 0.99448040 0.10487410
vn -0.00825970 0.99749160 -0.07030233
vn -0.02070605 0.99132600 -0.12978440
vn 0.00155813 0.97540060 0.22043440
vn 0.00556237 0.99747830 0.07075319
vn 0.00692203 0.98514770 0.17157000
vn 0.01758611 0.99596670 0.08798332
vn 0.00972939 0.99966070 0.02415886
vn 0.01457974 0.98451780 0.17467790
vn 0.00793371 0.98384540 0.17884410
vn 0.00127957 0.99573500 0.09224902
vn -0.00146175 0.99978060 0.02089921
vn 0.03206661 0.97742460 0.20883670
vn 0.03484733 0.98475240 0.17043600
vn 0.01735538 0.98465760 0.17363280
vn 0.00485185 0.99521180 0.09762179
vn 0.00054882 0.99977360 0.02127350
vn 0.02436915 0.98208090 0.18687760
vn 0.03368935 0.97469430 0.22098900
vn 0.01323372 0.99441050 0.10475100
vn 0.00520513 0.99933750 0.03601929
vn 0.01074004 0.99543790 0.09480564
vn 0.01327508 0.99084670 0.13433750
vn 0.00753451 0.99931220 0.03631023
vn 0.00703305 0.99954540 0.02931661
vn 0.00629373 0.99826380 0.05856532
vn -0.00008653 0.99999990 0.00056723
vn 0.00059862 0.99999980 -0.00029419
vn 0.00310823 0.99999180 -0.00260918
vn -0.00020470 0.99976010 -0.02190392
vn -0.00494720 0.99818570 -0.06000673
vn 0.00636390 0.99982870 -0.01737772
vn 0.00038110 0.99990730 -0.01361788
vn -0.00387899 0.99911330 -0.04192479
vn -0.01360457 0.99580510 -0.09048178
vn -0.03923449 0.98027280 -0.19371630
vn -0.33937210 0.09134045 -0.93620690
vn -0.28934560 0.50350860 -0.81409960
vn -0.01174338 0.99462780 -0.10284790
vn -0.03829791 0.97555530 -0.21639110
vn -0.09171991 0.91373900 -0.39581370
vn -0.30466880 -0.14534600 -0.94130310
vn -0.16145650 -0.92862060 -0.33405930
vn -0.12510600 -0.96085570 -0.24719400
vn -0.08137845 0.90875990 -0.40930790
vn -0.13276260 0.80575330 -0.57717910
vn -0.21352380 0.64262230 -0.73582890
vn -0.35890960 0.27134020 -0.89306130
vn -0.16685360 0.89515260 -0.41335430
vn -0.29901020 0.64037010 -0.70747380
vn -0.13257840 0.83790890 -0.52946360
vn -0.12909720 0.89107920 -0.43509980
vn -0.09342377 0.95907970 -0.26727910
vn -0.04133366 0.99261510 -0.11404750
vn 0.00159186 0.99980440 -0.01971541
vn -0.02060945 0.99686950 -0.07633116
vn -0.03289682 0.99363590 -0.10772880
vn 0.00233552 0.99995040 0.00968786
vn 0.03136602 0.99592400 0.08456641
vn 0.05182463 0.99006500 0.13071150
vn 0.07879976 0.97883010 0.18889730
vn 0.05208049 0.99331460 0.10302320
vn 0.03863446 0.98965690 0.13815430
vn 0.08896768 0.95954670 0.26712330
vn 0.09931267 0.95195260 0.28969510
vn 0.10961700 0.94362230 0.31234740
vn 0.08945784 0.96630970 0.24133570
vn 0.10022450 0.95754520 0.27030040
vn 0.15481830 0.85978170 0.48662790
vn 0.14997860 0.87296740 0.46414910
vn 0.10682110 0.94051860 0.32251170
vn 0.05563335 0.98508190 0.16284530
vn 0.06560700 0.98546510 0.15669820
vn 0.06860203 0.97487000 0.21194890
vn 0.11599180 0.92740480 0.35562100
vn 0.06460253 0.97679010 0.20422440
vn 0.02916776 0.99542000 0.09103975
vn 0.02984561 0.99720810 0.06844844
vn 0.09121260 0.99257170 0.08050947
vn 0.09835263 0.97898820 0.17863050
vn 0.02499318 0.99596240 0.08622137
vn 0.01031286 0.99954480 0.02835105
vn 0.00845465 0.99970610 0.02272086
vn 0.03654572 0.99928030 0.01016482
vn 0.21573240 0.96885140 0.12159940
vn 0.24650360 0.93324450 0.26132480
vn 0.00534174 0.99998570 0.00026488
vn 0.00320016 0.99999070 -0.00289587
vn 0.00067759 0.99990520 -0.01375161
vn 0.08227210 0.99650550 0.01443209
vn 0.28667450 0.95650580 0.05398497
vn 0.32021290 0.93439900 0.15608430
vn 0.00444180 0.99943430 -0.03333650
vn -0.00152948 0.99858450 -0.05316715
vn -0.00053449 0.99905880 -0.04337294
vn 0.11932410 0.99251970 -0.02581278
vn 0.18392470 0.96367600 -0.19364990
vn 0.20799330 0.96161200 -0.17900050
vn -0.00736637 0.98432410 -0.17621490
vn -0.01184407 0.98432360 -0.17597390
vn -0.00272214 0.99158600 -0.12942150
vn 0.07599685 0.97502820 -0.20867330
vn -0.29054450 0.44698510 -0.84604270
vn -0.29029840 0.50536380 -0.81260960
vn -0.05136771 0.87358980 -0.48394460
vn -0.02624548 0.93581220 -0.35152050
vn -0.03000895 0.95479350 -0.29575140
vn -0.22806350 0.52559510 -0.81959550
vn -0.57080120 -0.39488950 -0.71989460
vn -0.51379570 -0.62607880 -0.58654870
vn -0.04497004 0.83060580 -0.55504200
vn -0.05581887 0.86239850 -0.50314330
vn -0.10083940 0.89907650 -0.42601960
vn -0.39279520 0.59232400 -0.70346590
vn 0.02258642 0.98986800 -0.14018210
vn 0.06394678 0.99260190 -0.10320960
vn -0.02192950 0.95979150 -0.27985590
vn -0.04230449 0.95762380 -0.28489820
vn -0.08874232 0.95206250 -0.29274870
vn 0.06595656 0.99541740 -0.06923891
vn 0.31501920 0.90931120 0.27187500
vn 0.30061600 0.92770910 0.22132770
vn 0.00539693 0.99941870 -0.03365948
vn 0.01446724 0.99975710 -0.01662479
vn 0.06736171 0.99767180 0.01065062
vn 0.24966390 0.95054950 0.18472520
vn 0.67874170 0.44409540 0.58488370
vn 0.66269640 0.28485420 0.69259760
vn 0.02684978 0.99252880 0.11901960
vn 0.04125757 0.99385910 0.10267430
vn 0.14762870 0.98092800 0.12643540
vn 0.56187460 0.77117800 0.29930150
vn 0.77276280 0.43155000 0.46540530
vn 0.72406950 0.32324470 0.60929150
vn 0.02951606 0.96569530 0.25799500
vn 0.04569892 0.98209820 0.18274270
vn 0.24443220 0.96170970 0.12396520
vn 0.66389350 0.71811440 0.20870340
vn 0.81094430 0.55111090 0.19658590
vn 0.76704550 0.57913240 0.27612840
vn 0.01135150 0.95119720 0.30837470
vn 0.02239055 0.98420410 0.17561600
vn 0.35735250 0.92841040 0.10175250
vn 0.79542000 0.60037820 0.08278420
vn 0.74181190 0.66641810 0.07484709
vn 0.69264870 0.71638990 0.08380540
vn 0.00011785 0.98617510 0.16570700
vn 0.00746583 0.99081920 0.13498800
vn 0.50045160 0.86506980 0.03467665
vn 0.77960870 0.62606070 -0.01607193
vn 0.26757990 0.83500150 -0.48080510
vn 0.34525730 0.85429350 -0.38856160
vn 0.00371449 0.99729630 0.07339098
vn 0.00602631 0.99824820 0.05885754
vn 0.55123210 0.83339170 -0.04001986
vn 0.22986470 0.75616360 -0.61268170
vn 0.04265626 0.70613100 -0.70679520
vn 0.21953210 0.76086390 -0.61064870
vn 0.01394344 0.99989640 0.00355886
vn 0.03440616 0.99916520 0.02202676
vn 0.04651912 0.71066840 -0.70198750
vn -0.29305360 0.54374410 -0.78642360
vn 0.68815090 0.72333430 -0.05688405
vn 0.70009330 0.70915970 -0.08343797
vn -0.00017988 0.99782820 -0.06587043
vn -0.29599420 0.87546350 -0.38203560
vn -0.64453250 0.16940520 -0.74557340
vn 0.60895960 0.78517330 -0.11256650
vn 0.72298450 0.24921210 0.64435000
vn 0.71584200 0.25518100 0.64996380
vn -0.35986160 0.56965740 -0.73891140
vn -0.45628080 -0.68642500 -0.56624070
vn 0.42282110 0.89042000 -0.16844790
vn 0.81163010 0.33080100 0.48148440
vn 0.76543650 0.22250790 0.60381900
vn 0.72163810 0.17660750 0.66936400
vn -0.42351320 0.35978790 -0.83137790
vn 0.03694173 0.99511580 -0.09154200
vn 0.73435920 0.61584120 0.28540550
vn 0.88451470 0.26572340 0.38343780
vn 0.86297840 0.38508020 0.32708050
vn 0.84006610 0.35531170 0.40992980
vn 0.03671583 0.99888320 -0.02973947
vn 0.25579710 0.96200410 0.09547749
vn 0.86040210 0.46330990 0.21225500
vn 0.92223440 0.33861290 0.18661450
vn 0.68885870 0.64750630 -0.32589740
vn 0.73209340 0.65182970 -0.19788200
vn 0.08108404 0.99151300 0.10162400
vn 0.52978940 0.84299950 0.09313902
vn 0.93198760 0.34999410 0.09435624
vn 0.57767780 0.63002200 -0.51899960
vn 0.46778630 0.61487720 -0.63490310
vn 0.54775830 0.65195670 -0.52432180
vn 0.06833166 0.99493200 0.07376353
vn 0.70530690 0.70769190 0.04140555
vn 0.46264890 0.57234220 -0.67703790
vn 0.31839150 0.61200510 -0.72393130
vn 0.72943740 0.55777790 -0.39598630
vn 0.71221220 0.56524670 -0.41623300
vn 0.10559980 0.99268640 0.05850136
vn 0.32609840 0.45661770 -0.82774390
vn 0.17144100 0.64361800 -0.74589810
vn 0.76924330 0.58299850 -0.26149100
vn 0.87706570 0.27288660 0.39533360
vn 0.78251360 0.19892800 0.59000010
vn 0.73787700 0.03035357 0.67425250
vn 0.78843970 0.59958370 -0.13733990
vn -0.01361463 0.69089550 -0.72282640
vn 0.61658550 0.07260534 0.78393300
vn 0.95814410 0.25880740 0.12238750
vn 0.85491410 0.08033077 0.51251220
vn 0.94498620 0.32476650 -0.03908823
vn 0.68815390 0.72322430 -0.05823128
vn 0.54115350 0.04091266 0.83992790
vn 0.94858940 0.19418200 0.24994280
vn 0.76999040 0.62811080 -0.11221170
vn 0.82652640 0.56137870 -0.04133005
vn 0.30637790 0.95176550 -0.01658041
vn 0.01176294 -0.21420230 0.97671850
vn 0.24802670 0.96874080 -0.00490551
vn 0.17420920 0.98459540 0.01493209
vn 0.04216943 0.99906330 0.00971257
vn 0.51855090 -0.49062960 0.70027670
vn -0.37984000 0.55066480 -0.74329660
vn 0.02796238 0.99882740 0.03952009
vn 0.03928105 0.99921740 -0.00464818
vn 0.11982130 0.99270070 -0.01371964
vn -0.25160450 0.92173610 -0.29512320
vn 0.34350880 -0.18711950 0.92031950
vn 0.04557894 0.99883060 0.01612525
vn -0.01179693 0.99971060 0.02096320
vn -0.19599440 0.74556950 -0.63695550
vn -0.25702770 0.87932990 -0.40089340
vn 0.09455609 0.99195900 0.08412310
vn 0.31606700 0.12221730 0.94083180
vn -0.01176784 0.99955840 0.02728713
vn -0.01360742 0.99989880 0.00415800
vn -0.00585235 0.98504790 -0.17218080
vn 0.03087470 0.99919410 0.02564850
vn 0.12535820 0.96320250 0.23775250
vn 0.12335690 0.87761570 0.46322120
vn -0.01698789 0.99962280 0.02157544
vn 0.00227568 0.99926880 -0.03816735
vn -0.14947950 0.82410200 -0.54636230
vn 0.03781626 0.99626250 0.07765941
vn 0.00742972 0.99273930 -0.12005590
vn 0.33639790 -0.04575736 0.94060770
vn 0.04185356 0.97721900 0.20806580
vn 0.00320642 0.99998780 -0.00375809
vn 0.00186572 0.99776940 -0.06672976
vn 0.07206175 0.98799750 0.13663060
vn 0.05759971 0.99771490 0.03531677
vn -0.17664030 0.87259300 -0.45538970
vn -0.33492320 0.44874690 -0.82852450
vn -0.01828803 0.99252900 -0.12063050
vn 0.00757996 0.99992080 -0.01004939
vn -0.00133783 0.99951880 0.03099185
vn -0.00359509 0.99518880 0.09790929
vn 0.00218286 0.95547960 0.29504910
vn 0.01747972 0.92867210 0.37048960
vn 0.02723764 0.96552680 0.25887440
vn 0.01517216 0.99701210 0.07574028
vn -0.00173195 0.99590060 -0.09043826
vn -0.04223503 0.91973300 -0.39026570
vn -0.03997983 0.82632320 -0.56177530
vn -0.01867303 0.92438200 -0.38101070
vn 0.00422892 0.99608010 -0.08835480
vn 0.00595633 0.99969040 -0.02416026
vn 0.01089463 0.99899570 0.04346198
vn 0.06788997 0.97210090 0.22452330
vn 0.15033000 0.85672340 0.49338220
vn 0.06874362 0.96583200 0.24988580
vn -0.00764877 0.99989760 -0.01209323
vn -0.08144563 0.94402520 -0.31966070
vn -0.07787257 0.88964800 -0.44995790
vn -0.02111615 0.98364040 -0.17890120
vn -0.00228167 0.99934540 -0.03610394
vn 0.00037454 0.99999900 -0.00133204
vn -0.00089350 0.99999150 0.00403034
vn -0.00105139 0.99998070 -0.00612081
vn -0.00392282 0.99928350 -0.03764627
vn -0.01204944 0.99160250 -0.12876050
vn -0.03392078 0.96404260 -0.26357410
vn -0.04218669 0.97328050 -0.22571100
vn -0.00167362 0.99990170 -0.01392866
vn -0.00687420 0.99741400 -0.07154042
vn -0.01773516 0.98393880 -0.17762360
vn -0.03166037 0.96838520 -0.24744220
vn -0.01625584 0.98072980 -0.19469130
vn -0.02448380 0.97815510 -0.20642970
vn -0.01758479 0.99030890 -0.13776420
vn -0.03059036 0.98929250 -0.14270460
vn -0.02273495 0.99537150 -0.09337318
vn -0.01969944 0.99795650 -0.06078530
vn -0.02263301 0.99973610 -0.00393182
vn -0.01912945 0.99785720 0.06257055
vn -0.02281063 0.99860450 0.04763142
vn -0.00883234 0.99879770 0.04822119
vn -0.01699428 0.99676180 0.07859360
vn -0.01579111 0.99690750 0.07697977
vn -0.01767869 0.99318850 0.11516970
vn -0.00313219 0.99520770 -0.09773321
vn -0.00698226 0.99997390 0.00190224
vn -0.01530049 0.99878140 0.04692176
vn -0.00862954 0.93756960 -0.34769060
vn -0.00411396 0.95729130 -0.28909560
vn -0.00311637 0.99095600 -0.13415110
vn -0.00722978 0.86159160 -0.50755080
vn 0.00421464 0.98635480 -0.16457990
vn -0.00262672 0.99993930 0.01069766
vn -0.00620321 0.96485540 -0.26270800
vn -0.01480410 0.98633610 0.16407910
vn -0.00348403 0.99588630 -0.09054475
vn -0.01392152 0.97163650 0.23606920
vn -0.00325249 0.93298710 -0.35989530
vn -0.00630290 0.99822130 0.05928156
vn -0.01455463 0.96427210 0.26451360
vn 0.00212007 0.96624920 -0.25760050
vn -0.00415413 0.98522690 -0.17120380
vn -0.01861626 0.98019000 0.19718280
vn -0.01554240 0.97293120 0.23057180
vn -0.00225406 0.99879560 -0.04901248
vn 0.00916402 0.92708110 -0.37474880
vn -0.00294624 0.99997960 -0.00566471
vn -0.01002071 0.96070290 0.27739780
vn 0.00053455 0.99297660 0.11830910
vn 0.00208007 0.99102860 0.13363400
vn 0.01215946 0.97786120 -0.20890090
vn 0.01343440 0.94684490 -0.32140970
vn 0.00330566 0.98735450 0.15849420
vn 0.00523630 0.96130740 0.27542780
vn 0.00237532 0.99973770 0.02278133
vn 0.01617077 0.97929950 0.20176980
vn 0.01249267 0.99673270 0.07979936
vn 0.00142742 0.96957200 -0.24480210
vn -0.00043145 0.99269620 -0.12064130
vn 0.00094655 0.91822140 0.39606630
vn 0.00539855 0.97755430 0.21061470
vn -0.01717189 0.99471960 -0.10118320
vn -0.01876213 0.99168740 -0.12729540
vn -0.00216204 0.99990380 0.01369810
vn 0.02320107 0.89188360 0.45166950
vn 0.00180046 0.99943420 0.03358747
vn -0.00022441 0.96963630 -0.24455130
vn 0.00965909 0.99940940 -0.03297765
vn -0.01339222 0.99642630 -0.08339874
vn 0.01742338 0.98475370 0.17307930
vn 0.01660249 0.98096220 0.19348780
vn 0.04220913 0.98998490 0.13471610
vn -0.01089790 0.99279840 -0.11930010
vn 0.00125311 0.99930200 0.03733660
vn 0.04107544 0.98445840 0.17074600
vn 0.01427260 0.99979500 -0.01435992
vn 0.01465671 0.99760630 0.06757909
vn 0.00694247 0.97891740 -0.20413880
vn 0.01869709 0.95419560 0.29859890
vn -0.01877390 0.98963320 -0.14238540
vn 0.03555859 0.99224050 0.11914040
vn -0.01601300 0.99389340 -0.10917570
vn 0.00156744 0.99906950 -0.04310083
vn 0.01651671 0.95193500 0.30585450
vn -0.00444564 0.99252630 -0.12194950
vn 0.02658658 0.99177440 0.12520750
vn -0.05442822 0.93374760 -0.35376990
vn 0.00999884 0.97881990 0.20447870
vn 0.00426760 0.99833380 0.05754521
vn 0.01834379 0.99982010 -0.00483536
vn 0.00574591 0.99953850 0.02982626
vn -0.06208658 0.89743100 -0.43676410
vn 0.01069762 0.98062690 0.19559300
vn 0.00068235 0.99866220 -0.05170515
vn 0.02957353 0.99265970 0.11726930
vn -0.01858203 0.98997900 -0.13998700
vn -0.03079907 0.97389470 -0.22490130
vn 0.00013532 0.96530000 0.26114370
vn 0.01306214 0.99741940 -0.07059840
vn 0.01926185 0.99292630 0.11715870
vn -0.05857022 0.90108960 -0.42965930
vn 0.04853375 0.97942330 0.19589410
vn -0.00104434 0.99134460 0.13128200
vn 0.02502572 0.99949560 -0.01955271
vn 0.00109755 0.99994110 0.01079380
vn -0.05291537 0.92347000 -0.38000410
vn 0.05265689 0.95077200 0.30538480
vn 0.01274568 0.99974950 0.01840109
vn 0.02268759 0.99836360 0.05249271
vn -0.02603508 0.98145200 -0.18993140
vn -0.00265005 0.99908470 -0.04269296
vn 0.04339121 0.94310000 0.32966550
vn 0.01674823 0.99975170 -0.01469188
vn 0.01787845 0.99709010 0.07410524
vn -0.09168459 0.76289330 -0.63999040
vn 0.03333857 0.97507680 0.21934840
vn 0.01059498 0.99745350 0.07052805
vn 0.01871638 0.99981680 -0.00400790
vn 0.00240468 0.99999560 -0.00177931
vn -0.02648358 0.98191740 -0.18744830
vn 0.06670536 0.88639490 0.45809880
vn -0.00916251 0.99879430 -0.04822832
vn 0.02497007 0.99898360 0.03752601
vn -0.02726315 0.98424600 -0.17469000
vn 0.00508676 0.99974510 0.02199955
vn 0.03941618 0.96445670 0.26128470
vn -0.05807928 0.95730600 -0.28318200
vn 0.01629214 0.99941150 0.03018594
vn -0.05392880 0.94538100 -0.32147530
vn 0.10567170 0.70744360 0.69882540
vn 0.00413750 0.99930500 0.03704733
vn -0.07890189 0.89801250 -0.43283730
vn -0.00467447 0.99880250 -0.04869967
vn -0.04394853 0.97149960 -0.23293120
vn 0.07526472 0.83821360 0.54012330
vn -0.01919182 0.99470110 -0.10100140
vn -0.02079925 0.99285260 -0.11752070
vn -0.05194448 0.95878540 -0.27934290
vn 0.02245362 0.99076150 0.13374400
vn 0.02029760 0.98627140 0.16388020
vn -0.06003638 0.92962440 -0.36358510
vn 0.02712985 0.98816430 0.15098110
vn -0.03982896 0.96417460 -0.26226140
vn 0.05830118 0.91223560 0.40549650
vn -0.00108679 0.99999680 -0.00228742
vn -0.03284666 0.97833860 -0.20438840
vn 0.05082452 0.94933460 0.31013040
vn -0.00420519 0.99741920 -0.07167440
vn 0.07425787 0.82743920 0.55662380
vn -0.02227781 0.98715570 -0.15820060
vn 0.00870709 0.99863360 0.05152698
vn 0.00923110 0.99699830 0.07687179
vn 0.03503085 0.97622070 0.21393000
vn 0.01979165 0.98912060 0.14576960
vn -0.05175244 0.94475350 -0.32367040
vn 0.03916515 0.96189000 0.27061700
vn 0.00309154 0.99997740 0.00598342
vn 0.05435147 0.93152730 0.35958690
vn -0.00098233 0.99991480 -0.01302212
vn -0.01552529 0.99721740 -0.07291367
vn 0.03086535 0.97285960 0.22932840
vn 0.00183181 0.99959750 -0.02831001
vn 0.04899195 0.94019710 0.33708920
vn -0.03335919 0.97520910 -0.21875660
vn 0.03250257 0.97083830 0.23752160
vn 0.00682886 0.99855570 0.05328922
vn 0.00081381 0.99757030 -0.06966203
vn 0.01294837 0.99567970 0.09194751
vn -0.02346720 0.98068160 -0.19419850
vn 0.05576484 0.89526310 0.44203430
vn -0.00064359 0.99999820 -0.00181921
vn -0.01038328 0.99793590 -0.06337326
vn -0.00872694 0.99470780 -0.10237270
vn 0.00504764 0.99991260 0.01222268
vn 0.01748885 0.98921530 0.14542110
vn -0.00019545 0.99969280 -0.02478525
vn -0.00528778 0.99987030 0.01521291
vn -0.01597554 0.98544810 -0.16922430
vn 0.04944370 0.92436050 0.37830310
vn 0.00159455 0.99975430 0.02210858
vn -0.01192215 0.99654900 -0.08214732
vn 0.00009473 0.99730790 0.07332855
vn -0.00809780 0.99927380 -0.03723315
vn 0.00368417 0.99730750 0.07324018
vn -0.00184831 0.99711600 -0.07587118
vn -0.00001541 1.00000000 -0.00015510
vn -0.00099569 0.99777250 -0.06670073
vn 0.00516333 0.99972040 -0.02307316
vn 0.00292665 0.99981790 0.01885727
vn 0.01333268 0.99754530 0.06874184
vn 0.01844624 0.99293220 0.11724080
vn 0.16420070 0.71733400 0.67710430
vn 0.05742836 0.93874360 0.33979780
vn 0.07169550 0.86131550 0.50298630
vn 0.03501799 0.99689580 0.07051648
vn 0.05962124 0.95398970 0.29385170
vn 0.06427203 0.91676040 0.39423280
vn 0.03532080 0.97592270 0.21523770
vn -0.06769548 0.91869350 -0.38912670
vn -0.02406793 0.97665480 -0.21346240
vn 0.00728871 0.99961520 -0.02676448
vn -0.01426883 0.99188190 -0.12635950
vn 0.00576734 0.99863680 -0.05187669
vn -0.00283093 0.99589560 -0.09046545
vn 0.01717949 0.99873300 0.04729894
vn -0.02331974 0.96493360 -0.26145630
vn -0.02438796 0.97379490 -0.22611680
vn -0.01747529 0.98807730 -0.15296360
vn 0.04622423 0.98604830 0.15991240
vn 0.01016648 0.99966410 0.02384045
vn -0.00452938 0.99809030 -0.06160443
vn 0.00797913 0.99983610 0.01625510
vn 0.08819072 0.97540840 0.20199170
vn 0.04343245 0.98344500 0.17592490
vn 0.01792842 0.99501460 0.09810419
vn 0.05358212 0.95261370 0.29942590
vn -0.00216233 0.99881060 -0.04870958
vn 0.09944120 0.95337320 0.28494010
vn 0.10731030 0.86995200 0.48131910
vn 0.07069417 0.90832780 0.41224130
vn -0.08623736 0.91952810 -0.38344630
vn 0.02931662 0.99875490 0.04036384
vn 0.07585461 0.94790870 0.30937850
vn 0.03934150 0.97907940 0.19963930
vn -0.05154509 0.93107560 -0.36116670
vn -0.04891309 0.94308150 -0.32894500
vn 0.00852643 0.99991880 -0.00947038
vn -0.00722523 0.99677340 -0.07994064
vn -0.01406019 0.99521360 -0.09670678
vn -0.05875064 0.93157970 -0.35875860
vn -0.05624491 0.95100630 -0.30401210
vn -0.04254856 0.95168360 -0.30411850
vn -0.00195759 0.99996330 -0.00834377
vn -0.03930631 0.98102590 -0.18985080
vn -0.09478509 0.82944110 -0.55049370
vn -0.02639329 0.97075380 -0.23862180
vn 0.00334007 0.99960480 0.02791674
vn -0.00197071 0.99962450 -0.02733000
vn -0.01060272 0.99216380 -0.12449350
vn -0.01307472 0.99424570 -0.10632270
vn 0.00578746 0.99380710 0.11096740
vn 0.00525368 0.99993260 0.01035379
vn 0.00233009 0.99955540 -0.02972299
vn 0.00769167 0.99994710 0.00683652
vn 0.00234555 0.97840260 0.20669480
vn 0.00480823 0.99857890 0.05307548
vn 0.00676650 0.99995580 0.00653561
vn 0.02009623 0.99956540 0.02156731
vn -0.00431946 0.95880180 0.28404300
vn -0.00334697 0.99256030 0.12170860
vn 0.00734596 0.99995360 0.00623679
vn 0.01873047 0.99981410 0.00457839
vn -0.00526781 0.95617930 0.29273430
vn -0.01459117 0.96613520 0.25762370
vn 0.00152848 0.99910800 0.04220029
vn 0.01106274 0.99975310 0.01927456
vn 0.00542627 0.99024980 0.13919780
vn -0.00380004 0.94385000 0.33035230
vn 0.00271806 0.98452050 0.17524820
vn 0.00604104 0.99354800 0.11325180
vn 0.00015105 0.99956460 -0.02950747
vn 0.00621567 0.96999680 0.24303800
vn 0.00574717 0.93318180 0.35935870
vn 0.01197067 0.96042380 0.27828530
vn -0.00524468 0.98248020 -0.18629350
vn 0.00642011 0.99286910 0.11903680
vn 0.01393654 0.85940900 0.51109890
vn 0.00772970 0.95488310 0.29688150
vn 0.00419468 0.95962160 -0.28126280
vn 0.00405889 0.99904510 -0.04350149
vn 0.01344212 0.94175150 0.33604110
vn -0.00538566 0.95314760 0.30245770
vn 0.01434410 0.96776060 -0.25146280
vn 0.01703474 0.97644600 -0.21508820
vn 0.00559438 0.99700960 0.07707361
vn 0.00089276 0.99739230 0.07216428
vn -0.00518164 0.98868100 -0.14994390
vn -0.00200207 0.95841720 -0.28536360
vn -0.01966585 0.98308360 -0.18209880
vn 0.00446923 0.99533010 -0.09642590
vn -0.00631222 0.99955300 -0.02921912
vn -0.03131590 0.96515200 -0.25980930
vn -0.01463711 0.95960000 -0.28098690
vn -0.00516012 0.96255280 -0.27104510
vn 0.01964949 0.99747960 0.06817864
vn -0.01133514 0.99621700 -0.08615784
vn -0.00117509 0.89905210 -0.43784010
vn -0.00330378 0.94851270 -0.31672190
vn 0.06785969 0.96923140 0.23661230
vn 0.00824617 0.99985710 0.01475800
vn -0.00935101 0.98287450 -0.18403890
vn 0.00495296 0.96959540 -0.24466340
vn 0.07659242 0.94360920 0.32207960
vn 0.03949669 0.98762370 0.15178730
vn -0.00012286 0.99950680 -0.03140148
vn 0.00360117 0.99699680 -0.07736044
vn 0.02493215 0.98924340 0.14413790
vn 0.07314561 0.94637900 0.31466900
vn 0.02977975 0.99263200 0.11745190
vn 0.04265277 0.96809880 0.24691200
vn 0.03855648 0.98042990 0.19305640
vn -0.02035427 0.99819380 -0.05652227
vn -0.00543893 0.99964440 0.02610799
vt 0.04000011 1.00000000
vt 0.00000009 0.95714280
vt 0.00000006 0.99999990
vt 0.04000008 0.95714280
vt 0.08000007 1.00000000
vt 0.00000009 0.94285710
vt 0.08000001 0.95714280
vt 0.14000010 1.00000000
vt 0.04000008 0.94285710
vt 0.00000006 0.92857140
vt 0.14000020 0.95714280
vt 0.18000000 1.00000000
vt 0.08000016 0.94285710
vt 0.04000005 0.92857150
vt 0.00000000 0.91428580
vt 0.18000000 0.95714290
vt 0.22000010 0.99999990
vt 0.14000010 0.94285710
vt 0.08000016 0.92857140
vt 0.04000005 0.91428570
vt 0.00000009 0.90000000
vt 0.22000010 0.95714280
vt 0.24000010 1.00000000
vt 0.18000010 0.94285710
vt 0.14000000 0.92857150
vt 0.08000010 0.91428570
vt 0.04000008 0.90000000
vt 0.00000006 0.88571430
vt 0.24000010 0.95714280
vt 0.26000000 1.00000000
vt 0.22000010 0.94285710
vt 0.18000010 0.92857130
vt 0.14000010 0.91428570
vt 0.08000007 0.90000010
vt 0.04000005 0.88571430
vt 0.00000006 0.87142850
vt 0.26000000 0.95714280
vt 0.28000010 1.00000000
vt 0.24000010 0.94285710
vt 0.22000010 0.92857140
vt 0.18000010 0.91428570
vt 0.14000010 0.90000000
vt 0.08000010 0.88571440
vt 0.04000005 0.87142860
vt 0.00000009 0.85714290
vt 0.04000008 0.85714290
vt 0.00000009 0.84285710
vt 0.08000013 0.87142860
vt 0.14000000 0.88571430
vt 0.18000010 0.90000000
vt 0.22000010 0.91428570
vt 0.04000008 0.84285710
vt 0.00000006 0.82857140
vt 0.08000001 0.85714290
vt 0.14000000 0.87142860
vt 0.18000010 0.88571440
vt 0.04000005 0.82857140
vt 0.00000006 0.81428570
vt 0.08000007 0.84285710
vt 0.14000010 0.85714290
vt 0.04000011 0.81428560
vt 0.00000009 0.80000010
vt 0.08000010 0.82857150
vt 0.04000008 0.80000000
vt 0.00000006 0.78571430
vt 0.22000010 0.90000000
vt 0.18000010 0.87142860
vt 0.14000010 0.84285710
vt 0.08000010 0.81428570
vt 0.04000011 0.78571430
vt 0.00000006 0.77142860
vt 0.22000010 0.88571430
vt 0.18000000 0.85714290
vt 0.14000000 0.82857140
vt 0.08000007 0.80000000
vt 0.04000005 0.77142860
vt 0.00000006 0.75714280
vt 0.22000010 0.87142850
vt 0.18000000 0.84285710
vt 0.14000010 0.81428570
vt 0.08000010 0.78571430
vt 0.04000008 0.75714280
vt 0.00000006 0.74285710
vt 0.22000010 0.85714290
vt 0.18000010 0.82857140
vt 0.14000010 0.80000000
vt 0.08000010 0.77142860
vt 0.04000011 0.74285710
vt 0.00000006 0.71428570
vt 0.22000010 0.84285710
vt 0.18000010 0.81428570
vt 0.14000010 0.78571430
vt 0.08000010 0.75714280
vt 0.04000011 0.71428570
vt 0.00000006 0.70000000
vt 0.22000010 0.82857140
vt 0.18000000 0.80000000
vt 0.14000010 0.77142860
vt 0.08000007 0.74285710
vt 0.04000008 0.70000000
vt 0.00000006 0.68571430
vt 0.22000010 0.81428580
vt 0.18000010 0.78571430
vt 0.14000010 0.75714280
vt 0.08000013 0.71428570
vt 0.04000008 0.68571420
vt 0.00000006 0.67142860
vt 0.22000010 0.80000000
vt 0.18000010 0.77142860
vt 0.14000010 0.74285710
vt 0.08000007 0.70000000
vt 0.04000008 0.67142860
vt 0.00000006 0.65714290
vt 0.22000010 0.78571430
vt 0.18000010 0.75714280
vt 0.14000000 0.71428570
vt 0.08000007 0.68571420
vt 0.04000008 0.65714280
vt 0.00000006 0.64285710
vt 0.22000010 0.77142860
vt 0.18000010 0.74285710
vt 0.14000010 0.70000000
vt 0.08000007 0.67142860
vt 0.04000005 0.64285710
vt 0.00000006 0.62857150
vt 0.22000010 0.75714280
vt 0.18000010 0.71428570
vt 0.14000010 0.68571420
vt 0.08000013 0.65714290
vt 0.04000008 0.62857140
vt 0.00000006 0.61428570
vt 0.22000010 0.74285720
vt 0.18000000 0.70000000
vt 0.14000010 0.67142860
vt 0.08000010 0.64285710
vt 0.04000008 0.61428570
vt 0.00000006 0.60000000
vt 0.22000010 0.71428570
vt 0.18000000 0.68571420
vt 0.14000000 0.65714280
vt 0.08000004 0.62857140
vt 0.04000008 0.60000000
vt 0.00000006 0.58571430
vt 0.22000010 0.70000000
vt 0.18000010 0.67142860
vt 0.14000010 0.64285710
vt 0.08000004 0.61428570
vt 0.04000008 0.58571430
vt 0.00000006 0.55714290
vt 0.22000010 0.68571430
vt 0.18000010 0.65714290
vt 0.14000010 0.62857140
vt 0.08000007 0.60000000
vt 0.04000008 0.55714290
vt 0.00000006 0.54285720
vt 0.22000000 0.67142860
vt 0.18000010 0.64285710
vt 0.14000010 0.61428570
vt 0.08000004 0.58571430
vt 0.04000008 0.54285710
vt 0.00000006 0.52857150
vt 0.22000010 0.65714290
vt 0.18000000 0.62857140
vt 0.14000010 0.60000000
vt 0.08000013 0.55714290
vt 0.04000008 0.52857150
vt 0.00000006 0.51428570
vt 0.22000010 0.64285720
vt 0.18000010 0.61428570
vt 0.14000010 0.58571430
vt 0.08000007 0.54285720
vt 0.04000011 0.51428580
vt 0.00000006 0.50000000
vt 0.22000010 0.62857140
vt 0.18000010 0.60000000
vt 0.14000010 0.55714290
vt 0.08000007 0.52857150
vt 0.04000008 0.50000000
vt 0.00000006 0.48571420
vt 0.22000010 0.61428580
vt 0.18000010 0.58571430
vt 0.14000010 0.54285720
vt 0.08000010 0.51428570
vt 0.04000008 0.48571430
vt 0.00000012 0.47142860
vt 0.22000010 0.60000000
vt 0.18000010 0.55714290
vt 0.14000010 0.52857150
vt 0.08000010 0.50000000
vt 0.04000008 0.47142860
vt 0.00000006 0.44285710
vt 0.22000010 0.58571430
vt 0.18000000 0.54285720
vt 0.14000010 0.51428570
vt 0.08000013 0.48571430
vt 0.04000008 0.44285710
vt 0.00000006 0.41428580
vt 0.22000010 0.55714290
vt 0.18000010 0.52857140
vt 0.14000010 0.50000000
vt 0.08000004 0.47142850
vt 0.04000008 0.41428580
vt 0.00000006 0.40000000
vt 0.22000010 0.54285720
vt 0.18000010 0.51428570
vt 0.14000000 0.48571430
vt 0.08000010 0.44285710
vt 0.04000011 0.40000000
vt 0.00000006 0.38571430
vt 0.22000010 0.52857150
vt 0.18000010 0.50000010
vt 0.14000010 0.47142860
vt 0.08000010 0.41428570
vt 0.04000005 0.38571430
vt 0.00000006 0.37142850
vt 0.22000010 0.51428570
vt 0.18000010 0.48571430
vt 0.14000000 0.44285710
vt 0.08000007 0.40000000
vt 0.04000008 0.37142850
vt 0.00000006 0.35714290
vt 0.22000010 0.50000000
vt 0.18000010 0.47142860
vt 0.14000010 0.41428580
vt 0.08000010 0.38571430
vt 0.04000011 0.35714300
vt 0.00000006 0.34285710
vt 0.22000010 0.48571430
vt 0.18000010 0.44285720
vt 0.14000010 0.40000000
vt 0.08000007 0.37142860
vt 0.04000011 0.34285720
vt 0.00000006 0.30000000
vt 0.22000010 0.47142860
vt 0.18000010 0.41428570
vt 0.14000010 0.38571430
vt 0.08000007 0.35714290
vt 0.04000014 0.30000010
vt 0.00000009 0.27142870
vt 0.22000010 0.44285710
vt 0.18000010 0.40000000
vt 0.14000010 0.37142860
vt 0.08000010 0.34285710
vt 0.04000002 0.27142860
vt 0.00000006 0.22857140
vt 0.22000010 0.41428580
vt 0.18000010 0.38571430
vt 0.14000010 0.35714290
vt 0.08000007 0.30000000
vt 0.04000005 0.22857140
vt 0.00000006 0.21428570
vt 0.22000000 0.40000000
vt 0.18000000 0.37142860
vt 0.14000010 0.34285720
vt 0.08000007 0.27142860
vt 0.03999999 0.21428580
vt 0.00000006 0.20000010
vt 0.22000010 0.38571440
vt 0.18000010 0.35714290
vt 0.14000010 0.30000000
vt 0.08000013 0.22857140
vt 0.04000005 0.20000000
vt 0.00000006 0.18571430
vt 0.22000010 0.37142860
vt 0.18000010 0.34285710
vt 0.14000010 0.27142860
vt 0.08000010 0.21428580
vt 0.04000014 0.18571440
vt 0.00000006 0.14285720
vt 0.22000000 0.35714290
vt 0.18000000 0.30000000
vt 0.14000010 0.22857140
vt 0.08000007 0.20000000
vt 0.04000011 0.14285720
vt 0.00000006 0.11428570
vt 0.22000010 0.34285710
vt 0.18000010 0.27142860
vt 0.14000010 0.21428580
vt 0.08000001 0.18571430
vt 0.04000008 0.11428570
vt 0.00000006 0.08571437
vt 0.22000010 0.30000000
vt 0.18000000 0.22857140
vt 0.14000010 0.20000010
vt 0.08000004 0.14285710
vt 0.04000008 0.08571434
vt 0.00000009 0.05714294
vt 0.22000010 0.27142860
vt 0.18000010 0.21428580
vt 0.14000010 0.18571430
vt 0.08000013 0.11428570
vt 0.04000005 0.05714288
vt 0.00000006 0.02857149
vt 0.22000010 0.22857140
vt 0.18000000 0.20000000
vt 0.14000020 0.14285730
vt 0.08000001 0.08571431
vt 0.04000005 0.02857152
vt 0.00000009 0.00000009
vt 0.04000014 0.00000012
vt 0.08000013 0.05714288
vt 0.08000010 0.02857155
vt 0.08000010 0.00000000
vt 0.14000000 0.11428570
vt 0.18000010 0.18571440
vt 0.14000010 0.08571437
vt 0.14000010 0.05714297
vt 0.14000010 0.02857143
vt 0.14000000 0.00000003
vt 0.18000000 0.14285720
vt 0.18000010 0.11428580
vt 0.18000000 0.08571425
vt 0.18000010 0.05714288
vt 0.18000010 0.02857155
vt 0.18000010 0.00000000
vt 0.22000010 0.02857146
vt 0.22000000 0.00000012
vt 0.22000000 0.05714297
vt 0.22000010 0.08571434
vt 0.22000010 0.11428570
vt 0.22000000 0.14285720
vt 0.24000010 0.02857143
vt 0.24000000 0.00000000
vt 0.24000010 0.05714288
vt 0.24000000 0.08571437
vt 0.24000000 0.11428570
vt 0.26000000 0.02857152
vt 0.26000000 0.00000003
vt 0.26000010 0.05714291
vt 0.26000000 0.08571440
vt 0.28000000 0.02857155
vt 0.28000010 0.00000003
vt 0.28000010 0.05714288
vt 0.34000010 0.02857146
vt 0.34000000 0.00000012
vt 0.24000010 0.14285720
vt 0.26000000 0.11428570
vt 0.28000000 0.08571440
vt 0.34000000 0.05714297
vt 0.38000000 0.02857155
vt 0.38000000 0.00000003
vt 0.26000000 0.14285720
vt 0.28000000 0.11428580
vt 0.34000000 0.08571434
vt 0.38000010 0.05714291
vt 0.42000000 0.02857149
vt 0.42000010 0.00000000
vt 0.28000010 0.14285710
vt 0.34000010 0.11428570
vt 0.38000000 0.08571440
vt 0.42000010 0.05714285
vt 0.48000000 0.02857152
vt 0.48000000 0.00000006
vt 0.34000000 0.14285720
vt 0.38000000 0.11428580
vt 0.42000000 0.08571437
vt 0.48000000 0.05714291
vt 0.52000000 0.02857155
vt 0.52000010 0.00000003
vt 0.38000010 0.14285710
vt 0.42000010 0.11428570
vt 0.48000000 0.08571437
vt 0.52000010 0.05714291
vt 0.54000010 0.02857152
vt 0.54000010 0.00000000
vt 0.42000000 0.14285710
vt 0.48000000 0.11428570
vt 0.52000000 0.08571440
vt 0.54000010 0.05714288
vt 0.60000000 0.02857152
vt 0.60000000 0.00000006
vt 0.48000010 0.14285720
vt 0.52000000 0.11428570
vt 0.54000010 0.08571437
vt 0.60000000 0.05714294
vt 0.66000000 0.02857152
vt 0.66000000 0.00000000
vt 0.52000010 0.14285710
vt 0.54000010 0.11428580
vt 0.60000000 0.08571437
vt 0.66000010 0.05714294
vt 0.70000000 0.02857149
vt 0.70000000 0.00000006
vt 0.54000000 0.14285720
vt 0.60000000 0.11428570
vt 0.66000010 0.08571437
vt 0.70000000 0.05714291
vt 0.72000000 0.02857152
vt 0.72000000 0.00000006
vt 0.60000000 0.14285720
vt 0.66000000 0.11428570
vt 0.70000000 0.08571434
vt 0.72000000 0.05714291
vt 0.78000000 0.02857158
vt 0.78000000 0.00000009
vt 0.66000000 0.14285720
vt 0.70000010 0.11428570
vt 0.72000000 0.08571437
vt 0.78000010 0.05714291
vt 0.80000010 0.02857146
vt 0.80000000 0.00000012
vt 0.70000000 0.14285720
vt 0.72000000 0.11428570
vt 0.78000000 0.08571440
vt 0.80000000 0.05714297
vt 0.81999990 0.02857149
vt 0.82000000 0.00000006
vt 0.72000000 0.14285720
vt 0.78000000 0.11428570
vt 0.80000000 0.08571434
vt 0.81999990 0.05714288
vt 0.84000000 0.02857143
vt 0.84000000 0.00000006
vt 0.78000000 0.14285720
vt 0.80000010 0.11428570
vt 0.82000010 0.08571431
vt 0.84000000 0.05714291
vt 0.88000000 0.02857152
vt 0.87999990 0.00000006
vt 0.80000000 0.14285720
vt 0.81999990 0.11428570
vt 0.84000000 0.08571440
vt 0.88000000 0.05714288
vt 0.94000000 0.02857143
vt 0.93999990 0.00000003
vt 0.82000010 0.14285720
vt 0.84000000 0.11428570
vt 0.88000000 0.08571437
vt 0.93999990 0.05714288
vt 0.97999990 0.02857146
vt 0.97999990 0.00000006
vt 1.00000000 0.02857149
vt 1.00000000 0.00000000
vt 0.99999990 0.05714297
vt 0.98000000 0.05714288
vt 1.00000000 0.08571434
vt 0.98000000 0.08571434
vt 1.00000000 0.11428570
vt 0.93999990 0.08571440
vt 0.98000000 0.11428580
vt 1.00000000 0.14285720
vt 0.93999990 0.11428570
vt 0.97999980 0.14285730
vt 1.00000000 0.18571430
vt 0.88000000 0.11428570
vt 0.98000000 0.18571430
vt 1.00000000 0.20000010
vt 0.94000010 0.14285720
vt 0.88000010 0.14285730
vt 0.98000000 0.20000000
vt 1.00000000 0.21428570
vt 0.93999990 0.18571430
vt 0.84000000 0.14285720
vt 0.97999990 0.21428580
vt 1.00000000 0.22857140
vt 0.94000010 0.20000000
vt 0.88000000 0.18571430
vt 0.84000000 0.18571440
vt 0.98000000 0.22857140
vt 0.99999990 0.27142860
vt 0.94000000 0.21428570
vt 0.88000000 0.20000010
vt 0.82000010 0.18571430
vt 0.98000000 0.27142860
vt 0.99999990 0.30000000
vt 0.93999990 0.22857150
vt 0.88000000 0.21428580
vt 0.84000000 0.20000000
vt 0.80000000 0.18571440
vt 0.97999990 0.30000000
vt 0.99999990 0.34285710
vt 0.94000000 0.27142860
vt 0.88000010 0.22857150
vt 0.84000000 0.21428580
vt 0.82000000 0.20000000
vt 0.78000000 0.18571430
vt 0.98000000 0.34285710
vt 1.00000000 0.35714290
vt 0.94000010 0.30000000
vt 0.88000010 0.27142860
vt 0.84000000 0.22857150
vt 0.82000010 0.21428580
vt 0.80000000 0.20000000
vt 0.72000000 0.18571440
vt 0.78000000 0.20000000
vt 0.80000000 0.21428580
vt 0.81999990 0.22857150
vt 0.84000000 0.27142860
vt 0.70000000 0.18571430
vt 0.72000000 0.20000000
vt 0.78000000 0.21428580
vt 0.80000000 0.22857140
vt 0.66000000 0.18571430
vt 0.70000000 0.20000010
vt 0.72000000 0.21428570
vt 0.60000000 0.18571430
vt 0.66000000 0.20000000
vt 0.54000000 0.18571430
vt 0.82000000 0.27142860
vt 0.78000000 0.22857150
vt 0.70000000 0.21428580
vt 0.60000010 0.20000000
vt 0.52000010 0.18571430
vt 0.80000000 0.27142860
vt 0.72000000 0.22857150
vt 0.66000000 0.21428580
vt 0.54000000 0.20000000
vt 0.48000000 0.18571430
vt 0.78000010 0.27142860
vt 0.70000010 0.22857140
vt 0.60000000 0.21428580
vt 0.52000010 0.20000000
vt 0.42000010 0.18571440
vt 0.72000000 0.27142860
vt 0.66000000 0.22857150
vt 0.54000000 0.21428580
vt 0.48000010 0.20000000
vt 0.38000000 0.18571440
vt 0.70000000 0.27142860
vt 0.60000000 0.22857150
vt 0.52000000 0.21428580
vt 0.42000000 0.20000000
vt 0.34000010 0.18571440
vt 0.66000010 0.27142860
vt 0.54000010 0.22857150
vt 0.48000000 0.21428580
vt 0.38000000 0.20000010
vt 0.28000010 0.18571430
vt 0.60000000 0.27142860
vt 0.52000000 0.22857150
vt 0.42000000 0.21428580
vt 0.34000000 0.20000000
vt 0.26000010 0.18571440
vt 0.54000010 0.27142860
vt 0.48000000 0.22857150
vt 0.38000010 0.21428570
vt 0.28000010 0.20000000
vt 0.24000000 0.18571430
vt 0.52000000 0.27142860
vt 0.42000010 0.22857150
vt 0.34000010 0.21428570
vt 0.26000000 0.20000000
vt 0.22000010 0.18571430
vt 0.24000010 0.20000000
vt 0.22000000 0.20000000
vt 0.28000010 0.21428570
vt 0.38000000 0.22857150
vt 0.26000010 0.21428570
vt 0.24000010 0.21428580
vt 0.22000010 0.21428580
vt 0.34000010 0.22857140
vt 0.28000010 0.22857150
vt 0.26000010 0.22857140
vt 0.24000000 0.22857150
vt 0.24000000 0.27142860
vt 0.26000010 0.27142860
vt 0.28000000 0.27142860
vt 0.34000010 0.27142860
vt 0.38000000 0.27142860
vt 0.24000000 0.30000000
vt 0.26000010 0.30000010
vt 0.28000010 0.30000000
vt 0.34000010 0.30000000
vt 0.24000000 0.34285710
vt 0.26000010 0.34285720
vt 0.28000010 0.34285720
vt 0.24000010 0.35714290
vt 0.26000010 0.35714300
vt 0.24000000 0.37142860
vt 0.38000000 0.30000010
vt 0.34000010 0.34285720
vt 0.28000010 0.35714300
vt 0.26000010 0.37142860
vt 0.24000000 0.38571430
vt 0.38000000 0.34285720
vt 0.34000010 0.35714280
vt 0.28000010 0.37142860
vt 0.26000000 0.38571430
vt 0.24000010 0.40000000
vt 0.38000010 0.35714290
vt 0.34000010 0.37142860
vt 0.28000000 0.38571430
vt 0.26000010 0.40000000
vt 0.24000010 0.41428570
vt 0.38000010 0.37142850
vt 0.34000020 0.38571430
vt 0.28000010 0.40000010
vt 0.26000000 0.41428570
vt 0.24000000 0.44285710
vt 0.38000000 0.38571430
vt 0.34000010 0.40000000
vt 0.28000000 0.41428570
vt 0.26000000 0.44285720
vt 0.24000010 0.47142860
vt 0.38000010 0.40000000
vt 0.34000000 0.41428570
vt 0.28000010 0.44285710
vt 0.26000000 0.47142860
vt 0.24000010 0.48571430
vt 0.38000000 0.41428570
vt 0.34000010 0.44285710
vt 0.28000010 0.47142860
vt 0.26000000 0.48571430
vt 0.24000010 0.50000000
vt 0.38000000 0.44285720
vt 0.34000010 0.47142860
vt 0.28000000 0.48571430
vt 0.26000000 0.50000010
vt 0.24000010 0.51428570
vt 0.38000000 0.47142860
vt 0.34000000 0.48571430
vt 0.28000010 0.50000000
vt 0.26000010 0.51428570
vt 0.24000010 0.52857150
vt 0.38000000 0.48571430
vt 0.34000010 0.50000000
vt 0.28000010 0.51428570
vt 0.26000000 0.52857150
vt 0.24000010 0.54285720
vt 0.38000010 0.50000000
vt 0.34000010 0.51428570
vt 0.28000010 0.52857140
vt 0.26000000 0.54285720
vt 0.24000000 0.55714290
vt 0.38000010 0.51428570
vt 0.34000010 0.52857140
vt 0.28000010 0.54285710
vt 0.26000000 0.55714290
vt 0.24000010 0.58571430
vt 0.38000010 0.52857140
vt 0.34000010 0.54285720
vt 0.28000010 0.55714290
vt 0.26000000 0.58571430
vt 0.24000010 0.60000000
vt 0.38000010 0.54285710
vt 0.34000010 0.55714290
vt 0.28000010 0.58571430
vt 0.26000000 0.60000000
vt 0.24000000 0.61428570
vt 0.38000010 0.55714290
vt 0.34000010 0.58571430
vt 0.28000010 0.60000000
vt 0.26000000 0.61428570
vt 0.24000010 0.62857150
vt 0.38000000 0.58571430
vt 0.34000010 0.60000000
vt 0.28000010 0.61428580
vt 0.26000000 0.62857140
vt 0.24000000 0.64285710
vt 0.38000010 0.60000000
vt 0.34000010 0.61428570
vt 0.28000010 0.62857140
vt 0.26000010 0.64285720
vt 0.24000010 0.65714290
vt 0.38000010 0.61428580
vt 0.34000010 0.62857140
vt 0.28000010 0.64285710
vt 0.26000000 0.65714290
vt 0.24000010 0.67142860
vt 0.38000010 0.62857140
vt 0.34000010 0.64285710
vt 0.28000010 0.65714290
vt 0.26000010 0.67142860
vt 0.24000010 0.68571430
vt 0.38000000 0.64285710
vt 0.34000010 0.65714280
vt 0.28000010 0.67142860
vt 0.26000000 0.68571420
vt 0.24000010 0.70000000
vt 0.38000010 0.65714290
vt 0.34000000 0.67142860
vt 0.28000010 0.68571430
vt 0.26000000 0.70000000
vt 0.24000000 0.71428570
vt 0.38000000 0.67142860
vt 0.34000010 0.68571430
vt 0.28000000 0.69999990
vt 0.26000000 0.71428570
vt 0.24000010 0.74285710
vt 0.38000010 0.68571430
vt 0.34000010 0.70000000
vt 0.28000010 0.71428570
vt 0.26000000 0.74285720
vt 0.24000010 0.75714280
vt 0.38000000 0.70000000
vt 0.34000010 0.71428570
vt 0.28000010 0.74285710
vt 0.26000000 0.75714280
vt 0.24000000 0.77142860
vt 0.38000010 0.71428570
vt 0.34000010 0.74285710
vt 0.28000010 0.75714280
vt 0.26000010 0.77142860
vt 0.24000010 0.78571430
vt 0.38000010 0.74285720
vt 0.34000000 0.75714280
vt 0.28000010 0.77142860
vt 0.26000000 0.78571420
vt 0.24000010 0.80000010
vt 0.38000010 0.75714280
vt 0.34000010 0.77142860
vt 0.28000000 0.78571430
vt 0.26000000 0.80000010
vt 0.24000010 0.81428570
vt 0.38000000 0.77142860
vt 0.34000010 0.78571430
vt 0.28000010 0.80000010
vt 0.26000010 0.81428560
vt 0.24000000 0.82857140
vt 0.38000010 0.78571430
vt 0.34000010 0.80000000
vt 0.28000000 0.81428580
vt 0.26000000 0.82857140
vt 0.24000010 0.84285710
vt 0.38000000 0.80000000
vt 0.34000010 0.81428580
vt 0.28000010 0.82857140
vt 0.26000000 0.84285710
vt 0.24000010 0.85714290
vt 0.38000010 0.81428570
vt 0.34000010 0.82857140
vt 0.28000010 0.84285710
vt 0.26000000 0.85714290
vt 0.24000000 0.87142850
vt 0.38000010 0.82857140
vt 0.34000010 0.84285710
vt 0.28000010 0.85714290
vt 0.26000000 0.87142860
vt 0.24000000 0.88571430
vt 0.38000000 0.84285710
vt 0.34000010 0.85714290
vt 0.28000010 0.87142860
vt 0.26000000 0.88571430
vt 0.24000010 0.90000000
vt 0.38000010 0.85714290
vt 0.34000010 0.87142860
vt 0.28000010 0.88571430
vt 0.26000010 0.90000000
vt 0.24000000 0.91428570
vt 0.38000010 0.87142850
vt 0.34000010 0.88571430
vt 0.28000010 0.90000000
vt 0.26000000 0.91428570
vt 0.24000000 0.92857140
vt 0.26000000 0.92857150
vt 0.26000010 0.94285710
vt 0.28000010 0.91428570
vt 0.34000010 0.90000000
vt 0.28000010 0.92857150
vt 0.28000010 0.95714280
vt 0.34000010 1.00000000
vt 0.28000010 0.94285710
vt 0.34000010 0.95714280
vt 0.38000010 1.00000000
vt 0.34000010 0.91428570
vt 0.34000000 0.94285710
vt 0.38000000 0.95714280
vt 0.42000010 1.00000000
vt 0.34000010 0.92857150
vt 0.42000000 0.95714280
vt 0.48000000 1.00000000
vt 0.38000010 0.94285710
vt 0.38000000 0.92857150
vt 0.38000010 0.91428570
vt 0.48000010 0.95714290
vt 0.52000010 1.00000000
vt 0.42000010 0.94285710
vt 0.52000010 0.95714280
vt 0.54000010 1.00000000
vt 0.42000010 0.92857150
vt 0.48000000 0.94285710
vt 0.38000010 0.90000000
vt 0.54000000 0.95714280
vt 0.60000010 1.00000000
vt 0.52000010 0.94285710
vt 0.48000000 0.92857140
vt 0.42000010 0.91428570
vt 0.38000000 0.88571430
vt 0.60000010 0.95714290
vt 0.66000000 1.00000000
vt 0.54000010 0.94285710
vt 0.52000010 0.92857150
vt 0.48000010 0.91428570
vt 0.42000000 0.90000000
vt 0.42000010 0.88571440
vt 0.66000000 0.95714290
vt 0.70000000 1.00000000
vt 0.60000010 0.94285710
vt 0.54000010 0.92857150
vt 0.52000010 0.91428570
vt 0.48000000 0.90000000
vt 0.42000010 0.87142860
vt 0.70000000 0.95714280
vt 0.72000000 1.00000000
vt 0.66000000 0.94285710
vt 0.60000000 0.92857140
vt 0.54000010 0.91428570
vt 0.52000010 0.90000000
vt 0.48000000 0.88571430
vt 0.72000000 0.95714280
vt 0.78000000 1.00000000
vt 0.70000000 0.94285710
vt 0.66000000 0.92857140
vt 0.60000000 0.91428570
vt 0.54000010 0.90000000
vt 0.52000010 0.88571430
vt 0.48000000 0.87142850
vt 0.78000000 0.95714290
vt 0.80000000 1.00000000
vt 0.72000000 0.94285710
vt 0.70000000 0.92857150
vt 0.66000010 0.91428570
vt 0.60000000 0.90000000
vt 0.54000010 0.88571440
vt 0.80000010 0.95714280
vt 0.82000010 1.00000000
vt 0.78000000 0.94285710
vt 0.72000000 0.92857150
vt 0.70000000 0.91428570
vt 0.66000000 0.90000000
vt 0.82000010 0.95714280
vt 0.84000000 1.00000000
vt 0.80000000 0.94285710
vt 0.78000000 0.92857140
vt 0.72000000 0.91428570
vt 0.84000000 0.95714280
vt 0.88000010 1.00000000
vt 0.81999990 0.94285710
vt 0.80000010 0.92857150
vt 0.88000000 0.95714280
vt 0.93999990 0.99999990
vt 0.84000000 0.94285710
vt 0.94000010 0.95714280
vt 0.97999990 1.00000000
vt 0.70000000 0.90000010
vt 0.78000000 0.91428570
vt 0.82000000 0.92857140
vt 0.88000010 0.94285710
vt 0.97999990 0.95714280
vt 1.00000000 1.00000000
vt 0.99999990 0.95714290
vt 0.93999990 0.94285710
vt 0.97999990 0.94285710
vt 1.00000000 0.94285710
vt 0.84000000 0.92857150
vt 0.80000010 0.91428570
vt 0.88000000 0.92857150
vt 0.98000000 0.92857150
vt 1.00000000 0.92857150
vt 0.93999990 0.92857150
vt 0.81999990 0.91428570
vt 0.98000000 0.91428570
vt 1.00000000 0.91428570
vt 0.84000010 0.91428570
vt 0.93999990 0.91428570
vt 0.88000000 0.91428570
vt 0.97999990 0.90000000
vt 1.00000000 0.90000000
vt 0.93999990 0.90000010
vt 0.88000010 0.90000010
vt 0.84000000 0.90000000
vt 0.81999990 0.90000010
vt 0.98000000 0.88571440
vt 1.00000000 0.88571430
vt 0.93999990 0.88571430
vt 0.88000010 0.88571440
vt 0.84000000 0.88571440
vt 0.98000000 0.87142850
vt 0.99999990 0.87142850
vt 0.93999990 0.87142860
vt 0.88000000 0.87142860
vt 0.97999990 0.85714290
vt 1.00000000 0.85714290
vt 0.94000010 0.85714290
vt 0.97999990 0.84285710
vt 1.00000000 0.84285710
vt 0.82000000 0.88571430
vt 0.84000000 0.87142860
vt 0.88000000 0.85714290
vt 0.94000010 0.84285710
vt 0.98000000 0.82857140
vt 1.00000000 0.82857140
vt 0.82000000 0.87142850
vt 0.83999990 0.85714280
vt 0.88000000 0.84285710
vt 0.93999990 0.82857140
vt 0.98000000 0.81428580
vt 1.00000000 0.81428580
vt 0.82000010 0.85714290
vt 0.83999990 0.84285710
vt 0.88000000 0.82857140
vt 0.94000000 0.81428570
vt 0.97999990 0.80000010
vt 1.00000000 0.80000010
vt 0.82000010 0.84285710
vt 0.84000000 0.82857140
vt 0.88000010 0.81428570
vt 0.94000010 0.80000000
vt 0.97999990 0.78571430
vt 1.00000000 0.78571430
vt 0.82000000 0.82857140
vt 0.84000000 0.81428580
vt 0.88000000 0.80000010
vt 0.94000010 0.78571430
vt 0.98000000 0.77142860
vt 0.99999990 0.77142850
vt 0.81999990 0.81428580
vt 0.83999990 0.80000000
vt 0.88000000 0.78571430
vt 0.93999990 0.77142860
vt 0.98000000 0.75714290
vt 1.00000000 0.75714290
vt 0.82000010 0.80000000
vt 0.84000000 0.78571430
vt 0.88000000 0.77142860
vt 0.94000000 0.75714280
vt 0.98000000 0.74285710
vt 1.00000000 0.74285720
vt 0.82000010 0.78571430
vt 0.84000000 0.77142860
vt 0.88000010 0.75714280
vt 0.94000000 0.74285720
vt 0.97999990 0.71428570
vt 1.00000000 0.71428570
vt 0.81999990 0.77142860
vt 0.84000000 0.75714280
vt 0.88000010 0.74285710
vt 0.93999990 0.71428570
vt 0.98000000 0.70000000
vt 1.00000000 0.70000000
vt 0.81999990 0.75714290
vt 0.84000000 0.74285720
vt 0.88000000 0.71428570
vt 0.94000000 0.70000000
vt 0.98000000 0.68571430
vt 0.99999990 0.68571430
vt 0.81999990 0.74285710
vt 0.84000000 0.71428570
vt 0.88000010 0.70000000
vt 0.94000010 0.68571430
vt 0.97999990 0.67142860
vt 0.99999990 0.67142860
vt 0.81999990 0.71428570
vt 0.84000000 0.70000000
vt 0.88000000 0.68571420
vt 0.94000010 0.67142860
vt 0.97999990 0.65714280
vt 0.99999990 0.65714280
vt 0.81999990 0.70000000
vt 0.84000000 0.68571420
vt 0.88000000 0.67142860
vt 0.93999990 0.65714290
vt 0.98000000 0.64285720
vt 1.00000000 0.64285710
vt 0.82000010 0.68571420
vt 0.84000000 0.67142860
vt 0.88000010 0.65714290
vt 0.94000000 0.64285720
vt 0.97999990 0.62857150
vt 0.99999990 0.62857150
vt 0.82000000 0.67142860
vt 0.84000000 0.65714280
vt 0.88000010 0.64285710
vt 0.94000010 0.62857150
vt 0.97999990 0.61428570
vt 0.99999990 0.61428570
vt 0.81999990 0.65714290
vt 0.84000000 0.64285720
vt 0.88000000 0.62857140
vt 0.93999990 0.61428570
vt 0.98000000 0.60000010
vt 1.00000000 0.60000010
vt 0.82000000 0.64285720
vt 0.84000000 0.62857150
vt 0.88000010 0.61428580
vt 0.94000000 0.60000010
vt 0.98000000 0.58571420
vt 1.00000000 0.58571430
vt 0.82000000 0.62857140
vt 0.84000000 0.61428580
vt 0.88000010 0.60000000
vt 0.93999990 0.58571420
vt 0.98000000 0.55714290
vt 1.00000000 0.55714290
vt 0.82000010 0.61428570
vt 0.84000000 0.60000000
vt 0.88000000 0.58571430
vt 0.93999990 0.55714290
vt 0.98000000 0.54285720
vt 1.00000000 0.54285720
vt 0.82000000 0.60000000
vt 0.84000000 0.58571430
vt 0.88000010 0.55714290
vt 0.94000010 0.54285720
vt 0.97999990 0.52857150
vt 0.99999990 0.52857150
vt 0.81999990 0.58571430
vt 0.84000000 0.55714290
vt 0.88000000 0.54285720
vt 0.94000010 0.52857150
vt 0.97999990 0.51428570
vt 1.00000000 0.51428570
vt 0.81999990 0.55714290
vt 0.84000000 0.54285720
vt 0.88000010 0.52857150
vt 0.94000000 0.51428570
vt 0.98000000 0.50000000
vt 1.00000000 0.50000000
vt 0.82000000 0.54285720
vt 0.83999990 0.52857140
vt 0.88000000 0.51428570
vt 0.93999990 0.50000010
vt 0.97999990 0.48571420
vt 0.99999990 0.48571420
vt 0.82000000 0.52857140
vt 0.84000000 0.51428570
vt 0.88000010 0.50000010
vt 0.93999990 0.48571430
vt 0.97999990 0.47142870
vt 1.00000000 0.47142860
vt 0.82000000 0.51428570
vt 0.84000000 0.50000010
vt 0.88000000 0.48571430
vt 0.94000000 0.47142860
vt 0.97999990 0.44285710
vt 0.99999990 0.44285710
vt 0.81999990 0.50000010
vt 0.84000000 0.48571430
vt 0.88000000 0.47142860
vt 0.93999990 0.44285720
vt 0.98000000 0.41428580
vt 1.00000000 0.41428580
vt 0.82000000 0.48571430
vt 0.84000000 0.47142860
vt 0.88000010 0.44285720
vt 0.93999990 0.41428580
vt 0.97999990 0.40000000
vt 0.99999990 0.40000000
vt 0.82000000 0.47142860
vt 0.84000000 0.44285720
vt 0.88000010 0.41428570
vt 0.94000010 0.40000000
vt 0.98000000 0.38571440
vt 1.00000000 0.38571440
vt 0.81999990 0.44285720
vt 0.84000000 0.41428570
vt 0.88000000 0.40000000
vt 0.93999990 0.38571430
vt 0.98000000 0.37142860
vt 1.00000000 0.37142860
vt 0.82000010 0.41428570
vt 0.84000000 0.40000000
vt 0.88000010 0.38571430
vt 0.94000000 0.37142860
vt 0.97999990 0.35714290
vt 0.94000010 0.35714290
vt 0.94000010 0.34285710
vt 0.88000010 0.37142850
vt 0.84000010 0.38571430
vt 0.88000000 0.35714290
vt 0.88000000 0.30000010
vt 0.88000000 0.34285720
vt 0.84000010 0.30000000
vt 0.84000000 0.37142860
vt 0.84000010 0.35714290
vt 0.84000000 0.34285720
vt 0.82000000 0.30000010
vt 0.82000000 0.34285720
vt 0.80000000 0.30000000
vt 0.82000010 0.35714290
vt 0.82000000 0.37142860
vt 0.80000010 0.34285720
vt 0.78000000 0.30000000
vt 0.80000000 0.35714290
vt 0.81999990 0.38571430
vt 0.78000000 0.34285710
vt 0.72000010 0.30000000
vt 0.80000000 0.37142860
vt 0.82000010 0.40000000
vt 0.78000000 0.35714290
vt 0.71999990 0.34285720
vt 0.70000000 0.30000010
vt 0.80000000 0.38571430
vt 0.80000000 0.40000000
vt 0.78000000 0.37142850
vt 0.72000010 0.35714290
vt 0.70000000 0.34285720
vt 0.66000000 0.30000010
vt 0.78000000 0.38571430
vt 0.80000000 0.41428570
vt 0.72000000 0.37142860
vt 0.70000000 0.35714280
vt 0.66000000 0.34285720
vt 0.60000010 0.30000000
vt 0.78000000 0.40000000
vt 0.80000010 0.44285710
vt 0.72000010 0.38571430
vt 0.70000000 0.37142860
vt 0.66000000 0.35714290
vt 0.60000000 0.34285720
vt 0.54000000 0.30000010
vt 0.80000000 0.47142860
vt 0.80000000 0.48571430
vt 0.80000010 0.50000000
vt 0.80000000 0.51428570
vt 0.80000000 0.52857150
vt 0.80000000 0.54285720
vt 0.80000010 0.55714290
vt 0.80000010 0.58571430
vt 0.80000010 0.60000000
vt 0.80000000 0.61428570
vt 0.80000010 0.62857140
vt 0.80000000 0.64285720
vt 0.80000000 0.65714280
vt 0.80000000 0.67142860
vt 0.80000000 0.68571420
vt 0.80000000 0.70000000
vt 0.80000000 0.71428570
vt 0.80000000 0.74285710
vt 0.80000000 0.75714280
vt 0.80000000 0.77142860
vt 0.80000000 0.78571430
vt 0.80000010 0.80000010
vt 0.80000000 0.81428560
vt 0.80000010 0.82857140
vt 0.80000000 0.84285710
vt 0.80000010 0.85714290
vt 0.80000010 0.87142860
vt 0.80000010 0.88571430
vt 0.80000000 0.90000010
vt 0.78000000 0.90000000
vt 0.78000000 0.88571430
vt 0.78000000 0.87142850
vt 0.78000000 0.85714290
vt 0.78000000 0.84285710
vt 0.72000000 0.90000000
vt 0.72000000 0.88571440
vt 0.72000000 0.87142860
vt 0.72000000 0.85714290
vt 0.70000000 0.88571430
vt 0.70000000 0.87142850
vt 0.66000000 0.88571430
vt 0.71999990 0.84285710
vt 0.70000000 0.85714290
vt 0.66000000 0.87142850
vt 0.60000000 0.88571430
vt 0.60000000 0.87142850
vt 0.66000000 0.85714290
vt 0.70000000 0.84285710
vt 0.54000010 0.87142860
vt 0.60000010 0.85714290
vt 0.66000000 0.84285710
vt 0.52000010 0.87142850
vt 0.54000000 0.85714290
vt 0.60000010 0.84285710
vt 0.52000000 0.85714290
vt 0.48000010 0.85714290
vt 0.54000000 0.84285710
vt 0.52000010 0.84285710
vt 0.42000000 0.85714290
vt 0.42000000 0.84285710
vt 0.48000010 0.84285710
vt 0.42000010 0.82857140
vt 0.48000000 0.82857140
vt 0.42000010 0.81428580
vt 0.52000000 0.82857140
vt 0.48000010 0.81428570
vt 0.42000000 0.80000000
vt 0.54000010 0.82857140
vt 0.52000000 0.81428580
vt 0.48000010 0.80000010
vt 0.42000010 0.78571430
vt 0.60000000 0.82857140
vt 0.54000010 0.81428570
vt 0.52000010 0.80000000
vt 0.48000010 0.78571430
vt 0.42000000 0.77142860
vt 0.66000000 0.82857140
vt 0.60000000 0.81428570
vt 0.54000000 0.80000000
vt 0.52000000 0.78571430
vt 0.48000000 0.77142860
vt 0.42000010 0.75714280
vt 0.70000000 0.82857140
vt 0.66000000 0.81428570
vt 0.60000010 0.80000010
vt 0.54000010 0.78571430
vt 0.52000010 0.77142860
vt 0.48000010 0.75714280
vt 0.42000000 0.74285710
vt 0.42000010 0.71428570
vt 0.48000000 0.74285710
vt 0.52000000 0.75714280
vt 0.54000000 0.77142860
vt 0.60000000 0.78571430
vt 0.42000010 0.70000000
vt 0.48000000 0.71428570
vt 0.52000000 0.74285710
vt 0.54000010 0.75714280
vt 0.42000000 0.68571420
vt 0.48000000 0.70000000
vt 0.52000000 0.71428570
vt 0.42000010 0.67142860
vt 0.48000000 0.68571420
vt 0.42000000 0.65714280
vt 0.60000000 0.77142860
vt 0.54000000 0.74285710
vt 0.52000000 0.70000000
vt 0.48000000 0.67142860
vt 0.42000000 0.64285720
vt 0.60000000 0.75714280
vt 0.54000010 0.71428570
vt 0.52000010 0.68571430
vt 0.48000000 0.65714290
vt 0.42000000 0.62857140
vt 0.60000000 0.74285710
vt 0.54000010 0.70000000
vt 0.52000000 0.67142860
vt 0.48000000 0.64285720
vt 0.42000000 0.61428570
vt 0.60000000 0.71428570
vt 0.54000000 0.68571420
vt 0.52000000 0.65714290
vt 0.48000010 0.62857150
vt 0.42000000 0.60000000
vt 0.60000000 0.70000000
vt 0.54000010 0.67142860
vt 0.52000000 0.64285720
vt 0.48000000 0.61428570
vt 0.42000000 0.58571430
vt 0.60000000 0.68571420
vt 0.54000010 0.65714290
vt 0.52000000 0.62857140
vt 0.48000000 0.60000000
vt 0.42000000 0.55714290
vt 0.60000000 0.67142860
vt 0.54000000 0.64285720
vt 0.52000000 0.61428570
vt 0.48000010 0.58571430
vt 0.42000000 0.54285720
vt 0.60000000 0.65714290
vt 0.54000000 0.62857140
vt 0.52000000 0.60000000
vt 0.48000000 0.55714290
vt 0.42000000 0.52857140
vt 0.60000000 0.64285720
vt 0.54000010 0.61428570
vt 0.52000000 0.58571430
vt 0.48000000 0.54285720
vt 0.42000000 0.51428570
vt 0.60000010 0.62857150
vt 0.54000010 0.60000000
vt 0.52000000 0.55714290
vt 0.48000000 0.52857140
vt 0.42000000 0.50000010
vt 0.60000000 0.61428570
vt 0.54000010 0.58571430
vt 0.52000000 0.54285720
vt 0.48000000 0.51428570
vt 0.42000000 0.48571430
vt 0.60000000 0.60000010
vt 0.54000000 0.55714290
vt 0.52000000 0.52857140
vt 0.48000000 0.50000010
vt 0.42000010 0.47142860
vt 0.60000000 0.58571430
vt 0.54000010 0.54285720
vt 0.52000000 0.51428570
vt 0.48000010 0.48571430
vt 0.42000010 0.44285720
vt 0.60000000 0.55714290
vt 0.54000000 0.52857140
vt 0.52000000 0.50000010
vt 0.48000010 0.47142860
vt 0.42000000 0.41428580
vt 0.60000000 0.54285720
vt 0.54000000 0.51428570
vt 0.52000000 0.48571430
vt 0.48000000 0.44285720
vt 0.42000010 0.40000000
vt 0.60000000 0.52857140
vt 0.54000000 0.50000000
vt 0.52000000 0.47142860
vt 0.48000000 0.41428580
vt 0.42000010 0.38571430
vt 0.60000000 0.51428570
vt 0.54000010 0.48571430
vt 0.52000000 0.44285720
vt 0.48000010 0.40000000
vt 0.42000000 0.37142860
vt 0.60000000 0.50000000
vt 0.54000000 0.47142860
vt 0.52000000 0.41428580
vt 0.48000000 0.38571430
vt 0.42000010 0.35714290
vt 0.60000010 0.48571430
vt 0.54000010 0.44285720
vt 0.52000000 0.40000000
vt 0.48000000 0.37142860
vt 0.42000000 0.34285720
vt 0.60000000 0.47142860
vt 0.54000010 0.41428570
vt 0.52000000 0.38571430
vt 0.48000010 0.35714290
vt 0.42000000 0.30000010
vt 0.60000000 0.44285720
vt 0.54000000 0.40000000
vt 0.52000000 0.37142860
vt 0.48000000 0.34285720
vt 0.42000010 0.27142860
vt 0.48000010 0.30000000
vt 0.48000000 0.27142860
vt 0.52000000 0.30000010
vt 0.52000000 0.35714290
vt 0.52000000 0.34285720
vt 0.54000000 0.34285720
vt 0.54000000 0.35714290
vt 0.60000010 0.35714290
vt 0.54000010 0.37142850
vt 0.66000010 0.37142850
vt 0.60000000 0.37142860
vt 0.54000010 0.38571430
vt 0.69999990 0.38571430
vt 0.66000000 0.38571430
vt 0.60000000 0.38571440
vt 0.60000010 0.40000000
vt 0.72000010 0.40000000
vt 0.70000000 0.40000000
vt 0.66000000 0.40000000
vt 0.60000010 0.41428570
vt 0.78000000 0.41428570
vt 0.72000010 0.41428570
vt 0.78000000 0.44285720
vt 0.70000000 0.41428570
vt 0.66000000 0.41428570
vt 0.66000000 0.44285720
vt 0.78000000 0.47142860
vt 0.72000000 0.44285720
vt 0.69999990 0.44285720
vt 0.66000000 0.47142860
vt 0.78000000 0.48571430
vt 0.72000000 0.47142860
vt 0.70000000 0.47142860
vt 0.66000000 0.48571430
vt 0.78000000 0.50000010
vt 0.72000010 0.48571430
vt 0.70000000 0.48571430
vt 0.66000000 0.50000010
vt 0.78000000 0.51428570
vt 0.72000000 0.50000010
vt 0.70000010 0.50000000
vt 0.66000000 0.51428570
vt 0.78000000 0.52857150
vt 0.72000010 0.51428570
vt 0.70000000 0.51428570
vt 0.66000000 0.52857150
vt 0.78000000 0.54285720
vt 0.72000000 0.52857150
vt 0.70000000 0.52857150
vt 0.66000000 0.54285720
vt 0.78000000 0.55714290
vt 0.72000000 0.54285720
vt 0.69999990 0.54285720
vt 0.66000000 0.55714290
vt 0.78000000 0.58571430
vt 0.72000000 0.55714290
vt 0.70000000 0.55714290
vt 0.66000000 0.58571430
vt 0.78000000 0.60000000
vt 0.72000000 0.58571430
vt 0.70000000 0.58571430
vt 0.66000000 0.60000000
vt 0.78000010 0.61428580
vt 0.72000010 0.60000000
vt 0.70000000 0.60000010
vt 0.66000000 0.61428570
vt 0.78000000 0.62857150
vt 0.72000000 0.61428580
vt 0.70000000 0.61428570
vt 0.66000000 0.62857150
vt 0.78000000 0.64285720
vt 0.72000010 0.62857150
vt 0.70000010 0.62857140
vt 0.66000000 0.64285720
vt 0.78000000 0.65714290
vt 0.72000000 0.64285720
vt 0.70000000 0.64285720
vt 0.66000000 0.65714290
vt 0.78000000 0.67142860
vt 0.72000000 0.65714290
vt 0.70000000 0.65714280
vt 0.66000000 0.67142860
vt 0.78000000 0.68571430
vt 0.72000010 0.67142860
vt 0.70000000 0.67142860
vt 0.66000000 0.68571430
vt 0.78000000 0.70000000
vt 0.71999990 0.68571420
vt 0.70000000 0.68571430
vt 0.66000000 0.70000000
vt 0.78000000 0.71428570
vt 0.72000000 0.70000000
vt 0.69999990 0.70000000
vt 0.66000000 0.71428570
vt 0.78000000 0.74285720
vt 0.72000000 0.71428570
vt 0.70000000 0.71428570
vt 0.66000000 0.74285710
vt 0.78000000 0.75714280
vt 0.72000000 0.74285710
vt 0.69999990 0.74285710
vt 0.66000000 0.75714280
vt 0.78000000 0.77142860
vt 0.72000000 0.75714280
vt 0.70000000 0.75714280
vt 0.66000000 0.77142860
vt 0.78000000 0.78571430
vt 0.72000000 0.77142860
vt 0.70000000 0.77142860
vt 0.66000000 0.78571430
vt 0.78000000 0.80000010
vt 0.72000000 0.78571430
vt 0.70000000 0.78571430
vt 0.66000000 0.80000010
vt 0.78000000 0.81428580
vt 0.71999990 0.80000000
vt 0.70000000 0.80000000
vt 0.70000000 0.81428570
vt 0.72000000 0.81428580
vt 0.78000000 0.82857140
vt 0.72000000 0.82857140
f 3/3/3 2/2/2 1/1/1
f 2/2/2 4/4/4 1/1/1
f 1/1/1 4/4/4 5/5/5
f 2/2/2 6/6/6 4/4/4
f 4/4/4 7/7/7 5/5/5
f 5/5/5 7/7/7 8/8/8
f 6/6/6 9/9/9 4/4/4
f 4/4/4 9/9/9 7/7/7
f 6/6/6 10/10/10 9/9/9
f 7/7/7 11/11/11 8/8/8
f 8/8/8 11/11/11 12/12/12
f 9/9/9 13/13/13 7/7/7
f 7/7/7 13/13/13 11/11/11
f 10/10/10 14/14/14 9/9/9
f 9/9/9 14/14/14 13/13/13
f 10/10/10 15/15/15 14/14/14
f 11/11/11 16/16/16 12/12/12
f 12/12/12 16/16/16 17/17/17
f 13/13/13 18/18/18 11/11/11
f 11/11/11 18/18/18 16/16/16
f 14/14/14 19/19/19 13/13/13
f 13/13/13 19/19/19 18/18/18
f 15/15/15 20/20/20 14/14/14
f 14/14/14 20/20/20 19/19/19
f 15/15/15 21/21/21 20/20/20
f 16/16/16 22/22/22 17/17/17
f 17/17/17 22/22/22 23/23/23
f 18/18/18 24/24/24 16/16/16
f 16/16/16 24/24/24 22/22/22
f 19/19/19 25/25/25 18/18/18
f 18/18/18 25/25/25 24/24/24
f 20/20/20 26/26/26 19/19/19
f 19/19/19 26/26/26 25/25/25
f 21/21/21 27/27/27 20/20/20
f 20/20/20 27/27/27 26/26/26
f 21/21/21 28/28/28 27/27/27
f 22/22/22 29/29/29 23/23/23
f 23/23/23 29/29/29 30/30/30
f 24/24/24 31/31/31 22/22/22
f 22/22/22 31/31/31 29/29/29
f 25/25/25 32/32/32 24/24/24
f 24/24/24 32/32/32 31/31/31
f 26/26/26 33/33/33 25/25/25
f 25/25/25 33/33/33 32/32/32
f 27/27/27 34/34/34 26/26/26
f 26/26/26 34/34/34 33/33/33
f 28/28/28 35/35/35 27/27/27
f 27/27/27 35/35/35 34/34/34
f 28/28/28 36/36/36 35/35/35
f 29/29/29 37/37/37 30/30/30
f 30/30/30 37/37/37 38/38/38
f 31/31/31 39/39/39 29/29/29
f 29/29/29 39/39/39 37/37/37
f 32/32/32 40/40/40 31/31/31
f 31/31/31 40/40/40 39/39/39
f 33/33/33 41/41/41 32/32/32
f 32/32/32 41/41/41 40/40/40
f 34/34/34 42/42/42 33/33/33
f 33/33/33 42/42/42 41/41/41
f 35/35/35 43/43/43 34/34/34
f 34/34/34 43/43/43 42/42/42
f 36/36/36 44/44/44 35/35/35
f 35/35/35 44/44/44 43/43/43
f 36/36/36 45/45/45 44/44/44
f 45/45/45 46/46/46 44/44/44
f 45/45/45 47/47/47 46/46/46
f 44/44/44 48/48/48 43/43/43
f 44/44/44 46/46/46 48/48/48
f 43/43/43 49/49/49 42/42/42
f 43/43/43 48/48/48 49/49/49
f 42/42/42 50/50/50 41/41/41
f 42/42/42 49/49/49 50/50/50
f 41/41/41 51/51/51 40/40/40
f 41/41/41 50/50/50 51/51/51
f 47/47/47 52/52/52 46/46/46
f 47/47/47 53/53/53 52/52/52
f 46/46/46 54/54/54 48/48/48
f 46/46/46 52/52/52 54/54/54
f 48/48/48 55/55/55 49/49/49
f 48/48/48 54/54/54 55/55/55
f 49/49/49 56/56/56 50/50/50
f 49/49/49 55/55/55 56/56/56
f 53/53/53 57/57/57 52/52/52
f 53/53/53 58/58/58 57/57/57
f 52/52/52 59/59/59 54/54/54
f 52/52/52 57/57/57 59/59/59
f 54/54/54 60/60/60 55/55/55
f 54/54/54 59/59/59 60/60/60
f 58/58/58 61/61/61 57/57/57
f 58/58/58 62/62/62 61/61/61
f 57/57/57 63/63/63 59/59/59
f 57/57/57 61/61/61 63/63/63
f 62/62/62 64/64/64 61/61/61
f 62/62/62 65/65/65 64/64/64
f 50/50/50 56/56/56 66/66/66
f 50/50/50 66/66/66 51/51/51
f 55/55/55 67/67/67 56/56/56
f 55/55/55 60/60/60 67/67/67
f 59/59/59 68/68/68 60/60/60
f 59/59/59 63/63/63 68/68/68
f 61/61/61 69/69/69 63/63/63
f 61/61/61 64/64/64 69/69/69
f 65/65/65 70/70/70 64/64/64
f 65/65/65 71/71/71 70/70/70
f 56/56/56 72/72/72 66/66/66
f 56/56/56 67/67/67 72/72/72
f 60/60/60 73/73/73 67/67/67
f 60/60/60 68/68/68 73/73/73
f 63/63/63 74/74/74 68/68/68
f 63/63/63 69/69/69 74/74/74
f 64/64/64 75/75/75 69/69/69
f 64/64/64 70/70/70 75/75/75
f 71/71/71 76/76/76 70/70/70
f 71/71/71 77/77/77 76/76/76
f 67/67/67 78/78/78 72/72/72
f 67/67/67 73/73/73 78/78/78
f 68/68/68 79/79/79 73/73/73
f 68/68/68 74/74/74 79/79/79
f 69/69/69 80/80/80 74/74/74
f 69/69/69 75/75/75 80/80/80
f 70/70/70 81/81/81 75/75/75
f 70/70/70 76/76/76 81/81/81
f 77/77/77 82/82/82 76/76/76
f 77/77/77 83/83/83 82/82/82
f 73/73/73 84/84/84 78/78/78
f 73/73/73 79/79/79 84/84/84
f 74/74/74 85/85/85 79/79/79
f 74/74/74 80/80/80 85/85/85
f 75/75/75 86/86/86 80/80/80
f 75/75/75 81/81/81 86/86/86
f 76/76/76 87/87/87 81/81/81
f 76/76/76 82/82/82 87/87/87
f 83/83/83 88/88/88 82/82/82
f 83/83/83 89/89/89 88/88/88
f 79/79/79 90/90/90 84/84/84
f 79/79/79 85/85/85 90/90/90
f 80/80/80 91/91/91 85/85/85
f 80/80/80 86/86/86 91/91/91
f 81/81/81 92/92/92 86/86/86
f 81/81/81 87/87/87 92/92/92
f 82/82/82 93/93/93 87/87/87
f 82/82/82 88/88/88 93/93/93
f 89/89/89 94/94/94 88/88/88
f 89/89/89 95/95/95 94/94/94
f 85/85/85 96/96/96 90/90/90
f 85/85/85 91/91/91 96/96/96
f 86/86/86 97/97/97 91/91/91
f 86/86/86 92/92/92 97/97/97
f 87/87/87 98/98/98 92/92/92
f 87/87/87 93/93/93 98/98/98
f 88/88/88 99/99/99 93/93/93
f 88/88/88 94/94/94 99/99/99
f 95/95/95 100/100/100 94/94/94
f 95/95/95 101/101/101 100/100/100
f 91/91/91 102/102/102 96/96/96
f 91/91/91 97/97/97 102/102/102
f 92/92/92 103/103/103 97/97/97
f 92/92/92 98/98/98 103/103/103
f 93/93/93 104/104/104 98/98/98
f 93/93/93 99/99/99 104/104/104
f 94/94/94 105/105/105 99/99/99
f 94/94/94 100/100/100 105/105/105
f 101/101/101 106/106/106 100/100/100
f 101/101/101 107/107/107 106/106/106
f 97/97/97 108/108/108 102/102/102
f 97/97/97 103/103/103 108/108/108
f 98/98/98 109/109/109 103/103/103
f 98/98/98 104/104/104 109/109/109
f 99/99/99 110/110/110 104/104/104
f 99/99/99 105/105/105 110/110/110
f 100/100/100 111/111/111 105/105/105
f 100/100/100 106/106/106 111/111/111
f 107/107/107 112/112/112 106/106/106
f 107/107/107 113/113/113 112/112/112
f 103/103/103 114/114/114 108/108/108
f 103/103/103 109/109/109 114/114/114
f 104/104/104 115/115/115 109/109/109
f 104/104/104 110/110/110 115/115/115
f 105/105/105 116/116/116 110/110/110
f 105/105/105 111/111/111 116/116/116
f 106/106/106 117/117/117 111/111/111
f 106/106/106 112/112/112 117/117/117
f 113/113/113 118/118/118 112/112/112
f 113/113/113 119/119/119 118/118/118
f 109/109/109 120/120/120 114/114/114
f 109/109/109 115/115/115 120/120/120
f 110/110/110 121/121/121 115/115/115
f 110/110/110 116/116/116 121/121/121
f 111/111/111 122/122/122 116/116/116
f 111/111/111 117/117/117 122/122/122
f 112/112/112 123/123/123 117/117/117
f 112/112/112 118/118/118 123/123/123
f 119/119/119 124/124/124 118/118/118
f 119/119/119 125/125/125 124/124/124
f 115/115/115 126/126/126 120/120/120
f 115/115/115 121/121/121 126/126/126
f 116/116/116 127/127/127 121/121/121
f 116/116/116 122/122/122 127/127/127
f 117/117/117 128/128/128 122/122/122
f 117/117/117 123/123/123 128/128/128
f 118/118/118 129/129/129 123/123/123
f 118/118/118 124/124/124 129/129/129
f 125/125/125 130/130/130 124/124/124
f 125/125/125 131/131/131 130/130/130
f 121/121/121 132/132/132 126/126/126
f 121/121/121 127/127/127 132/132/132
f 122/122/122 133/133/133 127/127/127
f 122/122/122 128/128/128 133/133/133
f 123/123/123 134/134/134 128/128/128
f 123/123/123 129/129/129 134/134/134
f 124/124/124 135/135/135 129/129/129
f 124/124/124 130/130/130 135/135/135
f 131/131/131 136/136/136 130/130/130
f 131/131/131 137/137/137 136/136/136
f 127/127/127 138/138/138 132/132/132
f 127/127/127 133/133/133 138/138/138
f 128/128/128 139/139/139 133/133/133
f 128/128/128 134/134/134 139/139/139
f 129/129/129 140/140/140 134/134/134
f 129/129/129 135/135/135 140/140/140
f 130/130/130 141/141/141 135/135/135
f 130/130/130 136/136/136 141/141/141
f 137/137/137 142/142/142 136/136/136
f 137/137/137 143/143/143 142/142/142
f 133/133/133 144/144/144 138/138/138
f 133/133/133 139/139/139 144/144/144
f 134/134/134 145/145/145 139/139/139
f 134/134/134 140/140/140 145/145/145
f 135/135/135 146/146/146 140/140/140
f 135/135/135 141/141/141 146/146/146
f 136/136/136 147/147/147 141/141/141
f 136/136/136 142/142/142 147/147/147
f 143/143/143 148/148/148 142/142/142
f 143/143/143 149/149/149 148/148/148
f 139/139/139 150/150/150 144/144/144
f 139/139/139 145/145/145 150/150/150
f 140/140/140 151/151/151 145/145/145
f 140/140/140 146/146/146 151/151/151
f 141/141/141 152/152/152 146/146/146
f 141/141/141 147/147/147 152/152/152
f 142/142/142 153/153/153 147/147/147
f 142/142/142 148/148/148 153/153/153
f 149/149/149 154/154/154 148/148/148
f 149/149/149 155/155/155 154/154/154
f 145/145/145 156/156/156 150/150/150
f 145/145/145 151/151/151 156/156/156
f 146/146/146 157/157/157 151/151/151
f 146/146/146 152/152/152 157/157/157
f 147/147/147 158/158/158 152/152/152
f 147/147/147 153/153/153 158/158/158
f 148/148/148 159/159/159 153/153/153
f 148/148/148 154/154/154 159/159/159
f 155/155/155 160/160/160 154/154/154
f 155/155/155 161/161/161 160/160/160
f 151/151/151 162/162/162 156/156/156
f 151/151/151 157/157/157 162/162/162
f 152/152/152 163/163/163 157/157/157
f 152/152/152 158/158/158 163/163/163
f 153/153/153 164/164/164 158/158/158
f 153/153/153 159/159/159 164/164/164
f 154/154/154 165/165/165 159/159/159
f 154/154/154 160/160/160 165/165/165
f 161/161/161 166/166/166 160/160/160
f 161/161/161 167/167/167 166/166/166
f 157/157/157 168/168/168 162/162/162
f 157/157/157 163/163/163 168/168/168
f 158/158/158 169/169/169 163/163/163
f 158/158/158 164/164/164 169/169/169
f 159/159/159 170/170/170 164/164/164
f 159/159/159 165/165/165 170/170/170
f 160/160/160 171/171/171 165/165/165
f 160/160/160 166/166/166 171/171/171
f 167/167/167 172/172/172 166/166/166
f 167/167/167 173/173/173 172/172/172
f 163/163/163 174/174/174 168/168/168
f 163/163/163 169/169/169 174/174/174
f 164/164/164 175/175/175 169/169/169
f 164/164/164 170/170/170 175/175/175
f 165/165/165 176/176/176 170/170/170
f 165/165/165 171/171/171 176/176/176
f 166/166/166 177/177/177 171/171/171
f 166/166/166 172/172/172 177/177/177
f 173/173/173 178/178/178 172/172/172
f 173/173/173 179/179/179 178/178/178
f 169/169/169 180/180/180 174/174/174
f 169/169/169 175/175/175 180/180/180
f 170/170/170 181/181/181 175/175/175
f 170/170/170 176/176/176 181/181/181
f 171/171/171 182/182/182 176/176/176
f 171/171/171 177/177/177 182/182/182
f 172/172/172 183/183/183 177/177/177
f 172/172/172 178/178/178 183/183/183
f 179/179/179 184/184/184 178/178/178
f 179/179/179 185/185/185 184/184/184
f 175/175/175 186/186/186 180/180/180
f 175/175/175 181/181/181 186/186/186
f 176/176/176 187/187/187 181/181/181
f 176/176/176 182/182/182 187/187/187
f 177/177/177 188/188/188 182/182/182
f 177/177/177 183/183/183 188/188/188
f 178/178/178 189/189/189 183/183/183
f 178/178/178 184/184/184 189/189/189
f 185/185/185 190/190/190 184/184/184
f 185/185/185 191/191/191 190/190/190
f 181/181/181 192/192/192 186/186/186
f 181/181/181 187/187/187 192/192/192
f 182/182/182 193/193/193 187/187/187
f 182/182/182 188/188/188 193/193/193
f 183/183/183 194/194/194 188/188/188
f 183/183/183 189/189/189 194/194/194
f 184/184/184 195/195/195 189/189/189
f 184/184/184 190/190/190 195/195/195
f 191/191/191 196/196/196 190/190/190
f 191/191/191 197/197/197 196/196/196
f 187/187/187 198/198/198 192/192/192
f 187/187/187 193/193/193 198/198/198
f 188/188/188 199/199/199 193/193/193
f 188/188/188 194/194/194 199/199/199
f 189/189/189 200/200/200 194/194/194
f 189/189/189 195/195/195 200/200/200
f 190/190/190 201/201/201 195/195/195
f 190/190/190 196/196/196 201/201/201
f 197/197/197 202/202/202 196/196/196
f 197/197/197 203/203/203 202/202/202
f 193/193/193 204/204/204 198/198/198
f 193/193/193 199/199/199 204/204/204
f 194/194/194 205/205/205 199/199/199
f 194/194/194 200/200/200 205/205/205
f 195/195/195 206/206/206 200/200/200
f 195/195/195 201/201/201 206/206/206
f 196/196/196 207/207/207 201/201/201
f 196/196/196 202/202/202 207/207/207
f 203/203/203 208/208/208 202/202/202
f 203/203/203 209/209/209 208/208/208
f 199/199/199 210/210/210 204/204/204
f 199/199/199 205/205/205 210/210/210
f 200/200/200 211/211/211 205/205/205
f 200/200/200 206/206/206 211/211/211
f 201/201/201 212/212/212 206/206/206
f 201/201/201 207/207/207 212/212/212
f 202/202/202 213/213/213 207/207/207
f 202/202/202 208/208/208 213/213/213
f 209/209/209 214/214/214 208/208/208
f 209/209/209 215/215/215 214/214/214
f 205/205/205 216/216/216 210/210/210
f 205/205/205 211/211/211 216/216/216
f 206/206/206 217/217/217 211/211/211
f 206/206/206 212/212/212 217/217/217
f 207/207/207 218/218/218 212/212/212
f 207/207/207 213/213/213 218/218/218
f 208/208/208 219/219/219 213/213/213
f 208/208/208 214/214/214 219/219/219
f 215/215/215 220/220/220 214/214/214
f 215/215/215 221/221/221 220/220/220
f 211/211/211 222/222/222 216/216/216
f 211/211/211 217/217/217 222/222/222
f 212/212/212 223/223/223 217/217/217
f 212/212/212 218/218/218 223/223/223
f 213/213/213 224/224/224 218/218/218
f 213/213/213 219/219/219 224/224/224
f 214/214/214 225/225/225 219/219/219
f 214/214/214 220/220/220 225/225/225
f 221/221/221 226/226/226 220/220/220
f 221/221/221 227/227/227 226/226/226
f 217/217/217 228/228/228 222/222/222
f 217/217/217 223/223/223 228/228/228
f 218/218/218 229/229/229 223/223/223
f 218/218/218 224/224/224 229/229/229
f 219/219/219 230/230/230 224/224/224
f 219/219/219 225/225/225 230/230/230
f 220/220/220 231/231/231 225/225/225
f 220/220/220 226/226/226 231/231/231
f 227/227/227 232/232/232 226/226/226
f 227/227/227 233/233/233 232/232/232
f 223/223/223 234/234/234 228/228/228
f 223/223/223 229/229/229 234/234/234
f 224/224/224 235/235/235 229/229/229
f 224/224/224 230/230/230 235/235/235
f 225/225/225 236/236/236 230/230/230
f 225/225/225 231/231/231 236/236/236
f 226/226/226 237/237/237 231/231/231
f 226/226/226 232/232/232 237/237/237
f 233/233/233 238/238/238 232/232/232
f 233/233/233 239/239/239 238/238/238
f 229/229/229 240/240/240 234/234/234
f 229/229/229 235/235/235 240/240/240
f 230/230/230 241/241/241 235/235/235
f 230/230/230 236/236/236 241/241/241
f 231/231/231 242/242/242 236/236/236
f 231/231/231 237/237/237 242/242/242
f 232/232/232 243/243/243 237/237/237
f 232/232/232 238/238/238 243/243/243
f 239/239/239 244/244/244 238/238/238
f 239/239/239 245/245/245 244/244/244
f 235/235/235 246/246/246 240/240/240
f 235/235/235 241/241/241 246/246/246
f 236/236/236 247/247/247 241/241/241
f 236/236/236 242/242/242 247/247/247
f 237/237/237 248/248/248 242/242/242
f 237/237/237 243/243/243 248/248/248
f 238/238/238 249/249/249 243/243/243
f 238/238/238 244/244/244 249/249/249
f 245/245/245 250/250/250 244/244/244
f 245/245/245 251/251/251 250/250/250
f 241/241/241 252/252/252 246/246/246
f 241/241/241 247/247/247 252/252/252
f 242/242/242 253/253/253 247/247/247
f 242/242/242 248/248/248 253/253/253
f 243/243/243 254/254/254 248/248/248
f 243/243/243 249/249/249 254/254/254
f 244/244/244 255/255/255 249/249/249
f 244/244/244 250/250/250 255/255/255
f 251/251/251 256/256/256 250/250/250
f 251/251/251 257/257/257 256/256/256
f 247/247/247 258/258/258 252/252/252
f 247/247/247 253/253/253 258/258/258
f 248/248/248 259/259/259 253/253/253
f 248/248/248 254/254/254 259/259/259
f 249/249/249 260/260/260 254/254/254
f 249/249/249 255/255/255 260/260/260
f 250/250/250 261/261/261 255/255/255
f 250/250/250 256/256/256 261/261/261
f 257/257/257 262/262/262 256/256/256
f 257/257/257 263/263/263 262/262/262
f 253/253/253 264/264/264 258/258/258
f 253/253/253 259/259/259 264/264/264
f 254/254/254 265/265/265 259/259/259
f 254/254/254 260/260/260 265/265/265
f 255/255/255 266/266/266 260/260/260
f 255/255/255 261/261/261 266/266/266
f 256/256/256 267/267/267 261/261/261
f 256/256/256 262/262/262 267/267/267
f 263/263/263 268/268/268 262/262/262
f 263/263/263 269/269/269 268/268/268
f 259/259/259 270/270/270 264/264/264
f 259/259/259 265/265/265 270/270/270
f 260/260/260 271/271/271 265/265/265
f 260/260/260 266/266/266 271/271/271
f 261/261/261 272/272/272 266/266/266
f 261/261/261 267/267/267 272/272/272
f 262/262/262 273/273/273 267/267/267
f 262/262/262 268/268/268 273/273/273
f 269/269/269 274/274/274 268/268/268
f 269/269/269 275/275/275 274/274/274
f 265/265/265 276/276/276 270/270/270
f 265/265/265 271/271/271 276/276/276
f 266/266/266 277/277/277 271/271/271
f 266/266/266 272/272/272 277/277/277
f 267/267/267 278/278/278 272/272/272
f 267/267/267 273/273/273 278/278/278
f 268/268/268 279/279/279 273/273/273
f 268/268/268 274/274/274 279/279/279
f 275/275/275 280/280/280 274/274/274
f 275/275/275 281/281/281 280/280/280
f 271/271/271 282/282/282 276/276/276
f 271/271/271 277/277/277 282/282/282
f 272/272/272 283/283/283 277/277/277
f 272/272/272 278/278/278 283/283/283
f 273/273/273 284/284/284 278/278/278
f 273/273/273 279/279/279 284/284/284
f 274/274/274 285/285/285 279/279/279
f 274/274/274 280/280/280 285/285/285
f 281/281/281 286/286/286 280/280/280
f 281/281/281 287/287/287 286/286/286
f 277/277/277 288/288/288 282/282/282
f 277/277/277 283/283/283 288/288/288
f 278/278/278 289/289/289 283/283/283
f 278/278/278 284/284/284 289/289/289
f 279/279/279 290/290/290 284/284/284
f 279/279/279 285/285/285 290/290/290
f 280/280/280 291/291/291 285/285/285
f 280/280/280 286/286/286 291/291/291
f 287/287/287 292/292/292 286/286/286
f 287/287/287 293/293/293 292/292/292
f 283/283/283 294/294/294 288/288/288
f 283/283/283 289/289/289 294/294/294
f 284/284/284 295/295/295 289/289/289
f 284/284/284 290/290/290 295/295/295
f 285/285/285 296/296/296 290/290/290
f 285/285/285 291/291/291 296/296/296
f 286/286/286 297/297/297 291/291/291
f 286/286/286 292/292/292 297/297/297
f 293/293/293 298/298/298 292/292/292
f 293/293/293 299/299/299 298/298/298
f 299/299/299 300/300/300 298/298/298
f 292/292/292 298/298/298 301/301/301
f 292/292/292 301/301/301 297/297/297
f 298/298/298 300/300/300 302/302/302
f 298/298/298 302/302/302 301/301/301
f 300/300/300 303/303/303 302/302/302
f 291/291/291 297/297/297 304/304/304
f 291/291/291 304/304/304 296/296/296
f 290/290/290 296/296/296 305/305/305
f 290/290/290 305/305/305 295/295/295
f 297/297/297 301/301/301 306/306/306
f 297/297/297 306/306/306 304/304/304
f 301/301/301 302/302/302 307/307/307
f 301/301/301 307/307/307 306/306/306
f 302/302/302 303/303/303 308/308/308
f 302/302/302 308/308/308 307/307/307
f 303/303/303 309/309/309 308/308/308
f 296/296/296 304/304/304 310/310/310
f 296/296/296 310/310/310 305/305/305
f 304/304/304 306/306/306 311/311/311
f 304/304/304 311/311/311 310/310/310
f 306/306/306 307/307/307 312/312/312
f 306/306/306 312/312/312 311/311/311
f 307/307/307 308/308/308 313/313/313
f 307/307/307 313/313/313 312/312/312
f 308/308/308 309/309/309 314/314/314
f 308/308/308 314/314/314 313/313/313
f 309/309/309 315/315/315 314/314/314
f 314/314/314 315/315/315 316/316/316
f 315/315/315 317/317/317 316/316/316
f 313/313/313 314/314/314 318/318/318
f 314/314/314 316/316/316 318/318/318
f 312/312/312 313/313/313 319/319/319
f 313/313/313 318/318/318 319/319/319
f 311/311/311 312/312/312 320/320/320
f 312/312/312 319/319/319 320/320/320
f 310/310/310 311/311/311 321/321/321
f 311/311/311 320/320/320 321/321/321
f 316/316/316 317/317/317 322/322/322
f 317/317/317 323/323/323 322/322/322
f 318/318/318 316/316/316 324/324/324
f 316/316/316 322/322/322 324/324/324
f 319/319/319 318/318/318 325/325/325
f 318/318/318 324/324/324 325/325/325
f 320/320/320 319/319/319 326/326/326
f 319/319/319 325/325/325 326/326/326
f 322/322/322 323/323/323 327/327/327
f 323/323/323 328/328/328 327/327/327
f 324/324/324 322/322/322 329/329/329
f 322/322/322 327/327/327 329/329/329
f 325/325/325 324/324/324 330/330/330
f 324/324/324 329/329/329 330/330/330
f 327/327/327 328/328/328 331/331/331
f 328/328/328 332/332/332 331/331/331
f 329/329/329 327/327/327 333/333/333
f 327/327/327 331/331/331 333/333/333
f 331/331/331 332/332/332 334/334/334
f 332/332/332 335/335/335 334/334/334
f 320/320/320 326/326/326 336/336/336
f 321/321/321 320/320/320 336/336/336
f 326/326/326 325/325/325 337/337/337
f 325/325/325 330/330/330 337/337/337
f 330/330/330 329/329/329 338/338/338
f 329/329/329 333/333/333 338/338/338
f 333/333/333 331/331/331 339/339/339
f 331/331/331 334/334/334 339/339/339
f 334/334/334 335/335/335 340/340/340
f 335/335/335 341/341/341 340/340/340
f 336/336/336 326/326/326 342/342/342
f 326/326/326 337/337/337 342/342/342
f 337/337/337 330/330/330 343/343/343
f 330/330/330 338/338/338 343/343/343
f 338/338/338 333/333/333 344/344/344
f 333/333/333 339/339/339 344/344/344
f 339/339/339 334/334/334 345/345/345
f 334/334/334 340/340/340 345/345/345
f 340/340/340 341/341/341 346/346/346
f 341/341/341 347/347/347 346/346/346
f 342/342/342 337/337/337 348/348/348
f 337/337/337 343/343/343 348/348/348
f 343/343/343 338/338/338 349/349/349
f 338/338/338 344/344/344 349/349/349
f 344/344/344 339/339/339 350/350/350
f 339/339/339 345/345/345 350/350/350
f 345/345/345 340/340/340 351/351/351
f 340/340/340 346/346/346 351/351/351
f 346/346/346 347/347/347 352/352/352
f 347/347/347 353/353/353 352/352/352
f 348/348/348 343/343/343 354/354/354
f 343/343/343 349/349/349 354/354/354
f 349/349/349 344/344/344 355/355/355
f 344/344/344 350/350/350 355/355/355
f 350/350/350 345/345/345 356/356/356
f 345/345/345 351/351/351 356/356/356
f 351/351/351 346/346/346 357/357/357
f 346/346/346 352/352/352 357/357/357
f 352/352/352 353/353/353 358/358/358
f 353/353/353 359/359/359 358/358/358
f 354/354/354 349/349/349 360/360/360
f 349/349/349 355/355/355 360/360/360
f 355/355/355 350/350/350 361/361/361
f 350/350/350 356/356/356 361/361/361
f 356/356/356 351/351/351 362/362/362
f 351/351/351 357/357/357 362/362/362
f 357/357/357 352/352/352 363/363/363
f 352/352/352 358/358/358 363/363/363
f 358/358/358 359/359/359 364/364/364
f 359/359/359 365/365/365 364/364/364
f 360/360/360 355/355/355 366/366/366
f 355/355/355 361/361/361 366/366/366
f 361/361/361 356/356/356 367/367/367
f 356/356/356 362/362/362 367/367/367
f 362/362/362 357/357/357 368/368/368
f 357/357/357 363/363/363 368/368/368
f 363/363/363 358/358/358 369/369/369
f 358/358/358 364/364/364 369/369/369
f 364/364/364 365/365/365 370/370/370
f 365/365/365 371/371/371 370/370/370
f 366/366/366 361/361/361 372/372/372
f 361/361/361 367/367/367 372/372/372
f 367/367/367 362/362/362 373/373/373
f 362/362/362 368/368/368 373/373/373
f 368/368/368 363/363/363 374/374/374
f 363/363/363 369/369/369 374/374/374
f 369/369/369 364/364/364 375/375/375
f 364/364/364 370/370/370 375/375/375
f 370/370/370 371/371/371 376/376/376
f 371/371/371 377/377/377 376/376/376
f 372/372/372 367/367/367 378/378/378
f 367/367/367 373/373/373 378/378/378
f 373/373/373 368/368/368 379/379/379
f 368/368/368 374/374/374 379/379/379
f 374/374/374 369/369/369 380/380/380
f 369/369/369 375/375/375 380/380/380
f 375/375/375 370/370/370 381/381/381
f 370/370/370 376/376/376 381/381/381
f 376/376/376 377/377/377 382/382/382
f 377/377/377 383/383/383 382/382/382
f 378/378/378 373/373/373 384/384/384
f 373/373/373 379/379/379 384/384/384
f 379/379/379 374/374/374 385/385/385
f 374/374/374 380/380/380 385/385/385
f 380/380/380 375/375/375 386/386/386
f 375/375/375 381/381/381 386/386/386
f 381/381/381 376/376/376 387/387/387
f 376/376/376 382/382/382 387/387/387
f 382/382/382 383/383/383 388/388/388
f 383/383/383 389/389/389 388/388/388
f 384/384/384 379/379/379 390/390/390
f 379/379/379 385/385/385 390/390/390
f 385/385/385 380/380/380 391/391/391
f 380/380/380 386/386/386 391/391/391
f 386/386/386 381/381/381 392/392/392
f 381/381/381 387/387/387 392/392/392
f 387/387/387 382/382/382 393/393/393
f 382/382/382 388/388/388 393/393/393
f 388/388/388 389/389/389 394/394/394
f 389/389/389 395/395/395 394/394/394
f 390/390/390 385/385/385 396/396/396
f 385/385/385 391/391/391 396/396/396
f 391/391/391 386/386/386 397/397/397
f 386/386/386 392/392/392 397/397/397
f 392/392/392 387/387/387 398/398/398
f 387/387/387 393/393/393 398/398/398
f 393/393/393 388/388/388 399/399/399
f 388/388/388 394/394/394 399/399/399
f 394/394/394 395/395/395 400/400/400
f 395/395/395 401/401/401 400/400/400
f 396/396/396 391/391/391 402/402/402
f 391/391/391 397/397/397 402/402/402
f 397/397/397 392/392/392 403/403/403
f 392/392/392 398/398/398 403/403/403
f 398/398/398 393/393/393 404/404/404
f 393/393/393 399/399/399 404/404/404
f 399/399/399 394/394/394 405/405/405
f 394/394/394 400/400/400 405/405/405
f 400/400/400 401/401/401 406/406/406
f 401/401/401 407/407/407 406/406/406
f 402/402/402 397/397/397 408/408/408
f 397/397/397 403/403/403 408/408/408
f 403/403/403 398/398/398 409/409/409
f 398/398/398 404/404/404 409/409/409
f 404/404/404 399/399/399 410/410/410
f 399/399/399 405/405/405 410/410/410
f 405/405/405 400/400/400 411/411/411
f 400/400/400 406/406/406 411/411/411
f 406/406/406 407/407/407 412/412/412
f 407/407/407 413/413/413 412/412/412
f 408/408/408 403/403/403 414/414/414
f 403/403/403 409/409/409 414/414/414
f 409/409/409 404/404/404 415/415/415
f 404/404/404 410/410/410 415/415/415
f 410/410/410 405/405/405 416/416/416
f 405/405/405 411/411/411 416/416/416
f 411/411/411 406/406/406 417/417/417
f 406/406/406 412/412/412 417/417/417
f 412/412/412 413/413/413 418/418/418
f 413/413/413 419/419/419 418/418/418
f 414/414/414 409/409/409 420/420/420
f 409/409/409 415/415/415 420/420/420
f 415/415/415 410/410/410 421/421/421
f 410/410/410 416/416/416 421/421/421
f 416/416/416 411/411/411 422/422/422
f 411/411/411 417/417/417 422/422/422
f 417/417/417 412/412/412 423/423/423
f 412/412/412 418/418/418 423/423/423
f 418/418/418 419/419/419 424/424/424
f 419/419/419 425/425/425 424/424/424
f 420/420/420 415/415/415 426/426/426
f 415/415/415 421/421/421 426/426/426
f 421/421/421 416/416/416 427/427/427
f 416/416/416 422/422/422 427/427/427
f 422/422/422 417/417/417 428/428/428
f 417/417/417 423/423/423 428/428/428
f 423/423/423 418/418/418 429/429/429
f 418/418/418 424/424/424 429/429/429
f 424/424/424 425/425/425 430/430/430
f 425/425/425 431/431/431 430/430/430
f 430/430/430 431/431/431 432/432/432
f 431/431/431 433/433/433 432/432/432
f 430/430/430 432/432/432 434/434/434
f 424/424/424 430/430/430 435/435/435
f 435/435/435 430/430/430 434/434/434
f 429/429/429 424/424/424 435/435/435
f 435/435/435 434/434/434 436/436/436
f 437/437/437 435/435/435 436/436/436
f 429/429/429 435/435/435 437/437/437
f 437/437/437 436/436/436 438/438/438
f 423/423/423 429/429/429 439/439/439
f 439/439/439 429/429/429 437/437/437
f 428/428/428 423/423/423 439/439/439
f 440/440/440 437/437/437 438/438/438
f 439/439/439 437/437/437 440/440/440
f 440/440/440 438/438/438 441/441/441
f 428/428/428 439/439/439 442/442/442
f 442/442/442 439/439/439 440/440/440
f 443/443/443 440/440/440 441/441/441
f 442/442/442 440/440/440 443/443/443
f 443/443/443 441/441/441 444/444/444
f 445/445/445 428/428/428 442/442/442
f 422/422/422 428/428/428 445/445/445
f 427/427/427 422/422/422 445/445/445
f 446/446/446 443/443/443 444/444/444
f 446/446/446 444/444/444 447/447/447
f 448/448/448 442/442/442 443/443/443
f 445/445/445 442/442/442 448/448/448
f 448/448/448 443/443/443 446/446/446
f 427/427/427 445/445/445 449/449/449
f 449/449/449 445/445/445 448/448/448
f 450/450/450 446/446/446 447/447/447
f 450/450/450 447/447/447 451/451/451
f 452/452/452 448/448/448 446/446/446
f 449/449/449 448/448/448 452/452/452
f 452/452/452 446/446/446 450/450/450
f 453/453/453 427/427/427 449/449/449
f 421/421/421 427/427/427 453/453/453
f 426/426/426 421/421/421 453/453/453
f 454/454/454 450/450/450 451/451/451
f 454/454/454 451/451/451 455/455/455
f 456/456/456 452/452/452 450/450/450
f 456/456/456 450/450/450 454/454/454
f 457/457/457 449/449/449 452/452/452
f 453/453/453 449/449/449 457/457/457
f 457/457/457 452/452/452 456/456/456
f 426/426/426 453/453/453 458/458/458
f 458/458/458 453/453/453 457/457/457
f 459/459/459 454/454/454 455/455/455
f 459/459/459 455/455/455 460/460/460
f 461/461/461 456/456/456 454/454/454
f 461/461/461 454/454/454 459/459/459
f 462/462/462 457/457/457 456/456/456
f 458/458/458 457/457/457 462/462/462
f 462/462/462 456/456/456 461/461/461
f 463/463/463 426/426/426 458/458/458
f 420/420/420 426/426/426 463/463/463
f 464/464/464 459/459/459 460/460/460
f 464/464/464 460/460/460 465/465/465
f 466/466/466 461/461/461 459/459/459
f 466/466/466 459/459/459 464/464/464
f 467/467/467 462/462/462 461/461/461
f 467/467/467 461/461/461 466/466/466
f 468/468/468 458/458/458 462/462/462
f 463/463/463 458/458/458 468/468/468
f 468/468/468 462/462/462 467/467/467
f 469/469/469 420/420/420 463/463/463
f 414/414/414 420/420/420 469/469/469
f 470/470/470 464/464/464 465/465/465
f 470/470/470 465/465/465 471/471/471
f 472/472/472 466/466/466 464/464/464
f 472/472/472 464/464/464 470/470/470
f 473/473/473 467/467/467 466/466/466
f 473/473/473 466/466/466 472/472/472
f 474/474/474 468/468/468 467/467/467
f 474/474/474 467/467/467 473/473/473
f 475/475/475 463/463/463 468/468/468
f 469/469/469 463/463/463 475/475/475
f 475/475/475 468/468/468 474/474/474
f 476/476/476 414/414/414 469/469/469
f 408/408/408 414/414/414 476/476/476
f 477/477/477 470/470/470 471/471/471
f 477/477/477 471/471/471 478/478/478
f 479/479/479 472/472/472 470/470/470
f 479/479/479 470/470/470 477/477/477
f 480/480/480 473/473/473 472/472/472
f 480/480/480 472/472/472 479/479/479
f 481/481/481 474/474/474 473/473/473
f 481/481/481 473/473/473 480/480/480
f 482/482/482 475/475/475 474/474/474
f 482/482/482 474/474/474 481/481/481
f 483/483/483 469/469/469 475/475/475
f 483/483/483 475/475/475 482/482/482
f 476/476/476 469/469/469 483/483/483
f 484/484/484 408/408/408 476/476/476
f 402/402/402 408/408/408 484/484/484
f 485/485/485 476/476/476 483/483/483
f 484/484/484 476/476/476 485/485/485
f 486/486/486 483/483/483 482/482/482
f 485/485/485 483/483/483 486/486/486
f 487/487/487 482/482/482 481/481/481
f 486/486/486 482/482/482 487/487/487
f 488/488/488 481/481/481 480/480/480
f 487/487/487 481/481/481 488/488/488
f 489/489/489 402/402/402 484/484/484
f 396/396/396 402/402/402 489/489/489
f 490/490/490 484/484/484 485/485/485
f 489/489/489 484/484/484 490/490/490
f 491/491/491 485/485/485 486/486/486
f 490/490/490 485/485/485 491/491/491
f 492/492/492 486/486/486 487/487/487
f 491/491/491 486/486/486 492/492/492
f 493/493/493 396/396/396 489/489/489
f 390/390/390 396/396/396 493/493/493
f 494/494/494 489/489/489 490/490/490
f 493/493/493 489/489/489 494/494/494
f 495/495/495 490/490/490 491/491/491
f 494/494/494 490/490/490 495/495/495
f 496/496/496 390/390/390 493/493/493
f 384/384/384 390/390/390 496/496/496
f 497/497/497 493/493/493 494/494/494
f 496/496/496 493/493/493 497/497/497
f 498/498/498 384/384/384 496/496/496
f 378/378/378 384/384/384 498/498/498
f 492/492/492 487/487/487 499/499/499
f 499/499/499 487/487/487 488/488/488
f 500/500/500 491/491/491 492/492/492
f 495/495/495 491/491/491 500/500/500
f 501/501/501 494/494/494 495/495/495
f 497/497/497 494/494/494 501/501/501
f 502/502/502 496/496/496 497/497/497
f 498/498/498 496/496/496 502/502/502
f 503/503/503 378/378/378 498/498/498
f 372/372/372 378/378/378 503/503/503
f 504/504/504 492/492/492 499/499/499
f 500/500/500 492/492/492 504/504/504
f 505/505/505 495/495/495 500/500/500
f 501/501/501 495/495/495 505/505/505
f 506/506/506 497/497/497 501/501/501
f 502/502/502 497/497/497 506/506/506
f 507/507/507 498/498/498 502/502/502
f 503/503/503 498/498/498 507/507/507
f 508/508/508 372/372/372 503/503/503
f 366/366/366 372/372/372 508/508/508
f 509/509/509 500/500/500 504/504/504
f 505/505/505 500/500/500 509/509/509
f 510/510/510 501/501/501 505/505/505
f 506/506/506 501/501/501 510/510/510
f 511/511/511 502/502/502 506/506/506
f 507/507/507 502/502/502 511/511/511
f 512/512/512 503/503/503 507/507/507
f 508/508/508 503/503/503 512/512/512
f 513/513/513 366/366/366 508/508/508
f 360/360/360 366/366/366 513/513/513
f 514/514/514 505/505/505 509/509/509
f 510/510/510 505/505/505 514/514/514
f 515/515/515 506/506/506 510/510/510
f 511/511/511 506/506/506 515/515/515
f 516/516/516 507/507/507 511/511/511
f 512/512/512 507/507/507 516/516/516
f 517/517/517 508/508/508 512/512/512
f 513/513/513 508/508/508 517/517/517
f 518/518/518 360/360/360 513/513/513
f 354/354/354 360/360/360 518/518/518
f 519/519/519 510/510/510 514/514/514
f 515/515/515 510/510/510 519/519/519
f 520/520/520 511/511/511 515/515/515
f 516/516/516 511/511/511 520/520/520
f 521/521/521 512/512/512 516/516/516
f 517/517/517 512/512/512 521/521/521
f 522/522/522 513/513/513 517/517/517
f 518/518/518 513/513/513 522/522/522
f 523/523/523 354/354/354 518/518/518
f 348/348/348 354/354/354 523/523/523
f 524/524/524 515/515/515 519/519/519
f 520/520/520 515/515/515 524/524/524
f 525/525/525 516/516/516 520/520/520
f 521/521/521 516/516/516 525/525/525
f 526/526/526 517/517/517 521/521/521
f 522/522/522 517/517/517 526/526/526
f 527/527/527 518/518/518 522/522/522
f 523/523/523 518/518/518 527/527/527
f 528/528/528 348/348/348 523/523/523
f 342/342/342 348/348/348 528/528/528
f 529/529/529 520/520/520 524/524/524
f 525/525/525 520/520/520 529/529/529
f 530/530/530 521/521/521 525/525/525
f 526/526/526 521/521/521 530/530/530
f 531/531/531 522/522/522 526/526/526
f 527/527/527 522/522/522 531/531/531
f 532/532/532 523/523/523 527/527/527
f 528/528/528 523/523/523 532/532/532
f 533/533/533 342/342/342 528/528/528
f 336/336/336 342/342/342 533/533/533
f 534/534/534 525/525/525 529/529/529
f 530/530/530 525/525/525 534/534/534
f 535/535/535 526/526/526 530/530/530
f 531/531/531 526/526/526 535/535/535
f 536/536/536 527/527/527 531/531/531
f 532/532/532 527/527/527 536/536/536
f 537/537/537 528/528/528 532/532/532
f 533/533/533 528/528/528 537/537/537
f 538/538/538 336/336/336 533/533/533
f 321/321/321 336/336/336 538/538/538
f 539/539/539 530/530/530 534/534/534
f 535/535/535 530/530/530 539/539/539
f 540/540/540 531/531/531 535/535/535
f 536/536/536 531/531/531 540/540/540
f 541/541/541 532/532/532 536/536/536
f 537/537/537 532/532/532 541/541/541
f 542/542/542 533/533/533 537/537/537
f 538/538/538 533/533/533 542/542/542
f 543/543/543 321/321/321 538/538/538
f 310/310/310 321/321/321 543/543/543
f 305/305/305 310/310/310 543/543/543
f 543/543/543 538/538/538 544/544/544
f 544/544/544 538/538/538 542/542/542
f 305/305/305 543/543/543 545/545/545
f 545/545/545 543/543/543 544/544/544
f 295/295/295 305/305/305 545/545/545
f 542/542/542 537/537/537 546/546/546
f 546/546/546 537/537/537 541/541/541
f 541/541/541 536/536/536 547/547/547
f 547/547/547 536/536/536 540/540/540
f 544/544/544 542/542/542 548/548/548
f 548/548/548 542/542/542 546/546/546
f 545/545/545 544/544/544 549/549/549
f 549/549/549 544/544/544 548/548/548
f 295/295/295 545/545/545 550/550/550
f 550/550/550 545/545/545 549/549/549
f 289/289/289 295/295/295 550/550/550
f 289/289/289 550/550/550 294/294/294
f 546/546/546 541/541/541 551/551/551
f 551/551/551 541/541/541 547/547/547
f 548/548/548 546/546/546 552/552/552
f 552/552/552 546/546/546 551/551/551
f 549/549/549 548/548/548 553/553/553
f 553/553/553 548/548/548 552/552/552
f 550/550/550 549/549/549 554/554/554
f 294/294/294 550/550/550 554/554/554
f 554/554/554 549/549/549 553/553/553
f 294/294/294 554/554/554 555/555/555
f 288/288/288 294/294/294 555/555/555
f 554/554/554 553/553/553 556/556/556
f 555/555/555 554/554/554 556/556/556
f 553/553/553 552/552/552 557/557/557
f 556/556/556 553/553/553 557/557/557
f 552/552/552 551/551/551 558/558/558
f 557/557/557 552/552/552 558/558/558
f 551/551/551 547/547/547 559/559/559
f 558/558/558 551/551/551 559/559/559
f 288/288/288 555/555/555 560/560/560
f 282/282/282 288/288/288 560/560/560
f 555/555/555 556/556/556 561/561/561
f 560/560/560 555/555/555 561/561/561
f 556/556/556 557/557/557 562/562/562
f 561/561/561 556/556/556 562/562/562
f 557/557/557 558/558/558 563/563/563
f 562/562/562 557/557/557 563/563/563
f 282/282/282 560/560/560 564/564/564
f 276/276/276 282/282/282 564/564/564
f 560/560/560 561/561/561 565/565/565
f 564/564/564 560/560/560 565/565/565
f 561/561/561 562/562/562 566/566/566
f 565/565/565 561/561/561 566/566/566
f 276/276/276 564/564/564 567/567/567
f 270/270/270 276/276/276 567/567/567
f 564/564/564 565/565/565 568/568/568
f 567/567/567 564/564/564 568/568/568
f 270/270/270 567/567/567 569/569/569
f 264/264/264 270/270/270 569/569/569
f 563/563/563 558/558/558 570/570/570
f 558/558/558 559/559/559 570/570/570
f 562/562/562 563/563/563 571/571/571
f 566/566/566 562/562/562 571/571/571
f 565/565/565 566/566/566 572/572/572
f 568/568/568 565/565/565 572/572/572
f 567/567/567 568/568/568 573/573/573
f 569/569/569 567/567/567 573/573/573
f 264/264/264 569/569/569 574/574/574
f 258/258/258 264/264/264 574/574/574
f 563/563/563 570/570/570 575/575/575
f 571/571/571 563/563/563 575/575/575
f 566/566/566 571/571/571 576/576/576
f 572/572/572 566/566/566 576/576/576
f 568/568/568 572/572/572 577/577/577
f 573/573/573 568/568/568 577/577/577
f 569/569/569 573/573/573 578/578/578
f 574/574/574 569/569/569 578/578/578
f 258/258/258 574/574/574 579/579/579
f 252/252/252 258/258/258 579/579/579
f 571/571/571 575/575/575 580/580/580
f 576/576/576 571/571/571 580/580/580
f 572/572/572 576/576/576 581/581/581
f 577/577/577 572/572/572 581/581/581
f 573/573/573 577/577/577 582/582/582
f 578/578/578 573/573/573 582/582/582
f 574/574/574 578/578/578 583/583/583
f 579/579/579 574/574/574 583/583/583
f 252/252/252 579/579/579 584/584/584
f 246/246/246 252/252/252 584/584/584
f 576/576/576 580/580/580 585/585/585
f 581/581/581 576/576/576 585/585/585
f 577/577/577 581/581/581 586/586/586
f 582/582/582 577/577/577 586/586/586
f 578/578/578 582/582/582 587/587/587
f 583/583/583 578/578/578 587/587/587
f 579/579/579 583/583/583 588/588/588
f 584/584/584 579/579/579 588/588/588
f 246/246/246 584/584/584 589/589/589
f 240/240/240 246/246/246 589/589/589
f 581/581/581 585/585/585 590/590/590
f 586/586/586 581/581/581 590/590/590
f 582/582/582 586/586/586 591/591/591
f 587/587/587 582/582/582 591/591/591
f 583/583/583 587/587/587 592/592/592
f 588/588/588 583/583/583 592/592/592
f 584/584/584 588/588/588 593/593/593
f 589/589/589 584/584/584 593/593/593
f 240/240/240 589/589/589 594/594/594
f 234/234/234 240/240/240 594/594/594
f 586/586/586 590/590/590 595/595/595
f 591/591/591 586/586/586 595/595/595
f 587/587/587 591/591/591 596/596/596
f 592/592/592 587/587/587 596/596/596
f 588/588/588 592/592/592 597/597/597
f 593/593/593 588/588/588 597/597/597
f 589/589/589 593/593/593 598/598/598
f 594/594/594 589/589/589 598/598/598
f 234/234/234 594/594/594 599/599/599
f 228/228/228 234/234/234 599/599/599
f 591/591/591 595/595/595 600/600/600
f 596/596/596 591/591/591 600/600/600
f 592/592/592 596/596/596 601/601/601
f 597/597/597 592/592/592 601/601/601
f 593/593/593 597/597/597 602/602/602
f 598/598/598 593/593/593 602/602/602
f 594/594/594 598/598/598 603/603/603
f 599/599/599 594/594/594 603/603/603
f 228/228/228 599/599/599 604/604/604
f 222/222/222 228/228/228 604/604/604
f 596/596/596 600/600/600 605/605/605
f 601/601/601 596/596/596 605/605/605
f 597/597/597 601/601/601 606/606/606
f 602/602/602 597/597/597 606/606/606
f 598/598/598 602/602/602 607/607/607
f 603/603/603 598/598/598 607/607/607
f 599/599/599 603/603/603 608/608/608
f 604/604/604 599/599/599 608/608/608
f 222/222/222 604/604/604 609/609/609
f 216/216/216 222/222/222 609/609/609
f 601/601/601 605/605/605 610/610/610
f 606/606/606 601/601/601 610/610/610
f 602/602/602 606/606/606 611/611/611
f 607/607/607 602/602/602 611/611/611
f 603/603/603 607/607/607 612/612/612
f 608/608/608 603/603/603 612/612/612
f 604/604/604 608/608/608 613/613/613
f 609/609/609 604/604/604 613/613/613
f 216/216/216 609/609/609 614/614/614
f 210/210/210 216/216/216 614/614/614
f 606/606/606 610/610/610 615/615/615
f 611/611/611 606/606/606 615/615/615
f 607/607/607 611/611/611 616/616/616
f 612/612/612 607/607/607 616/616/616
f 608/608/608 612/612/612 617/617/617
f 613/613/613 608/608/608 617/617/617
f 609/609/609 613/613/613 618/618/618
f 614/614/614 609/609/609 618/618/618
f 210/210/210 614/614/614 619/619/619
f 204/204/204 210/210/210 619/619/619
f 611/611/611 615/615/615 620/620/620
f 616/616/616 611/611/611 620/620/620
f 612/612/612 616/616/616 621/621/621
f 617/617/617 612/612/612 621/621/621
f 613/613/613 617/617/617 622/622/622
f 618/618/618 613/613/613 622/622/622
f 614/614/614 618/618/618 623/623/623
f 619/619/619 614/614/614 623/623/623
f 204/204/204 619/619/619 624/624/624
f 198/198/198 204/204/204 624/624/624
f 616/616/616 620/620/620 625/625/625
f 621/621/621 616/616/616 625/625/625
f 617/617/617 621/621/621 626/626/626
f 622/622/622 617/617/617 626/626/626
f 618/618/618 622/622/622 627/627/627
f 623/623/623 618/618/618 627/627/627
f 619/619/619 623/623/623 628/628/628
f 624/624/624 619/619/619 628/628/628
f 198/198/198 624/624/624 629/629/629
f 192/192/192 198/198/198 629/629/629
f 621/621/621 625/625/625 630/630/630
f 626/626/626 621/621/621 630/630/630
f 622/622/622 626/626/626 631/631/631
f 627/627/627 622/622/622 631/631/631
f 623/623/623 627/627/627 632/632/632
f 628/628/628 623/623/623 632/632/632
f 624/624/624 628/628/628 633/633/633
f 629/629/629 624/624/624 633/633/633
f 192/192/192 629/629/629 634/634/634
f 186/186/186 192/192/192 634/634/634
f 626/626/626 630/630/630 635/635/635
f 631/631/631 626/626/626 635/635/635
f 627/627/627 631/631/631 636/636/636
f 632/632/632 627/627/627 636/636/636
f 628/628/628 632/632/632 637/637/637
f 633/633/633 628/628/628 637/637/637
f 629/629/629 633/633/633 638/638/638
f 634/634/634 629/629/629 638/638/638
f 186/186/186 634/634/634 639/639/639
f 180/180/180 186/186/186 639/639/639
f 631/631/631 635/635/635 640/640/640
f 636/636/636 631/631/631 640/640/640
f 632/632/632 636/636/636 641/641/641
f 637/637/637 632/632/632 641/641/641
f 633/633/633 637/637/637 642/642/642
f 638/638/638 633/633/633 642/642/642
f 634/634/634 638/638/638 643/643/643
f 639/639/639 634/634/634 643/643/643
f 180/180/180 639/639/639 644/644/644
f 174/174/174 180/180/180 644/644/644
f 636/636/636 640/640/640 645/645/645
f 641/641/641 636/636/636 645/645/645
f 637/637/637 641/641/641 646/646/646
f 642/642/642 637/637/637 646/646/646
f 638/638/638 642/642/642 647/647/647
f 643/643/643 638/638/638 647/647/647
f 639/639/639 643/643/643 648/648/648
f 644/644/644 639/639/639 648/648/648
f 174/174/174 644/644/644 649/649/649
f 168/168/168 174/174/174 649/649/649
f 641/641/641 645/645/645 650/650/650
f 646/646/646 641/641/641 650/650/650
f 642/642/642 646/646/646 651/651/651
f 647/647/647 642/642/642 651/651/651
f 643/643/643 647/647/647 652/652/652
f 648/648/648 643/643/643 652/652/652
f 644/644/644 648/648/648 653/653/653
f 649/649/649 644/644/644 653/653/653
f 168/168/168 649/649/649 654/654/654
f 162/162/162 168/168/168 654/654/654
f 646/646/646 650/650/650 655/655/655
f 651/651/651 646/646/646 655/655/655
f 647/647/647 651/651/651 656/656/656
f 652/652/652 647/647/647 656/656/656
f 648/648/648 652/652/652 657/657/657
f 653/653/653 648/648/648 657/657/657
f 649/649/649 653/653/653 658/658/658
f 654/654/654 649/649/649 658/658/658
f 162/162/162 654/654/654 659/659/659
f 156/156/156 162/162/162 659/659/659
f 651/651/651 655/655/655 660/660/660
f 656/656/656 651/651/651 660/660/660
f 652/652/652 656/656/656 661/661/661
f 657/657/657 652/652/652 661/661/661
f 653/653/653 657/657/657 662/662/662
f 658/658/658 653/653/653 662/662/662
f 654/654/654 658/658/658 663/663/663
f 659/659/659 654/654/654 663/663/663
f 156/156/156 659/659/659 664/664/664
f 150/150/150 156/156/156 664/664/664
f 656/656/656 660/660/660 665/665/665
f 661/661/661 656/656/656 665/665/665
f 657/657/657 661/661/661 666/666/666
f 662/662/662 657/657/657 666/666/666
f 658/658/658 662/662/662 667/667/667
f 663/663/663 658/658/658 667/667/667
f 659/659/659 663/663/663 668/668/668
f 664/664/664 659/659/659 668/668/668
f 150/150/150 664/664/664 669/669/669
f 144/144/144 150/150/150 669/669/669
f 661/661/661 665/665/665 670/670/670
f 666/666/666 661/661/661 670/670/670
f 662/662/662 666/666/666 671/671/671
f 667/667/667 662/662/662 671/671/671
f 663/663/663 667/667/667 672/672/672
f 668/668/668 663/663/663 672/672/672
f 664/664/664 668/668/668 673/673/673
f 669/669/669 664/664/664 673/673/673
f 144/144/144 669/669/669 674/674/674
f 138/138/138 144/144/144 674/674/674
f 666/666/666 670/670/670 675/675/675
f 671/671/671 666/666/666 675/675/675
f 667/667/667 671/671/671 676/676/676
f 672/672/672 667/667/667 676/676/676
f 668/668/668 672/672/672 677/677/677
f 673/673/673 668/668/668 677/677/677
f 669/669/669 673/673/673 678/678/678
f 674/674/674 669/669/669 678/678/678
f 138/138/138 674/674/674 679/679/679
f 132/132/132 138/138/138 679/679/679
f 671/671/671 675/675/675 680/680/680
f 676/676/676 671/671/671 680/680/680
f 672/672/672 676/676/676 681/681/681
f 677/677/677 672/672/672 681/681/681
f 673/673/673 677/677/677 682/682/682
f 678/678/678 673/673/673 682/682/682
f 674/674/674 678/678/678 683/683/683
f 679/679/679 674/674/674 683/683/683
f 132/132/132 679/679/679 684/684/684
f 126/126/126 132/132/132 684/684/684
f 676/676/676 680/680/680 685/685/685
f 681/681/681 676/676/676 685/685/685
f 677/677/677 681/681/681 686/686/686
f 682/682/682 677/677/677 686/686/686
f 678/678/678 682/682/682 687/687/687
f 683/683/683 678/678/678 687/687/687
f 679/679/679 683/683/683 688/688/688
f 684/684/684 679/679/679 688/688/688
f 126/126/126 684/684/684 689/689/689
f 120/120/120 126/126/126 689/689/689
f 681/681/681 685/685/685 690/690/690
f 686/686/686 681/681/681 690/690/690
f 682/682/682 686/686/686 691/691/691
f 687/687/687 682/682/682 691/691/691
f 683/683/683 687/687/687 692/692/692
f 688/688/688 683/683/683 692/692/692
f 684/684/684 688/688/688 693/693/693
f 689/689/689 684/684/684 693/693/693
f 120/120/120 689/689/689 694/694/694
f 114/114/114 120/120/120 694/694/694
f 686/686/686 690/690/690 695/695/695
f 691/691/691 686/686/686 695/695/695
f 687/687/687 691/691/691 696/696/696
f 692/692/692 687/687/687 696/696/696
f 688/688/688 692/692/692 697/697/697
f 693/693/693 688/688/688 697/697/697
f 689/689/689 693/693/693 698/698/698
f 694/694/694 689/689/689 698/698/698
f 114/114/114 694/694/694 699/699/699
f 108/108/108 114/114/114 699/699/699
f 691/691/691 695/695/695 700/700/700
f 696/696/696 691/691/691 700/700/700
f 692/692/692 696/696/696 701/701/701
f 697/697/697 692/692/692 701/701/701
f 693/693/693 697/697/697 702/702/702
f 698/698/698 693/693/693 702/702/702
f 694/694/694 698/698/698 703/703/703
f 699/699/699 694/694/694 703/703/703
f 108/108/108 699/699/699 704/704/704
f 102/102/102 108/108/108 704/704/704
f 696/696/696 700/700/700 705/705/705
f 701/701/701 696/696/696 705/705/705
f 697/697/697 701/701/701 706/706/706
f 702/702/702 697/697/697 706/706/706
f 698/698/698 702/702/702 707/707/707
f 703/703/703 698/698/698 707/707/707
f 699/699/699 703/703/703 708/708/708
f 704/704/704 699/699/699 708/708/708
f 102/102/102 704/704/704 709/709/709
f 96/96/96 102/102/102 709/709/709
f 701/701/701 705/705/705 710/710/710
f 706/706/706 701/701/701 710/710/710
f 702/702/702 706/706/706 711/711/711
f 707/707/707 702/702/702 711/711/711
f 703/703/703 707/707/707 712/712/712
f 708/708/708 703/703/703 712/712/712
f 704/704/704 708/708/708 713/713/713
f 709/709/709 704/704/704 713/713/713
f 96/96/96 709/709/709 714/714/714
f 90/90/90 96/96/96 714/714/714
f 706/706/706 710/710/710 715/715/715
f 711/711/711 706/706/706 715/715/715
f 707/707/707 711/711/711 716/716/716
f 712/712/712 707/707/707 716/716/716
f 708/708/708 712/712/712 717/717/717
f 713/713/713 708/708/708 717/717/717
f 709/709/709 713/713/713 718/718/718
f 714/714/714 709/709/709 718/718/718
f 90/90/90 714/714/714 719/719/719
f 84/84/84 90/90/90 719/719/719
f 711/711/711 715/715/715 720/720/720
f 716/716/716 711/711/711 720/720/720
f 712/712/712 716/716/716 721/721/721
f 717/717/717 712/712/712 721/721/721
f 713/713/713 717/717/717 722/722/722
f 718/718/718 713/713/713 722/722/722
f 714/714/714 718/718/718 723/723/723
f 719/719/719 714/714/714 723/723/723
f 84/84/84 719/719/719 724/724/724
f 78/78/78 84/84/84 724/724/724
f 716/716/716 720/720/720 725/725/725
f 721/721/721 716/716/716 725/725/725
f 717/717/717 721/721/721 726/726/726
f 722/722/722 717/717/717 726/726/726
f 718/718/718 722/722/722 727/727/727
f 723/723/723 718/718/718 727/727/727
f 719/719/719 723/723/723 728/728/728
f 724/724/724 719/719/719 728/728/728
f 78/78/78 724/724/724 729/729/729
f 72/72/72 78/78/78 729/729/729
f 721/721/721 725/725/725 730/730/730
f 726/726/726 721/721/721 730/730/730
f 722/722/722 726/726/726 731/731/731
f 727/727/727 722/722/722 731/731/731
f 723/723/723 727/727/727 732/732/732
f 728/728/728 723/723/723 732/732/732
f 724/724/724 728/728/728 733/733/733
f 729/729/729 724/724/724 733/733/733
f 72/72/72 729/729/729 734/734/734
f 66/66/66 72/72/72 734/734/734
f 726/726/726 730/730/730 735/735/735
f 731/731/731 726/726/726 735/735/735
f 727/727/727 731/731/731 736/736/736
f 732/732/732 727/727/727 736/736/736
f 728/728/728 732/732/732 737/737/737
f 733/733/733 728/728/728 737/737/737
f 729/729/729 733/733/733 738/738/738
f 734/734/734 729/729/729 738/738/738
f 66/66/66 734/734/734 739/739/739
f 51/51/51 66/66/66 739/739/739
f 731/731/731 735/735/735 740/740/740
f 736/736/736 731/731/731 740/740/740
f 732/732/732 736/736/736 741/741/741
f 737/737/737 732/732/732 741/741/741
f 733/733/733 737/737/737 742/742/742
f 738/738/738 733/733/733 742/742/742
f 734/734/734 738/738/738 743/743/743
f 739/739/739 734/734/734 743/743/743
f 51/51/51 739/739/739 744/744/744
f 40/40/40 51/51/51 744/744/744
f 40/40/40 744/744/744 39/39/39
f 744/744/744 739/739/739 745/745/745
f 739/739/739 743/743/743 745/745/745
f 39/39/39 744/744/744 746/746/746
f 744/744/744 745/745/745 746/746/746
f 39/39/39 746/746/746 37/37/37
f 743/743/743 738/738/738 747/747/747
f 738/738/738 742/742/742 747/747/747
f 742/742/742 737/737/737 748/748/748
f 737/737/737 741/741/741 748/748/748
f 745/745/745 743/743/743 749/749/749
f 743/743/743 747/747/747 749/749/749
f 37/37/37 746/746/746 750/750/750
f 37/37/37 750/750/750 38/38/38
f 38/38/38 750/750/750 751/751/751
f 746/746/746 745/745/745 752/752/752
f 746/746/746 752/752/752 750/750/750
f 745/745/745 749/749/749 752/752/752
f 750/750/750 753/753/753 751/751/751
f 750/750/750 752/752/752 753/753/753
f 751/751/751 753/753/753 754/754/754
f 747/747/747 742/742/742 755/755/755
f 742/742/742 748/748/748 755/755/755
f 752/752/752 749/749/749 756/756/756
f 752/752/752 756/756/756 753/753/753
f 753/753/753 757/757/757 754/754/754
f 753/753/753 756/756/756 757/757/757
f 754/754/754 757/757/757 758/758/758
f 749/749/749 747/747/747 759/759/759
f 749/749/749 759/759/759 756/756/756
f 747/747/747 755/755/755 759/759/759
f 757/757/757 760/760/760 758/758/758
f 758/758/758 760/760/760 761/761/761
f 756/756/756 762/762/762 757/757/757
f 756/756/756 759/759/759 762/762/762
f 757/757/757 762/762/762 760/760/760
f 759/759/759 755/755/755 763/763/763
f 759/759/759 763/763/763 762/762/762
f 755/755/755 748/748/748 764/764/764
f 755/755/755 764/764/764 763/763/763
f 760/760/760 765/765/765 761/761/761
f 761/761/761 765/765/765 766/766/766
f 762/762/762 767/767/767 760/760/760
f 762/762/762 763/763/763 767/767/767
f 760/760/760 767/767/767 765/765/765
f 765/765/765 768/768/768 766/766/766
f 766/766/766 768/768/768 769/769/769
f 763/763/763 770/770/770 767/767/767
f 763/763/763 764/764/764 770/770/770
f 767/767/767 771/771/771 765/765/765
f 765/765/765 771/771/771 768/768/768
f 767/767/767 770/770/770 771/771/771
f 748/748/748 772/772/772 764/764/764
f 748/748/748 741/741/741 772/772/772
f 768/768/768 773/773/773 769/769/769
f 769/769/769 773/773/773 774/774/774
f 771/771/771 775/775/775 768/768/768
f 768/768/768 775/775/775 773/773/773
f 770/770/770 776/776/776 771/771/771
f 771/771/771 776/776/776 775/775/775
f 764/764/764 777/777/777 770/770/770
f 764/764/764 772/772/772 777/777/777
f 770/770/770 777/777/777 776/776/776
f 741/741/741 778/778/778 772/772/772
f 741/741/741 736/736/736 778/778/778
f 736/736/736 740/740/740 778/778/778
f 773/773/773 779/779/779 774/774/774
f 774/774/774 779/779/779 780/780/780
f 775/775/775 781/781/781 773/773/773
f 773/773/773 781/781/781 779/779/779
f 776/776/776 782/782/782 775/775/775
f 775/775/775 782/782/782 781/781/781
f 777/777/777 783/783/783 776/776/776
f 776/776/776 783/783/783 782/782/782
f 772/772/772 784/784/784 777/777/777
f 772/772/772 778/778/778 784/784/784
f 777/777/777 784/784/784 783/783/783
f 778/778/778 740/740/740 785/785/785
f 778/778/778 785/785/785 784/784/784
f 779/779/779 786/786/786 780/780/780
f 780/780/780 786/786/786 787/787/787
f 781/781/781 788/788/788 779/779/779
f 779/779/779 788/788/788 786/786/786
f 782/782/782 789/789/789 781/781/781
f 781/781/781 789/789/789 788/788/788
f 783/783/783 790/790/790 782/782/782
f 782/782/782 790/790/790 789/789/789
f 784/784/784 791/791/791 783/783/783
f 784/784/784 785/785/785 791/791/791
f 783/783/783 791/791/791 790/790/790
f 740/740/740 792/792/792 785/785/785
f 740/740/740 735/735/735 792/792/792
f 786/786/786 793/793/793 787/787/787
f 787/787/787 793/793/793 794/794/794
f 788/788/788 795/795/795 786/786/786
f 786/786/786 795/795/795 793/793/793
f 789/789/789 796/796/796 788/788/788
f 788/788/788 796/796/796 795/795/795
f 790/790/790 797/797/797 789/789/789
f 789/789/789 797/797/797 796/796/796
f 791/791/791 798/798/798 790/790/790
f 790/790/790 798/798/798 797/797/797
f 785/785/785 799/799/799 791/791/791
f 791/791/791 799/799/799 798/798/798
f 785/785/785 792/792/792 799/799/799
f 793/793/793 800/800/800 794/794/794
f 794/794/794 800/800/800 801/801/801
f 795/795/795 802/802/802 793/793/793
f 793/793/793 802/802/802 800/800/800
f 796/796/796 803/803/803 795/795/795
f 795/795/795 803/803/803 802/802/802
f 797/797/797 804/804/804 796/796/796
f 796/796/796 804/804/804 803/803/803
f 798/798/798 805/805/805 797/797/797
f 797/797/797 805/805/805 804/804/804
f 799/799/799 806/806/806 798/798/798
f 798/798/798 806/806/806 805/805/805
f 792/792/792 807/807/807 799/799/799
f 799/799/799 807/807/807 806/806/806
f 800/800/800 808/808/808 801/801/801
f 801/801/801 808/808/808 809/809/809
f 802/802/802 810/810/810 800/800/800
f 800/800/800 810/810/810 808/808/808
f 803/803/803 811/811/811 802/802/802
f 802/802/802 811/811/811 810/810/810
f 804/804/804 812/812/812 803/803/803
f 803/803/803 812/812/812 811/811/811
f 805/805/805 813/813/813 804/804/804
f 804/804/804 813/813/813 812/812/812
f 806/806/806 814/814/814 805/805/805
f 805/805/805 814/814/814 813/813/813
f 808/808/808 815/815/815 809/809/809
f 809/809/809 815/815/815 816/816/816
f 810/810/810 817/817/817 808/808/808
f 808/808/808 817/817/817 815/815/815
f 811/811/811 818/818/818 810/810/810
f 810/810/810 818/818/818 817/817/817
f 812/812/812 819/819/819 811/811/811
f 811/811/811 819/819/819 818/818/818
f 813/813/813 820/820/820 812/812/812
f 812/812/812 820/820/820 819/819/819
f 815/815/815 821/821/821 816/816/816
f 816/816/816 821/821/821 822/822/822
f 817/817/817 823/823/823 815/815/815
f 815/815/815 823/823/823 821/821/821
f 818/818/818 824/824/824 817/817/817
f 817/817/817 824/824/824 823/823/823
f 819/819/819 825/825/825 818/818/818
f 818/818/818 825/825/825 824/824/824
f 821/821/821 826/826/826 822/822/822
f 822/822/822 826/826/826 827/827/827
f 823/823/823 828/828/828 821/821/821
f 821/821/821 828/828/828 826/826/826
f 824/824/824 829/829/829 823/823/823
f 823/823/823 829/829/829 828/828/828
f 826/826/826 830/830/830 827/827/827
f 827/827/827 830/830/830 831/831/831
f 828/828/828 832/832/832 826/826/826
f 826/826/826 832/832/832 830/830/830
f 830/830/830 833/833/833 831/831/831
f 831/831/831 833/833/833 834/834/834
f 819/819/819 835/835/835 825/825/825
f 820/820/820 835/835/835 819/819/819
f 825/825/825 836/836/836 824/824/824
f 824/824/824 836/836/836 829/829/829
f 829/829/829 837/837/837 828/828/828
f 828/828/828 837/837/837 832/832/832
f 832/832/832 838/838/838 830/830/830
f 830/830/830 838/838/838 833/833/833
f 833/833/833 839/839/839 834/834/834
f 834/834/834 839/839/839 840/840/840
f 839/839/839 841/841/841 840/840/840
f 833/833/833 842/842/842 839/839/839
f 838/838/838 842/842/842 833/833/833
f 839/839/839 843/843/843 841/841/841
f 842/842/842 843/843/843 839/839/839
f 843/843/843 844/844/844 841/841/841
f 832/832/832 845/845/845 838/838/838
f 837/837/837 845/845/845 832/832/832
f 829/829/829 846/846/846 837/837/837
f 836/836/836 846/846/846 829/829/829
f 838/838/838 847/847/847 842/842/842
f 845/845/845 847/847/847 838/838/838
f 843/843/843 848/848/848 844/844/844
f 848/848/848 849/849/849 844/844/844
f 842/842/842 850/850/850 843/843/843
f 847/847/847 850/850/850 842/842/842
f 850/850/850 848/848/848 843/843/843
f 837/837/837 851/851/851 845/845/845
f 846/846/846 851/851/851 837/837/837
f 848/848/848 852/852/852 849/849/849
f 852/852/852 853/853/853 849/849/849
f 845/845/845 854/854/854 847/847/847
f 851/851/851 854/854/854 845/845/845
f 850/850/850 855/855/855 848/848/848
f 855/855/855 852/852/852 848/848/848
f 847/847/847 856/856/856 850/850/850
f 854/854/854 856/856/856 847/847/847
f 856/856/856 855/855/855 850/850/850
f 852/852/852 857/857/857 853/853/853
f 857/857/857 858/858/858 853/853/853
f 855/855/855 859/859/859 852/852/852
f 859/859/859 857/857/857 852/852/852
f 856/856/856 860/860/860 855/855/855
f 860/860/860 859/859/859 855/855/855
f 854/854/854 861/861/861 856/856/856
f 861/861/861 860/860/860 856/856/856
f 851/851/851 862/862/862 854/854/854
f 862/862/862 861/861/861 854/854/854
f 857/857/857 863/863/863 858/858/858
f 863/863/863 864/864/864 858/858/858
f 859/859/859 865/865/865 857/857/857
f 865/865/865 863/863/863 857/857/857
f 860/860/860 866/866/866 859/859/859
f 866/866/866 865/865/865 859/859/859
f 861/861/861 867/867/867 860/860/860
f 867/867/867 866/866/866 860/860/860
f 863/863/863 868/868/868 864/864/864
f 868/868/868 869/869/869 864/864/864
f 865/865/865 870/870/870 863/863/863
f 870/870/870 868/868/868 863/863/863
f 866/866/866 871/871/871 865/865/865
f 871/871/871 870/870/870 865/865/865
f 868/868/868 872/872/872 869/869/869
f 872/872/872 873/873/873 869/869/869
f 870/870/870 874/874/874 868/868/868
f 874/874/874 872/872/872 868/868/868
f 872/872/872 875/875/875 873/873/873
f 875/875/875 876/876/876 873/873/873
f 877/877/877 867/867/867 861/861/861
f 862/862/862 877/877/877 861/861/861
f 867/867/867 878/878/878 866/866/866
f 878/878/878 871/871/871 866/866/866
f 871/871/871 879/879/879 870/870/870
f 879/879/879 874/874/874 870/870/870
f 874/874/874 880/880/880 872/872/872
f 880/880/880 875/875/875 872/872/872
f 875/875/875 881/881/881 876/876/876
f 881/881/881 882/882/882 876/876/876
f 877/877/877 883/883/883 867/867/867
f 883/883/883 878/878/878 867/867/867
f 878/878/878 884/884/884 871/871/871
f 884/884/884 879/879/879 871/871/871
f 879/879/879 885/885/885 874/874/874
f 885/885/885 880/880/880 874/874/874
f 880/880/880 886/886/886 875/875/875
f 886/886/886 881/881/881 875/875/875
f 881/881/881 887/887/887 882/882/882
f 887/887/887 888/888/888 882/882/882
f 883/883/883 889/889/889 878/878/878
f 889/889/889 884/884/884 878/878/878
f 884/884/884 890/890/890 879/879/879
f 890/890/890 885/885/885 879/879/879
f 885/885/885 891/891/891 880/880/880
f 891/891/891 886/886/886 880/880/880
f 886/886/886 892/892/892 881/881/881
f 892/892/892 887/887/887 881/881/881
f 887/887/887 893/893/893 888/888/888
f 893/893/893 894/894/894 888/888/888
f 889/889/889 895/895/895 884/884/884
f 895/895/895 890/890/890 884/884/884
f 890/890/890 896/896/896 885/885/885
f 896/896/896 891/891/891 885/885/885
f 891/891/891 897/897/897 886/886/886
f 897/897/897 892/892/892 886/886/886
f 892/892/892 898/898/898 887/887/887
f 898/898/898 893/893/893 887/887/887
f 893/893/893 899/899/899 894/894/894
f 899/899/899 900/900/900 894/894/894
f 895/895/895 901/901/901 890/890/890
f 901/901/901 896/896/896 890/890/890
f 896/896/896 902/902/902 891/891/891
f 902/902/902 897/897/897 891/891/891
f 897/897/897 903/903/903 892/892/892
f 903/903/903 898/898/898 892/892/892
f 898/898/898 904/904/904 893/893/893
f 904/904/904 899/899/899 893/893/893
f 899/899/899 905/905/905 900/900/900
f 905/905/905 906/906/906 900/900/900
f 901/901/901 907/907/907 896/896/896
f 907/907/907 902/902/902 896/896/896
f 902/902/902 908/908/908 897/897/897
f 908/908/908 903/903/903 897/897/897
f 903/903/903 909/909/909 898/898/898
f 909/909/909 904/904/904 898/898/898
f 904/904/904 910/910/910 899/899/899
f 910/910/910 905/905/905 899/899/899
f 905/905/905 911/911/911 906/906/906
f 911/911/911 912/912/912 906/906/906
f 907/907/907 913/913/913 902/902/902
f 913/913/913 908/908/908 902/902/902
f 908/908/908 914/914/914 903/903/903
f 914/914/914 909/909/909 903/903/903
f 909/909/909 915/915/915 904/904/904
f 915/915/915 910/910/910 904/904/904
f 910/910/910 916/916/916 905/905/905
f 916/916/916 911/911/911 905/905/905
f 911/911/911 917/917/917 912/912/912
f 917/917/917 918/918/918 912/912/912
f 913/913/913 919/919/919 908/908/908
f 919/919/919 914/914/914 908/908/908
f 914/914/914 920/920/920 909/909/909
f 920/920/920 915/915/915 909/909/909
f 915/915/915 921/921/921 910/910/910
f 921/921/921 916/916/916 910/910/910
f 916/916/916 922/922/922 911/911/911
f 922/922/922 917/917/917 911/911/911
f 917/917/917 923/923/923 918/918/918
f 923/923/923 924/924/924 918/918/918
f 919/919/919 925/925/925 914/914/914
f 925/925/925 920/920/920 914/914/914
f 920/920/920 926/926/926 915/915/915
f 926/926/926 921/921/921 915/915/915
f 921/921/921 927/927/927 916/916/916
f 927/927/927 922/922/922 916/916/916
f 922/922/922 928/928/928 917/917/917
f 928/928/928 923/923/923 917/917/917
f 923/923/923 929/929/929 924/924/924
f 929/929/929 930/930/930 924/924/924
f 925/925/925 931/931/931 920/920/920
f 931/931/931 926/926/926 920/920/920
f 926/926/926 932/932/932 921/921/921
f 932/932/932 927/927/927 921/921/921
f 927/927/927 933/933/933 922/922/922
f 933/933/933 928/928/928 922/922/922
f 928/928/928 934/934/934 923/923/923
f 934/934/934 929/929/929 923/923/923
f 929/929/929 935/935/935 930/930/930
f 935/935/935 936/936/936 930/930/930
f 931/931/931 937/937/937 926/926/926
f 937/937/937 932/932/932 926/926/926
f 932/932/932 938/938/938 927/927/927
f 938/938/938 933/933/933 927/927/927
f 933/933/933 939/939/939 928/928/928
f 939/939/939 934/934/934 928/928/928
f 934/934/934 940/940/940 929/929/929
f 940/940/940 935/935/935 929/929/929
f 935/935/935 941/941/941 936/936/936
f 941/941/941 942/942/942 936/936/936
f 937/937/937 943/943/943 932/932/932
f 943/943/943 938/938/938 932/932/932
f 938/938/938 944/944/944 933/933/933
f 944/944/944 939/939/939 933/933/933
f 939/939/939 945/945/945 934/934/934
f 945/945/945 940/940/940 934/934/934
f 940/940/940 946/946/946 935/935/935
f 946/946/946 941/941/941 935/935/935
f 941/941/941 947/947/947 942/942/942
f 947/947/947 948/948/948 942/942/942
f 943/943/943 949/949/949 938/938/938
f 949/949/949 944/944/944 938/938/938
f 944/944/944 950/950/950 939/939/939
f 950/950/950 945/945/945 939/939/939
f 945/945/945 951/951/951 940/940/940
f 951/951/951 946/946/946 940/940/940
f 946/946/946 952/952/952 941/941/941
f 952/952/952 947/947/947 941/941/941
f 947/947/947 953/953/953 948/948/948
f 953/953/953 954/954/954 948/948/948
f 949/949/949 955/955/955 944/944/944
f 955/955/955 950/950/950 944/944/944
f 950/950/950 956/956/956 945/945/945
f 956/956/956 951/951/951 945/945/945
f 951/951/951 957/957/957 946/946/946
f 957/957/957 952/952/952 946/946/946
f 952/952/952 958/958/958 947/947/947
f 958/958/958 953/953/953 947/947/947
f 953/953/953 959/959/959 954/954/954
f 959/959/959 960/960/960 954/954/954
f 955/955/955 961/961/961 950/950/950
f 961/961/961 956/956/956 950/950/950
f 956/956/956 962/962/962 951/951/951
f 962/962/962 957/957/957 951/951/951
f 957/957/957 963/963/963 952/952/952
f 963/963/963 958/958/958 952/952/952
f 958/958/958 964/964/964 953/953/953
f 964/964/964 959/959/959 953/953/953
f 959/959/959 965/965/965 960/960/960
f 965/965/965 966/966/966 960/960/960
f 961/961/961 967/967/967 956/956/956
f 967/967/967 962/962/962 956/956/956
f 962/962/962 968/968/968 957/957/957
f 968/968/968 963/963/963 957/957/957
f 963/963/963 969/969/969 958/958/958
f 969/969/969 964/964/964 958/958/958
f 964/964/964 970/970/970 959/959/959
f 970/970/970 965/965/965 959/959/959
f 965/965/965 971/971/971 966/966/966
f 971/971/971 972/972/972 966/966/966
f 967/967/967 973/973/973 962/962/962
f 973/973/973 968/968/968 962/962/962
f 968/968/968 974/974/974 963/963/963
f 974/974/974 969/969/969 963/963/963
f 969/969/969 975/975/975 964/964/964
f 975/975/975 970/970/970 964/964/964
f 970/970/970 976/976/976 965/965/965
f 976/976/976 971/971/971 965/965/965
f 971/971/971 977/977/977 972/972/972
f 977/977/977 978/978/978 972/972/972
f 973/973/973 979/979/979 968/968/968
f 979/979/979 974/974/974 968/968/968
f 974/974/974 980/980/980 969/969/969
f 980/980/980 975/975/975 969/969/969
f 975/975/975 981/981/981 970/970/970
f 981/981/981 976/976/976 970/970/970
f 976/976/976 982/982/982 971/971/971
f 982/982/982 977/977/977 971/971/971
f 977/977/977 983/983/983 978/978/978
f 983/983/983 984/984/984 978/978/978
f 979/979/979 985/985/985 974/974/974
f 985/985/985 980/980/980 974/974/974
f 980/980/980 986/986/986 975/975/975
f 986/986/986 981/981/981 975/975/975
f 981/981/981 987/987/987 976/976/976
f 987/987/987 982/982/982 976/976/976
f 982/982/982 988/988/988 977/977/977
f 988/988/988 983/983/983 977/977/977
f 983/983/983 989/989/989 984/984/984
f 989/989/989 990/990/990 984/984/984
f 985/985/985 991/991/991 980/980/980
f 991/991/991 986/986/986 980/980/980
f 986/986/986 992/992/992 981/981/981
f 992/992/992 987/987/987 981/981/981
f 987/987/987 993/993/993 982/982/982
f 993/993/993 988/988/988 982/982/982
f 988/988/988 994/994/994 983/983/983
f 994/994/994 989/989/989 983/983/983
f 989/989/989 995/995/995 990/990/990
f 995/995/995 996/996/996 990/990/990
f 991/991/991 997/997/997 986/986/986
f 997/997/997 992/992/992 986/986/986
f 992/992/992 998/998/998 987/987/987
f 998/998/998 993/993/993 987/987/987
f 993/993/993 999/999/999 988/988/988
f 999/999/999 994/994/994 988/988/988
f 994/994/994 1000/1000/1000 989/989/989
f 1000/1000/1000 995/995/995 989/989/989
f 995/995/995 1001/1001/1001 996/996/996
f 1001/1001/1001 1002/1002/1002 996/996/996
f 997/997/997 1003/1003/1003 992/992/992
f 1003/1003/1003 998/998/998 992/992/992
f 998/998/998 1004/1004/1004 993/993/993
f 1004/1004/1004 999/999/999 993/993/993
f 999/999/999 1005/1005/1005 994/994/994
f 1005/1005/1005 1000/1000/1000 994/994/994
f 1000/1000/1000 1006/1006/1006 995/995/995
f 1006/1006/1006 1001/1001/1001 995/995/995
f 1001/1001/1001 1007/1007/1007 1002/1002/1002
f 1007/1007/1007 1008/1008/1008 1002/1002/1002
f 1003/1003/1003 1009/1009/1009 998/998/998
f 1009/1009/1009 1004/1004/1004 998/998/998
f 1004/1004/1004 1010/1010/1010 999/999/999
f 1010/1010/1010 1005/1005/1005 999/999/999
f 1005/1005/1005 1011/1011/1011 1000/1000/1000
f 1011/1011/1011 1006/1006/1006 1000/1000/1000
f 1006/1006/1006 1012/1012/1012 1001/1001/1001
f 1012/1012/1012 1007/1007/1007 1001/1001/1001
f 1007/1007/1007 1013/1013/1013 1008/1008/1008
f 1013/1013/1013 1014/1014/1014 1008/1008/1008
f 1009/1009/1009 1015/1015/1015 1004/1004/1004
f 1015/1015/1015 1010/1010/1010 1004/1004/1004
f 1010/1010/1010 1016/1016/1016 1005/1005/1005
f 1016/1016/1016 1011/1011/1011 1005/1005/1005
f 1011/1011/1011 1017/1017/1017 1006/1006/1006
f 1017/1017/1017 1012/1012/1012 1006/1006/1006
f 1012/1012/1012 1018/1018/1018 1007/1007/1007
f 1018/1018/1018 1013/1013/1013 1007/1007/1007
f 1013/1013/1013 1019/1019/1019 1014/1014/1014
f 1019/1019/1019 1020/1020/1020 1014/1014/1014
f 1015/1015/1015 1021/1021/1021 1010/1010/1010
f 1021/1021/1021 1016/1016/1016 1010/1010/1010
f 1016/1016/1016 1022/1022/1022 1011/1011/1011
f 1022/1022/1022 1017/1017/1017 1011/1011/1011
f 1017/1017/1017 1023/1023/1023 1012/1012/1012
f 1023/1023/1023 1018/1018/1018 1012/1012/1012
f 1018/1018/1018 1024/1024/1024 1013/1013/1013
f 1024/1024/1024 1019/1019/1019 1013/1013/1013
f 1019/1019/1019 1025/1025/1025 1020/1020/1020
f 1025/1025/1025 1026/1026/1026 1020/1020/1020
f 1021/1021/1021 1027/1027/1027 1016/1016/1016
f 1027/1027/1027 1022/1022/1022 1016/1016/1016
f 1022/1022/1022 1028/1028/1028 1017/1017/1017
f 1028/1028/1028 1023/1023/1023 1017/1017/1017
f 1023/1023/1023 1029/1029/1029 1018/1018/1018
f 1029/1029/1029 1024/1024/1024 1018/1018/1018
f 1024/1024/1024 1030/1030/1030 1019/1019/1019
f 1030/1030/1030 1025/1025/1025 1019/1019/1019
f 1025/1025/1025 1031/1031/1031 1026/1026/1026
f 1031/1031/1031 1032/1032/1032 1026/1026/1026
f 1027/1027/1027 1033/1033/1033 1022/1022/1022
f 1033/1033/1033 1028/1028/1028 1022/1022/1022
f 1028/1028/1028 1034/1034/1034 1023/1023/1023
f 1034/1034/1034 1029/1029/1029 1023/1023/1023
f 1029/1029/1029 1035/1035/1035 1024/1024/1024
f 1035/1035/1035 1030/1030/1030 1024/1024/1024
f 1030/1030/1030 1036/1036/1036 1025/1025/1025
f 1036/1036/1036 1031/1031/1031 1025/1025/1025
f 1031/1031/1031 1037/1037/1037 1032/1032/1032
f 1037/1037/1037 1038/1038/1038 1032/1032/1032
f 1033/1033/1033 1039/1039/1039 1028/1028/1028
f 1039/1039/1039 1034/1034/1034 1028/1028/1028
f 1034/1034/1034 1040/1040/1040 1029/1029/1029
f 1040/1040/1040 1035/1035/1035 1029/1029/1029
f 1035/1035/1035 1041/1041/1041 1030/1030/1030
f 1041/1041/1041 1036/1036/1036 1030/1030/1030
f 1036/1036/1036 1042/1042/1042 1031/1031/1031
f 1042/1042/1042 1037/1037/1037 1031/1031/1031
f 1037/1037/1037 1043/1043/1043 1038/1038/1038
f 1043/1043/1043 1044/1044/1044 1038/1038/1038
f 1039/1039/1039 1045/1045/1045 1034/1034/1034
f 1045/1045/1045 1040/1040/1040 1034/1034/1034
f 1040/1040/1040 1046/1046/1046 1035/1035/1035
f 1046/1046/1046 1041/1041/1041 1035/1035/1035
f 1041/1041/1041 1047/1047/1047 1036/1036/1036
f 1047/1047/1047 1042/1042/1042 1036/1036/1036
f 1042/1042/1042 1048/1048/1048 1037/1037/1037
f 1048/1048/1048 1043/1043/1043 1037/1037/1037
f 1043/1043/1043 1049/1049/1049 1044/1044/1044
f 1049/1049/1049 1050/1050/1050 1044/1044/1044
f 1045/1045/1045 1051/1051/1051 1040/1040/1040
f 1051/1051/1051 1046/1046/1046 1040/1040/1040
f 1046/1046/1046 1052/1052/1052 1041/1041/1041
f 1052/1052/1052 1047/1047/1047 1041/1041/1041
f 1047/1047/1047 1053/1053/1053 1042/1042/1042
f 1053/1053/1053 1048/1048/1048 1042/1042/1042
f 1048/1048/1048 1054/1054/1054 1043/1043/1043
f 1054/1054/1054 1049/1049/1049 1043/1043/1043
f 1049/1049/1049 1055/1055/1055 1050/1050/1050
f 1055/1055/1055 478/478/478 1050/1050/1050
f 1055/1055/1055 477/477/477 478/478/478
f 1056/1056/1056 1055/1055/1055 1049/1049/1049
f 1054/1054/1054 1056/1056/1056 1049/1049/1049
f 1057/1057/1057 477/477/477 1055/1055/1055
f 1056/1056/1056 1057/1057/1057 1055/1055/1055
f 1057/1057/1057 479/479/479 477/477/477
f 1058/1058/1058 1054/1054/1054 1048/1048/1048
f 1053/1053/1053 1058/1058/1058 1048/1048/1048
f 1059/1059/1059 1053/1053/1053 1047/1047/1047
f 1052/1052/1052 1059/1059/1059 1047/1047/1047
f 1060/1060/1060 1056/1056/1056 1054/1054/1054
f 1058/1058/1058 1060/1060/1060 1054/1054/1054
f 1061/1061/1061 479/479/479 1057/1057/1057
f 1061/1061/1061 480/480/480 479/479/479
f 488/488/488 480/480/480 1061/1061/1061
f 1062/1062/1062 1057/1057/1057 1056/1056/1056
f 1062/1062/1062 1061/1061/1061 1057/1057/1057
f 1060/1060/1060 1062/1062/1062 1056/1056/1056
f 1063/1063/1063 488/488/488 1061/1061/1061
f 1063/1063/1063 1061/1061/1061 1062/1062/1062
f 499/499/499 488/488/488 1063/1063/1063
f 1064/1064/1064 1058/1058/1058 1053/1053/1053
f 1059/1059/1059 1064/1064/1064 1053/1053/1053
f 1065/1065/1065 1060/1060/1060 1058/1058/1058
f 1064/1064/1064 1065/1065/1065 1058/1058/1058
f 1066/1066/1066 1062/1062/1062 1060/1060/1060
f 1066/1066/1066 1063/1063/1063 1062/1062/1062
f 1065/1065/1065 1066/1066/1066 1060/1060/1060
f 1067/1067/1067 499/499/499 1063/1063/1063
f 1067/1067/1067 1063/1063/1063 1066/1066/1066
f 504/504/504 499/499/499 1067/1067/1067
f 1068/1068/1068 1066/1066/1066 1065/1065/1065
f 1068/1068/1068 1067/1067/1067 1066/1066/1066
f 1069/1069/1069 504/504/504 1067/1067/1067
f 1069/1069/1069 1067/1067/1067 1068/1068/1068
f 509/509/509 504/504/504 1069/1069/1069
f 1070/1070/1070 1065/1065/1065 1064/1064/1064
f 1070/1070/1070 1068/1068/1068 1065/1065/1065
f 1071/1071/1071 1064/1064/1064 1059/1059/1059
f 1071/1071/1071 1070/1070/1070 1064/1064/1064
f 1072/1072/1072 1069/1069/1069 1068/1068/1068
f 1072/1072/1072 1068/1068/1068 1070/1070/1070
f 1073/1073/1073 509/509/509 1069/1069/1069
f 1073/1073/1073 1069/1069/1069 1072/1072/1072
f 514/514/514 509/509/509 1073/1073/1073
f 1074/1074/1074 1072/1072/1072 1070/1070/1070
f 1074/1074/1074 1070/1070/1070 1071/1071/1071
f 1075/1075/1075 1071/1071/1071 1059/1059/1059
f 1075/1075/1075 1059/1059/1059 1052/1052/1052
f 1076/1076/1076 1073/1073/1073 1072/1072/1072
f 1076/1076/1076 1072/1072/1072 1074/1074/1074
f 1077/1077/1077 514/514/514 1073/1073/1073
f 1077/1077/1077 1073/1073/1073 1076/1076/1076
f 519/519/519 514/514/514 1077/1077/1077
f 1078/1078/1078 1074/1074/1074 1071/1071/1071
f 1078/1078/1078 1071/1071/1071 1075/1075/1075
f 1079/1079/1079 1075/1075/1075 1052/1052/1052
f 1079/1079/1079 1052/1052/1052 1046/1046/1046
f 1051/1051/1051 1079/1079/1079 1046/1046/1046
f 1080/1080/1080 1076/1076/1076 1074/1074/1074
f 1080/1080/1080 1074/1074/1074 1078/1078/1078
f 1081/1081/1081 1077/1077/1077 1076/1076/1076
f 1081/1081/1081 1076/1076/1076 1080/1080/1080
f 1082/1082/1082 519/519/519 1077/1077/1077
f 1082/1082/1082 1077/1077/1077 1081/1081/1081
f 524/524/524 519/519/519 1082/1082/1082
f 1083/1083/1083 1075/1075/1075 1079/1079/1079
f 1083/1083/1083 1078/1078/1078 1075/1075/1075
f 1084/1084/1084 1079/1079/1079 1051/1051/1051
f 1084/1084/1084 1083/1083/1083 1079/1079/1079
f 1085/1085/1085 1080/1080/1080 1078/1078/1078
f 1085/1085/1085 1078/1078/1078 1083/1083/1083
f 1086/1086/1086 1081/1081/1081 1080/1080/1080
f 1086/1086/1086 1080/1080/1080 1085/1085/1085
f 1087/1087/1087 1082/1082/1082 1081/1081/1081
f 1087/1087/1087 1081/1081/1081 1086/1086/1086
f 1088/1088/1088 524/524/524 1082/1082/1082
f 1088/1088/1088 1082/1082/1082 1087/1087/1087
f 529/529/529 524/524/524 1088/1088/1088
f 1089/1089/1089 1085/1085/1085 1083/1083/1083
f 1089/1089/1089 1083/1083/1083 1084/1084/1084
f 1090/1090/1090 1084/1084/1084 1051/1051/1051
f 1090/1090/1090 1051/1051/1051 1045/1045/1045
f 1091/1091/1091 1086/1086/1086 1085/1085/1085
f 1091/1091/1091 1085/1085/1085 1089/1089/1089
f 1092/1092/1092 1087/1087/1087 1086/1086/1086
f 1092/1092/1092 1086/1086/1086 1091/1091/1091
f 1093/1093/1093 1088/1088/1088 1087/1087/1087
f 1093/1093/1093 1087/1087/1087 1092/1092/1092
f 1094/1094/1094 529/529/529 1088/1088/1088
f 1094/1094/1094 1088/1088/1088 1093/1093/1093
f 534/534/534 529/529/529 1094/1094/1094
f 1095/1095/1095 1089/1089/1089 1084/1084/1084
f 1095/1095/1095 1084/1084/1084 1090/1090/1090
f 1096/1096/1096 1090/1090/1090 1045/1045/1045
f 1096/1096/1096 1045/1045/1045 1039/1039/1039
f 1097/1097/1097 1091/1091/1091 1089/1089/1089
f 1097/1097/1097 1089/1089/1089 1095/1095/1095
f 1098/1098/1098 1092/1092/1092 1091/1091/1091
f 1098/1098/1098 1091/1091/1091 1097/1097/1097
f 1099/1099/1099 1093/1093/1093 1092/1092/1092
f 1099/1099/1099 1092/1092/1092 1098/1098/1098
f 1100/1100/1100 1094/1094/1094 1093/1093/1093
f 1100/1100/1100 1093/1093/1093 1099/1099/1099
f 1101/1101/1101 534/534/534 1094/1094/1094
f 1101/1101/1101 1094/1094/1094 1100/1100/1100
f 539/539/539 534/534/534 1101/1101/1101
f 1102/1102/1102 1096/1096/1096 1039/1039/1039
f 1102/1102/1102 1039/1039/1039 1033/1033/1033
f 1103/1103/1103 1102/1102/1102 1033/1033/1033
f 1103/1103/1103 1033/1033/1033 1027/1027/1027
f 1104/1104/1104 1103/1103/1103 1027/1027/1027
f 1104/1104/1104 1027/1027/1027 1021/1021/1021
f 1105/1105/1105 1104/1104/1104 1021/1021/1021
f 1105/1105/1105 1021/1021/1021 1015/1015/1015
f 1106/1106/1106 1105/1105/1105 1015/1015/1015
f 1106/1106/1106 1015/1015/1015 1009/1009/1009
f 1107/1107/1107 1106/1106/1106 1009/1009/1009
f 1107/1107/1107 1009/1009/1009 1003/1003/1003
f 1108/1108/1108 1107/1107/1107 1003/1003/1003
f 1108/1108/1108 1003/1003/1003 997/997/997
f 1109/1109/1109 1108/1108/1108 997/997/997
f 1109/1109/1109 997/997/997 991/991/991
f 1110/1110/1110 1109/1109/1109 991/991/991
f 1110/1110/1110 991/991/991 985/985/985
f 1111/1111/1111 1110/1110/1110 985/985/985
f 1111/1111/1111 985/985/985 979/979/979
f 1112/1112/1112 1111/1111/1111 979/979/979
f 1112/1112/1112 979/979/979 973/973/973
f 1113/1113/1113 1112/1112/1112 973/973/973
f 1113/1113/1113 973/973/973 967/967/967
f 1114/1114/1114 1113/1113/1113 967/967/967
f 1114/1114/1114 967/967/967 961/961/961
f 1115/1115/1115 1114/1114/1114 961/961/961
f 1115/1115/1115 961/961/961 955/955/955
f 1116/1116/1116 1115/1115/1115 955/955/955
f 1116/1116/1116 955/955/955 949/949/949
f 1117/1117/1117 1116/1116/1116 949/949/949
f 1117/1117/1117 949/949/949 943/943/943
f 1118/1118/1118 1117/1117/1117 943/943/943
f 1118/1118/1118 943/943/943 937/937/937
f 1119/1119/1119 1118/1118/1118 937/937/937
f 1119/1119/1119 937/937/937 931/931/931
f 1120/1120/1120 1119/1119/1119 931/931/931
f 1120/1120/1120 931/931/931 925/925/925
f 1121/1121/1121 1120/1120/1120 925/925/925
f 1121/1121/1121 925/925/925 919/919/919
f 1122/1122/1122 1121/1121/1121 919/919/919
f 1122/1122/1122 919/919/919 913/913/913
f 1123/1123/1123 1122/1122/1122 913/913/913
f 1123/1123/1123 913/913/913 907/907/907
f 1124/1124/1124 1123/1123/1123 907/907/907
f 1124/1124/1124 907/907/907 901/901/901
f 1125/1125/1125 1124/1124/1124 901/901/901
f 1125/1125/1125 901/901/901 895/895/895
f 1126/1126/1126 1125/1125/1125 895/895/895
f 1126/1126/1126 895/895/895 889/889/889
f 1127/1127/1127 1126/1126/1126 889/889/889
f 1127/1127/1127 889/889/889 883/883/883
f 1128/1128/1128 1127/1127/1127 883/883/883
f 1128/1128/1128 883/883/883 877/877/877
f 1129/1129/1129 1128/1128/1128 877/877/877
f 1129/1129/1129 877/877/877 862/862/862
f 1130/1130/1130 1129/1129/1129 862/862/862
f 1130/1130/1130 862/862/862 851/851/851
f 846/846/846 1130/1130/1130 851/851/851
f 1131/1131/1131 1130/1130/1130 846/846/846
f 836/836/836 1131/1131/1131 846/846/846
f 1132/1132/1132 1129/1129/1129 1130/1130/1130
f 1131/1131/1131 1132/1132/1132 1130/1130/1130
f 1133/1133/1133 1128/1128/1128 1129/1129/1129
f 1132/1132/1132 1133/1133/1133 1129/1129/1129
f 1134/1134/1134 1127/1127/1127 1128/1128/1128
f 1133/1133/1133 1134/1134/1134 1128/1128/1128
f 1135/1135/1135 1126/1126/1126 1127/1127/1127
f 1134/1134/1134 1135/1135/1135 1127/1127/1127
f 1136/1136/1136 1131/1131/1131 836/836/836
f 825/825/825 1136/1136/1136 836/836/836
f 835/835/835 1136/1136/1136 825/825/825
f 1137/1137/1137 1132/1132/1132 1131/1131/1131
f 1136/1136/1136 1137/1137/1137 1131/1131/1131
f 1138/1138/1138 1133/1133/1133 1132/1132/1132
f 1137/1137/1137 1138/1138/1138 1132/1132/1132
f 1139/1139/1139 1134/1134/1134 1133/1133/1133
f 1138/1138/1138 1139/1139/1139 1133/1133/1133
f 835/835/835 1140/1140/1140 1136/1136/1136
f 1140/1140/1140 1137/1137/1137 1136/1136/1136
f 1141/1141/1141 1138/1138/1138 1137/1137/1137
f 1140/1140/1140 1141/1141/1141 1137/1137/1137
f 1142/1142/1142 1140/1140/1140 835/835/835
f 820/820/820 1142/1142/1142 835/835/835
f 1143/1143/1143 1135/1135/1135 1134/1134/1134
f 1139/1139/1139 1143/1143/1143 1134/1134/1134
f 1144/1144/1144 1139/1139/1139 1138/1138/1138
f 1141/1141/1141 1144/1144/1144 1138/1138/1138
f 1145/1145/1145 1141/1141/1141 1140/1140/1140
f 1142/1142/1142 1145/1145/1145 1140/1140/1140
f 1146/1146/1146 1142/1142/1142 820/820/820
f 813/813/813 1146/1146/1146 820/820/820
f 814/814/814 1146/1146/1146 813/813/813
f 1146/1146/1146 1147/1147/1147 1142/1142/1142
f 1147/1147/1147 1145/1145/1145 1142/1142/1142
f 1145/1145/1145 1148/1148/1148 1141/1141/1141
f 1148/1148/1148 1144/1144/1144 1141/1141/1141
f 1144/1144/1144 1149/1149/1149 1139/1139/1139
f 1149/1149/1149 1143/1143/1143 1139/1139/1139
f 814/814/814 1150/1150/1150 1146/1146/1146
f 1150/1150/1150 1147/1147/1147 1146/1146/1146
f 1147/1147/1147 1151/1151/1151 1145/1145/1145
f 1151/1151/1151 1148/1148/1148 1145/1145/1145
f 1148/1148/1148 1152/1152/1152 1144/1144/1144
f 1152/1152/1152 1149/1149/1149 1144/1144/1144
f 1153/1153/1153 1150/1150/1150 814/814/814
f 806/806/806 1153/1153/1153 814/814/814
f 807/807/807 1153/1153/1153 806/806/806
f 1150/1150/1150 1154/1154/1154 1147/1147/1147
f 1154/1154/1154 1151/1151/1151 1147/1147/1147
f 1151/1151/1151 1155/1155/1155 1148/1148/1148
f 1155/1155/1155 1152/1152/1152 1148/1148/1148
f 1153/1153/1153 1156/1156/1156 1150/1150/1150
f 1156/1156/1156 1154/1154/1154 1150/1150/1150
f 807/807/807 1157/1157/1157 1153/1153/1153
f 1157/1157/1157 1156/1156/1156 1153/1153/1153
f 1154/1154/1154 1158/1158/1158 1151/1151/1151
f 1158/1158/1158 1155/1155/1155 1151/1151/1151
f 1156/1156/1156 1159/1159/1159 1154/1154/1154
f 1159/1159/1159 1158/1158/1158 1154/1154/1154
f 1160/1160/1160 1157/1157/1157 807/807/807
f 792/792/792 1160/1160/1160 807/807/807
f 735/735/735 1160/1160/1160 792/792/792
f 735/735/735 730/730/730 1160/1160/1160
f 730/730/730 1161/1161/1161 1160/1160/1160
f 1160/1160/1160 1161/1161/1161 1157/1157/1157
f 730/730/730 725/725/725 1161/1161/1161
f 1157/1157/1157 1162/1162/1162 1156/1156/1156
f 1161/1161/1161 1162/1162/1162 1157/1157/1157
f 1162/1162/1162 1159/1159/1159 1156/1156/1156
f 725/725/725 1163/1163/1163 1161/1161/1161
f 1161/1161/1161 1163/1163/1163 1162/1162/1162
f 725/725/725 720/720/720 1163/1163/1163
f 1162/1162/1162 1164/1164/1164 1159/1159/1159
f 1163/1163/1163 1164/1164/1164 1162/1162/1162
f 720/720/720 1165/1165/1165 1163/1163/1163
f 1163/1163/1163 1165/1165/1165 1164/1164/1164
f 720/720/720 715/715/715 1165/1165/1165
f 1164/1164/1164 1166/1166/1166 1159/1159/1159
f 1159/1159/1159 1166/1166/1166 1158/1158/1158
f 1165/1165/1165 1167/1167/1167 1164/1164/1164
f 1164/1164/1164 1167/1167/1167 1166/1166/1166
f 715/715/715 1168/1168/1168 1165/1165/1165
f 1165/1165/1165 1168/1168/1168 1167/1167/1167
f 715/715/715 710/710/710 1168/1168/1168
f 1166/1166/1166 1169/1169/1169 1158/1158/1158
f 1158/1158/1158 1169/1169/1169 1155/1155/1155
f 1167/1167/1167 1170/1170/1170 1166/1166/1166
f 1166/1166/1166 1170/1170/1170 1169/1169/1169
f 1168/1168/1168 1171/1171/1171 1167/1167/1167
f 1167/1167/1167 1171/1171/1171 1170/1170/1170
f 710/710/710 1172/1172/1172 1168/1168/1168
f 1168/1168/1168 1172/1172/1172 1171/1171/1171
f 710/710/710 705/705/705 1172/1172/1172
f 1169/1169/1169 1173/1173/1173 1155/1155/1155
f 1155/1155/1155 1173/1173/1173 1152/1152/1152
f 1170/1170/1170 1174/1174/1174 1169/1169/1169
f 1169/1169/1169 1174/1174/1174 1173/1173/1173
f 1171/1171/1171 1175/1175/1175 1170/1170/1170
f 1170/1170/1170 1175/1175/1175 1174/1174/1174
f 1172/1172/1172 1176/1176/1176 1171/1171/1171
f 1171/1171/1171 1176/1176/1176 1175/1175/1175
f 705/705/705 1177/1177/1177 1172/1172/1172
f 1172/1172/1172 1177/1177/1177 1176/1176/1176
f 705/705/705 700/700/700 1177/1177/1177
f 1173/1173/1173 1178/1178/1178 1152/1152/1152
f 1152/1152/1152 1178/1178/1178 1149/1149/1149
f 1174/1174/1174 1179/1179/1179 1173/1173/1173
f 1173/1173/1173 1179/1179/1179 1178/1178/1178
f 1175/1175/1175 1180/1180/1180 1174/1174/1174
f 1174/1174/1174 1180/1180/1180 1179/1179/1179
f 1176/1176/1176 1181/1181/1181 1175/1175/1175
f 1175/1175/1175 1181/1181/1181 1180/1180/1180
f 1177/1177/1177 1182/1182/1182 1176/1176/1176
f 1176/1176/1176 1182/1182/1182 1181/1181/1181
f 700/700/700 1183/1183/1183 1177/1177/1177
f 1177/1177/1177 1183/1183/1183 1182/1182/1182
f 700/700/700 695/695/695 1183/1183/1183
f 1178/1178/1178 1184/1184/1184 1149/1149/1149
f 1149/1149/1149 1184/1184/1184 1143/1143/1143
f 1179/1179/1179 1185/1185/1185 1178/1178/1178
f 1178/1178/1178 1185/1185/1185 1184/1184/1184
f 1180/1180/1180 1186/1186/1186 1179/1179/1179
f 1179/1179/1179 1186/1186/1186 1185/1185/1185
f 1181/1181/1181 1187/1187/1187 1180/1180/1180
f 1180/1180/1180 1187/1187/1187 1186/1186/1186
f 1182/1182/1182 1188/1188/1188 1181/1181/1181
f 1181/1181/1181 1188/1188/1188 1187/1187/1187
f 1183/1183/1183 1189/1189/1189 1182/1182/1182
f 1182/1182/1182 1189/1189/1189 1188/1188/1188
f 695/695/695 1190/1190/1190 1183/1183/1183
f 1183/1183/1183 1190/1190/1190 1189/1189/1189
f 695/695/695 690/690/690 1190/1190/1190
f 690/690/690 1191/1191/1191 1190/1190/1190
f 690/690/690 685/685/685 1191/1191/1191
f 1190/1190/1190 1192/1192/1192 1189/1189/1189
f 1190/1190/1190 1191/1191/1191 1192/1192/1192
f 1189/1189/1189 1193/1193/1193 1188/1188/1188
f 1189/1189/1189 1192/1192/1192 1193/1193/1193
f 1188/1188/1188 1194/1194/1194 1187/1187/1187
f 1188/1188/1188 1193/1193/1193 1194/1194/1194
f 1187/1187/1187 1195/1195/1195 1186/1186/1186
f 1187/1187/1187 1194/1194/1194 1195/1195/1195
f 685/685/685 1196/1196/1196 1191/1191/1191
f 685/685/685 680/680/680 1196/1196/1196
f 1191/1191/1191 1197/1197/1197 1192/1192/1192
f 1191/1191/1191 1196/1196/1196 1197/1197/1197
f 1192/1192/1192 1198/1198/1198 1193/1193/1193
f 1192/1192/1192 1197/1197/1197 1198/1198/1198
f 1193/1193/1193 1199/1199/1199 1194/1194/1194
f 1193/1193/1193 1198/1198/1198 1199/1199/1199
f 680/680/680 1200/1200/1200 1196/1196/1196
f 680/680/680 675/675/675 1200/1200/1200
f 1196/1196/1196 1201/1201/1201 1197/1197/1197
f 1196/1196/1196 1200/1200/1200 1201/1201/1201
f 1197/1197/1197 1202/1202/1202 1198/1198/1198
f 1197/1197/1197 1201/1201/1201 1202/1202/1202
f 675/675/675 1203/1203/1203 1200/1200/1200
f 675/675/675 670/670/670 1203/1203/1203
f 1200/1200/1200 1204/1204/1204 1201/1201/1201
f 1200/1200/1200 1203/1203/1203 1204/1204/1204
f 670/670/670 1205/1205/1205 1203/1203/1203
f 670/670/670 665/665/665 1205/1205/1205
f 1194/1194/1194 1199/1199/1199 1206/1206/1206
f 1194/1194/1194 1206/1206/1206 1195/1195/1195
f 1198/1198/1198 1207/1207/1207 1199/1199/1199
f 1198/1198/1198 1202/1202/1202 1207/1207/1207
f 1201/1201/1201 1208/1208/1208 1202/1202/1202
f 1201/1201/1201 1204/1204/1204 1208/1208/1208
f 1203/1203/1203 1209/1209/1209 1204/1204/1204
f 1203/1203/1203 1205/1205/1205 1209/1209/1209
f 665/665/665 1210/1210/1210 1205/1205/1205
f 665/665/665 660/660/660 1210/1210/1210
f 1199/1199/1199 1211/1211/1211 1206/1206/1206
f 1199/1199/1199 1207/1207/1207 1211/1211/1211
f 1202/1202/1202 1212/1212/1212 1207/1207/1207
f 1202/1202/1202 1208/1208/1208 1212/1212/1212
f 1204/1204/1204 1213/1213/1213 1208/1208/1208
f 1204/1204/1204 1209/1209/1209 1213/1213/1213
f 1205/1205/1205 1214/1214/1214 1209/1209/1209
f 1205/1205/1205 1210/1210/1210 1214/1214/1214
f 660/660/660 1215/1215/1215 1210/1210/1210
f 660/660/660 655/655/655 1215/1215/1215
f 1207/1207/1207 1216/1216/1216 1211/1211/1211
f 1207/1207/1207 1212/1212/1212 1216/1216/1216
f 1208/1208/1208 1217/1217/1217 1212/1212/1212
f 1208/1208/1208 1213/1213/1213 1217/1217/1217
f 1209/1209/1209 1218/1218/1218 1213/1213/1213
f 1209/1209/1209 1214/1214/1214 1218/1218/1218
f 1210/1210/1210 1219/1219/1219 1214/1214/1214
f 1210/1210/1210 1215/1215/1215 1219/1219/1219
f 655/655/655 1220/1220/1220 1215/1215/1215
f 655/655/655 650/650/650 1220/1220/1220
f 1212/1212/1212 1221/1221/1221 1216/1216/1216
f 1212/1212/1212 1217/1217/1217 1221/1221/1221
f 1213/1213/1213 1222/1222/1222 1217/1217/1217
f 1213/1213/1213 1218/1218/1218 1222/1222/1222
f 1214/1214/1214 1223/1223/1223 1218/1218/1218
f 1214/1214/1214 1219/1219/1219 1223/1223/1223
f 1215/1215/1215 1224/1224/1224 1219/1219/1219
f 1215/1215/1215 1220/1220/1220 1224/1224/1224
f 650/650/650 1225/1225/1225 1220/1220/1220
f 650/650/650 645/645/645 1225/1225/1225
f 1217/1217/1217 1226/1226/1226 1221/1221/1221
f 1217/1217/1217 1222/1222/1222 1226/1226/1226
f 1218/1218/1218 1227/1227/1227 1222/1222/1222
f 1218/1218/1218 1223/1223/1223 1227/1227/1227
f 1219/1219/1219 1228/1228/1228 1223/1223/1223
f 1219/1219/1219 1224/1224/1224 1228/1228/1228
f 1220/1220/1220 1229/1229/1229 1224/1224/1224
f 1220/1220/1220 1225/1225/1225 1229/1229/1229
f 645/645/645 1230/1230/1230 1225/1225/1225
f 645/645/645 640/640/640 1230/1230/1230
f 1222/1222/1222 1231/1231/1231 1226/1226/1226
f 1222/1222/1222 1227/1227/1227 1231/1231/1231
f 1223/1223/1223 1232/1232/1232 1227/1227/1227
f 1223/1223/1223 1228/1228/1228 1232/1232/1232
f 1224/1224/1224 1233/1233/1233 1228/1228/1228
f 1224/1224/1224 1229/1229/1229 1233/1233/1233
f 1225/1225/1225 1234/1234/1234 1229/1229/1229
f 1225/1225/1225 1230/1230/1230 1234/1234/1234
f 640/640/640 1235/1235/1235 1230/1230/1230
f 640/640/640 635/635/635 1235/1235/1235
f 1227/1227/1227 1236/1236/1236 1231/1231/1231
f 1227/1227/1227 1232/1232/1232 1236/1236/1236
f 1228/1228/1228 1237/1237/1237 1232/1232/1232
f 1228/1228/1228 1233/1233/1233 1237/1237/1237
f 1229/1229/1229 1238/1238/1238 1233/1233/1233
f 1229/1229/1229 1234/1234/1234 1238/1238/1238
f 1230/1230/1230 1239/1239/1239 1234/1234/1234
f 1230/1230/1230 1235/1235/1235 1239/1239/1239
f 635/635/635 1240/1240/1240 1235/1235/1235
f 635/635/635 630/630/630 1240/1240/1240
f 1232/1232/1232 1241/1241/1241 1236/1236/1236
f 1232/1232/1232 1237/1237/1237 1241/1241/1241
f 1233/1233/1233 1242/1242/1242 1237/1237/1237
f 1233/1233/1233 1238/1238/1238 1242/1242/1242
f 1234/1234/1234 1243/1243/1243 1238/1238/1238
f 1234/1234/1234 1239/1239/1239 1243/1243/1243
f 1235/1235/1235 1244/1244/1244 1239/1239/1239
f 1235/1235/1235 1240/1240/1240 1244/1244/1244
f 630/630/630 1245/1245/1245 1240/1240/1240
f 630/630/630 625/625/625 1245/1245/1245
f 1237/1237/1237 1246/1246/1246 1241/1241/1241
f 1237/1237/1237 1242/1242/1242 1246/1246/1246
f 1238/1238/1238 1247/1247/1247 1242/1242/1242
f 1238/1238/1238 1243/1243/1243 1247/1247/1247
f 1239/1239/1239 1248/1248/1248 1243/1243/1243
f 1239/1239/1239 1244/1244/1244 1248/1248/1248
f 1240/1240/1240 1249/1249/1249 1244/1244/1244
f 1240/1240/1240 1245/1245/1245 1249/1249/1249
f 625/625/625 1250/1250/1250 1245/1245/1245
f 625/625/625 620/620/620 1250/1250/1250
f 1242/1242/1242 1251/1251/1251 1246/1246/1246
f 1242/1242/1242 1247/1247/1247 1251/1251/1251
f 1243/1243/1243 1252/1252/1252 1247/1247/1247
f 1243/1243/1243 1248/1248/1248 1252/1252/1252
f 1244/1244/1244 1253/1253/1253 1248/1248/1248
f 1244/1244/1244 1249/1249/1249 1253/1253/1253
f 1245/1245/1245 1254/1254/1254 1249/1249/1249
f 1245/1245/1245 1250/1250/1250 1254/1254/1254
f 620/620/620 1255/1255/1255 1250/1250/1250
f 620/620/620 615/615/615 1255/1255/1255
f 1247/1247/1247 1256/1256/1256 1251/1251/1251
f 1247/1247/1247 1252/1252/1252 1256/1256/1256
f 1248/1248/1248 1257/1257/1257 1252/1252/1252
f 1248/1248/1248 1253/1253/1253 1257/1257/1257
f 1249/1249/1249 1258/1258/1258 1253/1253/1253
f 1249/1249/1249 1254/1254/1254 1258/1258/1258
f 1250/1250/1250 1259/1259/1259 1254/1254/1254
f 1250/1250/1250 1255/1255/1255 1259/1259/1259
f 615/615/615 1260/1260/1260 1255/1255/1255
f 615/615/615 610/610/610 1260/1260/1260
f 1252/1252/1252 1261/1261/1261 1256/1256/1256
f 1252/1252/1252 1257/1257/1257 1261/1261/1261
f 1253/1253/1253 1262/1262/1262 1257/1257/1257
f 1253/1253/1253 1258/1258/1258 1262/1262/1262
f 1254/1254/1254 1263/1263/1263 1258/1258/1258
f 1254/1254/1254 1259/1259/1259 1263/1263/1263
f 1255/1255/1255 1264/1264/1264 1259/1259/1259
f 1255/1255/1255 1260/1260/1260 1264/1264/1264
f 610/610/610 1265/1265/1265 1260/1260/1260
f 610/610/610 605/605/605 1265/1265/1265
f 1257/1257/1257 1266/1266/1266 1261/1261/1261
f 1257/1257/1257 1262/1262/1262 1266/1266/1266
f 1258/1258/1258 1267/1267/1267 1262/1262/1262
f 1258/1258/1258 1263/1263/1263 1267/1267/1267
f 1259/1259/1259 1268/1268/1268 1263/1263/1263
f 1259/1259/1259 1264/1264/1264 1268/1268/1268
f 1260/1260/1260 1269/1269/1269 1264/1264/1264
f 1260/1260/1260 1265/1265/1265 1269/1269/1269
f 605/605/605 1270/1270/1270 1265/1265/1265
f 605/605/605 600/600/600 1270/1270/1270
f 1262/1262/1262 1271/1271/1271 1266/1266/1266
f 1262/1262/1262 1267/1267/1267 1271/1271/1271
f 1263/1263/1263 1272/1272/1272 1267/1267/1267
f 1263/1263/1263 1268/1268/1268 1272/1272/1272
f 1264/1264/1264 1273/1273/1273 1268/1268/1268
f 1264/1264/1264 1269/1269/1269 1273/1273/1273
f 1265/1265/1265 1274/1274/1274 1269/1269/1269
f 1265/1265/1265 1270/1270/1270 1274/1274/1274
f 600/600/600 1275/1275/1275 1270/1270/1270
f 600/600/600 595/595/595 1275/1275/1275
f 1267/1267/1267 1276/1276/1276 1271/1271/1271
f 1267/1267/1267 1272/1272/1272 1276/1276/1276
f 1268/1268/1268 1277/1277/1277 1272/1272/1272
f 1268/1268/1268 1273/1273/1273 1277/1277/1277
f 1269/1269/1269 1278/1278/1278 1273/1273/1273
f 1269/1269/1269 1274/1274/1274 1278/1278/1278
f 1270/1270/1270 1279/1279/1279 1274/1274/1274
f 1270/1270/1270 1275/1275/1275 1279/1279/1279
f 595/595/595 1280/1280/1280 1275/1275/1275
f 595/595/595 590/590/590 1280/1280/1280
f 1272/1272/1272 1281/1281/1281 1276/1276/1276
f 1272/1272/1272 1277/1277/1277 1281/1281/1281
f 1273/1273/1273 1282/1282/1282 1277/1277/1277
f 1273/1273/1273 1278/1278/1278 1282/1282/1282
f 1274/1274/1274 1283/1283/1283 1278/1278/1278
f 1274/1274/1274 1279/1279/1279 1283/1283/1283
f 1275/1275/1275 1284/1284/1284 1279/1279/1279
f 1275/1275/1275 1280/1280/1280 1284/1284/1284
f 590/590/590 1285/1285/1285 1280/1280/1280
f 590/590/590 585/585/585 1285/1285/1285
f 1277/1277/1277 1286/1286/1286 1281/1281/1281
f 1277/1277/1277 1282/1282/1282 1286/1286/1286
f 1278/1278/1278 1287/1287/1287 1282/1282/1282
f 1278/1278/1278 1283/1283/1283 1287/1287/1287
f 1279/1279/1279 1288/1288/1288 1283/1283/1283
f 1279/1279/1279 1284/1284/1284 1288/1288/1288
f 1280/1280/1280 1289/1289/1289 1284/1284/1284
f 1280/1280/1280 1285/1285/1285 1289/1289/1289
f 585/585/585 1290/1290/1290 1285/1285/1285
f 585/585/585 580/580/580 1290/1290/1290
f 1282/1282/1282 1291/1291/1291 1286/1286/1286
f 1282/1282/1282 1287/1287/1287 1291/1291/1291
f 1283/1283/1283 1292/1292/1292 1287/1287/1287
f 1283/1283/1283 1288/1288/1288 1292/1292/1292
f 1284/1284/1284 1293/1293/1293 1288/1288/1288
f 1284/1284/1284 1289/1289/1289 1293/1293/1293
f 1285/1285/1285 1294/1294/1294 1289/1289/1289
f 1285/1285/1285 1290/1290/1290 1294/1294/1294
f 580/580/580 1295/1295/1295 1290/1290/1290
f 580/580/580 575/575/575 1295/1295/1295
f 1287/1287/1287 1296/1296/1296 1291/1291/1291
f 1287/1287/1287 1292/1292/1292 1296/1296/1296
f 1288/1288/1288 1297/1297/1297 1292/1292/1292
f 1288/1288/1288 1293/1293/1293 1297/1297/1297
f 1289/1289/1289 1298/1298/1298 1293/1293/1293
f 1289/1289/1289 1294/1294/1294 1298/1298/1298
f 1290/1290/1290 1299/1299/1299 1294/1294/1294
f 1290/1290/1290 1295/1295/1295 1299/1299/1299
f 575/575/575 1300/1300/1300 1295/1295/1295
f 575/575/575 570/570/570 1300/1300/1300
f 1292/1292/1292 1301/1301/1301 1296/1296/1296
f 1292/1292/1292 1297/1297/1297 1301/1301/1301
f 1293/1293/1293 1302/1302/1302 1297/1297/1297
f 1293/1293/1293 1298/1298/1298 1302/1302/1302
f 1294/1294/1294 1303/1303/1303 1298/1298/1298
f 1294/1294/1294 1299/1299/1299 1303/1303/1303
f 1295/1295/1295 1304/1304/1304 1299/1299/1299
f 1295/1295/1295 1300/1300/1300 1304/1304/1304
f 570/570/570 1305/1305/1305 1300/1300/1300
f 570/570/570 559/559/559 1305/1305/1305
f 1297/1297/1297 1306/1306/1306 1301/1301/1301
f 1297/1297/1297 1302/1302/1302 1306/1306/1306
f 1298/1298/1298 1307/1307/1307 1302/1302/1302
f 1298/1298/1298 1303/1303/1303 1307/1307/1307
f 1299/1299/1299 1308/1308/1308 1303/1303/1303
f 1299/1299/1299 1304/1304/1304 1308/1308/1308
f 1300/1300/1300 1309/1309/1309 1304/1304/1304
f 1300/1300/1300 1305/1305/1305 1309/1309/1309
f 559/559/559 1310/1310/1310 1305/1305/1305
f 559/559/559 547/547/547 1310/1310/1310
f 547/547/547 540/540/540 1310/1310/1310
f 1305/1305/1305 1310/1310/1310 1311/1311/1311
f 1305/1305/1305 1311/1311/1311 1309/1309/1309
f 1310/1310/1310 540/540/540 1312/1312/1312
f 1310/1310/1310 1312/1312/1312 1311/1311/1311
f 540/540/540 535/535/535 1312/1312/1312
f 1312/1312/1312 535/535/535 539/539/539
f 1312/1312/1312 539/539/539 1313/1313/1313
f 1311/1311/1311 1312/1312/1312 1313/1313/1313
f 1313/1313/1313 539/539/539 1101/1101/1101
f 1304/1304/1304 1309/1309/1309 1314/1314/1314
f 1304/1304/1304 1314/1314/1314 1308/1308/1308
f 1309/1309/1309 1311/1311/1311 1315/1315/1315
f 1311/1311/1311 1313/1313/1313 1315/1315/1315
f 1309/1309/1309 1315/1315/1315 1314/1314/1314
f 1313/1313/1313 1101/1101/1101 1316/1316/1316
f 1315/1315/1315 1313/1313/1313 1316/1316/1316
f 1316/1316/1316 1101/1101/1101 1100/1100/1100
f 1314/1314/1314 1315/1315/1315 1317/1317/1317
f 1315/1315/1315 1316/1316/1316 1317/1317/1317
f 1316/1316/1316 1100/1100/1100 1318/1318/1318
f 1317/1317/1317 1316/1316/1316 1318/1318/1318
f 1318/1318/1318 1100/1100/1100 1099/1099/1099
f 1308/1308/1308 1314/1314/1314 1319/1319/1319
f 1314/1314/1314 1317/1317/1317 1319/1319/1319
f 1318/1318/1318 1099/1099/1099 1320/1320/1320
f 1320/1320/1320 1099/1099/1099 1098/1098/1098
f 1317/1317/1317 1318/1318/1318 1321/1321/1321
f 1319/1319/1319 1317/1317/1317 1321/1321/1321
f 1321/1321/1321 1318/1318/1318 1320/1320/1320
f 1308/1308/1308 1319/1319/1319 1322/1322/1322
f 1303/1303/1303 1308/1308/1308 1322/1322/1322
f 1303/1303/1303 1322/1322/1322 1307/1307/1307
f 1320/1320/1320 1098/1098/1098 1323/1323/1323
f 1323/1323/1323 1098/1098/1098 1097/1097/1097
f 1321/1321/1321 1320/1320/1320 1324/1324/1324
f 1324/1324/1324 1320/1320/1320 1323/1323/1323
f 1319/1319/1319 1321/1321/1321 1325/1325/1325
f 1322/1322/1322 1319/1319/1319 1325/1325/1325
f 1325/1325/1325 1321/1321/1321 1324/1324/1324
f 1307/1307/1307 1322/1322/1322 1326/1326/1326
f 1322/1322/1322 1325/1325/1325 1326/1326/1326
f 1323/1323/1323 1097/1097/1097 1327/1327/1327
f 1327/1327/1327 1097/1097/1097 1095/1095/1095
f 1324/1324/1324 1323/1323/1323 1328/1328/1328
f 1328/1328/1328 1323/1323/1323 1327/1327/1327
f 1325/1325/1325 1324/1324/1324 1329/1329/1329
f 1326/1326/1326 1325/1325/1325 1329/1329/1329
f 1329/1329/1329 1324/1324/1324 1328/1328/1328
f 1307/1307/1307 1326/1326/1326 1330/1330/1330
f 1302/1302/1302 1307/1307/1307 1330/1330/1330
f 1302/1302/1302 1330/1330/1330 1306/1306/1306
f 1327/1327/1327 1095/1095/1095 1331/1331/1331
f 1331/1331/1331 1095/1095/1095 1090/1090/1090
f 1331/1331/1331 1090/1090/1090 1096/1096/1096
f 1328/1328/1328 1327/1327/1327 1332/1332/1332
f 1332/1332/1332 1327/1327/1327 1331/1331/1331
f 1333/1333/1333 1331/1331/1331 1096/1096/1096
f 1332/1332/1332 1331/1331/1331 1333/1333/1333
f 1333/1333/1333 1096/1096/1096 1102/1102/1102
f 1329/1329/1329 1328/1328/1328 1334/1334/1334
f 1334/1334/1334 1328/1328/1328 1332/1332/1332
f 1326/1326/1326 1329/1329/1329 1335/1335/1335
f 1330/1330/1330 1326/1326/1326 1335/1335/1335
f 1335/1335/1335 1329/1329/1329 1334/1334/1334
f 1306/1306/1306 1330/1330/1330 1336/1336/1336
f 1330/1330/1330 1335/1335/1335 1336/1336/1336
f 1337/1337/1337 1333/1333/1333 1102/1102/1102
f 1337/1337/1337 1102/1102/1102 1103/1103/1103
f 1338/1338/1338 1332/1332/1332 1333/1333/1333
f 1334/1334/1334 1332/1332/1332 1338/1338/1338
f 1338/1338/1338 1333/1333/1333 1337/1337/1337
f 1335/1335/1335 1334/1334/1334 1339/1339/1339
f 1339/1339/1339 1334/1334/1334 1338/1338/1338
f 1336/1336/1336 1335/1335/1335 1339/1339/1339
f 1306/1306/1306 1336/1336/1336 1340/1340/1340
f 1301/1301/1301 1306/1306/1306 1340/1340/1340
f 1341/1341/1341 1337/1337/1337 1103/1103/1103
f 1341/1341/1341 1103/1103/1103 1104/1104/1104
f 1342/1342/1342 1338/1338/1338 1337/1337/1337
f 1339/1339/1339 1338/1338/1338 1342/1342/1342
f 1342/1342/1342 1337/1337/1337 1341/1341/1341
f 1336/1336/1336 1339/1339/1339 1343/1343/1343
f 1343/1343/1343 1339/1339/1339 1342/1342/1342
f 1340/1340/1340 1336/1336/1336 1343/1343/1343
f 1301/1301/1301 1340/1340/1340 1344/1344/1344
f 1296/1296/1296 1301/1301/1301 1344/1344/1344
f 1345/1345/1345 1341/1341/1341 1104/1104/1104
f 1345/1345/1345 1104/1104/1104 1105/1105/1105
f 1346/1346/1346 1342/1342/1342 1341/1341/1341
f 1343/1343/1343 1342/1342/1342 1346/1346/1346
f 1346/1346/1346 1341/1341/1341 1345/1345/1345
f 1340/1340/1340 1343/1343/1343 1347/1347/1347
f 1347/1347/1347 1343/1343/1343 1346/1346/1346
f 1344/1344/1344 1340/1340/1340 1347/1347/1347
f 1296/1296/1296 1344/1344/1344 1348/1348/1348
f 1291/1291/1291 1296/1296/1296 1348/1348/1348
f 1349/1349/1349 1345/1345/1345 1105/1105/1105
f 1349/1349/1349 1105/1105/1105 1106/1106/1106
f 1350/1350/1350 1346/1346/1346 1345/1345/1345
f 1347/1347/1347 1346/1346/1346 1350/1350/1350
f 1350/1350/1350 1345/1345/1345 1349/1349/1349
f 1344/1344/1344 1347/1347/1347 1351/1351/1351
f 1351/1351/1351 1347/1347/1347 1350/1350/1350
f 1348/1348/1348 1344/1344/1344 1351/1351/1351
f 1291/1291/1291 1348/1348/1348 1352/1352/1352
f 1286/1286/1286 1291/1291/1291 1352/1352/1352
f 1353/1353/1353 1349/1349/1349 1106/1106/1106
f 1353/1353/1353 1106/1106/1106 1107/1107/1107
f 1354/1354/1354 1350/1350/1350 1349/1349/1349
f 1351/1351/1351 1350/1350/1350 1354/1354/1354
f 1354/1354/1354 1349/1349/1349 1353/1353/1353
f 1348/1348/1348 1351/1351/1351 1355/1355/1355
f 1355/1355/1355 1351/1351/1351 1354/1354/1354
f 1352/1352/1352 1348/1348/1348 1355/1355/1355
f 1286/1286/1286 1352/1352/1352 1356/1356/1356
f 1281/1281/1281 1286/1286/1286 1356/1356/1356
f 1357/1357/1357 1353/1353/1353 1107/1107/1107
f 1357/1357/1357 1107/1107/1107 1108/1108/1108
f 1358/1358/1358 1354/1354/1354 1353/1353/1353
f 1355/1355/1355 1354/1354/1354 1358/1358/1358
f 1358/1358/1358 1353/1353/1353 1357/1357/1357
f 1352/1352/1352 1355/1355/1355 1359/1359/1359
f 1359/1359/1359 1355/1355/1355 1358/1358/1358
f 1356/1356/1356 1352/1352/1352 1359/1359/1359
f 1281/1281/1281 1356/1356/1356 1360/1360/1360
f 1276/1276/1276 1281/1281/1281 1360/1360/1360
f 1361/1361/1361 1357/1357/1357 1108/1108/1108
f 1361/1361/1361 1108/1108/1108 1109/1109/1109
f 1362/1362/1362 1358/1358/1358 1357/1357/1357
f 1359/1359/1359 1358/1358/1358 1362/1362/1362
f 1362/1362/1362 1357/1357/1357 1361/1361/1361
f 1356/1356/1356 1359/1359/1359 1363/1363/1363
f 1363/1363/1363 1359/1359/1359 1362/1362/1362
f 1360/1360/1360 1356/1356/1356 1363/1363/1363
f 1276/1276/1276 1360/1360/1360 1364/1364/1364
f 1271/1271/1271 1276/1276/1276 1364/1364/1364
f 1365/1365/1365 1361/1361/1361 1109/1109/1109
f 1365/1365/1365 1109/1109/1109 1110/1110/1110
f 1366/1366/1366 1362/1362/1362 1361/1361/1361
f 1363/1363/1363 1362/1362/1362 1366/1366/1366
f 1366/1366/1366 1361/1361/1361 1365/1365/1365
f 1360/1360/1360 1363/1363/1363 1367/1367/1367
f 1367/1367/1367 1363/1363/1363 1366/1366/1366
f 1364/1364/1364 1360/1360/1360 1367/1367/1367
f 1271/1271/1271 1364/1364/1364 1368/1368/1368
f 1266/1266/1266 1271/1271/1271 1368/1368/1368
f 1369/1369/1369 1365/1365/1365 1110/1110/1110
f 1369/1369/1369 1110/1110/1110 1111/1111/1111
f 1370/1370/1370 1366/1366/1366 1365/1365/1365
f 1367/1367/1367 1366/1366/1366 1370/1370/1370
f 1370/1370/1370 1365/1365/1365 1369/1369/1369
f 1364/1364/1364 1367/1367/1367 1371/1371/1371
f 1371/1371/1371 1367/1367/1367 1370/1370/1370
f 1368/1368/1368 1364/1364/1364 1371/1371/1371
f 1266/1266/1266 1368/1368/1368 1372/1372/1372
f 1261/1261/1261 1266/1266/1266 1372/1372/1372
f 1373/1373/1373 1369/1369/1369 1111/1111/1111
f 1373/1373/1373 1111/1111/1111 1112/1112/1112
f 1374/1374/1374 1370/1370/1370 1369/1369/1369
f 1371/1371/1371 1370/1370/1370 1374/1374/1374
f 1374/1374/1374 1369/1369/1369 1373/1373/1373
f 1368/1368/1368 1371/1371/1371 1375/1375/1375
f 1375/1375/1375 1371/1371/1371 1374/1374/1374
f 1372/1372/1372 1368/1368/1368 1375/1375/1375
f 1261/1261/1261 1372/1372/1372 1376/1376/1376
f 1256/1256/1256 1261/1261/1261 1376/1376/1376
f 1377/1377/1377 1373/1373/1373 1112/1112/1112
f 1377/1377/1377 1112/1112/1112 1113/1113/1113
f 1378/1378/1378 1374/1374/1374 1373/1373/1373
f 1375/1375/1375 1374/1374/1374 1378/1378/1378
f 1378/1378/1378 1373/1373/1373 1377/1377/1377
f 1372/1372/1372 1375/1375/1375 1379/1379/1379
f 1379/1379/1379 1375/1375/1375 1378/1378/1378
f 1376/1376/1376 1372/1372/1372 1379/1379/1379
f 1256/1256/1256 1376/1376/1376 1380/1380/1380
f 1251/1251/1251 1256/1256/1256 1380/1380/1380
f 1381/1381/1381 1377/1377/1377 1113/1113/1113
f 1381/1381/1381 1113/1113/1113 1114/1114/1114
f 1382/1382/1382 1378/1378/1378 1377/1377/1377
f 1379/1379/1379 1378/1378/1378 1382/1382/1382
f 1382/1382/1382 1377/1377/1377 1381/1381/1381
f 1376/1376/1376 1379/1379/1379 1383/1383/1383
f 1383/1383/1383 1379/1379/1379 1382/1382/1382
f 1380/1380/1380 1376/1376/1376 1383/1383/1383
f 1251/1251/1251 1380/1380/1380 1384/1384/1384
f 1246/1246/1246 1251/1251/1251 1384/1384/1384
f 1385/1385/1385 1381/1381/1381 1114/1114/1114
f 1385/1385/1385 1114/1114/1114 1115/1115/1115
f 1386/1386/1386 1382/1382/1382 1381/1381/1381
f 1383/1383/1383 1382/1382/1382 1386/1386/1386
f 1386/1386/1386 1381/1381/1381 1385/1385/1385
f 1380/1380/1380 1383/1383/1383 1387/1387/1387
f 1387/1387/1387 1383/1383/1383 1386/1386/1386
f 1384/1384/1384 1380/1380/1380 1387/1387/1387
f 1246/1246/1246 1384/1384/1384 1388/1388/1388
f 1241/1241/1241 1246/1246/1246 1388/1388/1388
f 1389/1389/1389 1385/1385/1385 1115/1115/1115
f 1389/1389/1389 1115/1115/1115 1116/1116/1116
f 1390/1390/1390 1386/1386/1386 1385/1385/1385
f 1387/1387/1387 1386/1386/1386 1390/1390/1390
f 1390/1390/1390 1385/1385/1385 1389/1389/1389
f 1384/1384/1384 1387/1387/1387 1391/1391/1391
f 1391/1391/1391 1387/1387/1387 1390/1390/1390
f 1388/1388/1388 1384/1384/1384 1391/1391/1391
f 1241/1241/1241 1388/1388/1388 1392/1392/1392
f 1236/1236/1236 1241/1241/1241 1392/1392/1392
f 1393/1393/1393 1389/1389/1389 1116/1116/1116
f 1393/1393/1393 1116/1116/1116 1117/1117/1117
f 1394/1394/1394 1390/1390/1390 1389/1389/1389
f 1391/1391/1391 1390/1390/1390 1394/1394/1394
f 1394/1394/1394 1389/1389/1389 1393/1393/1393
f 1388/1388/1388 1391/1391/1391 1395/1395/1395
f 1395/1395/1395 1391/1391/1391 1394/1394/1394
f 1392/1392/1392 1388/1388/1388 1395/1395/1395
f 1236/1236/1236 1392/1392/1392 1396/1396/1396
f 1231/1231/1231 1236/1236/1236 1396/1396/1396
f 1397/1397/1397 1393/1393/1393 1117/1117/1117
f 1397/1397/1397 1117/1117/1117 1118/1118/1118
f 1398/1398/1398 1394/1394/1394 1393/1393/1393
f 1395/1395/1395 1394/1394/1394 1398/1398/1398
f 1398/1398/1398 1393/1393/1393 1397/1397/1397
f 1392/1392/1392 1395/1395/1395 1399/1399/1399
f 1399/1399/1399 1395/1395/1395 1398/1398/1398
f 1396/1396/1396 1392/1392/1392 1399/1399/1399
f 1231/1231/1231 1396/1396/1396 1400/1400/1400
f 1226/1226/1226 1231/1231/1231 1400/1400/1400
f 1401/1401/1401 1397/1397/1397 1118/1118/1118
f 1401/1401/1401 1118/1118/1118 1119/1119/1119
f 1402/1402/1402 1398/1398/1398 1397/1397/1397
f 1399/1399/1399 1398/1398/1398 1402/1402/1402
f 1402/1402/1402 1397/1397/1397 1401/1401/1401
f 1396/1396/1396 1399/1399/1399 1403/1403/1403
f 1403/1403/1403 1399/1399/1399 1402/1402/1402
f 1400/1400/1400 1396/1396/1396 1403/1403/1403
f 1226/1226/1226 1400/1400/1400 1404/1404/1404
f 1221/1221/1221 1226/1226/1226 1404/1404/1404
f 1405/1405/1405 1401/1401/1401 1119/1119/1119
f 1405/1405/1405 1119/1119/1119 1120/1120/1120
f 1406/1406/1406 1402/1402/1402 1401/1401/1401
f 1403/1403/1403 1402/1402/1402 1406/1406/1406
f 1406/1406/1406 1401/1401/1401 1405/1405/1405
f 1400/1400/1400 1403/1403/1403 1407/1407/1407
f 1407/1407/1407 1403/1403/1403 1406/1406/1406
f 1404/1404/1404 1400/1400/1400 1407/1407/1407
f 1221/1221/1221 1404/1404/1404 1408/1408/1408
f 1216/1216/1216 1221/1221/1221 1408/1408/1408
f 1409/1409/1409 1405/1405/1405 1120/1120/1120
f 1409/1409/1409 1120/1120/1120 1121/1121/1121
f 1410/1410/1410 1406/1406/1406 1405/1405/1405
f 1407/1407/1407 1406/1406/1406 1410/1410/1410
f 1410/1410/1410 1405/1405/1405 1409/1409/1409
f 1404/1404/1404 1407/1407/1407 1411/1411/1411
f 1411/1411/1411 1407/1407/1407 1410/1410/1410
f 1408/1408/1408 1404/1404/1404 1411/1411/1411
f 1216/1216/1216 1408/1408/1408 1412/1412/1412
f 1211/1211/1211 1216/1216/1216 1412/1412/1412
f 1413/1413/1413 1409/1409/1409 1121/1121/1121
f 1413/1413/1413 1121/1121/1121 1122/1122/1122
f 1414/1414/1414 1410/1410/1410 1409/1409/1409
f 1411/1411/1411 1410/1410/1410 1414/1414/1414
f 1414/1414/1414 1409/1409/1409 1413/1413/1413
f 1408/1408/1408 1411/1411/1411 1415/1415/1415
f 1415/1415/1415 1411/1411/1411 1414/1414/1414
f 1412/1412/1412 1408/1408/1408 1415/1415/1415
f 1211/1211/1211 1412/1412/1412 1416/1416/1416
f 1206/1206/1206 1211/1211/1211 1416/1416/1416
f 1417/1417/1417 1413/1413/1413 1122/1122/1122
f 1417/1417/1417 1122/1122/1122 1123/1123/1123
f 1418/1418/1418 1414/1414/1414 1413/1413/1413
f 1415/1415/1415 1414/1414/1414 1418/1418/1418
f 1418/1418/1418 1413/1413/1413 1417/1417/1417
f 1412/1412/1412 1415/1415/1415 1419/1419/1419
f 1419/1419/1419 1415/1415/1415 1418/1418/1418
f 1416/1416/1416 1412/1412/1412 1419/1419/1419
f 1206/1206/1206 1416/1416/1416 1420/1420/1420
f 1195/1195/1195 1206/1206/1206 1420/1420/1420
f 1421/1421/1421 1417/1417/1417 1123/1123/1123
f 1421/1421/1421 1123/1123/1123 1124/1124/1124
f 1422/1422/1422 1418/1418/1418 1417/1417/1417
f 1419/1419/1419 1418/1418/1418 1422/1422/1422
f 1422/1422/1422 1417/1417/1417 1421/1421/1421
f 1416/1416/1416 1419/1419/1419 1423/1423/1423
f 1423/1423/1423 1419/1419/1419 1422/1422/1422
f 1420/1420/1420 1416/1416/1416 1423/1423/1423
f 1195/1195/1195 1420/1420/1420 1424/1424/1424
f 1186/1186/1186 1195/1195/1195 1424/1424/1424
f 1186/1186/1186 1424/1424/1424 1185/1185/1185
f 1425/1425/1425 1421/1421/1421 1124/1124/1124
f 1425/1425/1425 1124/1124/1124 1125/1125/1125
f 1426/1426/1426 1422/1422/1422 1421/1421/1421
f 1423/1423/1423 1422/1422/1422 1426/1426/1426
f 1426/1426/1426 1421/1421/1421 1425/1425/1425
f 1420/1420/1420 1423/1423/1423 1427/1427/1427
f 1424/1424/1424 1420/1420/1420 1427/1427/1427
f 1427/1427/1427 1423/1423/1423 1426/1426/1426
f 1185/1185/1185 1424/1424/1424 1428/1428/1428
f 1424/1424/1424 1427/1427/1427 1428/1428/1428
f 1185/1185/1185 1428/1428/1428 1184/1184/1184
f 1427/1427/1427 1426/1426/1426 1429/1429/1429
f 1429/1429/1429 1426/1426/1426 1425/1425/1425
f 1428/1428/1428 1427/1427/1427 1429/1429/1429
f 1430/1430/1430 1425/1425/1425 1125/1125/1125
f 1429/1429/1429 1425/1425/1425 1430/1430/1430
f 1430/1430/1430 1125/1125/1125 1126/1126/1126
f 1135/1135/1135 1430/1430/1430 1126/1126/1126
f 1184/1184/1184 1428/1428/1428 1431/1431/1431
f 1428/1428/1428 1429/1429/1429 1431/1431/1431
f 1431/1431/1431 1429/1429/1429 1430/1430/1430
f 1431/1431/1431 1430/1430/1430 1135/1135/1135
f 1184/1184/1184 1431/1431/1431 1143/1143/1143
f 1143/1143/1143 1431/1431/1431 1135/1135/1135

