mtllib material.mtl
usemtl material_0
v -0.00050000 0.00075760 0.00050003
v -0.00050000 0.00075760 -0.00050003
v 0.00050000 0.00075760 -0.00050003
v 0.00050000 0.00075760 0.00050003
v -0.01071091 0.29384120 0.01494217
v -0.00819778 0.29673920 0.01853500
v -0.00813843 0.29449690 0.01868820
v 0.00477283 0.29463850 0.02119736
v 0.00477283 0.29735090 0.02104416
v 0.00819778 0.29673920 0.01853500
v 0.00850059 0.29449690 0.01868820
v 0.01088036 0.28382220 0.01907211
v 0.01159340 0.29499500 0.02319107
v 0.01159340 0.29449690 0.01868820
v -0.00734837 0.24894670 -0.01774063
v -0.00734837 0.23401410 -0.01774063
v -0.00000023 0.23401410 -0.01920212
v -0.01054093 0.23401410 -0.02544817
v -0.01947715 0.23401410 -0.01947717
v -0.02039158 0.23196750 -0.02039160
v 0.00000002 0.00139725 -0.04679928
v -0.01886402 0.01907442 -0.04554182
v -0.01790929 0.00139725 -0.04323690
v 0.02039160 0.21167960 -0.02039157
v 0.01103585 0.21167960 -0.02664293
v 0.01044681 0.21017000 -0.02522087
v 0.00000002 0.21167960 -0.02883810
v -0.01103583 0.21167960 -0.02664294
v -0.01044679 0.21017000 -0.02522088
v 0.00544380 0.25345910 -0.00544399
v 0.00294617 0.26495700 -0.00711292
v 0.00294617 0.25345910 -0.00711292
v 0.00544380 0.26495700 -0.00544399
v 0.00711265 0.25345910 -0.00294659
v 0.00711265 0.26495700 -0.00294659
v 0.00769867 0.25345910 -0.00000011
v 0.00769867 0.26495700 -0.00000011
v 0.00711265 0.25345910 0.00294590
v 0.00711265 0.26495700 0.00294590
v 0.00544380 0.25345910 0.00544354
v 0.00554432 0.26495700 0.00544354
v 0.00294615 0.25345910 0.00711247
v 0.00305778 0.26495700 0.00711247
v 0.00294617 0.25345910 -0.00711292
v 0.00294617 0.26495700 -0.00711292
v 0.00000000 0.26495700 -0.00769890
v 0.00000000 0.25345910 -0.00769890
v -0.00294615 0.26495700 -0.00711292
v -0.00294615 0.25345910 -0.00711292
v -0.00294615 0.25345910 -0.00711292
v -0.00294615 0.26495700 -0.00711292
v -0.00544380 0.26495700 -0.00544399
v -0.00544380 0.25345910 -0.00544399
v -0.00711265 0.26495700 -0.00294659
v -0.00711265 0.25345910 -0.00294659
v -0.00769867 0.26495700 -0.00000011
v -0.00769867 0.25345910 -0.00000011
v -0.00711265 0.26495700 0.00294590
v -0.00711265 0.25345910 0.00294590
v -0.00542408 0.26495700 0.00544354
v -0.00544380 0.25345910 0.00544354
v -0.00291439 0.26495700 0.00711247
v -0.00294617 0.25345910 0.00711247
v -0.00294617 0.25345910 0.00711247
v -0.00291439 0.26495700 0.00711247
v -0.00000000 0.26495700 0.00769852
v -0.00000000 0.25345910 0.00769852
v 0.00305778 0.26495700 0.00711247
v 0.00294615 0.25345910 0.00711247
v 0.00819778 0.28329140 -0.00819801
v 0.00819778 0.29297410 -0.00820244
v 0.00443661 0.29318220 -0.01070747
v 0.00443661 0.28329140 -0.01071098
v 0.00819778 0.27151060 -0.00819801
v 0.00443661 0.27151060 -0.01071098
v 0.00443661 0.28329140 -0.01071098
v 0.00443661 0.29318220 -0.01070747
v 0.00000001 0.29318220 -0.01159363
v 0.00000001 0.28329140 -0.01159363
v 0.00443661 0.27151060 -0.01071098
v -0.00443661 0.29318220 -0.01070747
v 0.00000001 0.27151060 -0.01159363
v -0.00443661 0.28329140 -0.01071098
v -0.00443661 0.27151060 -0.01071098
v -0.00443661 0.28329140 -0.01071098
v -0.00443661 0.29318220 -0.01070747
v -0.00819778 0.29297410 -0.00820297
v -0.00819778 0.28329140 -0.00819801
v -0.00443661 0.27151060 -0.01071098
v -0.00819778 0.27151060 -0.00819801
v -0.01071091 0.29300590 -0.00443676
v -0.01071091 0.28329140 -0.00443676
v -0.01071091 0.27151060 -0.00443676
v -0.01159340 0.29286180 -0.00000011
v -0.01159340 0.28329140 -0.00000011
v -0.01159340 0.27151060 -0.00000011
v -0.01071091 0.28329140 0.00443611
v -0.01071091 0.27151060 0.00443611
v -0.00813843 0.28329140 0.00819763
v -0.00816811 0.27151060 0.00819763
v -0.01159340 0.28329140 -0.00000011
v -0.01159340 0.28329140 0.00443607
v -0.01159340 0.29286180 0.00443607
v -0.01159340 0.28329140 0.01050591
v -0.01159340 0.29540290 0.00443607
v -0.01159340 0.29540290 -0.00000011
v -0.01159340 0.29323210 0.01050591
v -0.01159340 0.29577330 0.01050591
v -0.01159340 0.28329140 0.01494217
v -0.01071091 0.29620790 0.01494217
v -0.01159340 0.29384120 0.01494217
v -0.01088036 0.28382220 0.01907211
v -0.01159340 0.29449690 0.01868820
v -0.00971840 0.28458670 0.02393982
v -0.01159340 0.29499500 0.02319107
v -0.00869049 0.28559200 0.02832916
v -0.01099869 0.29543610 0.02687393
v -0.00748665 0.28719740 0.03358093
v -0.01023979 0.29619450 0.03237060
v -0.00563454 0.28941560 0.04154572
v -0.00856247 0.29724470 0.04086822
v -0.00441097 0.29069920 0.04888214
v -0.00699753 0.29717800 0.04964416
v -0.00318224 0.29046190 0.05736389
v -0.00504826 0.29569860 0.05888367
v -0.00000001 0.29561430 0.04572601
v 0.00353949 0.29561430 0.04572601
v 0.00241150 0.29244870 0.04564331
v -0.00000001 0.29244870 0.04564331
v -0.00353951 0.29561430 0.04572601
v -0.00241152 0.29244870 0.04564331
v -0.00000000 0.29759030 0.02192566
v -0.00434097 0.29735090 0.02104416
v -0.00819778 0.29673920 0.01853500
v -0.00000000 0.29673920 0.01853500
v 0.00819778 0.29673920 0.01853500
v 0.00477283 0.29735090 0.02104416
v 0.01071091 0.29620790 0.01494217
v -0.00000000 0.29620790 0.01494217
v -0.01071091 0.29620790 0.01494217
v 0.01159340 0.29577330 0.01050591
v -0.00000000 0.29577330 0.01050591
v -0.01159340 0.29577330 0.01050591
v 0.01159340 0.29540290 0.00443611
v -0.00000000 0.29540290 0.00443607
v -0.00000000 0.29540290 -0.00000011
v -0.01159340 0.29540290 0.00443607
v 0.01159340 0.29540290 -0.00000011
v 0.01071091 0.29540290 -0.00074321
v 0.01159340 0.29578080 -0.00820351
v -0.01159340 0.29540290 -0.00000011
v 0.01071091 0.29576640 -0.00820351
v 0.01159340 0.29590650 -0.01093216
v 0.01071091 0.29589930 -0.01093216
v 0.01159340 0.29616090 -0.01366119
v 0.00819778 0.29570880 -0.00820419
v 0.01071091 0.29616090 -0.01366119
v 0.01159340 0.29670610 -0.01703888
v 0.00819778 0.29587050 -0.01093216
v 0.01071091 0.29670610 -0.01703888
v 0.01071091 0.29740010 -0.02046387
v 0.00819778 0.29616090 -0.01366119
v 0.00819778 0.29670610 -0.01703888
v 0.00819778 0.29740010 -0.02046387
v 0.00819778 0.29809980 -0.02334656
v 0.00000000 0.29587050 -0.01093216
v 0.00000000 0.29616090 -0.01366119
v 0.00000001 0.29670610 -0.01703888
v 0.00000001 0.29740010 -0.02046387
v -0.00819778 0.29670610 -0.01703888
v 0.00000001 0.29809980 -0.02334671
v 0.00443661 0.29868150 -0.02528091
v 0.00000001 0.29888560 -0.02596008
v -0.00443661 0.29868150 -0.02528091
v -0.00819778 0.29809980 -0.02334671
v -0.00819778 0.29740010 -0.02046387
v -0.01071091 0.29740010 -0.02046387
v -0.01071091 0.29670610 -0.01703888
v -0.01159340 0.29670610 -0.01703888
v -0.01159340 0.29616090 -0.01366119
v -0.01071091 0.29616090 -0.01366119
v -0.01159340 0.29590650 -0.01093216
v -0.00819778 0.29616090 -0.01366119
v -0.01071091 0.29589930 -0.01093216
v -0.01159340 0.29578080 -0.00820351
v -0.00819778 0.29587050 -0.01093216
v -0.01071091 0.29576640 -0.00820351
v 0.00000000 0.29570880 -0.00820419
v -0.00000000 0.29540290 -0.00304752
v -0.00819778 0.29570880 -0.00820419
v -0.01071091 0.29540290 -0.00074321
v 0.00819778 0.29540290 -0.00304752
v -0.00000000 0.29540290 -0.00074321
v -0.00819778 0.29540290 -0.00304752
v 0.00819778 0.29553480 -0.02438598
v 0.00819778 0.29809980 -0.02334656
v 0.00443661 0.29868150 -0.02528091
v 0.00443661 0.29611630 -0.02632034
v 0.00000001 0.29888560 -0.02596008
v 0.00000001 0.29632060 -0.02699966
v -0.00443661 0.29868150 -0.02528091
v -0.00443661 0.29611630 -0.02632034
v -0.00819778 0.29809980 -0.02334671
v -0.00819778 0.29553480 -0.02438598
v -0.00819778 0.29553480 -0.02438598
v -0.00819778 0.29809980 -0.02334671
v -0.01071091 0.29740010 -0.02046387
v -0.01071091 0.29468370 -0.02129486
v -0.01159340 0.29670610 -0.01703888
v -0.01159340 0.29400150 -0.01733856
v 0.01159340 0.29400150 -0.01733856
v 0.01159340 0.29670610 -0.01703888
v 0.01071091 0.29740010 -0.02046387
v 0.01071091 0.29468370 -0.02129486
v 0.00819778 0.29809980 -0.02334656
v 0.00819778 0.29553480 -0.02438598
v 0.00850059 0.29449690 0.01868820
v 0.00819778 0.29673920 0.01853500
v 0.01071091 0.29620790 0.01494217
v 0.01071091 0.29384120 0.01494217
v 0.01159340 0.29577330 0.01050591
v 0.01159340 0.29323210 0.01050591
v 0.01159340 0.29540290 0.00443611
v 0.01159340 0.29286180 0.00443611
v 0.01159340 0.29540290 -0.00000011
v 0.01159340 0.28329140 0.00443611
v 0.01159340 0.28329140 0.01050591
v 0.01159340 0.29384120 0.01494217
v 0.01159340 0.28329140 0.01494217
v 0.01159340 0.28329140 -0.00000011
v 0.01159340 0.29286180 -0.00000011
v 0.01071091 0.29300590 -0.00443676
v 0.01071091 0.28329140 -0.00443676
v 0.01071091 0.27151060 -0.00443676
v 0.01159340 0.27151060 -0.00000011
v 0.01159340 0.28329140 -0.00000011
v 0.01071091 0.27151060 0.00443611
v 0.01071091 0.28329140 0.00443611
v 0.00834923 0.27151060 0.00819763
v 0.00850059 0.28329140 0.00819763
v 0.00460472 0.27151060 0.01071075
v 0.00477283 0.28329140 0.01071075
v -0.00813843 0.29449690 0.01868820
v -0.00819778 0.29673920 0.01853500
v -0.00434097 0.29735090 0.02104416
v -0.00434097 0.29463850 0.02119736
v -0.00000000 0.29759030 0.02192566
v -0.00000000 0.29468820 0.02207870
v 0.01159340 0.29297440 -0.00820694
v 0.01159340 0.29286180 -0.00000011
v 0.01159340 0.29578080 -0.00820351
v 0.01159340 0.29320040 -0.01092781
v 0.01159340 0.29590650 -0.01093216
v 0.01159340 0.29349110 -0.01366119
v 0.01159340 0.29616090 -0.01366119
v 0.01159340 0.29400150 -0.01733856
v 0.01159340 0.29670610 -0.01703888
v 0.01071091 0.29384120 0.01494217
v 0.01159340 0.29323210 0.01050591
v 0.01159340 0.29384120 0.01494217
v 0.00850059 0.29449690 0.01868820
v 0.01159340 0.29449690 0.01868820
v 0.00850059 0.29499480 0.02319092
v 0.01159340 0.29499500 0.02319107
v 0.01099869 0.29543630 0.02687408
v 0.00477283 0.29480140 0.02252060
v 0.00477283 0.29463850 0.02119736
v -0.00000000 0.29474550 0.02252060
v -0.00000000 0.29468820 0.02207870
v -0.00000000 0.29484010 0.02321609
v -0.00000000 0.29543290 0.02687500
v -0.00434097 0.29480140 0.02252075
v -0.00434097 0.29463850 0.02119736
v -0.00813843 0.29499480 0.02319092
v -0.00813843 0.29449690 0.01868820
v -0.01099869 0.29543610 0.02687393
v -0.01159340 0.29499500 0.02319107
v -0.01159340 0.29449690 0.01868820
v -0.01071091 0.29384120 0.01494217
v -0.01159340 0.29384120 0.01494217
v -0.01159340 0.29323210 0.01050591
v -0.01023979 0.29619450 0.03237060
v -0.00000000 0.29619450 0.03237060
v -0.00856247 0.29724470 0.04086822
v 0.01023979 0.29619450 0.03237060
v -0.00000000 0.29724470 0.04086822
v -0.00699753 0.29717800 0.04964416
v 0.00856247 0.29724470 0.04086822
v -0.00000002 0.29717800 0.04964416
v -0.00504826 0.29569860 0.05888367
v 0.00699749 0.29717800 0.04964416
v -0.00000002 0.29569860 0.05888367
v 0.00504822 0.29569870 0.05888367
v 0.00971840 0.28458670 0.02393982
v 0.01099869 0.29543630 0.02687408
v 0.00869049 0.28559200 0.02832916
v 0.01023979 0.29619450 0.03237060
v 0.00748665 0.28719740 0.03358093
v 0.00856247 0.29724470 0.04086822
v 0.00563454 0.28941560 0.04154572
v 0.00699749 0.29717800 0.04964416
v 0.00441097 0.29069920 0.04888214
v 0.00504822 0.29569870 0.05888367
v 0.00318222 0.29046190 0.05736389
v 0.01159340 0.28329140 0.00443611
v 0.01159340 0.28329140 -0.00000011
v 0.01071091 0.28329140 0.00443611
v 0.01159340 0.28329140 0.01050591
v 0.00850059 0.28329140 0.00819763
v 0.00850059 0.28329140 0.01060219
v 0.00477283 0.28329140 0.01071075
v 0.01159340 0.28329140 0.01494217
v 0.00850059 0.28329140 0.01392227
v 0.00477283 0.28329140 0.01269348
v -0.00000000 0.28329140 0.01266220
v -0.00000000 0.28329140 0.01159302
v -0.00434097 0.28329140 0.01071075
v -0.00000000 0.28329140 0.01388168
v -0.00434097 0.28329140 0.01263420
v -0.00813843 0.28329140 0.01060310
v -0.00813843 0.28329140 0.00819763
v -0.00813843 0.28329140 0.01384270
v -0.01159340 0.28329140 0.01050591
v -0.01071091 0.28329140 0.00443611
v -0.01159340 0.28329140 0.00443607
v -0.01159340 0.28329140 -0.00000011
v -0.01159340 0.28329140 0.01494217
v -0.00000000 0.28329140 0.01494217
v -0.01088036 0.28382220 0.01907211
v -0.00000000 0.28382220 0.01907211
v 0.01088036 0.28382220 0.01907211
v 0.00971840 0.28458670 0.02393982
v -0.00000000 0.28458670 0.02393982
v -0.00971840 0.28458670 0.02393982
v 0.00869049 0.28559200 0.02832916
v -0.00000000 0.28559200 0.02832916
v -0.00869049 0.28559200 0.02832916
v 0.00748665 0.28719740 0.03358093
v -0.00000000 0.28719740 0.03358093
v -0.00748665 0.28719740 0.03358093
v 0.00563454 0.28941560 0.04154572
v -0.00000000 0.28941560 0.04154572
v -0.00563454 0.28941560 0.04154572
v 0.00441097 0.29069920 0.04888214
v -0.00000001 0.29069920 0.04888214
v 0.00318222 0.29046190 0.05736389
v -0.00441097 0.29069920 0.04888214
v -0.00000001 0.29046190 0.05736389
v -0.00318224 0.29046190 0.05736389
v 0.01159340 0.29286180 -0.00000011
v 0.01071091 0.29297460 -0.00820770
v 0.01071091 0.29300590 -0.00443676
v 0.01159340 0.29297440 -0.00820694
v 0.01071091 0.29320040 -0.01092781
v 0.01159340 0.29320040 -0.01092781
v 0.01071091 0.29349110 -0.01366119
v 0.01159340 0.29349110 -0.01366119
v 0.01071091 0.29400150 -0.01733856
v 0.01159340 0.29400150 -0.01733856
v 0.01071091 0.29468370 -0.02129486
v 0.00443661 0.29468370 -0.02129486
v 0.00819778 0.29553480 -0.02438598
v 0.00443661 0.29400150 -0.01733856
v 0.00443661 0.29349110 -0.01366119
v 0.00443661 0.29553480 -0.02438598
v 0.00443661 0.29611630 -0.02632034
v 0.00000001 0.29632060 -0.02699966
v 0.00000001 0.29553480 -0.02438598
v -0.00443661 0.29611630 -0.02632034
v 0.00000001 0.29468370 -0.02129486
v -0.00443661 0.29553480 -0.02438598
v -0.00819778 0.29553480 -0.02438598
v -0.00443661 0.29468370 -0.02129486
v -0.01071091 0.29468370 -0.02129486
v 0.00000001 0.29400150 -0.01733856
v -0.00443661 0.29400150 -0.01733856
v 0.00000001 0.29349110 -0.01366119
v -0.01071091 0.29400150 -0.01733856
v -0.01159340 0.29400150 -0.01733856
v -0.00443661 0.29349110 -0.01366119
v -0.01071091 0.29349110 -0.01366119
v -0.01159340 0.29349110 -0.01366119
v 0.00443661 0.29318220 -0.01070747
v 0.01071091 0.29297460 -0.00820770
v 0.00819778 0.29297410 -0.00820244
v 0.01071091 0.29300590 -0.00443676
v 0.00000001 0.29318220 -0.01159363
v -0.00443661 0.29318220 -0.01070747
v -0.01071091 0.29320040 -0.01092781
v -0.01159340 0.29320040 -0.01092781
v -0.00819778 0.29297410 -0.00820297
v -0.01071091 0.29297460 -0.00820770
v -0.01071091 0.29300590 -0.00443676
v -0.01071091 0.29297460 -0.00820770
v -0.01159340 0.29297440 -0.00820694
v -0.01071091 0.29300590 -0.00443676
v -0.01159340 0.29286180 -0.00000011
v -0.01159340 0.29349110 -0.01366119
v -0.01159340 0.29400150 -0.01733856
v -0.01159340 0.29670610 -0.01703888
v -0.01159340 0.29616090 -0.01366119
v -0.01159340 0.29320040 -0.01092781
v -0.01159340 0.29590650 -0.01093216
v -0.01159340 0.29297440 -0.00820694
v -0.01159340 0.29578080 -0.00820351
v -0.01159340 0.29286180 -0.00000011
v -0.00000001 0.29149750 0.05766418
v 0.00241150 0.29244870 0.04564331
v 0.00241150 0.29149750 0.05766418
v -0.00000001 0.29244870 0.04564331
v -0.00241152 0.29149750 0.05766418
v -0.00241152 0.29244870 0.04564331
v 0.00241150 0.29149750 0.05766418
v 0.00241150 0.29244870 0.04564331
v 0.00353949 0.29561430 0.04572601
v 0.00353949 0.29466310 0.05858307
v 0.00353949 0.29466310 0.05858307
v 0.00353949 0.29561430 0.04572601
v -0.00000001 0.29561430 0.04572601
v -0.00000001 0.29466310 0.05858307
v -0.00353951 0.29561430 0.04572601
v -0.00353951 0.29466310 0.05858307
v -0.00353951 0.29466310 0.05858307
v -0.00353951 0.29561430 0.04572601
v -0.00241152 0.29244870 0.04564331
v -0.00241152 0.29149750 0.05766418
v -0.00000000 0.27151060 0.01159302
v 0.00477283 0.28329140 0.01071075
v 0.00460472 0.27151060 0.01071075
v -0.00000000 0.28329140 0.01159302
v -0.00438881 0.27151060 0.01071075
v -0.00434097 0.28329140 0.01071075
v -0.00434097 0.28329140 0.01071075
v -0.00438881 0.27151060 0.01071075
v 0.00819778 0.27151060 -0.00819801
v 0.00544380 0.26495700 -0.00544399
v 0.00711265 0.26495700 -0.00294659
v 0.01071091 0.27151060 -0.00443676
v 0.00769867 0.26495700 -0.00000011
v 0.01159340 0.27151060 -0.00000011
v 0.00711265 0.26495700 0.00294590
v 0.01071091 0.27151060 0.00443611
v 0.00554432 0.26495700 0.00544354
v 0.00834923 0.27151060 0.00819763
v 0.00443661 0.27151060 -0.01071098
v 0.00544380 0.26495700 -0.00544399
v 0.00819778 0.27151060 -0.00819801
v 0.00294617 0.26495700 -0.00711292
v 0.00000001 0.27151060 -0.01159363
v 0.00000000 0.26495700 -0.00769890
v -0.00443661 0.27151060 -0.01071098
v -0.00294615 0.26495700 -0.00711292
v -0.00819778 0.27151060 -0.00819801
v -0.00544380 0.26495700 -0.00544399
v -0.01071091 0.27151060 -0.00443676
v -0.00544380 0.26495700 -0.00544399
v -0.00819778 0.27151060 -0.00819801
v -0.00711265 0.26495700 -0.00294659
v -0.01159340 0.27151060 -0.00000011
v -0.00769867 0.26495700 -0.00000011
v -0.01071091 0.27151060 0.00443611
v -0.00711265 0.26495700 0.00294590
v -0.00816811 0.27151060 0.00819763
v -0.00542408 0.26495700 0.00544354
v -0.00438881 0.27151060 0.01071075
v -0.00542408 0.26495700 0.00544354
v -0.00816811 0.27151060 0.00819763
v -0.00291439 0.26495700 0.00711247
v -0.00000000 0.27151060 0.01159302
v -0.00000000 0.26495700 0.00769852
v 0.00460472 0.27151060 0.01071075
v 0.00305778 0.26495700 0.00711247
v 0.00834923 0.27151060 0.00819763
v 0.00554432 0.26495700 0.00544354
v 0.01262505 0.25213750 -0.01262535
v 0.00683258 0.25213750 -0.01649567
v 0.00734825 0.24894670 -0.01774063
v 0.01357796 0.24894670 -0.01357819
v 0.01649536 0.25213750 -0.00683300
v 0.01774033 0.24894670 -0.00734875
v 0.01774033 0.23401410 -0.00734871
v 0.01357796 0.23401410 -0.01357819
v 0.00734825 0.23401410 -0.01774078
v -0.01920197 0.24894670 -0.00000011
v -0.01920197 0.23401410 -0.00000011
v -0.01774033 0.23401410 -0.00734886
v -0.01774033 0.24894670 -0.00734886
v -0.01357780 0.23401410 -0.01357826
v -0.01357780 0.24894670 -0.01357826
v -0.00734837 0.23401410 -0.01774063
v -0.00734837 0.24894670 -0.01774063
v -0.00683273 0.25213740 -0.01649567
v -0.01262497 0.25213740 -0.01262543
v -0.01649536 0.25213750 -0.00683315
v -0.00734840 0.24894650 0.01774002
v -0.00734840 0.23401410 0.01774002
v -0.01357780 0.23401410 0.01357765
v -0.01357780 0.24894670 0.01357765
v -0.01774033 0.23401410 0.00734779
v -0.01262497 0.25213740 0.01262482
v -0.00683269 0.25213740 0.01649490
v -0.01649536 0.25213750 0.00683216
v -0.01774033 0.24894670 0.00734779
v -0.01785446 0.25213750 -0.00000011
v 0.00734814 0.24894670 0.01774017
v 0.00734814 0.23401410 0.01774017
v -0.00000023 0.23401410 0.01920166
v -0.00000023 0.24894670 0.01920166
v -0.00734840 0.23401410 0.01774002
v -0.00734840 0.24894650 0.01774002
v -0.00683269 0.25213740 0.01649490
v -0.00000021 0.25213750 0.01785400
v 0.00683250 0.25213750 0.01649521
v 0.01774033 0.24894670 0.00734772
v 0.01774033 0.23401410 0.00734772
v 0.01357788 0.23401410 0.01357765
v 0.01357788 0.24894670 0.01357765
v 0.01262505 0.25213750 0.01262482
v 0.00734814 0.23401410 0.01774017
v 0.00683250 0.25213750 0.01649521
v 0.00734814 0.24894670 0.01774017
v 0.01920197 0.23401410 -0.00000011
v 0.01920197 0.24894670 -0.00000011
v 0.01785446 0.25213750 -0.00000011
v 0.01649536 0.25213750 0.00683208
v -0.00000022 0.25213750 -0.01785461
v -0.00683273 0.25213740 -0.01649567
v -0.00000023 0.24894670 -0.01920212
v 0.00683258 0.25213750 -0.01649567
v 0.00734825 0.24894670 -0.01774063
v 0.00734825 0.23401410 -0.01774078
v 0.02039160 0.23196750 -0.02039157
v 0.02544818 0.23401410 -0.01054093
v 0.01947717 0.23401410 -0.01947714
v 0.02664294 0.23196750 -0.01103582
v 0.02754489 0.23401410 -0.00000000
v 0.02883811 0.23196750 -0.00000000
v 0.02883811 0.21167960 -0.00000000
v 0.02664294 0.21167960 -0.01103582
v 0.02039160 0.21167960 -0.02039157
v 0.01103585 0.23196750 -0.02664293
v 0.01103585 0.21167960 -0.02664293
v 0.01947717 0.23401410 -0.01947714
v 0.01054096 0.23401410 -0.02544817
v 0.01103585 0.23196750 -0.02664293
v 0.02039160 0.23196750 -0.02039157
v 0.00000002 0.23196750 -0.02883810
v 0.00000002 0.23401410 -0.02754489
v -0.01103583 0.23196750 -0.02664294
v -0.02544817 0.23401410 0.01054094
v -0.01947716 0.23401410 0.01947717
v -0.02039160 0.23196750 0.02039160
v -0.02664294 0.23196750 0.01103583
v -0.02754489 0.23401410 -0.00000001
v -0.02664294 0.21167960 0.01103583
v -0.02039160 0.21167960 0.02039160
v -0.02883810 0.21167960 -0.00000001
v -0.02883810 0.23196750 -0.00000001
v -0.02544817 0.23401410 -0.01054096
v -0.02664293 0.21167960 -0.01103585
v -0.02664293 0.23196750 -0.01103585
v -0.01947715 0.23401410 -0.01947717
v -0.02039158 0.21167960 -0.02039160
v -0.02039158 0.23196750 -0.02039160
v -0.01947716 0.23401410 0.01947717
v -0.01103584 0.23196750 0.02664293
v -0.02039160 0.23196750 0.02039160
v -0.01054095 0.23401410 0.02544817
v -0.00000000 0.23196750 0.02883810
v -0.00000001 0.23401410 0.02754489
v 0.01103583 0.23196750 0.02664293
v 0.01054094 0.23401410 0.02544817
v 0.01947717 0.23401410 0.01947717
v 0.02039160 0.23196750 0.02039160
v 0.02544817 0.23401410 0.01054095
v 0.02664294 0.23196750 0.01103583
v 0.01947717 0.23401410 0.01947717
v 0.02039160 0.23196750 0.02039160
v 0.02664294 0.21167960 0.01103583
v 0.02039160 0.21167960 0.02039160
v 0.01103583 0.21167960 0.02664293
v 0.01103583 0.23196750 0.02664293
v 0.03309212 0.00139725 -0.03309206
v 0.01790932 0.00139725 -0.04323688
v 0.01728349 0.00000001 -0.04172598
v 0.03193573 0.00000001 -0.03193566
v 0.00000000 0.00000001 -0.00000000
v 0.04172601 0.00000001 -0.01728346
v 0.04516389 0.00000001 -0.00000000
v 0.04172600 0.00000001 0.01728348
v 0.03193568 0.00000001 0.03193568
v 0.01728346 0.00000001 0.04172600
v 0.00000002 0.00000001 -0.04516389
v -0.00000001 0.00000001 0.04516389
v -0.01728346 0.00000001 -0.04172601
v 0.00000002 0.00139725 -0.04679928
v -0.03193568 0.00000001 -0.03193572
v -0.04172599 0.00000001 -0.01728348
v -0.04516389 0.00000001 -0.00000002
v -0.04172601 0.00000001 0.01728346
v -0.03193571 0.00000001 0.03193568
v -0.01728348 0.00000001 0.04172600
v -0.01790932 0.00139725 0.04323689
v -0.03309211 0.00139725 0.03309208
v -0.01790929 0.00139725 -0.04323690
v -0.03309207 0.00139725 -0.03309212
v -0.03309207 0.00139725 -0.03309212
v -0.04172599 0.00000001 -0.01728348
v -0.03193568 0.00000001 -0.03193572
v -0.04323689 0.00139725 -0.01790932
v -0.04516389 0.00000001 -0.00000002
v -0.04679928 0.00139725 -0.00000002
v -0.04172601 0.00000001 0.01728346
v -0.04323690 0.00139725 0.01790929
v -0.03193571 0.00000001 0.03193568
v -0.03309211 0.00139725 0.03309208
v -0.03485622 0.01907442 0.03485620
v -0.04554181 0.01907442 0.01886403
v -0.04929411 0.01907442 -0.00000002
v -0.00000001 0.00139725 0.04679928
v 0.01790930 0.00139725 0.04323690
v 0.03309208 0.00139725 0.03309208
v 0.03309208 0.00139725 0.03309208
v 0.04172600 0.00000001 0.01728348
v 0.03193568 0.00000001 0.03193568
v 0.04323689 0.00139725 0.01790932
v 0.04516389 0.00000001 -0.00000000
v 0.04679928 0.00139725 -0.00000000
v 0.04172601 0.00000001 -0.01728346
v 0.04323690 0.00139725 -0.01790929
v 0.03193573 0.00000001 -0.03193566
v 0.03309212 0.00139725 -0.03309206
v 0.03485623 0.01907442 -0.03485617
v 0.04554182 0.01907442 -0.01886401
v 0.04929411 0.01907442 -0.00000000
v 0.04554180 0.01907442 0.01886406
v 0.03485620 0.01907442 0.03485621
v 0.03362279 0.02103833 0.03362280
v 0.04393027 0.02103833 0.01819654
v 0.04754980 0.02103833 -0.00000000
v 0.04393028 0.02103833 -0.01819649
v 0.03362282 0.02103833 -0.03362276
v -0.01886406 0.01907442 0.04554180
v -0.03485622 0.01907442 0.03485620
v -0.03362281 0.02103833 0.03362279
v -0.01819654 0.02103833 0.04393027
v 0.00000000 0.02103834 0.00000000
v -0.04393028 0.02103833 0.01819651
v -0.04754980 0.02103833 -0.00000002
v -0.04393027 0.02103833 -0.01819654
v -0.00000001 0.01907442 0.04929412
v -0.03362276 0.02103833 -0.03362282
v -0.00000001 0.02103833 0.04754981
v 0.01886405 0.01907442 0.04554180
v -0.01819650 0.02103833 -0.04393028
v 0.01819654 0.02103833 0.04393027
v 0.03362279 0.02103833 0.03362280
v 0.03485620 0.01907442 0.03485621
v -0.03485617 0.01907442 -0.03485623
v 0.04393027 0.02103833 0.01819654
v 0.04754980 0.02103833 -0.00000000
v 0.04393028 0.02103833 -0.01819649
v -0.01886402 0.01907442 -0.04554182
v 0.03362282 0.02103833 -0.03362276
v 0.00000002 0.02103833 -0.04754980
v 0.00000003 0.01907442 -0.04929411
v 0.01819654 0.02103833 -0.04393026
v 0.01886406 0.01907442 -0.04554179
v 0.03485623 0.01907442 -0.03485617
v -0.04393028 0.02103833 0.01819651
v -0.03362281 0.02103833 0.03362279
v -0.04754980 0.02103833 -0.00000002
v -0.04393027 0.02103833 -0.01819654
v -0.04554180 0.01907442 -0.01886406
v -0.03362276 0.02103833 -0.03362282
v -0.03485617 0.01907442 -0.03485623
v 0.01886406 0.01907442 -0.04554179
v 0.01790932 0.00139725 -0.04323688
v 0.01790932 0.00139725 -0.04323688
v 0.01886406 0.01907442 -0.04554179
v 0.00000003 0.01907442 -0.04929411
v -0.01790929 0.00139725 -0.04323690
v -0.01886402 0.01907442 -0.04554182
v -0.01886406 0.01907442 0.04554180
v -0.01790932 0.00139725 0.04323689
v -0.01790932 0.00139725 0.04323689
v -0.01886406 0.01907442 0.04554180
v -0.00000001 0.01907442 0.04929412
v -0.00000001 0.00139725 0.04679928
v 0.01886405 0.01907442 0.04554180
v 0.01790930 0.00139725 0.04323690
v 0.01790930 0.00139725 0.04323690
v 0.01886405 0.01907442 0.04554180
v 0.01930320 0.21017000 -0.01930318
v 0.00515596 0.21017000 -0.00515646
v 0.00673659 0.21017000 -0.00279065
v 0.02522088 0.21017000 -0.01044678
v 0.00729161 0.21017000 -0.00000036
v 0.02729889 0.21017000 -0.00000000
v 0.00673659 0.21017000 0.00279019
v 0.02522088 0.21017000 0.01044680
v 0.00515596 0.21017000 0.00515587
v 0.01930321 0.21017000 0.01930320
v 0.00279037 0.21017000 -0.00673713
v 0.00279037 0.21017000 0.00673640
v 0.00000002 0.21017000 -0.02729888
v 0.00000000 0.21017000 -0.00729193
v -0.00279037 0.21017000 -0.00673700
v -0.01930318 0.21017000 -0.01930320
v -0.02039158 0.21167960 -0.02039160
v -0.00515596 0.21017000 -0.00515633
v -0.02522088 0.21017000 -0.01044681
v -0.00673659 0.21017000 -0.00279065
v -0.02729888 0.21017000 -0.00000001
v -0.00729161 0.21017000 -0.00000036
v -0.02522088 0.21017000 0.01044679
v -0.00673659 0.21017000 0.00279019
v -0.01930320 0.21017000 0.01930320
v -0.00515596 0.21017000 0.00515560
v -0.01044680 0.21017000 0.02522088
v -0.02039160 0.21167960 0.02039160
v -0.00279037 0.21017000 0.00673614
v -0.01103584 0.21167960 0.02664294
v -0.00000001 0.21017000 0.02729888
v -0.00000000 0.21017000 0.00729147
v -0.00000000 0.21167960 0.02883810
v 0.01044679 0.21017000 0.02522088
v 0.01103583 0.21167960 0.02664293
v 0.02039160 0.21167960 0.02039160
v 0.01930320 0.21017000 -0.01930318
v 0.02522088 0.21017000 -0.01044678
v 0.02729889 0.21017000 -0.00000000
v 0.02522088 0.21017000 0.01044680
v 0.01930321 0.21017000 0.01930320
v -0.02522088 0.21017000 -0.01044681
v -0.01930318 0.21017000 -0.01930320
v -0.02729888 0.21017000 -0.00000001
v -0.02522088 0.21017000 0.01044679
v -0.01930320 0.21017000 0.01930320
v 0.01103585 0.21167960 -0.02664293
v 0.01103585 0.23196750 -0.02664293
v 0.00000002 0.23196750 -0.02883810
v 0.00000002 0.21167960 -0.02883810
v -0.01103583 0.23196750 -0.02664294
v -0.01103583 0.21167960 -0.02664294
v -0.01103583 0.21167960 -0.02664294
v -0.01103583 0.23196750 -0.02664294
v -0.01103584 0.23196750 0.02664293
v -0.01103584 0.21167960 0.02664294
v -0.01103584 0.21167960 0.02664294
v -0.01103584 0.23196750 0.02664293
v -0.00000000 0.23196750 0.02883810
v -0.00000000 0.21167960 0.02883810
v 0.01103583 0.23196750 0.02664293
v 0.01103583 0.21167960 0.02664293
v 0.01357796 0.23401410 -0.01357819
v 0.02544818 0.23401410 -0.01054093
v 0.01774033 0.23401410 -0.00734871
v 0.02754489 0.23401410 -0.00000000
v 0.01920197 0.23401410 -0.00000011
v 0.02544817 0.23401410 0.01054095
v 0.01774033 0.23401410 0.00734772
v 0.01357788 0.23401410 0.01357765
v 0.00734825 0.23401410 -0.01774078
v -0.00000023 0.23401410 -0.01920212
v -0.00734837 0.23401410 -0.01774063
v -0.01357780 0.23401410 -0.01357826
v 0.00734814 0.23401410 0.01774017
v -0.00000023 0.23401410 0.01920166
v -0.00734840 0.23401410 0.01774002
v -0.01357780 0.23401410 0.01357765
v -0.01774033 0.23401410 -0.00734886
v -0.02544817 0.23401410 -0.01054096
v -0.01920197 0.23401410 -0.00000011
v -0.02754489 0.23401410 -0.00000001
v -0.01774033 0.23401410 0.00734779
v -0.02544817 0.23401410 0.01054094
v 0.00504822 0.29569870 0.05888367
v 0.00353949 0.29466310 0.05858307
v -0.00000001 0.29466310 0.05858307
v 0.00318222 0.29046190 0.05736389
v -0.00000002 0.29569860 0.05888367
v 0.00241150 0.29149750 0.05766418
v -0.00353951 0.29466310 0.05858307
v -0.00000001 0.29046190 0.05736389
v -0.00504826 0.29569860 0.05888367
v -0.00000001 0.29149750 0.05766418
v -0.00241152 0.29149750 0.05766418
v -0.00318224 0.29046190 0.05736389
v 0.01032463 0.25345910 -0.01032486
v 0.00683258 0.25213750 -0.01649567
v 0.01262505 0.25213750 -0.01262535
v 0.00558765 0.25345910 -0.01349007
v -0.00000022 0.25213750 -0.01785461
v 0.01348969 0.25345910 -0.00558811
v 0.01649536 0.25213750 -0.00683300
v -0.00000021 0.25345910 -0.01460136
v -0.00683273 0.25213740 -0.01649567
v 0.01460114 0.25345910 -0.00000011
v 0.01785446 0.25213750 -0.00000011
v -0.00558777 0.25345910 -0.01349007
v -0.01262497 0.25213740 -0.01262543
v 0.01348976 0.25345910 0.00558708
v 0.01649536 0.25213750 0.00683208
v -0.01032455 0.25345910 -0.01032509
v -0.01649536 0.25213750 -0.00683315
v 0.01032463 0.25345910 0.01032425
v 0.01262505 0.25213750 0.01262482
v -0.01348969 0.25345910 -0.00558823
v -0.01785446 0.25213750 -0.00000011
v 0.00558758 0.25345910 0.01348946
v 0.00683250 0.25213750 0.01649521
v -0.01460114 0.25345910 -0.00000011
v -0.01649536 0.25213750 0.00683216
v -0.00000015 0.25345910 0.01460068
v -0.00000021 0.25213750 0.01785400
v -0.01348969 0.25345910 0.00558716
v -0.01262497 0.25213740 0.01262482
v -0.00558773 0.25345900 0.01348946
v -0.00683269 0.25213740 0.01649490
v -0.01032455 0.25345910 0.01032425
v 0.00544380 0.25345910 0.00544354
v 0.00294615 0.25345910 0.00711247
v 0.00711265 0.25345910 0.00294590
v -0.00000000 0.25345910 0.00769852
v -0.00294617 0.25345910 0.00711247
v 0.00769867 0.25345910 -0.00000011
v -0.00544380 0.25345910 0.00544354
v -0.00711265 0.25345910 0.00294590
v 0.00711265 0.25345910 -0.00294659
v -0.00769867 0.25345910 -0.00000011
v 0.00544380 0.25345910 -0.00544399
v -0.00711265 0.25345910 -0.00294659
v 0.00294617 0.25345910 -0.00711292
v -0.00544380 0.25345910 -0.00544399
v 0.00000000 0.25345910 -0.00769890
v -0.00294615 0.25345910 -0.00711292
vn 0.00000000 1.00000000 0.00000000
vn 0.00000000 1.00000000 0.00000000
vn 0.00000000 1.00000000 0.00000000
vn 0.00000000 1.00000000 0.00000000
vn -0.93050300 0.00371637 0.36626540
vn -0.68736560 0.02873983 0.72574280
vn -0.69462720 0.02777535 0.71883340
vn 0.36651720 0.06931579 0.92782570
vn 0.35679450 0.06851688 0.93166690
vn 0.70475760 0.08172174 0.70472560
vn 0.73082230 0.08054774 0.67779850
vn 0.99038020 -0.07401319 0.11691520
vn 0.97366020 -0.14203480 0.17835940
vn 0.98966750 -0.07912763 0.11956980
vn -0.38175900 0.06910545 -0.92167480
vn -0.38267390 0.00000000 -0.92388350
vn -0.00000521 0.00000255 -1.00000000
vn -0.10784540 0.95946980 -0.26035940
vn -0.19927160 0.95946960 -0.19927070
vn -0.70610540 0.05319253 -0.70610610
vn 0.00000080 -0.20180420 -0.97942580
vn -0.38231740 -0.04368744 -0.92299780
vn -0.37480940 -0.20180430 -0.90487180
vn 0.70570310 -0.06298578 -0.70570230
vn 0.38192600 -0.06298569 -0.92204410
vn 0.05004518 -0.99141230 -0.12081880
vn 0.00000040 -0.06298586 -0.99801450
vn -0.38192470 -0.06298598 -0.92204460
vn -0.05004489 -0.99141240 -0.12081770
vn 0.70709380 0.00000000 -0.70711970
vn 0.38268470 0.00000000 -0.92387900
vn 0.38268470 0.00000000 -0.92387900
vn 0.70709380 0.00000000 -0.70711970
vn 0.92388320 0.00000000 -0.38267450
vn 0.92388320 0.00000000 -0.38267450
vn 1.00000000 0.00000000 0.00000000
vn 1.00000000 0.00000000 0.00000000
vn 0.92687260 -0.00185886 0.37537130
vn 0.92687260 -0.00185886 0.37537130
vn 0.71129990 -0.00449871 0.70287430
vn 0.71240480 -0.00449299 0.70175430
vn 0.37865720 -0.00305966 0.92553190
vn 0.38074310 -0.00308369 0.92467570
vn 0.38268470 0.00000000 -0.92387900
vn 0.38268470 0.00000000 -0.92387900
vn 0.00000000 0.00000000 -1.00000000
vn 0.00000000 0.00000000 -1.00000000
vn -0.38268450 0.00000000 -0.92387910
vn -0.38268450 0.00000000 -0.92387910
vn -0.38268450 0.00000000 -0.92387910
vn -0.38268450 0.00000000 -0.92387910
vn -0.70709230 0.00000000 -0.70712120
vn -0.70709230 0.00000000 -0.70712120
vn -0.92388320 0.00000000 -0.38267450
vn -0.92388320 0.00000000 -0.38267450
vn -1.00000000 0.00000000 0.00000000
vn -1.00000000 0.00000000 0.00000000
vn -0.92328490 0.00036330 0.38411570
vn -0.92328490 0.00036330 0.38411570
vn -0.70565920 0.00099612 0.70855080
vn -0.70587210 0.00099571 0.70833860
vn -0.38299690 0.00077214 0.92374930
vn -0.38357960 0.00077371 0.92350760
vn -0.38357960 0.00077371 0.92350760
vn -0.38299690 0.00077214 0.92374930
vn 0.00000000 -0.00034308 1.00000000
vn 0.00000000 -0.00034308 1.00000000
vn 0.38074310 -0.00308369 0.92467570
vn 0.37865720 -0.00305966 0.92553190
vn 0.70639350 -0.00008417 -0.70781930
vn 0.70461210 -0.00008361 -0.70959270
vn 0.37878830 0.00007118 -0.92548330
vn 0.38148370 0.00006959 -0.92437550
vn 0.70710250 0.00000000 -0.70711100
vn 0.38268180 0.00000000 -0.92388020
vn 0.38148370 0.00006959 -0.92437550
vn 0.37878830 0.00007118 -0.92548330
vn 0.00000000 0.00017753 -1.00000000
vn 0.00000000 0.00017753 -1.00000000
vn 0.38268180 0.00000000 -0.92388020
vn -0.37876170 0.00005983 -0.92549420
vn 0.00000000 0.00000000 -1.00000000
vn -0.38145700 0.00005807 -0.92438660
vn -0.38268150 0.00000000 -0.92388030
vn -0.38145700 0.00005807 -0.92438660
vn -0.37876170 0.00005983 -0.92549420
vn -0.70460800 -0.00010306 -0.70959690
vn -0.70639680 -0.00010358 -0.70781610
vn -0.38268150 0.00000000 -0.92388030
vn -0.70710250 0.00000000 -0.70711100
vn -0.92309200 -0.00007316 -0.38457910
vn -0.92370230 -0.00007258 -0.38311120
vn -0.92388220 0.00000000 -0.38267690
vn -0.99604890 0.00000000 -0.08880643
vn -1.00000000 0.00000000 0.00000000
vn -1.00000000 0.00000000 0.00000000
vn -0.92209920 0.00053293 0.38695320
vn -0.92209920 0.00053293 0.38695320
vn -0.70293910 0.00145779 0.71124850
vn -0.70325180 0.00145691 0.71093940
vn -0.99505360 0.00000000 -0.09933950
vn -1.00000000 0.00000000 0.00000000
vn -1.00000000 0.00000000 0.00000000
vn -1.00000000 0.00000000 0.00000000
vn -1.00000000 0.00000000 0.00000000
vn -1.00000000 0.00000000 0.00000000
vn -0.99988790 0.00000000 0.01497214
vn -0.99622750 0.00000000 0.08677995
vn -0.99893780 -0.01460947 0.04370142
vn -0.91814110 0.00438149 0.39622940
vn -0.99859160 -0.01682128 0.05031764
vn -0.99038020 -0.07401317 0.11691540
vn -0.98966750 -0.07912760 0.11957010
vn -0.97446020 -0.14006200 0.17552730
vn -0.97366040 -0.14203390 0.17835870
vn -0.95390640 -0.20062970 0.22318200
vn -0.95387590 -0.20077990 0.22317750
vn -0.93595810 -0.25718530 0.24049550
vn -0.93576250 -0.25766010 0.24074860
vn -0.92220160 -0.31461440 0.22485960
vn -0.92228790 -0.31377970 0.22567090
vn -0.91780610 -0.36325680 0.16023820
vn -0.91785140 -0.36369230 0.15898660
vn -0.91845220 -0.37408690 0.12846970
vn -0.91845220 -0.37408690 0.12846970
vn 0.00000000 -0.02611637 0.99965890
vn 0.00000000 -0.02611654 0.99965880
vn 0.00000000 -0.02611653 0.99965880
vn 0.00000000 -0.02611637 0.99965890
vn 0.00000000 -0.02611622 0.99965890
vn 0.00000000 -0.02611622 0.99965890
vn 0.00001105 0.97084670 -0.23970140
vn -0.00169466 0.97086650 -0.23961520
vn -0.00021279 0.98742580 -0.15808300
vn 0.00000000 0.98380540 -0.17924040
vn 0.00022897 0.98719350 -0.15952700
vn 0.00162705 0.97082530 -0.23978230
vn 0.00000000 0.99383260 -0.11089070
vn 0.00000000 0.99307760 -0.11745960
vn 0.00000000 0.99383280 -0.11088940
vn 0.00000000 0.99719260 -0.07488094
vn 0.00000000 0.99710430 -0.07604464
vn 0.00000000 0.99719260 -0.07487973
vn 0.00000000 0.99937920 -0.03523109
vn 0.00000000 0.99937920 -0.03523101
vn 0.00000000 1.00000000 -0.00000257
vn 0.00000000 0.99937920 -0.03523105
vn -0.00182442 0.99999370 0.00307676
vn -0.01395624 0.99965930 0.02205553
vn -0.02390318 0.99859580 0.04727671
vn 0.00182443 0.99999370 0.00307909
vn -0.02832122 0.99827120 0.05150181
vn -0.00808805 0.99745850 0.07078882
vn -0.01057029 0.99707980 0.07563031
vn -0.00179557 0.99146040 0.13039540
vn -0.00783977 0.99830600 0.05765132
vn -0.00234750 0.99117740 0.13252110
vn 0.00000000 0.98524010 0.17117820
vn -0.00268484 0.99668280 0.08133904
vn 0.00000000 0.98405860 0.17784470
vn 0.00000000 0.98008510 0.19857790
vn -0.00059611 0.99084200 0.13502500
vn 0.00000000 0.98381130 0.17920740
vn 0.00000000 0.97775860 0.20973330
vn -0.00000366 0.96975890 0.24406520
vn 0.00000000 0.99658500 0.08257264
vn 0.00000000 0.99076860 0.13556360
vn 0.00000000 0.98380990 0.17921490
vn 0.00000000 0.97644850 0.21575020
vn 0.00000000 0.98381020 0.17921370
vn -0.00000567 0.96686460 0.25529000
vn -0.00001154 0.95763980 0.28796910
vn -0.00001154 0.95763980 0.28796900
vn 0.00000847 0.95763980 0.28796890
vn 0.00000132 0.96976020 0.24405950
vn 0.00000000 0.97775940 0.20973020
vn 0.00000000 0.97861700 0.20569140
vn 0.00000000 0.98405860 0.17784470
vn 0.00000000 0.98524010 0.17117820
vn 0.00179557 0.99146040 0.13039540
vn 0.00234750 0.99117740 0.13252110
vn 0.00808805 0.99745850 0.07078882
vn 0.00059611 0.99084140 0.13502930
vn 0.01057030 0.99707980 0.07563031
vn 0.02390318 0.99859580 0.04727672
vn 0.00268484 0.99668340 0.08133223
vn 0.02832123 0.99827120 0.05150181
vn 0.00000000 0.99824670 0.05919106
vn 0.00000000 0.99923520 0.03910230
vn 0.00783978 0.99830630 0.05764714
vn 0.01395623 0.99965910 0.02206635
vn -0.00844001 0.99924810 0.03783995
vn 0.00000000 1.00000000 -0.00000187
vn 0.00844002 0.99924820 0.03783741
vn 0.62391160 0.28109110 -0.72919290
vn 0.63821300 0.27547940 -0.71888480
vn 0.31759050 0.35612830 -0.87881100
vn 0.31164350 0.35686900 -0.88063770
vn 0.00000000 0.37558230 -0.92678910
vn 0.00000000 0.37558230 -0.92678910
vn -0.31758180 0.35611940 -0.87881790
vn -0.31163570 0.35686020 -0.88064400
vn -0.63821140 0.27546170 -0.71889290
vn -0.62391530 0.28107100 -0.72919740
vn -0.62391530 0.28107100 -0.72919740
vn -0.63821140 0.27546170 -0.71889290
vn -0.89954260 0.13050320 -0.41688370
vn -0.89011000 0.13819610 -0.43428790
vn -0.97345540 0.04673214 -0.22405520
vn -0.97345540 0.04673213 -0.22405520
vn 0.97345540 0.04673218 -0.22405530
vn 0.97345540 0.04673218 -0.22405530
vn 0.89954000 0.13051280 -0.41688640
vn 0.89010740 0.13820630 -0.43429010
vn 0.63821300 0.27547940 -0.71888480
vn 0.62391160 0.28109110 -0.72919290
vn 0.73082230 0.08054774 0.67779850
vn 0.70475760 0.08172174 0.70472560
vn 0.92704080 0.03794049 0.37303610
vn 0.93775900 0.03203445 0.34580580
vn 0.99622750 0.00000000 0.08678027
vn 0.99988790 0.00000000 0.01497220
vn 1.00000000 0.00000000 0.00000000
vn 1.00000000 0.00000000 0.00000000
vn 1.00000000 0.00000000 0.00000000
vn 1.00000000 0.00000000 0.00000000
vn 1.00000000 0.00000000 0.00000000
vn 0.99859160 -0.01682128 0.05031764
vn 0.99893780 -0.01460947 0.04370142
vn 0.99505370 0.00000000 -0.09933908
vn 0.99604890 0.00000000 -0.08880603
vn 0.92308750 -0.00006527 -0.38458990
vn 0.92369780 -0.00006476 -0.38312190
vn 0.92388220 0.00000000 -0.38267690
vn 1.00000000 0.00000000 0.00000000
vn 1.00000000 0.00000000 0.00000000
vn 0.93274950 -0.00274955 0.36051460
vn 0.93274950 -0.00274955 0.36051460
vn 0.72061190 -0.00670251 0.69330630
vn 0.72229050 -0.00669082 0.69155740
vn 0.37222810 -0.00441822 0.92813070
vn 0.37536980 -0.00447078 0.92686430
vn -0.69462720 0.02777535 0.71883340
vn -0.68736560 0.02873983 0.72574280
vn -0.36621710 0.05044126 0.92916140
vn -0.37455640 0.05024785 0.92584160
vn 0.00024135 0.05446450 0.99851570
vn -0.00000398 0.05446450 0.99851570
vn 1.00000000 -0.00000021 0.00000000
vn 1.00000000 -0.00000027 0.00000000
vn 1.00000000 -0.00000020 0.00000000
vn 1.00000000 -0.00000019 0.00000000
vn 1.00000000 -0.00000021 0.00000000
vn 1.00000000 0.00000000 0.00000000
vn 1.00000000 0.00000000 0.00000000
vn 1.00000000 0.00000031 0.00000000
vn 1.00000000 0.00000031 0.00000000
vn 0.00000000 0.98593950 -0.16710240
vn 0.00000000 0.99070510 -0.13602710
vn 0.00000000 0.98631130 -0.16489360
vn -0.03467051 0.99303140 -0.11263470
vn -0.00001420 0.99126630 -0.13187560
vn -0.00970934 0.99169030 -0.12828080
vn -0.00002756 0.99366810 -0.11235460
vn -0.00245064 0.99066690 -0.13628320
vn -0.02439623 0.99088940 -0.13245040
vn -0.03467051 0.99303140 -0.11263470
vn 0.01523798 0.98954800 -0.14339650
vn -0.01207817 0.99223640 -0.12377750
vn 0.00929928 0.99025420 -0.13896060
vn 0.00323850 0.99060540 -0.13671340
vn 0.02505865 0.99112180 -0.13057480
vn 0.03403645 0.99305290 -0.11263880
vn 0.00956206 0.99178370 -0.12756800
vn 0.00001474 0.99210900 -0.12537870
vn 0.00232745 0.99070350 -0.13601930
vn 0.00002469 0.99366950 -0.11234390
vn 0.00001282 0.99131060 -0.13154240
vn 0.00000000 0.98585280 -0.16761330
vn 0.00000000 0.98622770 -0.16539360
vn 0.00000000 0.99070510 -0.13602710
vn 0.00007394 0.99158280 -0.12947370
vn -0.00000167 0.99168160 -0.12871500
vn 0.00000000 0.99750980 -0.07052752
vn -0.00007771 0.99158290 -0.12947310
vn 0.00000000 0.99801270 -0.06301265
vn 0.00000000 0.99776650 0.06679863
vn 0.00000000 0.99750970 -0.07052883
vn -0.00000283 0.99711760 0.07587152
vn 0.00000000 0.98742180 0.15810830
vn -0.00000491 0.99776660 0.06679702
vn -0.00000624 0.98742210 0.15810640
vn -0.00001248 0.98742230 0.15810460
vn 0.97446010 -0.14006250 0.17552740
vn 0.95387630 -0.20077970 0.22317630
vn 0.95390700 -0.20062890 0.22318080
vn 0.93576280 -0.25765980 0.24074790
vn 0.93595830 -0.25718530 0.24049490
vn 0.92228810 -0.31377870 0.22567140
vn 0.92220180 -0.31461340 0.22486010
vn 0.91785280 -0.36368770 0.15898920
vn 0.91780760 -0.36325220 0.16024090
vn 0.91845460 -0.37407940 0.12847440
vn 0.91845460 -0.37407950 0.12847440
vn 0.00000000 -1.00000000 -0.00000143
vn 0.00000000 -1.00000000 0.00000000
vn 0.00000000 -1.00000000 -0.00000149
vn 0.00000000 -1.00000000 -0.00000091
vn 0.00000000 -1.00000000 -0.00000145
vn 0.00000000 -1.00000000 -0.00000057
vn 0.00000000 -1.00000000 0.00000000
vn 0.00000000 -0.99501180 0.09975684
vn 0.00000000 -1.00000000 0.00000313
vn 0.00000000 -1.00000000 -0.00001021
vn 0.00000000 -1.00000000 -0.00000644
vn 0.00000000 -1.00000000 0.00000000
vn 0.00000000 -1.00000000 0.00000000
vn 0.00000000 -1.00000000 -0.00000261
vn 0.00000000 -1.00000000 0.00000000
vn 0.00000000 -1.00000000 0.00000000
vn 0.00000000 -1.00000000 0.00000000
vn 0.00000000 -1.00000000 0.00000000
vn 0.00000000 -1.00000000 0.00000000
vn 0.00000000 -1.00000000 0.00000000
vn 0.00000000 -1.00000000 0.00000000
vn 0.00000000 -1.00000000 0.00000000
vn 0.00000000 -0.99520730 0.09778830
vn 0.00000000 -0.99456160 0.10414980
vn 0.00000000 -0.99013920 0.14008690
vn 0.00000000 -0.98988160 0.14189620
vn 0.00000000 -0.99013920 0.14008690
vn 0.00000000 -0.98347180 0.18106140
vn 0.00000000 -0.98257240 0.18587980
vn 0.00000000 -0.98347190 0.18106120
vn 0.00000000 -0.96712510 0.25430120
vn 0.00000000 -0.96583660 0.25915150
vn 0.00000000 -0.96712430 0.25430400
vn 0.00000000 -0.95976230 0.28081340
vn 0.00000000 -0.96025210 0.27913420
vn 0.00000000 -0.95976290 0.28081150
vn 0.00000000 -0.97203920 0.23481900
vn 0.00000000 -0.97333370 0.22939420
vn 0.00000000 -0.97203950 0.23481750
vn 0.00000000 -0.99596930 0.08969469
vn 0.00000000 -0.99678980 0.08006294
vn 0.00000000 -0.99960910 -0.02796305
vn 0.00000000 -0.99596950 0.08969297
vn 0.00000000 -0.99960910 -0.02796275
vn 0.00000000 -0.99960910 -0.02796246
vn -0.06461537 -0.99788730 -0.00676137
vn -0.04446812 -0.99854290 -0.03057175
vn -0.06461535 -0.99788730 -0.00676137
vn -0.04449898 -0.99854270 -0.03053536
vn -0.00003579 -0.99554380 -0.09430134
vn -0.00003579 -0.99554380 -0.09430134
vn -0.00017487 -0.99237010 -0.12329430
vn 0.00000000 -0.99228270 -0.12399660
vn 0.00000000 -0.98885460 -0.14888400
vn 0.00000000 -0.98901530 -0.14781290
vn 0.00000000 -0.98545590 -0.16993120
vn 0.00000000 -0.97713890 -0.21260140
vn 0.00000000 -0.96381290 -0.26657970
vn 0.00000000 -0.98801520 -0.15435630
vn 0.00494147 -0.99133720 -0.13124810
vn -0.00000475 -0.96143350 -0.27503750
vn -0.00001117 -0.95765660 -0.28791290
vn 0.00001117 -0.95765680 -0.28791220
vn 0.00000475 -0.96143370 -0.27503690
vn 0.00000000 -0.95766250 -0.28789360
vn 0.00000000 -0.97713890 -0.21260140
vn 0.00000000 -0.96292710 -0.26976190
vn 0.00000000 -0.96381290 -0.26657970
vn 0.00000000 -0.97713850 -0.21260370
vn 0.00000000 -0.98063700 -0.19583450
vn 0.00000000 -0.98801520 -0.15435630
vn 0.00000000 -0.98801490 -0.15435860
vn 0.00494147 -0.99133720 -0.13124810
vn 0.00000000 -0.98801460 -0.15436020
vn 0.00000000 -0.98901530 -0.14781290
vn -0.00494146 -0.99133780 -0.13124440
vn 0.00000000 -0.99228270 -0.12399660
vn 0.00000000 -0.99228270 -0.12399660
vn 0.01219290 -0.99244350 -0.12209470
vn 0.00005514 -0.99839440 -0.05664450
vn 0.00002100 -0.99751190 -0.07049896
vn 0.00021476 -0.99996540 0.00832198
vn 0.01219290 -0.99244350 -0.12209470
vn -0.01219288 -0.99244470 -0.12208600
vn 0.00003579 -0.99554380 -0.09430134
vn 0.00003579 -0.99554380 -0.09430134
vn -0.00002485 -0.99751080 -0.07051403
vn -0.00005803 -0.99839420 -0.05664809
vn -0.00021299 -0.99996540 0.00832198
vn 0.04446815 -0.99854290 -0.03057175
vn 0.04449900 -0.99854270 -0.03053536
vn 0.06461539 -0.99788730 -0.00676137
vn 0.06461540 -0.99788730 -0.00676137
vn -1.00000000 0.00000000 0.00000000
vn -1.00000000 0.00000031 0.00000000
vn -1.00000000 0.00000031 0.00000000
vn -1.00000000 0.00000000 0.00000000
vn -1.00000000 -0.00000019 0.00000000
vn -1.00000000 -0.00000021 0.00000000
vn -1.00000000 -0.00000021 0.00000000
vn -1.00000000 -0.00000020 0.00000000
vn -1.00000000 -0.00000027 0.00000000
vn 0.00000000 0.99688360 0.07888556
vn 0.00000000 0.99688360 0.07888556
vn 0.00000000 0.99688360 0.07888556
vn 0.00000000 0.99688360 0.07888556
vn 0.00000000 0.99688370 0.07888410
vn 0.00000000 0.99688370 0.07888410
vn -0.94294440 0.33198090 0.02538726
vn -0.94294440 0.33198090 0.02538726
vn -0.94294440 0.33198080 0.02538726
vn -0.94294440 0.33198080 0.02538726
vn 0.00000000 -0.99727420 -0.07378492
vn 0.00000000 -0.99727420 -0.07378492
vn 0.00000000 -0.99727420 -0.07378492
vn 0.00000000 -0.99727420 -0.07378492
vn 0.00000000 -0.99727400 -0.07378712
vn 0.00000000 -0.99727400 -0.07378712
vn 0.94294440 0.33198100 0.02538728
vn 0.94294440 0.33198100 0.02538727
vn 0.94294440 0.33198100 0.02538727
vn 0.94294440 0.33198090 0.02538727
vn 0.00000000 -0.00049745 0.99999990
vn 0.37536980 -0.00447078 0.92686430
vn 0.37222810 -0.00441822 0.92813070
vn 0.00000000 -0.00049745 0.99999990
vn -0.38486360 0.00114063 0.92297280
vn -0.38401730 0.00113725 0.92332520
vn -0.38401730 0.00113725 0.92332520
vn -0.38486360 0.00114063 0.92297280
vn 0.60785930 -0.51087820 -0.60787390
vn 0.60785910 -0.51087810 -0.60787400
vn 0.79421570 -0.51088140 -0.32897030
vn 0.79421840 -0.51088150 -0.32896390
vn 0.85965030 -0.51088290 0.00000077
vn 0.85965030 -0.51088290 -0.00000053
vn 0.79961160 -0.51083020 0.31571140
vn 0.79907540 -0.51084020 0.31705020
vn 0.61481200 -0.51437500 0.59785010
vn 0.61431100 -0.51437630 0.59836360
vn 0.32897590 -0.51087640 -0.79421670
vn 0.60785910 -0.51087810 -0.60787400
vn 0.60785930 -0.51087820 -0.60787390
vn 0.32897420 -0.51087640 -0.79421750
vn 0.00000018 -0.51087780 -0.85965330
vn 0.00000013 -0.51087780 -0.85965330
vn -0.32897560 -0.51087630 -0.79421690
vn -0.32897330 -0.51087640 -0.79421780
vn -0.60785840 -0.51087840 -0.60787460
vn -0.60785810 -0.51087830 -0.60787490
vn -0.79421840 -0.51088150 -0.32896390
vn -0.60785810 -0.51087830 -0.60787490
vn -0.60785840 -0.51087840 -0.60787460
vn -0.79421570 -0.51088150 -0.32897040
vn -0.85965040 -0.51088280 -0.00000053
vn -0.85965030 -0.51088290 0.00000077
vn -0.79325850 -0.51087970 0.33127460
vn -0.79313980 -0.51087920 0.33155950
vn -0.60592930 -0.51020380 0.61036210
vn -0.60577600 -0.51020360 0.61051430
vn -0.32992310 -0.51028810 0.79420200
vn -0.60577600 -0.51020360 0.61051430
vn -0.60592930 -0.51020380 0.61036210
vn -0.33029860 -0.51028710 0.79404660
vn 0.00026213 -0.51087400 0.85965550
vn -0.00023085 -0.51087420 0.85965550
vn 0.32427080 -0.51294280 0.79481950
vn 0.32262180 -0.51292720 0.79550030
vn 0.61431100 -0.51437630 0.59836360
vn 0.61481200 -0.51437500 0.59785010
vn 0.52554920 0.66901900 -0.52555820
vn 0.28441520 0.66901490 -0.68667830
vn 0.38174960 0.06910999 -0.92167840
vn 0.70541290 0.06910887 -0.70541950
vn 0.68667150 0.66902070 -0.28441790
vn 0.92167540 0.06910684 -0.38175740
vn 0.92388480 -0.00000050 -0.38267060
vn 0.70710370 0.00000178 -0.70710990
vn 0.38266340 0.00000471 -0.92388780
vn -0.99760940 0.06910567 0.00000000
vn -1.00000000 0.00000000 0.00000000
vn -0.92388160 0.00000000 -0.38267840
vn -0.92167300 0.06910611 -0.38176340
vn -0.70710020 0.00000000 -0.70711330
vn -0.70541020 0.06910583 -0.70542240
vn -0.38267390 0.00000000 -0.92388350
vn -0.38175900 0.06910545 -0.92167480
vn -0.28442500 0.66901240 -0.68667660
vn -0.52555290 0.66901460 -0.52556010
vn -0.68667100 0.66901900 -0.28442310
vn -0.38176740 0.06911010 0.92167100
vn -0.38268300 0.00000000 0.92387970
vn -0.70711730 0.00000000 0.70709630
vn -0.70542630 0.06910814 0.70540610
vn -0.92387780 0.00000000 0.38268750
vn -0.52555630 0.66901860 0.52555160
vn -0.28442610 0.66902360 0.68666530
vn -0.68666500 0.66902110 0.28443280
vn -0.92166920 0.06910538 0.38177270
vn -0.74324510 0.66901920 -0.00000019
vn 0.38175400 0.06910709 0.92167680
vn 0.38267020 0.00000000 0.92388500
vn -0.00000989 0.00000000 1.00000000
vn -0.00001075 0.06911215 0.99760890
vn -0.38268300 0.00000000 0.92387970
vn -0.38176740 0.06911010 0.92167100
vn -0.28442610 0.66902360 0.68666530
vn -0.00001631 0.66902820 0.74323700
vn 0.28441170 0.66902270 0.68667220
vn 0.92167120 0.06910531 0.38176800
vn 0.92387960 0.00000000 0.38268310
vn 0.70711570 0.00000000 0.70709780
vn 0.70542530 0.06910496 0.70540740
vn 0.52556080 0.66901830 0.52554770
vn 0.38267020 0.00000000 0.92388500
vn 0.28441170 0.66902270 0.68667220
vn 0.38175400 0.06910709 0.92167680
vn 1.00000000 -0.00000012 0.00000000
vn 0.99760940 0.06910570 -0.00000016
vn 0.74324680 0.66901730 -0.00000051
vn 0.68667020 0.66901750 0.28442860
vn -0.00000183 0.66901620 -0.74324770
vn -0.28442500 0.66901240 -0.68667660
vn -0.00000434 0.06910796 -0.99760930
vn 0.28441520 0.66901490 -0.68667830
vn 0.38174960 0.06910999 -0.92167840
vn 0.38266340 0.00000471 -0.92388780
vn 0.70610610 0.05319237 -0.70610520
vn 0.26035520 0.95947110 -0.10784390
vn 0.19927060 0.95946990 -0.19927050
vn 0.92257090 0.05319247 -0.38214330
vn 0.28180350 0.95947210 -0.00000102
vn 0.99858430 0.05319257 0.00000000
vn 0.99801450 -0.06298564 0.00000000
vn 0.92204430 -0.06298573 -0.38192550
vn 0.70570310 -0.06298578 -0.70570230
vn 0.38214390 0.05319248 -0.92257060
vn 0.38192600 -0.06298569 -0.92204410
vn 0.19927060 0.95946990 -0.19927050
vn 0.10784460 0.95947020 -0.26035880
vn 0.38214390 0.05319248 -0.92257060
vn 0.70610610 0.05319237 -0.70610520
vn 0.00000044 0.05319260 -0.99858430
vn 0.00000015 0.95947060 -0.28180890
vn -0.38214280 0.05319259 -0.92257110
vn -0.26035010 0.95947290 0.10784110
vn -0.19926160 0.95947340 0.19926270
vn -0.70610590 0.05319260 0.70610550
vn -0.92257120 0.05319257 0.38214260
vn -0.28180260 0.95947240 0.00000030
vn -0.92204480 -0.06298579 0.38192430
vn -0.70570320 -0.06298606 0.70570220
vn -0.99801450 -0.06298577 -0.00000030
vn -0.99858430 0.05319265 -0.00000020
vn -0.26035470 0.95947150 -0.10784230
vn -0.92204430 -0.06298584 -0.38192550
vn -0.92257080 0.05319256 -0.38214370
vn -0.19927160 0.95946960 -0.19927070
vn -0.70570250 -0.06298601 -0.70570300
vn -0.70610540 0.05319253 -0.70610610
vn -0.19926160 0.95947340 0.19926270
vn -0.38214290 0.05319270 0.92257100
vn -0.70610590 0.05319260 0.70610550
vn -0.10784040 0.95947270 0.26035100
vn 0.00000000 0.05319262 0.99858430
vn -0.00000012 0.95947400 0.28179720
vn 0.38214290 0.05319255 0.92257100
vn 0.10783930 0.95947440 0.26034530
vn 0.19926010 0.95947430 0.19925990
vn 0.70610560 0.05319246 0.70610580
vn 0.26035000 0.95947290 0.10784080
vn 0.92257100 0.05319247 0.38214290
vn 0.19926010 0.95947430 0.19925990
vn 0.70610560 0.05319246 0.70610580
vn 0.92204450 -0.06298568 0.38192500
vn 0.70570250 -0.06298571 0.70570300
vn 0.38192470 -0.06298569 0.92204460
vn 0.38214290 0.05319255 0.92257100
vn 0.69255880 -0.20180420 -0.69255850
vn 0.37481050 -0.20180440 -0.90487130
vn 0.01440581 -0.99929120 -0.03477864
vn 0.02661845 -0.99929120 -0.02661843
vn 0.00000000 -1.00000000 0.00000000
vn 0.03477867 -0.99929120 -0.01440577
vn 0.03764414 -0.99929120 0.00000000
vn 0.03477867 -0.99929120 0.01440579
vn 0.02661839 -0.99929120 0.02661840
vn 0.01440580 -0.99929120 0.03477868
vn 0.00000000 -0.99929120 -0.03764414
vn 0.00000000 -0.99929120 0.03764412
vn -0.01440576 -0.99929120 -0.03477868
vn 0.00000080 -0.20180420 -0.97942580
vn -0.02661845 -0.99929120 -0.02661845
vn -0.03477865 -0.99929120 -0.01440580
vn -0.03764412 -0.99929120 0.00000000
vn -0.03477870 -0.99929120 0.01440577
vn -0.02661845 -0.99929120 0.02661842
vn -0.01440579 -0.99929120 0.03477866
vn -0.37481020 -0.20180440 0.90487150
vn -0.69255880 -0.20180450 0.69255830
vn -0.37480940 -0.20180430 -0.90487180
vn -0.69255850 -0.20180430 -0.69255880
vn -0.69255850 -0.20180430 -0.69255880
vn -0.03477865 -0.99929120 -0.01440580
vn -0.02661845 -0.99929120 -0.02661845
vn -0.90487130 -0.20180430 -0.37481050
vn -0.03764412 -0.99929120 0.00000000
vn -0.97942580 -0.20180430 -0.00000032
vn -0.03477870 -0.99929120 0.01440577
vn -0.90487180 -0.20180440 0.37480940
vn -0.02661845 -0.99929120 0.02661842
vn -0.69255880 -0.20180450 0.69255830
vn -0.70643190 -0.04368774 0.70643140
vn -0.92299770 -0.04368737 0.38231750
vn -0.99904520 -0.04368739 -0.00000031
vn -0.00000014 -0.20180430 0.97942580
vn 0.37481000 -0.20180460 0.90487150
vn 0.69255850 -0.20180500 0.69255870
vn 0.69255850 -0.20180500 0.69255870
vn 0.03477867 -0.99929120 0.01440579
vn 0.02661839 -0.99929120 0.02661840
vn 0.90487150 -0.20180450 0.37481020
vn 0.03764414 -0.99929120 0.00000000
vn 0.97942600 -0.20180400 0.00000031
vn 0.03477867 -0.99929120 -0.01440577
vn 0.90487180 -0.20180400 -0.37480970
vn 0.02661845 -0.99929120 -0.02661843
vn 0.69255880 -0.20180420 -0.69255850
vn 0.70643170 -0.04368753 -0.70643160
vn 0.92299770 -0.04368720 -0.38231770
vn 0.99904520 -0.04368737 0.00000034
vn 0.92299740 -0.04368771 0.38231810
vn 0.70643150 -0.04368824 0.70643170
vn 0.03513130 0.99876500 0.03513128
vn 0.04590124 0.99876500 0.01901289
vn 0.04968319 0.99876500 0.00000000
vn 0.04590121 0.99876500 -0.01901288
vn 0.03513134 0.99876500 -0.03513135
vn -0.38231830 -0.04368760 0.92299740
vn -0.70643190 -0.04368774 0.70643140
vn -0.03513131 0.99876500 0.03513133
vn -0.01901291 0.99876500 0.04590127
vn 0.00000000 1.00000000 0.00000000
vn -0.04590119 0.99876500 0.01901286
vn -0.04968319 0.99876500 0.00000000
vn -0.04590121 0.99876500 -0.01901292
vn -0.00000015 -0.04368751 0.99904520
vn -0.03513128 0.99876500 -0.03513134
vn 0.00000000 0.99876500 0.04968328
vn 0.38231830 -0.04368783 0.92299740
vn -0.01901288 0.99876500 -0.04590133
vn 0.01901291 0.99876500 0.04590123
vn 0.03513130 0.99876500 0.03513128
vn 0.70643150 -0.04368824 0.70643170
vn -0.70643140 -0.04368753 -0.70643190
vn 0.04590124 0.99876500 0.01901289
vn 0.04968319 0.99876500 0.00000000
vn 0.04590121 0.99876500 -0.01901288
vn -0.38231740 -0.04368744 -0.92299780
vn 0.03513134 0.99876500 -0.03513135
vn 0.00000000 0.99876500 -0.04968328
vn 0.00000079 -0.04368740 -0.99904520
vn 0.01901294 0.99876500 -0.04590128
vn 0.38231860 -0.04368755 -0.92299720
vn 0.70643170 -0.04368753 -0.70643160
vn -0.04590119 0.99876500 0.01901286
vn -0.03513131 0.99876500 0.03513133
vn -0.04968319 0.99876500 0.00000000
vn -0.04590121 0.99876500 -0.01901292
vn -0.92299720 -0.04368751 -0.38231860
vn -0.03513128 0.99876500 -0.03513134
vn -0.70643140 -0.04368753 -0.70643190
vn 0.38231860 -0.04368755 -0.92299720
vn 0.37481050 -0.20180440 -0.90487130
vn 0.37481050 -0.20180440 -0.90487130
vn 0.38231860 -0.04368755 -0.92299720
vn 0.00000079 -0.04368740 -0.99904520
vn -0.37480940 -0.20180430 -0.90487180
vn -0.38231740 -0.04368744 -0.92299780
vn -0.38231830 -0.04368760 0.92299740
vn -0.37481020 -0.20180440 0.90487150
vn -0.37481020 -0.20180440 0.90487150
vn -0.38231830 -0.04368760 0.92299740
vn -0.00000015 -0.04368751 0.99904520
vn -0.00000014 -0.20180430 0.97942580
vn 0.38231830 -0.04368783 0.92299740
vn 0.37481000 -0.20180460 0.90487150
vn 0.37481000 -0.20180460 0.90487150
vn 0.38231830 -0.04368783 0.92299740
vn 0.09246957 -0.99141260 -0.09246868
vn 0.00000000 -1.00000000 0.00000288
vn 0.00000000 -1.00000000 0.00000288
vn 0.12081680 -0.99141260 -0.05004204
vn 0.00000000 -1.00000000 -0.00000288
vn 0.13077070 -0.99141260 0.00000000
vn 0.00000000 -1.00000000 -0.00000288
vn 0.12081520 -0.99141290 0.05004129
vn 0.00000000 -1.00000000 0.00000144
vn 0.09246845 -0.99141280 0.09246822
vn 0.00000000 -1.00000000 0.00000000
vn 0.00000000 -1.00000000 0.00000000
vn 0.00000000 -0.99141230 -0.13077350
vn 0.00000000 -1.00000000 0.00000000
vn 0.00000000 -1.00000000 -0.00000164
vn -0.09246954 -0.99141250 -0.09246914
vn -0.70570250 -0.06298601 -0.70570300
vn 0.00000000 -1.00000000 0.00000000
vn -0.12081730 -0.99141250 -0.05004383
vn 0.00000000 -1.00000000 -0.00000144
vn -0.13077060 -0.99141260 0.00000124
vn 0.00000000 -1.00000000 0.00000288
vn -0.12081600 -0.99141280 0.05004352
vn 0.00000000 -1.00000000 0.00000000
vn -0.09246885 -0.99141280 0.09246752
vn 0.00000000 -1.00000000 0.00000000
vn -0.05004356 -0.99141300 0.12081410
vn -0.70570320 -0.06298606 0.70570220
vn 0.00000000 -1.00000000 -0.00000144
vn -0.38192510 -0.06298570 0.92204450
vn 0.00000000 -0.99141280 0.13076980
vn 0.00000000 -1.00000000 0.00000000
vn 0.00000014 -0.06298544 0.99801450
vn 0.05004376 -0.99141250 0.12081710
vn 0.38192470 -0.06298569 0.92204460
vn 0.70570250 -0.06298571 0.70570300
vn 0.09246957 -0.99141260 -0.09246868
vn 0.12081680 -0.99141260 -0.05004204
vn 0.13077070 -0.99141260 0.00000000
vn 0.12081520 -0.99141290 0.05004129
vn 0.09246845 -0.99141280 0.09246822
vn -0.12081730 -0.99141250 -0.05004383
vn -0.09246954 -0.99141250 -0.09246914
vn -0.13077060 -0.99141260 0.00000124
vn -0.12081600 -0.99141280 0.05004352
vn -0.09246885 -0.99141280 0.09246752
vn 0.38192600 -0.06298569 -0.92204410
vn 0.38214390 0.05319248 -0.92257060
vn 0.00000044 0.05319260 -0.99858430
vn 0.00000040 -0.06298586 -0.99801450
vn -0.38214280 0.05319259 -0.92257110
vn -0.38192470 -0.06298598 -0.92204460
vn -0.38192470 -0.06298598 -0.92204460
vn -0.38214280 0.05319259 -0.92257110
vn -0.38214290 0.05319270 0.92257100
vn -0.38192510 -0.06298570 0.92204450
vn -0.38192510 -0.06298570 0.92204450
vn -0.38214290 0.05319270 0.92257100
vn 0.00000000 0.05319262 0.99858430
vn 0.00000014 -0.06298544 0.99801450
vn 0.38214290 0.05319255 0.92257100
vn 0.38192470 -0.06298569 0.92204460
vn 0.00000000 1.00000000 0.00000256
vn 0.26035520 0.95947110 -0.10784390
vn 0.00000000 1.00000000 -0.00000128
vn 0.28180350 0.95947210 -0.00000102
vn 0.00000000 1.00000000 -0.00000256
vn 0.26035000 0.95947290 0.10784080
vn 0.00000000 1.00000000 0.00000000
vn 0.00000000 1.00000000 0.00000000
vn 0.00000000 1.00000000 0.00000256
vn 0.00000000 1.00000000 0.00000064
vn 0.00000000 1.00000000 -0.00000128
vn 0.00000000 1.00000000 0.00000256
vn 0.00000000 1.00000000 -0.00000128
vn 0.00000000 1.00000000 -0.00000128
vn 0.00000000 1.00000000 -0.00000128
vn 0.00000000 1.00000000 0.00000256
vn 0.00000000 1.00000000 0.00000000
vn -0.26035470 0.95947150 -0.10784230
vn 0.00000000 1.00000000 0.00000000
vn -0.28180260 0.95947240 0.00000030
vn 0.00000000 1.00000000 0.00000000
vn -0.26035010 0.95947290 0.10784110
vn -0.00006013 -0.27873330 0.96036860
vn -0.00006013 -0.27873330 0.96036860
vn 0.00000257 -0.27878610 0.96035310
vn -0.00007524 -0.27861750 0.96040220
vn 0.00000257 -0.27878600 0.96035310
vn -0.00007524 -0.27861750 0.96040220
vn 0.00007252 -0.27873760 0.96036730
vn 0.00000000 -0.27850140 0.96043590
vn 0.00007253 -0.27873750 0.96036730
vn 0.00000000 -0.27850140 0.96043590
vn 0.00008715 -0.27861830 0.96040190
vn 0.00008716 -0.27861830 0.96040190
vn 0.13168240 0.98250670 -0.13168220
vn 0.28441520 0.66901490 -0.68667830
vn 0.52554920 0.66901900 -0.52555820
vn 0.07126434 0.98250590 -0.17205670
vn -0.00000183 0.66901620 -0.74324770
vn 0.17205360 0.98250640 -0.07126592
vn 0.68667150 0.66902070 -0.28441790
vn -0.00000238 0.98250600 -0.18623080
vn -0.28442500 0.66901240 -0.68667660
vn 0.18622660 0.98250680 -0.00000183
vn 0.74324680 0.66901730 -0.00000051
vn -0.07126970 0.98250450 -0.17206260
vn -0.52555290 0.66901460 -0.52556010
vn 0.17205300 0.98250630 0.07126809
vn 0.68667020 0.66901750 0.28442860
vn -0.13168730 0.98250510 -0.13168980
vn -0.68667100 0.66901900 -0.28442310
vn 0.13168630 0.98250620 0.13168310
vn 0.52556080 0.66901830 0.52554770
vn -0.17205530 0.98250600 -0.07126664
vn -0.74324510 0.66901920 -0.00000019
vn 0.07126364 0.98250630 0.17205530
vn 0.28441170 0.66902270 0.68667220
vn -0.18622710 0.98250670 0.00000144
vn -0.68666500 0.66902110 0.28443280
vn -0.00000759 0.98250690 0.18622590
vn -0.00001631 0.66902820 0.74323700
vn -0.17205370 0.98250590 0.07127152
vn -0.52555630 0.66901860 0.52555160
vn -0.07127215 0.98250380 0.17206560
vn -0.28442610 0.66902360 0.68666530
vn -0.13168690 0.98250500 0.13169040
vn 0.00000000 1.00000000 0.00000324
vn 0.00000000 1.00000000 -0.00000081
vn 0.00000000 1.00000000 0.00000324
vn -0.00000485 1.00000000 0.00000126
vn -0.00000277 1.00000000 0.00000935
vn 0.00000000 1.00000000 -0.00000324
vn 0.00000208 1.00000000 0.00000729
vn 0.00000000 1.00000000 0.00000324
vn 0.00000000 1.00000000 -0.00000324
vn 0.00000000 1.00000000 0.00000324
vn 0.00000000 1.00000000 0.00000000
vn 0.00000000 1.00000000 0.00000324
vn 0.00000000 1.00000000 0.00000082
vn 0.00000000 1.00000000 0.00000324
vn 0.00000000 1.00000000 0.00000082
vn 0.00000000 1.00000000 0.00000000
vt -7.61866400 -2.55383700
vt -7.61866400 -2.55205100
vt -7.61687800 -2.55205100
vt -7.61687800 -2.55383700
vt -7.73497100 0.74113080
vt -7.72889000 0.73359140
vt -7.73359500 0.73327000
vt -7.47619500 0.79075030
vt -7.47062800 0.79075030
vt -7.47188400 0.78372140
vt -7.47648600 0.78310000
vt -7.86124500 0.73594390
vt -7.83782700 0.74457710
vt -7.83887100 0.73513930
vt -7.42447300 0.78944950
vt -7.42447300 0.81910830
vt -7.40987900 0.81910830
vt -7.67757800 0.75987420
vt -7.69568900 0.74777320
vt -7.69754200 0.74962640
vt -7.09146200 0.72139590
vt -7.12648900 0.75877570
vt -7.09146200 0.75688390
vt -7.48866700 0.67473760
vt -7.50716100 0.66238050
vt -7.50832500 0.66519150
vt -7.52897500 0.65804140
vt -7.55079000 0.66238050
vt -7.54962600 0.66519150
vt -7.92488500 0.68455890
vt -7.90078500 0.68106090
vt -7.92488500 0.68106090
vt -7.90078500 0.68455890
vt -7.92488500 0.68979330
vt -7.90078500 0.68979330
vt -7.92488500 0.69596920
vt -7.90078500 0.69596920
vt -7.92488500 0.70214380
vt -7.90078500 0.70214380
vt -7.92488500 0.70737880
vt -7.90078500 0.70737880
vt -7.92488500 0.71087690
vt -7.90078500 0.71087690
vt -7.14760100 0.76399770
vt -7.14760100 0.74059830
vt -7.15359700 0.74059830
vt -7.15359700 0.76399770
vt -7.15959300 0.74059830
vt -7.15959300 0.76399770
vt -7.81971100 0.78741220
vt -7.79558300 0.78741220
vt -7.79558300 0.78391000
vt -7.81971100 0.78391000
vt -7.79558300 0.77866940
vt -7.81971100 0.77866940
vt -7.79558300 0.77248630
vt -7.81971100 0.77248630
vt -7.79558300 0.76630430
vt -7.81971100 0.76630430
vt -7.79558300 0.76106320
vt -7.81971100 0.76106320
vt -7.79558300 0.75756110
vt -7.81971100 0.75756110
vt -7.21885100 0.79069960
vt -7.21878500 0.81432620
vt -7.21279700 0.81432620
vt -7.21279700 0.79069960
vt -7.20651300 0.81432620
vt -7.20674300 0.79069960
vt -7.86235700 0.67878660
vt -7.84206300 0.67877730
vt -7.84162600 0.67352690
vt -7.86235700 0.67351940
vt -7.88705000 0.67878660
vt -7.88705000 0.67351940
vt -7.14456800 0.70328650
vt -7.14456800 0.68315770
vt -7.15359700 0.68315770
vt -7.15359700 0.70328650
vt -7.14456800 0.72726140
vt -7.16262500 0.68315770
vt -7.15359700 0.72726140
vt -7.16262500 0.70328650
vt -7.16262500 0.72726140
vt -7.75711000 0.79496250
vt -7.73635400 0.79495520
vt -7.73679100 0.78969960
vt -7.75711000 0.78968920
vt -7.78183100 0.79496250
vt -7.78183100 0.78968920
vt -7.73672400 0.78179650
vt -7.75711000 0.78179650
vt -7.78183100 0.78179650
vt -7.73702600 0.77248630
vt -7.75711000 0.77248630
vt -7.78183100 0.77248630
vt -7.75711000 0.76317720
vt -7.78183100 0.76317720
vt -7.75711000 0.75528380
vt -7.78183100 0.75528380
vt -7.75711000 0.77248630
vt -7.75711000 0.76317730
vt -7.73702600 0.76317730
vt -7.75711000 0.75044010
vt -7.73169400 0.76317730
vt -7.73169400 0.77248630
vt -7.73624900 0.75044010
vt -7.73091700 0.75044010
vt -7.75711000 0.74113080
vt -7.73000500 0.74113080
vt -7.73497100 0.74113080
vt -7.75599600 0.73246430
vt -7.73359500 0.73327000
vt -7.75439100 0.72224970
vt -7.73255000 0.72382100
vt -7.75228200 0.71303890
vt -7.73162400 0.71609260
vt -7.74891300 0.70201840
vt -7.73003300 0.70455830
vt -7.74425800 0.68530480
vt -7.72782900 0.68672650
vt -7.74156400 0.66990970
vt -7.72796900 0.66831060
vt -7.74206300 0.65211120
vt -7.73107300 0.64892200
vt -7.58130500 0.78971430
vt -7.58130500 0.78281300
vt -7.58747800 0.78501240
vt -7.58747800 0.78971430
vt -7.58130500 0.79661570
vt -7.58747800 0.79441620
vt -7.20442100 0.68553990
vt -7.21293600 0.68726890
vt -7.22050200 0.69219080
vt -7.20442100 0.69219080
vt -7.18834100 0.69219080
vt -7.19505900 0.68726890
vt -7.18341100 0.69923840
vt -7.20442100 0.69923840
vt -7.22543100 0.69923840
vt -7.18168000 0.70794020
vt -7.20442100 0.70794020
vt -7.22716200 0.70794020
vt -7.18168000 0.71984640
vt -7.20442100 0.71984640
vt -7.20442100 0.72854820
vt -7.22716200 0.71984640
vt -7.18168000 0.72854820
vt -7.18341100 0.73000580
vt -7.18168000 0.74463950
vt -7.22716200 0.72854820
vt -7.18341100 0.74463950
vt -7.18168000 0.74999180
vt -7.18341100 0.74999180
vt -7.18168000 0.75534500
vt -7.18834100 0.74464080
vt -7.18341100 0.75534500
vt -7.18168000 0.76197050
vt -7.18834100 0.74999180
vt -7.18341100 0.76197050
vt -7.18341100 0.76868870
vt -7.18834100 0.75534500
vt -7.18834100 0.76197050
vt -7.18834100 0.76868870
vt -7.18834100 0.77434320
vt -7.20442100 0.74999180
vt -7.20442100 0.75534500
vt -7.20442100 0.76197050
vt -7.20442100 0.76868870
vt -7.22050200 0.76197050
vt -7.20442100 0.77434360
vt -7.19571900 0.77813760
vt -7.20442100 0.77946970
vt -7.21312400 0.77813760
vt -7.22050200 0.77434360
vt -7.22050200 0.76868870
vt -7.22543100 0.76868870
vt -7.22543100 0.76197050
vt -7.22716200 0.76197050
vt -7.22716200 0.75534500
vt -7.22543100 0.75534500
vt -7.22716200 0.74999180
vt -7.22050200 0.75534500
vt -7.22543100 0.74999180
vt -7.22716200 0.74463950
vt -7.22050200 0.74999180
vt -7.22543100 0.74463950
vt -7.20442100 0.74464080
vt -7.20442100 0.73452590
vt -7.22050200 0.74464080
vt -7.22543100 0.73000580
vt -7.18834100 0.73452590
vt -7.20442100 0.73000580
vt -7.22050200 0.73452590
vt -7.48276100 0.78271300
vt -7.48814000 0.78271300
vt -7.48936000 0.79060010
vt -7.48398100 0.79060010
vt -7.48978800 0.79990350
vt -7.48440900 0.79990350
vt -7.48936000 0.80920680
vt -7.48398100 0.80920680
vt -7.48814000 0.81709400
vt -7.48276100 0.81709400
vt -7.73141700 0.82365880
vt -7.72603400 0.82147800
vt -7.72750300 0.81542850
vt -7.73320300 0.81717220
vt -7.72896000 0.80824120
vt -7.73463500 0.80887010
vt -7.83990900 0.65962830
vt -7.83424100 0.66025640
vt -7.83278600 0.65307770
vt -7.83847900 0.65133600
vt -7.83131900 0.64703570
vt -7.83669500 0.64485700
vt -7.83887100 0.73513930
vt -7.83417100 0.73481820
vt -7.83528500 0.72728770
vt -7.84024500 0.72728770
vt -7.83619500 0.71798940
vt -7.84152200 0.71798940
vt -7.83697200 0.70526730
vt -7.84229900 0.70526730
vt -7.83697200 0.69596920
vt -7.86235700 0.70526730
vt -7.86235700 0.71798940
vt -7.84024500 0.72728770
vt -7.86235700 0.72728770
vt -7.86235700 0.69596920
vt -7.84229900 0.69596920
vt -7.84199600 0.68667010
vt -7.86235700 0.68667010
vt -7.88705000 0.68667010
vt -7.88705000 0.69596920
vt -7.86235700 0.69596920
vt -7.88705000 0.70526730
vt -7.86235700 0.70526730
vt -7.88705000 0.71315130
vt -7.86235700 0.71315130
vt -7.88705000 0.71841880
vt -7.86235700 0.71841880
vt -7.47648600 0.81724750
vt -7.47188400 0.81736930
vt -7.47062800 0.80945410
vt -7.47619500 0.80945410
vt -7.47013700 0.80054540
vt -7.47609200 0.80054540
vt -7.84206200 0.67876790
vt -7.84229900 0.69596920
vt -7.83618000 0.67877510
vt -7.84158800 0.67306490
vt -7.83591700 0.67305590
vt -7.84097900 0.66733590
vt -7.83538300 0.66733590
vt -7.83990900 0.65962830
vt -7.83424100 0.66025640
vt -7.24167500 0.77176670
vt -7.23994500 0.78046380
vt -7.23994500 0.77176670
vt -7.24600800 0.76442280
vt -7.23994500 0.76442280
vt -7.24600800 0.75559560
vt -7.23994500 0.75559520
vt -7.24111100 0.74837490
vt -7.25331700 0.75690960
vt -7.25331700 0.75950380
vt -7.26267300 0.75690960
vt -7.26267300 0.75777600
vt -7.26267300 0.75554620
vt -7.26267300 0.74837310
vt -7.27118400 0.75690940
vt -7.27118400 0.75950380
vt -7.27862800 0.75559560
vt -7.27862800 0.76442280
vt -7.28423500 0.74837520
vt -7.28540100 0.75559520
vt -7.28540100 0.76442280
vt -7.28367100 0.77176670
vt -7.28540100 0.77176670
vt -7.28540100 0.78046380
vt -7.28274700 0.73759930
vt -7.26267300 0.73759930
vt -7.27946000 0.72094020
vt -7.24259900 0.73759930
vt -7.26267300 0.72094020
vt -7.27639200 0.70373550
vt -7.24588600 0.72094020
vt -7.26267300 0.70373550
vt -7.27257000 0.68562200
vt -7.24895500 0.70373550
vt -7.26267300 0.68562200
vt -7.25277700 0.68562200
vt -7.85964300 0.74614650
vt -7.83690200 0.75229660
vt -7.85753500 0.75534640
vt -7.83531300 0.76381710
vt -7.85417100 0.76635400
vt -7.83311100 0.78162790
vt -7.84952100 0.78304790
vt -7.83325100 0.80002190
vt -7.84683100 0.79842480
vt -7.83635200 0.81938780
vt -7.84732800 0.81620230
vt -7.41458600 0.66693160
vt -7.41458600 0.65819070
vt -7.41632500 0.66693160
vt -7.41458600 0.67889130
vt -7.42068000 0.67434310
vt -7.42068000 0.67908100
vt -7.42802500 0.67929480
vt -7.41458600 0.68763230
vt -7.42068000 0.68562270
vt -7.42802500 0.68320160
vt -7.43742900 0.68314000
vt -7.43742900 0.68103330
vt -7.44598200 0.67929480
vt -7.43742900 0.68554280
vt -7.44598200 0.68308470
vt -7.45346500 0.67908280
vt -7.45346500 0.67434310
vt -7.45346500 0.68546590
vt -7.46027200 0.67889130
vt -7.45853300 0.66693160
vt -7.46027200 0.66693150
vt -7.46027200 0.65819070
vt -7.46027200 0.68763230
vt -7.43742900 0.68763230
vt -7.45886700 0.69576970
vt -7.43742900 0.69576970
vt -7.41599100 0.69576970
vt -7.41828000 0.70536080
vt -7.43742900 0.70536080
vt -7.45657800 0.70536080
vt -7.42030500 0.71400950
vt -7.43742900 0.71400950
vt -7.45455200 0.71400950
vt -7.42267800 0.72435720
vt -7.43742900 0.72435720
vt -7.45218000 0.72435720
vt -7.42632700 0.74005080
vt -7.43742900 0.74005080
vt -7.44853100 0.74005080
vt -7.42873800 0.75450610
vt -7.43742900 0.75450610
vt -7.43115900 0.77121820
vt -7.44612000 0.75450610
vt -7.43742900 0.77121820
vt -7.44369900 0.77121820
vt -7.23912200 0.84590810
vt -7.24086000 0.82974820
vt -7.24086000 0.83717280
vt -7.23912200 0.82974980
vt -7.24086000 0.82439260
vt -7.23912200 0.82439260
vt -7.24086000 0.81901070
vt -7.23912200 0.81901070
vt -7.24086000 0.81177040
vt -7.23912200 0.81177040
vt -7.24086000 0.80398080
vt -7.25321300 0.80398080
vt -7.24580800 0.79789470
vt -7.25321300 0.81177040
vt -7.25321300 0.81901070
vt -7.25321300 0.79789470
vt -7.25321300 0.79408620
vt -7.26194900 0.79274860
vt -7.26194900 0.79789470
vt -7.27068400 0.79408620
vt -7.26194900 0.80398080
vt -7.27068400 0.79789470
vt -7.27809000 0.79789470
vt -7.27068400 0.80398080
vt -7.28303800 0.80398080
vt -7.26194900 0.81177040
vt -7.27068400 0.81177040
vt -7.26194900 0.81901070
vt -7.28303800 0.81177040
vt -7.28477500 0.81177040
vt -7.27068400 0.81901070
vt -7.28303800 0.81901070
vt -7.28477500 0.81901070
vt -7.25321300 0.82482640
vt -7.24086000 0.82974820
vt -7.24580800 0.82975860
vt -7.24086000 0.83717280
vt -7.26194900 0.82308170
vt -7.27068400 0.82482640
vt -7.28303800 0.82439260
vt -7.28477500 0.82439260
vt -7.27809000 0.82975750
vt -7.28303800 0.82974820
vt -7.28303800 0.83717280
vt -7.28303800 0.82974820
vt -7.28477500 0.82974980
vt -7.28303800 0.83717280
vt -7.28477500 0.84590810
vt -7.73570600 0.80115330
vt -7.73463500 0.80887010
vt -7.72896000 0.80824120
vt -7.73010300 0.80115330
vt -7.73631600 0.79541750
vt -7.73063700 0.79542670
vt -7.73679000 0.78970790
vt -7.73090100 0.78970070
vt -7.73702600 0.77248630
vt -7.55236900 0.78335780
vt -7.54765000 0.80688040
vt -7.54765000 0.78335780
vt -7.55236900 0.80688040
vt -7.55708800 0.78335780
vt -7.55708800 0.80688040
vt -7.50449400 0.78496650
vt -7.50258200 0.80912830
vt -7.49622000 0.80896210
vt -7.49813200 0.78311970
vt -7.52651300 0.80860980
vt -7.52651300 0.78345740
vt -7.53343700 0.78345740
vt -7.53343700 0.80860980
vt -7.54036100 0.78345740
vt -7.54036100 0.80860980
vt -7.51304700 0.80915730
vt -7.51113100 0.78325730
vt -7.51750800 0.78309080
vt -7.51942300 0.80730630
vt -7.21279700 0.82779290
vt -7.20299000 0.85200070
vt -7.20333500 0.82779290
vt -7.21279700 0.85200070
vt -7.22181500 0.82779290
vt -7.22171600 0.85200070
vt -7.75711000 0.75001020
vt -7.78183100 0.75001020
vt -7.88705000 0.67878660
vt -7.90078500 0.68455890
vt -7.90078500 0.68979330
vt -7.88705000 0.68667010
vt -7.90078500 0.69596920
vt -7.88705000 0.69596920
vt -7.90078500 0.70214380
vt -7.88705000 0.70526730
vt -7.90078500 0.70737880
vt -7.88705000 0.71315130
vt -7.14456800 0.72726140
vt -7.14251800 0.74059830
vt -7.13691300 0.72726140
vt -7.14760100 0.74059830
vt -7.15359700 0.72726140
vt -7.15359700 0.74059830
vt -7.16262500 0.72726140
vt -7.15959300 0.74059830
vt -7.17028000 0.72726140
vt -7.16467500 0.74059830
vt -7.78183100 0.78179650
vt -7.79558300 0.78391000
vt -7.78183100 0.78968920
vt -7.79558300 0.77866940
vt -7.78183100 0.77248630
vt -7.79558300 0.77248630
vt -7.78183100 0.76317720
vt -7.79558300 0.76630430
vt -7.78183100 0.75528380
vt -7.79558300 0.76106320
vt -7.22181500 0.82779290
vt -7.22394300 0.81432620
vt -7.22958100 0.82779290
vt -7.21878500 0.81432620
vt -7.21279700 0.82779290
vt -7.21279700 0.81432620
vt -7.20333500 0.82779290
vt -7.20651300 0.81432620
vt -7.19564100 0.82779290
vt -7.20140400 0.81432620
vt -7.10319100 0.78172280
vt -7.10319100 0.77315410
vt -7.11025600 0.77039800
vt -7.11025600 0.77961340
vt -7.10319100 0.79454670
vt -7.11025600 0.79340470
vt -7.14331600 0.79340480
vt -7.14331600 0.77961340
vt -7.14331600 0.77039760
vt -7.15581300 0.82752700
vt -7.18887300 0.82752700
vt -7.18887300 0.84379710
vt -7.15581300 0.84379710
vt -7.18887300 0.85758860
vt -7.15581300 0.85758860
vt -7.18887300 0.86680390
vt -7.15581300 0.86680390
vt -7.14874800 0.86404770
vt -7.14874800 0.85547910
vt -7.14874800 0.84265520
vt -7.15581300 0.78825110
vt -7.18887300 0.78825110
vt -7.18887300 0.79746650
vt -7.15581300 0.79746650
vt -7.18887300 0.81125900
vt -7.14874800 0.79957600
vt -7.14874800 0.79100770
vt -7.14874800 0.81240060
vt -7.15581300 0.81125900
vt -7.14874800 0.82752700
vt -7.43334800 0.81276810
vt -7.43334800 0.78311620
vt -7.44794000 0.78311620
vt -7.44794000 0.81276810
vt -7.46253100 0.78311620
vt -7.46253100 0.81276790
vt -7.46150800 0.81910400
vt -7.44794000 0.81910420
vt -7.43437200 0.81910420
vt -7.11025600 0.82594160
vt -7.14331600 0.82594160
vt -7.14331600 0.83973420
vt -7.11025600 0.83973420
vt -7.10319100 0.83762470
vt -7.14331600 0.84894970
vt -7.10319100 0.84619340
vt -7.11025600 0.84894970
vt -7.14331600 0.80967400
vt -7.11025600 0.80967400
vt -7.10319100 0.80967400
vt -7.10319100 0.82480000
vt -7.40987900 0.78311200
vt -7.42345000 0.78311220
vt -7.40987900 0.78944950
vt -7.39630700 0.78311200
vt -7.39528300 0.78944950
vt -7.39528300 0.81910830
vt -7.35660600 0.66512260
vt -7.35207700 0.68691960
vt -7.35207700 0.66714600
vt -7.35660600 0.68582470
vt -7.35207700 0.71024440
vt -7.35660600 0.71024440
vt -7.40149800 0.71024440
vt -7.40149800 0.68582470
vt -7.40149800 0.66512260
vt -7.35660600 0.65128980
vt -7.40149800 0.65128980
vt -7.61674300 0.74777310
vt -7.63485300 0.75987420
vt -7.63385000 0.76229560
vt -7.61488900 0.74962630
vt -7.65621600 0.76674440
vt -7.65621600 0.76412360
vt -7.67858200 0.76229560
vt -7.29382500 0.71508550
vt -7.29382500 0.69531140
vt -7.29835400 0.69328790
vt -7.29835400 0.71399050
vt -7.29382500 0.73841070
vt -7.34324700 0.71399050
vt -7.34324700 0.69328790
vt -7.34324700 0.73841070
vt -7.29835400 0.73841070
vt -7.29382500 0.76173600
vt -7.34324700 0.76283100
vt -7.29835400 0.76283100
vt -7.29382500 0.78151000
vt -7.34324700 0.78353350
vt -7.29835400 0.78353350
vt -7.69568900 0.66882660
vt -7.67858200 0.65430410
vt -7.69754200 0.66697340
vt -7.67757800 0.65672560
vt -7.65621600 0.64985530
vt -7.65621600 0.65247620
vt -7.63385000 0.65430410
vt -7.63485300 0.65672560
vt -7.61674300 0.66882660
vt -7.61488900 0.66697340
vt -7.35207700 0.73356910
vt -7.35660600 0.73466400
vt -7.35207700 0.75334270
vt -7.35660600 0.75536610
vt -7.40149800 0.73466400
vt -7.40149800 0.75536610
vt -7.40149800 0.76919900
vt -7.35660600 0.76919900
vt -7.75944900 0.46983400
vt -7.78927500 0.44990530
vt -7.79050400 0.45287330
vt -7.76172100 0.47210570
vt -7.82445600 0.53484060
vt -7.74248900 0.50088870
vt -7.73573600 0.53484060
vt -7.74248900 0.56879260
vt -7.76172100 0.59757570
vt -7.79050400 0.61680790
vt -7.82445600 0.44611990
vt -7.82445600 0.62356140
vt -7.85840800 0.45287330
vt -7.82445600 0.44290730
vt -7.88719200 0.47210550
vt -7.90642400 0.50088860
vt -7.91317700 0.53484060
vt -7.90642400 0.56879260
vt -7.88719200 0.59757570
vt -7.85840800 0.61680790
vt -7.85963800 0.61977600
vt -7.88946300 0.59984730
vt -7.85963800 0.44990530
vt -7.88946300 0.46983390
vt -7.97713400 0.80923140
vt -7.98026100 0.77384970
vt -7.98026100 0.80664320
vt -7.97713400 0.77525040
vt -7.98026100 0.73516720
vt -7.97713400 0.73516720
vt -7.98026100 0.69648460
vt -7.97713400 0.69508390
vt -7.98026100 0.66369120
vt -7.97713400 0.66110300
vt -7.93757000 0.65715470
vt -7.93757000 0.69294710
vt -7.93757000 0.73516720
vt -7.82445600 0.62677400
vt -7.78927500 0.61977600
vt -7.75944900 0.59984730
vt -7.97258500 0.60615750
vt -7.97571300 0.57077430
vt -7.97571300 0.60356930
vt -7.97258500 0.57217510
vt -7.97571300 0.53209010
vt -7.97258500 0.53209010
vt -7.97571300 0.49340580
vt -7.97258500 0.49200510
vt -7.97571300 0.46061090
vt -7.97258500 0.45802270
vt -7.93302000 0.45407410
vt -7.93302000 0.48986820
vt -7.93302000 0.53209010
vt -7.93302000 0.57431210
vt -7.93302000 0.61010620
vt -7.92862400 0.60734540
vt -7.92862400 0.57281800
vt -7.92862400 0.53209010
vt -7.92862400 0.49136230
vt -7.92862400 0.45683480
vt -7.44644500 0.45051610
vt -7.47797200 0.47158180
vt -7.47554100 0.47401330
vt -7.44512900 0.45369310
vt -7.40925600 0.54029760
vt -7.49586100 0.50442480
vt -7.50299600 0.54029760
vt -7.49586100 0.57617040
vt -7.40925600 0.44311880
vt -7.47554100 0.60658190
vt -7.40925600 0.44655750
vt -7.37206800 0.45051610
vt -7.44512900 0.62690210
vt -7.37338400 0.45369310
vt -7.34297200 0.47401330
vt -7.34054100 0.47158180
vt -7.47797200 0.60901360
vt -7.32265200 0.50442480
vt -7.31551700 0.54029760
vt -7.32265200 0.57617030
vt -7.44644500 0.63007920
vt -7.34297200 0.60658180
vt -7.40925600 0.63403770
vt -7.40925600 0.63747640
vt -7.37338400 0.62690210
vt -7.37206800 0.63007910
vt -7.34054100 0.60901330
vt -7.93317500 0.69444100
vt -7.93317500 0.65991520
vt -7.93317500 0.73516720
vt -7.93317500 0.77589330
vt -7.93757000 0.77738730
vt -7.93317500 0.81041920
vt -7.93757000 0.81317970
vt -7.93302000 0.43015730
vt -7.97258500 0.43531620
vt -7.09146200 0.68590790
vt -7.12648900 0.68401600
vt -7.12648900 0.72139590
vt -7.97713400 0.83193670
vt -7.93757000 0.83709540
vt -7.93757000 0.63323890
vt -7.97713400 0.63839760
vt -7.08139100 0.91027910
vt -7.04636400 0.91217080
vt -7.04636400 0.87479130
vt -7.08139100 0.87479130
vt -7.04636400 0.83741180
vt -7.08139100 0.83930340
vt -7.97258500 0.62886390
vt -7.93302000 0.63402290
vt -7.49081900 0.67688900
vt -7.51878400 0.70485310
vt -7.51565900 0.70952960
vt -7.47912100 0.69439570
vt -7.51456200 0.71504520
vt -7.47501400 0.71504590
vt -7.51565900 0.72056130
vt -7.47912100 0.73569610
vt -7.51878400 0.72523750
vt -7.49081900 0.75320270
vt -7.52345900 0.70172850
vt -7.52345900 0.72836180
vt -7.52897500 0.66108390
vt -7.52897500 0.70063190
vt -7.53449200 0.70172880
vt -7.56713200 0.67688900
vt -7.56928400 0.67473760
vt -7.53916700 0.70485330
vt -7.57883000 0.69439550
vt -7.54229200 0.70952960
vt -7.58293700 0.71504590
vt -7.54338900 0.71504520
vt -7.57883000 0.73569610
vt -7.54229200 0.72056130
vt -7.56713200 0.75320270
vt -7.53916700 0.72523700
vt -7.54962600 0.76490030
vt -7.56928400 0.75535420
vt -7.53449200 0.72836120
vt -7.55079000 0.76771120
vt -7.52897500 0.76900790
vt -7.52897500 0.72945900
vt -7.52897500 0.77205040
vt -7.50832500 0.76490030
vt -7.50716100 0.76771120
vt -7.48866700 0.75535420
vt -7.40483900 0.66753090
vt -7.40483900 0.68712810
vt -7.40483900 0.71024440
vt -7.40483900 0.73336060
vt -7.40483900 0.75295780
vt -7.34658800 0.76152750
vt -7.34658800 0.78112520
vt -7.34658800 0.73841070
vt -7.34658800 0.71529390
vt -7.34658800 0.69569630
vt -7.29540500 0.80291040
vt -7.33541600 0.80291040
vt -7.33541600 0.82467450
vt -7.29540500 0.82467450
vt -7.33541600 0.84643860
vt -7.29540500 0.84643860
vt -7.34324700 0.79736650
vt -7.29835400 0.79736650
vt -7.29835400 0.67945490
vt -7.34324700 0.67945490
vt -7.38570400 0.84643550
vt -7.34570000 0.84643550
vt -7.34570000 0.82467450
vt -7.38570400 0.82467450
vt -7.34570000 0.80291350
vt -7.38570400 0.80291350
vt -7.62869800 0.73581790
vt -7.60464100 0.72966260
vt -7.62026300 0.72319300
vt -7.60039200 0.70829990
vt -7.61730100 0.70830010
vt -7.60464100 0.68693720
vt -7.62026300 0.69340870
vt -7.62869900 0.68078290
vt -7.64132400 0.74425410
vt -7.65621600 0.74721560
vt -7.67110800 0.74425380
vt -7.68373300 0.73581810
vt -7.64132400 0.67234690
vt -7.65621600 0.66938500
vt -7.67110800 0.67234720
vt -7.68373300 0.68078290
vt -7.69216900 0.72319340
vt -7.70779000 0.72966270
vt -7.69513100 0.70830010
vt -7.71203900 0.70829990
vt -7.69216900 0.69340850
vt -7.70779000 0.68693720
vt -7.56405900 0.78293500
vt -7.56612600 0.78594730
vt -7.56612600 0.79301440
vt -7.57451400 0.78666070
vt -7.56405900 0.79301440
vt -7.57244700 0.78819950
vt -7.56612600 0.80008140
vt -7.57451400 0.79301430
vt -7.56405900 0.80309380
vt -7.57244700 0.79301430
vt -7.57244700 0.79782920
vt -7.57451400 0.79936800
vt -7.03796400 0.93845490
vt -7.02571200 0.94538860
vt -7.03339700 0.93388740
vt -7.03168000 0.94786040
vt -7.02301500 0.95895510
vt -7.04736900 0.93217060
vt -7.04489800 0.92620290
vt -7.02947300 0.95895510
vt -7.02571200 0.97252110
vt -7.05846500 0.92996390
vt -7.05846500 0.92350440
vt -7.03168000 0.97004930
vt -7.03339700 0.98402180
vt -7.06955800 0.93217050
vt -7.07203000 0.92620290
vt -7.03796400 0.97945430
vt -7.04489800 0.99170640
vt -7.07896400 0.93845490
vt -7.08353100 0.93388740
vt -7.04736900 0.98573870
vt -7.05846500 0.99440500
vt -7.08524800 0.94786050
vt -7.09121700 0.94538860
vt -7.05846500 0.98794540
vt -7.07203100 0.99170640
vt -7.08745500 0.95895500
vt -7.09391500 0.95895510
vt -7.06955900 0.98573870
vt -7.08353100 0.98402180
vt -7.08524800 0.97004910
vt -7.09121600 0.97252100
vt -7.07896400 0.97945430
vt -7.06927300 0.94814600
vt -7.07258700 0.95310500
vt -7.06431400 0.94483240
vt -7.07375000 0.95895470
vt -7.07258700 0.96480440
vt -7.05846500 0.94366890
vt -7.06927300 0.96976330
vt -7.06431400 0.97307690
vt -7.05261400 0.94483240
vt -7.05846500 0.97424050
vt -7.04765600 0.94814600
vt -7.05261400 0.97307690
vt -7.04434200 0.95310500
vt -7.04765600 0.96976330
vt -7.04317900 0.95895470
vt -7.04434200 0.96480440
f 3/3/3 2/2/2 1/1/1
f 4/4/4 3/3/3 1/1/1
f 7/7/7 6/6/6 5/5/5
f 10/10/10 9/9/9 8/8/8
f 11/11/11 10/10/10 8/8/8
f 14/14/14 13/13/13 12/12/12
f 17/17/17 16/16/16 15/15/15
f 20/20/20 19/19/19 18/18/18
f 23/23/23 22/22/22 21/21/21
f 26/26/26 25/25/25 24/24/24
f 29/29/29 28/28/28 27/27/27
f 32/32/32 31/31/31 30/30/30
f 31/31/31 33/33/33 30/30/30
f 30/30/30 33/33/33 34/34/34
f 33/33/33 35/35/35 34/34/34
f 34/34/34 35/35/35 36/36/36
f 35/35/35 37/37/37 36/36/36
f 36/36/36 37/37/37 38/38/38
f 37/37/37 39/39/39 38/38/38
f 38/38/38 39/39/39 40/40/40
f 39/39/39 41/41/41 40/40/40
f 40/40/40 41/41/41 42/42/42
f 41/41/41 43/43/43 42/42/42
f 46/46/46 45/45/45 44/44/44
f 47/47/47 46/46/46 44/44/44
f 48/48/48 46/46/46 47/47/47
f 49/49/49 48/48/48 47/47/47
f 52/52/52 51/51/51 50/50/50
f 53/53/53 52/52/52 50/50/50
f 54/54/54 52/52/52 53/53/53
f 55/55/55 54/54/54 53/53/53
f 56/56/56 54/54/54 55/55/55
f 57/57/57 56/56/56 55/55/55
f 58/58/58 56/56/56 57/57/57
f 59/59/59 58/58/58 57/57/57
f 60/60/60 58/58/58 59/59/59
f 61/61/61 60/60/60 59/59/59
f 62/62/62 60/60/60 61/61/61
f 63/63/63 62/62/62 61/61/61
f 66/66/66 65/65/65 64/64/64
f 67/67/67 66/66/66 64/64/64
f 68/68/68 66/66/66 67/67/67
f 69/69/69 68/68/68 67/67/67
f 72/72/72 71/71/71 70/70/70
f 73/73/73 72/72/72 70/70/70
f 73/73/73 70/70/70 74/74/74
f 75/75/75 73/73/73 74/74/74
f 78/78/78 77/77/77 76/76/76
f 79/79/79 78/78/78 76/76/76
f 79/79/79 76/76/76 80/80/80
f 81/81/81 78/78/78 79/79/79
f 82/82/82 79/79/79 80/80/80
f 83/83/83 81/81/81 79/79/79
f 83/83/83 79/79/79 82/82/82
f 84/84/84 83/83/83 82/82/82
f 87/87/87 86/86/86 85/85/85
f 88/88/88 87/87/87 85/85/85
f 88/88/88 85/85/85 89/89/89
f 90/90/90 88/88/88 89/89/89
f 91/91/91 87/87/87 88/88/88
f 92/92/92 91/91/91 88/88/88
f 92/92/92 88/88/88 90/90/90
f 93/93/93 92/92/92 90/90/90
f 94/94/94 91/91/91 92/92/92
f 95/95/95 92/92/92 93/93/93
f 96/96/96 95/95/95 93/93/93
f 97/97/97 95/95/95 96/96/96
f 98/98/98 97/97/97 96/96/96
f 99/99/99 97/97/97 98/98/98
f 100/100/100 99/99/99 98/98/98
f 101/101/101 94/94/94 92/92/92
f 101/101/101 102/102/102 94/94/94
f 102/102/102 103/103/103 94/94/94
f 102/102/102 104/104/104 103/103/103
f 103/103/103 105/105/105 94/94/94
f 105/105/105 106/106/106 94/94/94
f 104/104/104 107/107/107 103/103/103
f 103/103/103 107/107/107 105/105/105
f 107/107/107 108/108/108 105/105/105
f 104/104/104 109/109/109 107/107/107
f 110/110/110 108/108/108 107/107/107
f 5/5/5 110/110/110 107/107/107
f 6/6/6 110/110/110 5/5/5
f 109/109/109 111/111/111 107/107/107
f 109/109/109 112/112/112 111/111/111
f 112/112/112 113/113/113 111/111/111
f 112/112/112 114/114/114 113/113/113
f 114/114/114 115/115/115 113/113/113
f 114/114/114 116/116/116 115/115/115
f 116/116/116 117/117/117 115/115/115
f 116/116/116 118/118/118 117/117/117
f 118/118/118 119/119/119 117/117/117
f 118/118/118 120/120/120 119/119/119
f 120/120/120 121/121/121 119/119/119
f 120/120/120 122/122/122 121/121/121
f 122/122/122 123/123/123 121/121/121
f 122/122/122 124/124/124 123/123/123
f 124/124/124 125/125/125 123/123/123
f 128/128/128 127/127/127 126/126/126
f 129/129/129 128/128/128 126/126/126
f 129/129/129 126/126/126 130/130/130
f 131/131/131 129/129/129 130/130/130
f 134/134/134 133/133/133 132/132/132
f 135/135/135 134/134/134 132/132/132
f 136/136/136 135/135/135 132/132/132
f 137/137/137 136/136/136 132/132/132
f 136/136/136 138/138/138 135/135/135
f 135/135/135 139/139/139 134/134/134
f 138/138/138 139/139/139 135/135/135
f 139/139/139 140/140/140 134/134/134
f 138/138/138 141/141/141 139/139/139
f 139/139/139 142/142/142 140/140/140
f 141/141/141 142/142/142 139/139/139
f 142/142/142 143/143/143 140/140/140
f 142/142/142 141/141/141 144/144/144
f 143/143/143 142/142/142 145/145/145
f 145/145/145 142/142/142 144/144/144
f 145/145/145 144/144/144 146/146/146
f 147/147/147 143/143/143 145/145/145
f 147/147/147 145/145/145 146/146/146
f 144/144/144 148/148/148 146/146/146
f 148/148/148 149/149/149 146/146/146
f 148/148/148 150/150/150 149/149/149
f 151/151/151 147/147/147 146/146/146
f 150/150/150 152/152/152 149/149/149
f 150/150/150 153/153/153 152/152/152
f 153/153/153 154/154/154 152/152/152
f 153/153/153 155/155/155 154/154/154
f 152/152/152 156/156/156 149/149/149
f 152/152/152 154/154/154 156/156/156
f 155/155/155 157/157/157 154/154/154
f 155/155/155 158/158/158 157/157/157
f 154/154/154 159/159/159 156/156/156
f 154/154/154 157/157/157 159/159/159
f 158/158/158 160/160/160 157/157/157
f 158/158/158 161/161/161 160/160/160
f 157/157/157 160/160/160 162/162/162
f 157/157/157 162/162/162 159/159/159
f 160/160/160 161/161/161 163/163/163
f 160/160/160 163/163/163 162/162/162
f 161/161/161 164/164/164 163/163/163
f 161/161/161 165/165/165 164/164/164
f 159/159/159 162/162/162 166/166/166
f 162/162/162 163/163/163 167/167/167
f 162/162/162 167/167/167 166/166/166
f 168/168/168 163/163/163 164/164/164
f 163/163/163 168/168/168 167/167/167
f 169/169/169 164/164/164 165/165/165
f 169/169/169 168/168/168 164/164/164
f 167/167/167 168/168/168 170/170/170
f 170/170/170 168/168/168 169/169/169
f 171/171/171 169/169/169 165/165/165
f 171/171/171 165/165/165 172/172/172
f 173/173/173 171/171/171 172/172/172
f 171/171/171 173/173/173 174/174/174
f 175/175/175 171/171/171 174/174/174
f 176/176/176 169/169/169 171/171/171
f 175/175/175 176/176/176 171/171/171
f 176/176/176 170/170/170 169/169/169
f 176/176/176 175/175/175 177/177/177
f 176/176/176 177/177/177 178/178/178
f 170/170/170 176/176/176 178/178/178
f 178/178/178 177/177/177 179/179/179
f 179/179/179 180/180/180 178/178/178
f 180/180/180 181/181/181 178/178/178
f 170/170/170 178/178/178 181/181/181
f 180/180/180 182/182/182 181/181/181
f 183/183/183 170/170/170 181/181/181
f 183/183/183 167/167/167 170/170/170
f 166/166/166 167/167/167 183/183/183
f 182/182/182 184/184/184 181/181/181
f 183/183/183 181/181/181 184/184/184
f 182/182/182 185/185/185 184/184/184
f 186/186/186 166/166/166 183/183/183
f 186/186/186 183/183/183 184/184/184
f 185/185/185 187/187/187 184/184/184
f 186/186/186 184/184/184 187/187/187
f 185/185/185 151/151/151 187/187/187
f 188/188/188 166/166/166 186/186/186
f 159/159/159 166/166/166 188/188/188
f 156/156/156 159/159/159 188/188/188
f 156/156/156 188/188/188 189/189/189
f 190/190/190 188/188/188 186/186/186
f 190/190/190 186/186/186 187/187/187
f 189/189/189 188/188/188 190/190/190
f 151/151/151 191/191/191 187/187/187
f 190/190/190 187/187/187 191/191/191
f 151/151/151 146/146/146 191/191/191
f 192/192/192 156/156/156 189/189/189
f 156/156/156 192/192/192 149/149/149
f 192/192/192 189/189/189 149/149/149
f 149/149/149 193/193/193 146/146/146
f 146/146/146 193/193/193 191/191/191
f 189/189/189 193/193/193 149/149/149
f 191/191/191 193/193/193 189/189/189
f 194/194/194 189/189/189 190/190/190
f 194/194/194 191/191/191 189/189/189
f 194/194/194 190/190/190 191/191/191
f 197/197/197 196/196/196 195/195/195
f 198/198/198 197/197/197 195/195/195
f 199/199/199 197/197/197 198/198/198
f 200/200/200 199/199/199 198/198/198
f 201/201/201 199/199/199 200/200/200
f 202/202/202 201/201/201 200/200/200
f 203/203/203 201/201/201 202/202/202
f 204/204/204 203/203/203 202/202/202
f 207/207/207 206/206/206 205/205/205
f 208/208/208 207/207/207 205/205/205
f 209/209/209 207/207/207 208/208/208
f 210/210/210 209/209/209 208/208/208
f 213/213/213 212/212/212 211/211/211
f 214/214/214 213/213/213 211/211/211
f 215/215/215 213/213/213 214/214/214
f 216/216/216 215/215/215 214/214/214
f 219/219/219 218/218/218 217/217/217
f 220/220/220 219/219/219 217/217/217
f 221/221/221 219/219/219 220/220/220
f 222/222/222 221/221/221 220/220/220
f 223/223/223 221/221/221 222/222/222
f 224/224/224 223/223/223 222/222/222
f 225/225/225 223/223/223 224/224/224
f 224/224/224 222/222/222 226/226/226
f 222/222/222 227/227/227 226/226/226
f 222/222/222 228/228/228 227/227/227
f 228/228/228 229/229/229 227/227/227
f 228/228/228 14/14/14 229/229/229
f 14/14/14 12/12/12 229/229/229
f 224/224/224 226/226/226 230/230/230
f 231/231/231 225/225/225 224/224/224
f 231/231/231 224/224/224 230/230/230
f 232/232/232 231/231/231 230/230/230
f 233/233/233 232/232/232 230/230/230
f 71/71/71 232/232/232 233/233/233
f 70/70/70 71/71/71 233/233/233
f 70/70/70 233/233/233 234/234/234
f 74/74/74 70/70/70 234/234/234
f 234/234/234 233/233/233 235/235/235
f 233/233/233 236/236/236 235/235/235
f 235/235/235 236/236/236 237/237/237
f 236/236/236 238/238/238 237/237/237
f 237/237/237 238/238/238 239/239/239
f 238/238/238 240/240/240 239/239/239
f 239/239/239 240/240/240 241/241/241
f 240/240/240 242/242/242 241/241/241
f 245/245/245 244/244/244 243/243/243
f 246/246/246 245/245/245 243/243/243
f 247/247/247 245/245/245 246/246/246
f 248/248/248 247/247/247 246/246/246
f 9/9/9 247/247/247 248/248/248
f 8/8/8 9/9/9 248/248/248
f 250/250/250 249/249/249 225/225/225
f 249/249/249 251/251/251 225/225/225
f 249/249/249 252/252/252 251/251/251
f 252/252/252 253/253/253 251/251/251
f 252/252/252 254/254/254 253/253/253
f 254/254/254 255/255/255 253/253/253
f 254/254/254 256/256/256 255/255/255
f 256/256/256 257/257/257 255/255/255
f 260/260/260 259/259/259 258/258/258
f 260/260/260 258/258/258 261/261/261
f 262/262/262 260/260/260 261/261/261
f 262/262/262 261/261/261 263/263/263
f 264/264/264 262/262/262 263/263/263
f 265/265/265 264/264/264 263/263/263
f 266/266/266 263/263/263 261/261/261
f 267/267/267 266/266/266 261/261/261
f 268/268/268 266/266/266 267/267/267
f 269/269/269 268/268/268 267/267/267
f 263/263/263 266/266/266 270/270/270
f 266/266/266 268/268/268 270/270/270
f 265/265/265 263/263/263 271/271/271
f 263/263/263 270/270/270 271/271/271
f 272/272/272 268/268/268 269/269/269
f 273/273/273 272/272/272 269/269/269
f 268/268/268 272/272/272 274/274/274
f 274/274/274 272/272/272 273/273/273
f 270/270/270 268/268/268 274/274/274
f 275/275/275 274/274/274 273/273/273
f 270/270/270 274/274/274 276/276/276
f 271/271/271 270/270/270 276/276/276
f 274/274/274 277/277/277 276/276/276
f 274/274/274 275/275/275 277/277/277
f 275/275/275 278/278/278 277/277/277
f 275/275/275 279/279/279 278/278/278
f 279/279/279 280/280/280 278/278/278
f 279/279/279 281/281/281 280/280/280
f 271/271/271 276/276/276 282/282/282
f 283/283/283 271/271/271 282/282/282
f 265/265/265 271/271/271 283/283/283
f 282/282/282 284/284/284 283/283/283
f 285/285/285 265/265/265 283/283/283
f 284/284/284 286/286/286 283/283/283
f 283/283/283 286/286/286 285/285/285
f 284/284/284 287/287/287 286/286/286
f 286/286/286 288/288/288 285/285/285
f 287/287/287 289/289/289 286/286/286
f 286/286/286 289/289/289 288/288/288
f 287/287/287 290/290/290 289/289/289
f 289/289/289 291/291/291 288/288/288
f 290/290/290 292/292/292 289/289/289
f 289/289/289 292/292/292 291/291/291
f 292/292/292 293/293/293 291/291/291
f 13/13/13 294/294/294 12/12/12
f 13/13/13 295/295/295 294/294/294
f 295/295/295 296/296/296 294/294/294
f 295/295/295 297/297/297 296/296/296
f 297/297/297 298/298/298 296/296/296
f 297/297/297 299/299/299 298/298/298
f 299/299/299 300/300/300 298/298/298
f 299/299/299 301/301/301 300/300/300
f 301/301/301 302/302/302 300/300/300
f 301/301/301 303/303/303 302/302/302
f 303/303/303 304/304/304 302/302/302
f 307/307/307 306/306/306 305/305/305
f 307/307/307 305/305/305 308/308/308
f 308/308/308 309/309/309 307/307/307
f 308/308/308 310/310/310 309/309/309
f 310/310/310 311/311/311 309/309/309
f 310/310/310 308/308/308 312/312/312
f 310/310/310 313/313/313 311/311/311
f 313/313/313 310/310/310 312/312/312
f 313/313/313 314/314/314 311/311/311
f 314/314/314 315/315/315 311/311/311
f 315/315/315 316/316/316 311/311/311
f 317/317/317 316/316/316 315/315/315
f 313/313/313 318/318/318 314/314/314
f 318/318/318 315/315/315 314/314/314
f 318/318/318 313/313/313 312/312/312
f 319/319/319 317/317/317 315/315/315
f 315/315/315 318/318/318 319/319/319
f 320/320/320 317/317/317 319/319/319
f 321/321/321 317/317/317 320/320/320
f 318/318/318 322/322/322 319/319/319
f 322/322/322 320/320/320 319/319/319
f 321/321/321 320/320/320 323/323/323
f 320/320/320 322/322/322 323/323/323
f 324/324/324 321/321/321 323/323/323
f 323/323/323 325/325/325 324/324/324
f 325/325/325 326/326/326 324/324/324
f 322/322/322 327/327/327 323/323/323
f 322/322/322 318/318/318 328/328/328
f 327/327/327 322/322/322 328/328/328
f 328/328/328 318/318/318 312/312/312
f 327/327/327 328/328/328 329/329/329
f 328/328/328 312/312/312 330/330/330
f 328/328/328 330/330/330 329/329/329
f 312/312/312 331/331/331 330/330/330
f 331/331/331 332/332/332 330/330/330
f 330/330/330 333/333/333 329/329/329
f 332/332/332 333/333/333 330/330/330
f 333/333/333 334/334/334 329/329/329
f 332/332/332 335/335/335 333/333/333
f 333/333/333 336/336/336 334/334/334
f 335/335/335 336/336/336 333/333/333
f 336/336/336 337/337/337 334/334/334
f 336/336/336 335/335/335 338/338/338
f 337/337/337 336/336/336 339/339/339
f 339/339/339 336/336/336 338/338/338
f 340/340/340 337/337/337 339/339/339
f 338/338/338 341/341/341 339/339/339
f 339/339/339 342/342/342 340/340/340
f 341/341/341 342/342/342 339/339/339
f 342/342/342 343/343/343 340/340/340
f 341/341/341 344/344/344 342/342/342
f 342/342/342 345/345/345 343/343/343
f 344/344/344 345/345/345 342/342/342
f 344/344/344 346/346/346 345/345/345
f 345/345/345 347/347/347 343/343/343
f 346/346/346 348/348/348 345/345/345
f 345/345/345 348/348/348 347/347/347
f 348/348/348 349/349/349 347/347/347
f 352/352/352 351/351/351 350/350/350
f 351/351/351 353/353/353 350/350/350
f 351/351/351 354/354/354 353/353/353
f 354/354/354 355/355/355 353/353/353
f 354/354/354 356/356/356 355/355/355
f 356/356/356 357/357/357 355/355/355
f 356/356/356 358/358/358 357/357/357
f 358/358/358 359/359/359 357/357/357
f 358/358/358 360/360/360 359/359/359
f 360/360/360 358/358/358 361/361/361
f 360/360/360 361/361/361 362/362/362
f 358/358/358 356/356/356 363/363/363
f 358/358/358 363/363/363 361/361/361
f 356/356/356 354/354/354 364/364/364
f 356/356/356 364/364/364 363/363/363
f 361/361/361 365/365/365 362/362/362
f 365/365/365 366/366/366 362/362/362
f 367/367/367 366/366/366 365/365/365
f 368/368/368 367/367/367 365/365/365
f 368/368/368 365/365/365 361/361/361
f 369/369/369 367/367/367 368/368/368
f 370/370/370 361/361/361 363/363/363
f 370/370/370 368/368/368 361/361/361
f 371/371/371 369/369/369 368/368/368
f 371/371/371 368/368/368 370/370/370
f 372/372/372 369/369/369 371/371/371
f 371/371/371 373/373/373 372/372/372
f 373/373/373 371/371/371 370/370/370
f 373/373/373 374/374/374 372/372/372
f 375/375/375 370/370/370 363/363/363
f 373/373/373 370/370/370 375/375/375
f 375/375/375 363/363/363 364/364/364
f 373/373/373 376/376/376 374/374/374
f 376/376/376 373/373/373 375/375/375
f 377/377/377 375/375/375 364/364/364
f 376/376/376 375/375/375 377/377/377
f 376/376/376 378/378/378 374/374/374
f 379/379/379 374/374/374 378/378/378
f 376/376/376 380/380/380 378/378/378
f 380/380/380 376/376/376 377/377/377
f 379/379/379 378/378/378 381/381/381
f 380/380/380 381/381/381 378/378/378
f 382/382/382 379/379/379 381/381/381
f 377/377/377 364/364/364 383/383/383
f 354/354/354 383/383/383 364/364/364
f 354/354/354 384/384/384 383/383/383
f 384/384/384 385/385/385 383/383/383
f 384/384/384 386/386/386 385/385/385
f 387/387/387 377/377/377 383/383/383
f 380/380/380 377/377/377 387/387/387
f 388/388/388 380/380/380 387/387/387
f 380/380/380 388/388/388 381/381/381
f 382/382/382 381/381/381 389/389/389
f 388/388/388 389/389/389 381/381/381
f 390/390/390 382/382/382 389/389/389
f 388/388/388 391/391/391 389/389/389
f 391/391/391 392/392/392 389/389/389
f 391/391/391 393/393/393 392/392/392
f 390/390/390 389/389/389 394/394/394
f 395/395/395 390/390/390 394/394/394
f 395/395/395 394/394/394 396/396/396
f 397/397/397 395/395/395 396/396/396
f 400/400/400 399/399/399 398/398/398
f 401/401/401 400/400/400 398/398/398
f 401/401/401 398/398/398 402/402/402
f 403/403/403 401/401/401 402/402/402
f 403/403/403 402/402/402 404/404/404
f 405/405/405 403/403/403 404/404/404
f 405/405/405 404/404/404 406/406/406
f 106/106/106 405/405/405 406/406/406
f 409/409/409 408/408/408 407/407/407
f 408/408/408 410/410/410 407/407/407
f 407/407/407 410/410/410 411/411/411
f 410/410/410 412/412/412 411/411/411
f 415/415/415 414/414/414 413/413/413
f 416/416/416 415/415/415 413/413/413
f 419/419/419 418/418/418 417/417/417
f 420/420/420 419/419/419 417/417/417
f 421/421/421 419/419/419 420/420/420
f 422/422/422 421/421/421 420/420/420
f 425/425/425 424/424/424 423/423/423
f 426/426/426 425/425/425 423/423/423
f 429/429/429 428/428/428 427/427/427
f 428/428/428 430/430/430 427/427/427
f 427/427/427 430/430/430 431/431/431
f 430/430/430 432/432/432 431/431/431
f 433/433/433 99/99/99 100/100/100
f 434/434/434 433/433/433 100/100/100
f 437/437/437 436/436/436 435/435/435
f 438/438/438 437/437/437 435/435/435
f 439/439/439 437/437/437 438/438/438
f 440/440/440 439/439/439 438/438/438
f 441/441/441 439/439/439 440/440/440
f 442/442/442 441/441/441 440/440/440
f 443/443/443 441/441/441 442/442/442
f 444/444/444 443/443/443 442/442/442
f 447/447/447 446/446/446 445/445/445
f 446/446/446 448/448/448 445/445/445
f 445/445/445 448/448/448 449/449/449
f 448/448/448 450/450/450 449/449/449
f 449/449/449 450/450/450 451/451/451
f 450/450/450 452/452/452 451/451/451
f 451/451/451 452/452/452 453/453/453
f 452/452/452 454/454/454 453/453/453
f 457/457/457 456/456/456 455/455/455
f 456/456/456 458/458/458 455/455/455
f 455/455/455 458/458/458 459/459/459
f 458/458/458 460/460/460 459/459/459
f 459/459/459 460/460/460 461/461/461
f 460/460/460 462/462/462 461/461/461
f 461/461/461 462/462/462 463/463/463
f 462/462/462 464/464/464 463/463/463
f 467/467/467 466/466/466 465/465/465
f 466/466/466 468/468/468 465/465/465
f 465/465/465 468/468/468 469/469/469
f 468/468/468 470/470/470 469/469/469
f 469/469/469 470/470/470 471/471/471
f 470/470/470 472/472/472 471/471/471
f 472/472/472 474/474/474 473/473/473
f 471/471/471 472/472/472 473/473/473
f 477/477/477 476/476/476 475/475/475
f 478/478/478 477/477/477 475/475/475
f 475/475/475 479/479/479 478/478/478
f 479/479/479 480/480/480 478/478/478
f 480/480/480 481/481/481 478/478/478
f 481/481/481 482/482/482 478/478/478
f 478/478/478 482/482/482 477/477/477
f 482/482/482 483/483/483 477/477/477
f 486/486/486 485/485/485 484/484/484
f 487/487/487 486/486/486 484/484/484
f 488/488/488 486/486/486 487/487/487
f 489/489/489 488/488/488 487/487/487
f 490/490/490 488/488/488 489/489/489
f 491/491/491 490/490/490 489/489/489
f 491/491/491 489/489/489 492/492/492
f 489/489/489 493/493/493 492/492/492
f 489/489/489 487/487/487 493/493/493
f 487/487/487 494/494/494 493/493/493
f 497/497/497 496/496/496 495/495/495
f 498/498/498 497/497/497 495/495/495
f 499/499/499 497/497/497 498/498/498
f 498/498/498 495/495/495 500/500/500
f 495/495/495 501/501/501 500/500/500
f 498/498/498 500/500/500 502/502/502
f 503/503/503 499/499/499 498/498/498
f 503/503/503 498/498/498 502/502/502
f 485/485/485 499/499/499 503/503/503
f 503/503/503 502/502/502 504/504/504
f 484/484/484 485/485/485 503/503/503
f 484/484/484 503/503/503 504/504/504
f 484/484/484 504/504/504 494/494/494
f 487/487/487 484/484/484 494/494/494
f 507/507/507 506/506/506 505/505/505
f 508/508/508 507/507/507 505/505/505
f 509/509/509 507/507/507 508/508/508
f 510/510/510 509/509/509 508/508/508
f 510/510/510 508/508/508 511/511/511
f 508/508/508 512/512/512 511/511/511
f 508/508/508 505/505/505 512/512/512
f 505/505/505 513/513/513 512/512/512
f 516/516/516 515/515/515 514/514/514
f 517/517/517 516/516/516 514/514/514
f 517/517/517 514/514/514 518/518/518
f 519/519/519 516/516/516 517/517/517
f 517/517/517 518/518/518 520/520/520
f 521/521/521 519/519/519 517/517/517
f 521/521/521 517/517/517 520/520/520
f 522/522/522 481/481/481 480/480/480
f 523/523/523 522/522/522 480/480/480
f 515/515/515 522/522/522 523/523/523
f 514/514/514 515/515/515 523/523/523
f 523/523/523 480/480/480 524/524/524
f 480/480/480 479/479/479 524/524/524
f 523/523/523 524/524/524 525/525/525
f 514/514/514 523/523/523 525/525/525
f 514/514/514 525/525/525 518/518/518
f 15/15/15 527/527/527 526/526/526
f 528/528/528 15/15/15 526/526/526
f 528/528/528 526/526/526 529/529/529
f 528/528/528 17/17/17 15/15/15
f 530/530/530 528/528/528 529/529/529
f 531/531/531 17/17/17 528/528/528
f 530/530/530 531/531/531 528/528/528
f 534/534/534 533/533/533 532/532/532
f 533/533/533 535/535/535 532/532/532
f 535/535/535 533/533/533 536/536/536
f 537/537/537 535/535/535 536/536/536
f 535/535/535 537/537/537 538/538/538
f 539/539/539 535/535/535 538/538/538
f 532/532/532 535/535/535 539/539/539
f 540/540/540 532/532/532 539/539/539
f 541/541/541 532/532/532 540/540/540
f 542/542/542 541/541/541 540/540/540
f 545/545/545 544/544/544 543/543/543
f 546/546/546 545/545/545 543/543/543
f 545/545/545 547/547/547 544/544/544
f 547/547/547 548/548/548 544/544/544
f 547/547/547 549/549/549 548/548/548
f 549/549/549 18/18/18 548/548/548
f 549/549/549 20/20/20 18/18/18
f 552/552/552 551/551/551 550/550/550
f 553/553/553 552/552/552 550/550/550
f 553/553/553 550/550/550 554/554/554
f 552/552/552 553/553/553 555/555/555
f 556/556/556 552/552/552 555/555/555
f 555/555/555 553/553/553 557/557/557
f 558/558/558 553/553/553 554/554/554
f 553/553/553 558/558/558 557/557/557
f 558/558/558 554/554/554 559/559/559
f 557/557/557 558/558/558 560/560/560
f 561/561/561 558/558/558 559/559/559
f 558/558/558 561/561/561 560/560/560
f 561/561/561 559/559/559 562/562/562
f 560/560/560 561/561/561 563/563/563
f 564/564/564 561/561/561 562/562/562
f 561/561/561 564/564/564 563/563/563
f 567/567/567 566/566/566 565/565/565
f 566/566/566 568/568/568 565/565/565
f 566/566/566 569/569/569 568/568/568
f 569/569/569 570/570/570 568/568/568
f 569/569/569 571/571/571 570/570/570
f 571/571/571 572/572/572 570/570/570
f 574/574/574 573/573/573 572/572/572
f 571/571/571 574/574/574 572/572/572
f 537/537/537 536/536/536 575/575/575
f 576/576/576 537/537/537 575/575/575
f 576/576/576 575/575/575 577/577/577
f 578/578/578 576/576/576 577/577/577
f 537/537/537 576/576/576 579/579/579
f 538/538/538 537/537/537 579/579/579
f 579/579/579 576/576/576 580/580/580
f 576/576/576 578/578/578 580/580/580
f 580/580/580 578/578/578 581/581/581
f 578/578/578 582/582/582 581/581/581
f 585/585/585 584/584/584 583/583/583
f 586/586/586 585/585/585 583/583/583
f 586/586/586 587/587/587 585/585/585
f 587/587/587 586/586/586 588/588/588
f 589/589/589 587/587/587 588/588/588
f 587/587/587 589/589/589 590/590/590
f 591/591/591 587/587/587 590/590/590
f 587/587/587 591/591/591 592/592/592
f 587/587/587 593/593/593 585/585/585
f 594/594/594 587/587/587 592/592/592
f 593/593/593 587/587/587 595/595/595
f 593/593/593 595/595/595 596/596/596
f 587/587/587 597/597/597 595/595/595
f 597/597/597 587/587/587 598/598/598
f 587/587/587 599/599/599 598/598/598
f 599/599/599 587/587/587 600/600/600
f 587/587/587 601/601/601 600/600/600
f 587/587/587 594/594/594 602/602/602
f 601/601/601 587/587/587 602/602/602
f 602/602/602 594/594/594 603/603/603
f 601/601/601 602/602/602 604/604/604
f 602/602/602 603/603/603 604/604/604
f 593/593/593 596/596/596 584/584/584
f 585/585/585 593/593/593 584/584/584
f 595/595/595 605/605/605 596/596/596
f 595/595/595 597/597/597 605/605/605
f 597/597/597 606/606/606 605/605/605
f 609/609/609 608/608/608 607/607/607
f 608/608/608 610/610/610 607/607/607
f 608/608/608 611/611/611 610/610/610
f 611/611/611 612/612/612 610/610/610
f 611/611/611 613/613/613 612/612/612
f 613/613/613 614/614/614 612/612/612
f 613/613/613 615/615/615 614/614/614
f 615/615/615 616/616/616 614/614/614
f 616/616/616 617/617/617 614/614/614
f 617/617/617 618/618/618 614/614/614
f 614/614/614 618/618/618 612/612/612
f 618/618/618 619/619/619 612/612/612
f 594/594/594 620/620/620 603/603/603
f 594/594/594 592/592/592 620/620/620
f 592/592/592 621/621/621 620/620/620
f 591/591/591 622/622/622 621/621/621
f 592/592/592 591/591/591 621/621/621
f 625/625/625 624/624/624 623/623/623
f 624/624/624 626/626/626 623/623/623
f 624/624/624 627/627/627 626/626/626
f 627/627/627 628/628/628 626/626/626
f 628/628/628 627/627/627 629/629/629
f 630/630/630 628/628/628 629/629/629
f 629/629/629 631/631/631 630/630/630
f 631/631/631 632/632/632 630/630/630
f 632/632/632 633/633/633 630/630/630
f 633/633/633 634/634/634 630/630/630
f 630/630/630 634/634/634 628/628/628
f 634/634/634 635/635/635 628/628/628
f 638/638/638 637/637/637 636/636/636
f 639/639/639 638/638/638 636/636/636
f 639/639/639 636/636/636 635/635/635
f 640/640/640 639/639/639 635/635/635
f 635/635/635 634/634/634 640/640/640
f 634/634/634 641/641/641 640/640/640
f 641/641/641 634/634/634 633/633/633
f 642/642/642 641/641/641 633/633/633
f 645/645/645 644/644/644 643/643/643
f 646/646/646 645/645/645 643/643/643
f 645/645/645 646/646/646 647/647/647
f 648/648/648 645/645/645 647/647/647
f 649/649/649 648/648/648 647/647/647
f 650/650/650 649/649/649 647/647/647
f 646/646/646 643/643/643 651/651/651
f 652/652/652 650/650/650 647/647/647
f 653/653/653 646/646/646 651/651/651
f 646/646/646 653/653/653 647/647/647
f 653/653/653 651/651/651 654/654/654
f 655/655/655 652/652/652 647/647/647
f 653/653/653 656/656/656 647/647/647
f 656/656/656 653/653/653 654/654/654
f 656/656/656 657/657/657 647/647/647
f 656/656/656 654/654/654 658/658/658
f 657/657/657 656/656/656 658/658/658
f 652/652/652 655/655/655 659/659/659
f 657/657/657 660/660/660 647/647/647
f 660/660/660 661/661/661 647/647/647
f 661/661/661 662/662/662 647/647/647
f 655/655/655 663/663/663 659/659/659
f 662/662/662 664/664/664 647/647/647
f 655/655/655 665/665/665 663/663/663
f 665/665/665 655/655/655 647/647/647
f 665/665/665 666/666/666 663/663/663
f 667/667/667 665/665/665 647/647/647
f 665/665/665 667/667/667 666/666/666
f 664/664/664 667/667/667 647/647/647
f 667/667/667 668/668/668 666/666/666
f 667/667/667 664/664/664 668/668/668
f 664/664/664 669/669/669 668/668/668
f 671/671/671 670/670/670 617/617/617
f 670/670/670 618/618/618 617/617/617
f 670/670/670 672/672/672 618/618/618
f 672/672/672 619/619/619 618/618/618
f 672/672/672 673/673/673 619/619/619
f 673/673/673 674/674/674 619/619/619
f 673/673/673 675/675/675 674/674/674
f 675/675/675 676/676/676 674/674/674
f 677/677/677 633/633/633 632/632/632
f 678/678/678 677/677/677 632/632/632
f 681/681/681 680/680/680 679/679/679
f 21/21/21 681/681/681 679/679/679
f 22/22/22 681/681/681 21/21/21
f 676/676/676 683/683/683 682/682/682
f 607/607/607 676/676/676 682/682/682
f 674/674/674 676/676/676 607/607/607
f 610/610/610 674/674/674 607/607/607
f 619/619/619 674/674/674 610/610/610
f 612/612/612 619/619/619 610/610/610
f 684/684/684 617/617/617 616/616/616
f 685/685/685 684/684/684 616/616/616
f 688/688/688 687/687/687 686/686/686
f 689/689/689 688/688/688 686/686/686
f 690/690/690 688/688/688 689/689/689
f 691/691/691 690/690/690 689/689/689
f 637/637/637 693/693/693 692/692/692
f 623/623/623 637/637/637 692/692/692
f 636/636/636 637/637/637 623/623/623
f 626/626/626 636/636/636 623/623/623
f 635/635/635 636/636/636 626/626/626
f 628/628/628 635/635/635 626/626/626
f 694/694/694 26/26/26 24/24/24
f 26/26/26 694/694/694 695/695/695
f 695/695/695 694/694/694 696/696/696
f 694/694/694 697/697/697 696/696/696
f 696/696/696 697/697/697 698/698/698
f 697/697/697 699/699/699 698/698/698
f 698/698/698 699/699/699 700/700/700
f 699/699/699 701/701/701 700/700/700
f 700/700/700 701/701/701 702/702/702
f 701/701/701 703/703/703 702/702/702
f 704/704/704 26/26/26 695/695/695
f 702/702/702 703/703/703 705/705/705
f 706/706/706 26/26/26 704/704/704
f 26/26/26 706/706/706 25/25/25
f 706/706/706 27/27/27 25/25/25
f 707/707/707 706/706/706 704/704/704
f 706/706/706 29/29/29 27/27/27
f 29/29/29 706/706/706 707/707/707
f 708/708/708 29/29/29 707/707/707
f 709/709/709 29/29/29 708/708/708
f 29/29/29 709/709/709 28/28/28
f 709/709/709 710/710/710 28/28/28
f 711/711/711 709/709/709 708/708/708
f 712/712/712 709/709/709 711/711/711
f 713/713/713 712/712/712 711/711/711
f 714/714/714 712/712/712 713/713/713
f 715/715/715 714/714/714 713/713/713
f 716/716/716 714/714/714 715/715/715
f 717/717/717 716/716/716 715/715/715
f 718/718/718 716/716/716 717/717/717
f 719/719/719 718/718/718 717/717/717
f 720/720/720 718/718/718 719/719/719
f 718/718/718 720/720/720 721/721/721
f 722/722/722 720/720/720 719/719/719
f 720/720/720 723/723/723 721/721/721
f 724/724/724 720/720/720 722/722/722
f 720/720/720 724/724/724 723/723/723
f 725/725/725 724/724/724 722/722/722
f 724/724/724 726/726/726 723/723/723
f 727/727/727 724/724/724 725/725/725
f 724/724/724 727/727/727 726/726/726
f 705/705/705 727/727/727 725/725/725
f 727/727/727 728/728/728 726/726/726
f 703/703/703 727/727/727 705/705/705
f 727/727/727 703/703/703 728/728/728
f 703/703/703 729/729/729 728/728/728
f 540/540/540 539/539/539 730/730/730
f 539/539/539 731/731/731 730/730/730
f 731/731/731 539/539/539 538/538/538
f 732/732/732 731/731/731 538/538/538
f 732/732/732 538/538/538 579/579/579
f 733/733/733 732/732/732 579/579/579
f 733/733/733 579/579/579 580/580/580
f 734/734/734 733/733/733 580/580/580
f 736/736/736 735/735/735 563/563/563
f 735/735/735 560/560/560 563/563/563
f 735/735/735 737/737/737 560/560/560
f 737/737/737 557/557/557 560/560/560
f 737/737/737 738/738/738 557/557/557
f 738/738/738 555/555/555 557/557/557
f 738/738/738 739/739/739 555/555/555
f 739/739/739 556/556/556 555/555/555
f 742/742/742 741/741/741 740/740/740
f 743/743/743 742/742/742 740/740/740
f 744/744/744 742/742/742 743/743/743
f 745/745/745 744/744/744 743/743/743
f 564/564/564 747/747/747 746/746/746
f 563/563/563 564/564/564 746/746/746
f 748/748/748 552/552/552 556/556/556
f 749/749/749 748/748/748 556/556/556
f 752/752/752 751/751/751 750/750/750
f 753/753/753 752/752/752 750/750/750
f 754/754/754 752/752/752 753/753/753
f 755/755/755 754/754/754 753/753/753
f 757/757/757 543/543/543 756/756/756
f 758/758/758 757/757/757 756/756/756
f 759/759/759 757/757/757 758/758/758
f 760/760/760 759/759/759 758/758/758
f 761/761/761 759/759/759 760/760/760
f 762/762/762 761/761/761 760/760/760
f 573/573/573 761/761/761 762/762/762
f 763/763/763 573/573/573 762/762/762
f 756/756/756 543/543/543 764/764/764
f 543/543/543 544/544/544 764/764/764
f 764/764/764 544/544/544 765/765/765
f 544/544/544 548/548/548 765/765/765
f 765/765/765 548/548/548 766/766/766
f 548/548/548 18/18/18 766/766/766
f 766/766/766 18/18/18 767/767/767
f 18/18/18 19/19/19 767/767/767
f 572/572/572 573/573/573 763/763/763
f 768/768/768 572/572/572 763/763/763
f 570/570/570 572/572/572 768/768/768
f 769/769/769 570/570/570 768/768/768
f 568/568/568 570/570/570 769/769/769
f 770/770/770 568/568/568 769/769/769
f 565/565/565 568/568/568 770/770/770
f 771/771/771 565/565/565 770/770/770
f 767/767/767 19/19/19 772/772/772
f 19/19/19 773/773/773 772/772/772
f 772/772/772 773/773/773 774/774/774
f 773/773/773 775/775/775 774/774/774
f 774/774/774 775/775/775 776/776/776
f 775/775/775 777/777/777 776/776/776
f 776/776/776 777/777/777 771/771/771
f 777/777/777 565/565/565 771/771/771
f 780/780/780 779/779/779 778/778/778
f 778/778/778 779/779/779 781/781/781
f 782/782/782 780/780/780 778/778/778
f 779/779/779 783/783/783 781/781/781
f 784/784/784 780/780/780 782/782/782
f 781/781/781 783/783/783 785/785/785
f 786/786/786 784/784/784 782/782/782
f 783/783/783 787/787/787 785/785/785
f 788/788/788 784/784/784 786/786/786
f 785/785/785 787/787/787 789/789/789
f 789/789/789 788/788/788 786/786/786
f 787/787/787 788/788/788 789/789/789
f 792/792/792 791/791/791 790/790/790
f 791/791/791 793/793/793 790/790/790
f 791/791/791 794/794/794 793/793/793
f 790/790/790 795/795/795 792/792/792
f 795/795/795 796/796/796 792/792/792
f 794/794/794 797/797/797 793/793/793
f 794/794/794 798/798/798 797/797/797
f 796/796/796 795/795/795 799/799/799
f 800/800/800 796/796/796 799/799/799
f 798/798/798 801/801/801 797/797/797
f 798/798/798 802/802/802 801/801/801
f 800/800/800 799/799/799 803/803/803
f 804/804/804 800/800/800 803/803/803
f 802/802/802 805/805/805 801/801/801
f 802/802/802 806/806/806 805/805/805
f 804/804/804 803/803/803 807/807/807
f 808/808/808 804/804/804 807/807/807
f 806/806/806 809/809/809 805/805/805
f 806/806/806 810/810/810 809/809/809
f 808/808/808 807/807/807 811/811/811
f 812/812/812 808/808/808 811/811/811
f 810/810/810 813/813/813 809/809/809
f 810/810/810 814/814/814 813/813/813
f 812/812/812 811/811/811 815/815/815
f 816/816/816 812/812/812 815/815/815
f 814/814/814 817/817/817 813/813/813
f 814/814/814 818/818/818 817/817/817
f 816/816/816 815/815/815 819/819/819
f 820/820/820 816/816/816 819/819/819
f 818/818/818 820/820/820 821/821/821
f 818/818/818 821/821/821 817/817/817
f 820/820/820 819/819/819 821/821/821
f 811/811/811 807/807/807 822/822/822
f 823/823/823 811/811/811 822/822/822
f 815/815/815 811/811/811 823/823/823
f 822/822/822 807/807/807 824/824/824
f 825/825/825 815/815/815 823/823/823
f 819/819/819 815/815/815 825/825/825
f 807/807/807 803/803/803 824/824/824
f 826/826/826 819/819/819 825/825/825
f 821/821/821 819/819/819 826/826/826
f 824/824/824 803/803/803 827/827/827
f 828/828/828 821/821/821 826/826/826
f 817/817/817 821/821/821 828/828/828
f 803/803/803 799/799/799 827/827/827
f 829/829/829 817/817/817 828/828/828
f 827/827/827 799/799/799 830/830/830
f 813/813/813 817/817/817 829/829/829
f 799/799/799 795/795/795 830/830/830
f 831/831/831 813/813/813 829/829/829
f 830/830/830 795/795/795 832/832/832
f 809/809/809 813/813/813 831/831/831
f 795/795/795 790/790/790 832/832/832
f 833/833/833 809/809/809 831/831/831
f 832/832/832 790/790/790 834/834/834
f 805/805/805 809/809/809 833/833/833
f 790/790/790 793/793/793 834/834/834
f 835/835/835 805/805/805 833/833/833
f 834/834/834 793/793/793 836/836/836
f 801/801/801 805/805/805 835/835/835
f 793/793/793 797/797/797 836/836/836
f 837/837/837 801/801/801 835/835/835
f 836/836/836 797/797/797 837/837/837
f 797/797/797 801/801/801 837/837/837

