mtllib material.mtl
usemtl material_0
v -0.00049988 0.17000000 0.00050003
v -0.00049988 0.17000000 -0.00050011
v 0.00049988 0.17000000 -0.00050011
v 0.00049988 0.17000000 0.00050003
v 0.03749054 0.18760730 0.05837601
v 0.05998779 0.18751470 -0.06202209
v 0.05985168 0.18762130 0.05840057
v 0.03762634 0.18749940 -0.06204559
v 0.01255981 0.18758910 0.05834854
v 0.01268890 0.18748180 -0.06207214
v -0.01326294 0.18757150 0.05832016
v -0.01313965 0.18746390 -0.06209961
v -0.03820251 0.18755420 0.05829269
v -0.03807861 0.18744660 -0.06212601
v -0.06057251 0.18753910 0.05826813
v -0.06043945 0.18743130 -0.06214951
v 0.00451263 0.55288410 -0.00047371
v -0.00179688 0.56787280 0.00776276
v 0.00353241 0.56757330 0.00675400
v -0.00562012 0.58653160 0.01372055
v 0.00152527 0.58628440 0.01227737
v -0.01029083 0.62219990 0.03047180
v 0.00743103 0.56876400 0.00643677
v 0.00451263 0.55288410 -0.00047371
v 0.00736298 0.56882250 0.00584900
v 0.00706482 0.58889150 0.01233459
v 0.00696747 0.58908550 0.01159195
v 0.00684143 0.61721270 0.02444656
v 0.00668457 0.61762710 0.02354782
v 0.00696594 0.64877770 0.04742264
v 0.00682556 0.64926270 0.04656433
v 0.00909302 0.67164610 0.07335144
v 0.00893066 0.67222360 0.07260238
v 0.01004486 0.69154590 0.10172650
v 0.00982971 0.69216740 0.10100510
v 0.01060394 0.70657130 0.12504210
v 0.01041168 0.70721190 0.12435960
v 0.01147522 0.72520690 0.15375930
v 0.01128204 0.72583780 0.15306180
v 0.01192688 0.74338390 0.17972900
v 0.01174591 0.74404340 0.17909300
v 0.01225159 0.75242490 0.19798000
v 0.01206177 0.75317690 0.19755420
v 0.01320435 0.75667800 0.21765960
v 0.01302368 0.75747950 0.21745590
v 0.01373108 0.75880790 0.23432750
v 0.01352539 0.75961400 0.23409580
v 0.01414154 0.76317430 0.25228680
v 0.01393738 0.76392820 0.25186200
v 0.01385376 0.76680870 0.25968350
v 0.01359192 0.76741800 0.25897540
v 0.00882660 0.77749060 0.27239040
v 0.00855103 0.77800160 0.27157530
v 0.01385376 0.76680870 0.25968350
v 0.00387299 0.76911840 0.26553990
v 0.00882660 0.77749060 0.27239040
v 0.00943634 0.76604310 0.26006070
v 0.01414154 0.76317430 0.25228680
v 0.00918366 0.76224210 0.25240200
v 0.00330414 0.76423590 0.25839900
v 0.01373108 0.75880790 0.23432750
v 0.00773377 0.75780150 0.23366970
v 0.00098999 0.75828630 0.24063920
v 0.01320435 0.75667800 0.21765960
v 0.00646301 0.75555190 0.21674960
v 0.01225159 0.75242490 0.19798000
v -0.00052307 0.75576790 0.22350400
v 0.00500366 0.75090120 0.19691860
v 0.01192688 0.74338390 0.17972900
v 0.00399048 0.74076150 0.17832080
v 0.01147522 0.72520690 0.15375930
v -0.00205627 0.75220850 0.20433010
v 0.00272400 0.72255880 0.15219800
v 0.01060394 0.70657130 0.12504210
v -0.00411346 0.74369270 0.18474900
v 0.00141419 0.70296160 0.12195660
v 0.01004486 0.69154590 0.10172650
v -0.00628723 0.72456440 0.15777330
v -0.00752289 0.70269650 0.12415110
v 0.00037903 0.68622240 0.09635711
v 0.00909302 0.67164610 0.07335144
v -0.00863159 0.68363490 0.09504013
v -0.00064789 0.66630160 0.06896301
v 0.00696594 0.64877770 0.04742264
v -0.00956268 0.66394270 0.06837174
v -0.00148102 0.64576640 0.04643219
v 0.00684143 0.61721270 0.02444656
v -0.01002075 0.64565310 0.04838593
v -0.00093231 0.61801030 0.02623520
v 0.00706482 0.58889150 0.01233459
v 0.00451263 0.55288410 -0.00047371
v 0.00736298 0.56882250 0.00584900
v 0.00344910 0.56762340 0.00617249
v 0.00138306 0.58648200 0.01154053
v 0.00696747 0.58908550 0.01159195
v -0.00111999 0.61842960 0.02533188
v 0.00668457 0.61762710 0.02354782
v -0.00163086 0.64624710 0.04557297
v 0.00682556 0.64926270 0.04656433
v -0.00083618 0.66687450 0.06819076
v 0.00893066 0.67222360 0.07260238
v 0.00018555 0.68684020 0.09565002
v 0.00982971 0.69216740 0.10100510
v 0.00122192 0.70359560 0.12127290
v 0.01041168 0.70721190 0.12435960
v 0.00255463 0.72317740 0.15151960
v 0.01128204 0.72583780 0.15306180
v 0.00379486 0.74142610 0.17768220
v 0.01174591 0.74404340 0.17909300
v 0.00482117 0.75166970 0.19649050
v 0.01206177 0.75317690 0.19755420
v 0.00630219 0.75635940 0.21652800
v 0.01302368 0.75747950 0.21745590
v 0.00757812 0.75861150 0.23341450
v 0.01352539 0.75961400 0.23409580
v 0.00900574 0.76299210 0.25192140
v 0.01393738 0.76392820 0.25186200
v 0.00922668 0.76667030 0.25937150
v 0.01359192 0.76741800 0.25897540
v 0.00365967 0.76971730 0.26479640
v 0.00855103 0.77800160 0.27157530
v 0.00315125 0.76497930 0.25786850
v 0.00088318 0.75909840 0.24036710
v -0.00063721 0.75658520 0.22327970
v -0.00218597 0.75298230 0.20392320
v -0.00430328 0.74436380 0.18410800
v -0.00645721 0.72519550 0.15709460
v -0.00771362 0.70333620 0.12346770
v -0.00880615 0.68425190 0.09435058
v -0.00975464 0.66450540 0.06759567
v -0.01020569 0.64613380 0.04751099
v -0.01050659 0.62259790 0.02954330
v -0.00576965 0.58671670 0.01299820
v -0.00192688 0.56793050 0.00716370
v 0.00451263 0.55288410 -0.00047371
v 0.00451263 0.55288410 -0.00047371
v -0.00192688 0.56793050 0.00716370
v -0.00576965 0.58671670 0.01299820
v -0.00562012 0.58653160 0.01372055
v -0.01050659 0.62259790 0.02954330
v -0.01029083 0.62219990 0.03047180
v -0.01020569 0.64613380 0.04751099
v -0.01002075 0.64565310 0.04838593
v -0.00975464 0.66450540 0.06759567
v -0.00956268 0.66394270 0.06837174
v -0.00880615 0.68425190 0.09435058
v -0.00863159 0.68363490 0.09504013
v -0.00771362 0.70333620 0.12346770
v -0.00752289 0.70269650 0.12415110
v -0.00645721 0.72519550 0.15709460
v -0.00628723 0.72456440 0.15777330
v -0.00430328 0.74436380 0.18410800
v -0.00218597 0.75298230 0.20392320
v -0.00063721 0.75658520 0.22327970
v 0.00098999 0.75828630 0.24063920
v 0.00330414 0.76423590 0.25839900
v 0.00387299 0.76911840 0.26553990
v 0.00855103 0.77800160 0.27157530
v 0.00882660 0.77749060 0.27239040
v 0.00451294 0.55288400 -0.00047348
v 0.01524750 0.56405370 0.00099319
v 0.01359680 0.56414060 -0.00329445
v 0.02546844 0.57869020 0.00183578
v 0.02310394 0.57869540 -0.00395050
v 0.04852020 0.60556190 0.00082779
v 0.01316009 0.56551520 -0.00663582
v 0.00451294 0.55288400 -0.00047348
v 0.01271301 0.56563700 -0.00647041
v 0.02315002 0.58124320 -0.00885818
v 0.02258606 0.58151530 -0.00864311
v 0.03988281 0.60253750 -0.01246368
v 0.03925995 0.60300010 -0.01221039
v 0.06575622 0.62485430 -0.01737701
v 0.06516510 0.62537220 -0.01712952
v 0.09187378 0.63996430 -0.02386436
v 0.09141479 0.64054250 -0.02360596
v 0.11954220 0.65230820 -0.02955803
v 0.11912780 0.65291330 -0.02931908
v 0.14201050 0.66137050 -0.03402374
v 0.14159670 0.66197830 -0.03380371
v 0.16966640 0.67262620 -0.03970077
v 0.16925750 0.67323880 -0.03946235
v 0.19504420 0.68387800 -0.04461410
v 0.19470000 0.68450390 -0.04436180
v 0.21188630 0.68865000 -0.04828278
v 0.21164670 0.68931340 -0.04807892
v 0.22868990 0.69186580 -0.05231110
v 0.22856380 0.69256940 -0.05225517
v 0.24186130 0.69128590 -0.05554520
v 0.24202970 0.69198830 -0.05563721
v 0.25486020 0.68716230 -0.05859718
v 0.25513950 0.68779990 -0.05885910
v 0.26070070 0.68523250 -0.05999771
v 0.26088810 0.68589510 -0.06027115
v 0.27549560 0.68389790 -0.06263992
v 0.27555270 0.68456790 -0.06289741
v 0.26070070 0.68523250 -0.05999771
v 0.26875460 0.68600530 -0.05429779
v 0.27549560 0.68389790 -0.06263992
v 0.26202820 0.68592480 -0.05649170
v 0.25486020 0.68716230 -0.05859718
v 0.25605100 0.68792260 -0.05449509
v 0.26243840 0.68769190 -0.05136039
v 0.24186130 0.69128590 -0.05554520
v 0.24240170 0.69172780 -0.05034042
v 0.24924960 0.69156170 -0.04600754
v 0.22868990 0.69186580 -0.05231110
v 0.22878390 0.69135730 -0.04635384
v 0.23557430 0.69188280 -0.04159759
v 0.21188630 0.68865000 -0.04828278
v 0.21179530 0.68762970 -0.04187843
v 0.19504420 0.68387800 -0.04461410
v 0.21920230 0.68810020 -0.03718140
v 0.19448210 0.68195270 -0.03758301
v 0.16966640 0.67262620 -0.03970077
v 0.16913360 0.67067960 -0.03198936
v 0.14201050 0.66137050 -0.03402374
v 0.20167080 0.68346740 -0.03182282
v 0.14005590 0.65884920 -0.02569839
v 0.11954220 0.65230820 -0.02955803
v 0.17550720 0.67156350 -0.02529373
v 0.14313410 0.65834710 -0.01844643
v 0.11536470 0.64871530 -0.02042427
v 0.09187378 0.63996430 -0.02386436
v 0.11506870 0.64679010 -0.01254822
v 0.08854156 0.63622130 -0.01475647
v 0.06575622 0.62485430 -0.01737701
v 0.08884704 0.63437980 -0.00707016
v 0.06556122 0.62254990 -0.00996948
v 0.03988281 0.60253750 -0.01246368
v 0.06842560 0.62219700 -0.00304451
v 0.04264801 0.60276740 -0.00619507
v 0.02315002 0.58124320 -0.00885818
v 0.26088810 0.68589510 -0.06027115
v 0.27555270 0.68456790 -0.06289741
v 0.26886660 0.68666190 -0.05462768
v 0.26219060 0.68658450 -0.05681106
v 0.25513950 0.68779990 -0.05885910
v 0.25626770 0.68856440 -0.05482223
v 0.24202970 0.69198830 -0.05563721
v 0.24253540 0.69242830 -0.05049988
v 0.22856380 0.69256940 -0.05225517
v 0.26262360 0.68832680 -0.05171921
v 0.22866850 0.69205640 -0.04627754
v 0.21164670 0.68931340 -0.04807892
v 0.24934630 0.69226170 -0.04619385
v 0.23545290 0.69258740 -0.04152069
v 0.21155700 0.68829240 -0.04167793
v 0.19470000 0.68450390 -0.04436180
v 0.21894410 0.68876250 -0.03699707
v 0.19412840 0.68258540 -0.03736076
v 0.16925750 0.67323880 -0.03946235
v 0.20129000 0.68409920 -0.03162536
v 0.16870540 0.67129230 -0.03176735
v 0.14159670 0.66197830 -0.03380371
v 0.17511750 0.67217610 -0.02504013
v 0.13966030 0.65946740 -0.02546310
v 0.11912780 0.65291330 -0.02931908
v 0.14271880 0.65895420 -0.01822647
v 0.11494660 0.64931300 -0.02018295
v 0.09141479 0.64054250 -0.02360596
v 0.11466830 0.64738720 -0.01228859
v 0.08805847 0.63679090 -0.01450943
v 0.06516510 0.62537220 -0.01712952
v 0.08838043 0.63494720 -0.00680305
v 0.06496979 0.62306520 -0.00971497
v 0.03925995 0.60300010 -0.01221039
v 0.06781830 0.62270560 -0.00279678
v 0.04204407 0.60322890 -0.00590660
v 0.02258606 0.58151530 -0.00864311
v 0.04785309 0.60601880 0.00110794
v 0.02257965 0.57895020 -0.00371216
v 0.01271301 0.56563700 -0.00647041
v 0.02492493 0.57894670 0.00207718
v 0.01316009 0.56426070 -0.00312218
v 0.00451294 0.55288400 -0.00047348
v 0.01479401 0.56417630 0.00116501
v 0.00451294 0.55288400 -0.00047348
v 0.26875460 0.68600530 -0.05429779
v 0.27555270 0.68456790 -0.06289741
v 0.27549560 0.68389790 -0.06263992
v 0.26243840 0.68769190 -0.05136039
v 0.24924960 0.69156170 -0.04600754
v 0.24934630 0.69226170 -0.04619385
v 0.23557430 0.69188280 -0.04159759
v 0.23545290 0.69258740 -0.04152069
v 0.21894410 0.68876250 -0.03699707
v 0.20129000 0.68409920 -0.03162536
v 0.17550720 0.67156350 -0.02529373
v 0.17511750 0.67217610 -0.02504013
v 0.14313410 0.65834710 -0.01844643
v 0.14271880 0.65895420 -0.01822647
v 0.11506870 0.64679010 -0.01254822
v 0.11466830 0.64738720 -0.01228859
v 0.08884704 0.63437980 -0.00707016
v 0.08838043 0.63494720 -0.00680305
v 0.06842560 0.62219700 -0.00304451
v 0.06781830 0.62270560 -0.00279678
v 0.04852020 0.60556190 0.00082779
v 0.04785309 0.60601880 0.00110794
v 0.02546844 0.57869020 0.00183578
v 0.02492493 0.57894670 0.00207718
v 0.01524750 0.56405370 0.00099319
v 0.01479401 0.56417630 0.00116501
v 0.00451294 0.55288400 -0.00047348
v 0.00451263 0.55288410 -0.00047340
v 0.00180176 0.56694780 0.01060913
v -0.00164642 0.56577490 0.00836548
v -0.00685242 0.58265350 0.01923431
v -0.00219238 0.58495250 0.02312744
v -0.01691254 0.61031660 0.04180420
v -0.00923340 0.60917460 0.04376068
v -0.02775116 0.63259790 0.06861176
v -0.02095154 0.63431420 0.07459625
v -0.03842712 0.64746610 0.09530762
v -0.03219269 0.65055660 0.10558840
v -0.05131347 0.66071310 0.12586700
v -0.04564178 0.66360170 0.13689360
v -0.06328736 0.67128550 0.15383940
v -0.05688110 0.67312160 0.16206760
v -0.07744751 0.68715070 0.18701930
v -0.07052307 0.68843420 0.19310850
v -0.01377991 0.58335510 0.01713318
v -0.00674683 0.56624150 0.00672272
v 0.00451263 0.55288410 -0.00047340
v -0.02722443 0.61442030 0.04245392
v -0.03614319 0.63305160 0.06614990
v -0.04584778 0.64633700 0.08969604
v -0.05844574 0.65952660 0.11955230
v -0.07212860 0.67159500 0.15125340
v -0.08782104 0.68875810 0.18754610
v -0.09758728 0.69021890 0.21360560
v -0.08746399 0.69054500 0.21123230
v -0.10444670 0.68500750 0.23318390
v -0.09496673 0.68649450 0.22986540
v -0.10951780 0.67790470 0.24730930
v -0.08129028 0.69068100 0.21718350
v -0.10116450 0.67977450 0.24625120
v -0.11143800 0.66977160 0.25457030
v -0.08922027 0.68635450 0.23500580
v -0.09553314 0.67947450 0.25046020
v -0.10406890 0.67291470 0.25504580
v -0.11038120 0.65399500 0.25762630
v -0.09890076 0.67264020 0.25841860
v -0.10442720 0.65863340 0.25886380
v -0.09994018 0.65817590 0.26127620
v -0.10994200 0.64619280 0.25835540
v -0.10451350 0.65144200 0.25984860
v -0.10054990 0.65124050 0.26197790
v -0.10530460 0.63567560 0.26106350
v -0.08897033 0.68557690 0.23468990
v -0.08922027 0.68635450 0.23500580
v -0.08118622 0.68982000 0.21716250
v -0.09517547 0.67879300 0.24991490
v -0.09553314 0.67947450 0.25046020
v -0.07066223 0.68762270 0.19348210
v -0.09836975 0.67223440 0.25752230
v -0.05688110 0.67312160 0.16206760
v -0.09890076 0.67264020 0.25841860
v -0.05709686 0.67237050 0.16255520
v -0.09941620 0.65807000 0.26033200
v -0.04564178 0.66360170 0.13689360
v -0.09994018 0.65817590 0.26127620
v -0.04582947 0.66284760 0.13736360
v -0.10007510 0.65117820 0.26100070
v -0.03219269 0.65055660 0.10558840
v -0.10054990 0.65124050 0.26197790
v -0.10485350 0.63561860 0.26004360
v -0.10530460 0.63567560 0.26106350
v -0.03240997 0.64982580 0.10609710
v -0.02095154 0.63431420 0.07459625
v -0.02122681 0.63365730 0.07519317
v -0.00923340 0.60917460 0.04376068
v -0.00952209 0.60857700 0.04442810
v -0.00219238 0.58495250 0.02312744
v -0.00244659 0.58458980 0.02375122
v 0.00180176 0.56694780 0.01060913
v 0.00158691 0.56676500 0.01109192
v 0.00451263 0.55288410 -0.00047340
v -0.00185761 0.56559890 0.00887054
v -0.00709564 0.58231070 0.01987488
v -0.00244659 0.58458980 0.02375122
v -0.01718536 0.60971140 0.04248840
v -0.00952209 0.60857700 0.04442810
v -0.02803100 0.63193660 0.06924225
v -0.02122681 0.63365730 0.07519317
v -0.03863159 0.64674450 0.09579621
v -0.03240997 0.64982580 0.10609710
v -0.05149048 0.65995510 0.12631710
v -0.04582947 0.66284760 0.13736360
v -0.06347046 0.67054390 0.15428680
v -0.05709686 0.67237050 0.16255520
v -0.07757629 0.68632860 0.18735230
v -0.07066223 0.68762270 0.19348210
v -0.08741699 0.68969350 0.21115300
v -0.08118622 0.68982000 0.21716250
v -0.09480743 0.68570710 0.22949430
v -0.08897033 0.68557690 0.23468990
v -0.10089540 0.67910200 0.24563810
v -0.09517547 0.67879300 0.24991490
v -0.10364380 0.67254500 0.25407470
v -0.09836975 0.67223440 0.25752230
v -0.10401250 0.65852060 0.25785800
v -0.09941620 0.65807000 0.26033200
v -0.10407320 0.65138060 0.25882140
v -0.10007510 0.65117820 0.26100070
v -0.10953830 0.64613290 0.25731380
v -0.10485350 0.63561860 0.26004360
v -0.11007450 0.65389530 0.25658750
v -0.11115170 0.66941220 0.25358670
v -0.10933170 0.67724270 0.24664120
v -0.10438110 0.68422870 0.23276950
v -0.09761230 0.68936440 0.21350650
v -0.08794311 0.68794160 0.18784760
v -0.07230072 0.67083680 0.15172390
v -0.05863250 0.65876280 0.12002900
v -0.04604950 0.64560510 0.09019073
v -0.03640228 0.63239100 0.06675720
v -0.02748291 0.61382790 0.04315033
v -0.01400757 0.58301440 0.01778686
v -0.00694458 0.56606690 0.00723785
v 0.00451263 0.55288410 -0.00047340
v -0.08782104 0.68875810 0.18754610
v -0.07230072 0.67083680 0.15172390
v -0.07212860 0.67159500 0.15125340
v -0.09758728 0.69021890 0.21360560
v -0.05863250 0.65876280 0.12002900
v -0.05844574 0.65952660 0.11955230
v -0.10444670 0.68500750 0.23318390
v -0.04604950 0.64560510 0.09019073
v -0.04584778 0.64633700 0.08969604
v -0.10951780 0.67790470 0.24730930
v -0.03640228 0.63239100 0.06675720
v -0.03614319 0.63305160 0.06614990
v -0.11143800 0.66977160 0.25457030
v -0.02748291 0.61382790 0.04315033
v -0.02722443 0.61442030 0.04245392
v -0.11038120 0.65399500 0.25762630
v -0.01400757 0.58301440 0.01778686
v -0.01377991 0.58335510 0.01713318
v -0.10994200 0.64619280 0.25835540
v -0.00674683 0.56624150 0.00672272
v 0.00451263 0.55288410 -0.00047340
v -0.10530460 0.63567560 0.26106350
v -0.10485350 0.63561860 0.26004360
v 0.00451294 0.55288410 -0.00047340
v -0.00555267 0.56742210 -0.00106339
v -0.00369751 0.56665710 0.00300430
v -0.01327118 0.58594940 0.00332092
v -0.01058472 0.58429830 0.00868057
v -0.03140808 0.61912220 0.01444122
v -0.00279907 0.56734160 0.00653580
v 0.00451294 0.55288410 -0.00047340
v -0.00233368 0.56748920 0.00639542
v -0.00976959 0.58583450 0.01407272
v -0.00918793 0.58614700 0.01390137
v -0.02244659 0.61122970 0.02541519
v -0.02177429 0.61175610 0.02523758
v -0.04396027 0.63866170 0.03979553
v -0.04330231 0.63925270 0.03964370
v -0.06673950 0.65720980 0.05338028
v -0.06618042 0.65787450 0.05328827
v -0.09155731 0.67294160 0.06552124
v -0.09105774 0.67364340 0.06542129
v -0.11190730 0.68464590 0.07488220
v -0.11142490 0.68536390 0.07481597
v -0.13694490 0.69914420 0.08657715
v -0.13644960 0.69985500 0.08651016
v -0.15975920 0.71332180 0.09733658
v -0.15932590 0.71406300 0.09726135
v -0.17492580 0.71879180 0.10350310
v -0.17453980 0.71956480 0.10344730
v -0.18795200 0.72504680 0.10978910
v -0.18754060 0.72580170 0.10973570
v -0.19827030 0.72991590 0.11459050
v -0.19794530 0.73069880 0.11448970
v -0.21091400 0.73343720 0.11971040
v -0.21071380 0.73426330 0.11962680
v -0.21752040 0.73467960 0.12168000
v -0.21737430 0.73550080 0.12156220
v -0.23370510 0.73688780 0.12207310
v -0.23356600 0.73771030 0.12200350
v -0.21752040 0.73467960 0.12168000
v -0.22477910 0.73508640 0.11487670
v -0.23370510 0.73688780 0.12207310
v -0.21826200 0.73444270 0.11790650
v -0.21091400 0.73343720 0.11971040
v -0.21161770 0.73323920 0.11534520
v -0.19827030 0.72991590 0.11459050
v -0.21768890 0.73400560 0.11205410
v -0.19896700 0.72980350 0.10926480
v -0.18795200 0.72504680 0.10978910
v -0.18876490 0.72499920 0.10379000
v -0.17492580 0.71879180 0.10350310
v -0.20498900 0.73133880 0.10529300
v -0.17549260 0.71914850 0.09705292
v -0.15975920 0.71332180 0.09733658
v -0.19457760 0.72743790 0.09968704
v -0.18257080 0.72155180 0.09316772
v -0.15997560 0.71293770 0.08989456
v -0.13694490 0.69914420 0.08657715
v -0.16713230 0.71642330 0.08546493
v -0.13721370 0.69870840 0.07848114
v -0.11190730 0.68464590 0.07488220
v -0.14379240 0.70202760 0.07293122
v -0.11092830 0.68355970 0.06583664
v -0.09155731 0.67294160 0.06552124
v -0.11450650 0.68506730 0.05897735
v -0.08864074 0.67057870 0.05512344
v -0.06673950 0.65720980 0.05338028
v -0.08916870 0.67024480 0.04688354
v -0.06463958 0.65475270 0.04309326
v -0.04396027 0.63866170 0.03979553
v -0.06575684 0.65453880 0.03510681
v -0.04460632 0.63778450 0.03190765
v -0.02244659 0.61122970 0.02541519
v -0.04792663 0.63935460 0.02539169
v -0.02558044 0.61342260 0.01976593
v -0.00976959 0.58583450 0.01407272
v -0.21737430 0.73550080 0.12156220
v -0.23356600 0.73771030 0.12200350
v -0.22463810 0.73591580 0.11479310
v -0.21811740 0.73527710 0.11779630
v -0.21071380 0.73426330 0.11962680
v -0.21142360 0.73406110 0.11527130
v -0.21750760 0.73483030 0.11196590
v -0.19794530 0.73069880 0.11448970
v -0.19865480 0.73059770 0.10916810
v -0.20469540 0.73213890 0.10525180
v -0.18754060 0.72580170 0.10973570
v -0.18837000 0.72575980 0.10372620
v -0.17453980 0.71956480 0.10344730
v -0.19419770 0.72821020 0.09960861
v -0.17511020 0.71991680 0.09700195
v -0.15932590 0.71406300 0.09726135
v -0.15954500 0.71368250 0.08985840
v -0.13644960 0.69985500 0.08651016
v -0.18218690 0.72232070 0.09316925
v -0.13671810 0.69941940 0.07843063
v -0.11142490 0.68536390 0.07481597
v -0.16669490 0.71717190 0.08540893
v -0.14330170 0.70274140 0.07282806
v -0.11044490 0.68427740 0.06577087
v -0.09105774 0.67364340 0.06542129
v -0.11402250 0.68578470 0.05891128
v -0.08813690 0.67128440 0.05504471
v -0.06618042 0.65787450 0.05328827
v -0.08866455 0.67095010 0.04680343
v -0.06407684 0.65542070 0.04301895
v -0.04330231 0.63925270 0.03964370
v -0.06519226 0.65520470 0.03500259
v -0.04394867 0.63836800 0.03177154
v -0.02177429 0.61175610 0.02523758
v -0.04727173 0.63994510 0.02524872
v -0.02490692 0.61395930 0.01959305
v -0.00918793 0.58614700 0.01390137
v -0.03070526 0.61963920 0.01426056
v -0.01001251 0.58457050 0.00848740
v -0.00233368 0.56748920 0.00639542
v -0.01269836 0.58623430 0.00313583
v -0.00323425 0.56678240 0.00284485
v 0.00451294 0.55288410 -0.00047340
v -0.00509583 0.56755890 -0.00126099
v 0.00451294 0.55288410 -0.00047340
v -0.22477910 0.73508640 0.11487670
v -0.23356600 0.73771030 0.12200350
v -0.23370510 0.73688780 0.12207310
v -0.22463810 0.73591580 0.11479310
v -0.21750760 0.73483030 0.11196590
v -0.20469540 0.73213890 0.10525180
v -0.19457760 0.72743790 0.09968704
v -0.18257080 0.72155180 0.09316772
v -0.16713230 0.71642330 0.08546493
v -0.16669490 0.71717190 0.08540893
v -0.14379240 0.70202760 0.07293122
v -0.14330170 0.70274140 0.07282806
v -0.11450650 0.68506730 0.05897735
v -0.11402250 0.68578470 0.05891128
v -0.08916870 0.67024480 0.04688354
v -0.08866455 0.67095010 0.04680343
v -0.06575684 0.65453880 0.03510681
v -0.06519226 0.65520470 0.03500259
v -0.04792663 0.63935460 0.02539169
v -0.04727173 0.63994510 0.02524872
v -0.03140808 0.61912220 0.01444122
v -0.03070526 0.61963920 0.01426056
v -0.01327118 0.58594940 0.00332092
v -0.01269836 0.58623430 0.00313583
v -0.00509583 0.56755890 -0.00126099
v 0.00451294 0.55288410 -0.00047340
v 0.00576965 0.55672070 -0.00218773
v 0.01830505 0.58241060 0.00287048
v 0.01830749 0.58174280 -0.00235497
v 0.02394165 0.60128300 0.00333283
v 0.02391815 0.60063980 -0.00194763
v 0.03460846 0.62482960 0.00379105
v 0.01895569 0.58344000 -0.00626541
v 0.00576965 0.55672070 -0.00218773
v 0.01838592 0.58356020 -0.00631485
v 0.02491089 0.60267060 -0.00610962
v 0.02436096 0.60285420 -0.00613640
v 0.03298370 0.62083650 -0.00582573
v 0.03244080 0.62109930 -0.00585915
v 0.04894165 0.64581870 -0.00505867
v 0.04844787 0.64616190 -0.00510071
v 0.06644409 0.66570730 -0.00462845
v 0.06602325 0.66610680 -0.00465752
v 0.08459564 0.68267210 -0.00314919
v 0.08418366 0.68309870 -0.00316879
v 0.09922302 0.69504370 -0.00175651
v 0.09885345 0.69548560 -0.00177383
v 0.11724790 0.70970710 -0.00015472
v 0.11688260 0.71014650 -0.00017181
v 0.13369480 0.72330290 0.00137451
v 0.13332030 0.72374650 0.00135651
v 0.14475130 0.73300240 0.00259071
v 0.14436370 0.73342820 0.00257278
v 0.15614170 0.74369630 0.00380287
v 0.15573820 0.74410180 0.00378387
v 0.16556580 0.75323580 0.00502770
v 0.16512390 0.75363860 0.00500725
v 0.17595760 0.76431030 0.00628708
v 0.17553070 0.76470260 0.00626625
v 0.18043150 0.76925610 0.00696747
v 0.17997130 0.76963410 0.00694801
v 0.18818210 0.77833250 0.01029083
v 0.18771730 0.77870600 0.01027260
v 0.18043150 0.76925610 0.00696747
v 0.18288480 0.77239910 0.01266960
v 0.18818210 0.77833250 0.01029083
v 0.18008640 0.76903980 0.00935966
v 0.17595760 0.76431030 0.00628708
v 0.17541810 0.76385090 0.00896858
v 0.17832370 0.76727520 0.01253777
v 0.16556580 0.75323580 0.00502770
v 0.16445400 0.75228920 0.00817810
v 0.16768280 0.75583710 0.01236389
v 0.15614170 0.74369630 0.00380287
v 0.15481690 0.74258630 0.00733551
v 0.15782130 0.74578030 0.01165070
v 0.14475130 0.73300240 0.00259071
v 0.14325810 0.73184750 0.00637985
v 0.14675080 0.73520370 0.01076797
v 0.13369480 0.72330290 0.00137451
v 0.13177180 0.72190080 0.00554710
v 0.13482540 0.72468660 0.01031448
v 0.11724790 0.70970710 -0.00015472
v 0.11520630 0.70826190 0.00440994
v 0.11758060 0.71038160 0.00962860
v 0.09922302 0.69504370 -0.00175651
v 0.09618378 0.69278610 0.00292564
v 0.09643402 0.69317310 0.00787765
v 0.08459564 0.68267210 -0.00314919
v 0.07999694 0.67891990 0.00163895
v 0.07805236 0.67736330 0.00635979
v 0.06644409 0.66570730 -0.00462845
v 0.06235413 0.66183130 0.00031395
v 0.06079529 0.66042260 0.00505951
v 0.04894165 0.64581870 -0.00505867
v 0.04714172 0.64382950 -0.00056633
v 0.04734192 0.64436710 0.00413452
v 0.03298370 0.62083650 -0.00582573
v 0.03309143 0.62162440 -0.00138298
v 0.02491089 0.60267060 -0.00610962
v 0.00576965 0.55672070 -0.00218773
v 0.01838592 0.58356020 -0.00631485
v 0.01773590 0.58186420 -0.00239143
v 0.02336700 0.60082780 -0.00196732
v 0.02436096 0.60285420 -0.00613640
v 0.03257446 0.62189450 -0.00140999
v 0.03244080 0.62109930 -0.00585915
v 0.04667053 0.64416590 -0.00060234
v 0.04844787 0.64616190 -0.00510071
v 0.06193024 0.66221730 0.00028893
v 0.06602325 0.66610680 -0.00465752
v 0.07960754 0.67933900 0.00162247
v 0.08418366 0.68309870 -0.00316879
v 0.09581329 0.69322670 0.00291115
v 0.09885345 0.69548560 -0.00177383
v 0.11484070 0.70871190 0.00439362
v 0.11688260 0.71014650 -0.00017181
v 0.13139770 0.72233310 0.00552940
v 0.13332030 0.72374650 0.00135651
v 0.14286930 0.73227240 0.00636139
v 0.14436370 0.73342820 0.00257278
v 0.15438720 0.74299650 0.00731659
v 0.15573820 0.74410180 0.00378387
v 0.16403620 0.75268600 0.00815788
v 0.16512390 0.75363860 0.00500725
v 0.17499020 0.76423740 0.00894714
v 0.17553070 0.76470260 0.00626625
v 0.17967560 0.76941780 0.00933960
v 0.17997130 0.76963410 0.00694801
v 0.18247350 0.77277070 0.01264938
v 0.18771730 0.77870600 0.01027260
v 0.17789460 0.76766060 0.01251648
v 0.16726410 0.75622800 0.01234367
v 0.15744020 0.74618970 0.01163162
v 0.14638550 0.73562280 0.01074966
v 0.13445070 0.72512390 0.01029678
v 0.11723910 0.71083130 0.00961265
v 0.09606323 0.69361390 0.00786514
v 0.07766083 0.67778130 0.00634666
v 0.06036926 0.66081150 0.00503868
v 0.04687103 0.64470330 0.00410500
v 0.03409149 0.62508950 0.00377083
v 0.02339050 0.60147200 0.00331970
v 0.01773407 0.58253120 0.00285004
v 0.00576965 0.55672070 -0.00218773
v 0.00576965 0.55672070 -0.00218773
v 0.01773407 0.58253120 0.00285004
v 0.01830505 0.58241060 0.00287048
v 0.02339050 0.60147200 0.00331970
v 0.02394165 0.60128300 0.00333283
v 0.03409149 0.62508950 0.00377083
v 0.03460846 0.62482960 0.00379105
v 0.04687103 0.64470330 0.00410500
v 0.04734192 0.64436710 0.00413452
v 0.06036926 0.66081150 0.00503868
v 0.06079529 0.66042260 0.00505951
v 0.07766083 0.67778130 0.00634666
v 0.07805236 0.67736330 0.00635979
v 0.09606323 0.69361390 0.00786514
v 0.09643402 0.69317310 0.00787765
v 0.11723910 0.71083130 0.00961265
v 0.11758060 0.71038160 0.00962860
v 0.13445070 0.72512390 0.01029678
v 0.13482540 0.72468660 0.01031448
v 0.14638550 0.73562280 0.01074966
v 0.14675080 0.73520370 0.01076797
v 0.15744020 0.74618970 0.01163162
v 0.15782130 0.74578030 0.01165070
v 0.16726410 0.75622800 0.01234367
v 0.16768280 0.75583710 0.01236389
v 0.17789460 0.76766060 0.01251648
v 0.17832370 0.76727520 0.01253777
v 0.18247350 0.77277070 0.01264938
v 0.18288480 0.77239910 0.01266960
v 0.18771730 0.77870600 0.01027260
v 0.18818210 0.77833250 0.01029083
v 0.00451294 0.55288410 -0.00047340
v 0.00285095 0.56830750 -0.00837181
v -0.00046722 0.56760910 -0.00428131
v -0.00165832 0.58728410 -0.01117310
v -0.00598907 0.58592220 -0.00567505
v -0.01566315 0.62337020 -0.01930908
v -0.00350006 0.56849010 -0.00136444
v 0.00451294 0.55288410 -0.00047340
v -0.00309540 0.56857230 -0.00094429
v -0.01077454 0.58792040 -0.00174126
v -0.01024902 0.58816080 -0.00120270
v -0.02367767 0.61531890 -0.00518097
v -0.02308105 0.61576240 -0.00454475
v -0.04477508 0.64680640 -0.01651978
v -0.04418884 0.64729170 -0.01581970
v -0.06733643 0.66922580 -0.03065430
v -0.06682464 0.66980610 -0.03005920
v -0.08995087 0.68901700 -0.04799774
v -0.08948089 0.68964920 -0.04741905
v -0.10812320 0.70401820 -0.06262329
v -0.10767030 0.70466360 -0.06211540
v -0.13067200 0.72258870 -0.08056465
v -0.13021000 0.72321830 -0.08001648
v -0.15109680 0.74058040 -0.09673462
v -0.15067050 0.74124530 -0.09620430
v -0.16429230 0.74881450 -0.10873450
v -0.16400760 0.74959260 -0.10838380
v -0.17732020 0.75303470 -0.12184940
v -0.17716740 0.75384250 -0.12162870
v -0.18759670 0.75564380 -0.13324520
v -0.18741240 0.75645850 -0.13297230
v -0.19903930 0.76055760 -0.14517800
v -0.19870210 0.76130570 -0.14479430
v -0.20382750 0.76438750 -0.15008270
v -0.20328430 0.76499540 -0.14952480
v -0.20987120 0.77596660 -0.16063690
v -0.20924260 0.77648600 -0.16006130
v -0.20382750 0.76438750 -0.15008270
v -0.20028200 0.76854010 -0.16014190
v -0.20987120 0.77596660 -0.16063690
v -0.20060180 0.76442160 -0.15324280
v -0.19903930 0.76055760 -0.14517800
v -0.19517460 0.76051480 -0.14849030
v -0.19466030 0.76368250 -0.15616060
v -0.18759670 0.75564380 -0.13324520
v -0.18253600 0.75565640 -0.13669820
v -0.18159360 0.75757570 -0.14586000
v -0.17732020 0.75303470 -0.12184940
v -0.17150270 0.75307170 -0.12562560
v -0.17022920 0.75468900 -0.13486930
v -0.16429230 0.74881450 -0.10873450
v -0.15791020 0.74862220 -0.11271880
v -0.15109680 0.74058040 -0.09673462
v -0.15727750 0.75111720 -0.12239780
v -0.14365840 0.73953620 -0.10102910
v -0.13067200 0.72258870 -0.08056465
v -0.12257020 0.72151600 -0.08527549
v -0.10812320 0.70401820 -0.06262329
v -0.14219540 0.74361430 -0.11045010
v -0.09853516 0.70206250 -0.06664764
v -0.08995087 0.68901700 -0.04799774
v -0.11968840 0.72518040 -0.09469429
v -0.09308990 0.70343190 -0.07389343
v -0.07818756 0.68544010 -0.05086365
v -0.06733643 0.66922580 -0.03065430
v -0.07005951 0.68393030 -0.05599213
v -0.05610779 0.66566430 -0.03432800
v -0.04477508 0.64680640 -0.01651978
v -0.04852569 0.66486680 -0.03981354
v -0.03716827 0.64535310 -0.02155479
v -0.02367767 0.61531890 -0.00518097
v -0.03192688 0.64679230 -0.02831329
v -0.01909485 0.61733750 -0.01115204
v -0.01077454 0.58792040 -0.00174126
v -0.03132629 0.64727670 -0.02768433
v -0.01499298 0.62380180 -0.01865601
v -0.04798828 0.66544480 -0.03926613
v -0.00165832 0.58728410 -0.01117310
v -0.04852569 0.66486680 -0.03981354
v -0.00109650 0.58751700 -0.01071968
v -0.06955780 0.68455460 -0.05549988
v 0.00285095 0.56830750 -0.00837181
v 0.00329437 0.56836380 -0.00798271
v 0.00451294 0.55288410 -0.00047340
v -0.07005951 0.68393030 -0.05599213
v -0.09262054 0.70406930 -0.07333740
v -0.09308990 0.70343190 -0.07389343
v -0.11922120 0.72581850 -0.09418526
v -0.11968840 0.72518040 -0.09469429
v -0.14178620 0.74429520 -0.10995420
v -0.15705600 0.75189270 -0.12202220
v -0.17013860 0.75549130 -0.13456280
v -0.17022920 0.75468900 -0.13486930
v -0.18145810 0.75837790 -0.14549960
v -0.18159360 0.75757570 -0.14586000
v -0.19434600 0.76439540 -0.15567330
v -0.19466030 0.76368250 -0.15616060
v -0.19975220 0.76913050 -0.15959560
v -0.20028200 0.76854010 -0.16014190
v -0.20924260 0.77648600 -0.16006130
v -0.20987120 0.77596660 -0.16063690
v -0.18237730 0.75645920 -0.13640420
v -0.19484890 0.76124960 -0.14808260
v -0.17137790 0.75388500 -0.12537970
v -0.17013860 0.75549130 -0.13456280
v -0.15766020 0.74940460 -0.11235930
v -0.15705600 0.75189270 -0.12202220
v -0.14324370 0.74020880 -0.10050410
v -0.14178620 0.74429520 -0.10995420
v -0.12210170 0.72215120 -0.08470215
v -0.11922120 0.72581850 -0.09418526
v -0.09806702 0.70270630 -0.06612030
v -0.09262054 0.70406930 -0.07333740
v -0.07770172 0.68605870 -0.05032745
v -0.06955780 0.68455460 -0.05549988
v -0.05558319 0.66625270 -0.03371605
v -0.04798828 0.66544480 -0.03926613
v -0.03657410 0.64583740 -0.02086090
v -0.03132629 0.64727670 -0.02768433
v -0.01846985 0.61778660 -0.01050171
v -0.01499298 0.62380180 -0.01865601
v -0.00545654 0.58614330 -0.00520287
v -0.00109650 0.58751700 -0.01071968
v -0.00005127 0.56768530 -0.00388763
v 0.00329437 0.56836380 -0.00798271
v 0.00451294 0.55288410 -0.00047340
v -0.00309540 0.56857230 -0.00094429
v 0.00451294 0.55288410 -0.00047340
v -0.01024902 0.58816080 -0.00120270
v -0.02308105 0.61576240 -0.00454475
v -0.04418884 0.64729170 -0.01581970
v -0.06682464 0.66980610 -0.03005920
v -0.08948089 0.68964920 -0.04741905
v -0.10767030 0.70466360 -0.06211540
v -0.13021000 0.72321830 -0.08001648
v -0.15067050 0.74124530 -0.09620430
v -0.16400760 0.74959260 -0.10838380
v -0.17716740 0.75384250 -0.12162870
v -0.18741240 0.75645850 -0.13297230
v -0.19870210 0.76130570 -0.14479430
v -0.20008390 0.76503570 -0.15266910
v -0.20328430 0.76499540 -0.14952480
v -0.20924260 0.77648600 -0.16006130
v 0.00639252 0.55512830 -0.00067917
v 0.00456970 0.57560960 -0.00647476
v 0.00560577 0.57448360 -0.00752274
v 0.00575073 0.59780170 -0.01164139
v 0.00478546 0.59698450 -0.01032364
v 0.00547394 0.61932020 -0.01594399
v 0.00384613 0.57958220 -0.00628982
v 0.00639252 0.55512830 -0.00067917
v 0.00402557 0.59895310 -0.00987778
v 0.00456818 0.61868300 -0.01470352
v 0.00439850 0.64965500 -0.02256607
v 0.00376831 0.64547320 -0.02067825
v 0.00290405 0.67664500 -0.02899124
v 0.00375366 0.62126490 -0.01445389
v 0.00226196 0.67599150 -0.02800919
v 0.00138306 0.69875130 -0.03467514
v 0.00305450 0.64453600 -0.01962486
v 0.00140076 0.67884360 -0.02799057
v 0.00058655 0.70073720 -0.03443253
v -0.00051270 0.72061780 -0.04067459
v -0.00129089 0.72258380 -0.04056267
v -0.00247620 0.73854340 -0.04607620
v -0.00052765 0.70597860 -0.03513443
v -0.00298645 0.73821660 -0.04530190
v -0.00475922 0.75470570 -0.05136490
v -0.00237518 0.72710840 -0.04121681
v -0.00384644 0.74062620 -0.04544876
v -0.00500549 0.75299670 -0.05015945
v -0.00675903 0.76563410 -0.05521988
v -0.00570862 0.75428520 -0.05004677
v -0.00683960 0.76374730 -0.05401680
v -0.00821045 0.77243830 -0.05779373
v -0.00747528 0.76480110 -0.05389061
v -0.00817230 0.77044420 -0.05653862
v -0.00958984 0.77845700 -0.06023338
v -0.00957092 0.77678820 -0.05908897
v -0.01091583 0.78358790 -0.06245765
v -0.00871246 0.77122390 -0.05643509
v -0.01082275 0.78190860 -0.06125297
v -0.01255463 0.78891630 -0.06484543
v -0.01006897 0.77744770 -0.05896042
v -0.01125916 0.78242690 -0.06112465
v -0.01239288 0.78743280 -0.06377426
v -0.01271851 0.78768000 -0.06356468
v -0.01330719 0.79113980 -0.06588150
v -0.01312042 0.78975090 -0.06485489
v -0.01338043 0.78988130 -0.06465355
v -0.01443207 0.79368790 -0.06688545
v -0.00897064 0.77107350 -0.05662796
v -0.00773163 0.76466070 -0.05411736
v -0.01031952 0.77729540 -0.05920616
v -0.00570862 0.75428520 -0.05004677
v -0.01006897 0.77744770 -0.05896042
v -0.00596771 0.75415780 -0.05027702
v -0.01151093 0.78225650 -0.06133690
v -0.00384644 0.74062620 -0.04544876
v -0.01125916 0.78242690 -0.06112465
v -0.00410767 0.74050450 -0.04568191
v -0.01296722 0.78749780 -0.06377029
v -0.00237518 0.72710840 -0.04121681
v -0.01271851 0.78768000 -0.06356468
v -0.00263641 0.72699800 -0.04145645
v -0.01362366 0.78968170 -0.06485702
v -0.01338043 0.78988130 -0.06465355
v -0.01467194 0.79349170 -0.06708946
v -0.01443207 0.79368790 -0.06688545
v -0.00078827 0.70589280 -0.03535118
v 0.00114685 0.67876010 -0.02827072
v 0.00305450 0.64453600 -0.01962486
v 0.00279358 0.64445610 -0.01990128
v 0.00348206 0.62120360 -0.01466873
v 0.00375946 0.59890980 -0.01015213
v 0.00384613 0.57958220 -0.00628982
v 0.00357910 0.57953400 -0.00656548
v 0.00639252 0.55512830 -0.00067917
v 0.00429565 0.57557020 -0.00671669
v 0.00451508 0.59692670 -0.01059402
v 0.00375946 0.59890980 -0.01015213
v 0.00429413 0.61862270 -0.01494255
v 0.00348206 0.62120360 -0.01466873
v 0.00349579 0.64540900 -0.02089073
v 0.00279358 0.64445610 -0.01990128
v 0.00199921 0.67590170 -0.02825455
v 0.00114685 0.67876010 -0.02827072
v 0.00032593 0.70064590 -0.03470268
v -0.00078827 0.70589280 -0.03535118
v -0.00155792 0.72249020 -0.04079605
v -0.00263641 0.72699800 -0.04145645
v -0.00325440 0.73810410 -0.04552994
v -0.00410767 0.74050450 -0.04568191
v -0.00527008 0.75287060 -0.05038559
v -0.00596771 0.75415780 -0.05027702
v -0.00710266 0.76360760 -0.05421127
v -0.00773163 0.76466070 -0.05411736
v -0.00842712 0.77029450 -0.05678627
v -0.00897064 0.77107350 -0.05662796
v -0.00982361 0.77662830 -0.05933212
v -0.01031952 0.77729540 -0.05920616
v -0.01107605 0.78173850 -0.06146286
v -0.01151093 0.78225650 -0.06133690
v -0.01264191 0.78724950 -0.06397903
v -0.01296722 0.78749780 -0.06377029
v -0.01336487 0.78955200 -0.06505729
v -0.01362366 0.78968170 -0.06485702
v -0.01355164 0.79094720 -0.06608353
v -0.01467194 0.79349170 -0.06708946
v -0.01280457 0.78872530 -0.06504867
v -0.01117401 0.78341620 -0.06263626
v -0.00984467 0.77829750 -0.06047500
v -0.00847015 0.77228830 -0.05800918
v -0.00701935 0.76548730 -0.05546737
v -0.00502777 0.75458010 -0.05158462
v -0.00275268 0.73842510 -0.04626785
v -0.00078156 0.72051870 -0.04093185
v 0.00111389 0.69866170 -0.03491066
v 0.00263214 0.67655650 -0.02920113
v 0.00412354 0.64959250 -0.02280167
v 0.00519470 0.61925350 -0.01617714
v 0.00547211 0.59775330 -0.01187668
v 0.00532806 0.57444550 -0.00776138
v 0.00639252 0.55512830 -0.00067917
v -0.01443207 0.79368790 -0.06688545
v -0.01467194 0.79349170 -0.06708946
v -0.01355164 0.79094720 -0.06608353
v -0.01330719 0.79113980 -0.06588150
v -0.01255463 0.78891630 -0.06484543
v -0.01091583 0.78358790 -0.06245765
v -0.00958984 0.77845700 -0.06023338
v -0.00847015 0.77228830 -0.05800918
v -0.00821045 0.77243830 -0.05779373
v -0.00701935 0.76548730 -0.05546737
v -0.00675903 0.76563410 -0.05521988
v -0.00502777 0.75458010 -0.05158462
v -0.00475922 0.75470570 -0.05136490
v -0.00275268 0.73842510 -0.04626785
v -0.00247620 0.73854340 -0.04607620
v -0.00078156 0.72051870 -0.04093185
v -0.00051270 0.72061780 -0.04067459
v 0.00111389 0.69866170 -0.03491066
v 0.00138306 0.69875130 -0.03467514
v 0.00263214 0.67655650 -0.02920113
v 0.00290405 0.67664500 -0.02899124
v 0.00412354 0.64959250 -0.02280167
v 0.00439850 0.64965500 -0.02256607
v 0.00519470 0.61925350 -0.01617714
v 0.00547394 0.61932020 -0.01594399
v 0.00547211 0.59775330 -0.01187668
v 0.00575073 0.59780170 -0.01164139
v 0.00532806 0.57444550 -0.00776138
v 0.00560577 0.57448360 -0.00752274
v 0.00639252 0.55512830 -0.00067917
v 0.00451294 0.55288400 -0.00047348
v -0.00086517 0.56542640 0.00132736
v -0.00139465 0.56704710 -0.00277161
v -0.00582275 0.58446380 -0.00336601
v -0.00436279 0.58123500 0.00211372
v -0.01834106 0.61517890 -0.00330147
v -0.00090210 0.56607480 0.00496071
v 0.00451294 0.55288400 -0.00047348
v -0.00479462 0.58307140 0.00736122
v -0.01455139 0.60875680 0.00350533
v -0.03268646 0.63468040 -0.00206139
v -0.01380432 0.60745280 0.01029495
v -0.03028412 0.63247110 0.00453789
v -0.05061828 0.64625090 -0.00156929
v -0.03169494 0.63414840 0.01193924
v -0.04956116 0.64541910 0.00527969
v -0.07422119 0.65618280 -0.00129547
v -0.07363647 0.65465820 0.00557762
v -0.09894348 0.67113550 -0.00137047
v -0.05424255 0.64676110 0.01357887
v -0.09502655 0.66930200 0.00561111
v -0.12711210 0.68565310 -0.00126366
v -0.07883728 0.65735360 0.01370903
v -0.09772827 0.67262900 0.01343735
v -0.12085820 0.68453470 0.00571976
v -0.15046110 0.69372550 0.00006798
v -0.12222230 0.68640460 0.01329834
v -0.14423310 0.69262080 0.00636955
v -0.05478363 0.64618060 0.01355644
v -0.07939270 0.65677880 0.01371254
v -0.07883728 0.65735360 0.01370903
v -0.03242951 0.63370200 0.01190834
v -0.01380432 0.60745280 0.01029495
v -0.01460632 0.60713360 0.01028923
v -0.00479462 0.58307140 0.00736122
v -0.00548767 0.58293410 0.00736496
v -0.00090210 0.56607480 0.00496071
v -0.00143738 0.56604790 0.00495491
v 0.00451294 0.55288400 -0.00047348
v -0.00136932 0.56540470 0.00134499
v -0.00500549 0.58108840 0.00214676
v -0.00548767 0.58293410 0.00736496
v -0.01535339 0.60842730 0.00353546
v -0.01460632 0.60713360 0.01028923
v -0.03104675 0.63202520 0.00451691
v -0.03242951 0.63370200 0.01190834
v -0.05007080 0.64483510 0.00521667
v -0.05478363 0.64618060 0.01355644
v -0.07414489 0.65408310 0.00553741
v -0.00646728 0.58430490 -0.00329498
v -0.00188110 0.56700550 -0.00272598
v 0.00451294 0.55288400 -0.00047348
v -0.01917541 0.61486800 -0.00323586
v -0.03340027 0.63423190 -0.00207283
v -0.05112152 0.64567320 -0.00166443
v -0.07471924 0.65560160 -0.00137962
v -0.03268646 0.63468040 -0.00206139
v -0.01834106 0.61517890 -0.00330147
v -0.05061828 0.64625090 -0.00156929
v -0.00646728 0.58430490 -0.00329498
v -0.05112152 0.64567320 -0.00166443
v -0.00582275 0.58446380 -0.00336601
v -0.07422119 0.65618280 -0.00129547
v -0.00139465 0.56704710 -0.00277161
v 0.00451294 0.55288400 -0.00047348
v -0.09894348 0.67113550 -0.00137047
v -0.09951965 0.67058320 -0.00129143
v -0.12711210 0.68565310 -0.00126366
v -0.09562317 0.66876250 0.00568657
v -0.12756990 0.68505400 -0.00108376
v -0.09836181 0.67209460 0.01353073
v -0.09772827 0.67262900 0.01343735
v -0.12129090 0.68393890 0.00589043
v -0.15078280 0.69305590 0.00008385
v -0.12270750 0.68579740 0.01346146
v -0.12270750 0.68579740 0.01346146
v -0.14586000 0.69280840 0.01332481
v -0.14454350 0.69193940 0.00641609
v -0.16746950 0.69774750 0.00041771
v -0.14586000 0.69280840 0.01332481
v -0.14560210 0.69346890 0.01317093
v -0.16193300 0.69590900 0.01265778
v -0.16123660 0.69463910 0.00643761
v -0.18331110 0.70001570 -0.00024460
v -0.16193300 0.69590900 0.01265778
v -0.17732360 0.69976810 0.00578247
v -0.19797000 0.70043130 -0.00073479
v -0.17810910 0.70013980 0.01160362
v -0.19202150 0.69862620 0.00500877
v -0.21223690 0.70254720 -0.00030563
v -0.19250670 0.69885810 0.01024986
v -0.20747130 0.70182790 0.00452827
v -0.20741420 0.70195880 0.00897339
v -0.21874270 0.70362050 0.00036675
v -0.21426050 0.70225780 0.00433716
v -0.21387450 0.70269790 0.00830856
v -0.22375000 0.70732120 0.00384140
v -0.21351040 0.70336480 0.00814400
v -0.22322270 0.70787320 0.00362457
v -0.20723970 0.70264360 0.00891067
v -0.20741420 0.70195880 0.00897339
v -0.19241090 0.69957010 0.01019188
v -0.19250670 0.69885810 0.01024986
v -0.17798980 0.70084760 0.01150139
v -0.17810910 0.70013980 0.01160362
v -0.16163820 0.69657930 0.01251884
v -0.16097290 0.69531470 0.00640884
v -0.16163820 0.69657930 0.01251884
v -0.16721070 0.69841260 0.00051414
v -0.17722900 0.70048910 0.00581085
v -0.17798980 0.70084760 0.01150139
v -0.18322510 0.70072240 -0.00008713
v -0.19197570 0.69934990 0.00506638
v -0.19241090 0.69957010 0.01019188
v -0.19791440 0.70113030 -0.00057098
v -0.20733400 0.70251770 0.00454246
v -0.20723970 0.70264360 0.00891067
v -0.21206670 0.70322870 -0.00020180
v -0.21397090 0.70294740 0.00425934
v -0.21351040 0.70336480 0.00814400
v -0.21840330 0.70429600 0.00032326
v -0.22322270 0.70787320 0.00362457
v -0.15078280 0.69305590 0.00008385
v -0.19797000 0.70043130 -0.00073479
v -0.21223690 0.70254720 -0.00030563
v -0.21874270 0.70362050 0.00036675
v -0.22322270 0.70787320 0.00362457
v -0.22375000 0.70732120 0.00384140
v 0.05205963 0.75372280 -0.03385147
v 0.05379303 0.75711070 -0.03417908
v 0.05270752 0.75500770 -0.03340515
v 0.05204590 0.75369400 -0.03355148
v 0.05112427 0.75182320 -0.03350388
v 0.05107117 0.75170360 -0.03317428
v 0.05175201 0.75308750 -0.03303192
v 0.04902557 0.74727340 -0.03273918
v 0.04888184 0.74694010 -0.03228012
v 0.04959778 0.74852880 -0.03206482
v 0.04718719 0.74297580 -0.03202583
v 0.04701080 0.74254350 -0.03149460
v 0.04768188 0.74411430 -0.03127289
v 0.04500488 0.73761340 -0.03112579
v 0.04480224 0.73709120 -0.03053871
v 0.04555878 0.73895570 -0.03032074
v 0.04286041 0.73210320 -0.03020248
v 0.04258606 0.73135270 -0.02951149
v 0.04328064 0.73313040 -0.02922966
v 0.03928680 0.72215530 -0.02793503
v 0.03989044 0.72381820 -0.02752830
v 0.03959656 0.72308250 -0.02873321
v 0.03519775 0.70952560 -0.02585053
v 0.03538299 0.71000380 -0.02520607
v 0.03575928 0.71137550 -0.02686844
v 0.03131500 0.69619720 -0.02369728
v 0.03095612 0.69474300 -0.02268921
v 0.03232239 0.69982130 -0.02507828
v 0.04315796 0.73199080 -0.03023102
v 0.03989685 0.72297150 -0.02876388
v 0.04529449 0.73749510 -0.03110504
v 0.03606232 0.71127960 -0.02690086
v 0.04500488 0.73761340 -0.03112579
v 0.04747497 0.74285840 -0.03200409
v 0.04718719 0.74297580 -0.03202583
v 0.04931061 0.74714330 -0.03271774
v 0.04902557 0.74727340 -0.03273918
v 0.05140838 0.75168530 -0.03350662
v 0.05112427 0.75182320 -0.03350388
v 0.05234100 0.75358000 -0.03385055
v 0.05205963 0.75372280 -0.03385147
v 0.05407349 0.75697180 -0.03417656
v 0.05379303 0.75711070 -0.03417908
v 0.03262543 0.69974030 -0.02508507
v 0.02748230 0.68183880 -0.02228996
v 0.02779022 0.68175380 -0.02231834
v 0.02644440 0.67763630 -0.02075470
v 0.02196380 0.65888950 -0.01859024
v 0.02227112 0.65882520 -0.01859215
v 0.01585480 0.62996020 -0.01406738
v 0.01616363 0.62989700 -0.01407860
v 0.01230621 0.61046120 -0.01101921
v 0.01261627 0.61040630 -0.01103798
v 0.00949036 0.59165520 -0.00811508
v 0.00980225 0.59161100 -0.00813553
v 0.00765533 0.57549390 -0.00567314
v 0.00796692 0.57546340 -0.00565811
v 0.00639252 0.55512830 -0.00067947
v 0.02149963 0.65672240 -0.01737259
v 0.01585480 0.62996020 -0.01406738
v 0.02614105 0.67619980 -0.01967743
v 0.01609863 0.63104000 -0.01329163
v 0.01230621 0.61046120 -0.01101921
v 0.02174408 0.65752530 -0.01660957
v 0.01694275 0.63490070 -0.01284073
v 0.01203857 0.60852220 -0.00977585
v 0.00949036 0.59165520 -0.00811508
v 0.01228943 0.60937810 -0.00870277
v 0.00936005 0.59021190 -0.00691070
v 0.00765533 0.57549390 -0.00567314
v 0.00962036 0.59128590 -0.00580833
v 0.00743958 0.57238520 -0.00417374
v 0.00639252 0.55512830 -0.00067947
v 0.00752563 0.57175390 -0.00270889
v 0.00639252 0.55512830 -0.00067947
v 0.02644287 0.67611370 -0.01967003
v 0.03126099 0.69465480 -0.02273407
v 0.02205048 0.65745950 -0.01662491
v 0.03538299 0.71000380 -0.02520607
v 0.02174408 0.65752530 -0.01660957
v 0.03568207 0.70991280 -0.02522758
v 0.01725006 0.63484160 -0.01286415
v 0.03989044 0.72381820 -0.02752830
v 0.01694275 0.63490070 -0.01284073
v 0.01259582 0.60932180 -0.00870773
v 0.01228943 0.60937810 -0.00870277
v 0.00993317 0.59124070 -0.00586487
v 0.00962036 0.59128590 -0.00580833
v 0.00783997 0.57171420 -0.00276466
v 0.00752563 0.57175390 -0.00270889
v 0.00639252 0.55512830 -0.00067947
v 0.04018738 0.72370570 -0.02754425
v 0.04328064 0.73313040 -0.02922966
v 0.04357696 0.73301590 -0.02926727
v 0.04555878 0.73895570 -0.03032074
v 0.04585357 0.73883630 -0.03035454
v 0.04768188 0.74411430 -0.03127289
v 0.04796875 0.74399570 -0.03125587
v 0.04959778 0.74852880 -0.03206482
v 0.04988708 0.74839720 -0.03209724
v 0.05175201 0.75308750 -0.03303192
v 0.05203278 0.75295480 -0.03301140
v 0.05270752 0.75500770 -0.03340515
v 0.05299103 0.75486400 -0.03342995
v 0.05379303 0.75711070 -0.03417908
v 0.05407349 0.75697180 -0.03417656
v 0.03958648 0.72205640 -0.02797081
v 0.04288025 0.73123970 -0.02951965
v 0.04509216 0.73697260 -0.03051971
v 0.04729797 0.74241920 -0.03147575
v 0.04916656 0.74681000 -0.03226044
v 0.05135467 0.75156540 -0.03317711
v 0.03550049 0.70943550 -0.02588943
v 0.03568207 0.70991280 -0.02522758
v 0.03161743 0.69610900 -0.02371155
v 0.03126099 0.69465480 -0.02273407
v 0.02674713 0.67756350 -0.02073990
v 0.02644287 0.67611370 -0.01967003
v 0.02180664 0.65665110 -0.01738045
v 0.02205048 0.65745950 -0.01662491
v 0.01640717 0.63097540 -0.01330902
v 0.01725006 0.63484160 -0.01286415
v 0.01234772 0.60846050 -0.00980064
v 0.01259582 0.60932180 -0.00870773
v 0.00967071 0.59017320 -0.00693619
v 0.00993317 0.59124070 -0.00586487
v 0.00775360 0.57235550 -0.00419006
v 0.00783997 0.57171420 -0.00276466
v 0.00639252 0.55512830 -0.00067947
v 0.00796692 0.57546340 -0.00565811
v 0.00639252 0.55512830 -0.00067947
v 0.00980225 0.59161100 -0.00813553
v 0.01261627 0.61040630 -0.01103798
v 0.01616363 0.62989700 -0.01407860
v 0.02227112 0.65882520 -0.01859215
v 0.02779022 0.68175380 -0.02231834
v 0.03262543 0.69974030 -0.02508507
v 0.03606232 0.71127960 -0.02690086
v 0.03989685 0.72297150 -0.02876388
v 0.04315796 0.73199080 -0.03023102
v 0.04529449 0.73749510 -0.03110504
v 0.04747497 0.74285840 -0.03200409
v 0.04931061 0.74714330 -0.03271774
v 0.05140838 0.75168530 -0.03350662
v 0.05232757 0.75355700 -0.03355255
v 0.05234100 0.75358000 -0.03385055
v 0.05407349 0.75697180 -0.03417656
v 0.00639252 0.55512830 -0.00067947
v 0.01053070 0.57663890 0.00011536
v 0.00944092 0.57344290 0.00097366
v 0.01069397 0.59145340 -0.00095474
v 0.01167297 0.59297290 -0.00154350
v 0.01230927 0.60978040 -0.00234772
v 0.01336487 0.61173530 -0.00290420
v 0.01466644 0.63262360 -0.00346222
v 0.01540771 0.63165870 -0.00383499
v 0.01771332 0.65896060 -0.00412216
v 0.01877930 0.66125300 -0.00451210
v 0.02043518 0.68044750 -0.00419937
v 0.02181702 0.68483810 -0.00451103
v 0.02301727 0.69957470 -0.00378647
v 0.02427734 0.70338490 -0.00394096
v 0.00968048 0.59258220 -0.00049377
v 0.00820984 0.57282350 0.00169952
v 0.00639252 0.55512830 -0.00067947
v 0.01134003 0.61074600 -0.00186066
v 0.01415344 0.63644680 -0.00310860
v 0.01701721 0.65972040 -0.00375030
v 0.01947906 0.67890040 -0.00380531
v 0.02210602 0.69800870 -0.00346855
v 0.02444824 0.71381120 -0.00278160
v 0.02502533 0.71337620 -0.00313019
v 0.02676697 0.72819510 -0.00162994
v 0.02709930 0.72651590 -0.00209465
v 0.02855896 0.73797860 -0.00058426
v 0.02597229 0.71534870 -0.00327362
v 0.02875916 0.73615430 -0.00104782
v 0.02973633 0.74412370 0.00028030
v 0.02785339 0.72753050 -0.00228607
v 0.02941711 0.73698280 -0.00119850
v 0.02984985 0.74220060 -0.00023148
v 0.03076233 0.74959560 0.00115967
v 0.03040588 0.74279250 -0.00034760
v 0.03090851 0.74796840 0.00066940
v 0.03168396 0.75429050 0.00202789
v 0.03141357 0.74846380 0.00054108
v 0.03178985 0.75264610 0.00149780
v 0.03276489 0.75919180 0.00307144
v 0.03222473 0.75302820 0.00140884
v 0.03282379 0.75773050 0.00256058
v 0.03315521 0.75788590 0.00246048
v 0.03323303 0.76127030 0.00356949
v 0.03327515 0.75987760 0.00304337
v 0.03354980 0.75993330 0.00296188
v 0.03404175 0.76357260 0.00403336
v 0.03354980 0.75993330 0.00296188
v 0.03416443 0.76346760 0.00428330
v 0.03404175 0.76357260 0.00403336
v 0.03367187 0.75984390 0.00323624
v 0.03315521 0.75788590 0.00246048
v 0.03328400 0.75779710 0.00271042
v 0.03222473 0.75302820 0.00140884
v 0.03235443 0.75295420 0.00166183
v 0.03141357 0.74846380 0.00054108
v 0.03153870 0.74839200 0.00084579
v 0.03040588 0.74279250 -0.00034760
v 0.03053406 0.74273320 -0.00006760
v 0.02941711 0.73698280 -0.00119850
v 0.02954315 0.73693070 -0.00089195
v 0.02785339 0.72753050 -0.00228607
v 0.02798096 0.72748790 -0.00197838
v 0.02610748 0.71530940 -0.00301514
v 0.02440826 0.70336150 -0.00365662
v 0.02181702 0.68483810 -0.00451103
v 0.02194488 0.68482370 -0.00422409
v 0.01877930 0.66125300 -0.00451210
v 0.01890595 0.66124080 -0.00422432
v 0.01540771 0.63165870 -0.00383499
v 0.01554474 0.63166070 -0.00357422
v 0.01336487 0.61173530 -0.00290420
v 0.01350250 0.61173930 -0.00259720
v 0.01167297 0.59297290 -0.00154350
v 0.01181183 0.59298690 -0.00123695
v 0.01053070 0.57663890 0.00011536
v 0.01066284 0.57665900 0.00042435
v 0.00639252 0.55512830 -0.00067947
v 0.00958038 0.57347610 0.00125534
v 0.01084198 0.59147370 -0.00070129
v 0.01181183 0.59298690 -0.00123695
v 0.01245575 0.60978390 -0.00209213
v 0.01350250 0.61173930 -0.00259720
v 0.01480774 0.63261200 -0.00320366
v 0.01554474 0.63166070 -0.00357422
v 0.01784607 0.65894810 -0.00383614
v 0.01890595 0.66124080 -0.00422432
v 0.02056915 0.68042650 -0.00391434
v 0.02194488 0.68482370 -0.00422409
v 0.02315247 0.69954490 -0.00347885
v 0.02440826 0.70336150 -0.00365662
v 0.02516144 0.71333040 -0.00282440
v 0.02610748 0.71530940 -0.00301514
v 0.02723511 0.72646640 -0.00181427
v 0.02798096 0.72748790 -0.00197838
v 0.02889374 0.73610170 -0.00079224
v 0.02954315 0.73693070 -0.00089195
v 0.02998047 0.74214100 0.00004761
v 0.03053406 0.74273320 -0.00006760
v 0.03103882 0.74788950 0.00094757
v 0.03153870 0.74839200 0.00084579
v 0.03192169 0.75256000 0.00174896
v 0.03235443 0.75295420 0.00166183
v 0.03295044 0.75764040 0.00283478
v 0.03328400 0.75779710 0.00271042
v 0.03339630 0.75978830 0.00334168
v 0.03367187 0.75984390 0.00323624
v 0.03335632 0.76116790 0.00384338
v 0.03416443 0.76346760 0.00428330
v 0.03289276 0.75910780 0.00334488
v 0.03181396 0.75420870 0.00230301
v 0.03089722 0.74952870 0.00141235
v 0.02987244 0.74405700 0.00053299
v 0.02869232 0.73791900 -0.00028015
v 0.02691040 0.72814460 -0.00137711
v 0.02459045 0.71377770 -0.00248016
v 0.02225159 0.69797870 -0.00321342
v 0.01961884 0.67887940 -0.00352440
v 0.01715362 0.65970730 -0.00344238
v 0.01430054 0.63644110 -0.00285278
v 0.01148773 0.61074280 -0.00158272
v 0.00982727 0.59259590 -0.00019226
v 0.00836243 0.57284830 0.00195038
v 0.00639252 0.55512830 -0.00067947
v 0.03404175 0.76357260 0.00403336
v 0.03416443 0.76346760 0.00428330
v 0.03335632 0.76116790 0.00384338
v 0.03323303 0.76127030 0.00356949
v 0.03289276 0.75910780 0.00334488
v 0.03276489 0.75919180 0.00307144
v 0.03168396 0.75429050 0.00202789
v 0.03076233 0.74959560 0.00115967
v 0.02973633 0.74412370 0.00028030
v 0.02869232 0.73791900 -0.00028015
v 0.02855896 0.73797860 -0.00058426
v 0.02691040 0.72814460 -0.00137711
v 0.02676697 0.72819510 -0.00162994
v 0.02459045 0.71377770 -0.00248016
v 0.02444824 0.71381120 -0.00278160
v 0.02225159 0.69797870 -0.00321342
v 0.02210602 0.69800870 -0.00346855
v 0.01961884 0.67887940 -0.00352440
v 0.01947906 0.67890040 -0.00380531
v 0.01715362 0.65970730 -0.00344238
v 0.01701721 0.65972040 -0.00375030
v 0.01430054 0.63644110 -0.00285278
v 0.01415344 0.63644680 -0.00310860
v 0.01148773 0.61074280 -0.00158272
v 0.01134003 0.61074600 -0.00186066
v 0.00982727 0.59259590 -0.00019226
v 0.00968048 0.59258220 -0.00049377
v 0.00836243 0.57284830 0.00195038
v 0.00820984 0.57282350 0.00169952
v 0.00639252 0.55512830 -0.00067947
v 0.00829712 0.55703410 -0.00067474
v 0.00790497 0.58940770 -0.01200317
v 0.00267395 0.58820700 -0.00904694
v 0.00465698 0.61241130 -0.01440605
v -0.00060425 0.61126540 -0.01140991
v -0.00167175 0.64156270 -0.02098122
v -0.00167877 0.58999930 -0.00704590
v 0.00829712 0.55703410 -0.00067474
v -0.00139008 0.59007480 -0.00642822
v -0.00542114 0.61347330 -0.00954475
v -0.00511200 0.61363390 -0.00897308
v -0.01026428 0.63593890 -0.01439392
v -0.00999390 0.63619040 -0.01381134
v -0.01945496 0.66739770 -0.02618172
v -0.01922394 0.66774330 -0.02562813
v -0.02983581 0.69296260 -0.04018554
v -0.02962097 0.69338780 -0.03967712
v -0.03947632 0.71520950 -0.05604278
v -0.03928314 0.71567710 -0.05554108
v -0.04704376 0.73161320 -0.06918121
v -0.04684876 0.73210120 -0.06872192
v -0.05645569 0.75111960 -0.08538093
v -0.05626282 0.75160450 -0.08492515
v -0.06496460 0.76918830 -0.10013400
v -0.06477783 0.76966480 -0.09964546
v -0.07053100 0.78201270 -0.11010620
v -0.07033661 0.78247960 -0.10960430
v -0.07628875 0.79604200 -0.12017400
v -0.07608551 0.79648290 -0.11965930
v -0.08085418 0.80850600 -0.12852970
v -0.08063293 0.80892320 -0.12802900
v -0.08601654 0.82289040 -0.13758300
v -0.08577820 0.82330050 -0.13710230
v -0.08806702 0.82928800 -0.14153500
v -0.08784424 0.82969310 -0.14099440
v -0.08951934 0.84117030 -0.14954640
v -0.08929321 0.84155660 -0.14900370
v -0.08806702 0.82928800 -0.14153500
v -0.08389129 0.83371510 -0.14676350
v -0.08951934 0.84117030 -0.14954640
v -0.08547089 0.82917740 -0.14266760
v -0.08601654 0.82289040 -0.13758300
v -0.08298126 0.82247300 -0.13868920
v -0.08119873 0.82712130 -0.14311100
v -0.08085418 0.80850600 -0.12852970
v -0.07702759 0.80749300 -0.12948010
v -0.07480346 0.81235780 -0.13449000
v -0.07628875 0.79604200 -0.12017400
v -0.07194458 0.79483720 -0.12111760
v -0.06946868 0.79928460 -0.12612010
v -0.07053100 0.78201270 -0.11010620
v -0.06582825 0.78075460 -0.11104060
v -0.06355865 0.78543880 -0.11651890
v -0.06496460 0.76918830 -0.10013400
v -0.05963135 0.76761390 -0.10094060
v -0.05671997 0.77161280 -0.10628220
v -0.05645569 0.75111960 -0.08538093
v -0.05063171 0.74952530 -0.08630645
v -0.04684967 0.75267930 -0.09135986
v -0.04704376 0.73161320 -0.06918121
v -0.04049164 0.72893470 -0.06933380
v -0.03567932 0.72979050 -0.07243347
v -0.03947632 0.71520950 -0.05604278
v -0.03187500 0.71059510 -0.05500458
v -0.02595001 0.70887880 -0.05614075
v -0.02983581 0.69296260 -0.04018554
v -0.02235504 0.68827310 -0.03976928
v -0.01665253 0.68677320 -0.04130157
v -0.01945496 0.66739770 -0.02618172
v -0.01383698 0.66516740 -0.02740517
v -0.00924988 0.66617170 -0.03028046
v -0.01026428 0.63593890 -0.01439392
v -0.00588928 0.63722000 -0.01703033
v -0.00542114 0.61347330 -0.00954475
v -0.08784424 0.82969310 -0.14099440
v -0.08929321 0.84155660 -0.14900370
v -0.08365784 0.83410600 -0.14624880
v -0.08524902 0.82956960 -0.14212680
v -0.08577820 0.82330050 -0.13710230
v -0.08274262 0.82288210 -0.13820750
v -0.08097107 0.82753550 -0.14260160
v -0.08063293 0.80892320 -0.12802900
v -0.07680573 0.80791560 -0.12897870
v -0.07458099 0.81277920 -0.13398860
v -0.07608551 0.79648290 -0.11965930
v -0.07171814 0.79527720 -0.12065540
v -0.06925293 0.79972330 -0.12563090
v -0.07033661 0.78247960 -0.10960430
v -0.06561188 0.78121400 -0.11059190
v -0.06335174 0.78590370 -0.11604260
v -0.06477783 0.76966480 -0.09964546
v -0.05943359 0.76809590 -0.10047650
v -0.05652161 0.77208220 -0.10581910
v -0.05626282 0.75160450 -0.08492515
v -0.05043762 0.75001080 -0.08585144
v -0.04665466 0.75316410 -0.09090546
v -0.04684876 0.73210120 -0.06872192
v -0.04029266 0.72942080 -0.06887542
v -0.03547790 0.73027720 -0.07197670
v -0.03928314 0.71567710 -0.05554108
v -0.03167816 0.71105440 -0.05450226
v -0.02573730 0.70933620 -0.05566528
v -0.02962097 0.69338780 -0.03967712
v -0.02213440 0.68868820 -0.03926048
v -0.01642639 0.68718570 -0.04079346
v -0.01922394 0.66774330 -0.02562813
v -0.01359924 0.66551770 -0.02685371
v -0.00901611 0.66651570 -0.02970611
v -0.00999390 0.63619040 -0.01381134
v -0.00561279 0.63746810 -0.01645134
v -0.00137695 0.64181170 -0.02043304
v -0.00511200 0.61363390 -0.00897308
v -0.00029907 0.61142570 -0.01081535
v 0.00498047 0.61257950 -0.01384209
v -0.00139008 0.59007480 -0.00642822
v 0.00297607 0.58827210 -0.00843475
v 0.00829712 0.55703410 -0.00067474
v 0.00822296 0.58949170 -0.01140068
v 0.00829712 0.55703410 -0.00067474
v -0.08389129 0.83371510 -0.14676350
v -0.08929321 0.84155660 -0.14900370
v -0.08951934 0.84117030 -0.14954640
v -0.08365784 0.83410600 -0.14624880
v -0.08119873 0.82712130 -0.14311100
v -0.08097107 0.82753550 -0.14260160
v -0.07480346 0.81235780 -0.13449000
v -0.07458099 0.81277920 -0.13398860
v -0.06946868 0.79928460 -0.12612010
v -0.06925293 0.79972330 -0.12563090
v -0.06355865 0.78543880 -0.11651890
v -0.06335174 0.78590370 -0.11604260
v -0.05671997 0.77161280 -0.10628220
v -0.05652161 0.77208220 -0.10581910
v -0.04684967 0.75267930 -0.09135986
v -0.04665466 0.75316410 -0.09090546
v -0.03567932 0.72979050 -0.07243347
v -0.03547790 0.73027720 -0.07197670
v -0.02595001 0.70887880 -0.05614075
v -0.02573730 0.70933620 -0.05566528
v -0.01665253 0.68677320 -0.04130157
v -0.01642639 0.68718570 -0.04079346
v -0.00924988 0.66617170 -0.03028046
v -0.00901611 0.66651570 -0.02970611
v -0.00167175 0.64156270 -0.02098122
v -0.00137695 0.64181170 -0.02043304
v 0.00465698 0.61241130 -0.01440605
v 0.00498047 0.61257950 -0.01384209
v 0.00790497 0.58940770 -0.01200317
v 0.00822296 0.58949170 -0.01140068
v 0.00829712 0.55703410 -0.00067474
v 0.00576965 0.55672070 -0.00218758
v 0.00648682 0.58314110 0.01004791
v 0.01078735 0.58214150 0.00715988
v 0.01022919 0.60205300 0.01372375
v 0.01454010 0.60112880 0.01078239
v 0.01707611 0.62579210 0.02124611
v 0.01443787 0.58361270 0.00538895
v 0.00576965 0.55672070 -0.00218758
v 0.01416351 0.58371800 0.00488281
v 0.01863678 0.60294330 0.00913391
v 0.01835785 0.60312360 0.00865211
v 0.02387909 0.62125090 0.01474731
v 0.02362823 0.62150560 0.01428413
v 0.03350250 0.64654430 0.02671883
v 0.03326508 0.64686940 0.02628616
v 0.04399200 0.66677180 0.04011025
v 0.04379791 0.66715470 0.03972054
v 0.05385864 0.68415400 0.05481796
v 0.05370300 0.68457030 0.05445885
v 0.06159271 0.69688210 0.06688843
v 0.06142120 0.69731400 0.06654419
v 0.07117218 0.71196810 0.08171173
v 0.07100250 0.71239740 0.08137054
v 0.07985382 0.72595630 0.09523842
v 0.07967956 0.72638440 0.09489090
v 0.08558655 0.73593470 0.10443740
v 0.08540405 0.73635010 0.10407870
v 0.09155761 0.74689450 0.11380230
v 0.09134064 0.74729480 0.11343100
v 0.09634094 0.75667920 0.12164670
v 0.09614196 0.75706570 0.12126450
v 0.10173160 0.76801200 0.13022900
v 0.10152740 0.76839320 0.12983950
v 0.10392790 0.77307000 0.13396150
v 0.10369260 0.77343680 0.13356600
v 0.10598750 0.78247150 0.14163220
v 0.10579860 0.78283370 0.14123440
v 0.10392790 0.77307000 0.13396150
v 0.10077910 0.77656700 0.13900270
v 0.10598750 0.78247150 0.14163220
v 0.10173710 0.77298310 0.13505260
v 0.10173160 0.76801200 0.13022900
v 0.09915374 0.76769320 0.13129840
v 0.09803344 0.77136430 0.13549800
v 0.09634094 0.75667920 0.12164670
v 0.09308014 0.75588880 0.12257910
v 0.09158660 0.75971780 0.12734210
v 0.09155761 0.74689450 0.11380230
v 0.08783966 0.74595210 0.11476370
v 0.08614746 0.74944720 0.11947760
v 0.08558655 0.73593470 0.10443740
v 0.08158477 0.73495240 0.10540610
v 0.08007721 0.73860690 0.11053380
v 0.07985382 0.72595630 0.09523842
v 0.07529511 0.72474520 0.09610695
v 0.07322296 0.72784760 0.10112050
v 0.07117218 0.71196810 0.08171173
v 0.06618286 0.71073730 0.08268196
v 0.06332123 0.71318060 0.08743187
v 0.06159271 0.69688210 0.06688843
v 0.05590240 0.69481630 0.06715485
v 0.05197754 0.69548250 0.07011475
v 0.05385864 0.68415400 0.05481796
v 0.04713989 0.68057630 0.05397415
v 0.04207001 0.67924020 0.05512016
v 0.04399200 0.66677180 0.04011025
v 0.03741180 0.66308380 0.03976105
v 0.03258514 0.66191050 0.04125023
v 0.03350250 0.64654430 0.02671883
v 0.02865539 0.64476730 0.02788399
v 0.02491638 0.64556350 0.03065269
v 0.02387909 0.62125090 0.01474731
v 0.02030334 0.62228150 0.01729919
v 0.01863678 0.60294330 0.00913391
v 0.00576965 0.55672070 -0.00218758
v 0.01047607 0.58224850 0.00665955
v 0.00618805 0.58325360 0.00955673
v 0.00996399 0.60223450 0.01324882
v 0.01428070 0.60130890 0.01030380
v 0.01678924 0.62604430 0.02079071
v 0.01416351 0.58371800 0.00488281
v 0.00576965 0.55672070 -0.00218758
v 0.01835785 0.60312360 0.00865211
v 0.02004791 0.62253330 0.01683983
v 0.02469208 0.64589260 0.03022545
v 0.02362823 0.62150560 0.01428413
v 0.02843689 0.64509090 0.02745315
v 0.03238220 0.66228840 0.04086098
v 0.03326508 0.64686940 0.02628616
v 0.03721344 0.66346400 0.03937119
v 0.04190643 0.67964780 0.05476173
v 0.04379791 0.66715470 0.03972054
v 0.04695496 0.68098550 0.05361542
v 0.05180084 0.69591360 0.06977249
v 0.05370300 0.68457030 0.05445885
v 0.05575226 0.69524710 0.06681137
v 0.06317474 0.71361520 0.08709114
v 0.06142120 0.69731400 0.06654419
v 0.06601196 0.71116700 0.08234123
v 0.07302337 0.72826960 0.10077270
v 0.07100250 0.71239740 0.08137054
v 0.07512085 0.72516750 0.09575821
v 0.07989410 0.73902640 0.11017400
v 0.07967956 0.72638440 0.09489090
v 0.08137725 0.73537240 0.10504670
v 0.08593018 0.74984060 0.11910510
v 0.08540405 0.73635010 0.10407870
v 0.08762268 0.74635200 0.11439180
v 0.09138763 0.76009760 0.12695880
v 0.09134064 0.74729480 0.11343100
v 0.09288178 0.75626930 0.12219630
v 0.09782867 0.77173350 0.13510570
v 0.09614196 0.75706570 0.12126450
v 0.09894928 0.76806310 0.13090800
v 0.10152740 0.76839320 0.12983950
v 0.10054200 0.77693830 0.13860470
v 0.10155240 0.77334460 0.13465780
v 0.10369260 0.77343680 0.13356600
v 0.10579860 0.78283370 0.14123440
v 0.00576965 0.55672070 -0.00218758
v 0.00618805 0.58325360 0.00955673
v 0.00648682 0.58314110 0.01004791
v 0.00996399 0.60223450 0.01324882
v 0.01022919 0.60205300 0.01372375
v 0.01678924 0.62604430 0.02079071
v 0.01707611 0.62579210 0.02124611
v 0.02469208 0.64589260 0.03022545
v 0.02491638 0.64556350 0.03065269
v 0.03238220 0.66228840 0.04086098
v 0.03258514 0.66191050 0.04125023
v 0.04190643 0.67964780 0.05476173
v 0.04207001 0.67924020 0.05512016
v 0.05180084 0.69591360 0.06977249
v 0.05197754 0.69548250 0.07011475
v 0.06317474 0.71361520 0.08709114
v 0.06332123 0.71318060 0.08743187
v 0.07302337 0.72826960 0.10077270
v 0.07322296 0.72784760 0.10112050
v 0.07989410 0.73902640 0.11017400
v 0.08007721 0.73860690 0.11053380
v 0.08593018 0.74984060 0.11910510
v 0.08614746 0.74944720 0.11947760
v 0.09138763 0.76009760 0.12695880
v 0.09158660 0.75971780 0.12734210
v 0.09782867 0.77173350 0.13510570
v 0.09803344 0.77136430 0.13549800
v 0.10054200 0.77693830 0.13860470
v 0.10077910 0.77656700 0.13900270
v 0.10579860 0.78283370 0.14123440
v 0.10598750 0.78247150 0.14163220
v 0.00785645 0.55672070 0.00004196
v 0.01251678 0.58281830 -0.00155739
v 0.01079346 0.58456340 -0.00511887
v 0.01452606 0.60220650 -0.00262001
v 0.01287476 0.60432340 -0.00651482
v 0.01926514 0.62410110 -0.00517883
v 0.01699463 0.62329470 -0.00899017
v 0.02806366 0.64780480 -0.00993240
v 0.02696747 0.64998460 -0.01456001
v 0.03857910 0.66749840 -0.01558830
v 0.03887024 0.67182640 -0.02161041
v 0.05152405 0.68658910 -0.02217804
v 0.05232361 0.69085500 -0.02832626
v 0.06370270 0.70231930 -0.02829376
v 0.06349335 0.70491710 -0.03368042
v 0.07812805 0.71998820 -0.03556892
v 0.07726593 0.72165410 -0.04040810
v 0.09058654 0.73553470 -0.04202583
v 0.08980865 0.73714150 -0.04645752
v 0.09916809 0.74680380 -0.04642441
v 0.09828857 0.74811760 -0.05034210
v 0.10771360 0.75884770 -0.05066581
v 0.10685000 0.76009680 -0.05429672
v 0.11481630 0.76965520 -0.05415626
v 0.11395660 0.77070980 -0.05733559
v 0.12266170 0.78244900 -0.05818542
v 0.12165980 0.78296330 -0.06071625
v 0.12601990 0.78815880 -0.05985214
v 0.12501830 0.78839860 -0.06204590
v 0.12957210 0.79184010 -0.05819275
v 0.13186740 0.79835880 -0.06246627
v 0.12643160 0.78620610 -0.05635025
v 0.11913700 0.77357140 -0.05194198
v 0.11200740 0.76240270 -0.04827759
v 0.10384950 0.75056700 -0.04418335
v 0.09518005 0.73868030 -0.03927818
v 0.08250427 0.72239780 -0.03215584
v 0.06641632 0.70275600 -0.02415504
v 0.05254944 0.68483080 -0.01724770
v 0.03995972 0.66593230 -0.01085220
v 0.03058288 0.64837850 -0.00597206
v 0.02272400 0.62747310 -0.00127998
v 0.01718994 0.60272450 0.00192886
v 0.01513733 0.58345470 0.00294800
v 0.00785645 0.55672070 0.00004196
v 0.13186740 0.79835880 -0.06246627
v 0.13142820 0.79866830 -0.06222687
v 0.12456180 0.78871850 -0.06179260
v 0.12501830 0.78839860 -0.06204590
v 0.12122680 0.78328830 -0.06048431
v 0.12165980 0.78296330 -0.06071625
v 0.11352970 0.77105110 -0.05710708
v 0.11395660 0.77070980 -0.05733559
v 0.10643430 0.76045810 -0.05407402
v 0.10685000 0.76009680 -0.05429672
v 0.09788452 0.74849080 -0.05012512
v 0.09828857 0.74811760 -0.05034210
v 0.08939636 0.73753360 -0.04623016
v 0.08980865 0.73714150 -0.04645752
v 0.07687744 0.72204330 -0.04020035
v 0.07726593 0.72165410 -0.04040810
v 0.06310272 0.70530290 -0.03347137
v 0.06349335 0.70491710 -0.03368042
v 0.05191955 0.69123420 -0.02811088
v 0.05232361 0.69085500 -0.02832626
v 0.03843750 0.67216420 -0.02138809
v 0.03887024 0.67182640 -0.02161041
v 0.02647766 0.65025560 -0.01431236
v 0.02696747 0.64998460 -0.01456001
v 0.01647949 0.62348510 -0.00871567
v 0.01699463 0.62329470 -0.00899017
v 0.01238464 0.60443660 -0.00625648
v 0.01287476 0.60432340 -0.00651482
v 0.01026672 0.58461140 -0.00485893
v 0.01079346 0.58456340 -0.00511887
v 0.00785645 0.55672070 0.00004196
v 0.12456180 0.78871850 -0.06179260
v 0.13142820 0.79866830 -0.06222687
v 0.12911530 0.79215900 -0.05794021
v 0.12556340 0.78847870 -0.05959961
v 0.12122680 0.78328830 -0.06048431
v 0.12220950 0.78277290 -0.05793724
v 0.12599790 0.78653990 -0.05611862
v 0.11352970 0.77105110 -0.05710708
v 0.11438990 0.76999040 -0.05392822
v 0.11869080 0.77390590 -0.05169632
v 0.10643430 0.76045810 -0.05407402
v 0.10731630 0.75920330 -0.05045868
v 0.11160950 0.76275730 -0.04807022
v 0.09788452 0.74849080 -0.05012512
v 0.09876343 0.74717610 -0.04620758
v 0.10344360 0.75093310 -0.04396560
v 0.08939636 0.73753360 -0.04623016
v 0.09017334 0.73591580 -0.04179718
v 0.09480468 0.73906650 -0.03908325
v 0.07687744 0.72204330 -0.04020035
v 0.07772217 0.72038260 -0.03534386
v 0.08211670 0.72279180 -0.03194641
v 0.06310272 0.70530290 -0.03347137
v 0.06329285 0.70270370 -0.02806458
v 0.06600891 0.70314090 -0.02392456
v 0.05191955 0.69123420 -0.02811088
v 0.05111938 0.68696590 -0.02195892
v 0.05216431 0.68519550 -0.01704147
v 0.03843750 0.67216420 -0.02138809
v 0.03814636 0.66782770 -0.01536133
v 0.03952759 0.66626420 -0.01062111
v 0.02647766 0.65025560 -0.01431236
v 0.02761352 0.64807930 -0.00971207
v 0.03013550 0.64865250 -0.00574509
v 0.01647949 0.62348510 -0.00871567
v 0.01879089 0.62430370 -0.00493149
v 0.02223572 0.62767060 -0.00100967
v 0.01238464 0.60443660 -0.00625648
v 0.01400207 0.60232950 -0.00232162
v 0.01668823 0.60283760 0.00221802
v 0.01026672 0.58461140 -0.00485893
v 0.01199646 0.58286260 -0.00128601
v 0.00785645 0.55672070 0.00004196
v 0.01462524 0.58350320 0.00323410
v 0.00785645 0.55672070 0.00004196
v 0.12957210 0.79184010 -0.05819275
v 0.13142820 0.79866830 -0.06222687
v 0.13186740 0.79835880 -0.06246627
v 0.12911530 0.79215900 -0.05794021
v 0.12643160 0.78620610 -0.05635025
v 0.12599790 0.78653990 -0.05611862
v 0.11913700 0.77357140 -0.05194198
v 0.11869080 0.77390590 -0.05169632
v 0.11200740 0.76240270 -0.04827759
v 0.11160950 0.76275730 -0.04807022
v 0.10384950 0.75056700 -0.04418335
v 0.10344360 0.75093310 -0.04396560
v 0.09518005 0.73868030 -0.03927818
v 0.09480468 0.73906650 -0.03908325
v 0.08250427 0.72239780 -0.03215584
v 0.08211670 0.72279180 -0.03194641
v 0.06641632 0.70275600 -0.02415504
v 0.06600891 0.70314090 -0.02392456
v 0.05254944 0.68483080 -0.01724770
v 0.05216431 0.68519550 -0.01704147
v 0.03995972 0.66593230 -0.01085220
v 0.03952759 0.66626420 -0.01062111
v 0.03058288 0.64837850 -0.00597206
v 0.03013550 0.64865250 -0.00574509
v 0.02272400 0.62747310 -0.00127998
v 0.02223572 0.62767060 -0.00100967
v 0.01718994 0.60272450 0.00192886
v 0.01668823 0.60283760 0.00221802
v 0.01513733 0.58345470 0.00294800
v 0.01462524 0.58350320 0.00323410
v 0.00785645 0.55672070 0.00004196
v 0.00639252 0.55512830 -0.00067947
v 0.00759430 0.57610020 -0.00217941
v 0.00664856 0.57275720 -0.00229607
v 0.00701660 0.59092200 -0.00413223
v 0.00786041 0.59253100 -0.00376388
v 0.00715271 0.60941420 -0.00537811
v 0.00798309 0.61154870 -0.00503715
v 0.00702820 0.63238700 -0.00634315
v 0.00784363 0.63151220 -0.00584374
v 0.00654205 0.65876850 -0.00682678
v 0.00721863 0.66119290 -0.00640419
v 0.00587646 0.68032560 -0.00676308
v 0.00644989 0.68486760 -0.00626923
v 0.00499023 0.69950930 -0.00630554
v 0.00544708 0.70344110 -0.00577400
v 0.00412903 0.71333820 -0.00564430
v 0.00459107 0.71542230 -0.00517998
v 0.00306671 0.72652090 -0.00464798
v 0.00351410 0.72762860 -0.00422516
v 0.00209747 0.73619440 -0.00364090
v 0.00247284 0.73710300 -0.00322823
v 0.00136719 0.74225760 -0.00282577
v 0.00170715 0.74292570 -0.00248993
v 0.00057159 0.74804090 -0.00197540
v 0.00087921 0.74861180 -0.00166702
v -0.00015411 0.75273590 -0.00120201
v 0.00011841 0.75318440 -0.00095520
v -0.00104919 0.75784880 -0.00019577
v -0.00080078 0.75805430 0.00000626
v -0.00147064 0.76000510 0.00025253
v -0.00123871 0.76010440 0.00043945
v -0.00207489 0.76134190 0.00041290
v -0.00228485 0.76371070 0.00112320
v -0.00167572 0.75925620 -0.00007942
v -0.00083801 0.75432150 -0.00115967
v -0.00009827 0.74960530 -0.00196472
v 0.00067291 0.74411110 -0.00283089
v 0.00138092 0.73793180 -0.00367676
v 0.00232361 0.72810390 -0.00484322
v 0.00347534 0.71366700 -0.00596237
v 0.00440887 0.69782420 -0.00675354
v 0.00520569 0.67864800 -0.00720528
v 0.00575165 0.65939260 -0.00727425
v 0.00605499 0.63607480 -0.00696686
v 0.00609131 0.61004150 -0.00597282
v 0.00591156 0.59166230 -0.00477562
v 0.00542481 0.57177390 -0.00284401
v 0.00639252 0.55512830 -0.00067947
v 0.00639252 0.55512830 -0.00067947
v 0.00527618 0.57181580 -0.00254234
v 0.00649475 0.57279290 -0.00202354
v 0.00576446 0.59168810 -0.00447189
v 0.00686371 0.59094720 -0.00383163
v 0.00594971 0.61005700 -0.00571777
v 0.00743805 0.57614130 -0.00193420
v 0.00639252 0.55512830 -0.00067947
v 0.00759430 0.57610020 -0.00217941
v 0.00770508 0.59255600 -0.00349060
v 0.00786041 0.59253100 -0.00376388
v 0.00782440 0.61157040 -0.00473854
v 0.00798309 0.61154870 -0.00503715
v 0.00768310 0.63151850 -0.00557259
v 0.00784363 0.63151220 -0.00584374
v 0.00705475 0.66119060 -0.00616074
v 0.00721863 0.66119290 -0.00640419
v 0.00628418 0.68485650 -0.00597450
v 0.00644989 0.68486760 -0.00626923
v 0.00528595 0.70342160 -0.00547790
v 0.00544708 0.70344110 -0.00577400
v 0.00443329 0.71539940 -0.00488297
v 0.00459107 0.71542230 -0.00517998
v 0.00336182 0.72759490 -0.00397873
v 0.00351410 0.72762860 -0.00422516
v 0.00232147 0.73705270 -0.00298264
v 0.00247284 0.73710300 -0.00322823
v 0.00155518 0.74286730 -0.00222084
v 0.00170715 0.74292570 -0.00248993
v 0.00073090 0.74854630 -0.00142349
v 0.00087921 0.74861180 -0.00166702
v -0.00003265 0.75311010 -0.00066147
v 0.00011841 0.75318440 -0.00095520
v -0.00094666 0.75797650 0.00027313
v -0.00080078 0.75805430 0.00000626
v -0.00138519 0.76001890 0.00070358
v -0.00123871 0.76010440 0.00043945
v -0.00243286 0.76361550 0.00138474
v -0.00228485 0.76371070 0.00112320
v 0.00542481 0.57177390 -0.00284401
v 0.00527618 0.57181580 -0.00254234
v 0.00639252 0.55512830 -0.00067947
v 0.00591156 0.59166230 -0.00477562
v 0.00576446 0.59168810 -0.00447189
v 0.00609131 0.61004150 -0.00597282
v 0.00594971 0.61005700 -0.00571777
v 0.00605499 0.63607480 -0.00696686
v 0.00590424 0.63608120 -0.00666359
v 0.00575165 0.65939260 -0.00727425
v 0.00559509 0.65939700 -0.00697472
v 0.00520569 0.67864800 -0.00720528
v 0.00505127 0.67864480 -0.00690498
v 0.00440887 0.69782420 -0.00675354
v 0.00426239 0.69780640 -0.00647583
v 0.00347534 0.71366700 -0.00596237
v 0.00333221 0.71363880 -0.00568298
v 0.00232361 0.72810390 -0.00484322
v 0.00217682 0.72805790 -0.00454117
v 0.00138092 0.73793180 -0.00367676
v 0.00123718 0.73788130 -0.00342628
v 0.00067291 0.74411110 -0.00283089
v 0.00052368 0.74405880 -0.00253365
v -0.00009827 0.74960530 -0.00196472
v -0.00024109 0.74953930 -0.00171783
v -0.00083801 0.75432150 -0.00115967
v -0.00098450 0.75424610 -0.00086441
v -0.00167572 0.75925620 -0.00007942
v -0.00181946 0.75917710 0.00018845
v -0.00207489 0.76134190 0.00041290
v -0.00221771 0.76124940 0.00065186
v -0.00228485 0.76371070 0.00112320
v -0.00243286 0.76361550 0.00138474
v 0.00194458 0.73614420 -0.00334396
v 0.00121796 0.74220590 -0.00255440
v 0.00042633 0.74798100 -0.00172974
v 0.00291718 0.72647510 -0.00437370
v 0.00217682 0.72805790 -0.00454117
v -0.00030029 0.75266170 -0.00093285
v -0.00181946 0.75917710 0.00018845
v 0.00398254 0.71330330 -0.00539337
v 0.00333221 0.71363880 -0.00568298
v -0.00119385 0.75777000 0.00007156
v -0.00221771 0.76124940 0.00065186
v 0.00483795 0.69949070 -0.00603043
v 0.00426239 0.69780640 -0.00647583
v 0.00571869 0.68031560 -0.00649025
v 0.00505127 0.67864480 -0.00690498
v 0.00638428 0.65876020 -0.00658035
v 0.00559509 0.65939700 -0.00697472
v 0.00687317 0.63239290 -0.00606934
v 0.00590424 0.63608120 -0.00666359
v 0.00700256 0.60942350 -0.00510117
v 0.00770508 0.59255600 -0.00349060
v 0.00782440 0.61157040 -0.00473854
v 0.00768310 0.63151850 -0.00557259
v 0.00705475 0.66119060 -0.00616074
v 0.00628418 0.68485650 -0.00597450
v 0.00528595 0.70342160 -0.00547790
v 0.00443329 0.71539940 -0.00488297
v 0.00336182 0.72759490 -0.00397873
v 0.00232147 0.73705270 -0.00298264
v 0.00155518 0.74286730 -0.00222084
v 0.00073090 0.74854630 -0.00142349
v -0.00003265 0.75311010 -0.00066147
v -0.00094666 0.75797650 0.00027313
v -0.00161621 0.75991940 0.00051682
v -0.00138519 0.76001890 0.00070358
v -0.00243286 0.76361550 0.00138474
v 0.06187439 0.78738980 -0.15530360
v 0.06183319 0.78774200 -0.15483540
v 0.05676025 0.77842230 -0.14862400
v 0.05682648 0.77807060 -0.14908680
v 0.05508850 0.77328600 -0.14484280
v 0.05515472 0.77293000 -0.14529950
v 0.05156006 0.76172660 -0.13588690
v 0.05159790 0.76134940 -0.13633350
v 0.04828827 0.75174510 -0.12775170
v 0.04832489 0.75135370 -0.12818740
v 0.04465424 0.74050520 -0.11782040
v 0.04468475 0.74010880 -0.11824130
v 0.04109284 0.73027010 -0.10806890
v 0.04114380 0.72985500 -0.10847750
v 0.03616516 0.71584400 -0.09349022
v 0.03621460 0.71542750 -0.09389160
v 0.03084167 0.70026430 -0.07743690
v 0.03089264 0.69984550 -0.07784164
v 0.02638122 0.68710740 -0.06443344
v 0.02647308 0.68670770 -0.06485520
v 0.02092621 0.66840770 -0.04845581
v 0.02102386 0.66804640 -0.04890106
v 0.01650513 0.64744710 -0.03322044
v 0.01665161 0.64713310 -0.03369987
v 0.01180328 0.62235310 -0.02003410
v 0.01191956 0.62211230 -0.02055977
v 0.00915192 0.60347790 -0.01392235
v 0.00929169 0.60332140 -0.01447639
v 0.00688782 0.58386220 -0.00996986
v 0.00705139 0.58377340 -0.01053307
v 0.00576965 0.55672070 -0.00218773
v 0.01070740 0.58216830 -0.00944771
v 0.01312378 0.60139150 -0.01304398
v 0.00929169 0.60332140 -0.01447639
v 0.01640289 0.62279840 -0.01991936
v 0.01191956 0.62211230 -0.02055977
v 0.02070526 0.64542150 -0.03141449
v 0.01665161 0.64713310 -0.03369987
v 0.02503723 0.66392840 -0.04448387
v 0.02102386 0.66804640 -0.04890106
v 0.03023834 0.68240670 -0.05997787
v 0.02647308 0.68670770 -0.06485520
v 0.03488830 0.69715430 -0.07434395
v 0.03089264 0.69984550 -0.07784164
v 0.04030182 0.71361610 -0.09131302
v 0.03621460 0.71542750 -0.09389160
v 0.04489624 0.72811150 -0.10609890
v 0.04114380 0.72985500 -0.10847750
v 0.04811249 0.73865650 -0.11629470
v 0.04468475 0.74010880 -0.11824130
v 0.05152893 0.74997550 -0.12644220
v 0.04832489 0.75135370 -0.12818740
v 0.05449951 0.76017400 -0.13486470
v 0.05159790 0.76134940 -0.13633350
v 0.05768066 0.77228610 -0.14437060
v 0.05515472 0.77293000 -0.14529950
v 0.05911957 0.77770980 -0.14842020
v 0.05682648 0.77807060 -0.14908680
v 0.06305236 0.78103840 -0.15032660
v 0.06187439 0.78738980 -0.15530360
v 0.06183319 0.78774200 -0.15483540
v 0.06296020 0.78138380 -0.14986480
v 0.06186798 0.77567300 -0.14636180
v 0.06186798 0.77567300 -0.14636180
v 0.05931946 0.76366130 -0.13701940
v 0.06180115 0.77603810 -0.14590540
v 0.05645386 0.75310360 -0.12843700
v 0.05931946 0.76366130 -0.13701940
v 0.05925567 0.76402690 -0.13656960
v 0.05319275 0.74195890 -0.11871950
v 0.05645386 0.75310360 -0.12843700
v 0.05641937 0.75348810 -0.12800030
v 0.05022247 0.73080430 -0.10808780
v 0.05319275 0.74195890 -0.11871950
v 0.05313751 0.74236460 -0.11829720
v 0.04597382 0.71558600 -0.09262787
v 0.05022247 0.73080430 -0.10808780
v 0.05016998 0.73122360 -0.10767840
v 0.03983276 0.69729260 -0.07378051
v 0.04597382 0.71558600 -0.09262787
v 0.04592651 0.71600190 -0.09222557
v 0.03446838 0.68053230 -0.05748131
v 0.03983276 0.69729260 -0.07378051
v 0.03981079 0.69770470 -0.07337295
v 0.02942139 0.66256990 -0.04236748
v 0.03446838 0.68053230 -0.05748131
v 0.03443146 0.68092980 -0.05705658
v 0.02544769 0.64596080 -0.03082359
v 0.02942139 0.66256990 -0.04236748
v 0.02933411 0.66293350 -0.04191765
v 0.02193329 0.62579000 -0.02029182
v 0.02544769 0.64596080 -0.03082359
v 0.02534882 0.64627180 -0.03033653
v 0.01839386 0.60173760 -0.01218208
v 0.02193329 0.62579000 -0.02029182
v 0.01595062 0.58288420 -0.00856140
v 0.00576965 0.55672070 -0.00218773
v 0.02181732 0.62602530 -0.01976112
v 0.01839386 0.60173760 -0.01218208
v 0.01827698 0.60189930 -0.01162376
v 0.01595062 0.58288420 -0.00856140
v 0.01581879 0.58296640 -0.00799133
v 0.00576965 0.55672070 -0.00218773
v 0.05676025 0.77842230 -0.14862400
v 0.06183319 0.78774200 -0.15483540
v 0.06296020 0.78138380 -0.14986480
v 0.05905334 0.77805610 -0.14795730
v 0.05508850 0.77328600 -0.14484280
v 0.05763824 0.77265220 -0.14391650
v 0.06180115 0.77603810 -0.14590540
v 0.05156006 0.76172660 -0.13588690
v 0.05441009 0.76054000 -0.13441890
v 0.05925567 0.76402690 -0.13656960
v 0.04828827 0.75174510 -0.12775170
v 0.05146911 0.75036110 -0.12600640
v 0.05641937 0.75348810 -0.12800030
v 0.04465424 0.74050520 -0.11782040
v 0.04805756 0.73906270 -0.11587290
v 0.05313751 0.74236460 -0.11829720
v 0.04109284 0.73027010 -0.10806890
v 0.04481994 0.72853090 -0.10568980
v 0.05016998 0.73122360 -0.10767840
v 0.03616516 0.71584400 -0.09349022
v 0.04025299 0.71403790 -0.09091125
v 0.04592651 0.71600190 -0.09222557
v 0.03084167 0.70026430 -0.07743690
v 0.03484009 0.69757210 -0.07393776
v 0.03981079 0.69770470 -0.07337295
v 0.02638122 0.68710740 -0.06443344
v 0.03014862 0.68280510 -0.05955406
v 0.03443146 0.68092980 -0.05705658
v 0.02092621 0.66840770 -0.04845581
v 0.02494354 0.66429160 -0.04403481
v 0.02933411 0.66293350 -0.04191765
v 0.01650513 0.64744710 -0.03322044
v 0.02059357 0.64573200 -0.03092972
v 0.02534882 0.64627180 -0.03033653
v 0.01180328 0.62235310 -0.02003410
v 0.01629852 0.62304040 -0.01939140
v 0.02181732 0.62602530 -0.01976112
v 0.00915192 0.60347790 -0.01392235
v 0.01302093 0.60154820 -0.01248764
v 0.01827698 0.60189930 -0.01162376
v 0.00688782 0.58386220 -0.00996986
v 0.01058350 0.58225880 -0.00888039
v 0.00576965 0.55672070 -0.00218773
v 0.01581879 0.58296640 -0.00799133
v 0.00576965 0.55672070 -0.00218773
v 0.00639252 0.55512830 -0.00067947
v 0.00738403 0.57238700 -0.00416458
v 0.00847382 0.57169240 -0.00326904
v 0.00998200 0.59112650 -0.00719330
v 0.00883575 0.59012400 -0.00766968
v 0.01185059 0.60900780 -0.01133034
v 0.00679138 0.57549890 -0.00529053
v 0.00639252 0.55512830 -0.00067947
v 0.00820435 0.59160010 -0.00853142
v 0.01075348 0.60814980 -0.01179298
v 0.01495880 0.63415340 -0.01782883
v 0.01020233 0.61004070 -0.01279030
v 0.01357513 0.63048930 -0.01741203
v 0.01808167 0.65643610 -0.02411507
v 0.01268738 0.62949260 -0.01770416
v 0.01724335 0.65571810 -0.02443138
v 0.02098480 0.67474060 -0.02960602
v 0.01689056 0.65790400 -0.02555954
v 0.02054810 0.67621760 -0.03056351
v 0.02414581 0.69284740 -0.03541611
v 0.02056396 0.68037800 -0.03237114
v 0.02379547 0.69433560 -0.03634872
v 0.02702942 0.70770570 -0.04060051
v 0.02385864 0.69791490 -0.03806267
v 0.02635956 0.70729650 -0.04086365
v 0.02991791 0.72107300 -0.04571167
v 0.02618072 0.70913620 -0.04196457
v 0.02901001 0.71953020 -0.04548439
v 0.03197845 0.73006400 -0.04952408
v 0.02871460 0.72046600 -0.04622040
v 0.03109314 0.72839760 -0.04913925
v 0.03334534 0.73566640 -0.05208694
v 0.03083954 0.72916040 -0.04982964
v 0.03247894 0.73391490 -0.05161270
v 0.03464783 0.74060950 -0.05443398
v 0.03222382 0.73445170 -0.05213058
v 0.03384949 0.73914320 -0.05401993
v 0.03580566 0.74482660 -0.05655792
v 0.03361542 0.73959530 -0.05453178
v 0.03500244 0.74334670 -0.05608048
v 0.03703491 0.74917090 -0.05899368
v 0.03478851 0.74369320 -0.05651962
v 0.03631805 0.74788150 -0.05851211
v 0.03609802 0.74801870 -0.05878685
v 0.03757965 0.75098480 -0.06003296
v 0.03689941 0.74976850 -0.05955109
v 0.03668549 0.74981620 -0.05978027
v 0.03796265 0.75299510 -0.06145691
v 0.03796265 0.75299510 -0.06145691
v 0.03812470 0.75281880 -0.06166283
v 0.03773987 0.75081670 -0.06024269
v 0.03757965 0.75098480 -0.06003296
v 0.03719147 0.74899520 -0.05918350
v 0.03703491 0.74917090 -0.05899368
v 0.03596588 0.74465890 -0.05677726
v 0.03580566 0.74482660 -0.05655792
v 0.03481232 0.74045550 -0.05468201
v 0.03464783 0.74060950 -0.05443398
v 0.03351135 0.73551200 -0.05233765
v 0.03334534 0.73566640 -0.05208694
v 0.03214264 0.72992870 -0.04975387
v 0.03197845 0.73006400 -0.04952408
v 0.03008118 0.72094000 -0.04594696
v 0.02991791 0.72107300 -0.04571167
v 0.02718933 0.70757650 -0.04081619
v 0.02702942 0.70770570 -0.04060051
v 0.02431457 0.69273360 -0.03568306
v 0.02414581 0.69284740 -0.03541611
v 0.02115845 0.67463450 -0.02987335
v 0.02098480 0.67474060 -0.02960602
v 0.01825775 0.65633120 -0.02438476
v 0.01808167 0.65643610 -0.02411507
v 0.01512512 0.63406850 -0.01805496
v 0.01495880 0.63415340 -0.01782883
v 0.01201691 0.60892560 -0.01158562
v 0.01185059 0.60900780 -0.01133034
v 0.01014984 0.59105440 -0.00745079
v 0.00998200 0.59112650 -0.00719330
v 0.00864258 0.57163110 -0.00352768
v 0.00847382 0.57169240 -0.00326904
v 0.00639252 0.55512830 -0.00067947
v 0.03684662 0.74964300 -0.05998932
v 0.03773987 0.75081670 -0.06024269
v 0.03812470 0.75281880 -0.06166283
v 0.03705963 0.74959430 -0.05976013
v 0.03625885 0.74785050 -0.05900047
v 0.03647827 0.74770660 -0.05872620
v 0.03719147 0.74899520 -0.05918350
v 0.03494965 0.74353280 -0.05671188
v 0.03516693 0.74318670 -0.05632355
v 0.03596588 0.74465890 -0.05677726
v 0.03377960 0.73943610 -0.05472710
v 0.03401672 0.73898300 -0.05426636
v 0.03481232 0.74045550 -0.05468201
v 0.03239502 0.73430450 -0.05237747
v 0.03264282 0.73377390 -0.05181221
v 0.03351135 0.73551200 -0.05233765
v 0.03100800 0.72901310 -0.05003037
v 0.03126037 0.72826280 -0.04936706
v 0.03214264 0.72992870 -0.04975387
v 0.02889008 0.72032750 -0.04647407
v 0.02917786 0.71939780 -0.04571792
v 0.03008118 0.72094000 -0.04594696
v 0.02635467 0.70901970 -0.04219772
v 0.02652740 0.70716730 -0.04110100
v 0.02718933 0.70757650 -0.04081619
v 0.02403564 0.69780030 -0.03829727
v 0.02396698 0.69422120 -0.03658768
v 0.02431457 0.69273360 -0.03568306
v 0.02074615 0.68027150 -0.03260628
v 0.02072235 0.67611150 -0.03077804
v 0.02115845 0.67463450 -0.02987335
v 0.01707580 0.65781220 -0.02579483
v 0.01742279 0.65561340 -0.02467140
v 0.01825775 0.65633120 -0.02438476
v 0.01287048 0.62939610 -0.01797104
v 0.01375030 0.63040470 -0.01765823
v 0.01512512 0.63406850 -0.01805496
v 0.01038177 0.60995880 -0.01306320
v 0.01092255 0.60806760 -0.01201973
v 0.01201691 0.60892560 -0.01158562
v 0.00838318 0.59152170 -0.00880768
v 0.00900787 0.59005820 -0.00792374
v 0.01014984 0.59105440 -0.00745079
v 0.00697784 0.57544450 -0.00556503
v 0.00756103 0.57232730 -0.00439240
v 0.00639252 0.55512830 -0.00067947
v 0.00864258 0.57163110 -0.00352768
v 0.00639252 0.55512830 -0.00067947
v 0.03668549 0.74981620 -0.05978027
v 0.03812470 0.75281880 -0.06166283
v 0.03796265 0.75299510 -0.06145691
v 0.03684662 0.74964300 -0.05998932
v 0.03609802 0.74801870 -0.05878685
v 0.03625885 0.74785050 -0.05900047
v 0.03478851 0.74369320 -0.05651962
v 0.03494965 0.74353280 -0.05671188
v 0.03361542 0.73959530 -0.05453178
v 0.03377960 0.73943610 -0.05472710
v 0.03222382 0.73445170 -0.05213058
v 0.03239502 0.73430450 -0.05237747
v 0.03083954 0.72916040 -0.04982964
v 0.03100800 0.72901310 -0.05003037
v 0.02871460 0.72046600 -0.04622040
v 0.02889008 0.72032750 -0.04647407
v 0.02618072 0.70913620 -0.04196457
v 0.02635467 0.70901970 -0.04219772
v 0.02385864 0.69791490 -0.03806267
v 0.02403564 0.69780030 -0.03829727
v 0.02056396 0.68037800 -0.03237114
v 0.02074615 0.68027150 -0.03260628
v 0.01689056 0.65790400 -0.02555954
v 0.01707580 0.65781220 -0.02579483
v 0.01268738 0.62949260 -0.01770416
v 0.01287048 0.62939610 -0.01797104
v 0.01020233 0.61004070 -0.01279030
v 0.01038177 0.60995880 -0.01306320
v 0.00820435 0.59160010 -0.00853142
v 0.00838318 0.59152170 -0.00880768
v 0.00679138 0.57549890 -0.00529053
v 0.00697784 0.57544450 -0.00556503
v 0.00639252 0.55512830 -0.00067947
v 0.00524170 0.55672070 0.00047813
v -0.00283142 0.58521330 0.00360588
v 0.00136108 0.58285110 0.00605156
v -0.00577576 0.60495190 0.00560707
v -0.00126739 0.60213950 0.00765236
v -0.01112640 0.62919810 0.01090065
v 0.00450562 0.58442980 0.00848442
v 0.00524170 0.55672070 0.00047813
v 0.00485657 0.58448690 0.00801613
v 0.00191528 0.60414530 0.01040916
v 0.00225098 0.60427680 0.00995872
v -0.00202698 0.62329180 0.01425209
v -0.00170075 0.62350060 0.01382194
v -0.01019226 0.64935730 0.02324730
v -0.00989166 0.64964590 0.02282768
v -0.01913116 0.67063840 0.03438652
v -0.01887421 0.67098130 0.03396797
v -0.02947021 0.68927230 0.04608085
v -0.02921753 0.68965600 0.04572777
v -0.03812500 0.70316900 0.05580482
v -0.03789368 0.70357470 0.05543922
v -0.04866699 0.71959390 0.06781929
v -0.04843689 0.72000300 0.06745689
v -0.05825134 0.73471600 0.07864952
v -0.05801727 0.73511250 0.07828148
v -0.06487060 0.74545880 0.08578819
v -0.06461944 0.74584670 0.08543297
v -0.07158875 0.75718620 0.09301368
v -0.07132874 0.75755280 0.09264885
v -0.07729767 0.76759890 0.09882271
v -0.07703918 0.76795090 0.09842674
v -0.08353698 0.77966140 0.10518790
v -0.08326355 0.78000240 0.10480840
v -0.08629303 0.78501560 0.10783810
v -0.08602600 0.78534670 0.10742930
v -0.09264831 0.79402690 0.11077900
v -0.09237915 0.79435290 0.11036610
v -0.08629303 0.78501560 0.10783810
v -0.09216705 0.78890560 0.10703090
v -0.09264831 0.79402690 0.11077900
v -0.08838897 0.78508570 0.10648250
v -0.08353698 0.77966140 0.10518790
v -0.08576294 0.77948600 0.10356410
v -0.08999634 0.78325470 0.10385810
v -0.07729767 0.76759890 0.09882271
v -0.07973114 0.76694020 0.09659111
v -0.08486755 0.77156000 0.09726311
v -0.07158875 0.75718620 0.09301368
v -0.07418396 0.75631390 0.09047172
v -0.07937133 0.76044930 0.09086922
v -0.06487060 0.74545880 0.08578819
v -0.06761139 0.74454310 0.08303840
v -0.07314697 0.74892710 0.08383980
v -0.05825134 0.73471600 0.07864952
v -0.06112518 0.73345970 0.07535118
v -0.06676453 0.73728900 0.07582222
v -0.04866699 0.71959390 0.06781929
v -0.05176056 0.71820090 0.06417610
v -0.05775757 0.72182420 0.06439369
v -0.03812500 0.70316900 0.05580482
v -0.04071503 0.70074560 0.05132835
v -0.04586120 0.70300840 0.05056908
v -0.02947021 0.68927230 0.04608085
v -0.03130341 0.68515600 0.04048668
v -0.03510223 0.68531220 0.03828163
v -0.01913116 0.67063840 0.03438652
v -0.02136261 0.66645900 0.02907997
v -0.02526855 0.66665490 0.02708626
v -0.01019226 0.64935730 0.02324730
v -0.01320129 0.64731090 0.01975349
v -0.00202698 0.62329180 0.01425209
v -0.01759857 0.64918550 0.01848961
v -0.00593994 0.62418040 0.01189217
v 0.00191528 0.60414530 0.01040916
v -0.01734375 0.64947350 0.01802284
v -0.01084290 0.62940640 0.01042824
v -0.02502960 0.66699710 0.02666756
v -0.00577576 0.60495190 0.00560707
v -0.02526855 0.66665490 0.02708626
v -0.00548218 0.60508640 0.00511421
v -0.03487366 0.68569680 0.03789162
v -0.00252472 0.58527640 0.00310799
v 0.00524170 0.55672070 0.00047813
v -0.03510223 0.68531220 0.03828163
v -0.04562469 0.70340790 0.05022286
v -0.04586120 0.70300840 0.05056908
v -0.05752685 0.72222750 0.06403099
v -0.05775757 0.72182420 0.06439369
v -0.06652679 0.73768400 0.07545540
v -0.06676453 0.73728900 0.07582222
v -0.07289978 0.74930250 0.08346260
v -0.07314697 0.74892710 0.08383980
v -0.07910766 0.76081310 0.09050438
v -0.07937133 0.76044930 0.09086922
v -0.08460632 0.77190970 0.09686744
v -0.08486755 0.77156000 0.09726311
v -0.08973084 0.78359310 0.10345480
v -0.08999634 0.78325470 0.10385810
v -0.09190002 0.78922990 0.10662040
v -0.09216705 0.78890560 0.10703090
v -0.09237915 0.79435290 0.11036610
v -0.09264831 0.79402690 0.11077900
v -0.08602600 0.78534670 0.10742930
v -0.09237915 0.79435290 0.11036610
v -0.09190002 0.78922990 0.10662040
v -0.08813110 0.78541660 0.10605130
v -0.08326355 0.78000240 0.10480840
v -0.08549804 0.77982530 0.10316110
v -0.08973084 0.78359310 0.10345480
v -0.07703918 0.76795090 0.09842674
v -0.07946198 0.76729120 0.09621712
v -0.08460632 0.77190970 0.09686744
v -0.07132874 0.75755280 0.09264885
v -0.07393188 0.75667960 0.09008323
v -0.07910766 0.76081310 0.09050438
v -0.06461944 0.74584670 0.08543297
v -0.06736725 0.74492490 0.08266151
v -0.07289978 0.74930250 0.08346260
v -0.05801727 0.73511250 0.07828148
v -0.06088928 0.73385540 0.07498283
v -0.06652679 0.73768400 0.07545540
v -0.04843689 0.72000300 0.06745689
v -0.05153900 0.71860450 0.06379112
v -0.05752685 0.72222750 0.06403099
v -0.03789368 0.70357470 0.05543922
v -0.04048615 0.70114440 0.05095939
v -0.04562469 0.70340790 0.05022286
v -0.02921753 0.68965600 0.04572777
v -0.03107666 0.68553530 0.04007789
v -0.03487366 0.68569680 0.03789162
v -0.01887421 0.67098130 0.03396797
v -0.02109894 0.66679700 0.02869484
v -0.02502960 0.66699710 0.02666756
v -0.00989166 0.64964590 0.02282768
v -0.01291778 0.64760040 0.01932213
v -0.01734375 0.64947350 0.01802284
v -0.00170075 0.62350060 0.01382194
v -0.00562988 0.62439800 0.01145134
v -0.01084290 0.62940640 0.01042824
v 0.00225098 0.60427680 0.00995872
v -0.00095764 0.60227240 0.00716774
v -0.00548218 0.60508640 0.00511421
v 0.00485657 0.58448690 0.00801613
v 0.00169189 0.58290990 0.00556801
v 0.00524170 0.55672070 0.00047813
v -0.00252472 0.58527640 0.00310799
v 0.00524170 0.55672070 0.00047813
vn 0.00000000 1.00000000 0.00000000
vn 0.00000000 1.00000000 0.00000000
vn 0.00000000 1.00000000 0.00000000
vn 0.00000000 1.00000000 0.00000000
vn -0.00065456 0.99999940 -0.00089150
vn -0.00065456 0.99999940 -0.00089150
vn -0.00065456 0.99999940 -0.00089150
vn -0.00065456 0.99999940 -0.00089150
vn -0.00071885 0.99999940 -0.00089428
vn -0.00071885 0.99999940 -0.00089428
vn -0.00068551 0.99999940 -0.00089276
vn -0.00068551 0.99999940 -0.00089276
vn -0.00069118 0.99999940 -0.00089384
vn -0.00069118 0.99999940 -0.00089384
vn -0.00068087 0.99999940 -0.00089506
vn -0.00068087 0.99999940 -0.00089506
vn 0.20078080 -0.42145310 0.88434400
vn 0.16468750 -0.27028640 0.94859020
vn 0.15805590 -0.26392610 0.95150480
vn 0.18564150 -0.25985020 0.94763660
vn 0.15805590 -0.26392610 0.95150480
vn 0.17116520 -0.40030590 0.90025420
vn 0.15805590 -0.26392620 0.95150480
vn 0.20078080 -0.42145310 0.88434400
vn 0.98840790 0.05894148 -0.13991330
vn 0.98840790 0.05894149 -0.13991340
vn 0.98840790 0.05894146 -0.13991330
vn 0.98726500 0.09112008 -0.13040280
vn 0.98696870 0.09212656 -0.13193030
vn 0.98709290 0.07090703 -0.14359580
vn 0.98191490 0.09549313 -0.16347500
vn 0.98160100 0.13967290 -0.13019620
vn 0.97931560 0.14929790 -0.13656930
vn 0.97890390 0.16033420 -0.12664830
vn 0.97891190 0.16027880 -0.12665790
vn 0.97910260 0.15567860 -0.13085240
vn 0.97899150 0.15616600 -0.13110290
vn 0.97889540 0.15866290 -0.12880190
vn 0.97627620 0.16899940 -0.13536680
vn 0.97496690 0.19194530 -0.11223390
vn 0.97203490 0.20333980 -0.11747820
vn 0.97153290 0.21750070 -0.09389973
vn 0.97146170 0.21776600 -0.09402137
vn 0.97197850 0.22763070 -0.05866943
vn 0.97197850 0.22763070 -0.05866943
vn 0.97197850 0.22763070 -0.05866943
vn 0.97099640 0.23175100 -0.05879998
vn 0.97090750 0.22630440 -0.07826095
vn 0.95177790 0.29108530 -0.09689274
vn 0.95177790 0.29108530 -0.09689274
vn 0.95177790 0.29108530 -0.09689274
vn 0.89321820 0.44917830 -0.02000022
vn 0.89321820 0.44917840 -0.02000036
vn 0.19112930 -0.87763030 0.43958460
vn 0.18733370 -0.76198210 0.61991080
vn 0.23727890 -0.69512950 0.67859690
vn 0.17397480 -0.88497850 0.43190940
vn 0.18341550 -0.95626710 0.22784190
vn -0.08631471 -0.96787520 0.23615140
vn 0.22688990 -0.93192540 0.28290620
vn 0.15133290 -0.98101310 0.12129150
vn 0.06104580 -0.98996920 0.12741460
vn 0.10077100 -0.98557570 0.13596260
vn 0.14703420 -0.98184200 0.11986290
vn 0.17626400 -0.96106860 0.21278670
vn 0.12295380 -0.89028000 0.43850200
vn 0.00794149 -0.98328660 0.18189100
vn 0.20259000 -0.86478600 0.45945890
vn 0.16579270 -0.80952780 0.56318510
vn 0.14850090 -0.81439050 0.56099500
vn 0.15813410 -0.83048590 0.53412240
vn 0.30689930 -0.84298550 0.44180130
vn 0.14958840 -0.83277700 0.53301580
vn 0.14954720 -0.83274690 0.53307430
vn 0.16637080 -0.81063150 0.56142440
vn 0.15940520 -0.82942100 0.53539770
vn 0.13321660 -0.81322730 0.56649340
vn 0.15442140 -0.83100190 0.53440620
vn 0.16086720 -0.82830390 0.53668830
vn 0.14747700 -0.80254020 0.57808290
vn 0.17765880 -0.79906460 0.57439810
vn 0.17252090 -0.79542680 0.58097570
vn 0.18234000 -0.72969320 0.65901430
vn 0.11402470 -0.58503200 0.80295440
vn 0.15052070 -0.73306850 0.66329030
vn 0.12276780 -0.58275180 0.80332340
vn 0.16639900 -0.38655300 0.90713180
vn 0.08894443 -0.60523360 0.79106340
vn 0.16639870 -0.38655300 0.90713190
vn 0.11719050 -0.27831490 0.95331380
vn -0.19413960 0.39132720 -0.89954040
vn -0.11640020 0.26881730 -0.95613190
vn -0.15675150 0.25458150 -0.95426270
vn -0.16838700 0.37953390 -0.90972510
vn -0.16665070 0.38006460 -0.90982330
vn -0.12209300 0.58240690 -0.80367620
vn -0.11381170 0.58456450 -0.80332520
vn -0.15048200 0.73308540 -0.66328040
vn -0.11573240 0.74962390 -0.65166710
vn -0.17768120 0.79905470 -0.57440500
vn -0.13320910 0.81322530 -0.56649790
vn -0.15944910 0.82941170 -0.53539900
vn -0.14955790 0.83274620 -0.53307240
vn -0.14959980 0.83277090 -0.53302200
vn -0.15814500 0.83048590 -0.53411920
vn -0.14851290 0.81438630 -0.56099810
vn -0.16585300 0.80951600 -0.56318440
vn -0.30736380 0.84306480 -0.44132660
vn -0.20254850 0.86500150 -0.45907130
vn -0.17670310 0.96103730 -0.21256400
vn -0.12317990 0.89018230 -0.43863670
vn -0.06094205 0.98997480 -0.12742030
vn -0.14700420 0.98185090 -0.11982770
vn 0.08747242 0.96784620 -0.23584390
vn -0.15145860 0.98099340 -0.12129380
vn -0.27080430 0.80268560 -0.53137650
vn -0.19140510 0.87746940 -0.43978590
vn -0.19140500 0.87746940 -0.43978590
vn -0.19140510 0.87746940 -0.43978590
vn -0.97554500 -0.13724560 0.17168480
vn -0.23733860 0.69499950 -0.67870910
vn -0.98807730 -0.08558848 0.12797640
vn -0.98476650 -0.07992940 0.15442280
vn -0.10092310 0.98555930 -0.13596820
vn -0.00776290 0.98322500 -0.18223180
vn 0.01294008 0.91619530 -0.40052290
vn -0.14406000 0.83338470 -0.53358830
vn -0.15443260 0.83098210 -0.53443360
vn -0.16086740 0.82829020 -0.53670950
vn -0.17253130 0.79542730 -0.58097200
vn -0.16169430 0.72958300 -0.66450240
vn -0.24116120 0.36866440 -0.89773490
vn -0.18528310 0.25028410 -0.95027790
vn -0.16478460 0.26054360 -0.95129540
vn -0.19413960 0.39132720 -0.89954040
vn 0.20078080 -0.42145310 0.88434400
vn -0.88943740 -0.44080300 0.12080410
vn -0.95760650 -0.24420910 0.15281250
vn -0.95652420 -0.24529690 0.15776830
vn -0.96377500 -0.20526150 0.17030960
vn -0.97070220 -0.19377470 0.14208720
vn -0.97717180 -0.12090670 0.17469070
vn -0.98312900 -0.10372580 0.15065980
vn -0.98226500 -0.12732640 0.13763530
vn -0.98032440 -0.13446690 0.14450860
vn -0.98005690 -0.14166230 0.13935670
vn -0.97858000 -0.14737000 0.14374770
vn -0.97839000 -0.15411270 0.13784930
vn -0.97938640 -0.15031080 0.13494040
vn -0.97936730 -0.15077520 0.13456110
vn -0.97938510 -0.15052900 0.13470630
vn -0.97939500 -0.11894230 0.16321220
vn -0.97934730 -0.12570330 0.15835900
vn -0.98488380 -0.13745590 0.10540300
vn -0.98610100 -0.06965307 0.15084220
vn -0.97554490 -0.13724560 0.17168500
vn -0.97554490 -0.13724560 0.17168500
vn -0.89151170 0.18984190 0.41129910
vn -0.89002410 0.18515310 0.41662400
vn 0.68368220 -0.63955800 -0.35148890
vn 0.78715810 -0.53091540 -0.31386450
vn 0.78671770 -0.52828500 -0.31935950
vn 0.78651430 -0.52815810 -0.32006910
vn 0.78671770 -0.52828500 -0.31935950
vn 0.72017220 -0.62878250 -0.29323110
vn 0.78671770 -0.52828500 -0.31935950
vn 0.68368220 -0.63955800 -0.35148890
vn -0.32463920 0.07265358 -0.94304340
vn -0.32463920 0.07265358 -0.94304340
vn -0.32463920 0.07265358 -0.94304340
vn -0.31652330 0.09014836 -0.94429140
vn -0.31694710 0.09003726 -0.94415980
vn -0.29031110 0.12798130 -0.94833550
vn -0.28816040 0.12496870 -0.94939260
vn -0.29953100 0.11113210 -0.94759210
vn -0.31193910 0.13688260 -0.94019000
vn -0.27243540 0.17215540 -0.94664750
vn -0.27655970 0.18311240 -0.94338990
vn -0.26506160 0.19197700 -0.94492710
vn -0.26508770 0.19203720 -0.94490750
vn -0.26994590 0.18865310 -0.94421360
vn -0.26986380 0.18849410 -0.94426880
vn -0.26730970 0.19019260 -0.94465450
vn -0.27034960 0.19882130 -0.94200910
vn -0.26302770 0.20384640 -0.94300750
vn -0.25643240 0.16795550 -0.95185790
vn -0.26099340 0.16583630 -0.95098940
vn -0.24928860 0.06287798 -0.96638580
vn -0.23380310 0.06517580 -0.97009690
vn -0.30243470 -0.24214490 -0.92189970
vn -0.30127020 -0.24314860 -0.92201690
vn -0.30127020 -0.24314840 -0.92201690
vn -0.30127030 -0.24314850 -0.92201690
vn -0.19641380 -0.34927590 -0.91620300
vn -0.19641380 -0.34927590 -0.91620300
vn -0.19529110 -0.33512930 -0.92171030
vn -0.24123540 -0.93031190 0.27627030
vn -0.14911370 -0.96103970 0.23273990
vn -0.05132063 -0.97733440 0.20538640
vn -0.13982890 -0.87633880 0.46095350
vn -0.23339470 -0.94147010 0.24323010
vn -0.17509490 -0.94180130 0.28697060
vn -0.17925330 -0.95231940 0.24689280
vn -0.02258719 -0.99596370 0.08686817
vn 0.01112440 -0.99836740 -0.05602626
vn 0.00858941 -0.99504020 0.09910222
vn 0.00239736 -0.99631760 -0.08570497
vn 0.17613930 -0.97398390 -0.14258400
vn 0.17550640 -0.96812110 -0.17871490
vn 0.23900040 -0.95943820 -0.14952370
vn 0.24877100 -0.93905800 -0.23724060
vn 0.35957980 -0.90690700 -0.21959490
vn 0.23606570 -0.93113180 -0.27796880
vn 0.35958220 -0.91042830 -0.20450210
vn 0.33160550 -0.91999170 -0.20893330
vn 0.33161760 -0.92181590 -0.20071170
vn 0.33168260 -0.92179720 -0.20069040
vn 0.35770510 -0.90724900 -0.22123840
vn 0.33271160 -0.91927250 -0.21033520
vn 0.36711430 -0.91031490 -0.19119110
vn 0.33238040 -0.92048510 -0.20550030
vn 0.33380760 -0.91851070 -0.21192100
vn 0.37681100 -0.90298340 -0.20648140
vn 0.36929310 -0.89934170 -0.23410890
vn 0.37655410 -0.89728570 -0.23040290
vn 0.45502450 -0.85363130 -0.25350800
vn 0.61311730 -0.75893440 -0.21933040
vn 0.46325300 -0.85731310 -0.22452390
vn 0.61120280 -0.75378550 -0.24132660
vn 0.72551920 -0.62094130 -0.29673840
vn 0.46315850 -0.85451090 -0.23514930
vn 0.72231530 -0.61578910 -0.31474480
vn 0.79354430 -0.54219470 -0.27624680
vn 0.24120140 0.93033110 -0.27623550
vn 0.05130973 0.97734030 -0.20536110
vn 0.47221290 0.33042920 0.81720950
vn 0.13945140 0.87707900 -0.45965820
vn 0.23363330 0.94132770 -0.24355210
vn 0.14903190 0.96126870 -0.23184480
vn 0.23988460 0.93939510 -0.24493270
vn 0.17493990 0.94199510 -0.28642820
vn -0.00066911 0.99633350 0.08555119
vn 0.47223020 0.32569830 0.81909660
vn -0.01010802 0.99844970 0.05473683
vn -0.23917290 0.95938420 0.14959330
vn 0.17942590 0.95226340 -0.24698360
vn -0.00955691 0.99515960 -0.09780622
vn -0.17621340 0.97401200 0.14230040
vn -0.24857270 0.93911710 0.23721420
vn -0.17540210 0.96815320 0.17864360
vn -0.23589440 0.93122640 0.27779750
vn -0.35953060 0.90691080 0.21966000
vn -0.24192210 0.96919430 0.04621925
vn -0.35958810 0.91042460 0.20450770
vn -0.33160220 0.91999260 0.20893400
vn -0.33294820 0.92241450 0.19569630
vn -0.33162570 0.92181070 0.20072220
vn -0.33170740 0.92178640 0.20069920
vn -0.33239280 0.92048250 0.20549220
vn -0.33269840 0.91927300 0.21035430
vn -0.36710340 0.91031900 0.19119200
vn -0.33381500 0.91851500 0.21189110
vn -0.36929890 0.89933810 0.23411410
vn -0.45574060 0.86960010 0.18998970
vn -0.37652580 0.89729110 0.23042810
vn -0.46326100 0.85732150 0.22447500
vn -0.61363230 0.75854900 0.21922330
vn -0.46312990 0.85451470 0.23519160
vn -0.61172250 0.75348630 0.24094400
vn -0.72937980 0.61591180 0.29775430
vn -0.71424040 0.60450180 0.35275810
vn -0.72606560 0.61066710 0.31609250
vn -0.79861240 0.53457140 0.27649920
vn -0.79138070 0.52035490 0.32085410
vn -0.79173230 0.52052990 0.31970090
vn -0.70621810 0.61673240 0.34770290
vn -0.79208870 0.52312010 0.31454840
vn -0.70621810 0.61673240 0.34770290
vn 0.47221290 0.33042920 0.81720950
vn 0.78692030 0.16433920 0.59476820
vn 0.78715590 0.16020920 0.59558270
vn 0.47221290 0.33042920 0.81720950
vn 0.43660010 0.34342840 0.83152710
vn 0.31735010 -0.04985273 0.94699700
vn 0.27381350 -0.05858989 0.95999650
vn 0.29422390 -0.14834010 0.94415440
vn 0.32063210 -0.13369650 0.93772090
vn 0.30785540 -0.15952890 0.93796350
vn 0.27432130 -0.18458520 0.94375640
vn 0.27444340 -0.18431840 0.94377310
vn 0.27444340 -0.18431840 0.94377310
vn 0.27444340 -0.18431840 0.94377310
vn 0.27488620 -0.18432340 0.94364320
vn 0.27663870 -0.18873310 0.94225840
vn 0.28681640 -0.17086070 0.94262560
vn 0.28162320 -0.16189300 0.94576900
vn 0.28162330 -0.16189300 0.94576900
vn 0.28162330 -0.16189300 0.94576900
vn 0.31671000 -0.15998010 0.93493370
vn 0.31671010 -0.15998010 0.93493370
vn 0.28988440 -0.25406940 0.92272190
vn 0.28245300 -0.24949910 0.92626700
vn 0.28245300 -0.24949910 0.92626700
vn 0.28245280 -0.24949910 0.92626710
vn 0.24514960 -0.35390280 0.90258210
vn 0.25922410 0.62723340 -0.73442570
vn 0.25922410 0.62723340 -0.73442570
vn 0.25922410 0.62723340 -0.73442570
vn 0.29199170 0.57982790 -0.76061840
vn 0.32829620 0.58805440 -0.73919800
vn 0.25789250 0.66545390 -0.70047310
vn 0.27493830 0.66843310 -0.69109060
vn 0.25816020 0.79165340 -0.55374910
vn 0.27497390 0.79345520 -0.54297170
vn 0.15500860 0.88793970 -0.43305350
vn 0.11965070 0.92845180 -0.35165470
vn 0.14626500 0.92877000 -0.34057700
vn 0.15273420 0.93391990 -0.32321170
vn 0.11659830 0.94441490 -0.30738450
vn 0.12055670 0.94513990 -0.30360620
vn 0.12397430 0.91495100 -0.38405080
vn 0.16318080 0.91142950 -0.37771460
vn 0.28963380 0.57974730 -0.76158090
vn 0.28938450 0.63136610 -0.71946750
vn 0.25922410 0.62723340 -0.73442570
vn 0.22117220 0.66363810 -0.71460990
vn 0.17454080 0.88660900 -0.42832250
vn 0.18314010 0.88798520 -0.42183160
vn 0.12694230 0.92612880 -0.35520570
vn 0.12071590 0.94446370 -0.30564060
vn 0.13948120 0.91695770 -0.37380960
vn 0.15402360 0.98806420 0.00240054
vn -0.07094177 0.98332280 -0.16746180
vn 0.03167001 0.96305540 0.26743480
vn -0.09214196 0.98007660 0.17595350
vn 0.01952517 0.89038790 0.45478350
vn -0.16205070 0.97578950 0.14688160
vn -0.16700470 0.93260720 0.31992680
vn -0.05454013 0.67215010 0.73840340
vn -0.19741910 0.92266420 0.33123480
vn -0.33626440 0.79322700 0.50765850
vn -0.36592950 0.78856810 0.49422250
vn -0.13518690 0.17796370 0.97470690
vn -0.31015070 0.78216350 0.54039510
vn -0.38363430 0.24918860 0.88922980
vn -0.46052270 0.12198920 0.87922550
vn -0.26306820 0.07490531 0.96186490
vn -0.37498360 0.12636740 0.91837830
vn -0.46980040 0.12955070 0.87321490
vn -0.39152660 0.06377769 0.91795380
vn 0.90006580 0.11806760 0.41945390
vn 0.90006580 0.11806760 0.41945390
vn 0.90032630 0.09881993 0.42384820
vn 0.90006580 0.11806760 0.41945390
vn 0.89603920 0.13089940 0.42423930
vn 0.91443190 0.02814516 0.40376010
vn 0.88421560 0.09912653 0.45643920
vn 0.91937640 0.02270670 0.39272320
vn 0.87518090 0.11548750 0.46980960
vn 0.91539040 -0.00194236 0.40256260
vn 0.87225900 -0.03603645 0.48771470
vn 0.91330700 0.00150997 0.40726890
vn 0.87225900 -0.03603645 0.48771470
vn 0.91572100 0.02214949 0.40120380
vn 0.87225900 -0.03603645 0.48771470
vn 0.92080410 0.01424268 0.38976510
vn 0.89794050 -0.03458991 0.43875530
vn 0.85375370 -0.28887640 0.43319150
vn 0.86986820 -0.28909280 0.39969310
vn 0.91908060 0.00108778 0.39406800
vn 0.93439130 -0.03058523 0.35493300
vn 0.92882670 -0.05715076 0.36608040
vn 0.92315690 -0.03903693 0.38243600
vn 0.92635830 -0.02816963 0.37558850
vn 0.92982800 -0.04099477 0.36570390
vn 0.93240760 -0.03513533 0.35969650
vn 0.93324430 -0.04099058 0.35689620
vn -0.32581850 -0.59516610 0.73458800
vn -0.24457760 -0.65064410 0.71891860
vn -0.28978710 -0.58708520 0.75587990
vn -0.25683460 -0.67012540 0.69639640
vn -0.27360000 -0.67305930 0.68712040
vn -0.25740930 -0.79198690 0.55362190
vn -0.27454180 -0.79388800 0.54255740
vn -0.18311080 -0.88798100 0.42185340
vn -0.15504380 -0.88793900 0.43304260
vn -0.11964950 -0.92845350 0.35165060
vn -0.15272390 -0.93392560 0.32320040
vn -0.12069100 -0.94446370 0.30565000
vn -0.11663140 -0.94440980 0.30738750
vn -0.12402690 -0.91494700 0.38404350
vn -0.12057220 -0.94514670 0.30357870
vn 0.06984277 -0.98336990 0.16764720
vn -0.16335200 -0.91142580 0.37764950
vn 0.09113096 -0.98016580 -0.17598320
vn -0.04767574 -0.99630630 0.07141955
vn 0.16557850 -0.93277520 -0.32017830
vn 0.13447210 -0.97504550 -0.17664500
vn 0.36194250 -0.79033220 -0.49434070
vn 0.33550800 -0.79450430 -0.50615930
vn 0.38195380 -0.25015830 -0.88968090
vn 0.30879830 -0.78190770 -0.54153850
vn 0.26378820 -0.07541303 -0.96162810
vn 0.46102340 -0.12251350 -0.87889010
vn 0.37537710 -0.12710100 -0.91811630
vn 0.46947220 -0.12964240 -0.87337770
vn -0.92990610 -0.09728140 -0.35469820
vn 0.39164780 -0.06377707 -0.91790220
vn -0.95794670 -0.07970455 -0.27565440
vn -0.96450110 -0.11123380 -0.23950910
vn 0.05662813 -0.66956560 -0.74059110
vn -0.01814278 -0.89037580 -0.45486450
vn -0.03129220 -0.96298270 -0.26774070
vn -0.15389980 -0.98808120 -0.00321066
vn -0.13954180 -0.91696380 0.37377180
vn -0.11601990 -0.94387800 0.30924710
vn -0.12693130 -0.92612540 0.35521840
vn -0.17460300 -0.88660260 0.42831000
vn -0.27397520 -0.68018930 0.67991200
vn -0.28778580 -0.58703570 0.75668250
vn -0.29501850 -0.58962100 0.75187170
vn -0.24457760 -0.65064410 0.71891860
vn -0.92248170 -0.02965907 -0.38489960
vn -0.92198620 -0.03051067 -0.38601860
vn -0.92056400 -0.01883929 -0.39013730
vn -0.93609260 0.01206463 -0.35154690
vn -0.92358990 -0.01403420 -0.38312500
vn -0.92230710 -0.00662063 -0.38640110
vn -0.94703740 0.06378846 -0.31472410
vn -0.92494590 -0.00136288 -0.38009640
vn -0.92494590 -0.00136288 -0.38009640
vn -0.95028540 0.08038661 -0.30082490
vn -0.92494590 -0.00136288 -0.38009640
vn -0.92287220 0.00836782 -0.38501550
vn -0.96450110 -0.11123380 -0.23950910
vn -0.93650680 -0.00202021 -0.35064370
vn -0.93650680 -0.00202021 -0.35064370
vn -0.95794670 -0.07970455 -0.27565440
vn -0.91421930 -0.07113311 -0.39892770
vn -0.92321540 -0.09635314 -0.37200720
vn -0.95794670 -0.07970455 -0.27565440
vn -0.90875630 -0.13294730 -0.39558440
vn -0.24457760 -0.65064410 0.71891860
vn -0.84121220 -0.44869890 -0.30171390
vn -0.82265790 -0.45491640 -0.34100610
vn -0.78355230 -0.54272110 0.30248900
vn -0.85022950 -0.42734200 0.30739010
vn -0.85253550 -0.42931230 0.29811790
vn -0.85373470 -0.42884310 0.29534840
vn -0.85253540 -0.42931230 0.29811780
vn -0.81379170 -0.52702990 0.24491330
vn -0.85253550 -0.42931230 0.29811790
vn -0.78355230 -0.54272110 0.30248900
vn 0.38113740 -0.22107710 0.89769660
vn 0.37803040 -0.21297510 0.90096310
vn 0.37486870 -0.21499400 0.90180430
vn 0.37486860 -0.21499400 0.90180440
vn 0.37486860 -0.21499400 0.90180440
vn 0.36128540 -0.19474400 0.91189240
vn 0.38194890 -0.19319880 0.90376390
vn 0.34793380 -0.16228220 0.92336700
vn 0.35327990 -0.15288020 0.92294150
vn 0.35327990 -0.15288020 0.92294150
vn 0.35327990 -0.15288030 0.92294140
vn 0.34324800 -0.14529100 0.92793940
vn 0.34347310 -0.14502030 0.92789840
vn 0.34762890 -0.14810280 0.92586160
vn 0.34501630 -0.15293910 0.92605260
vn 0.34239200 -0.15128400 0.92729770
vn 0.34834040 -0.14034370 0.92680240
vn 0.33252460 -0.13085660 0.93397210
vn 0.33314370 -0.12905650 0.93400200
vn 0.36408350 -0.13275960 0.92185570
vn 0.36408360 -0.13275960 0.92185570
vn 0.36408360 -0.13275960 0.92185570
vn 0.38642400 -0.07179222 0.91952290
vn 0.36022310 -0.05958439 0.93096140
vn 0.29140030 0.05483205 0.95502840
vn 0.03984774 0.10386610 0.99379280
vn 0.04002591 0.10651020 0.99350560
vn 0.04002591 0.10651020 0.99350560
vn 0.04002591 0.10651030 0.99350560
vn -0.15690050 -0.98341820 0.09094436
vn -0.13996780 -0.98972260 0.02929457
vn -0.13269690 -0.98777250 0.08183473
vn -0.14171040 -0.98522480 0.09617858
vn -0.23669180 -0.96807680 0.08248840
vn -0.19698390 -0.97063420 0.13808170
vn -0.39834020 -0.91453670 0.07034043
vn -0.22387570 -0.97389950 -0.03740963
vn -0.34517430 -0.92353120 0.16716660
vn -0.39821520 -0.91525540 0.06109065
vn -0.39666010 -0.91781740 0.01649076
vn -0.34689070 -0.93768550 -0.02031634
vn -0.36653660 -0.92979720 -0.03358687
vn -0.34853080 -0.93559910 0.05639700
vn -0.50662370 -0.86012690 0.05927892
vn -0.38046460 -0.91601450 0.12713820
vn -0.36938870 -0.92056110 -0.12696200
vn -0.48809620 -0.86630560 0.10619190
vn -0.50615880 -0.86017700 0.06243962
vn -0.49603120 -0.86548580 0.06990881
vn -0.47944050 -0.87598370 0.05281463
vn -0.47949150 -0.87595740 0.05278724
vn -0.47947000 -0.87560690 0.05849223
vn -0.47904060 -0.87544290 0.06418600
vn -0.51776880 -0.85414760 0.04845096
vn -0.47993760 -0.87480020 0.06621493
vn -0.52522260 -0.84824220 0.06801825
vn -0.51292910 -0.85276120 0.09849869
vn -0.52094040 -0.84822260 0.09560063
vn -0.59443270 -0.79230990 0.13745800
vn -0.74444360 -0.65405490 0.13422310
vn -0.60759780 -0.78712890 0.10608000
vn -0.73948220 -0.65503130 0.15524190
vn -0.81675460 -0.51962990 0.25079200
vn -0.60561130 -0.78693540 0.11818430
vn -0.80998720 -0.51996800 0.27120840
vn -0.86634460 -0.43008270 0.25392120
vn 0.15688390 0.98341830 -0.09097210
vn 0.13267060 0.98777660 -0.08182878
vn 0.13996540 0.98972790 -0.02912530
vn 0.14177230 0.98520450 -0.09629499
vn 0.23666210 0.96807210 -0.08262870
vn 0.19703340 0.97055750 -0.13854930
vn 0.22393940 0.97387280 0.03772179
vn 0.39824240 0.91455860 -0.07060745
vn 0.39824240 0.91455860 -0.07060745
vn 0.34514590 0.92343190 -0.16777340
vn 0.39824240 0.91455870 -0.07060742
vn 0.39809410 0.91531260 -0.06102391
vn 0.40739800 0.91112580 -0.06226300
vn -0.42743720 0.11998820 -0.89604710
vn 0.39651770 0.91787690 -0.01660748
vn 0.34761720 0.93581150 -0.05847300
vn 0.34854440 0.93560190 -0.05626529
vn 0.50660060 0.86013850 -0.05930794
vn 0.38058600 0.91593990 -0.12731220
vn 0.50615760 0.86017840 -0.06243172
vn 0.47813080 0.87607620 -0.06230152
vn 0.36939900 0.92054270 0.12706530
vn 0.49604410 0.86547690 -0.06992850
vn 0.48162060 0.87510870 -0.04718492
vn 0.47902980 0.87544960 -0.06417602
vn 0.47946580 0.87560800 -0.05850822
vn 0.48091340 0.87475120 -0.05943713
vn 0.51776770 0.85414740 -0.04846518
vn 0.47991820 0.87481340 -0.06618162
vn 0.51293060 0.85275960 -0.09850444
vn 0.60629060 0.79257420 -0.06509871
vn 0.52093460 0.84822680 -0.09559420
vn 0.60758660 0.78713680 -0.10608620
vn 0.74487560 0.65355310 -0.13427090
vn 0.60561080 0.78693030 -0.11822100
vn 0.74006970 0.65449600 -0.15469840
vn 0.81934420 0.51452030 -0.25287130
vn 0.79544040 0.52032730 -0.31069930
vn 0.81263790 0.51480570 -0.27312040
vn 0.86993340 0.42213880 -0.25497970
vn 0.85667510 0.42125670 -0.29774240
vn 0.85638940 0.42137840 -0.29839130
vn 0.80008320 0.51765660 -0.30314760
vn 0.85316960 0.41971790 -0.30973940
vn 0.80008320 0.51765660 -0.30314760
vn -0.37622770 -0.02875725 -0.92608090
vn -0.62330560 0.02783258 -0.78148290
vn -0.62579600 0.01475850 -0.77984710
vn -0.36721360 0.00960090 -0.93008710
vn -0.44844310 0.09152577 -0.88911290
vn -0.44574280 0.09036314 -0.89058850
vn -0.44574280 0.09036311 -0.89058850
vn -0.42743720 0.11998820 -0.89604690
vn -0.37573980 0.18195900 -0.90868620
vn -0.38600500 0.16553280 -0.90752360
vn -0.35614510 0.14319170 -0.92339420
vn -0.35123820 0.15180400 -0.92389790
vn -0.35196820 0.15215090 -0.92356300
vn -0.35407910 0.14809760 -0.92341490
vn -0.36027110 0.15295670 -0.92022220
vn -0.35645660 0.15875600 -0.92072530
vn -0.35645660 0.15875600 -0.92072530
vn -0.35645660 0.15875600 -0.92072530
vn -0.36997230 0.18910130 -0.90959390
vn -0.39003960 0.17127970 -0.90472790
vn -0.39003960 0.17127970 -0.90472790
vn -0.39003960 0.17127970 -0.90472790
vn -0.37215290 0.06543423 -0.92586210
vn -0.36790450 0.06712237 -0.92743780
vn -0.36790460 0.06712238 -0.92743780
vn -0.78355230 -0.54272110 0.30248900
vn 0.89299550 -0.44768560 -0.04622251
vn 0.95726010 -0.28684610 0.03704755
vn 0.95785460 -0.28510300 0.03508458
vn 0.95802350 -0.28510050 0.03014504
vn 0.95785460 -0.28510300 0.03508458
vn 0.90959080 -0.41297250 0.04580826
vn 0.95785460 -0.28510300 0.03508458
vn 0.89299550 -0.44768560 -0.04622251
vn 0.04640418 -0.00520511 -0.99890920
vn 0.04649538 -0.00506296 -0.99890570
vn 0.05924094 -0.01101042 -0.99818300
vn 0.05924094 -0.01101042 -0.99818300
vn 0.05924094 -0.01101042 -0.99818300
vn 0.06434987 -0.03507822 -0.99731060
vn 0.04892435 -0.02092483 -0.99858330
vn 0.07502656 0.00683820 -0.99715820
vn 0.06772681 0.01518994 -0.99758830
vn 0.07602423 0.02264814 -0.99684860
vn 0.07518313 0.02339375 -0.99689530
vn 0.07518313 0.02339375 -0.99689530
vn 0.07518313 0.02339376 -0.99689530
vn 0.07172333 0.02067000 -0.99721030
vn 0.07176843 0.02040808 -0.99721260
vn 0.07423359 0.02233330 -0.99699080
vn 0.07415158 0.02267246 -0.99698920
vn 0.08274029 0.03023602 -0.99611240
vn 0.08160894 0.03194968 -0.99615220
vn 0.08832530 0.04058094 -0.99526460
vn 0.08832531 0.04058094 -0.99526460
vn 0.08832527 0.04058094 -0.99526460
vn 0.08777928 0.04117200 -0.99528870
vn 0.08283089 0.03569684 -0.99592410
vn 0.09214827 0.05466482 -0.99424370
vn 0.09214822 0.05466482 -0.99424370
vn 0.09214822 0.05466482 -0.99424370
vn 0.19738860 0.18449200 -0.96280870
vn 0.19738860 0.18449200 -0.96280870
vn 0.73987580 -0.67165030 0.03833815
vn 0.74602600 -0.66541210 0.02592042
vn 0.75409700 -0.65589140 0.03382614
vn 0.73786790 -0.67239760 0.05858764
vn 0.73921810 -0.67225770 0.04032607
vn 0.72244200 -0.68817120 0.06706687
vn 0.73130640 -0.68183050 0.01726428
vn 0.70903530 -0.70439980 0.03301105
vn 0.70503870 -0.70675340 0.05847965
vn 0.71394200 -0.69998090 0.01770672
vn 0.70632080 -0.70659330 0.04286173
vn 0.67662260 -0.73313030 0.06857079
vn 0.67662260 -0.73313030 0.06857079
vn 0.65653060 -0.75374080 0.02902242
vn 0.65118860 -0.75658510 0.05943540
vn 0.66103160 -0.75020800 0.01500998
vn 0.63601030 -0.77113320 0.02905800
vn 0.63290170 -0.77284850 0.04626783
vn 0.63760180 -0.77002780 0.02282912
vn 0.63337720 -0.77283580 0.03947290
vn 0.62929210 -0.77645960 0.03319700
vn 0.62945740 -0.77646740 0.02969246
vn 0.64184530 -0.76541160 0.04668722
vn 0.64930770 -0.76015600 0.02371074
vn 0.65124080 -0.75865530 0.01809456
vn 0.67779560 -0.73158380 0.07333615
vn 0.69256850 -0.71975770 0.04793398
vn 0.69991200 -0.71408690 0.01424862
vn 0.69479530 -0.71913400 0.01028127
vn 0.76306760 -0.64601500 0.01981407
vn 0.76126720 -0.64617000 0.05419073
vn 0.83734940 -0.53790840 0.09747070
vn 0.84227660 -0.53453830 0.06956210
vn 0.83403810 -0.54400460 0.09186709
vn 0.91318660 -0.40510540 0.04449552
vn 0.91578970 -0.40097370 0.02343799
vn 0.95171030 -0.29546540 0.08335201
vn -0.90223960 0.42966540 0.03675994
vn -0.95170550 0.29549210 -0.08331370
vn -0.95785030 0.28510920 -0.03514936
vn -0.91577770 0.40099980 -0.02345721
vn -0.91320210 0.40507420 -0.04446016
vn -0.84225510 0.53456920 -0.06958528
vn -0.83735660 0.53790990 -0.09740013
vn -0.76125370 0.64618400 -0.05421199
vn -0.74584720 0.65855360 -0.10009500
vn -0.69479020 0.71913950 -0.01024408
vn -0.67781490 0.73156300 -0.07336481
vn -0.64907190 0.76023230 -0.02743271
vn -0.64931240 0.76015230 -0.02370462
vn -0.62956990 0.77640080 -0.02904101
vn -0.62854210 0.77693870 -0.03607181
vn -0.63334960 0.77285620 -0.03951829
vn -0.63602070 0.77112550 -0.02903323
vn -0.65119550 0.75657950 -0.05942885
vn -0.65652280 0.75374790 -0.02901562
vn -0.65652280 0.75374790 -0.02901561
vn -0.65652280 0.75374790 -0.02901562
vn -0.70630840 0.70660640 -0.04284630
vn -0.70906550 0.70436740 -0.03305430
vn -0.70906550 0.70436740 -0.03305430
vn -0.70906550 0.70436740 -0.03305430
vn -0.72426980 0.68816670 -0.04312647
vn -0.73922390 0.67225360 -0.04028721
vn -0.73789220 0.67236660 -0.05863767
vn -0.73986760 0.67165490 -0.03841497
vn -0.74599810 0.66544490 -0.02588319
vn -0.75408270 0.65590890 -0.03380587
vn -0.72244220 0.68817100 -0.06706825
vn -0.70501100 0.70678010 -0.05849310
vn -0.71398290 0.69993780 -0.01775840
vn -0.69090160 0.72294560 -0.00218796
vn -0.66105070 0.75019120 -0.01501013
vn -0.63757940 0.77004590 -0.02284453
vn -0.62944710 0.77647570 -0.02969475
vn -0.65122690 0.75866640 -0.01813154
vn -0.69991420 0.71408560 -0.01420597
vn -0.76399830 0.64391600 -0.04097207
vn -0.91626220 0.40001530 0.02124292
vn -0.95803110 0.28507490 -0.03014631
vn -0.95725700 0.28685010 -0.03709512
vn -0.90223960 0.42966540 0.03675994
vn -0.06899552 -0.16000490 0.98470190
vn -0.03892569 -0.01320136 0.99915490
vn -0.03892569 -0.01320136 0.99915490
vn -0.02585040 -0.00713259 0.99964030
vn -0.02585040 -0.00713259 0.99964030
vn -0.02585040 -0.00713259 0.99964030
vn -0.03984682 -0.00151023 0.99920470
vn -0.03560632 0.00614984 0.99934690
vn -0.05762945 -0.00921367 0.99829550
vn -0.05762947 -0.00921367 0.99829550
vn -0.05762947 -0.00921367 0.99829550
vn -0.06176719 -0.01396948 0.99799280
vn -0.05540403 -0.02030786 0.99825750
vn -0.06063331 -0.02523117 0.99784110
vn -0.06161901 -0.02401183 0.99781090
vn -0.06233139 -0.02458671 0.99775260
vn -0.06681773 -0.01967496 0.99757120
vn -0.04088928 0.00155993 0.99916240
vn -0.04284792 0.00355952 0.99907530
vn -0.04164065 0.00433572 0.99912330
vn -0.04198878 0.00452807 0.99910780
vn -0.06451784 -0.01600006 0.99778830
vn -0.06334940 -0.01677494 0.99785040
vn -0.05916060 -0.01268060 0.99816790
vn -0.06008177 -0.01218024 0.99811910
vn -0.03359658 0.01599037 0.99930760
vn -0.03466058 0.01708203 0.99925310
vn -0.04049926 0.01029368 0.99912660
vn -0.03909902 0.00875593 0.99919690
vn 0.16194660 0.23926700 0.95735290
vn 0.16311460 0.23864320 0.95731030
vn -0.69708400 -0.39215730 -0.60023870
vn -0.72328740 -0.26681600 -0.63691790
vn -0.71050070 -0.26380210 -0.65237810
vn -0.72389950 -0.26663180 -0.63629940
vn -0.71050060 -0.26380210 -0.65237820
vn -0.66886040 -0.40074770 -0.62612070
vn -0.71050070 -0.26380210 -0.65237810
vn -0.69708400 -0.39215730 -0.60023870
vn -0.64665700 -0.22552370 0.72867940
vn -0.64665700 -0.22552370 0.72867950
vn -0.64665700 -0.22552370 0.72867940
vn -0.66589620 -0.18666750 0.72231410
vn -0.66817150 -0.18926130 0.71953240
vn -0.65854520 -0.20652940 0.72364620
vn -0.64845710 -0.18594490 0.73819230
vn -0.67790930 -0.14242490 0.72121710
vn -0.67389880 -0.13246760 0.72685120
vn -0.68202460 -0.12176890 0.72112050
vn -0.68197620 -0.12178430 0.72116370
vn -0.67848140 -0.12581810 0.72376290
vn -0.67996940 -0.12957140 0.72170140
vn -0.68186530 -0.12676720 0.72040930
vn -0.67680470 -0.11402060 0.72727890
vn -0.69935400 -0.08620131 0.70955850
vn -0.69517770 -0.06941124 0.71547900
vn -0.71750990 -0.05158298 0.69463570
vn -0.71743760 -0.05250726 0.69464110
vn -0.71743760 -0.05250725 0.69464110
vn -0.71743760 -0.05250726 0.69464110
vn -0.74571380 -0.03915376 0.66511490
vn -0.72684070 -0.02266619 0.68643200
vn -0.72508730 -0.02448926 0.68822130
vn -0.71151520 0.02171481 0.70233510
vn -0.77479520 0.15429610 0.61309470
vn -0.77479520 0.15429610 0.61309470
vn -0.77479520 0.15429610 0.61309470
vn -0.74515790 0.19620230 0.63737300
vn -0.33547660 -0.87326020 -0.35337240
vn -0.44626760 -0.81647560 -0.36635060
vn -0.52449670 -0.70652440 -0.47510670
vn -0.16507110 -0.84478380 -0.50901070
vn -0.31951760 -0.87719200 -0.35838910
vn 0.00096499 -0.92457560 -0.38099750
vn -0.26158960 -0.93892580 -0.22358310
vn -0.09416740 -0.98542900 -0.14164130
vn -0.02181935 -0.97807070 -0.20712680
vn -0.07386778 -0.98056730 -0.18174560
vn -0.11891830 -0.97371250 -0.19427450
vn -0.13818960 -0.97217980 -0.18912990
vn -0.02466891 -0.96766420 -0.25103310
vn -0.24588000 -0.90380740 -0.35025030
vn -0.30989110 -0.89569460 -0.31890240
vn -0.36987660 -0.81728010 -0.44186500
vn -0.36296340 -0.89631650 -0.25470430
vn -0.36652790 -0.81753120 -0.44418480
vn -0.35468420 -0.83548660 -0.41971550
vn -0.34746860 -0.83598430 -0.42473020
vn -0.34749270 -0.83595670 -0.42476500
vn -0.37116770 -0.82197840 -0.43195590
vn -0.35653360 -0.83468590 -0.41974180
vn -0.35934900 -0.81263270 -0.45879880
vn -0.35212080 -0.83520460 -0.42242650
vn -0.40045650 -0.82956310 -0.38917810
vn -0.41373810 -0.80988290 -0.41582520
vn -0.39828260 -0.80800050 -0.43417300
vn -0.39691730 -0.81181260 -0.42827200
vn -0.46408960 -0.73943310 -0.48770850
vn -0.52471490 -0.57653510 -0.62632380
vn -0.44698090 -0.73629670 -0.50801100
vn -0.54250100 -0.57628640 -0.61121740
vn -0.66114310 -0.39169920 -0.63989170
vn 0.67071660 0.15245890 -0.72587560
vn -0.67638870 -0.39099560 -0.62419620
vn -0.67607130 -0.26740240 -0.68660280
vn 0.67071660 0.15245890 -0.72587560
vn 0.63776920 0.15446820 -0.75457940
vn 0.67071660 0.15245890 -0.72587560
vn 0.64146850 0.03808466 -0.76620350
vn 0.65652130 0.13020420 -0.74298490
vn 0.65615730 0.04272572 -0.75341360
vn 0.65843920 0.09490325 -0.74662660
vn 0.65216050 -0.28871620 -0.70094920
vn 0.65216050 -0.28871630 -0.70094910
vn 0.65216050 -0.28871610 -0.70094910
vn 0.66858730 0.11639710 -0.73446760
vn 0.66918960 0.11566410 -0.73403480
vn 0.67255650 0.12355010 -0.72965960
vn 0.64816030 0.15532050 -0.74549560
vn 0.64764680 0.15432040 -0.74614930
vn 0.65676560 0.14476020 -0.74006970
vn 0.70559350 0.13441760 -0.69575130
vn 0.70702140 0.15687120 -0.68957380
vn 0.70702150 0.15687120 -0.68957380
vn 0.70657230 0.15701220 -0.69000200
vn 0.70699190 0.16643490 -0.68735870
vn 0.44950980 0.81488580 0.36592630
vn 0.65067310 0.14137250 -0.74608210
vn 0.38389780 0.44359140 -0.80984510
vn 0.38066480 0.44023890 -0.81319370
vn 0.38066480 0.44023890 -0.81319370
vn 0.38066480 0.44023890 -0.81319370
vn -0.00210652 0.92439720 0.38142540
vn 0.16275170 0.84534800 0.50882090
vn 0.02171984 0.97805280 0.20722260
vn 0.07404063 0.98057870 0.18161310
vn 0.13834750 0.97222620 0.18877540
vn 0.02468378 0.96758850 0.25132300
vn 0.36306370 0.89645420 0.25407580
vn 0.12525360 0.90317830 0.41058560
vn 0.36650610 0.81754630 0.44417490
vn 0.34379990 0.83541530 0.42881560
vn 0.34745650 0.83599710 0.42471510
vn 0.35208550 0.83521710 0.42243140
vn 0.35654570 0.83468230 0.41973880
vn 0.40043290 0.82956640 0.38919550
vn 0.39823920 0.80801030 0.43419440
vn 0.39693350 0.81182860 0.42822660
vn 0.44695570 0.73629670 0.50803330
vn 0.45152490 0.73581080 0.50468580
vn 0.54233480 0.57585280 0.61177330
vn 0.70729890 0.39021860 0.58945540
vn 0.67919800 0.38464780 0.62508890
vn 0.72607560 0.25693440 0.63780800
vn 0.71266660 0.25413820 0.65385020
vn 0.72458060 0.25742500 0.63930850
vn 0.70353440 0.35952090 0.61301240
vn 0.67827280 0.25784130 0.68808720
vn 0.70353440 0.35952090 0.61301240
vn 0.66376170 0.38540450 0.64100220
vn 0.52490480 0.57606670 0.62659560
vn 0.40883290 0.74433160 0.52803980
vn 0.35938370 0.81262690 0.45878190
vn 0.34749720 0.83595140 0.42477170
vn 0.35468250 0.83547980 0.41973070
vn 0.36991030 0.81729630 0.44180660
vn 0.30962190 0.89583900 0.31875800
vn 0.24606280 0.90374610 0.35028020
vn 0.08661944 0.98573620 0.14429540
vn 0.09425124 0.98543590 0.14153750
vn 0.33581180 0.87313720 0.35335790
vn 0.45243990 0.75747730 0.47066560
vn 0.52460620 0.70644680 0.47510150
vn 0.52460620 0.70644680 0.47510150
vn 0.79923500 0.22841280 0.55592350
vn 0.75758530 0.10829950 0.64368910
vn 0.75633480 0.10916620 0.64501200
vn 0.76274170 0.10720780 0.63775500
vn 0.74495940 0.13915260 0.65243550
vn 0.75928320 0.13599130 0.63639250
vn 0.71676450 0.12055730 0.68681480
vn 0.79923500 0.22841280 0.55592350
vn 0.70754040 0.14950090 0.69067800
vn 0.70754040 0.14950080 0.69067800
vn 0.71608320 0.19839970 0.66922520
vn 0.74434700 0.16587050 0.64686510
vn 0.73636610 0.21545080 0.64136270
vn 0.70754040 0.14950090 0.69067800
vn 0.71022250 0.19795910 0.67557110
vn 0.72418530 0.21868970 0.65401100
vn 0.72918650 0.17001470 0.66285900
vn 0.68858520 0.20291960 0.69618540
vn 0.73345610 0.21679000 0.64423940
vn 0.75328840 0.23462020 0.61441830
vn 0.75387140 0.26304290 0.60206840
vn 0.75387140 0.26304290 0.60206840
vn 0.74518140 0.23875660 0.62265570
vn 0.74075220 0.26715470 0.61637210
vn 0.76661160 0.29252710 0.57160700
vn 0.66313200 0.26083940 0.70158300
vn 0.73510050 0.30023290 0.60785480
vn 0.73510050 0.30023300 0.60785480
vn 0.76726120 0.32761560 0.55134220
vn 0.68274050 0.31489230 0.65932420
vn 0.71860800 0.33893960 0.60722520
vn 0.75649320 0.35843050 0.54703360
vn 0.68125340 0.34940030 0.64328310
vn 0.70844410 0.36967950 0.60120220
vn 0.74319050 0.38406020 0.54787370
vn 0.74319050 0.38406010 0.54787380
vn 0.75982830 0.40170440 0.51116980
vn 0.68698970 0.37651340 0.62151660
vn 0.75982830 0.40170440 0.51116980
vn 0.75901560 0.43490210 0.48451570
vn 0.70084360 0.41610360 0.57937550
vn 0.67868410 0.42336730 0.60012340
vn 0.75901560 0.43490210 0.48451570
vn 0.67875260 0.47969280 0.55604820
vn 0.64175870 0.49528120 0.58552740
vn 0.72252080 0.46988560 0.50712040
vn 0.67370810 0.48140910 0.56068060
vn 0.65520740 0.50640320 0.56058810
vn -0.69698900 0.14096870 0.70308900
vn -0.69698900 0.14096870 0.70308900
vn -0.69462060 0.13850440 0.70591710
vn -0.69670510 0.14008930 0.70354600
vn -0.69370570 0.13873520 0.70677080
vn -0.69559720 0.14087210 0.70448530
vn -0.69446350 0.14070510 0.70563630
vn -0.69546650 0.14207650 0.70437240
vn -0.68892110 0.13884510 0.71141400
vn -0.69355660 0.14313860 0.70603870
vn -0.69065310 0.14475630 0.70855060
vn -0.69387670 0.14523290 0.70529600
vn -0.69792180 0.13872140 0.70261060
vn -0.69849510 0.14319180 0.70114250
vn -0.71449220 0.19233490 0.67268720
vn -0.72088530 0.18650060 0.66748920
vn -0.72088530 0.18650060 0.66748920
vn -0.72088530 0.18650060 0.66748920
vn -0.70829930 0.13780400 0.69233100
vn -0.69534770 0.13850120 0.70520150
vn -0.69534770 0.13850110 0.70520150
vn -0.69534770 0.13850120 0.70520150
vn -0.68206290 0.14010660 0.71774670
vn -0.67861940 0.13993440 0.72103670
vn -0.67861940 0.13993440 0.72103670
vn -0.67861940 0.13993440 0.72103670
vn -0.67858820 0.09651634 0.72815010
vn -0.75763960 -0.10827870 -0.64362870
vn -0.74500010 -0.13914810 -0.65238990
vn -0.70729790 -0.14951880 -0.69092240
vn -0.74439700 -0.16585540 -0.64681140
vn -0.72941290 -0.16998580 -0.66261740
vn -0.75082780 -0.18965720 -0.63268290
vn -0.68832170 -0.20287180 -0.69645970
vn -0.72417250 -0.21873370 -0.65401050
vn -0.73369990 -0.21671760 -0.64398600
vn -0.74573330 -0.23871570 -0.62201020
vn -0.66259490 -0.26091920 -0.70206060
vn -0.74127150 -0.26714530 -0.61575140
vn -0.74127150 -0.26714530 -0.61575140
vn -0.73540410 -0.30022110 -0.60749330
vn -0.68263320 -0.31491140 -0.65942610
vn -0.76771400 -0.32730720 -0.55089490
vn -0.68145270 -0.34975480 -0.64287920
vn -0.67769870 -0.38175750 -0.62847890
vn -0.68702870 -0.37660940 -0.62141520
vn -0.66607510 -0.40653180 -0.62536060
vn -0.68702880 -0.37660950 -0.62141510
vn -0.64862100 -0.43507210 -0.62450220
vn -0.70120500 -0.41616760 -0.57889220
vn -0.62468560 -0.47156700 -0.62240850
vn -0.67429040 -0.45670360 -0.58030530
vn -0.72305590 -0.46991040 -0.50633430
vn -0.67853740 -0.47964690 -0.55635050
vn -0.67244450 -0.49507040 -0.55020330
vn -0.65510350 -0.50621830 -0.56087650
vn -0.65510350 -0.50621830 -0.56087650
vn -0.65510350 -0.50621830 -0.56087650
vn -0.64142380 -0.49546380 -0.58573990
vn -0.62468560 -0.47156700 -0.62240850
vn -0.64862100 -0.43507200 -0.62450220
vn -0.66607510 -0.40653180 -0.62536060
vn -0.67769870 -0.38175750 -0.62847890
vn -0.76677610 -0.29247600 -0.57141230
vn -0.72040060 -0.30629230 -0.62226040
vn -0.71495680 -0.24507770 -0.65480810
vn -0.75357370 -0.23459950 -0.61407640
vn -0.73653780 -0.21546150 -0.64116180
vn -0.71560040 -0.19843680 -0.66973050
vn -0.74888500 -0.13928230 -0.64789790
vn -0.76270890 -0.10718430 -0.63779820
vn -0.75646060 -0.10916970 -0.64486380
vn -0.67858820 0.09651634 0.72815010
vn 0.64992870 -0.00492589 -0.75997930
vn 0.64992870 -0.00492589 -0.75997930
vn 0.64992870 -0.00492589 -0.75997930
vn 0.64191980 -0.00952504 -0.76671270
vn 0.67737530 -0.11926730 -0.72590510
vn 0.67717370 -0.13381470 -0.72355340
vn 0.67885050 -0.13703850 -0.72137530
vn 0.67696880 -0.12998040 -0.72444340
vn 0.67238590 -0.13183560 -0.72836570
vn 0.67308960 -0.13380730 -0.72735550
vn 0.66495610 -0.13756560 -0.73410430
vn 0.66617820 -0.14659710 -0.73124280
vn 0.65887950 -0.14963370 -0.73721610
vn 0.65878150 -0.14861020 -0.73751070
vn 0.66569350 -0.14585720 -0.73183190
vn 0.66578060 -0.14399310 -0.73212170
vn 0.67802040 -0.14029550 -0.72153000
vn 0.67764290 -0.13888700 -0.72215690
vn 0.68028440 -0.13799180 -0.71984120
vn 0.68050280 -0.13352120 -0.72047760
vn 0.66265730 -0.13750930 -0.73619050
vn 0.66301990 -0.13801560 -0.73576920
vn 0.66301990 -0.13801560 -0.73576920
vn 0.66301990 -0.13801550 -0.73576920
vn 0.65189990 -0.14023280 -0.74522570
vn 0.65173510 -0.14052610 -0.74531450
vn 0.65609160 -0.13512820 -0.74248520
vn 0.65609160 -0.13512820 -0.74248520
vn 0.65609160 -0.13512820 -0.74248520
vn 0.65198540 -0.22795200 -0.72315480
vn 0.92042050 0.38936420 0.03495083
vn 0.92042050 0.38936410 0.03495083
vn 0.92042050 0.38936410 0.03495083
vn 0.96900720 0.24540970 -0.02826861
vn 0.96700160 0.22033030 -0.12791610
vn 0.91907270 0.34951770 -0.18205180
vn 0.97592210 0.21700460 -0.02202071
vn 0.92042050 0.38936420 0.03495083
vn 0.97494450 0.22232700 0.00733817
vn 0.93635900 0.34874040 -0.04014750
vn 0.54204400 0.83607910 0.08461772
vn 0.93630430 0.34935270 -0.03587431
vn 0.83308280 0.55295620 0.01457727
vn 0.55853940 0.82935080 0.01452761
vn 0.83124480 0.55512480 0.02947157
vn 0.55397390 0.82823290 -0.08451781
vn 0.38783460 0.92026480 0.05193394
vn 0.35472690 0.91871330 0.17359360
vn 0.51165730 0.84698000 0.14433200
vn 0.35835360 0.93211070 0.05246444
vn 0.56280220 0.82189000 0.08803692
vn 0.31696390 0.93888910 -0.13424250
vn 0.39499070 0.91727610 -0.05086032
vn 0.62539630 0.77251920 -0.10997040
vn 0.49854630 0.84674690 -0.18566460
vn 0.26625330 0.95931740 -0.09391087
vn 0.48697470 0.86464260 -0.12348700
vn 0.31733340 0.93270690 -0.17134000
vn -0.00725504 -0.03180251 0.99946790
vn -0.62500720 -0.77282600 0.11002740
vn 0.06593976 0.09919045 0.99288130
vn 0.01846880 -0.09808552 0.99500660
vn 0.03525498 -0.10654840 0.99368240
vn 0.02785171 -0.10955440 0.99359060
vn 0.03248082 -0.13251530 0.99064860
vn -0.00312050 -0.14220320 0.98983260
vn -0.00312050 -0.14220320 0.98983260
vn -0.97262850 -0.23223660 -0.00773387
vn -0.90006430 -0.43153170 0.06053666
vn -0.97366930 -0.22686450 0.02237320
vn -0.93385680 -0.35546620 0.03943600
vn -0.93379070 -0.35609240 0.03511552
vn -0.83285770 -0.55331460 -0.01381519
vn -0.83091460 -0.55562590 -0.02933949
vn -0.55883620 -0.82915520 -0.01427612
vn -0.55442110 -0.82797060 0.08415458
vn -0.35839320 -0.93211530 -0.05210909
vn -0.39492610 -0.91730900 0.05077114
vn -0.56306230 -0.82169020 -0.08823831
vn -0.96478430 -0.23019640 0.12728330
vn -0.96649520 -0.25528140 0.02680254
vn -0.90006430 -0.43153170 0.06053666
vn -0.92329160 -0.38326570 0.02529779
vn -0.54179150 -0.83618620 -0.08517370
vn -0.38781800 -0.92025720 -0.05219155
vn -0.35488170 -0.91878270 -0.17290860
vn -0.08003666 0.00456713 -0.99678150
vn -0.09630720 -0.03731235 -0.99465200
vn -0.00546546 0.03407089 -0.99940440
vn -0.09197909 -0.05706714 -0.99412440
vn 0.05193103 0.11571210 -0.99192430
vn -0.09197905 -0.05706712 -0.99412440
vn 0.04121703 0.12531190 -0.99126090
vn -0.08401488 -0.05536077 -0.99492550
vn -0.90006430 -0.43153170 0.06053666
vn 0.05833028 0.09146718 -0.99409830
vn -0.05500666 -0.08490005 -0.99486990
vn -0.05015183 -0.08983936 -0.99469270
vn -0.49853730 -0.84676460 0.18560800
vn -0.31692560 -0.93893310 0.13402510
vn -0.48702120 -0.86464080 0.12331440
vn 0.10034990 0.18812970 0.97700420
vn -0.31756700 -0.93265320 0.17119870
vn -0.26765390 -0.95877710 0.09543528
vn 0.10034990 0.18812970 0.97700420
vn -0.28928830 -0.95510180 0.06397456
vn 0.06011357 0.21801320 0.97409270
vn -0.15105990 -0.93337890 -0.32555330
vn -0.11790470 -0.92682480 -0.35650290
vn -0.15854430 -0.98297610 0.09285344
vn 0.28946100 0.95513810 -0.06263638
vn 0.00313596 0.22571240 0.97418890
vn -0.30261950 -0.91610740 0.26299900
vn -0.02788879 -0.99952150 -0.01337435
vn -0.19379470 -0.96509430 0.17617240
vn 0.09174144 -0.91870890 -0.38413190
vn -0.14911760 -0.97707420 -0.15195410
vn 0.07359793 -0.99466740 0.07225125
vn -0.20362470 -0.97748890 0.05524968
vn -0.16153360 -0.98678950 0.01238190
vn 0.08335585 -0.99517520 0.05175051
vn -0.16153360 -0.98678950 0.01238190
vn -0.06401180 -0.99748050 0.03058110
vn -0.16153360 -0.98678950 0.01238190
vn -0.05327080 -0.96142280 -0.26986740
vn -0.08886684 0.11274320 0.98964220
vn -0.48903170 -0.84825090 0.20326920
vn -0.08446936 0.27896180 0.95658000
vn -0.16734370 0.49518320 0.85251960
vn -0.06379922 0.10661850 0.99225100
vn -0.06379922 0.10661850 0.99225100
vn -0.06379922 0.10661850 0.99225100
vn -0.09782205 0.09019280 0.99110850
vn -0.09782205 0.09019281 0.99110850
vn -0.00925480 0.20820130 0.97804230
vn -0.00018259 0.20468970 0.97882690
vn 0.15852450 0.98305650 -0.09203186
vn 0.19374560 0.96495270 -0.17699950
vn 0.15126810 0.93187870 0.32972710
vn 0.30068410 0.91498270 -0.26906450
vn -0.07366262 0.99466610 -0.07220316
vn 0.11964560 0.92534810 0.35974410
vn -0.09087618 0.91782710 0.38643890
vn -0.08335879 0.99520050 -0.05125718
vn 0.02777048 0.99955890 0.01052257
vn 0.20388940 0.97727290 -0.05802228
vn 0.20589160 0.97803060 -0.03263118
vn 0.14857390 0.97699050 0.15302100
vn 0.04973852 0.96035440 0.27430860
vn 0.12755250 0.98437100 -0.12142510
vn 0.16524270 0.98608920 -0.01796713
vn 0.48966930 0.84774190 -0.20385710
vn -0.05001320 0.00046324 -0.99874840
vn -0.00744415 0.15115110 -0.98848270
vn -0.05456361 0.16232790 -0.98522710
vn -0.10399360 -0.00814593 -0.99454460
vn -0.45657170 0.18788540 -0.86962130
vn -0.49566990 0.13745350 -0.85756520
vn -0.89802340 0.43994730 0.00059961
vn -0.89055010 0.45474340 -0.01135284
vn -0.89288040 0.44707270 0.05376493
vn -0.89288040 0.44707270 0.05376492
vn -0.89818140 0.43956470 0.00729677
vn -0.89777640 0.43073590 0.09200042
vn -0.89777630 0.43073600 0.09200041
vn -0.91959930 0.39285020 -0.00241749
vn -0.91085030 0.40301190 0.08906788
vn -0.91085030 0.40301200 0.08906788
vn -0.91886600 0.39407150 0.01982211
vn -0.92150430 0.38393410 0.05851987
vn -0.92150430 0.38393410 0.05851987
vn -0.93226560 0.36177340 0.00097621
vn -0.92583080 0.37029660 0.07561520
vn -0.92583080 0.37029670 0.07561531
vn -0.93151180 0.36313930 0.02039010
vn -0.93227940 0.35000950 0.09136918
vn -0.93962110 0.34221330 0.00151358
vn -0.93962110 0.34221330 0.00151356
vn -0.94807440 0.31581630 0.03761467
vn -0.95068480 0.30995770 -0.01116373
vn -0.95565850 0.28823950 0.06028976
vn -0.95376550 0.28969990 0.08003290
vn -0.94773560 0.31510740 0.05004625
vn -0.95376550 0.28969990 0.08003290
vn -0.96129920 0.26312350 0.08166965
vn -0.96643540 0.25410210 -0.03787691
vn -0.06572309 -0.13718160 -0.98836310
vn -0.06572323 -0.13718160 -0.98836310
vn -0.06432801 -0.13632220 -0.98857380
vn -0.06831381 -0.13519750 -0.98846090
vn -0.06673902 -0.13487840 -0.98861200
vn -0.06806747 -0.13795900 -0.98809620
vn -0.06912147 -0.13741360 -0.98809900
vn -0.06830257 -0.13495770 -0.98849450
vn -0.07507644 -0.13660650 -0.98777640
vn -0.07206220 -0.13066550 -0.98880420
vn -0.06584433 -0.13545440 -0.98859320
vn -0.06584433 -0.13545440 -0.98859320
vn -0.06584433 -0.13545440 -0.98859320
vn -0.03636504 -0.07741152 -0.99633590
vn -0.03172731 -0.08022142 -0.99627200
vn -0.06123277 -0.13516550 -0.98892910
vn -0.96243140 0.26332440 0.06622700
vn -0.04883076 -0.14024530 -0.98891200
vn -0.96985550 0.23773660 0.05349313
vn -0.97862490 0.20553040 -0.00711806
vn -0.04089418 -0.14982950 -0.98786570
vn -0.04002484 -0.14612430 -0.98845620
vn -0.06525326 -0.14056190 -0.98791920
vn -0.08532660 -0.14078260 -0.98635670
vn -0.08633914 -0.14050190 -0.98630860
vn -0.08626172 -0.13921050 -0.98649850
vn -0.04395583 -0.14528250 -0.98841330
vn -0.04395583 -0.14528250 -0.98841330
vn -0.04395583 -0.14528240 -0.98841330
vn -0.05204790 -0.23394590 -0.97085550
vn -0.97782300 0.20858750 0.01879268
vn -0.98116220 0.18644160 0.05060048
vn -0.97071020 0.23634070 0.04318119
vn -0.97850040 0.18938550 0.08166967
vn -0.98824670 0.15138340 0.02124800
vn -0.96945410 0.23796750 0.05941489
vn -0.97129090 0.19635630 0.13430670
vn -0.98824670 0.15138340 0.02124800
vn -0.98824670 0.15138340 0.02124800
vn -0.98198620 0.15935140 0.10153950
vn -0.98397870 0.15693980 0.08459049
vn -0.99233470 0.11816380 0.03618392
vn -0.98585390 0.12355710 0.11325100
vn -0.98500620 0.12446260 0.11946490
vn -0.99808040 0.05457410 -0.02928105
vn -0.98606380 0.12347040 0.11150380
vn -0.99808040 0.05457410 -0.02928105
vn 0.09171657 0.13927620 0.98599700
vn 0.10528750 0.13397370 0.98537580
vn 0.08566209 0.14555700 0.98563440
vn 0.10490300 0.13204600 0.98567700
vn 0.10673750 0.14137770 0.98418470
vn 0.11229770 0.13000200 0.98513390
vn 0.10667900 0.14095040 0.98425230
vn 0.11205310 0.12918220 0.98526960
vn 0.10667900 0.14095040 0.98425230
vn 0.12180140 0.13799070 0.98291550
vn 0.12180140 0.13799070 0.98291550
vn 0.12222930 0.14296730 0.98215090
vn 0.12222930 0.14296730 0.98215090
vn 0.12222930 0.14296730 0.98215090
vn 0.11533320 0.14349130 0.98290810
vn 0.11274280 0.11291930 0.98718700
vn 0.10260190 0.13202720 0.98592180
vn 0.10606890 0.14113430 0.98429190
vn 0.93222020 -0.35009470 -0.09164631
vn 0.09689319 0.14662940 0.98443470
vn 0.92573860 -0.37028340 -0.07679979
vn 0.08974490 0.14013920 0.98605620
vn 0.92146500 -0.38393270 -0.05914373
vn 0.09116652 0.14336550 0.98546180
vn 0.91086770 -0.40286300 -0.08956177
vn 0.09256324 0.15778310 0.98312590
vn 0.89789910 -0.43049320 -0.09193906
vn 0.13918450 0.26830910 0.95322490
vn 0.89340220 -0.44605630 -0.05353843
vn 0.13918450 0.26830910 0.95322490
vn 0.13106400 0.27117340 0.95356550
vn 0.93222020 -0.35009470 -0.09164620
vn 0.92573860 -0.37028340 -0.07679979
vn 0.92146500 -0.38393270 -0.05914373
vn 0.91086770 -0.40286300 -0.08956177
vn 0.89789910 -0.43049320 -0.09193906
vn 0.89800500 -0.43994390 -0.00603556
vn 0.94808110 -0.31581930 -0.03742210
vn 0.94808110 -0.31581930 -0.03742203
vn 0.95572660 -0.28810990 -0.05982897
vn 0.96556900 -0.25834920 -0.03053446
vn 0.96556900 -0.25834930 -0.03053446
vn 0.96130490 -0.26305410 -0.08182476
vn 0.97072910 -0.23632650 -0.04283503
vn 0.96942520 -0.23796050 -0.05991254
vn 0.97255020 -0.21751740 -0.08265740
vn 0.97870880 -0.19085680 -0.07551702
vn 0.97848880 -0.18936650 -0.08185392
vn 0.98427090 -0.15768480 -0.07966404
vn 0.98401060 -0.15691890 -0.08425866
vn 0.98583160 -0.12360140 -0.11339630
vn 0.98494270 -0.12456380 -0.11988230
vn 0.98604310 -0.12347770 -0.11167940
vn 0.98997860 -0.09877487 -0.10092540
vn 0.99235680 -0.11805820 -0.03592050
vn 0.98997860 -0.09877487 -0.10092540
vn 0.98825810 -0.15139010 -0.02066686
vn 0.98112760 -0.18651910 -0.05098175
vn 0.97864200 -0.20545100 0.00705730
vn 0.96983220 -0.23777890 -0.05372800
vn 0.96639910 -0.25408630 0.03889583
vn 0.95584990 -0.28790190 -0.05885029
vn 0.94772480 -0.31513310 -0.05008875
vn 0.95068400 -0.30996470 0.01104281
vn 0.93216040 -0.36204480 -0.00065944
vn 0.93216040 -0.36204480 -0.00065944
vn 0.91888370 -0.39399580 -0.02049549
vn 0.90776210 -0.41947840 0.00245693
vn 0.89804260 -0.43990370 -0.00202646
vn 0.89804260 -0.43990370 -0.00202646
vn 0.89804260 -0.43990370 -0.00202646
vn 0.89062730 -0.45458550 0.01162042
vn -0.88023250 0.18592610 -0.43660310
vn -0.88023250 0.18592610 -0.43660300
vn -0.88023250 0.18592610 -0.43660300
vn -0.49332180 -0.05862470 -0.86786910
vn -0.42479810 -0.06201354 -0.90316160
vn -0.46910360 -0.02572824 -0.88276840
vn -0.40600900 -0.02964470 -0.91338810
vn -0.45589030 0.00362579 -0.89002850
vn -0.44598190 0.00288840 -0.89503730
vn -0.42167940 0.02605441 -0.90637060
vn -0.38653320 0.02294469 -0.92199000
vn -0.43301390 0.05266816 -0.89984720
vn -0.45701920 0.08081418 -0.88577800
vn -0.47034910 0.10904300 -0.87571760
vn -0.35903000 0.07506225 -0.93030270
vn -0.48374410 -0.05982305 -0.87316260
vn -0.48408680 -0.05982127 -0.87297270
vn -0.88023250 0.18592610 -0.43660310
vn -0.46910930 -0.02574993 -0.88276460
vn -0.51160620 0.01087198 -0.85915140
vn -0.44817540 0.05383055 -0.89232350
vn -0.43301390 0.05266816 -0.89984720
vn -0.46974110 0.08010434 -0.87916250
vn -0.47034920 0.10904300 -0.87571760
vn -0.45215330 0.10791030 -0.88538840
vn -0.43130710 0.13942780 -0.89136640
vn -0.44480170 0.13828890 -0.88488850
vn -0.48343450 0.17635420 -0.85743240
vn -0.44480160 0.13828890 -0.88488850
vn -0.42683980 0.17001340 -0.88820230
vn -0.47001120 0.20094690 -0.85948230
vn -0.38531640 0.13522670 -0.91282250
vn -0.38657110 0.16818840 -0.90679400
vn -0.41702660 0.19508420 -0.88771110
vn -0.45462820 0.21855210 -0.86345140
vn -0.39572810 0.19509430 -0.89740590
vn -0.45462820 0.21855210 -0.86345140
vn -0.48002090 0.24002700 -0.84378140
vn -0.41423340 0.23374760 -0.87964340
vn -0.48002090 0.24002700 -0.84378140
vn -0.48250050 0.27173390 -0.83267870
vn -0.39086700 0.23403970 -0.89019570
vn -0.48250060 0.27173390 -0.83267870
vn -0.39822290 0.28900750 -0.87057050
vn -0.44536300 0.29334330 -0.84593240
vn -0.44536300 0.29334330 -0.84593240
vn -0.39395770 0.28995710 -0.87219390
vn -0.37809940 0.30862410 -0.87280700
vn 0.91558320 -0.00528734 -0.40209380
vn 0.91558320 -0.00528734 -0.40209380
vn 0.91558320 -0.00528734 -0.40209380
vn 0.91322070 -0.00283145 -0.40745540
vn 0.90167280 -0.06927805 -0.42683320
vn 0.89907930 -0.06552505 -0.43285460
vn 0.89658870 -0.07762618 -0.43600780
vn 0.89868800 -0.08095607 -0.43105210
vn 0.89742000 -0.08934484 -0.43203570
vn 0.89784550 -0.08967778 -0.43108160
vn 0.89780510 -0.09183636 -0.43071110
vn 0.89828560 -0.09241498 -0.42958390
vn 0.89828560 -0.09241496 -0.42958390
vn 0.89828560 -0.09241497 -0.42958400
vn 0.89766700 -0.09890272 -0.42943250
vn 0.89707790 -0.09899990 -0.43063940
vn 0.89601480 -0.10229730 -0.43207960
vn 0.89925520 -0.10391930 -0.42490080
vn 0.89910500 -0.10698390 -0.42445820
vn 0.90487560 -0.10828470 -0.41167280
vn 0.90431990 -0.11601560 -0.41078680
vn 0.90736420 -0.11643020 -0.40389890
vn 0.90798420 -0.11274610 -0.40355050
vn 0.89751530 -0.11182180 -0.42657020
vn 0.89724960 -0.11256340 -0.42693410
vn 0.88918540 -0.11231470 -0.44354800
vn 0.88991730 -0.10727520 -0.44332740
vn 0.90184840 -0.10606630 -0.41883110
vn 0.90184840 -0.10606630 -0.41883100
vn 0.90184840 -0.10606630 -0.41883100
vn 0.56764600 -0.18329200 0.80260960
vn 0.49372560 0.05856225 0.86764370
vn 0.46931480 0.02570861 0.88265660
vn 0.40572070 0.02966254 0.91351570
vn 0.44475490 -0.00522383 0.89563700
vn 0.44628310 -0.00290517 0.89488720
vn 0.46728890 -0.03192493 0.88352810
vn 0.38626570 -0.02289749 0.92210330
vn 0.43303110 -0.05262462 0.89984140
vn 0.44359590 -0.05396578 0.89460070
vn 0.45757450 -0.08093295 0.88548030
vn 0.35857340 -0.07499578 0.93048410
vn 0.45229350 -0.10792800 0.88531470
vn 0.45229360 -0.10792810 0.88531470
vn 0.44531180 -0.13835790 0.88462120
vn 0.38494460 -0.13521520 0.91298110
vn 0.48362420 -0.17622830 0.85735120
vn 0.38630530 -0.16819030 0.90690700
vn 0.47021410 -0.20099720 0.85935960
vn 0.39564510 -0.19510810 0.89743950
vn 0.45471860 -0.21847280 0.86342380
vn 0.39564510 -0.19510810 0.89743950
vn 0.48077550 -0.23993460 0.84337790
vn 0.41398410 -0.23370560 0.87977210
vn 0.48275930 -0.27174930 0.83252370
vn 0.39065070 -0.26555010 0.88140520
vn 0.44559670 -0.29314520 0.84587790
vn 0.39835040 -0.28903200 0.87050410
vn 0.39430590 -0.30260480 0.86772880
vn 0.37847990 -0.30879050 0.87258310
vn 0.37847990 -0.30879050 0.87258310
vn 0.37847990 -0.30879050 0.87258310
vn 0.48275930 -0.27174940 0.83252370
vn 0.48077550 -0.23993460 0.84337790
vn 0.45471860 -0.21847280 0.86342380
vn 0.47021410 -0.20099720 0.85935960
vn 0.48362440 -0.17622830 0.85735120
vn 0.48468660 -0.14295650 0.86292650
vn 0.43113730 -0.13932790 0.89146410
vn 0.42297210 -0.07655095 0.90290350
vn 0.47021630 -0.08021241 0.87889850
vn 0.44837520 -0.05385648 0.89222150
vn 0.44475490 -0.00522383 0.89563700
vn 0.44475490 -0.00522383 0.89563710
vn 0.48396730 0.05982333 0.87303890
vn 0.48414420 0.05982136 0.87294100
vn 0.56764600 -0.18329200 0.80260960
vn -0.86530360 0.21150790 0.45443820
vn -0.86530380 0.21150790 0.45443800
vn -0.86530370 0.21150790 0.45443810
vn -0.86153070 0.20940990 0.46250660
vn -0.89452120 0.09545152 0.43671600
vn -0.88993760 0.09393029 0.44630490
vn -0.88827280 0.09128784 0.45015340
vn -0.88850760 0.09434727 0.44905770
vn -0.88395290 0.10768260 0.45500730
vn -0.88299870 0.11101880 0.45605710
vn -0.87827890 0.10966280 0.46540360
vn -0.87911370 0.10517730 0.46486210
vn -0.87544910 0.10437470 0.47190550
vn -0.87472350 0.10848090 0.47232470
vn -0.87900060 0.10923790 0.46413890
vn -0.87850670 0.11286090 0.46420730
vn -0.88603280 0.11385530 0.44942510
vn -0.88615200 0.11574510 0.44870680
vn -0.88837060 0.11610920 0.44420310
vn -0.88790080 0.12059410 0.44394740
vn -0.88119320 0.12059990 0.45711540
vn -0.88137390 0.11861360 0.45728620
vn -0.88137390 0.11861360 0.45728620
vn -0.87809650 0.11594610 0.46422290
vn -0.87809650 0.11594610 0.46422300
vn -0.87767650 0.11622680 0.46494670
vn -0.87767650 0.11622680 0.46494670
vn -0.87767650 0.11622680 0.46494670
vn -0.87701670 0.11621130 0.46619390
vn -0.87973830 0.02654515 0.47471660
vn -0.49635540 -0.30756390 -0.81181010
vn -0.45833890 -0.15688640 -0.87482120
vn -0.46131780 -0.15510090 -0.87357290
vn -0.46565710 -0.15546060 -0.87120340
vn -0.46131770 -0.15510090 -0.87357290
vn -0.42893430 -0.28643470 -0.85672070
vn -0.46131790 -0.15510090 -0.87357290
vn -0.49635540 -0.30756390 -0.81181010
vn -0.88122310 -0.08997515 0.46405850
vn -0.88122310 -0.08997515 0.46405850
vn -0.88122310 -0.08997515 0.46405850
vn -0.88146840 -0.08985273 0.46361620
vn -0.88700210 -0.09422544 0.45204960
vn -0.88789550 -0.09097312 0.45096070
vn -0.89450780 -0.09911130 0.43592760
vn -0.88826430 -0.11636410 0.44434890
vn -0.88189920 -0.10527840 0.45953260
vn -0.89475500 -0.07477218 0.44025300
vn -0.89150540 -0.06786685 0.44789770
vn -0.89518650 -0.05934520 0.44172320
vn -0.89501590 -0.05869037 0.44215600
vn -0.89357660 -0.06189194 0.44462360
vn -0.89372500 -0.06210889 0.44429510
vn -0.89487740 -0.05985711 0.44228000
vn -0.89457980 -0.05949647 0.44293010
vn -0.89840560 -0.05107781 0.43618630
vn -0.89807390 -0.04990451 0.43700440
vn -0.89644900 -0.05194654 0.44009190
vn -0.89644890 -0.05194654 0.44009200
vn -0.90108630 -0.04070925 0.43172460
vn -0.89802960 -0.04533366 0.43759310
vn -0.90370140 -0.02913661 0.42717080
vn -0.90370140 -0.02913661 0.42717080
vn -0.90370140 -0.02913661 0.42717080
vn -0.90230790 -0.02639213 0.43028330
vn -0.93470870 0.11299780 0.33697380
vn -0.93313380 0.11591080 0.34033220
vn -0.35019650 -0.56884430 -0.74416290
vn -0.36436540 -0.56271020 -0.74202100
vn -0.36154390 -0.55140230 -0.75182550
vn -0.33141840 -0.56813130 -0.75325220
vn -0.34831370 -0.56940740 -0.74461600
vn -0.31617700 -0.58544960 -0.74651260
vn -0.36434360 -0.58207810 -0.72693810
vn -0.33920660 -0.60653550 -0.71906440
vn -0.31466420 -0.60736500 -0.72944790
vn -0.35501310 -0.60269880 -0.71464660
vn -0.32908390 -0.60840780 -0.72217990
vn -0.29103800 -0.63711730 -0.71370760
vn -0.29103800 -0.63711740 -0.71370740
vn -0.31544410 -0.66401330 -0.67792430
vn -0.30243500 -0.66641060 -0.68149100
vn -0.28597560 -0.66506210 -0.68986250
vn -0.30476420 -0.68438880 -0.66236750
vn -0.29421200 -0.68563490 -0.66584100
vn -0.31109560 -0.68353900 -0.66029820
vn -0.29474340 -0.69067120 -0.66037840
vn -0.29762570 -0.69033710 -0.65943430
vn -0.30078670 -0.69065220 -0.65766790
vn -0.29229120 -0.67636880 -0.67608520
vn -0.31638570 -0.67188350 -0.66968110
vn -0.32237060 -0.67053910 -0.66817250
vn -0.28749410 -0.63497670 -0.71704380
vn -0.31755930 -0.62311690 -0.71475970
vn -0.35093300 -0.61915340 -0.70249200
vn -0.35175120 -0.62528300 -0.69662910
vn -0.37844900 -0.54142220 -0.75075850
vn -0.34734460 -0.53887310 -0.76744220
vn -0.34810390 -0.41590860 -0.84014510
vn -0.37496650 -0.41437100 -0.82927490
vn -0.36032150 -0.53735580 -0.76250710
vn -0.43181730 -0.27827680 -0.85796030
vn -0.45137610 -0.27575450 -0.84865720
vn -0.41652680 -0.16163380 -0.89463960
vn 0.35025850 0.56880670 0.74416260
vn 0.36157800 0.55144240 0.75177970
vn 0.36442950 0.56276860 0.74194510
vn 0.33141160 0.56821650 0.75319080
vn 0.34825550 0.56944680 0.74461300
vn 0.36442950 0.56276860 0.74194510
vn 0.36442950 0.56276860 0.74194510
vn 0.34600540 0.58634070 0.73245130
vn 0.36433540 0.58208040 0.72694020
vn 0.36433540 0.58208040 0.72694020
vn 0.32906690 0.60842520 0.72217300
vn 0.31460080 0.60737370 0.72946800
vn 0.35514750 0.60272260 0.71455980
vn 0.31543090 0.66401550 0.67792810
vn 0.29116610 0.63712840 0.71364530
vn 0.35679990 0.63033360 0.68947340
vn 0.31543090 0.66401550 0.67792810
vn 0.28598060 0.66507780 0.68984530
vn 0.33012190 0.66092950 0.67393750
vn 0.30482070 0.68436500 0.66236610
vn 0.29419160 0.68564300 0.66584150
vn 0.30145980 0.69057890 0.65743650
vn 0.29471790 0.69067670 0.66038400
vn 0.29764100 0.69033500 0.65942970
vn 0.30077220 0.69062850 0.65769930
vn 0.29233680 0.67635410 0.67608000
vn 0.31640030 0.67189790 0.66965970
vn 0.32233600 0.67056420 0.66816400
vn 0.28749980 0.63495420 0.71706130
vn 0.35179000 0.62530730 0.69658780
vn 0.35094040 0.61917900 0.70246580
vn 0.29920830 0.54951540 0.78006860
vn 0.34728350 0.53887550 0.76746820
vn 0.36037430 0.53739480 0.76245470
vn 0.34808460 0.41589910 0.84015770
vn 0.37489920 0.41436820 0.82930660
vn 0.49028690 0.27875840 0.82577990
vn 0.43184900 0.27828940 0.85794020
vn 0.45139470 0.27578600 0.84863710
vn 0.46562950 0.15546190 0.87121800
vn 0.41657390 0.16162960 0.89461830
vn 0.46127750 0.15508390 0.87359710
vn 0.49244320 0.28785460 0.82136440
vn 0.45829110 0.15688320 0.87484680
vn 0.49244320 0.28785460 0.82136440
vn 0.87754200 0.09435377 -0.47012490
vn 0.73320750 0.33594240 -0.59122720
vn 0.73297640 0.33558360 -0.59171720
vn 0.87754200 0.09435377 -0.47012490
vn 0.87754200 0.09435377 -0.47012490
vn 0.87838550 0.09560181 -0.46829400
vn 0.87524280 0.10314760 -0.47255760
vn 0.88777140 0.07107988 -0.45476320
vn 0.88983680 0.06673535 -0.45137210
vn 0.88998230 0.06711160 -0.45102940
vn 0.88998230 0.06711160 -0.45102940
vn 0.88998230 0.06711160 -0.45102930
vn 0.87910140 0.09027625 -0.46800750
vn 0.87906300 0.08951381 -0.46822600
vn 0.87954760 0.08854316 -0.46749980
vn 0.87880420 0.08736847 -0.46911620
vn 0.89095680 0.06357326 -0.44961600
vn 0.88941160 0.05931242 -0.45324290
vn 0.88891440 0.05958893 -0.45418090
vn 0.88848220 0.05882272 -0.45512570
vn 0.88691400 0.07480266 -0.45583780
vn 0.89002100 0.07938784 -0.44895460
vn 0.89002100 0.07938784 -0.44895460
vn 0.89002110 0.07938783 -0.44895450
vn 0.87822690 0.08462430 -0.47069760
vn 0.87221350 0.08075640 -0.48241250
vn 0.87360080 0.07216228 -0.48126310
vn 0.87834320 0.07343140 -0.47235690
vn 0.87834330 0.07343143 -0.47235670
vn 0.87834320 0.07343140 -0.47235690
vn 0.88271920 -0.14550980 -0.44680390
vn 0.45326290 -0.38463030 0.80412210
vn 0.49825670 -0.25938240 0.82732160
vn 0.50111850 -0.25734640 0.82622830
vn 0.50618720 -0.25774630 0.82300750
vn 0.50111850 -0.25734630 0.82622820
vn 0.46202960 -0.38586510 0.79852160
vn 0.50111850 -0.25734640 0.82622830
vn 0.45326290 -0.38463030 0.80412210
vn 0.84961900 -0.08237742 -0.52092360
vn 0.84961900 -0.08237742 -0.52092360
vn 0.84961900 -0.08237742 -0.52092360
vn 0.85650130 -0.08469981 -0.50914780
vn 0.86376350 -0.09474265 -0.49491040
vn 0.85629260 -0.11164550 -0.50427990
vn 0.84967960 -0.09757602 -0.51819250
vn 0.86458220 -0.06954647 -0.49765550
vn 0.86109550 -0.06156487 -0.50470210
vn 0.86559070 -0.05386671 -0.49784650
vn 0.86514390 -0.05287842 -0.49872830
vn 0.86350510 -0.05587970 -0.50123510
vn 0.86365790 -0.05613520 -0.50094290
vn 0.86365790 -0.05613520 -0.50094290
vn 0.86365790 -0.05613520 -0.50094290
vn 0.86483520 -0.05426075 -0.49911510
vn 0.86471900 -0.05374653 -0.49937200
vn 0.86732770 -0.04721254 -0.49549330
vn 0.86732770 -0.04721254 -0.49549330
vn 0.86732770 -0.04721254 -0.49549330
vn 0.86703720 -0.04621648 -0.49609520
vn 0.87247400 -0.03593075 -0.48733770
vn 0.87193110 -0.03458896 -0.48840520
vn 0.86937480 -0.04051540 -0.49248950
vn 0.87444230 -0.02114742 -0.48466840
vn 0.87444230 -0.02114742 -0.48466840
vn 0.87444230 -0.02114742 -0.48466840
vn 0.91462240 0.11412530 -0.38786780
vn 0.91462240 0.11412530 -0.38786780
vn 0.36396820 -0.65023930 0.66687030
vn 0.37807950 -0.64460020 0.66448960
vn 0.37634090 -0.63432590 0.67527640
vn 0.34620660 -0.64958530 0.67688980
vn 0.36216580 -0.65062480 0.66747520
vn 0.33004150 -0.66521600 0.66974650
vn 0.37615640 -0.66204580 0.64822950
vn 0.34996860 -0.68409930 0.63994540
vn 0.32661150 -0.68491670 0.65131720
vn 0.36540340 -0.68063090 0.63499760
vn 0.34022390 -0.68580970 0.64336050
vn 0.30138820 -0.71143950 0.63483770
vn 0.30138820 -0.71143950 0.63483770
vn 0.32189900 -0.73520410 0.59653670
vn 0.30937210 -0.73737350 0.60047420
vn 0.29385610 -0.73619810 0.60964010
vn 0.30968920 -0.75316920 0.58036930
vn 0.29962070 -0.75424920 0.58423920
vn 0.31578790 -0.75242440 0.57804460
vn 0.29957770 -0.75869210 0.57848030
vn 0.30238420 -0.75837480 0.57743530
vn 0.30528190 -0.75862620 0.57557730
vn 0.29872950 -0.74611040 0.59504620
vn 0.32200330 -0.74217990 0.58777790
vn 0.32778260 -0.74096910 0.58610860
vn 0.29820120 -0.70951010 0.63849150
vn 0.32785870 -0.69897930 0.63556010
vn 0.35990940 -0.69534650 0.62205980
vn 0.36013390 -0.70081110 0.61576570
vn 0.39328620 -0.62516120 0.67416570
vn 0.36390470 -0.62299560 0.69242320
vn 0.37483350 -0.50926840 0.77469060
vn 0.40062530 -0.50780420 0.76264950
vn 0.37640040 -0.62158580 0.68698890
vn 0.46541570 -0.37802720 0.80030230
vn 0.48430000 -0.37541030 0.79026620
vn 0.45846000 -0.26397860 0.84860460
vn -0.46090900 0.36526740 -0.80879090
vn -0.50104130 0.25733560 -0.82627840
vn -0.49819640 0.25937480 -0.82736030
vn -0.50619080 0.25773280 -0.82300960
vn -0.48430030 0.37541780 -0.79026230
vn -0.52130110 0.37780920 -0.76518330
vn -0.45842820 0.26397980 -0.84862140
vn -0.46090900 0.36526740 -0.80879090
vn -0.46538360 0.37801110 -0.80032850
vn -0.40064140 0.50779070 -0.76265000
vn -0.37641720 0.62158710 -0.68697860
vn -0.37489030 0.50926040 -0.77466850
vn -0.36388820 0.62299220 -0.69243480
vn -0.35993540 0.69536810 -0.62202070
vn -0.31714250 0.63259120 -0.70657560
vn -0.36016440 0.70080300 -0.61575700
vn -0.32778010 0.74099580 -0.58607610
vn -0.29818930 0.70953830 -0.63846560
vn -0.32197520 0.74217810 -0.58779560
vn -0.30530030 0.75862560 -0.57556840
vn -0.29874460 0.74611790 -0.59502920
vn -0.30236950 0.75838600 -0.57742820
vn -0.30587750 0.75858210 -0.57531930
vn -0.29955170 0.75868520 -0.57850290
vn -0.29955310 0.75425920 -0.58426110
vn -0.33612320 0.73246540 -0.59204360
vn -0.30973750 0.75315880 -0.58035730
vn -0.29385140 0.73617270 -0.60967290
vn -0.29385140 0.73617270 -0.60967290
vn -0.32185480 0.73524300 -0.59651260
vn -0.32273890 0.71304470 -0.62242030
vn -0.30136540 0.71144510 -0.63484230
vn -0.33949550 0.71050580 -0.61638000
vn -0.33949540 0.71050580 -0.61638000
vn -0.36540090 0.68060320 -0.63502870
vn -0.33949550 0.71050580 -0.61638000
vn -0.34011030 0.68582320 -0.64340620
vn -0.37621180 0.66205170 -0.64819150
vn -0.34997150 0.68409510 -0.63994830
vn -0.35076540 0.66684270 -0.65748340
vn -0.36203090 0.65065150 -0.66752250
vn -0.37807260 0.64457310 -0.66451980
vn -0.34614840 0.64964260 -0.67686460
vn -0.36417240 0.65010200 -0.66689270
vn -0.37635650 0.63433690 -0.67525740
vn -0.85620320 -0.19762390 0.47734780
vn -0.84633290 0.06440303 0.52874640
vn -0.84633290 0.06440302 0.52874650
vn -0.84633290 0.06440303 0.52874640
vn -0.84168680 0.06218991 0.53637280
vn -0.83974280 0.07094774 0.53832950
vn -0.84579660 0.07569520 0.52810810
vn -0.85909390 0.07324391 0.50655000
vn -0.85909390 0.07324391 0.50655000
vn -0.85909390 0.07324391 0.50655000
vn -0.85581460 0.06778812 0.51282190
vn -0.85825470 0.06314693 0.50932430
vn -0.85503340 0.05631716 0.51550570
vn -0.85797680 0.05141536 0.51110900
vn -0.85851990 0.05266708 0.51006840
vn -0.85882070 0.05236045 0.50959320
vn -0.86088260 0.05667366 0.50563750
vn -0.84654940 0.07902259 0.52641200
vn -0.84721180 0.08073330 0.52508520
vn -0.84687020 0.08112600 0.52557520
vn -0.85927490 0.06007469 0.50797400
vn -0.85927490 0.06007467 0.50797390
vn -0.85927490 0.06007468 0.50797400
vn -0.85692720 0.06419045 0.51142470
vn -0.85719010 0.06495876 0.51088700
vn -0.84591230 0.08789302 0.52602960
vn -0.84591230 0.08789302 0.52602960
vn -0.84591230 0.08789302 0.52602960
vn -0.84500190 0.08601320 0.52780080
vn -0.68577930 0.31585170 0.65570150
vn -0.68571170 0.31554200 0.65592140
vn 0.84384440 -0.18252500 -0.50459030
vn 0.86788000 -0.11514690 -0.48324480
vn 0.86788000 -0.11514690 -0.48324480
vn 0.86788000 -0.11514690 -0.48324480
vn 0.88948190 -0.12596650 -0.43926570
vn 0.84306180 -0.23982110 -0.48138640
vn 0.82338320 -0.38857990 -0.41357680
vn 0.80189170 -0.38866720 -0.45377030
vn 0.83438260 -0.39252390 -0.38695040
vn 0.76002790 -0.51773130 -0.39282540
vn 0.68782510 -0.60480850 -0.40137700
vn 0.70611290 -0.60540460 -0.36727340
vn 0.70823400 -0.61981510 -0.33798520
vn 0.66021510 -0.65457110 -0.36831050
vn 0.66661270 -0.66095730 -0.34461990
vn 0.64970310 -0.67456220 -0.35050200
vn 0.65270160 -0.66803620 -0.35736330
vn 0.65940540 -0.67013010 -0.34074950
vn 0.67213940 -0.65015870 -0.35429100
vn 0.68054800 -0.65018840 -0.33780120
vn 0.66854080 -0.64677920 -0.36705580
vn 0.70483550 -0.62167170 -0.34165950
vn 0.68803040 -0.61741820 -0.38132520
vn 0.72104120 -0.58977500 -0.36368260
vn 0.72721450 -0.56756600 -0.38604140
vn 0.73846980 -0.56751080 -0.36413440
vn 0.73675660 -0.54860910 -0.39524370
vn 0.74542610 -0.54873340 -0.37845960
vn 0.73629660 -0.54776010 -0.39727340
vn 0.73409000 -0.54049810 -0.41106420
vn 0.74417860 -0.52923740 -0.40756100
vn 0.71880340 -0.56009570 -0.41184290
vn 0.70617360 -0.58173870 -0.40360740
vn 0.70483550 -0.62167170 -0.34165950
vn 0.66463930 -0.64241510 -0.38151990
vn 0.65066630 -0.66668780 -0.36353900
vn 0.64793490 -0.67461650 -0.35365670
vn 0.65871210 -0.65275690 -0.37417450
vn 0.69381420 -0.59866370 -0.40027960
vn 0.75503730 -0.51512770 -0.40566240
vn 0.82943110 -0.39943000 -0.39051210
vn 0.81973450 -0.23932050 -0.52034700
vn 0.84734520 -0.25106420 -0.46794550
vn 0.86777350 -0.11797050 -0.48275460
vn 0.84384440 -0.18252500 -0.50459030
vn -0.34775250 0.20061040 -0.91587320
vn -0.35179350 0.20376370 -0.91363100
vn -0.44238620 0.05601119 -0.89507380
vn -0.43973590 0.05331357 -0.89654330
vn -0.43973590 0.05331357 -0.89654330
vn -0.43973590 0.05331359 -0.89654330
vn -0.44972540 0.03620180 -0.89243290
vn -0.44958570 0.03573439 -0.89252220
vn -0.45305690 0.02943017 -0.89099570
vn -0.45193200 0.02858640 -0.89159420
vn -0.44965980 0.03164509 -0.89263920
vn -0.44838800 0.03044874 -0.89332020
vn -0.45578290 0.02146020 -0.88983210
vn -0.45486400 0.02092272 -0.89031510
vn -0.45702490 0.01858313 -0.88925980
vn -0.45740610 0.01898453 -0.88905520
vn -0.45448320 0.02226197 -0.89047710
vn -0.45452860 0.02161361 -0.89046980
vn -0.46054570 0.01285041 -0.88754300
vn -0.45344970 0.00596802 -0.89126190
vn -0.47242130 -0.02603569 -0.88098820
vn -0.45754230 -0.03753347 -0.88839530
vn -0.44872340 -0.01909039 -0.89346670
vn -0.44872340 -0.01909039 -0.89346670
vn -0.44872340 -0.01909039 -0.89346670
vn -0.46431840 -0.01137276 -0.88559530
vn -0.46542670 -0.01458508 -0.88496620
vn -0.47673170 -0.01103549 -0.87897960
vn -0.47673170 -0.01103549 -0.87897960
vn -0.44321960 -0.01688906 -0.89625410
vn -0.44794810 -0.11700960 -0.88636980
vn -0.73622020 0.54784550 0.39729730
vn -0.74418350 0.52924450 0.40754290
vn -0.73412170 0.54049680 0.41100930
vn -0.74540830 0.54880310 0.37839350
vn -0.73676340 0.54854920 0.39531440
vn -0.73412160 0.54049680 0.41100930
vn -0.73412160 0.54049680 0.41100930
vn -0.72426530 0.56587580 0.39398510
vn -0.71883350 0.56007900 0.41181290
vn -0.71883350 0.56007900 0.41181290
vn -0.68806910 0.61740450 0.38127750
vn -0.72104480 0.58978760 0.36365510
vn -0.70620720 0.58166380 0.40365660
vn -0.66860000 0.64671490 0.36706130
vn -0.70479800 0.62170830 0.34167020
vn -0.68056870 0.60944210 0.40670210
vn -0.67211040 0.65018600 0.35429620
vn -0.68054180 0.65016500 0.33785850
vn -0.66461220 0.64245530 0.38149940
vn -0.65272890 0.66800300 0.35737520
vn -0.65939890 0.67016320 0.34069690
vn -0.65065780 0.66666640 0.36359380
vn -0.66660920 0.66095170 0.34463740
vn -0.64773480 0.67446970 0.35430250
vn -0.64794150 0.67461280 0.35365150
vn -0.66019360 0.65460070 0.36829660
vn -0.66201030 0.65461710 0.36499150
vn -0.65870710 0.65274200 0.37420940
vn -0.70824890 0.61979960 0.33798210
vn -0.68781950 0.60478560 0.40142080
vn -0.69379660 0.59868090 0.40028430
vn -0.77268890 0.53256590 0.34543500
vn -0.76003090 0.51774630 0.39280010
vn -0.75504000 0.51510810 0.40568250
vn -0.83438650 0.39250140 0.38696490
vn -0.82338480 0.38861760 0.41353820
vn -0.82937320 0.39942670 0.39063840
vn -0.85258060 0.24418470 0.46203910
vn -0.81975250 0.23935290 0.52030380
vn -0.84733120 0.25101640 0.46799650
vn -0.88946180 0.12597410 0.43930430
vn -0.86789460 0.11514830 0.48321820
vn -0.85204680 0.16113100 0.49804910
vn -0.86779380 0.11798070 0.48271570
vn -0.85204680 0.16113100 0.49804910
vn 0.48287080 0.01583463 0.87554840
vn 0.60398350 0.27697480 0.74732110
vn 0.60501130 0.27669060 0.74659470
vn 0.48287080 0.01583463 0.87554840
vn 0.48287080 0.01583463 0.87554840
vn 0.48124960 0.01713356 0.87641610
vn 0.48577370 0.02499997 0.87372700
vn 0.46767350 -0.00883882 0.88385720
vn 0.46434840 -0.01365507 0.88554730
vn 0.46373730 -0.01310375 0.88587580
vn 0.48045750 0.01116929 0.87694690
vn 0.48101730 0.01090030 0.87664340
vn 0.48033350 0.01009619 0.87702780
vn 0.48213150 0.00831942 0.87605940
vn 0.46196410 -0.01715575 0.88673260
vn 0.46616740 -0.02122950 0.88444190
vn 0.46663560 -0.02059797 0.88420980
vn 0.46794040 -0.02157237 0.88349680
vn 0.46794040 -0.02157237 0.88349680
vn 0.46794040 -0.02157237 0.88349680
vn 0.47149630 -0.01576311 0.88172720
vn 0.46585560 -0.01070341 0.88479600
vn 0.46870830 -0.00521671 0.88333760
vn 0.46194660 -0.00068656 0.88690750
vn 0.47117520 0.02061438 0.88179870
vn 0.49928230 0.00136462 0.86643830
vn 0.49928230 0.00136462 0.86643830
vn 0.48692970 -0.00611932 0.87341980
vn 0.48692970 -0.00611932 0.87341980
vn 0.48692970 -0.00611932 0.87341980
vn 0.45986220 -0.21887320 0.86059360
vn 0.42518520 -0.08875618 -0.90074420
vn 0.51746990 -0.09043711 -0.85090900
vn 0.45389400 -0.09741072 -0.88571520
vn 0.47721900 -0.06381541 -0.87646420
vn 0.52704640 -0.05898323 -0.84778730
vn 0.52704640 -0.05898323 -0.84778730
vn 0.52704640 -0.05898323 -0.84778730
vn 0.47677910 -0.03431147 -0.87835320
vn 0.49635010 -0.03271721 -0.86750570
vn 0.51763760 -0.00616249 -0.85557780
vn 0.54193390 -0.00443989 -0.84040940
vn 0.48425320 0.01756519 -0.87475150
vn 0.46515860 0.04258892 -0.88420220
vn 0.44636020 0.06937027 -0.89216050
vn 0.55976780 0.05221815 -0.82700250
vn 0.46555760 0.07118500 -0.88215010
vn 0.46362650 0.10384060 -0.87992470
vn 0.46362650 0.10384060 -0.87992470
vn 0.52377770 0.11045980 -0.84466300
vn 0.47312440 0.14036130 -0.86974250
vn 0.51474670 0.14548800 -0.84490760
vn 0.47547180 0.16933870 -0.86327930
vn 0.49775140 0.17324360 -0.84984140
vn 0.42691740 0.18881140 -0.88435950
vn 0.46482910 0.21315590 -0.85935930
vn 0.39270870 0.20820910 -0.89578390
vn 0.48957460 0.21793640 -0.84428690
vn 0.37667390 0.24193050 -0.89419600
vn 0.45913270 0.27574880 -0.84448790
vn 0.40801050 0.27153650 -0.87166230
vn 0.46440290 0.27708450 -0.84116240
vn 0.49313290 0.28737940 -0.82111690
vn 0.47188320 0.30077580 -0.82877030
vn 0.37667390 0.24193050 -0.89419600
vn 0.39270870 0.20820910 -0.89578390
vn 0.42691730 0.18881140 -0.88435960
vn 0.41780460 0.16638640 -0.89317130
vn 0.41214470 0.13761440 -0.90066580
vn 0.47902810 0.10738410 -0.87120650
vn 0.44636020 0.06937028 -0.89216050
vn 0.45352730 0.03985045 -0.89035110
vn 0.49498300 0.01786444 -0.86871900
vn 0.48009750 0.01672371 -0.87705570
vn 0.42100650 -0.03578352 -0.90635160
vn 0.45837420 -0.06436221 -0.88642570
vn 0.45149180 -0.09753403 -0.88692850
vn 0.45506770 -0.09714105 -0.88514230
vn 0.42518520 -0.08875618 -0.90074420
vn 0.86114090 -0.01296594 0.50820090
vn -0.45514940 0.09713319 0.88510110
vn -0.45375200 0.09747827 0.88578050
vn -0.45141690 0.09751949 0.88696830
vn -0.47710060 0.06382985 0.87652770
vn -0.47047920 0.06319860 0.88014510
vn 0.86114090 -0.01296594 0.50820090
vn 0.86114090 -0.01296594 0.50820090
vn 0.86971160 0.03341947 0.49242740
vn 0.86961150 0.02689422 0.49300360
vn 0.86900770 0.02692133 0.49406560
vn 0.86928400 0.02679544 0.49358630
vn 0.86128100 0.02704918 0.50740840
vn 0.86110410 0.02794178 0.50766040
vn 0.84869500 0.02781754 0.52815050
vn 0.84898690 0.02395458 0.52787070
vn 0.85450310 0.02433689 0.51887600
vn 0.85427690 0.03204194 0.51882960
vn 0.86234830 0.03309029 0.50523320
vn 0.86165420 0.03618415 0.50620440
vn 0.86633060 0.03729302 0.49807700
vn 0.86651990 0.03840771 0.49766270
vn 0.86527120 0.03807028 0.49985650
vn 0.86511780 0.04235882 0.49977670
vn 0.86445950 0.04241997 0.50090940
vn 0.86342940 0.04985173 0.50200040
vn 0.86342940 0.04985173 0.50200040
vn 0.86342950 0.04985174 0.50200030
vn 0.86526260 0.05372406 0.49843170
vn 0.86352590 0.06335171 0.50030960
vn 0.86611490 0.06456243 0.49565790
vn 0.86611490 0.06456243 0.49565790
vn 0.86611490 0.06456243 0.49565800
vn 0.86571940 0.06725830 0.49599010
vn 0.86674100 0.06792411 0.49411170
vn 0.86350160 0.08086772 0.49782080
vn 0.85978500 0.07678304 0.50485060
vn 0.84274720 0.14409500 0.51866550
vn 0.83915070 0.14082120 0.52535250
vn -0.88608020 -0.02337163 -0.46294250
vn -0.88823900 -0.02269148 -0.45882080
vn -0.88475490 -0.10969260 -0.45296390
vn -0.88823900 -0.02269148 -0.45882080
vn -0.88823900 -0.02269148 -0.45882080
vn -0.88929620 -0.02152179 -0.45682490
vn -0.88265620 -0.01897970 -0.46963570
vn -0.88262220 -0.01767551 -0.46975050
vn -0.87264960 -0.01807920 -0.48801210
vn -0.87264960 -0.01807920 -0.48801220
vn -0.87264960 -0.01807920 -0.48801210
vn -0.87278460 -0.02297700 -0.48756440
vn -0.87524500 -0.02299359 -0.48313300
vn -0.87528870 -0.02498756 -0.48295480
vn -0.88359890 -0.02543582 -0.46755320
vn -0.88323620 -0.02931297 -0.46801140
vn -0.88821550 -0.02982368 -0.45845810
vn -0.88820280 -0.03467426 -0.45814120
vn -0.88386170 -0.03394474 -0.46651520
vn -0.88419730 -0.03042624 -0.46612160
vn -0.41186960 -0.13755070 0.90080140
vn -0.87944250 -0.03422989 -0.47477290
vn -0.41762580 -0.16638170 0.89325570
vn -0.87486980 -0.04872461 -0.48190130
vn -0.42667180 -0.18869250 0.88450340
vn -0.87592270 -0.04547691 -0.48030330
vn -0.39206410 -0.20815130 0.89607970
vn -0.87592260 -0.04547692 -0.48030350
vn -0.86697400 -0.05099916 -0.49573700
vn -0.88338140 0.06471948 -0.46416450
vn -0.87869040 0.06653028 -0.47273360
vn -0.87869040 0.06653028 -0.47273360
vn -0.87869040 0.06653028 -0.47273360
vn -0.41762580 -0.16638170 0.89325570
vn -0.49778920 -0.17318700 0.84983070
vn -0.46512970 -0.21347370 0.85911770
vn -0.41186960 -0.13755070 0.90080140
vn -0.42232540 -0.10210480 0.90067520
vn -0.48957370 -0.21778780 0.84432580
vn -0.37646620 -0.24188740 0.89429510
vn -0.46353080 -0.10387290 0.87997140
vn -0.47894470 -0.10735270 0.87125620
vn -0.37646600 -0.24188740 0.89429510
vn -0.49410240 -0.28813450 0.82026900
vn -0.46403010 -0.07107363 0.88296350
vn -0.44621080 -0.06933419 0.89223800
vn -0.46461930 -0.04256354 0.88448700
vn -0.45319720 -0.03983212 0.89052000
vn -0.49481630 -0.01787160 0.86881380
vn -0.48011750 -0.01672629 0.87704470
vn -0.46502060 0.00768340 0.88526650
vn -0.51030420 0.00469630 0.85998120
vn -0.47663320 0.03429722 0.87843300
vn -0.52712000 0.05897460 0.84774200
vn -0.49613030 0.03273228 0.86763090
vn -0.54192480 0.00443367 0.84041530
vn -0.48409370 -0.01756090 0.87483990
vn -0.56026630 -0.05224421 0.82666320
vn -0.46403010 -0.07107363 0.88296350
vn -0.52419690 -0.11052610 0.84439430
vn -0.51449750 -0.14542760 0.84506990
vn -0.49778920 -0.17318700 0.84983070
vn -0.49778910 -0.17318700 0.84983070
vn -0.48957370 -0.21778780 0.84432580
vn -0.48957370 -0.21778780 0.84432580
vn -0.45948870 -0.27571410 0.84430560
vn -0.40741410 -0.27135100 0.87199900
vn -0.46461810 -0.27745110 0.84092270
vn -0.47162760 -0.30041350 0.82904710
vn -0.90404860 0.26724650 -0.33358000
vn -0.90448590 0.27042260 -0.32981340
vn -0.96098440 0.13525160 -0.24127990
vn -0.96056780 0.13233600 -0.24453350
vn -0.96056780 0.13233600 -0.24453350
vn -0.96056780 0.13233600 -0.24453350
vn -0.96554880 0.11621920 -0.23282740
vn -0.96349220 0.12046210 -0.23910600
vn -0.96702010 0.10970920 -0.22986130
vn -0.96702010 0.10970920 -0.22986130
vn -0.96599050 0.11189170 -0.23311510
vn -0.96589050 0.11011870 -0.23437040
vn -0.96864980 0.10242950 -0.22633120
vn -0.96862840 0.10175560 -0.22672620
vn -0.96931060 0.09986763 -0.22464030
vn -0.96940820 0.10007180 -0.22412780
vn -0.96825010 0.10362400 -0.22749480
vn -0.96672450 0.09028093 -0.23935950
vn -0.96884700 0.08336291 -0.23320830
vn -0.96392700 0.05827836 -0.25970780
vn -0.97056480 0.03100320 -0.23883610
vn -0.96628390 0.01650267 -0.25694980
vn -0.96213290 0.03839463 -0.26986330
vn -0.96213290 0.03839465 -0.26986330
vn -0.96213290 0.03839463 -0.26986330
vn -0.96906820 0.05615684 -0.24031900
vn -0.97315620 0.06803023 -0.21986120
vn -0.97315620 0.06803026 -0.21986120
vn -0.97315620 0.06803026 -0.21986120
vn 0.19427430 -0.20392370 -0.95951690
vn 0.14867010 -0.29780750 -0.94297820
vn 0.19427430 -0.20392370 -0.95951690
vn 0.19427430 -0.20392370 -0.95951690
vn 0.24183730 -0.21834100 -0.94543210
vn 0.18155370 -0.32562700 -0.92790380
vn 0.18348100 -0.32614700 -0.92734180
vn 0.19625910 -0.47374540 -0.85851480
vn 0.26255570 -0.48688810 -0.83306930
vn 0.18774440 -0.59565660 -0.78098990
vn 0.13804040 -0.65879020 -0.73955410
vn 0.14353680 -0.65916920 -0.73816880
vn 0.17304140 -0.66860070 -0.72320800
vn 0.09382132 -0.70967820 -0.69825090
vn 0.11728660 -0.71779400 -0.68630580
vn 0.10024140 -0.72992630 -0.67613550
vn 0.10294560 -0.73064910 -0.67494740
vn 0.10736010 -0.72634290 -0.67889600
vn 0.09745038 -0.72371140 -0.68318750
vn 0.11322010 -0.70841090 -0.69666020
vn 0.10156360 -0.70436830 -0.70253120
vn 0.14524030 -0.68438160 -0.71451180
vn 0.12564820 -0.65327470 -0.74662220
vn 0.14102910 -0.65449020 -0.74280100
vn 0.11634900 -0.65001080 -0.75096540
vn 0.15313660 -0.63470880 -0.75742580
vn 0.12983820 -0.61536720 -0.77747360
vn 0.14797260 -0.61685320 -0.77304340
vn 0.12821460 -0.61458020 -0.77836510
vn 0.11695590 -0.60684420 -0.78616890
vn 0.12666030 -0.59706870 -0.79212770
vn 0.98316370 0.18264860 0.00536851
vn 0.97861790 -0.06791577 0.19415030
vn 0.10536450 -0.62425360 -0.77408390
vn 0.97861790 -0.06791577 0.19415030
vn 0.10206900 -0.64417580 -0.75803660
vn 0.97825660 -0.06690036 0.19631220
vn 0.14524030 -0.68438160 -0.71451180
vn 0.97982950 -0.05914421 0.19088210
vn 0.97283730 -0.09129165 0.21272840
vn 0.13083990 -0.70962750 -0.69232210
vn 0.97161070 -0.09568669 0.21637160
vn 0.97151570 -0.09490921 0.21713920
vn 0.09155499 -0.72206750 -0.68573770
vn 0.97774730 -0.07242196 0.19688920
vn 0.97771300 -0.07276678 0.19693160
vn 0.09678016 -0.72970800 -0.67687520
vn 0.97746930 -0.07376895 0.19776730
vn 0.97774420 -0.07548463 0.19575090
vn 0.09748948 -0.70982120 -0.69760290
vn 0.97063730 -0.09904349 0.21921140
vn 0.97100270 -0.10163390 0.21638920
vn 0.15080390 -0.66091800 -0.73515010
vn 0.97121770 -0.10113730 0.21565590
vn 0.96975080 -0.09019400 0.22682280
vn 0.19238380 -0.59582190 -0.77973380
vn 0.97117000 -0.08531022 0.22260060
vn 0.96760770 -0.06827957 0.24304990
vn 0.16571660 -0.58930270 -0.79073410
vn 0.96832990 -0.06571274 0.24087130
vn 0.96851870 -0.06653192 0.23988540
vn 0.17422510 -0.33754370 -0.92504580
vn 0.97202440 -0.04957908 0.22958730
vn 0.97824460 -0.06699899 0.19633800
vn 0.17173220 -0.20195670 -0.96422060
vn 0.97678160 -0.07617330 0.20023800
vn 0.19139050 -0.20892710 -0.95902000
vn 0.14867010 -0.29780750 -0.94297820
vn 0.97946480 -0.08151669 0.18440090
vn 0.97821240 -0.09085222 0.18667250
vn 0.97636670 -0.08897500 0.19695560
vn 0.97636670 -0.08897500 0.19695560
vn 0.97636670 -0.08897500 0.19695560
vn 0.92613950 -0.30576820 0.22084230
vn -0.12808670 0.61453070 0.77842530
vn -0.12662980 0.59701100 0.79217590
vn -0.11690280 0.60682970 0.78618790
vn -0.14804820 0.61688350 0.77300480
vn -0.12994800 0.61541190 0.77741980
vn -0.11690280 0.60682970 0.78618790
vn -0.11690290 0.60682970 0.78618790
vn -0.12182990 0.63092760 0.76621660
vn -0.10529190 0.62425490 0.77409260
vn -0.10529190 0.62425490 0.77409260
vn -0.12559640 0.65327120 0.74663390
vn -0.14111420 0.65452650 0.74275270
vn -0.10201480 0.64417360 0.75804570
vn -0.10156430 0.70438780 0.70251150
vn -0.14521690 0.68436130 0.71453580
vn -0.08169261 0.66849610 0.73921540
vn -0.10156430 0.70438780 0.70251150
vn -0.13082870 0.70964690 0.69230420
vn -0.08844583 0.69950150 0.70913690
vn -0.09741286 0.72370190 0.68320300
vn -0.10732560 0.72635850 0.67888470
vn -0.09614959 0.72958110 0.67710170
vn -0.10293400 0.73064230 0.67495670
vn -0.10027050 0.72992550 0.67613200
vn -0.09673852 0.72972910 0.67685820
vn -0.11731160 0.71778280 0.68631320
vn -0.09383719 0.70966330 0.69826410
vn -0.09751457 0.70981910 0.69760140
vn -0.17308560 0.66860040 0.72319770
vn -0.13806480 0.65878820 0.73955130
vn -0.15078690 0.66090700 0.73516340
vn -0.22329990 0.60349140 0.76546410
vn -0.19236430 0.59580110 0.77975450
vn -0.16577260 0.58933590 0.79069770
vn -0.26253410 0.48684910 0.83309890
vn -0.19615400 0.47379550 0.85851110
vn -0.10926430 0.31903140 0.94142460
vn -0.18346370 0.32612860 0.92735180
vn -0.18163070 0.32562810 0.92788820
vn -0.17167500 0.20197130 0.96422770
vn -0.24165630 0.21833220 0.94548050
vn -0.19442270 0.20393220 0.95948510
vn -0.15857780 0.27815260 0.94735640
vn -0.19138790 0.20891990 0.95902190
vn -0.15857780 0.27815260 0.94735640
vn -0.53249100 0.19564780 0.82351400
vn -0.52088590 0.20754320 0.82801190
vn -0.52601310 0.20741550 0.82479630
vn -0.52435040 0.20730970 0.82588090
vn -0.54031530 0.24079150 0.80627470
vn -0.53102790 0.24111210 0.81232650
vn -0.58374460 0.20922110 0.78451820
vn -0.53249100 0.19564780 0.82351400
vn -0.59557060 0.24134590 0.76619050
vn -0.59557050 0.24134570 0.76619050
vn -0.48357650 0.27140930 0.83216040
vn -0.59557060 0.24134590 0.76619050
vn -0.54781170 0.26940090 0.79203880
vn -0.54227070 0.31918000 0.77721710
vn -0.56210850 0.26945570 0.78193840
vn -0.58258780 0.29471550 0.75745250
vn -0.55630780 0.31921800 0.76721670
vn -0.60182990 0.29422050 0.74245190
vn -0.55630780 0.31921800 0.76721670
vn -0.51698800 0.34194940 0.78472550
vn -0.52872750 0.34379780 0.77604790
vn -0.50967720 0.36893960 0.77724690
vn -0.50967720 0.36893960 0.77724690
vn -0.61436750 0.34458250 0.70979970
vn -0.52710780 0.36933790 0.76534100
vn -0.53704580 0.39989320 0.74274310
vn -0.52504980 0.39789360 0.75233200
vn -0.52504970 0.39789360 0.75233210
vn -0.47525940 0.42985600 0.76769290
vn -0.57720090 0.39877930 0.71261080
vn -0.53139180 0.42810810 0.73098990
vn -0.47955990 0.45351510 0.75122990
vn -0.56553940 0.42857340 0.70462060
vn -0.53081390 0.45153020 0.71718700
vn -0.48686760 0.47053010 0.73590860
vn -0.54890320 0.45248820 0.70282270
vn -0.48686760 0.47053000 0.73590850
vn -0.45343070 0.48895580 0.74520000
vn -0.51832960 0.48605670 0.70362160
vn -0.45343070 0.48895580 0.74520000
vn -0.43688160 0.51759650 0.73568220
vn -0.53839580 0.48680980 0.68785610
vn -0.43688160 0.51759650 0.73568220
vn -0.50879870 0.53569110 0.67391310
vn -0.46342130 0.53822020 0.70396010
vn -0.46342130 0.53822030 0.70395990
vn -0.51288870 0.53578540 0.67073030
vn -0.51726120 0.55253620 0.65356300
vn 0.84907170 0.18417750 0.49513220
vn 0.84426470 0.18824440 0.50177790
vn 0.84907170 0.18417750 0.49513220
vn 0.84907170 0.18417750 0.49513220
vn 0.82289080 0.07956044 0.56260190
vn 0.82793950 0.07556280 0.55570360
vn 0.82770600 0.07470501 0.55616710
vn 0.82583980 0.05578170 0.56113890
vn 0.82457330 0.05029337 0.56351510
vn 0.82405240 0.05042784 0.56426470
vn 0.82544390 0.05527900 0.56177090
vn 0.82785650 0.05320871 0.55841070
vn 0.82703430 0.04869837 0.56003810
vn 0.83327030 0.04434735 0.55108440
vn 0.83051070 0.03297774 0.55602560
vn 0.83561550 0.02905734 0.54854590
vn 0.83562680 0.02861493 0.54855170
vn 0.83166880 0.03121393 0.55439400
vn 0.83218430 0.03282202 0.55352700
vn 0.82411470 0.03726742 0.56519560
vn 0.82486810 0.03854906 0.56400920
vn 0.82220510 0.03975882 0.56780110
vn 0.82359220 0.04444493 0.56543830
vn 0.82359220 0.04444496 0.56543830
vn 0.82359220 0.04444496 0.56543830
vn 0.83528390 0.03814333 0.54849430
vn 0.83567950 0.03817783 0.54788890
vn 0.84218530 0.03595876 0.53798790
vn 0.84309370 0.04303022 0.53604230
vn 0.84145000 0.04320356 0.53860500
vn 0.84145000 0.04320356 0.53860500
vn 0.84145000 0.04320356 0.53860500
vn 0.83612920 -0.01917832 0.54819700
vn 0.51322270 -0.53607200 -0.67024580
vn 0.46331780 -0.53775510 -0.70438350
vn 0.51714950 -0.55261690 -0.65358330
vn 0.51322270 -0.53607200 -0.67024580
vn 0.51322270 -0.53607200 -0.67024580
vn 0.50820540 -0.53555910 -0.67446550
vn 0.43640290 -0.51763060 -0.73594240
vn 0.52527310 -0.51482710 -0.67752580
vn 0.43640290 -0.51763060 -0.73594240
vn 0.45331200 -0.48906580 -0.74519990
vn 0.51854970 -0.48623560 -0.70333580
vn 0.45331200 -0.48906560 -0.74520000
vn 0.48687290 -0.47083610 -0.73570920
vn 0.54883450 -0.45236150 -0.70295790
vn 0.48687290 -0.47083620 -0.73570920
vn 0.47932740 -0.45372690 -0.75125040
vn 0.54883460 -0.45236130 -0.70295790
vn 0.47932740 -0.45372680 -0.75125050
vn 0.47480310 -0.42993890 -0.76792870
vn 0.56575610 -0.42858030 -0.70444220
vn 0.47480320 -0.42993890 -0.76792880
vn 0.48632710 -0.39915500 -0.77727810
vn 0.57716900 -0.39862960 -0.71272040
vn 0.52485820 -0.39786300 -0.75248180
vn 0.53704800 -0.39998360 -0.74269280
vn 0.52709870 -0.36941260 -0.76531120
vn 0.52709850 -0.36941260 -0.76531130
vn 0.56066340 -0.34235460 -0.75395610
vn 0.61483880 -0.34470350 -0.70933270
vn 0.52834310 -0.34366550 -0.77636810
vn 0.51693570 -0.34199370 -0.78474060
vn 0.54617030 -0.31967600 -0.77427730
vn 0.55654580 -0.31920770 -0.76704840
vn 0.54209640 -0.31917220 -0.77734200
vn 0.60179990 -0.29416890 -0.74249680
vn 0.52919040 -0.29729310 -0.79471640
vn 0.54689950 -0.27231670 -0.79167200
vn 0.56175640 -0.26948050 -0.78218280
vn 0.54689970 -0.27231670 -0.79167190
vn 0.54689970 -0.27231670 -0.79167190
vn 0.59583200 -0.24135970 -0.76598280
vn 0.54015820 -0.24076860 -0.80638680
vn 0.52430690 -0.20736470 -0.82589480
vn 0.58389570 -0.20915810 -0.78442250
vn 0.52042930 -0.20753740 -0.82830050
vn 0.52242240 -0.21372140 -0.82546830
vn 0.52596280 -0.20742620 -0.82482570
vn 0.52242240 -0.21372140 -0.82546830
vn -0.81211260 -0.05517634 -0.58088610
vn -0.79284600 -0.00267169 -0.60941610
vn -0.78899300 -0.00655078 -0.61436720
vn -0.81211260 -0.05517634 -0.58088610
vn -0.81211260 -0.05517634 -0.58088610
vn -0.81622760 -0.04958351 -0.57559870
vn -0.81709680 -0.05313028 -0.57404690
vn -0.81238490 -0.04957851 -0.58101000
vn -0.81249170 -0.04911777 -0.58090000
vn -0.81148170 -0.05009776 -0.58222630
vn -0.81034250 -0.04490816 -0.58423300
vn -0.80895390 -0.04562842 -0.58609860
vn -0.80895390 -0.04562841 -0.58609850
vn -0.80895390 -0.04562841 -0.58609850
vn -0.80836470 -0.04452282 -0.58699590
vn -0.80932280 -0.04396158 -0.58571650
vn -0.80906060 -0.04059734 -0.58632150
vn -0.81034850 -0.03925150 -0.58463190
vn -0.80941430 -0.03598724 -0.58613430
vn -0.80677880 -0.03807231 -0.58962570
vn -0.80712340 -0.03890750 -0.58909930
vn -0.79900740 -0.04377063 -0.59972610
vn -0.80009390 -0.05009295 -0.59777960
vn -0.79578710 -0.05324585 -0.60323120
vn -0.79438620 -0.04968109 -0.60537770
vn -0.80865060 -0.04245035 -0.58675570
vn -0.80940340 -0.04486871 -0.58553640
vn -0.81926910 -0.03940291 -0.57205370
vn -0.81971400 -0.04302681 -0.57115470
vn -0.82334720 -0.04139649 -0.56602620
vn -0.82331580 -0.04172320 -0.56604810
vn -0.80905880 -0.04746643 -0.58580770
vn -0.81193900 -0.11365500 -0.57257090
vn -0.51344430 -0.25122910 0.82052360
vn -0.56242030 -0.16529860 0.81016040
vn -0.56207960 -0.14420740 0.81441440
vn -0.47908060 -0.13725510 0.86697330
vn -0.56207940 -0.14420740 0.81441450
vn -0.54055080 -0.29212690 0.78896560
vn -0.56207940 -0.14420740 0.81441450
vn -0.51344430 -0.25122910 0.82052360
vn 0.81598520 0.05198245 0.57573080
vn 0.81598520 0.05198245 0.57573080
vn 0.80860050 0.04830207 0.58637190
vn 0.80799790 0.05120308 0.58695620
vn 0.79778880 0.04277762 0.60141750
vn 0.79778880 0.04277762 0.60141750
vn 0.79778880 0.04277762 0.60141750
vn 0.79854040 0.06654420 0.59825190
vn 0.80306820 0.07338548 0.59135100
vn 0.79833450 0.08152431 0.59667060
vn 0.79883070 0.08203831 0.59593560
vn 0.80061100 0.07905896 0.59394570
vn 0.80007690 0.07867279 0.59471630
vn 0.80007710 0.07867278 0.59471610
vn 0.80007710 0.07867278 0.59471610
vn 0.79927250 0.07997411 0.59562360
vn 0.79932120 0.08022062 0.59552530
vn 0.79428650 0.08769100 0.60118150
vn 0.79489740 0.08953001 0.60010220
vn 0.79622520 0.08706285 0.59870310
vn 0.79652910 0.08784793 0.59818400
vn 0.79053810 0.09834312 0.60446510
vn 0.79483270 0.09296494 0.59966530
vn 0.78694540 0.10843720 0.60741930
vn 0.78888710 0.11131230 0.60437290
vn 0.69219070 0.26957270 0.66947940
vn 0.69219070 0.26957270 0.66947940
vn 0.69219070 0.26957270 0.66947940
vn 0.69435250 0.27284850 0.66590400
vn -0.45919990 -0.57064230 0.68081040
vn -0.44861420 -0.56130090 0.69547580
vn -0.46042340 -0.55189780 0.69528350
vn -0.48093330 -0.57190780 0.66454840
vn -0.45867750 -0.57026890 0.68147520
vn -0.44861420 -0.56130090 0.69547580
vn -0.43367950 -0.57999000 0.68958960
vn -0.43859240 -0.60860040 0.66124290
vn -0.43367950 -0.57999000 0.68958960
vn -0.42349160 -0.59940810 0.67923840
vn -0.44250150 -0.61040150 0.65696460
vn -0.46452730 -0.64349130 0.60838600
vn -0.46452730 -0.64349130 0.60838600
vn -0.40729820 -0.66671880 0.62417500
vn -0.41297090 -0.66919820 0.61776130
vn -0.44480530 -0.67095110 0.59327300
vn -0.39552330 -0.68715470 0.60940950
vn -0.41920070 -0.69003980 0.59001330
vn -0.38859080 -0.68320800 0.61824270
vn -0.39582760 -0.69396410 0.60144340
vn -0.39399440 -0.69340040 0.60329440
vn -0.39127040 -0.69247910 0.60611880
vn -0.41186010 -0.68011180 0.60648100
vn -0.39663950 -0.67323640 0.62404310
vn -0.39201800 -0.67393550 0.62620520
vn -0.45406600 -0.64079780 0.61903330
vn -0.41205210 -0.62365690 0.66427790
vn -0.38562550 -0.61564210 0.68722470
vn -0.40998540 -0.62350610 0.66569670
vn -0.40846350 -0.53507560 0.73949410
vn -0.43712980 -0.54415280 0.71611120
vn -0.55078810 -0.42082650 0.72078950
vn -0.53703000 -0.41727440 0.73313080
vn -0.54160880 -0.27124350 0.79566760
vn -0.56388380 -0.44597130 0.69508600
vn -0.53115220 -0.26777090 0.80385080
vn -0.59141490 -0.15492700 0.79134430
vn -0.84155610 -0.06971981 -0.53565160
vn -0.84807660 -0.07138389 -0.52504320
vn -0.82798480 -0.09143098 -0.55324630
vn -0.84783460 -0.07428417 -0.52503170
vn -0.83008080 -0.09401458 -0.54966100
vn -0.84517380 -0.07355279 -0.52940650
vn -0.82614720 -0.10227740 -0.55409390
vn -0.84517380 -0.07355279 -0.52940650
vn -0.51344430 -0.25122910 0.82052360
vn -0.81826090 -0.09056661 -0.56766780
vn -0.81484410 -0.09685765 -0.57153100
vn -0.80677750 -0.08322395 -0.58496470
vn -0.80796310 -0.08165188 -0.58354830
vn -0.80281670 -0.07307622 -0.59173080
vn -0.81645150 -0.05031032 -0.57521810
vn -0.81460240 -0.04720856 -0.57809540
vn -0.81370120 -0.04887525 -0.57922490
vn -0.81322290 -0.04837632 -0.57993820
vn -0.80186360 -0.06912194 -0.59349550
vn -0.80270560 -0.07086171 -0.59215060
vn -0.80673270 -0.06299223 -0.58754950
vn -0.80717700 -0.06319546 -0.58691690
vn -0.83058240 -0.01046462 -0.55679760
vn -0.83214550 -0.01214805 -0.55442430
vn -0.88768390 0.21513100 -0.40710660
vn -0.88805860 0.21427380 -0.40674130
vn -0.88805860 0.21427390 -0.40674160
vn -0.88805860 0.21427380 -0.40674130
vn 0.46039800 0.55191520 -0.69528650
vn 0.46039800 0.55191520 -0.69528650
vn 0.46039800 0.55191530 -0.69528650
vn 0.46364190 0.55813510 -0.68812890
vn 0.45928120 0.57066520 -0.68073640
vn 0.48081260 0.57189630 -0.66464580
vn 0.44862080 0.56128050 -0.69548800
vn 0.45013070 0.58824770 -0.67182360
vn 0.47799260 0.59035950 -0.65038350
vn 0.43370860 0.58007790 -0.68949720
vn 0.44256590 0.61037270 -0.65694790
vn 0.42348220 0.59936760 -0.67927990
vn 0.42348220 0.59936780 -0.67927980
vn 0.40728510 0.66669300 -0.62421090
vn 0.39725420 0.62519690 -0.67180200
vn 0.39725420 0.62519690 -0.67180200
vn 0.40728510 0.66669300 -0.62421090
vn 0.44488580 0.67095080 -0.59321300
vn 0.39280040 0.65758580 -0.64287530
vn 0.39551320 0.68711700 -0.60945830
vn 0.40093860 0.68896140 -0.60380490
vn 0.39542630 0.69349000 -0.60225390
vn 0.39583500 0.69398010 -0.60142030
vn 0.39400460 0.69334990 -0.60334590
vn 0.39124080 0.69248620 -0.60612990
vn 0.41184600 0.68012910 -0.60647140
vn 0.39665380 0.67325550 -0.62401350
vn 0.39203030 0.67394150 -0.62619100
vn 0.45400600 0.64078100 -0.61909480
vn 0.41009930 0.62350110 -0.66563120
vn 0.38569420 0.61563560 -0.68719190
vn 0.55068980 0.42084870 -0.72085160
vn 0.40856590 0.53515240 -0.73938220
vn 0.43706450 0.54412840 -0.71616970
vn 0.53702040 0.41728270 -0.73313310
vn 0.40794180 0.40555170 -0.81799230
vn 0.41513680 0.25664450 -0.87280870
vn 0.54154720 0.27122870 -0.79571440
vn 0.53124980 0.26777660 -0.80378440
vn 0.47925230 0.13727060 -0.86687600
vn 0.59132090 0.15490570 -0.79141880
vn 0.56220040 0.14427270 -0.81431950
vn 0.52387540 0.23034490 -0.82005850
vn 0.56217240 0.16524870 -0.81034250
vn 0.52387540 0.23034490 -0.82005850
vt 0.00000000 -5.00000000
vt 0.00000000 -4.00000000
vt 1.00000000 -4.00000000
vt 1.00000000 -5.00000000
vt 0.50335380 0.20800270
vt 0.58980320 0.26738040
vt 0.51689150 0.19446380
vt 0.57626450 0.28091720
vt 0.48826200 0.22311060
vt 0.56116680 0.29601760
vt 0.47262810 0.23874120
vt 0.54552720 0.31164110
vt 0.45752920 0.25384090
vt 0.53042810 0.32673900
vt 0.44398390 0.26737080
vt 0.51688920 0.34027370
vt 0.24251040 0.03804898
vt 0.25717660 0.05785930
vt 0.24077580 0.06115641
vt 0.26305930 0.33615810
vt 0.23182890 0.34271300
vt 0.25753550 0.40054740
vt 0.22482550 0.06410327
vt 0.23120360 0.04203424
vt 0.22482550 0.06410327
vt 0.20162920 0.34828360
vt 0.20162920 0.34828360
vt 0.19634730 0.39860400
vt 0.19634730 0.39860400
vt 0.19060680 0.47007600
vt 0.19060680 0.47007600
vt 0.17933540 0.53460160
vt 0.17933540 0.53460160
vt 0.18336420 0.59165170
vt 0.18336420 0.59165170
vt 0.19014770 0.63473390
vt 0.19014770 0.63473390
vt 0.19812810 0.68590070
vt 0.19812810 0.68590070
vt 0.20785390 0.73235720
vt 0.20785390 0.73235720
vt 0.21802610 0.76337080
vt 0.21802610 0.76337080
vt 0.22874690 0.79714860
vt 0.22874690 0.79714860
vt 0.24083230 0.82396270
vt 0.24083230 0.82396270
vt 0.25308240 0.85397660
vt 0.25308240 0.85397660
vt 0.26047910 0.86705810
vt 0.26047910 0.86705810
vt 0.27273090 0.88268560
vt 0.27273090 0.88268560
vt 0.26047910 0.86705810
vt 0.26446120 0.86650770
vt 0.27273090 0.88268560
vt 0.26230950 0.86585810
vt 0.25308240 0.85397660
vt 0.25928130 0.85338000
vt 0.26541130 0.85268100
vt 0.24083230 0.82396270
vt 0.25489750 0.82258560
vt 0.26917620 0.82103130
vt 0.22874690 0.79714860
vt 0.24676380 0.79504320
vt 0.21802610 0.76337080
vt 0.26525050 0.79308240
vt 0.23856690 0.76116060
vt 0.20785390 0.73235720
vt 0.23402060 0.72842940
vt 0.19812810 0.68590070
vt 0.25970270 0.75962590
vt 0.23023510 0.68119280
vt 0.19014770 0.63473390
vt 0.26121680 0.72613640
vt 0.22243430 0.62599210
vt 0.18336420 0.59165170
vt 0.26407730 0.67865890
vt 0.25660570 0.61884460
vt 0.21651480 0.57796870
vt 0.17933540 0.53460160
vt 0.25158450 0.56544450
vt 0.21351440 0.52279790
vt 0.19060680 0.47007600
vt 0.24946340 0.51158080
vt 0.21944540 0.46408960
vt 0.19634730 0.39860400
vt 0.24949630 0.45773850
vt 0.22630720 0.40010550
vt 0.20162920 0.34828360
vt 0.24251040 0.03804898
vt 0.22482550 0.06410327
vt 0.24077580 0.06115641
vt 0.23182890 0.34271300
vt 0.20162920 0.34828360
vt 0.22630720 0.40010550
vt 0.19634730 0.39860400
vt 0.21944540 0.46408960
vt 0.19060680 0.47007600
vt 0.21351440 0.52279790
vt 0.17933540 0.53460160
vt 0.21651480 0.57796870
vt 0.18336420 0.59165170
vt 0.22243430 0.62599210
vt 0.19014770 0.63473390
vt 0.23023510 0.68119280
vt 0.19812810 0.68590070
vt 0.23402060 0.72842940
vt 0.20785390 0.73235720
vt 0.23856690 0.76116060
vt 0.21802610 0.76337080
vt 0.24676380 0.79504320
vt 0.22874690 0.79714860
vt 0.25489750 0.82258560
vt 0.24083230 0.82396270
vt 0.25928130 0.85338000
vt 0.25308240 0.85397660
vt 0.26230950 0.86585810
vt 0.26047910 0.86705810
vt 0.26446120 0.86650770
vt 0.27273090 0.88268560
vt 0.26541130 0.85268100
vt 0.26917620 0.82103130
vt 0.26525050 0.79308240
vt 0.25970270 0.75962590
vt 0.26121680 0.72613640
vt 0.26407730 0.67865890
vt 0.25660570 0.61884460
vt 0.25158450 0.56544450
vt 0.24946340 0.51158080
vt 0.24949630 0.45773850
vt 0.25753550 0.40054740
vt 0.26305930 0.33615810
vt 0.25717660 0.05785930
vt 0.25404010 0.03400447
vt 0.25404010 0.03400447
vt 0.25717660 0.05785930
vt 0.26305930 0.33615810
vt 0.26305930 0.33615810
vt 0.25753550 0.40054740
vt 0.25753550 0.40054740
vt 0.24949630 0.45773850
vt 0.24949630 0.45773850
vt 0.24946340 0.51158080
vt 0.24946340 0.51158080
vt 0.25158450 0.56544450
vt 0.25158450 0.56544450
vt 0.25660570 0.61884460
vt 0.25660570 0.61884460
vt 0.26407730 0.67865890
vt 0.26407730 0.67865890
vt 0.26121680 0.72613640
vt 0.25970270 0.75962590
vt 0.26525050 0.79308240
vt 0.26917620 0.82103130
vt 0.26541130 0.85268100
vt 0.26446120 0.86650770
vt 0.27273090 0.88268560
vt 0.27273090 0.88268560
vt 0.24251040 0.03804898
vt 0.25717660 0.05785930
vt 0.24077580 0.06115641
vt 0.26305930 0.33615810
vt 0.23182890 0.34271300
vt 0.25753550 0.40054740
vt 0.22482550 0.06410327
vt 0.23120360 0.04203424
vt 0.22482550 0.06410327
vt 0.20162920 0.34828360
vt 0.20162920 0.34828360
vt 0.19634730 0.39860400
vt 0.19634730 0.39860400
vt 0.19060680 0.47007600
vt 0.19060680 0.47007600
vt 0.17933540 0.53460160
vt 0.17933540 0.53460160
vt 0.18336420 0.59165170
vt 0.18336420 0.59165170
vt 0.19014770 0.63473390
vt 0.19014770 0.63473390
vt 0.19812810 0.68590070
vt 0.19812810 0.68590070
vt 0.20785390 0.73235720
vt 0.20785390 0.73235720
vt 0.21802610 0.76337080
vt 0.21802610 0.76337080
vt 0.22874690 0.79714860
vt 0.22874690 0.79714860
vt 0.24083230 0.82396270
vt 0.24083230 0.82396270
vt 0.25308240 0.85397660
vt 0.25308240 0.85397660
vt 0.26047910 0.86705810
vt 0.26047910 0.86705810
vt 0.27273090 0.88268560
vt 0.27273090 0.88268560
vt 0.26047910 0.86705810
vt 0.26446120 0.86650770
vt 0.27273090 0.88268560
vt 0.26230950 0.86585810
vt 0.25308240 0.85397660
vt 0.25928130 0.85338000
vt 0.26541130 0.85268100
vt 0.24083230 0.82396270
vt 0.25489750 0.82258560
vt 0.26917620 0.82103130
vt 0.22874690 0.79714860
vt 0.24676380 0.79504320
vt 0.26525050 0.79308240
vt 0.21802610 0.76337080
vt 0.23856690 0.76116060
vt 0.20785390 0.73235720
vt 0.25970270 0.75962590
vt 0.23402060 0.72842940
vt 0.19812810 0.68590070
vt 0.23023510 0.68119280
vt 0.19014770 0.63473390
vt 0.26121680 0.72613640
vt 0.22243430 0.62599210
vt 0.18336420 0.59165170
vt 0.26407730 0.67865890
vt 0.25660570 0.61884460
vt 0.21651480 0.57796870
vt 0.17933540 0.53460160
vt 0.25158450 0.56544450
vt 0.21351440 0.52279790
vt 0.19060680 0.47007600
vt 0.24946340 0.51158080
vt 0.21944540 0.46408960
vt 0.19634730 0.39860400
vt 0.24949630 0.45773850
vt 0.22630720 0.40010550
vt 0.20162920 0.34828360
vt 0.26047910 0.86705810
vt 0.27273090 0.88268560
vt 0.26446120 0.86650770
vt 0.26230950 0.86585810
vt 0.25308240 0.85397660
vt 0.25928130 0.85338000
vt 0.24083230 0.82396270
vt 0.25489750 0.82258560
vt 0.22874690 0.79714860
vt 0.26541130 0.85268100
vt 0.24676380 0.79504320
vt 0.21802610 0.76337080
vt 0.26917620 0.82103130
vt 0.26525050 0.79308240
vt 0.23856690 0.76116060
vt 0.20785390 0.73235720
vt 0.25970270 0.75962590
vt 0.23402060 0.72842940
vt 0.19812810 0.68590070
vt 0.26121680 0.72613640
vt 0.23023510 0.68119280
vt 0.19014770 0.63473390
vt 0.26407730 0.67865890
vt 0.22243430 0.62599210
vt 0.18336420 0.59165170
vt 0.25660570 0.61884460
vt 0.21651480 0.57796870
vt 0.17933540 0.53460160
vt 0.25158450 0.56544450
vt 0.21351440 0.52279790
vt 0.19060680 0.47007600
vt 0.24946340 0.51158080
vt 0.21944540 0.46408960
vt 0.19634730 0.39860400
vt 0.24949630 0.45773850
vt 0.22630720 0.40010550
vt 0.20162920 0.34828360
vt 0.25753550 0.40054740
vt 0.23182890 0.34271300
vt 0.22482550 0.06410327
vt 0.26305930 0.33615810
vt 0.24077580 0.06115641
vt 0.24251040 0.03804898
vt 0.25717660 0.05785930
vt 0.25404010 0.03400447
vt 0.26446120 0.86650770
vt 0.27273090 0.88268560
vt 0.27273090 0.88268560
vt 0.26541130 0.85268100
vt 0.26917620 0.82103130
vt 0.26917620 0.82103130
vt 0.26525050 0.79308240
vt 0.26525050 0.79308240
vt 0.25970270 0.75962590
vt 0.26121680 0.72613640
vt 0.26407730 0.67865890
vt 0.26407730 0.67865890
vt 0.25660570 0.61884460
vt 0.25660570 0.61884460
vt 0.25158450 0.56544450
vt 0.25158450 0.56544450
vt 0.24946340 0.51158080
vt 0.24946340 0.51158080
vt 0.24949630 0.45773850
vt 0.24949630 0.45773850
vt 0.25753550 0.40054740
vt 0.25753550 0.40054740
vt 0.26305930 0.33615810
vt 0.26305930 0.33615810
vt 0.25717660 0.05785930
vt 0.25717660 0.05785930
vt 0.25404010 0.03400447
vt 0.24251040 0.03804898
vt 0.22482550 0.06410327
vt 0.24077580 0.06115641
vt 0.23182890 0.34271300
vt 0.20162920 0.34828360
vt 0.22630720 0.40010550
vt 0.19634730 0.39860400
vt 0.21944540 0.46408960
vt 0.19060680 0.47007600
vt 0.21351440 0.52279790
vt 0.17933540 0.53460160
vt 0.21651480 0.57796870
vt 0.18336420 0.59165170
vt 0.22243430 0.62599210
vt 0.19014770 0.63473390
vt 0.23023510 0.68119280
vt 0.19812810 0.68590070
vt 0.26305930 0.33615810
vt 0.25717660 0.05785930
vt 0.25404010 0.03400447
vt 0.25753550 0.40054740
vt 0.24949630 0.45773850
vt 0.24946340 0.51158080
vt 0.25158450 0.56544450
vt 0.25660570 0.61884460
vt 0.26407730 0.67865890
vt 0.26121680 0.72613640
vt 0.23402060 0.72842940
vt 0.25970270 0.75962590
vt 0.23856690 0.76116060
vt 0.26525050 0.79308240
vt 0.20785390 0.73235720
vt 0.24676380 0.79504320
vt 0.26917620 0.82103130
vt 0.21802610 0.76337080
vt 0.22874690 0.79714860
vt 0.25489750 0.82258560
vt 0.26541130 0.85268100
vt 0.24083230 0.82396270
vt 0.25928130 0.85338000
vt 0.25308240 0.85397660
vt 0.26446120 0.86650770
vt 0.26230950 0.86585810
vt 0.26047910 0.86705810
vt 0.27273090 0.88268560
vt 0.21802610 0.76337080
vt 0.21802610 0.76337080
vt 0.20785390 0.73235720
vt 0.22874690 0.79714860
vt 0.22874690 0.79714860
vt 0.19812810 0.68590070
vt 0.24083230 0.82396270
vt 0.19014770 0.63473390
vt 0.24083230 0.82396270
vt 0.19014770 0.63473390
vt 0.25308240 0.85397660
vt 0.18336420 0.59165170
vt 0.25308240 0.85397660
vt 0.18336420 0.59165170
vt 0.26047910 0.86705810
vt 0.17933540 0.53460160
vt 0.26047910 0.86705810
vt 0.27273090 0.88268560
vt 0.27273090 0.88268560
vt 0.17933540 0.53460160
vt 0.19060680 0.47007600
vt 0.19060680 0.47007600
vt 0.19634730 0.39860400
vt 0.19634730 0.39860400
vt 0.20162920 0.34828360
vt 0.20162920 0.34828360
vt 0.22482550 0.06410327
vt 0.22482550 0.06410327
vt 0.23120360 0.04203424
vt 0.24077580 0.06115641
vt 0.23182890 0.34271300
vt 0.20162920 0.34828360
vt 0.22630720 0.40010550
vt 0.19634730 0.39860400
vt 0.21944540 0.46408960
vt 0.19060680 0.47007600
vt 0.21351440 0.52279790
vt 0.17933540 0.53460160
vt 0.21651480 0.57796870
vt 0.18336420 0.59165170
vt 0.22243430 0.62599210
vt 0.19014770 0.63473390
vt 0.23023510 0.68119280
vt 0.19812810 0.68590070
vt 0.23402060 0.72842940
vt 0.20785390 0.73235720
vt 0.23856690 0.76116060
vt 0.21802610 0.76337080
vt 0.24676380 0.79504320
vt 0.22874690 0.79714860
vt 0.25489750 0.82258560
vt 0.24083230 0.82396270
vt 0.25928130 0.85338000
vt 0.25308240 0.85397660
vt 0.26230950 0.86585810
vt 0.26047910 0.86705810
vt 0.26446120 0.86650770
vt 0.27273090 0.88268560
vt 0.26541130 0.85268100
vt 0.26917620 0.82103130
vt 0.26525050 0.79308240
vt 0.25970270 0.75962590
vt 0.26121680 0.72613640
vt 0.26407730 0.67865890
vt 0.25660570 0.61884460
vt 0.25158450 0.56544450
vt 0.24946340 0.51158080
vt 0.24949630 0.45773850
vt 0.25753550 0.40054740
vt 0.26305930 0.33615810
vt 0.25717660 0.05785930
vt 0.24251040 0.03804898
vt 0.26407730 0.67865890
vt 0.25660570 0.61884460
vt 0.25660570 0.61884460
vt 0.26121680 0.72613640
vt 0.25158450 0.56544450
vt 0.25158450 0.56544450
vt 0.25970270 0.75962590
vt 0.24946340 0.51158080
vt 0.24946340 0.51158080
vt 0.26525050 0.79308240
vt 0.24949630 0.45773850
vt 0.24949630 0.45773850
vt 0.26917620 0.82103130
vt 0.25753550 0.40054740
vt 0.25753550 0.40054740
vt 0.26541130 0.85268100
vt 0.26305930 0.33615810
vt 0.26305930 0.33615810
vt 0.26446120 0.86650770
vt 0.25717660 0.05785930
vt 0.25404010 0.03400447
vt 0.27273090 0.88268560
vt 0.27273090 0.88268560
vt 0.24251040 0.03804898
vt 0.25717660 0.05785930
vt 0.24077580 0.06115641
vt 0.26305930 0.33615810
vt 0.23182890 0.34271300
vt 0.25753550 0.40054740
vt 0.22482550 0.06410327
vt 0.23120360 0.04203424
vt 0.22482550 0.06410327
vt 0.20162920 0.34828360
vt 0.20162920 0.34828360
vt 0.19634730 0.39860400
vt 0.19634730 0.39860400
vt 0.19060680 0.47007600
vt 0.19060680 0.47007600
vt 0.17933540 0.53460160
vt 0.17933540 0.53460160
vt 0.18336420 0.59165170
vt 0.18336420 0.59165170
vt 0.19014770 0.63473390
vt 0.19014770 0.63473390
vt 0.19812810 0.68590070
vt 0.19812810 0.68590070
vt 0.20785390 0.73235720
vt 0.20785390 0.73235720
vt 0.21802610 0.76337080
vt 0.21802610 0.76337080
vt 0.22874690 0.79714860
vt 0.22874690 0.79714860
vt 0.24083230 0.82396270
vt 0.24083230 0.82396270
vt 0.25308240 0.85397660
vt 0.25308240 0.85397660
vt 0.26047910 0.86705810
vt 0.26047910 0.86705810
vt 0.27273090 0.88268560
vt 0.27273090 0.88268560
vt 0.26047910 0.86705810
vt 0.26446120 0.86650770
vt 0.27273090 0.88268560
vt 0.26230950 0.86585810
vt 0.25308240 0.85397660
vt 0.25928130 0.85338000
vt 0.24083230 0.82396270
vt 0.26541130 0.85268100
vt 0.25489750 0.82258560
vt 0.22874690 0.79714860
vt 0.24676380 0.79504320
vt 0.21802610 0.76337080
vt 0.26917620 0.82103130
vt 0.23856690 0.76116060
vt 0.20785390 0.73235720
vt 0.26525050 0.79308240
vt 0.25970270 0.75962590
vt 0.23402060 0.72842940
vt 0.19812810 0.68590070
vt 0.26121680 0.72613640
vt 0.23023510 0.68119280
vt 0.19014770 0.63473390
vt 0.26407730 0.67865890
vt 0.22243430 0.62599210
vt 0.18336420 0.59165170
vt 0.25660570 0.61884460
vt 0.21651480 0.57796870
vt 0.17933540 0.53460160
vt 0.25158450 0.56544450
vt 0.21351440 0.52279790
vt 0.19060680 0.47007600
vt 0.24946340 0.51158080
vt 0.21944540 0.46408960
vt 0.19634730 0.39860400
vt 0.24949630 0.45773850
vt 0.22630720 0.40010550
vt 0.20162920 0.34828360
vt 0.26047910 0.86705810
vt 0.27273090 0.88268560
vt 0.26446120 0.86650770
vt 0.26230950 0.86585810
vt 0.25308240 0.85397660
vt 0.25928130 0.85338000
vt 0.26541130 0.85268100
vt 0.24083230 0.82396270
vt 0.25489750 0.82258560
vt 0.26917620 0.82103130
vt 0.22874690 0.79714860
vt 0.24676380 0.79504320
vt 0.21802610 0.76337080
vt 0.26525050 0.79308240
vt 0.23856690 0.76116060
vt 0.20785390 0.73235720
vt 0.23402060 0.72842940
vt 0.19812810 0.68590070
vt 0.25970270 0.75962590
vt 0.23023510 0.68119280
vt 0.19014770 0.63473390
vt 0.26121680 0.72613640
vt 0.26407730 0.67865890
vt 0.22243430 0.62599210
vt 0.18336420 0.59165170
vt 0.25660570 0.61884460
vt 0.21651480 0.57796870
vt 0.17933540 0.53460160
vt 0.25158450 0.56544450
vt 0.21351440 0.52279790
vt 0.19060680 0.47007600
vt 0.24946340 0.51158080
vt 0.21944540 0.46408960
vt 0.19634730 0.39860400
vt 0.24949630 0.45773850
vt 0.22630720 0.40010550
vt 0.20162920 0.34828360
vt 0.25753550 0.40054740
vt 0.23182890 0.34271300
vt 0.22482550 0.06410327
vt 0.26305930 0.33615810
vt 0.24077580 0.06115641
vt 0.24251040 0.03804898
vt 0.25717660 0.05785930
vt 0.25404010 0.03400447
vt 0.26446120 0.86650770
vt 0.27273090 0.88268560
vt 0.27273090 0.88268560
vt 0.26446120 0.86650770
vt 0.26541130 0.85268100
vt 0.26917620 0.82103130
vt 0.26525050 0.79308240
vt 0.25970270 0.75962590
vt 0.26121680 0.72613640
vt 0.26121680 0.72613640
vt 0.26407730 0.67865890
vt 0.26407730 0.67865890
vt 0.25660570 0.61884460
vt 0.25660570 0.61884460
vt 0.25158450 0.56544450
vt 0.25158450 0.56544450
vt 0.24946340 0.51158080
vt 0.24946340 0.51158080
vt 0.24949630 0.45773850
vt 0.24949630 0.45773850
vt 0.25753550 0.40054740
vt 0.25753550 0.40054740
vt 0.26305930 0.33615810
vt 0.26305930 0.33615810
vt 0.25717660 0.05785930
vt 0.25404010 0.03400447
vt 0.24251040 0.03804898
vt 0.25717660 0.05785930
vt 0.24077580 0.06115641
vt 0.26305930 0.33615810
vt 0.23182890 0.34271300
vt 0.25753550 0.40054740
vt 0.22482550 0.06410327
vt 0.23120360 0.04203424
vt 0.22482550 0.06410327
vt 0.20162920 0.34828360
vt 0.20162920 0.34828360
vt 0.19634730 0.39860400
vt 0.19634730 0.39860400
vt 0.19060680 0.47007600
vt 0.19060680 0.47007600
vt 0.17933540 0.53460160
vt 0.17933540 0.53460160
vt 0.18336420 0.59165170
vt 0.18336420 0.59165170
vt 0.19014770 0.63473390
vt 0.19014770 0.63473390
vt 0.19812810 0.68590070
vt 0.19812810 0.68590070
vt 0.20785390 0.73235720
vt 0.20785390 0.73235720
vt 0.21802610 0.76337080
vt 0.21802610 0.76337080
vt 0.22874690 0.79714860
vt 0.22874690 0.79714860
vt 0.24083230 0.82396270
vt 0.24083230 0.82396270
vt 0.25308240 0.85397660
vt 0.25308240 0.85397660
vt 0.26047910 0.86705810
vt 0.26047910 0.86705810
vt 0.27273090 0.88268560
vt 0.27273090 0.88268560
vt 0.26047910 0.86705810
vt 0.26446120 0.86650770
vt 0.27273090 0.88268560
vt 0.26230950 0.86585810
vt 0.25308240 0.85397660
vt 0.25928130 0.85338000
vt 0.26541130 0.85268100
vt 0.24083230 0.82396270
vt 0.25489750 0.82258560
vt 0.26917620 0.82103130
vt 0.22874690 0.79714860
vt 0.24676380 0.79504320
vt 0.26525050 0.79308240
vt 0.21802610 0.76337080
vt 0.23856690 0.76116060
vt 0.25970270 0.75962590
vt 0.20785390 0.73235720
vt 0.23402060 0.72842940
vt 0.26121680 0.72613640
vt 0.19812810 0.68590070
vt 0.23023510 0.68119280
vt 0.26407730 0.67865890
vt 0.19014770 0.63473390
vt 0.22243430 0.62599210
vt 0.25660570 0.61884460
vt 0.18336420 0.59165170
vt 0.21651480 0.57796870
vt 0.25158450 0.56544450
vt 0.17933540 0.53460160
vt 0.21351440 0.52279790
vt 0.24946340 0.51158080
vt 0.19060680 0.47007600
vt 0.21944540 0.46408960
vt 0.24949630 0.45773850
vt 0.19634730 0.39860400
vt 0.22630720 0.40010550
vt 0.20162920 0.34828360
vt 0.24251040 0.03804898
vt 0.22482550 0.06410327
vt 0.24077580 0.06115641
vt 0.23182890 0.34271300
vt 0.20162920 0.34828360
vt 0.22630720 0.40010550
vt 0.19634730 0.39860400
vt 0.21944540 0.46408960
vt 0.19060680 0.47007600
vt 0.21351440 0.52279790
vt 0.17933540 0.53460160
vt 0.21651480 0.57796870
vt 0.18336420 0.59165170
vt 0.22243430 0.62599210
vt 0.19014770 0.63473390
vt 0.23023510 0.68119280
vt 0.19812810 0.68590070
vt 0.23402060 0.72842940
vt 0.20785390 0.73235720
vt 0.23856690 0.76116060
vt 0.21802610 0.76337080
vt 0.24676380 0.79504320
vt 0.22874690 0.79714860
vt 0.25489750 0.82258560
vt 0.24083230 0.82396270
vt 0.25928130 0.85338000
vt 0.25308240 0.85397660
vt 0.26230950 0.86585810
vt 0.26047910 0.86705810
vt 0.26446120 0.86650770
vt 0.27273090 0.88268560
vt 0.26541130 0.85268100
vt 0.26917620 0.82103130
vt 0.26525050 0.79308240
vt 0.25970270 0.75962590
vt 0.26121680 0.72613640
vt 0.26407730 0.67865890
vt 0.25660570 0.61884460
vt 0.25158450 0.56544450
vt 0.24946340 0.51158080
vt 0.24949630 0.45773850
vt 0.25753550 0.40054740
vt 0.26305930 0.33615810
vt 0.25717660 0.05785930
vt 0.25404010 0.03400447
vt 0.25404010 0.03400447
vt 0.25717660 0.05785930
vt 0.25717660 0.05785930
vt 0.26305930 0.33615810
vt 0.26305930 0.33615810
vt 0.25753550 0.40054740
vt 0.25753550 0.40054740
vt 0.24949630 0.45773850
vt 0.24949630 0.45773850
vt 0.24946340 0.51158080
vt 0.24946340 0.51158080
vt 0.25158450 0.56544450
vt 0.25158450 0.56544450
vt 0.25660570 0.61884460
vt 0.25660570 0.61884460
vt 0.26407730 0.67865890
vt 0.26407730 0.67865890
vt 0.26121680 0.72613640
vt 0.26121680 0.72613640
vt 0.25970270 0.75962590
vt 0.25970270 0.75962590
vt 0.26525050 0.79308240
vt 0.26525050 0.79308240
vt 0.26917620 0.82103130
vt 0.26917620 0.82103130
vt 0.26541130 0.85268100
vt 0.26541130 0.85268100
vt 0.26446120 0.86650770
vt 0.26446120 0.86650770
vt 0.27273090 0.88268560
vt 0.27273090 0.88268560
vt 0.24251040 0.03804898
vt 0.25717660 0.05785930
vt 0.24077580 0.06115641
vt 0.26305930 0.33615810
vt 0.23182890 0.34271300
vt 0.25753550 0.40054740
vt 0.22482550 0.06410327
vt 0.23120360 0.04203424
vt 0.22482550 0.06410327
vt 0.20162920 0.34828360
vt 0.20162920 0.34828360
vt 0.19634730 0.39860400
vt 0.19634730 0.39860400
vt 0.19060680 0.47007600
vt 0.19060680 0.47007600
vt 0.17933540 0.53460160
vt 0.17933540 0.53460160
vt 0.18336420 0.59165170
vt 0.18336420 0.59165170
vt 0.19014770 0.63473390
vt 0.19014770 0.63473390
vt 0.19812810 0.68590070
vt 0.19812810 0.68590070
vt 0.20785390 0.73235720
vt 0.20785390 0.73235720
vt 0.21802610 0.76337080
vt 0.21802610 0.76337080
vt 0.22874690 0.79714860
vt 0.22874690 0.79714860
vt 0.24083230 0.82396270
vt 0.24083230 0.82396270
vt 0.25308240 0.85397660
vt 0.25308240 0.85397660
vt 0.26047910 0.86705810
vt 0.26047910 0.86705810
vt 0.27273090 0.88268560
vt 0.27273090 0.88268560
vt 0.26047910 0.86705810
vt 0.26446120 0.86650770
vt 0.27273090 0.88268560
vt 0.26230950 0.86585810
vt 0.25308240 0.85397660
vt 0.25928130 0.85338000
vt 0.26541130 0.85268100
vt 0.24083230 0.82396270
vt 0.25489750 0.82258560
vt 0.26917620 0.82103130
vt 0.22874690 0.79714860
vt 0.24676380 0.79504320
vt 0.26525050 0.79308240
vt 0.21802610 0.76337080
vt 0.23856690 0.76116060
vt 0.20785390 0.73235720
vt 0.25970270 0.75962590
vt 0.23402060 0.72842940
vt 0.19812810 0.68590070
vt 0.23023510 0.68119280
vt 0.19014770 0.63473390
vt 0.26121680 0.72613640
vt 0.22243430 0.62599210
vt 0.18336420 0.59165170
vt 0.26407730 0.67865890
vt 0.25660570 0.61884460
vt 0.21651480 0.57796870
vt 0.17933540 0.53460160
vt 0.25158450 0.56544450
vt 0.21351440 0.52279790
vt 0.19060680 0.47007600
vt 0.24946340 0.51158080
vt 0.21944540 0.46408960
vt 0.19634730 0.39860400
vt 0.24949630 0.45773850
vt 0.22630720 0.40010550
vt 0.20162920 0.34828360
vt 0.24949630 0.45773850
vt 0.25753550 0.40054740
vt 0.24946340 0.51158080
vt 0.26305930 0.33615810
vt 0.24946340 0.51158080
vt 0.26305930 0.33615810
vt 0.25158450 0.56544450
vt 0.25717660 0.05785930
vt 0.25717660 0.05785930
vt 0.25404010 0.03400447
vt 0.25158450 0.56544450
vt 0.25660570 0.61884460
vt 0.25660570 0.61884460
vt 0.26407730 0.67865890
vt 0.26407730 0.67865890
vt 0.26121680 0.72613640
vt 0.25970270 0.75962590
vt 0.26525050 0.79308240
vt 0.26525050 0.79308240
vt 0.26917620 0.82103130
vt 0.26917620 0.82103130
vt 0.26541130 0.85268100
vt 0.26541130 0.85268100
vt 0.26446120 0.86650770
vt 0.26446120 0.86650770
vt 0.27273090 0.88268560
vt 0.27273090 0.88268560
vt 0.25489750 0.82258560
vt 0.25928130 0.85338000
vt 0.24676380 0.79504320
vt 0.26525050 0.79308240
vt 0.23856690 0.76116060
vt 0.25970270 0.75962590
vt 0.23402060 0.72842940
vt 0.26121680 0.72613640
vt 0.23023510 0.68119280
vt 0.26407730 0.67865890
vt 0.22243430 0.62599210
vt 0.25660570 0.61884460
vt 0.21651480 0.57796870
vt 0.25158450 0.56544450
vt 0.21351440 0.52279790
vt 0.24946340 0.51158080
vt 0.21944540 0.46408960
vt 0.24949630 0.45773850
vt 0.22630720 0.40010550
vt 0.25753550 0.40054740
vt 0.23182890 0.34271300
vt 0.26305930 0.33615810
vt 0.24077580 0.06115641
vt 0.25717660 0.05785930
vt 0.25404010 0.03400447
vt 0.22482550 0.06410327
vt 0.24251040 0.03804898
vt 0.20162920 0.34828360
vt 0.19634730 0.39860400
vt 0.19060680 0.47007600
vt 0.17933540 0.53460160
vt 0.18336420 0.59165170
vt 0.19014770 0.63473390
vt 0.19812810 0.68590070
vt 0.20785390 0.73235720
vt 0.21802610 0.76337080
vt 0.22874690 0.79714860
vt 0.24083230 0.82396270
vt 0.25308240 0.85397660
vt 0.26230950 0.86585810
vt 0.26047910 0.86705810
vt 0.27273090 0.88268560
vt 0.25565930 0.01158756
vt 0.24251040 0.03804898
vt 0.25404010 0.03400447
vt 0.25717660 0.05785930
vt 0.24077580 0.06115641
vt 0.26305930 0.33615810
vt 0.23120360 0.04203424
vt 0.24355190 0.01586416
vt 0.22482550 0.06410327
vt 0.23182890 0.34271300
vt 0.25753550 0.40054740
vt 0.22630720 0.40010550
vt 0.24949630 0.45773850
vt 0.20162920 0.34828360
vt 0.21944540 0.46408960
vt 0.24946340 0.51158080
vt 0.19634730 0.39860400
vt 0.19060680 0.47007600
vt 0.21351440 0.52279790
vt 0.25158450 0.56544450
vt 0.21651480 0.57796870
vt 0.25660570 0.61884460
vt 0.17933540 0.53460160
vt 0.22243430 0.62599210
vt 0.26407730 0.67865890
vt 0.18336420 0.59165170
vt 0.19014770 0.63473390
vt 0.23023510 0.68119280
vt 0.26121680 0.72613640
vt 0.19812810 0.68590070
vt 0.23402060 0.72842940
vt 0.25970270 0.75962590
vt 0.20785390 0.73235720
vt 0.23856690 0.76116060
vt 0.26525050 0.79308240
vt 0.24676380 0.79504320
vt 0.26917620 0.82103130
vt 0.21802610 0.76337080
vt 0.25489750 0.82258560
vt 0.26541130 0.85268100
vt 0.22874690 0.79714860
vt 0.24083230 0.82396270
vt 0.25928130 0.85338000
vt 0.25308240 0.85397660
vt 0.26446120 0.86650770
vt 0.26230950 0.86585810
vt 0.26047910 0.86705810
vt 0.27273090 0.88268560
vt 0.21802610 0.76337080
vt 0.20785390 0.73235720
vt 0.22874690 0.79714860
vt 0.19812810 0.68590070
vt 0.22874690 0.79714860
vt 0.19812810 0.68590070
vt 0.24083230 0.82396270
vt 0.19014770 0.63473390
vt 0.24083230 0.82396270
vt 0.19014770 0.63473390
vt 0.25308240 0.85397660
vt 0.18336420 0.59165170
vt 0.25308240 0.85397660
vt 0.18336420 0.59165170
vt 0.26047910 0.86705810
vt 0.26047910 0.86705810
vt 0.27273090 0.88268560
vt 0.27273090 0.88268560
vt 0.17933540 0.53460160
vt 0.19060680 0.47007600
vt 0.19634730 0.39860400
vt 0.19634730 0.39860400
vt 0.20162920 0.34828360
vt 0.22482550 0.06410327
vt 0.23120360 0.04203424
vt 0.23120360 0.04203424
vt 0.23157070 0.02023221
vt 0.24251040 0.03804898
vt 0.24077580 0.06115641
vt 0.22482550 0.06410327
vt 0.23182890 0.34271300
vt 0.20162920 0.34828360
vt 0.22630720 0.40010550
vt 0.19634730 0.39860400
vt 0.21944540 0.46408960
vt 0.19060680 0.47007600
vt 0.21351440 0.52279790
vt 0.17933540 0.53460160
vt 0.21651480 0.57796870
vt 0.18336420 0.59165170
vt 0.22243430 0.62599210
vt 0.19014770 0.63473390
vt 0.23023510 0.68119280
vt 0.19812810 0.68590070
vt 0.23402060 0.72842940
vt 0.20785390 0.73235720
vt 0.23856690 0.76116060
vt 0.21802610 0.76337080
vt 0.24676380 0.79504320
vt 0.22874690 0.79714860
vt 0.25489750 0.82258560
vt 0.24083230 0.82396270
vt 0.25928130 0.85338000
vt 0.25308240 0.85397660
vt 0.26230950 0.86585810
vt 0.26047910 0.86705810
vt 0.26446120 0.86650770
vt 0.27273090 0.88268560
vt 0.26541130 0.85268100
vt 0.26917620 0.82103130
vt 0.26525050 0.79308240
vt 0.25970270 0.75962590
vt 0.26121680 0.72613640
vt 0.26407730 0.67865890
vt 0.25660570 0.61884460
vt 0.25158450 0.56544450
vt 0.24946340 0.51158080
vt 0.24949630 0.45773850
vt 0.25753550 0.40054740
vt 0.26305930 0.33615810
vt 0.25717660 0.05785930
vt 0.25404010 0.03400447
vt 0.24355190 0.01586416
vt 0.27273090 0.88268560
vt 0.27273090 0.88268560
vt 0.26446120 0.86650770
vt 0.26446120 0.86650770
vt 0.26541130 0.85268100
vt 0.26917620 0.82103130
vt 0.26525050 0.79308240
vt 0.25970270 0.75962590
vt 0.25970270 0.75962590
vt 0.26121680 0.72613640
vt 0.26121680 0.72613640
vt 0.26407730 0.67865890
vt 0.26407730 0.67865890
vt 0.25660570 0.61884460
vt 0.25660570 0.61884460
vt 0.25158450 0.56544450
vt 0.25158450 0.56544450
vt 0.24946340 0.51158080
vt 0.24946340 0.51158080
vt 0.24949630 0.45773850
vt 0.24949630 0.45773850
vt 0.25753550 0.40054740
vt 0.25753550 0.40054740
vt 0.26305930 0.33615810
vt 0.26305930 0.33615810
vt 0.25717660 0.05785930
vt 0.25717660 0.05785930
vt 0.25404010 0.03400447
vt 0.25404010 0.03400447
vt 0.25565930 0.01158756
vt 0.25404010 0.03400447
vt 0.24077580 0.06115641
vt 0.25717660 0.05785930
vt 0.26305930 0.33615810
vt 0.23182890 0.34271300
vt 0.25753550 0.40054740
vt 0.22482550 0.06410327
vt 0.24251040 0.03804898
vt 0.20162920 0.34828360
vt 0.22630720 0.40010550
vt 0.24949630 0.45773850
vt 0.19634730 0.39860400
vt 0.21944540 0.46408960
vt 0.24946340 0.51158080
vt 0.19060680 0.47007600
vt 0.21351440 0.52279790
vt 0.25158450 0.56544450
vt 0.21651480 0.57796870
vt 0.25660570 0.61884460
vt 0.17933540 0.53460160
vt 0.22243430 0.62599210
vt 0.26407730 0.67865890
vt 0.18336420 0.59165170
vt 0.19014770 0.63473390
vt 0.23023510 0.68119280
vt 0.26121680 0.72613640
vt 0.19812810 0.68590070
vt 0.23402060 0.72842940
vt 0.17933540 0.53460160
vt 0.18336420 0.59165170
vt 0.18336420 0.59165170
vt 0.19060680 0.47007600
vt 0.19634730 0.39860400
vt 0.19634730 0.39860400
vt 0.20162920 0.34828360
vt 0.20162920 0.34828360
vt 0.22482550 0.06410327
vt 0.22482550 0.06410327
vt 0.23120360 0.04203424
vt 0.24077580 0.06115641
vt 0.23182890 0.34271300
vt 0.20162920 0.34828360
vt 0.22630720 0.40010550
vt 0.19634730 0.39860400
vt 0.21944540 0.46408960
vt 0.19060680 0.47007600
vt 0.21351440 0.52279790
vt 0.17933540 0.53460160
vt 0.21651480 0.57796870
vt 0.26305930 0.33615810
vt 0.25717660 0.05785930
vt 0.24251040 0.03804898
vt 0.25753550 0.40054740
vt 0.24949630 0.45773850
vt 0.24946340 0.51158080
vt 0.25158450 0.56544450
vt 0.24949630 0.45773850
vt 0.25753550 0.40054740
vt 0.24946340 0.51158080
vt 0.26305930 0.33615810
vt 0.24946340 0.51158080
vt 0.26305930 0.33615810
vt 0.25158450 0.56544450
vt 0.25717660 0.05785930
vt 0.25404010 0.03400447
vt 0.25660570 0.61884460
vt 0.25660570 0.61884460
vt 0.26407730 0.67865890
vt 0.22243430 0.62599210
vt 0.26407730 0.67865890
vt 0.19014770 0.63473390
vt 0.19014770 0.63473390
vt 0.23023510 0.68119280
vt 0.26121680 0.72613640
vt 0.19812810 0.68590070
vt 0.19812810 0.68590070
vt 0.20785390 0.73235720
vt 0.23402060 0.72842940
vt 0.25970270 0.75962590
vt 0.20785390 0.73235720
vt 0.20785390 0.73235720
vt 0.21802610 0.76337080
vt 0.23856690 0.76116060
vt 0.26525050 0.79308240
vt 0.21802610 0.76337080
vt 0.24676380 0.79504320
vt 0.26917620 0.82103130
vt 0.22874690 0.79714860
vt 0.25489750 0.82258560
vt 0.26541130 0.85268100
vt 0.24083230 0.82396270
vt 0.25928130 0.85338000
vt 0.25308240 0.85397660
vt 0.26446120 0.86650770
vt 0.26230950 0.86585810
vt 0.26047910 0.86705810
vt 0.27273090 0.88268560
vt 0.26047910 0.86705810
vt 0.27273090 0.88268560
vt 0.25308240 0.85397660
vt 0.25308240 0.85397660
vt 0.24083230 0.82396270
vt 0.24083230 0.82396270
vt 0.22874690 0.79714860
vt 0.22874690 0.79714860
vt 0.21802610 0.76337080
vt 0.23856690 0.76116060
vt 0.21802610 0.76337080
vt 0.25970270 0.75962590
vt 0.24676380 0.79504320
vt 0.22874690 0.79714860
vt 0.26525050 0.79308240
vt 0.25489750 0.82258560
vt 0.24083230 0.82396270
vt 0.26917620 0.82103130
vt 0.25928130 0.85338000
vt 0.25308240 0.85397660
vt 0.26541130 0.85268100
vt 0.26230950 0.86585810
vt 0.26047910 0.86705810
vt 0.26446120 0.86650770
vt 0.27273090 0.88268560
vt 0.26121680 0.72613640
vt 0.26917620 0.82103130
vt 0.26541130 0.85268100
vt 0.26446120 0.86650770
vt 0.27273090 0.88268560
vt 0.27273090 0.88268560
vt 0.26047910 0.86705810
vt 0.27273090 0.88268560
vt 0.26446120 0.86650770
vt 0.26230950 0.86585810
vt 0.25308240 0.85397660
vt 0.25928130 0.85338000
vt 0.26541130 0.85268100
vt 0.24083230 0.82396270
vt 0.25489750 0.82258560
vt 0.26917620 0.82103130
vt 0.22874690 0.79714860
vt 0.24676380 0.79504320
vt 0.26525050 0.79308240
vt 0.21802610 0.76337080
vt 0.23856690 0.76116060
vt 0.25970270 0.75962590
vt 0.20785390 0.73235720
vt 0.23402060 0.72842940
vt 0.26121680 0.72613640
vt 0.23023510 0.68119280
vt 0.26407730 0.67865890
vt 0.19812810 0.68590070
vt 0.22243430 0.62599210
vt 0.25660570 0.61884460
vt 0.19014770 0.63473390
vt 0.21651480 0.57796870
vt 0.25158450 0.56544450
vt 0.18336420 0.59165170
vt 0.20785390 0.73235720
vt 0.19812810 0.68590070
vt 0.21802610 0.76337080
vt 0.19014770 0.63473390
vt 0.21802610 0.76337080
vt 0.22874690 0.79714860
vt 0.22874690 0.79714860
vt 0.24083230 0.82396270
vt 0.24083230 0.82396270
vt 0.25308240 0.85397660
vt 0.25308240 0.85397660
vt 0.26047910 0.86705810
vt 0.26047910 0.86705810
vt 0.27273090 0.88268560
vt 0.27273090 0.88268560
vt 0.18336420 0.59165170
vt 0.17933540 0.53460160
vt 0.17933540 0.53460160
vt 0.21351440 0.52279790
vt 0.19060680 0.47007600
vt 0.19060680 0.47007600
vt 0.19634730 0.39860400
vt 0.19634730 0.39860400
vt 0.20162920 0.34828360
vt 0.20162920 0.34828360
vt 0.22482550 0.06410327
vt 0.22482550 0.06410327
vt 0.23120360 0.04203424
vt 0.23120360 0.04203424
vt 0.23157070 0.02023221
vt 0.21944540 0.46408960
vt 0.19634730 0.39860400
vt 0.24946340 0.51158080
vt 0.22630720 0.40010550
vt 0.20162920 0.34828360
vt 0.24949630 0.45773850
vt 0.25753550 0.40054740
vt 0.23182890 0.34271300
vt 0.22482550 0.06410327
vt 0.26305930 0.33615810
vt 0.24077580 0.06115641
vt 0.23120360 0.04203424
vt 0.25717660 0.05785930
vt 0.24251040 0.03804898
vt 0.24355190 0.01586416
vt 0.25404010 0.03400447
vt 0.25565930 0.01158756
vt 0.24946340 0.51158080
vt 0.25158450 0.56544450
vt 0.24949630 0.45773850
vt 0.25660570 0.61884460
vt 0.24949630 0.45773850
vt 0.25660570 0.61884460
vt 0.25753550 0.40054740
vt 0.26407730 0.67865890
vt 0.25753550 0.40054740
vt 0.26305930 0.33615810
vt 0.26305930 0.33615810
vt 0.25717660 0.05785930
vt 0.25717660 0.05785930
vt 0.25404010 0.03400447
vt 0.25404010 0.03400447
vt 0.25565930 0.01158756
vt 0.26407730 0.67865890
vt 0.26121680 0.72613640
vt 0.26121680 0.72613640
vt 0.25970270 0.75962590
vt 0.25970270 0.75962590
vt 0.26525050 0.79308240
vt 0.26525050 0.79308240
vt 0.26917620 0.82103130
vt 0.26917620 0.82103130
vt 0.26541130 0.85268100
vt 0.26541130 0.85268100
vt 0.26446120 0.86650770
vt 0.26446120 0.86650770
vt 0.27273090 0.88268560
vt 0.27273090 0.88268560
vt 0.23023510 0.68119280
vt 0.23402060 0.72842940
vt 0.23856690 0.76116060
vt 0.24676380 0.79504320
vt 0.25489750 0.82258560
vt 0.25928130 0.85338000
vt 0.22243430 0.62599210
vt 0.25660570 0.61884460
vt 0.21651480 0.57796870
vt 0.25158450 0.56544450
vt 0.21351440 0.52279790
vt 0.24946340 0.51158080
vt 0.21944540 0.46408960
vt 0.24949630 0.45773850
vt 0.22630720 0.40010550
vt 0.25753550 0.40054740
vt 0.23182890 0.34271300
vt 0.26305930 0.33615810
vt 0.24077580 0.06115641
vt 0.25717660 0.05785930
vt 0.24251040 0.03804898
vt 0.25404010 0.03400447
vt 0.24355190 0.01586416
vt 0.23120360 0.04203424
vt 0.23157070 0.02023221
vt 0.22482550 0.06410327
vt 0.20162920 0.34828360
vt 0.19634730 0.39860400
vt 0.19060680 0.47007600
vt 0.17933540 0.53460160
vt 0.18336420 0.59165170
vt 0.19014770 0.63473390
vt 0.19812810 0.68590070
vt 0.20785390 0.73235720
vt 0.21802610 0.76337080
vt 0.22874690 0.79714860
vt 0.24083230 0.82396270
vt 0.25308240 0.85397660
vt 0.26230950 0.86585810
vt 0.26047910 0.86705810
vt 0.27273090 0.88268560
vt 0.24355190 0.01586416
vt 0.23120360 0.04203424
vt 0.24251040 0.03804898
vt 0.24077580 0.06115641
vt 0.22482550 0.06410327
vt 0.23182890 0.34271300
vt 0.20162920 0.34828360
vt 0.22630720 0.40010550
vt 0.19634730 0.39860400
vt 0.21944540 0.46408960
vt 0.19060680 0.47007600
vt 0.21351440 0.52279790
vt 0.17933540 0.53460160
vt 0.21651480 0.57796870
vt 0.18336420 0.59165170
vt 0.25717660 0.05785930
vt 0.25404010 0.03400447
vt 0.25565930 0.01158756
vt 0.26305930 0.33615810
vt 0.25753550 0.40054740
vt 0.24949630 0.45773850
vt 0.24946340 0.51158080
vt 0.25158450 0.56544450
vt 0.25660570 0.61884460
vt 0.22243430 0.62599210
vt 0.26407730 0.67865890
vt 0.23023510 0.68119280
vt 0.26121680 0.72613640
vt 0.19014770 0.63473390
vt 0.23402060 0.72842940
vt 0.25970270 0.75962590
vt 0.19812810 0.68590070
vt 0.20785390 0.73235720
vt 0.23856690 0.76116060
vt 0.26525050 0.79308240
vt 0.21802610 0.76337080
vt 0.24676380 0.79504320
vt 0.26917620 0.82103130
vt 0.22874690 0.79714860
vt 0.25489750 0.82258560
vt 0.26541130 0.85268100
vt 0.24083230 0.82396270
vt 0.25928130 0.85338000
vt 0.25308240 0.85397660
vt 0.26446120 0.86650770
vt 0.26230950 0.86585810
vt 0.26047910 0.86705810
vt 0.27273090 0.88268560
vt 0.26047910 0.86705810
vt 0.27273090 0.88268560
vt 0.27273090 0.88268560
vt 0.26047910 0.86705810
vt 0.25308240 0.85397660
vt 0.25308240 0.85397660
vt 0.24083230 0.82396270
vt 0.24083230 0.82396270
vt 0.22874690 0.79714860
vt 0.22874690 0.79714860
vt 0.21802610 0.76337080
vt 0.21802610 0.76337080
vt 0.20785390 0.73235720
vt 0.20785390 0.73235720
vt 0.19812810 0.68590070
vt 0.19812810 0.68590070
vt 0.19014770 0.63473390
vt 0.18336420 0.59165170
vt 0.17933540 0.53460160
vt 0.17933540 0.53460160
vt 0.19060680 0.47007600
vt 0.19060680 0.47007600
vt 0.19634730 0.39860400
vt 0.19634730 0.39860400
vt 0.20162920 0.34828360
vt 0.20162920 0.34828360
vt 0.22482550 0.06410327
vt 0.22482550 0.06410327
vt 0.23120360 0.04203424
vt 0.23120360 0.04203424
vt 0.23157070 0.02023221
vt 0.24251040 0.03804898
vt 0.24077580 0.06115641
vt 0.22482550 0.06410327
vt 0.23182890 0.34271300
vt 0.20162920 0.34828360
vt 0.22630720 0.40010550
vt 0.19634730 0.39860400
vt 0.21944540 0.46408960
vt 0.19060680 0.47007600
vt 0.21351440 0.52279790
vt 0.17933540 0.53460160
vt 0.21651480 0.57796870
vt 0.18336420 0.59165170
vt 0.22243430 0.62599210
vt 0.19014770 0.63473390
vt 0.23023510 0.68119280
vt 0.19812810 0.68590070
vt 0.23402060 0.72842940
vt 0.20785390 0.73235720
vt 0.23856690 0.76116060
vt 0.21802610 0.76337080
vt 0.24676380 0.79504320
vt 0.22874690 0.79714860
vt 0.25489750 0.82258560
vt 0.24083230 0.82396270
vt 0.25928130 0.85338000
vt 0.25308240 0.85397660
vt 0.26230950 0.86585810
vt 0.26047910 0.86705810
vt 0.26446120 0.86650770
vt 0.27273090 0.88268560
vt 0.26541130 0.85268100
vt 0.26917620 0.82103130
vt 0.26525050 0.79308240
vt 0.25970270 0.75962590
vt 0.26121680 0.72613640
vt 0.26407730 0.67865890
vt 0.25660570 0.61884460
vt 0.25158450 0.56544450
vt 0.24946340 0.51158080
vt 0.24949630 0.45773850
vt 0.25753550 0.40054740
vt 0.26305930 0.33615810
vt 0.25717660 0.05785930
vt 0.25404010 0.03400447
vt 0.24355190 0.01586416
vt 0.27273090 0.88268560
vt 0.27273090 0.88268560
vt 0.26446120 0.86650770
vt 0.26446120 0.86650770
vt 0.26541130 0.85268100
vt 0.26541130 0.85268100
vt 0.26917620 0.82103130
vt 0.26525050 0.79308240
vt 0.25970270 0.75962590
vt 0.26121680 0.72613640
vt 0.26121680 0.72613640
vt 0.26407730 0.67865890
vt 0.26407730 0.67865890
vt 0.25660570 0.61884460
vt 0.25660570 0.61884460
vt 0.25158450 0.56544450
vt 0.25158450 0.56544450
vt 0.24946340 0.51158080
vt 0.24946340 0.51158080
vt 0.24949630 0.45773850
vt 0.24949630 0.45773850
vt 0.25753550 0.40054740
vt 0.25753550 0.40054740
vt 0.26305930 0.33615810
vt 0.26305930 0.33615810
vt 0.25717660 0.05785930
vt 0.25717660 0.05785930
vt 0.25404010 0.03400447
vt 0.25404010 0.03400447
vt 0.25565930 0.01158756
vt 0.24251040 0.03804898
vt 0.25717660 0.05785930
vt 0.24077580 0.06115641
vt 0.26305930 0.33615810
vt 0.23182890 0.34271300
vt 0.25753550 0.40054740
vt 0.22482550 0.06410327
vt 0.23120360 0.04203424
vt 0.22482550 0.06410327
vt 0.20162920 0.34828360
vt 0.20162920 0.34828360
vt 0.19634730 0.39860400
vt 0.19634730 0.39860400
vt 0.19060680 0.47007600
vt 0.19060680 0.47007600
vt 0.17933540 0.53460160
vt 0.17933540 0.53460160
vt 0.18336420 0.59165170
vt 0.18336420 0.59165170
vt 0.19014770 0.63473390
vt 0.19014770 0.63473390
vt 0.19812810 0.68590070
vt 0.19812810 0.68590070
vt 0.20785390 0.73235720
vt 0.20785390 0.73235720
vt 0.21802610 0.76337080
vt 0.21802610 0.76337080
vt 0.22874690 0.79714860
vt 0.22874690 0.79714860
vt 0.24083230 0.82396270
vt 0.24083230 0.82396270
vt 0.25308240 0.85397660
vt 0.25308240 0.85397660
vt 0.26047910 0.86705810
vt 0.26047910 0.86705810
vt 0.27273090 0.88268560
vt 0.27273090 0.88268560
vt 0.26047910 0.86705810
vt 0.26446120 0.86650770
vt 0.27273090 0.88268560
vt 0.26230950 0.86585810
vt 0.25308240 0.85397660
vt 0.25928130 0.85338000
vt 0.26541130 0.85268100
vt 0.24083230 0.82396270
vt 0.25489750 0.82258560
vt 0.26917620 0.82103130
vt 0.22874690 0.79714860
vt 0.24676380 0.79504320
vt 0.26525050 0.79308240
vt 0.21802610 0.76337080
vt 0.23856690 0.76116060
vt 0.25970270 0.75962590
vt 0.20785390 0.73235720
vt 0.23402060 0.72842940
vt 0.26121680 0.72613640
vt 0.19812810 0.68590070
vt 0.23023510 0.68119280
vt 0.26407730 0.67865890
vt 0.19014770 0.63473390
vt 0.22243430 0.62599210
vt 0.25660570 0.61884460
vt 0.18336420 0.59165170
vt 0.21651480 0.57796870
vt 0.25158450 0.56544450
vt 0.17933540 0.53460160
vt 0.21351440 0.52279790
vt 0.24946340 0.51158080
vt 0.19060680 0.47007600
vt 0.21944540 0.46408960
vt 0.24949630 0.45773850
vt 0.19634730 0.39860400
vt 0.22630720 0.40010550
vt 0.20162920 0.34828360
vt 0.26047910 0.86705810
vt 0.27273090 0.88268560
vt 0.26446120 0.86650770
vt 0.26230950 0.86585810
vt 0.25308240 0.85397660
vt 0.25928130 0.85338000
vt 0.26541130 0.85268100
vt 0.24083230 0.82396270
vt 0.25489750 0.82258560
vt 0.26917620 0.82103130
vt 0.22874690 0.79714860
vt 0.24676380 0.79504320
vt 0.26525050 0.79308240
vt 0.21802610 0.76337080
vt 0.23856690 0.76116060
vt 0.25970270 0.75962590
vt 0.20785390 0.73235720
vt 0.23402060 0.72842940
vt 0.26121680 0.72613640
vt 0.19812810 0.68590070
vt 0.23023510 0.68119280
vt 0.26407730 0.67865890
vt 0.19014770 0.63473390
vt 0.22243430 0.62599210
vt 0.25660570 0.61884460
vt 0.18336420 0.59165170
vt 0.21651480 0.57796870
vt 0.25158450 0.56544450
vt 0.17933540 0.53460160
vt 0.21351440 0.52279790
vt 0.24946340 0.51158080
vt 0.19060680 0.47007600
vt 0.21944540 0.46408960
vt 0.24949630 0.45773850
vt 0.19634730 0.39860400
vt 0.22630720 0.40010550
vt 0.25753550 0.40054740
vt 0.20162920 0.34828360
vt 0.23182890 0.34271300
vt 0.26305930 0.33615810
vt 0.22482550 0.06410327
vt 0.24077580 0.06115641
vt 0.24251040 0.03804898
vt 0.25717660 0.05785930
vt 0.25404010 0.03400447
vt 0.26446120 0.86650770
vt 0.27273090 0.88268560
vt 0.27273090 0.88268560
vt 0.26446120 0.86650770
vt 0.26541130 0.85268100
vt 0.26541130 0.85268100
vt 0.26917620 0.82103130
vt 0.26917620 0.82103130
vt 0.26525050 0.79308240
vt 0.26525050 0.79308240
vt 0.25970270 0.75962590
vt 0.25970270 0.75962590
vt 0.26121680 0.72613640
vt 0.26121680 0.72613640
vt 0.26407730 0.67865890
vt 0.26407730 0.67865890
vt 0.25660570 0.61884460
vt 0.25660570 0.61884460
vt 0.25158450 0.56544450
vt 0.25158450 0.56544450
vt 0.24946340 0.51158080
vt 0.24946340 0.51158080
vt 0.24949630 0.45773850
vt 0.24949630 0.45773850
vt 0.25753550 0.40054740
vt 0.25753550 0.40054740
vt 0.26305930 0.33615810
vt 0.26305930 0.33615810
vt 0.25717660 0.05785930
vt 0.25717660 0.05785930
vt 0.25404010 0.03400447
vt 0.24251040 0.03804898
vt 0.25717660 0.05785930
vt 0.24077580 0.06115641
vt 0.26305930 0.33615810
vt 0.23182890 0.34271300
vt 0.25753550 0.40054740
vt 0.22482550 0.06410327
vt 0.23120360 0.04203424
vt 0.22482550 0.06410327
vt 0.20162920 0.34828360
vt 0.20162920 0.34828360
vt 0.19634730 0.39860400
vt 0.19634730 0.39860400
vt 0.19060680 0.47007600
vt 0.19060680 0.47007600
vt 0.17933540 0.53460160
vt 0.17933540 0.53460160
vt 0.18336420 0.59165170
vt 0.18336420 0.59165170
vt 0.19014770 0.63473390
vt 0.19014770 0.63473390
vt 0.19812810 0.68590070
vt 0.19812810 0.68590070
vt 0.20785390 0.73235720
vt 0.20785390 0.73235720
vt 0.21802610 0.76337080
vt 0.21802610 0.76337080
vt 0.22874690 0.79714860
vt 0.22874690 0.79714860
vt 0.24083230 0.82396270
vt 0.24083230 0.82396270
vt 0.25308240 0.85397660
vt 0.25308240 0.85397660
vt 0.26047910 0.86705810
vt 0.26047910 0.86705810
vt 0.27273090 0.88268560
vt 0.27273090 0.88268560
vt 0.26047910 0.86705810
vt 0.26446120 0.86650770
vt 0.27273090 0.88268560
vt 0.26230950 0.86585810
vt 0.25308240 0.85397660
vt 0.25928130 0.85338000
vt 0.26541130 0.85268100
vt 0.24083230 0.82396270
vt 0.25489750 0.82258560
vt 0.26917620 0.82103130
vt 0.22874690 0.79714860
vt 0.24676380 0.79504320
vt 0.26525050 0.79308240
vt 0.21802610 0.76337080
vt 0.23856690 0.76116060
vt 0.25970270 0.75962590
vt 0.20785390 0.73235720
vt 0.23402060 0.72842940
vt 0.26121680 0.72613640
vt 0.19812810 0.68590070
vt 0.23023510 0.68119280
vt 0.26407730 0.67865890
vt 0.19014770 0.63473390
vt 0.22243430 0.62599210
vt 0.25660570 0.61884460
vt 0.18336420 0.59165170
vt 0.21651480 0.57796870
vt 0.25158450 0.56544450
vt 0.17933540 0.53460160
vt 0.21351440 0.52279790
vt 0.24946340 0.51158080
vt 0.19060680 0.47007600
vt 0.21944540 0.46408960
vt 0.24949630 0.45773850
vt 0.19634730 0.39860400
vt 0.22630720 0.40010550
vt 0.20162920 0.34828360
vt 0.25404010 0.03400447
vt 0.24077580 0.06115641
vt 0.25717660 0.05785930
vt 0.26305930 0.33615810
vt 0.23182890 0.34271300
vt 0.25753550 0.40054740
vt 0.22482550 0.06410327
vt 0.24251040 0.03804898
vt 0.20162920 0.34828360
vt 0.22630720 0.40010550
vt 0.24949630 0.45773850
vt 0.19634730 0.39860400
vt 0.21944540 0.46408960
vt 0.24946340 0.51158080
vt 0.19060680 0.47007600
vt 0.21351440 0.52279790
vt 0.25158450 0.56544450
vt 0.17933540 0.53460160
vt 0.21651480 0.57796870
vt 0.25660570 0.61884460
vt 0.18336420 0.59165170
vt 0.22243430 0.62599210
vt 0.26407730 0.67865890
vt 0.19014770 0.63473390
vt 0.23023510 0.68119280
vt 0.26121680 0.72613640
vt 0.19812810 0.68590070
vt 0.23402060 0.72842940
vt 0.25970270 0.75962590
vt 0.20785390 0.73235720
vt 0.23856690 0.76116060
vt 0.26525050 0.79308240
vt 0.21802610 0.76337080
vt 0.24676380 0.79504320
vt 0.26917620 0.82103130
vt 0.22874690 0.79714860
vt 0.25489750 0.82258560
vt 0.26541130 0.85268100
vt 0.24083230 0.82396270
vt 0.25928130 0.85338000
vt 0.25308240 0.85397660
vt 0.26446120 0.86650770
vt 0.26230950 0.86585810
vt 0.26047910 0.86705810
vt 0.27273090 0.88268560
vt 0.25404010 0.03400447
vt 0.25717660 0.05785930
vt 0.25717660 0.05785930
vt 0.26305930 0.33615810
vt 0.26305930 0.33615810
vt 0.25753550 0.40054740
vt 0.25753550 0.40054740
vt 0.24949630 0.45773850
vt 0.24949630 0.45773850
vt 0.24946340 0.51158080
vt 0.24946340 0.51158080
vt 0.25158450 0.56544450
vt 0.25158450 0.56544450
vt 0.25660570 0.61884460
vt 0.25660570 0.61884460
vt 0.26407730 0.67865890
vt 0.26407730 0.67865890
vt 0.26121680 0.72613640
vt 0.26121680 0.72613640
vt 0.25970270 0.75962590
vt 0.25970270 0.75962590
vt 0.26525050 0.79308240
vt 0.26525050 0.79308240
vt 0.26917620 0.82103130
vt 0.26917620 0.82103130
vt 0.26541130 0.85268100
vt 0.26541130 0.85268100
vt 0.26446120 0.86650770
vt 0.26446120 0.86650770
vt 0.27273090 0.88268560
vt 0.27273090 0.88268560
vt 0.23120360 0.04203424
vt 0.24077580 0.06115641
vt 0.22482550 0.06410327
vt 0.23182890 0.34271300
vt 0.20162920 0.34828360
vt 0.22630720 0.40010550
vt 0.19634730 0.39860400
vt 0.21944540 0.46408960
vt 0.19060680 0.47007600
vt 0.21351440 0.52279790
vt 0.17933540 0.53460160
vt 0.21651480 0.57796870
vt 0.18336420 0.59165170
vt 0.22243430 0.62599210
vt 0.19014770 0.63473390
vt 0.23023510 0.68119280
vt 0.19812810 0.68590070
vt 0.23402060 0.72842940
vt 0.20785390 0.73235720
vt 0.23856690 0.76116060
vt 0.21802610 0.76337080
vt 0.24676380 0.79504320
vt 0.22874690 0.79714860
vt 0.25489750 0.82258560
vt 0.24083230 0.82396270
vt 0.25928130 0.85338000
vt 0.25308240 0.85397660
vt 0.26230950 0.86585810
vt 0.26047910 0.86705810
vt 0.26446120 0.86650770
vt 0.27273090 0.88268560
vt 0.26541130 0.85268100
vt 0.26917620 0.82103130
vt 0.26525050 0.79308240
vt 0.25970270 0.75962590
vt 0.26121680 0.72613640
vt 0.26407730 0.67865890
vt 0.25660570 0.61884460
vt 0.25158450 0.56544450
vt 0.24946340 0.51158080
vt 0.24949630 0.45773850
vt 0.25753550 0.40054740
vt 0.26305930 0.33615810
vt 0.25717660 0.05785930
vt 0.24251040 0.03804898
vt 0.27273090 0.88268560
vt 0.27273090 0.88268560
vt 0.26047910 0.86705810
vt 0.26047910 0.86705810
vt 0.25308240 0.85397660
vt 0.25308240 0.85397660
vt 0.24083230 0.82396270
vt 0.24083230 0.82396270
vt 0.22874690 0.79714860
vt 0.22874690 0.79714860
vt 0.21802610 0.76337080
vt 0.21802610 0.76337080
vt 0.20785390 0.73235720
vt 0.20785390 0.73235720
vt 0.19812810 0.68590070
vt 0.19812810 0.68590070
vt 0.19014770 0.63473390
vt 0.19014770 0.63473390
vt 0.18336420 0.59165170
vt 0.18336420 0.59165170
vt 0.17933540 0.53460160
vt 0.17933540 0.53460160
vt 0.19060680 0.47007600
vt 0.19060680 0.47007600
vt 0.19634730 0.39860400
vt 0.19634730 0.39860400
vt 0.20162920 0.34828360
vt 0.20162920 0.34828360
vt 0.22482550 0.06410327
vt 0.22482550 0.06410327
vt 0.23120360 0.04203424
vt 0.26047910 0.86705810
vt 0.27273090 0.88268560
vt 0.26446120 0.86650770
vt 0.26230950 0.86585810
vt 0.25308240 0.85397660
vt 0.25928130 0.85338000
vt 0.26541130 0.85268100
vt 0.24083230 0.82396270
vt 0.25489750 0.82258560
vt 0.26917620 0.82103130
vt 0.22874690 0.79714860
vt 0.24676380 0.79504320
vt 0.26525050 0.79308240
vt 0.21802610 0.76337080
vt 0.23856690 0.76116060
vt 0.25970270 0.75962590
vt 0.20785390 0.73235720
vt 0.23402060 0.72842940
vt 0.26121680 0.72613640
vt 0.19812810 0.68590070
vt 0.23023510 0.68119280
vt 0.26407730 0.67865890
vt 0.19014770 0.63473390
vt 0.22243430 0.62599210
vt 0.25660570 0.61884460
vt 0.18336420 0.59165170
vt 0.21651480 0.57796870
vt 0.25158450 0.56544450
vt 0.17933540 0.53460160
vt 0.21351440 0.52279790
vt 0.24946340 0.51158080
vt 0.19060680 0.47007600
vt 0.21944540 0.46408960
vt 0.24949630 0.45773850
vt 0.19634730 0.39860400
vt 0.22630720 0.40010550
vt 0.25753550 0.40054740
vt 0.20162920 0.34828360
vt 0.23182890 0.34271300
vt 0.26305930 0.33615810
vt 0.22482550 0.06410327
vt 0.24077580 0.06115641
vt 0.24251040 0.03804898
vt 0.25717660 0.05785930
vt 0.25404010 0.03400447
vt 0.26446120 0.86650770
vt 0.27273090 0.88268560
vt 0.27273090 0.88268560
vt 0.26446120 0.86650770
vt 0.26541130 0.85268100
vt 0.26541130 0.85268100
vt 0.26917620 0.82103130
vt 0.26917620 0.82103130
vt 0.26525050 0.79308240
vt 0.26525050 0.79308240
vt 0.25970270 0.75962590
vt 0.25970270 0.75962590
vt 0.26121680 0.72613640
vt 0.26121680 0.72613640
vt 0.26407730 0.67865890
vt 0.26407730 0.67865890
vt 0.25660570 0.61884460
vt 0.25660570 0.61884460
vt 0.25158450 0.56544450
vt 0.25158450 0.56544450
vt 0.24946340 0.51158080
vt 0.24946340 0.51158080
vt 0.24949630 0.45773850
vt 0.24949630 0.45773850
vt 0.25753550 0.40054740
vt 0.25753550 0.40054740
vt 0.26305930 0.33615810
vt 0.26305930 0.33615810
vt 0.25717660 0.05785930
vt 0.25717660 0.05785930
vt 0.25404010 0.03400447
vt 0.24355190 0.01586416
vt 0.23120360 0.04203424
vt 0.24251040 0.03804898
vt 0.24077580 0.06115641
vt 0.22482550 0.06410327
vt 0.23182890 0.34271300
vt 0.20162920 0.34828360
vt 0.22630720 0.40010550
vt 0.19634730 0.39860400
vt 0.21944540 0.46408960
vt 0.19060680 0.47007600
vt 0.21351440 0.52279790
vt 0.17933540 0.53460160
vt 0.21651480 0.57796870
vt 0.18336420 0.59165170
vt 0.22243430 0.62599210
vt 0.19014770 0.63473390
vt 0.23023510 0.68119280
vt 0.19812810 0.68590070
vt 0.23402060 0.72842940
vt 0.20785390 0.73235720
vt 0.23856690 0.76116060
vt 0.21802610 0.76337080
vt 0.24676380 0.79504320
vt 0.22874690 0.79714860
vt 0.25489750 0.82258560
vt 0.24083230 0.82396270
vt 0.25928130 0.85338000
vt 0.25308240 0.85397660
vt 0.26230950 0.86585810
vt 0.26047910 0.86705810
vt 0.26446120 0.86650770
vt 0.27273090 0.88268560
vt 0.26541130 0.85268100
vt 0.26917620 0.82103130
vt 0.26525050 0.79308240
vt 0.25970270 0.75962590
vt 0.26121680 0.72613640
vt 0.26407730 0.67865890
vt 0.25660570 0.61884460
vt 0.25158450 0.56544450
vt 0.24946340 0.51158080
vt 0.24949630 0.45773850
vt 0.25753550 0.40054740
vt 0.26305930 0.33615810
vt 0.25717660 0.05785930
vt 0.25404010 0.03400447
vt 0.25565930 0.01158756
vt 0.24355190 0.01586416
vt 0.25404010 0.03400447
vt 0.24251040 0.03804898
vt 0.25717660 0.05785930
vt 0.24077580 0.06115641
vt 0.26305930 0.33615810
vt 0.23120360 0.04203424
vt 0.23157070 0.02023221
vt 0.23120360 0.04203424
vt 0.22482550 0.06410327
vt 0.22482550 0.06410327
vt 0.20162920 0.34828360
vt 0.20162920 0.34828360
vt 0.19634730 0.39860400
vt 0.19634730 0.39860400
vt 0.19060680 0.47007600
vt 0.19060680 0.47007600
vt 0.17933540 0.53460160
vt 0.17933540 0.53460160
vt 0.18336420 0.59165170
vt 0.18336420 0.59165170
vt 0.19014770 0.63473390
vt 0.19014770 0.63473390
vt 0.19812810 0.68590070
vt 0.19812810 0.68590070
vt 0.20785390 0.73235720
vt 0.20785390 0.73235720
vt 0.21802610 0.76337080
vt 0.21802610 0.76337080
vt 0.22874690 0.79714860
vt 0.22874690 0.79714860
vt 0.24083230 0.82396270
vt 0.24083230 0.82396270
vt 0.25308240 0.85397660
vt 0.25308240 0.85397660
vt 0.26047910 0.86705810
vt 0.26047910 0.86705810
vt 0.27273090 0.88268560
vt 0.27273090 0.88268560
vt 0.25404010 0.03400447
vt 0.25404010 0.03400447
vt 0.25565930 0.01158756
vt 0.25717660 0.05785930
vt 0.25717660 0.05785930
vt 0.26305930 0.33615810
vt 0.26305930 0.33615810
vt 0.25753550 0.40054740
vt 0.25753550 0.40054740
vt 0.24949630 0.45773850
vt 0.24949630 0.45773850
vt 0.24946340 0.51158080
vt 0.24946340 0.51158080
vt 0.25158450 0.56544450
vt 0.25158450 0.56544450
vt 0.25660570 0.61884460
vt 0.25660570 0.61884460
vt 0.26407730 0.67865890
vt 0.26407730 0.67865890
vt 0.26121680 0.72613640
vt 0.26121680 0.72613640
vt 0.25970270 0.75962590
vt 0.25970270 0.75962590
vt 0.26525050 0.79308240
vt 0.26525050 0.79308240
vt 0.26917620 0.82103130
vt 0.26917620 0.82103130
vt 0.26541130 0.85268100
vt 0.26541130 0.85268100
vt 0.26446120 0.86650770
vt 0.26446120 0.86650770
vt 0.27273090 0.88268560
vt 0.27273090 0.88268560
vt 0.23402060 0.72842940
vt 0.23856690 0.76116060
vt 0.24676380 0.79504320
vt 0.23023510 0.68119280
vt 0.26407730 0.67865890
vt 0.25489750 0.82258560
vt 0.26541130 0.85268100
vt 0.22243430 0.62599210
vt 0.25660570 0.61884460
vt 0.25928130 0.85338000
vt 0.26446120 0.86650770
vt 0.21651480 0.57796870
vt 0.25158450 0.56544450
vt 0.21351440 0.52279790
vt 0.24946340 0.51158080
vt 0.21944540 0.46408960
vt 0.24949630 0.45773850
vt 0.22630720 0.40010550
vt 0.25753550 0.40054740
vt 0.23182890 0.34271300
vt 0.22482550 0.06410327
vt 0.20162920 0.34828360
vt 0.19634730 0.39860400
vt 0.19060680 0.47007600
vt 0.17933540 0.53460160
vt 0.18336420 0.59165170
vt 0.19014770 0.63473390
vt 0.19812810 0.68590070
vt 0.20785390 0.73235720
vt 0.21802610 0.76337080
vt 0.22874690 0.79714860
vt 0.24083230 0.82396270
vt 0.25308240 0.85397660
vt 0.26230950 0.86585810
vt 0.26047910 0.86705810
vt 0.27273090 0.88268560
vt 0.27273090 0.88268560
vt 0.27273090 0.88268560
vt 0.26047910 0.86705810
vt 0.26047910 0.86705810
vt 0.25308240 0.85397660
vt 0.25308240 0.85397660
vt 0.24083230 0.82396270
vt 0.24083230 0.82396270
vt 0.22874690 0.79714860
vt 0.22874690 0.79714860
vt 0.21802610 0.76337080
vt 0.21802610 0.76337080
vt 0.20785390 0.73235720
vt 0.20785390 0.73235720
vt 0.19812810 0.68590070
vt 0.19812810 0.68590070
vt 0.19014770 0.63473390
vt 0.19014770 0.63473390
vt 0.18336420 0.59165170
vt 0.18336420 0.59165170
vt 0.17933540 0.53460160
vt 0.17933540 0.53460160
vt 0.19060680 0.47007600
vt 0.19060680 0.47007600
vt 0.19634730 0.39860400
vt 0.19634730 0.39860400
vt 0.20162920 0.34828360
vt 0.20162920 0.34828360
vt 0.22482550 0.06410327
vt 0.22482550 0.06410327
vt 0.23120360 0.04203424
vt 0.24077580 0.06115641
vt 0.23182890 0.34271300
vt 0.20162920 0.34828360
vt 0.22630720 0.40010550
vt 0.19634730 0.39860400
vt 0.21944540 0.46408960
vt 0.19060680 0.47007600
vt 0.21351440 0.52279790
vt 0.17933540 0.53460160
vt 0.21651480 0.57796870
vt 0.18336420 0.59165170
vt 0.22243430 0.62599210
vt 0.19014770 0.63473390
vt 0.23023510 0.68119280
vt 0.19812810 0.68590070
vt 0.23402060 0.72842940
vt 0.20785390 0.73235720
vt 0.23856690 0.76116060
vt 0.21802610 0.76337080
vt 0.24676380 0.79504320
vt 0.22874690 0.79714860
vt 0.25489750 0.82258560
vt 0.24083230 0.82396270
vt 0.25928130 0.85338000
vt 0.25308240 0.85397660
vt 0.26230950 0.86585810
vt 0.26047910 0.86705810
vt 0.26446120 0.86650770
vt 0.27273090 0.88268560
vt 0.27273090 0.88268560
vt 0.26446120 0.86650770
vt 0.26541130 0.85268100
vt 0.26541130 0.85268100
vt 0.26917620 0.82103130
vt 0.26541130 0.85268100
vt 0.26525050 0.79308240
vt 0.26917620 0.82103130
vt 0.26917620 0.82103130
vt 0.25970270 0.75962590
vt 0.26525050 0.79308240
vt 0.26525050 0.79308240
vt 0.26121680 0.72613640
vt 0.25970270 0.75962590
vt 0.25970270 0.75962590
vt 0.26407730 0.67865890
vt 0.26121680 0.72613640
vt 0.26121680 0.72613640
vt 0.25660570 0.61884460
vt 0.26407730 0.67865890
vt 0.26407730 0.67865890
vt 0.25158450 0.56544450
vt 0.25660570 0.61884460
vt 0.25660570 0.61884460
vt 0.24946340 0.51158080
vt 0.25158450 0.56544450
vt 0.25158450 0.56544450
vt 0.24949630 0.45773850
vt 0.24946340 0.51158080
vt 0.24946340 0.51158080
vt 0.25753550 0.40054740
vt 0.24949630 0.45773850
vt 0.24949630 0.45773850
vt 0.26305930 0.33615810
vt 0.25753550 0.40054740
vt 0.25717660 0.05785930
vt 0.24251040 0.03804898
vt 0.25753550 0.40054740
vt 0.26305930 0.33615810
vt 0.26305930 0.33615810
vt 0.25717660 0.05785930
vt 0.25717660 0.05785930
vt 0.25404010 0.03400447
vt 0.26047910 0.86705810
vt 0.27273090 0.88268560
vt 0.26446120 0.86650770
vt 0.26230950 0.86585810
vt 0.25308240 0.85397660
vt 0.25928130 0.85338000
vt 0.26541130 0.85268100
vt 0.24083230 0.82396270
vt 0.25489750 0.82258560
vt 0.26917620 0.82103130
vt 0.22874690 0.79714860
vt 0.24676380 0.79504320
vt 0.26525050 0.79308240
vt 0.21802610 0.76337080
vt 0.23856690 0.76116060
vt 0.25970270 0.75962590
vt 0.20785390 0.73235720
vt 0.23402060 0.72842940
vt 0.26121680 0.72613640
vt 0.19812810 0.68590070
vt 0.23023510 0.68119280
vt 0.26407730 0.67865890
vt 0.19014770 0.63473390
vt 0.22243430 0.62599210
vt 0.25660570 0.61884460
vt 0.18336420 0.59165170
vt 0.21651480 0.57796870
vt 0.25158450 0.56544450
vt 0.17933540 0.53460160
vt 0.21351440 0.52279790
vt 0.24946340 0.51158080
vt 0.19060680 0.47007600
vt 0.21944540 0.46408960
vt 0.24949630 0.45773850
vt 0.19634730 0.39860400
vt 0.22630720 0.40010550
vt 0.25753550 0.40054740
vt 0.20162920 0.34828360
vt 0.23182890 0.34271300
vt 0.26305930 0.33615810
vt 0.22482550 0.06410327
vt 0.24077580 0.06115641
vt 0.24251040 0.03804898
vt 0.25717660 0.05785930
vt 0.25404010 0.03400447
vt 0.25565930 0.01158756
vt 0.24251040 0.03804898
vt 0.25404010 0.03400447
vt 0.25717660 0.05785930
vt 0.24077580 0.06115641
vt 0.26305930 0.33615810
vt 0.23120360 0.04203424
vt 0.24355190 0.01586416
vt 0.22482550 0.06410327
vt 0.23182890 0.34271300
vt 0.25753550 0.40054740
vt 0.20162920 0.34828360
vt 0.22630720 0.40010550
vt 0.24949630 0.45773850
vt 0.19634730 0.39860400
vt 0.21944540 0.46408960
vt 0.24946340 0.51158080
vt 0.19060680 0.47007600
vt 0.21351440 0.52279790
vt 0.25158450 0.56544450
vt 0.17933540 0.53460160
vt 0.21651480 0.57796870
vt 0.25660570 0.61884460
vt 0.18336420 0.59165170
vt 0.22243430 0.62599210
vt 0.26407730 0.67865890
vt 0.19014770 0.63473390
vt 0.23023510 0.68119280
vt 0.26121680 0.72613640
vt 0.19812810 0.68590070
vt 0.23402060 0.72842940
vt 0.25970270 0.75962590
vt 0.20785390 0.73235720
vt 0.23856690 0.76116060
vt 0.26525050 0.79308240
vt 0.21802610 0.76337080
vt 0.24676380 0.79504320
vt 0.26917620 0.82103130
vt 0.22874690 0.79714860
vt 0.25489750 0.82258560
vt 0.26541130 0.85268100
vt 0.24083230 0.82396270
vt 0.25928130 0.85338000
vt 0.25308240 0.85397660
vt 0.26446120 0.86650770
vt 0.26230950 0.86585810
vt 0.26047910 0.86705810
vt 0.27273090 0.88268560
vt 0.27273090 0.88268560
vt 0.27273090 0.88268560
vt 0.26446120 0.86650770
vt 0.26446120 0.86650770
vt 0.26541130 0.85268100
vt 0.26541130 0.85268100
vt 0.26917620 0.82103130
vt 0.26917620 0.82103130
vt 0.26525050 0.79308240
vt 0.26525050 0.79308240
vt 0.25970270 0.75962590
vt 0.25970270 0.75962590
vt 0.26121680 0.72613640
vt 0.26121680 0.72613640
vt 0.26407730 0.67865890
vt 0.26407730 0.67865890
vt 0.25660570 0.61884460
vt 0.25660570 0.61884460
vt 0.25158450 0.56544450
vt 0.25158450 0.56544450
vt 0.24946340 0.51158080
vt 0.24946340 0.51158080
vt 0.24949630 0.45773850
vt 0.24949630 0.45773850
vt 0.25753550 0.40054740
vt 0.25753550 0.40054740
vt 0.26305930 0.33615810
vt 0.26305930 0.33615810
vt 0.25717660 0.05785930
vt 0.25717660 0.05785930
vt 0.25404010 0.03400447
vt 0.25404010 0.03400447
vt 0.25565930 0.01158756
vt 0.26047910 0.86705810
vt 0.26446120 0.86650770
vt 0.27273090 0.88268560
vt 0.26230950 0.86585810
vt 0.25308240 0.85397660
vt 0.25928130 0.85338000
vt 0.26541130 0.85268100
vt 0.24083230 0.82396270
vt 0.25489750 0.82258560
vt 0.26917620 0.82103130
vt 0.22874690 0.79714860
vt 0.24676380 0.79504320
vt 0.26525050 0.79308240
vt 0.21802610 0.76337080
vt 0.23856690 0.76116060
vt 0.25970270 0.75962590
vt 0.20785390 0.73235720
vt 0.23402060 0.72842940
vt 0.26121680 0.72613640
vt 0.19812810 0.68590070
vt 0.23023510 0.68119280
vt 0.26407730 0.67865890
vt 0.19014770 0.63473390
vt 0.22243430 0.62599210
vt 0.25660570 0.61884460
vt 0.18336420 0.59165170
vt 0.21651480 0.57796870
vt 0.25158450 0.56544450
vt 0.17933540 0.53460160
vt 0.21351440 0.52279790
vt 0.24946340 0.51158080
vt 0.19060680 0.47007600
vt 0.21944540 0.46408960
vt 0.24949630 0.45773850
vt 0.19634730 0.39860400
vt 0.22630720 0.40010550
vt 0.25753550 0.40054740
vt 0.20162920 0.34828360
vt 0.23182890 0.34271300
vt 0.26305930 0.33615810
vt 0.22482550 0.06410327
vt 0.24077580 0.06115641
vt 0.25717660 0.05785930
vt 0.23120360 0.04203424
vt 0.24251040 0.03804898
vt 0.23157070 0.02023221
vt 0.25404010 0.03400447
vt 0.24355190 0.01586416
vt 0.26047910 0.86705810
vt 0.27273090 0.88268560
vt 0.27273090 0.88268560
vt 0.26047910 0.86705810
vt 0.25308240 0.85397660
vt 0.25308240 0.85397660
vt 0.24083230 0.82396270
vt 0.24083230 0.82396270
vt 0.22874690 0.79714860
vt 0.22874690 0.79714860
vt 0.21802610 0.76337080
vt 0.21802610 0.76337080
vt 0.20785390 0.73235720
vt 0.20785390 0.73235720
vt 0.19812810 0.68590070
vt 0.19812810 0.68590070
vt 0.19014770 0.63473390
vt 0.19014770 0.63473390
vt 0.18336420 0.59165170
vt 0.18336420 0.59165170
vt 0.17933540 0.53460160
vt 0.17933540 0.53460160
vt 0.19060680 0.47007600
vt 0.19060680 0.47007600
vt 0.19634730 0.39860400
vt 0.19634730 0.39860400
vt 0.20162920 0.34828360
vt 0.20162920 0.34828360
vt 0.22482550 0.06410327
vt 0.22482550 0.06410327
vt 0.23120360 0.04203424
vt 0.23120360 0.04203424
vt 0.23157070 0.02023221
vt 0.24251040 0.03804898
vt 0.25717660 0.05785930
vt 0.24077580 0.06115641
vt 0.26305930 0.33615810
vt 0.23182890 0.34271300
vt 0.25753550 0.40054740
vt 0.22482550 0.06410327
vt 0.23120360 0.04203424
vt 0.22482550 0.06410327
vt 0.20162920 0.34828360
vt 0.20162920 0.34828360
vt 0.19634730 0.39860400
vt 0.19634730 0.39860400
vt 0.19060680 0.47007600
vt 0.19060680 0.47007600
vt 0.17933540 0.53460160
vt 0.17933540 0.53460160
vt 0.18336420 0.59165170
vt 0.18336420 0.59165170
vt 0.19014770 0.63473390
vt 0.19014770 0.63473390
vt 0.19812810 0.68590070
vt 0.19812810 0.68590070
vt 0.20785390 0.73235720
vt 0.20785390 0.73235720
vt 0.21802610 0.76337080
vt 0.21802610 0.76337080
vt 0.22874690 0.79714860
vt 0.22874690 0.79714860
vt 0.24083230 0.82396270
vt 0.24083230 0.82396270
vt 0.25308240 0.85397660
vt 0.25308240 0.85397660
vt 0.26047910 0.86705810
vt 0.26047910 0.86705810
vt 0.27273090 0.88268560
vt 0.27273090 0.88268560
vt 0.26047910 0.86705810
vt 0.26446120 0.86650770
vt 0.27273090 0.88268560
vt 0.26230950 0.86585810
vt 0.25308240 0.85397660
vt 0.25928130 0.85338000
vt 0.26541130 0.85268100
vt 0.24083230 0.82396270
vt 0.25489750 0.82258560
vt 0.26917620 0.82103130
vt 0.22874690 0.79714860
vt 0.24676380 0.79504320
vt 0.26525050 0.79308240
vt 0.21802610 0.76337080
vt 0.23856690 0.76116060
vt 0.25970270 0.75962590
vt 0.20785390 0.73235720
vt 0.23402060 0.72842940
vt 0.26121680 0.72613640
vt 0.19812810 0.68590070
vt 0.23023510 0.68119280
vt 0.26407730 0.67865890
vt 0.19014770 0.63473390
vt 0.22243430 0.62599210
vt 0.25660570 0.61884460
vt 0.18336420 0.59165170
vt 0.21651480 0.57796870
vt 0.25158450 0.56544450
vt 0.17933540 0.53460160
vt 0.21351440 0.52279790
vt 0.24946340 0.51158080
vt 0.19060680 0.47007600
vt 0.21944540 0.46408960
vt 0.19634730 0.39860400
vt 0.24949630 0.45773850
vt 0.22630720 0.40010550
vt 0.20162920 0.34828360
vt 0.24949630 0.45773850
vt 0.25753550 0.40054740
vt 0.24946340 0.51158080
vt 0.26305930 0.33615810
vt 0.24946340 0.51158080
vt 0.26305930 0.33615810
vt 0.25158450 0.56544450
vt 0.25717660 0.05785930
vt 0.25404010 0.03400447
vt 0.25158450 0.56544450
vt 0.25660570 0.61884460
vt 0.25660570 0.61884460
vt 0.26407730 0.67865890
vt 0.26407730 0.67865890
vt 0.26121680 0.72613640
vt 0.26121680 0.72613640
vt 0.25970270 0.75962590
vt 0.25970270 0.75962590
vt 0.26525050 0.79308240
vt 0.26525050 0.79308240
vt 0.26917620 0.82103130
vt 0.26917620 0.82103130
vt 0.26541130 0.85268100
vt 0.26541130 0.85268100
vt 0.26446120 0.86650770
vt 0.26446120 0.86650770
vt 0.27273090 0.88268560
vt 0.27273090 0.88268560
vt 0.26047910 0.86705810
vt 0.27273090 0.88268560
vt 0.26446120 0.86650770
vt 0.26230950 0.86585810
vt 0.25308240 0.85397660
vt 0.25928130 0.85338000
vt 0.26541130 0.85268100
vt 0.24083230 0.82396270
vt 0.25489750 0.82258560
vt 0.26917620 0.82103130
vt 0.22874690 0.79714860
vt 0.24676380 0.79504320
vt 0.26525050 0.79308240
vt 0.21802610 0.76337080
vt 0.23856690 0.76116060
vt 0.25970270 0.75962590
vt 0.20785390 0.73235720
vt 0.23402060 0.72842940
vt 0.26121680 0.72613640
vt 0.19812810 0.68590070
vt 0.23023510 0.68119280
vt 0.26407730 0.67865890
vt 0.19014770 0.63473390
vt 0.22243430 0.62599210
vt 0.25660570 0.61884460
vt 0.18336420 0.59165170
vt 0.21651480 0.57796870
vt 0.25158450 0.56544450
vt 0.17933540 0.53460160
vt 0.21351440 0.52279790
vt 0.24946340 0.51158080
vt 0.19060680 0.47007600
vt 0.21944540 0.46408960
vt 0.24949630 0.45773850
vt 0.19634730 0.39860400
vt 0.22630720 0.40010550
vt 0.25753550 0.40054740
vt 0.20162920 0.34828360
vt 0.23182890 0.34271300
vt 0.26305930 0.33615810
vt 0.22482550 0.06410327
vt 0.24077580 0.06115641
vt 0.24251040 0.03804898
vt 0.25717660 0.05785930
vt 0.25404010 0.03400447
f 3/3/3 2/2/2 1/1/1
f 4/4/4 3/3/3 1/1/1
f 7/7/7 6/6/6 5/5/5
f 6/6/6 8/8/8 5/5/5
f 5/5/5 8/8/8 9/9/9
f 8/8/8 10/10/10 9/9/9
f 9/9/9 10/10/10 11/11/11
f 10/10/10 12/12/12 11/11/11
f 11/11/11 12/12/12 13/13/13
f 12/12/12 14/14/14 13/13/13
f 13/13/13 14/14/14 15/15/15
f 14/14/14 16/16/16 15/15/15
f 19/19/19 18/18/18 17/17/17
f 20/20/20 18/18/18 19/19/19
f 21/21/21 20/20/20 19/19/19
f 22/22/22 20/20/20 21/21/21
f 21/21/21 19/19/19 23/23/23
f 23/23/23 19/19/19 24/24/24
f 24/24/24 25/25/25 23/23/23
f 23/23/23 25/25/25 26/26/26
f 25/25/25 27/27/27 26/26/26
f 26/26/26 27/27/27 28/28/28
f 27/27/27 29/29/29 28/28/28
f 28/28/28 29/29/29 30/30/30
f 29/29/29 31/31/31 30/30/30
f 30/30/30 31/31/31 32/32/32
f 31/31/31 33/33/33 32/32/32
f 32/32/32 33/33/33 34/34/34
f 33/33/33 35/35/35 34/34/34
f 34/34/34 35/35/35 36/36/36
f 35/35/35 37/37/37 36/36/36
f 36/36/36 37/37/37 38/38/38
f 37/37/37 39/39/39 38/38/38
f 38/38/38 39/39/39 40/40/40
f 39/39/39 41/41/41 40/40/40
f 40/40/40 41/41/41 42/42/42
f 41/41/41 43/43/43 42/42/42
f 42/42/42 43/43/43 44/44/44
f 43/43/43 45/45/45 44/44/44
f 44/44/44 45/45/45 46/46/46
f 45/45/45 47/47/47 46/46/46
f 46/46/46 47/47/47 48/48/48
f 47/47/47 49/49/49 48/48/48
f 48/48/48 49/49/49 50/50/50
f 49/49/49 51/51/51 50/50/50
f 50/50/50 51/51/51 52/52/52
f 51/51/51 53/53/53 52/52/52
f 56/56/56 55/55/55 54/54/54
f 55/55/55 57/57/57 54/54/54
f 54/54/54 57/57/57 58/58/58
f 57/57/57 55/55/55 59/59/59
f 57/57/57 59/59/59 58/58/58
f 55/55/55 60/60/60 59/59/59
f 58/58/58 59/59/59 61/61/61
f 59/59/59 60/60/60 62/62/62
f 59/59/59 62/62/62 61/61/61
f 60/60/60 63/63/63 62/62/62
f 61/61/61 62/62/62 64/64/64
f 62/62/62 63/63/63 65/65/65
f 62/62/62 65/65/65 64/64/64
f 64/64/64 65/65/65 66/66/66
f 63/63/63 67/67/67 65/65/65
f 65/65/65 68/68/68 66/66/66
f 65/65/65 67/67/67 68/68/68
f 66/66/66 68/68/68 69/69/69
f 68/68/68 70/70/70 69/69/69
f 69/69/69 70/70/70 71/71/71
f 67/67/67 72/72/72 68/68/68
f 68/68/68 72/72/72 70/70/70
f 70/70/70 73/73/73 71/71/71
f 71/71/71 73/73/73 74/74/74
f 72/72/72 75/75/75 70/70/70
f 70/70/70 75/75/75 73/73/73
f 73/73/73 76/76/76 74/74/74
f 74/74/74 76/76/76 77/77/77
f 75/75/75 78/78/78 73/73/73
f 73/73/73 78/78/78 76/76/76
f 78/78/78 79/79/79 76/76/76
f 76/76/76 80/80/80 77/77/77
f 76/76/76 79/79/79 80/80/80
f 77/77/77 80/80/80 81/81/81
f 79/79/79 82/82/82 80/80/80
f 80/80/80 83/83/83 81/81/81
f 80/80/80 82/82/82 83/83/83
f 81/81/81 83/83/83 84/84/84
f 82/82/82 85/85/85 83/83/83
f 83/83/83 86/86/86 84/84/84
f 83/83/83 85/85/85 86/86/86
f 84/84/84 86/86/86 87/87/87
f 85/85/85 88/88/88 86/86/86
f 86/86/86 89/89/89 87/87/87
f 86/86/86 88/88/88 89/89/89
f 88/88/88 22/22/22 89/89/89
f 87/87/87 89/89/89 90/90/90
f 89/89/89 22/22/22 21/21/21
f 89/89/89 21/21/21 90/90/90
f 90/90/90 21/21/21 23/23/23
f 93/93/93 92/92/92 91/91/91
f 93/93/93 94/94/94 92/92/92
f 94/94/94 95/95/95 92/92/92
f 94/94/94 96/96/96 95/95/95
f 96/96/96 97/97/97 95/95/95
f 96/96/96 98/98/98 97/97/97
f 98/98/98 99/99/99 97/97/97
f 98/98/98 100/100/100 99/99/99
f 100/100/100 101/101/101 99/99/99
f 100/100/100 102/102/102 101/101/101
f 102/102/102 103/103/103 101/101/101
f 102/102/102 104/104/104 103/103/103
f 104/104/104 105/105/105 103/103/103
f 104/104/104 106/106/106 105/105/105
f 106/106/106 107/107/107 105/105/105
f 106/106/106 108/108/108 107/107/107
f 108/108/108 109/109/109 107/107/107
f 108/108/108 110/110/110 109/109/109
f 110/110/110 111/111/111 109/109/109
f 110/110/110 112/112/112 111/111/111
f 112/112/112 113/113/113 111/111/111
f 112/112/112 114/114/114 113/113/113
f 114/114/114 115/115/115 113/113/113
f 114/114/114 116/116/116 115/115/115
f 116/116/116 117/117/117 115/115/115
f 116/116/116 118/118/118 117/117/117
f 118/118/118 119/119/119 117/117/117
f 118/118/118 120/120/120 119/119/119
f 120/120/120 118/118/118 116/116/116
f 120/120/120 121/121/121 119/119/119
f 122/122/122 116/116/116 114/114/114
f 122/122/122 120/120/120 116/116/116
f 123/123/123 114/114/114 112/112/112
f 123/123/123 122/122/122 114/114/114
f 124/124/124 123/123/123 112/112/112
f 124/124/124 112/112/112 110/110/110
f 125/125/125 124/124/124 110/110/110
f 125/125/125 110/110/110 108/108/108
f 126/126/126 125/125/125 108/108/108
f 126/126/126 108/108/108 106/106/106
f 127/127/127 126/126/126 106/106/106
f 127/127/127 106/106/106 104/104/104
f 128/128/128 127/127/127 104/104/104
f 128/128/128 104/104/104 102/102/102
f 129/129/129 128/128/128 102/102/102
f 129/129/129 102/102/102 100/100/100
f 130/130/130 129/129/129 100/100/100
f 130/130/130 100/100/100 98/98/98
f 131/131/131 130/130/130 98/98/98
f 131/131/131 98/98/98 96/96/96
f 132/132/132 131/131/131 96/96/96
f 132/132/132 96/96/96 94/94/94
f 133/133/133 132/132/132 94/94/94
f 133/133/133 94/94/94 93/93/93
f 134/134/134 133/133/133 93/93/93
f 134/134/134 93/93/93 135/135/135
f 18/18/18 137/137/137 136/136/136
f 138/138/138 137/137/137 18/18/18
f 139/139/139 138/138/138 18/18/18
f 140/140/140 138/138/138 139/139/139
f 141/141/141 140/140/140 139/139/139
f 142/142/142 140/140/140 141/141/141
f 143/143/143 142/142/142 141/141/141
f 144/144/144 142/142/142 143/143/143
f 145/145/145 144/144/144 143/143/143
f 146/146/146 144/144/144 145/145/145
f 147/147/147 146/146/146 145/145/145
f 148/148/148 146/146/146 147/147/147
f 149/149/149 148/148/148 147/147/147
f 150/150/150 148/148/148 149/149/149
f 151/151/151 150/150/150 149/149/149
f 152/152/152 150/150/150 151/151/151
f 75/75/75 152/152/152 151/151/151
f 153/153/153 152/152/152 75/75/75
f 72/72/72 153/153/153 75/75/75
f 154/154/154 153/153/153 72/72/72
f 67/67/67 154/154/154 72/72/72
f 123/123/123 154/154/154 67/67/67
f 155/155/155 123/123/123 67/67/67
f 122/122/122 123/123/123 155/155/155
f 156/156/156 122/122/122 155/155/155
f 120/120/120 122/122/122 156/156/156
f 157/157/157 120/120/120 156/156/156
f 158/158/158 120/120/120 157/157/157
f 159/159/159 158/158/158 157/157/157
f 162/162/162 161/161/161 160/160/160
f 163/163/163 161/161/161 162/162/162
f 164/164/164 163/163/163 162/162/162
f 165/165/165 163/163/163 164/164/164
f 164/164/164 162/162/162 166/166/166
f 166/166/166 162/162/162 167/167/167
f 167/167/167 168/168/168 166/166/166
f 166/166/166 168/168/168 169/169/169
f 168/168/168 170/170/170 169/169/169
f 169/169/169 170/170/170 171/171/171
f 170/170/170 172/172/172 171/171/171
f 171/171/171 172/172/172 173/173/173
f 172/172/172 174/174/174 173/173/173
f 173/173/173 174/174/174 175/175/175
f 174/174/174 176/176/176 175/175/175
f 175/175/175 176/176/176 177/177/177
f 176/176/176 178/178/178 177/177/177
f 177/177/177 178/178/178 179/179/179
f 178/178/178 180/180/180 179/179/179
f 179/179/179 180/180/180 181/181/181
f 180/180/180 182/182/182 181/181/181
f 181/181/181 182/182/182 183/183/183
f 182/182/182 184/184/184 183/183/183
f 183/183/183 184/184/184 185/185/185
f 184/184/184 186/186/186 185/185/185
f 185/185/185 186/186/186 187/187/187
f 186/186/186 188/188/188 187/187/187
f 187/187/187 188/188/188 189/189/189
f 188/188/188 190/190/190 189/189/189
f 189/189/189 190/190/190 191/191/191
f 190/190/190 192/192/192 191/191/191
f 191/191/191 192/192/192 193/193/193
f 192/192/192 194/194/194 193/193/193
f 193/193/193 194/194/194 195/195/195
f 194/194/194 196/196/196 195/195/195
f 199/199/199 198/198/198 197/197/197
f 198/198/198 200/200/200 197/197/197
f 197/197/197 200/200/200 201/201/201
f 200/200/200 198/198/198 202/202/202
f 200/200/200 202/202/202 201/201/201
f 198/198/198 203/203/203 202/202/202
f 201/201/201 202/202/202 204/204/204
f 202/202/202 203/203/203 205/205/205
f 202/202/202 205/205/205 204/204/204
f 203/203/203 206/206/206 205/205/205
f 204/204/204 205/205/205 207/207/207
f 205/205/205 206/206/206 208/208/208
f 205/205/205 208/208/208 207/207/207
f 206/206/206 209/209/209 208/208/208
f 207/207/207 208/208/208 210/210/210
f 208/208/208 209/209/209 211/211/211
f 208/208/208 211/211/211 210/210/210
f 210/210/210 211/211/211 212/212/212
f 209/209/209 213/213/213 211/211/211
f 211/211/211 214/214/214 212/212/212
f 211/211/211 213/213/213 214/214/214
f 212/212/212 214/214/214 215/215/215
f 214/214/214 216/216/216 215/215/215
f 215/215/215 216/216/216 217/217/217
f 213/213/213 218/218/218 214/214/214
f 214/214/214 218/218/218 216/216/216
f 216/216/216 219/219/219 217/217/217
f 217/217/217 219/219/219 220/220/220
f 218/218/218 221/221/221 216/216/216
f 216/216/216 221/221/221 219/219/219
f 221/221/221 222/222/222 219/219/219
f 219/219/219 223/223/223 220/220/220
f 219/219/219 222/222/222 223/223/223
f 220/220/220 223/223/223 224/224/224
f 222/222/222 225/225/225 223/223/223
f 223/223/223 226/226/226 224/224/224
f 223/223/223 225/225/225 226/226/226
f 224/224/224 226/226/226 227/227/227
f 225/225/225 228/228/228 226/226/226
f 226/226/226 229/229/229 227/227/227
f 226/226/226 228/228/228 229/229/229
f 227/227/227 229/229/229 230/230/230
f 228/228/228 231/231/231 229/229/229
f 229/229/229 232/232/232 230/230/230
f 229/229/229 231/231/231 232/232/232
f 231/231/231 165/165/165 232/232/232
f 230/230/230 232/232/232 233/233/233
f 232/232/232 165/165/165 164/164/164
f 232/232/232 164/164/164 233/233/233
f 233/233/233 164/164/164 166/166/166
f 236/236/236 235/235/235 234/234/234
f 237/237/237 236/236/236 234/234/234
f 237/237/237 234/234/234 238/238/238
f 239/239/239 237/237/237 238/238/238
f 236/236/236 237/237/237 239/239/239
f 239/239/239 238/238/238 240/240/240
f 241/241/241 239/239/239 240/240/240
f 241/241/241 240/240/240 242/242/242
f 243/243/243 236/236/236 239/239/239
f 243/243/243 239/239/239 241/241/241
f 244/244/244 241/241/241 242/242/242
f 244/244/244 242/242/242 245/245/245
f 246/246/246 243/243/243 241/241/241
f 246/246/246 241/241/241 244/244/244
f 247/247/247 246/246/246 244/244/244
f 248/248/248 244/244/244 245/245/245
f 247/247/247 244/244/244 248/248/248
f 248/248/248 245/245/245 249/249/249
f 250/250/250 247/247/247 248/248/248
f 251/251/251 248/248/248 249/249/249
f 250/250/250 248/248/248 251/251/251
f 251/251/251 249/249/249 252/252/252
f 253/253/253 250/250/250 251/251/251
f 254/254/254 251/251/251 252/252/252
f 253/253/253 251/251/251 254/254/254
f 254/254/254 252/252/252 255/255/255
f 256/256/256 253/253/253 254/254/254
f 257/257/257 254/254/254 255/255/255
f 256/256/256 254/254/254 257/257/257
f 257/257/257 255/255/255 258/258/258
f 259/259/259 256/256/256 257/257/257
f 260/260/260 257/257/257 258/258/258
f 259/259/259 257/257/257 260/260/260
f 260/260/260 258/258/258 261/261/261
f 262/262/262 259/259/259 260/260/260
f 263/263/263 260/260/260 261/261/261
f 262/262/262 260/260/260 263/263/263
f 263/263/263 261/261/261 264/264/264
f 265/265/265 262/262/262 263/263/263
f 266/266/266 263/263/263 264/264/264
f 265/265/265 263/263/263 266/266/266
f 266/266/266 264/264/264 267/267/267
f 268/268/268 265/265/265 266/266/266
f 269/269/269 266/266/266 267/267/267
f 268/268/268 266/266/266 269/269/269
f 269/269/269 267/267/267 270/270/270
f 271/271/271 268/268/268 269/269/269
f 272/272/272 269/269/269 270/270/270
f 271/271/271 269/269/269 272/272/272
f 272/272/272 270/270/270 273/273/273
f 274/274/274 271/271/271 272/272/272
f 275/275/275 272/272/272 273/273/273
f 274/274/274 272/272/272 275/275/275
f 275/275/275 273/273/273 276/276/276
f 277/277/277 274/274/274 275/275/275
f 277/277/277 275/275/275 278/278/278
f 281/281/281 280/280/280 279/279/279
f 280/280/280 236/236/236 279/279/279
f 279/279/279 236/236/236 282/282/282
f 236/236/236 243/243/243 282/282/282
f 282/282/282 243/243/243 283/283/283
f 243/243/243 284/284/284 283/283/283
f 283/283/283 284/284/284 285/285/285
f 284/284/284 286/286/286 285/285/285
f 285/285/285 286/286/286 213/213/213
f 286/286/286 287/287/287 213/213/213
f 213/213/213 287/287/287 218/218/218
f 287/287/287 288/288/288 218/218/218
f 218/218/218 288/288/288 289/289/289
f 288/288/288 290/290/290 289/289/289
f 289/289/289 290/290/290 291/291/291
f 290/290/290 292/292/292 291/291/291
f 291/291/291 292/292/292 293/293/293
f 292/292/292 294/294/294 293/293/293
f 293/293/293 294/294/294 295/295/295
f 294/294/294 296/296/296 295/295/295
f 295/295/295 296/296/296 297/297/297
f 296/296/296 298/298/298 297/297/297
f 297/297/297 298/298/298 299/299/299
f 298/298/298 300/300/300 299/299/299
f 299/299/299 300/300/300 301/301/301
f 300/300/300 302/302/302 301/301/301
f 301/301/301 302/302/302 303/303/303
f 302/302/302 304/304/304 303/303/303
f 303/303/303 304/304/304 305/305/305
f 308/308/308 307/307/307 306/306/306
f 308/308/308 309/309/309 307/307/307
f 309/309/309 310/310/310 307/307/307
f 309/309/309 311/311/311 310/310/310
f 311/311/311 312/312/312 310/310/310
f 311/311/311 313/313/313 312/312/312
f 313/313/313 314/314/314 312/312/312
f 313/313/313 315/315/315 314/314/314
f 315/315/315 316/316/316 314/314/314
f 315/315/315 317/317/317 316/316/316
f 317/317/317 318/318/318 316/316/316
f 317/317/317 319/319/319 318/318/318
f 319/319/319 320/320/320 318/318/318
f 319/319/319 321/321/321 320/320/320
f 321/321/321 322/322/322 320/320/320
f 323/323/323 309/309/309 308/308/308
f 324/324/324 323/323/323 308/308/308
f 324/324/324 308/308/308 325/325/325
f 323/323/323 326/326/326 309/309/309
f 326/326/326 311/311/311 309/309/309
f 326/326/326 327/327/327 311/311/311
f 327/327/327 313/313/313 311/311/311
f 327/327/327 328/328/328 313/313/313
f 328/328/328 315/315/315 313/313/313
f 328/328/328 329/329/329 315/315/315
f 329/329/329 317/317/317 315/315/315
f 329/329/329 330/330/330 317/317/317
f 330/330/330 319/319/319 317/317/317
f 330/330/330 331/331/331 319/319/319
f 331/331/331 321/321/321 319/319/319
f 331/331/331 332/332/332 321/321/321
f 332/332/332 333/333/333 321/321/321
f 332/332/332 334/334/334 333/333/333
f 321/321/321 333/333/333 322/322/322
f 334/334/334 335/335/335 333/333/333
f 334/334/334 336/336/336 335/335/335
f 333/333/333 337/337/337 322/322/322
f 333/333/333 335/335/335 337/337/337
f 336/336/336 338/338/338 335/335/335
f 336/336/336 339/339/339 338/338/338
f 335/335/335 340/340/340 337/337/337
f 335/335/335 338/338/338 340/340/340
f 338/338/338 341/341/341 340/340/340
f 339/339/339 342/342/342 338/338/338
f 338/338/338 342/342/342 341/341/341
f 339/339/339 343/343/343 342/342/342
f 342/342/342 344/344/344 341/341/341
f 343/343/343 345/345/345 342/342/342
f 342/342/342 345/345/345 344/344/344
f 345/345/345 346/346/346 344/344/344
f 343/343/343 347/347/347 345/345/345
f 345/345/345 348/348/348 346/346/346
f 347/347/347 348/348/348 345/345/345
f 348/348/348 349/349/349 346/346/346
f 348/348/348 347/347/347 349/349/349
f 347/347/347 350/350/350 349/349/349
f 352/352/352 351/351/351 337/337/337
f 351/351/351 353/353/353 337/337/337
f 354/354/354 351/351/351 352/352/352
f 337/337/337 353/353/353 322/322/322
f 355/355/355 354/354/354 352/352/352
f 353/353/353 356/356/356 322/322/322
f 357/357/357 354/354/354 355/355/355
f 322/322/322 356/356/356 358/358/358
f 359/359/359 357/357/357 355/355/355
f 356/356/356 360/360/360 358/358/358
f 361/361/361 357/357/357 359/359/359
f 358/358/358 360/360/360 362/362/362
f 363/363/363 361/361/361 359/359/359
f 360/360/360 364/364/364 362/362/362
f 365/365/365 361/361/361 363/363/363
f 362/362/362 364/364/364 366/366/366
f 367/367/367 365/365/365 363/363/363
f 368/368/368 365/365/365 367/367/367
f 369/369/369 368/368/368 367/367/367
f 364/364/364 370/370/370 366/366/366
f 366/366/366 370/370/370 371/371/371
f 370/370/370 372/372/372 371/371/371
f 371/371/371 372/372/372 373/373/373
f 372/372/372 374/374/374 373/373/373
f 373/373/373 374/374/374 375/375/375
f 374/374/374 376/376/376 375/375/375
f 375/375/375 376/376/376 377/377/377
f 376/376/376 378/378/378 377/377/377
f 377/377/377 378/378/378 379/379/379
f 378/378/378 380/380/380 379/379/379
f 381/381/381 380/380/380 378/378/378
f 382/382/382 381/381/381 378/378/378
f 383/383/383 381/381/381 382/382/382
f 384/384/384 383/383/383 382/382/382
f 385/385/385 383/383/383 384/384/384
f 386/386/386 385/385/385 384/384/384
f 387/387/387 385/385/385 386/386/386
f 388/388/388 387/387/387 386/386/386
f 389/389/389 387/387/387 388/388/388
f 390/390/390 389/389/389 388/388/388
f 391/391/391 389/389/389 390/390/390
f 392/392/392 391/391/391 390/390/390
f 393/393/393 391/391/391 392/392/392
f 394/394/394 393/393/393 392/392/392
f 395/395/395 393/393/393 394/394/394
f 396/396/396 395/395/395 394/394/394
f 397/397/397 395/395/395 396/396/396
f 398/398/398 397/397/397 396/396/396
f 399/399/399 397/397/397 398/398/398
f 400/400/400 399/399/399 398/398/398
f 401/401/401 399/399/399 400/400/400
f 402/402/402 401/401/401 400/400/400
f 403/403/403 401/401/401 402/402/402
f 404/404/404 403/403/403 402/402/402
f 405/405/405 403/403/403 404/404/404
f 406/406/406 405/405/405 404/404/404
f 407/407/407 405/405/405 406/406/406
f 405/405/405 407/407/407 403/403/403
f 408/408/408 407/407/407 406/406/406
f 403/403/403 409/409/409 401/401/401
f 407/407/407 409/409/409 403/403/403
f 401/401/401 410/410/410 399/399/399
f 409/409/409 410/410/410 401/401/401
f 399/399/399 411/411/411 397/397/397
f 410/410/410 411/411/411 399/399/399
f 411/411/411 412/412/412 397/397/397
f 397/397/397 412/412/412 395/395/395
f 412/412/412 413/413/413 395/395/395
f 395/395/395 413/413/413 393/393/393
f 413/413/413 414/414/414 393/393/393
f 393/393/393 414/414/414 391/391/391
f 414/414/414 415/415/415 391/391/391
f 391/391/391 415/415/415 389/389/389
f 415/415/415 416/416/416 389/389/389
f 389/389/389 416/416/416 387/387/387
f 416/416/416 417/417/417 387/387/387
f 387/387/387 417/417/417 385/385/385
f 417/417/417 418/418/418 385/385/385
f 385/385/385 418/418/418 383/383/383
f 418/418/418 419/419/419 383/383/383
f 383/383/383 419/419/419 381/381/381
f 419/419/419 420/420/420 381/381/381
f 381/381/381 420/420/420 380/380/380
f 420/420/420 421/421/421 380/380/380
f 380/380/380 421/421/421 422/422/422
f 424/424/424 414/414/414 423/423/423
f 425/425/425 424/424/424 423/423/423
f 423/423/423 414/414/414 426/426/426
f 427/427/427 424/424/424 425/425/425
f 414/414/414 413/413/413 426/426/426
f 428/428/428 427/427/427 425/425/425
f 426/426/426 413/413/413 429/429/429
f 430/430/430 427/427/427 428/428/428
f 413/413/413 412/412/412 429/429/429
f 431/431/431 430/430/430 428/428/428
f 429/429/429 412/412/412 432/432/432
f 433/433/433 430/430/430 431/431/431
f 412/412/412 411/411/411 432/432/432
f 434/434/434 433/433/433 431/431/431
f 432/432/432 411/411/411 435/435/435
f 436/436/436 433/433/433 434/434/434
f 411/411/411 410/410/410 435/435/435
f 437/437/437 436/436/436 434/434/434
f 435/435/435 410/410/410 438/438/438
f 439/439/439 436/436/436 437/437/437
f 410/410/410 409/409/409 438/438/438
f 440/440/440 439/439/439 437/437/437
f 438/438/438 409/409/409 441/441/441
f 421/421/421 439/439/439 440/440/440
f 442/442/442 421/421/421 440/440/440
f 443/443/443 421/421/421 442/442/442
f 409/409/409 407/407/407 441/441/441
f 441/441/441 407/407/407 444/444/444
f 407/407/407 445/445/445 444/444/444
f 448/448/448 447/447/447 446/446/446
f 449/449/449 447/447/447 448/448/448
f 450/450/450 449/449/449 448/448/448
f 451/451/451 449/449/449 450/450/450
f 450/450/450 448/448/448 452/452/452
f 452/452/452 448/448/448 453/453/453
f 453/453/453 454/454/454 452/452/452
f 452/452/452 454/454/454 455/455/455
f 454/454/454 456/456/456 455/455/455
f 455/455/455 456/456/456 457/457/457
f 456/456/456 458/458/458 457/457/457
f 457/457/457 458/458/458 459/459/459
f 458/458/458 460/460/460 459/459/459
f 459/459/459 460/460/460 461/461/461
f 460/460/460 462/462/462 461/461/461
f 461/461/461 462/462/462 463/463/463
f 462/462/462 464/464/464 463/463/463
f 463/463/463 464/464/464 465/465/465
f 464/464/464 466/466/466 465/465/465
f 465/465/465 466/466/466 467/467/467
f 466/466/466 468/468/468 467/467/467
f 467/467/467 468/468/468 469/469/469
f 468/468/468 470/470/470 469/469/469
f 469/469/469 470/470/470 471/471/471
f 470/470/470 472/472/472 471/471/471
f 471/471/471 472/472/472 473/473/473
f 472/472/472 474/474/474 473/473/473
f 473/473/473 474/474/474 475/475/475
f 474/474/474 476/476/476 475/475/475
f 475/475/475 476/476/476 477/477/477
f 476/476/476 478/478/478 477/477/477
f 477/477/477 478/478/478 479/479/479
f 478/478/478 480/480/480 479/479/479
f 479/479/479 480/480/480 481/481/481
f 480/480/480 482/482/482 481/481/481
f 485/485/485 484/484/484 483/483/483
f 484/484/484 486/486/486 483/483/483
f 483/483/483 486/486/486 487/487/487
f 486/486/486 484/484/484 488/488/488
f 486/486/486 488/488/488 487/487/487
f 487/487/487 488/488/488 489/489/489
f 484/484/484 490/490/490 488/488/488
f 488/488/488 491/491/491 489/489/489
f 488/488/488 490/490/490 491/491/491
f 489/489/489 491/491/491 492/492/492
f 491/491/491 493/493/493 492/492/492
f 492/492/492 493/493/493 494/494/494
f 490/490/490 495/495/495 491/491/491
f 491/491/491 495/495/495 493/493/493
f 493/493/493 496/496/496 494/494/494
f 494/494/494 496/496/496 497/497/497
f 495/495/495 498/498/498 493/493/493
f 493/493/493 498/498/498 496/496/496
f 498/498/498 499/499/499 496/496/496
f 496/496/496 500/500/500 497/497/497
f 496/496/496 499/499/499 500/500/500
f 497/497/497 500/500/500 501/501/501
f 499/499/499 502/502/502 500/500/500
f 500/500/500 503/503/503 501/501/501
f 500/500/500 502/502/502 503/503/503
f 501/501/501 503/503/503 504/504/504
f 502/502/502 505/505/505 503/503/503
f 503/503/503 506/506/506 504/504/504
f 503/503/503 505/505/505 506/506/506
f 504/504/504 506/506/506 507/507/507
f 505/505/505 508/508/508 506/506/506
f 506/506/506 509/509/509 507/507/507
f 506/506/506 508/508/508 509/509/509
f 507/507/507 509/509/509 510/510/510
f 508/508/508 511/511/511 509/509/509
f 509/509/509 512/512/512 510/510/510
f 509/509/509 511/511/511 512/512/512
f 510/510/510 512/512/512 513/513/513
f 511/511/511 514/514/514 512/512/512
f 512/512/512 515/515/515 513/513/513
f 512/512/512 514/514/514 515/515/515
f 513/513/513 515/515/515 516/516/516
f 514/514/514 517/517/517 515/515/515
f 515/515/515 518/518/518 516/516/516
f 515/515/515 517/517/517 518/518/518
f 517/517/517 451/451/451 518/518/518
f 516/516/516 518/518/518 519/519/519
f 518/518/518 451/451/451 450/450/450
f 518/518/518 450/450/450 519/519/519
f 519/519/519 450/450/450 452/452/452
f 522/522/522 521/521/521 520/520/520
f 523/523/523 522/522/522 520/520/520
f 523/523/523 520/520/520 524/524/524
f 522/522/522 523/523/523 525/525/525
f 525/525/525 523/523/523 524/524/524
f 526/526/526 522/522/522 525/525/525
f 525/525/525 524/524/524 527/527/527
f 526/526/526 525/525/525 528/528/528
f 528/528/528 525/525/525 527/527/527
f 529/529/529 526/526/526 528/528/528
f 528/528/528 527/527/527 530/530/530
f 529/529/529 528/528/528 531/531/531
f 531/531/531 528/528/528 530/530/530
f 531/531/531 530/530/530 532/532/532
f 533/533/533 529/529/529 531/531/531
f 534/534/534 531/531/531 532/532/532
f 533/533/533 531/531/531 534/534/534
f 534/534/534 532/532/532 535/535/535
f 536/536/536 534/534/534 535/535/535
f 536/536/536 535/535/535 537/537/537
f 538/538/538 533/533/533 534/534/534
f 538/538/538 534/534/534 536/536/536
f 539/539/539 536/536/536 537/537/537
f 539/539/539 537/537/537 540/540/540
f 541/541/541 538/538/538 536/536/536
f 541/541/541 536/536/536 539/539/539
f 542/542/542 541/541/541 539/539/539
f 543/543/543 539/539/539 540/540/540
f 542/542/542 539/539/539 543/543/543
f 543/543/543 540/540/540 544/544/544
f 545/545/545 542/542/542 543/543/543
f 546/546/546 543/543/543 544/544/544
f 545/545/545 543/543/543 546/546/546
f 546/546/546 544/544/544 547/547/547
f 548/548/548 545/545/545 546/546/546
f 549/549/549 546/546/546 547/547/547
f 548/548/548 546/546/546 549/549/549
f 549/549/549 547/547/547 550/550/550
f 551/551/551 548/548/548 549/549/549
f 552/552/552 549/549/549 550/550/550
f 551/551/551 549/549/549 552/552/552
f 552/552/552 550/550/550 553/553/553
f 554/554/554 551/551/551 552/552/552
f 555/555/555 552/552/552 553/553/553
f 554/554/554 552/552/552 555/555/555
f 555/555/555 553/553/553 556/556/556
f 557/557/557 554/554/554 555/555/555
f 558/558/558 555/555/555 556/556/556
f 557/557/557 555/555/555 558/558/558
f 558/558/558 556/556/556 559/559/559
f 560/560/560 557/557/557 558/558/558
f 561/561/561 558/558/558 559/559/559
f 560/560/560 558/558/558 561/561/561
f 561/561/561 559/559/559 562/562/562
f 563/563/563 560/560/560 561/561/561
f 563/563/563 561/561/561 564/564/564
f 567/567/567 566/566/566 565/565/565
f 566/566/566 568/568/568 565/565/565
f 565/565/565 568/568/568 490/490/490
f 568/568/568 569/569/569 490/490/490
f 490/490/490 569/569/569 495/495/495
f 569/569/569 570/570/570 495/495/495
f 495/495/495 570/570/570 571/571/571
f 570/570/570 533/533/533 571/571/571
f 571/571/571 533/533/533 572/572/572
f 533/533/533 538/538/538 572/572/572
f 572/572/572 538/538/538 573/573/573
f 538/538/538 574/574/574 573/573/573
f 573/573/573 574/574/574 575/575/575
f 574/574/574 576/576/576 575/575/575
f 575/575/575 576/576/576 577/577/577
f 576/576/576 578/578/578 577/577/577
f 577/577/577 578/578/578 579/579/579
f 578/578/578 580/580/580 579/579/579
f 579/579/579 580/580/580 581/581/581
f 580/580/580 582/582/582 581/581/581
f 581/581/581 582/582/582 583/583/583
f 582/582/582 584/584/584 583/583/583
f 583/583/583 584/584/584 585/585/585
f 584/584/584 586/586/586 585/585/585
f 585/585/585 586/586/586 587/587/587
f 586/586/586 588/588/588 587/587/587
f 587/587/587 588/588/588 447/447/447
f 588/588/588 589/589/589 447/447/447
f 447/447/447 589/589/589 590/590/590
f 593/593/593 592/592/592 591/591/591
f 594/594/594 592/592/592 593/593/593
f 595/595/595 594/594/594 593/593/593
f 596/596/596 594/594/594 595/595/595
f 595/595/595 593/593/593 597/597/597
f 597/597/597 593/593/593 598/598/598
f 598/598/598 599/599/599 597/597/597
f 597/597/597 599/599/599 600/600/600
f 599/599/599 601/601/601 600/600/600
f 600/600/600 601/601/601 602/602/602
f 601/601/601 603/603/603 602/602/602
f 602/602/602 603/603/603 604/604/604
f 603/603/603 605/605/605 604/604/604
f 604/604/604 605/605/605 606/606/606
f 605/605/605 607/607/607 606/606/606
f 606/606/606 607/607/607 608/608/608
f 607/607/607 609/609/609 608/608/608
f 608/608/608 609/609/609 610/610/610
f 609/609/609 611/611/611 610/610/610
f 610/610/610 611/611/611 612/612/612
f 611/611/611 613/613/613 612/612/612
f 612/612/612 613/613/613 614/614/614
f 613/613/613 615/615/615 614/614/614
f 614/614/614 615/615/615 616/616/616
f 615/615/615 617/617/617 616/616/616
f 616/616/616 617/617/617 618/618/618
f 617/617/617 619/619/619 618/618/618
f 618/618/618 619/619/619 620/620/620
f 619/619/619 621/621/621 620/620/620
f 620/620/620 621/621/621 622/622/622
f 621/621/621 623/623/623 622/622/622
f 622/622/622 623/623/623 624/624/624
f 623/623/623 625/625/625 624/624/624
f 624/624/624 625/625/625 626/626/626
f 625/625/625 627/627/627 626/626/626
f 630/630/630 629/629/629 628/628/628
f 629/629/629 631/631/631 628/628/628
f 628/628/628 631/631/631 632/632/632
f 631/631/631 629/629/629 633/633/633
f 631/631/631 633/633/633 632/632/632
f 629/629/629 634/634/634 633/633/633
f 632/632/632 633/633/633 635/635/635
f 633/633/633 634/634/634 636/636/636
f 633/633/633 636/636/636 635/635/635
f 634/634/634 637/637/637 636/636/636
f 635/635/635 636/636/636 638/638/638
f 636/636/636 637/637/637 639/639/639
f 636/636/636 639/639/639 638/638/638
f 637/637/637 640/640/640 639/639/639
f 638/638/638 639/639/639 641/641/641
f 639/639/639 640/640/640 642/642/642
f 639/639/639 642/642/642 641/641/641
f 640/640/640 643/643/643 642/642/642
f 641/641/641 642/642/642 644/644/644
f 642/642/642 643/643/643 645/645/645
f 642/642/642 645/645/645 644/644/644
f 643/643/643 646/646/646 645/645/645
f 644/644/644 645/645/645 647/647/647
f 645/645/645 646/646/646 648/648/648
f 645/645/645 648/648/648 647/647/647
f 646/646/646 649/649/649 648/648/648
f 647/647/647 648/648/648 650/650/650
f 648/648/648 649/649/649 651/651/651
f 648/648/648 651/651/651 650/650/650
f 649/649/649 652/652/652 651/651/651
f 650/650/650 651/651/651 653/653/653
f 651/651/651 652/652/652 654/654/654
f 651/651/651 654/654/654 653/653/653
f 652/652/652 655/655/655 654/654/654
f 653/653/653 654/654/654 656/656/656
f 654/654/654 655/655/655 657/657/657
f 654/654/654 657/657/657 656/656/656
f 655/655/655 658/658/658 657/657/657
f 656/656/656 657/657/657 659/659/659
f 657/657/657 658/658/658 660/660/660
f 657/657/657 660/660/660 659/659/659
f 658/658/658 661/661/661 660/660/660
f 659/659/659 660/660/660 662/662/662
f 660/660/660 661/661/661 663/663/663
f 660/660/660 663/663/663 662/662/662
f 661/661/661 596/596/596 663/663/663
f 662/662/662 663/663/663 664/664/664
f 663/663/663 596/596/596 595/595/595
f 663/663/663 595/595/595 664/664/664
f 664/664/664 595/595/595 597/597/597
f 667/667/667 666/666/666 665/665/665
f 667/667/667 668/668/668 666/666/666
f 668/668/668 669/669/669 666/666/666
f 668/668/668 670/670/670 669/669/669
f 670/670/670 671/671/671 669/669/669
f 670/670/670 672/672/672 671/671/671
f 672/672/672 673/673/673 671/671/671
f 672/672/672 674/674/674 673/673/673
f 674/674/674 675/675/675 673/673/673
f 674/674/674 676/676/676 675/675/675
f 676/676/676 677/677/677 675/675/675
f 676/676/676 678/678/678 677/677/677
f 678/678/678 679/679/679 677/677/677
f 678/678/678 680/680/680 679/679/679
f 680/680/680 681/681/681 679/679/679
f 680/680/680 682/682/682 681/681/681
f 682/682/682 683/683/683 681/681/681
f 682/682/682 684/684/684 683/683/683
f 684/684/684 685/685/685 683/683/683
f 684/684/684 686/686/686 685/685/685
f 686/686/686 687/687/687 685/685/685
f 686/686/686 688/688/688 687/687/687
f 688/688/688 689/689/689 687/687/687
f 688/688/688 690/690/690 689/689/689
f 690/690/690 691/691/691 689/689/689
f 690/690/690 692/692/692 691/691/691
f 692/692/692 693/693/693 691/691/691
f 692/692/692 694/694/694 693/693/693
f 694/694/694 692/692/692 690/690/690
f 694/694/694 695/695/695 693/693/693
f 696/696/696 694/694/694 690/690/690
f 696/696/696 690/690/690 688/688/688
f 697/697/697 696/696/696 688/688/688
f 697/697/697 688/688/688 686/686/686
f 698/698/698 697/697/697 686/686/686
f 698/698/698 686/686/686 684/684/684
f 699/699/699 698/698/698 684/684/684
f 699/699/699 684/684/684 682/682/682
f 700/700/700 699/699/699 682/682/682
f 700/700/700 682/682/682 680/680/680
f 701/701/701 700/700/700 680/680/680
f 701/701/701 680/680/680 678/678/678
f 702/702/702 701/701/701 678/678/678
f 702/702/702 678/678/678 676/676/676
f 703/703/703 702/702/702 676/676/676
f 703/703/703 676/676/676 674/674/674
f 704/704/704 703/703/703 674/674/674
f 704/704/704 674/674/674 672/672/672
f 705/705/705 704/704/704 672/672/672
f 705/705/705 672/672/672 670/670/670
f 706/706/706 705/705/705 670/670/670
f 706/706/706 670/670/670 668/668/668
f 707/707/707 706/706/706 668/668/668
f 707/707/707 668/668/668 667/667/667
f 708/708/708 707/707/707 667/667/667
f 708/708/708 667/667/667 709/709/709
f 712/712/712 711/711/711 710/710/710
f 713/713/713 711/711/711 712/712/712
f 714/714/714 713/713/713 712/712/712
f 715/715/715 713/713/713 714/714/714
f 716/716/716 715/715/715 714/714/714
f 717/717/717 715/715/715 716/716/716
f 718/718/718 717/717/717 716/716/716
f 719/719/719 717/717/717 718/718/718
f 720/720/720 719/719/719 718/718/718
f 721/721/721 719/719/719 720/720/720
f 722/722/722 721/721/721 720/720/720
f 723/723/723 721/721/721 722/722/722
f 724/724/724 723/723/723 722/722/722
f 725/725/725 723/723/723 724/724/724
f 726/726/726 725/725/725 724/724/724
f 727/727/727 725/725/725 726/726/726
f 728/728/728 727/727/727 726/726/726
f 729/729/729 727/727/727 728/728/728
f 730/730/730 729/729/729 728/728/728
f 731/731/731 729/729/729 730/730/730
f 732/732/732 731/731/731 730/730/730
f 733/733/733 731/731/731 732/732/732
f 734/734/734 733/733/733 732/732/732
f 735/735/735 733/733/733 734/734/734
f 736/736/736 735/735/735 734/734/734
f 737/737/737 735/735/735 736/736/736
f 738/738/738 737/737/737 736/736/736
f 739/739/739 737/737/737 738/738/738
f 740/740/740 739/739/739 738/738/738
f 743/743/743 742/742/742 741/741/741
f 744/744/744 742/742/742 743/743/743
f 745/745/745 744/744/744 743/743/743
f 746/746/746 744/744/744 745/745/745
f 745/745/745 743/743/743 747/747/747
f 747/747/747 743/743/743 748/748/748
f 748/748/748 749/749/749 747/747/747
f 747/747/747 749/749/749 750/750/750
f 749/749/749 751/751/751 750/750/750
f 750/750/750 751/751/751 752/752/752
f 751/751/751 753/753/753 752/752/752
f 752/752/752 753/753/753 754/754/754
f 753/753/753 755/755/755 754/754/754
f 754/754/754 755/755/755 756/756/756
f 755/755/755 757/757/757 756/756/756
f 756/756/756 757/757/757 758/758/758
f 757/757/757 759/759/759 758/758/758
f 758/758/758 759/759/759 760/760/760
f 759/759/759 761/761/761 760/760/760
f 760/760/760 761/761/761 762/762/762
f 761/761/761 763/763/763 762/762/762
f 762/762/762 763/763/763 764/764/764
f 763/763/763 765/765/765 764/764/764
f 764/764/764 765/765/765 766/766/766
f 765/765/765 767/767/767 766/766/766
f 766/766/766 767/767/767 768/768/768
f 767/767/767 769/769/769 768/768/768
f 768/768/768 769/769/769 770/770/770
f 769/769/769 771/771/771 770/770/770
f 770/770/770 771/771/771 772/772/772
f 771/771/771 773/773/773 772/772/772
f 772/772/772 773/773/773 774/774/774
f 773/773/773 775/775/775 774/774/774
f 774/774/774 775/775/775 776/776/776
f 775/775/775 777/777/777 776/776/776
f 780/780/780 779/779/779 778/778/778
f 779/779/779 781/781/781 778/778/778
f 778/778/778 781/781/781 782/782/782
f 781/781/781 779/779/779 783/783/783
f 781/781/781 783/783/783 782/782/782
f 779/779/779 784/784/784 783/783/783
f 782/782/782 783/783/783 785/785/785
f 783/783/783 784/784/784 786/786/786
f 783/783/783 786/786/786 785/785/785
f 784/784/784 787/787/787 786/786/786
f 785/785/785 786/786/786 788/788/788
f 786/786/786 787/787/787 789/789/789
f 786/786/786 789/789/789 788/788/788
f 787/787/787 790/790/790 789/789/789
f 788/788/788 789/789/789 791/791/791
f 789/789/789 790/790/790 792/792/792
f 789/789/789 792/792/792 791/791/791
f 791/791/791 792/792/792 793/793/793
f 790/790/790 794/794/794 792/792/792
f 792/792/792 795/795/795 793/793/793
f 792/792/792 794/794/794 795/795/795
f 793/793/793 795/795/795 796/796/796
f 795/795/795 797/797/797 796/796/796
f 796/796/796 797/797/797 798/798/798
f 794/794/794 799/799/799 795/795/795
f 795/795/795 799/799/799 797/797/797
f 797/797/797 800/800/800 798/798/798
f 798/798/798 800/800/800 801/801/801
f 799/799/799 802/802/802 797/797/797
f 797/797/797 802/802/802 800/800/800
f 802/802/802 803/803/803 800/800/800
f 800/800/800 804/804/804 801/801/801
f 800/800/800 803/803/803 804/804/804
f 801/801/801 804/804/804 805/805/805
f 803/803/803 806/806/806 804/804/804
f 804/804/804 807/807/807 805/805/805
f 804/804/804 806/806/806 807/807/807
f 805/805/805 807/807/807 808/808/808
f 806/806/806 809/809/809 807/807/807
f 807/807/807 810/810/810 808/808/808
f 807/807/807 809/809/809 810/810/810
f 808/808/808 810/810/810 811/811/811
f 809/809/809 812/812/812 810/810/810
f 810/810/810 813/813/813 811/811/811
f 810/810/810 812/812/812 813/813/813
f 811/811/811 813/813/813 814/814/814
f 813/813/813 745/745/745 814/814/814
f 814/814/814 745/745/745 747/747/747
f 813/813/813 746/746/746 745/745/745
f 812/812/812 746/746/746 813/813/813
f 812/812/812 815/815/815 746/746/746
f 815/815/815 816/816/816 746/746/746
f 817/817/817 815/815/815 812/812/812
f 746/746/746 816/816/816 818/818/818
f 819/819/819 817/817/817 812/812/812
f 816/816/816 820/820/820 818/818/818
f 821/821/821 817/817/817 819/819/819
f 818/818/818 820/820/820 822/822/822
f 820/820/820 823/823/823 822/822/822
f 822/822/822 823/823/823 824/824/824
f 825/825/825 821/821/821 819/819/819
f 826/826/826 821/821/821 825/825/825
f 827/827/827 826/826/826 825/825/825
f 828/828/828 826/826/826 827/827/827
f 829/829/829 828/828/828 827/827/827
f 830/830/830 828/828/828 829/829/829
f 799/799/799 830/830/830 829/829/829
f 831/831/831 830/830/830 799/799/799
f 794/794/794 831/831/831 799/799/799
f 832/832/832 831/831/831 794/794/794
f 833/833/833 832/832/832 794/794/794
f 834/834/834 832/832/832 833/833/833
f 835/835/835 834/834/834 833/833/833
f 836/836/836 834/834/834 835/835/835
f 837/837/837 836/836/836 835/835/835
f 838/838/838 836/836/836 837/837/837
f 839/839/839 838/838/838 837/837/837
f 840/840/840 838/838/838 839/839/839
f 841/841/841 840/840/840 839/839/839
f 834/834/834 836/836/836 842/842/842
f 836/836/836 838/838/838 843/843/843
f 836/836/836 843/843/843 842/842/842
f 834/834/834 842/842/842 844/844/844
f 845/845/845 834/834/834 844/844/844
f 845/845/845 844/844/844 846/846/846
f 847/847/847 845/845/845 846/846/846
f 847/847/847 846/846/846 848/848/848
f 849/849/849 847/847/847 848/848/848
f 849/849/849 848/848/848 850/850/850
f 851/851/851 849/849/849 850/850/850
f 851/851/851 850/850/850 852/852/852
f 853/853/853 851/851/851 852/852/852
f 853/853/853 852/852/852 854/854/854
f 855/855/855 853/853/853 854/854/854
f 855/855/855 854/854/854 856/856/856
f 857/857/857 855/855/855 856/856/856
f 857/857/857 856/856/856 858/858/858
f 859/859/859 857/857/857 858/858/858
f 859/859/859 858/858/858 860/860/860
f 861/861/861 859/859/859 860/860/860
f 861/861/861 860/860/860 862/862/862
f 863/863/863 861/861/861 862/862/862
f 863/863/863 862/862/862 864/864/864
f 865/865/865 863/863/863 864/864/864
f 865/865/865 864/864/864 866/866/866
f 864/864/864 862/862/862 867/867/867
f 864/864/864 867/867/867 868/868/868
f 862/862/862 869/869/869 867/867/867
f 862/862/862 860/860/860 869/869/869
f 860/860/860 870/870/870 869/869/869
f 860/860/860 858/858/858 870/870/870
f 858/858/858 871/871/871 870/870/870
f 858/858/858 856/856/856 871/871/871
f 856/856/856 872/872/872 871/871/871
f 856/856/856 854/854/854 872/872/872
f 854/854/854 873/873/873 872/872/872
f 854/854/854 852/852/852 873/873/873
f 852/852/852 874/874/874 873/873/873
f 852/852/852 850/850/850 874/874/874
f 850/850/850 875/875/875 874/874/874
f 850/850/850 848/848/848 875/875/875
f 848/848/848 876/876/876 875/875/875
f 848/848/848 846/846/846 876/876/876
f 846/846/846 877/877/877 876/876/876
f 846/846/846 844/844/844 877/877/877
f 844/844/844 878/878/878 877/877/877
f 844/844/844 842/842/842 878/878/878
f 842/842/842 879/879/879 878/878/878
f 842/842/842 843/843/843 879/879/879
f 843/843/843 880/880/880 879/879/879
f 843/843/843 881/881/881 880/880/880
f 881/881/881 882/882/882 880/880/880
f 838/838/838 881/881/881 843/843/843
f 881/881/881 838/838/838 882/882/882
f 838/838/838 883/883/883 882/882/882
f 886/886/886 885/885/885 884/884/884
f 886/886/886 887/887/887 885/885/885
f 887/887/887 888/888/888 885/885/885
f 887/887/887 889/889/889 888/888/888
f 885/885/885 888/888/888 890/890/890
f 885/885/885 890/890/890 891/891/891
f 888/888/888 892/892/892 890/890/890
f 889/889/889 893/893/893 888/888/888
f 888/888/888 893/893/893 892/892/892
f 889/889/889 894/894/894 893/893/893
f 894/894/894 895/895/895 893/893/893
f 894/894/894 896/896/896 895/895/895
f 893/893/893 897/897/897 892/892/892
f 893/893/893 895/895/895 897/897/897
f 896/896/896 898/898/898 895/895/895
f 896/896/896 899/899/899 898/898/898
f 895/895/895 900/900/900 897/897/897
f 895/895/895 898/898/898 900/900/900
f 898/898/898 901/901/901 900/900/900
f 899/899/899 902/902/902 898/898/898
f 898/898/898 902/902/902 901/901/901
f 899/899/899 903/903/903 902/902/902
f 903/903/903 904/904/904 902/902/902
f 903/903/903 905/905/905 904/904/904
f 902/902/902 906/906/906 901/901/901
f 902/902/902 904/904/904 906/906/906
f 905/905/905 907/907/907 904/904/904
f 905/905/905 908/908/908 907/907/907
f 904/904/904 909/909/909 906/906/906
f 904/904/904 907/907/907 909/909/909
f 907/907/907 910/910/910 909/909/909
f 908/908/908 911/911/911 907/907/907
f 907/907/907 911/911/911 910/910/910
f 908/908/908 912/912/912 911/911/911
f 911/911/911 913/913/913 910/910/910
f 912/912/912 914/914/914 911/911/911
f 911/911/911 914/914/914 913/913/913
f 912/912/912 915/915/915 914/914/914
f 914/914/914 916/916/916 913/913/913
f 915/915/915 917/917/917 914/914/914
f 914/914/914 917/917/917 916/916/916
f 915/915/915 918/918/918 917/917/917
f 918/918/918 919/919/919 917/917/917
f 918/918/918 920/920/920 919/919/919
f 917/917/917 921/921/921 916/916/916
f 917/917/917 919/919/919 921/921/921
f 920/920/920 922/922/922 919/919/919
f 920/920/920 923/923/923 922/922/922
f 919/919/919 924/924/924 921/921/921
f 919/919/919 922/922/922 924/924/924
f 922/922/922 925/925/925 924/924/924
f 923/923/923 926/926/926 922/922/922
f 922/922/922 926/926/926 925/925/925
f 926/926/926 927/927/927 925/925/925
f 923/923/923 928/928/928 926/926/926
f 926/926/926 929/929/929 927/927/927
f 928/928/928 929/929/929 926/926/926
f 929/929/929 930/930/930 927/927/927
f 929/929/929 928/928/928 930/930/930
f 928/928/928 931/931/931 930/930/930
f 921/921/921 932/932/932 916/916/916
f 932/932/932 933/933/933 916/916/916
f 934/934/934 932/932/932 921/921/921
f 916/916/916 933/933/933 935/935/935
f 936/936/936 934/934/934 921/921/921
f 933/933/933 937/937/937 935/935/935
f 938/938/938 934/934/934 936/936/936
f 935/935/935 937/937/937 939/939/939
f 940/940/940 938/938/938 936/936/936
f 937/937/937 941/941/941 939/939/939
f 942/942/942 938/938/938 940/940/940
f 939/939/939 941/941/941 943/943/943
f 944/944/944 942/942/942 940/940/940
f 941/941/941 945/945/945 943/943/943
f 946/946/946 942/942/942 944/944/944
f 943/943/943 945/945/945 906/906/906
f 947/947/947 946/946/946 944/944/944
f 948/948/948 946/946/946 947/947/947
f 949/949/949 948/948/948 947/947/947
f 945/945/945 950/950/950 906/906/906
f 906/906/906 950/950/950 901/901/901
f 950/950/950 951/951/951 901/901/901
f 901/901/901 951/951/951 952/952/952
f 951/951/951 953/953/953 952/952/952
f 952/952/952 953/953/953 897/897/897
f 953/953/953 954/954/954 897/897/897
f 897/897/897 954/954/954 892/892/892
f 954/954/954 955/955/955 892/892/892
f 892/892/892 955/955/955 956/956/956
f 955/955/955 957/957/957 956/956/956
f 956/956/956 957/957/957 958/958/958
f 957/957/957 959/959/959 958/958/958
f 960/960/960 959/959/959 957/957/957
f 961/961/961 960/960/960 957/957/957
f 962/962/962 960/960/960 961/961/961
f 963/963/963 962/962/962 961/961/961
f 964/964/964 962/962/962 963/963/963
f 965/965/965 964/964/964 963/963/963
f 966/966/966 964/964/964 965/965/965
f 967/967/967 966/966/966 965/965/965
f 968/968/968 966/966/966 967/967/967
f 969/969/969 968/968/968 967/967/967
f 970/970/970 968/968/968 969/969/969
f 971/971/971 970/970/970 969/969/969
f 972/972/972 970/970/970 971/971/971
f 973/973/973 972/972/972 971/971/971
f 974/974/974 972/972/972 973/973/973
f 975/975/975 974/974/974 973/973/973
f 976/976/976 974/974/974 975/975/975
f 977/977/977 976/976/976 975/975/975
f 978/978/978 976/976/976 977/977/977
f 979/979/979 978/978/978 977/977/977
f 980/980/980 978/978/978 979/979/979
f 981/981/981 980/980/980 979/979/979
f 982/982/982 980/980/980 981/981/981
f 983/983/983 982/982/982 981/981/981
f 984/984/984 982/982/982 983/983/983
f 985/985/985 984/984/984 983/983/983
f 986/986/986 984/984/984 985/985/985
f 987/987/987 986/986/986 985/985/985
f 988/988/988 986/986/986 987/987/987
f 986/986/986 988/988/988 984/984/984
f 989/989/989 988/988/988 987/987/987
f 988/988/988 990/990/990 984/984/984
f 984/984/984 990/990/990 982/982/982
f 982/982/982 991/991/991 980/980/980
f 990/990/990 991/991/991 982/982/982
f 980/980/980 992/992/992 978/978/978
f 991/991/991 992/992/992 980/980/980
f 992/992/992 993/993/993 978/978/978
f 978/978/978 993/993/993 976/976/976
f 993/993/993 994/994/994 976/976/976
f 976/976/976 994/994/994 974/974/974
f 994/994/994 995/995/995 974/974/974
f 974/974/974 995/995/995 972/972/972
f 995/995/995 996/996/996 972/972/972
f 972/972/972 996/996/996 970/970/970
f 996/996/996 997/997/997 970/970/970
f 970/970/970 997/997/997 968/968/968
f 997/997/997 998/998/998 968/968/968
f 968/968/968 998/998/998 966/966/966
f 998/998/998 999/999/999 966/966/966
f 966/966/966 999/999/999 964/964/964
f 999/999/999 1000/1000/1000 964/964/964
f 964/964/964 1000/1000/1000 962/962/962
f 1000/1000/1000 1001/1001/1001 962/962/962
f 962/962/962 1001/1001/1001 960/960/960
f 1001/1001/1001 1002/1002/1002 960/960/960
f 960/960/960 1002/1002/1002 959/959/959
f 1002/1002/1002 1003/1003/1003 959/959/959
f 959/959/959 1003/1003/1003 1004/1004/1004
f 1007/1007/1007 1006/1006/1006 1005/1005/1005
f 1008/1008/1008 1007/1007/1007 1005/1005/1005
f 990/990/990 1007/1007/1007 1008/1008/1008
f 1009/1009/1009 990/990/990 1008/1008/1008
f 991/991/991 990/990/990 1009/1009/1009
f 1010/1010/1010 991/991/991 1009/1009/1009
f 992/992/992 991/991/991 1010/1010/1010
f 1011/1011/1011 992/992/992 1010/1010/1010
f 1012/1012/1012 992/992/992 1011/1011/1011
f 1013/1013/1013 1012/1012/1012 1011/1011/1011
f 1014/1014/1014 1012/1012/1012 1013/1013/1013
f 1015/1015/1015 1014/1014/1014 1013/1013/1013
f 1016/1016/1016 1014/1014/1014 1015/1015/1015
f 1017/1017/1017 1016/1016/1016 1015/1015/1015
f 1018/1018/1018 1016/1016/1016 1017/1017/1017
f 1019/1019/1019 1018/1018/1018 1017/1017/1017
f 1020/1020/1020 1018/1018/1018 1019/1019/1019
f 1021/1021/1021 1020/1020/1020 1019/1019/1019
f 1022/1022/1022 1020/1020/1020 1021/1021/1021
f 1023/1023/1023 1022/1022/1022 1021/1021/1021
f 1024/1024/1024 1022/1022/1022 1023/1023/1023
f 1025/1025/1025 1024/1024/1024 1023/1023/1023
f 1026/1026/1026 1024/1024/1024 1025/1025/1025
f 1027/1027/1027 1026/1026/1026 1025/1025/1025
f 1028/1028/1028 1026/1026/1026 1027/1027/1027
f 1029/1029/1029 1028/1028/1028 1027/1027/1027
f 1030/1030/1030 1028/1028/1028 1029/1029/1029
f 1031/1031/1031 1030/1030/1030 1029/1029/1029
f 1032/1032/1032 1030/1030/1030 1031/1031/1031
f 1033/1033/1033 1032/1032/1032 1031/1031/1031
f 1034/1034/1034 1032/1032/1032 1033/1033/1033
f 1037/1037/1037 1036/1036/1036 1035/1035/1035
f 1037/1037/1037 1038/1038/1038 1036/1036/1036
f 1038/1038/1038 1039/1039/1039 1036/1036/1036
f 1038/1038/1038 1040/1040/1040 1039/1039/1039
f 1036/1036/1036 1039/1039/1039 1041/1041/1041
f 1036/1036/1036 1041/1041/1041 1042/1042/1042
f 1039/1039/1039 1043/1043/1043 1041/1041/1041
f 1040/1040/1040 1044/1044/1044 1039/1039/1039
f 1039/1039/1039 1044/1044/1044 1043/1043/1043
f 1040/1040/1040 1045/1045/1045 1044/1044/1044
f 1044/1044/1044 1046/1046/1046 1043/1043/1043
f 1045/1045/1045 1047/1047/1047 1044/1044/1044
f 1044/1044/1044 1047/1047/1047 1046/1046/1046
f 1045/1045/1045 1048/1048/1048 1047/1047/1047
f 1047/1047/1047 1049/1049/1049 1046/1046/1046
f 1048/1048/1048 1050/1050/1050 1047/1047/1047
f 1047/1047/1047 1050/1050/1050 1049/1049/1049
f 1048/1048/1048 1051/1051/1051 1050/1050/1050
f 1051/1051/1051 1052/1052/1052 1050/1050/1050
f 1051/1051/1051 1053/1053/1053 1052/1052/1052
f 1050/1050/1050 1054/1054/1054 1049/1049/1049
f 1050/1050/1050 1052/1052/1052 1054/1054/1054
f 1053/1053/1053 1055/1055/1055 1052/1052/1052
f 1053/1053/1053 1056/1056/1056 1055/1055/1055
f 1052/1052/1052 1057/1057/1057 1054/1054/1054
f 1052/1052/1052 1055/1055/1055 1057/1057/1057
f 1055/1055/1055 1058/1058/1058 1057/1057/1057
f 1056/1056/1056 1059/1059/1059 1055/1055/1055
f 1055/1055/1055 1059/1059/1059 1058/1058/1058
f 1056/1056/1056 1060/1060/1060 1059/1059/1059
f 1059/1059/1059 1061/1061/1061 1058/1058/1058
f 1060/1060/1060 1062/1062/1062 1059/1059/1059
f 1059/1059/1059 1062/1062/1062 1061/1061/1061
f 1049/1049/1049 1054/1054/1054 1063/1063/1063
f 1063/1063/1063 1054/1054/1054 1064/1064/1064
f 1054/1054/1054 1065/1065/1065 1064/1064/1064
f 1066/1066/1066 1049/1049/1049 1063/1063/1063
f 1067/1067/1067 1049/1049/1049 1066/1066/1066
f 1068/1068/1068 1067/1067/1067 1066/1066/1066
f 1069/1069/1069 1067/1067/1067 1068/1068/1068
f 1070/1070/1070 1069/1069/1069 1068/1068/1068
f 1071/1071/1071 1069/1069/1069 1070/1070/1070
f 1072/1072/1072 1071/1071/1071 1070/1070/1070
f 1073/1073/1073 1071/1071/1071 1072/1072/1072
f 1072/1072/1072 1074/1074/1074 1073/1073/1073
f 1075/1075/1075 1074/1074/1074 1072/1072/1072
f 1076/1076/1076 1075/1075/1075 1072/1072/1072
f 1077/1077/1077 1075/1075/1075 1076/1076/1076
f 1078/1078/1078 1077/1077/1077 1076/1076/1076
f 1079/1079/1079 1077/1077/1077 1078/1078/1078
f 1080/1080/1080 1079/1079/1079 1078/1078/1078
f 1081/1081/1081 1079/1079/1079 1080/1080/1080
f 1082/1082/1082 1081/1081/1081 1080/1080/1080
f 1083/1083/1083 1081/1081/1081 1082/1082/1082
f 1064/1064/1064 1083/1083/1083 1082/1082/1082
f 1075/1075/1075 1084/1084/1084 1074/1074/1074
f 1084/1084/1084 1085/1085/1085 1074/1074/1074
f 1074/1074/1074 1085/1085/1085 1086/1086/1086
f 1087/1087/1087 1084/1084/1084 1075/1075/1075
f 1077/1077/1077 1087/1087/1087 1075/1075/1075
f 1079/1079/1079 1088/1088/1088 1077/1077/1077
f 1088/1088/1088 1087/1087/1087 1077/1077/1077
f 1081/1081/1081 1089/1089/1089 1079/1079/1079
f 1089/1089/1089 1088/1088/1088 1079/1079/1079
f 1090/1090/1090 1089/1089/1089 1081/1081/1081
f 1083/1083/1083 1090/1090/1090 1081/1081/1081
f 1088/1088/1088 1091/1091/1091 1087/1087/1087
f 1091/1091/1091 1092/1092/1092 1087/1087/1087
f 1093/1093/1093 1091/1091/1091 1088/1088/1088
f 1087/1087/1087 1092/1092/1092 1094/1094/1094
f 1095/1095/1095 1093/1093/1093 1088/1088/1088
f 1092/1092/1092 1096/1096/1096 1094/1094/1094
f 1097/1097/1097 1093/1093/1093 1095/1095/1095
f 1090/1090/1090 1097/1097/1097 1095/1095/1095
f 1094/1094/1094 1096/1096/1096 1085/1085/1085
f 1096/1096/1096 1098/1098/1098 1085/1085/1085
f 1085/1085/1085 1098/1098/1098 1099/1099/1099
f 1100/1100/1100 1097/1097/1097 1090/1090/1090
f 1101/1101/1101 1100/1100/1100 1090/1090/1090
f 1101/1101/1101 1090/1090/1090 1083/1083/1083
f 1102/1102/1102 1100/1100/1100 1101/1101/1101
f 1103/1103/1103 1101/1101/1101 1083/1083/1083
f 1103/1103/1103 1083/1083/1083 1064/1064/1064
f 1104/1104/1104 1102/1102/1102 1101/1101/1101
f 1104/1104/1104 1101/1101/1101 1103/1103/1103
f 1105/1105/1105 1103/1103/1103 1064/1064/1064
f 1064/1064/1064 1065/1065/1065 1105/1105/1105
f 1065/1065/1065 1106/1106/1106 1105/1105/1105
f 1107/1107/1107 1104/1104/1104 1103/1103/1103
f 1107/1107/1107 1103/1103/1103 1105/1105/1105
f 1108/1108/1108 1104/1104/1104 1107/1107/1107
f 1105/1105/1105 1106/1106/1106 1109/1109/1109
f 1106/1106/1106 1061/1061/1061 1109/1109/1109
f 1110/1110/1110 1107/1107/1107 1105/1105/1105
f 1109/1109/1109 1061/1061/1061 1111/1111/1111
f 1112/1112/1112 1108/1108/1108 1107/1107/1107
f 1112/1112/1112 1107/1107/1107 1110/1110/1110
f 1113/1113/1113 1108/1108/1108 1112/1112/1112
f 1114/1114/1114 1112/1112/1112 1110/1110/1110
f 1061/1061/1061 1115/1115/1115 1111/1111/1111
f 1111/1111/1111 1115/1115/1115 1116/1116/1116
f 1062/1062/1062 1115/1115/1115 1061/1061/1061
f 1117/1117/1117 1113/1113/1113 1112/1112/1112
f 1117/1117/1117 1112/1112/1112 1114/1114/1114
f 1118/1118/1118 1113/1113/1113 1117/1117/1117
f 1119/1119/1119 1117/1117/1117 1114/1114/1114
f 1120/1120/1120 1118/1118/1118 1117/1117/1117
f 1120/1120/1120 1117/1117/1117 1119/1119/1119
f 1121/1121/1121 1118/1118/1118 1120/1120/1120
f 1122/1122/1122 1120/1120/1120 1119/1119/1119
f 1123/1123/1123 1121/1121/1121 1120/1120/1120
f 1123/1123/1123 1120/1120/1120 1122/1122/1122
f 1124/1124/1124 1121/1121/1121 1123/1123/1123
f 1125/1125/1125 1123/1123/1123 1122/1122/1122
f 1126/1126/1126 1124/1124/1124 1123/1123/1123
f 1126/1126/1126 1123/1123/1123 1125/1125/1125
f 1127/1127/1127 1126/1126/1126 1125/1125/1125
f 1128/1128/1128 1124/1124/1124 1126/1126/1126
f 1129/1129/1129 1126/1126/1126 1127/1127/1127
f 1129/1129/1129 1128/1128/1128 1126/1126/1126
f 1130/1130/1130 1129/1129/1129 1127/1127/1127
f 1128/1128/1128 1129/1129/1129 1130/1130/1130
f 1131/1131/1131 1128/1128/1128 1130/1130/1130
f 1130/1130/1130 1132/1132/1132 1131/1131/1131
f 1132/1132/1132 1133/1133/1133 1131/1131/1131
f 1134/1134/1134 1132/1132/1132 1130/1130/1130
f 1135/1135/1135 1134/1134/1134 1130/1130/1130
f 1136/1136/1136 1134/1134/1134 1135/1135/1135
f 1137/1137/1137 1136/1136/1136 1135/1135/1135
f 1138/1138/1138 1136/1136/1136 1137/1137/1137
f 1139/1139/1139 1138/1138/1138 1137/1137/1137
f 1140/1140/1140 1138/1138/1138 1139/1139/1139
f 1116/1116/1116 1140/1140/1140 1139/1139/1139
f 1115/1115/1115 1140/1140/1140 1116/1116/1116
f 1062/1062/1062 1141/1141/1141 1115/1115/1115
f 1141/1141/1141 1142/1142/1142 1115/1115/1115
f 1143/1143/1143 1141/1141/1141 1062/1062/1062
f 1060/1060/1060 1143/1143/1143 1062/1062/1062
f 1141/1141/1141 1144/1144/1144 1142/1142/1142
f 1144/1144/1144 1145/1145/1145 1142/1142/1142
f 1143/1143/1143 1146/1146/1146 1141/1141/1141
f 1146/1146/1146 1144/1144/1144 1141/1141/1141
f 1144/1144/1144 1147/1147/1147 1145/1145/1145
f 1147/1147/1147 1148/1148/1148 1145/1145/1145
f 1146/1146/1146 1149/1149/1149 1144/1144/1144
f 1149/1149/1149 1147/1147/1147 1144/1144/1144
f 1147/1147/1147 1150/1150/1150 1148/1148/1148
f 1150/1150/1150 1151/1151/1151 1148/1148/1148
f 1149/1149/1149 1152/1152/1152 1147/1147/1147
f 1152/1152/1152 1150/1150/1150 1147/1147/1147
f 1150/1150/1150 1153/1153/1153 1151/1151/1151
f 1153/1153/1153 1154/1154/1154 1151/1151/1151
f 1155/1155/1155 1153/1153/1153 1150/1150/1150
f 1153/1153/1153 1155/1155/1155 1154/1154/1154
f 1152/1152/1152 1155/1155/1155 1150/1150/1150
f 1155/1155/1155 1156/1156/1156 1154/1154/1154
f 1146/1146/1146 1143/1143/1143 1113/1113/1113
f 1113/1113/1113 1143/1143/1143 1157/1157/1157
f 1118/1118/1118 1146/1146/1146 1113/1113/1113
f 1149/1149/1149 1146/1146/1146 1118/1118/1118
f 1143/1143/1143 1060/1060/1060 1157/1157/1157
f 1157/1157/1157 1060/1060/1060 1104/1104/1104
f 1060/1060/1060 1102/1102/1102 1104/1104/1104
f 1158/1158/1158 1149/1149/1149 1118/1118/1118
f 1152/1152/1152 1149/1149/1149 1158/1158/1158
f 1159/1159/1159 1152/1152/1152 1158/1158/1158
f 1155/1155/1155 1152/1152/1152 1159/1159/1159
f 1160/1160/1160 1155/1155/1155 1159/1159/1159
f 1161/1161/1161 1155/1155/1155 1160/1160/1160
f 1162/1162/1162 1161/1161/1161 1160/1160/1160
f 1165/1165/1165 1164/1164/1164 1163/1163/1163
f 1166/1166/1166 1165/1165/1165 1163/1163/1163
f 1166/1166/1166 1163/1163/1163 1167/1167/1167
f 1165/1165/1165 1166/1166/1166 1168/1168/1168
f 1168/1168/1168 1166/1166/1166 1167/1167/1167
f 1169/1169/1169 1165/1165/1165 1168/1168/1168
f 1168/1168/1168 1167/1167/1167 1170/1170/1170
f 1169/1169/1169 1168/1168/1168 1171/1171/1171
f 1171/1171/1171 1168/1168/1168 1170/1170/1170
f 1172/1172/1172 1169/1169/1169 1171/1171/1171
f 1171/1171/1171 1170/1170/1170 1173/1173/1173
f 1172/1172/1172 1171/1171/1171 1174/1174/1174
f 1174/1174/1174 1171/1171/1171 1173/1173/1173
f 1175/1175/1175 1172/1172/1172 1174/1174/1174
f 1174/1174/1174 1173/1173/1173 1176/1176/1176
f 1175/1175/1175 1174/1174/1174 1177/1177/1177
f 1177/1177/1177 1174/1174/1174 1176/1176/1176
f 1178/1178/1178 1175/1175/1175 1177/1177/1177
f 1177/1177/1177 1176/1176/1176 1179/1179/1179
f 1178/1178/1178 1177/1177/1177 1180/1180/1180
f 1180/1180/1180 1177/1177/1177 1179/1179/1179
f 1181/1181/1181 1178/1178/1178 1180/1180/1180
f 1181/1181/1181 1180/1180/1180 1182/1182/1182
f 1183/1183/1183 1181/1181/1181 1182/1182/1182
f 1180/1180/1180 1179/1179/1179 1184/1184/1184
f 1182/1182/1182 1180/1180/1180 1184/1184/1184
f 1183/1183/1183 1182/1182/1182 1185/1185/1185
f 1186/1186/1186 1183/1183/1183 1185/1185/1185
f 1182/1182/1182 1184/1184/1184 1187/1187/1187
f 1185/1185/1185 1182/1182/1182 1187/1187/1187
f 1186/1186/1186 1185/1185/1185 1188/1188/1188
f 1189/1189/1189 1186/1186/1186 1188/1188/1188
f 1185/1185/1185 1187/1187/1187 1190/1190/1190
f 1188/1188/1188 1185/1185/1185 1190/1190/1190
f 1179/1179/1179 1191/1191/1191 1184/1184/1184
f 1191/1191/1191 1192/1192/1192 1184/1184/1184
f 1184/1184/1184 1192/1192/1192 1187/1187/1187
f 1193/1193/1193 1191/1191/1191 1179/1179/1179
f 1192/1192/1192 1194/1194/1194 1187/1187/1187
f 1187/1187/1187 1194/1194/1194 1190/1190/1190
f 1195/1195/1195 1193/1193/1193 1179/1179/1179
f 1196/1196/1196 1193/1193/1193 1195/1195/1195
f 1197/1197/1197 1196/1196/1196 1195/1195/1195
f 1198/1198/1198 1196/1196/1196 1197/1197/1197
f 1199/1199/1199 1198/1198/1198 1197/1197/1197
f 1200/1200/1200 1198/1198/1198 1199/1199/1199
f 1201/1201/1201 1200/1200/1200 1199/1199/1199
f 1202/1202/1202 1200/1200/1200 1201/1201/1201
f 1203/1203/1203 1202/1202/1202 1201/1201/1201
f 1204/1204/1204 1202/1202/1202 1203/1203/1203
f 1205/1205/1205 1204/1204/1204 1203/1203/1203
f 1194/1194/1194 1206/1206/1206 1190/1190/1190
f 1190/1190/1190 1206/1206/1206 1207/1207/1207
f 1188/1188/1188 1190/1190/1190 1207/1207/1207
f 1206/1206/1206 1208/1208/1208 1207/1207/1207
f 1209/1209/1209 1188/1188/1188 1207/1207/1207
f 1189/1189/1189 1188/1188/1188 1209/1209/1209
f 1207/1207/1207 1208/1208/1208 1210/1210/1210
f 1209/1209/1209 1207/1207/1207 1210/1210/1210
f 1208/1208/1208 1211/1211/1211 1210/1210/1210
f 1210/1210/1210 1211/1211/1211 1212/1212/1212
f 1211/1211/1211 1213/1213/1213 1212/1212/1212
f 1212/1212/1212 1213/1213/1213 1214/1214/1214
f 1213/1213/1213 1215/1215/1215 1214/1214/1214
f 1214/1214/1214 1215/1215/1215 1216/1216/1216
f 1215/1215/1215 1217/1217/1217 1216/1216/1216
f 1216/1216/1216 1217/1217/1217 1218/1218/1218
f 1217/1217/1217 1219/1219/1219 1218/1218/1218
f 1218/1218/1218 1219/1219/1219 1220/1220/1220
f 1221/1221/1221 1209/1209/1209 1210/1210/1210
f 1221/1221/1221 1210/1210/1210 1222/1222/1222
f 1223/1223/1223 1209/1209/1209 1221/1221/1221
f 1223/1223/1223 1189/1189/1189 1209/1209/1209
f 1224/1224/1224 1221/1221/1221 1222/1222/1222
f 1224/1224/1224 1222/1222/1222 1225/1225/1225
f 1226/1226/1226 1223/1223/1223 1221/1221/1221
f 1226/1226/1226 1221/1221/1221 1224/1224/1224
f 1227/1227/1227 1226/1226/1226 1224/1224/1224
f 1228/1228/1228 1224/1224/1224 1225/1225/1225
f 1227/1227/1227 1224/1224/1224 1228/1228/1228
f 1228/1228/1228 1225/1225/1225 1229/1229/1229
f 1230/1230/1230 1227/1227/1227 1228/1228/1228
f 1231/1231/1231 1228/1228/1228 1229/1229/1229
f 1230/1230/1230 1228/1228/1228 1231/1231/1231
f 1231/1231/1231 1229/1229/1229 1232/1232/1232
f 1233/1233/1233 1230/1230/1230 1231/1231/1231
f 1234/1234/1234 1231/1231/1231 1232/1232/1232
f 1233/1233/1233 1231/1231/1231 1234/1234/1234
f 1234/1234/1234 1232/1232/1232 1235/1235/1235
f 1236/1236/1236 1233/1233/1233 1234/1234/1234
f 1236/1236/1236 1234/1234/1234 1237/1237/1237
f 1223/1223/1223 1238/1238/1238 1189/1189/1189
f 1238/1238/1238 1239/1239/1239 1189/1189/1189
f 1240/1240/1240 1238/1238/1238 1223/1223/1223
f 1189/1189/1189 1239/1239/1239 1241/1241/1241
f 1242/1242/1242 1240/1240/1240 1223/1223/1223
f 1239/1239/1239 1243/1243/1243 1241/1241/1241
f 1244/1244/1244 1240/1240/1240 1242/1242/1242
f 1241/1241/1241 1243/1243/1243 1245/1245/1245
f 1246/1246/1246 1244/1244/1244 1242/1242/1242
f 1247/1247/1247 1244/1244/1244 1246/1246/1246
f 1248/1248/1248 1247/1247/1247 1246/1246/1246
f 1249/1249/1249 1247/1247/1247 1248/1248/1248
f 1250/1250/1250 1249/1249/1249 1248/1248/1248
f 1251/1251/1251 1249/1249/1249 1250/1250/1250
f 1252/1252/1252 1251/1251/1251 1250/1250/1250
f 1253/1253/1253 1251/1251/1251 1252/1252/1252
f 1243/1243/1243 1254/1254/1254 1245/1245/1245
f 1245/1245/1245 1254/1254/1254 1255/1255/1255
f 1254/1254/1254 1256/1256/1256 1255/1255/1255
f 1255/1255/1255 1256/1256/1256 1257/1257/1257
f 1256/1256/1256 1258/1258/1258 1257/1257/1257
f 1257/1257/1257 1258/1258/1258 1259/1259/1259
f 1258/1258/1258 1260/1260/1260 1259/1259/1259
f 1259/1259/1259 1260/1260/1260 1261/1261/1261
f 1260/1260/1260 1262/1262/1262 1261/1261/1261
f 1261/1261/1261 1262/1262/1262 1263/1263/1263
f 1262/1262/1262 1264/1264/1264 1263/1263/1263
f 1263/1263/1263 1264/1264/1264 1265/1265/1265
f 1264/1264/1264 1266/1266/1266 1265/1265/1265
f 1265/1265/1265 1266/1266/1266 1267/1267/1267
f 1266/1266/1266 1268/1268/1268 1267/1267/1267
f 1256/1256/1256 1254/1254/1254 1269/1269/1269
f 1258/1258/1258 1256/1256/1256 1270/1270/1270
f 1270/1270/1270 1256/1256/1256 1269/1269/1269
f 1260/1260/1260 1258/1258/1258 1271/1271/1271
f 1271/1271/1271 1258/1258/1258 1270/1270/1270
f 1262/1262/1262 1260/1260/1260 1272/1272/1272
f 1272/1272/1272 1260/1260/1260 1271/1271/1271
f 1264/1264/1264 1262/1262/1262 1273/1273/1273
f 1273/1273/1273 1262/1262/1262 1272/1272/1272
f 1266/1266/1266 1264/1264/1264 1274/1274/1274
f 1274/1274/1274 1264/1264/1264 1273/1273/1273
f 1269/1269/1269 1254/1254/1254 1275/1275/1275
f 1254/1254/1254 1276/1276/1276 1275/1275/1275
f 1275/1275/1275 1276/1276/1276 1277/1277/1277
f 1276/1276/1276 1278/1278/1278 1277/1277/1277
f 1277/1277/1277 1278/1278/1278 1279/1279/1279
f 1278/1278/1278 1280/1280/1280 1279/1279/1279
f 1279/1279/1279 1280/1280/1280 1281/1281/1281
f 1280/1280/1280 1282/1282/1282 1281/1281/1281
f 1281/1281/1281 1282/1282/1282 1283/1283/1283
f 1282/1282/1282 1284/1284/1284 1283/1283/1283
f 1283/1283/1283 1284/1284/1284 1285/1285/1285
f 1284/1284/1284 1286/1286/1286 1285/1285/1285
f 1285/1285/1285 1286/1286/1286 1287/1287/1287
f 1286/1286/1286 1288/1288/1288 1287/1287/1287
f 1287/1287/1287 1288/1288/1288 1289/1289/1289
f 1288/1288/1288 1290/1290/1290 1289/1289/1289
f 1289/1289/1289 1290/1290/1290 1291/1291/1291
f 1287/1287/1287 1289/1289/1289 1292/1292/1292
f 1292/1292/1292 1289/1289/1289 1293/1293/1293
f 1294/1294/1294 1287/1287/1287 1292/1292/1292
f 1285/1285/1285 1287/1287/1287 1294/1294/1294
f 1295/1295/1295 1285/1285/1285 1294/1294/1294
f 1283/1283/1283 1285/1285/1285 1295/1295/1295
f 1296/1296/1296 1283/1283/1283 1295/1295/1295
f 1281/1281/1281 1283/1283/1283 1296/1296/1296
f 1297/1297/1297 1281/1281/1281 1296/1296/1296
f 1279/1279/1279 1281/1281/1281 1297/1297/1297
f 1298/1298/1298 1279/1279/1279 1297/1297/1297
f 1277/1277/1277 1279/1279/1279 1298/1298/1298
f 1299/1299/1299 1277/1277/1277 1298/1298/1298
f 1275/1275/1275 1277/1277/1277 1299/1299/1299
f 1300/1300/1300 1275/1275/1275 1299/1299/1299
f 1269/1269/1269 1275/1275/1275 1300/1300/1300
f 1301/1301/1301 1269/1269/1269 1300/1300/1300
f 1270/1270/1270 1269/1269/1269 1301/1301/1301
f 1302/1302/1302 1270/1270/1270 1301/1301/1301
f 1271/1271/1271 1270/1270/1270 1302/1302/1302
f 1303/1303/1303 1271/1271/1271 1302/1302/1302
f 1272/1272/1272 1271/1271/1271 1303/1303/1303
f 1304/1304/1304 1272/1272/1272 1303/1303/1303
f 1273/1273/1273 1272/1272/1272 1304/1304/1304
f 1305/1305/1305 1273/1273/1273 1304/1304/1304
f 1274/1274/1274 1273/1273/1273 1305/1305/1305
f 1306/1306/1306 1274/1274/1274 1305/1305/1305
f 1307/1307/1307 1274/1274/1274 1306/1306/1306
f 1308/1308/1308 1307/1307/1307 1306/1306/1306
f 1307/1307/1307 1266/1266/1266 1274/1274/1274
f 1266/1266/1266 1307/1307/1307 1308/1308/1308
f 1309/1309/1309 1266/1266/1266 1308/1308/1308
f 1312/1312/1312 1311/1311/1311 1310/1310/1310
f 1312/1312/1312 1313/1313/1313 1311/1311/1311
f 1313/1313/1313 1314/1314/1314 1311/1311/1311
f 1313/1313/1313 1315/1315/1315 1314/1314/1314
f 1315/1315/1315 1316/1316/1316 1314/1314/1314
f 1315/1315/1315 1317/1317/1317 1316/1316/1316
f 1317/1317/1317 1318/1318/1318 1316/1316/1316
f 1317/1317/1317 1319/1319/1319 1318/1318/1318
f 1319/1319/1319 1320/1320/1320 1318/1318/1318
f 1319/1319/1319 1321/1321/1321 1320/1320/1320
f 1321/1321/1321 1322/1322/1322 1320/1320/1320
f 1321/1321/1321 1323/1323/1323 1322/1322/1322
f 1323/1323/1323 1324/1324/1324 1322/1322/1322
f 1325/1325/1325 1313/1313/1313 1312/1312/1312
f 1326/1326/1326 1325/1325/1325 1312/1312/1312
f 1326/1326/1326 1312/1312/1312 1327/1327/1327
f 1325/1325/1325 1328/1328/1328 1313/1313/1313
f 1328/1328/1328 1315/1315/1315 1313/1313/1313
f 1328/1328/1328 1329/1329/1329 1315/1315/1315
f 1329/1329/1329 1317/1317/1317 1315/1315/1315
f 1329/1329/1329 1330/1330/1330 1317/1317/1317
f 1330/1330/1330 1319/1319/1319 1317/1317/1317
f 1330/1330/1330 1331/1331/1331 1319/1319/1319
f 1331/1331/1331 1321/1321/1321 1319/1319/1319
f 1331/1331/1331 1332/1332/1332 1321/1321/1321
f 1332/1332/1332 1323/1323/1323 1321/1321/1321
f 1332/1332/1332 1333/1333/1333 1323/1323/1323
f 1333/1333/1333 1334/1334/1334 1323/1323/1323
f 1333/1333/1333 1335/1335/1335 1334/1334/1334
f 1323/1323/1323 1334/1334/1334 1324/1324/1324
f 1335/1335/1335 1336/1336/1336 1334/1334/1334
f 1335/1335/1335 1337/1337/1337 1336/1336/1336
f 1334/1334/1334 1338/1338/1338 1324/1324/1324
f 1334/1334/1334 1336/1336/1336 1338/1338/1338
f 1337/1337/1337 1339/1339/1339 1336/1336/1336
f 1337/1337/1337 1340/1340/1340 1339/1339/1339
f 1336/1336/1336 1341/1341/1341 1338/1338/1338
f 1336/1336/1336 1339/1339/1339 1341/1341/1341
f 1339/1339/1339 1342/1342/1342 1341/1341/1341
f 1340/1340/1340 1343/1343/1343 1339/1339/1339
f 1339/1339/1339 1343/1343/1343 1342/1342/1342
f 1340/1340/1340 1344/1344/1344 1343/1343/1343
f 1343/1343/1343 1345/1345/1345 1342/1342/1342
f 1344/1344/1344 1346/1346/1346 1343/1343/1343
f 1343/1343/1343 1346/1346/1346 1345/1345/1345
f 1344/1344/1344 1347/1347/1347 1346/1346/1346
f 1346/1346/1346 1348/1348/1348 1345/1345/1345
f 1347/1347/1347 1349/1349/1349 1346/1346/1346
f 1346/1346/1346 1349/1349/1349 1348/1348/1348
f 1347/1347/1347 1350/1350/1350 1349/1349/1349
f 1349/1349/1349 1351/1351/1351 1348/1348/1348
f 1350/1350/1350 1352/1352/1352 1349/1349/1349
f 1349/1349/1349 1352/1352/1352 1351/1351/1351
f 1352/1352/1352 1353/1353/1353 1351/1351/1351
f 1350/1350/1350 1354/1354/1354 1352/1352/1352
f 1352/1352/1352 1355/1355/1355 1353/1353/1353
f 1354/1354/1354 1355/1355/1355 1352/1352/1352
f 1355/1355/1355 1356/1356/1356 1353/1353/1353
f 1355/1355/1355 1354/1354/1354 1356/1356/1356
f 1354/1354/1354 1357/1357/1357 1356/1356/1356
f 1360/1360/1360 1359/1359/1359 1358/1358/1358
f 1359/1359/1359 1361/1361/1361 1358/1358/1358
f 1358/1358/1358 1361/1361/1361 1362/1362/1362
f 1361/1361/1361 1363/1363/1363 1362/1362/1362
f 1362/1362/1362 1363/1363/1363 1364/1364/1364
f 1363/1363/1363 1365/1365/1365 1364/1364/1364
f 1364/1364/1364 1365/1365/1365 1366/1366/1366
f 1365/1365/1365 1367/1367/1367 1366/1366/1366
f 1366/1366/1366 1367/1367/1367 1368/1368/1368
f 1367/1367/1367 1369/1369/1369 1368/1368/1368
f 1368/1368/1368 1369/1369/1369 1370/1370/1370
f 1369/1369/1369 1371/1371/1371 1370/1370/1370
f 1370/1370/1370 1371/1371/1371 1372/1372/1372
f 1371/1371/1371 1373/1373/1373 1372/1372/1372
f 1372/1372/1372 1373/1373/1373 1338/1338/1338
f 1373/1373/1373 1374/1374/1374 1338/1338/1338
f 1338/1338/1338 1374/1374/1374 1324/1324/1324
f 1374/1374/1374 1375/1375/1375 1324/1324/1324
f 1324/1324/1324 1375/1375/1375 1376/1376/1376
f 1375/1375/1375 1377/1377/1377 1376/1376/1376
f 1376/1376/1376 1377/1377/1377 1378/1378/1378
f 1377/1377/1377 1379/1379/1379 1378/1378/1378
f 1378/1378/1378 1379/1379/1379 1380/1380/1380
f 1379/1379/1379 1381/1381/1381 1380/1380/1380
f 1380/1380/1380 1381/1381/1381 1382/1382/1382
f 1381/1381/1381 1383/1383/1383 1382/1382/1382
f 1382/1382/1382 1383/1383/1383 1384/1384/1384
f 1383/1383/1383 1385/1385/1385 1384/1384/1384
f 1384/1384/1384 1385/1385/1385 1386/1386/1386
f 1385/1385/1385 1387/1387/1387 1386/1386/1386
f 1386/1386/1386 1387/1387/1387 1388/1388/1388
f 1387/1387/1387 1389/1389/1389 1388/1388/1388
f 1390/1390/1390 1389/1389/1389 1387/1387/1387
f 1391/1391/1391 1390/1390/1390 1387/1387/1387
f 1392/1392/1392 1390/1390/1390 1391/1391/1391
f 1393/1393/1393 1392/1392/1392 1391/1391/1391
f 1394/1394/1394 1392/1392/1392 1393/1393/1393
f 1395/1395/1395 1394/1394/1394 1393/1393/1393
f 1396/1396/1396 1394/1394/1394 1395/1395/1395
f 1397/1397/1397 1396/1396/1396 1395/1395/1395
f 1398/1398/1398 1396/1396/1396 1397/1397/1397
f 1399/1399/1399 1398/1398/1398 1397/1397/1397
f 1400/1400/1400 1398/1398/1398 1399/1399/1399
f 1401/1401/1401 1400/1400/1400 1399/1399/1399
f 1402/1402/1402 1400/1400/1400 1401/1401/1401
f 1403/1403/1403 1402/1402/1402 1401/1401/1401
f 1404/1404/1404 1402/1402/1402 1403/1403/1403
f 1405/1405/1405 1404/1404/1404 1403/1403/1403
f 1406/1406/1406 1404/1404/1404 1405/1405/1405
f 1407/1407/1407 1406/1406/1406 1405/1405/1405
f 1408/1408/1408 1406/1406/1406 1407/1407/1407
f 1409/1409/1409 1408/1408/1408 1407/1407/1407
f 1410/1410/1410 1408/1408/1408 1409/1409/1409
f 1411/1411/1411 1410/1410/1410 1409/1409/1409
f 1412/1412/1412 1410/1410/1410 1411/1411/1411
f 1413/1413/1413 1412/1412/1412 1411/1411/1411
f 1414/1414/1414 1412/1412/1412 1413/1413/1413
f 1415/1415/1415 1414/1414/1414 1413/1413/1413
f 1416/1416/1416 1414/1414/1414 1415/1415/1415
f 1417/1417/1417 1416/1416/1416 1415/1415/1415
f 1418/1418/1418 1416/1416/1416 1417/1417/1417
f 1416/1416/1416 1418/1418/1418 1414/1414/1414
f 1419/1419/1419 1418/1418/1418 1417/1417/1417
f 1418/1418/1418 1420/1420/1420 1414/1414/1414
f 1414/1414/1414 1420/1420/1420 1412/1412/1412
f 1420/1420/1420 1421/1421/1421 1412/1412/1412
f 1412/1412/1412 1421/1421/1421 1410/1410/1410
f 1410/1410/1410 1422/1422/1422 1408/1408/1408
f 1421/1421/1421 1422/1422/1422 1410/1410/1410
f 1422/1422/1422 1423/1423/1423 1408/1408/1408
f 1408/1408/1408 1423/1423/1423 1406/1406/1406
f 1423/1423/1423 1424/1424/1424 1406/1406/1406
f 1406/1406/1406 1424/1424/1424 1404/1404/1404
f 1424/1424/1424 1425/1425/1425 1404/1404/1404
f 1404/1404/1404 1425/1425/1425 1402/1402/1402
f 1425/1425/1425 1426/1426/1426 1402/1402/1402
f 1402/1402/1402 1426/1426/1426 1400/1400/1400
f 1426/1426/1426 1427/1427/1427 1400/1400/1400
f 1400/1400/1400 1427/1427/1427 1398/1398/1398
f 1427/1427/1427 1428/1428/1428 1398/1398/1398
f 1398/1398/1398 1428/1428/1428 1396/1396/1396
f 1428/1428/1428 1429/1429/1429 1396/1396/1396
f 1396/1396/1396 1429/1429/1429 1394/1394/1394
f 1429/1429/1429 1430/1430/1430 1394/1394/1394
f 1394/1394/1394 1430/1430/1430 1392/1392/1392
f 1430/1430/1430 1431/1431/1431 1392/1392/1392
f 1392/1392/1392 1431/1431/1431 1390/1390/1390
f 1431/1431/1431 1432/1432/1432 1390/1390/1390
f 1390/1390/1390 1432/1432/1432 1389/1389/1389
f 1432/1432/1432 1433/1433/1433 1389/1389/1389
f 1389/1389/1389 1433/1433/1433 1434/1434/1434
f 1437/1437/1437 1436/1436/1436 1435/1435/1435
f 1438/1438/1438 1437/1437/1437 1435/1435/1435
f 1439/1439/1439 1437/1437/1437 1438/1438/1438
f 1440/1440/1440 1439/1439/1439 1438/1438/1438
f 1421/1421/1421 1439/1439/1439 1440/1440/1440
f 1441/1441/1441 1421/1421/1421 1440/1440/1440
f 1422/1422/1422 1421/1421/1421 1441/1441/1441
f 1442/1442/1442 1422/1422/1422 1441/1441/1441
f 1423/1423/1423 1422/1422/1422 1442/1442/1442
f 1443/1443/1443 1423/1423/1423 1442/1442/1442
f 1444/1444/1444 1423/1423/1423 1443/1443/1443
f 1445/1445/1445 1444/1444/1444 1443/1443/1443
f 1446/1446/1446 1444/1444/1444 1445/1445/1445
f 1447/1447/1447 1446/1446/1446 1445/1445/1445
f 1448/1448/1448 1446/1446/1446 1447/1447/1447
f 1449/1449/1449 1448/1448/1448 1447/1447/1447
f 1450/1450/1450 1448/1448/1448 1449/1449/1449
f 1451/1451/1451 1450/1450/1450 1449/1449/1449
f 1452/1452/1452 1450/1450/1450 1451/1451/1451
f 1453/1453/1453 1452/1452/1452 1451/1451/1451
f 1454/1454/1454 1452/1452/1452 1453/1453/1453
f 1455/1455/1455 1454/1454/1454 1453/1453/1453
f 1456/1456/1456 1454/1454/1454 1455/1455/1455
f 1457/1457/1457 1456/1456/1456 1455/1455/1455
f 1458/1458/1458 1456/1456/1456 1457/1457/1457
f 1459/1459/1459 1458/1458/1458 1457/1457/1457
f 1460/1460/1460 1458/1458/1458 1459/1459/1459
f 1461/1461/1461 1460/1460/1460 1459/1459/1459
f 1462/1462/1462 1460/1460/1460 1461/1461/1461
f 1463/1463/1463 1462/1462/1462 1461/1461/1461
f 1464/1464/1464 1462/1462/1462 1463/1463/1463
f 1467/1467/1467 1466/1466/1466 1465/1465/1465
f 1468/1468/1468 1466/1466/1466 1467/1467/1467
f 1469/1469/1469 1468/1468/1468 1467/1467/1467
f 1470/1470/1470 1468/1468/1468 1469/1469/1469
f 1469/1469/1469 1467/1467/1467 1471/1471/1471
f 1471/1471/1471 1467/1467/1467 1472/1472/1472
f 1472/1472/1472 1473/1473/1473 1471/1471/1471
f 1471/1471/1471 1473/1473/1473 1474/1474/1474
f 1473/1473/1473 1475/1475/1475 1474/1474/1474
f 1474/1474/1474 1475/1475/1475 1476/1476/1476
f 1475/1475/1475 1477/1477/1477 1476/1476/1476
f 1476/1476/1476 1477/1477/1477 1478/1478/1478
f 1477/1477/1477 1479/1479/1479 1478/1478/1478
f 1478/1478/1478 1479/1479/1479 1480/1480/1480
f 1479/1479/1479 1481/1481/1481 1480/1480/1480
f 1480/1480/1480 1481/1481/1481 1482/1482/1482
f 1481/1481/1481 1483/1483/1483 1482/1482/1482
f 1482/1482/1482 1483/1483/1483 1484/1484/1484
f 1483/1483/1483 1485/1485/1485 1484/1484/1484
f 1484/1484/1484 1485/1485/1485 1486/1486/1486
f 1485/1485/1485 1487/1487/1487 1486/1486/1486
f 1486/1486/1486 1487/1487/1487 1488/1488/1488
f 1487/1487/1487 1489/1489/1489 1488/1488/1488
f 1488/1488/1488 1489/1489/1489 1490/1490/1490
f 1489/1489/1489 1491/1491/1491 1490/1490/1490
f 1490/1490/1490 1491/1491/1491 1492/1492/1492
f 1491/1491/1491 1493/1493/1493 1492/1492/1492
f 1492/1492/1492 1493/1493/1493 1494/1494/1494
f 1493/1493/1493 1495/1495/1495 1494/1494/1494
f 1494/1494/1494 1495/1495/1495 1496/1496/1496
f 1495/1495/1495 1497/1497/1497 1496/1496/1496
f 1496/1496/1496 1497/1497/1497 1498/1498/1498
f 1497/1497/1497 1499/1499/1499 1498/1498/1498
f 1498/1498/1498 1499/1499/1499 1500/1500/1500
f 1499/1499/1499 1501/1501/1501 1500/1500/1500
f 1504/1504/1504 1503/1503/1503 1502/1502/1502
f 1503/1503/1503 1505/1505/1505 1502/1502/1502
f 1502/1502/1502 1505/1505/1505 1506/1506/1506
f 1505/1505/1505 1503/1503/1503 1507/1507/1507
f 1505/1505/1505 1507/1507/1507 1506/1506/1506
f 1503/1503/1503 1508/1508/1508 1507/1507/1507
f 1506/1506/1506 1507/1507/1507 1509/1509/1509
f 1507/1507/1507 1508/1508/1508 1510/1510/1510
f 1507/1507/1507 1510/1510/1510 1509/1509/1509
f 1508/1508/1508 1511/1511/1511 1510/1510/1510
f 1509/1509/1509 1510/1510/1510 1512/1512/1512
f 1510/1510/1510 1511/1511/1511 1513/1513/1513
f 1510/1510/1510 1513/1513/1513 1512/1512/1512
f 1511/1511/1511 1514/1514/1514 1513/1513/1513
f 1512/1512/1512 1513/1513/1513 1515/1515/1515
f 1513/1513/1513 1514/1514/1514 1516/1516/1516
f 1513/1513/1513 1516/1516/1516 1515/1515/1515
f 1514/1514/1514 1517/1517/1517 1516/1516/1516
f 1515/1515/1515 1516/1516/1516 1518/1518/1518
f 1516/1516/1516 1517/1517/1517 1519/1519/1519
f 1516/1516/1516 1519/1519/1519 1518/1518/1518
f 1517/1517/1517 1520/1520/1520 1519/1519/1519
f 1518/1518/1518 1519/1519/1519 1521/1521/1521
f 1519/1519/1519 1520/1520/1520 1522/1522/1522
f 1519/1519/1519 1522/1522/1522 1521/1521/1521
f 1520/1520/1520 1523/1523/1523 1522/1522/1522
f 1521/1521/1521 1522/1522/1522 1524/1524/1524
f 1522/1522/1522 1523/1523/1523 1525/1525/1525
f 1522/1522/1522 1525/1525/1525 1524/1524/1524
f 1523/1523/1523 1526/1526/1526 1525/1525/1525
f 1524/1524/1524 1525/1525/1525 1527/1527/1527
f 1525/1525/1525 1526/1526/1526 1528/1528/1528
f 1525/1525/1525 1528/1528/1528 1527/1527/1527
f 1526/1526/1526 1529/1529/1529 1528/1528/1528
f 1527/1527/1527 1528/1528/1528 1530/1530/1530
f 1528/1528/1528 1529/1529/1529 1531/1531/1531
f 1528/1528/1528 1531/1531/1531 1530/1530/1530
f 1529/1529/1529 1532/1532/1532 1531/1531/1531
f 1530/1530/1530 1531/1531/1531 1533/1533/1533
f 1531/1531/1531 1532/1532/1532 1534/1534/1534
f 1531/1531/1531 1534/1534/1534 1533/1533/1533
f 1532/1532/1532 1535/1535/1535 1534/1534/1534
f 1533/1533/1533 1534/1534/1534 1536/1536/1536
f 1534/1534/1534 1535/1535/1535 1537/1537/1537
f 1534/1534/1534 1537/1537/1537 1536/1536/1536
f 1535/1535/1535 1470/1470/1470 1537/1537/1537
f 1536/1536/1536 1537/1537/1537 1538/1538/1538
f 1537/1537/1537 1470/1470/1470 1469/1469/1469
f 1537/1537/1537 1469/1469/1469 1538/1538/1538
f 1538/1538/1538 1469/1469/1469 1471/1471/1471
f 1541/1541/1541 1540/1540/1540 1539/1539/1539
f 1542/1542/1542 1541/1541/1541 1539/1539/1539
f 1542/1542/1542 1539/1539/1539 1543/1543/1543
f 1541/1541/1541 1542/1542/1542 1544/1544/1544
f 1544/1544/1544 1542/1542/1542 1543/1543/1543
f 1545/1545/1545 1541/1541/1541 1544/1544/1544
f 1544/1544/1544 1543/1543/1543 1546/1546/1546
f 1545/1545/1545 1544/1544/1544 1547/1547/1547
f 1547/1547/1547 1544/1544/1544 1546/1546/1546
f 1548/1548/1548 1545/1545/1545 1547/1547/1547
f 1547/1547/1547 1546/1546/1546 1549/1549/1549
f 1548/1548/1548 1547/1547/1547 1550/1550/1550
f 1550/1550/1550 1547/1547/1547 1549/1549/1549
f 1551/1551/1551 1548/1548/1548 1550/1550/1550
f 1550/1550/1550 1549/1549/1549 1552/1552/1552
f 1551/1551/1551 1550/1550/1550 1553/1553/1553
f 1553/1553/1553 1550/1550/1550 1552/1552/1552
f 1554/1554/1554 1551/1551/1551 1553/1553/1553
f 1553/1553/1553 1552/1552/1552 1555/1555/1555
f 1554/1554/1554 1553/1553/1553 1556/1556/1556
f 1556/1556/1556 1553/1553/1553 1555/1555/1555
f 1557/1557/1557 1554/1554/1554 1556/1556/1556
f 1556/1556/1556 1555/1555/1555 1558/1558/1558
f 1557/1557/1557 1556/1556/1556 1559/1559/1559
f 1559/1559/1559 1556/1556/1556 1558/1558/1558
f 1560/1560/1560 1557/1557/1557 1559/1559/1559
f 1559/1559/1559 1558/1558/1558 1561/1561/1561
f 1560/1560/1560 1559/1559/1559 1562/1562/1562
f 1562/1562/1562 1559/1559/1559 1561/1561/1561
f 1563/1563/1563 1560/1560/1560 1562/1562/1562
f 1562/1562/1562 1561/1561/1561 1564/1564/1564
f 1563/1563/1563 1562/1562/1562 1565/1565/1565
f 1565/1565/1565 1562/1562/1562 1564/1564/1564
f 1566/1566/1566 1563/1563/1563 1565/1565/1565
f 1565/1565/1565 1564/1564/1564 1567/1567/1567
f 1566/1566/1566 1565/1565/1565 1568/1568/1568
f 1568/1568/1568 1565/1565/1565 1567/1567/1567
f 1569/1569/1569 1566/1566/1566 1568/1568/1568
f 1568/1568/1568 1567/1567/1567 1570/1570/1570
f 1569/1569/1569 1568/1568/1568 1571/1571/1571
f 1571/1571/1571 1568/1568/1568 1570/1570/1570
f 1572/1572/1572 1569/1569/1569 1571/1571/1571
f 1571/1571/1571 1570/1570/1570 1573/1573/1573
f 1572/1572/1572 1571/1571/1571 1574/1574/1574
f 1574/1574/1574 1571/1571/1571 1573/1573/1573
f 1575/1575/1575 1572/1572/1572 1574/1574/1574
f 1574/1574/1574 1573/1573/1573 1576/1576/1576
f 1575/1575/1575 1574/1574/1574 1577/1577/1577
f 1577/1577/1577 1574/1574/1574 1576/1576/1576
f 1578/1578/1578 1575/1575/1575 1577/1577/1577
f 1577/1577/1577 1576/1576/1576 1579/1579/1579
f 1578/1578/1578 1577/1577/1577 1580/1580/1580
f 1580/1580/1580 1577/1577/1577 1579/1579/1579
f 1580/1580/1580 1579/1579/1579 1581/1581/1581
f 1582/1582/1582 1578/1578/1578 1580/1580/1580
f 1582/1582/1582 1580/1580/1580 1583/1583/1583
f 1586/1586/1586 1585/1585/1585 1584/1584/1584
f 1585/1585/1585 1587/1587/1587 1584/1584/1584
f 1584/1584/1584 1587/1587/1587 1588/1588/1588
f 1587/1587/1587 1589/1589/1589 1588/1588/1588
f 1588/1588/1588 1589/1589/1589 1590/1590/1590
f 1589/1589/1589 1591/1591/1591 1590/1590/1590
f 1590/1590/1590 1591/1591/1591 1592/1592/1592
f 1591/1591/1591 1593/1593/1593 1592/1592/1592
f 1592/1592/1592 1593/1593/1593 1594/1594/1594
f 1593/1593/1593 1595/1595/1595 1594/1594/1594
f 1594/1594/1594 1595/1595/1595 1596/1596/1596
f 1595/1595/1595 1597/1597/1597 1596/1596/1596
f 1596/1596/1596 1597/1597/1597 1598/1598/1598
f 1597/1597/1597 1599/1599/1599 1598/1598/1598
f 1598/1598/1598 1599/1599/1599 1600/1600/1600
f 1599/1599/1599 1601/1601/1601 1600/1600/1600
f 1600/1600/1600 1601/1601/1601 1602/1602/1602
f 1601/1601/1601 1603/1603/1603 1602/1602/1602
f 1602/1602/1602 1603/1603/1603 1604/1604/1604
f 1603/1603/1603 1605/1605/1605 1604/1604/1604
f 1604/1604/1604 1605/1605/1605 1606/1606/1606
f 1605/1605/1605 1607/1607/1607 1606/1606/1606
f 1606/1606/1606 1607/1607/1607 1608/1608/1608
f 1607/1607/1607 1609/1609/1609 1608/1608/1608
f 1608/1608/1608 1609/1609/1609 1610/1610/1610
f 1609/1609/1609 1611/1611/1611 1610/1610/1610
f 1610/1610/1610 1611/1611/1611 1612/1612/1612
f 1611/1611/1611 1613/1613/1613 1612/1612/1612
f 1612/1612/1612 1613/1613/1613 1614/1614/1614
f 1617/1617/1617 1616/1616/1616 1615/1615/1615
f 1618/1618/1618 1616/1616/1616 1617/1617/1617
f 1619/1619/1619 1618/1618/1618 1617/1617/1617
f 1620/1620/1620 1618/1618/1618 1619/1619/1619
f 1619/1619/1619 1617/1617/1617 1621/1621/1621
f 1621/1621/1621 1617/1617/1617 1622/1622/1622
f 1622/1622/1622 1623/1623/1623 1621/1621/1621
f 1621/1621/1621 1623/1623/1623 1624/1624/1624
f 1623/1623/1623 1625/1625/1625 1624/1624/1624
f 1624/1624/1624 1625/1625/1625 1626/1626/1626
f 1625/1625/1625 1627/1627/1627 1626/1626/1626
f 1626/1626/1626 1627/1627/1627 1628/1628/1628
f 1627/1627/1627 1629/1629/1629 1628/1628/1628
f 1628/1628/1628 1629/1629/1629 1630/1630/1630
f 1629/1629/1629 1631/1631/1631 1630/1630/1630
f 1630/1630/1630 1631/1631/1631 1632/1632/1632
f 1631/1631/1631 1633/1633/1633 1632/1632/1632
f 1632/1632/1632 1633/1633/1633 1634/1634/1634
f 1633/1633/1633 1635/1635/1635 1634/1634/1634
f 1634/1634/1634 1635/1635/1635 1636/1636/1636
f 1635/1635/1635 1637/1637/1637 1636/1636/1636
f 1636/1636/1636 1637/1637/1637 1638/1638/1638
f 1637/1637/1637 1639/1639/1639 1638/1638/1638
f 1638/1638/1638 1639/1639/1639 1640/1640/1640
f 1639/1639/1639 1641/1641/1641 1640/1640/1640
f 1640/1640/1640 1641/1641/1641 1642/1642/1642
f 1641/1641/1641 1643/1643/1643 1642/1642/1642
f 1642/1642/1642 1643/1643/1643 1644/1644/1644
f 1643/1643/1643 1645/1645/1645 1644/1644/1644
f 1644/1644/1644 1645/1645/1645 1646/1646/1646
f 1645/1645/1645 1647/1647/1647 1646/1646/1646
f 1646/1646/1646 1647/1647/1647 1648/1648/1648
f 1647/1647/1647 1649/1649/1649 1648/1648/1648
f 1648/1648/1648 1649/1649/1649 1650/1650/1650
f 1649/1649/1649 1651/1651/1651 1650/1650/1650
f 1654/1654/1654 1653/1653/1653 1652/1652/1652
f 1653/1653/1653 1655/1655/1655 1652/1652/1652
f 1652/1652/1652 1655/1655/1655 1656/1656/1656
f 1655/1655/1655 1653/1653/1653 1657/1657/1657
f 1655/1655/1655 1657/1657/1657 1656/1656/1656
f 1653/1653/1653 1658/1658/1658 1657/1657/1657
f 1656/1656/1656 1657/1657/1657 1659/1659/1659
f 1657/1657/1657 1658/1658/1658 1660/1660/1660
f 1657/1657/1657 1660/1660/1660 1659/1659/1659
f 1658/1658/1658 1661/1661/1661 1660/1660/1660
f 1659/1659/1659 1660/1660/1660 1662/1662/1662
f 1660/1660/1660 1661/1661/1661 1663/1663/1663
f 1660/1660/1660 1663/1663/1663 1662/1662/1662
f 1661/1661/1661 1664/1664/1664 1663/1663/1663
f 1662/1662/1662 1663/1663/1663 1665/1665/1665
f 1663/1663/1663 1664/1664/1664 1666/1666/1666
f 1663/1663/1663 1666/1666/1666 1665/1665/1665
f 1664/1664/1664 1667/1667/1667 1666/1666/1666
f 1665/1665/1665 1666/1666/1666 1668/1668/1668
f 1666/1666/1666 1667/1667/1667 1669/1669/1669
f 1666/1666/1666 1669/1669/1669 1668/1668/1668
f 1667/1667/1667 1670/1670/1670 1669/1669/1669
f 1668/1668/1668 1669/1669/1669 1671/1671/1671
f 1669/1669/1669 1670/1670/1670 1672/1672/1672
f 1669/1669/1669 1672/1672/1672 1671/1671/1671
f 1670/1670/1670 1673/1673/1673 1672/1672/1672
f 1671/1671/1671 1672/1672/1672 1674/1674/1674
f 1672/1672/1672 1673/1673/1673 1675/1675/1675
f 1672/1672/1672 1675/1675/1675 1674/1674/1674
f 1673/1673/1673 1676/1676/1676 1675/1675/1675
f 1674/1674/1674 1675/1675/1675 1677/1677/1677
f 1675/1675/1675 1676/1676/1676 1678/1678/1678
f 1675/1675/1675 1678/1678/1678 1677/1677/1677
f 1676/1676/1676 1679/1679/1679 1678/1678/1678
f 1677/1677/1677 1678/1678/1678 1680/1680/1680
f 1678/1678/1678 1679/1679/1679 1681/1681/1681
f 1678/1678/1678 1681/1681/1681 1680/1680/1680
f 1679/1679/1679 1682/1682/1682 1681/1681/1681
f 1680/1680/1680 1681/1681/1681 1683/1683/1683
f 1681/1681/1681 1682/1682/1682 1684/1684/1684
f 1681/1681/1681 1684/1684/1684 1683/1683/1683
f 1682/1682/1682 1685/1685/1685 1684/1684/1684
f 1683/1683/1683 1684/1684/1684 1686/1686/1686
f 1684/1684/1684 1685/1685/1685 1687/1687/1687
f 1684/1684/1684 1687/1687/1687 1686/1686/1686
f 1685/1685/1685 1620/1620/1620 1687/1687/1687
f 1686/1686/1686 1687/1687/1687 1688/1688/1688
f 1687/1687/1687 1620/1620/1620 1619/1619/1619
f 1687/1687/1687 1619/1619/1619 1688/1688/1688
f 1688/1688/1688 1619/1619/1619 1621/1621/1621
f 1691/1691/1691 1690/1690/1690 1689/1689/1689
f 1691/1691/1691 1692/1692/1692 1690/1690/1690
f 1692/1692/1692 1693/1693/1693 1690/1690/1690
f 1692/1692/1692 1694/1694/1694 1693/1693/1693
f 1690/1690/1690 1693/1693/1693 1695/1695/1695
f 1690/1690/1690 1695/1695/1695 1696/1696/1696
f 1693/1693/1693 1697/1697/1697 1695/1695/1695
f 1694/1694/1694 1698/1698/1698 1693/1693/1693
f 1693/1693/1693 1698/1698/1698 1697/1697/1697
f 1694/1694/1694 1699/1699/1699 1698/1698/1698
f 1698/1698/1698 1700/1700/1700 1697/1697/1697
f 1699/1699/1699 1701/1701/1701 1698/1698/1698
f 1698/1698/1698 1701/1701/1701 1700/1700/1700
f 1699/1699/1699 1702/1702/1702 1701/1701/1701
f 1701/1701/1701 1703/1703/1703 1700/1700/1700
f 1702/1702/1702 1704/1704/1704 1701/1701/1701
f 1701/1701/1701 1704/1704/1704 1703/1703/1703
f 1702/1702/1702 1705/1705/1705 1704/1704/1704
f 1704/1704/1704 1706/1706/1706 1703/1703/1703
f 1705/1705/1705 1707/1707/1707 1704/1704/1704
f 1704/1704/1704 1707/1707/1707 1706/1706/1706
f 1705/1705/1705 1708/1708/1708 1707/1707/1707
f 1707/1707/1707 1709/1709/1709 1706/1706/1706
f 1708/1708/1708 1710/1710/1710 1707/1707/1707
f 1707/1707/1707 1710/1710/1710 1709/1709/1709
f 1708/1708/1708 1711/1711/1711 1710/1710/1710
f 1710/1710/1710 1712/1712/1712 1709/1709/1709
f 1711/1711/1711 1713/1713/1713 1710/1710/1710
f 1710/1710/1710 1713/1713/1713 1712/1712/1712
f 1711/1711/1711 1714/1714/1714 1713/1713/1713
f 1713/1713/1713 1715/1715/1715 1712/1712/1712
f 1714/1714/1714 1716/1716/1716 1713/1713/1713
f 1713/1713/1713 1716/1716/1716 1715/1715/1715
f 1714/1714/1714 1717/1717/1717 1716/1716/1716
f 1716/1716/1716 1718/1718/1718 1715/1715/1715
f 1717/1717/1717 1719/1719/1719 1716/1716/1716
f 1716/1716/1716 1719/1719/1719 1718/1718/1718
f 1717/1717/1717 1720/1720/1720 1719/1719/1719
f 1719/1719/1719 1721/1721/1721 1718/1718/1718
f 1720/1720/1720 1722/1722/1722 1719/1719/1719
f 1719/1719/1719 1722/1722/1722 1721/1721/1721
f 1720/1720/1720 1723/1723/1723 1722/1722/1722
f 1722/1722/1722 1724/1724/1724 1721/1721/1721
f 1723/1723/1723 1725/1725/1725 1722/1722/1722
f 1722/1722/1722 1725/1725/1725 1724/1724/1724
f 1723/1723/1723 1726/1726/1726 1725/1725/1725
f 1725/1725/1725 1727/1727/1727 1724/1724/1724
f 1726/1726/1726 1728/1728/1728 1725/1725/1725
f 1725/1725/1725 1728/1728/1728 1727/1727/1727
f 1728/1728/1728 1729/1729/1729 1727/1727/1727
f 1726/1726/1726 1730/1730/1730 1728/1728/1728
f 1728/1728/1728 1731/1731/1731 1729/1729/1729
f 1730/1730/1730 1731/1731/1731 1728/1728/1728
f 1731/1731/1731 1732/1732/1732 1729/1729/1729
f 1731/1731/1731 1730/1730/1730 1732/1732/1732
f 1730/1730/1730 1733/1733/1733 1732/1732/1732
f 1736/1736/1736 1735/1735/1735 1734/1734/1734
f 1737/1737/1737 1735/1735/1735 1736/1736/1736
f 1738/1738/1738 1737/1737/1737 1736/1736/1736
f 1739/1739/1739 1737/1737/1737 1738/1738/1738
f 1740/1740/1740 1739/1739/1739 1738/1738/1738
f 1741/1741/1741 1739/1739/1739 1740/1740/1740
f 1742/1742/1742 1741/1741/1741 1740/1740/1740
f 1743/1743/1743 1741/1741/1741 1742/1742/1742
f 1744/1744/1744 1743/1743/1743 1742/1742/1742
f 1745/1745/1745 1743/1743/1743 1744/1744/1744
f 1746/1746/1746 1745/1745/1745 1744/1744/1744
f 1747/1747/1747 1745/1745/1745 1746/1746/1746
f 1748/1748/1748 1747/1747/1747 1746/1746/1746
f 1749/1749/1749 1747/1747/1747 1748/1748/1748
f 1750/1750/1750 1749/1749/1749 1748/1748/1748
f 1751/1751/1751 1749/1749/1749 1750/1750/1750
f 1752/1752/1752 1751/1751/1751 1750/1750/1750
f 1753/1753/1753 1751/1751/1751 1752/1752/1752
f 1754/1754/1754 1753/1753/1753 1752/1752/1752
f 1755/1755/1755 1753/1753/1753 1754/1754/1754
f 1756/1756/1756 1755/1755/1755 1754/1754/1754
f 1757/1757/1757 1755/1755/1755 1756/1756/1756
f 1758/1758/1758 1757/1757/1757 1756/1756/1756
f 1759/1759/1759 1757/1757/1757 1758/1758/1758
f 1760/1760/1760 1759/1759/1759 1758/1758/1758
f 1761/1761/1761 1759/1759/1759 1760/1760/1760
f 1762/1762/1762 1761/1761/1761 1760/1760/1760
f 1763/1763/1763 1761/1761/1761 1762/1762/1762
f 1764/1764/1764 1763/1763/1763 1762/1762/1762
f 1767/1767/1767 1766/1766/1766 1765/1765/1765
f 1768/1768/1768 1766/1766/1766 1767/1767/1767
f 1769/1769/1769 1768/1768/1768 1767/1767/1767
f 1770/1770/1770 1768/1768/1768 1769/1769/1769
f 1771/1771/1771 1770/1770/1770 1769/1769/1769
f 1772/1772/1772 1770/1770/1770 1771/1771/1771
f 1773/1773/1773 1772/1772/1772 1771/1771/1771
f 1774/1774/1774 1772/1772/1772 1773/1773/1773
f 1775/1775/1775 1774/1774/1774 1773/1773/1773
f 1776/1776/1776 1774/1774/1774 1775/1775/1775
f 1777/1777/1777 1776/1776/1776 1775/1775/1775
f 1778/1778/1778 1776/1776/1776 1777/1777/1777
f 1779/1779/1779 1778/1778/1778 1777/1777/1777
f 1780/1780/1780 1778/1778/1778 1779/1779/1779
f 1781/1781/1781 1780/1780/1780 1779/1779/1779
f 1782/1782/1782 1780/1780/1780 1781/1781/1781
f 1783/1783/1783 1782/1782/1782 1781/1781/1781
f 1784/1784/1784 1782/1782/1782 1783/1783/1783
f 1785/1785/1785 1784/1784/1784 1783/1783/1783
f 1786/1786/1786 1784/1784/1784 1785/1785/1785
f 1787/1787/1787 1786/1786/1786 1785/1785/1785
f 1788/1788/1788 1786/1786/1786 1787/1787/1787
f 1789/1789/1789 1788/1788/1788 1787/1787/1787
f 1790/1790/1790 1788/1788/1788 1789/1789/1789
f 1791/1791/1791 1790/1790/1790 1789/1789/1789
f 1792/1792/1792 1790/1790/1790 1791/1791/1791
f 1793/1793/1793 1792/1792/1792 1791/1791/1791
f 1794/1794/1794 1792/1792/1792 1793/1793/1793
f 1792/1792/1792 1794/1794/1794 1790/1790/1790
f 1795/1795/1795 1794/1794/1794 1793/1793/1793
f 1794/1794/1794 1796/1796/1796 1790/1790/1790
f 1790/1790/1790 1796/1796/1796 1788/1788/1788
f 1796/1796/1796 1797/1797/1797 1788/1788/1788
f 1788/1788/1788 1797/1797/1797 1786/1786/1786
f 1797/1797/1797 1798/1798/1798 1786/1786/1786
f 1786/1786/1786 1798/1798/1798 1784/1784/1784
f 1798/1798/1798 1799/1799/1799 1784/1784/1784
f 1784/1784/1784 1799/1799/1799 1782/1782/1782
f 1799/1799/1799 1800/1800/1800 1782/1782/1782
f 1782/1782/1782 1800/1800/1800 1780/1780/1780
f 1800/1800/1800 1801/1801/1801 1780/1780/1780
f 1780/1780/1780 1801/1801/1801 1778/1778/1778
f 1801/1801/1801 1802/1802/1802 1778/1778/1778
f 1778/1778/1778 1802/1802/1802 1776/1776/1776
f 1802/1802/1802 1803/1803/1803 1776/1776/1776
f 1776/1776/1776 1803/1803/1803 1774/1774/1774
f 1803/1803/1803 1804/1804/1804 1774/1774/1774
f 1774/1774/1774 1804/1804/1804 1772/1772/1772
f 1804/1804/1804 1805/1805/1805 1772/1772/1772
f 1772/1772/1772 1805/1805/1805 1770/1770/1770
f 1805/1805/1805 1806/1806/1806 1770/1770/1770
f 1770/1770/1770 1806/1806/1806 1768/1768/1768
f 1806/1806/1806 1807/1807/1807 1768/1768/1768
f 1768/1768/1768 1807/1807/1807 1766/1766/1766
f 1807/1807/1807 1808/1808/1808 1766/1766/1766
f 1766/1766/1766 1808/1808/1808 1809/1809/1809
f 1812/1812/1812 1811/1811/1811 1810/1810/1810
f 1813/1813/1813 1812/1812/1812 1810/1810/1810
f 1814/1814/1814 1812/1812/1812 1813/1813/1813
f 1815/1815/1815 1814/1814/1814 1813/1813/1813
f 1816/1816/1816 1814/1814/1814 1815/1815/1815
f 1817/1817/1817 1816/1816/1816 1815/1815/1815
f 1818/1818/1818 1816/1816/1816 1817/1817/1817
f 1819/1819/1819 1818/1818/1818 1817/1817/1817
f 1820/1820/1820 1818/1818/1818 1819/1819/1819
f 1821/1821/1821 1820/1820/1820 1819/1819/1819
f 1822/1822/1822 1820/1820/1820 1821/1821/1821
f 1823/1823/1823 1822/1822/1822 1821/1821/1821
f 1824/1824/1824 1822/1822/1822 1823/1823/1823
f 1825/1825/1825 1824/1824/1824 1823/1823/1823
f 1826/1826/1826 1824/1824/1824 1825/1825/1825
f 1827/1827/1827 1826/1826/1826 1825/1825/1825
f 1828/1828/1828 1826/1826/1826 1827/1827/1827
f 1829/1829/1829 1828/1828/1828 1827/1827/1827
f 1830/1830/1830 1828/1828/1828 1829/1829/1829
f 1831/1831/1831 1830/1830/1830 1829/1829/1829
f 1832/1832/1832 1830/1830/1830 1831/1831/1831
f 1833/1833/1833 1832/1832/1832 1831/1831/1831
f 1834/1834/1834 1832/1832/1832 1833/1833/1833
f 1835/1835/1835 1834/1834/1834 1833/1833/1833
f 1836/1836/1836 1834/1834/1834 1835/1835/1835
f 1837/1837/1837 1836/1836/1836 1835/1835/1835
f 1838/1838/1838 1836/1836/1836 1837/1837/1837
f 1839/1839/1839 1838/1838/1838 1837/1837/1837
f 1840/1840/1840 1838/1838/1838 1839/1839/1839
f 1843/1843/1843 1842/1842/1842 1841/1841/1841
f 1844/1844/1844 1843/1843/1843 1841/1841/1841
f 1844/1844/1844 1841/1841/1841 1845/1845/1845
f 1843/1843/1843 1844/1844/1844 1846/1846/1846
f 1846/1846/1846 1844/1844/1844 1845/1845/1845
f 1847/1847/1847 1843/1843/1843 1846/1846/1846
f 1846/1846/1846 1845/1845/1845 1848/1848/1848
f 1847/1847/1847 1846/1846/1846 1849/1849/1849
f 1849/1849/1849 1846/1846/1846 1848/1848/1848
f 1850/1850/1850 1847/1847/1847 1849/1849/1849
f 1849/1849/1849 1848/1848/1848 1851/1851/1851
f 1850/1850/1850 1849/1849/1849 1852/1852/1852
f 1852/1852/1852 1849/1849/1849 1851/1851/1851
f 1853/1853/1853 1850/1850/1850 1852/1852/1852
f 1852/1852/1852 1851/1851/1851 1854/1854/1854
f 1853/1853/1853 1852/1852/1852 1855/1855/1855
f 1855/1855/1855 1852/1852/1852 1854/1854/1854
f 1856/1856/1856 1853/1853/1853 1855/1855/1855
f 1855/1855/1855 1854/1854/1854 1857/1857/1857
f 1856/1856/1856 1855/1855/1855 1858/1858/1858
f 1858/1858/1858 1855/1855/1855 1857/1857/1857
f 1859/1859/1859 1856/1856/1856 1858/1858/1858
f 1858/1858/1858 1857/1857/1857 1860/1860/1860
f 1859/1859/1859 1858/1858/1858 1861/1861/1861
f 1861/1861/1861 1858/1858/1858 1860/1860/1860
f 1862/1862/1862 1859/1859/1859 1861/1861/1861
f 1861/1861/1861 1860/1860/1860 1863/1863/1863
f 1862/1862/1862 1861/1861/1861 1864/1864/1864
f 1864/1864/1864 1861/1861/1861 1863/1863/1863
f 1865/1865/1865 1862/1862/1862 1864/1864/1864
f 1864/1864/1864 1863/1863/1863 1866/1866/1866
f 1865/1865/1865 1864/1864/1864 1867/1867/1867
f 1867/1867/1867 1864/1864/1864 1866/1866/1866
f 1868/1868/1868 1865/1865/1865 1867/1867/1867
f 1867/1867/1867 1866/1866/1866 1869/1869/1869
f 1868/1868/1868 1867/1867/1867 1870/1870/1870
f 1870/1870/1870 1867/1867/1867 1869/1869/1869
f 1871/1871/1871 1868/1868/1868 1870/1870/1870
f 1870/1870/1870 1869/1869/1869 1872/1872/1872
f 1871/1871/1871 1870/1870/1870 1873/1873/1873
f 1873/1873/1873 1870/1870/1870 1872/1872/1872
f 1874/1874/1874 1871/1871/1871 1873/1873/1873
f 1873/1873/1873 1872/1872/1872 1875/1875/1875
f 1874/1874/1874 1873/1873/1873 1876/1876/1876
f 1876/1876/1876 1873/1873/1873 1875/1875/1875
f 1877/1877/1877 1874/1874/1874 1876/1876/1876
f 1876/1876/1876 1875/1875/1875 1878/1878/1878
f 1877/1877/1877 1876/1876/1876 1879/1879/1879
f 1879/1879/1879 1876/1876/1876 1878/1878/1878
f 1880/1880/1880 1877/1877/1877 1879/1879/1879
f 1879/1879/1879 1878/1878/1878 1881/1881/1881
f 1880/1880/1880 1879/1879/1879 1882/1882/1882
f 1882/1882/1882 1879/1879/1879 1881/1881/1881
f 1882/1882/1882 1881/1881/1881 1883/1883/1883
f 1884/1884/1884 1880/1880/1880 1882/1882/1882
f 1884/1884/1884 1882/1882/1882 1885/1885/1885
f 1888/1888/1888 1887/1887/1887 1886/1886/1886
f 1887/1887/1887 1889/1889/1889 1886/1886/1886
f 1886/1886/1886 1889/1889/1889 1890/1890/1890
f 1889/1889/1889 1891/1891/1891 1890/1890/1890
f 1890/1890/1890 1891/1891/1891 1892/1892/1892
f 1891/1891/1891 1893/1893/1893 1892/1892/1892
f 1892/1892/1892 1893/1893/1893 1894/1894/1894
f 1893/1893/1893 1895/1895/1895 1894/1894/1894
f 1894/1894/1894 1895/1895/1895 1896/1896/1896
f 1895/1895/1895 1897/1897/1897 1896/1896/1896
f 1896/1896/1896 1897/1897/1897 1898/1898/1898
f 1897/1897/1897 1899/1899/1899 1898/1898/1898
f 1898/1898/1898 1899/1899/1899 1900/1900/1900
f 1899/1899/1899 1901/1901/1901 1900/1900/1900
f 1900/1900/1900 1901/1901/1901 1902/1902/1902
f 1901/1901/1901 1903/1903/1903 1902/1902/1902
f 1902/1902/1902 1903/1903/1903 1904/1904/1904
f 1903/1903/1903 1905/1905/1905 1904/1904/1904
f 1904/1904/1904 1905/1905/1905 1906/1906/1906
f 1905/1905/1905 1907/1907/1907 1906/1906/1906
f 1906/1906/1906 1907/1907/1907 1908/1908/1908
f 1907/1907/1907 1909/1909/1909 1908/1908/1908
f 1908/1908/1908 1909/1909/1909 1910/1910/1910
f 1909/1909/1909 1911/1911/1911 1910/1910/1910
f 1910/1910/1910 1911/1911/1911 1912/1912/1912
f 1911/1911/1911 1913/1913/1913 1912/1912/1912
f 1912/1912/1912 1913/1913/1913 1914/1914/1914
f 1913/1913/1913 1915/1915/1915 1914/1914/1914
f 1914/1914/1914 1915/1915/1915 1916/1916/1916
f 1919/1919/1919 1918/1918/1918 1917/1917/1917
f 1919/1919/1919 1920/1920/1920 1918/1918/1918
f 1920/1920/1920 1921/1921/1921 1918/1918/1918
f 1920/1920/1920 1922/1922/1922 1921/1921/1921
f 1922/1922/1922 1923/1923/1923 1921/1921/1921
f 1922/1922/1922 1924/1924/1924 1923/1923/1923
f 1924/1924/1924 1925/1925/1925 1923/1923/1923
f 1924/1924/1924 1926/1926/1926 1925/1925/1925
f 1926/1926/1926 1927/1927/1927 1925/1925/1925
f 1926/1926/1926 1928/1928/1928 1927/1927/1927
f 1928/1928/1928 1929/1929/1929 1927/1927/1927
f 1928/1928/1928 1930/1930/1930 1929/1929/1929
f 1930/1930/1930 1931/1931/1931 1929/1929/1929
f 1930/1930/1930 1932/1932/1932 1931/1931/1931
f 1932/1932/1932 1933/1933/1933 1931/1931/1931
f 1932/1932/1932 1934/1934/1934 1933/1933/1933
f 1934/1934/1934 1935/1935/1935 1933/1933/1933
f 1934/1934/1934 1936/1936/1936 1935/1935/1935
f 1936/1936/1936 1937/1937/1937 1935/1935/1935
f 1936/1936/1936 1938/1938/1938 1937/1937/1937
f 1938/1938/1938 1939/1939/1939 1937/1937/1937
f 1938/1938/1938 1940/1940/1940 1939/1939/1939
f 1940/1940/1940 1941/1941/1941 1939/1939/1939
f 1940/1940/1940 1942/1942/1942 1941/1941/1941
f 1942/1942/1942 1943/1943/1943 1941/1941/1941
f 1942/1942/1942 1944/1944/1944 1943/1943/1943
f 1944/1944/1944 1945/1945/1945 1943/1943/1943
f 1944/1944/1944 1946/1946/1946 1945/1945/1945
f 1946/1946/1946 1947/1947/1947 1945/1945/1945
f 1946/1946/1946 1948/1948/1948 1947/1947/1947
f 1948/1948/1948 1946/1946/1946 1944/1944/1944
f 1948/1948/1948 1949/1949/1949 1947/1947/1947
f 1950/1950/1950 1948/1948/1948 1944/1944/1944
f 1950/1950/1950 1944/1944/1944 1942/1942/1942
f 1951/1951/1951 1950/1950/1950 1942/1942/1942
f 1951/1951/1951 1942/1942/1942 1940/1940/1940
f 1952/1952/1952 1951/1951/1951 1940/1940/1940
f 1952/1952/1952 1940/1940/1940 1938/1938/1938
f 1953/1953/1953 1952/1952/1952 1938/1938/1938
f 1953/1953/1953 1938/1938/1938 1936/1936/1936
f 1954/1954/1954 1953/1953/1953 1936/1936/1936
f 1954/1954/1954 1936/1936/1936 1934/1934/1934
f 1955/1955/1955 1954/1954/1954 1934/1934/1934
f 1955/1955/1955 1934/1934/1934 1932/1932/1932
f 1956/1956/1956 1955/1955/1955 1932/1932/1932
f 1956/1956/1956 1932/1932/1932 1930/1930/1930
f 1957/1957/1957 1956/1956/1956 1930/1930/1930
f 1957/1957/1957 1930/1930/1930 1928/1928/1928
f 1958/1958/1958 1957/1957/1957 1928/1928/1928
f 1958/1958/1958 1928/1928/1928 1926/1926/1926
f 1959/1959/1959 1958/1958/1958 1926/1926/1926
f 1959/1959/1959 1926/1926/1926 1924/1924/1924
f 1960/1960/1960 1959/1959/1959 1924/1924/1924
f 1960/1960/1960 1924/1924/1924 1922/1922/1922
f 1961/1961/1961 1960/1960/1960 1922/1922/1922
f 1961/1961/1961 1922/1922/1922 1920/1920/1920
f 1962/1962/1962 1961/1961/1961 1920/1920/1920
f 1962/1962/1962 1920/1920/1920 1919/1919/1919
f 1963/1963/1963 1962/1962/1962 1919/1919/1919
f 1963/1963/1963 1919/1919/1919 1964/1964/1964
f 1967/1967/1967 1966/1966/1966 1965/1965/1965
f 1968/1968/1968 1966/1966/1966 1967/1967/1967
f 1969/1969/1969 1968/1968/1968 1967/1967/1967
f 1970/1970/1970 1968/1968/1968 1969/1969/1969
f 1969/1969/1969 1967/1967/1967 1971/1971/1971
f 1971/1971/1971 1967/1967/1967 1972/1972/1972
f 1973/1973/1973 1971/1971/1971 1972/1972/1972
f 1974/1974/1974 1971/1971/1971 1973/1973/1973
f 1975/1975/1975 1974/1974/1974 1973/1973/1973
f 1976/1976/1976 1974/1974/1974 1975/1975/1975
f 1977/1977/1977 1976/1976/1976 1975/1975/1975
f 1978/1978/1978 1976/1976/1976 1977/1977/1977
f 1979/1979/1979 1978/1978/1978 1977/1977/1977
f 1980/1980/1980 1978/1978/1978 1979/1979/1979
f 1981/1981/1981 1980/1980/1980 1979/1979/1979
f 1982/1982/1982 1980/1980/1980 1981/1981/1981
f 1983/1983/1983 1982/1982/1982 1981/1981/1981
f 1984/1984/1984 1982/1982/1982 1983/1983/1983
f 1985/1985/1985 1984/1984/1984 1983/1983/1983
f 1986/1986/1986 1984/1984/1984 1985/1985/1985
f 1987/1987/1987 1986/1986/1986 1985/1985/1985
f 1988/1988/1988 1986/1986/1986 1987/1987/1987
f 1989/1989/1989 1988/1988/1988 1987/1987/1987
f 1990/1990/1990 1988/1988/1988 1989/1989/1989
f 1991/1991/1991 1990/1990/1990 1989/1989/1989
f 1992/1992/1992 1990/1990/1990 1991/1991/1991
f 1993/1993/1993 1992/1992/1992 1991/1991/1991
f 1994/1994/1994 1992/1992/1992 1993/1993/1993
f 1995/1995/1995 1994/1994/1994 1993/1993/1993
f 1996/1996/1996 1994/1994/1994 1995/1995/1995
f 1997/1997/1997 1996/1996/1996 1995/1995/1995
f 1998/1998/1998 1996/1996/1996 1997/1997/1997
f 1999/1999/1999 1998/1998/1998 1997/1997/1997
f 2000/2000/2000 1998/1998/1998 1999/1999/1999
f 2001/2001/2001 2000/2000/2000 1999/1999/1999
f 2002/2002/2002 2000/2000/2000 2001/2001/2001
f 2003/2003/2003 2002/2002/2002 2001/2001/2001
f 2006/2006/2006 2005/2005/2005 2004/2004/2004
f 2004/2004/2004 2005/2005/2005 2007/2007/2007
f 2005/2005/2005 2008/2008/2008 2007/2007/2007
f 2007/2007/2007 2008/2008/2008 2009/2009/2009
f 2008/2008/2008 2010/2010/2010 2009/2009/2009
f 2009/2009/2009 2010/2010/2010 2011/2011/2011
f 2010/2010/2010 2012/2012/2012 2011/2011/2011
f 2011/2011/2011 2012/2012/2012 2013/2013/2013
f 2012/2012/2012 2014/2014/2014 2013/2013/2013
f 2013/2013/2013 2014/2014/2014 2015/2015/2015
f 2014/2014/2014 2016/2016/2016 2015/2015/2015
f 2015/2015/2015 2016/2016/2016 2017/2017/2017
f 2016/2016/2016 2018/2018/2018 2017/2017/2017
f 2017/2017/2017 2018/2018/2018 2019/2019/2019
f 2018/2018/2018 2020/2020/2020 2019/2019/2019
f 2019/2019/2019 2020/2020/2020 2021/2021/2021
f 2020/2020/2020 2022/2022/2022 2021/2021/2021
f 2021/2021/2021 2022/2022/2022 2023/2023/2023
f 2022/2022/2022 2024/2024/2024 2023/2023/2023
f 2023/2023/2023 2024/2024/2024 2025/2025/2025
f 2024/2024/2024 2026/2026/2026 2025/2025/2025
f 2025/2025/2025 2026/2026/2026 2027/2027/2027
f 2026/2026/2026 2028/2028/2028 2027/2027/2027
f 2027/2027/2027 2028/2028/2028 2029/2029/2029
f 2028/2028/2028 2030/2030/2030 2029/2029/2029
f 2029/2029/2029 2030/2030/2030 2031/2031/2031
f 2030/2030/2030 2032/2032/2032 2031/2031/2031
f 2031/2031/2031 2032/2032/2032 2033/2033/2033
f 2032/2032/2032 2034/2034/2034 2033/2033/2033
f 2033/2033/2033 2034/2034/2034 2035/2035/2035
f 2034/2034/2034 2036/2036/2036 2035/2035/2035
f 2026/2026/2026 2024/2024/2024 2037/2037/2037
f 2028/2028/2028 2026/2026/2026 2038/2038/2038
f 2038/2038/2038 2026/2026/2026 2037/2037/2037
f 2030/2030/2030 2028/2028/2028 2039/2039/2039
f 2039/2039/2039 2028/2028/2028 2038/2038/2038
f 2037/2037/2037 2024/2024/2024 2040/2040/2040
f 2024/2024/2024 2041/2041/2041 2040/2040/2040
f 2042/2042/2042 2030/2030/2030 2039/2039/2039
f 2043/2043/2043 2030/2030/2030 2042/2042/2042
f 2040/2040/2040 2041/2041/2041 2044/2044/2044
f 2041/2041/2041 2045/2045/2045 2044/2044/2044
f 2046/2046/2046 2043/2043/2043 2042/2042/2042
f 2047/2047/2047 2043/2043/2043 2046/2046/2046
f 2044/2044/2044 2045/2045/2045 2048/2048/2048
f 2045/2045/2045 2049/2049/2049 2048/2048/2048
f 2048/2048/2048 2049/2049/2049 2050/2050/2050
f 2049/2049/2049 2051/2051/2051 2050/2050/2050
f 2050/2050/2050 2051/2051/2051 2052/2052/2052
f 2051/2051/2051 2053/2053/2053 2052/2052/2052
f 2052/2052/2052 2053/2053/2053 2054/2054/2054
f 2053/2053/2053 2055/2055/2055 2054/2054/2054
f 2054/2054/2054 2055/2055/2055 2056/2056/2056
f 2055/2055/2055 1970/1970/1970 2056/2056/2056
f 2056/2056/2056 1970/1970/1970 1969/1969/1969
f 2056/2056/2056 1969/1969/1969 2057/2057/2057
f 2057/2057/2057 1969/1969/1969 1971/1971/1971
f 2058/2058/2058 2056/2056/2056 2057/2057/2057
f 2054/2054/2054 2056/2056/2056 2058/2058/2058
f 2059/2059/2059 2054/2054/2054 2058/2058/2058
f 2052/2052/2052 2054/2054/2054 2059/2059/2059
f 2060/2060/2060 2052/2052/2052 2059/2059/2059
f 2050/2050/2050 2052/2052/2052 2060/2060/2060
f 2061/2061/2061 2050/2050/2050 2060/2060/2060
f 2048/2048/2048 2050/2050/2050 2061/2061/2061
f 2062/2062/2062 2048/2048/2048 2061/2061/2061
f 2044/2044/2044 2048/2048/2048 2062/2062/2062
f 2063/2063/2063 2044/2044/2044 2062/2062/2062
f 2040/2040/2040 2044/2044/2044 2063/2063/2063
f 2064/2064/2064 2040/2040/2040 2063/2063/2063
f 2037/2037/2037 2040/2040/2040 2064/2064/2064
f 2065/2065/2065 2037/2037/2037 2064/2064/2064
f 2038/2038/2038 2037/2037/2037 2065/2065/2065
f 2066/2066/2066 2038/2038/2038 2065/2065/2065
f 2039/2039/2039 2038/2038/2038 2066/2066/2066
f 2067/2067/2067 2039/2039/2039 2066/2066/2066
f 2042/2042/2042 2039/2039/2039 2067/2067/2067
f 2068/2068/2068 2042/2042/2042 2067/2067/2067
f 2046/2046/2046 2042/2042/2042 2068/2068/2068
f 2069/2069/2069 2046/2046/2046 2068/2068/2068
f 2070/2070/2070 2046/2046/2046 2069/2069/2069
f 2071/2071/2071 2070/2070/2070 2069/2069/2069
f 2070/2070/2070 2047/2047/2047 2046/2046/2046
f 2047/2047/2047 2070/2070/2070 2071/2071/2071
f 2072/2072/2072 2047/2047/2047 2071/2071/2071
f 2075/2075/2075 2074/2074/2074 2073/2073/2073
f 2076/2076/2076 2075/2075/2075 2073/2073/2073
f 2077/2077/2077 2075/2075/2075 2076/2076/2076
f 2078/2078/2078 2077/2077/2077 2076/2076/2076
f 2079/2079/2079 2077/2077/2077 2078/2078/2078
f 2080/2080/2080 2079/2079/2079 2078/2078/2078
f 2081/2081/2081 2079/2079/2079 2080/2080/2080
f 2082/2082/2082 2081/2081/2081 2080/2080/2080
f 2083/2083/2083 2081/2081/2081 2082/2082/2082
f 2084/2084/2084 2083/2083/2083 2082/2082/2082
f 2085/2085/2085 2083/2083/2083 2084/2084/2084
f 2086/2086/2086 2085/2085/2085 2084/2084/2084
f 2087/2087/2087 2085/2085/2085 2086/2086/2086
f 2088/2088/2088 2087/2087/2087 2086/2086/2086
f 2089/2089/2089 2087/2087/2087 2088/2088/2088
f 2090/2090/2090 2089/2089/2089 2088/2088/2088
f 2091/2091/2091 2089/2089/2089 2090/2090/2090
f 2092/2092/2092 2091/2091/2091 2090/2090/2090
f 2093/2093/2093 2091/2091/2091 2092/2092/2092
f 2094/2094/2094 2093/2093/2093 2092/2092/2092
f 2095/2095/2095 2093/2093/2093 2094/2094/2094
f 2096/2096/2096 2095/2095/2095 2094/2094/2094
f 2097/2097/2097 2095/2095/2095 2096/2096/2096
f 2098/2098/2098 2097/2097/2097 2096/2096/2096
f 2099/2099/2099 2097/2097/2097 2098/2098/2098
f 2100/2100/2100 2099/2099/2099 2098/2098/2098
f 2101/2101/2101 2099/2099/2099 2100/2100/2100
f 2102/2102/2102 2101/2101/2101 2100/2100/2100
f 2103/2103/2103 2101/2101/2101 2102/2102/2102
f 2102/2102/2102 2104/2104/2104 2103/2103/2103
f 2105/2105/2105 2104/2104/2104 2102/2102/2102
f 2106/2106/2106 2105/2105/2105 2102/2102/2102
f 2107/2107/2107 2105/2105/2105 2106/2106/2106
f 2108/2108/2108 2107/2107/2107 2106/2106/2106
f 2109/2109/2109 2107/2107/2107 2108/2108/2108
f 2110/2110/2110 2109/2109/2109 2108/2108/2108
f 2111/2111/2111 2109/2109/2109 2110/2110/2110
f 2112/2112/2112 2111/2111/2111 2110/2110/2110
f 2113/2113/2113 2111/2111/2111 2112/2112/2112
f 2114/2114/2114 2113/2113/2113 2112/2112/2112
f 2115/2115/2115 2113/2113/2113 2114/2114/2114
f 2116/2116/2116 2115/2115/2115 2114/2114/2114
f 2117/2117/2117 2115/2115/2115 2116/2116/2116
f 2118/2118/2118 2117/2117/2117 2116/2116/2116
f 2119/2119/2119 2117/2117/2117 2118/2118/2118
f 2120/2120/2120 2119/2119/2119 2118/2118/2118
f 2121/2121/2121 2119/2119/2119 2120/2120/2120
f 2122/2122/2122 2121/2121/2121 2120/2120/2120
f 2123/2123/2123 2121/2121/2121 2122/2122/2122
f 2124/2124/2124 2123/2123/2123 2122/2122/2122
f 2125/2125/2125 2123/2123/2123 2124/2124/2124
f 2126/2126/2126 2125/2125/2125 2124/2124/2124
f 2127/2127/2127 2125/2125/2125 2126/2126/2126
f 2128/2128/2128 2127/2127/2127 2126/2126/2126
f 2129/2129/2129 2127/2127/2127 2128/2128/2128
f 2130/2130/2130 2129/2129/2129 2128/2128/2128
f 2131/2131/2131 2129/2129/2129 2130/2130/2130
f 2129/2129/2129 2131/2131/2131 2127/2127/2127
f 2132/2132/2132 2131/2131/2131 2130/2130/2130
f 2132/2132/2132 2133/2133/2133 2131/2131/2131
f 2133/2133/2133 2134/2134/2134 2131/2131/2131
f 2131/2131/2131 2135/2135/2135 2127/2127/2127
f 2127/2127/2127 2135/2135/2135 2125/2125/2125
f 2131/2131/2131 2134/2134/2134 2136/2136/2136
f 2135/2135/2135 2137/2137/2137 2125/2125/2125
f 2125/2125/2125 2137/2137/2137 2123/2123/2123
f 2134/2134/2134 2138/2138/2138 2136/2136/2136
f 2137/2137/2137 2139/2139/2139 2123/2123/2123
f 2136/2136/2136 2138/2138/2138 2140/2140/2140
f 2123/2123/2123 2139/2139/2139 2121/2121/2121
f 2138/2138/2138 2141/2141/2141 2140/2140/2140
f 2139/2139/2139 2142/2142/2142 2121/2121/2121
f 2140/2140/2140 2141/2141/2141 2143/2143/2143
f 2121/2121/2121 2142/2142/2142 2119/2119/2119
f 2141/2141/2141 2144/2144/2144 2143/2143/2143
f 2142/2142/2142 2145/2145/2145 2119/2119/2119
f 2143/2143/2143 2144/2144/2144 2146/2146/2146
f 2119/2119/2119 2145/2145/2145 2117/2117/2117
f 2144/2144/2144 2147/2147/2147 2146/2146/2146
f 2145/2145/2145 2148/2148/2148 2117/2117/2117
f 2146/2146/2146 2147/2147/2147 2149/2149/2149
f 2117/2117/2117 2148/2148/2148 2115/2115/2115
f 2147/2147/2147 2150/2150/2150 2149/2149/2149
f 2148/2148/2148 2151/2151/2151 2115/2115/2115
f 2149/2149/2149 2150/2150/2150 2152/2152/2152
f 2115/2115/2115 2151/2151/2151 2113/2113/2113
f 2150/2150/2150 2153/2153/2153 2152/2152/2152
f 2151/2151/2151 2154/2154/2154 2113/2113/2113
f 2152/2152/2152 2153/2153/2153 2155/2155/2155
f 2113/2113/2113 2154/2154/2154 2111/2111/2111
f 2153/2153/2153 2156/2156/2156 2155/2155/2155
f 2154/2154/2154 2157/2157/2157 2111/2111/2111
f 2155/2155/2155 2156/2156/2156 2158/2158/2158
f 2111/2111/2111 2157/2157/2157 2109/2109/2109
f 2156/2156/2156 2159/2159/2159 2158/2158/2158
f 2157/2157/2157 2160/2160/2160 2109/2109/2109
f 2158/2158/2158 2159/2159/2159 2161/2161/2161
f 2109/2109/2109 2160/2160/2160 2107/2107/2107
f 2159/2159/2159 2162/2162/2162 2161/2161/2161
f 2160/2160/2160 2163/2163/2163 2107/2107/2107
f 2161/2161/2161 2162/2162/2162 2164/2164/2164
f 2107/2107/2107 2163/2163/2163 2105/2105/2105
f 2162/2162/2162 2165/2165/2165 2164/2164/2164
f 2163/2163/2163 2166/2166/2166 2105/2105/2105
f 2164/2164/2164 2165/2165/2165 2167/2167/2167
f 2105/2105/2105 2166/2166/2166 2104/2104/2104
f 2166/2166/2166 2168/2168/2168 2104/2104/2104
f 2104/2104/2104 2168/2168/2168 2169/2169/2169
f 2165/2165/2165 2170/2170/2170 2167/2167/2167
f 2167/2167/2167 2170/2170/2170 2171/2171/2171
f 2170/2170/2170 2172/2172/2172 2171/2171/2171
f 2171/2171/2171 2172/2172/2172 2173/2173/2173
f 2172/2172/2172 2174/2174/2174 2173/2173/2173
f 2173/2173/2173 2174/2174/2174 2175/2175/2175
f 2178/2178/2178 2177/2177/2177 2176/2176/2176
f 2179/2179/2179 2178/2178/2178 2176/2176/2176
f 2179/2179/2179 2176/2176/2176 2180/2180/2180
f 2178/2178/2178 2179/2179/2179 2181/2181/2181
f 2181/2181/2181 2179/2179/2179 2180/2180/2180
f 2182/2182/2182 2178/2178/2178 2181/2181/2181
f 2181/2181/2181 2180/2180/2180 2183/2183/2183
f 2182/2182/2182 2181/2181/2181 2184/2184/2184
f 2184/2184/2184 2181/2181/2181 2183/2183/2183
f 2185/2185/2185 2182/2182/2182 2184/2184/2184
f 2184/2184/2184 2183/2183/2183 2186/2186/2186
f 2185/2185/2185 2184/2184/2184 2187/2187/2187
f 2187/2187/2187 2184/2184/2184 2186/2186/2186
f 2188/2188/2188 2185/2185/2185 2187/2187/2187
f 2187/2187/2187 2186/2186/2186 2189/2189/2189
f 2188/2188/2188 2187/2187/2187 2190/2190/2190
f 2190/2190/2190 2187/2187/2187 2189/2189/2189
f 2191/2191/2191 2188/2188/2188 2190/2190/2190
f 2190/2190/2190 2189/2189/2189 2192/2192/2192
f 2191/2191/2191 2190/2190/2190 2193/2193/2193
f 2193/2193/2193 2190/2190/2190 2192/2192/2192
f 2194/2194/2194 2191/2191/2191 2193/2193/2193
f 2193/2193/2193 2192/2192/2192 2195/2195/2195
f 2194/2194/2194 2193/2193/2193 2196/2196/2196
f 2196/2196/2196 2193/2193/2193 2195/2195/2195
f 2197/2197/2197 2194/2194/2194 2196/2196/2196
f 2196/2196/2196 2195/2195/2195 2198/2198/2198
f 2197/2197/2197 2196/2196/2196 2199/2199/2199
f 2199/2199/2199 2196/2196/2196 2198/2198/2198
f 2200/2200/2200 2197/2197/2197 2199/2199/2199
f 2199/2199/2199 2198/2198/2198 2201/2201/2201
f 2200/2200/2200 2199/2199/2199 2202/2202/2202
f 2202/2202/2202 2199/2199/2199 2201/2201/2201
f 2203/2203/2203 2200/2200/2200 2202/2202/2202
f 2202/2202/2202 2201/2201/2201 2204/2204/2204
f 2203/2203/2203 2202/2202/2202 2205/2205/2205
f 2205/2205/2205 2202/2202/2202 2204/2204/2204
f 2206/2206/2206 2203/2203/2203 2205/2205/2205
f 2205/2205/2205 2204/2204/2204 2207/2207/2207
f 2206/2206/2206 2205/2205/2205 2208/2208/2208
f 2208/2208/2208 2205/2205/2205 2207/2207/2207
f 2209/2209/2209 2206/2206/2206 2208/2208/2208
f 2208/2208/2208 2207/2207/2207 2210/2210/2210
f 2209/2209/2209 2208/2208/2208 2211/2211/2211
f 2211/2211/2211 2208/2208/2208 2210/2210/2210
f 2212/2212/2212 2209/2209/2209 2211/2211/2211
f 2211/2211/2211 2210/2210/2210 2213/2213/2213
f 2212/2212/2212 2211/2211/2211 2214/2214/2214
f 2214/2214/2214 2211/2211/2211 2213/2213/2213
f 2215/2215/2215 2212/2212/2212 2214/2214/2214
f 2214/2214/2214 2213/2213/2213 2216/2216/2216
f 2215/2215/2215 2214/2214/2214 2217/2217/2217
f 2217/2217/2217 2214/2214/2214 2216/2216/2216
f 2217/2217/2217 2216/2216/2216 2218/2218/2218
f 2219/2219/2219 2215/2215/2215 2217/2217/2217
f 2219/2219/2219 2217/2217/2217 2220/2220/2220
f 2223/2223/2223 2222/2222/2222 2221/2221/2221
f 2223/2223/2223 2224/2224/2224 2222/2222/2222
f 2224/2224/2224 2225/2225/2225 2222/2222/2222
f 2224/2224/2224 2226/2226/2226 2225/2225/2225
f 2222/2222/2222 2225/2225/2225 2227/2227/2227
f 2222/2222/2222 2227/2227/2227 2228/2228/2228
f 2225/2225/2225 2229/2229/2229 2227/2227/2227
f 2226/2226/2226 2230/2230/2230 2225/2225/2225
f 2225/2225/2225 2230/2230/2230 2229/2229/2229
f 2226/2226/2226 2231/2231/2231 2230/2230/2230
f 2230/2230/2230 2232/2232/2232 2229/2229/2229
f 2231/2231/2231 2233/2233/2233 2230/2230/2230
f 2230/2230/2230 2233/2233/2233 2232/2232/2232
f 2231/2231/2231 2234/2234/2234 2233/2233/2233
f 2233/2233/2233 2235/2235/2235 2232/2232/2232
f 2234/2234/2234 2236/2236/2236 2233/2233/2233
f 2233/2233/2233 2236/2236/2236 2235/2235/2235
f 2234/2234/2234 2237/2237/2237 2236/2236/2236
f 2236/2236/2236 2238/2238/2238 2235/2235/2235
f 2237/2237/2237 2239/2239/2239 2236/2236/2236
f 2236/2236/2236 2239/2239/2239 2238/2238/2238
f 2237/2237/2237 2240/2240/2240 2239/2239/2239
f 2239/2239/2239 2241/2241/2241 2238/2238/2238
f 2240/2240/2240 2242/2242/2242 2239/2239/2239
f 2239/2239/2239 2242/2242/2242 2241/2241/2241
f 2240/2240/2240 2243/2243/2243 2242/2242/2242
f 2242/2242/2242 2244/2244/2244 2241/2241/2241
f 2243/2243/2243 2245/2245/2245 2242/2242/2242
f 2242/2242/2242 2245/2245/2245 2244/2244/2244
f 2243/2243/2243 2246/2246/2246 2245/2245/2245
f 2245/2245/2245 2247/2247/2247 2244/2244/2244
f 2246/2246/2246 2248/2248/2248 2245/2245/2245
f 2245/2245/2245 2248/2248/2248 2247/2247/2247
f 2246/2246/2246 2249/2249/2249 2248/2248/2248
f 2248/2248/2248 2250/2250/2250 2247/2247/2247
f 2249/2249/2249 2251/2251/2251 2248/2248/2248
f 2248/2248/2248 2251/2251/2251 2250/2250/2250
f 2249/2249/2249 2252/2252/2252 2251/2251/2251
f 2251/2251/2251 2253/2253/2253 2250/2250/2250
f 2252/2252/2252 2254/2254/2254 2251/2251/2251
f 2251/2251/2251 2254/2254/2254 2253/2253/2253
f 2252/2252/2252 2255/2255/2255 2254/2254/2254
f 2254/2254/2254 2256/2256/2256 2253/2253/2253
f 2255/2255/2255 2257/2257/2257 2254/2254/2254
f 2254/2254/2254 2257/2257/2257 2256/2256/2256
f 2255/2255/2255 2258/2258/2258 2257/2257/2257
f 2257/2257/2257 2259/2259/2259 2256/2256/2256
f 2258/2258/2258 2260/2260/2260 2257/2257/2257
f 2257/2257/2257 2260/2260/2260 2259/2259/2259
f 2258/2258/2258 2261/2261/2261 2260/2260/2260
f 2260/2260/2260 2262/2262/2262 2259/2259/2259
f 2261/2261/2261 2263/2263/2263 2260/2260/2260
f 2260/2260/2260 2263/2263/2263 2262/2262/2262
f 2263/2263/2263 2264/2264/2264 2262/2262/2262
f 2261/2261/2261 2265/2265/2265 2263/2263/2263
f 2263/2263/2263 2266/2266/2266 2264/2264/2264
f 2265/2265/2265 2266/2266/2266 2263/2263/2263
f 2266/2266/2266 2267/2267/2267 2264/2264/2264
f 2266/2266/2266 2265/2265/2265 2267/2267/2267
f 2265/2265/2265 2268/2268/2268 2267/2267/2267
f 2271/2271/2271 2270/2270/2270 2269/2269/2269
f 2272/2272/2272 2271/2271/2271 2269/2269/2269
f 2273/2273/2273 2271/2271/2271 2272/2272/2272
f 2274/2274/2274 2273/2273/2273 2272/2272/2272
f 2275/2275/2275 2273/2273/2273 2274/2274/2274
f 2276/2276/2276 2275/2275/2275 2274/2274/2274
f 2277/2277/2277 2275/2275/2275 2276/2276/2276
f 2278/2278/2278 2277/2277/2277 2276/2276/2276
f 2279/2279/2279 2277/2277/2277 2278/2278/2278
f 2280/2280/2280 2279/2279/2279 2278/2278/2278
f 2281/2281/2281 2279/2279/2279 2280/2280/2280
f 2282/2282/2282 2281/2281/2281 2280/2280/2280
f 2283/2283/2283 2281/2281/2281 2282/2282/2282
f 2284/2284/2284 2283/2283/2283 2282/2282/2282
f 2285/2285/2285 2283/2283/2283 2284/2284/2284
f 2286/2286/2286 2285/2285/2285 2284/2284/2284
f 2287/2287/2287 2285/2285/2285 2286/2286/2286
f 2288/2288/2288 2287/2287/2287 2286/2286/2286
f 2289/2289/2289 2287/2287/2287 2288/2288/2288
f 2290/2290/2290 2289/2289/2289 2288/2288/2288
f 2291/2291/2291 2289/2289/2289 2290/2290/2290
f 2292/2292/2292 2291/2291/2291 2290/2290/2290
f 2293/2293/2293 2291/2291/2291 2292/2292/2292
f 2294/2294/2294 2293/2293/2293 2292/2292/2292
f 2295/2295/2295 2293/2293/2293 2294/2294/2294
f 2296/2296/2296 2295/2295/2295 2294/2294/2294
f 2297/2297/2297 2295/2295/2295 2296/2296/2296
f 2298/2298/2298 2297/2297/2297 2296/2296/2296
f 2299/2299/2299 2297/2297/2297 2298/2298/2298
f 2300/2300/2300 2299/2299/2299 2298/2298/2298
f 2301/2301/2301 2299/2299/2299 2300/2300/2300
f 2304/2304/2304 2303/2303/2303 2302/2302/2302
f 2303/2303/2303 2305/2305/2305 2302/2302/2302
f 2302/2302/2302 2305/2305/2305 2306/2306/2306
f 2305/2305/2305 2303/2303/2303 2307/2307/2307
f 2305/2305/2305 2307/2307/2307 2306/2306/2306
f 2303/2303/2303 2308/2308/2308 2307/2307/2307
f 2306/2306/2306 2307/2307/2307 2309/2309/2309
f 2307/2307/2307 2308/2308/2308 2310/2310/2310
f 2307/2307/2307 2310/2310/2310 2309/2309/2309
f 2308/2308/2308 2311/2311/2311 2310/2310/2310
f 2309/2309/2309 2310/2310/2310 2312/2312/2312
f 2310/2310/2310 2311/2311/2311 2313/2313/2313
f 2310/2310/2310 2313/2313/2313 2312/2312/2312
f 2311/2311/2311 2314/2314/2314 2313/2313/2313
f 2312/2312/2312 2313/2313/2313 2315/2315/2315
f 2313/2313/2313 2314/2314/2314 2316/2316/2316
f 2313/2313/2313 2316/2316/2316 2315/2315/2315
f 2314/2314/2314 2317/2317/2317 2316/2316/2316
f 2315/2315/2315 2316/2316/2316 2318/2318/2318
f 2316/2316/2316 2317/2317/2317 2319/2319/2319
f 2316/2316/2316 2319/2319/2319 2318/2318/2318
f 2317/2317/2317 2320/2320/2320 2319/2319/2319
f 2318/2318/2318 2319/2319/2319 2321/2321/2321
f 2319/2319/2319 2320/2320/2320 2322/2322/2322
f 2319/2319/2319 2322/2322/2322 2321/2321/2321
f 2320/2320/2320 2323/2323/2323 2322/2322/2322
f 2321/2321/2321 2322/2322/2322 2324/2324/2324
f 2322/2322/2322 2323/2323/2323 2325/2325/2325
f 2322/2322/2322 2325/2325/2325 2324/2324/2324
f 2323/2323/2323 2326/2326/2326 2325/2325/2325
f 2324/2324/2324 2325/2325/2325 2327/2327/2327
f 2325/2325/2325 2326/2326/2326 2328/2328/2328
f 2325/2325/2325 2328/2328/2328 2327/2327/2327
f 2326/2326/2326 2329/2329/2329 2328/2328/2328
f 2327/2327/2327 2328/2328/2328 2330/2330/2330
f 2328/2328/2328 2329/2329/2329 2331/2331/2331
f 2328/2328/2328 2331/2331/2331 2330/2330/2330
f 2329/2329/2329 2332/2332/2332 2331/2331/2331
f 2330/2330/2330 2331/2331/2331 2333/2333/2333
f 2331/2331/2331 2332/2332/2332 2334/2334/2334
f 2331/2331/2331 2334/2334/2334 2333/2333/2333
f 2332/2332/2332 2335/2335/2335 2334/2334/2334
f 2333/2333/2333 2334/2334/2334 2336/2336/2336
f 2334/2334/2334 2335/2335/2335 2337/2337/2337
f 2334/2334/2334 2337/2337/2337 2336/2336/2336
f 2335/2335/2335 2338/2338/2338 2337/2337/2337
f 2336/2336/2336 2337/2337/2337 2339/2339/2339
f 2337/2337/2337 2338/2338/2338 2340/2340/2340
f 2337/2337/2337 2340/2340/2340 2339/2339/2339
f 2338/2338/2338 2341/2341/2341 2340/2340/2340
f 2339/2339/2339 2340/2340/2340 2342/2342/2342
f 2340/2340/2340 2341/2341/2341 2343/2343/2343
f 2340/2340/2340 2343/2343/2343 2342/2342/2342
f 2341/2341/2341 2344/2344/2344 2343/2343/2343
f 2342/2342/2342 2343/2343/2343 2345/2345/2345
f 2343/2343/2343 2344/2344/2344 2346/2346/2346
f 2343/2343/2343 2346/2346/2346 2345/2345/2345
f 2345/2345/2345 2346/2346/2346 2347/2347/2347
f 2344/2344/2344 2348/2348/2348 2346/2346/2346
f 2346/2346/2346 2348/2348/2348 2349/2349/2349
f 2352/2352/2352 2351/2351/2351 2350/2350/2350
f 2351/2351/2351 2353/2353/2353 2350/2350/2350
f 2350/2350/2350 2353/2353/2353 2354/2354/2354
f 2353/2353/2353 2355/2355/2355 2354/2354/2354
f 2354/2354/2354 2355/2355/2355 2356/2356/2356
f 2355/2355/2355 2357/2357/2357 2356/2356/2356
f 2356/2356/2356 2357/2357/2357 2358/2358/2358
f 2357/2357/2357 2359/2359/2359 2358/2358/2358
f 2358/2358/2358 2359/2359/2359 2360/2360/2360
f 2359/2359/2359 2361/2361/2361 2360/2360/2360
f 2360/2360/2360 2361/2361/2361 2362/2362/2362
f 2361/2361/2361 2363/2363/2363 2362/2362/2362
f 2362/2362/2362 2363/2363/2363 2364/2364/2364
f 2363/2363/2363 2365/2365/2365 2364/2364/2364
f 2364/2364/2364 2365/2365/2365 2366/2366/2366
f 2365/2365/2365 2367/2367/2367 2366/2366/2366
f 2366/2366/2366 2367/2367/2367 2368/2368/2368
f 2367/2367/2367 2369/2369/2369 2368/2368/2368
f 2368/2368/2368 2369/2369/2369 2370/2370/2370
f 2369/2369/2369 2371/2371/2371 2370/2370/2370
f 2370/2370/2370 2371/2371/2371 2372/2372/2372
f 2371/2371/2371 2373/2373/2373 2372/2372/2372
f 2372/2372/2372 2373/2373/2373 2374/2374/2374
f 2373/2373/2373 2375/2375/2375 2374/2374/2374
f 2374/2374/2374 2375/2375/2375 2376/2376/2376
f 2375/2375/2375 2377/2377/2377 2376/2376/2376
f 2376/2376/2376 2377/2377/2377 2378/2378/2378
f 2377/2377/2377 2379/2379/2379 2378/2378/2378
f 2378/2378/2378 2379/2379/2379 2380/2380/2380
f 2379/2379/2379 2381/2381/2381 2380/2380/2380
f 2380/2380/2380 2381/2381/2381 2382/2382/2382
f 2385/2385/2385 2384/2384/2384 2383/2383/2383
f 2386/2386/2386 2384/2384/2384 2385/2385/2385
f 2387/2387/2387 2386/2386/2386 2385/2385/2385
f 2388/2388/2388 2386/2386/2386 2387/2387/2387
f 2387/2387/2387 2385/2385/2385 2389/2389/2389
f 2389/2389/2389 2385/2385/2385 2390/2390/2390
f 2390/2390/2390 2391/2391/2391 2389/2389/2389
f 2389/2389/2389 2391/2391/2391 2392/2392/2392
f 2391/2391/2391 2393/2393/2393 2392/2392/2392
f 2392/2392/2392 2393/2393/2393 2394/2394/2394
f 2393/2393/2393 2395/2395/2395 2394/2394/2394
f 2394/2394/2394 2395/2395/2395 2396/2396/2396
f 2395/2395/2395 2397/2397/2397 2396/2396/2396
f 2396/2396/2396 2397/2397/2397 2398/2398/2398
f 2397/2397/2397 2399/2399/2399 2398/2398/2398
f 2398/2398/2398 2399/2399/2399 2400/2400/2400
f 2399/2399/2399 2401/2401/2401 2400/2400/2400
f 2400/2400/2400 2401/2401/2401 2402/2402/2402
f 2401/2401/2401 2403/2403/2403 2402/2402/2402
f 2402/2402/2402 2403/2403/2403 2404/2404/2404
f 2403/2403/2403 2405/2405/2405 2404/2404/2404
f 2404/2404/2404 2405/2405/2405 2406/2406/2406
f 2405/2405/2405 2407/2407/2407 2406/2406/2406
f 2406/2406/2406 2407/2407/2407 2408/2408/2408
f 2407/2407/2407 2409/2409/2409 2408/2408/2408
f 2408/2408/2408 2409/2409/2409 2410/2410/2410
f 2409/2409/2409 2411/2411/2411 2410/2410/2410
f 2410/2410/2410 2411/2411/2411 2412/2412/2412
f 2411/2411/2411 2413/2413/2413 2412/2412/2412
f 2412/2412/2412 2413/2413/2413 2414/2414/2414
f 2413/2413/2413 2415/2415/2415 2414/2414/2414
f 2414/2414/2414 2415/2415/2415 2416/2416/2416
f 2415/2415/2415 2417/2417/2417 2416/2416/2416
f 2416/2416/2416 2417/2417/2417 2418/2418/2418
f 2417/2417/2417 2419/2419/2419 2418/2418/2418
f 2422/2422/2422 2421/2421/2421 2420/2420/2420
f 2421/2421/2421 2423/2423/2423 2420/2420/2420
f 2420/2420/2420 2423/2423/2423 2424/2424/2424
f 2423/2423/2423 2421/2421/2421 2425/2425/2425
f 2423/2423/2423 2425/2425/2425 2424/2424/2424
f 2421/2421/2421 2426/2426/2426 2425/2425/2425
f 2424/2424/2424 2425/2425/2425 2427/2427/2427
f 2425/2425/2425 2426/2426/2426 2428/2428/2428
f 2425/2425/2425 2428/2428/2428 2427/2427/2427
f 2426/2426/2426 2429/2429/2429 2428/2428/2428
f 2427/2427/2427 2428/2428/2428 2430/2430/2430
f 2428/2428/2428 2429/2429/2429 2431/2431/2431
f 2428/2428/2428 2431/2431/2431 2430/2430/2430
f 2429/2429/2429 2432/2432/2432 2431/2431/2431
f 2430/2430/2430 2431/2431/2431 2433/2433/2433
f 2431/2431/2431 2432/2432/2432 2434/2434/2434
f 2431/2431/2431 2434/2434/2434 2433/2433/2433
f 2432/2432/2432 2435/2435/2435 2434/2434/2434
f 2433/2433/2433 2434/2434/2434 2436/2436/2436
f 2434/2434/2434 2435/2435/2435 2437/2437/2437
f 2434/2434/2434 2437/2437/2437 2436/2436/2436
f 2435/2435/2435 2438/2438/2438 2437/2437/2437
f 2436/2436/2436 2437/2437/2437 2439/2439/2439
f 2437/2437/2437 2438/2438/2438 2440/2440/2440
f 2437/2437/2437 2440/2440/2440 2439/2439/2439
f 2438/2438/2438 2441/2441/2441 2440/2440/2440
f 2439/2439/2439 2440/2440/2440 2442/2442/2442
f 2440/2440/2440 2441/2441/2441 2443/2443/2443
f 2440/2440/2440 2443/2443/2443 2442/2442/2442
f 2441/2441/2441 2444/2444/2444 2443/2443/2443
f 2442/2442/2442 2443/2443/2443 2445/2445/2445
f 2443/2443/2443 2444/2444/2444 2446/2446/2446
f 2443/2443/2443 2446/2446/2446 2445/2445/2445
f 2444/2444/2444 2447/2447/2447 2446/2446/2446
f 2445/2445/2445 2446/2446/2446 2448/2448/2448
f 2446/2446/2446 2447/2447/2447 2449/2449/2449
f 2446/2446/2446 2449/2449/2449 2448/2448/2448
f 2447/2447/2447 2450/2450/2450 2449/2449/2449
f 2448/2448/2448 2449/2449/2449 2451/2451/2451
f 2449/2449/2449 2450/2450/2450 2452/2452/2452
f 2449/2449/2449 2452/2452/2452 2451/2451/2451
f 2451/2451/2451 2452/2452/2452 2453/2453/2453
f 2450/2450/2450 2454/2454/2454 2452/2452/2452
f 2452/2452/2452 2455/2455/2455 2453/2453/2453
f 2452/2452/2452 2454/2454/2454 2455/2455/2455
f 2453/2453/2453 2455/2455/2455 2456/2456/2456
f 2455/2455/2455 2387/2387/2387 2456/2456/2456
f 2456/2456/2456 2387/2387/2387 2389/2389/2389
f 2455/2455/2455 2388/2388/2388 2387/2387/2387
f 2454/2454/2454 2388/2388/2388 2455/2455/2455
f 2454/2454/2454 2457/2457/2457 2388/2388/2388
f 2457/2457/2457 2458/2458/2458 2388/2388/2388
f 2459/2459/2459 2457/2457/2457 2454/2454/2454
f 2388/2388/2388 2458/2458/2458 2460/2460/2460
f 2461/2461/2461 2459/2459/2459 2454/2454/2454
f 2458/2458/2458 2462/2462/2462 2460/2460/2460
f 2463/2463/2463 2459/2459/2459 2461/2461/2461
f 2460/2460/2460 2462/2462/2462 2384/2384/2384
f 2462/2462/2462 2464/2464/2464 2384/2384/2384
f 2384/2384/2384 2464/2464/2464 2465/2465/2465
f 2466/2466/2466 2463/2463/2463 2461/2461/2461
f 2467/2467/2467 2463/2463/2463 2466/2466/2466
f 2468/2468/2468 2467/2467/2467 2466/2466/2466
f 2469/2469/2469 2467/2467/2467 2468/2468/2468
f 2470/2470/2470 2469/2469/2469 2468/2468/2468
f 2471/2471/2471 2469/2469/2469 2470/2470/2470
f 2472/2472/2472 2471/2471/2471 2470/2470/2470
f 2473/2473/2473 2471/2471/2471 2472/2472/2472
f 2474/2474/2474 2473/2473/2473 2472/2472/2472
f 2475/2475/2475 2473/2473/2473 2474/2474/2474
f 2476/2476/2476 2475/2475/2475 2474/2474/2474
f 2477/2477/2477 2475/2475/2475 2476/2476/2476
f 2478/2478/2478 2477/2477/2477 2476/2476/2476
f 2479/2479/2479 2477/2477/2477 2478/2478/2478
f 2480/2480/2480 2479/2479/2479 2478/2478/2478
f 2481/2481/2481 2479/2479/2479 2480/2480/2480
f 2482/2482/2482 2481/2481/2481 2480/2480/2480
f 2483/2483/2483 2481/2481/2481 2482/2482/2482
f 2484/2484/2484 2483/2483/2483 2482/2482/2482
f 2487/2487/2487 2486/2486/2486 2485/2485/2485
f 2488/2488/2488 2487/2487/2487 2485/2485/2485
f 2488/2488/2488 2485/2485/2485 2489/2489/2489
f 2487/2487/2487 2488/2488/2488 2490/2490/2490
f 2490/2490/2490 2488/2488/2488 2489/2489/2489
f 2491/2491/2491 2487/2487/2487 2490/2490/2490
f 2490/2490/2490 2489/2489/2489 2492/2492/2492
f 2491/2491/2491 2490/2490/2490 2493/2493/2493
f 2493/2493/2493 2490/2490/2490 2492/2492/2492
f 2494/2494/2494 2491/2491/2491 2493/2493/2493
f 2493/2493/2493 2492/2492/2492 2495/2495/2495
f 2494/2494/2494 2493/2493/2493 2496/2496/2496
f 2496/2496/2496 2493/2493/2493 2495/2495/2495
f 2497/2497/2497 2494/2494/2494 2496/2496/2496
f 2496/2496/2496 2495/2495/2495 2498/2498/2498
f 2497/2497/2497 2496/2496/2496 2499/2499/2499
f 2499/2499/2499 2496/2496/2496 2498/2498/2498
f 2500/2500/2500 2497/2497/2497 2499/2499/2499
f 2499/2499/2499 2498/2498/2498 2501/2501/2501
f 2500/2500/2500 2499/2499/2499 2502/2502/2502
f 2502/2502/2502 2499/2499/2499 2501/2501/2501
f 2503/2503/2503 2500/2500/2500 2502/2502/2502
f 2502/2502/2502 2501/2501/2501 2504/2504/2504
f 2503/2503/2503 2502/2502/2502 2505/2505/2505
f 2505/2505/2505 2502/2502/2502 2504/2504/2504
f 2506/2506/2506 2503/2503/2503 2505/2505/2505
f 2505/2505/2505 2504/2504/2504 2507/2507/2507
f 2506/2506/2506 2505/2505/2505 2508/2508/2508
f 2508/2508/2508 2505/2505/2505 2507/2507/2507
f 2509/2509/2509 2506/2506/2506 2508/2508/2508
f 2508/2508/2508 2507/2507/2507 2510/2510/2510
f 2509/2509/2509 2508/2508/2508 2511/2511/2511
f 2511/2511/2511 2508/2508/2508 2510/2510/2510
f 2512/2512/2512 2509/2509/2509 2511/2511/2511
f 2511/2511/2511 2510/2510/2510 2513/2513/2513
f 2512/2512/2512 2511/2511/2511 2514/2514/2514
f 2514/2514/2514 2511/2511/2511 2513/2513/2513
f 2515/2515/2515 2512/2512/2512 2514/2514/2514
f 2514/2514/2514 2513/2513/2513 2516/2516/2516
f 2515/2515/2515 2514/2514/2514 2517/2517/2517
f 2517/2517/2517 2514/2514/2514 2516/2516/2516
f 2518/2518/2518 2515/2515/2515 2517/2517/2517
f 2517/2517/2517 2516/2516/2516 2519/2519/2519
f 2518/2518/2518 2517/2517/2517 2520/2520/2520
f 2520/2520/2520 2517/2517/2517 2519/2519/2519
f 2521/2521/2521 2518/2518/2518 2520/2520/2520
f 2520/2520/2520 2519/2519/2519 2522/2522/2522
f 2521/2521/2521 2520/2520/2520 2523/2523/2523
f 2523/2523/2523 2520/2520/2520 2522/2522/2522
f 2524/2524/2524 2521/2521/2521 2523/2523/2523
f 2523/2523/2523 2522/2522/2522 2525/2525/2525
f 2524/2524/2524 2523/2523/2523 2526/2526/2526
f 2526/2526/2526 2523/2523/2523 2525/2525/2525
f 2526/2526/2526 2525/2525/2525 2527/2527/2527
f 2528/2528/2528 2524/2524/2524 2526/2526/2526
f 2528/2528/2528 2526/2526/2526 2529/2529/2529

