mtllib material.mtl
usemtl material_0
v 0.11410870 -0.12711770 -0.00059296
v 0.15913940 -0.12254410 -0.00056732
v 0.15914050 -0.11832980 -0.03433716
v 0.11411770 -0.12274950 -0.03562241
v 0.04884674 -0.12661570 -0.03675979
v 0.04883774 -0.13111750 -0.00062515
v -0.00011703 -0.13110580 -0.00064026
v 0.11412640 -0.10989450 -0.06820922
v 0.15914150 -0.10593370 -0.06575073
v 0.15914220 -0.08639003 -0.09275863
v -0.00010742 -0.12660460 -0.03677673
v -0.04907059 -0.13109350 -0.00065552
v 0.04885559 -0.11336040 -0.07037430
v 0.11413440 -0.08962621 -0.09622940
v 0.15914240 -0.06086754 -0.11338200
v -0.00009872 -0.11335060 -0.07039032
v 0.04886490 -0.09245880 -0.09928253
v 0.11414110 -0.06315592 -0.11762530
v 0.15914180 -0.03122822 -0.12638700
v 0.04887314 -0.06515981 -0.12135650
v -0.00008865 -0.09244953 -0.09930008
v -0.04905289 -0.11333610 -0.07040481
v 0.11414110 -0.03241304 -0.13112030
v 0.15914110 0.00058479 -0.13068820
v 0.04887711 -0.03344769 -0.13527220
v -0.00007965 -0.06515169 -0.12137330
v 0.11414110 0.00058531 -0.13558430
v 0.15914030 0.03237501 -0.12620990
v 0.04888153 0.00059124 -0.13987240
v 0.11413560 0.03355610 -0.13092030
v 0.15913940 0.06195154 -0.11303970
v -0.04906219 -0.12659080 -0.03679276
v -0.11433870 -0.12269020 -0.03569580
v -0.11434780 -0.12706090 -0.00066315
v -0.15945970 -0.12240190 -0.00066177
v -0.15945770 -0.11818480 -0.03441467
v -0.15945530 -0.10579570 -0.06580673
v -0.11432920 -0.10983680 -0.06827804
v -0.11431700 -0.08956537 -0.09629867
v -0.15945220 -0.08625860 -0.09279983
v -0.04904221 -0.09243225 -0.09931244
v -0.11430370 -0.06309625 -0.11769000
v -0.15945050 -0.06075187 -0.11340500
v -0.04903076 -0.06513275 -0.12138400
v -0.11428650 -0.03235091 -0.13118590
v -0.15944580 -0.03112726 -0.12640080
v -0.00007050 -0.03343846 -0.13528810
v -0.11427000 0.00064556 -0.13564570
v -0.15944170 0.00066408 -0.13069320
v -0.04901733 -0.03341960 -0.13530320
v -0.00006134 0.00060097 -0.13988630
v -0.11425230 0.03361919 -0.13099090
v -0.15943650 0.03243599 -0.12621740
v -0.04900391 0.00061845 -0.13990250
v 0.04888367 0.03460197 -0.13505400
v -0.11423480 0.06429332 -0.11731250
v -0.15943110 0.06199004 -0.11304860
v -0.00005585 0.03461208 -0.13506840
v -0.04899399 0.03462968 -0.13508570
v 0.04888596 0.06624544 -0.12093380
v -0.11425060 0.09067209 -0.09572098
v -0.15943470 0.08741367 -0.09225998
v -0.00004929 0.06625523 -0.12094650
v -0.04898468 0.06627170 -0.12096450
v 0.11412870 0.06423179 -0.11724110
v 0.15913540 0.08738001 -0.09222259
v -0.11426640 0.11081590 -0.06754257
v -0.15943820 0.10682710 -0.06512222
v 0.04886322 0.09345490 -0.09866546
v 0.11410340 0.09060953 -0.09565002
v 0.15913210 0.10680060 -0.06505813
v -0.00007050 0.09346527 -0.09868072
v -0.04900330 0.09348261 -0.09869812
v -0.11424240 0.12351750 -0.03483429
v -0.15943220 0.11906560 -0.03361038
v -0.15942630 0.12311060 0.00020615
v 0.11407940 0.11075670 -0.06747390
v 0.15913680 0.11905590 -0.03352463
v 0.04884018 0.11423740 -0.06960540
v -0.00009109 0.11424770 -0.06962051
v -0.04902267 0.11426470 -0.06963836
v 0.04886642 0.12733110 -0.03586731
v 0.11410550 0.12345520 -0.03476455
v -0.00006577 0.12734080 -0.03588241
v -0.04899734 0.12735870 -0.03589905
v 0.11413300 0.12765730 0.00032852
v 0.15914290 0.12311840 0.00030609
v 0.15914020 0.11887160 0.03407593
v 0.04889175 0.13166110 0.00033127
v -0.11421750 0.12771850 0.00026108
v -0.04897339 0.13168710 0.00030182
v -0.00003998 0.13166960 0.00031769
v -0.11424960 0.12333810 0.03529327
v -0.15943450 0.11887260 0.03395599
v -0.15944310 0.10645440 0.06534973
v 0.04887604 0.12715450 0.03647720
v 0.11412380 0.12328020 0.03536499
v -0.00006027 0.12716250 0.03646255
v -0.04899612 0.12717940 0.03644577
v -0.11428070 0.11046940 0.06787613
v 0.11411530 0.11041880 0.06794708
v 0.15913740 0.10644470 0.06548157
v 0.15913640 0.08688304 0.09247650
v 0.04885956 0.11389630 0.07009277
v -0.04902038 0.11391840 0.07006073
v -0.11430240 0.09017778 0.09587265
v -0.15944900 0.08690665 0.09232574
v -0.15945330 0.06138372 0.11291930
v -0.00007965 0.11390330 0.07007767
v 0.04885178 0.09296592 0.09897675
v 0.11411220 0.09012440 0.09594696
v -0.00009216 0.09297562 0.09896408
v -0.04903686 0.09298967 0.09894440
v -0.11432250 0.06368520 0.11724330
v 0.11410830 0.06363270 0.11731430
v 0.15913540 0.06134783 0.11307780
v 0.15913470 0.03169972 0.12605760
v 0.04884475 0.06564236 0.12101930
v -0.04905304 0.06566614 0.12098940
v -0.11433530 0.03293229 0.13070100
v -0.15945720 0.03175508 0.12589070
v -0.00010376 0.06565414 0.12101120
v 0.11410430 0.03287749 0.13077450
v 0.15913410 -0.00011549 0.13032940
v 0.04883819 0.03391711 0.13489880
v -0.11434810 -0.00007273 0.13512830
v -0.15946060 -0.00004442 0.13016590
v -0.00011291 0.03392893 0.13488650
v -0.04906326 0.03394173 0.13486650
v 0.11410030 -0.00012611 0.13520020
v 0.15913450 -0.03189949 0.12582110
v 0.04883102 -0.00012813 0.13945850
v -0.11435420 -0.03303871 0.13044430
v -0.15946200 -0.03180900 0.12565670
v -0.00012100 -0.00011711 0.13944380
v -0.04907318 -0.00010436 0.13942730
v 0.11409840 -0.03309456 0.13051880
v 0.15913480 -0.06146349 0.11262070
v 0.04882889 -0.03413361 0.13462490
v -0.11435940 -0.06370611 0.11674900
v -0.15946330 -0.06135981 0.11246780
v -0.00012512 -0.03412206 0.13460980
v -0.04907837 -0.03410901 0.13459170
v 0.11409470 -0.06376056 0.11682070
v 0.15913560 -0.08687142 0.09184051
v 0.04882492 -0.06576492 0.12049000
v -0.11435880 -0.09005747 0.09518814
v -0.15946300 -0.08675085 0.09169464
v -0.15946260 -0.10613830 0.06458175
v -0.00012955 -0.06575370 0.12047500
v -0.04908371 -0.06574123 0.12045910
v 0.04882599 -0.09294739 0.09825134
v 0.11409620 -0.09011461 0.09526275
v -0.00012878 -0.09293535 0.09823578
v -0.04908310 -0.09292269 0.09821945
v -0.11435850 -0.11017710 0.06704971
v 0.11409760 -0.11023300 0.06712097
v 0.15913670 -0.10626730 0.06471237
v 0.15913800 -0.11850270 0.03322555
v 0.04882690 -0.11369880 0.06922180
v -0.04908234 -0.11367480 0.06919006
v -0.11435350 -0.12286650 0.03438675
v -0.15946120 -0.11836210 0.03310867
v -0.15945970 -0.12240190 -0.00066177
v -0.11434780 -0.12706090 -0.00066315
v -0.00012772 -0.11368660 0.06920624
v -0.04907623 -0.12676610 0.03549820
v -0.04907059 -0.13109350 -0.00065552
v -0.00012238 -0.12677860 0.03551453
v -0.00011703 -0.13110580 -0.00064026
v 0.04883148 -0.12679090 0.03553101
v 0.04883774 -0.13111750 -0.00062515
v 0.11410250 -0.12292490 0.03445908
v 0.11410870 -0.12711770 -0.00059296
v 0.15913940 -0.12254410 -0.00056732
v -0.21218200 -0.11259940 -0.00063950
v -0.16765030 -0.12139220 -0.00066025
v -0.16764880 -0.11720880 -0.03413681
v -0.21217350 -0.10871600 -0.03170090
v -0.23977140 -0.10601500 -0.00063202
v -0.23976290 -0.10236310 -0.02989044
v -0.23975310 -0.09163053 -0.05710098
v -0.21216350 -0.09731369 -0.06058990
v -0.16764650 -0.10492080 -0.06527115
v -0.16764360 -0.08554336 -0.09204193
v -0.21215010 -0.07933129 -0.08543060
v -0.23973920 -0.07469436 -0.08050888
v -0.16764050 -0.06024545 -0.11247700
v -0.21213680 -0.05585707 -0.10439180
v -0.23972500 -0.05258621 -0.09837646
v -0.16763580 -0.03086367 -0.12536570
v -0.21211850 -0.02859075 -0.11634640
v -0.23970790 -0.02689380 -0.10964170
v -0.16763090 0.00066668 -0.12962050
v -0.21210010 0.00066730 -0.12029050
v -0.23968900 0.00067334 -0.11335830
v -0.16762450 0.03217779 -0.12518080
v -0.21207700 0.02990743 -0.11616300
v -0.23966610 0.02821879 -0.10944380
v -0.16761860 0.06148886 -0.11212050
v -0.21205520 0.05710410 -0.10403660
v -0.23964430 0.05383727 -0.09799438
v -0.16761380 0.08670878 -0.09151123
v -0.21202030 0.08049091 -0.08493210
v -0.23962170 0.07583138 -0.07997421
v -0.16760850 0.10596710 -0.06460419
v -0.21198680 0.09834507 -0.05998413
v -0.23959880 0.09261431 -0.05645264
v -0.23961750 0.10321240 -0.02918793
v -0.16761110 0.11810170 -0.03335007
v -0.21202540 0.10959140 -0.03100784
v -0.23963610 0.10671070 0.00007462
v -0.21206480 0.11329760 0.00009186
v -0.16761380 0.12210920 0.00018982
v -0.16762090 0.11790470 0.03366562
v -0.21208690 0.10941620 0.03115875
v -0.23966670 0.10306560 0.02932419
v -0.23969760 0.09233080 0.05653656
v -0.21210980 0.09800691 0.06006271
v -0.16762760 0.10558680 0.06480347
v -0.16763750 0.08619899 0.09155777
v -0.21213210 0.08002033 0.08489227
v -0.23972200 0.07539458 0.07993286
v -0.23974670 0.05327727 0.09780136
v -0.21215360 0.05653355 0.10385280
v -0.16764630 0.06088480 0.11198260
v -0.16764980 0.03149980 0.12484970
v -0.21216780 0.02926978 0.11579730
v -0.23976040 0.02759376 0.10904940
v -0.16765340 -0.00003849 0.12909010
v -0.21218190 0.00000651 0.11973980
v -0.23977370 0.00002644 0.11276210
v -0.16765430 -0.03154255 0.12461940
v -0.21218730 -0.02922606 0.11559660
v -0.23977940 -0.02750487 0.10885210
v -0.16765500 -0.06085118 0.11153980
v -0.21219310 -0.05642299 0.10346500
v -0.23978420 -0.05311931 0.09741775
v -0.16765410 -0.08603411 0.09093750
v -0.21219250 -0.07979024 0.08435028
v -0.23978330 -0.07512109 0.07941147
v -0.23978270 -0.09192148 0.05591263
v -0.21219210 -0.09763405 0.05940353
v -0.16765300 -0.10526280 0.06404800
v -0.16765170 -0.11738600 0.03283295
v -0.21218730 -0.10888180 0.03043899
v -0.23977720 -0.10251380 0.02863571
v -0.23977140 -0.10601500 -0.00063202
v -0.21218200 -0.11259940 -0.00063950
v -0.16765030 -0.12139220 -0.00066025
v 0.21196470 -0.11279070 -0.00053314
v 0.23956360 -0.10605830 -0.00049515
v 0.23957170 -0.10241490 -0.02973328
v 0.21197420 -0.10890560 -0.03161819
v 0.16657200 -0.12165010 -0.00056198
v 0.16657390 -0.11746600 -0.03408524
v 0.16657590 -0.10515930 -0.06527039
v 0.21198210 -0.09748849 -0.06053467
v 0.23958100 -0.09168738 -0.05693390
v 0.23958720 -0.07476588 -0.08032531
v 0.21198870 -0.07949195 -0.08539108
v 0.16657710 -0.08575729 -0.09208008
v 0.23959350 -0.05266738 -0.09819000
v 0.21199490 -0.05599248 -0.10437030
v 0.16657850 -0.06042018 -0.11255310
v 0.23959110 -0.02699363 -0.10944670
v 0.21199310 -0.02870497 -0.11633130
v 0.16657820 -0.03099666 -0.12546170
v 0.23958880 0.00056174 -0.11316820
v 0.21199190 0.00058219 -0.12028320
v 0.16657780 0.00058458 -0.12973050
v 0.23957230 0.02808944 -0.10925770
v 0.21197750 0.02984552 -0.11615160
v 0.16657390 0.03214406 -0.12528630
v 0.23955630 0.05369909 -0.09782302
v 0.21196350 0.05706968 -0.10402270
v 0.16657040 0.06150581 -0.11221570
v 0.23952070 0.07568720 -0.07981033
v 0.21191090 0.08048063 -0.08488357
v 0.16656130 0.08675238 -0.09155456
v 0.23948490 0.09247402 -0.05630630
v 0.21185760 0.09835961 -0.05990387
v 0.16655210 0.10603440 -0.06459107
v 0.21191350 0.10960660 -0.03088379
v 0.16656100 0.11819900 -0.03328644
v 0.23951020 0.10305550 -0.02904571
v 0.16657000 0.12223010 0.00030029
v 0.21196850 0.11331250 0.00025055
v 0.23953670 0.10654760 0.00020432
v 0.23954570 0.10290940 0.02944183
v 0.21196370 0.10941650 0.03133835
v 0.16656970 0.11801110 0.03382553
v 0.16656950 0.10567150 0.06500320
v 0.21195920 0.09799243 0.06024887
v 0.23955350 0.09219196 0.05663498
v 0.23955750 0.07526133 0.08002243
v 0.21196000 0.07998782 0.08510055
v 0.16656950 0.08625154 0.09179962
v 0.21196060 0.05648518 0.10406740
v 0.23956190 0.05315876 0.09787704
v 0.16656950 0.06090157 0.11224940
v 0.23955980 0.02748525 0.10912370
v 0.21195770 0.02919292 0.11602220
v 0.16656840 0.03146983 0.12513660
v 0.23955750 -0.00006461 0.11282790
v 0.21195560 -0.00009349 0.11995820
v 0.16656750 -0.00011310 0.12937670
v 0.23955410 -0.02758429 0.10892390
v 0.21195310 -0.02935399 0.11581210
v 0.16656710 -0.03166570 0.12490330
v 0.23955050 -0.05318161 0.09749237
v 0.21195010 -0.05657006 0.10366300
v 0.16656650 -0.06101443 0.11179950
v 0.23955110 -0.07517605 0.07950272
v 0.21195130 -0.07995973 0.08453445
v 0.16656740 -0.08623754 0.09117080
v 0.16656800 -0.10549240 0.06424133
v 0.21195270 -0.09781418 0.05956146
v 0.23955170 -0.09196523 0.05601364
v 0.23955760 -0.10255880 0.02875839
v 0.21195850 -0.10907420 0.03057465
v 0.16657000 -0.11763840 0.03298370
v 0.16657200 -0.12165010 -0.00056198
v 0.21196470 -0.11279070 -0.00053314
v 0.23956360 -0.10605830 -0.00049515
v 0.24596850 -0.10836210 -0.00049881
v 0.24698390 -0.10274950 -0.00048508
v 0.24699250 -0.09921878 -0.02881363
v 0.24597720 -0.10463980 -0.03037002
v 0.24320980 -0.10544150 -0.03060135
v 0.24320220 -0.10919230 -0.00050201
v 0.23956360 -0.10605830 -0.00049515
v 0.23957170 -0.10241490 -0.02973328
v 0.24321880 -0.09439769 -0.05860351
v 0.23958100 -0.09168738 -0.05693390
v 0.23958720 -0.07476588 -0.08032531
v 0.24598570 -0.09367985 -0.05815963
v 0.24700040 -0.08882448 -0.05516830
v 0.24700700 -0.07242952 -0.07783096
v 0.24322460 -0.07697769 -0.08268402
v 0.24599260 -0.07639229 -0.08205734
v 0.24701490 -0.05101889 -0.09513733
v 0.24323090 -0.05422815 -0.10107470
v 0.23959350 -0.05266738 -0.09819000
v 0.23959110 -0.02699363 -0.10944670
v 0.24599930 -0.05381559 -0.10031010
v 0.24701320 -0.02614498 -0.10604400
v 0.24322850 -0.02779766 -0.11266400
v 0.24599720 -0.02758542 -0.11181170
v 0.24701160 0.00055196 -0.10965000
v 0.24322680 0.00056991 -0.11649570
v 0.23958880 0.00056174 -0.11316820
v 0.23957230 0.02808944 -0.10925770
v 0.24599470 0.00056715 -0.11561260
v 0.24699450 0.02722258 -0.10585880
v 0.24321070 0.02890931 -0.11246800
v 0.24597810 0.02869185 -0.11161610
v 0.24697810 0.05203497 -0.09478012
v 0.24319530 0.05527411 -0.10069520
v 0.23955630 0.05369909 -0.09782302
v 0.23952070 0.07568720 -0.07981033
v 0.24596190 0.05485697 -0.09993210
v 0.24694240 0.07333848 -0.07733124
v 0.24315870 0.07790935 -0.08215271
v 0.24592540 0.07732038 -0.08153076
v 0.24690780 0.08960275 -0.05456039
v 0.24312250 0.09518999 -0.05795639
v 0.23948490 0.09247402 -0.05630630
v 0.24588990 0.09446979 -0.05752014
v 0.24693280 0.09985459 -0.02814911
v 0.24314760 0.10608340 -0.02989502
v 0.23951020 0.10305550 -0.02904571
v 0.24591490 0.10528000 -0.02967117
v 0.24317410 0.10967880 0.00021545
v 0.23953670 0.10654760 0.00020432
v 0.24594080 0.10884760 0.00020889
v 0.24695850 0.10323800 0.00018982
v 0.24697540 0.09971710 0.02852249
v 0.24318220 0.10593590 0.03031662
v 0.23954570 0.10290940 0.02944183
v 0.24595000 0.10513580 0.03008514
v 0.24318970 0.09490512 0.05831283
v 0.23955350 0.09219196 0.05663498
v 0.24595980 0.09419142 0.05787018
v 0.24699170 0.08933725 0.05487259
v 0.24699940 0.07293245 0.07753540
v 0.24319290 0.07747477 0.08239242
v 0.23955750 0.07526133 0.08002243
v 0.24596240 0.07689288 0.08176941
v 0.24319670 0.05471983 0.10077470
v 0.23956190 0.05315876 0.09787704
v 0.23955980 0.02748525 0.10912370
v 0.24596680 0.05430973 0.10001530
v 0.24700680 0.05151642 0.09483474
v 0.24700410 0.02664034 0.10573120
v 0.24319440 0.02828749 0.11235260
v 0.24596450 0.02807666 0.11150530
v 0.24700160 -0.00005379 0.10931960
v 0.24319260 -0.00007652 0.11616700
v 0.23955750 -0.00006461 0.11282790
v 0.23955410 -0.02758429 0.10892390
v 0.24596220 -0.00007356 0.11529050
v 0.24699510 -0.02671776 0.10553560
v 0.24318980 -0.02840811 0.11214740
v 0.24596040 -0.02819122 0.11130020
v 0.24698790 -0.05151916 0.09445816
v 0.24318720 -0.05476056 0.10037700
v 0.23955050 -0.05318161 0.09749237
v 0.24595690 -0.05434469 0.09961746
v 0.24698300 -0.07282916 0.07702560
v 0.24318850 -0.07740249 0.08185562
v 0.23955110 -0.07517605 0.07950272
v 0.24595730 -0.07681482 0.08123474
v 0.24318970 -0.09468566 0.05767288
v 0.23955170 -0.09196523 0.05601364
v 0.24595810 -0.09396660 0.05723541
v 0.24698030 -0.08909590 0.05426773
v 0.24698120 -0.09935937 0.02785934
v 0.24319560 -0.10559060 0.02961487
v 0.23955760 -0.10255880 0.02875839
v 0.24596240 -0.10478840 0.02938843
v 0.24320220 -0.10919230 -0.00050201
v 0.23956360 -0.10605830 -0.00049515
v 0.24596850 -0.10836210 -0.00049881
v 0.24698390 -0.10274950 -0.00048508
v -0.24340560 -0.10915890 -0.00064285
v -0.23977140 -0.10601500 -0.00063202
v -0.23976290 -0.10236310 -0.02989044
v -0.24339630 -0.10539870 -0.03076553
v -0.24616760 -0.10460250 -0.03054001
v -0.24617770 -0.10833520 -0.00064331
v -0.24338640 -0.09434848 -0.05878067
v -0.23975310 -0.09163053 -0.05710098
v -0.23973920 -0.07469436 -0.08050888
v -0.24720320 -0.09918016 -0.02898071
v -0.24721390 -0.10272130 -0.00062744
v -0.24615840 -0.09363478 -0.05834381
v -0.24719390 -0.08877803 -0.05534820
v -0.24718110 -0.07236508 -0.07803055
v -0.24337190 -0.07691167 -0.08288116
v -0.23972500 -0.05258621 -0.09837646
v -0.24614350 -0.07632865 -0.08226287
v -0.24612950 -0.05373780 -0.10051990
v -0.24716830 -0.05094077 -0.09534302
v -0.24715150 -0.02604435 -0.10625820
v -0.24335840 -0.05414995 -0.10127760
v -0.23970790 -0.02689380 -0.10964170
v -0.24611180 -0.02748386 -0.11203090
v -0.24334040 -0.02769740 -0.11287580
v -0.23968900 0.00067334 -0.11335830
v -0.24609340 0.00068551 -0.11582900
v -0.24713480 0.00066819 -0.10985820
v -0.24711180 0.02735989 -0.10606430
v -0.24332140 0.00068530 -0.11670260
v -0.23966610 0.02821879 -0.10944380
v -0.24606990 0.02883299 -0.11182790
v -0.24329890 0.02904592 -0.11267260
v -0.23964430 0.05383727 -0.09799438
v -0.24604720 0.05501115 -0.10012660
v -0.24708850 0.05218387 -0.09496856
v -0.24706650 0.07349607 -0.07750595
v -0.24327570 0.05542256 -0.10088260
v -0.23962170 0.07583138 -0.07997421
v -0.24602400 0.07748360 -0.08171188
v -0.24325300 0.07806585 -0.08233123
v -0.23959880 0.09261431 -0.05645264
v -0.24600130 0.09463082 -0.05767532
v -0.24704330 0.08975811 -0.05471161
v -0.24706330 0.10002900 -0.02829132
v -0.24323100 0.09534369 -0.05811295
v -0.23961750 0.10321240 -0.02918793
v -0.24602050 0.10546050 -0.02981934
v -0.24324890 0.10625580 -0.03004471
v -0.24603940 0.10903520 0.00008087
v -0.24708180 0.10341950 0.00006622
v -0.24712070 0.09989021 0.02841232
v -0.24326720 0.10985800 0.00008118
v -0.23963610 0.10671070 0.00007462
v -0.23966670 0.10306560 0.02932419
v -0.24607010 0.10531460 0.02997284
v -0.24329760 0.10610770 0.03019791
v -0.24610150 0.09434912 0.05778290
v -0.24715880 0.08949009 0.05478531
v -0.24718720 0.07307704 0.07745834
v -0.24332670 0.09505758 0.05821716
v -0.23969760 0.09233080 0.05653656
v -0.23972200 0.07539458 0.07993286
v -0.24612580 0.07704185 0.08169327
v -0.24335160 0.07762012 0.08230789
v -0.24615100 0.05443980 0.09995605
v -0.24721500 0.05164259 0.09477447
v -0.24722790 0.02675205 0.10567470
v -0.24337590 0.05484800 0.10070720
v -0.23974670 0.05327727 0.09780136
v -0.23976040 0.02759376 0.10904940
v -0.24616530 0.02819154 0.11144940
v -0.24338940 0.02840265 0.11228940
v -0.23977370 0.00002644 0.11276210
v -0.24617950 0.00001822 0.11524290
v -0.24724120 0.00003575 0.10927120
v -0.24724210 -0.02664423 0.10547810
v -0.24340410 0.00001764 0.11611180
v -0.23977940 -0.02750487 0.10885210
v -0.24618330 -0.02811640 0.11124270
v -0.24340990 -0.02832928 0.11208370
v -0.23978420 -0.05311931 0.09741775
v -0.24618900 -0.05429197 0.09955536
v -0.24724330 -0.05146672 0.09439560
v -0.24723750 -0.07278729 0.07694412
v -0.24341630 -0.05470249 0.10031010
v -0.23978330 -0.07512109 0.07941147
v -0.24618850 -0.07677309 0.08115249
v -0.24341630 -0.07735445 0.08176895
v -0.24618790 -0.09393883 0.05713699
v -0.24723180 -0.08906738 0.05417038
v -0.24341600 -0.09465086 0.05757370
v -0.23978270 -0.09192148 0.05591263
v -0.23977720 -0.10251380 0.02863571
v -0.24618180 -0.10476000 0.02926315
v -0.24722230 -0.09933005 0.02773590
v -0.24341060 -0.10555530 0.02949020
v -0.24617770 -0.10833520 -0.00064331
v -0.24721390 -0.10272130 -0.00062744
v -0.24340560 -0.10915890 -0.00064285
v -0.23977140 -0.10601500 -0.00063202
v 0.16522000 -0.12333890 -0.00056732
v 0.16657200 -0.12165010 -0.00056198
v 0.16657390 -0.11746600 -0.03408524
v 0.16522310 -0.11909700 -0.03455383
v 0.16174710 -0.11949770 -0.03467087
v 0.16174500 -0.12375370 -0.00056992
v 0.15913940 -0.12254410 -0.00056732
v 0.15914050 -0.11832980 -0.03433716
v 0.16174910 -0.10697930 -0.06639419
v 0.15914150 -0.10593370 -0.06575073
v 0.15914220 -0.08639003 -0.09275863
v 0.16522600 -0.10662010 -0.06617019
v 0.16657590 -0.10515930 -0.06527039
v 0.16657710 -0.08575729 -0.09208008
v 0.16175030 -0.08724272 -0.09366775
v 0.16522660 -0.08694919 -0.09335266
v 0.16657850 -0.06042018 -0.11255310
v 0.16175030 -0.06146855 -0.11449340
v 0.15914240 -0.06086754 -0.11338200
v 0.15914180 -0.03122822 -0.12638700
v 0.16522860 -0.06126092 -0.11410870
v 0.16657820 -0.03099666 -0.12546170
v 0.16175030 -0.03153745 -0.12762620
v 0.16522900 -0.03142963 -0.12719630
v 0.16657780 0.00058458 -0.12973050
v 0.16175030 0.00058869 -0.13197020
v 0.15914110 0.00058479 -0.13068820
v 0.15914030 0.03237501 -0.12620990
v 0.16522950 0.00058926 -0.13152480
v 0.16657390 0.03214406 -0.12528630
v 0.16174800 0.03269225 -0.12744900
v 0.16522480 0.03258573 -0.12701930
v 0.16657040 0.06150581 -0.11221570
v 0.16174470 0.06256028 -0.11415080
v 0.15913940 0.06195154 -0.11303970
v 0.15913540 0.08738001 -0.09222259
v 0.16521840 0.06235400 -0.11376620
v 0.16656130 0.08675238 -0.09155456
v 0.16173740 0.08824085 -0.09312958
v 0.16520540 0.08795007 -0.09281830
v 0.16655210 0.10603440 -0.06459107
v 0.16173030 0.10785420 -0.06569809
v 0.15913210 0.10680060 -0.06505813
v 0.16519150 0.10749890 -0.06548202
v 0.16656100 0.11819900 -0.03328644
v 0.16173810 0.12022890 -0.03385635
v 0.15913680 0.11905590 -0.03352463
v 0.16520420 0.11983180 -0.03374558
v 0.16174590 0.12432990 0.00030762
v 0.15914290 0.12311840 0.00030609
v 0.16521500 0.12391820 0.00030426
v 0.16657000 0.12223010 0.00030029
v 0.16656970 0.11801110 0.03382553
v 0.16174580 0.12004020 0.03441055
v 0.15914020 0.11887160 0.03407593
v 0.16521770 0.11964190 0.03429260
v 0.16174540 0.10749000 0.06612580
v 0.15913740 0.10644470 0.06548157
v 0.16522000 0.10713220 0.06590378
v 0.16656950 0.10567150 0.06500320
v 0.16656950 0.08625154 0.09179962
v 0.16174450 0.08773540 0.09338638
v 0.15913640 0.08688304 0.09247650
v 0.16522050 0.08744274 0.09307221
v 0.16174360 0.06194851 0.11418950
v 0.15913540 0.06134783 0.11307780
v 0.15913470 0.03169972 0.12605760
v 0.16522090 0.06174107 0.11380630
v 0.16656950 0.06090157 0.11224940
v 0.16656840 0.03146983 0.12513660
v 0.16174260 0.03200817 0.12729870
v 0.16521930 0.03190112 0.12687120
v 0.16656750 -0.00011310 0.12937670
v 0.16174120 -0.00012054 0.13161290
v 0.15913410 -0.00011549 0.13032940
v 0.15913450 -0.03189949 0.12582110
v 0.16521710 -0.00011976 0.13116990
v 0.16656710 -0.03166570 0.12490330
v 0.16174070 -0.03221765 0.12706050
v 0.16521560 -0.03210948 0.12663450
v 0.16656650 -0.06101443 0.11179950
v 0.16174010 -0.06207278 0.11372940
v 0.15913480 -0.06146349 0.11262070
v 0.16521450 -0.06186466 0.11334790
v 0.16656740 -0.08623754 0.09117080
v 0.16174100 -0.08773077 0.09274582
v 0.15913560 -0.08687142 0.09184051
v 0.16521480 -0.08743671 0.09243575
v 0.16174190 -0.10731740 0.06535064
v 0.15913670 -0.10626730 0.06471237
v 0.16521560 -0.10695780 0.06513275
v 0.16656800 -0.10549240 0.06424133
v 0.16657000 -0.11763840 0.03298370
v 0.16174330 -0.11967290 0.03355515
v 0.15913800 -0.11850270 0.03322555
v 0.16521800 -0.11927180 0.03344345
v 0.16174500 -0.12375370 -0.00056992
v 0.15913940 -0.12254410 -0.00056732
v 0.16522000 -0.12333890 -0.00056732
v 0.16657200 -0.12165010 -0.00056198
v -0.16208010 -0.12360790 -0.00066223
v -0.15945970 -0.12240190 -0.00066177
v -0.15945770 -0.11818480 -0.03441467
v -0.16207780 -0.11934940 -0.03474609
v -0.16631160 -0.11884990 -0.03460434
v -0.16631380 -0.12309140 -0.00066269
v -0.16765030 -0.12139220 -0.00066025
v -0.16764880 -0.11720880 -0.03413681
v -0.16630970 -0.10639060 -0.06617294
v -0.16764650 -0.10492080 -0.06527115
v -0.16764360 -0.08554336 -0.09204193
v -0.16207570 -0.10683860 -0.06644638
v -0.15945530 -0.10579570 -0.06580673
v -0.15945220 -0.08625860 -0.09279983
v -0.16630680 -0.08674289 -0.09331588
v -0.16207290 -0.08710968 -0.09370315
v -0.15945050 -0.06075187 -0.11340500
v -0.16630400 -0.06109207 -0.11403790
v -0.16764050 -0.06024545 -0.11247700
v -0.16763580 -0.03086367 -0.12536570
v -0.16206950 -0.06135227 -0.11451200
v -0.15944580 -0.03112726 -0.12640080
v -0.16629940 -0.03130024 -0.12710570
v -0.16206570 -0.03143662 -0.12763560
v -0.15944170 0.00066408 -0.13069320
v -0.16629450 0.00067032 -0.13142060
v -0.16763090 0.00066668 -0.12962050
v -0.16762450 0.03217779 -0.12518080
v -0.16206120 0.00066710 -0.13196900
v -0.15943650 0.03243599 -0.12621740
v -0.16628620 0.03261974 -0.12691880
v -0.16205350 0.03275044 -0.12744990
v -0.15943110 0.06199004 -0.11304860
v -0.16627950 0.06233860 -0.11367630
v -0.16761860 0.06148886 -0.11212050
v -0.16761380 0.08670878 -0.09151123
v -0.16204710 0.06259426 -0.11415330
v -0.15943470 0.08741367 -0.09225998
v -0.16627010 0.08790973 -0.09277817
v -0.16204740 0.08826929 -0.09316116
v -0.15943820 0.10682710 -0.06512222
v -0.16626200 0.10743640 -0.06549545
v -0.16760850 0.10596710 -0.06460419
v -0.16204790 0.10787500 -0.06575775
v -0.15943220 0.11906560 -0.03361038
v -0.16626690 0.11973990 -0.03380768
v -0.16761110 0.11810170 -0.03335007
v -0.16204420 0.12023240 -0.03393692
v -0.16627200 0.12380340 0.00019745
v -0.16761380 0.12210920 0.00018982
v -0.16204010 0.12431580 0.00020996
v -0.15942630 0.12311060 0.00020615
v -0.15943450 0.11887260 0.03395599
v -0.16625090 0.11921950 0.03385330
v -0.16762090 0.11790470 0.03366562
v -0.16202390 0.11971950 0.03406967
v -0.16623030 0.10643150 0.06515899
v -0.16762760 0.10558680 0.06480347
v -0.16200730 0.10688450 0.06556564
v -0.15944310 0.10645440 0.06534973
v -0.15944900 0.08690665 0.09232574
v -0.16627110 0.08707244 0.09255280
v -0.16763750 0.08619899 0.09155777
v -0.16204100 0.08743838 0.09301254
v -0.16631120 0.06172671 0.11354890
v -0.16764630 0.06088480 0.11198260
v -0.16764980 0.03149980 0.12484970
v -0.16207530 0.06198030 0.11402910
v -0.15945330 0.06138372 0.11291930
v -0.15945720 0.03175508 0.12589070
v -0.16631500 0.03193145 0.12659390
v -0.16207870 0.03206068 0.12712910
v -0.15946060 -0.00004442 0.13016590
v -0.16631880 -0.00004682 0.13089430
v -0.16765340 -0.00003849 0.12909010
v -0.16765430 -0.03154255 0.12461940
v -0.16208210 -0.00005093 0.13144520
v -0.15946200 -0.03180900 0.12565670
v -0.16631910 -0.03199043 0.12636170
v -0.16208300 -0.03212748 0.12689300
v -0.15946330 -0.06135981 0.11246780
v -0.16631960 -0.06170781 0.11309950
v -0.16765500 -0.06085118 0.11153980
v -0.16208420 -0.06196834 0.11357390
v -0.15946300 -0.08675085 0.09169464
v -0.16631820 -0.08724140 0.09221023
v -0.16765410 -0.08603411 0.09093750
v -0.16208330 -0.08760811 0.09259766
v -0.16631670 -0.10673750 0.06494659
v -0.16765300 -0.10526280 0.06404800
v -0.16208250 -0.10718510 0.06521957
v -0.15946260 -0.10613830 0.06458175
v -0.15946120 -0.11836210 0.03310867
v -0.16631530 -0.11902960 0.03329727
v -0.16765170 -0.11738600 0.03283295
v -0.16208150 -0.11952880 0.03343918
v -0.16631380 -0.12309140 -0.00066269
v -0.16765030 -0.12139220 -0.00066025
v -0.16208010 -0.12360790 -0.00066223
v -0.15945970 -0.12240190 -0.00066177
v 0.24697540 0.09971710 0.02852249
v 0.24695850 0.10323800 0.00018982
v 0.25925380 0.08595936 0.00012436
v 0.24693280 0.09985459 -0.02814911
v 0.25932100 0.08303925 0.02372406
v 0.24699170 0.08933725 0.05487259
v 0.25923310 0.08315072 -0.02347488
v 0.24690780 0.08960275 -0.05456039
v 0.25938780 0.07441066 0.04567413
v 0.24699940 0.07293245 0.07753540
v 0.25941240 0.06075557 0.06453995
v 0.24700680 0.05151642 0.09483474
v 0.25943850 0.04292912 0.07894027
v 0.24700410 0.02664034 0.10573120
v 0.25943220 0.02222094 0.08800369
v 0.24700160 -0.00005379 0.10931960
v 0.25942580 -0.00000046 0.09098388
v 0.24699510 -0.02671776 0.10553560
v 0.25939850 -0.02219252 0.08782592
v 0.24698790 -0.05151916 0.09445816
v 0.25937210 -0.04283418 0.07859574
v 0.24698300 -0.07282916 0.07702560
v 0.25933840 -0.06056873 0.06408264
v 0.24698030 -0.08909590 0.05426773
v 0.25930570 -0.07410560 0.04513702
v 0.24698120 -0.09935937 0.02785934
v 0.25927950 -0.08265171 0.02315353
v 0.24698390 -0.10274950 -0.00048508
v 0.25925380 -0.08547688 -0.00044037
v 0.24699250 -0.09921878 -0.02881363
v 0.25924220 -0.08254688 -0.02402832
v 0.24700040 -0.08882448 -0.05516830
v 0.25922940 -0.07390319 -0.04596985
v 0.24700700 -0.07242952 -0.07783096
v 0.25922620 -0.06025937 -0.06484726
v 0.24701490 -0.05101889 -0.09513733
v 0.25922300 -0.04243932 -0.07926697
v 0.24701320 -0.02614498 -0.10604400
v 0.25922130 -0.02172786 -0.08835159
v 0.24701160 0.00055196 -0.10965000
v 0.25921950 0.00050196 -0.09135681
v 0.24699450 0.02722258 -0.10585880
v 0.25921200 0.02270917 -0.08819183
v 0.24697810 0.05203497 -0.09478012
v 0.25920590 0.04336946 -0.07895736
v 0.24694240 0.07333848 -0.07733124
v 0.25920840 0.06109511 -0.06442718
v 0.25921290 0.07462600 -0.04546844
v 0.27244510 -0.03067787 -0.03323883
v 0.27249940 -0.02159166 -0.04062454
v 0.27251540 -0.01101907 -0.04528366
v 0.27253290 0.00033319 -0.04683166
v 0.27811540 0.00038672 0.00074814
v 0.27239030 -0.03762831 -0.02357391
v 0.27249980 0.01167302 -0.04522201
v 0.27232300 -0.04201399 -0.01235260
v 0.27246670 0.02222724 -0.04050552
v 0.27225620 -0.04348195 -0.00029327
v 0.27222440 -0.04201671 0.01175415
v 0.27219340 -0.03763362 0.02297775
v 0.27220890 -0.03071587 0.03264801
v 0.27222390 -0.02165976 0.04005020
v 0.27226520 -0.01112717 0.04476303
v 0.27230580 0.00019256 0.04637375
v 0.27234680 0.01152610 0.04485916
v 0.27238830 0.02208416 0.04023712
v 0.27238040 0.03116851 0.03288940
v 0.27237310 0.03812241 0.02325897
v 0.27234390 0.04251248 0.01205841
v 0.27231550 0.04398966 0.00001328
v 0.27230190 0.04255388 -0.01206757
v 0.27228900 0.03820234 -0.02333023
v 0.27237820 0.03128397 -0.03305115
v -0.25958920 -0.08547279 -0.00059601
v -0.24721390 -0.10272130 -0.00062744
v -0.24720320 -0.09918016 -0.02898071
v -0.24722230 -0.09933005 0.02773590
v -0.25955840 -0.08252715 -0.02421555
v -0.25952800 -0.07386926 -0.04617813
v -0.24719390 -0.08877803 -0.05534820
v -0.24718110 -0.07236508 -0.07803055
v -0.25950700 -0.06020075 -0.06507751
v -0.24716830 -0.05094077 -0.09534302
v -0.25948690 -0.04235996 -0.07950225
v -0.24715150 -0.02604435 -0.10625820
v -0.25947070 -0.02162028 -0.08859588
v -0.24713480 0.00066819 -0.10985820
v -0.25945450 0.00063031 -0.09159256
v -0.24711180 0.02735989 -0.10606430
v -0.25944630 0.02286268 -0.08842544
v -0.24708850 0.05218387 -0.09496856
v -0.25943760 0.04353757 -0.07917266
v -0.24706650 0.07349607 -0.07750595
v -0.25944610 0.06127622 -0.06461563
v -0.24704330 0.08975811 -0.05471161
v -0.27265620 -0.03050675 -0.03337860
v -0.27270060 -0.02143568 -0.04075363
v -0.27261170 -0.03745386 -0.02371399
v -0.27271560 -0.01086491 -0.04541336
v -0.27256770 -0.04183131 -0.01251511
v -0.27814180 0.00051117 0.00069473
v -0.27273040 0.00047491 -0.04695404
v -0.27252470 -0.04330365 -0.00046646
v -0.27267700 0.02235370 -0.04061737
v -0.27252130 -0.04184609 0.01155777
v -0.27270370 0.01181191 -0.04534317
v -0.25962720 -0.08264957 0.02302322
v -0.27259950 0.03138667 -0.03314652
v -0.25966690 -0.07410564 0.04504181
v -0.24723180 -0.08906738 0.05417038
v -0.24723750 -0.07278729 0.07694412
v -0.27252130 0.03827417 -0.02340485
v -0.27251800 -0.03748238 0.02277038
v -0.25970230 -0.06055290 0.06401519
v -0.25945400 0.07480761 -0.04561508
v -0.25973660 -0.04280363 0.07855698
v -0.24724330 -0.05146672 0.09439560
v -0.27254550 -0.03058165 0.03242203
v -0.27251450 0.04261956 -0.01216080
v -0.25947980 0.08335467 -0.02360855
v -0.24706330 0.10002900 -0.02829132
v -0.27257140 -0.02155186 0.03982269
v -0.27250820 0.04404465 -0.00009247
v -0.27261090 -0.01103988 0.04453232
v -0.25976030 -0.02213354 0.08779678
v -0.24724210 -0.02664423 0.10547810
v -0.25950520 0.08617151 0.00001480
v -0.24708180 0.10341950 0.00006622
v -0.24712070 0.09989021 0.02841232
v -0.25978350 0.00008289 0.09096710
v -0.24724120 0.00003575 0.10927120
v -0.27257780 0.04254660 0.01192596
v -0.25959180 0.08324216 0.02363327
v -0.27264970 0.00025322 0.04615585
v -0.25977640 0.02233597 0.08798110
v -0.24722790 0.02675205 0.10567470
v -0.25967740 0.07459037 0.04560699
v -0.24715880 0.08949009 0.05478531
v -0.24718720 0.07307704 0.07745834
v -0.27264910 0.03813330 0.02310699
v -0.27267820 0.01157163 0.04464996
v -0.25977000 0.04306788 0.07891189
v -0.24721500 0.05164259 0.09477447
v -0.27267770 0.03118826 0.03271423
v -0.27270840 0.02211142 0.04005020
v -0.25972430 0.06092052 0.06449112
vn 0.07706000 -0.99702340 -0.00246298
vn 0.10106210 -0.99487700 -0.00247518
vn 0.10164690 -0.96409670 -0.24532740
vn 0.07753485 -0.96614790 -0.24606210
vn 0.03487119 -0.96847230 -0.24666830
vn 0.03459547 -0.99939850 -0.00243575
vn -0.00024877 -0.99999710 -0.00241591
vn 0.07850331 -0.87480620 -0.47807060
vn 0.10286410 -0.87303250 -0.47668980
vn 0.10463770 -0.72284980 -0.68303670
vn -0.00016379 -0.96909110 -0.24670300
vn -0.03509796 -0.99938080 -0.00245269
vn 0.03537941 -0.87694440 -0.47928780
vn 0.07989258 -0.72421370 -0.68493190
vn 0.10636670 -0.51804490 -0.84871410
vn -0.00007416 -0.87758120 -0.47942780
vn 0.03607907 -0.72602830 -0.68671770
vn 0.08122749 -0.51892050 -0.85095450
vn 0.10773380 -0.26981610 -0.95686610
vn 0.03673283 -0.52019800 -0.85325530
vn 0.00001218 -0.72665270 -0.68700490
vn -0.03553713 -0.87691500 -0.47932990
vn 0.08222816 -0.27020920 -0.95928380
vn 0.10803980 0.00292587 -0.99414220
vn 0.03719295 -0.27082590 -0.96190950
vn 0.00010788 -0.52068440 -0.85374920
vn 0.08245482 0.00301994 -0.99659030
vn 0.10721900 0.27539020 -0.95533460
vn 0.03730737 0.00313970 -0.99929890
vn 0.08189080 0.27594910 -0.95767740
vn 0.10554060 0.52325430 -0.84561570
vn -0.03520928 -0.96845510 -0.24668800
vn -0.07838371 -0.96606550 -0.24611700
vn -0.07805121 -0.99694620 -0.00251931
vn -0.10275370 -0.99470350 -0.00259099
vn -0.10321380 -0.96390610 -0.24542190
vn -0.10428460 -0.87282590 -0.47675960
vn -0.07918888 -0.87470940 -0.47813460
vn -0.08039350 -0.72409970 -0.68499370
vn -0.10588800 -0.72262480 -0.68308200
vn -0.03604862 -0.72598430 -0.68676590
vn -0.08155178 -0.51881940 -0.85098510
vn -0.10744460 -0.51782550 -0.84871210
vn -0.03651427 -0.52017330 -0.85327980
vn -0.08240983 -0.27012430 -0.95929220
vn -0.10867120 -0.26962320 -0.95681440
vn 0.00021707 -0.27106430 -0.96256120
vn -0.08251662 0.00303723 -0.99658500
vn -0.10890690 0.00300788 -0.99404740
vn -0.03679568 -0.27081450 -0.96192810
vn 0.00031426 0.00320191 -0.99999490
vn -0.08186985 0.27592670 -0.95768560
vn -0.10812530 0.27539950 -0.95522980
vn -0.03673523 0.00312991 -0.99932010
vn 0.03709434 0.27679620 -0.96021230
vn -0.08059215 0.52404600 -0.84786830
vn -0.10640300 0.52311570 -0.84559350
vn 0.00038240 0.27715570 -0.96082500
vn -0.03637032 0.27677380 -0.96024660
vn 0.03661033 0.52538830 -0.85007460
vn -0.07923517 0.72811030 -0.68086500
vn -0.10444010 0.72674380 -0.67892240
vn 0.00041843 0.52587900 -0.85055930
vn -0.03578085 0.52538200 -0.85011390
vn 0.08070362 0.52409790 -0.84782560
vn 0.10380020 0.72699040 -0.67875650
vn -0.07798630 0.87740770 -0.47336440
vn -0.10264510 0.87561170 -0.47198330
vn 0.03605071 0.72987960 -0.68262450
vn 0.07942257 0.72820250 -0.68074460
vn 0.10213900 0.87566640 -0.47199160
vn 0.00042745 0.73042950 -0.68298780
vn -0.03523628 0.72986130 -0.68268660
vn -0.07719779 0.96743320 -0.24106780
vn -0.10163540 0.96534290 -0.24038180
vn -0.10150960 0.99483110 0.00261337
vn 0.07817486 0.87739200 -0.47336250
vn 0.10093930 0.96535390 -0.24063060
vn 0.03547695 0.87948380 -0.47460470
vn 0.00040527 0.88011180 -0.47476640
vn -0.03474559 0.87951200 -0.47460670
vn 0.03506020 0.96970870 -0.24173490
vn 0.07727748 0.96739000 -0.24121530
vn 0.00034781 0.97034480 -0.24172480
vn -0.03439392 0.96974920 -0.24166810
vn 0.07693587 0.99703290 0.00251860
vn 0.10053860 0.99492990 0.00255773
vn 0.10144520 0.96396800 0.24591540
vn 0.03485880 0.99938920 0.00245982
vn -0.07702569 0.99702580 0.00259062
vn -0.03430631 0.99940820 0.00250832
vn 0.00026648 0.99999690 0.00246673
vn -0.07775170 0.96604320 0.24640440
vn -0.10253050 0.96389310 0.24575970
vn -0.10414550 0.87262960 0.47714920
vn 0.03499322 0.96843040 0.24681570
vn 0.07748609 0.96606140 0.24641670
vn 0.00016311 0.96906380 0.24681030
vn -0.03466234 0.96843350 0.24685010
vn -0.07897837 0.87447520 0.47859760
vn 0.07855456 0.87448610 0.47864720
vn 0.10299400 0.87267330 0.47731910
vn 0.10468940 0.72223190 0.68368210
vn 0.03538259 0.87665990 0.47980790
vn -0.03528117 0.87666490 0.47980610
vn -0.08045717 0.72354150 0.68557590
vn -0.10602570 0.72222260 0.68348590
vn -0.10771430 0.51726850 0.84901760
vn 0.00005075 0.87731820 0.47990900
vn 0.03594796 0.72528800 0.68750640
vn 0.07983786 0.72352240 0.68566860
vn -0.00004979 0.72593530 0.68776300
vn -0.03605084 0.72531940 0.68746790
vn -0.08180429 0.51804890 0.85143010
vn 0.08097885 0.51802370 0.85152440
vn 0.10615110 0.51723740 0.84923340
vn 0.10728790 0.26885320 0.95718720
vn 0.03646152 0.51924370 0.85384800
vn -0.03676007 0.51926400 0.85382280
vn -0.08281383 0.26917080 0.95952530
vn -0.10901310 0.26892030 0.95697330
vn -0.00014506 0.51972960 0.85433080
vn 0.08182342 0.26914610 0.95961730
vn 0.10753700 -0.00380036 0.99419390
vn 0.03678809 0.26968370 0.96224610
vn -0.08310683 -0.00386055 0.99653320
vn -0.10936960 -0.00372173 0.99399420
vn -0.00024224 0.26989340 0.96289020
vn -0.03726818 0.26968600 0.96222690
vn 0.08198525 -0.00389095 0.99662600
vn 0.10695610 -0.27611210 0.95515570
vn 0.03679345 -0.00399414 0.99931490
vn -0.08272865 -0.27652260 0.95743990
vn -0.10886360 -0.27600730 0.95497060
vn -0.00032593 -0.00405183 0.99999180
vn -0.03743309 -0.00399112 0.99929120
vn 0.08152055 -0.27657740 0.95752780
vn 0.10555270 -0.52330570 0.84558250
vn 0.03654502 -0.27731340 0.96008420
vn -0.08169958 -0.52413060 0.84771010
vn -0.10749070 -0.52319560 0.84540650
vn -0.00038210 -0.27763420 0.96068690
vn -0.03728693 -0.27729620 0.96006070
vn 0.08044490 -0.52419190 0.84779210
vn 0.10393100 -0.72678990 0.67895120
vn 0.03603933 -0.52548920 0.85003670
vn -0.08044983 -0.72805940 0.68077710
vn -0.10585110 -0.72667630 0.67877600
vn -0.10423410 -0.87547030 0.47189720
vn -0.00040538 -0.52599030 0.85049040
vn -0.03683658 -0.52546660 0.85001640
vn 0.03547629 -0.72986910 0.68266580
vn 0.07920506 -0.72811600 0.68086250
vn -0.00040154 -0.73046800 0.68294670
vn -0.03626644 -0.72985520 0.68263910
vn -0.07920775 -0.87728500 0.47338900
vn 0.07801071 -0.87735500 0.47345810
vn 0.10235450 -0.87560780 0.47205330
vn 0.10138380 -0.96534160 0.24049320
vn 0.03494811 -0.87944660 0.47471290
vn -0.03568581 -0.87942840 0.47469180
vn -0.07838733 -0.96730710 0.24118970
vn -0.10318170 -0.96518610 0.24035270
vn -0.10275370 -0.99470350 -0.00259099
vn -0.07805121 -0.99694620 -0.00251931
vn -0.00037460 -0.88005720 0.47486760
vn -0.03528355 -0.96966200 0.24188980
vn -0.03509796 -0.99938080 -0.00245269
vn -0.00032141 -0.97028170 0.24197800
vn -0.00024877 -0.99999710 -0.00241591
vn 0.03464823 -0.96968070 0.24190670
vn 0.03459547 -0.99939850 -0.00243575
vn 0.07728073 -0.96738130 0.24124930
vn 0.07706000 -0.99702340 -0.00246298
vn 0.10106210 -0.99487700 -0.00247518
vn -0.20761330 -0.97820750 -0.00260606
vn -0.19372510 -0.98105240 -0.00262314
vn -0.19455390 -0.95036860 -0.24279250
vn -0.20837270 -0.94775640 -0.24153380
vn -0.23208720 -0.97269150 -0.00261158
vn -0.23275550 -0.94252090 -0.23974850
vn -0.23465220 -0.85330980 -0.46561860
vn -0.21029750 -0.85781990 -0.46895620
vn -0.19649500 -0.85987220 -0.47117890
vn -0.19940210 -0.71101730 -0.67430930
vn -0.21322400 -0.70971710 -0.67144410
vn -0.23766630 -0.70625050 -0.66687710
vn -0.20225890 -0.50884760 -0.83675890
vn -0.21612790 -0.50815520 -0.83370680
vn -0.24065160 -0.50580600 -0.82840030
vn -0.20459290 -0.26458200 -0.94241080
vn -0.21848250 -0.26430080 -0.93936710
vn -0.24308000 -0.26306380 -0.93365380
vn -0.20536180 0.00299311 -0.97868160
vn -0.21928710 0.00316497 -0.97565530
vn -0.24391800 0.00346058 -0.96978970
vn -0.20465160 0.27028030 -0.94077960
vn -0.21864310 0.27032340 -0.93761430
vn -0.24340380 0.26963910 -0.93169160
vn -0.20230950 0.51376840 -0.83373430
vn -0.21641560 0.51329880 -0.83047500
vn -0.24132050 0.51135370 -0.82479190
vn -0.19943260 0.71475000 -0.67034260
vn -0.21369380 0.71353420 -0.66723600
vn -0.23885550 0.71032800 -0.66210420
vn -0.19661850 0.86247240 -0.46635020
vn -0.21089500 0.86030310 -0.46411410
vn -0.23604350 0.85572830 -0.46044820
vn -0.23366090 0.94357050 -0.23468560
vn -0.19490370 0.95164840 -0.23744050
vn -0.20894280 0.94891350 -0.23644470
vn -0.23232320 0.97263550 0.00243012
vn -0.20808300 0.97810790 0.00255856
vn -0.19430990 0.98093610 0.00286553
vn -0.19507740 0.95017520 0.24312970
vn -0.20879600 0.94765690 0.24155860
vn -0.23298690 0.94252730 0.23949810
vn -0.23503630 0.85330020 0.46544250
vn -0.21066090 0.85769800 0.46901620
vn -0.19684000 0.85963960 0.47145920
vn -0.19972550 0.71068480 0.67456410
vn -0.21364170 0.70950840 0.67153190
vn -0.23824250 0.70614350 0.66678460
vn -0.24145990 0.50572280 0.82821590
vn -0.21663430 0.50794520 0.83370330
vn -0.20259460 0.50849410 0.83689250
vn -0.20486200 0.26421500 0.94245530
vn -0.21906030 0.26408570 0.93929300
vn -0.24421660 0.26299960 0.93337530
vn -0.20553110 -0.00345618 0.97864450
vn -0.21985740 -0.00338403 0.97552620
vn -0.24522350 -0.00335645 0.96946070
vn -0.20466670 -0.27081330 0.94062300
vn -0.21903250 -0.27055080 0.93745770
vn -0.24449370 -0.26940930 0.93147280
vn -0.20226190 -0.51412170 0.83352800
vn -0.21659640 -0.51339230 0.83037010
vn -0.24195620 -0.51102050 0.82481230
vn -0.19933520 -0.71503920 0.67006300
vn -0.21356450 -0.71365620 0.66714700
vn -0.23873520 -0.71008240 0.66241120
vn -0.23541760 -0.85578980 0.46065430
vn -0.21051140 -0.86041060 0.46408910
vn -0.19639830 -0.86254090 0.46631630
vn -0.19449220 -0.95167670 0.23766400
vn -0.20847640 -0.94901630 0.23644350
vn -0.23315170 -0.94371290 0.23461890
vn -0.23208720 -0.97269150 -0.00261158
vn -0.20761330 -0.97820750 -0.00260606
vn -0.19372510 -0.98105240 -0.00262314
vn 0.20780490 -0.97816690 -0.00254881
vn 0.23694060 -0.97152110 -0.00241826
vn 0.23774180 -0.94140400 -0.23924360
vn 0.20865970 -0.94771130 -0.24146280
vn 0.19156300 -0.98147700 -0.00257465
vn 0.19247050 -0.95077990 -0.24284320
vn 0.19449320 -0.86024580 -0.47132740
vn 0.21069290 -0.85776990 -0.46887020
vn 0.23980150 -0.85230600 -0.46483300
vn 0.24300250 -0.70543750 -0.66581370
vn 0.21374420 -0.70967230 -0.67132610
vn 0.19750020 -0.71133470 -0.67453440
vn 0.24618820 -0.50527270 -0.82709780
vn 0.21678720 -0.50814350 -0.83354280
vn 0.20046670 -0.50910620 -0.83703280
vn 0.24884230 -0.26289640 -0.93218190
vn 0.21926350 -0.26434940 -0.93917130
vn 0.20287520 -0.26478350 -0.94272550
vn 0.24989040 0.00319751 -0.96826880
vn 0.22017680 0.00302400 -0.97545540
vn 0.20369670 0.00284343 -0.97902990
vn 0.24951750 0.26896180 -0.93026910
vn 0.21959940 0.27009400 -0.93745680
vn 0.20301990 0.27018820 -0.94115950
vn 0.24741190 0.51050670 -0.82351090
vn 0.21735870 0.51327630 -0.83024260
vn 0.20065790 0.51406480 -0.83395060
vn 0.24463440 0.70929920 -0.66109650
vn 0.21436900 0.71364910 -0.66689660
vn 0.19754120 0.71529290 -0.67032340
vn 0.24160700 0.85456320 -0.45972560
vn 0.21137760 0.86029650 -0.46390680
vn 0.19455640 0.86287340 -0.46647340
vn 0.20955290 0.94880170 -0.23635340
vn 0.19296980 0.95197210 -0.23772200
vn 0.23932010 0.94226620 -0.23422250
vn 0.19254880 0.98128320 0.00284000
vn 0.20885870 0.97794200 0.00272585
vn 0.23810660 0.97123580 0.00248977
vn 0.23850480 0.94119790 0.23929450
vn 0.20945010 0.94743160 0.24187580
vn 0.19328850 0.95045320 0.24347130
vn 0.19495760 0.85987790 0.47180660
vn 0.21112550 0.85746810 0.46922760
vn 0.24018170 0.85212270 0.46497270
vn 0.24329440 0.70515240 0.66600900
vn 0.21398760 0.70930720 0.67163430
vn 0.19770740 0.71092560 0.67490490
vn 0.21688660 0.50772400 0.83377250
vn 0.24650700 0.50493550 0.82720880
vn 0.20043240 0.50862630 0.83733280
vn 0.24921350 0.26248990 0.93219720
vn 0.21922940 0.26384700 0.93932070
vn 0.20260200 0.26422090 0.94294210
vn 0.25016800 -0.00349660 0.96819610
vn 0.21995910 -0.00357199 0.97550260
vn 0.20319390 -0.00354806 0.97913210
vn 0.24941040 -0.26913450 0.93024790
vn 0.21911190 -0.27066620 0.93740590
vn 0.20230950 -0.27099620 0.94108030
vn 0.24680310 -0.51038130 0.82377130
vn 0.21664420 -0.51344690 0.83032380
vn 0.19989000 -0.51440360 0.83392620
vn 0.24355830 -0.70917290 0.66162900
vn 0.21362580 -0.71365430 0.66712920
vn 0.19699280 -0.71537140 0.67040100
vn 0.19410780 -0.86292680 0.46656130
vn 0.21059600 -0.86038580 0.46409660
vn 0.24020420 -0.85471060 0.46018680
vn 0.23795360 -0.94254140 0.23450740
vn 0.20861050 -0.94897560 0.23648920
vn 0.19226990 -0.95208880 0.23782150
vn 0.19156300 -0.98147700 -0.00257465
vn 0.20780490 -0.97816690 -0.00254881
vn 0.23694060 -0.97152110 -0.00241826
vn 0.84386010 -0.53656200 -0.00112597
vn 0.98399830 -0.17817770 -0.00020761
vn 0.98416820 -0.17191970 -0.04308841
vn 0.84441130 -0.51917580 -0.13200750
vn -0.32982760 -0.91453930 -0.23416170
vn -0.32896270 -0.94433990 -0.00242097
vn -0.65266570 -0.75764330 -0.00202326
vn -0.65419970 -0.73316850 -0.18570600
vn -0.33279220 -0.82647730 -0.45407560
vn -0.65798380 -0.66163650 -0.35957560
vn -0.66364310 -0.54498700 -0.51241280
vn 0.84692240 -0.46664260 -0.25488650
vn 0.98448810 -0.15439270 -0.08334283
vn 0.98494160 -0.12631090 -0.11804870
vn -0.33685400 -0.68229640 -0.64884590
vn 0.84959970 -0.38325380 -0.36234930
vn 0.98536950 -0.08937129 -0.14511970
vn -0.34116160 -0.48741550 -0.80376300
vn -0.66914020 -0.38849960 -0.63349790
vn -0.67353720 -0.20142860 -0.71117800
vn 0.85289200 -0.27173940 -0.44579450
vn 0.98568730 -0.04597964 -0.16219270
vn -0.34431130 -0.25309200 -0.90409860
vn 0.85476300 -0.14049320 -0.49964180
vn 0.98578530 0.00093628 -0.16800730
vn -0.34532300 0.00309314 -0.93847870
vn -0.67483810 0.00238981 -0.73796180
vn -0.67312720 0.20609760 -0.71022790
vn 0.85588350 0.00206228 -0.51716470
vn 0.98565820 0.04778500 -0.16184720
vn -0.34387890 0.25906210 -0.90257080
vn 0.85473200 0.14444160 -0.49856770
vn 0.98530750 0.09122469 -0.14438610
vn -0.34054750 0.49254010 -0.80089430
vn -0.66853820 0.39254080 -0.63163950
vn -0.66302210 0.54816650 -0.50981870
vn 0.85278580 0.27533360 -0.44378800
vn 0.98482970 0.12818640 -0.11695570
vn -0.33636990 0.68624580 -0.64492020
vn 0.84926460 0.38647480 -0.35970380
vn 0.98433950 0.15554960 -0.08294652
vn -0.33267100 0.82912160 -0.44931880
vn -0.65746880 0.66408440 -0.35598700
vn 0.84636090 0.46884380 -0.25270270
vn 0.98406050 0.17244950 -0.04342948
vn -0.32942920 0.91599170 -0.22898820
vn -0.65381810 0.73461080 -0.18129770
vn 0.84407620 0.52013890 -0.13034920
vn -0.32856250 0.94447860 0.00259132
vn -0.65249750 0.75778780 0.00218192
vn 0.84362380 0.53693410 0.00077062
vn 0.98388420 0.17880690 -0.00018388
vn 0.98385580 0.17363590 0.04333989
vn -0.33023120 0.91445340 0.23392790
vn -0.65456270 0.73293690 0.18534110
vn 0.84368690 0.52033830 0.13206290
vn -0.33394150 0.82608750 0.45394110
vn -0.65884450 0.66101620 0.35913990
vn 0.84573320 0.46829250 0.25580770
vn 0.98399140 0.15683940 0.08462974
vn 0.98432770 0.12874500 0.12051440
vn -0.33855700 0.68164340 0.64864580
vn -0.66486940 0.54411210 0.51175240
vn 0.84819970 0.38471210 0.36407940
vn -0.34318030 0.48673600 0.80331520
vn -0.67060140 0.38766020 0.63246610
vn -0.67506320 0.20075520 0.70992050
vn 0.85146270 0.27273800 0.44791200
vn 0.98471920 0.09123250 0.14834020
vn 0.98506260 0.04687843 0.16569230
vn -0.34640010 0.25243920 0.90348290
vn 0.85340680 0.14083590 0.50185870
vn 0.98521440 -0.00072125 0.17132460
vn -0.34761880 -0.00337257 0.93762990
vn -0.67644830 -0.00262393 0.73648550
vn -0.67486250 -0.20586940 0.70864530
vn 0.85463920 -0.00196466 0.51921850
vn 0.98518850 -0.04809099 0.16459320
vn -0.34610850 -0.25894550 0.90175160
vn 0.85365200 -0.14453190 0.50038860
vn 0.98494810 -0.09156211 0.14660740
vn -0.34260530 -0.49216670 0.80024600
vn -0.67013230 -0.39206090 0.63024680
vn 0.85198660 -0.27530830 0.44533590
vn 0.98462590 -0.12814800 0.11870090
vn -0.33782850 -0.68580840 0.64462280
vn -0.66429530 -0.54762940 0.50873760
vn 0.84886990 -0.38605190 0.36108710
vn -0.33346660 -0.82873370 0.44944460
vn -0.65836010 -0.66337010 0.35567130
vn 0.84643450 -0.46854510 0.25300990
vn 0.98426790 -0.15577760 0.08336724
vn 0.98405510 -0.17263700 0.04280253
vn -0.33017470 -0.91559900 0.22948490
vn -0.65441750 -0.73397020 0.18172910
vn 0.84416820 -0.52010470 0.12988940
vn -0.32896270 -0.94433990 -0.00242097
vn -0.65266570 -0.75764330 -0.00202326
vn 0.84386010 -0.53656200 -0.00112597
vn 0.98399830 -0.17817770 -0.00020761
vn 0.33094780 -0.94364610 -0.00236920
vn 0.65432090 -0.75621500 -0.00177856
vn 0.65593240 -0.73179280 -0.18501900
vn 0.33196920 -0.91383800 -0.23387290
vn -0.84275950 -0.52153640 -0.13325160
vn -0.84214630 -0.53924660 -0.00164916
vn 0.33510040 -0.82583830 -0.45354020
vn 0.65980500 -0.66043390 -0.35844720
vn 0.66561960 -0.54401810 -0.51087650
vn -0.98354900 -0.17506720 -0.04452822
vn -0.98336480 -0.18164030 -0.00072556
vn -0.84530760 -0.46857800 -0.25668990
vn -0.98387130 -0.15708880 -0.08555910
vn -0.98430970 -0.12840850 -0.12101960
vn 0.33938170 -0.68177210 -0.64807940
vn 0.67127540 -0.38781370 -0.63165650
vn -0.84799870 -0.38464250 -0.36462070
vn -0.85136220 -0.27249850 -0.44824880
vn -0.98473080 -0.09072439 -0.14857350
vn -0.98505570 -0.04642478 -0.16586160
vn 0.34390090 -0.48699170 -0.80285200
vn 0.67580530 -0.20119670 -0.70908890
vn -0.85322550 -0.14062190 -0.50222680
vn 0.34725060 -0.25289840 -0.90302790
vn 0.67731610 0.00217545 -0.73568880
vn -0.85426110 0.00251359 -0.51983820
vn -0.98513620 0.00136421 -0.17176940
vn -0.98499350 0.04911245 -0.16545690
vn 0.34866290 0.00306482 -0.93724320
vn 0.67586680 0.20535260 -0.70783780
vn -0.85304550 0.14551710 -0.50113690
vn 0.34738230 0.25876700 -0.90131310
vn 0.67142340 0.39134700 -0.62931570
vn -0.85106250 0.27684920 -0.44614710
vn -0.98462090 0.09321518 -0.14775870
vn -0.98414270 0.13076160 -0.11985190
vn 0.34415690 0.49205280 -0.79965000
vn 0.66580700 0.54673910 -0.50771780
vn -0.84762950 0.38826170 -0.36163090
vn 0.33960570 0.68566860 -0.64383730
vn 0.66004470 0.66213800 -0.35484420
vn -0.84485970 0.47090480 -0.25389160
vn -0.98364030 0.15890310 -0.08486291
vn -0.98334250 0.17630100 -0.04422022
vn 0.33563830 0.82818380 -0.44884120
vn 0.65642360 0.73232920 -0.18111300
vn -0.84235360 0.52276980 -0.13096580
vn 0.33248920 0.91484450 -0.22915140
vn -0.84167230 0.53998830 0.00065023
vn -0.98313190 0.18289760 -0.00039900
vn -0.98310490 0.17774650 0.04371371
vn 0.33177680 0.94335440 0.00257088
vn 0.65504770 0.75558380 0.00238403
vn 0.65695700 0.73074290 0.18553260
vn -0.84175940 0.52335750 0.13243120
vn 0.33319400 0.91334570 0.23405430
vn -0.84384020 0.47113600 0.25683580
vn -0.98324780 0.16072340 0.08597507
vn -0.98360870 0.13211990 0.12271250
vn 0.33675240 0.82508760 0.45368310
vn 0.66107820 0.65900150 0.35873750
vn 0.66692180 0.54244460 0.51085130
vn -0.84633570 0.38724700 0.36572630
vn 0.34118060 0.68086280 0.64809080
vn -0.84963460 0.27470710 0.45017440
vn -0.98403730 0.09377353 0.15125220
vn -0.98441320 0.04842860 0.16907230
vn 0.34564210 0.48615310 0.80261240
vn 0.67256020 0.38635410 0.63118420
vn 0.67692550 0.19992960 0.70837850
vn -0.85160370 0.14207470 0.50456490
vn 0.34878130 0.25209810 0.90266170
vn 0.67808290 -0.00291771 0.73497960
vn -0.85286390 -0.00166148 0.52213070
vn -0.98457770 -0.00035530 0.17494760
vn -0.98452560 -0.04890442 0.16827850
vn 0.34972250 -0.00344171 0.93684700
vn 0.67630580 -0.20570960 0.70731460
vn -0.85192500 -0.14512780 0.50315180
vn 0.34810730 -0.25881350 0.90101980
vn 0.67154170 -0.39150820 0.62908910
vn -0.85025020 -0.27672160 0.44777220
vn -0.98427540 -0.09346405 0.14988860
vn -0.98394550 -0.13097920 0.12122560
vn 0.34452240 -0.49186600 0.79960750
vn 0.66569260 -0.54674250 0.50786390
vn -0.84712960 -0.38814880 0.36292130
vn 0.33979370 -0.68534950 0.64407800
vn -0.84468510 -0.47110830 0.25409470
vn -0.98360140 -0.15912580 0.08489569
vn 0.33535100 -0.82816950 0.44908220
vn 0.65982960 -0.66220880 0.35511170
vn 0.65595540 -0.73263630 0.18156680
vn -0.84242680 -0.52285360 0.13015790
vn -0.98339920 -0.17621210 0.04330621
vn 0.33211060 -0.91494950 0.22928160
vn -0.84214630 -0.53924660 -0.00164916
vn -0.98336480 -0.18164030 -0.00072556
vn 0.33094780 -0.94364610 -0.00236920
vn 0.65432090 -0.75621500 -0.00177856
vn 0.38562210 -0.92265380 -0.00233701
vn 0.78076400 -0.62482400 -0.00152122
vn 0.78222610 -0.60398730 -0.15271440
vn 0.38668640 -0.89358930 -0.22797330
vn -0.12599620 -0.96115200 -0.24558440
vn -0.12583580 -0.99204770 -0.00257688
vn -0.42107810 -0.90702130 -0.00236919
vn -0.42226230 -0.87859580 -0.22307830
vn -0.12696500 -0.86981490 -0.47676180
vn -0.42545920 -0.79475950 -0.43283000
vn -0.43051160 -0.65690330 -0.61898120
vn 0.39020580 -0.80765120 -0.44208480
vn 0.78540280 -0.54401050 -0.29528810
vn 0.78998410 -0.44692860 -0.41973810
vn -0.12838880 -0.71948100 -0.68254180
vn 0.39454380 -0.66704230 -0.63197300
vn 0.79443350 -0.31782470 -0.51755480
vn -0.12998750 -0.51513210 -0.84719660
vn -0.43553990 -0.46995450 -0.76775500
vn -0.43965710 -0.24442260 -0.86426800
vn 0.39937690 -0.47674720 -0.78307740
vn 0.79810790 -0.16446470 -0.57963370
vn -0.13109020 -0.26807120 -0.95443860
vn 0.40271670 -0.24780110 -0.88114350
vn 0.79938290 0.00172041 -0.60081950
vn -0.13165890 0.00270566 -0.99129140
vn -0.44111250 0.00246089 -0.89744840
vn -0.44025160 0.24901870 -0.86265190
vn 0.40439060 0.00256481 -0.91458280
vn 0.79797470 0.16786120 -0.57884270
vn -0.13149110 0.27320190 -0.95292760
vn 0.40273910 0.25270160 -0.87974040
vn 0.79373940 0.32161460 -0.51627700
vn -0.13090990 0.51998920 -0.84408170
vn -0.43683840 0.47413990 -0.76443680
vn -0.43248080 0.65985570 -0.61445160
vn 0.39910400 0.48154240 -0.78027740
vn 0.78831760 0.45126490 -0.41822890
vn -0.13010950 0.72330670 -0.67815860
vn 0.39380960 0.67111130 -0.62811110
vn 0.78327360 0.54798010 -0.29359890
vn -0.12916610 0.87215760 -0.47186570
vn -0.42779250 0.79614810 -0.42795060
vn 0.38925920 0.81036500 -0.43793340
vn 0.78060530 0.60660630 -0.15061280
vn -0.12776300 0.96215550 -0.24069330
vn -0.42411200 0.87889450 -0.21834260
vn 0.38605000 0.89492760 -0.22376330
vn -0.12676920 0.99192820 0.00280282
vn -0.42196400 0.90660880 0.00261052
vn 0.38523760 0.92281410 0.00248150
vn 0.77996210 0.62582490 0.00157595
vn 0.78185830 0.60427590 0.15345490
vn -0.12661900 0.96083200 0.24651490
vn -0.42266370 0.87820260 0.22386520
vn 0.38646450 0.89346400 0.22883880
vn -0.12739100 0.86938100 0.47743910
vn -0.42560140 0.79435750 0.43342780
vn 0.39007290 0.80732250 0.44280190
vn 0.78543880 0.54373380 0.29570130
vn 0.79024050 0.44637390 0.41984550
vn -0.12870720 0.71895440 0.68303670
vn -0.43057980 0.65644090 0.61942420
vn 0.39442030 0.66661080 0.63250510
vn -0.13035980 0.51445490 0.84755090
vn -0.43564140 0.46930570 0.76809430
vn -0.44004140 0.24366280 0.86428700
vn 0.39924400 0.47614440 0.78351180
vn 0.79468120 0.31725130 0.51752620
vn 0.79801460 0.16395520 0.57990630
vn -0.13167370 0.26725500 0.95458720
vn 0.40241260 0.24706990 0.88148770
vn 0.79885180 -0.00229004 0.60152350
vn -0.13235850 -0.00364844 0.99119520
vn -0.44169400 -0.00329670 0.89715970
vn -0.44048090 -0.24991130 0.86227660
vn 0.40388800 -0.00341894 0.91480210
vn 0.79744270 -0.16851050 0.57938700
vn -0.13198380 -0.27421800 0.95256750
vn 0.40216720 -0.25362490 0.87973620
vn 0.79376550 -0.32146180 0.51633190
vn -0.13090700 -0.52030870 0.84388520
vn -0.43639250 -0.47445460 0.76449620
vn 0.39882370 -0.48173780 0.78030010
vn 0.78938260 -0.44991700 0.41767170
vn -0.12927160 -0.72337790 0.67824280
vn -0.43133750 -0.66021790 0.61486610
vn 0.39401440 -0.67085580 0.62825550
vn -0.12768360 -0.87235800 0.47189870
vn -0.42611690 -0.79686590 0.42828630
vn 0.38981770 -0.81016530 0.43780620
vn 0.78488760 -0.54615930 0.29268010
vn 0.78195580 -0.60506340 0.14981170
vn -0.12636750 -0.96237780 0.24054130
vn -0.42266020 -0.87958140 0.21839190
vn 0.38650220 -0.89481230 0.22344340
vn -0.12583580 -0.99204770 -0.00257688
vn -0.42107810 -0.90702130 -0.00236919
vn 0.38562210 -0.92265380 -0.00233701
vn 0.78076400 -0.62482400 -0.00152122
vn 0.09654447 -0.99532530 -0.00257029
vn 0.41812260 -0.90838740 -0.00243135
vn 0.41935070 -0.87989560 -0.22344730
vn 0.09669569 -0.96434400 -0.24635440
vn -0.35696720 -0.90511190 -0.23096930
vn -0.35616740 -0.93441890 -0.00249425
vn -0.78599780 -0.61822680 -0.00172593
vn -0.78706920 -0.59798050 -0.15146420
vn -0.35999350 -0.81837010 -0.44796760
vn -0.78987800 -0.53888750 -0.29273380
vn -0.79421850 -0.44274630 -0.41616420
vn 0.09749642 -0.87276380 -0.47830700
vn 0.42254530 -0.79591540 -0.43355990
vn 0.42757710 -0.65782860 -0.62003180
vn -0.36386370 -0.67619540 -0.64059580
vn 0.09859338 -0.72200700 -0.68482490
vn 0.43271200 -0.47057340 -0.76897390
vn -0.36833380 -0.48345580 -0.79410370
vn -0.79849900 -0.31482150 -0.51311470
vn -0.80186450 -0.16284590 -0.57488650
vn 0.09992976 -0.51698040 -0.85014430
vn 0.43678840 -0.24468910 -0.86564610
vn -0.37126050 -0.25127510 -0.89388290
vn 0.10084630 -0.26901010 -0.95784320
vn 0.43804870 0.00251885 -0.89894770
vn -0.37262610 0.00282355 -0.92797730
vn -0.80275140 0.00195985 -0.59631070
vn -0.80129350 0.16679910 -0.57454920
vn 0.10123090 0.00278733 -0.99485910
vn 0.43701230 0.24954200 -0.86414640
vn -0.37105700 0.25666390 -0.89243500
vn 0.10087290 0.27435840 -0.95632230
vn 0.43333120 0.47493460 -0.76593800
vn -0.36763780 0.48837100 -0.79141400
vn -0.79718720 0.31910990 -0.51250510
vn -0.79196600 0.44746520 -0.41540920
vn 0.10042430 0.52176910 -0.84715520
vn 0.42888600 0.66088370 -0.61586490
vn -0.36240020 0.68020590 -0.63717030
vn 0.10016070 0.72560460 -0.68078320
vn 0.42424180 0.79758210 -0.42881410
vn -0.35796320 0.82150570 -0.44383650
vn -0.78704360 0.54373730 -0.29139690
vn 0.09973342 0.87519090 -0.47338560
vn 0.42065340 0.88049190 -0.21859740
vn -0.35508420 0.90703600 -0.22627640
vn -0.78443560 0.60202400 -0.14909040
vn 0.09842621 0.96552630 -0.24097930
vn -0.34250180 0.93949350 0.00667425
vn -0.76552560 0.64339410 0.00378756
vn 0.08477999 0.99637750 0.00665098
vn 0.39459780 0.91884300 0.00447350
vn 0.30944910 0.91951720 0.24234160
vn -0.30692640 0.92039480 0.24221820
vn -0.68977820 0.69910480 0.18830380
vn 0.04370369 0.96587610 0.25529070
vn -0.28060010 0.84317270 0.45861030
vn -0.62428240 0.68373820 0.37785380
vn 0.01172370 0.87638960 0.48146020
vn 0.24756290 0.84952050 0.46586220
vn 0.31261350 0.69514380 0.64733900
vn -0.31278740 0.69659410 0.64569400
vn -0.69298490 0.53004390 0.48869770
vn 0.04031485 0.72973540 0.68254000
vn -0.35613070 0.48991220 0.79571160
vn -0.77828230 0.33070280 0.53377160
vn -0.80268910 0.16249150 0.57383510
vn 0.08471633 0.52077220 0.84948190
vn 0.40651580 0.47819530 0.77850770
vn 0.43715960 0.24409690 0.86562600
vn -0.37198780 0.25077400 0.89372120
vn 0.10073370 0.26823400 0.95807270
vn 0.43872810 -0.00327688 0.89861390
vn -0.37346110 -0.00334899 0.92763980
vn -0.80390210 -0.00207188 0.59475810
vn -0.80284110 -0.16642120 0.57249460
vn 0.10127670 -0.00369486 0.99485140
vn 0.43759060 -0.25027620 0.86364130
vn -0.37202300 -0.25715870 0.89189030
vn 0.10105900 -0.27527640 0.95603870
vn 0.43358500 -0.47516100 0.76565400
vn -0.36892920 -0.48837880 0.79080810
vn -0.79937380 -0.31757040 0.51004960
vn 0.10032620 -0.52224930 0.84687090
vn 0.42851070 -0.66118710 0.61580040
vn -0.36432120 -0.67990900 0.63639130
vn -0.79498650 -0.44463750 0.41266690
vn 0.09909820 -0.72596900 0.68055030
vn -0.36030550 -0.82077830 0.44328650
vn -0.79046390 -0.53994700 0.28917830
vn 0.09794500 -0.87534820 0.47346840
vn 0.42333230 -0.79801680 0.42890440
vn 0.41977040 -0.88089740 0.21866110
vn -0.35711410 -0.90628090 0.22610700
vn -0.78739850 -0.59841900 0.14798080
vn 0.09694248 -0.96559110 0.24132150
vn -0.35616740 -0.93441890 -0.00249425
vn -0.78599780 -0.61822680 -0.00172593
vn 0.09654447 -0.99532530 -0.00257029
vn 0.41812260 -0.90838740 -0.00243135
vn 0.81468730 0.56204520 0.14279270
vn 0.81435090 0.58037280 0.00048319
vn 0.90334780 0.42890850 -0.00042097
vn 0.81561280 0.56101550 -0.14155340
vn 0.90372620 0.41546520 0.10328450
vn 0.81646030 0.50611580 0.27791970
vn 0.90390250 0.41491170 -0.10396400
vn 0.81824700 0.50507980 -0.27452880
vn 0.90522720 0.37364760 0.20236400
vn 0.81993930 0.41437100 0.39496370
vn 0.90726480 0.30608430 0.28841450
vn 0.82365800 0.29324470 0.48538120
vn 0.90965620 0.21613450 0.35469900
vn 0.82674020 0.15067480 0.54203110
vn 0.91137250 0.11052740 0.39646420
vn 0.82795940 -0.00242866 0.56078280
vn 0.91227620 -0.00265087 0.40956690
vn 0.82735590 -0.15510970 0.53983630
vn 0.91180770 -0.11535440 0.39408130
vn 0.82477680 -0.29599380 0.48179960
vn 0.91043880 -0.21869540 0.35110350
vn 0.82146890 -0.41519220 0.39090190
vn 0.90832390 -0.30632790 0.28479970
vn 0.81799120 -0.50544550 0.27461820
vn 0.90627240 -0.37229630 0.20016430
vn 0.81583820 -0.56086860 0.14083510
vn 0.90462200 -0.41356210 0.10307960
vn 0.81515820 -0.57923650 -0.00149804
vn 0.90392550 -0.42768960 -0.00053308
vn 0.81673080 -0.55890490 -0.14344340
vn 0.90422990 -0.41410220 -0.10434380
vn 0.81974590 -0.50164440 -0.27635050
vn 0.90559960 -0.37270970 -0.20242740
vn 0.82395760 -0.41010100 -0.39103840
vn 0.90751680 -0.30593950 -0.28777480
vn 0.82788340 -0.29017860 -0.48000570
vn 0.90962930 -0.21688500 -0.35430980
vn 0.83088180 -0.14945920 -0.53600140
vn 0.91110080 -0.11200150 -0.39667490
vn 0.83178930 0.00218487 -0.55508710
vn 0.91170780 0.00173457 -0.41083560
vn 0.83064780 0.15372000 -0.53515820
vn 0.91101810 0.11535890 -0.39590210
vn 0.82730610 0.29419460 -0.47855430
vn 0.90949350 0.21993420 -0.35277530
vn 0.82281530 0.41411760 -0.38920630
vn 0.90731840 0.30852350 -0.28563400
vn 0.90531670 0.37416640 -0.20100050
vn 0.97301940 -0.17017970 -0.15579540
vn 0.97414300 -0.11948770 -0.19175020
vn 0.97429980 -0.06238298 -0.21644470
vn 0.97485580 0.00114680 -0.22283370
vn 0.99999480 -0.00053977 0.00321759
vn 0.97271030 -0.20515320 -0.10838280
vn 0.97423650 0.06469650 -0.21604970
vn 0.97181650 -0.22933620 -0.05456736
vn 0.97405340 0.12190340 -0.19068180
vn 0.97204810 -0.23477670 0.00156200
vn 0.97189650 -0.22820830 0.05777764
vn 0.97280640 -0.20403820 0.10961800
vn 0.97315780 -0.16953330 0.15563460
vn 0.97427210 -0.12048710 0.19046490
vn 0.97444360 -0.06520187 0.21496160
vn 0.97503810 -0.00326504 0.22201400
vn 0.97445320 0.05902388 0.21669640
vn 0.97431330 0.11690490 0.19247590
vn 0.97310790 0.16851600 0.15704540
vn 0.97276000 0.20451790 0.10913580
vn 0.97171920 0.22963090 0.05505825
vn 0.97188570 0.23544870 -0.00143126
vn 0.97172540 0.22902090 -0.05743873
vn 0.97256620 0.20568670 -0.10866490
vn 0.97291760 0.17246400 -0.15390750
vn -0.90366370 -0.42824020 -0.00149844
vn -0.81242950 -0.58305560 -0.00210912
vn -0.81402210 -0.56243170 -0.14504650
vn -0.81305120 -0.56478320 0.14130750
vn -0.90399740 -0.41433840 -0.10541480
vn -0.90535690 -0.37275610 -0.20342510
vn -0.81706660 -0.50467230 -0.27876170
vn -0.82127790 -0.41243550 -0.39420760
vn -0.90721460 -0.30589100 -0.28877720
vn -0.82517530 -0.29169530 -0.48373490
vn -0.90923870 -0.21676370 -0.35538490
vn -0.82816700 -0.14998900 -0.54003970
vn -0.91061850 -0.11173790 -0.39785490
vn -0.82899560 0.00259435 -0.55924890
vn -0.91113090 0.00207658 -0.41211200
vn -0.82774450 0.15513350 -0.53923330
vn -0.91036050 0.11587170 -0.39726250
vn -0.82430190 0.29660250 -0.48223780
vn -0.90877720 0.22081110 -0.35407140
vn -0.81996120 0.41709750 -0.39203720
vn -0.90664860 0.30959780 -0.28659680
vn -0.81543990 0.50852000 -0.27652320
vn -0.97368470 -0.16757150 -0.15446000
vn -0.97472200 -0.11765650 -0.18993120
vn -0.97340450 -0.20203660 -0.10800500
vn -0.97484130 -0.06134657 -0.21429180
vn -0.97257870 -0.22591870 -0.05523975
vn -0.99999860 -0.00005569 0.00173989
vn -0.97533420 0.00125825 -0.22072960
vn -0.97279760 -0.23165660 -0.00005323
vn -0.97451100 0.12069990 -0.18910250
vn -0.97265830 -0.22553810 0.05539301
vn -0.97471870 0.06395727 -0.21408620
vn -0.90427920 -0.41448990 0.10235870
vn -0.97340290 0.17084310 -0.15264150
vn -0.90587220 -0.37336650 0.19998240
vn -0.81520050 -0.50907680 0.27620430
vn -0.81865950 -0.41823750 0.39354030
vn -0.97308370 0.20391070 -0.10737100
vn -0.97353010 -0.20193940 0.10704940
vn -0.90787120 -0.30729020 0.28520630
vn -0.90472860 0.37529890 -0.20153670
vn -0.90995370 -0.21935760 0.35194690
vn -0.82197680 -0.29809300 0.48527810
vn -0.97387140 -0.16779240 0.15303680
vn -0.97225560 0.22708840 -0.05612397
vn -0.90331970 0.41613200 -0.10415270
vn -0.81262190 0.56503710 -0.14275420
vn -0.97493560 -0.11928470 0.18780800
vn -0.97239130 0.23334760 -0.00199568
vn -0.97510130 -0.06439386 0.21220490
vn -0.91128480 -0.11560170 0.39521690
vn -0.82448890 -0.15610110 0.54392140
vn -0.90273850 0.43018920 -0.00078623
vn -0.81107280 0.58494520 0.00018592
vn -0.81137080 0.56664840 0.14348210
vn -0.91172440 -0.00233610 0.41079570
vn -0.82504310 -0.00210898 0.56506590
vn -0.97229150 0.22777490 0.05260988
vn -0.90311400 0.41692790 0.10274300
vn -0.97565510 -0.00288381 0.21929110
vn -0.91076610 0.11141290 0.39760810
vn -0.82371150 0.15234260 0.54616040
vn -0.90458200 0.37528210 0.20222460
vn -0.81318480 0.51042800 0.27963140
vn -0.81672790 0.41815000 0.39762560
vn -0.97332760 0.20320810 0.10648950
vn -0.97506520 0.05896928 0.21394040
vn -0.90902200 0.21746460 0.35551110
vn -0.82053290 0.29607430 0.48894350
vn -0.97368120 0.16765830 0.15438770
vn -0.97488990 0.11649950 0.18978320
vn -0.90659990 0.30774800 0.28873470
vt 0.00978675 0.37139550
vt 0.00977591 0.41658180
vt 0.03827165 0.41658290
vt 0.03828233 0.37140440
vt 0.03829901 0.30590790
vt 0.00980252 0.30589890
vt 0.00981462 0.25677520
vt 0.06677791 0.37141340
vt 0.06676739 0.41658400
vt 0.09526235 0.41658440
vt 0.03831254 0.25678430
vt 0.00982678 0.20765160
vt 0.06679550 0.30591680
vt 0.09526928 0.37142060
vt 0.12375730 0.41658480
vt 0.06681046 0.25679330
vt 0.09528257 0.30592540
vt 0.12376060 0.37142770
vt 0.15225390 0.41658400
vt 0.12376960 0.30593390
vt 0.09529627 0.25680300
vt 0.06682631 0.20766950
vt 0.15225100 0.37142770
vt 0.18075050 0.41658310
vt 0.15225400 0.30593820
vt 0.12378210 0.25681280
vt 0.18074130 0.37142770
vt 0.20924990 0.41658260
vt 0.18073830 0.30594240
vt 0.20923940 0.37142160
vt 0.23774930 0.41658200
vt 0.03832655 0.20766060
vt 0.03834707 0.14215850
vt 0.00984359 0.14214930
vt 0.00985578 0.09688121
vt 0.03836282 0.09688342
vt 0.06686985 0.09688562
vt 0.06685054 0.14216770
vt 0.09534076 0.14218080
vt 0.09536298 0.09688857
vt 0.09531313 0.20768080
vt 0.12383100 0.14219390
vt 0.12385610 0.09689152
vt 0.12379990 0.20769220
vt 0.15231180 0.14221060
vt 0.15233840 0.09689580
vt 0.15226430 0.25682180
vt 0.18079270 0.14222720
vt 0.18082070 0.09690008
vt 0.15228040 0.20770540
vt 0.18074640 0.25683080
vt 0.20927330 0.14224530
vt 0.20929800 0.09690534
vt 0.18076080 0.20771860
vt 0.20923640 0.30594450
vt 0.23775390 0.14226340
vt 0.23777530 0.09691060
vt 0.20924130 0.25683680
vt 0.20925090 0.20772870
vt 0.23773440 0.30594650
vt 0.26628020 0.14224710
vt 0.26628750 0.09690690
vt 0.23773610 0.25684270
vt 0.23774100 0.20773890
vt 0.23773750 0.37141560
vt 0.26629190 0.41657820
vt 0.29480660 0.14223070
vt 0.29479980 0.09690320
vt 0.26627710 0.30592390
vt 0.26628320 0.37139040
vt 0.29483450 0.41657430
vt 0.26627510 0.25682180
vt 0.26627540 0.20771980
vt 0.32333810 0.14225530
vt 0.32331910 0.09690943
vt 0.35183840 0.09691566
vt 0.29482880 0.37136520
vt 0.32337810 0.41657970
vt 0.29481980 0.30590120
vt 0.29481410 0.25680070
vt 0.29480980 0.20770060
vt 0.32336650 0.30592730
vt 0.32337650 0.37139230
vt 0.32335800 0.25682620
vt 0.32334950 0.20772540
vt 0.35192410 0.37141940
vt 0.35192180 0.41658500
vt 0.38041730 0.41658250
vt 0.35191320 0.30595340
vt 0.35186950 0.14227980
vt 0.35188930 0.20775010
vt 0.35190180 0.25685170
vt 0.38035740 0.14224800
vt 0.38032570 0.09690702
vt 0.40881310 0.09689838
vt 0.38041250 0.30593700
vt 0.38042020 0.37141080
vt 0.38040050 0.25683170
vt 0.38038510 0.20772640
vt 0.40884520 0.14221620
vt 0.40891630 0.37140230
vt 0.40891280 0.41658010
vt 0.43739460 0.41657890
vt 0.40891170 0.30592050
vt 0.40888090 0.20770270
vt 0.43732650 0.14219520
vt 0.43729810 0.09689283
vt 0.46578310 0.09688729
vt 0.40889910 0.25681170
vt 0.43738880 0.30591330
vt 0.43739580 0.37139870
vt 0.43737670 0.25679960
vt 0.43735920 0.20768600
vt 0.46580780 0.14217420
vt 0.46587540 0.37139520
vt 0.46587650 0.41657770
vt 0.49435390 0.41657720
vt 0.46586600 0.30590610
vt 0.46583760 0.20766930
vt 0.49429500 0.14216150
vt 0.49427600 0.09688382
vt 0.46585430 0.25678750
vt 0.49435150 0.37139120
vt 0.52283130 0.41657660
vt 0.49434230 0.30589940
vt 0.52278230 0.14214870
vt 0.52276880 0.09688035
vt 0.49433190 0.25677910
vt 0.49431830 0.20765920
vt 0.52282760 0.37138730
vt 0.55131240 0.41657690
vt 0.52281860 0.30589280
vt 0.55128170 0.14214340
vt 0.55127350 0.09687905
vt 0.52280940 0.25677080
vt 0.52279900 0.20764900
vt 0.55131010 0.37138410
vt 0.57979360 0.41657720
vt 0.55130430 0.30588900
vt 0.57978120 0.14213810
vt 0.57977820 0.09687775
vt 0.55129860 0.25676660
vt 0.55129210 0.20764430
vt 0.57979260 0.37138090
vt 0.60828230 0.41657810
vt 0.57979010 0.30588520
vt 0.60829190 0.14213860
vt 0.60829310 0.09687811
vt 0.63680790 0.09687847
vt 0.57978790 0.25676230
vt 0.57978510 0.20763950
vt 0.60828720 0.30588620
vt 0.60828470 0.37138210
vt 0.60828870 0.25676320
vt 0.60829020 0.20764010
vt 0.63680270 0.14213910
vt 0.63677680 0.37138330
vt 0.63677110 0.41657900
vt 0.66526570 0.41658040
vt 0.63678420 0.30588730
vt 0.63679530 0.20764070
vt 0.66531530 0.14214420
vt 0.66532400 0.09687984
vt 0.69384010 0.09688121
vt 0.69382800 0.14214930
vt 0.63678960 0.25676400
vt 0.66530320 0.20764620
vt 0.69381110 0.20765160
vt 0.66529430 0.25676960
vt 0.69379900 0.25677520
vt 0.66528560 0.30589310
vt 0.69378690 0.30589890
vt 0.66527400 0.37138940
vt 0.69377120 0.37139550
vt 0.69376030 0.41658180
vt 0.00986737 0.04397702
vt 0.00985786 0.08866268
vt 0.03836559 0.08866474
vt 0.03837930 0.04398626
vt 0.00988299 0.01629180
vt 0.03839777 0.01630136
vt 0.06691256 0.01631093
vt 0.06689122 0.04399550
vt 0.06687331 0.08866680
vt 0.09536692 0.08866984
vt 0.09538782 0.04400915
vt 0.09541140 0.01632482
vt 0.12386050 0.08867288
vt 0.12388440 0.04402280
vt 0.12391020 0.01633871
vt 0.15234320 0.08867732
vt 0.15236870 0.04404086
vt 0.15239590 0.01635692
vt 0.18082580 0.08868176
vt 0.18085300 0.04405892
vt 0.18088160 0.01637512
vt 0.20930310 0.08868811
vt 0.20933200 0.04408184
vt 0.20936390 0.01639783
vt 0.23778040 0.08869445
vt 0.23781090 0.04410475
vt 0.23784610 0.01642054
vt 0.26628810 0.08869937
vt 0.26629400 0.04413888
vt 0.26632800 0.01644298
vt 0.29479580 0.08870429
vt 0.29477710 0.04417300
vt 0.29480980 0.01646543
vt 0.32328840 0.01644689
vt 0.32331170 0.08870173
vt 0.32327160 0.04413393
vt 0.35176690 0.01642835
vt 0.35176620 0.04409486
vt 0.35182770 0.08869916
vt 0.38031660 0.08869208
vt 0.38026200 0.04407233
vt 0.38025240 0.01639751
vt 0.40873780 0.01636666
vt 0.40875770 0.04404980
vt 0.40880560 0.08868501
vt 0.43729170 0.08867596
vt 0.43725110 0.04402754
vt 0.43723490 0.01634207
vt 0.46573200 0.01631749
vt 0.46574450 0.04400527
vt 0.46577780 0.08866692
vt 0.49427180 0.08866337
vt 0.49424480 0.04399142
vt 0.49423660 0.01630366
vt 0.52276590 0.08865982
vt 0.52274500 0.04397756
vt 0.52274130 0.01628983
vt 0.55127160 0.08865900
vt 0.55125640 0.04397205
vt 0.55125620 0.01628458
vt 0.57977740 0.08865818
vt 0.57976780 0.04396653
vt 0.57977100 0.01627934
vt 0.60829310 0.08865915
vt 0.60828830 0.04396689
vt 0.60829480 0.01628017
vt 0.63681850 0.01628101
vt 0.63680880 0.04396725
vt 0.63680880 0.08866012
vt 0.66532550 0.08866140
vt 0.66533020 0.04397213
vt 0.66534290 0.01628640
vt 0.69386720 0.01629180
vt 0.69385160 0.04397702
vt 0.69384230 0.08866268
vt 0.00977069 0.46958940
vt 0.00975168 0.49728360
vt 0.03824817 0.49729220
vt 0.03826675 0.46959830
vt 0.00977430 0.42403990
vt 0.03826994 0.42404180
vt 0.06676558 0.42404370
vt 0.06676280 0.46960720
vt 0.06674466 0.49730070
vt 0.09524673 0.49730690
vt 0.09526231 0.46961350
vt 0.09526118 0.42404480
vt 0.12374880 0.49731310
vt 0.12376180 0.46961980
vt 0.12375680 0.42404590
vt 0.15225840 0.49731100
vt 0.15226640 0.46961810
vt 0.15225450 0.42404560
vt 0.18076810 0.49730890
vt 0.18077110 0.46961650
vt 0.18075220 0.42404530
vt 0.20928760 0.49729280
vt 0.20927970 0.46960230
vt 0.20925260 0.42404200
vt 0.23780710 0.49727680
vt 0.23778840 0.46958800
vt 0.23775310 0.42403860
vt 0.26633390 0.49724040
vt 0.26631790 0.46953510
vt 0.26629390 0.42402930
vt 0.29486080 0.49720410
vt 0.29484740 0.46948220
vt 0.29483470 0.42402000
vt 0.32337850 0.46953760
vt 0.32337710 0.42402910
vt 0.32337650 0.49723040
vt 0.35191950 0.42403810
vt 0.35190960 0.46959290
vt 0.35189220 0.49725680
vt 0.38039170 0.49726520
vt 0.38041040 0.46958840
vt 0.38041600 0.42403810
vt 0.40891250 0.42403800
vt 0.40891120 0.46958390
vt 0.40889110 0.49727370
vt 0.43738230 0.49727780
vt 0.43739660 0.46958440
vt 0.43739450 0.42403800
vt 0.46588190 0.46958490
vt 0.46587360 0.49728190
vt 0.46587650 0.42403800
vt 0.49435380 0.49727980
vt 0.49436130 0.46958230
vt 0.49435400 0.42403670
vt 0.52283410 0.49727770
vt 0.52284070 0.46957980
vt 0.52283160 0.42403530
vt 0.55131200 0.49727450
vt 0.55132040 0.46957700
vt 0.55131250 0.42403500
vt 0.57978990 0.49727130
vt 0.57980000 0.46957420
vt 0.57979350 0.42403460
vt 0.60827290 0.49727170
vt 0.60828530 0.46957550
vt 0.60828190 0.42403540
vt 0.63677030 0.42403630
vt 0.63677060 0.46957670
vt 0.63675590 0.49727200
vt 0.66524590 0.49727780
vt 0.66526280 0.46958310
vt 0.66526440 0.42403810
vt 0.69375850 0.42403990
vt 0.69375490 0.46958940
vt 0.69373580 0.49728360
vt 0.00974986 0.50371090
vt 0.00975016 0.50473000
vt 0.03824683 0.50473800
vt 0.03824584 0.50371970
vt 0.03824642 0.50094280
vt 0.00975031 0.50093410
vt 0.00975168 0.49728360
vt 0.03824817 0.49729220
vt 0.06674254 0.50095150
vt 0.06674466 0.49730070
vt 0.09524673 0.49730690
vt 0.06674182 0.50372840
vt 0.06674349 0.50474610
vt 0.09524566 0.50475320
vt 0.09524510 0.50095770
vt 0.09524429 0.50373470
vt 0.12374780 0.50476030
vt 0.12374770 0.50096390
vt 0.12374880 0.49731310
vt 0.15225840 0.49731100
vt 0.12374680 0.50374100
vt 0.15225740 0.50475870
vt 0.15225790 0.50096180
vt 0.15225720 0.50373890
vt 0.18076690 0.50475720
vt 0.18076810 0.50095960
vt 0.18076810 0.49730890
vt 0.20928760 0.49729280
vt 0.18076760 0.50373670
vt 0.20928730 0.50474010
vt 0.20928890 0.50094370
vt 0.20928870 0.50372050
vt 0.23780780 0.50472310
vt 0.23780960 0.50092770
vt 0.23780710 0.49727680
vt 0.26633390 0.49724040
vt 0.23780990 0.50370430
vt 0.26633340 0.50468800
vt 0.26633580 0.50089100
vt 0.26633540 0.50366780
vt 0.29485900 0.50465300
vt 0.29486190 0.50085440
vt 0.29486080 0.49720410
vt 0.29486090 0.50363140
vt 0.32337520 0.50467840
vt 0.32337640 0.50088050
vt 0.32337650 0.49723040
vt 0.32337470 0.50365690
vt 0.35189070 0.50090670
vt 0.35189220 0.49725680
vt 0.35188840 0.50368240
vt 0.35189130 0.50470380
vt 0.38039300 0.50472060
vt 0.38039050 0.50091420
vt 0.38039170 0.49726520
vt 0.38038920 0.50369180
vt 0.40889020 0.50092170
vt 0.40889110 0.49727370
vt 0.40889000 0.50370110
vt 0.40889460 0.50473750
vt 0.43738530 0.50474520
vt 0.43738220 0.50092530
vt 0.43738230 0.49727780
vt 0.43738230 0.50370520
vt 0.46587420 0.50092890
vt 0.46587360 0.49728190
vt 0.49435380 0.49727980
vt 0.46587460 0.50370930
vt 0.46587600 0.50475300
vt 0.49435510 0.50475040
vt 0.49435500 0.50092690
vt 0.49435500 0.50370720
vt 0.52283420 0.50474770
vt 0.52283570 0.50092480
vt 0.52283410 0.49727770
vt 0.55131200 0.49727450
vt 0.52283550 0.50370500
vt 0.55131130 0.50474080
vt 0.55131340 0.50092220
vt 0.55131300 0.50370170
vt 0.57978830 0.50473380
vt 0.57979110 0.50091950
vt 0.57978990 0.49727130
vt 0.57979050 0.50369850
vt 0.60827080 0.50472940
vt 0.60827330 0.50092070
vt 0.60827290 0.49727170
vt 0.60827270 0.50369910
vt 0.63675560 0.50092180
vt 0.63675590 0.49727200
vt 0.63675500 0.50369960
vt 0.63675330 0.50472510
vt 0.66524390 0.50472750
vt 0.66524520 0.50092790
vt 0.66524590 0.49727780
vt 0.66524460 0.50370530
vt 0.69373480 0.50093410
vt 0.69373580 0.49728360
vt 0.69373420 0.50371090
vt 0.69373450 0.50473000
vt 0.00988206 0.01264584
vt 0.00988299 0.01629180
vt 0.03839777 0.01630136
vt 0.03839643 0.01265529
vt 0.03840007 0.00987410
vt 0.00988546 0.00986445
vt 0.06691080 0.01266474
vt 0.06691256 0.01631093
vt 0.09541140 0.01632482
vt 0.03840716 0.00883427
vt 0.00989127 0.00882411
vt 0.06691468 0.00988376
vt 0.06692305 0.00884443
vt 0.09542182 0.00885710
vt 0.09540998 0.01267901
vt 0.12391020 0.01633871
vt 0.09541374 0.00989795
vt 0.12391280 0.00991213
vt 0.12392060 0.00886977
vt 0.15240480 0.00888687
vt 0.12390920 0.01269329
vt 0.15239590 0.01635692
vt 0.15239910 0.00993040
vt 0.15239560 0.01271161
vt 0.18088160 0.01637512
vt 0.18088540 0.00994867
vt 0.18088900 0.00890398
vt 0.20936950 0.00892681
vt 0.18088200 0.01272994
vt 0.20936390 0.01639783
vt 0.20936850 0.00997174
vt 0.20936550 0.01275301
vt 0.23784610 0.01642054
vt 0.23785160 0.00999481
vt 0.23785010 0.00894964
vt 0.26633070 0.00897229
vt 0.23784890 0.01277608
vt 0.26632800 0.01644298
vt 0.26633260 0.01001763
vt 0.26633000 0.01279852
vt 0.29480980 0.01646543
vt 0.29481350 0.01004046
vt 0.29481120 0.00899494
vt 0.32328900 0.00897554
vt 0.29481100 0.01282096
vt 0.32328840 0.01644689
vt 0.32329000 0.01002178
vt 0.32328780 0.01280254
vt 0.35176650 0.01000309
vt 0.35176670 0.00895613
vt 0.38025210 0.00891775
vt 0.35176470 0.01278412
vt 0.35176690 0.01642835
vt 0.38025240 0.01639751
vt 0.38025250 0.00997171
vt 0.38025080 0.01275420
vt 0.40873850 0.00994033
vt 0.40873750 0.00887936
vt 0.43723410 0.00885108
vt 0.40873700 0.01272428
vt 0.40873780 0.01636666
vt 0.43723490 0.01634207
vt 0.43723610 0.00991556
vt 0.43723480 0.01269990
vt 0.46573370 0.00989080
vt 0.46573070 0.00882280
vt 0.49423520 0.00880987
vt 0.46573250 0.01267552
vt 0.46573200 0.01631749
vt 0.49423660 0.01630366
vt 0.49423870 0.00987679
vt 0.49423740 0.01266140
vt 0.52274130 0.01628983
vt 0.52274370 0.00986278
vt 0.52273980 0.00879693
vt 0.55125560 0.00879592
vt 0.52274230 0.01264727
vt 0.55125620 0.01628458
vt 0.55125900 0.00985751
vt 0.55125730 0.01264134
vt 0.57977100 0.01627934
vt 0.57977430 0.00985223
vt 0.57977150 0.00879490
vt 0.60829700 0.00880069
vt 0.57977240 0.01263541
vt 0.60829480 0.01628017
vt 0.60829790 0.00985289
vt 0.60829560 0.01263556
vt 0.63682150 0.00985354
vt 0.63682250 0.00880647
vt 0.63681890 0.01263571
vt 0.63681850 0.01628101
vt 0.66534290 0.01628640
vt 0.66534560 0.00985900
vt 0.66534910 0.00881529
vt 0.66534260 0.01264077
vt 0.69386970 0.00986445
vt 0.69387570 0.00882411
vt 0.69386630 0.01264584
vt 0.69386720 0.01629180
vt 0.00977403 0.42268290
vt 0.00977430 0.42403990
vt 0.03826994 0.42404180
vt 0.03826925 0.42268560
vt 0.03827071 0.41919750
vt 0.00977531 0.41919550
vt 0.00977591 0.41658180
vt 0.03827165 0.41658290
vt 0.06676611 0.41919950
vt 0.06676739 0.41658400
vt 0.09526235 0.41658440
vt 0.06676447 0.42268820
vt 0.06676558 0.42404370
vt 0.09526118 0.42404480
vt 0.09526159 0.41920080
vt 0.09526064 0.42269040
vt 0.12375680 0.42404590
vt 0.12375710 0.41920210
vt 0.12375730 0.41658480
vt 0.15225390 0.41658400
vt 0.12375680 0.42269260
vt 0.15225450 0.42404560
vt 0.15225420 0.41920190
vt 0.15225480 0.42269280
vt 0.18075220 0.42404530
vt 0.18075140 0.41920160
vt 0.18075050 0.41658310
vt 0.20924990 0.41658260
vt 0.18075280 0.42269300
vt 0.20925260 0.42404200
vt 0.20925100 0.41919850
vt 0.20925310 0.42268690
vt 0.23775310 0.42403860
vt 0.23775060 0.41919530
vt 0.23774930 0.41658200
vt 0.26629190 0.41657820
vt 0.23775350 0.42268080
vt 0.26629390 0.42402930
vt 0.26629290 0.41918840
vt 0.26629450 0.42266800
vt 0.29483470 0.42402000
vt 0.29483520 0.41918140
vt 0.29483450 0.41657430
vt 0.29483560 0.42265510
vt 0.32337710 0.42402910
vt 0.32337730 0.41918900
vt 0.32337810 0.41657970
vt 0.32337600 0.42266660
vt 0.35191940 0.41919660
vt 0.35192180 0.41658500
vt 0.35191650 0.42267810
vt 0.35191950 0.42403810
vt 0.38041600 0.42403810
vt 0.38041490 0.41919630
vt 0.38041730 0.41658250
vt 0.38041310 0.42268050
vt 0.40891040 0.41919610
vt 0.40891280 0.41658010
vt 0.40890980 0.42268290
vt 0.40891250 0.42403800
vt 0.43739450 0.42403800
vt 0.43739300 0.41919530
vt 0.43739460 0.41657890
vt 0.43739290 0.42268320
vt 0.46587570 0.41919450
vt 0.46587650 0.41657770
vt 0.49435390 0.41657720
vt 0.46587590 0.42268360
vt 0.46587650 0.42403800
vt 0.49435400 0.42403670
vt 0.49435400 0.41919330
vt 0.49435430 0.42268180
vt 0.52283160 0.42403530
vt 0.52283240 0.41919200
vt 0.52283130 0.41657660
vt 0.55131240 0.41657690
vt 0.52283280 0.42268000
vt 0.55131250 0.42403500
vt 0.55131380 0.41919150
vt 0.55131410 0.42267870
vt 0.57979350 0.42403460
vt 0.57979510 0.41919110
vt 0.57979360 0.41657720
vt 0.57979540 0.42267740
vt 0.60828190 0.42403540
vt 0.60828360 0.41919180
vt 0.60828230 0.41657810
vt 0.60828340 0.42267800
vt 0.63677200 0.41919260
vt 0.63677110 0.41657900
vt 0.63677140 0.42267860
vt 0.63677030 0.42403630
vt 0.66526440 0.42403810
vt 0.66526580 0.41919400
vt 0.66526570 0.41658040
vt 0.66526500 0.42268070
vt 0.69375960 0.41919550
vt 0.69376030 0.41658180
vt 0.69375840 0.42268290
vt 0.69375850 0.42403990
vt 0.00985283 0.09425253
vt 0.00985578 0.09688121
vt 0.03836282 0.09688342
vt 0.03835918 0.09425449
vt 0.03836142 0.09000562
vt 0.00985450 0.09000376
vt 0.00985786 0.08866268
vt 0.03836559 0.08866474
vt 0.06686834 0.09000748
vt 0.06687331 0.08866680
vt 0.09536692 0.08866984
vt 0.06686553 0.09425646
vt 0.06686985 0.09688562
vt 0.09536298 0.09688857
vt 0.09536240 0.09001055
vt 0.09535930 0.09425952
vt 0.12385610 0.09689152
vt 0.12385650 0.09001362
vt 0.12386050 0.08867288
vt 0.15234320 0.08867732
vt 0.12385310 0.09426257
vt 0.15233840 0.09689580
vt 0.15234040 0.09001835
vt 0.15233660 0.09426694
vt 0.18082070 0.09690008
vt 0.18082440 0.09002307
vt 0.18082580 0.08868176
vt 0.20930310 0.08868811
vt 0.18082020 0.09427130
vt 0.20929800 0.09690534
vt 0.20930180 0.09003080
vt 0.20929770 0.09427822
vt 0.23777530 0.09691060
vt 0.23777930 0.09003854
vt 0.23778040 0.08869445
vt 0.26628810 0.08869937
vt 0.23777530 0.09428513
vt 0.26628750 0.09690690
vt 0.26628870 0.09004742
vt 0.26628840 0.09428477
vt 0.29479980 0.09690320
vt 0.29479800 0.09005630
vt 0.29479580 0.08870429
vt 0.29480150 0.09428442
vt 0.32331910 0.09690943
vt 0.32331350 0.09005105
vt 0.32331170 0.08870173
vt 0.32331970 0.09428826
vt 0.35182890 0.09004581
vt 0.35182770 0.08869916
vt 0.35183790 0.09429210
vt 0.35183840 0.09691566
vt 0.38032570 0.09690702
vt 0.38025730 0.09006652
vt 0.38031660 0.08869208
vt 0.38030740 0.09430882
vt 0.40868570 0.09008723
vt 0.40880560 0.08868501
vt 0.40877680 0.09432554
vt 0.40881310 0.09689838
vt 0.43729810 0.09689283
vt 0.43723330 0.09004666
vt 0.43729170 0.08867596
vt 0.43728110 0.09429125
vt 0.46578090 0.09000608
vt 0.46577780 0.08866692
vt 0.49427180 0.08866337
vt 0.46578540 0.09425697
vt 0.46578310 0.09688729
vt 0.49427600 0.09688382
vt 0.49427510 0.09000263
vt 0.49427840 0.09425367
vt 0.52276880 0.09688035
vt 0.52276930 0.08999917
vt 0.52276590 0.08865982
vt 0.55127160 0.08865900
vt 0.52277150 0.09425038
vt 0.55127350 0.09687905
vt 0.55127460 0.08999883
vt 0.55127600 0.09424937
vt 0.57977820 0.09687775
vt 0.57977990 0.08999848
vt 0.57977740 0.08865818
vt 0.57978060 0.09424835
vt 0.60829310 0.09687811
vt 0.60829410 0.08999968
vt 0.60829310 0.08865915
vt 0.60829410 0.09424911
vt 0.63680840 0.09000087
vt 0.63680880 0.08866012
vt 0.63680760 0.09424987
vt 0.63680790 0.09687847
vt 0.66532400 0.09687984
vt 0.66532360 0.09000231
vt 0.66532550 0.08866140
vt 0.66532240 0.09425120
vt 0.69383880 0.09000376
vt 0.69384230 0.08866268
vt 0.69383730 0.09425253
vt 0.69384010 0.09688121
vt 0.81564880 0.49534360
vt 0.84514690 0.50342000
vt 0.84545210 0.47981830
vt 0.87500690 0.49611630
vt 0.82169450 0.47330290
vt 0.78615070 0.48726730
vt 0.86946170 0.47388510
vt 0.90486690 0.48881260
vt 0.79793690 0.46678750
vt 0.76423370 0.46575420
vt 0.78035640 0.44942630
vt 0.74231670 0.44424120
vt 0.76277590 0.43206510
vt 0.73370540 0.41436730
vt 0.75598120 0.40807260
vt 0.72509410 0.38449340
vt 0.74918650 0.38408010
vt 0.73264210 0.35393200
vt 0.75532850 0.35964030
vt 0.74019000 0.32337060
vt 0.76147060 0.33520050
vt 0.76232870 0.30048680
vt 0.77922570 0.31697480
vt 0.78446750 0.27760300
vt 0.79698090 0.29874910
vt 0.81539600 0.26908140
vt 0.82167740 0.29197970
vt 0.84632440 0.26055970
vt 0.84637400 0.28521030
vt 0.87739100 0.26900010
vt 0.87117230 0.29194360
vt 0.90845750 0.27744050
vt 0.89597060 0.29867700
vt 0.93092350 0.30046620
vt 0.91396860 0.31704560
vt 0.95338940 0.32349180
vt 0.93196650 0.33541430
vt 0.96101890 0.35457500
vt 0.93823910 0.36022140
vt 0.96864840 0.38565830
vt 0.94451170 0.38502850
vt 0.95946360 0.41594020
vt 0.93716530 0.40931370
vt 0.95027880 0.44622210
vt 0.92981890 0.43359890
vt 0.92757280 0.46751730
vt 0.91164510 0.45077540
vt 0.89347120 0.46795190
vt 0.87955110 0.35073180
vt 0.88841250 0.35978320
vt 0.89147530 0.37204720
vt 0.89453820 0.38431130
vt 0.84519790 0.38376060
vt 0.87068960 0.34168040
vt 0.89116550 0.39630860
vt 0.85850100 0.33833320
vt 0.88779280 0.40830590
vt 0.84631230 0.33498600
vt 0.83411720 0.33827580
vt 0.82192210 0.34156560
vt 0.81308080 0.35049470
vt 0.80423950 0.35942380
vt 0.80108070 0.37152630
vt 0.79792190 0.38362890
vt 0.80119820 0.39561980
vt 0.80447460 0.40761070
vt 0.81324430 0.41635050
vt 0.82201410 0.42509040
vt 0.83393350 0.42835120
vt 0.84585290 0.43161200
vt 0.85789250 0.42858950
vt 0.86993220 0.42556690
vt 0.87886250 0.41693640
vt 0.84824480 0.03594756
vt 0.84854810 0.01173460
vt 0.81796240 0.01953116
vt 0.87885670 0.02025324
vt 0.82374610 0.04220852
vt 0.79924750 0.04846948
vt 0.78737680 0.02732772
vt 0.76473530 0.04947418
vt 0.78111580 0.06621435
vt 0.74209380 0.07162064
vt 0.76298420 0.08395922
vt 0.73359380 0.10223930
vt 0.75620270 0.10845470
vt 0.72509370 0.13285790
vt 0.74942120 0.13295010
vt 0.73334150 0.16375350
vt 0.75593770 0.15746720
vt 0.74158920 0.19464920
vt 0.76245420 0.18198430
vt 0.76404850 0.21666560
vt 0.78046800 0.19983730
vt 0.78650770 0.23868200
vt 0.81451890 0.10019460
vt 0.80555860 0.10896500
vt 0.82347930 0.09142423
vt 0.80221590 0.12105670
vt 0.83560350 0.08830675
vt 0.84845790 0.13359450
vt 0.79887320 0.13314840
vt 0.84772770 0.08518928
vt 0.80526510 0.15739730
vt 0.85977360 0.08854046
vt 0.80206910 0.14527280
vt 0.87253590 0.04275623
vt 0.81415810 0.16625850
vt 0.89682710 0.04956490
vt 0.90916530 0.02877188
vt 0.93115160 0.05113998
vt 0.82305120 0.17511980
vt 0.87181960 0.09189165
vt 0.91445530 0.06749621
vt 0.79848190 0.21769030
vt 0.93208350 0.08542752
vt 0.95313800 0.07350808
vt 0.88058260 0.10077780
vt 0.83514800 0.17838660
vt 0.82279620 0.22420890
vt 0.81678880 0.24678320
vt 0.88934550 0.10966400
vt 0.84724490 0.18165340
vt 0.89250470 0.12171060
vt 0.93841060 0.10975070
vt 0.96104360 0.10388810
vt 0.84711050 0.23072760
vt 0.84706990 0.25488440
vt 0.87738360 0.24684060
vt 0.94473780 0.13407390
vt 0.96894920 0.13426810
vt 0.85931080 0.17845240
vt 0.87141570 0.22427430
vt 0.89566390 0.13375720
vt 0.93807300 0.15827860
vt 0.96059820 0.16448490
vt 0.89572080 0.21782110
vt 0.90769740 0.23879670
vt 0.92997240 0.21674930
vt 0.87137680 0.17525140
vt 0.89238080 0.14575240
vt 0.93140820 0.18248340
vt 0.95224730 0.19470180
vt 0.88023730 0.16649950
vt 0.88909780 0.15774760
vt 0.91356450 0.20015220
f 3/3/3 2/2/2 1/1/1
f 4/4/4 3/3/3 1/1/1
f 4/4/4 1/1/1 5/5/5
f 1/1/1 6/6/6 5/5/5
f 5/5/5 6/6/6 7/7/7
f 4/4/4 8/8/8 3/3/3
f 8/8/8 9/9/9 3/3/3
f 10/10/10 9/9/9 8/8/8
f 11/11/11 5/5/5 7/7/7
f 11/11/11 7/7/7 12/12/12
f 4/4/4 5/5/5 13/13/13
f 8/8/8 4/4/4 13/13/13
f 14/14/14 10/10/10 8/8/8
f 15/15/15 10/10/10 14/14/14
f 16/16/16 13/13/13 5/5/5
f 11/11/11 16/16/16 5/5/5
f 8/8/8 13/13/13 17/17/17
f 14/14/14 8/8/8 17/17/17
f 17/17/17 13/13/13 16/16/16
f 18/18/18 15/15/15 14/14/14
f 19/19/19 15/15/15 18/18/18
f 14/14/14 17/17/17 20/20/20
f 18/18/18 14/14/14 20/20/20
f 21/21/21 17/17/17 16/16/16
f 20/20/20 17/17/17 21/21/21
f 22/22/22 16/16/16 11/11/11
f 21/21/21 16/16/16 22/22/22
f 23/23/23 19/19/19 18/18/18
f 24/24/24 19/19/19 23/23/23
f 18/18/18 20/20/20 25/25/25
f 23/23/23 18/18/18 25/25/25
f 26/26/26 20/20/20 21/21/21
f 25/25/25 20/20/20 26/26/26
f 27/27/27 24/24/24 23/23/23
f 28/28/28 24/24/24 27/27/27
f 23/23/23 25/25/25 29/29/29
f 27/27/27 23/23/23 29/29/29
f 30/30/30 28/28/28 27/27/27
f 31/31/31 28/28/28 30/30/30
f 32/32/32 22/22/22 11/11/11
f 32/32/32 11/11/11 12/12/12
f 32/32/32 12/12/12 33/33/33
f 12/12/12 34/34/34 33/33/33
f 33/33/33 34/34/34 35/35/35
f 36/36/36 33/33/33 35/35/35
f 36/36/36 37/37/37 33/33/33
f 32/32/32 33/33/33 38/38/38
f 37/37/37 38/38/38 33/33/33
f 22/22/22 32/32/32 38/38/38
f 39/39/39 38/38/38 37/37/37
f 22/22/22 38/38/38 39/39/39
f 40/40/40 39/39/39 37/37/37
f 41/41/41 22/22/22 39/39/39
f 41/41/41 21/21/21 22/22/22
f 26/26/26 21/21/21 41/41/41
f 42/42/42 39/39/39 40/40/40
f 41/41/41 39/39/39 42/42/42
f 43/43/43 42/42/42 40/40/40
f 44/44/44 26/26/26 41/41/41
f 44/44/44 41/41/41 42/42/42
f 45/45/45 42/42/42 43/43/43
f 44/44/44 42/42/42 45/45/45
f 46/46/46 45/45/45 43/43/43
f 47/47/47 26/26/26 44/44/44
f 47/47/47 25/25/25 26/26/26
f 29/29/29 25/25/25 47/47/47
f 48/48/48 45/45/45 46/46/46
f 49/49/49 48/48/48 46/46/46
f 50/50/50 44/44/44 45/45/45
f 50/50/50 47/47/47 44/44/44
f 50/50/50 45/45/45 48/48/48
f 51/51/51 29/29/29 47/47/47
f 51/51/51 47/47/47 50/50/50
f 52/52/52 48/48/48 49/49/49
f 53/53/53 52/52/52 49/49/49
f 54/54/54 50/50/50 48/48/48
f 54/54/54 51/51/51 50/50/50
f 54/54/54 48/48/48 52/52/52
f 55/55/55 29/29/29 51/51/51
f 27/27/27 29/29/29 55/55/55
f 30/30/30 27/27/27 55/55/55
f 56/56/56 52/52/52 53/53/53
f 57/57/57 56/56/56 53/53/53
f 58/58/58 51/51/51 54/54/54
f 58/58/58 55/55/55 51/51/51
f 59/59/59 54/54/54 52/52/52
f 59/59/59 52/52/52 56/56/56
f 59/59/59 58/58/58 54/54/54
f 30/30/30 55/55/55 60/60/60
f 60/60/60 55/55/55 58/58/58
f 61/61/61 56/56/56 57/57/57
f 62/62/62 61/61/61 57/57/57
f 63/63/63 58/58/58 59/59/59
f 63/63/63 60/60/60 58/58/58
f 64/64/64 59/59/59 56/56/56
f 64/64/64 56/56/56 61/61/61
f 64/64/64 63/63/63 59/59/59
f 65/65/65 30/30/30 60/60/60
f 65/65/65 31/31/31 30/30/30
f 66/66/66 31/31/31 65/65/65
f 67/67/67 61/61/61 62/62/62
f 68/68/68 67/67/67 62/62/62
f 69/69/69 60/60/60 63/63/63
f 65/65/65 60/60/60 69/69/69
f 70/70/70 66/66/66 65/65/65
f 70/70/70 65/65/65 69/69/69
f 71/71/71 66/66/66 70/70/70
f 72/72/72 63/63/63 64/64/64
f 72/72/72 69/69/69 63/63/63
f 73/73/73 64/64/64 61/61/61
f 73/73/73 61/61/61 67/67/67
f 73/73/73 72/72/72 64/64/64
f 74/74/74 67/67/67 68/68/68
f 75/75/75 74/74/74 68/68/68
f 75/75/75 76/76/76 74/74/74
f 77/77/77 71/71/71 70/70/70
f 78/78/78 71/71/71 77/77/77
f 70/70/70 69/69/69 79/79/79
f 79/79/79 69/69/69 72/72/72
f 77/77/77 70/70/70 79/79/79
f 80/80/80 72/72/72 73/73/73
f 80/80/80 79/79/79 72/72/72
f 81/81/81 73/73/73 67/67/67
f 81/81/81 67/67/67 74/74/74
f 81/81/81 80/80/80 73/73/73
f 77/77/77 79/79/79 82/82/82
f 82/82/82 79/79/79 80/80/80
f 83/83/83 78/78/78 77/77/77
f 83/83/83 77/77/77 82/82/82
f 84/84/84 80/80/80 81/81/81
f 84/84/84 82/82/82 80/80/80
f 85/85/85 81/81/81 74/74/74
f 85/85/85 84/84/84 81/81/81
f 83/83/83 86/86/86 78/78/78
f 86/86/86 87/87/87 78/78/78
f 88/88/88 87/87/87 86/86/86
f 83/83/83 82/82/82 89/89/89
f 86/86/86 83/83/83 89/89/89
f 85/85/85 74/74/74 90/90/90
f 76/76/76 90/90/90 74/74/74
f 85/85/85 91/91/91 84/84/84
f 91/91/91 85/85/85 90/90/90
f 84/84/84 92/92/92 82/82/82
f 92/92/92 89/89/89 82/82/82
f 91/91/91 92/92/92 84/84/84
f 93/93/93 90/90/90 76/76/76
f 91/91/91 90/90/90 93/93/93
f 94/94/94 93/93/93 76/76/76
f 94/94/94 95/95/95 93/93/93
f 86/86/86 89/89/89 96/96/96
f 96/96/96 89/89/89 92/92/92
f 97/97/97 88/88/88 86/86/86
f 97/97/97 86/86/86 96/96/96
f 98/98/98 92/92/92 91/91/91
f 98/98/98 96/96/96 92/92/92
f 99/99/99 91/91/91 93/93/93
f 99/99/99 98/98/98 91/91/91
f 95/95/95 100/100/100 93/93/93
f 99/99/99 93/93/93 100/100/100
f 97/97/97 101/101/101 88/88/88
f 101/101/101 102/102/102 88/88/88
f 103/103/103 102/102/102 101/101/101
f 97/97/97 96/96/96 104/104/104
f 101/101/101 97/97/97 104/104/104
f 99/99/99 105/105/105 98/98/98
f 105/105/105 99/99/99 100/100/100
f 106/106/106 100/100/100 95/95/95
f 105/105/105 100/100/100 106/106/106
f 107/107/107 106/106/106 95/95/95
f 107/107/107 108/108/108 106/106/106
f 98/98/98 109/109/109 96/96/96
f 109/109/109 104/104/104 96/96/96
f 105/105/105 109/109/109 98/98/98
f 101/101/101 104/104/104 110/110/110
f 110/110/110 104/104/104 109/109/109
f 111/111/111 103/103/103 101/101/101
f 111/111/111 101/101/101 110/110/110
f 112/112/112 109/109/109 105/105/105
f 112/112/112 110/110/110 109/109/109
f 113/113/113 105/105/105 106/106/106
f 113/113/113 112/112/112 105/105/105
f 108/108/108 114/114/114 106/106/106
f 113/113/113 106/106/106 114/114/114
f 111/111/111 115/115/115 103/103/103
f 115/115/115 116/116/116 103/103/103
f 117/117/117 116/116/116 115/115/115
f 111/111/111 110/110/110 118/118/118
f 115/115/115 111/111/111 118/118/118
f 113/113/113 119/119/119 112/112/112
f 119/119/119 113/113/113 114/114/114
f 120/120/120 114/114/114 108/108/108
f 119/119/119 114/114/114 120/120/120
f 121/121/121 120/120/120 108/108/108
f 112/112/112 122/122/122 110/110/110
f 122/122/122 118/118/118 110/110/110
f 119/119/119 122/122/122 112/112/112
f 123/123/123 117/117/117 115/115/115
f 124/124/124 117/117/117 123/123/123
f 115/115/115 118/118/118 125/125/125
f 125/125/125 118/118/118 122/122/122
f 123/123/123 115/115/115 125/125/125
f 126/126/126 120/120/120 121/121/121
f 127/127/127 126/126/126 121/121/121
f 128/128/128 122/122/122 119/119/119
f 128/128/128 125/125/125 122/122/122
f 129/129/129 119/119/119 120/120/120
f 129/129/129 120/120/120 126/126/126
f 129/129/129 128/128/128 119/119/119
f 130/130/130 124/124/124 123/123/123
f 131/131/131 124/124/124 130/130/130
f 123/123/123 125/125/125 132/132/132
f 132/132/132 125/125/125 128/128/128
f 130/130/130 123/123/123 132/132/132
f 133/133/133 126/126/126 127/127/127
f 134/134/134 133/133/133 127/127/127
f 135/135/135 128/128/128 129/129/129
f 135/135/135 132/132/132 128/128/128
f 136/136/136 129/129/129 126/126/126
f 136/136/136 126/126/126 133/133/133
f 136/136/136 135/135/135 129/129/129
f 137/137/137 131/131/131 130/130/130
f 138/138/138 131/131/131 137/137/137
f 130/130/130 132/132/132 139/139/139
f 139/139/139 132/132/132 135/135/135
f 137/137/137 130/130/130 139/139/139
f 140/140/140 133/133/133 134/134/134
f 141/141/141 140/140/140 134/134/134
f 142/142/142 135/135/135 136/136/136
f 142/142/142 139/139/139 135/135/135
f 143/143/143 136/136/136 133/133/133
f 143/143/143 133/133/133 140/140/140
f 143/143/143 142/142/142 136/136/136
f 144/144/144 138/138/138 137/137/137
f 145/145/145 138/138/138 144/144/144
f 137/137/137 139/139/139 146/146/146
f 146/146/146 139/139/139 142/142/142
f 144/144/144 137/137/137 146/146/146
f 147/147/147 140/140/140 141/141/141
f 148/148/148 147/147/147 141/141/141
f 148/148/148 149/149/149 147/147/147
f 150/150/150 142/142/142 143/143/143
f 150/150/150 146/146/146 142/142/142
f 151/151/151 143/143/143 140/140/140
f 151/151/151 140/140/140 147/147/147
f 151/151/151 150/150/150 143/143/143
f 144/144/144 146/146/146 152/152/152
f 152/152/152 146/146/146 150/150/150
f 153/153/153 145/145/145 144/144/144
f 153/153/153 144/144/144 152/152/152
f 154/154/154 150/150/150 151/151/151
f 154/154/154 152/152/152 150/150/150
f 155/155/155 151/151/151 147/147/147
f 155/155/155 154/154/154 151/151/151
f 149/149/149 156/156/156 147/147/147
f 155/155/155 147/147/147 156/156/156
f 153/153/153 157/157/157 145/145/145
f 157/157/157 158/158/158 145/145/145
f 159/159/159 158/158/158 157/157/157
f 153/153/153 152/152/152 160/160/160
f 157/157/157 153/153/153 160/160/160
f 155/155/155 161/161/161 154/154/154
f 161/161/161 155/155/155 156/156/156
f 162/162/162 156/156/156 149/149/149
f 161/161/161 156/156/156 162/162/162
f 163/163/163 162/162/162 149/149/149
f 163/163/163 164/164/164 162/162/162
f 164/164/164 165/165/165 162/162/162
f 154/154/154 166/166/166 152/152/152
f 166/166/166 160/160/160 152/152/152
f 161/161/161 166/166/166 154/154/154
f 167/167/167 162/162/162 165/165/165
f 167/167/167 161/161/161 162/162/162
f 168/168/168 167/167/167 165/165/165
f 167/167/167 169/169/169 161/161/161
f 167/167/167 168/168/168 169/169/169
f 169/169/169 166/166/166 161/161/161
f 168/168/168 170/170/170 169/169/169
f 171/171/171 160/160/160 166/166/166
f 169/169/169 171/171/171 166/166/166
f 169/169/169 170/170/170 171/171/171
f 157/157/157 160/160/160 171/171/171
f 170/170/170 172/172/172 171/171/171
f 173/173/173 157/157/157 171/171/171
f 173/173/173 171/171/171 172/172/172
f 173/173/173 159/159/159 157/157/157
f 174/174/174 173/173/173 172/172/172
f 173/173/173 174/174/174 159/159/159
f 174/174/174 175/175/175 159/159/159
f 178/178/178 177/177/177 176/176/176
f 179/179/179 178/178/178 176/176/176
f 179/179/179 176/176/176 180/180/180
f 181/181/181 179/179/179 180/180/180
f 181/181/181 182/182/182 179/179/179
f 179/179/179 183/183/183 178/178/178
f 182/182/182 183/183/183 179/179/179
f 183/183/183 184/184/184 178/178/178
f 185/185/185 184/184/184 183/183/183
f 186/186/186 183/183/183 182/182/182
f 186/186/186 185/185/185 183/183/183
f 187/187/187 186/186/186 182/182/182
f 188/188/188 185/185/185 186/186/186
f 189/189/189 186/186/186 187/187/187
f 189/189/189 188/188/188 186/186/186
f 190/190/190 189/189/189 187/187/187
f 191/191/191 188/188/188 189/189/189
f 192/192/192 189/189/189 190/190/190
f 192/192/192 191/191/191 189/189/189
f 193/193/193 192/192/192 190/190/190
f 194/194/194 191/191/191 192/192/192
f 195/195/195 192/192/192 193/193/193
f 195/195/195 194/194/194 192/192/192
f 196/196/196 195/195/195 193/193/193
f 197/197/197 194/194/194 195/195/195
f 198/198/198 195/195/195 196/196/196
f 198/198/198 197/197/197 195/195/195
f 199/199/199 198/198/198 196/196/196
f 200/200/200 197/197/197 198/198/198
f 201/201/201 198/198/198 199/199/199
f 201/201/201 200/200/200 198/198/198
f 202/202/202 201/201/201 199/199/199
f 203/203/203 200/200/200 201/201/201
f 204/204/204 201/201/201 202/202/202
f 204/204/204 203/203/203 201/201/201
f 205/205/205 204/204/204 202/202/202
f 206/206/206 203/203/203 204/204/204
f 207/207/207 204/204/204 205/205/205
f 207/207/207 206/206/206 204/204/204
f 208/208/208 207/207/207 205/205/205
f 208/208/208 209/209/209 207/207/207
f 210/210/210 206/206/206 207/207/207
f 209/209/209 211/211/211 207/207/207
f 211/211/211 210/210/210 207/207/207
f 209/209/209 212/212/212 211/211/211
f 211/211/211 213/213/213 210/210/210
f 212/212/212 213/213/213 211/211/211
f 213/213/213 214/214/214 210/210/210
f 215/215/215 214/214/214 213/213/213
f 216/216/216 213/213/213 212/212/212
f 216/216/216 215/215/215 213/213/213
f 217/217/217 216/216/216 212/212/212
f 217/217/217 218/218/218 216/216/216
f 216/216/216 219/219/219 215/215/215
f 218/218/218 219/219/219 216/216/216
f 219/219/219 220/220/220 215/215/215
f 221/221/221 220/220/220 219/219/219
f 222/222/222 219/219/219 218/218/218
f 222/222/222 221/221/221 219/219/219
f 223/223/223 222/222/222 218/218/218
f 223/223/223 224/224/224 222/222/222
f 222/222/222 225/225/225 221/221/221
f 224/224/224 225/225/225 222/222/222
f 225/225/225 226/226/226 221/221/221
f 227/227/227 226/226/226 225/225/225
f 228/228/228 225/225/225 224/224/224
f 228/228/228 227/227/227 225/225/225
f 229/229/229 228/228/228 224/224/224
f 230/230/230 227/227/227 228/228/228
f 231/231/231 228/228/228 229/229/229
f 231/231/231 230/230/230 228/228/228
f 232/232/232 231/231/231 229/229/229
f 233/233/233 230/230/230 231/231/231
f 234/234/234 231/231/231 232/232/232
f 234/234/234 233/233/233 231/231/231
f 235/235/235 234/234/234 232/232/232
f 236/236/236 233/233/233 234/234/234
f 237/237/237 234/234/234 235/235/235
f 237/237/237 236/236/236 234/234/234
f 238/238/238 237/237/237 235/235/235
f 239/239/239 236/236/236 237/237/237
f 240/240/240 237/237/237 238/238/238
f 240/240/240 239/239/239 237/237/237
f 241/241/241 240/240/240 238/238/238
f 241/241/241 242/242/242 240/240/240
f 240/240/240 243/243/243 239/239/239
f 242/242/242 243/243/243 240/240/240
f 243/243/243 244/244/244 239/239/239
f 245/245/245 244/244/244 243/243/243
f 246/246/246 243/243/243 242/242/242
f 246/246/246 245/245/245 243/243/243
f 247/247/247 246/246/246 242/242/242
f 247/247/247 248/248/248 246/246/246
f 248/248/248 249/249/249 246/246/246
f 246/246/246 249/249/249 245/245/245
f 249/249/249 250/250/250 245/245/245
f 253/253/253 252/252/252 251/251/251
f 254/254/254 253/253/253 251/251/251
f 254/254/254 251/251/251 255/255/255
f 256/256/256 254/254/254 255/255/255
f 256/256/256 257/257/257 254/254/254
f 254/254/254 258/258/258 253/253/253
f 257/257/257 258/258/258 254/254/254
f 258/258/258 259/259/259 253/253/253
f 260/260/260 259/259/259 258/258/258
f 261/261/261 258/258/258 257/257/257
f 261/261/261 260/260/260 258/258/258
f 262/262/262 261/261/261 257/257/257
f 263/263/263 260/260/260 261/261/261
f 264/264/264 261/261/261 262/262/262
f 264/264/264 263/263/263 261/261/261
f 265/265/265 264/264/264 262/262/262
f 266/266/266 263/263/263 264/264/264
f 267/267/267 264/264/264 265/265/265
f 267/267/267 266/266/266 264/264/264
f 268/268/268 267/267/267 265/265/265
f 269/269/269 266/266/266 267/267/267
f 270/270/270 267/267/267 268/268/268
f 270/270/270 269/269/269 267/267/267
f 271/271/271 270/270/270 268/268/268
f 272/272/272 269/269/269 270/270/270
f 273/273/273 270/270/270 271/271/271
f 273/273/273 272/272/272 270/270/270
f 274/274/274 273/273/273 271/271/271
f 275/275/275 272/272/272 273/273/273
f 276/276/276 273/273/273 274/274/274
f 276/276/276 275/275/275 273/273/273
f 277/277/277 276/276/276 274/274/274
f 278/278/278 275/275/275 276/276/276
f 279/279/279 276/276/276 277/277/277
f 279/279/279 278/278/278 276/276/276
f 280/280/280 279/279/279 277/277/277
f 281/281/281 278/278/278 279/279/279
f 282/282/282 279/279/279 280/280/280
f 282/282/282 281/281/281 279/279/279
f 283/283/283 282/282/282 280/280/280
f 282/282/282 284/284/284 281/281/281
f 284/284/284 282/282/282 283/283/283
f 285/285/285 284/284/284 283/283/283
f 284/284/284 286/286/286 281/281/281
f 285/285/285 287/287/287 284/284/284
f 284/284/284 288/288/288 286/286/286
f 287/287/287 288/288/288 284/284/284
f 288/288/288 289/289/289 286/286/286
f 290/290/290 289/289/289 288/288/288
f 291/291/291 288/288/288 287/287/287
f 291/291/291 290/290/290 288/288/288
f 292/292/292 291/291/291 287/287/287
f 292/292/292 293/293/293 291/291/291
f 291/291/291 294/294/294 290/290/290
f 293/293/293 294/294/294 291/291/291
f 294/294/294 295/295/295 290/290/290
f 296/296/296 295/295/295 294/294/294
f 297/297/297 294/294/294 293/293/293
f 297/297/297 296/296/296 294/294/294
f 298/298/298 297/297/297 293/293/293
f 297/297/297 299/299/299 296/296/296
f 299/299/299 297/297/297 298/298/298
f 299/299/299 300/300/300 296/296/296
f 301/301/301 299/299/299 298/298/298
f 302/302/302 300/300/300 299/299/299
f 303/303/303 299/299/299 301/301/301
f 303/303/303 302/302/302 299/299/299
f 304/304/304 303/303/303 301/301/301
f 305/305/305 302/302/302 303/303/303
f 306/306/306 303/303/303 304/304/304
f 306/306/306 305/305/305 303/303/303
f 307/307/307 306/306/306 304/304/304
f 308/308/308 305/305/305 306/306/306
f 309/309/309 306/306/306 307/307/307
f 309/309/309 308/308/308 306/306/306
f 310/310/310 309/309/309 307/307/307
f 311/311/311 308/308/308 309/309/309
f 312/312/312 309/309/309 310/310/310
f 312/312/312 311/311/311 309/309/309
f 313/313/313 312/312/312 310/310/310
f 314/314/314 311/311/311 312/312/312
f 315/315/315 312/312/312 313/313/313
f 315/315/315 314/314/314 312/312/312
f 316/316/316 315/315/315 313/313/313
f 316/316/316 317/317/317 315/315/315
f 315/315/315 318/318/318 314/314/314
f 317/317/317 318/318/318 315/315/315
f 318/318/318 319/319/319 314/314/314
f 320/320/320 319/319/319 318/318/318
f 321/321/321 318/318/318 317/317/317
f 321/321/321 320/320/320 318/318/318
f 322/322/322 321/321/321 317/317/317
f 322/322/322 323/323/323 321/321/321
f 323/323/323 324/324/324 321/321/321
f 321/321/321 324/324/324 320/320/320
f 324/324/324 325/325/325 320/320/320
f 328/328/328 327/327/327 326/326/326
f 329/329/329 328/328/328 326/326/326
f 329/329/329 326/326/326 330/330/330
f 326/326/326 331/331/331 330/330/330
f 331/331/331 332/332/332 330/330/330
f 332/332/332 333/333/333 330/330/330
f 330/330/330 333/333/333 334/334/334
f 329/329/329 330/330/330 334/334/334
f 333/333/333 335/335/335 334/334/334
f 334/334/334 335/335/335 336/336/336
f 329/329/329 337/337/337 328/328/328
f 337/337/337 329/329/329 334/334/334
f 337/337/337 338/338/338 328/328/328
f 339/339/339 338/338/338 337/337/337
f 340/340/340 334/334/334 336/336/336
f 337/337/337 334/334/334 340/340/340
f 341/341/341 339/339/339 337/337/337
f 341/341/341 337/337/337 340/340/340
f 342/342/342 339/339/339 341/341/341
f 340/340/340 336/336/336 343/343/343
f 341/341/341 340/340/340 343/343/343
f 336/336/336 344/344/344 343/343/343
f 343/343/343 344/344/344 345/345/345
f 346/346/346 342/342/342 341/341/341
f 346/346/346 341/341/341 343/343/343
f 347/347/347 342/342/342 346/346/346
f 348/348/348 343/343/343 345/345/345
f 346/346/346 343/343/343 348/348/348
f 349/349/349 347/347/347 346/346/346
f 349/349/349 346/346/346 348/348/348
f 350/350/350 347/347/347 349/349/349
f 348/348/348 345/345/345 351/351/351
f 349/349/349 348/348/348 351/351/351
f 345/345/345 352/352/352 351/351/351
f 351/351/351 352/352/352 353/353/353
f 354/354/354 350/350/350 349/349/349
f 354/354/354 349/349/349 351/351/351
f 355/355/355 350/350/350 354/354/354
f 356/356/356 351/351/351 353/353/353
f 354/354/354 351/351/351 356/356/356
f 357/357/357 355/355/355 354/354/354
f 357/357/357 354/354/354 356/356/356
f 358/358/358 355/355/355 357/357/357
f 356/356/356 353/353/353 359/359/359
f 357/357/357 356/356/356 359/359/359
f 353/353/353 360/360/360 359/359/359
f 359/359/359 360/360/360 361/361/361
f 362/362/362 358/358/358 357/357/357
f 362/362/362 357/357/357 359/359/359
f 363/363/363 358/358/358 362/362/362
f 364/364/364 359/359/359 361/361/361
f 362/362/362 359/359/359 364/364/364
f 365/365/365 363/363/363 362/362/362
f 365/365/365 362/362/362 364/364/364
f 366/366/366 363/363/363 365/365/365
f 364/364/364 361/361/361 367/367/367
f 365/365/365 364/364/364 367/367/367
f 361/361/361 368/368/368 367/367/367
f 369/369/369 366/366/366 365/365/365
f 369/369/369 365/365/365 367/367/367
f 370/370/370 366/366/366 369/369/369
f 367/367/367 368/368/368 371/371/371
f 369/369/369 367/367/367 371/371/371
f 368/368/368 372/372/372 371/371/371
f 373/373/373 370/370/370 369/369/369
f 373/373/373 369/369/369 371/371/371
f 371/371/371 372/372/372 374/374/374
f 373/373/373 371/371/371 374/374/374
f 372/372/372 375/375/375 374/374/374
f 373/373/373 376/376/376 370/370/370
f 376/376/376 373/373/373 374/374/374
f 376/376/376 377/377/377 370/370/370
f 378/378/378 377/377/377 376/376/376
f 374/374/374 375/375/375 379/379/379
f 376/376/376 374/374/374 379/379/379
f 375/375/375 380/380/380 379/379/379
f 381/381/381 378/378/378 376/376/376
f 381/381/381 376/376/376 379/379/379
f 379/379/379 380/380/380 382/382/382
f 381/381/381 379/379/379 382/382/382
f 380/380/380 383/383/383 382/382/382
f 381/381/381 384/384/384 378/378/378
f 384/384/384 381/381/381 382/382/382
f 384/384/384 385/385/385 378/378/378
f 386/386/386 385/385/385 384/384/384
f 382/382/382 383/383/383 387/387/387
f 384/384/384 382/382/382 387/387/387
f 383/383/383 388/388/388 387/387/387
f 389/389/389 386/386/386 384/384/384
f 389/389/389 384/384/384 387/387/387
f 387/387/387 388/388/388 390/390/390
f 389/389/389 387/387/387 390/390/390
f 388/388/388 391/391/391 390/390/390
f 390/390/390 391/391/391 392/392/392
f 389/389/389 393/393/393 386/386/386
f 393/393/393 389/389/389 390/390/390
f 393/393/393 394/394/394 386/386/386
f 395/395/395 394/394/394 393/393/393
f 396/396/396 390/390/390 392/392/392
f 393/393/393 390/390/390 396/396/396
f 397/397/397 395/395/395 393/393/393
f 397/397/397 393/393/393 396/396/396
f 398/398/398 395/395/395 397/397/397
f 396/396/396 392/392/392 399/399/399
f 397/397/397 396/396/396 399/399/399
f 392/392/392 400/400/400 399/399/399
f 399/399/399 400/400/400 401/401/401
f 402/402/402 398/398/398 397/397/397
f 402/402/402 397/397/397 399/399/399
f 403/403/403 398/398/398 402/402/402
f 404/404/404 399/399/399 401/401/401
f 402/402/402 399/399/399 404/404/404
f 405/405/405 403/403/403 402/402/402
f 405/405/405 402/402/402 404/404/404
f 406/406/406 403/403/403 405/405/405
f 404/404/404 401/401/401 407/407/407
f 405/405/405 404/404/404 407/407/407
f 401/401/401 408/408/408 407/407/407
f 409/409/409 406/406/406 405/405/405
f 409/409/409 405/405/405 407/407/407
f 410/410/410 406/406/406 409/409/409
f 407/407/407 408/408/408 411/411/411
f 409/409/409 407/407/407 411/411/411
f 408/408/408 412/412/412 411/411/411
f 413/413/413 410/410/410 409/409/409
f 413/413/413 409/409/409 411/411/411
f 411/411/411 412/412/412 414/414/414
f 413/413/413 411/411/411 414/414/414
f 412/412/412 415/415/415 414/414/414
f 413/413/413 416/416/416 410/410/410
f 416/416/416 413/413/413 414/414/414
f 416/416/416 417/417/417 410/410/410
f 418/418/418 417/417/417 416/416/416
f 414/414/414 415/415/415 419/419/419
f 416/416/416 414/414/414 419/419/419
f 415/415/415 420/420/420 419/419/419
f 421/421/421 418/418/418 416/416/416
f 421/421/421 416/416/416 419/419/419
f 419/419/419 420/420/420 422/422/422
f 421/421/421 419/419/419 422/422/422
f 420/420/420 423/423/423 422/422/422
f 424/424/424 421/421/421 422/422/422
f 421/421/421 424/424/424 418/418/418
f 424/424/424 425/425/425 418/418/418
f 428/428/428 427/427/427 426/426/426
f 429/429/429 428/428/428 426/426/426
f 429/429/429 426/426/426 430/430/430
f 426/426/426 431/431/431 430/430/430
f 429/429/429 432/432/432 428/428/428
f 432/432/432 433/433/433 428/428/428
f 434/434/434 433/433/433 432/432/432
f 430/430/430 431/431/431 435/435/435
f 431/431/431 436/436/436 435/435/435
f 429/429/429 430/430/430 437/437/437
f 430/430/430 435/435/435 437/437/437
f 432/432/432 429/429/429 437/437/437
f 435/435/435 438/438/438 437/437/437
f 437/437/437 438/438/438 439/439/439
f 440/440/440 434/434/434 432/432/432
f 441/441/441 434/434/434 440/440/440
f 432/432/432 437/437/437 442/442/442
f 442/442/442 437/437/437 439/439/439
f 440/440/440 432/432/432 442/442/442
f 442/442/442 439/439/439 443/443/443
f 440/440/440 442/442/442 443/443/443
f 439/439/439 444/444/444 443/443/443
f 443/443/443 444/444/444 445/445/445
f 446/446/446 441/441/441 440/440/440
f 446/446/446 440/440/440 443/443/443
f 447/447/447 441/441/441 446/446/446
f 448/448/448 443/443/443 445/445/445
f 446/446/446 443/443/443 448/448/448
f 449/449/449 447/447/447 446/446/446
f 449/449/449 446/446/446 448/448/448
f 450/450/450 447/447/447 449/449/449
f 448/448/448 445/445/445 451/451/451
f 449/449/449 448/448/448 451/451/451
f 445/445/445 452/452/452 451/451/451
f 451/451/451 452/452/452 453/453/453
f 454/454/454 450/450/450 449/449/449
f 454/454/454 449/449/449 451/451/451
f 455/455/455 450/450/450 454/454/454
f 456/456/456 451/451/451 453/453/453
f 454/454/454 451/451/451 456/456/456
f 457/457/457 455/455/455 454/454/454
f 457/457/457 454/454/454 456/456/456
f 458/458/458 455/455/455 457/457/457
f 456/456/456 453/453/453 459/459/459
f 457/457/457 456/456/456 459/459/459
f 453/453/453 460/460/460 459/459/459
f 459/459/459 460/460/460 461/461/461
f 462/462/462 458/458/458 457/457/457
f 462/462/462 457/457/457 459/459/459
f 463/463/463 458/458/458 462/462/462
f 464/464/464 459/459/459 461/461/461
f 462/462/462 459/459/459 464/464/464
f 465/465/465 463/463/463 462/462/462
f 465/465/465 462/462/462 464/464/464
f 466/466/466 463/463/463 465/465/465
f 464/464/464 461/461/461 467/467/467
f 465/465/465 464/464/464 467/467/467
f 461/461/461 468/468/468 467/467/467
f 467/467/467 468/468/468 469/469/469
f 470/470/470 466/466/466 465/465/465
f 470/470/470 465/465/465 467/467/467
f 471/471/471 466/466/466 470/470/470
f 472/472/472 467/467/467 469/469/469
f 470/470/470 467/467/467 472/472/472
f 473/473/473 471/471/471 470/470/470
f 473/473/473 470/470/470 472/472/472
f 472/472/472 469/469/469 474/474/474
f 473/473/473 472/472/472 474/474/474
f 469/469/469 475/475/475 474/474/474
f 474/474/474 475/475/475 476/476/476
f 473/473/473 477/477/477 471/471/471
f 477/477/477 473/473/473 474/474/474
f 477/477/477 478/478/478 471/471/471
f 479/479/479 478/478/478 477/477/477
f 480/480/480 474/474/474 476/476/476
f 477/477/477 474/474/474 480/480/480
f 481/481/481 479/479/479 477/477/477
f 481/481/481 477/477/477 480/480/480
f 480/480/480 476/476/476 482/482/482
f 481/481/481 480/480/480 482/482/482
f 476/476/476 483/483/483 482/482/482
f 482/482/482 483/483/483 484/484/484
f 481/481/481 485/485/485 479/479/479
f 485/485/485 481/481/481 482/482/482
f 485/485/485 486/486/486 479/479/479
f 487/487/487 486/486/486 485/485/485
f 488/488/488 482/482/482 484/484/484
f 485/485/485 482/482/482 488/488/488
f 489/489/489 487/487/487 485/485/485
f 489/489/489 485/485/485 488/488/488
f 488/488/488 484/484/484 490/490/490
f 489/489/489 488/488/488 490/490/490
f 484/484/484 491/491/491 490/490/490
f 490/490/490 491/491/491 492/492/492
f 489/489/489 493/493/493 487/487/487
f 493/493/493 489/489/489 490/490/490
f 493/493/493 494/494/494 487/487/487
f 495/495/495 494/494/494 493/493/493
f 496/496/496 490/490/490 492/492/492
f 493/493/493 490/490/490 496/496/496
f 497/497/497 495/495/495 493/493/493
f 497/497/497 493/493/493 496/496/496
f 498/498/498 495/495/495 497/497/497
f 496/496/496 492/492/492 499/499/499
f 497/497/497 496/496/496 499/499/499
f 492/492/492 500/500/500 499/499/499
f 499/499/499 500/500/500 501/501/501
f 502/502/502 498/498/498 497/497/497
f 502/502/502 497/497/497 499/499/499
f 503/503/503 498/498/498 502/502/502
f 504/504/504 499/499/499 501/501/501
f 502/502/502 499/499/499 504/504/504
f 505/505/505 503/503/503 502/502/502
f 505/505/505 502/502/502 504/504/504
f 506/506/506 503/503/503 505/505/505
f 504/504/504 501/501/501 507/507/507
f 505/505/505 504/504/504 507/507/507
f 501/501/501 508/508/508 507/507/507
f 507/507/507 508/508/508 509/509/509
f 510/510/510 506/506/506 505/505/505
f 510/510/510 505/505/505 507/507/507
f 511/511/511 506/506/506 510/510/510
f 512/512/512 507/507/507 509/509/509
f 510/510/510 507/507/507 512/512/512
f 513/513/513 511/511/511 510/510/510
f 513/513/513 510/510/510 512/512/512
f 512/512/512 509/509/509 514/514/514
f 513/513/513 512/512/512 514/514/514
f 509/509/509 515/515/515 514/514/514
f 513/513/513 516/516/516 511/511/511
f 516/516/516 513/513/513 514/514/514
f 516/516/516 517/517/517 511/511/511
f 518/518/518 517/517/517 516/516/516
f 514/514/514 515/515/515 519/519/519
f 516/516/516 514/514/514 519/519/519
f 515/515/515 520/520/520 519/519/519
f 521/521/521 518/518/518 516/516/516
f 521/521/521 516/516/516 519/519/519
f 519/519/519 520/520/520 522/522/522
f 521/521/521 519/519/519 522/522/522
f 520/520/520 523/523/523 522/522/522
f 524/524/524 521/521/521 522/522/522
f 521/521/521 524/524/524 518/518/518
f 524/524/524 525/525/525 518/518/518
f 528/528/528 527/527/527 526/526/526
f 529/529/529 528/528/528 526/526/526
f 529/529/529 526/526/526 530/530/530
f 526/526/526 531/531/531 530/530/530
f 531/531/531 532/532/532 530/530/530
f 532/532/532 533/533/533 530/530/530
f 530/530/530 533/533/533 534/534/534
f 529/529/529 530/530/530 534/534/534
f 533/533/533 535/535/535 534/534/534
f 534/534/534 535/535/535 536/536/536
f 529/529/529 537/537/537 528/528/528
f 537/537/537 529/529/529 534/534/534
f 537/537/537 538/538/538 528/528/528
f 539/539/539 538/538/538 537/537/537
f 540/540/540 534/534/534 536/536/536
f 537/537/537 534/534/534 540/540/540
f 541/541/541 539/539/539 537/537/537
f 541/541/541 537/537/537 540/540/540
f 542/542/542 539/539/539 541/541/541
f 540/540/540 536/536/536 543/543/543
f 541/541/541 540/540/540 543/543/543
f 536/536/536 544/544/544 543/543/543
f 543/543/543 544/544/544 545/545/545
f 546/546/546 542/542/542 541/541/541
f 546/546/546 541/541/541 543/543/543
f 547/547/547 542/542/542 546/546/546
f 548/548/548 543/543/543 545/545/545
f 546/546/546 543/543/543 548/548/548
f 549/549/549 547/547/547 546/546/546
f 549/549/549 546/546/546 548/548/548
f 550/550/550 547/547/547 549/549/549
f 548/548/548 545/545/545 551/551/551
f 549/549/549 548/548/548 551/551/551
f 545/545/545 552/552/552 551/551/551
f 551/551/551 552/552/552 553/553/553
f 554/554/554 550/550/550 549/549/549
f 554/554/554 549/549/549 551/551/551
f 555/555/555 550/550/550 554/554/554
f 556/556/556 551/551/551 553/553/553
f 554/554/554 551/551/551 556/556/556
f 557/557/557 555/555/555 554/554/554
f 557/557/557 554/554/554 556/556/556
f 558/558/558 555/555/555 557/557/557
f 556/556/556 553/553/553 559/559/559
f 557/557/557 556/556/556 559/559/559
f 553/553/553 560/560/560 559/559/559
f 559/559/559 560/560/560 561/561/561
f 562/562/562 558/558/558 557/557/557
f 562/562/562 557/557/557 559/559/559
f 563/563/563 558/558/558 562/562/562
f 564/564/564 559/559/559 561/561/561
f 562/562/562 559/559/559 564/564/564
f 565/565/565 563/563/563 562/562/562
f 565/565/565 562/562/562 564/564/564
f 566/566/566 563/563/563 565/565/565
f 564/564/564 561/561/561 567/567/567
f 565/565/565 564/564/564 567/567/567
f 561/561/561 568/568/568 567/567/567
f 569/569/569 566/566/566 565/565/565
f 569/569/569 565/565/565 567/567/567
f 570/570/570 566/566/566 569/569/569
f 567/567/567 568/568/568 571/571/571
f 569/569/569 567/567/567 571/571/571
f 568/568/568 572/572/572 571/571/571
f 573/573/573 570/570/570 569/569/569
f 573/573/573 569/569/569 571/571/571
f 571/571/571 572/572/572 574/574/574
f 573/573/573 571/571/571 574/574/574
f 572/572/572 575/575/575 574/574/574
f 573/573/573 576/576/576 570/570/570
f 576/576/576 573/573/573 574/574/574
f 576/576/576 577/577/577 570/570/570
f 578/578/578 577/577/577 576/576/576
f 574/574/574 575/575/575 579/579/579
f 576/576/576 574/574/574 579/579/579
f 575/575/575 580/580/580 579/579/579
f 581/581/581 578/578/578 576/576/576
f 581/581/581 576/576/576 579/579/579
f 579/579/579 580/580/580 582/582/582
f 581/581/581 579/579/579 582/582/582
f 580/580/580 583/583/583 582/582/582
f 581/581/581 584/584/584 578/578/578
f 584/584/584 581/581/581 582/582/582
f 584/584/584 585/585/585 578/578/578
f 586/586/586 585/585/585 584/584/584
f 582/582/582 583/583/583 587/587/587
f 584/584/584 582/582/582 587/587/587
f 583/583/583 588/588/588 587/587/587
f 589/589/589 586/586/586 584/584/584
f 589/589/589 584/584/584 587/587/587
f 587/587/587 588/588/588 590/590/590
f 589/589/589 587/587/587 590/590/590
f 588/588/588 591/591/591 590/590/590
f 590/590/590 591/591/591 592/592/592
f 589/589/589 593/593/593 586/586/586
f 593/593/593 589/589/589 590/590/590
f 593/593/593 594/594/594 586/586/586
f 595/595/595 594/594/594 593/593/593
f 596/596/596 590/590/590 592/592/592
f 593/593/593 590/590/590 596/596/596
f 597/597/597 595/595/595 593/593/593
f 597/597/597 593/593/593 596/596/596
f 598/598/598 595/595/595 597/597/597
f 596/596/596 592/592/592 599/599/599
f 597/597/597 596/596/596 599/599/599
f 592/592/592 600/600/600 599/599/599
f 599/599/599 600/600/600 601/601/601
f 602/602/602 598/598/598 597/597/597
f 602/602/602 597/597/597 599/599/599
f 603/603/603 598/598/598 602/602/602
f 604/604/604 599/599/599 601/601/601
f 602/602/602 599/599/599 604/604/604
f 605/605/605 603/603/603 602/602/602
f 605/605/605 602/602/602 604/604/604
f 606/606/606 603/603/603 605/605/605
f 604/604/604 601/601/601 607/607/607
f 605/605/605 604/604/604 607/607/607
f 601/601/601 608/608/608 607/607/607
f 609/609/609 606/606/606 605/605/605
f 609/609/609 605/605/605 607/607/607
f 610/610/610 606/606/606 609/609/609
f 607/607/607 608/608/608 611/611/611
f 609/609/609 607/607/607 611/611/611
f 608/608/608 612/612/612 611/611/611
f 613/613/613 610/610/610 609/609/609
f 613/613/613 609/609/609 611/611/611
f 611/611/611 612/612/612 614/614/614
f 613/613/613 611/611/611 614/614/614
f 612/612/612 615/615/615 614/614/614
f 613/613/613 616/616/616 610/610/610
f 616/616/616 613/613/613 614/614/614
f 616/616/616 617/617/617 610/610/610
f 618/618/618 617/617/617 616/616/616
f 614/614/614 615/615/615 619/619/619
f 616/616/616 614/614/614 619/619/619
f 615/615/615 620/620/620 619/619/619
f 621/621/621 618/618/618 616/616/616
f 621/621/621 616/616/616 619/619/619
f 619/619/619 620/620/620 622/622/622
f 621/621/621 619/619/619 622/622/622
f 620/620/620 623/623/623 622/622/622
f 624/624/624 621/621/621 622/622/622
f 621/621/621 624/624/624 618/618/618
f 624/624/624 625/625/625 618/618/618
f 628/628/628 627/627/627 626/626/626
f 629/629/629 628/628/628 626/626/626
f 629/629/629 626/626/626 630/630/630
f 626/626/626 631/631/631 630/630/630
f 631/631/631 632/632/632 630/630/630
f 632/632/632 633/633/633 630/630/630
f 630/630/630 633/633/633 634/634/634
f 629/629/629 630/630/630 634/634/634
f 633/633/633 635/635/635 634/634/634
f 634/634/634 635/635/635 636/636/636
f 629/629/629 637/637/637 628/628/628
f 637/637/637 629/629/629 634/634/634
f 637/637/637 638/638/638 628/628/628
f 639/639/639 638/638/638 637/637/637
f 640/640/640 634/634/634 636/636/636
f 637/637/637 634/634/634 640/640/640
f 641/641/641 639/639/639 637/637/637
f 641/641/641 637/637/637 640/640/640
f 642/642/642 639/639/639 641/641/641
f 640/640/640 636/636/636 643/643/643
f 641/641/641 640/640/640 643/643/643
f 636/636/636 644/644/644 643/643/643
f 643/643/643 644/644/644 645/645/645
f 646/646/646 642/642/642 641/641/641
f 646/646/646 641/641/641 643/643/643
f 647/647/647 642/642/642 646/646/646
f 648/648/648 643/643/643 645/645/645
f 646/646/646 643/643/643 648/648/648
f 649/649/649 647/647/647 646/646/646
f 649/649/649 646/646/646 648/648/648
f 650/650/650 647/647/647 649/649/649
f 648/648/648 645/645/645 651/651/651
f 649/649/649 648/648/648 651/651/651
f 645/645/645 652/652/652 651/651/651
f 651/651/651 652/652/652 653/653/653
f 654/654/654 650/650/650 649/649/649
f 654/654/654 649/649/649 651/651/651
f 655/655/655 650/650/650 654/654/654
f 656/656/656 651/651/651 653/653/653
f 654/654/654 651/651/651 656/656/656
f 657/657/657 655/655/655 654/654/654
f 657/657/657 654/654/654 656/656/656
f 658/658/658 655/655/655 657/657/657
f 656/656/656 653/653/653 659/659/659
f 657/657/657 656/656/656 659/659/659
f 653/653/653 660/660/660 659/659/659
f 659/659/659 660/660/660 661/661/661
f 662/662/662 658/658/658 657/657/657
f 662/662/662 657/657/657 659/659/659
f 663/663/663 658/658/658 662/662/662
f 664/664/664 659/659/659 661/661/661
f 662/662/662 659/659/659 664/664/664
f 665/665/665 663/663/663 662/662/662
f 665/665/665 662/662/662 664/664/664
f 666/666/666 663/663/663 665/665/665
f 664/664/664 661/661/661 667/667/667
f 665/665/665 664/664/664 667/667/667
f 661/661/661 668/668/668 667/667/667
f 669/669/669 666/666/666 665/665/665
f 669/669/669 665/665/665 667/667/667
f 670/670/670 666/666/666 669/669/669
f 667/667/667 668/668/668 671/671/671
f 669/669/669 667/667/667 671/671/671
f 668/668/668 672/672/672 671/671/671
f 673/673/673 670/670/670 669/669/669
f 673/673/673 669/669/669 671/671/671
f 671/671/671 672/672/672 674/674/674
f 673/673/673 671/671/671 674/674/674
f 672/672/672 675/675/675 674/674/674
f 673/673/673 676/676/676 670/670/670
f 676/676/676 673/673/673 674/674/674
f 676/676/676 677/677/677 670/670/670
f 678/678/678 677/677/677 676/676/676
f 674/674/674 675/675/675 679/679/679
f 676/676/676 674/674/674 679/679/679
f 675/675/675 680/680/680 679/679/679
f 681/681/681 678/678/678 676/676/676
f 681/681/681 676/676/676 679/679/679
f 679/679/679 680/680/680 682/682/682
f 681/681/681 679/679/679 682/682/682
f 680/680/680 683/683/683 682/682/682
f 681/681/681 684/684/684 678/678/678
f 684/684/684 681/681/681 682/682/682
f 684/684/684 685/685/685 678/678/678
f 686/686/686 685/685/685 684/684/684
f 682/682/682 683/683/683 687/687/687
f 684/684/684 682/682/682 687/687/687
f 683/683/683 688/688/688 687/687/687
f 689/689/689 686/686/686 684/684/684
f 689/689/689 684/684/684 687/687/687
f 687/687/687 688/688/688 690/690/690
f 689/689/689 687/687/687 690/690/690
f 688/688/688 691/691/691 690/690/690
f 690/690/690 691/691/691 692/692/692
f 689/689/689 693/693/693 686/686/686
f 693/693/693 689/689/689 690/690/690
f 693/693/693 694/694/694 686/686/686
f 695/695/695 694/694/694 693/693/693
f 696/696/696 690/690/690 692/692/692
f 693/693/693 690/690/690 696/696/696
f 697/697/697 695/695/695 693/693/693
f 697/697/697 693/693/693 696/696/696
f 698/698/698 695/695/695 697/697/697
f 696/696/696 692/692/692 699/699/699
f 697/697/697 696/696/696 699/699/699
f 692/692/692 700/700/700 699/699/699
f 699/699/699 700/700/700 701/701/701
f 702/702/702 698/698/698 697/697/697
f 702/702/702 697/697/697 699/699/699
f 703/703/703 698/698/698 702/702/702
f 704/704/704 699/699/699 701/701/701
f 702/702/702 699/699/699 704/704/704
f 705/705/705 703/703/703 702/702/702
f 705/705/705 702/702/702 704/704/704
f 706/706/706 703/703/703 705/705/705
f 704/704/704 701/701/701 707/707/707
f 705/705/705 704/704/704 707/707/707
f 701/701/701 708/708/708 707/707/707
f 709/709/709 706/706/706 705/705/705
f 709/709/709 705/705/705 707/707/707
f 710/710/710 706/706/706 709/709/709
f 707/707/707 708/708/708 711/711/711
f 709/709/709 707/707/707 711/711/711
f 708/708/708 712/712/712 711/711/711
f 713/713/713 710/710/710 709/709/709
f 713/713/713 709/709/709 711/711/711
f 711/711/711 712/712/712 714/714/714
f 713/713/713 711/711/711 714/714/714
f 712/712/712 715/715/715 714/714/714
f 713/713/713 716/716/716 710/710/710
f 716/716/716 713/713/713 714/714/714
f 716/716/716 717/717/717 710/710/710
f 718/718/718 717/717/717 716/716/716
f 714/714/714 715/715/715 719/719/719
f 716/716/716 714/714/714 719/719/719
f 715/715/715 720/720/720 719/719/719
f 721/721/721 718/718/718 716/716/716
f 721/721/721 716/716/716 719/719/719
f 719/719/719 720/720/720 722/722/722
f 721/721/721 719/719/719 722/722/722
f 720/720/720 723/723/723 722/722/722
f 724/724/724 721/721/721 722/722/722
f 721/721/721 724/724/724 718/718/718
f 724/724/724 725/725/725 718/718/718
f 728/728/728 727/727/727 726/726/726
f 729/729/729 727/727/727 728/728/728
f 730/730/730 728/728/728 726/726/726
f 730/730/730 726/726/726 731/731/731
f 732/732/732 729/729/729 728/728/728
f 733/733/733 729/729/729 732/732/732
f 734/734/734 730/730/730 731/731/731
f 734/734/734 731/731/731 735/735/735
f 736/736/736 734/734/734 735/735/735
f 736/736/736 735/735/735 737/737/737
f 738/738/738 736/736/736 737/737/737
f 738/738/738 737/737/737 739/739/739
f 740/740/740 738/738/738 739/739/739
f 740/740/740 739/739/739 741/741/741
f 742/742/742 740/740/740 741/741/741
f 742/742/742 741/741/741 743/743/743
f 744/744/744 742/742/742 743/743/743
f 744/744/744 743/743/743 745/745/745
f 746/746/746 744/744/744 745/745/745
f 746/746/746 745/745/745 747/747/747
f 748/748/748 746/746/746 747/747/747
f 748/748/748 747/747/747 749/749/749
f 750/750/750 748/748/748 749/749/749
f 750/750/750 749/749/749 751/751/751
f 752/752/752 750/750/750 751/751/751
f 752/752/752 751/751/751 753/753/753
f 754/754/754 752/752/752 753/753/753
f 754/754/754 753/753/753 755/755/755
f 756/756/756 754/754/754 755/755/755
f 756/756/756 755/755/755 757/757/757
f 758/758/758 756/756/756 757/757/757
f 758/758/758 757/757/757 759/759/759
f 760/760/760 758/758/758 759/759/759
f 760/760/760 759/759/759 761/761/761
f 762/762/762 760/760/760 761/761/761
f 762/762/762 761/761/761 763/763/763
f 764/764/764 762/762/762 763/763/763
f 764/764/764 763/763/763 765/765/765
f 766/766/766 764/764/764 765/765/765
f 766/766/766 765/765/765 767/767/767
f 768/768/768 766/766/766 767/767/767
f 768/768/768 767/767/767 769/769/769
f 770/770/770 768/768/768 769/769/769
f 770/770/770 769/769/769 771/771/771
f 772/772/772 770/770/770 771/771/771
f 772/772/772 771/771/771 733/733/733
f 773/773/773 772/772/772 733/733/733
f 773/773/773 733/733/733 732/732/732
f 760/760/760 762/762/762 774/774/774
f 762/762/762 764/764/764 775/775/775
f 762/762/762 775/775/775 774/774/774
f 764/764/764 766/766/766 776/776/776
f 764/764/764 776/776/776 775/775/775
f 766/766/766 768/768/768 777/777/777
f 766/766/766 777/777/777 776/776/776
f 778/778/778 775/775/775 776/776/776
f 774/774/774 775/775/775 778/778/778
f 777/777/777 778/778/778 776/776/776
f 760/760/760 774/774/774 779/779/779
f 779/779/779 774/774/774 778/778/778
f 758/758/758 760/760/760 779/779/779
f 768/768/768 780/780/780 777/777/777
f 777/777/777 780/780/780 778/778/778
f 781/781/781 779/779/779 778/778/778
f 758/758/758 779/779/779 781/781/781
f 780/780/780 782/782/782 778/778/778
f 768/768/768 770/770/770 780/780/780
f 770/770/770 782/782/782 780/780/780
f 756/756/756 758/758/758 781/781/781
f 770/770/770 772/772/772 782/782/782
f 756/756/756 781/781/781 783/783/783
f 783/783/783 781/781/781 778/778/778
f 754/754/754 756/756/756 783/783/783
f 754/754/754 783/783/783 784/784/784
f 784/784/784 783/783/783 778/778/778
f 752/752/752 754/754/754 784/784/784
f 752/752/752 784/784/784 785/785/785
f 785/785/785 784/784/784 778/778/778
f 750/750/750 752/752/752 785/785/785
f 750/750/750 785/785/785 786/786/786
f 786/786/786 785/785/785 778/778/778
f 748/748/748 750/750/750 786/786/786
f 748/748/748 786/786/786 787/787/787
f 787/787/787 786/786/786 778/778/778
f 746/746/746 748/748/748 787/787/787
f 788/788/788 787/787/787 778/778/778
f 746/746/746 787/787/787 788/788/788
f 744/744/744 746/746/746 788/788/788
f 789/789/789 788/788/788 778/778/778
f 744/744/744 788/788/788 789/789/789
f 789/789/789 778/778/778 790/790/790
f 742/742/742 744/744/744 789/789/789
f 742/742/742 789/789/789 790/790/790
f 740/740/740 742/742/742 790/790/790
f 740/740/740 790/790/790 791/791/791
f 778/778/778 791/791/791 790/790/790
f 738/738/738 740/740/740 791/791/791
f 738/738/738 791/791/791 792/792/792
f 792/792/792 791/791/791 778/778/778
f 736/736/736 738/738/738 792/792/792
f 736/736/736 792/792/792 793/793/793
f 793/793/793 792/792/792 778/778/778
f 734/734/734 736/736/736 793/793/793
f 734/734/734 793/793/793 794/794/794
f 730/730/730 734/734/734 794/794/794
f 794/794/794 793/793/793 795/795/795
f 730/730/730 794/794/794 795/795/795
f 793/793/793 778/778/778 795/795/795
f 728/728/728 730/730/730 795/795/795
f 728/728/728 795/795/795 796/796/796
f 796/796/796 795/795/795 778/778/778
f 732/732/732 728/728/728 796/796/796
f 797/797/797 796/796/796 778/778/778
f 732/732/732 796/796/796 797/797/797
f 797/797/797 778/778/778 782/782/782
f 773/773/773 732/732/732 797/797/797
f 798/798/798 797/797/797 782/782/782
f 773/773/773 797/797/797 798/798/798
f 772/772/772 798/798/798 782/782/782
f 772/772/772 773/773/773 798/798/798
f 801/801/801 800/800/800 799/799/799
f 799/799/799 800/800/800 802/802/802
f 803/803/803 801/801/801 799/799/799
f 803/803/803 804/804/804 801/801/801
f 804/804/804 805/805/805 801/801/801
f 806/806/806 805/805/805 804/804/804
f 807/807/807 806/806/806 804/804/804
f 808/808/808 806/806/806 807/807/807
f 809/809/809 808/808/808 807/807/807
f 810/810/810 808/808/808 809/809/809
f 811/811/811 810/810/810 809/809/809
f 812/812/812 810/810/810 811/811/811
f 813/813/813 812/812/812 811/811/811
f 814/814/814 812/812/812 813/813/813
f 815/815/815 814/814/814 813/813/813
f 816/816/816 814/814/814 815/815/815
f 817/817/817 816/816/816 815/815/815
f 818/818/818 816/816/816 817/817/817
f 819/819/819 818/818/818 817/817/817
f 820/820/820 818/818/818 819/819/819
f 821/821/821 807/807/807 804/804/804
f 822/822/822 809/809/809 807/807/807
f 821/821/821 822/822/822 807/807/807
f 823/823/823 821/821/821 804/804/804
f 822/822/822 821/821/821 823/823/823
f 823/823/823 804/804/804 803/803/803
f 822/822/822 824/824/824 809/809/809
f 824/824/824 811/811/811 809/809/809
f 825/825/825 823/823/823 803/803/803
f 825/825/825 803/803/803 799/799/799
f 826/826/826 822/822/822 823/823/823
f 824/824/824 822/822/822 826/826/826
f 826/826/826 823/823/823 825/825/825
f 824/824/824 827/827/827 811/811/811
f 827/827/827 824/824/824 826/826/826
f 827/827/827 813/813/813 811/811/811
f 828/828/828 826/826/826 825/825/825
f 828/828/828 825/825/825 799/799/799
f 827/827/827 826/826/826 829/829/829
f 828/828/828 830/830/830 826/826/826
f 827/827/827 831/831/831 813/813/813
f 831/831/831 827/827/827 829/829/829
f 831/831/831 815/815/815 813/813/813
f 831/831/831 829/829/829 815/815/815
f 829/829/829 817/817/817 815/815/815
f 828/828/828 799/799/799 832/832/832
f 830/830/830 828/828/828 832/832/832
f 832/832/832 799/799/799 802/802/802
f 829/829/829 833/833/833 817/817/817
f 833/833/833 829/829/829 826/826/826
f 833/833/833 819/819/819 817/817/817
f 832/832/832 802/802/802 834/834/834
f 830/830/830 832/832/832 834/834/834
f 802/802/802 835/835/835 834/834/834
f 834/834/834 835/835/835 836/836/836
f 833/833/833 837/837/837 819/819/819
f 837/837/837 833/833/833 826/826/826
f 838/838/838 830/830/830 834/834/834
f 830/830/830 838/838/838 826/826/826
f 839/839/839 834/834/834 836/836/836
f 838/838/838 834/834/834 839/839/839
f 837/837/837 840/840/840 819/819/819
f 840/840/840 820/820/820 819/819/819
f 839/839/839 836/836/836 841/841/841
f 836/836/836 842/842/842 841/841/841
f 843/843/843 838/838/838 839/839/839
f 838/838/838 843/843/843 826/826/826
f 843/843/843 839/839/839 841/841/841
f 837/837/837 844/844/844 840/840/840
f 837/837/837 826/826/826 844/844/844
f 840/840/840 845/845/845 820/820/820
f 844/844/844 845/845/845 840/840/840
f 845/845/845 846/846/846 820/820/820
f 843/843/843 847/847/847 826/826/826
f 847/847/847 843/843/843 841/841/841
f 826/826/826 848/848/848 844/844/844
f 844/844/844 848/848/848 845/845/845
f 847/847/847 849/849/849 826/826/826
f 841/841/841 842/842/842 850/850/850
f 847/847/847 841/841/841 850/850/850
f 849/849/849 847/847/847 850/850/850
f 842/842/842 851/851/851 850/850/850
f 845/845/845 852/852/852 846/846/846
f 848/848/848 852/852/852 845/845/845
f 852/852/852 853/853/853 846/846/846
f 854/854/854 853/853/853 852/852/852
f 850/850/850 851/851/851 855/855/855
f 849/849/849 850/850/850 855/855/855
f 851/851/851 856/856/856 855/855/855
f 848/848/848 857/857/857 852/852/852
f 857/857/857 848/848/848 826/826/826
f 858/858/858 854/854/854 852/852/852
f 857/857/857 858/858/858 852/852/852
f 859/859/859 849/849/849 855/855/855
f 849/849/849 859/859/859 826/826/826
f 855/855/855 856/856/856 860/860/860
f 859/859/859 855/855/855 860/860/860
f 856/856/856 861/861/861 860/860/860
f 858/858/858 862/862/862 854/854/854
f 862/862/862 863/863/863 854/854/854
f 864/864/864 863/863/863 862/862/862
f 857/857/857 865/865/865 858/858/858
f 865/865/865 857/857/857 826/826/826
f 865/865/865 862/862/862 858/858/858
f 866/866/866 859/859/859 860/860/860
f 859/859/859 866/866/866 826/826/826
f 860/860/860 861/861/861 867/867/867
f 866/866/866 860/860/860 867/867/867
f 861/861/861 868/868/868 867/867/867
f 867/867/867 868/868/868 864/864/864
f 865/865/865 869/869/869 862/862/862
f 865/865/865 826/826/826 869/869/869
f 866/866/866 870/870/870 826/826/826
f 870/870/870 866/866/866 867/867/867
f 826/826/826 870/870/870 869/869/869
f 871/871/871 864/864/864 862/862/862
f 871/871/871 867/867/867 864/864/864
f 869/869/869 871/871/871 862/862/862
f 870/870/870 867/867/867 871/871/871
f 869/869/869 870/870/870 871/871/871

