mtllib material.mtl
usemtl material_0
v -0.00001486 -0.00000556 0.00000245
v -0.00001851 -0.00000612 0.00000172
v -0.00001857 -0.00000428 0.00000082
v -0.00001494 -0.00000388 0.00000183
v -0.00001502 -0.00000196 0.00000128
v -0.00001209 -0.00000302 0.00000329
v -0.00001866 -0.00000217 0.00000005
v -0.00001870 0.00000003 -0.00000028
v -0.00001201 -0.00000435 0.00000358
v -0.00001003 -0.00000298 0.00000480
v -0.00001194 -0.00000537 0.00000380
v -0.00001479 -0.00000686 0.00000298
v -0.00001192 -0.00000562 0.00000385
v -0.00001478 -0.00000716 0.00000310
v -0.00000998 -0.00000366 0.00000486
v -0.00000997 -0.00000382 0.00000487
v -0.00000807 -0.00000242 0.00000581
v -0.00000807 -0.00000232 0.00000582
v -0.00000810 -0.00000190 0.00000585
v -0.00000813 -0.00000133 0.00000587
v -0.00001008 -0.00000208 0.00000471
v -0.00001010 -0.00000104 0.00000461
v -0.00000815 -0.00000067 0.00000586
v -0.00000815 0.00000000 0.00000584
v -0.00001213 -0.00000152 0.00000303
v -0.00001213 0.00000005 0.00000291
v -0.00001009 0.00000003 0.00000457
v -0.00001007 0.00000110 0.00000462
v -0.00000813 0.00000067 0.00000586
v -0.00000809 0.00000133 0.00000589
v -0.00001504 0.00000006 0.00000104
v -0.00001499 0.00000208 0.00000129
v -0.00001864 0.00000225 0.00000005
v -0.00001854 0.00000436 0.00000083
v -0.00001488 0.00000400 0.00000185
v -0.00001202 0.00000313 0.00000332
v -0.00001477 0.00000567 0.00000248
v -0.00001210 0.00000163 0.00000304
v -0.00001002 0.00000213 0.00000473
v -0.00000995 0.00000303 0.00000483
v -0.00000804 0.00000190 0.00000587
v -0.00000801 0.00000232 0.00000585
v -0.00001191 0.00000444 0.00000362
v -0.00001182 0.00000547 0.00000385
v -0.00001470 0.00000696 0.00000302
v -0.00000989 0.00000371 0.00000489
v -0.00000800 0.00000242 0.00000584
v -0.00000987 0.00000387 0.00000491
v -0.00001180 0.00000571 0.00000390
v -0.00001468 0.00000726 0.00000313
v -0.00001479 -0.00000686 0.00000298
v -0.00001478 -0.00000716 0.00000310
v -0.00001846 -0.00000784 0.00000269
v -0.00001847 -0.00000752 0.00000251
v -0.00001486 -0.00000556 0.00000245
v -0.00001851 -0.00000612 0.00000172
v -0.00002228 -0.00000586 0.00000186
v -0.00001857 -0.00000428 0.00000082
v -0.00002227 -0.00000720 0.00000269
v -0.00002226 -0.00000751 0.00000288
v -0.00002582 -0.00000663 0.00000366
v -0.00002582 -0.00000635 0.00000350
v -0.00002869 -0.00000534 0.00000437
v -0.00002868 -0.00000435 0.00000397
v -0.00002869 -0.00000557 0.00000446
v -0.00003087 -0.00000425 0.00000513
v -0.00003085 -0.00000410 0.00000509
v -0.00002582 -0.00000517 0.00000283
v -0.00002583 -0.00000362 0.00000210
v -0.00002232 -0.00000410 0.00000095
v -0.00002239 -0.00000209 0.00000021
v -0.00001866 -0.00000217 0.00000005
v -0.00001870 0.00000003 -0.00000028
v -0.00003230 -0.00000259 0.00000557
v -0.00003237 -0.00000259 0.00000560
v -0.00003323 -0.00000109 0.00000588
v -0.00003198 -0.00000258 0.00000541
v -0.00003305 -0.00000120 0.00000580
v -0.00003076 -0.00000346 0.00000491
v -0.00003081 -0.00000238 0.00000473
v -0.00002866 -0.00000303 0.00000350
v -0.00002867 -0.00000154 0.00000310
v -0.00002588 -0.00000184 0.00000150
v -0.00002590 -0.00000000 0.00000126
v -0.00003331 -0.00000042 0.00000586
v -0.00003235 -0.00000078 0.00000539
v -0.00003353 -0.00000033 0.00000597
v -0.00003354 -0.00000000 0.00000597
v -0.00003226 -0.00000165 0.00000545
v -0.00003332 -0.00000000 0.00000585
v -0.00002244 0.00000000 -0.00000010
v -0.00002239 0.00000210 0.00000021
v -0.00001864 0.00000225 0.00000005
v -0.00001854 0.00000436 0.00000083
v -0.00003082 -0.00000118 0.00000451
v -0.00003082 -0.00000000 0.00000441
v -0.00003331 0.00000042 0.00000586
v -0.00003235 0.00000078 0.00000539
v -0.00003353 0.00000033 0.00000597
v -0.00003323 0.00000109 0.00000588
v -0.00003235 -0.00000000 0.00000534
v -0.00003305 0.00000119 0.00000580
v -0.00002868 -0.00000000 0.00000292
v -0.00002867 0.00000153 0.00000310
v -0.00003230 0.00000259 0.00000557
v -0.00003237 0.00000259 0.00000560
v -0.00003087 0.00000425 0.00000513
v -0.00003082 0.00000118 0.00000451
v -0.00003081 0.00000238 0.00000473
v -0.00003226 0.00000164 0.00000545
v -0.00003198 0.00000257 0.00000541
v -0.00003085 0.00000410 0.00000509
v -0.00002588 0.00000184 0.00000150
v -0.00002583 0.00000361 0.00000210
v -0.00003076 0.00000346 0.00000491
v -0.00002868 0.00000434 0.00000397
v -0.00002869 0.00000533 0.00000437
v -0.00002869 0.00000556 0.00000446
v -0.00002582 0.00000663 0.00000366
v -0.00002866 0.00000303 0.00000350
v -0.00002582 0.00000635 0.00000350
v -0.00002232 0.00000411 0.00000095
v -0.00002228 0.00000587 0.00000187
v -0.00002582 0.00000517 0.00000283
v -0.00002226 0.00000720 0.00000269
v -0.00002226 0.00000751 0.00000288
v -0.00001842 0.00000790 0.00000271
v -0.00001843 0.00000757 0.00000253
v -0.00001847 0.00000619 0.00000174
v -0.00001477 0.00000567 0.00000248
v -0.00001488 0.00000400 0.00000185
v -0.00001470 0.00000696 0.00000302
v -0.00001468 0.00000726 0.00000313
v -0.00002906 -0.00000587 0.00000361
v -0.00003127 -0.00000445 0.00000425
v -0.00003087 -0.00000425 0.00000513
v -0.00002869 -0.00000557 0.00000446
v -0.00002612 -0.00000702 0.00000282
v -0.00002582 -0.00000663 0.00000366
v -0.00002246 -0.00000794 0.00000202
v -0.00002226 -0.00000751 0.00000288
v -0.00001849 -0.00000825 0.00000176
v -0.00001846 -0.00000784 0.00000269
v -0.00001464 -0.00000748 0.00000214
v -0.00001478 -0.00000716 0.00000310
v -0.00001167 -0.00000577 0.00000291
v -0.00001192 -0.00000562 0.00000385
v -0.00000968 -0.00000383 0.00000394
v -0.00000997 -0.00000382 0.00000487
v -0.00000783 -0.00000235 0.00000483
v -0.00000807 -0.00000242 0.00000581
v -0.00000582 -0.00000166 0.00000520
v -0.00000586 -0.00000180 0.00000620
v -0.00000292 -0.00000138 0.00000491
v -0.00000279 -0.00000155 0.00000586
v 0.00000205 -0.00000123 0.00000399
v 0.00000225 -0.00000143 0.00000493
v 0.00000985 -0.00000144 0.00000293
v 0.00001001 -0.00000170 0.00000387
v 0.00001722 -0.00000232 0.00000151
v 0.00001733 -0.00000262 0.00000246
v 0.00002481 -0.00000312 0.00000017
v 0.00002491 -0.00000342 0.00000112
v 0.00003156 -0.00000349 -0.00000064
v 0.00003165 -0.00000378 0.00000031
v 0.00003626 -0.00000367 -0.00000109
v 0.00003633 -0.00000395 -0.00000013
v 0.00003920 -0.00000389 -0.00000134
v 0.00003926 -0.00000417 -0.00000039
v 0.00004131 -0.00000398 -0.00000149
v 0.00004137 -0.00000425 -0.00000053
v 0.00004346 -0.00000376 -0.00000159
v 0.00004356 -0.00000404 -0.00000064
v 0.00004541 -0.00000314 -0.00000167
v 0.00004559 -0.00000343 -0.00000073
v 0.00004687 -0.00000201 -0.00000172
v 0.00004715 -0.00000227 -0.00000079
v -0.00003127 0.00000444 0.00000425
v -0.00002869 0.00000556 0.00000446
v -0.00003087 0.00000425 0.00000513
v -0.00002906 0.00000587 0.00000361
v -0.00002582 0.00000663 0.00000366
v -0.00002612 0.00000702 0.00000282
v -0.00002226 0.00000751 0.00000288
v -0.00002245 0.00000794 0.00000202
v -0.00001842 0.00000790 0.00000271
v -0.00001846 0.00000830 0.00000177
v -0.00001468 0.00000726 0.00000313
v -0.00001455 0.00000757 0.00000217
v -0.00001180 0.00000571 0.00000390
v -0.00001155 0.00000585 0.00000295
v -0.00000987 0.00000387 0.00000491
v -0.00000957 0.00000388 0.00000398
v -0.00000800 0.00000242 0.00000584
v -0.00000777 0.00000234 0.00000486
v -0.00000581 0.00000173 0.00000621
v -0.00000577 0.00000160 0.00000522
v -0.00000276 0.00000143 0.00000588
v -0.00000289 0.00000127 0.00000492
v 0.00000226 0.00000133 0.00000494
v 0.00000206 0.00000113 0.00000400
v 0.00001001 0.00000170 0.00000387
v 0.00000985 0.00000144 0.00000293
v 0.00001733 0.00000262 0.00000246
v 0.00001722 0.00000232 0.00000151
v 0.00002491 0.00000342 0.00000112
v 0.00002481 0.00000312 0.00000017
v 0.00003165 0.00000378 0.00000031
v 0.00003156 0.00000349 -0.00000064
v 0.00003633 0.00000395 -0.00000013
v 0.00003626 0.00000367 -0.00000109
v 0.00003926 0.00000417 -0.00000039
v 0.00003920 0.00000389 -0.00000134
v 0.00004137 0.00000425 -0.00000053
v 0.00004131 0.00000397 -0.00000149
v 0.00004356 0.00000404 -0.00000064
v 0.00004346 0.00000376 -0.00000159
v 0.00004559 0.00000343 -0.00000073
v 0.00004541 0.00000314 -0.00000167
v 0.00004715 0.00000226 -0.00000079
v 0.00004687 0.00000201 -0.00000172
v 0.00004779 -0.00000089 -0.00000174
v 0.00004687 -0.00000201 -0.00000172
v 0.00004715 -0.00000227 -0.00000079
v 0.00004806 -0.00000104 -0.00000079
v 0.00004810 -0.00000031 -0.00000175
v 0.00004832 -0.00000036 -0.00000078
v 0.00004810 -0.00000000 -0.00000175
v 0.00004831 -0.00000000 -0.00000077
v 0.00004810 0.00000031 -0.00000175
v 0.00004832 0.00000036 -0.00000078
v 0.00004779 0.00000089 -0.00000174
v 0.00004806 0.00000104 -0.00000079
v 0.00004687 0.00000201 -0.00000172
v 0.00004715 0.00000226 -0.00000079
v -0.00003127 -0.00000445 0.00000425
v -0.00003237 -0.00000259 0.00000560
v -0.00003087 -0.00000425 0.00000513
v -0.00003277 -0.00000270 0.00000471
v -0.00003323 -0.00000109 0.00000588
v -0.00003364 -0.00000118 0.00000498
v -0.00003353 -0.00000033 0.00000597
v -0.00003395 -0.00000040 0.00000507
v -0.00003354 -0.00000000 0.00000597
v -0.00003396 -0.00000000 0.00000507
v -0.00003353 0.00000033 0.00000597
v -0.00003395 0.00000040 0.00000507
v -0.00003323 0.00000109 0.00000588
v -0.00003364 0.00000118 0.00000498
v -0.00003237 0.00000259 0.00000560
v -0.00003277 0.00000270 0.00000471
v -0.00003087 0.00000425 0.00000513
v -0.00003127 0.00000444 0.00000425
v -0.00000964 0.00000304 0.00000392
v -0.00000960 0.00000361 0.00000396
v -0.00001158 0.00000544 0.00000287
v -0.00001165 0.00000458 0.00000268
v -0.00001173 0.00000323 0.00000240
v -0.00000968 0.00000215 0.00000384
v -0.00000971 0.00000113 0.00000374
v -0.00001179 0.00000170 0.00000213
v -0.00001181 0.00000005 0.00000200
v -0.00000972 0.00000003 0.00000369
v -0.00000974 -0.00000107 0.00000373
v -0.00001183 -0.00000159 0.00000211
v -0.00001181 -0.00000313 0.00000238
v -0.00000974 -0.00000210 0.00000382
v -0.00000972 -0.00000299 0.00000389
v -0.00001175 -0.00000448 0.00000265
v -0.00001170 -0.00000534 0.00000283
v -0.00000969 -0.00000355 0.00000393
v -0.00001478 0.00000221 0.00000032
v -0.00001179 0.00000170 0.00000213
v -0.00001173 0.00000323 0.00000240
v -0.00001181 0.00000005 0.00000200
v -0.00001470 0.00000422 0.00000089
v -0.00001462 0.00000596 0.00000153
v -0.00001854 0.00000465 -0.00000015
v -0.00001165 0.00000458 0.00000268
v -0.00001158 0.00000544 0.00000287
v -0.00001482 0.00000006 0.00000006
v -0.00001481 -0.00000209 0.00000031
v -0.00001867 0.00000003 -0.00000133
v -0.00001183 -0.00000159 0.00000211
v -0.00001181 -0.00000313 0.00000238
v -0.00001862 0.00000242 -0.00000096
v -0.00002257 0.00000229 -0.00000076
v -0.00001457 0.00000704 0.00000197
v -0.00001155 0.00000585 0.00000295
v -0.00000960 0.00000361 0.00000396
v -0.00001455 0.00000757 0.00000217
v -0.00000957 0.00000388 0.00000398
v -0.00001846 0.00000830 0.00000177
v -0.00000777 0.00000234 0.00000486
v -0.00001847 0.00000773 0.00000146
v -0.00000778 0.00000218 0.00000487
v -0.00000964 0.00000304 0.00000392
v -0.00001849 0.00000656 0.00000079
v -0.00002247 0.00000627 0.00000098
v -0.00002246 0.00000740 0.00000168
v -0.00002245 0.00000794 0.00000202
v -0.00002612 0.00000702 0.00000282
v -0.00002612 0.00000654 0.00000256
v -0.00000577 0.00000149 0.00000524
v -0.00000578 0.00000125 0.00000530
v -0.00000577 0.00000160 0.00000522
v -0.00000289 0.00000127 0.00000492
v -0.00000289 0.00000118 0.00000495
v -0.00002250 0.00000443 0.00000002
v -0.00002616 0.00000391 0.00000124
v -0.00002906 0.00000546 0.00000346
v -0.00002906 0.00000463 0.00000313
v -0.00002906 0.00000587 0.00000361
v -0.00003127 0.00000444 0.00000425
v -0.00002613 0.00000553 0.00000200
v -0.00003124 0.00000418 0.00000418
v -0.00003265 0.00000270 0.00000465
v -0.00003277 0.00000270 0.00000471
v -0.00003364 0.00000118 0.00000498
v -0.00003239 0.00000269 0.00000452
v -0.00003333 0.00000137 0.00000485
v -0.00003118 0.00000364 0.00000404
v -0.00003126 0.00000254 0.00000388
v -0.00002908 0.00000327 0.00000267
v -0.00002911 0.00000169 0.00000225
v -0.00003357 0.00000055 0.00000489
v -0.00003279 0.00000087 0.00000451
v -0.00003395 0.00000040 0.00000507
v -0.00003396 -0.00000000 0.00000507
v -0.00003268 0.00000175 0.00000457
v -0.00003359 -0.00000000 0.00000487
v -0.00002621 0.00000202 0.00000061
v -0.00002625 -0.00000000 0.00000034
v -0.00003129 0.00000130 0.00000367
v -0.00003130 -0.00000000 0.00000355
v -0.00003357 -0.00000055 0.00000489
v -0.00003279 -0.00000087 0.00000451
v -0.00003395 -0.00000040 0.00000507
v -0.00003364 -0.00000118 0.00000498
v -0.00003280 -0.00000000 0.00000446
v -0.00003333 -0.00000137 0.00000485
v -0.00002262 0.00000000 -0.00000110
v -0.00002257 -0.00000229 -0.00000076
v -0.00003265 -0.00000270 0.00000465
v -0.00003277 -0.00000270 0.00000471
v -0.00003127 -0.00000445 0.00000425
v -0.00001863 -0.00000236 -0.00000097
v -0.00001856 -0.00000459 -0.00000016
v -0.00001476 -0.00000410 0.00000087
v -0.00001470 -0.00000585 0.00000149
v -0.00001175 -0.00000448 0.00000265
v -0.00001170 -0.00000534 0.00000283
v -0.00003239 -0.00000269 0.00000452
v -0.00003124 -0.00000419 0.00000418
v -0.00003268 -0.00000176 0.00000457
v -0.00003126 -0.00000254 0.00000388
v -0.00002906 -0.00000547 0.00000346
v -0.00002906 -0.00000463 0.00000313
v -0.00002906 -0.00000587 0.00000361
v -0.00002612 -0.00000702 0.00000282
v -0.00003118 -0.00000365 0.00000404
v -0.00002612 -0.00000654 0.00000256
v -0.00003129 -0.00000131 0.00000367
v -0.00002911 -0.00000169 0.00000225
v -0.00002246 -0.00000740 0.00000168
v -0.00002247 -0.00000626 0.00000098
v -0.00002246 -0.00000794 0.00000202
v -0.00001849 -0.00000825 0.00000176
v -0.00001850 -0.00000768 0.00000144
v -0.00002908 -0.00000328 0.00000267
v -0.00002616 -0.00000392 0.00000124
v -0.00002613 -0.00000554 0.00000200
v -0.00002913 -0.00000000 0.00000206
v -0.00002621 -0.00000203 0.00000061
v -0.00002250 -0.00000443 0.00000002
v -0.00001852 -0.00000650 0.00000077
v -0.00001466 -0.00000695 0.00000193
v -0.00001464 -0.00000748 0.00000214
v -0.00001167 -0.00000577 0.00000291
v -0.00000969 -0.00000355 0.00000393
v -0.00000968 -0.00000383 0.00000394
v -0.00000783 -0.00000235 0.00000483
v -0.00000784 -0.00000218 0.00000485
v -0.00000972 -0.00000299 0.00000389
v -0.00000581 -0.00000155 0.00000523
v -0.00000581 -0.00000131 0.00000529
v -0.00000582 -0.00000166 0.00000520
v -0.00000292 -0.00000138 0.00000491
v -0.00000785 -0.00000184 0.00000488
v -0.00000785 -0.00000130 0.00000491
v -0.00000974 -0.00000210 0.00000382
v -0.00000974 -0.00000107 0.00000373
v -0.00000292 -0.00000129 0.00000494
v 0.00000204 -0.00000114 0.00000402
v 0.00000201 -0.00000097 0.00000409
v 0.00000205 -0.00000123 0.00000399
v 0.00000985 -0.00000144 0.00000293
v 0.00000983 -0.00000134 0.00000296
v -0.00000291 -0.00000110 0.00000500
v -0.00000291 -0.00000079 0.00000507
v -0.00000581 -0.00000093 0.00000535
v -0.00000580 -0.00000050 0.00000537
v -0.00000784 -0.00000067 0.00000490
v -0.00000783 -0.00000000 0.00000490
v -0.00000972 0.00000003 0.00000369
v -0.00000971 0.00000113 0.00000374
v 0.00001723 -0.00000216 0.00000156
v 0.00001727 -0.00000183 0.00000167
v 0.00001722 -0.00000232 0.00000151
v 0.00002481 -0.00000312 0.00000017
v 0.00002485 -0.00000290 0.00000024
v 0.00000981 -0.00000113 0.00000304
v 0.00000978 -0.00000079 0.00000313
v 0.00003160 -0.00000325 -0.00000057
v 0.00003166 -0.00000275 -0.00000042
v 0.00003156 -0.00000349 -0.00000064
v 0.00003626 -0.00000367 -0.00000109
v 0.00003627 -0.00000341 -0.00000101
v 0.00002494 -0.00000246 0.00000037
v 0.00002503 -0.00000175 0.00000053
v 0.00000198 -0.00000069 0.00000417
v 0.00000197 -0.00000038 0.00000421
v 0.00003921 -0.00000362 -0.00000127
v 0.00003922 -0.00000307 -0.00000110
v 0.00003920 -0.00000389 -0.00000134
v 0.00004131 -0.00000398 -0.00000149
v 0.00004131 -0.00000370 -0.00000141
v 0.00001730 -0.00000129 0.00000179
v 0.00001730 -0.00000067 0.00000186
v 0.00000978 -0.00000041 0.00000319
v 0.00000978 -0.00000000 0.00000321
v 0.00003630 -0.00000289 -0.00000086
v 0.00003632 -0.00000204 -0.00000067
v 0.00004347 -0.00000350 -0.00000152
v 0.00004347 -0.00000297 -0.00000137
v 0.00004346 -0.00000376 -0.00000159
v 0.00004541 -0.00000314 -0.00000167
v 0.00004538 -0.00000296 -0.00000161
v 0.00004132 -0.00000314 -0.00000125
v 0.00004133 -0.00000222 -0.00000106
v 0.00003174 -0.00000195 -0.00000025
v 0.00003177 -0.00000101 -0.00000017
v 0.00004674 -0.00000200 -0.00000167
v 0.00004687 -0.00000201 -0.00000172
v 0.00004779 -0.00000089 -0.00000174
v 0.00003923 -0.00000217 -0.00000091
v 0.00003924 -0.00000112 -0.00000082
v 0.00002507 -0.00000090 0.00000061
v 0.00002507 -0.00000000 0.00000062
v 0.00003633 -0.00000106 -0.00000059
v 0.00003634 -0.00000000 -0.00000057
v 0.00001729 -0.00000000 0.00000188
v 0.00001730 0.00000067 0.00000186
v 0.00003177 -0.00000000 -0.00000015
v 0.00003177 0.00000101 -0.00000017
v 0.00002507 0.00000090 0.00000061
v 0.00002503 0.00000174 0.00000053
v 0.00003924 -0.00000000 -0.00000080
v 0.00004133 -0.00000000 -0.00000094
v 0.00003924 0.00000112 -0.00000082
v 0.00003633 0.00000106 -0.00000059
v 0.00003632 0.00000204 -0.00000067
v 0.00003174 0.00000195 -0.00000025
v 0.00003166 0.00000275 -0.00000042
v 0.00004133 -0.00000115 -0.00000096
v 0.00004349 -0.00000109 -0.00000110
v 0.00004348 -0.00000210 -0.00000119
v 0.00004540 -0.00000180 -0.00000135
v 0.00004531 -0.00000258 -0.00000148
v 0.00004647 -0.00000199 -0.00000158
v 0.00004746 -0.00000102 -0.00000167
v 0.00004678 -0.00000130 -0.00000153
v 0.00004688 -0.00000065 -0.00000150
v 0.00004770 -0.00000042 -0.00000167
v 0.00004810 -0.00000031 -0.00000175
v 0.00004810 -0.00000000 -0.00000175
v 0.00004770 -0.00000000 -0.00000167
v 0.00004543 -0.00000092 -0.00000127
v 0.00004543 -0.00000000 -0.00000125
v 0.00004770 0.00000042 -0.00000167
v 0.00004688 0.00000064 -0.00000150
v 0.00004810 0.00000031 -0.00000175
v 0.00004779 0.00000089 -0.00000174
v 0.00004688 -0.00000000 -0.00000149
v 0.00004746 0.00000102 -0.00000167
v 0.00004349 -0.00000000 -0.00000108
v 0.00004349 0.00000109 -0.00000110
v 0.00004674 0.00000200 -0.00000167
v 0.00004687 0.00000201 -0.00000172
v 0.00004541 0.00000314 -0.00000167
v 0.00004543 0.00000092 -0.00000127
v 0.00004540 0.00000180 -0.00000135
v 0.00004678 0.00000130 -0.00000153
v 0.00004647 0.00000199 -0.00000158
v 0.00004538 0.00000296 -0.00000161
v 0.00004133 0.00000115 -0.00000096
v 0.00004133 0.00000222 -0.00000106
v 0.00004348 0.00000210 -0.00000119
v 0.00004347 0.00000297 -0.00000137
v 0.00004531 0.00000258 -0.00000148
v 0.00004347 0.00000350 -0.00000152
v 0.00004346 0.00000376 -0.00000159
v 0.00004131 0.00000397 -0.00000149
v 0.00004131 0.00000370 -0.00000141
v 0.00003923 0.00000217 -0.00000091
v 0.00003922 0.00000306 -0.00000110
v 0.00004132 0.00000314 -0.00000125
v 0.00003921 0.00000362 -0.00000127
v 0.00003920 0.00000389 -0.00000134
v 0.00003626 0.00000367 -0.00000109
v 0.00003630 0.00000289 -0.00000086
v 0.00003627 0.00000341 -0.00000101
v 0.00003160 0.00000325 -0.00000057
v 0.00003156 0.00000349 -0.00000064
v 0.00002481 0.00000312 0.00000017
v 0.00002485 0.00000290 0.00000024
v 0.00002494 0.00000246 0.00000037
v 0.00001727 0.00000183 0.00000167
v 0.00001723 0.00000216 0.00000156
v 0.00001722 0.00000232 0.00000151
v 0.00000985 0.00000144 0.00000293
v 0.00000983 0.00000134 0.00000296
v 0.00001730 0.00000129 0.00000179
v 0.00000978 0.00000079 0.00000313
v 0.00000205 0.00000104 0.00000403
v 0.00000202 0.00000087 0.00000409
v 0.00000206 0.00000113 0.00000400
v 0.00000981 0.00000113 0.00000304
v 0.00000978 0.00000041 0.00000319
v 0.00000197 0.00000028 0.00000421
v -0.00000289 0.00000098 0.00000501
v -0.00000289 0.00000067 0.00000508
v 0.00000198 0.00000059 0.00000417
v 0.00000197 -0.00000005 0.00000422
v -0.00000290 -0.00000006 0.00000511
v -0.00000289 0.00000032 0.00000510
v -0.00000579 0.00000043 0.00000538
v -0.00000578 0.00000087 0.00000536
v -0.00000781 0.00000130 0.00000492
v -0.00000290 -0.00000043 0.00000510
v -0.00000579 -0.00000003 0.00000537
v -0.00000782 0.00000067 0.00000491
v -0.00000968 0.00000215 0.00000384
v -0.00000779 0.00000184 0.00000490
v 0.00003167 -0.00000364 0.00000035
v 0.00003165 -0.00000378 0.00000031
v 0.00002491 -0.00000342 0.00000112
v 0.00003633 -0.00000395 -0.00000013
v 0.00002494 -0.00000329 0.00000116
v 0.00003176 -0.00000301 0.00000054
v 0.00003634 -0.00000380 -0.00000008
v 0.00001735 -0.00000253 0.00000249
v 0.00001739 -0.00000210 0.00000262
v 0.00001733 -0.00000262 0.00000246
v 0.00001001 -0.00000170 0.00000387
v 0.00001000 -0.00000164 0.00000390
v 0.00003927 -0.00000401 -0.00000034
v 0.00003928 -0.00000331 -0.00000014
v 0.00003926 -0.00000417 -0.00000039
v 0.00004137 -0.00000425 -0.00000053
v 0.00004137 -0.00000409 -0.00000048
v 0.00003637 -0.00000314 0.00000011
v 0.00003640 -0.00000219 0.00000031
v 0.00000224 -0.00000137 0.00000495
v 0.00000221 -0.00000114 0.00000504
v 0.00000225 -0.00000143 0.00000493
v -0.00000279 -0.00000155 0.00000586
v -0.00000279 -0.00000149 0.00000588
v 0.00004356 -0.00000388 -0.00000059
v 0.00004357 -0.00000321 -0.00000041
v 0.00004356 -0.00000404 -0.00000064
v 0.00004559 -0.00000343 -0.00000073
v 0.00004557 -0.00000332 -0.00000069
v 0.00000997 -0.00000136 0.00000399
v 0.00000995 -0.00000095 0.00000410
v -0.00000586 -0.00000173 0.00000621
v -0.00000587 -0.00000143 0.00000629
v -0.00000586 -0.00000180 0.00000620
v -0.00000807 -0.00000242 0.00000581
v -0.00000807 -0.00000232 0.00000582
v -0.00000810 -0.00000190 0.00000585
v -0.00000813 -0.00000133 0.00000587
v -0.00000279 -0.00000124 0.00000597
v -0.00000280 -0.00000087 0.00000605
v -0.00000589 -0.00000099 0.00000636
v -0.00000590 -0.00000051 0.00000638
v -0.00000815 -0.00000067 0.00000586
v -0.00000815 0.00000000 0.00000584
v 0.00000218 -0.00000081 0.00000513
v 0.00000217 -0.00000043 0.00000518
v -0.00000280 -0.00000046 0.00000609
v -0.00000279 -0.00000006 0.00000609
v -0.00000590 -0.00000003 0.00000638
v -0.00000589 0.00000045 0.00000639
v -0.00000813 0.00000067 0.00000586
v -0.00000809 0.00000133 0.00000589
v -0.00000586 0.00000093 0.00000637
v -0.00000583 0.00000136 0.00000630
v -0.00000278 0.00000075 0.00000606
v -0.00000804 0.00000190 0.00000587
v -0.00000801 0.00000232 0.00000585
v -0.00000279 0.00000034 0.00000609
v 0.00000217 0.00000033 0.00000519
v 0.00000217 -0.00000005 0.00000520
v 0.00000996 -0.00000000 0.00000420
v -0.00000582 0.00000166 0.00000623
v -0.00000800 0.00000242 0.00000584
v -0.00000581 0.00000173 0.00000621
v -0.00000276 0.00000143 0.00000588
v -0.00000276 0.00000138 0.00000590
v -0.00000276 0.00000112 0.00000598
v 0.00000222 0.00000105 0.00000504
v 0.00000226 0.00000127 0.00000496
v 0.00000226 0.00000133 0.00000494
v 0.00001001 0.00000170 0.00000387
v 0.00001000 0.00000163 0.00000390
v 0.00000218 0.00000071 0.00000514
v 0.00000995 0.00000095 0.00000410
v 0.00001735 0.00000252 0.00000249
v 0.00001739 0.00000210 0.00000262
v 0.00001733 0.00000262 0.00000246
v 0.00002491 0.00000342 0.00000112
v 0.00000997 0.00000136 0.00000399
v 0.00002494 0.00000329 0.00000116
v 0.00000995 0.00000048 0.00000417
v 0.00001743 0.00000074 0.00000285
v 0.00003167 0.00000364 0.00000035
v 0.00003176 0.00000301 0.00000054
v 0.00003165 0.00000378 0.00000031
v 0.00003633 0.00000395 -0.00000013
v 0.00003634 0.00000380 -0.00000008
v 0.00001743 0.00000146 0.00000277
v 0.00002515 0.00000191 0.00000151
v 0.00002505 0.00000273 0.00000133
v 0.00003927 0.00000400 -0.00000034
v 0.00003928 0.00000331 -0.00000014
v 0.00003926 0.00000417 -0.00000039
v 0.00004137 0.00000425 -0.00000053
v 0.00004137 0.00000408 -0.00000048
v 0.00003637 0.00000314 0.00000011
v 0.00003640 0.00000219 0.00000031
v 0.00003184 0.00000210 0.00000074
v 0.00003187 0.00000106 0.00000083
v 0.00004356 0.00000388 -0.00000059
v 0.00004357 0.00000321 -0.00000041
v 0.00004356 0.00000404 -0.00000064
v 0.00004559 0.00000343 -0.00000073
v 0.00004557 0.00000332 -0.00000069
v 0.00004138 0.00000338 -0.00000028
v 0.00004140 0.00000237 -0.00000007
v 0.00002519 0.00000096 0.00000160
v 0.00002520 -0.00000000 0.00000162
v 0.00003930 0.00000231 0.00000007
v 0.00003931 0.00000117 0.00000017
v 0.00004706 0.00000225 -0.00000076
v 0.00004715 0.00000226 -0.00000079
v 0.00004806 0.00000104 -0.00000079
v 0.00003642 0.00000111 0.00000041
v 0.00003642 -0.00000000 0.00000043
v 0.00001743 -0.00000000 0.00000287
v 0.00001743 -0.00000074 0.00000285
v 0.00003187 -0.00000000 0.00000084
v 0.00003187 -0.00000106 0.00000083
v 0.00002519 -0.00000096 0.00000160
v 0.00002515 -0.00000191 0.00000151
v 0.00000995 -0.00000048 0.00000417
v 0.00001743 -0.00000146 0.00000277
v 0.00002505 -0.00000273 0.00000133
v 0.00003184 -0.00000210 0.00000074
v 0.00003642 -0.00000111 0.00000041
v 0.00003931 -0.00000118 0.00000017
v 0.00003930 -0.00000232 0.00000007
v 0.00004140 -0.00000237 -0.00000007
v 0.00003931 -0.00000000 0.00000020
v 0.00004140 -0.00000000 0.00000006
v 0.00004138 -0.00000338 -0.00000028
v 0.00004140 -0.00000121 0.00000004
v 0.00004357 -0.00000115 -0.00000011
v 0.00004140 0.00000120 0.00000004
v 0.00004357 0.00000114 -0.00000011
v 0.00004357 -0.00000225 -0.00000021
v 0.00004553 -0.00000193 -0.00000036
v 0.00004356 -0.00000000 -0.00000008
v 0.00004555 -0.00000000 -0.00000026
v 0.00004357 0.00000225 -0.00000021
v 0.00004553 0.00000193 -0.00000036
v 0.00004549 -0.00000282 -0.00000052
v 0.00004671 -0.00000222 -0.00000063
v 0.00004555 -0.00000098 -0.00000028
v 0.00004708 -0.00000070 -0.00000052
v 0.00004555 0.00000098 -0.00000028
v 0.00004708 0.00000070 -0.00000052
v 0.00004549 0.00000282 -0.00000052
v 0.00004671 0.00000222 -0.00000063
v 0.00004701 0.00000145 -0.00000056
v 0.00004786 0.00000112 -0.00000075
v 0.00004809 0.00000043 -0.00000073
v 0.00004832 0.00000036 -0.00000078
v 0.00004831 -0.00000000 -0.00000077
v 0.00004707 -0.00000000 -0.00000050
v 0.00004807 -0.00000000 -0.00000072
v 0.00004809 -0.00000043 -0.00000073
v 0.00004832 -0.00000036 -0.00000078
v 0.00004806 -0.00000104 -0.00000079
v 0.00004786 -0.00000112 -0.00000075
v 0.00004701 -0.00000145 -0.00000056
v 0.00004706 -0.00000226 -0.00000076
v 0.00004715 -0.00000227 -0.00000079
vn -0.34344770 0.32482990 0.88120900
vn -0.08683227 0.44586180 0.89088020
vn -0.11691900 0.37096520 0.92125710
vn -0.38870790 0.27213380 0.88025520
vn -0.42036010 0.17053030 0.89118840
vn -0.54719090 0.15380390 0.82275550
vn -0.13593650 0.22927000 0.96382400
vn -0.14030510 -0.00065122 0.99010810
vn -0.51080260 0.17207230 0.84230150
vn -0.52786630 0.04982496 0.84786470
vn -0.47276340 0.17378690 0.86388250
vn -0.29979920 0.33842950 0.89195620
vn 0.10437340 -0.51904460 0.84835060
vn 0.04286239 -0.47578410 0.87851700
vn -0.49677970 0.03953296 0.86697590
vn 0.05083986 -0.56613090 0.82274610
vn 0.03521612 -0.64651170 0.76209080
vn -0.29934820 -0.08425762 0.95041640
vn -0.32927720 -0.06246612 0.94216470
vn -0.36734410 -0.01222147 0.93000480
vn -0.56193660 0.06438423 0.82467090
vn -0.58190100 0.05477120 0.81141310
vn -0.38985140 0.01791720 0.92070350
vn -0.39716730 0.00078903 0.91774580
vn -0.57071440 0.10366430 0.81457880
vn -0.57908830 0.00278755 0.81526010
vn -0.58777650 0.00364778 0.80901510
vn -0.58264950 -0.04759964 0.81132840
vn -0.39020940 -0.01656422 0.92057710
vn -0.36684100 0.01284903 0.93019490
vn -0.43167920 0.00039870 0.90202710
vn -0.41915880 -0.16981780 0.89189000
vn -0.13342520 -0.23057800 0.96386280
vn -0.11335440 -0.37277190 0.92097340
vn -0.38703580 -0.27240570 0.88090780
vn -0.54758990 -0.14933140 0.82331370
vn -0.34200160 -0.32654260 0.88113830
vn -0.57111640 -0.09820636 0.81497340
vn -0.56255700 -0.05796675 0.82472380
vn -0.52794470 -0.04487563 0.84809230
vn -0.32741740 0.06189007 0.94285070
vn -0.29691650 0.08271914 0.95131390
vn -0.51113440 -0.16933260 0.84265540
vn -0.47318150 -0.17245200 0.86392110
vn -0.29895550 -0.34099600 0.89126180
vn -0.49660340 -0.03593007 0.86723360
vn 0.05314156 0.63903190 0.76734230
vn 0.06528002 0.56054040 0.82555000
vn 0.11029840 0.51870530 0.84780840
vn 0.03805719 0.47978420 0.87656070
vn -0.29979920 0.33842950 0.89195620
vn 0.04286239 -0.47578410 0.87851700
vn 0.00540677 -0.40036480 0.91633990
vn -0.05901843 0.46678160 0.88240110
vn -0.34344770 0.32482990 0.88120900
vn -0.08683227 0.44586180 0.89088020
vn 0.19283850 0.47235280 0.86005590
vn -0.11691900 0.37096520 0.92125710
vn 0.19393170 0.49869770 0.84480240
vn 0.06869365 -0.33366560 0.94018530
vn 0.12024010 -0.33918110 0.93300500
vn 0.35414310 0.44422210 0.82295160
vn 0.42600750 0.33818670 0.83913490
vn 0.46033370 0.31255560 0.83090420
vn 0.05713890 -0.39629070 0.91634540
vn -0.09051242 -0.41049550 0.90735920
vn 0.45669490 0.21761410 0.86259720
vn 0.37636780 0.41576940 0.82793920
vn 0.40226170 0.34078930 0.84973420
vn 0.19416880 0.39039070 0.89994080
vn 0.20058720 0.24031950 0.94974280
vn -0.13593650 0.22927000 0.96382400
vn -0.14030510 -0.00065122 0.99010810
vn 0.45073530 0.12591900 0.88373200
vn -0.21263300 -0.36066720 0.90813350
vn -0.27341050 -0.26831830 0.92371640
vn 0.46601290 0.13592530 0.87427470
vn 0.44884950 0.09141806 0.88891890
vn 0.48060100 0.20285940 0.85315340
vn 0.51097300 0.17379980 0.84184340
vn 0.49865520 0.25922180 0.82713180
vn 0.52611800 0.16647540 0.83395800
vn 0.42429310 0.21034350 0.88075600
vn 0.43442340 -0.00000050 0.90070880
vn 0.45658790 0.06164457 0.88754000
vn 0.48573800 0.08919781 0.86954150
vn -0.36058640 -0.12761620 0.92395420
vn -0.33576210 0.00001346 0.94194680
vn 0.47237400 0.11489570 0.87387740
vn 0.45886190 -0.00000153 0.88850760
vn 0.20587740 -0.00008226 0.97857790
vn 0.20210270 -0.24062350 0.94934430
vn -0.13342520 -0.23057800 0.96386280
vn -0.11335440 -0.37277190 0.92097340
vn 0.53450260 0.12437520 0.83596520
vn 0.54182720 -0.00000177 0.84048990
vn 0.45658880 -0.06164734 0.88753940
vn 0.48573860 -0.08920119 0.86954080
vn -0.36057570 0.12763350 0.92395600
vn -0.27340720 0.26832170 0.92371640
vn 0.48931420 -0.00000199 0.87210760
vn 0.44884730 -0.09141961 0.88891990
vn 0.53667150 -0.00000087 0.84379120
vn 0.52611830 -0.16647680 0.83395750
vn 0.45073370 -0.12592140 0.88373240
vn -0.21263590 0.36066620 0.90813320
vn -0.09051218 0.41049530 0.90735950
vn 0.53450360 -0.12437750 0.83596420
vn 0.51097380 -0.17380070 0.84184260
vn 0.47237420 -0.11489740 0.87387700
vn 0.46601330 -0.13592530 0.87427440
vn 0.45669500 -0.21761590 0.86259670
vn 0.42446940 -0.21035510 0.88066820
vn 0.40253110 -0.34082030 0.84959420
vn 0.48060160 -0.20285970 0.85315290
vn 0.46033390 -0.31255640 0.83090380
vn 0.42600770 -0.33818690 0.83913470
vn 0.05713949 0.39629110 0.91634520
vn 0.11995020 0.33919170 0.93303850
vn 0.49865550 -0.25922280 0.82713130
vn 0.35434790 -0.44434400 0.82279770
vn 0.19636620 -0.39091050 0.89923820
vn 0.19499910 -0.47316410 0.85912230
vn 0.37663560 -0.41585330 0.82777520
vn 0.19569180 -0.49970500 0.84380070
vn 0.06466681 0.33229010 0.94095780
vn -0.00402581 0.40191300 0.91566900
vn -0.05638431 -0.46961440 0.88106930
vn -0.08344637 -0.44837020 0.88994430
vn -0.34200160 -0.32654260 0.88113830
vn -0.38703580 -0.27240570 0.88090780
vn -0.29895550 -0.34099600 0.89126180
vn 0.03805719 0.47978420 0.87656070
vn -0.48583580 -0.83109240 -0.27064560
vn -0.66090510 -0.69329120 -0.28731810
vn -0.09051242 -0.41049550 0.90735920
vn 0.05713890 -0.39629070 0.91634540
vn -0.34635690 -0.90299770 -0.25422860
vn 0.12024010 -0.33918110 0.93300500
vn -0.19106990 -0.93764330 -0.29037450
vn 0.06869365 -0.33366560 0.94018530
vn 0.05685308 -0.93769800 -0.34276830
vn 0.00540677 -0.40036480 0.91633990
vn 0.36223310 -0.85067750 -0.38096570
vn 0.04286239 -0.47578410 0.87851700
vn 0.61856490 -0.67266330 -0.40608060
vn 0.10437340 -0.51904460 0.84835060
vn 0.70746220 -0.54576980 -0.44903510
vn 0.05083986 -0.56613090 0.82274610
vn 0.52895610 -0.55888160 -0.63863660
vn 0.03521612 -0.64651170 0.76209080
vn 0.15335060 -0.56581820 -0.81014410
vn 0.10857770 -0.75664750 0.64474450
vn -0.09080783 -0.52285580 -0.84757040
vn 0.12431540 -0.83844310 0.53062130
vn -0.13665690 -0.48033680 -0.86637250
vn 0.07324606 -0.86999020 0.48759820
vn -0.18003000 -0.46257980 -0.86810670
vn 0.01516287 -0.86787780 0.49654640
vn -0.21127060 -0.45663780 -0.86420300
vn -0.01529645 -0.88537630 0.46462310
vn -0.16637960 -0.45951430 -0.87244740
vn -0.00427434 -0.89374130 0.44856260
vn -0.11578980 -0.46593170 -0.87721170
vn 0.00914263 -0.88713990 0.46140990
vn -0.10574890 -0.46638200 -0.87823960
vn -0.00521105 -0.87792040 0.47877820
vn -0.09569930 -0.48360790 -0.87003740
vn -0.01326064 -0.87890790 0.47680720
vn -0.03628943 -0.50614060 -0.86168710
vn 0.05260527 -0.88288430 0.46663470
vn 0.06325710 -0.49942320 -0.86404570
vn 0.19348530 -0.87215830 0.44933650
vn 0.19825890 -0.44298670 -0.87433180
vn 0.42860450 -0.81276700 0.39459860
vn 0.29120460 -0.33591920 -0.89574450
vn 0.66426900 -0.64530960 0.37725630
vn -0.66090540 0.69329050 -0.28731950
vn 0.05713949 0.39629110 0.91634520
vn -0.09051218 0.41049530 0.90735950
vn -0.48583580 0.83109240 -0.27064590
vn 0.11995020 0.33919170 0.93303850
vn -0.34677480 0.90273590 -0.25458800
vn 0.06466681 0.33229010 0.94095780
vn -0.19612440 0.93600910 -0.29227070
vn -0.00402581 0.40191300 0.91566900
vn 0.04710342 0.93769250 -0.34425880
vn 0.03805719 0.47978420 0.87656070
vn 0.35615450 0.85326930 -0.38090100
vn 0.11029840 0.51870530 0.84780840
vn 0.62179710 0.67102630 -0.40384650
vn 0.06528002 0.56054040 0.82555000
vn 0.71708270 0.53603990 -0.44548140
vn 0.05314156 0.63903190 0.76734230
vn 0.54272750 0.55048310 -0.63436200
vn 0.12652890 0.74811610 0.65139290
vn 0.16504780 0.56691810 -0.80707070
vn 0.13235520 0.83242570 0.53809810
vn -0.08846734 0.52572530 -0.84604160
vn 0.06731055 0.86793180 0.49210130
vn -0.14079360 0.48156120 -0.86502940
vn 0.01011727 0.86797880 0.49649820
vn -0.18336690 0.46499950 -0.86611310
vn -0.01529611 0.88537580 0.46462430
vn -0.21126960 0.45663790 -0.86420300
vn -0.00427401 0.89374060 0.44856390
vn -0.16637870 0.45951480 -0.87244730
vn 0.00914284 0.88713940 0.46141070
vn -0.11578970 0.46593280 -0.87721120
vn -0.00521081 0.87792020 0.47877870
vn -0.10574900 0.46638300 -0.87823920
vn -0.01326038 0.87890810 0.47680690
vn -0.09569911 0.48360840 -0.87003720
vn 0.05260548 0.88288410 0.46663510
vn -0.03628921 0.50614090 -0.86168690
vn 0.19348580 0.87215730 0.44933820
vn 0.06325757 0.49942410 -0.86404510
vn 0.42860510 0.81276540 0.39460120
vn 0.19826060 0.44298940 -0.87433010
vn 0.66427140 0.64530470 0.37726030
vn 0.29121150 0.33592340 -0.89574070
vn 0.42136890 -0.27225770 -0.86505720
vn 0.29120460 -0.33591920 -0.89574450
vn 0.66426900 -0.64530960 0.37725630
vn 0.77445950 -0.45335050 0.44123220
vn 0.57749810 -0.12185840 -0.80724610
vn 0.85769070 -0.17277790 0.48426690
vn 0.53944690 -0.00001843 -0.84201960
vn 0.83530110 -0.00002771 0.54979280
vn 0.57751230 0.12183590 -0.80723950
vn 0.85769680 0.17274240 0.48426890
vn 0.42137770 0.27225620 -0.86505340
vn 0.77446310 0.45333950 0.44123730
vn 0.29121150 0.33592340 -0.89574070
vn 0.66427140 0.64530470 0.37726030
vn -0.66090510 -0.69329120 -0.28731810
vn -0.21263300 -0.36066720 0.90813350
vn -0.09051242 -0.41049550 0.90735920
vn -0.80458910 -0.49961570 -0.32096830
vn -0.27341050 -0.26831830 0.92371640
vn -0.87211590 -0.37257480 -0.31717800
vn -0.36058640 -0.12761620 0.92395420
vn -0.94149590 -0.18348840 -0.28269690
vn -0.33576210 0.00001346 0.94194680
vn -0.94764440 0.00001621 -0.31932730
vn -0.36057570 0.12763350 0.92395600
vn -0.94149080 0.18351140 -0.28269900
vn -0.27340720 0.26832170 0.92371640
vn -0.87211260 0.37258160 -0.31717880
vn -0.21263590 0.36066620 0.90813320
vn -0.80459040 0.49961200 -0.32097050
vn -0.09051218 0.41049530 0.90735950
vn -0.66090540 0.69329050 -0.28731950
vn 0.52421340 0.04601006 -0.85034300
vn 0.49458460 0.03620275 -0.86837520
vn 0.47832530 0.16993320 -0.86158430
vn 0.51349980 0.16742970 -0.84159680
vn 0.54825340 0.14905230 -0.82292260
vn 0.55668740 0.06007536 -0.82854690
vn 0.57622090 0.05099487 -0.81570150
vn 0.57142030 0.10003330 -0.81453810
vn 0.57921790 -0.00276882 -0.81516800
vn 0.58084760 -0.00353338 -0.81400470
vn 0.57539470 -0.05797027 -0.81581890
vn 0.57103570 -0.10547800 -0.81412070
vn 0.54792770 -0.15349770 -0.82232220
vn 0.55602060 -0.06631337 -0.82851890
vn 0.52409510 -0.05080849 -0.85014290
vn 0.51325790 -0.17008880 -0.84121110
vn 0.47802640 -0.17123570 -0.86149240
vn 0.49471910 -0.03969279 -0.86814590
vn 0.41983210 0.17081610 -0.89138260
vn 0.57142030 0.10003330 -0.81453810
vn 0.54825340 0.14905230 -0.82292260
vn 0.57921790 -0.00276882 -0.81516800
vn 0.38757540 0.27101880 -0.88109820
vn 0.34403970 0.32458960 -0.88106660
vn 0.10856570 0.37152420 -0.92205380
vn 0.51349980 0.16742970 -0.84159680
vn 0.47832530 0.16993320 -0.86158430
vn 0.43244280 -0.00040597 -0.90166120
vn 0.42109130 -0.17156100 -0.89064520
vn 0.13542450 0.00052128 -0.99078760
vn 0.57103570 -0.10547800 -0.81412070
vn 0.54792770 -0.15349770 -0.82232220
vn 0.12865050 0.23090070 -0.96443450
vn -0.20857660 0.23992750 -0.94811950
vn 0.30343620 0.33975310 -0.89022150
vn 0.62179710 0.67102630 -0.40384650
vn 0.49458460 0.03620275 -0.86837520
vn 0.35615450 0.85326930 -0.38090100
vn 0.71708270 0.53603990 -0.44548140
vn 0.04710342 0.93769250 -0.34425880
vn 0.54272750 0.55048310 -0.63436200
vn 0.05338861 0.47001680 -0.88104130
vn 0.29368050 -0.08170877 -0.95240510
vn 0.52421340 0.04601006 -0.85034300
vn 0.07924374 0.44763090 -0.89070030
vn -0.20082560 0.47187420 -0.85848920
vn -0.20125780 0.49891500 -0.84295850
vn -0.19612440 0.93600910 -0.29227070
vn -0.34677480 0.90273590 -0.25458800
vn -0.35721050 0.44239470 -0.82261010
vn 0.00556646 -0.20387640 -0.97898070
vn 0.02343917 -0.17040180 -0.98509580
vn 0.16504780 0.56691810 -0.80707070
vn -0.08846734 0.52572530 -0.84604160
vn -0.15390960 -0.27979410 -0.94764290
vn -0.20236770 0.38936210 -0.89857910
vn -0.40318740 0.33975820 -0.84970830
vn -0.42705360 0.33606770 -0.83945450
vn -0.45911880 0.31159720 -0.83193580
vn -0.48583580 0.83109240 -0.27064590
vn -0.66090540 0.69329050 -0.28731950
vn -0.37825720 0.41433770 -0.82779570
vn -0.45548440 0.21582410 -0.86368630
vn -0.44659300 0.12486450 -0.88598160
vn -0.80459040 0.49961200 -0.32097050
vn -0.87211260 0.37258160 -0.31717880
vn -0.46212670 0.13503960 -0.87647190
vn -0.44448670 0.09227963 -0.89101960
vn -0.47815940 0.20200670 -0.85472630
vn -0.50698980 0.17341400 -0.84432740
vn -0.49547040 0.25883220 -0.82916520
vn -0.52310150 0.16643800 -0.83586070
vn -0.45249130 0.06559050 -0.88935340
vn -0.48143730 0.09002543 -0.87184490
vn -0.94149080 0.18351140 -0.28269900
vn -0.94764440 0.00001621 -0.31932730
vn -0.46814010 0.11486550 -0.87615690
vn -0.45456560 0.00000294 -0.89071330
vn -0.42546550 0.20967430 -0.88034980
vn -0.43564530 0.00000091 -0.90011850
vn -0.53050880 0.12438460 -0.83850400
vn -0.53763990 0.00000084 -0.84317460
vn -0.45248990 -0.06558378 -0.88935470
vn -0.48143640 -0.09002136 -0.87184580
vn -0.94149590 -0.18348840 -0.28269690
vn -0.87211590 -0.37257480 -0.31717800
vn -0.48463410 0.00000163 -0.87471690
vn -0.44448670 -0.09228021 -0.89101960
vn -0.21279520 0.00000168 -0.97709690
vn -0.20728920 -0.23976570 -0.94844280
vn -0.44659370 -0.12486800 -0.88598090
vn -0.80458910 -0.49961570 -0.32096830
vn -0.66090510 -0.69329120 -0.28731810
vn 0.13103790 -0.22975900 -0.96438570
vn 0.11190970 -0.36984570 -0.92232880
vn 0.38933360 -0.27072800 -0.88041220
vn 0.34563490 -0.32284350 -0.88108370
vn 0.51325790 -0.17008880 -0.84121110
vn 0.47802640 -0.17123570 -0.86149240
vn -0.46212710 -0.13504040 -0.87647170
vn -0.45548470 -0.21582530 -0.86368570
vn -0.46813920 -0.11486420 -0.87615740
vn -0.50698890 -0.17341290 -0.84432820
vn -0.42705370 -0.33606760 -0.83945450
vn -0.45911840 -0.31159730 -0.83193600
vn -0.48583580 -0.83109240 -0.27064560
vn -0.34635690 -0.90299770 -0.25422860
vn -0.47815930 -0.20200710 -0.85472610
vn -0.35711570 -0.44232050 -0.82269140
vn -0.53050790 -0.12438150 -0.83850490
vn -0.52310120 -0.16643600 -0.83586140
vn -0.19978720 -0.49812070 -0.84377780
vn -0.19901720 -0.47123600 -0.85926060
vn -0.19106990 -0.93764330 -0.29037450
vn 0.05685308 -0.93769800 -0.34276830
vn 0.05591125 -0.46745230 -0.88224830
vn -0.49547010 -0.25883130 -0.82916570
vn -0.40305540 -0.33973920 -0.84977860
vn -0.37812690 -0.41428190 -0.82788310
vn -0.53369370 0.00000038 -0.84567790
vn -0.42538190 -0.20967020 -0.88039120
vn -0.20052780 -0.38896830 -0.89916200
vn 0.08247302 -0.44531300 -0.89156850
vn 0.30448440 -0.33724890 -0.89081560
vn 0.36223310 -0.85067750 -0.38096570
vn 0.61856490 -0.67266330 -0.40608060
vn 0.49471910 -0.03969279 -0.86814590
vn 0.70746220 -0.54576980 -0.44903510
vn 0.52895610 -0.55888160 -0.63863660
vn 0.29607140 0.08334961 -0.95152220
vn 0.52409510 -0.05080849 -0.85014290
vn 0.01071580 0.21291150 -0.97701280
vn 0.02770972 0.17914970 -0.98343150
vn 0.15335060 -0.56581820 -0.81014410
vn -0.09080783 -0.52285580 -0.84757040
vn 0.32548170 0.06174268 -0.94353030
vn 0.36003130 0.01179950 -0.93286570
vn 0.55602060 -0.06631337 -0.82851890
vn 0.57539470 -0.05797027 -0.81581890
vn -0.15035910 0.29004080 -0.94512880
vn -0.15069450 0.31706210 -0.93635610
vn -0.15274370 0.28181830 -0.94723170
vn -0.13665690 -0.48033680 -0.86637250
vn -0.18003000 -0.46257980 -0.86810670
vn -0.13138150 0.31660230 -0.93941570
vn -0.14695800 0.25202340 -0.95649760
vn -0.14199060 0.14896020 -0.97859570
vn 0.05009080 0.09151774 -0.99454280
vn 0.06380622 0.01886263 -0.99778410
vn 0.38081680 -0.01901900 -0.92445490
vn 0.38663390 -0.00062146 -0.92223300
vn 0.58084760 -0.00353338 -0.81400470
vn 0.57622090 0.05099487 -0.81570150
vn -0.13848340 0.31002630 -0.94058810
vn -0.14363350 0.27364450 -0.95104580
vn -0.21127060 -0.45663780 -0.86420300
vn -0.16637960 -0.45951430 -0.87244740
vn -0.11589670 0.30568580 -0.94505240
vn -0.13534550 0.28226040 -0.94974240
vn -0.14327350 0.19026810 -0.97122130
vn -0.08894998 0.29601120 -0.95103380
vn -0.09223784 0.25781080 -0.96178270
vn -0.11578980 -0.46593170 -0.87721170
vn -0.10574890 -0.46638200 -0.87823960
vn -0.07163053 0.28658330 -0.95537380
vn -0.11994820 0.26752860 -0.95605490
vn -0.12882310 0.16336900 -0.97811820
vn -0.15552570 0.18450060 -0.97044900
vn -0.15522080 0.07909108 -0.98470870
vn -0.05943951 0.27981750 -0.95821140
vn -0.06294373 0.24438490 -0.96763320
vn -0.09569930 -0.48360790 -0.87003740
vn -0.03628943 -0.50614060 -0.86168710
vn -0.06503947 0.27422220 -0.95946440
vn -0.15509280 0.17533850 -0.97221530
vn -0.16375290 0.07205106 -0.98386670
vn -0.14927540 0.08664709 -0.98499200
vn -0.15101500 0.00050877 -0.98853140
vn -0.07519991 0.24915790 -0.96553880
vn -0.08139278 0.14945780 -0.98541240
vn -0.09797705 0.27537570 -0.95633080
vn -0.09261012 0.23856220 -0.96670130
vn 0.06325710 -0.49942320 -0.86404570
vn 0.19825890 -0.44298670 -0.87433180
vn -0.18814150 0.29233220 -0.93762710
vn -0.06627271 0.24095690 -0.96827040
vn -0.06678502 0.14932640 -0.98652990
vn -0.09839956 0.15460360 -0.98306420
vn -0.10232980 0.05371803 -0.99329900
vn -0.27531810 0.25545940 -0.92679040
vn 0.29120460 -0.33591920 -0.89574450
vn 0.42136890 -0.27225770 -0.86505720
vn -0.06880964 0.14876850 -0.98647510
vn -0.07176878 0.05403569 -0.99595650
vn -0.13530600 0.05935245 -0.98902460
vn -0.13706610 0.00000185 -0.99056190
vn -0.08487435 0.05238636 -0.99501350
vn -0.08542158 0.00000077 -0.99634490
vn -0.16631370 0.00000229 -0.98607290
vn -0.16375270 -0.07204789 -0.98386690
vn -0.10321940 0.00000112 -0.99465850
vn -0.10232990 -0.05371603 -0.99329910
vn -0.13530590 -0.05934945 -0.98902470
vn -0.12882310 -0.16336680 -0.97811860
vn -0.07199381 0.00000058 -0.99740500
vn -0.06522235 0.00000045 -0.99787080
vn -0.07176881 -0.05403486 -0.99595660
vn -0.08487446 -0.05238502 -0.99501370
vn -0.08139297 -0.14945660 -0.98541250
vn -0.09839965 -0.15460180 -0.98306450
vn -0.09223794 -0.25780910 -0.96178300
vn -0.06590828 0.05647719 -0.99622610
vn -0.07910432 0.05739667 -0.99521260
vn -0.08429647 0.14551270 -0.98575870
vn -0.13594040 0.13399910 -0.98161320
vn -0.16165500 0.24446940 -0.95608700
vn -0.23001840 0.23344340 -0.94477280
vn -0.26609000 0.15529490 -0.95135670
vn -0.22671830 0.14059130 -0.96375980
vn -0.19526080 0.05456451 -0.97923230
vn -0.22510910 0.05740457 -0.97264110
vn 0.57749810 -0.12185840 -0.80724610
vn 0.53944690 -0.00001843 -0.84201960
vn -0.21149750 0.00000450 -0.97737850
vn -0.12709500 0.05521691 -0.99035250
vn -0.12412470 0.00000075 -0.99226660
vn -0.22510780 -0.05739672 -0.97264180
vn -0.19525950 -0.05455948 -0.97923280
vn 0.57751230 0.12183590 -0.80723950
vn 0.42137770 0.27225620 -0.86505340
vn -0.18549880 0.00000177 -0.98264450
vn -0.26608690 -0.15528670 -0.95135890
vn -0.07739478 0.00000054 -0.99700050
vn -0.07910431 -0.05739553 -0.99521270
vn -0.27531560 -0.25545320 -0.92679290
vn 0.29121150 0.33592340 -0.89574070
vn 0.19826060 0.44298940 -0.87433010
vn -0.12709430 -0.05521486 -0.99035270
vn -0.13593950 -0.13399660 -0.98161360
vn -0.22671770 -0.14058770 -0.96376040
vn -0.23001860 -0.23344240 -0.94477310
vn -0.18813940 -0.29232820 -0.93762890
vn -0.06590828 -0.05647654 -0.99622620
vn -0.06678504 -0.14932600 -0.98653010
vn -0.08429637 -0.14551110 -0.98575890
vn -0.09260998 -0.23856060 -0.96670170
vn -0.16165520 -0.24446810 -0.95608740
vn -0.09797683 -0.27537450 -0.95633130
vn 0.06325757 0.49942410 -0.86404510
vn -0.03628921 0.50614090 -0.86168690
vn -0.06503955 -0.27422150 -0.95946470
vn -0.06880972 -0.14876800 -0.98647520
vn -0.06294385 -0.24438420 -0.96763350
vn -0.06627268 -0.24095590 -0.96827070
vn -0.05943966 -0.27981680 -0.95821160
vn -0.09569911 0.48360840 -0.87003720
vn -0.10574900 0.46638300 -0.87823920
vn -0.07520013 -0.24915680 -0.96553920
vn -0.07163069 -0.28658230 -0.95537400
vn -0.08895011 -0.29600990 -0.95103410
vn -0.11578970 0.46593280 -0.87721120
vn -0.16637870 0.45951480 -0.87244730
vn -0.11589640 -0.30568520 -0.94505270
vn -0.11994790 -0.26752660 -0.95605540
vn -0.14363310 -0.27364320 -0.95104620
vn -0.13848290 -0.31002580 -0.94058850
vn -0.21126960 0.45663790 -0.86420300
vn -0.18336690 0.46499950 -0.86611310
vn -0.12983580 -0.31570290 -0.93993310
vn -0.15509250 -0.17533730 -0.97221570
vn -0.14226600 -0.18937730 -0.97154340
vn -0.14970110 -0.31182020 -0.93827380
vn -0.15186110 -0.27626870 -0.94900680
vn -0.14079360 0.48156120 -0.86502940
vn -0.13388480 -0.28140250 -0.95020390
vn -0.14883270 -0.08565346 -0.98514590
vn -0.15501300 -0.07308108 -0.98520560
vn -0.14998240 -0.24148150 -0.95874510
vn -0.14379140 -0.13809380 -0.97992560
vn -0.15500310 -0.17858400 -0.97163870
vn -0.15434660 0.00302125 -0.98801210
vn -0.13626440 0.00529467 -0.99065840
vn -0.13832350 -0.03997522 -0.98958010
vn 0.06336611 -0.01093040 -0.99793050
vn 0.04792774 -0.08315919 -0.99538310
vn 0.35955300 -0.01220238 -0.93304490
vn -0.13770850 0.05067885 -0.98917540
vn 0.06761871 0.00388249 -0.99770370
vn 0.38121690 0.01794647 -0.92431130
vn 0.55668740 0.06007536 -0.82854690
vn 0.32365440 -0.06104610 -0.94420400
vn 0.08887994 -0.29599580 0.95104520
vn 0.00914263 -0.88713990 0.46140990
vn -0.00427434 -0.89374130 0.44856260
vn -0.00521105 -0.87792040 0.47877820
vn 0.11587990 -0.30561690 0.94507690
vn 0.09221180 -0.25783210 0.96177940
vn 0.07153741 -0.28662150 0.95536940
vn 0.13804160 -0.30997910 0.94066870
vn 0.14332270 -0.27357130 0.95111370
vn -0.01529645 -0.88537630 0.46462310
vn 0.01516287 -0.86787780 0.49654640
vn 0.12984140 -0.31644730 0.93968200
vn 0.05932945 -0.27984290 0.95821080
vn 0.06290673 -0.24441730 0.96762750
vn -0.01326064 -0.87890790 0.47680720
vn 0.05260527 -0.88288430 0.46663470
vn 0.06489014 -0.27434910 0.95943830
vn 0.07517269 -0.24922750 0.96552310
vn 0.08139480 -0.14954040 0.98539970
vn 0.14858510 -0.31703840 0.93670120
vn 0.15077750 -0.28114300 0.94774720
vn 0.07324606 -0.86999020 0.48759820
vn 0.12431540 -0.83844310 0.53062130
vn 0.15088850 -0.28898980 0.94536630
vn 0.09816167 -0.27598470 0.95613640
vn 0.09273653 -0.23875910 0.96664070
vn 0.19348530 -0.87215830 0.44933650
vn 0.42860450 -0.81276700 0.39459860
vn 0.18843470 -0.29161830 0.93779060
vn 0.13400610 -0.28189160 0.95004190
vn 0.14259630 -0.18966210 0.97143950
vn -0.00875841 -0.21145230 0.97734900
vn -0.02559267 -0.17722590 0.98383740
vn 0.10857770 -0.75664750 0.64474450
vn 0.03521612 -0.64651170 0.76209080
vn -0.29934820 -0.08425762 0.95041640
vn -0.32927720 -0.06246612 0.94216470
vn -0.36734410 -0.01222147 0.93000480
vn 0.14739780 -0.25017470 0.95691510
vn 0.14198600 -0.14735610 0.97883920
vn -0.05109417 -0.08920950 0.99470150
vn -0.06542917 -0.01729105 0.99770740
vn -0.38985140 0.01791720 0.92070350
vn -0.39716730 0.00078903 0.91774580
vn 0.15382470 -0.18376800 0.97085900
vn 0.15387770 -0.07876893 0.98494520
vn 0.13748620 -0.04968135 0.98925690
vn 0.13624370 -0.00517114 0.99066190
vn -0.07141697 -0.00378664 0.99743940
vn -0.06501953 0.00949142 0.99783890
vn -0.39020940 -0.01656422 0.92057710
vn -0.36684100 0.01284903 0.93019490
vn -0.04898813 0.08097169 0.99551180
vn -0.02139113 0.16851420 0.98546710
vn 0.14373330 0.13673630 0.98012450
vn -0.32741740 0.06189007 0.94285070
vn -0.29691650 0.08271914 0.95131390
vn 0.13807750 0.03919918 0.98964550
vn 0.15367760 0.07301843 0.98541950
vn 0.15309140 -0.00288513 0.98820790
vn 0.15089070 -0.00047532 0.98855040
vn -0.00366428 0.20244660 0.97928650
vn 0.05314156 0.63903190 0.76734230
vn 0.12652890 0.74811610 0.65139290
vn 0.13235520 0.83242570 0.53809810
vn 0.15432690 0.27897560 0.94781640
vn 0.15030700 0.23989760 0.95909180
vn 0.14986520 0.27587130 0.94943960
vn 0.14756570 0.31203540 0.93854050
vn 0.06731055 0.86793180 0.49210130
vn 0.01011727 0.86797880 0.49649820
vn 0.12833580 0.31559800 0.94017430
vn 0.15328850 0.17813740 0.97199260
vn 0.14162530 0.18882990 0.97174350
vn 0.13804110 0.30997770 0.94066910
vn 0.14332230 0.27357030 0.95111410
vn -0.01529611 0.88537580 0.46462430
vn -0.00427401 0.89374060 0.44856390
vn 0.13257740 0.28108380 0.95048150
vn 0.11587980 0.30561560 0.94507720
vn 0.14863270 0.08534147 0.98520310
vn 0.16388950 0.07238079 0.98381980
vn 0.08888020 0.29599490 0.95104530
vn 0.09221195 0.25783060 0.96177980
vn 0.00914284 0.88713940 0.46141070
vn -0.00521081 0.87792020 0.47877870
vn 0.07153767 0.28662140 0.95536940
vn 0.15503740 0.17531130 0.97222910
vn 0.12886840 0.16336570 0.97811280
vn 0.11994380 0.26740280 0.95609060
vn 0.05932953 0.27984330 0.95821080
vn 0.06290680 0.24441690 0.96762750
vn -0.01326038 0.87890810 0.47680690
vn 0.05260548 0.88288410 0.46663510
vn 0.06489010 0.27434830 0.95943850
vn 0.07517280 0.24922690 0.96552310
vn 0.08139491 0.14953920 0.98539990
vn 0.09841424 0.15469630 0.98304820
vn 0.10232380 0.05380318 0.99329500
vn 0.09816125 0.27598280 0.95613690
vn 0.09273633 0.23875780 0.96664090
vn 0.19348580 0.87215730 0.44933820
vn 0.42860510 0.81276540 0.39460120
vn 0.18843370 0.29161530 0.93779160
vn 0.06620252 0.24101430 0.96826090
vn 0.06680486 0.14939580 0.98651810
vn 0.13527780 0.05958014 0.98901470
vn 0.13700940 -0.00000170 0.99056970
vn 0.06882129 0.14877540 0.98647330
vn 0.07177882 0.05404573 0.99595520
vn 0.27537580 0.25483050 0.92694640
vn 0.66427140 0.64530470 0.37726030
vn 0.77446310 0.45333950 0.44123730
vn 0.08487062 0.05242521 0.99501180
vn 0.08542317 -0.00000056 0.99634470
vn 0.16647200 -0.00000209 0.98604610
vn 0.16388970 -0.07238404 0.98381950
vn 0.10321130 -0.00000098 0.99465950
vn 0.10232380 -0.05380524 0.99329490
vn 0.13527790 -0.05958310 0.98901440
vn 0.12886840 -0.16336810 0.97811230
vn 0.14905460 -0.08626805 0.98505870
vn 0.15503770 -0.17531290 0.97222870
vn 0.11994390 -0.26740490 0.95609000
vn 0.09841410 -0.15469830 0.98304780
vn 0.08487061 -0.05242639 0.99501180
vn 0.07177882 -0.05404659 0.99595520
vn 0.06882121 -0.14877630 0.98647320
vn 0.06680473 -0.14939660 0.98651800
vn 0.07200266 -0.00000045 0.99740440
vn 0.06523194 -0.00000041 0.99787010
vn 0.06620248 -0.24101540 0.96826070
vn 0.06592292 -0.05650320 0.99622370
vn 0.07909142 -0.05741242 0.99521270
vn 0.06592297 0.05650251 0.99622370
vn 0.07909139 0.05741147 0.99521280
vn 0.08433177 -0.14561830 0.98574000
vn 0.13546110 -0.13441130 0.98162310
vn 0.07739580 -0.00000059 0.99700040
vn 0.12409730 -0.00000114 0.99227010
vn 0.08433155 0.14561720 0.98574020
vn 0.13546010 0.13440880 0.98162350
vn 0.16251410 -0.24381780 0.95610770
vn 0.23200850 -0.23238760 0.94454650
vn 0.12706750 -0.05533154 0.99034950
vn 0.19507100 -0.05441548 0.97927840
vn 0.12706680 0.05532884 0.99034990
vn 0.19507000 0.05441049 0.97927890
vn 0.16251340 0.24381570 0.95610850
vn 0.23200760 0.23238370 0.94454770
vn 0.22670490 0.14106260 0.96369410
vn 0.26656200 0.15554260 0.95118420
vn 0.22538010 0.05664523 0.97262280
vn 0.85769680 0.17274240 0.48426890
vn 0.83530110 -0.00002771 0.54979280
vn 0.18514300 -0.00000244 0.98271160
vn 0.21148120 -0.00000516 0.97738200
vn 0.22538280 -0.05665378 0.97262170
vn 0.85769070 -0.17277790 0.48426690
vn 0.77445950 -0.45335050 0.44123220
vn 0.26656490 -0.15554900 0.95118220
vn 0.22670610 -0.14106830 0.96369300
vn 0.27537780 -0.25483630 0.92694430
vn 0.66426900 -0.64530960 0.37725630
vt 0.71760240 0.36089820
vt 0.74318920 0.39702400
vt 0.78159360 0.39137870
vt 0.75147750 0.35451850
vt 0.78860650 0.34591700
vt 0.73159950 0.31734020
vt 0.82371720 0.38309080
vt 0.86381510 0.37079300
vt 0.70646040 0.32368030
vt 0.70414140 0.29119090
vt 0.68685700 0.32852320
vt 0.69115000 0.36557530
vt 0.68223580 0.32967880
vt 0.68497910 0.36670460
vt 0.69185270 0.29508000
vt 0.68895990 0.29599670
vt 0.68987130 0.26578390
vt 0.69151410 0.26511790
vt 0.69851780 0.26224560
vt 0.70834180 0.25849960
vt 0.72043530 0.28615340
vt 0.73870270 0.27996020
vt 0.71966170 0.25432290
vt 0.73108050 0.24991730
vt 0.75924280 0.30938310
vt 0.78660920 0.29948160
vt 0.75698570 0.27295540
vt 0.77445040 0.26523110
vt 0.74202770 0.24509400
vt 0.75258740 0.24024250
vt 0.82459330 0.33410130
vt 0.85623480 0.31838840
vt 0.89798320 0.35315950
vt 0.92671380 0.33287360
vt 0.88331650 0.30084250
vt 0.83434360 0.27517380
vt 0.90569380 0.28437510
vt 0.81192550 0.28776480
vt 0.79065940 0.25721850
vt 0.80437060 0.24989290
vt 0.76194290 0.23607450
vt 0.76892510 0.23317590
vt 0.85333260 0.26343620
vt 0.86799240 0.25429050
vt 0.92268790 0.27148540
vt 0.81485300 0.24441330
vt 0.77055100 0.23249320
vt 0.81732370 0.24312600
vt 0.87147320 0.25214700
vt 0.92671380 0.26850550
vt 0.97948160 0.23219750
vt 0.98563100 0.23214680
vt 1.00000000 0.18894330
vt 0.99345530 0.18921090
vt 0.95327470 0.23249320
vt 0.96528390 0.19040750
vt 0.96076110 0.14478290
vt 0.92831400 0.19146070
vt 0.98775390 0.14326850
vt 0.99402120 0.14291910
vt 0.97685060 0.09842288
vt 0.97131270 0.09873922
vt 0.95125200 0.06230396
vt 0.93127260 0.06322595
vt 0.95588960 0.06208994
vt 0.92966430 0.03431346
vt 0.92665240 0.03463611
vt 0.94745530 0.10010180
vt 0.91611530 0.10145070
vt 0.92537710 0.14618150
vt 0.88480590 0.14674490
vt 0.88579680 0.19191680
vt 0.84120160 0.19188100
vt 0.89635960 0.01605353
vt 0.89642440 0.01510079
vt 0.86632080 0.00399790
vt 0.89608070 0.02015786
vt 0.86839960 0.00639057
vt 0.91367690 0.03602588
vt 0.89189200 0.03575869
vt 0.90479200 0.06434472
vt 0.87460180 0.06499252
vt 0.88029470 0.10206030
vt 0.84318950 0.10207840
vt 0.85272980 0.00309483
vt 0.85986560 0.01563117
vt 0.85107340 0.00018482
vt 0.84433510 0.00000000
vt 0.87735500 0.01669847
vt 0.84430040 0.00294073
vt 0.84252380 0.14668930
vt 0.80017390 0.14631990
vt 0.79651740 0.19160140
vt 0.75384030 0.19085730
vt 0.86779080 0.03598016
vt 0.84392010 0.03607832
vt 0.83586590 0.00300735
vt 0.82842830 0.01546789
vt 0.83759240 0.00011502
vt 0.82224420 0.00376904
vt 0.84415080 0.01560936
vt 0.82010630 0.00613977
vt 0.84360880 0.06511345
vt 0.81258950 0.06467023
vt 0.79189250 0.01551065
vt 0.79185070 0.01455742
vt 0.75810480 0.03342180
vt 0.82003560 0.03573195
vt 0.79590310 0.03525994
vt 0.81089620 0.01635323
vt 0.79207210 0.01961734
vt 0.76111420 0.03377572
vt 0.80604270 0.10167440
vt 0.77013240 0.10069190
vt 0.77407880 0.03530041
vt 0.75581340 0.06231396
vt 0.73578890 0.06118402
vt 0.73114070 0.06092171
vt 0.70919920 0.09703162
vt 0.78234550 0.06370834
vt 0.71475630 0.09740562
vt 0.75946130 0.14535200
vt 0.72397630 0.14359420
vt 0.73869630 0.09901677
vt 0.69693200 0.14179460
vt 0.69065590 0.14137740
vt 0.68223580 0.18773640
vt 0.68875190 0.18807150
vt 0.71684710 0.18952610
vt 0.72649740 0.23224160
vt 0.76035580 0.23249320
vt 0.70042250 0.23180370
vt 0.69431420 0.23170890
vt 0.66449790 0.02437938
vt 0.65837630 0.00000000
vt 0.64087500 0.00472818
vt 0.64782210 0.02890804
vt 0.67335000 0.05803824
vt 0.65738920 0.06193918
vt 0.68223570 0.10092330
vt 0.66590760 0.10357900
vt 0.68141200 0.14822050
vt 0.66385810 0.14883310
vt 0.67089980 0.19581000
vt 0.65273490 0.19424550
vt 0.65619110 0.23435440
vt 0.63802900 0.23111800
vt 0.63809150 0.26142520
vt 0.62001730 0.25738660
vt 0.62182810 0.28590800
vt 0.60237410 0.28244150
vt 0.61370870 0.31127810
vt 0.59349850 0.30996320
vt 0.61648850 0.34686060
vt 0.59678360 0.34759290
vt 0.62877220 0.40746730
vt 0.60913930 0.40902110
vt 0.63929160 0.50154950
vt 0.61948120 0.50249390
vt 0.65555920 0.58945850
vt 0.63571950 0.58981400
vt 0.67031960 0.68013860
vt 0.65046180 0.68034520
vt 0.67677840 0.76127700
vt 0.65687560 0.76128850
vt 0.67904810 0.81772130
vt 0.65910660 0.81753960
vt 0.67977520 0.85293760
vt 0.65981140 0.85262050
vt 0.67969720 0.87815050
vt 0.65971540 0.87791130
vt 0.67955180 0.90458460
vt 0.65958200 0.90473190
vt 0.68013330 0.92920520
vt 0.66033140 0.93040270
vt 0.68223580 0.94897700
vt 0.66265150 0.95129330
vt 0.56957960 0.95091040
vt 0.55904830 0.92205810
vt 0.55207300 0.94617330
vt 0.57573130 0.92659980
vt 0.56863990 0.88908650
vt 0.58460960 0.89300410
vt 0.57713310 0.84747760
vt 0.59349850 0.85016690
vt 0.57461170 0.80191760
vt 0.59223540 0.80258690
vt 0.56286150 0.75590660
vt 0.58105970 0.75437130
vt 0.54794920 0.71867820
vt 0.56610640 0.71543260
vt 0.53019080 0.69250850
vt 0.54827020 0.68846890
vt 0.51296990 0.66770070
vt 0.53244350 0.66426260
vt 0.50442890 0.64030030
vt 0.52465460 0.63903240
vt 0.50798030 0.60275650
vt 0.52769640 0.60353360
vt 0.52045650 0.54162670
vt 0.54010060 0.54319270
vt 0.53068250 0.44854800
vt 0.55049040 0.44948600
vt 0.54694950 0.36130990
vt 0.56678590 0.36165750
vt 0.56171810 0.27085690
vt 0.58157260 0.27105560
vt 0.56814820 0.18996890
vt 0.58804790 0.18997300
vt 0.57038870 0.13375270
vt 0.59032730 0.13356410
vt 0.57110140 0.09869771
vt 0.59106240 0.09837401
vt 0.57100960 0.07342263
vt 0.59098880 0.07317696
vt 0.57087520 0.04660676
vt 0.59084220 0.04674750
vt 0.57161610 0.02092536
vt 0.59141480 0.02211504
vt 0.57391690 0.00000000
vt 0.59349840 0.00230915
vt 0.79938500 0.41382170
vt 0.80352210 0.40017200
vt 0.78399160 0.39702400
vt 0.77938830 0.41195600
vt 0.79799220 0.42088140
vt 0.77781860 0.42020950
vt 0.79798190 0.42464600
vt 0.77780430 0.42464600
vt 0.79799220 0.42841070
vt 0.77781860 0.42908260
vt 0.79938500 0.43547020
vt 0.77938820 0.43733600
vt 0.80352210 0.44911940
vt 0.78399170 0.45226750
vt 0.75980710 0.39702400
vt 0.76218280 0.41941430
vt 0.77780430 0.39936480
vt 0.74387390 0.41807490
vt 0.75329480 0.43758120
vt 0.73484620 0.43656820
vt 0.75011010 0.44678700
vt 0.73150550 0.44600190
vt 0.74995210 0.45085760
vt 0.73127810 0.45090690
vt 0.75011030 0.45493080
vt 0.73150560 0.45581450
vt 0.75329490 0.46420720
vt 0.73484650 0.46532180
vt 0.76218300 0.48258570
vt 0.74387400 0.48402670
vt 0.77780420 0.50300140
vt 0.75980710 0.50544030
vt 0.73030850 0.42604960
vt 0.73127810 0.41917220
vt 0.69950990 0.39702400
vt 0.69568120 0.40746210
vt 0.68999240 0.42391170
vt 0.72864850 0.43694220
vt 0.72683830 0.44945340
vt 0.68458480 0.44271270
vt 0.68223580 0.46277010
vt 0.72597400 0.46284940
vt 0.72683510 0.47623960
vt 0.68465850 0.48280800
vt 0.69013020 0.50157820
vt 0.72864090 0.48874220
vt 0.73029990 0.49963710
vt 0.69591000 0.51804200
vt 0.69983150 0.52851060
vt 0.73127810 0.50652500
vt 0.12903770 0.75842840
vt 0.14167110 0.72622050
vt 0.11050740 0.72458930
vt 0.17483780 0.72773220
vt 0.08816370 0.75663580
vt 0.05267848 0.75523350
vt 0.07516875 0.80054380
vt 0.08325090 0.72285710
vt 0.06596647 0.72161910
vt 0.17253900 0.76039490
vt 0.21555260 0.76274190
vt 0.16920310 0.80426720
vt 0.20776320 0.72966670
vt 0.23853040 0.73126930
vt 0.12075600 0.80212430
vt 0.11768280 0.85019600
vt 0.03039028 0.75444760
vt 0.05750609 0.72096370
vt 0.10438660 0.70133080
vt 0.01956533 0.75406010
vt 0.09886001 0.70085190
vt 0.00000000 0.79970320
vt 0.13143170 0.68209510
vt 0.01168062 0.79976510
vt 0.13470950 0.68238750
vt 0.11571180 0.70224680
vt 0.03597290 0.79988760
vt 0.03615526 0.84841720
vt 0.01268466 0.84851380
vt 0.00138786 0.84856030
vt 0.01407008 0.89498040
vt 0.02404658 0.89498450
vt 0.15099470 0.65958830
vt 0.15570030 0.65994110
vt 0.14872310 0.65941400
vt 0.15967150 0.62449510
vt 0.16152700 0.62463430
vt 0.07392696 0.84878670
vt 0.07810124 0.89542850
vt 0.04063240 0.93289390
vt 0.05780677 0.93312530
vt 0.03236458 0.93278260
vt 0.05729778 0.96188680
vt 0.04477045 0.89499310
vt 0.06263343 0.96163320
vt 0.09010328 0.98076990
vt 0.08977938 0.98236570
vt 0.11898020 0.99467800
vt 0.09077621 0.97745480
vt 0.11577610 0.99052130
vt 0.07371697 0.96110660
vt 0.09595449 0.96274640
vt 0.08549495 0.93371540
vt 0.11767300 0.93480410
vt 0.13175430 0.99427070
vt 0.12691390 0.98390320
vt 0.13408460 0.99926140
vt 0.14215740 0.99980810
vt 0.10912020 0.98188660
vt 0.14288300 0.99490020
vt 0.11668710 0.89671810
vt 0.15766040 0.89851500
vt 0.12101950 0.96394740
vt 0.14739110 0.96503820
vt 0.15401080 0.99528610
vt 0.16178160 0.98549400
vt 0.15027000 1.00000000
vt 0.16640810 0.99684200
vt 0.14439010 0.98470530
vt 0.17074710 0.99302940
vt 0.16410760 0.85223570
vt 0.20995360 0.85441370
vt 0.19870520 0.98572430
vt 0.19856380 0.98732850
vt 0.23612550 0.97004490
vt 0.21696750 0.80666160
vt 0.26109660 0.80932220
vt 0.25549340 0.76498440
vt 0.29008360 0.76701940
vt 0.26553060 0.73233600
vt 0.28271350 0.73284210
vt 0.19899910 0.98239210
vt 0.23101610 0.96931490
vt 0.17976050 0.98510940
vt 0.19828960 0.96741510
vt 0.26054420 0.94292620
vt 0.24402830 0.94162060
vt 0.26849500 0.94355480
vt 0.29652300 0.90786580
vt 0.22040260 0.96779850
vt 0.28708680 0.90698430
vt 0.17355050 0.96634390
vt 0.18582930 0.93791340
vt 0.31030170 0.86211000
vt 0.28820270 0.85993870
vt 0.32094250 0.86315350
vt 0.33290130 0.81529570
vt 0.32175500 0.81431870
vt 0.21724570 0.93972590
vt 0.23564020 0.90261540
vt 0.26748520 0.90515320
vt 0.15192110 0.93625460
vt 0.19817540 0.90043560
vt 0.25227690 0.85694270
vt 0.29863200 0.81225600
vt 0.31179210 0.76833640
vt 0.32236170 0.76895460
vt 0.29115640 0.73302930
vt 0.24836120 0.70899650
vt 0.25392180 0.70909990
vt 0.22567940 0.68715570
vt 0.22234960 0.68709340
vt 0.23699760 0.70871320
vt 0.21201200 0.66284330
vt 0.20719810 0.66268830
vt 0.21433710 0.66291440
vt 0.21303480 0.62726710
vt 0.21548470 0.68693610
vt 0.20455370 0.68652350
vt 0.21905840 0.70802540
vt 0.19851470 0.70688930
vt 0.21112490 0.62721060
vt 0.21595010 0.56586040
vt 0.21234070 0.56616320
vt 0.21768680 0.56572190
vt 0.23394640 0.47020410
vt 0.23183350 0.47033060
vt 0.20715520 0.62710550
vt 0.20085770 0.62689230
vt 0.19951820 0.66239120
vt 0.19072460 0.66194470
vt 0.19194440 0.68584510
vt 0.17845520 0.68509770
vt 0.17648870 0.70559340
vt 0.15436630 0.70453540
vt 0.25996340 0.37953010
vt 0.25321880 0.37900750
vt 0.26320810 0.37979980
vt 0.29110180 0.28679200
vt 0.28681410 0.28621300
vt 0.22745060 0.47058690
vt 0.22053010 0.47076290
vt 0.30390670 0.20390020
vt 0.29386170 0.20291290
vt 0.30874240 0.20437550
vt 0.31928690 0.14726980
vt 0.31414760 0.14702960
vt 0.27790750 0.28501000
vt 0.26345880 0.28346880
vt 0.20666770 0.56642180
vt 0.20033300 0.56628580
vt 0.32260710 0.11140030
vt 0.31128920 0.11106210
vt 0.32805560 0.11156310
vt 0.33290140 0.08611292
vt 0.32734570 0.08595224
vt 0.24234880 0.37835790
vt 0.22972650 0.37791880
vt 0.21273730 0.47056840
vt 0.20452140 0.47019890
vt 0.30347190 0.14653060
vt 0.28628910 0.14574100
vt 0.32642360 0.05962562
vt 0.31551030 0.05931002
vt 0.33167720 0.05977754
vt 0.32192890 0.03567510
vt 0.31816080 0.03597935
vt 0.31580500 0.08561822
vt 0.29718900 0.08499978
vt 0.27762110 0.20158860
vt 0.25866020 0.20054100
vt 0.30087710 0.01857217
vt 0.30120210 0.01692405
vt 0.27998740 0.00479694
vt 0.29306480 0.11044100
vt 0.27192430 0.10957980
vt 0.24650140 0.28240930
vt 0.22830510 0.28158510
vt 0.26637080 0.14485040
vt 0.24510130 0.14389510
vt 0.21626110 0.37744740
vt 0.20286270 0.37669290
vt 0.23835440 0.19962340
vt 0.21807850 0.19868930
vt 0.21013980 0.28075000
vt 0.19324230 0.28026490
vt 0.24934620 0.10857460
vt 0.25238200 0.08311148
vt 0.22680930 0.10752150
vt 0.22386500 0.14291120
vt 0.20408890 0.14199060
vt 0.19920750 0.19801080
vt 0.18311590 0.19785980
vt 0.27553320 0.08413389
vt 0.27741010 0.05791756
vt 0.29790190 0.05872810
vt 0.29461680 0.03513559
vt 0.31033330 0.03661138
vt 0.30020230 0.02199598
vt 0.28218410 0.00900024
vt 0.28674730 0.01773141
vt 0.27359810 0.01594137
vt 0.27034280 0.00556304
vt 0.26877560 0.00056682
vt 0.26256590 0.00028425
vt 0.26193170 0.00518626
vt 0.27696240 0.03412259
vt 0.25836060 0.03330810
vt 0.25352960 0.00479571
vt 0.24765620 0.01475764
vt 0.25635700 0.00000000
vt 0.24428130 0.00316772
vt 0.26061450 0.01536896
vt 0.24103340 0.00712254
vt 0.25550170 0.05695587
vt 0.23364380 0.05592075
vt 0.22034060 0.01489766
vt 0.22047040 0.01324049
vt 0.19559330 0.02991124
vt 0.23980260 0.03242734
vt 0.22222130 0.03183257
vt 0.23428700 0.01533783
vt 0.22007090 0.01833991
vt 0.19915390 0.03054978
vt 0.22927950 0.08202364
vt 0.20781030 0.08092194
vt 0.21333280 0.05486981
vt 0.19606490 0.05386050
vt 0.20654990 0.03187629
vt 0.18543570 0.05319324
vt 0.18031870 0.05287209
vt 0.17291720 0.07881393
vt 0.17832520 0.07915335
vt 0.20584270 0.10646160
vt 0.18797600 0.10543600
vt 0.18955920 0.07985841
vt 0.17696150 0.10475530
vt 0.17165910 0.10442760
vt 0.17175470 0.14053870
vt 0.18720000 0.14122560
vt 0.17677390 0.14076190
vt 0.17319170 0.19793600
vt 0.16841410 0.19797270
vt 0.16570790 0.28107040
vt 0.16997830 0.28088180
vt 0.17884900 0.28049000
vt 0.17968550 0.37565230
vt 0.17306060 0.37556480
vt 0.16986930 0.37554090
vt 0.17586280 0.46755380
vt 0.17786610 0.46786810
vt 0.19038570 0.37598680
vt 0.18867920 0.46930950
vt 0.17196140 0.56372970
vt 0.17536910 0.56437160
vt 0.17032060 0.56342810
vt 0.18202300 0.46851400
vt 0.19634000 0.46982020
vt 0.18703960 0.56564120
vt 0.16537900 0.62493570
vt 0.17154550 0.62536980
vt 0.18080950 0.56516800
vt 0.19367810 0.56596210
vt 0.18617630 0.62615500
vt 0.17863040 0.62576280
vt 0.17202090 0.66094700
vt 0.16326030 0.66045730
vt 0.15232140 0.68371870
vt 0.19372500 0.62654670
vt 0.18137340 0.66144800
vt 0.16494260 0.68439510
vt 0.13368260 0.70347200
vt 0.14147530 0.68296210
vt 0.49930350 0.49125260
vt 0.50225560 0.49118530
vt 0.49997470 0.40844350
vt 0.50218990 0.54828890
vt 0.49732290 0.40859420
vt 0.48658590 0.49154210
vt 0.49909480 0.54820940
vt 0.48754900 0.31428820
vt 0.47889900 0.31433540
vt 0.48955760 0.31426520
vt 0.47642040 0.22286560
vt 0.47513070 0.22269830
vt 0.50104920 0.58397980
vt 0.48699700 0.58339230
vt 0.50431100 0.58411630
vt 0.50442890 0.60971570
vt 0.50111710 0.60956860
vt 0.48576130 0.54786740
vt 0.46664940 0.54740810
vt 0.47559410 0.12727120
vt 0.47101280 0.12657480
vt 0.47665800 0.12742980
vt 0.48300310 0.06502183
vt 0.48182310 0.06495339
vt 0.49534670 0.63594860
vt 0.48176180 0.63531180
vt 0.49850020 0.63609640
vt 0.48481770 0.66040860
vt 0.48251490 0.66003570
vt 0.46958410 0.22198690
vt 0.46130960 0.22130650
vt 0.48883190 0.02748745
vt 0.48275750 0.02709913
vt 0.49024610 0.02757930
vt 0.50442890 0.00227365
vt 0.50245470 0.00213340
vt 0.49400590 0.00157158
vt 0.48241670 0.00086347
vt 0.47673970 0.06464122
vt 0.46928170 0.06419723
vt 0.47404370 0.02650413
vt 0.46429320 0.02612552
vt 0.46918250 0.00038405
vt 0.45564690 0.00008332
vt 0.46421920 0.12581640
vt 0.45666660 0.12545180
vt 0.46100070 0.06393634
vt 0.45287980 0.06381953
vt 0.45464840 0.02585906
vt 0.44499310 0.02584373
vt 0.44210400 0.00000000
vt 0.42884870 0.00010368
vt 0.43522240 0.02593714
vt 0.42647070 0.02627749
vt 0.43646850 0.06367171
vt 0.41721740 0.00048238
vt 0.40873350 0.00080395
vt 0.44475920 0.06367614
vt 0.44126840 0.12515330
vt 0.44896780 0.12529430
vt 0.44216820 0.22077950
vt 0.42037080 0.02648844
vt 0.40675040 0.00088808
vt 0.41895080 0.02653910
vt 0.42269720 0.06405623
vt 0.42388160 0.06402563
vt 0.42898340 0.06387638
vt 0.42682770 0.12571690
vt 0.42217400 0.12623280
vt 0.42109390 0.12634950
vt 0.40781430 0.22135280
vt 0.40911680 0.22124260
vt 0.43369560 0.12522460
vt 0.42303190 0.22046240
vt 0.38567990 0.31204170
vt 0.39427460 0.31246930
vt 0.38368560 0.31193050
vt 0.36191140 0.40539910
vt 0.41471740 0.22077700
vt 0.36452960 0.40566600
vt 0.43250700 0.22055430
vt 0.42161960 0.31308060
vt 0.35248970 0.48801500
vt 0.36510050 0.48886310
vt 0.34956250 0.48781810
vt 0.34265230 0.54477040
vt 0.34573990 0.54482730
vt 0.40704930 0.31290060
vt 0.39229420 0.40803970
vt 0.37580920 0.40681580
vt 0.33941710 0.58041500
vt 0.35346450 0.58044720
vt 0.33615640 0.58040750
vt 0.33290140 0.60593250
vt 0.33621330 0.60593150
vt 0.35904180 0.54507270
vt 0.37811900 0.54545560
vt 0.38334680 0.48980110
vt 0.40433900 0.49043730
vt 0.33872750 0.63249410
vt 0.35231760 0.63245670
vt 0.33557290 0.63250280
vt 0.34622910 0.65735190
vt 0.34856420 0.65708140
vt 0.35048110 0.60592710
vt 0.37081440 0.60603540
vt 0.41130940 0.40876070
vt 0.43075370 0.40919970
vt 0.37349720 0.58063180
vt 0.39651590 0.58101360
vt 0.36891090 0.67555280
vt 0.36867630 0.67660270
vt 0.39270130 0.68806930
vt 0.40000150 0.54590670
vt 0.42237650 0.54637930
vt 0.43656710 0.31332660
vt 0.45150860 0.31373960
vt 0.42577040 0.49090230
vt 0.44720440 0.49138260
vt 0.45020290 0.40961830
vt 0.46927230 0.40973720
vt 0.45183550 0.22098050
vt 0.46607710 0.31420210
vt 0.48589880 0.40924330
vt 0.46823530 0.49167310
vt 0.44475270 0.54689360
vt 0.44393260 0.58205940
vt 0.46695520 0.58269300
vt 0.46651740 0.60814610
vt 0.42022430 0.58149930
vt 0.41866820 0.60684500
vt 0.48684970 0.60893480
vt 0.44300070 0.60743670
vt 0.44015610 0.63368840
vt 0.39433420 0.60636330
vt 0.39395240 0.63266930
vt 0.46239860 0.63441770
vt 0.45459630 0.65816970
vt 0.41705580 0.63311120
vt 0.41557510 0.65730700
vt 0.37170020 0.63241730
vt 0.37657410 0.65644890
vt 0.47259440 0.65842950
vt 0.45947950 0.67300540
vt 0.43531250 0.65781690
vt 0.42857720 0.67652430
vt 0.39583300 0.65694620
vt 0.40028290 0.67590040
vt 0.35862420 0.65591590
vt 0.36992140 0.67103030
vt 0.38520940 0.67478910
vt 0.39128990 0.68556730
vt 0.40505190 0.68857360
vt 0.40615870 0.69151530
vt 0.41350760 0.69151700
vt 0.41444080 0.67601340
vt 0.41368350 0.68859620
vt 0.42229550 0.68895390
vt 0.42083720 0.69183890
vt 0.43468640 0.68899510
vt 0.43639500 0.68656190
vt 0.44375580 0.67608030
vt 0.45995320 0.67756070
vt 0.46006320 0.67861810
f 3/3/3 2/2/2 1/1/1
f 4/4/4 3/3/3 1/1/1
f 3/3/3 4/4/4 5/5/5
f 6/6/6 4/4/4 1/1/1
f 4/4/4 6/6/6 5/5/5
f 7/7/7 3/3/3 5/5/5
f 8/8/8 7/7/7 5/5/5
f 9/9/9 6/6/6 1/1/1
f 6/6/6 9/9/9 10/10/10
f 11/11/11 9/9/9 1/1/1
f 9/9/9 11/11/11 10/10/10
f 12/12/12 11/11/11 1/1/1
f 13/13/13 11/11/11 12/12/12
f 14/14/14 13/13/13 12/12/12
f 11/11/11 13/13/13 15/15/15
f 11/11/11 15/15/15 10/10/10
f 13/13/13 16/16/16 15/15/15
f 16/16/16 17/17/17 15/15/15
f 17/17/17 18/18/18 15/15/15
f 15/15/15 18/18/18 10/10/10
f 18/18/18 19/19/19 10/10/10
f 19/19/19 20/20/20 10/10/10
f 20/20/20 21/21/21 10/10/10
f 21/21/21 6/6/6 10/10/10
f 21/21/21 20/20/20 22/22/22
f 6/6/6 21/21/21 22/22/22
f 20/20/20 23/23/23 22/22/22
f 23/23/23 24/24/24 22/22/22
f 25/25/25 6/6/6 22/22/22
f 26/26/26 25/25/25 22/22/22
f 6/6/6 25/25/25 5/5/5
f 25/25/25 26/26/26 5/5/5
f 24/24/24 27/27/27 22/22/22
f 27/27/27 26/26/26 22/22/22
f 27/27/27 24/24/24 28/28/28
f 26/26/26 27/27/27 28/28/28
f 24/24/24 29/29/29 28/28/28
f 29/29/29 30/30/30 28/28/28
f 26/26/26 31/31/31 5/5/5
f 31/31/31 26/26/26 32/32/32
f 31/31/31 8/8/8 5/5/5
f 8/8/8 31/31/31 32/32/32
f 33/33/33 8/8/8 32/32/32
f 34/34/34 33/33/33 32/32/32
f 35/35/35 34/34/34 32/32/32
f 36/36/36 35/35/35 32/32/32
f 35/35/35 36/36/36 37/37/37
f 26/26/26 38/38/38 32/32/32
f 38/38/38 26/26/26 28/28/28
f 38/38/38 36/36/36 32/32/32
f 36/36/36 38/38/38 28/28/28
f 30/30/30 39/39/39 28/28/28
f 39/39/39 36/36/36 28/28/28
f 39/39/39 30/30/30 40/40/40
f 36/36/36 39/39/39 40/40/40
f 30/30/30 41/41/41 40/40/40
f 41/41/41 42/42/42 40/40/40
f 36/36/36 43/43/43 37/37/37
f 43/43/43 36/36/36 40/40/40
f 43/43/43 44/44/44 37/37/37
f 44/44/44 43/43/43 40/40/40
f 44/44/44 45/45/45 37/37/37
f 42/42/42 46/46/46 40/40/40
f 46/46/46 44/44/44 40/40/40
f 42/42/42 47/47/47 46/46/46
f 47/47/47 48/48/48 46/46/46
f 48/48/48 49/49/49 46/46/46
f 49/49/49 44/44/44 46/46/46
f 44/44/44 49/49/49 45/45/45
f 49/49/49 50/50/50 45/45/45
f 53/53/53 52/52/52 51/51/51
f 54/54/54 53/53/53 51/51/51
f 54/54/54 51/51/51 55/55/55
f 56/56/56 54/54/54 55/55/55
f 54/54/54 56/56/56 57/57/57
f 56/56/56 58/58/58 57/57/57
f 53/53/53 54/54/54 59/59/59
f 59/59/59 54/54/54 57/57/57
f 60/60/60 53/53/53 59/59/59
f 61/61/61 60/60/60 59/59/59
f 62/62/62 61/61/61 59/59/59
f 62/62/62 59/59/59 57/57/57
f 61/61/61 62/62/62 63/63/63
f 63/63/63 62/62/62 64/64/64
f 65/65/65 61/61/61 63/63/63
f 66/66/66 65/65/65 63/63/63
f 67/67/67 66/66/66 63/63/63
f 67/67/67 63/63/63 64/64/64
f 68/68/68 62/62/62 57/57/57
f 62/62/62 68/68/68 64/64/64
f 69/69/69 68/68/68 57/57/57
f 68/68/68 69/69/69 64/64/64
f 58/58/58 70/70/70 57/57/57
f 70/70/70 69/69/69 57/57/57
f 70/70/70 58/58/58 71/71/71
f 69/69/69 70/70/70 71/71/71
f 58/58/58 72/72/72 71/71/71
f 72/72/72 73/73/73 71/71/71
f 66/66/66 67/67/67 74/74/74
f 75/75/75 66/66/66 74/74/74
f 76/76/76 75/75/75 74/74/74
f 74/74/74 67/67/67 77/77/77
f 78/78/78 76/76/76 74/74/74
f 78/78/78 74/74/74 77/77/77
f 79/79/79 67/67/67 64/64/64
f 67/67/67 79/79/79 77/77/77
f 80/80/80 79/79/79 64/64/64
f 79/79/79 80/80/80 77/77/77
f 69/69/69 81/81/81 64/64/64
f 81/81/81 80/80/80 64/64/64
f 81/81/81 69/69/69 82/82/82
f 80/80/80 81/81/81 82/82/82
f 83/83/83 69/69/69 71/71/71
f 69/69/69 83/83/83 82/82/82
f 84/84/84 83/83/83 71/71/71
f 83/83/83 84/84/84 82/82/82
f 76/76/76 78/78/78 85/85/85
f 85/85/85 78/78/78 86/86/86
f 87/87/87 76/76/76 85/85/85
f 88/88/88 87/87/87 85/85/85
f 89/89/89 78/78/78 77/77/77
f 80/80/80 89/89/89 77/77/77
f 78/78/78 89/89/89 86/86/86
f 89/89/89 80/80/80 86/86/86
f 90/90/90 88/88/88 85/85/85
f 90/90/90 85/85/85 86/86/86
f 91/91/91 84/84/84 71/71/71
f 84/84/84 91/91/91 92/92/92
f 73/73/73 91/91/91 71/71/71
f 91/91/91 73/73/73 92/92/92
f 73/73/73 93/93/93 92/92/92
f 93/93/93 94/94/94 92/92/92
f 80/80/80 95/95/95 86/86/86
f 95/95/95 96/96/96 86/86/86
f 95/95/95 80/80/80 82/82/82
f 96/96/96 95/95/95 82/82/82
f 88/88/88 90/90/90 97/97/97
f 97/97/97 90/90/90 98/98/98
f 99/99/99 88/88/88 97/97/97
f 100/100/100 99/99/99 97/97/97
f 101/101/101 90/90/90 86/86/86
f 96/96/96 101/101/101 86/86/86
f 90/90/90 101/101/101 98/98/98
f 101/101/101 96/96/96 98/98/98
f 102/102/102 100/100/100 97/97/97
f 102/102/102 97/97/97 98/98/98
f 103/103/103 96/96/96 82/82/82
f 96/96/96 103/103/103 104/104/104
f 84/84/84 103/103/103 82/82/82
f 103/103/103 84/84/84 104/104/104
f 100/100/100 102/102/102 105/105/105
f 106/106/106 100/100/100 105/105/105
f 107/107/107 106/106/106 105/105/105
f 96/96/96 108/108/108 98/98/98
f 108/108/108 96/96/96 104/104/104
f 108/108/108 109/109/109 98/98/98
f 109/109/109 108/108/108 104/104/104
f 110/110/110 102/102/102 98/98/98
f 109/109/109 110/110/110 98/98/98
f 102/102/102 110/110/110 111/111/111
f 105/105/105 102/102/102 111/111/111
f 110/110/110 109/109/109 111/111/111
f 112/112/112 107/107/107 105/105/105
f 112/112/112 105/105/105 111/111/111
f 84/84/84 113/113/113 104/104/104
f 113/113/113 114/114/114 104/104/104
f 113/113/113 84/84/84 92/92/92
f 114/114/114 113/113/113 92/92/92
f 109/109/109 115/115/115 111/111/111
f 115/115/115 112/112/112 111/111/111
f 115/115/115 109/109/109 116/116/116
f 112/112/112 115/115/115 116/116/116
f 107/107/107 112/112/112 117/117/117
f 117/117/117 112/112/112 116/116/116
f 118/118/118 107/107/107 117/117/117
f 119/119/119 118/118/118 117/117/117
f 120/120/120 109/109/109 104/104/104
f 114/114/114 120/120/120 104/104/104
f 109/109/109 120/120/120 116/116/116
f 120/120/120 114/114/114 116/116/116
f 121/121/121 119/119/119 117/117/117
f 121/121/121 117/117/117 116/116/116
f 122/122/122 114/114/114 92/92/92
f 114/114/114 122/122/122 123/123/123
f 94/94/94 122/122/122 92/92/92
f 122/122/122 94/94/94 123/123/123
f 114/114/114 124/124/124 116/116/116
f 124/124/124 121/121/121 116/116/116
f 124/124/124 114/114/114 123/123/123
f 121/121/121 124/124/124 123/123/123
f 119/119/119 121/121/121 125/125/125
f 125/125/125 121/121/121 123/123/123
f 126/126/126 119/119/119 125/125/125
f 127/127/127 126/126/126 125/125/125
f 128/128/128 125/125/125 123/123/123
f 128/128/128 127/127/127 125/125/125
f 94/94/94 129/129/129 123/123/123
f 129/129/129 128/128/128 123/123/123
f 129/129/129 94/94/94 130/130/130
f 128/128/128 129/129/129 130/130/130
f 94/94/94 131/131/131 130/130/130
f 132/132/132 128/128/128 130/130/130
f 127/127/127 128/128/128 132/132/132
f 133/133/133 127/127/127 132/132/132
f 136/136/136 135/135/135 134/134/134
f 137/137/137 136/136/136 134/134/134
f 137/137/137 134/134/134 138/138/138
f 139/139/139 137/137/137 138/138/138
f 139/139/139 138/138/138 140/140/140
f 141/141/141 139/139/139 140/140/140
f 141/141/141 140/140/140 142/142/142
f 143/143/143 141/141/141 142/142/142
f 143/143/143 142/142/142 144/144/144
f 145/145/145 143/143/143 144/144/144
f 145/145/145 144/144/144 146/146/146
f 147/147/147 145/145/145 146/146/146
f 147/147/147 146/146/146 148/148/148
f 149/149/149 147/147/147 148/148/148
f 149/149/149 148/148/148 150/150/150
f 151/151/151 149/149/149 150/150/150
f 151/151/151 150/150/150 152/152/152
f 153/153/153 151/151/151 152/152/152
f 153/153/153 152/152/152 154/154/154
f 155/155/155 153/153/153 154/154/154
f 155/155/155 154/154/154 156/156/156
f 157/157/157 155/155/155 156/156/156
f 157/157/157 156/156/156 158/158/158
f 159/159/159 157/157/157 158/158/158
f 159/159/159 158/158/158 160/160/160
f 161/161/161 159/159/159 160/160/160
f 161/161/161 160/160/160 162/162/162
f 163/163/163 161/161/161 162/162/162
f 163/163/163 162/162/162 164/164/164
f 165/165/165 163/163/163 164/164/164
f 165/165/165 164/164/164 166/166/166
f 167/167/167 165/165/165 166/166/166
f 167/167/167 166/166/166 168/168/168
f 169/169/169 167/167/167 168/168/168
f 169/169/169 168/168/168 170/170/170
f 171/171/171 169/169/169 170/170/170
f 171/171/171 170/170/170 172/172/172
f 173/173/173 171/171/171 172/172/172
f 173/173/173 172/172/172 174/174/174
f 175/175/175 173/173/173 174/174/174
f 175/175/175 174/174/174 176/176/176
f 177/177/177 175/175/175 176/176/176
f 180/180/180 179/179/179 178/178/178
f 179/179/179 181/181/181 178/178/178
f 179/179/179 182/182/182 181/181/181
f 182/182/182 183/183/183 181/181/181
f 182/182/182 184/184/184 183/183/183
f 184/184/184 185/185/185 183/183/183
f 184/184/184 186/186/186 185/185/185
f 186/186/186 187/187/187 185/185/185
f 186/186/186 188/188/188 187/187/187
f 188/188/188 189/189/189 187/187/187
f 188/188/188 190/190/190 189/189/189
f 190/190/190 191/191/191 189/189/189
f 190/190/190 192/192/192 191/191/191
f 192/192/192 193/193/193 191/191/191
f 192/192/192 194/194/194 193/193/193
f 194/194/194 195/195/195 193/193/193
f 194/194/194 196/196/196 195/195/195
f 196/196/196 197/197/197 195/195/195
f 196/196/196 198/198/198 197/197/197
f 198/198/198 199/199/199 197/197/197
f 198/198/198 200/200/200 199/199/199
f 200/200/200 201/201/201 199/199/199
f 200/200/200 202/202/202 201/201/201
f 202/202/202 203/203/203 201/201/201
f 202/202/202 204/204/204 203/203/203
f 204/204/204 205/205/205 203/203/203
f 204/204/204 206/206/206 205/205/205
f 206/206/206 207/207/207 205/205/205
f 206/206/206 208/208/208 207/207/207
f 208/208/208 209/209/209 207/207/207
f 208/208/208 210/210/210 209/209/209
f 210/210/210 211/211/211 209/209/209
f 210/210/210 212/212/212 211/211/211
f 212/212/212 213/213/213 211/211/211
f 212/212/212 214/214/214 213/213/213
f 214/214/214 215/215/215 213/213/213
f 214/214/214 216/216/216 215/215/215
f 216/216/216 217/217/217 215/215/215
f 216/216/216 218/218/218 217/217/217
f 218/218/218 219/219/219 217/217/217
f 218/218/218 220/220/220 219/219/219
f 220/220/220 221/221/221 219/219/219
f 224/224/224 223/223/223 222/222/222
f 225/225/225 224/224/224 222/222/222
f 225/225/225 222/222/222 226/226/226
f 227/227/227 225/225/225 226/226/226
f 227/227/227 226/226/226 228/228/228
f 229/229/229 227/227/227 228/228/228
f 229/229/229 228/228/228 230/230/230
f 231/231/231 229/229/229 230/230/230
f 231/231/231 230/230/230 232/232/232
f 233/233/233 231/231/231 232/232/232
f 233/233/233 232/232/232 234/234/234
f 235/235/235 233/233/233 234/234/234
f 238/238/238 237/237/237 236/236/236
f 237/237/237 239/239/239 236/236/236
f 237/237/237 240/240/240 239/239/239
f 240/240/240 241/241/241 239/239/239
f 240/240/240 242/242/242 241/241/241
f 242/242/242 243/243/243 241/241/241
f 242/242/242 244/244/244 243/243/243
f 244/244/244 245/245/245 243/243/243
f 244/244/244 246/246/246 245/245/245
f 246/246/246 247/247/247 245/245/245
f 246/246/246 248/248/248 247/247/247
f 248/248/248 249/249/249 247/247/247
f 248/248/248 250/250/250 249/249/249
f 250/250/250 251/251/251 249/249/249
f 250/250/250 252/252/252 251/251/251
f 252/252/252 253/253/253 251/251/251
f 256/256/256 255/255/255 254/254/254
f 257/257/257 256/256/256 254/254/254
f 258/258/258 257/257/257 254/254/254
f 259/259/259 258/258/258 254/254/254
f 258/258/258 259/259/259 260/260/260
f 261/261/261 258/258/258 260/260/260
f 262/262/262 261/261/261 260/260/260
f 263/263/263 262/262/262 260/260/260
f 262/262/262 263/263/263 264/264/264
f 265/265/265 262/262/262 264/264/264
f 266/266/266 265/265/265 264/264/264
f 267/267/267 266/266/266 264/264/264
f 266/266/266 267/267/267 268/268/268
f 269/269/269 266/266/266 268/268/268
f 270/270/270 269/269/269 268/268/268
f 271/271/271 270/270/270 268/268/268
f 274/274/274 273/273/273 272/272/272
f 273/273/273 275/275/275 272/272/272
f 276/276/276 274/274/274 272/272/272
f 274/274/274 276/276/276 277/277/277
f 278/278/278 276/276/276 272/272/272
f 276/276/276 278/278/278 277/277/277
f 279/279/279 274/274/274 277/277/277
f 280/280/280 279/279/279 277/277/277
f 275/275/275 281/281/281 272/272/272
f 281/281/281 275/275/275 282/282/282
f 281/281/281 283/283/283 272/272/272
f 283/283/283 281/281/281 282/282/282
f 275/275/275 284/284/284 282/282/282
f 284/284/284 285/285/285 282/282/282
f 286/286/286 278/278/278 272/272/272
f 283/283/283 286/286/286 272/272/272
f 278/278/278 286/286/286 287/287/287
f 286/286/286 283/283/283 287/287/287
f 288/288/288 280/280/280 277/277/277
f 289/289/289 280/280/280 288/288/288
f 280/280/280 289/289/289 290/290/290
f 291/291/291 289/289/289 288/288/288
f 289/289/289 292/292/292 290/290/290
f 293/293/293 291/291/291 288/288/288
f 292/292/292 294/294/294 290/290/290
f 295/295/295 288/288/288 277/277/277
f 295/295/295 293/293/293 288/288/288
f 294/294/294 296/296/296 290/290/290
f 290/290/290 296/296/296 297/297/297
f 278/278/278 298/298/298 277/277/277
f 298/298/298 295/295/295 277/277/277
f 298/298/298 278/278/278 299/299/299
f 295/295/295 298/298/298 299/299/299
f 293/293/293 295/295/295 300/300/300
f 300/300/300 295/295/295 299/299/299
f 301/301/301 293/293/293 300/300/300
f 302/302/302 301/301/301 300/300/300
f 303/303/303 302/302/302 300/300/300
f 303/303/303 300/300/300 299/299/299
f 296/296/296 294/294/294 304/304/304
f 296/296/296 304/304/304 305/305/305
f 294/294/294 306/306/306 304/304/304
f 306/306/306 307/307/307 304/304/304
f 307/307/307 308/308/308 304/304/304
f 304/304/304 308/308/308 305/305/305
f 278/278/278 309/309/309 299/299/299
f 309/309/309 310/310/310 299/299/299
f 309/309/309 278/278/278 287/287/287
f 310/310/310 309/309/309 287/287/287
f 302/302/302 303/303/303 311/311/311
f 311/311/311 303/303/303 312/312/312
f 313/313/313 302/302/302 311/311/311
f 314/314/314 313/313/313 311/311/311
f 315/315/315 303/303/303 299/299/299
f 310/310/310 315/315/315 299/299/299
f 303/303/303 315/315/315 312/312/312
f 315/315/315 310/310/310 312/312/312
f 316/316/316 314/314/314 311/311/311
f 316/316/316 311/311/311 312/312/312
f 314/314/314 316/316/316 317/317/317
f 318/318/318 314/314/314 317/317/317
f 319/319/319 318/318/318 317/317/317
f 317/317/317 316/316/316 320/320/320
f 321/321/321 319/319/319 317/317/317
f 321/321/321 317/317/317 320/320/320
f 322/322/322 316/316/316 312/312/312
f 316/316/316 322/322/322 320/320/320
f 323/323/323 322/322/322 312/312/312
f 322/322/322 323/323/323 320/320/320
f 310/310/310 324/324/324 312/312/312
f 324/324/324 323/323/323 312/312/312
f 324/324/324 310/310/310 325/325/325
f 323/323/323 324/324/324 325/325/325
f 319/319/319 321/321/321 326/326/326
f 326/326/326 321/321/321 327/327/327
f 328/328/328 319/319/319 326/326/326
f 329/329/329 328/328/328 326/326/326
f 330/330/330 321/321/321 320/320/320
f 323/323/323 330/330/330 320/320/320
f 321/321/321 330/330/330 327/327/327
f 330/330/330 323/323/323 327/327/327
f 331/331/331 329/329/329 326/326/326
f 331/331/331 326/326/326 327/327/327
f 310/310/310 332/332/332 325/325/325
f 332/332/332 333/333/333 325/325/325
f 332/332/332 310/310/310 287/287/287
f 333/333/333 332/332/332 287/287/287
f 323/323/323 334/334/334 327/327/327
f 334/334/334 323/323/323 325/325/325
f 334/334/334 335/335/335 327/327/327
f 335/335/335 334/334/334 325/325/325
f 329/329/329 331/331/331 336/336/336
f 336/336/336 331/331/331 337/337/337
f 338/338/338 329/329/329 336/336/336
f 339/339/339 338/338/338 336/336/336
f 340/340/340 331/331/331 327/327/327
f 335/335/335 340/340/340 327/327/327
f 331/331/331 340/340/340 337/337/337
f 340/340/340 335/335/335 337/337/337
f 341/341/341 339/339/339 336/336/336
f 341/341/341 336/336/336 337/337/337
f 342/342/342 333/333/333 287/287/287
f 333/333/333 342/342/342 343/343/343
f 283/283/283 342/342/342 287/287/287
f 342/342/342 283/283/283 343/343/343
f 339/339/339 341/341/341 344/344/344
f 345/345/345 339/339/339 344/344/344
f 346/346/346 345/345/345 344/344/344
f 283/283/283 347/347/347 343/343/343
f 347/347/347 348/348/348 343/343/343
f 347/347/347 283/283/283 282/282/282
f 348/348/348 347/347/347 282/282/282
f 349/349/349 348/348/348 282/282/282
f 348/348/348 349/349/349 350/350/350
f 285/285/285 349/349/349 282/282/282
f 349/349/349 285/285/285 350/350/350
f 285/285/285 351/351/351 350/350/350
f 351/351/351 352/352/352 350/350/350
f 344/344/344 341/341/341 353/353/353
f 354/354/354 346/346/346 344/344/344
f 354/354/354 344/344/344 353/353/353
f 341/341/341 355/355/355 353/353/353
f 355/355/355 356/356/356 353/353/353
f 355/355/355 341/341/341 337/337/337
f 356/356/356 355/355/355 337/337/337
f 346/346/346 354/354/354 357/357/357
f 357/357/357 354/354/354 358/358/358
f 359/359/359 346/346/346 357/357/357
f 360/360/360 359/359/359 357/357/357
f 361/361/361 354/354/354 353/353/353
f 356/356/356 361/361/361 353/353/353
f 354/354/354 361/361/361 358/358/358
f 361/361/361 356/356/356 358/358/358
f 362/362/362 360/360/360 357/357/357
f 362/362/362 357/357/357 358/358/358
f 363/363/363 356/356/356 337/337/337
f 356/356/356 363/363/363 364/364/364
f 335/335/335 363/363/363 337/337/337
f 363/363/363 335/335/335 364/364/364
f 360/360/360 362/362/362 365/365/365
f 365/365/365 362/362/362 366/366/366
f 367/367/367 360/360/360 365/365/365
f 368/368/368 367/367/367 365/365/365
f 369/369/369 368/368/368 365/365/365
f 369/369/369 365/365/365 366/366/366
f 356/356/356 370/370/370 358/358/358
f 370/370/370 356/356/356 364/364/364
f 370/370/370 371/371/371 358/358/358
f 371/371/371 370/370/370 364/364/364
f 372/372/372 362/362/362 358/358/358
f 362/362/362 372/372/372 366/366/366
f 371/371/371 372/372/372 358/358/358
f 372/372/372 371/371/371 366/366/366
f 335/335/335 373/373/373 364/364/364
f 373/373/373 335/335/335 325/325/325
f 333/333/333 373/373/373 325/325/325
f 373/373/373 333/333/333 364/364/364
f 333/333/333 374/374/374 364/364/364
f 374/374/374 371/371/371 364/364/364
f 374/374/374 333/333/333 343/343/343
f 371/371/371 374/374/374 343/343/343
f 375/375/375 371/371/371 343/343/343
f 371/371/371 375/375/375 366/366/366
f 348/348/348 375/375/375 343/343/343
f 375/375/375 348/348/348 366/366/366
f 348/348/348 376/376/376 366/366/366
f 376/376/376 369/369/369 366/366/366
f 376/376/376 348/348/348 350/350/350
f 369/369/369 376/376/376 350/350/350
f 377/377/377 369/369/369 350/350/350
f 368/368/368 369/369/369 377/377/377
f 378/378/378 368/368/368 377/377/377
f 352/352/352 377/377/377 350/350/350
f 379/379/379 378/378/378 377/377/377
f 352/352/352 379/379/379 377/377/377
f 379/379/379 352/352/352 380/380/380
f 381/381/381 379/379/379 380/380/380
f 382/382/382 381/381/381 380/380/380
f 383/383/383 382/382/382 380/380/380
f 383/383/383 380/380/380 384/384/384
f 382/382/382 383/383/383 385/385/385
f 385/385/385 383/383/383 386/386/386
f 387/387/387 382/382/382 385/385/385
f 388/388/388 387/387/387 385/385/385
f 389/389/389 383/383/383 384/384/384
f 383/383/383 389/389/389 386/386/386
f 390/390/390 389/389/389 384/384/384
f 389/389/389 390/390/390 386/386/386
f 391/391/391 390/390/390 384/384/384
f 390/390/390 391/391/391 392/392/392
f 393/393/393 388/388/388 385/385/385
f 393/393/393 385/385/385 386/386/386
f 388/388/388 393/393/393 394/394/394
f 394/394/394 393/393/393 395/395/395
f 396/396/396 388/388/388 394/394/394
f 397/397/397 396/396/396 394/394/394
f 398/398/398 397/397/397 394/394/394
f 398/398/398 394/394/394 395/395/395
f 399/399/399 393/393/393 386/386/386
f 393/393/393 399/399/399 395/395/395
f 400/400/400 399/399/399 386/386/386
f 399/399/399 400/400/400 395/395/395
f 390/390/390 401/401/401 386/386/386
f 401/401/401 400/400/400 386/386/386
f 401/401/401 390/390/390 402/402/402
f 400/400/400 401/401/401 402/402/402
f 403/403/403 390/390/390 392/392/392
f 390/390/390 403/403/403 402/402/402
f 404/404/404 403/403/403 392/392/392
f 403/403/403 404/404/404 402/402/402
f 405/405/405 404/404/404 392/392/392
f 404/404/404 405/405/405 406/406/406
f 397/397/397 398/398/398 407/407/407
f 407/407/407 398/398/398 408/408/408
f 409/409/409 397/397/397 407/407/407
f 410/410/410 409/409/409 407/407/407
f 411/411/411 410/410/410 407/407/407
f 411/411/411 407/407/407 408/408/408
f 398/398/398 412/412/412 408/408/408
f 412/412/412 413/413/413 408/408/408
f 412/412/412 398/398/398 395/395/395
f 413/413/413 412/412/412 395/395/395
f 410/410/410 411/411/411 414/414/414
f 414/414/414 411/411/411 415/415/415
f 416/416/416 410/410/410 414/414/414
f 417/417/417 416/416/416 414/414/414
f 418/418/418 417/417/417 414/414/414
f 418/418/418 414/414/414 415/415/415
f 419/419/419 411/411/411 408/408/408
f 411/411/411 419/419/419 415/415/415
f 420/420/420 419/419/419 408/408/408
f 419/419/419 420/420/420 415/415/415
f 421/421/421 413/413/413 395/395/395
f 413/413/413 421/421/421 422/422/422
f 400/400/400 421/421/421 395/395/395
f 421/421/421 400/400/400 422/422/422
f 417/417/417 418/418/418 423/423/423
f 423/423/423 418/418/418 424/424/424
f 425/425/425 417/417/417 423/423/423
f 426/426/426 425/425/425 423/423/423
f 427/427/427 426/426/426 423/423/423
f 427/427/427 423/423/423 424/424/424
f 413/413/413 428/428/428 408/408/408
f 428/428/428 420/420/420 408/408/408
f 428/428/428 413/413/413 429/429/429
f 420/420/420 428/428/428 429/429/429
f 430/430/430 413/413/413 422/422/422
f 413/413/413 430/430/430 429/429/429
f 431/431/431 430/430/430 422/422/422
f 430/430/430 431/431/431 429/429/429
f 418/418/418 432/432/432 424/424/424
f 432/432/432 433/433/433 424/424/424
f 432/432/432 418/418/418 415/415/415
f 433/433/433 432/432/432 415/415/415
f 426/426/426 427/427/427 434/434/434
f 434/434/434 427/427/427 435/435/435
f 436/436/436 426/426/426 434/434/434
f 437/437/437 436/436/436 434/434/434
f 438/438/438 437/437/437 434/434/434
f 438/438/438 434/434/434 435/435/435
f 439/439/439 427/427/427 424/424/424
f 427/427/427 439/439/439 435/435/435
f 440/440/440 439/439/439 424/424/424
f 439/439/439 440/440/440 435/435/435
f 441/441/441 433/433/433 415/415/415
f 433/433/433 441/441/441 442/442/442
f 420/420/420 441/441/441 415/415/415
f 441/441/441 420/420/420 442/442/442
f 437/437/437 438/438/438 443/443/443
f 444/444/444 437/437/437 443/443/443
f 445/445/445 444/444/444 443/443/443
f 446/446/446 440/440/440 424/424/424
f 433/433/433 446/446/446 424/424/424
f 446/446/446 433/433/433 447/447/447
f 440/440/440 446/446/446 447/447/447
f 420/420/420 448/448/448 442/442/442
f 448/448/448 449/449/449 442/442/442
f 448/448/448 420/420/420 429/429/429
f 449/449/449 448/448/448 429/429/429
f 450/450/450 433/433/433 442/442/442
f 433/433/433 450/450/450 447/447/447
f 451/451/451 450/450/450 442/442/442
f 450/450/450 451/451/451 447/447/447
f 452/452/452 449/449/449 429/429/429
f 449/449/449 452/452/452 453/453/453
f 431/431/431 452/452/452 429/429/429
f 452/452/452 431/431/431 453/453/453
f 454/454/454 451/451/451 442/442/442
f 449/449/449 454/454/454 442/442/442
f 454/454/454 449/449/449 455/455/455
f 451/451/451 454/454/454 455/455/455
f 456/456/456 449/449/449 453/453/453
f 449/449/449 456/456/456 455/455/455
f 457/457/457 456/456/456 453/453/453
f 456/456/456 457/457/457 455/455/455
f 451/451/451 458/458/458 447/447/447
f 458/458/458 459/459/459 447/447/447
f 458/458/458 451/451/451 460/460/460
f 459/459/459 458/458/458 460/460/460
f 461/461/461 451/451/451 455/455/455
f 451/451/451 461/461/461 460/460/460
f 462/462/462 461/461/461 455/455/455
f 461/461/461 462/462/462 460/460/460
f 457/457/457 463/463/463 455/455/455
f 463/463/463 462/462/462 455/455/455
f 463/463/463 457/457/457 464/464/464
f 462/462/462 463/463/463 464/464/464
f 459/459/459 465/465/465 447/447/447
f 465/465/465 459/459/459 466/466/466
f 465/465/465 440/440/440 447/447/447
f 440/440/440 465/465/465 466/466/466
f 467/467/467 440/440/440 466/466/466
f 468/468/468 467/467/467 466/466/466
f 440/440/440 467/467/467 435/435/435
f 467/467/467 468/468/468 435/435/435
f 468/468/468 469/469/469 435/435/435
f 469/469/469 438/438/438 435/435/435
f 438/438/438 469/469/469 470/470/470
f 469/469/469 468/468/468 470/470/470
f 443/443/443 438/438/438 470/470/470
f 471/471/471 443/443/443 470/470/470
f 471/471/471 445/445/445 443/443/443
f 468/468/468 472/472/472 470/470/470
f 472/472/472 471/471/471 470/470/470
f 472/472/472 468/468/468 473/473/473
f 471/471/471 472/472/472 473/473/473
f 445/445/445 471/471/471 474/474/474
f 474/474/474 471/471/471 473/473/473
f 475/475/475 445/445/445 474/474/474
f 476/476/476 475/475/475 474/474/474
f 477/477/477 476/476/476 474/474/474
f 477/477/477 474/474/474 473/473/473
f 468/468/468 478/478/478 473/473/473
f 478/478/478 479/479/479 473/473/473
f 478/478/478 468/468/468 466/466/466
f 479/479/479 478/478/478 466/466/466
f 476/476/476 477/477/477 480/480/480
f 480/480/480 477/477/477 481/481/481
f 482/482/482 476/476/476 480/480/480
f 483/483/483 482/482/482 480/480/480
f 484/484/484 477/477/477 473/473/473
f 479/479/479 484/484/484 473/473/473
f 477/477/477 484/484/484 481/481/481
f 484/484/484 479/479/479 481/481/481
f 485/485/485 483/483/483 480/480/480
f 485/485/485 480/480/480 481/481/481
f 486/486/486 479/479/479 466/466/466
f 479/479/479 486/486/486 487/487/487
f 459/459/459 486/486/486 466/466/466
f 486/486/486 459/459/459 487/487/487
f 483/483/483 485/485/485 488/488/488
f 489/489/489 483/483/483 488/488/488
f 490/490/490 489/489/489 488/488/488
f 479/479/479 491/491/491 481/481/481
f 491/491/491 479/479/479 487/487/487
f 491/491/491 492/492/492 481/481/481
f 492/492/492 491/491/491 487/487/487
f 493/493/493 485/485/485 481/481/481
f 492/492/492 493/493/493 481/481/481
f 485/485/485 493/493/493 494/494/494
f 488/488/488 485/485/485 494/494/494
f 493/493/493 492/492/492 494/494/494
f 495/495/495 490/490/490 488/488/488
f 495/495/495 488/488/488 494/494/494
f 459/459/459 496/496/496 487/487/487
f 496/496/496 497/497/497 487/487/487
f 496/496/496 459/459/459 460/460/460
f 497/497/497 496/496/496 460/460/460
f 498/498/498 492/492/492 487/487/487
f 497/497/497 498/498/498 487/487/487
f 492/492/492 498/498/498 499/499/499
f 498/498/498 497/497/497 499/499/499
f 492/492/492 500/500/500 494/494/494
f 500/500/500 495/495/495 494/494/494
f 500/500/500 492/492/492 499/499/499
f 495/495/495 500/500/500 499/499/499
f 490/490/490 495/495/495 501/501/501
f 501/501/501 495/495/495 499/499/499
f 502/502/502 490/490/490 501/501/501
f 503/503/503 502/502/502 501/501/501
f 504/504/504 501/501/501 499/499/499
f 504/504/504 503/503/503 501/501/501
f 505/505/505 497/497/497 460/460/460
f 497/497/497 505/505/505 506/506/506
f 462/462/462 505/505/505 460/460/460
f 505/505/505 462/462/462 506/506/506
f 497/497/497 507/507/507 499/499/499
f 507/507/507 504/504/504 499/499/499
f 507/507/507 497/497/497 506/506/506
f 504/504/504 507/507/507 506/506/506
f 503/503/503 504/504/504 508/508/508
f 508/508/508 504/504/504 506/506/506
f 509/509/509 503/503/503 508/508/508
f 510/510/510 509/509/509 508/508/508
f 462/462/462 511/511/511 506/506/506
f 511/511/511 462/462/462 464/464/464
f 512/512/512 508/508/508 506/506/506
f 511/511/511 512/512/512 506/506/506
f 512/512/512 510/510/510 508/508/508
f 512/512/512 511/511/511 464/464/464
f 510/510/510 512/512/512 513/513/513
f 513/513/513 512/512/512 464/464/464
f 514/514/514 510/510/510 513/513/513
f 515/515/515 514/514/514 513/513/513
f 516/516/516 513/513/513 464/464/464
f 516/516/516 515/515/515 513/513/513
f 517/517/517 516/516/516 464/464/464
f 516/516/516 517/517/517 518/518/518
f 457/457/457 517/517/517 464/464/464
f 517/517/517 457/457/457 518/518/518
f 515/515/515 516/516/516 519/519/519
f 519/519/519 516/516/516 518/518/518
f 520/520/520 515/515/515 519/519/519
f 521/521/521 520/520/520 519/519/519
f 522/522/522 521/521/521 519/519/519
f 522/522/522 519/519/519 518/518/518
f 457/457/457 523/523/523 518/518/518
f 523/523/523 524/524/524 518/518/518
f 523/523/523 457/457/457 453/453/453
f 524/524/524 523/523/523 453/453/453
f 521/521/521 522/522/522 525/525/525
f 525/525/525 522/522/522 526/526/526
f 527/527/527 521/521/521 525/525/525
f 307/307/307 527/527/527 525/525/525
f 308/308/308 307/307/307 525/525/525
f 308/308/308 525/525/525 526/526/526
f 528/528/528 522/522/522 518/518/518
f 524/524/524 528/528/528 518/518/518
f 522/522/522 528/528/528 526/526/526
f 528/528/528 524/524/524 526/526/526
f 529/529/529 524/524/524 453/453/453
f 524/524/524 529/529/529 530/530/530
f 431/431/431 529/529/529 453/453/453
f 529/529/529 431/431/431 530/530/530
f 531/531/531 308/308/308 526/526/526
f 532/532/532 531/531/531 526/526/526
f 308/308/308 531/531/531 305/305/305
f 531/531/531 532/532/532 305/305/305
f 524/524/524 533/533/533 526/526/526
f 533/533/533 524/524/524 530/530/530
f 533/533/533 532/532/532 526/526/526
f 532/532/532 533/533/533 530/530/530
f 431/431/431 534/534/534 530/530/530
f 534/534/534 535/535/535 530/530/530
f 534/534/534 431/431/431 422/422/422
f 535/535/535 534/534/534 422/422/422
f 536/536/536 532/532/532 530/530/530
f 535/535/535 536/536/536 530/530/530
f 532/532/532 536/536/536 537/537/537
f 536/536/536 535/535/535 537/537/537
f 532/532/532 538/538/538 305/305/305
f 538/538/538 532/532/532 537/537/537
f 538/538/538 539/539/539 305/305/305
f 539/539/539 538/538/538 537/537/537
f 540/540/540 535/535/535 422/422/422
f 400/400/400 540/540/540 422/422/422
f 540/540/540 400/400/400 402/402/402
f 535/535/535 540/540/540 402/402/402
f 541/541/541 535/535/535 402/402/402
f 535/535/535 541/541/541 537/537/537
f 404/404/404 541/541/541 402/402/402
f 541/541/541 404/404/404 537/537/537
f 404/404/404 542/542/542 537/537/537
f 542/542/542 539/539/539 537/537/537
f 542/542/542 404/404/404 406/406/406
f 539/539/539 542/542/542 406/406/406
f 543/543/543 539/539/539 406/406/406
f 539/539/539 543/543/543 297/297/297
f 539/539/539 544/544/544 305/305/305
f 544/544/544 539/539/539 297/297/297
f 544/544/544 296/296/296 305/305/305
f 296/296/296 544/544/544 297/297/297
f 547/547/547 546/546/546 545/545/545
f 546/546/546 548/548/548 545/545/545
f 549/549/549 547/547/547 545/545/545
f 549/549/549 545/545/545 550/550/550
f 548/548/548 551/551/551 545/545/545
f 545/545/545 551/551/551 550/550/550
f 547/547/547 549/549/549 552/552/552
f 552/552/552 549/549/549 553/553/553
f 554/554/554 547/547/547 552/552/552
f 555/555/555 554/554/554 552/552/552
f 556/556/556 555/555/555 552/552/552
f 556/556/556 552/552/552 553/553/553
f 551/551/551 548/548/548 557/557/557
f 551/551/551 557/557/557 558/558/558
f 548/548/548 559/559/559 557/557/557
f 559/559/559 560/560/560 557/557/557
f 560/560/560 561/561/561 557/557/557
f 557/557/557 561/561/561 558/558/558
f 551/551/551 562/562/562 550/550/550
f 562/562/562 551/551/551 558/558/558
f 562/562/562 563/563/563 550/550/550
f 563/563/563 562/562/562 558/558/558
f 555/555/555 556/556/556 564/564/564
f 564/564/564 556/556/556 565/565/565
f 566/566/566 555/555/555 564/564/564
f 567/567/567 566/566/566 564/564/564
f 568/568/568 567/567/567 564/564/564
f 568/568/568 564/564/564 565/565/565
f 561/561/561 560/560/560 569/569/569
f 561/561/561 569/569/569 570/570/570
f 560/560/560 571/571/571 569/569/569
f 571/571/571 572/572/572 569/569/569
f 572/572/572 573/573/573 569/569/569
f 569/569/569 573/573/573 570/570/570
f 556/556/556 574/574/574 565/565/565
f 574/574/574 575/575/575 565/565/565
f 574/574/574 556/556/556 553/553/553
f 575/575/575 574/574/574 553/553/553
f 567/567/567 568/568/568 576/576/576
f 576/576/576 568/568/568 577/577/577
f 578/578/578 567/567/567 576/576/576
f 579/579/579 578/578/578 576/576/576
f 580/580/580 579/579/579 576/576/576
f 580/580/580 576/576/576 577/577/577
f 581/581/581 580/580/580 577/577/577
f 582/582/582 581/581/581 577/577/577
f 583/583/583 568/568/568 565/565/565
f 568/568/568 583/583/583 577/577/577
f 584/584/584 583/583/583 565/565/565
f 583/583/583 584/584/584 577/577/577
f 585/585/585 582/582/582 577/577/577
f 584/584/584 585/585/585 577/577/577
f 582/582/582 585/585/585 586/586/586
f 585/585/585 584/584/584 586/586/586
f 587/587/587 582/582/582 586/586/586
f 588/588/588 587/587/587 586/586/586
f 589/589/589 584/584/584 565/565/565
f 584/584/584 589/589/589 590/590/590
f 575/575/575 589/589/589 565/565/565
f 589/589/589 575/575/575 590/590/590
f 584/584/584 591/591/591 586/586/586
f 591/591/591 584/584/584 590/590/590
f 591/591/591 592/592/592 586/586/586
f 592/592/592 591/591/591 590/590/590
f 593/593/593 588/588/588 586/586/586
f 592/592/592 593/593/593 586/586/586
f 588/588/588 593/593/593 594/594/594
f 593/593/593 592/592/592 594/594/594
f 595/595/595 588/588/588 594/594/594
f 596/596/596 595/595/595 594/594/594
f 597/597/597 596/596/596 594/594/594
f 596/596/596 597/597/597 598/598/598
f 599/599/599 597/597/597 594/594/594
f 597/597/597 599/599/599 598/598/598
f 600/600/600 596/596/596 598/598/598
f 601/601/601 600/600/600 598/598/598
f 592/592/592 602/602/602 594/594/594
f 602/602/602 599/599/599 594/594/594
f 602/602/602 592/592/592 603/603/603
f 599/599/599 602/602/602 603/603/603
f 604/604/604 592/592/592 590/590/590
f 592/592/592 604/604/604 603/603/603
f 605/605/605 604/604/604 590/590/590
f 604/604/604 605/605/605 603/603/603
f 606/606/606 601/601/601 598/598/598
f 607/607/607 601/601/601 606/606/606
f 608/608/608 607/607/607 606/606/606
f 609/609/609 608/608/608 606/606/606
f 610/610/610 606/606/606 598/598/598
f 610/610/610 609/609/609 606/606/606
f 599/599/599 611/611/611 598/598/598
f 611/611/611 610/610/610 598/598/598
f 611/611/611 599/599/599 612/612/612
f 610/610/610 611/611/611 612/612/612
f 609/609/609 610/610/610 613/613/613
f 613/613/613 610/610/610 612/612/612
f 614/614/614 609/609/609 613/613/613
f 615/615/615 614/614/614 613/613/613
f 616/616/616 615/615/615 613/613/613
f 616/616/616 613/613/613 612/612/612
f 599/599/599 617/617/617 612/612/612
f 617/617/617 618/618/618 612/612/612
f 617/617/617 599/599/599 603/603/603
f 618/618/618 617/617/617 603/603/603
f 615/615/615 616/616/616 619/619/619
f 619/619/619 616/616/616 620/620/620
f 621/621/621 615/615/615 619/619/619
f 622/622/622 621/621/621 619/619/619
f 623/623/623 616/616/616 612/612/612
f 618/618/618 623/623/623 612/612/612
f 616/616/616 623/623/623 620/620/620
f 623/623/623 618/618/618 620/620/620
f 624/624/624 622/622/622 619/619/619
f 624/624/624 619/619/619 620/620/620
f 625/625/625 618/618/618 603/603/603
f 618/618/618 625/625/625 626/626/626
f 605/605/605 625/625/625 603/603/603
f 625/625/625 605/605/605 626/626/626
f 622/622/622 624/624/624 627/627/627
f 627/627/627 624/624/624 628/628/628
f 629/629/629 622/622/622 627/627/627
f 630/630/630 629/629/629 627/627/627
f 631/631/631 630/630/630 627/627/627
f 631/631/631 627/627/627 628/628/628
f 618/618/618 632/632/632 620/620/620
f 632/632/632 618/618/618 626/626/626
f 632/632/632 633/633/633 620/620/620
f 633/633/633 632/632/632 626/626/626
f 634/634/634 624/624/624 620/620/620
f 624/624/624 634/634/634 628/628/628
f 633/633/633 634/634/634 620/620/620
f 634/634/634 633/633/633 628/628/628
f 630/630/630 631/631/631 635/635/635
f 635/635/635 631/631/631 636/636/636
f 637/637/637 630/630/630 635/635/635
f 638/638/638 637/637/637 635/635/635
f 639/639/639 638/638/638 635/635/635
f 639/639/639 635/635/635 636/636/636
f 640/640/640 631/631/631 628/628/628
f 631/631/631 640/640/640 636/636/636
f 641/641/641 640/640/640 628/628/628
f 640/640/640 641/641/641 636/636/636
f 633/633/633 642/642/642 628/628/628
f 642/642/642 641/641/641 628/628/628
f 642/642/642 633/633/633 643/643/643
f 641/641/641 642/642/642 643/643/643
f 638/638/638 639/639/639 644/644/644
f 644/644/644 639/639/639 645/645/645
f 646/646/646 638/638/638 644/644/644
f 647/647/647 646/646/646 644/644/644
f 648/648/648 647/647/647 644/644/644
f 648/648/648 644/644/644 645/645/645
f 649/649/649 639/639/639 636/636/636
f 639/639/639 649/649/649 645/645/645
f 650/650/650 649/649/649 636/636/636
f 649/649/649 650/650/650 645/645/645
f 633/633/633 651/651/651 643/643/643
f 651/651/651 652/652/652 643/643/643
f 651/651/651 633/633/633 626/626/626
f 652/652/652 651/651/651 626/626/626
f 641/641/641 653/653/653 636/636/636
f 653/653/653 650/650/650 636/636/636
f 653/653/653 641/641/641 654/654/654
f 650/650/650 653/653/653 654/654/654
f 647/647/647 648/648/648 655/655/655
f 656/656/656 647/647/647 655/655/655
f 657/657/657 656/656/656 655/655/655
f 658/658/658 641/641/641 643/643/643
f 641/641/641 658/658/658 654/654/654
f 659/659/659 658/658/658 643/643/643
f 658/658/658 659/659/659 654/654/654
f 660/660/660 652/652/652 626/626/626
f 652/652/652 660/660/660 661/661/661
f 605/605/605 660/660/660 626/626/626
f 660/660/660 605/605/605 661/661/661
f 652/652/652 662/662/662 643/643/643
f 662/662/662 659/659/659 643/643/643
f 662/662/662 652/652/652 663/663/663
f 659/659/659 662/662/662 663/663/663
f 664/664/664 652/652/652 661/661/661
f 652/652/652 664/664/664 663/663/663
f 665/665/665 664/664/664 661/661/661
f 664/664/664 665/665/665 663/663/663
f 605/605/605 666/666/666 661/661/661
f 666/666/666 605/605/605 590/590/590
f 575/575/575 666/666/666 590/590/590
f 666/666/666 575/575/575 661/661/661
f 575/575/575 667/667/667 661/661/661
f 667/667/667 665/665/665 661/661/661
f 667/667/667 575/575/575 553/553/553
f 665/665/665 667/667/667 553/553/553
f 668/668/668 665/665/665 553/553/553
f 549/549/549 668/668/668 553/553/553
f 668/668/668 549/549/549 550/550/550
f 665/665/665 668/668/668 550/550/550
f 669/669/669 665/665/665 550/550/550
f 665/665/665 669/669/669 663/663/663
f 563/563/563 669/669/669 550/550/550
f 669/669/669 563/563/563 663/663/663
f 563/563/563 670/670/670 663/663/663
f 670/670/670 563/563/563 671/671/671
f 670/670/670 659/659/659 663/663/663
f 659/659/659 670/670/670 671/671/671
f 563/563/563 672/672/672 671/671/671
f 672/672/672 673/673/673 671/671/671
f 672/672/672 563/563/563 558/558/558
f 673/673/673 672/672/672 558/558/558
f 674/674/674 659/659/659 671/671/671
f 675/675/675 674/674/674 671/671/671
f 659/659/659 674/674/674 654/654/654
f 674/674/674 675/675/675 654/654/654
f 676/676/676 673/673/673 558/558/558
f 561/561/561 676/676/676 558/558/558
f 676/676/676 561/561/561 570/570/570
f 673/673/673 676/676/676 570/570/570
f 673/673/673 677/677/677 671/671/671
f 677/677/677 675/675/675 671/671/671
f 677/677/677 673/673/673 678/678/678
f 675/675/675 677/677/677 678/678/678
f 675/675/675 679/679/679 654/654/654
f 679/679/679 675/675/675 680/680/680
f 679/679/679 650/650/650 654/654/654
f 650/650/650 679/679/679 680/680/680
f 681/681/681 673/673/673 570/570/570
f 673/673/673 681/681/681 678/678/678
f 682/682/682 681/681/681 570/570/570
f 681/681/681 682/682/682 678/678/678
f 683/683/683 675/675/675 678/678/678
f 675/675/675 683/683/683 680/680/680
f 684/684/684 683/683/683 678/678/678
f 683/683/683 684/684/684 680/680/680
f 685/685/685 650/650/650 680/680/680
f 686/686/686 685/685/685 680/680/680
f 650/650/650 685/685/685 645/645/645
f 685/685/685 686/686/686 645/645/645
f 687/687/687 682/682/682 570/570/570
f 573/573/573 687/687/687 570/570/570
f 687/687/687 573/573/573 688/688/688
f 682/682/682 687/687/687 688/688/688
f 689/689/689 684/684/684 678/678/678
f 682/682/682 689/689/689 678/678/678
f 689/689/689 682/682/682 690/690/690
f 684/684/684 689/689/689 690/690/690
f 691/691/691 686/686/686 680/680/680
f 684/684/684 691/691/691 680/680/680
f 691/691/691 684/684/684 692/692/692
f 686/686/686 691/691/691 692/692/692
f 686/686/686 693/693/693 645/645/645
f 693/693/693 648/648/648 645/645/645
f 648/648/648 693/693/693 694/694/694
f 693/693/693 686/686/686 694/694/694
f 655/655/655 648/648/648 694/694/694
f 686/686/686 695/695/695 694/694/694
f 695/695/695 686/686/686 692/692/692
f 696/696/696 655/655/655 694/694/694
f 695/695/695 696/696/696 694/694/694
f 696/696/696 695/695/695 692/692/692
f 696/696/696 657/657/657 655/655/655
f 657/657/657 696/696/696 697/697/697
f 697/697/697 696/696/696 692/692/692
f 698/698/698 657/657/657 697/697/697
f 699/699/699 698/698/698 697/697/697
f 684/684/684 700/700/700 692/692/692
f 700/700/700 684/684/684 690/690/690
f 701/701/701 697/697/697 692/692/692
f 700/700/700 701/701/701 692/692/692
f 701/701/701 699/699/699 697/697/697
f 701/701/701 700/700/700 690/690/690
f 699/699/699 701/701/701 702/702/702
f 702/702/702 701/701/701 690/690/690
f 703/703/703 699/699/699 702/702/702
f 704/704/704 703/703/703 702/702/702
f 705/705/705 702/702/702 690/690/690
f 705/705/705 704/704/704 702/702/702
f 706/706/706 705/705/705 690/690/690
f 682/682/682 706/706/706 690/690/690
f 706/706/706 682/682/682 688/688/688
f 705/705/705 706/706/706 688/688/688
f 704/704/704 705/705/705 707/707/707
f 707/707/707 705/705/705 688/688/688
f 708/708/708 704/704/704 707/707/707
f 573/573/573 707/707/707 688/688/688
f 572/572/572 708/708/708 707/707/707
f 573/573/573 572/572/572 707/707/707

