mtllib material.mtl
usemtl material_0
v -0.68238220 0.00003166 0.82349810
v -0.67932650 -0.01429033 0.82116540
v -0.67840670 0.01939520 0.81986650
v -0.67269040 -0.02045002 -0.89545450
v -0.67231020 0.02002646 -0.89474400
v -0.67841430 -0.00281885 -0.87192300
v -0.67959960 0.02163469 -0.85727700
v -0.67627200 0.04844316 -0.87593050
v -0.66913570 0.06380975 -0.86351480
v -0.67474670 0.04449026 -0.91917510
v -0.67824950 -0.00348734 -0.92475740
v -0.67379520 -0.00069111 -0.94128700
v -0.66796140 0.04368440 -0.94746860
v -0.65998810 0.07048109 -0.93825600
v -0.65992030 0.04720606 -0.96654820
v -0.66715760 0.00012383 -0.95694250
v -0.65885590 0.06839292 -0.96316930
v -0.65794740 0.01020992 -0.96852450
v -0.65077420 -0.00044071 -0.97587440
v -0.63326510 0.00064558 -0.98511510
v -0.65370730 0.05633676 -0.97058870
v -0.65084780 0.03269178 -0.97817670
v -0.65263180 0.06505415 -0.97267490
v -0.64986630 0.05261381 -0.97763590
v -0.63740140 0.04199537 -0.98419960
v -0.63508550 0.04691004 -0.98991000
v -0.60585020 -0.00015610 -0.99111610
v -0.63738280 0.08027449 -0.96193400
v -0.64080080 0.06098444 -0.98443280
v -0.63903020 0.06575426 -0.97930940
v -0.62095580 0.07950281 -0.97535930
v -0.63092980 0.05663076 -0.98555090
v -0.60727080 0.05519911 -0.99256010
v -0.61144750 0.06131800 -0.98828770
v -0.60422060 0.06940859 -0.98812660
v -0.55881350 0.01186819 -0.99118200
v -0.56026790 -0.00162947 -0.98985270
v -0.50906190 -0.00083690 -0.98631630
v -0.54670170 0.05508692 -0.99218300
v -0.48783140 0.06379042 -0.99036040
v -0.49922300 0.06953546 -0.98692910
v -0.48666320 0.04582605 -0.99270670
v -0.47930230 0.00286459 -0.98744180
v -0.43560450 0.05012506 -0.99135900
v -0.40427800 -0.00032234 -0.98714270
v -0.29300810 0.00050480 -0.99010780
v -0.27570190 0.06182680 -0.99236980
v -0.30736420 0.07166430 -0.98646400
v -0.19863370 0.06249212 -0.99026650
v -0.18911870 -0.00030088 -0.98515170
v -0.12399840 -0.00013229 -0.98866610
v -0.47337280 0.07139207 -0.98659950
v -0.48496210 0.07925321 -0.98039100
v -0.52664610 0.07867212 -0.98078280
v -0.44746460 0.08885603 -0.96136750
v -0.58513370 0.08440569 -0.96923740
v -0.59614010 0.08617933 -0.96129550
v -0.26872800 0.08165972 -0.97722820
v -0.54015770 0.08833089 -0.95596470
v -0.62183870 0.08551424 -0.91758950
v -0.57983210 0.09150884 -0.87434850
v -0.64111140 0.08222837 -0.87902380
v -0.44462670 0.09146303 -0.93228070
v -0.36840390 0.09581991 -0.86888460
v -0.60577270 0.09134626 -0.77836340
v -0.23910030 0.09107339 -0.94443520
v -0.16320310 0.08857828 -0.96161660
v -0.65998440 0.07277967 -0.87318030
v -0.65932770 0.07441664 -0.78736240
v -0.64529450 0.08390199 -0.75869420
v -0.66600890 0.06844392 -0.74892130
v -0.52667730 0.09577917 -0.79466590
v -0.36665650 0.09789995 -0.62769560
v -0.67266050 0.05869924 -0.72193030
v -0.59251800 0.09260561 -0.46162020
v -0.62061460 0.08926317 -0.42099030
v -0.52762910 0.09585146 -0.49371620
v -0.53395410 0.09574453 -0.03715001
v -0.37006260 0.09782644 0.01186611
v -0.59076910 0.09281012 -0.17948400
v -0.65712090 0.07605428 -0.69234040
v -0.66787720 0.06753199 -0.51240750
v -0.67738220 0.05021024 -0.26889560
v -0.64285120 0.08425287 -0.52546300
v -0.65620790 0.07602094 -0.50982330
v -0.64443810 0.08442533 -0.14392000
v -0.61886960 0.08902185 -0.02113926
v -0.66650880 0.06889963 0.08879116
v -0.65633850 0.07663706 -0.14241370
v -0.64475830 0.08441995 0.11547210
v -0.59167720 0.09241163 0.25723480
v -0.67557530 0.05089655 -0.71693520
v -0.68335210 0.01015961 -0.73433880
v -0.68408420 -0.01253071 -0.75661170
v -0.67840030 0.03048807 -0.56514920
v -0.68226620 0.01300463 -0.15530190
v -0.68224730 -0.01185978 -0.52432770
v -0.65559080 0.07677477 0.11859580
v -0.67300500 0.05815363 0.25414030
v -0.66392210 0.07177980 0.22278770
v -0.66750910 0.06734484 0.66246420
v -0.65430570 0.07659250 0.44814540
v -0.65487920 0.07732847 0.30205530
v -0.64420560 0.08476957 0.30020840
v -0.67632080 0.04916414 0.03268398
v -0.64573370 0.08402079 0.48259730
v -0.65611510 0.07713690 0.48519370
v -0.62406860 0.08817796 0.58780120
v -0.65722200 0.07572816 0.61971280
v -0.64407040 0.08404814 0.67738610
v -0.68143680 0.00909836 0.04941615
v -0.68132750 -0.01044288 0.00262294
v -0.68234860 -0.01271377 -0.16498080
v -0.68074980 0.01112949 0.48849940
v -0.67704740 0.04789080 0.45343230
v -0.67586000 0.05196344 0.68632650
v -0.68101500 0.00818421 0.72876550
v -0.68119840 -0.00917835 0.71237270
v -0.67388550 0.05125768 0.77574300
v -0.67932650 -0.01429033 0.82116540
v -0.66620240 0.06590742 0.80910970
v -0.67625550 0.04680452 0.82385340
v -0.65805330 0.07359045 0.82707600
v -0.66400480 0.05975824 0.91543290
v -0.64746270 0.07995638 0.81599810
v -0.61526730 0.08817175 0.87415730
v -0.62465420 0.08649988 0.88224940
v -0.60893090 0.08244913 0.94072590
v -0.58676940 0.09264856 0.81580650
v -0.65729800 0.07136644 0.91557460
v -0.54665340 0.08939764 0.90451870
v -0.47431790 0.08634966 0.93954180
v -0.53436640 0.09581853 0.58032920
v -0.46461790 0.09201906 0.89854210
v -0.48897460 0.09449755 0.80853110
v -0.64920710 0.07568010 0.92253010
v -0.65340270 0.06633261 0.93806240
v -0.62325560 0.08027472 0.94287560
v -0.63094090 0.07339704 0.94389120
v -0.62021480 0.06270041 0.96727620
v -0.60708860 0.07040606 0.96576990
v -0.63329290 0.06987330 0.95667810
v -0.63192840 0.05953161 0.96388750
v -0.64670590 0.06089617 0.94897170
v -0.65713380 0.05824815 0.93446000
v -0.66958070 0.03979460 0.89920250
v -0.67170890 0.01954985 0.87327470
v -0.67522090 -0.00048097 0.84210290
v -0.68238220 0.00003166 0.82349810
v -0.67374780 -0.00025162 0.87782310
v -0.67417260 0.00102493 0.89978470
v -0.67163260 -0.00063238 0.92059650
v -0.66440980 0.00058594 0.93496910
v -0.65823360 0.05100881 0.94621060
v -0.65140990 0.05271448 0.95313920
v -0.65544710 -0.00083732 0.94472980
v -0.65197810 0.00454798 0.96223100
v -0.64724030 0.05585100 0.96243000
v -0.64658930 0.04126131 0.96179890
v -0.63171810 0.00017758 0.96825520
v -0.61560850 0.00064903 0.98270470
v -0.61610170 0.04881517 0.97698440
v -0.60207490 0.05468275 0.97560020
v -0.58833070 0.00786083 0.98058550
v -0.52942200 0.05591039 0.98061730
v -0.59369660 -0.00414633 0.98079670
v -0.54349420 -0.00124874 0.98863240
v -0.52092070 0.00082836 0.98802450
v -0.58784510 0.06418195 0.97164760
v -0.49865420 0.03097780 0.98418170
v -0.49746580 -0.00016264 0.99300860
v -0.47094020 0.00745470 0.99158410
v -0.47781550 0.05862444 0.98361050
v -0.53394650 0.07493296 0.96279620
v -0.47967190 0.06672785 0.97497520
v -0.48346710 0.08229284 0.95204910
v -0.49271030 0.07182344 0.97263260
v -0.43562440 0.06882650 0.97390830
v -0.33662870 0.06249590 0.97858110
v -0.42105500 0.08100019 0.95436360
v -0.35511630 0.06907968 0.97273520
v -0.30247380 0.08178106 0.95226160
v -0.25062320 0.06941061 0.97321370
v -0.04124817 0.07013056 0.97318320
v -0.22479490 0.08380155 0.94866290
v -0.41475280 0.04496523 0.98543780
v -0.25593410 0.04243948 0.98666710
v -0.07037384 0.05999052 0.98204300
v -0.17503420 0.00910080 0.99128260
v -0.34496890 -0.00681894 0.99085900
v 0.10439150 0.00599089 0.99239220
v 0.17902100 -0.00614796 0.99220060
v -0.17482790 0.08833253 0.92906210
v 0.05207397 0.05894266 0.98368370
v 0.40032740 0.00731077 0.99132160
v 0.40207210 -0.00945780 0.99106280
v 0.46862440 -0.00044760 0.99344930
v 0.22862370 0.05932318 0.98196490
v -0.01933227 0.09181330 0.89960410
v 0.45738890 0.09020311 0.91880580
v -0.36933530 0.09614839 0.80855060
v 0.04874939 0.07004564 0.97350420
v 0.22762630 0.06946802 0.97266930
v 0.47569360 0.04993551 0.98455160
v 0.45735610 0.06017927 0.98099820
v 0.46467660 0.06631311 0.97458210
v 0.31856350 0.06846815 0.97382410
v 0.10685030 0.08214033 0.95383870
v 0.32333920 0.08232305 0.95148640
v -0.01176910 0.08271276 0.95179040
v 0.46222200 0.06963591 0.97371050
v 0.52179530 0.08179392 0.95375810
v 0.23772340 0.08674436 0.93714310
v -0.07107636 0.07433531 0.96377770
v -0.19076960 0.07336645 0.96320890
v 0.57648010 0.06331480 0.97186240
v 0.50207140 0.07283098 0.96952600
v 0.59419370 0.05726957 0.97505690
v 0.62522780 0.06246710 0.96751670
v 0.63182910 0.05131090 0.97448440
v 0.60712000 0.07401407 0.96139970
v 0.60529270 0.06824793 0.96999590
v 0.62033500 0.08212992 0.93344930
v 0.55362400 0.04181200 0.98218590
v 0.60784790 0.04276247 0.98131920
v 0.48911130 0.02106520 0.98547450
v 0.52906530 0.00616448 0.98691370
v 0.51492370 -0.00620827 0.98788050
v 0.60666260 0.00723606 0.98003620
v 0.62891630 0.02915968 0.97289630
v 0.62979980 -0.00001785 0.97722010
v 0.60845270 -0.00832546 0.97956500
v 0.63562970 0.02263163 0.96272420
v 0.64044190 -0.00007746 0.96462480
v 0.64982450 0.02342428 0.95084550
v 0.64840810 -0.01748478 0.95221030
v 0.66147980 -0.00413654 0.93988610
v 0.66720750 -0.00034397 0.92971890
v 0.65004440 0.05432535 0.96157190
v 0.63425120 0.05967417 0.96435140
v 0.63361720 0.07245806 0.94214560
v 0.63946910 0.08105002 0.91698320
v 0.59871610 0.08599775 0.92673300
v 0.53459260 0.08907102 0.91587000
v 0.59808960 0.08832922 0.88601770
v 0.48660290 0.09555791 0.81057820
v 0.60843010 0.09110677 0.74683060
v 0.28653870 0.09617441 0.80614700
v -0.21621490 0.09633398 0.80561850
v -0.00785675 0.09641249 0.76404870
v 0.47530910 0.09610883 0.80691240
v -0.36990110 0.09783487 0.59835780
v 0.56923060 0.09440587 0.58884120
v 0.41297150 0.09780748 0.60647430
v -0.48442600 0.09675913 0.56910120
v -0.49585750 0.09646799 0.30505700
v 0.47418980 0.09665865 0.22049770
v -0.36389710 0.09785284 0.32781820
v -0.47748750 0.09675188 0.05954799
v -0.47703490 0.09722272 0.25268890
v 0.42814640 0.09760458 -0.06898960
v 0.06416443 0.09782968 0.07883143
v 0.46886010 0.09807791 -0.05785557
v -0.17603210 0.09753748 0.09157680
v -0.09507263 0.09785780 -0.14599150
v 0.48734410 0.09644907 -0.15644810
v 0.12332820 0.09761820 -0.14060090
v 0.09451476 0.09771772 -0.36662750
v 0.55676560 0.09487703 -0.04946202
v 0.37063780 0.09757578 -0.72443760
v 0.54204860 0.09546217 -0.47328530
v 0.60599880 0.09146738 0.30048670
v -0.12812440 0.09631475 -0.83301790
v 0.47095150 0.09673838 -0.74224640
v 0.40101070 0.09468866 -0.87734660
v -0.17837220 0.09650453 -0.87231970
v -0.06692199 0.09495474 -0.88634930
v 0.07406433 0.09210981 -0.93813630
v 0.40796690 0.09267954 -0.93442170
v 0.12408900 0.08895525 -0.96005650
v 0.47025780 0.08701517 -0.96620520
v 0.48497420 0.09202802 -0.93009560
v 0.57646190 0.09107812 -0.92798980
v -0.12131870 0.08388387 -0.97456820
v 0.54399050 0.09535868 -0.70522500
v 0.09515320 0.08423704 -0.97465370
v -0.21173520 0.07493109 -0.98052280
v -0.12540100 0.07163553 -0.98561810
v -0.02345154 0.07201898 -0.98586340
v -0.05107117 0.06302469 -0.99085610
v -0.12325840 0.05072996 -0.99229280
v -0.06346924 -0.00096699 -0.98551060
v 0.06408844 0.00004030 -0.99199870
v 0.11810490 0.06301973 -0.99293490
v 0.19452730 -0.00048193 -0.98964640
v 0.13137270 0.07132173 -0.98759800
v 0.25861850 0.06305822 -0.99156170
v 0.28446010 -0.00004764 -0.99061190
v 0.43013920 0.07195528 -0.98486610
v 0.39321810 0.06320803 -0.98987830
v 0.47016300 0.06178942 -0.99265780
v 0.39499330 0.00411526 -0.98708160
v 0.46538030 0.00946011 -0.99243080
v 0.08255371 0.07674715 -0.98100010
v 0.35514160 0.07577165 -0.98076450
v 0.40821650 0.08230516 -0.97592560
v 0.47688090 0.08426935 -0.97571810
v 0.62286930 0.08344766 -0.96768590
v 0.52577730 0.07627195 -0.98371620
v 0.61735020 0.08955122 -0.80334020
v 0.63956910 0.08557992 -0.78306430
v 0.61396440 0.09044058 -0.54155800
v 0.46811310 0.07251764 -0.98781160
v 0.61380800 0.09051042 -0.30336460
v 0.61018720 0.09119035 -0.02589878
v 0.63820980 0.08634996 -0.04999546
v 0.63810590 0.08580499 -0.27162140
v 0.63945110 0.08552115 -0.55604030
v 0.61382220 0.06860781 -0.98831210
v 0.60463470 0.07470895 -0.98391400
v 0.60400780 0.06377947 -0.98838660
v 0.65257510 0.07914625 -0.30047400
v 0.65176970 0.07921506 -0.10781160
v 0.65213910 0.07894339 -0.57369420
v 0.66466440 0.07269621 -0.18506380
v 0.65743470 0.07310881 -0.05911412
v 0.67190870 0.06278154 -0.11163610
v 0.66623840 0.07014643 0.06324184
v 0.65222390 0.07898657 0.01998134
v 0.66522580 0.07152422 -0.34993690
v 0.65248350 0.07752584 0.11461390
v 0.63558210 0.08631914 0.09404262
v 0.64017090 0.08606619 0.23826750
v 0.66697050 0.06923189 -0.55587190
v 0.67585270 0.05446127 -0.73736610
v 0.66617630 0.06967142 -0.83719520
v 0.65558800 0.07795179 -0.78441810
v 0.65556790 0.07681448 -0.86237950
v 0.63331420 0.08085950 -0.96367350
v 0.65368060 0.07346865 -0.96028600
v 0.66401510 0.06511831 -0.92650060
v 0.67369380 0.04863562 -0.92889200
v 0.62757230 0.07215670 -0.97461460
v 0.65868760 0.06365816 -0.96159950
v 0.62992580 0.06520498 -0.98488190
v 0.64914660 0.06783281 -0.97160430
v 0.64528910 0.05889074 -0.97544840
v 0.65804430 0.05551241 -0.97347330
v 0.64913510 0.05337023 -0.97955360
v 0.67303250 0.01965555 -0.93504310
v 0.66829120 0.00166578 -0.95834020
v 0.65134140 0.03551397 -0.97647010
v 0.65808620 0.00003054 -0.96697910
v 0.64957620 -0.00024397 -0.97928140
v 0.64007930 0.03909296 -0.98035560
v 0.63385130 -0.00051617 -0.98673370
v 0.63394310 0.05317819 -0.98663730
v 0.61858000 0.02979132 -0.99154090
v 0.62522700 -0.00192240 -0.98889440
v 0.59668500 0.05877703 -0.99101840
v 0.52922360 0.01372267 -0.98994050
v 0.49757700 0.00000229 -0.98742220
v 0.51526270 0.05292108 -0.99265410
v 0.68408420 -0.01145685 -0.72363440
v 0.68262020 -0.01264953 -0.14753210
v 0.68402900 0.01213080 -0.72562300
v 0.68224390 0.01405817 -0.23749910
v 0.68334970 0.01256918 -0.02434971
v 0.67632580 0.05219095 -0.16708900
v 0.67666930 0.05611383 -0.02477208
v 0.67562090 0.05620508 0.11407070
v 0.68251600 0.01542727 0.33341640
v 0.67636910 0.01657354 -0.88071940
v 0.67674370 -0.01474678 -0.88082560
v 0.68408420 -0.01145685 -0.72363440
v 0.67884550 -0.00073116 -0.89460240
v 0.67906140 -0.00000576 -0.92200960
v 0.67674370 -0.01474678 -0.88082560
v 0.67056360 0.06429529 0.19929770
v 0.66268890 0.07368769 0.28509970
v 0.66695370 0.06912584 0.80110070
v 0.67178160 0.06229730 0.80494590
v 0.63792190 0.08632436 0.31611290
v 0.63903530 0.08581655 0.62216400
v 0.65313570 0.07893743 0.32418180
v 0.65433500 0.07798349 0.69994470
v 0.64120570 0.08447420 0.77656450
v 0.65576030 0.07683721 0.80298050
v 0.65245800 0.07573748 0.87828570
v 0.65710680 0.06625970 0.91933550
v 0.66352050 0.06040987 0.91089930
v 0.67411950 0.04647009 0.83433680
v 0.65029140 0.07413767 0.92228230
v 0.64368160 0.06523558 0.94122760
v 0.65478530 0.05266935 0.95001180
v 0.66244180 0.04203169 0.93545620
v 0.66983800 0.02869814 0.90107380
v 0.67625850 0.00011141 0.90166950
v 0.67783330 -0.00135177 0.87388270
v 0.67789380 -0.00086548 0.82507160
v 0.68015870 0.02602816 0.80408040
v 0.67623900 0.05168310 0.74247880
v 0.67945190 0.04150221 0.28490810
v 0.68271820 0.01113709 0.70708820
v 0.68257990 -0.01027008 0.68770960
v 0.68257990 -0.01027008 0.68770960
v -0.67932650 -0.01429033 0.82116540
v -0.68238220 0.00003166 0.82349810
v -0.67522090 -0.00048097 0.84210290
v -0.67636990 -0.04601181 0.83132160
v -0.67048130 -0.03099436 0.89327350
v -0.67374780 -0.00025162 0.87782310
v -0.67417260 0.00102493 0.89978470
v -0.67163260 -0.00063238 0.92059650
v -0.65753110 -0.05794880 0.93437090
v -0.66440980 0.00058594 0.93496910
v -0.66408110 -0.05969600 0.91549150
v -0.67368590 -0.05315676 0.80626910
v -0.65996580 -0.04462320 0.94247880
v -0.65544710 -0.00083732 0.94472980
v -0.65152830 -0.05391308 0.95294150
v -0.68119840 -0.00917835 0.71237270
v -0.68101500 0.00818421 0.72876550
v -0.65196170 -0.01148689 0.96261920
v -0.65197810 0.00454798 0.96223100
v -0.63171810 0.00017758 0.96825520
v -0.64715330 -0.04258886 0.96165250
v -0.64804110 -0.05516443 0.96273520
v -0.62720640 -0.05766254 0.96624230
v -0.63904080 -0.06001228 0.95916950
v -0.61685180 -0.04962755 0.97641440
v -0.57336850 -0.06539541 0.97218100
v -0.62476500 -0.06342323 0.96668790
v -0.61560850 0.00064903 0.98270470
v -0.60210260 -0.05407831 0.97597490
v -0.59369660 -0.00414633 0.98079670
v -0.54081150 -0.05611265 0.97954920
v -0.54349420 -0.00124874 0.98863240
v -0.50140470 -0.03803184 0.98300500
v -0.52092070 0.00082836 0.98802450
v -0.49746580 -0.00016264 0.99300860
v -0.47952600 -0.05935854 0.98318930
v -0.48335450 -0.06657112 0.97495200
v -0.43200290 -0.06913073 0.97365440
v -0.49411830 -0.07168096 0.97266930
v -0.48900630 -0.08051298 0.95573930
v -0.60493770 -0.07018225 0.96631060
v -0.41652520 -0.04615974 0.98513880
v -0.33835240 -0.06200241 0.97918660
v -0.27687190 -0.07009737 0.97315030
v -0.02199921 -0.06225731 0.98124840
v -0.34496890 -0.00681894 0.99085900
v -0.47094020 0.00745470 0.99158410
v -0.24503910 -0.04280483 0.98676840
v -0.06014435 -0.00807655 0.99195760
v -0.17503420 0.00910080 0.99128260
v 0.17902100 -0.00614796 0.99220060
v 0.22574430 -0.05942110 0.98200520
v 0.40207210 -0.00945780 0.99106280
v 0.01663086 -0.05220606 0.98507290
v -0.34869230 -0.07429657 0.96357740
v -0.42241940 -0.08387407 0.94963820
v -0.29091740 -0.08324129 0.95034260
v -0.22431060 -0.08486248 0.94657060
v -0.49301760 -0.08661035 0.93767170
v -0.47449190 -0.09216888 0.89834550
v -0.61532100 -0.08234863 0.94063440
v -0.57564000 -0.08835411 0.90431850
v -0.61624750 -0.07974856 0.94964800
v -0.62437800 -0.08639307 0.88793540
v -0.64162690 -0.07759932 0.92714680
v -0.62519960 -0.07390503 0.94981040
v -0.63647760 -0.06965911 0.95368980
v -0.65516940 -0.06660642 0.93426840
v -0.65611600 -0.07287611 0.91692580
v -0.65620850 -0.07348623 0.87204670
v -0.58873290 -0.09248296 0.82372640
v -0.66240420 -0.07091164 0.80662920
v -0.63487910 -0.08560222 0.79648640
v -0.67578370 -0.05226854 0.68560870
v -0.64812040 -0.07978842 0.81136550
v -0.65622860 -0.07644661 0.60333700
v -0.66676360 -0.06824783 0.60411470
v -0.64456540 -0.08406820 0.64566000
v -0.67711540 -0.04754934 0.39850310
v -0.66921690 -0.06558088 0.25905480
v -0.68092160 -0.01064630 0.47865570
v -0.68074980 0.01112949 0.48849940
v -0.68143680 0.00909836 0.04941615
v -0.68132750 -0.01044288 0.00262294
v -0.67591310 -0.05304403 -0.10455840
v -0.66653070 -0.06900339 0.09075039
v -0.62424860 -0.08831359 0.57996300
v -0.64509700 -0.08434050 0.47943200
v -0.65754060 -0.07556167 0.47052940
v -0.65454520 -0.07764313 0.31131430
v -0.65788240 -0.07632414 0.24014490
v -0.65597290 -0.07676489 0.12288420
v -0.65704890 -0.07646596 -0.13464020
v -0.64477660 -0.08458223 0.11284390
v -0.64445310 -0.08489818 -0.09919224
v -0.64491850 -0.08444307 0.30375940
v -0.62060420 -0.08867937 0.26942720
v -0.59017400 -0.09297117 0.01447475
v -0.59225000 -0.09256683 0.53184170
v -0.53398070 -0.09598484 0.57667320
v -0.53376890 -0.09591161 0.09090298
v -0.49004760 -0.09466068 0.80649860
v -0.48144130 -0.09707405 0.27469200
v -0.47274990 -0.09689640 -0.02202305
v -0.48132750 -0.09691288 0.57431600
v -0.36224300 -0.09798933 0.32123130
v -0.35566620 -0.09800541 0.02962245
v -0.20322510 -0.09772806 0.07607509
v 0.03761078 -0.09797271 0.06246669
v 0.42015870 -0.09796464 0.60345060
v 0.42953310 -0.09776185 -0.05449498
v -0.36934630 -0.09803092 0.59361780
v -0.35459900 -0.09661897 0.76630330
v -0.34423370 -0.09659904 0.80538050
v 0.07844055 -0.09622499 0.80971640
v 0.47859310 -0.09671051 0.20542930
v 0.47594480 -0.09739412 -0.08285435
v 0.55906460 -0.09490491 0.01729946
v 0.00575989 -0.09185945 0.89984090
v 0.46909760 -0.09639192 0.80413040
v 0.46964660 -0.09654298 0.75639000
v 0.57197250 -0.09445538 0.59257170
v -0.00344727 -0.08854217 0.92930500
v 0.60787370 -0.09162483 0.15145720
v 0.60937010 -0.09129627 -0.12479160
v 0.45273990 -0.09042299 0.91839440
v 0.61069950 -0.09098299 0.37860680
v 0.60601530 -0.09147304 0.75623130
v 0.63837220 -0.08638046 0.32830040
v 0.63883510 -0.08607963 0.61941740
v 0.63478310 -0.08704714 0.11275360
v 0.63820800 -0.08645225 -0.04897618
v 0.65235820 -0.07772486 0.11086760
v 0.65265660 -0.07893310 0.01822963
v 0.64189880 -0.08549986 0.25691010
v 0.66632490 -0.07054548 0.09511928
v 0.66817120 -0.06769317 -0.05655308
v 0.67625050 -0.05601967 0.01643520
v 0.66024660 -0.07258907 0.22124600
v 0.65326630 -0.07904293 0.32441370
v 0.67179840 -0.06290613 0.23496550
v 0.66460100 -0.07202660 0.28243980
v 0.66584090 -0.07041807 0.80216630
v 0.65395580 -0.07826540 0.69493130
v 0.64064970 -0.08499851 0.76942340
v 0.65585330 -0.07723955 0.79882160
v 0.63721250 -0.08346937 0.84458700
v 0.66113670 -0.06326199 0.91585650
v 0.67156080 -0.06290359 0.80480670
v 0.65172580 -0.07589359 0.88214680
v 0.59885130 -0.08847519 0.88483600
v 0.64144440 -0.08083286 0.91676960
v 0.63130110 -0.08178118 0.92676840
v 0.65100830 -0.07213381 0.92353480
v 0.54818150 -0.08868389 0.91708820
v 0.51160810 -0.08199144 0.95476160
v 0.60037110 -0.08586620 0.92853720
v 0.64415470 -0.06310552 0.94539390
v 0.28496950 -0.08602381 0.94050860
v 0.60766170 -0.07250515 0.96476040
v 0.11355100 -0.08268847 0.95320150
v 0.31984980 -0.08177809 0.95241780
v -0.03184143 -0.08242571 0.95301350
v 0.04646698 -0.06987321 0.97372640
v -0.05604767 -0.07568022 0.96237020
v -0.19168850 -0.07358808 0.96322350
v -0.04530822 -0.06985306 0.97380450
v 0.22477750 -0.06948345 0.97275960
v 0.34094150 -0.06957544 0.97371790
v 0.48538480 -0.07157963 0.97216510
v 0.45937850 -0.06699873 0.97445520
v 0.58737670 -0.06039915 0.97339800
v 0.46186540 -0.06025221 0.98065020
v 0.47464520 -0.05047746 0.98447960
v 0.46862440 -0.00044760 0.99344930
v 0.54358300 -0.07306774 0.96676350
v 0.59230950 -0.06555034 0.97141190
v 0.48940110 -0.02358352 0.98517780
v 0.51492370 -0.00620827 0.98788050
v 0.55571380 -0.04409500 0.98192340
v 0.62969110 -0.06150286 0.96662190
v 0.62507670 -0.06960901 0.95224930
v 0.63530610 -0.06778190 0.95209560
v 0.65040560 -0.05300093 0.96156330
v 0.63229160 -0.05235184 0.97394860
v 0.60948300 -0.04351749 0.98096030
v 0.60845270 -0.00832546 0.97956500
v 0.60666260 0.00723606 0.98003620
v 0.52906530 0.00616448 0.98691370
v 0.62900190 -0.03282564 0.97244710
v 0.62979980 -0.00001785 0.97722010
v 0.64044190 -0.00007746 0.96462480
v 0.64840810 -0.01748478 0.95221030
v 0.65403690 -0.05337704 0.95059780
v 0.65990980 -0.04587809 0.93955040
v 0.66147980 -0.00413654 0.93988610
v 0.66668840 -0.03648352 0.91993610
v 0.66720750 -0.00034397 0.92971890
v 0.67625850 0.00011141 0.90166950
v 0.67783330 -0.00135177 0.87388270
v 0.66786940 -0.05688131 0.86931110
v 0.67375560 -0.04680267 0.83720660
v 0.67789380 -0.00086548 0.82507160
v 0.67992890 -0.02689766 0.80554400
v 0.68015870 0.02602816 0.80408040
v 0.68257990 -0.01027008 0.68770960
v 0.67603240 -0.05230129 0.75073930
v 0.67934540 -0.04244358 0.27800630
v 0.68253820 -0.01718607 0.28651090
v 0.68251600 0.01542727 0.33341640
v 0.68262020 -0.01264953 -0.14753210
v 0.68334970 0.01256918 -0.02434971
v 0.62522700 -0.00192240 -0.98889440
v 0.64957620 -0.00024397 -0.97928140
v 0.63385130 -0.00051617 -0.98673370
v 0.64136720 -0.04340971 -0.97994540
v 0.65185440 -0.05147749 -0.97815950
v 0.65808620 0.00003054 -0.96697910
v 0.63008390 -0.05198828 -0.98821940
v 0.65745360 -0.05543413 -0.97380290
v 0.66829120 0.00166578 -0.95834020
v 0.67310420 -0.02172348 -0.93399570
v 0.67303250 0.01965555 -0.93504310
v 0.67906140 -0.00000576 -0.92200960
v 0.67884550 -0.00073116 -0.89460240
v 0.67674370 -0.01474678 -0.88082560
v 0.56599650 -0.00910501 -0.98955730
v 0.49757700 0.00000229 -0.98742220
v 0.46829830 -0.01993006 -0.99345000
v 0.46538030 0.00946011 -0.99243080
v 0.64198360 -0.05754482 -0.98046180
v 0.59419570 -0.06751934 -0.98888710
v 0.59427050 -0.05875406 -0.99097690
v 0.39455080 -0.01992584 -0.98822420
v 0.39499330 0.00411526 -0.98708160
v 0.28446010 -0.00004764 -0.99061190
v 0.27928650 -0.06238390 -0.99133580
v 0.19452730 -0.00048193 -0.98964640
v 0.46980250 -0.06279022 -0.99216590
v 0.50904910 -0.05285883 -0.99275180
v 0.13499880 -0.06349613 -0.99269570
v 0.06408844 0.00004030 -0.99199870
v 0.33446380 -0.07175327 -0.98579380
v 0.46324950 -0.07014976 -0.98749910
v -0.04880493 -0.05477560 -0.99089630
v -0.06346924 -0.00096699 -0.98551060
v -0.12399840 -0.00013229 -0.98866610
v 0.12385710 -0.07166174 -0.98758210
v -0.03926758 -0.06678869 -0.98873080
v -0.12280790 -0.05058422 -0.99229280
v -0.19989930 -0.06290060 -0.99044840
v -0.18911870 -0.00030088 -0.98515170
v -0.28629210 -0.07158647 -0.98620890
v -0.48136290 -0.06371243 -0.99074620
v -0.29899230 -0.04871458 -0.99291050
v -0.29300810 0.00050480 -0.99010780
v -0.40427800 -0.00032234 -0.98714270
v -0.44087800 -0.04678034 -0.99115760
v -0.47930230 0.00286459 -0.98744180
v -0.49190890 -0.04515108 -0.99271150
v -0.50906190 -0.00083690 -0.98631630
v -0.54392910 -0.05660520 -0.99226600
v -0.60738280 -0.05515257 -0.99265300
v -0.56026790 -0.00162947 -0.98985270
v -0.60585020 -0.00015610 -0.99111610
v -0.04219757 -0.07243576 -0.98562660
v -0.49743500 -0.06983019 -0.98700720
v -0.61960720 -0.03117206 -0.99206090
v -0.63326510 0.00064558 -0.98511510
v -0.62852050 -0.05816831 -0.98458900
v -0.60902040 -0.06295038 -0.98886510
v -0.63642090 -0.05132223 -0.98909460
v -0.64218930 -0.06015598 -0.98359410
v -0.65121950 -0.05288843 -0.97569610
v -0.63677880 -0.03579477 -0.98374550
v -0.65727080 -0.01145759 -0.96928140
v -0.65077420 -0.00044071 -0.97587440
v -0.66715760 0.00012383 -0.95694250
v -0.62125180 -0.07272094 -0.98447300
v -0.65130890 -0.03290214 -0.97783850
v -0.66245360 -0.03623434 -0.96544960
v -0.67379520 -0.00069111 -0.94128700
v -0.65157470 -0.06420084 -0.97501620
v -0.65872310 -0.06848799 -0.96235140
v -0.65645380 -0.05394972 -0.96800820
v -0.66976930 -0.03905456 -0.94530550
v -0.67824950 -0.00348734 -0.92475740
v -0.66141360 -0.05994713 -0.95863680
v -0.66566310 -0.06292988 -0.92445220
v -0.67477840 -0.04304615 -0.91943760
v -0.67269040 -0.02045002 -0.89545450
v -0.67231020 0.02002646 -0.89474400
v -0.67534540 -0.04879804 -0.87947060
v -0.67841430 -0.00281885 -0.87192300
v -0.66194820 -0.07157234 -0.87764320
v -0.66822200 -0.06554287 -0.80968180
v -0.68408420 -0.01253071 -0.75661170
v -0.67959960 0.02163469 -0.85727700
v -0.64570740 -0.07883211 -0.92845860
v -0.64467040 -0.08411983 -0.76649700
v -0.63924990 -0.08027313 -0.96192540
v -0.65906670 -0.07454906 -0.79287270
v -0.62640200 -0.08522480 -0.91337190
v -0.58700620 -0.08937578 -0.92290810
v -0.61181120 -0.09094341 -0.78422520
v -0.61970910 -0.07996261 -0.97508950
v -0.59624240 -0.08542766 -0.96739780
v -0.51070860 -0.07920473 -0.98056430
v -0.65590700 -0.07650394 -0.72145420
v -0.52869470 -0.08776380 -0.96153480
v -0.47475280 -0.07169691 -0.98659710
v -0.44107540 -0.07968218 -0.98006630
v -0.44693200 -0.08898857 -0.96153350
v -0.23522030 -0.08365679 -0.97443520
v -0.20336490 -0.07535280 -0.98012240
v -0.10119450 -0.08326814 -0.97546300
v -0.14774900 -0.08850671 -0.96303260
v 0.07289703 -0.07629446 -0.98145420
v 0.35092530 -0.07566109 -0.98116250
v 0.35923520 -0.08443680 -0.97449740
v 0.45069550 -0.08033390 -0.97893100
v 0.44137270 -0.08777586 -0.96307530
v 0.08287353 -0.08903603 -0.96084510
v 0.47189180 -0.07370371 -0.98804350
v 0.10061770 -0.09230240 -0.93773230
v 0.47697570 -0.08448883 -0.97551430
v 0.56482160 -0.07593725 -0.98283610
v -0.22810300 -0.09129066 -0.94409220
v -0.05016052 -0.09504198 -0.88790680
v -0.43270840 -0.09199897 -0.92824860
v -0.36552700 -0.09605562 -0.86823280
v -0.48674930 -0.09618297 -0.81278480
v -0.36482850 -0.09807791 -0.62702670
v -0.53559260 -0.09561417 -0.79133460
v 0.42933650 -0.09298958 -0.92954990
v 0.57679990 -0.09121656 -0.92778480
v 0.39562040 -0.09473375 -0.88313140
v 0.44418490 -0.09758586 -0.72927280
v 0.46958340 -0.09559881 -0.81171300
v -0.48127990 -0.09673948 -0.49486000
v 0.55752550 -0.08665655 -0.96241610
v 0.61850050 -0.08208515 -0.97138460
v 0.61996790 -0.08470644 -0.96030680
v 0.61048160 -0.07528561 -0.98361000
v 0.62949520 -0.06545334 -0.98516520
v 0.62860720 -0.07296608 -0.97378580
v 0.64870220 -0.06793493 -0.97161050
v 0.64383330 -0.07749140 -0.96333650
v 0.65707460 -0.06212885 -0.96665810
v 0.65443600 -0.07307825 -0.95781650
v 0.67358610 -0.04898067 -0.92994180
v 0.66447750 -0.06485273 -0.92743810
v 0.65615160 -0.07676130 -0.85815590
v 0.64011180 -0.08507062 -0.80104400
v 0.67313500 -0.05255098 -0.87538000
v 0.66615580 -0.06841218 -0.86102210
v 0.67651580 -0.04963047 -0.76441560
v 0.68408420 -0.01145685 -0.72363440
v 0.67632310 -0.05211618 -0.19777500
v 0.68262020 -0.01264953 -0.14753210
v 0.67625050 -0.05601967 0.01643520
v 0.67304940 -0.06170366 -0.61876010
v 0.67188720 -0.06292494 -0.11338660
v 0.66817120 -0.06769317 -0.05655308
v 0.65548660 -0.07820545 -0.78448280
v 0.66679090 -0.06977085 -0.57693150
v 0.66530090 -0.07146173 -0.30419470
v 0.65167950 -0.07897554 -0.57691440
v 0.65428710 -0.07888474 -0.47408600
v 0.65379690 -0.07867777 -0.28505160
v 0.63951710 -0.08592161 -0.57253210
v 0.64616590 -0.08150745 -0.08664951
v 0.65265660 -0.07893310 0.01822963
v 0.63820800 -0.08645225 -0.04897618
v 0.63726410 -0.08625593 -0.25884070
v 0.61466830 -0.09019413 -0.78456700
v 0.61381020 -0.09058157 -0.43919350
v 0.54304530 -0.09558185 -0.43248810
v 0.53707320 -0.09570551 -0.69681920
v 0.60937010 -0.09129627 -0.12479160
v 0.60787370 -0.09162483 0.15145720
v 0.55906460 -0.09490491 0.01729946
v 0.47594480 -0.09739412 -0.08285435
v 0.42953310 -0.09776185 -0.05449498
v 0.24069030 -0.09777755 -0.71736000
v -0.17695740 -0.09647159 -0.87376010
v -0.07179932 -0.09798704 -0.25585970
v 0.12170840 -0.09776590 -0.13677520
v 0.03761078 -0.09797271 0.06246669
v -0.20322510 -0.09772806 0.07607509
v -0.35566620 -0.09800541 0.02962245
v -0.47274990 -0.09689640 -0.02202305
v -0.53056370 -0.09593601 -0.21925450
v -0.53376890 -0.09591161 0.09090298
v -0.59017400 -0.09297117 0.01447475
v -0.59131770 -0.09290189 -0.30893470
v -0.64445310 -0.08489818 -0.09919224
v -0.62155090 -0.08930942 -0.43759190
v -0.64423160 -0.08396314 -0.20352330
v -0.65704890 -0.07646596 -0.13464020
v -0.64338620 -0.08411495 -0.52632110
v -0.65181090 -0.07820869 -0.51235750
v -0.65856050 -0.07516275 -0.51394810
v -0.66653070 -0.06900339 0.09075039
v -0.66783140 -0.06779522 -0.51772000
v -0.67591310 -0.05304403 -0.10455840
v -0.67453310 -0.05514488 -0.70639070
v -0.67860200 -0.04533941 -0.17938750
v -0.68132750 -0.01044288 0.00262294
v -0.68234860 -0.01271377 -0.16498080
v -0.68224730 -0.01185978 -0.52432770
v -0.68226620 0.01300463 -0.15530190
v -0.68255000 -0.01120884 -0.71176060
v -0.68335210 0.01015961 -0.73433880
vn -0.64174250 -0.01202259 -0.76682590
vn -0.99664040 -0.07144569 0.04004338
vn -0.99655320 0.07065950 0.04346214
vn -0.99982810 0.00116769 -0.01850132
vn -0.99994700 -0.00477419 -0.00912693
vn -0.99552790 -0.03192632 -0.08890995
vn -0.98996490 0.13538100 -0.04051362
vn -0.98180600 0.18825200 -0.02486171
vn -0.92403730 0.38212630 -0.01160080
vn -0.96304990 0.25637020 -0.08251678
vn -0.99990280 -0.00167860 -0.01384058
vn -0.95146080 0.02688490 -0.30659360
vn -0.94913770 0.16029960 -0.27100120
vn -0.67123150 0.73766010 -0.07284155
vn -0.83691080 0.06450773 -0.54352480
vn -0.88351290 0.02086557 -0.46794170
vn -0.76170120 0.59979200 -0.24507310
vn -0.70845030 -0.05296102 -0.70377080
vn -0.56796930 0.01041145 -0.82298400
vn -0.35523340 -0.02545946 -0.93443100
vn -0.77208940 0.06258015 -0.63242520
vn -0.63621930 -0.01980603 -0.77125410
vn -0.51212380 0.55997580 -0.65127300
vn -0.66586100 0.08372040 -0.74136360
vn -0.63042690 -0.07819290 -0.77230040
vn -0.06382819 0.08218566 -0.99457090
vn -0.04562810 -0.00037177 -0.99895850
vn -0.29580670 0.94371970 -0.14795780
vn -0.42751960 0.43654300 -0.79161680
vn -0.43341820 0.62664950 -0.64765660
vn -0.17315090 0.82401940 -0.53945420
vn -0.12552140 0.06295498 -0.99009140
vn -0.08918770 0.10971320 -0.98995380
vn -0.06988157 0.31496790 -0.94652620
vn -0.03640997 0.49261980 -0.86948260
vn 0.03936071 -0.04512301 -0.99820580
vn 0.03807712 0.02170930 -0.99903890
vn 0.00373586 0.00441818 -0.99998330
vn 0.01393652 -0.01847848 -0.99973210
vn 0.00193221 0.23597200 -0.97175790
vn -0.01160631 0.51294320 -0.85834410
vn 0.00308573 -0.05375494 -0.99854940
vn 0.00295322 -0.00491912 -0.99998350
vn -0.00530721 -0.03451914 -0.99939000
vn -0.01438948 0.00223406 -0.99989400
vn 0.01190267 -0.00520733 -0.99991560
vn 0.01762757 0.03130535 -0.99935440
vn 0.00111003 0.59825770 -0.80130300
vn 0.00085629 0.07502710 -0.99718120
vn -0.00456187 0.00471837 -0.99997850
vn -0.00547476 0.00033706 -0.99998500
vn -0.00132433 0.53943870 -0.84202380
vn -0.00654482 0.82432280 -0.56608240
vn -0.00152355 0.80415020 -0.59442420
vn -0.00474468 0.96391710 -0.26616040
vn -0.02911542 0.87032710 -0.49161290
vn -0.06778347 0.99436850 -0.08146650
vn 0.00467135 0.86893500 -0.49490410
vn -0.02276644 0.99650790 -0.08033448
vn -0.14796370 0.98829840 -0.03705375
vn -0.04848438 0.99812670 -0.03731417
vn -0.28980420 0.95684300 -0.02156447
vn -0.01283811 0.99812140 -0.05990666
vn -0.00352244 0.99972230 -0.02329901
vn -0.09934726 0.99503640 -0.00570438
vn -0.00074518 0.99679050 -0.08005077
vn -0.00182144 0.97740530 -0.21136620
vn -0.55218280 0.83349040 -0.01969762
vn -0.58939650 0.80763770 -0.01825476
vn -0.23821870 0.97119910 -0.00491107
vn -0.73553290 0.67748370 -0.00266173
vn -0.02316853 0.99966800 -0.01127576
vn -0.00340277 0.99999200 -0.00209971
vn -0.89802070 0.43982380 -0.01067347
vn -0.06788704 0.99769300 -0.00019137
vn -0.16701450 0.98595430 -0.00051205
vn -0.02068494 0.99978610 -0.00009347
vn -0.02656023 0.99964730 0.00007377
vn -0.00348998 0.99999390 0.00005950
vn -0.08184734 0.99664490 0.00032571
vn -0.58563350 0.81057540 0.00094467
vn -0.76800850 0.64043960 0.00011088
vn -0.95299430 0.30298420 -0.00151957
vn -0.34962540 0.93688940 0.00063476
vn -0.56005850 0.82845270 -0.00074131
vn -0.30277170 0.95306300 0.00047645
vn -0.14682250 0.98916270 0.00046530
vn -0.79383760 0.60812990 -0.00014978
vn -0.58957150 0.80771510 -0.00133092
vn -0.33670470 0.94161020 -0.00051851
vn -0.08496153 0.99638410 0.00022043
vn -0.97130030 0.23783980 -0.00279858
vn -0.99108950 0.13316420 -0.00301053
vn -0.99067560 -0.13475880 -0.02005141
vn -0.98420670 0.17701980 -0.00115285
vn -0.99587120 0.09072983 0.00291423
vn -0.99426410 -0.10693540 -0.00193421
vn -0.57591210 0.81751020 -0.00149846
vn -0.87923490 0.47638810 -0.00076752
vn -0.72391590 0.68988720 0.00117249
vn -0.81421010 0.58056190 0.00313959
vn -0.55837700 0.82958400 0.00236716
vn -0.56709840 0.82363850 0.00437367
vn -0.19996990 0.97980200 -0.00025333
vn -0.98808530 0.15386920 0.00340875
vn -0.28698020 0.95793620 0.00074474
vn -0.71431200 0.69961140 -0.01738802
vn -0.13694460 0.99057820 0.00089222
vn -0.57835610 0.81577280 0.00435006
vn -0.29443980 0.95564290 0.00719196
vn -0.99710240 0.07604977 0.00173235
vn -0.99489680 -0.10089670 0.00018460
vn -0.99828570 -0.05848895 0.00215293
vn -0.99773840 0.06721119 0.00094234
vn -0.98884150 0.14896990 -0.00075906
vn -0.97744160 0.21114390 0.00512497
vn -0.99611930 0.08741127 0.01028559
vn -0.99650310 -0.08333672 0.00605031
vn -0.96179400 0.27356350 0.01073381
vn -0.99664040 -0.07144569 0.04004338
vn -0.80221890 0.59665780 0.02108220
vn -0.95477130 0.29392300 0.04495727
vn -0.58464660 0.81040780 0.03778246
vn -0.93299500 0.33527890 0.13079930
vn -0.36442210 0.93101970 0.01997367
vn -0.10534340 0.99346410 0.04395323
vn -0.31756900 0.94736100 0.04070645
vn -0.05620503 0.97736510 0.20395740
vn -0.06565260 0.99775240 0.01341825
vn -0.62474710 0.77956690 0.04434595
vn -0.03280814 0.99560250 0.08774619
vn -0.00811686 0.98677790 0.16187490
vn -0.04526447 0.99897310 0.00192011
vn -0.00659735 0.99734960 0.07245827
vn -0.01538264 0.99976400 0.01533885
vn -0.34426550 0.92933990 0.13344870
vn -0.61568270 0.66421820 0.42396800
vn -0.24804010 0.93808580 0.24180800
vn -0.41583480 0.80536160 0.42246190
vn -0.28552450 0.62126540 0.72972950
vn -0.09147707 0.83334470 0.54513160
vn -0.27762720 0.82265600 0.49614540
vn -0.46937030 0.22550030 0.85372200
vn -0.63779880 0.56895320 0.51913850
vn -0.95053380 0.19045390 0.24538300
vn -0.97926510 0.14508030 0.14139180
vn -0.99699990 0.04008437 0.06621434
vn -0.99260980 -0.00323873 0.12130650
vn -0.93189690 0.04496820 0.35992500
vn -0.99954980 -0.02088560 0.02153829
vn -0.99823280 0.00924006 0.05870162
vn -0.96205170 -0.01989584 0.27214070
vn -0.85795750 0.00276522 0.51371320
vn -0.93301030 0.13873820 0.33202930
vn -0.84612140 0.11843200 0.51966570
vn -0.88910360 -0.00069622 0.45770540
vn -0.75518770 0.04980686 0.65361360
vn -0.45882190 0.43100860 0.77699050
vn -0.41944940 0.07711535 0.90449730
vn -0.52263970 -0.00129969 0.85255270
vn -0.33992050 0.00322136 0.94044860
vn -0.34346330 0.16448110 0.92465060
vn -0.05780464 0.17984910 0.98199430
vn -0.06826026 0.11183790 0.99137930
vn -0.06250387 0.29982570 0.95194420
vn -0.05594153 -0.09687715 0.99372300
vn -0.09600822 -0.01031050 0.99532710
vn -0.04315104 0.02819265 0.99867070
vn -0.04892154 0.58351310 0.81062890
vn -0.07392152 0.13633640 0.98790090
vn -0.05558849 -0.07048488 0.99596280
vn -0.00620373 0.14471800 0.98945360
vn -0.03182277 0.29047170 0.95635430
vn -0.04790774 0.87649170 0.47902750
vn -0.03577154 0.61223010 0.78987010
vn -0.00905906 0.92485040 0.38022320
vn -0.01723075 0.75771780 0.65235480
vn 0.00636671 0.76931020 0.63884380
vn -0.00160000 0.43548750 0.90019340
vn 0.00157134 0.89935650 0.43721320
vn 0.00357029 0.81341800 0.58166870
vn -0.00386714 0.88238560 0.47051130
vn 0.00140522 0.76778560 0.64070540
vn -0.00877294 0.76270560 0.64668640
vn 0.00471965 0.95158030 0.30736400
vn 0.00399090 0.19519750 0.98075590
vn -0.00215804 0.21148370 0.97737920
vn -0.00211833 0.28986510 0.95706520
vn 0.00236961 0.11165330 0.99374440
vn -0.00213101 -0.09762496 0.99522100
vn 0.00238845 0.12337980 0.99235670
vn 0.00148249 -0.14416990 0.98955180
vn 0.00036349 0.98907990 0.14737960
vn -0.00314963 0.28221200 0.95934690
vn 0.00089387 0.14942410 0.98877280
vn 0.00158144 -0.16169750 0.98683910
vn 0.01885199 0.00573738 0.99980590
vn 0.00336501 0.24306710 0.97000370
vn -0.00000266 0.99788550 0.06499543
vn 0.00353885 0.99564940 0.09311188
vn -0.00241816 0.99974140 0.02261172
vn -0.00060588 0.79230200 0.61012880
vn 0.00456551 0.80364510 0.59509150
vn 0.02269184 0.30902930 0.95078180
vn -0.00361800 0.36208490 0.93213810
vn 0.02861829 0.54599630 0.83729860
vn 0.00054612 0.77527680 0.63162150
vn 0.00283559 0.89812390 0.43973340
vn 0.00226117 0.92892880 0.37025140
vn -0.00164380 0.95171450 0.30697980
vn -0.00260960 0.81886310 0.57398300
vn 0.01750816 0.94416130 0.32901810
vn 0.00080956 0.97695510 0.21344350
vn -0.00649282 0.85088590 0.52531040
vn -0.00333775 0.87983760 0.47526270
vn 0.04597358 0.58958060 0.80640010
vn 0.02217012 0.74280980 0.66913530
vn 0.04466126 0.47611370 0.87824890
vn 0.27450820 0.71893450 0.63857530
vn 0.42062370 0.10999840 0.90054210
vn 0.11157480 0.91230770 0.39401240
vn 0.07097355 0.45634390 0.88696840
vn 0.15394310 0.94182740 0.29876850
vn 0.05778238 0.14990320 0.98701070
vn 0.09991514 0.09774595 0.99018320
vn 0.08077116 0.14000260 0.98685120
vn 0.06068717 0.07519108 0.99532070
vn 0.06105123 -0.10769750 0.99230740
vn 0.10055990 0.00910888 0.99488930
vn 0.48143390 -0.02209350 0.87620400
vn 0.44340360 0.00361269 0.89631490
vn 0.10084830 -0.02638059 0.99455200
vn 0.71848290 -0.00822036 0.69549600
vn 0.77936320 0.00257982 0.62656710
vn 0.74595550 -0.04607926 0.66439990
vn 0.74201770 0.03183122 0.66962420
vn 0.80280230 -0.00660303 0.59620860
vn 0.93347200 0.01785872 0.35820540
vn 0.71527460 0.13653210 0.68537670
vn 0.37521420 0.76787330 0.51921560
vn 0.39034170 0.82119530 0.41625910
vn 0.25429890 0.96447680 0.07153129
vn 0.06674797 0.98600890 0.15274540
vn 0.02464142 0.99594660 0.08650534
vn 0.07916319 0.99629360 0.03364937
vn 0.02625227 0.99907920 0.03393270
vn 0.07894145 0.99679900 0.01264563
vn 0.00112522 0.99906960 0.04311210
vn -0.00032207 0.99938620 0.03502987
vn 0.00001583 0.99996880 0.00790568
vn 0.00590982 0.99994470 0.00870992
vn -0.00175268 0.99999450 0.00283778
vn 0.03645966 0.99933430 0.00129994
vn 0.00356962 0.99999090 0.00235080
vn -0.01254339 0.99991580 0.00333225
vn -0.01490347 0.99988880 0.00058303
vn 0.02129051 0.99977330 0.00031324
vn -0.00116121 0.99999940 -0.00001885
vn -0.01378245 0.99990340 -0.00180528
vn -0.01148902 0.99993380 0.00060459
vn 0.00095326 0.99999950 -0.00026465
vn 0.00015472 1.00000000 -0.00018310
vn 0.03248141 0.99947170 0.00117903
vn -0.00017172 1.00000000 -0.00033329
vn 0.00022991 1.00000000 0.00014101
vn 0.02142906 0.99977030 0.00024599
vn 0.00044805 0.99999990 -0.00017484
vn 0.00044345 0.99999990 -0.00005800
vn 0.03958591 0.99921620 -0.00014307
vn 0.00205780 0.99998590 -0.00489922
vn 0.03157137 0.99950150 -0.00014769
vn 0.09124643 0.99582830 -0.00031399
vn -0.00020603 0.99995320 -0.00967861
vn 0.01305084 0.99988810 -0.00731763
vn 0.00418812 0.99971840 -0.02335980
vn -0.00200647 0.99943730 -0.03348320
vn 0.00003769 0.99916990 -0.04073704
vn -0.00098271 0.99670370 -0.08112183
vn 0.00281149 0.99604930 -0.08875711
vn -0.00011348 0.97753890 -0.21075530
vn 0.00905167 0.98223500 -0.18743650
vn 0.01235421 0.99708470 -0.07529546
vn 0.04982829 0.99732910 -0.05340226
vn -0.00251466 0.88052880 -0.47398600
vn 0.04710713 0.99887940 -0.00457916
vn 0.00040544 0.86133130 -0.50804360
vn 0.00539658 0.69115000 -0.72269120
vn -0.00809746 0.59778000 -0.80161940
vn -0.00332965 0.62833180 -0.77793840
vn -0.01680004 0.05159324 -0.99852680
vn -0.00366314 -0.01159592 -0.99992610
vn -0.01092160 0.00018463 -0.99994040
vn -0.00943074 -0.00249648 -0.99995240
vn 0.00445803 0.06419117 -0.99792770
vn 0.00837816 0.00023228 -0.99996500
vn 0.00346768 0.69346180 -0.72048500
vn 0.00903095 0.13510740 -0.99078980
vn 0.01346606 0.00184332 -0.99990760
vn -0.01613768 0.59849370 -0.80096490
vn -0.00264533 0.04207838 -0.99911080
vn -0.02488220 0.10225870 -0.99444650
vn -0.00820555 -0.01201215 -0.99989410
vn -0.03092419 -0.00066324 -0.99952150
vn 0.00110613 0.70191370 -0.71226110
vn 0.00185027 0.67161200 -0.74090080
vn 0.00044306 0.84432140 -0.53583690
vn -0.00085677 0.84338550 -0.53730840
vn 0.12867290 0.98085420 -0.14617920
vn 0.02643032 0.75199150 -0.65864260
vn 0.10211420 0.99470730 -0.01139972
vn 0.26618670 0.96390520 -0.00560189
vn 0.10446980 0.99452800 -0.00023965
vn -0.01317645 0.58616300 -0.81008600
vn 0.09355845 0.99561330 -0.00095578
vn 0.09395422 0.99557650 0.00001754
vn 0.25128670 0.96791230 -0.00099653
vn 0.27877640 0.96035570 -0.00078663
vn 0.29237580 0.95630350 -0.00025543
vn 0.14932530 0.43522120 -0.88785380
vn 0.02992177 0.80243000 -0.59599550
vn 0.03837257 0.13939440 -0.98949310
vn 0.45187880 0.89207900 -0.00073198
vn 0.49775680 0.86728110 0.00785388
vn 0.51135980 0.85936660 -0.00054282
vn 0.63242270 0.77462180 0.00153090
vn 0.55538410 0.83156730 -0.00665081
vn 0.78924350 0.61401130 0.00921828
vn 0.69929700 0.71481770 0.00440799
vn 0.50553630 0.86278960 -0.00521945
vn 0.64515360 0.76405230 -0.00100209
vn 0.45205630 0.89191370 -0.01162322
vn 0.32383690 0.94611270 -0.00073329
vn 0.28020730 0.95993880 -0.00111651
vn 0.77096300 0.63687610 -0.00222875
vn 0.95896500 0.28340790 -0.00812443
vn 0.84281220 0.53780390 -0.02084515
vn 0.53752060 0.84324770 0.00221032
vn 0.42149680 0.90598170 -0.03921242
vn 0.29770450 0.95358620 -0.04522772
vn 0.46471740 0.87807890 -0.11408420
vn 0.78761710 0.61334910 -0.05883978
vn 0.97520920 0.19403040 -0.10639230
vn 0.35739900 0.69370070 -0.62533610
vn 0.92771720 0.26119390 -0.26668070
vn 0.26337050 0.27144640 -0.92571740
vn 0.41957690 0.65200790 -0.63153850
vn 0.49285300 0.41894970 -0.76261200
vn 0.89257420 0.14381680 -0.42734990
vn 0.45395370 0.11906250 -0.88303460
vn 0.97516480 0.06934569 -0.21034380
vn 0.91946420 0.00455394 -0.39314730
vn 0.55690320 -0.05204827 -0.82894500
vn 0.72695850 0.02020741 -0.68638400
vn 0.59116260 0.00565519 -0.80653260
vn 0.42196550 -0.02405905 -0.90629260
vn 0.39821560 0.01059531 -0.91723070
vn 0.29761070 0.21247740 -0.93074230
vn 0.15382130 0.00795715 -0.98806670
vn 0.06667838 -0.02767451 -0.99739070
vn 0.01945043 0.04765050 -0.99867460
vn 0.01332444 -0.08183832 -0.99655660
vn 0.03547706 0.06749406 -0.99708870
vn 0.02226668 -0.01792352 -0.99959140
vn 0.99189590 -0.12695980 -0.00487665
vn 0.99468780 -0.10292790 -0.00140147
vn 0.99257760 0.12141560 -0.00691998
vn 0.99443550 0.10534210 0.00100197
vn 0.99896280 0.04553425 -0.00012317
vn 0.96979450 0.24391820 -0.00158084
vn 0.96184020 0.27361140 0.00056260
vn 0.97467420 0.22362850 0.00074019
vn 0.99797950 0.06351399 0.00175893
vn 0.99792360 0.05865909 -0.02660177
vn 0.99782950 -0.05706315 -0.03286431
vn 0.99189590 -0.12695980 -0.00487665
vn 0.99996770 0.00397589 -0.00698738
vn 0.99063340 0.00443137 -0.13647640
vn 0.99782950 -0.05706315 -0.03286431
vn 0.82791700 0.56085030 0.00059050
vn 0.68906380 0.72470050 0.00029962
vn 0.76632250 0.64233810 0.01231214
vn 0.89847390 0.43827320 0.02571152
vn 0.23558860 0.97185240 0.00090751
vn 0.26069330 0.96542170 0.00031921
vn 0.46125970 0.88726520 -0.00023913
vn 0.53044660 0.84771520 0.00233358
vn 0.25334100 0.96722350 0.01723180
vn 0.49645820 0.86777970 0.02208614
vn 0.58744250 0.80746320 0.05398543
vn 0.73791430 0.64104750 0.21104610
vn 0.93957740 0.32031180 0.12080790
vn 0.96951240 0.23390110 0.07304905
vn 0.59920450 0.74106170 0.30295460
vn 0.57797440 0.73164890 0.36143530
vn 0.88164510 0.27640630 0.38249390
vn 0.93726880 0.10902470 0.33112070
vn 0.97630790 0.15030110 0.15566820
vn 0.98631610 -0.00067716 0.16486330
vn 0.99731420 0.00837818 0.07276119
vn 0.99840800 -0.00106054 0.05639524
vn 0.99645130 0.07253003 0.04271200
vn 0.96155680 0.27459310 0.00268306
vn 0.97949490 0.20145650 -0.00225985
vn 0.99313040 0.11695070 0.00380196
vn 0.99454970 -0.10420020 0.00363986
vn 0.99454970 -0.10420020 0.00363986
vn -0.99664040 -0.07144569 0.04004338
vn -0.93189690 0.04496820 0.35992500
vn -0.99260980 -0.00323873 0.12130650
vn -0.97713930 -0.20330000 0.06219280
vn -0.98551060 -0.11416190 0.12544270
vn -0.99954980 -0.02088560 0.02153829
vn -0.99823280 0.00924006 0.05870162
vn -0.96205170 -0.01989584 0.27214070
vn -0.93891840 -0.21466010 0.26898550
vn -0.85795750 0.00276522 0.51371320
vn -0.95002650 -0.26486850 0.16520990
vn -0.94556810 -0.32509820 0.01456559
vn -0.93251250 -0.07053309 0.35418300
vn -0.88910360 -0.00069622 0.45770540
vn -0.83403820 -0.32594280 0.44513080
vn -0.99650310 -0.08333672 0.00605031
vn -0.99611930 0.08741127 0.01028559
vn -0.75832750 -0.05394957 0.64963750
vn -0.75518770 0.04980686 0.65361360
vn -0.52263970 -0.00129969 0.85255270
vn -0.40637600 -0.06200446 0.91159970
vn -0.50374700 -0.24988620 0.82691940
vn -0.37927070 -0.20535950 0.90220900
vn -0.52198740 -0.63304440 0.57165030
vn -0.36204630 -0.29377600 0.88465700
vn -0.03670636 -0.67182440 0.73980040
vn -0.24293240 -0.43877900 0.86513410
vn -0.33992050 0.00322136 0.94044860
vn -0.04960457 -0.12969270 0.99031270
vn -0.05594153 -0.09687715 0.99372300
vn -0.05960658 -0.25818460 0.96425500
vn -0.09600822 -0.01031050 0.99532710
vn -0.09622115 -0.15097250 0.98384390
vn -0.04315104 0.02819265 0.99867070
vn -0.05558849 -0.07048488 0.99596280
vn -0.02111237 -0.28597970 0.95800300
vn -0.03842989 -0.62313690 0.78116790
vn 0.00808512 -0.78028390 0.62537320
vn -0.03656161 -0.79748710 0.60222720
vn -0.02035624 -0.91605910 0.40052640
vn -0.06004372 -0.84584130 0.53004450
vn 0.00815824 -0.18069730 0.98350500
vn -0.00144856 -0.44106960 0.89747170
vn -0.00272709 -0.72803980 0.68552950
vn -0.00392717 -0.44651330 0.89476840
vn -0.00213101 -0.09762496 0.99522100
vn -0.00620373 0.14471800 0.98945360
vn -0.00496949 -0.20953440 0.97778860
vn 0.00058210 -0.10049280 0.99493770
vn 0.00236961 0.11165330 0.99374440
vn 0.00148249 -0.14416990 0.98955180
vn 0.00227742 -0.27491430 0.96146600
vn 0.00158144 -0.16169750 0.98683910
vn 0.00643063 -0.18947420 0.98186470
vn -0.00154595 -0.86337620 0.50455830
vn 0.00561538 -0.91914370 0.39388230
vn -0.00568560 -0.90605650 0.42311850
vn -0.00074150 -0.97677090 0.21428530
vn -0.01332657 -0.98417160 0.17671630
vn -0.00713271 -0.99729500 0.07315665
vn -0.07429044 -0.96855600 0.23744520
vn -0.03965261 -0.99563370 0.08450608
vn -0.20270960 -0.86993690 0.44957620
vn -0.19740300 -0.97893700 0.05210069
vn -0.33562250 -0.92792200 0.16222930
vn -0.39787740 -0.80862890 0.43337390
vn -0.43646980 -0.78420750 0.44103600
vn -0.67173780 -0.60980750 0.42059840
vn -0.61070410 -0.78765710 0.08146567
vn -0.54834320 -0.83525130 0.04092658
vn -0.06369991 -0.99783640 0.01627429
vn -0.70542100 -0.70856850 0.01765829
vn -0.19348670 -0.98108240 0.00633302
vn -0.96848250 -0.24899720 0.00647411
vn -0.47499410 -0.87979600 0.01842875
vn -0.58421410 -0.81159440 0.00290372
vn -0.81004070 -0.58636830 0.00253290
vn -0.35394460 -0.93525210 0.00518148
vn -0.98266600 -0.18538510 0.00001515
vn -0.87471150 -0.48463320 0.00322885
vn -0.99856780 -0.05349873 0.00027486
vn -0.99773840 0.06721119 0.00094234
vn -0.99710240 0.07604977 0.00173235
vn -0.99489680 -0.10089670 0.00018460
vn -0.92482660 -0.38036720 0.00408912
vn -0.75167360 -0.65953480 -0.00087511
vn -0.14899360 -0.98883120 0.00373078
vn -0.28720540 -0.95786880 -0.00058401
vn -0.59952560 -0.80035530 -0.00068936
vn -0.61818330 -0.78603350 -0.00083803
vn -0.62093460 -0.78385200 0.00402414
vn -0.57609890 -0.81737910 -0.00124116
vn -0.59810580 -0.80141500 -0.00182532
vn -0.33367290 -0.94268820 0.00120734
vn -0.21242400 -0.97717760 0.00023814
vn -0.31065190 -0.95052370 0.00032704
vn -0.14584550 -0.98930730 0.00022560
vn -0.09552346 -0.99542710 -0.00041765
vn -0.07922185 -0.99685680 0.00057922
vn -0.04012677 -0.99919100 0.00269773
vn -0.03794782 -0.99927970 -0.00047487
vn -0.01582149 -0.99975030 0.01578241
vn -0.01332246 -0.99991120 -0.00040600
vn -0.01119028 -0.99993740 0.00001889
vn -0.01278232 -0.99991040 0.00399781
vn -0.00107160 -0.99999940 -0.00018692
vn -0.00257724 -0.99999670 0.00008043
vn 0.00004933 -1.00000000 -0.00026365
vn 0.00008854 -1.00000000 -0.00017695
vn 0.00343768 -0.99999210 0.00198977
vn 0.00156289 -0.99999880 -0.00019962
vn -0.00153186 -0.99999370 0.00323168
vn -0.00199650 -0.99996830 0.00771017
vn -0.00080669 -0.99935330 0.03594755
vn 0.00014973 -0.99980380 0.01980898
vn 0.02241907 -0.99974860 0.00028060
vn 0.02171518 -0.99976410 -0.00023707
vn 0.04204257 -0.99911560 0.00052667
vn 0.00014791 -0.99788410 0.06501751
vn 0.01228923 -0.99936920 0.03332025
vn 0.00749518 -0.99995540 0.00575010
vn 0.03679343 -0.99932220 0.00121344
vn -0.00051167 -0.98962580 0.14366850
vn 0.08845730 -0.99607970 -0.00056426
vn 0.09644707 -0.99533780 -0.00067623
vn 0.00395210 -0.99663420 0.08188231
vn 0.12860480 -0.99169530 0.00113473
vn 0.06954910 -0.99748270 0.01382483
vn 0.25794550 -0.96615890 0.00107446
vn 0.26826220 -0.96334550 0.00096243
vn 0.28776270 -0.95770080 -0.00134234
vn 0.21648300 -0.97628570 -0.00113022
vn 0.47019320 -0.88256130 0.00193258
vn 0.50669380 -0.86212530 -0.00112942
vn 0.42675760 -0.90430060 -0.01088030
vn 0.71950420 -0.69448270 0.00273176
vn 0.63112430 -0.77567760 -0.00254416
vn 0.97865970 -0.20548350 -0.00135583
vn 0.59242420 -0.80562600 0.00048517
vn 0.50477840 -0.86324750 0.00158388
vn 0.84859330 -0.52904560 0.00033138
vn 0.72518920 -0.68854600 -0.00224965
vn 0.73109030 -0.68203730 0.01822063
vn 0.51576090 -0.85673220 0.00078229
vn 0.26665220 -0.96371540 0.01221832
vn 0.48640310 -0.87321280 0.03019234
vn 0.22144770 -0.97466980 0.03129700
vn 0.88355650 -0.44545240 0.14456840
vn 0.87518640 -0.48323520 0.02307911
vn 0.61443170 -0.78820690 0.03469240
vn 0.06684965 -0.99718930 0.03383254
vn 0.28561390 -0.95613380 0.06505908
vn 0.21562460 -0.95285420 0.21348280
vn 0.64156760 -0.70810410 0.29492300
vn 0.02476592 -0.99622690 0.08317904
vn 0.01657530 -0.95128540 0.30786570
vn 0.07330994 -0.97394420 0.21461170
vn 0.57792910 -0.74115370 0.34159820
vn 0.00167725 -0.97315990 0.23012390
vn 0.10816940 -0.89339050 0.43606500
vn 0.00132489 -0.92646290 0.37638390
vn -0.00410263 -0.89840560 0.43914760
vn -0.00135857 -0.93912570 0.34357080
vn 0.00088904 -0.79628550 0.60492040
vn -0.00918328 -0.84995780 0.52677080
vn -0.00188467 -0.88715310 0.46147150
vn -0.00205254 -0.78099330 0.62453610
vn 0.00405566 -0.79245230 0.60992040
vn -0.00156347 -0.78133110 0.62411470
vn 0.00077434 -0.79006360 0.61302450
vn 0.01074484 -0.61033090 0.79207370
vn 0.03971009 -0.40496440 0.91346970
vn 0.00138337 -0.37309340 0.92779280
vn 0.02216129 -0.24490900 0.96929280
vn 0.01885199 0.00573738 0.99980590
vn 0.03346892 -0.78975360 0.61251060
vn 0.06154421 -0.51902280 0.85254190
vn 0.07646003 -0.12910600 0.98867860
vn 0.06105123 -0.10769750 0.99230740
vn 0.06300066 -0.16989500 0.98344630
vn 0.27562620 -0.71448210 0.64307500
vn 0.36723210 -0.81695830 0.44465690
vn 0.42023750 -0.81240470 0.40422650
vn 0.75477610 -0.04191156 0.65464220
vn 0.34923520 -0.27545650 0.89563300
vn 0.10311860 -0.12579430 0.98668250
vn 0.10084830 -0.02638059 0.99455200
vn 0.10055990 0.00910888 0.99488930
vn 0.06068717 0.07519108 0.99532070
vn 0.50774800 0.06922852 0.85871960
vn 0.44340360 0.00361269 0.89631490
vn 0.77936320 0.00257982 0.62656710
vn 0.74201770 0.03183122 0.66962420
vn 0.74554690 -0.59156070 0.30694600
vn 0.92422520 -0.06968682 0.37543520
vn 0.80280230 -0.00660303 0.59620860
vn 0.97113570 -0.16409730 0.17311110
vn 0.93347200 0.01785872 0.35820540
vn 0.98631610 -0.00067716 0.16486330
vn 0.99731420 0.00837818 0.07276119
vn 0.96703610 -0.23343370 0.10173470
vn 0.98063570 -0.18030150 0.07645257
vn 0.99840800 -0.00106054 0.05639524
vn 0.99640320 -0.07379387 0.04165620
vn 0.99645130 0.07253003 0.04271200
vn 0.99454970 -0.10420020 0.00363986
vn 0.96325370 -0.26858080 0.00257490
vn 0.98155500 -0.19117970 0.00015796
vn 0.99828330 -0.05856218 0.00095430
vn 0.99797950 0.06351399 0.00175893
vn 0.99468780 -0.10292790 -0.00140147
vn 0.99896280 0.04553425 -0.00012317
vn 0.06667838 -0.02767451 -0.99739070
vn 0.59116260 0.00565519 -0.80653260
vn 0.39821560 0.01059531 -0.91723070
vn 0.38823510 0.03839388 -0.92076020
vn 0.51871570 0.01356932 -0.85483910
vn 0.72695850 0.02020741 -0.68638400
vn 0.15777150 -0.08120509 -0.98413100
vn 0.88242560 -0.15083310 -0.44561680
vn 0.91946420 0.00455394 -0.39314730
vn 0.97520230 -0.06210294 -0.21242380
vn 0.97516480 0.06934569 -0.21034380
vn 0.99063340 0.00443137 -0.13647640
vn 0.99996770 0.00397589 -0.00698738
vn 0.99782950 -0.05706315 -0.03286431
vn 0.02484097 0.06845699 -0.99734480
vn 0.03547706 0.06749406 -0.99708870
vn -0.02240825 0.01885722 -0.99957100
vn -0.03092419 -0.00066324 -0.99952150
vn 0.38957940 -0.35953380 -0.84791710
vn 0.02390739 -0.36859150 -0.92928390
vn 0.04219753 -0.01396632 -0.99901160
vn -0.00690611 0.06050898 -0.99814380
vn -0.00820555 -0.01201215 -0.99989410
vn 0.01346606 0.00184332 -0.99990760
vn 0.00809442 -0.06424654 -0.99790120
vn 0.00837816 0.00023228 -0.99996500
vn -0.01562158 -0.13435000 -0.99081080
vn 0.01494896 -0.03172299 -0.99938490
vn 0.00757011 -0.07648572 -0.99704190
vn -0.00943074 -0.00249648 -0.99995240
vn -0.00070346 -0.61961350 -0.78490680
vn -0.01557148 -0.52945740 -0.84819360
vn -0.01706296 0.02299554 -0.99959000
vn -0.01092160 0.00018463 -0.99994040
vn -0.00547476 0.00033706 -0.99998500
vn -0.00106400 -0.69151540 -0.72236100
vn -0.01016923 -0.31233570 -0.94991740
vn -0.00276101 -0.01538023 -0.99987790
vn 0.00625250 -0.07296911 -0.99731450
vn -0.00456187 0.00471837 -0.99997850
vn 0.00483469 -0.58205920 -0.81313200
vn 0.00405064 -0.33172310 -0.94336810
vn 0.00587670 -0.02298760 -0.99971850
vn 0.01190267 -0.00520733 -0.99991560
vn -0.01438948 0.00223406 -0.99989400
vn -0.00154601 0.05844633 -0.99828930
vn 0.00295322 -0.00491912 -0.99998350
vn -0.00121201 0.05751549 -0.99834390
vn 0.00373586 0.00441818 -0.99998330
vn 0.01234539 0.03509482 -0.99930780
vn -0.03308558 -0.09500884 -0.99492650
vn 0.03807712 0.02170930 -0.99903890
vn -0.04562810 -0.00037177 -0.99895850
vn 0.00017723 -0.61189230 -0.79094100
vn -0.01516564 -0.50567590 -0.86259010
vn -0.16407330 0.03873265 -0.98568740
vn -0.35523340 -0.02545946 -0.93443100
vn -0.13420370 -0.13824350 -0.98126350
vn -0.03574377 -0.39726920 -0.91700580
vn -0.29601090 -0.05708180 -0.95347740
vn -0.43343780 -0.36886370 -0.82223550
vn -0.73729610 -0.00327546 -0.67556170
vn -0.67453570 0.07551070 -0.73437030
vn -0.65634730 0.03433936 -0.75367710
vn -0.56796930 0.01041145 -0.82298400
vn -0.88351290 0.02086557 -0.46794170
vn -0.11684310 -0.63418170 -0.76430430
vn -0.57933380 0.06581708 -0.81242870
vn -0.83476730 -0.06801426 -0.54638590
vn -0.95146080 0.02688490 -0.30659360
vn -0.56117050 -0.55159090 -0.61711850
vn -0.65593880 -0.72927300 -0.19469260
vn -0.80535660 -0.09287701 -0.58546960
vn -0.95301100 -0.16064150 -0.25683500
vn -0.99990280 -0.00167860 -0.01384058
vn -0.94202080 -0.22409920 -0.24975270
vn -0.86668550 -0.49122560 -0.08691116
vn -0.97927460 -0.18758290 -0.07638009
vn -0.99982810 0.00116769 -0.01850132
vn -0.99994700 -0.00477419 -0.00912693
vn -0.97330610 -0.22613530 -0.03921891
vn -0.99552790 -0.03192632 -0.08890995
vn -0.62940680 -0.77653480 -0.02899459
vn -0.91779030 -0.39703290 0.00507554
vn -0.99067560 -0.13475880 -0.02005141
vn -0.98996490 0.13538100 -0.04051362
vn -0.41670590 -0.90830150 -0.03666797
vn -0.25694380 -0.96641750 -0.00415597
vn -0.27273360 -0.94611970 -0.17456780
vn -0.61282710 -0.79021480 -0.00184318
vn -0.18431990 -0.98221430 -0.03579399
vn -0.05005186 -0.99769880 -0.04573505
vn -0.09521722 -0.99543520 -0.00651903
vn -0.19610330 -0.87512950 -0.44237070
vn -0.05583694 -0.95442820 -0.29317060
vn -0.00449853 -0.78819700 -0.61540650
vn -0.60611680 -0.79537550 -0.00033937
vn -0.01176972 -0.98376020 -0.17910130
vn 0.00083754 -0.50381330 -0.86381210
vn -0.00328433 -0.81285550 -0.58245620
vn -0.01080671 -0.97825780 -0.20711060
vn 0.00450497 -0.86915580 -0.49451770
vn -0.00206556 -0.74289500 -0.66940480
vn -0.00443469 -0.83586170 -0.54892220
vn -0.00014018 -0.97916810 -0.20305170
vn -0.00067326 -0.68147280 -0.73184320
vn 0.00067830 -0.64815750 -0.76150600
vn 0.00041224 -0.89460610 -0.44685550
vn -0.01783748 -0.76548060 -0.64321160
vn 0.00682394 -0.98192890 -0.18912730
vn -0.00061052 -0.96813770 -0.25041780
vn -0.00790108 -0.50071920 -0.86557380
vn 0.00000407 -0.99653940 -0.08312343
vn 0.00885172 -0.90332710 -0.42886110
vn 0.02819663 -0.75329800 -0.65707460
vn -0.00061104 -0.99665050 -0.08177571
vn 0.00291775 -0.99923130 -0.03909071
vn -0.01289032 -0.99803530 -0.06131547
vn -0.00197658 -0.99985520 -0.01690189
vn -0.01192522 -0.99978330 -0.01706392
vn -0.00215136 -0.99999360 -0.00288255
vn -0.04339065 -0.99902990 -0.00752324
vn 0.00524826 -0.99625380 -0.08631780
vn 0.05671763 -0.99759380 -0.03987047
vn 0.00237335 -0.99971480 -0.02376415
vn 0.00552006 -0.99996860 -0.00567345
vn 0.01443054 -0.99965140 -0.02210961
vn -0.01415899 -0.99989970 -0.00037982
vn 0.01863628 -0.98116380 -0.19227670
vn 0.11659830 -0.90243560 -0.41474680
vn 0.18119690 -0.98155860 -0.06091407
vn 0.08988142 -0.72659850 -0.68115780
vn 0.26331340 -0.22784480 -0.93741810
vn 0.33070790 -0.71387900 -0.61725920
vn 0.44773900 -0.60677410 -0.65677620
vn 0.31652420 -0.94402990 -0.09284365
vn 0.90612760 -0.30785410 -0.29010090
vn 0.59585130 -0.79543080 -0.11068520
vn 0.96843640 -0.19187750 -0.15910340
vn 0.78186680 -0.61986170 -0.06675229
vn 0.44599920 -0.89442710 -0.03293616
vn 0.25363950 -0.96718480 -0.01484818
vn 0.97892670 -0.20284170 -0.02361499
vn 0.82538340 -0.56402570 -0.02484681
vn 0.96846970 -0.24852480 -0.01737512
vn 0.99189590 -0.12695980 -0.00487665
vn 0.97820310 -0.20764490 0.00153894
vn 0.99468780 -0.10292790 -0.00140147
vn 0.97865970 -0.20548350 -0.00135583
vn 0.91796300 -0.39666020 -0.00218437
vn 0.85981680 -0.51059050 -0.00352760
vn 0.63112430 -0.77567760 -0.00254416
vn 0.55196400 -0.83386580 -0.00188828
vn 0.66658570 -0.74542840 0.00008747
vn 0.71410410 -0.70003840 0.00129814
vn 0.50654910 -0.86220910 -0.00187547
vn 0.48967310 -0.87190610 0.00015394
vn 0.47976120 -0.87738930 0.00417033
vn 0.24409630 -0.96974970 -0.00156076
vn 0.52149260 -0.85325080 0.00294560
vn 0.50669380 -0.86212530 -0.00112942
vn 0.21648300 -0.97628570 -0.00113022
vn 0.28818470 -0.95757480 0.00021606
vn 0.09915546 -0.99504330 -0.00754737
vn 0.09809463 -0.99517680 -0.00077673
vn 0.03362902 -0.99943430 -0.00019386
vn 0.04195876 -0.99910960 -0.00442419
vn 0.09644707 -0.99533780 -0.00067623
vn 0.08845730 -0.99607970 -0.00056426
vn 0.04204257 -0.99911560 0.00052667
vn 0.02171518 -0.99976410 -0.00023707
vn 0.00156289 -0.99999880 -0.00019962
vn 0.00047073 -0.99999590 -0.00281125
vn -0.00137094 -0.99989240 -0.01460697
vn 0.00017980 -1.00000000 0.00010171
vn 0.00037891 -1.00000000 0.00018010
vn 0.00008854 -1.00000000 -0.00017695
vn 0.00004933 -1.00000000 -0.00026365
vn -0.00257724 -0.99999670 0.00008043
vn -0.01119028 -0.99993740 0.00001889
vn -0.03209938 -0.99948470 -0.00007509
vn -0.03794782 -0.99927970 -0.00047487
vn -0.09552346 -0.99542710 -0.00041765
vn -0.07533266 -0.99715820 0.00084432
vn -0.21242400 -0.97717760 0.00023814
vn -0.16390110 -0.98647630 0.00087648
vn -0.45013710 -0.89294490 -0.00509615
vn -0.59810580 -0.80141500 -0.00182532
vn -0.34452800 -0.93877450 0.00170004
vn -0.50794090 -0.86139170 -0.00057162
vn -0.56931070 -0.82212150 -0.00121971
vn -0.75167360 -0.65953480 -0.00087511
vn -0.80396030 -0.59468200 -0.00108172
vn -0.92482660 -0.38036720 0.00408912
vn -0.95419610 -0.29915990 -0.00362992
vn -0.98123170 -0.19283170 0.00049657
vn -0.99489680 -0.10089670 0.00018460
vn -0.99828570 -0.05848895 0.00215293
vn -0.99426410 -0.10693540 -0.00193421
vn -0.99587120 0.09072983 0.00291423
vn -0.99266590 -0.12068080 0.00710392
vn -0.99108950 0.13316420 -0.00301053
vt 0.03155545 0.12145620
vt 0.02151663 0.12211260
vt 0.04434798 0.12613690
vt 0.01821253 0.91911300
vt 0.04664004 0.91000100
vt 0.02657483 0.90209190
vt 0.04140500 0.88884730
vt 0.06132603 0.89347470
vt 0.06917376 0.88478800
vt 0.06603930 0.91308080
vt 0.04291916 0.93398610
vt 0.05024508 0.93992970
vt 0.07273398 0.92388120
vt 0.08283789 0.91380580
vt 0.07961489 0.92899100
vt 0.05698815 0.94554230
vt 0.08579559 0.92186810
vt 0.06717671 0.94522390
vt 0.06728251 0.95420520
vt 0.07671616 0.95943560
vt 0.08456896 0.92757280
vt 0.07942823 0.93852650
vt 0.08759094 0.92523530
vt 0.08573464 0.93074570
vt 0.08695904 0.93799140
vt 0.09028623 0.93699470
vt 0.08940176 0.96656940
vt 0.09373609 0.91898310
vt 0.09109543 0.93008920
vt 0.09198494 0.92743130
vt 0.09935651 0.92320540
vt 0.09350494 0.93299230
vt 0.10176840 0.93704940
vt 0.10093740 0.93327930
vt 0.10439990 0.93004080
vt 0.11488680 0.96489770
vt 0.11242150 0.97332600
vt 0.13776690 0.97660710
vt 0.12527070 0.94026830
vt 0.15048830 0.93874220
vt 0.14569390 0.93475290
vt 0.15038540 0.94871650
vt 0.15248850 0.97489170
vt 0.17319960 0.94645210
vt 0.18767460 0.97611200
vt 0.23732990 0.97460380
vt 0.24399410 0.93907620
vt 0.22992080 0.93317770
vt 0.27798040 0.93740180
vt 0.28354780 0.97336300
vt 0.31232980 0.97209450
vt 0.15715120 0.93405020
vt 0.15220710 0.92884900
vt 0.13461330 0.92803730
vt 0.16897330 0.91948150
vt 0.11204290 0.92096820
vt 0.10807210 0.91774450
vt 0.24687120 0.92574400
vt 0.12984470 0.91596740
vt 0.09705064 0.90239920
vt 0.11290660 0.88342920
vt 0.08676267 0.88845430
vt 0.17025550 0.90682360
vt 0.20257230 0.87885230
vt 0.09833182 0.84360790
vt 0.25912220 0.91008250
vt 0.29239370 0.91667600
vt 0.07665355 0.88768900
vt 0.07328809 0.84933920
vt 0.08011542 0.83614650
vt 0.06709481 0.83263430
vt 0.13346590 0.84880630
vt 0.20261910 0.77442140
vt 0.06004870 0.82097720
vt 0.10377030 0.70127080
vt 0.09104375 0.68306860
vt 0.13255260 0.71549240
vt 0.13039730 0.51190680
vt 0.20366740 0.49020460
vt 0.10490650 0.57513690
vt 0.07297341 0.80662520
vt 0.06559271 0.72443710
vt 0.05487275 0.61405920
vt 0.08065257 0.73041110
vt 0.07286013 0.72327540
vt 0.08072979 0.55925180
vt 0.09263692 0.50487510
vt 0.06796516 0.45536570
vt 0.07382692 0.55854860
vt 0.08123798 0.44368050
vt 0.10571760 0.38133880
vt 0.05506206 0.81877020
vt 0.03003619 0.82798910
vt 0.01610143 0.84003010
vt 0.04291836 0.74891820
vt 0.03358180 0.56303500
vt 0.01767359 0.73179570
vt 0.07468916 0.44222960
vt 0.06197679 0.38236480
vt 0.07048757 0.39615740
vt 0.07051880 0.20223440
vt 0.07685054 0.29663280
vt 0.07602844 0.36121340
vt 0.08232064 0.36210160
vt 0.05568463 0.47961000
vt 0.08292679 0.28119590
vt 0.07703040 0.27989470
vt 0.09356598 0.23495490
vt 0.07681651 0.22130180
vt 0.08526177 0.19537040
vt 0.03276274 0.47192910
vt 0.02119086 0.49256950
vt 0.01871524 0.56710830
vt 0.03607148 0.27932600
vt 0.05705774 0.29512610
vt 0.06096006 0.19098440
vt 0.03496045 0.17030360
vt 0.02472789 0.17768370
vt 0.06263459 0.14953350
vt 0.02308354 0.12441460
vt 0.07292024 0.13513630
vt 0.06188697 0.12697450
vt 0.07926885 0.12785670
vt 0.07811741 0.09114355
vt 0.08490858 0.13307330
vt 0.10032060 0.11002480
vt 0.09677253 0.10663240
vt 0.10322990 0.08504826
vt 0.11210050 0.13504730
vt 0.08429969 0.09281132
vt 0.12803740 0.09792355
vt 0.15741520 0.08116007
vt 0.13322190 0.23779350
vt 0.16252230 0.09891722
vt 0.15311640 0.13798940
vt 0.08818398 0.09085813
vt 0.08532933 0.08448777
vt 0.09798569 0.08434138
vt 0.09417678 0.08278963
vt 0.09615640 0.07231557
vt 0.10217780 0.07430241
vt 0.09252725 0.07822734
vt 0.09115876 0.07311440
vt 0.08612368 0.07912955
vt 0.08089126 0.08403718
vt 0.06644861 0.09298515
vt 0.05136446 0.09958893
vt 0.03409177 0.11115840
vt 0.03155545 0.12145620
vt 0.03970522 0.09281698
vt 0.04490751 0.08188385
vt 0.04917926 0.07145801
vt 0.05432350 0.06573176
vt 0.07987005 0.07827216
vt 0.08275295 0.07605791
vt 0.05745390 0.06029123
vt 0.06552873 0.05567032
vt 0.08571524 0.07431862
vt 0.08136589 0.06932873
vt 0.07204495 0.04611108
vt 0.08158285 0.03995663
vt 0.09487949 0.06442565
vt 0.10169960 0.06500539
vt 0.09610505 0.03870043
vt 0.13112710 0.05926988
vt 0.09073845 0.03242245
vt 0.11588400 0.02587631
vt 0.12727880 0.02460718
vt 0.10865740 0.06882584
vt 0.14202500 0.04160482
vt 0.13926040 0.02130452
vt 0.15357890 0.02445301
vt 0.15395580 0.05624032
vt 0.13192130 0.07232314
vt 0.15367670 0.06245863
vt 0.15326960 0.07586336
vt 0.14838660 0.06607106
vt 0.17322380 0.06262484
vt 0.21782670 0.05707595
vt 0.18007520 0.07363564
vt 0.20945850 0.06197736
vt 0.23402880 0.07401106
vt 0.25754710 0.06193113
vt 0.35119970 0.06257057
vt 0.26908140 0.07562026
vt 0.18193540 0.04721099
vt 0.25388850 0.04463676
vt 0.33816650 0.05532065
vt 0.29079970 0.02456355
vt 0.21193870 0.01551375
vt 0.41721640 0.02461234
vt 0.45117950 0.01803136
vt 0.29144930 0.08470616
vt 0.39325490 0.05524194
vt 0.55236850 0.02790138
vt 0.55364440 0.01798326
vt 0.58408600 0.02559412
vt 0.47280810 0.05705643
vt 0.36161030 0.09880999
vt 0.57374970 0.09373739
vt 0.20528620 0.13822920
vt 0.39163580 0.06314048
vt 0.47220960 0.06431708
vt 0.58395870 0.05525905
vt 0.57530280 0.06038031
vt 0.57825420 0.06494346
vt 0.51289600 0.06446859
vt 0.41745500 0.07479700
vt 0.51468690 0.07718492
vt 0.36437800 0.07493109
vt 0.57698580 0.06686610
vt 0.60152040 0.08013800
vt 0.47582600 0.08364543
vt 0.33763200 0.06741396
vt 0.28407010 0.06702009
vt 0.62549650 0.07104599
vt 0.59433580 0.07134953
vt 0.63294300 0.06892428
vt 0.64333700 0.07494396
vt 0.64745820 0.07021326
vt 0.63550000 0.07961252
vt 0.63550730 0.07567504
vt 0.63958000 0.09036112
vt 0.61819390 0.05686173
vt 0.64071490 0.06257567
vt 0.59198890 0.03971836
vt 0.61125790 0.03350952
vt 0.60585370 0.02526754
vt 0.64929410 0.04205966
vt 0.65353910 0.06037399
vt 0.66332260 0.04343510
vt 0.65542580 0.03252000
vt 0.66043750 0.06041861
vt 0.67093130 0.04895651
vt 0.66680360 0.06646994
vt 0.68601760 0.04547617
vt 0.68647780 0.05965498
vt 0.68885680 0.06640822
vt 0.65286120 0.07606596
vt 0.64694810 0.07566762
vt 0.64542530 0.08578628
vt 0.64690520 0.09618226
vt 0.63120010 0.09304070
vt 0.60573080 0.09638631
vt 0.63078690 0.10903000
vt 0.58485040 0.14061500
vt 0.63765280 0.16820710
vt 0.49755160 0.14177500
vt 0.27358570 0.14006320
vt 0.36641160 0.15933700
vt 0.57993110 0.14219520
vt 0.20536050 0.23057970
vt 0.62031730 0.23695760
vt 0.55195980 0.23004550
vt 0.15510990 0.24290920
vt 0.14894780 0.35964650
vt 0.57734920 0.39960630
vt 0.20728080 0.35007520
vt 0.15604830 0.46876290
vt 0.15707680 0.38290560
vt 0.55547750 0.52658770
vt 0.39523410 0.46085870
vt 0.57292060 0.52218470
vt 0.28951110 0.45483350
vt 0.32465940 0.55930410
vt 0.58030520 0.56580110
vt 0.42055480 0.55717960
vt 0.40719310 0.65557900
vt 0.61273490 0.51950250
vt 0.52219710 0.80416060
vt 0.59828450 0.70164520
vt 0.63592460 0.36306880
vt 0.30599710 0.86007650
vt 0.56425320 0.81171320
vt 0.53596770 0.86797520
vt 0.28497080 0.87761560
vt 0.33331560 0.88218880
vt 0.39593290 0.90166050
vt 0.54013790 0.89106610
vt 0.41818100 0.91021800
vt 0.56647430 0.90251740
vt 0.57104400 0.88737820
vt 0.60469990 0.88412000
vt 0.31089960 0.92221780
vt 0.59444210 0.79769060
vt 0.40586140 0.91786730
vt 0.27164400 0.92894950
vt 0.30941250 0.93081070
vt 0.35487080 0.92893410
vt 0.34307790 0.93497680
vt 0.31159390 0.94305180
vt 0.33909520 0.97155620
vt 0.39491650 0.96816510
vt 0.41632260 0.93145910
vt 0.45190500 0.96504120
vt 0.42173450 0.92592530
vt 0.47735210 0.92700330
vt 0.49142660 0.96199100
vt 0.55124120 0.91599400
vt 0.53618030 0.92244400
vt 0.56772160 0.92006390
vt 0.54016350 0.95583930
vt 0.57048310 0.94894640
vt 0.40076700 0.92311070
vt 0.51772170 0.91545220
vt 0.54083840 0.90946410
vt 0.56942570 0.90605330
vt 0.62076460 0.89693390
vt 0.58854480 0.90799920
vt 0.62198380 0.83777430
vt 0.63099270 0.83078280
vt 0.62694670 0.73161700
vt 0.56610690 0.91436010
vt 0.63247380 0.63071890
vt 0.63705800 0.50963010
vt 0.64936050 0.52065540
vt 0.64399960 0.61763070
vt 0.63750780 0.73828880
vt 0.61989650 0.90619250
vt 0.61632700 0.90381160
vt 0.61746540 0.90924420
vt 0.65049330 0.63040940
vt 0.65510380 0.54644670
vt 0.64338360 0.74602250
vt 0.65985240 0.58081660
vt 0.66050980 0.52508470
vt 0.66830230 0.54872230
vt 0.66615680 0.47041100
vt 0.65745320 0.48991630
vt 0.65603800 0.65187860
vt 0.65856150 0.44668220
vt 0.64912670 0.45600630
vt 0.65143260 0.39079310
vt 0.65195200 0.73913540
vt 0.65547680 0.81400700
vt 0.64238950 0.85328040
vt 0.63816420 0.83189990
vt 0.63584610 0.86228390
vt 0.62490830 0.89596970
vt 0.63127010 0.89620310
vt 0.63855390 0.88694910
vt 0.64744840 0.89075860
vt 0.62375270 0.90130600
vt 0.63501210 0.89833490
vt 0.62515150 0.90535720
vt 0.63062370 0.90046250
vt 0.63114750 0.90440850
vt 0.63527260 0.90382930
vt 0.63306010 0.90672790
vt 0.65983800 0.90169460
vt 0.66069770 0.91801100
vt 0.63927610 0.91195480
vt 0.65662430 0.92334590
vt 0.65105190 0.92835870
vt 0.63462330 0.91339020
vt 0.64405810 0.93351750
vt 0.62862260 0.90954900
vt 0.62951050 0.92146340
vt 0.64059160 0.93626460
vt 0.61547840 0.91241910
vt 0.59678100 0.93987020
vt 0.58561870 0.95099520
vt 0.58627620 0.92108650
vt 0.69230200 0.81135420
vt 0.71018370 0.56602100
vt 0.67924680 0.81128870
vt 0.69243820 0.60418450
vt 0.69990290 0.51100510
vt 0.67300860 0.57252090
vt 0.67431830 0.51036390
vt 0.67561400 0.44766050
vt 0.69885720 0.35159510
vt 0.66882950 0.87719260
vt 0.68609720 0.87930800
vt 0.69235600 0.81200630
vt 0.67742570 0.88647700
vt 0.67354540 0.89900640
vt 0.68752620 0.88228290
vt 0.67020020 0.40849960
vt 0.66366340 0.36993550
vt 0.66570300 0.14312560
vt 0.67020360 0.14093770
vt 0.65044490 0.35615950
vt 0.65085330 0.22112820
vt 0.65842200 0.35256990
vt 0.65860580 0.18762230
vt 0.65170630 0.15496170
vt 0.65874050 0.14277450
vt 0.65429480 0.11031200
vt 0.65618220 0.09283885
vt 0.66107710 0.09497797
vt 0.67733190 0.12580360
vt 0.65132640 0.09288371
vt 0.65050660 0.08468336
vt 0.65627130 0.07905179
vt 0.66479560 0.08079606
vt 0.68030200 0.09095079
vt 0.69769300 0.08155596
vt 0.70493250 0.09523705
vt 0.71071180 0.12346810
vt 0.69346040 0.13901540
vt 0.67692590 0.16919360
vt 0.68386410 0.37311620
vt 0.70133730 0.18588330
vt 0.71436540 0.19557620
vt 0.71361660 0.19447890
vt 0.77691660 0.02872440
vt 0.77528260 0.02149661
vt 0.77003180 0.02382765
vt 0.77676090 0.04440638
vt 0.76135640 0.04432039
vt 0.76093780 0.02866174
vt 0.75524600 0.03165239
vt 0.75042350 0.03637477
vt 0.75707860 0.05903129
vt 0.74714640 0.03945940
vt 0.76065140 0.05683559
vt 0.78283520 0.04559938
vt 0.75366220 0.05619815
vt 0.74478080 0.04313948
vt 0.75328270 0.06119153
vt 0.80404910 0.02391277
vt 0.79960850 0.01605257
vt 0.74401400 0.05138889
vt 0.74018800 0.04629917
vt 0.73777960 0.05404086
vt 0.74989700 0.06029582
vt 0.75204960 0.06297764
vt 0.75091070 0.06821837
vt 0.75290300 0.06527235
vt 0.74781650 0.07004851
vt 0.74974700 0.08402063
vt 0.75203940 0.06973910
vt 0.73474900 0.06112621
vt 0.74817230 0.07480222
vt 0.73398900 0.06914659
vt 0.74568160 0.09293346
vt 0.72948610 0.08660789
vt 0.73882090 0.10411030
vt 0.72784260 0.09445509
vt 0.72702810 0.10307800
vt 0.74401560 0.11253820
vt 0.74687970 0.11163330
vt 0.74711260 0.12833270
vt 0.74862590 0.10847180
vt 0.75272040 0.11059600
vt 0.75263290 0.07556584
vt 0.73974830 0.13271470
vt 0.74424580 0.15900990
vt 0.74683240 0.17944070
vt 0.74381700 0.26178510
vt 0.72743300 0.15623530
vt 0.72438850 0.11215070
vt 0.73817100 0.18987620
vt 0.72822780 0.25020550
vt 0.72300800 0.21274990
vt 0.72832030 0.32794460
vt 0.74432280 0.34254270
vt 0.73200840 0.40167670
vt 0.74096550 0.27428430
vt 0.74954760 0.15582870
vt 0.75395830 0.13179290
vt 0.75331880 0.17490970
vt 0.75407220 0.19665910
vt 0.75689610 0.10967960
vt 0.76545470 0.11594990
vt 0.75810350 0.07374427
vt 0.76485200 0.08491457
vt 0.75644790 0.07317865
vt 0.76777280 0.07069482
vt 0.76016550 0.06639650
vt 0.75591720 0.07035024
vt 0.75501470 0.06725764
vt 0.75807030 0.06186531
vt 0.76146540 0.06184698
vt 0.76981220 0.05976477
vt 0.78137830 0.08024862
vt 0.78351960 0.05405417
vt 0.78663040 0.06478061
vt 0.81082140 0.04317997
vt 0.78292440 0.06034487
vt 0.82941630 0.05522117
vt 0.82919580 0.05029222
vt 0.81995910 0.06055055
vt 0.87555960 0.04075259
vt 0.90602080 0.04869109
vt 0.85755470 0.02484808
vt 0.85543660 0.01569911
vt 0.95261720 0.01792910
vt 0.96292070 0.02625829
vt 0.98588610 0.04416641
vt 0.94315700 0.05080583
vt 0.83470470 0.06706525
vt 0.85708560 0.05990749
vt 0.85903310 0.05447055
vt 0.89440160 0.05562721
vt 0.91019480 0.05455242
vt 0.93604240 0.05541621
vt 0.99236750 0.05603000
vt 0.93824930 0.06034782
vt 0.98467250 0.06113153
vt 0.89606900 0.05985726
vt 0.90364120 0.06793378
vt 0.95986570 0.07827634
vt 0.84538580 0.07731472
vt 0.83558950 0.09627725
vt 0.94290770 0.09643270
vt 0.78526160 0.11114450
vt 0.90229350 0.11325750
vt 0.96757980 0.11615590
vt 0.83617410 0.11325780
vt 0.89205380 0.15154450
vt 0.95616250 0.15367580
vt 0.94592200 0.20249310
vt 0.94901190 0.27985660
vt 0.83146200 0.40388120
vt 0.97515850 0.40553890
vt 0.83204510 0.14929060
vt 0.79408330 0.15423430
vt 0.78553900 0.15755600
vt 0.78491770 0.29388460
vt 0.91815610 0.42181640
vt 0.98154040 0.42026420
vt 0.95968500 0.44760010
vt 0.76439780 0.27039130
vt 0.78816510 0.41972460
vt 0.79848330 0.41985560
vt 0.83366830 0.45192940
vt 0.75773100 0.26750760
vt 0.92985440 0.46372520
vt 0.99127580 0.46310510
vt 0.76401950 0.41547480
vt 0.87995300 0.46443130
vt 0.79819940 0.46265140
vt 0.89095680 0.47355770
vt 0.82726680 0.47324880
vt 0.93851080 0.47264330
vt 0.97462500 0.47322260
vt 0.93895020 0.47958600
vt 0.95966570 0.47919150
vt 0.90657980 0.47484190
vt 0.94247700 0.48504170
vt 0.97645780 0.48594980
vt 0.96035500 0.49204980
vt 0.91444280 0.48290930
vt 0.89178850 0.47920890
vt 0.91137840 0.48842160
vt 0.90094370 0.48391800
vt 0.78741920 0.48358240
vt 0.81085810 0.47886760
vt 0.79508230 0.47380580
vt 0.78837410 0.47939110
vt 0.77874570 0.47121440
vt 0.76337430 0.47849250
vt 0.78659160 0.48712160
vt 0.77076610 0.47483600
vt 0.77119770 0.45876920
vt 0.76466230 0.47016280
vt 0.76292630 0.46735270
vt 0.76285270 0.47367500
vt 0.76483090 0.44401340
vt 0.75678340 0.43377800
vt 0.76280060 0.45900290
vt 0.75815520 0.47278020
vt 0.75744060 0.36105470
vt 0.75560680 0.46193700
vt 0.75303670 0.30511800
vt 0.75488010 0.37267070
vt 0.75230710 0.25859730
vt 0.74691150 0.28380830
vt 0.74949190 0.25079950
vt 0.74916990 0.20713070
vt 0.74650500 0.25426020
vt 0.74795260 0.34199430
vt 0.74922320 0.37995580
vt 0.75185410 0.42637200
vt 0.75001650 0.41815540
vt 0.75145270 0.45751520
vt 0.74773490 0.41919000
vt 0.74518910 0.42363730
vt 0.73058960 0.42372980
vt 0.75408270 0.44362200
vt 0.75301640 0.45844860
vt 0.73791070 0.42963510
vt 0.73344990 0.43880270
vt 0.74580760 0.44940670
vt 0.75436260 0.46852730
vt 0.75745450 0.46679450
vt 0.75747130 0.46954190
vt 0.75449910 0.47469800
vt 0.75209250 0.47025500
vt 0.74818180 0.46569820
vt 0.73791580 0.47183740
vt 0.73297510 0.47238490
vt 0.73015440 0.44476130
vt 0.74760830 0.47392370
vt 0.73792760 0.48184720
vt 0.74048460 0.48742640
vt 0.74818500 0.48703060
vt 0.75623930 0.47636010
vt 0.75702820 0.48079230
vt 0.74944880 0.49679150
vt 0.75958160 0.48764170
vt 0.75145630 0.50086800
vt 0.75888630 0.50656760
vt 0.76607590 0.50991920
vt 0.77228150 0.48459600
vt 0.77874050 0.49162270
vt 0.77919130 0.51353700
vt 0.78516420 0.50232810
vt 0.78357220 0.52703980
vt 0.81261340 0.51083500
vt 0.79825870 0.49194960
vt 0.90402700 0.49723910
vt 0.90213040 0.50786850
vt 0.89166800 0.52164010
vt 0.99637750 0.50888600
vt 0.96967570 0.51948670
vt 0.98046150 0.95933470
vt 0.97632840 0.96757210
vt 0.97943630 0.96246270
vt 0.96778920 0.95464900
vt 0.96491560 0.95511250
vt 0.97379880 0.97132550
vt 0.96740280 0.94989790
vt 0.96323520 0.95563950
vt 0.97169440 0.97500920
vt 0.96114970 0.97141960
vt 0.96937330 0.98771330
vt 0.96183060 0.98229670
vt 0.95459280 0.98617910
vt 0.94890110 0.98188630
vt 0.98223440 0.93931490
vt 0.98921240 0.91938160
vt 0.98434380 0.90864090
vt 0.99342730 0.90924920
vt 0.96479350 0.95180150
vt 0.96621700 0.93989290
vt 0.96836580 0.94072100
vt 0.98535430 0.88606100
vt 0.99273260 0.88650670
vt 0.99134900 0.85263490
vt 0.97266360 0.85122140
vt 0.99095800 0.82582660
vt 0.97194980 0.90681720
vt 0.97317390 0.91821720
vt 0.97241890 0.80859390
vt 0.99065890 0.78733710
vt 0.96959130 0.86753380
vt 0.96979260 0.90470240
vt 0.97438990 0.75466040
vt 0.98976310 0.74995080
vt 0.98957010 0.73251000
vt 0.96975110 0.80532540
vt 0.97094570 0.75750730
vt 0.97521850 0.73331140
vt 0.97132050 0.71135000
vt 0.98914920 0.71386840
vt 0.96820010 0.68664940
vt 0.96929050 0.63119250
vt 0.97474950 0.68306650
vt 0.98877290 0.68439380
vt 0.98828550 0.65237210
vt 0.97437710 0.64227990
vt 0.98887380 0.62942670
vt 0.97411630 0.62754540
vt 0.98715620 0.62012520
vt 0.96904270 0.61365150
vt 0.96734110 0.59761690
vt 0.98497000 0.60328710
vt 0.98135390 0.58840360
vt 0.96916820 0.75668270
vt 0.96714350 0.62702530
vt 0.97166490 0.59067260
vt 0.97776970 0.57967150
vt 0.96474680 0.59311210
vt 0.96523760 0.59799220
vt 0.96565260 0.59031220
vt 0.96325810 0.59051920
vt 0.96310900 0.58693670
vt 0.96845460 0.58639600
vt 0.96963250 0.57530020
vt 0.97405190 0.57443480
vt 0.96940810 0.56797360
vt 0.96233170 0.59614310
vt 0.96685180 0.58278240
vt 0.96378920 0.58053800
vt 0.96586910 0.56450240
vt 0.96124420 0.58915910
vt 0.95893570 0.58790590
vt 0.96167880 0.58566620
vt 0.95975360 0.57786470
vt 0.96164670 0.56212130
vt 0.95932080 0.58549490
vt 0.95317970 0.58327250
vt 0.95420670 0.57568370
vt 0.95160590 0.56422950
vt 0.95799390 0.54739000
vt 0.94532690 0.57400160
vt 0.94695900 0.55508400
vt 0.94343100 0.58307270
vt 0.92870220 0.57772020
vt 0.91794200 0.55525450
vt 0.94412880 0.54431210
vt 0.95261030 0.59024710
vt 0.91888900 0.58645630
vt 0.95796940 0.59289740
vt 0.92477390 0.58174960
vt 0.94928150 0.59499260
vt 0.95068850 0.60487730
vt 0.92239260 0.59636720
vt 0.96018420 0.59687850
vt 0.95884310 0.60236910
vt 0.96381090 0.62350550
vt 0.90980210 0.58226700
vt 0.95893570 0.61923330
vt 0.96668300 0.63435410
vt 0.96440820 0.64359690
vt 0.95967490 0.64218850
vt 0.96414230 0.70164930
vt 0.96692870 0.71058110
vt 0.96513250 0.73958090
vt 0.96184030 0.72629150
vt 0.96778520 0.79045040
vt 0.96806500 0.87224420
vt 0.96517490 0.87458460
vt 0.96640630 0.90048740
vt 0.96251620 0.89747300
vt 0.96166490 0.79382320
vt 0.96855280 0.90703810
vt 0.95651730 0.79896440
vt 0.96449270 0.90779810
vt 0.96462580 0.93142350
vt 0.95725640 0.70347460
vt 0.94524170 0.75525820
vt 0.95270050 0.64635650
vt 0.94019340 0.66532870
vt 0.92787120 0.63158690
vt 0.88790300 0.66593950
vt 0.92344310 0.61791760
vt 0.95501100 0.89355150
vt 0.95256230 0.93333280
vt 0.94498800 0.88344850
vt 0.91133510 0.89703870
vt 0.92897370 0.90434630
vt 0.85923560 0.63250490
vt 0.95980270 0.92913100
vt 0.96045430 0.94411390
vt 0.95839410 0.94421680
vt 0.96326550 0.94302950
vt 0.96408710 0.94788210
vt 0.96172680 0.94716720
vt 0.96149360 0.95192940
vt 0.95929960 0.94996160
vt 0.96125470 0.95480750
vt 0.95880410 0.95276950
vt 0.95634480 0.96299350
vt 0.95444240 0.95756460
vt 0.93951450 0.95589140
vt 0.92718480 0.95181130
vt 0.94444600 0.96579640
vt 0.94052230 0.96008520
vt 0.91961100 0.96932840
vt 0.91071810 0.98470650
vt 0.79527620 0.97463100
vt 0.78417480 0.99037620
vt 0.74760370 0.97510150
vt 0.88834830 0.96647370
vt 0.77663060 0.97116660
vt 0.76395180 0.96956720
vt 0.92402370 0.95668300
vt 0.87940690 0.96354750
vt 0.81977250 0.96545260
vt 0.87925880 0.95808940
vt 0.85696290 0.95965710
vt 0.81540780 0.96133360
vt 0.87820020 0.95386500
vt 0.77071770 0.96076850
vt 0.74690400 0.96343570
vt 0.76209120 0.95802050
vt 0.80945900 0.95600570
vt 0.92350380 0.94481770
vt 0.84904590 0.94755650
vt 0.84712300 0.92728690
vt 0.90449870 0.92365530
vt 0.77899550 0.94884130
vt 0.71663860 0.94940390
vt 0.74692360 0.93477440
vt 0.76911190 0.90997390
vt 0.76263270 0.89661430
vt 0.90839280 0.83890750
vt 0.94181750 0.71907880
vt 0.80657390 0.75032000
vt 0.78046550 0.80670750
vt 0.73608800 0.78258890
vt 0.73295110 0.71240070
vt 0.74334750 0.66811120
vt 0.75493870 0.63407120
vt 0.79878190 0.61768460
vt 0.72989080 0.61617730
vt 0.74710710 0.59970490
vt 0.81860140 0.60048030
vt 0.77229170 0.58415030
vt 0.84710430 0.59215250
vt 0.79529500 0.58444870
vt 0.78010380 0.57952190
vt 0.86684070 0.58588900
vt 0.86378080 0.58253490
vt 0.86415820 0.58028120
vt 0.73014390 0.57478230
vt 0.86502310 0.57652580
vt 0.77352390 0.56875860
vt 0.90574340 0.57258730
vt 0.78985760 0.56616790
vt 0.75020860 0.55251150
vt 0.78685830 0.55406190
vt 0.86458290 0.55523810
vt 0.78487050 0.54461810
vt 0.90711880 0.55491830
vt 0.91223470 0.54670880
f 3/3/3 2/2/2 1/1/1
f 6/6/6 5/5/5 4/4/4
f 6/6/6 7/7/7 5/5/5
f 5/5/5 7/7/7 8/8/8
f 8/8/8 7/7/7 9/9/9
f 5/5/5 8/8/8 10/10/10
f 9/9/9 10/10/10 8/8/8
f 11/11/11 5/5/5 10/10/10
f 12/12/12 11/11/11 10/10/10
f 13/13/13 12/12/12 10/10/10
f 14/14/14 10/10/10 9/9/9
f 14/14/14 13/13/13 10/10/10
f 15/15/15 12/12/12 13/13/13
f 16/16/16 12/12/12 15/15/15
f 17/17/17 13/13/13 14/14/14
f 15/15/15 13/13/13 17/17/17
f 15/15/15 18/18/18 16/16/16
f 19/19/19 16/16/16 18/18/18
f 20/20/20 19/19/19 18/18/18
f 15/15/15 21/21/21 18/18/18
f 17/17/17 21/21/21 15/15/15
f 22/22/22 20/20/20 18/18/18
f 21/21/21 22/22/22 18/18/18
f 21/21/21 17/17/17 23/23/23
f 21/21/21 24/24/24 22/22/22
f 23/23/23 24/24/24 21/21/21
f 22/22/22 25/25/25 20/20/20
f 24/24/24 25/25/25 22/22/22
f 26/26/26 20/20/20 25/25/25
f 25/25/25 24/24/24 26/26/26
f 20/20/20 26/26/26 27/27/27
f 28/28/28 17/17/17 14/14/14
f 17/17/17 28/28/28 23/23/23
f 24/24/24 29/29/29 26/26/26
f 23/23/23 30/30/30 24/24/24
f 24/24/24 30/30/30 29/29/29
f 23/23/23 31/31/31 30/30/30
f 23/23/23 28/28/28 31/31/31
f 31/31/31 29/29/29 30/30/30
f 26/26/26 32/32/32 27/27/27
f 26/26/26 29/29/29 32/32/32
f 32/32/32 33/33/33 27/27/27
f 34/34/34 32/32/32 29/29/29
f 33/33/33 32/32/32 34/34/34
f 34/34/34 29/29/29 35/35/35
f 35/35/35 29/29/29 31/31/31
f 36/36/36 27/27/27 33/33/33
f 37/37/37 27/27/27 36/36/36
f 38/38/38 37/37/37 36/36/36
f 38/38/38 36/36/36 39/39/39
f 39/39/39 36/36/36 33/33/33
f 33/33/33 40/40/40 39/39/39
f 41/41/41 33/33/33 34/34/34
f 41/41/41 34/34/34 35/35/35
f 33/33/33 41/41/41 40/40/40
f 38/38/38 39/39/39 42/42/42
f 40/40/40 42/42/42 39/39/39
f 43/43/43 38/38/38 42/42/42
f 44/44/44 43/43/43 42/42/42
f 44/44/44 42/42/42 40/40/40
f 43/43/43 44/44/44 45/45/45
f 46/46/46 45/45/45 44/44/44
f 44/44/44 47/47/47 46/46/46
f 40/40/40 47/47/47 44/44/44
f 40/40/40 48/48/48 47/47/47
f 48/48/48 49/49/49 47/47/47
f 50/50/50 46/46/46 47/47/47
f 50/50/50 47/47/47 49/49/49
f 51/51/51 50/50/50 49/49/49
f 52/52/52 40/40/40 41/41/41
f 52/52/52 48/48/48 40/40/40
f 52/52/52 41/41/41 53/53/53
f 52/52/52 53/53/53 48/48/48
f 53/53/53 41/41/41 54/54/54
f 54/54/54 55/55/55 53/53/53
f 41/41/41 35/35/35 54/54/54
f 54/54/54 35/35/35 56/56/56
f 54/54/54 56/56/56 55/55/55
f 35/35/35 31/31/31 56/56/56
f 56/56/56 31/31/31 57/57/57
f 31/31/31 28/28/28 57/57/57
f 58/58/58 48/48/48 53/53/53
f 53/53/53 55/55/55 58/58/58
f 55/55/55 56/56/56 59/59/59
f 59/59/59 56/56/56 57/57/57
f 57/57/57 28/28/28 60/60/60
f 59/59/59 57/57/57 61/61/61
f 60/60/60 61/61/61 57/57/57
f 28/28/28 62/62/62 60/60/60
f 28/28/28 14/14/14 62/62/62
f 59/59/59 63/63/63 55/55/55
f 61/61/61 63/63/63 59/59/59
f 64/64/64 63/63/63 61/61/61
f 65/65/65 61/61/61 60/60/60
f 65/65/65 60/60/60 62/62/62
f 66/66/66 55/55/55 63/63/63
f 66/66/66 63/63/63 64/64/64
f 67/67/67 58/58/58 55/55/55
f 67/67/67 55/55/55 66/66/66
f 68/68/68 62/62/62 14/14/14
f 68/68/68 14/14/14 9/9/9
f 68/68/68 69/69/69 62/62/62
f 69/69/69 68/68/68 9/9/9
f 69/69/69 70/70/70 62/62/62
f 65/65/65 62/62/62 70/70/70
f 69/69/69 9/9/9 71/71/71
f 70/70/70 69/69/69 71/71/71
f 61/61/61 65/65/65 72/72/72
f 61/61/61 72/72/72 64/64/64
f 73/73/73 64/64/64 72/72/72
f 9/9/9 74/74/74 71/71/71
f 9/9/9 7/7/7 74/74/74
f 65/65/65 75/75/75 72/72/72
f 76/76/76 65/65/65 70/70/70
f 76/76/76 75/75/75 65/65/65
f 77/77/77 73/73/73 72/72/72
f 72/72/72 75/75/75 77/77/77
f 77/77/77 75/75/75 78/78/78
f 77/77/77 79/79/79 73/73/73
f 77/77/77 78/78/78 79/79/79
f 76/76/76 80/80/80 75/75/75
f 75/75/75 80/80/80 78/78/78
f 70/70/70 71/71/71 81/81/81
f 71/71/71 74/74/74 82/82/82
f 81/81/81 71/71/71 82/82/82
f 83/83/83 82/82/82 74/74/74
f 70/70/70 81/81/81 84/84/84
f 84/84/84 76/76/76 70/70/70
f 85/85/85 81/81/81 82/82/82
f 81/81/81 85/85/85 84/84/84
f 84/84/84 86/86/86 76/76/76
f 86/86/86 84/84/84 85/85/85
f 87/87/87 80/80/80 76/76/76
f 76/76/76 86/86/86 87/87/87
f 85/85/85 82/82/82 88/88/88
f 82/82/82 83/83/83 88/88/88
f 85/85/85 89/89/89 86/86/86
f 89/89/89 85/85/85 88/88/88
f 90/90/90 86/86/86 89/89/89
f 90/90/90 87/87/87 86/86/86
f 91/91/91 80/80/80 87/87/87
f 80/80/80 91/91/91 78/78/78
f 74/74/74 92/92/92 83/83/83
f 74/74/74 7/7/7 92/92/92
f 7/7/7 93/93/93 92/92/92
f 7/7/7 94/94/94 93/93/93
f 95/95/95 92/92/92 93/93/93
f 95/95/95 83/83/83 92/92/92
f 93/93/93 96/96/96 95/95/95
f 83/83/83 95/95/95 96/96/96
f 93/93/93 97/97/97 96/96/96
f 98/98/98 90/90/90 89/89/89
f 98/98/98 89/89/89 88/88/88
f 83/83/83 99/99/99 88/88/88
f 100/100/100 98/98/98 88/88/88
f 100/100/100 88/88/88 99/99/99
f 101/101/101 100/100/100 99/99/99
f 101/101/101 102/102/102 100/100/100
f 103/103/103 98/98/98 100/100/100
f 98/98/98 103/103/103 90/90/90
f 102/102/102 103/103/103 100/100/100
f 104/104/104 90/90/90 103/103/103
f 103/103/103 102/102/102 104/104/104
f 90/90/90 104/104/104 87/87/87
f 87/87/87 104/104/104 91/91/91
f 105/105/105 83/83/83 96/96/96
f 99/99/99 83/83/83 105/105/105
f 106/106/106 104/104/104 102/102/102
f 102/102/102 101/101/101 107/107/107
f 102/102/102 107/107/107 106/106/106
f 104/104/104 108/108/108 91/91/91
f 108/108/108 104/104/104 106/106/106
f 106/106/106 107/107/107 109/109/109
f 107/107/107 101/101/101 109/109/109
f 106/106/106 110/110/110 108/108/108
f 110/110/110 106/106/106 109/109/109
f 105/105/105 96/96/96 111/111/111
f 96/96/96 112/112/112 111/111/111
f 113/113/113 112/112/112 96/96/96
f 111/111/111 114/114/114 105/105/105
f 105/105/105 115/115/115 99/99/99
f 105/105/105 114/114/114 115/115/115
f 116/116/116 99/99/99 115/115/115
f 115/115/115 114/114/114 116/116/116
f 99/99/99 116/116/116 101/101/101
f 114/114/114 117/117/117 116/116/116
f 118/118/118 117/117/117 114/114/114
f 116/116/116 117/117/117 119/119/119
f 119/119/119 101/101/101 116/116/116
f 117/117/117 3/3/3 119/119/119
f 3/3/3 117/117/117 120/120/120
f 119/119/119 121/121/121 101/101/101
f 119/119/119 3/3/3 122/122/122
f 119/119/119 122/122/122 121/121/121
f 121/121/121 123/123/123 101/101/101
f 109/109/109 101/101/101 123/123/123
f 121/121/121 122/122/122 124/124/124
f 121/121/121 124/124/124 123/123/123
f 125/125/125 109/109/109 123/123/123
f 125/125/125 110/110/110 109/109/109
f 110/110/110 125/125/125 126/126/126
f 126/126/126 108/108/108 110/110/110
f 127/127/127 125/125/125 123/123/123
f 127/127/127 126/126/126 125/125/125
f 126/126/126 127/127/127 128/128/128
f 126/126/126 129/129/129 108/108/108
f 91/91/91 108/108/108 129/129/129
f 123/123/123 124/124/124 130/130/130
f 127/127/127 123/123/123 130/130/130
f 128/128/128 131/131/131 126/126/126
f 126/126/126 131/131/131 129/129/129
f 132/132/132 131/131/131 128/128/128
f 91/91/91 129/129/129 133/133/133
f 78/78/78 91/91/91 133/133/133
f 131/131/131 134/134/134 129/129/129
f 134/134/134 131/131/131 132/132/132
f 133/133/133 129/129/129 135/135/135
f 134/134/134 135/135/135 129/129/129
f 127/127/127 130/130/130 136/136/136
f 130/130/130 124/124/124 137/137/137
f 136/136/136 130/130/130 137/137/137
f 136/136/136 138/138/138 127/127/127
f 128/128/128 127/127/127 138/138/138
f 139/139/139 136/136/136 137/137/137
f 139/139/139 138/138/138 136/136/136
f 140/140/140 138/138/138 139/139/139
f 128/128/128 138/138/138 141/141/141
f 140/140/140 141/141/141 138/138/138
f 142/142/142 139/139/139 137/137/137
f 140/140/140 139/139/139 142/142/142
f 140/140/140 142/142/142 143/143/143
f 144/144/144 142/142/142 137/137/137
f 142/142/142 144/144/144 143/143/143
f 145/145/145 137/137/137 124/124/124
f 144/144/144 137/137/137 145/145/145
f 145/145/145 124/124/124 146/146/146
f 124/124/124 122/122/122 146/146/146
f 147/147/147 146/146/146 122/122/122
f 3/3/3 147/147/147 122/122/122
f 3/3/3 148/148/148 147/147/147
f 149/149/149 148/148/148 3/3/3
f 148/148/148 150/150/150 147/147/147
f 151/151/151 147/147/147 150/150/150
f 146/146/146 147/147/147 151/151/151
f 146/146/146 151/151/151 152/152/152
f 146/146/146 152/152/152 145/145/145
f 152/152/152 153/153/153 145/145/145
f 145/145/145 153/153/153 154/154/154
f 144/144/144 145/145/145 154/154/154
f 155/155/155 154/154/154 153/153/153
f 144/144/144 154/154/154 155/155/155
f 153/153/153 156/156/156 155/155/155
f 157/157/157 155/155/155 156/156/156
f 158/158/158 144/144/144 155/155/155
f 158/158/158 143/143/143 144/144/144
f 155/155/155 157/157/157 159/159/159
f 159/159/159 158/158/158 155/155/155
f 158/158/158 159/159/159 143/143/143
f 157/157/157 160/160/160 159/159/159
f 143/143/143 159/159/159 160/160/160
f 160/160/160 161/161/161 143/143/143
f 161/161/161 162/162/162 143/143/143
f 140/140/140 143/143/143 162/162/162
f 162/162/162 161/161/161 163/163/163
f 162/162/162 163/163/163 140/140/140
f 161/161/161 164/164/164 163/163/163
f 163/163/163 164/164/164 165/165/165
f 166/166/166 164/164/164 161/161/161
f 164/164/164 166/166/166 167/167/167
f 164/164/164 167/167/167 165/165/165
f 165/165/165 167/167/167 168/168/168
f 163/163/163 169/169/169 140/140/140
f 169/169/169 163/163/163 165/165/165
f 169/169/169 141/141/141 140/140/140
f 165/165/165 168/168/168 170/170/170
f 168/168/168 171/171/171 170/170/170
f 170/170/170 171/171/171 172/172/172
f 165/165/165 170/170/170 173/173/173
f 173/173/173 170/170/170 172/172/172
f 174/174/174 141/141/141 169/169/169
f 141/141/141 174/174/174 128/128/128
f 175/175/175 169/169/169 165/165/165
f 175/175/175 165/165/165 173/173/173
f 176/176/176 128/128/128 174/174/174
f 176/176/176 132/132/132 128/128/128
f 169/169/169 177/177/177 174/174/174
f 175/175/175 177/177/177 169/169/169
f 177/177/177 176/176/176 174/174/174
f 178/178/178 177/177/177 175/175/175
f 178/178/178 176/176/176 177/177/177
f 178/178/178 175/175/175 173/173/173
f 179/179/179 178/178/178 173/173/173
f 180/180/180 176/176/176 178/178/178
f 132/132/132 176/176/176 180/180/180
f 180/180/180 178/178/178 181/181/181
f 181/181/181 178/178/178 179/179/179
f 181/181/181 182/182/182 180/180/180
f 182/182/182 132/132/132 180/180/180
f 182/182/182 181/181/181 183/183/183
f 183/183/183 181/181/181 179/179/179
f 184/184/184 183/183/183 179/179/179
f 132/132/132 182/182/182 185/185/185
f 185/185/185 182/182/182 183/183/183
f 173/173/173 186/186/186 179/179/179
f 172/172/172 186/186/186 173/173/173
f 179/179/179 186/186/186 187/187/187
f 187/187/187 186/186/186 172/172/172
f 179/179/179 187/187/187 188/188/188
f 184/184/184 179/179/179 188/188/188
f 172/172/172 189/189/189 187/187/187
f 189/189/189 188/188/188 187/187/187
f 172/172/172 190/190/190 189/189/189
f 191/191/191 188/188/188 189/189/189
f 189/189/189 192/192/192 191/191/191
f 132/132/132 185/185/185 193/193/193
f 132/132/132 193/193/193 134/134/134
f 184/184/184 188/188/188 194/194/194
f 188/188/188 191/191/191 194/194/194
f 192/192/192 195/195/195 191/191/191
f 195/195/195 192/192/192 196/196/196
f 196/196/196 197/197/197 195/195/195
f 194/194/194 191/191/191 198/198/198
f 198/198/198 191/191/191 195/195/195
f 134/134/134 193/193/193 199/199/199
f 193/193/193 200/200/200 199/199/199
f 134/134/134 199/199/199 201/201/201
f 135/135/135 134/134/134 201/201/201
f 184/184/184 194/194/194 202/202/202
f 194/194/194 198/198/198 203/203/203
f 203/203/203 202/202/202 194/194/194
f 195/195/195 197/197/197 204/204/204
f 205/205/205 198/198/198 195/195/195
f 195/195/195 204/204/204 205/205/205
f 205/205/205 206/206/206 198/198/198
f 206/206/206 205/205/205 204/204/204
f 207/207/207 203/203/203 198/198/198
f 207/207/207 198/198/198 206/206/206
f 208/208/208 202/202/202 203/203/203
f 209/209/209 203/203/203 207/207/207
f 209/209/209 208/208/208 203/203/203
f 208/208/208 210/210/210 202/202/202
f 210/210/210 184/184/184 202/202/202
f 211/211/211 207/207/207 206/206/206
f 211/211/211 209/209/209 207/207/207
f 212/212/212 209/209/209 211/211/211
f 213/213/213 208/208/208 209/209/209
f 208/208/208 213/213/213 210/210/210
f 200/200/200 213/213/213 209/209/209
f 200/200/200 209/209/209 212/212/212
f 210/210/210 213/213/213 193/193/193
f 200/200/200 193/193/193 213/213/213
f 193/193/193 185/185/185 210/210/210
f 210/210/210 214/214/214 184/184/184
f 185/185/185 214/214/214 210/210/210
f 214/214/214 215/215/215 184/184/184
f 214/214/214 185/185/185 215/215/215
f 215/215/215 183/183/183 184/184/184
f 215/215/215 185/185/185 183/183/183
f 211/211/211 206/206/206 216/216/216
f 212/212/212 211/211/211 217/217/217
f 217/217/217 211/211/211 216/216/216
f 216/216/216 206/206/206 218/218/218
f 219/219/219 216/216/216 218/218/218
f 218/218/218 220/220/220 219/219/219
f 218/218/218 206/206/206 204/204/204
f 221/221/221 217/217/217 216/216/216
f 221/221/221 212/212/212 217/217/217
f 219/219/219 222/222/222 216/216/216
f 222/222/222 221/221/221 216/216/216
f 222/222/222 219/219/219 221/221/221
f 223/223/223 212/212/212 221/221/221
f 219/219/219 223/223/223 221/221/221
f 218/218/218 204/204/204 224/224/224
f 225/225/225 220/220/220 218/218/218
f 218/218/218 224/224/224 225/225/225
f 226/226/226 224/224/224 204/204/204
f 204/204/204 197/197/197 226/226/226
f 197/197/197 227/227/227 226/226/226
f 226/226/226 227/227/227 224/224/224
f 227/227/227 197/197/197 228/228/228
f 229/229/229 224/224/224 227/227/227
f 224/224/224 229/229/229 225/225/225
f 225/225/225 229/229/229 230/230/230
f 225/225/225 230/230/230 220/220/220
f 229/229/229 231/231/231 230/230/230
f 231/231/231 229/229/229 232/232/232
f 230/230/230 231/231/231 233/233/233
f 233/233/233 220/220/220 230/230/230
f 231/231/231 234/234/234 233/233/233
f 233/233/233 234/234/234 235/235/235
f 220/220/220 233/233/233 235/235/235
f 234/234/234 236/236/236 235/235/235
f 237/237/237 235/235/235 236/236/236
f 235/235/235 237/237/237 238/238/238
f 239/239/239 220/220/220 235/235/235
f 240/240/240 220/220/220 239/239/239
f 240/240/240 219/219/219 220/220/220
f 219/219/219 240/240/240 241/241/241
f 240/240/240 239/239/239 241/241/241
f 241/241/241 223/223/223 219/219/219
f 242/242/242 223/223/223 241/241/241
f 242/242/242 243/243/243 223/223/223
f 243/243/243 212/212/212 223/223/223
f 243/243/243 244/244/244 212/212/212
f 200/200/200 212/212/212 244/244/244
f 245/245/245 244/244/244 243/243/243
f 243/243/243 242/242/242 245/245/245
f 244/244/244 246/246/246 200/200/200
f 246/246/246 244/244/244 245/245/245
f 247/247/247 245/245/245 242/242/242
f 247/247/247 246/246/246 245/245/245
f 248/248/248 200/200/200 246/246/246
f 200/200/200 248/248/248 199/199/199
f 248/248/248 249/249/249 199/199/199
f 249/249/249 201/201/201 199/199/199
f 249/249/249 248/248/248 250/250/250
f 250/250/250 201/201/201 249/249/249
f 246/246/246 251/251/251 248/248/248
f 251/251/251 250/250/250 248/248/248
f 252/252/252 201/201/201 250/250/250
f 252/252/252 135/135/135 201/201/201
f 246/246/246 247/247/247 253/253/253
f 251/251/251 246/246/246 253/253/253
f 254/254/254 250/250/250 251/251/251
f 250/250/250 254/254/254 252/252/252
f 252/252/252 255/255/255 135/135/135
f 133/133/133 135/135/135 255/255/255
f 255/255/255 256/256/256 133/133/133
f 256/256/256 255/255/255 252/252/252
f 256/256/256 78/78/78 133/133/133
f 251/251/251 253/253/253 257/257/257
f 254/254/254 251/251/251 257/257/257
f 258/258/258 252/252/252 254/254/254
f 252/252/252 258/258/258 256/256/256
f 259/259/259 78/78/78 256/256/256
f 78/78/78 259/259/259 79/79/79
f 259/259/259 256/256/256 260/260/260
f 260/260/260 256/256/256 258/258/258
f 259/259/259 260/260/260 79/79/79
f 79/79/79 260/260/260 258/258/258
f 261/261/261 254/254/254 257/257/257
f 254/254/254 261/261/261 262/262/262
f 262/262/262 258/258/258 254/254/254
f 257/257/257 263/263/263 261/261/261
f 264/264/264 79/79/79 258/258/258
f 262/262/262 264/264/264 258/258/258
f 265/265/265 79/79/79 264/264/264
f 265/265/265 264/264/264 262/262/262
f 79/79/79 265/265/265 73/73/73
f 266/266/266 263/263/263 257/257/257
f 263/263/263 266/266/266 261/261/261
f 265/265/265 262/262/262 267/267/267
f 261/261/261 267/267/267 262/262/262
f 267/267/267 268/268/268 265/265/265
f 268/268/268 73/73/73 265/265/265
f 267/267/267 261/261/261 268/268/268
f 269/269/269 266/266/266 257/257/257
f 269/269/269 257/257/257 253/253/253
f 268/268/268 270/270/270 73/73/73
f 261/261/261 270/270/270 268/268/268
f 261/261/261 266/266/266 271/271/271
f 266/266/266 269/269/269 271/271/271
f 269/269/269 253/253/253 272/272/272
f 253/253/253 247/247/247 272/272/272
f 273/273/273 73/73/73 270/270/270
f 64/64/64 73/73/73 273/273/273
f 274/274/274 270/270/270 261/261/261
f 261/261/261 271/271/271 274/274/274
f 270/270/270 275/275/275 273/273/273
f 275/275/275 270/270/270 274/274/274
f 276/276/276 64/64/64 273/273/273
f 277/277/277 276/276/276 273/273/273
f 277/277/277 64/64/64 276/276/276
f 275/275/275 277/277/277 273/273/273
f 66/66/66 64/64/64 277/277/277
f 278/278/278 66/66/66 277/277/277
f 66/66/66 278/278/278 67/67/67
f 277/277/277 279/279/279 278/278/278
f 275/275/275 279/279/279 277/277/277
f 280/280/280 67/67/67 278/278/278
f 279/279/279 280/280/280 278/278/278
f 279/279/279 281/281/281 280/280/280
f 279/279/279 275/275/275 282/282/282
f 282/282/282 281/281/281 279/279/279
f 282/282/282 275/275/275 283/283/283
f 275/275/275 274/274/274 283/283/283
f 283/283/283 281/281/281 282/282/282
f 67/67/67 280/280/280 284/284/284
f 284/284/284 58/58/58 67/67/67
f 283/283/283 274/274/274 285/285/285
f 274/274/274 271/271/271 285/285/285
f 281/281/281 286/286/286 280/280/280
f 286/286/286 284/284/284 280/280/280
f 287/287/287 58/58/58 284/284/284
f 58/58/58 287/287/287 48/48/48
f 287/287/287 288/288/288 48/48/48
f 284/284/284 288/288/288 287/287/287
f 49/49/49 48/48/48 288/288/288
f 284/284/284 289/289/289 288/288/288
f 289/289/289 284/284/284 286/286/286
f 289/289/289 49/49/49 288/288/288
f 49/49/49 289/289/289 290/290/290
f 291/291/291 49/49/49 290/290/290
f 49/49/49 291/291/291 51/51/51
f 291/291/291 290/290/290 51/51/51
f 290/290/290 292/292/292 51/51/51
f 292/292/292 290/290/290 293/293/293
f 294/294/294 293/293/293 290/290/290
f 294/294/294 295/295/295 293/293/293
f 289/289/289 296/296/296 290/290/290
f 296/296/296 294/294/294 290/290/290
f 297/297/297 295/295/295 294/294/294
f 296/296/296 297/297/297 294/294/294
f 295/295/295 297/297/297 298/298/298
f 296/296/296 299/299/299 297/297/297
f 299/299/299 300/300/300 297/297/297
f 299/299/299 301/301/301 300/300/300
f 297/297/297 302/302/302 298/298/298
f 300/300/300 302/302/302 297/297/297
f 300/300/300 301/301/301 302/302/302
f 301/301/301 303/303/303 302/302/302
f 296/296/296 289/289/289 304/304/304
f 304/304/304 289/289/289 286/286/286
f 304/304/304 305/305/305 296/296/296
f 286/286/286 305/305/305 304/304/304
f 305/305/305 299/299/299 296/296/296
f 306/306/306 305/305/305 286/286/286
f 299/299/299 305/305/305 306/306/306
f 286/286/286 281/281/281 306/306/306
f 307/307/307 306/306/306 281/281/281
f 306/306/306 307/307/307 299/299/299
f 308/308/308 307/307/307 281/281/281
f 283/283/283 308/308/308 281/281/281
f 308/308/308 309/309/309 307/307/307
f 309/309/309 299/299/299 307/307/307
f 308/308/308 283/283/283 310/310/310
f 310/310/310 311/311/311 308/308/308
f 285/285/285 310/310/310 283/283/283
f 310/310/310 285/285/285 312/312/312
f 312/312/312 311/311/311 310/310/310
f 285/285/285 271/271/271 312/312/312
f 299/299/299 309/309/309 313/313/313
f 299/299/299 313/313/313 301/301/301
f 314/314/314 312/312/312 271/271/271
f 269/269/269 314/314/314 271/271/271
f 269/269/269 315/315/315 314/314/314
f 314/314/314 315/315/315 316/316/316
f 315/315/315 269/269/269 272/272/272
f 312/312/312 314/314/314 317/317/317
f 314/314/314 316/316/316 317/317/317
f 311/311/311 312/312/312 318/318/318
f 312/312/312 317/317/317 318/318/318
f 319/319/319 313/313/313 309/309/309
f 320/320/320 319/319/319 309/309/309
f 320/320/320 309/309/309 308/308/308
f 308/308/308 319/319/319 320/320/320
f 319/319/319 321/321/321 313/313/313
f 313/313/313 321/321/321 301/301/301
f 318/318/318 317/317/317 322/322/322
f 316/316/316 323/323/323 317/317/317
f 323/323/323 322/322/322 317/317/317
f 311/311/311 318/318/318 324/324/324
f 324/324/324 318/318/318 322/322/322
f 325/325/325 322/322/322 323/323/323
f 326/326/326 323/323/323 316/316/316
f 325/325/325 323/323/323 326/326/326
f 326/326/326 327/327/327 325/325/325
f 328/328/328 327/327/327 326/326/326
f 326/326/326 329/329/329 328/328/328
f 316/316/316 329/329/329 326/326/326
f 330/330/330 322/322/322 325/325/325
f 324/324/324 322/322/322 330/330/330
f 327/327/327 330/330/330 325/325/325
f 331/331/331 329/329/329 316/316/316
f 329/329/329 331/331/331 328/328/328
f 332/332/332 331/331/331 316/316/316
f 316/316/316 315/315/315 332/332/332
f 333/333/333 331/331/331 332/332/332
f 332/332/332 315/315/315 333/333/333
f 331/331/331 333/333/333 328/328/328
f 315/315/315 272/272/272 333/333/333
f 334/334/334 324/324/324 330/330/330
f 334/334/334 330/330/330 327/327/327
f 334/334/334 327/327/327 335/335/335
f 336/336/336 324/324/324 334/334/334
f 336/336/336 334/334/334 335/335/335
f 324/324/324 336/336/336 337/337/337
f 311/311/311 324/324/324 337/337/337
f 311/311/311 337/337/337 338/338/338
f 336/336/336 338/338/338 337/337/337
f 311/311/311 338/338/338 339/339/339
f 311/311/311 339/339/339 308/308/308
f 338/338/338 340/340/340 339/339/339
f 340/340/340 308/308/308 339/339/339
f 341/341/341 338/338/338 336/336/336
f 341/341/341 340/340/340 338/338/338
f 341/341/341 336/336/336 342/342/342
f 336/336/336 335/335/335 342/342/342
f 340/340/340 343/343/343 308/308/308
f 343/343/343 319/319/319 308/308/308
f 340/340/340 341/341/341 344/344/344
f 341/341/341 342/342/342 344/344/344
f 343/343/343 345/345/345 319/319/319
f 345/345/345 321/321/321 319/319/319
f 343/343/343 340/340/340 346/346/346
f 344/344/344 346/346/346 340/340/340
f 346/346/346 345/345/345 343/343/343
f 345/345/345 346/346/346 347/347/347
f 347/347/347 346/346/346 348/348/348
f 344/344/344 348/348/348 346/346/346
f 349/349/349 345/345/345 347/347/347
f 349/349/349 321/321/321 345/345/345
f 349/349/349 347/347/347 348/348/348
f 350/350/350 344/344/344 342/342/342
f 344/344/344 351/351/351 348/348/348
f 351/351/351 344/344/344 350/350/350
f 351/351/351 352/352/352 348/348/348
f 348/348/348 352/352/352 349/349/349
f 351/351/351 353/353/353 352/352/352
f 353/353/353 354/354/354 352/352/352
f 352/352/352 354/354/354 355/355/355
f 355/355/355 349/349/349 352/352/352
f 356/356/356 355/355/355 354/354/354
f 321/321/321 349/349/349 357/357/357
f 355/355/355 357/357/357 349/349/349
f 358/358/358 355/355/355 356/356/356
f 357/357/357 355/355/355 358/358/358
f 358/358/358 356/356/356 359/359/359
f 321/321/321 357/357/357 360/360/360
f 360/360/360 357/357/357 358/358/358
f 358/358/358 359/359/359 360/360/360
f 321/321/321 360/360/360 301/301/301
f 361/361/361 360/360/360 359/359/359
f 359/359/359 362/362/362 361/361/361
f 361/361/361 362/362/362 303/303/303
f 301/301/301 363/363/363 303/303/303
f 360/360/360 363/363/363 301/301/301
f 363/363/363 360/360/360 361/361/361
f 303/303/303 363/363/363 361/361/361
f 366/366/366 365/365/365 364/364/364
f 365/365/365 366/366/366 367/367/367
f 367/367/367 368/368/368 365/365/365
f 366/366/366 335/335/335 367/367/367
f 368/368/368 367/367/367 369/369/369
f 367/367/367 335/335/335 369/369/369
f 335/335/335 327/327/327 369/369/369
f 370/370/370 369/369/369 327/327/327
f 370/370/370 368/368/368 369/369/369
f 370/370/370 371/371/371 368/368/368
f 327/327/327 328/328/328 370/370/370
f 370/370/370 328/328/328 371/371/371
f 372/372/372 368/368/368 371/371/371
f 366/366/366 373/373/373 335/335/335
f 335/335/335 373/373/373 342/342/342
f 342/342/342 373/373/373 350/350/350
f 374/374/374 373/373/373 366/366/366
f 375/375/375 374/374/374 366/366/366
f 350/350/350 373/373/373 376/376/376
f 377/377/377 350/350/350 376/376/376
f 373/373/373 378/378/378 376/376/376
f 379/379/379 371/371/371 328/328/328
f 380/380/380 379/379/379 328/328/328
f 381/381/381 379/379/379 380/380/380
f 333/333/333 380/380/380 328/328/328
f 371/371/371 379/379/379 382/382/382
f 381/381/381 382/382/382 379/379/379
f 333/333/333 383/383/383 380/380/380
f 383/383/383 333/333/333 272/272/272
f 383/383/383 272/272/272 384/384/384
f 384/384/384 272/272/272 247/247/247
f 383/383/383 385/385/385 380/380/380
f 385/385/385 383/383/383 384/384/384
f 385/385/385 386/386/386 380/380/380
f 386/386/386 385/385/385 384/384/384
f 386/386/386 381/381/381 380/380/380
f 384/384/384 247/247/247 387/387/387
f 384/384/384 387/387/387 386/386/386
f 242/242/242 387/387/387 247/247/247
f 386/386/386 387/387/387 388/388/388
f 386/386/386 388/388/388 381/381/381
f 389/389/389 388/388/388 387/387/387
f 387/387/387 242/242/242 389/389/389
f 388/388/388 389/389/389 381/381/381
f 242/242/242 390/390/390 389/389/389
f 389/389/389 391/391/391 381/381/381
f 389/389/389 390/390/390 391/391/391
f 381/381/381 392/392/392 382/382/382
f 392/392/392 381/381/381 391/391/391
f 390/390/390 242/242/242 393/393/393
f 393/393/393 242/242/242 241/241/241
f 393/393/393 241/241/241 394/394/394
f 390/390/390 393/393/393 394/394/394
f 239/239/239 394/394/394 241/241/241
f 239/239/239 395/395/395 394/394/394
f 394/394/394 395/395/395 390/390/390
f 395/395/395 239/239/239 235/235/235
f 390/390/390 395/395/395 396/396/396
f 235/235/235 396/396/396 395/395/395
f 390/390/390 396/396/396 391/391/391
f 396/396/396 235/235/235 238/238/238
f 396/396/396 238/238/238 397/397/397
f 391/391/391 396/396/396 397/397/397
f 238/238/238 398/398/398 397/397/397
f 397/397/397 398/398/398 399/399/399
f 397/397/397 399/399/399 391/391/391
f 391/391/391 399/399/399 392/392/392
f 392/392/392 399/399/399 400/400/400
f 392/392/392 400/400/400 401/401/401
f 382/382/382 392/392/392 401/401/401
f 402/402/402 382/382/382 401/401/401
f 371/371/371 382/382/382 402/402/402
f 371/371/371 402/402/402 403/403/403
f 371/371/371 403/403/403 372/372/372
f 403/403/403 402/402/402 372/372/372
f 402/402/402 401/401/401 404/404/404
f 402/402/402 404/404/404 372/372/372
f 401/401/401 405/405/405 404/404/404
f 404/404/404 406/406/406 372/372/372
f 409/409/409 408/408/408 407/407/407
f 410/410/410 409/409/409 407/407/407
f 410/410/410 411/411/411 409/409/409
f 411/411/411 412/412/412 409/409/409
f 413/413/413 412/412/412 411/411/411
f 413/413/413 411/411/411 414/414/414
f 411/411/411 415/415/415 414/414/414
f 414/414/414 415/415/415 416/416/416
f 417/417/417 411/411/411 410/410/410
f 417/417/417 415/415/415 411/411/411
f 407/407/407 418/418/418 410/410/410
f 410/410/410 418/418/418 417/417/417
f 415/415/415 419/419/419 416/416/416
f 420/420/420 416/416/416 419/419/419
f 421/421/421 420/420/420 419/419/419
f 419/419/419 415/415/415 421/421/421
f 418/418/418 407/407/407 422/422/422
f 407/407/407 423/423/423 422/422/422
f 421/421/421 424/424/424 420/420/420
f 425/425/425 420/420/420 424/424/424
f 424/424/424 426/426/426 425/425/425
f 424/424/424 421/421/421 427/427/427
f 426/426/426 424/424/424 427/427/427
f 421/421/421 428/428/428 427/427/427
f 429/429/429 426/426/426 427/427/427
f 429/429/429 427/427/427 428/428/428
f 428/428/428 421/421/421 430/430/430
f 415/415/415 430/430/430 421/421/421
f 428/428/428 430/430/430 429/429/429
f 431/431/431 426/426/426 429/429/429
f 432/432/432 431/431/431 429/429/429
f 433/433/433 432/432/432 429/429/429
f 430/430/430 433/433/433 429/429/429
f 431/431/431 434/434/434 426/426/426
f 431/431/431 435/435/435 434/434/434
f 431/431/431 432/432/432 435/435/435
f 434/434/434 435/435/435 436/436/436
f 435/435/435 437/437/437 436/436/436
f 435/435/435 432/432/432 437/437/437
f 438/438/438 436/436/436 437/437/437
f 439/439/439 438/438/438 437/437/437
f 440/440/440 438/438/438 439/439/439
f 441/441/441 440/440/440 439/439/439
f 442/442/442 439/439/439 437/437/437
f 442/442/442 441/441/441 439/439/439
f 432/432/432 443/443/443 437/437/437
f 442/442/442 437/437/437 443/443/443
f 443/443/443 444/444/444 442/442/442
f 445/445/445 443/443/443 432/432/432
f 445/445/445 444/444/444 443/443/443
f 432/432/432 446/446/446 445/445/445
f 444/444/444 445/445/445 446/446/446
f 446/446/446 432/432/432 447/447/447
f 432/432/432 433/433/433 447/447/447
f 442/442/442 448/448/448 441/441/441
f 442/442/442 444/444/444 449/449/449
f 442/442/442 449/449/449 448/448/448
f 444/444/444 450/450/450 449/449/449
f 449/449/449 450/450/450 451/451/451
f 448/448/448 452/452/452 441/441/441
f 441/441/441 452/452/452 453/453/453
f 449/449/449 454/454/454 448/448/448
f 448/448/448 454/454/454 452/452/452
f 449/449/449 451/451/451 454/454/454
f 454/454/454 455/455/455 452/452/452
f 452/452/452 455/455/455 456/456/456
f 455/455/455 457/457/457 456/456/456
f 457/457/457 455/455/455 458/458/458
f 457/457/457 458/458/458 459/459/459
f 454/454/454 460/460/460 455/455/455
f 454/454/454 451/451/451 460/460/460
f 458/458/458 455/455/455 460/460/460
f 460/460/460 451/451/451 458/458/458
f 444/444/444 461/461/461 450/450/450
f 461/461/461 444/444/444 462/462/462
f 446/446/446 462/462/462 444/444/444
f 462/462/462 463/463/463 461/461/461
f 450/450/450 461/461/461 463/463/463
f 464/464/464 450/450/450 463/463/463
f 463/463/463 462/462/462 465/465/465
f 446/446/446 465/465/465 462/462/462
f 463/463/463 465/465/465 464/464/464
f 464/464/464 465/465/465 466/466/466
f 467/467/467 465/465/465 446/446/446
f 467/467/467 446/446/446 447/447/447
f 465/465/465 468/468/468 466/466/466
f 467/467/467 468/468/468 465/465/465
f 469/469/469 467/467/467 447/447/447
f 469/469/469 447/447/447 433/433/433
f 470/470/470 468/468/468 467/467/467
f 471/471/471 467/467/467 469/469/469
f 467/467/467 471/471/471 470/470/470
f 433/433/433 472/472/472 469/469/469
f 472/472/472 471/471/471 469/469/469
f 433/433/433 473/473/473 472/472/472
f 430/430/430 473/473/473 433/433/433
f 473/473/473 474/474/474 472/472/472
f 474/474/474 473/473/473 430/430/430
f 472/472/472 474/474/474 471/471/471
f 430/430/430 415/415/415 474/474/474
f 474/474/474 415/415/415 475/475/475
f 475/475/475 471/471/471 474/474/474
f 417/417/417 475/475/475 415/415/415
f 476/476/476 471/471/471 475/475/475
f 417/417/417 476/476/476 475/475/475
f 471/471/471 476/476/476 470/470/470
f 477/477/477 468/468/468 470/470/470
f 468/468/468 477/477/477 466/466/466
f 417/417/417 478/478/478 476/476/476
f 478/478/478 417/417/417 418/418/418
f 470/470/470 476/476/476 479/479/479
f 479/479/479 477/477/477 470/470/470
f 418/418/418 480/480/480 478/478/478
f 418/418/418 422/422/422 480/480/480
f 476/476/476 481/481/481 479/479/479
f 478/478/478 481/481/481 476/476/476
f 482/482/482 481/481/481 478/478/478
f 478/478/478 480/480/480 483/483/483
f 483/483/483 482/482/482 478/478/478
f 484/484/484 479/479/479 481/481/481
f 482/482/482 484/484/484 481/481/481
f 485/485/485 480/480/480 422/422/422
f 486/486/486 483/483/483 480/480/480
f 486/486/486 480/480/480 485/485/485
f 485/485/485 422/422/422 487/487/487
f 422/422/422 488/488/488 487/487/487
f 489/489/489 487/487/487 488/488/488
f 487/487/487 489/489/489 490/490/490
f 487/487/487 490/490/490 485/485/485
f 491/491/491 485/485/485 490/490/490
f 491/491/491 486/486/486 485/485/485
f 492/492/492 486/486/486 491/491/491
f 493/493/493 479/479/479 484/484/484
f 494/494/494 484/484/484 482/482/482
f 494/494/494 493/493/493 484/484/484
f 495/495/495 482/482/482 483/483/483
f 495/495/495 494/494/494 482/482/482
f 483/483/483 486/486/486 496/496/496
f 483/483/483 496/496/496 495/495/495
f 486/486/486 492/492/492 497/497/497
f 496/496/496 486/486/486 497/497/497
f 492/492/492 498/498/498 497/497/497
f 497/497/497 498/498/498 496/496/496
f 499/499/499 498/498/498 492/492/492
f 498/498/498 499/499/499 500/500/500
f 496/496/496 498/498/498 500/500/500
f 499/499/499 501/501/501 500/500/500
f 502/502/502 495/495/495 496/496/496
f 502/502/502 494/494/494 495/495/495
f 500/500/500 502/502/502 496/496/496
f 500/500/500 501/501/501 503/503/503
f 503/503/503 502/502/502 500/500/500
f 503/503/503 494/494/494 502/502/502
f 494/494/494 503/503/503 493/493/493
f 501/501/501 504/504/504 503/503/503
f 505/505/505 493/493/493 503/503/503
f 503/503/503 504/504/504 505/505/505
f 493/493/493 505/505/505 479/479/479
f 477/477/477 479/479/479 505/505/505
f 506/506/506 505/505/505 504/504/504
f 506/506/506 477/477/477 505/505/505
f 504/504/504 507/507/507 506/506/506
f 508/508/508 477/477/477 506/506/506
f 508/508/508 466/466/466 477/477/477
f 507/507/507 509/509/509 506/506/506
f 509/509/509 507/507/507 510/510/510
f 511/511/511 508/508/508 506/506/506
f 511/511/511 506/506/506 509/509/509
f 509/509/509 510/510/510 512/512/512
f 513/513/513 512/512/512 510/510/510
f 513/513/513 514/514/514 512/512/512
f 514/514/514 515/515/515 512/512/512
f 515/515/515 516/516/516 512/512/512
f 516/516/516 515/515/515 517/517/517
f 509/509/509 518/518/518 511/511/511
f 509/509/509 512/512/512 518/518/518
f 511/511/511 518/518/518 508/508/508
f 518/518/518 512/512/512 516/516/516
f 518/518/518 519/519/519 508/508/508
f 516/516/516 519/519/519 518/518/518
f 520/520/520 508/508/508 519/519/519
f 466/466/466 508/508/508 520/520/520
f 521/521/521 520/520/520 519/519/519
f 516/516/516 521/521/521 519/519/519
f 517/517/517 522/522/522 516/516/516
f 523/523/523 522/522/522 517/517/517
f 522/522/522 523/523/523 524/524/524
f 520/520/520 525/525/525 466/466/466
f 520/520/520 521/521/521 525/525/525
f 525/525/525 521/521/521 526/526/526
f 516/516/516 527/527/527 521/521/521
f 522/522/522 527/527/527 516/516/516
f 526/526/526 521/521/521 527/527/527
f 522/522/522 528/528/528 527/527/527
f 524/524/524 528/528/528 522/522/522
f 527/527/527 528/528/528 526/526/526
f 529/529/529 466/466/466 525/525/525
f 466/466/466 529/529/529 464/464/464
f 528/528/528 524/524/524 530/530/530
f 531/531/531 530/530/530 524/524/524
f 526/526/526 532/532/532 525/525/525
f 532/532/532 529/529/529 525/525/525
f 533/533/533 528/528/528 530/530/530
f 534/534/534 526/526/526 528/528/528
f 534/534/534 528/528/528 533/533/533
f 533/533/533 530/530/530 535/535/535
f 536/536/536 534/534/534 533/533/533
f 535/535/535 536/536/536 533/533/533
f 537/537/537 535/535/535 530/530/530
f 530/530/530 538/538/538 537/537/537
f 537/537/537 538/538/538 539/539/539
f 538/538/538 540/540/540 539/539/539
f 537/537/537 541/541/541 535/535/535
f 541/541/541 537/537/537 539/539/539
f 539/539/539 540/540/540 542/542/542
f 542/542/542 540/540/540 543/543/543
f 544/544/544 542/542/542 543/543/543
f 545/545/545 539/539/539 542/542/542
f 539/539/539 545/545/545 541/541/541
f 535/535/535 541/541/541 546/546/546
f 546/546/546 536/536/536 535/535/535
f 545/545/545 542/542/542 547/547/547
f 544/544/544 547/547/547 542/542/542
f 548/548/548 541/541/541 545/545/545
f 546/546/546 541/541/541 548/548/548
f 545/545/545 547/547/547 548/548/548
f 549/549/549 546/546/546 548/548/548
f 549/549/549 548/548/548 547/547/547
f 536/536/536 546/546/546 550/550/550
f 550/550/550 546/546/546 549/549/549
f 536/536/536 550/550/550 551/551/551
f 534/534/534 536/536/536 551/551/551
f 550/550/550 552/552/552 551/551/551
f 552/552/552 550/550/550 549/549/549
f 534/534/534 551/551/551 553/553/553
f 553/553/553 551/551/551 552/552/552
f 554/554/554 552/552/552 549/549/549
f 554/554/554 549/549/549 555/555/555
f 549/549/549 547/547/547 555/555/555
f 556/556/556 552/552/552 554/554/554
f 552/552/552 556/556/556 553/553/553
f 557/557/557 534/534/534 553/553/553
f 526/526/526 534/534/534 557/557/557
f 558/558/558 553/553/553 556/556/556
f 558/558/558 557/557/557 553/553/553
f 557/557/557 558/558/558 559/559/559
f 558/558/558 556/556/556 560/560/560
f 560/560/560 556/556/556 554/554/554
f 559/559/559 558/558/558 560/560/560
f 557/557/557 561/561/561 526/526/526
f 532/532/532 526/526/526 561/561/561
f 561/561/561 562/562/562 532/532/532
f 561/561/561 557/557/557 563/563/563
f 557/557/557 559/559/559 563/563/563
f 562/562/562 561/561/561 563/563/563
f 560/560/560 554/554/554 564/564/564
f 564/564/564 559/559/559 560/560/560
f 565/565/565 532/532/532 562/562/562
f 529/529/529 532/532/532 565/565/565
f 562/562/562 563/563/563 566/566/566
f 559/559/559 566/566/566 563/563/563
f 567/567/567 529/529/529 565/565/565
f 565/565/565 562/562/562 568/568/568
f 567/567/567 565/565/565 568/568/568
f 529/529/529 567/567/567 569/569/569
f 464/464/464 529/529/529 569/569/569
f 570/570/570 569/569/569 567/567/567
f 571/571/571 464/464/464 569/569/569
f 570/570/570 571/571/571 569/569/569
f 571/571/571 572/572/572 464/464/464
f 572/572/572 450/450/450 464/464/464
f 573/573/573 572/572/572 571/571/571
f 450/450/450 572/572/572 573/573/573
f 571/571/571 570/570/570 573/573/573
f 450/450/450 573/573/573 451/451/451
f 451/451/451 573/573/573 570/570/570
f 570/570/570 567/567/567 574/574/574
f 570/570/570 574/574/574 451/451/451
f 567/567/567 568/568/568 574/574/574
f 458/458/458 451/451/451 574/574/574
f 575/575/575 574/574/574 568/568/568
f 574/574/574 575/575/575 458/458/458
f 576/576/576 568/568/568 562/562/562
f 576/576/576 575/575/575 568/568/568
f 458/458/458 575/575/575 577/577/577
f 575/575/575 576/576/576 577/577/577
f 577/577/577 576/576/576 578/578/578
f 577/577/577 578/578/578 579/579/579
f 577/577/577 579/579/579 458/458/458
f 579/579/579 459/459/459 458/458/458
f 459/459/459 579/579/579 580/580/580
f 578/578/578 580/580/580 579/579/579
f 459/459/459 580/580/580 581/581/581
f 562/562/562 582/582/582 576/576/576
f 582/582/582 562/562/562 566/566/566
f 576/576/576 582/582/582 583/583/583
f 576/576/576 583/583/583 578/578/578
f 566/566/566 583/583/583 582/582/582
f 581/581/581 580/580/580 584/584/584
f 584/584/584 585/585/585 581/581/581
f 586/586/586 584/584/584 580/580/580
f 586/586/586 580/580/580 578/578/578
f 585/585/585 584/584/584 586/586/586
f 583/583/583 566/566/566 587/587/587
f 578/578/578 583/583/583 587/587/587
f 588/588/588 587/587/587 566/566/566
f 588/588/588 566/566/566 559/559/559
f 559/559/559 589/589/589 588/588/588
f 587/587/587 588/588/588 589/589/589
f 589/589/589 590/590/590 587/587/587
f 589/589/589 559/559/559 564/564/564
f 564/564/564 590/590/590 589/589/589
f 587/587/587 591/591/591 578/578/578
f 590/590/590 591/591/591 587/587/587
f 586/586/586 578/578/578 592/592/592
f 578/578/578 591/591/591 592/592/592
f 585/585/585 586/586/586 593/593/593
f 592/592/592 593/593/593 586/586/586
f 593/593/593 594/594/594 585/585/585
f 594/594/594 595/595/595 585/585/585
f 596/596/596 592/592/592 591/591/591
f 592/592/592 596/596/596 593/593/593
f 591/591/591 590/590/590 596/596/596
f 596/596/596 597/597/597 593/593/593
f 596/596/596 598/598/598 597/597/597
f 598/598/598 596/596/596 599/599/599
f 599/599/599 596/596/596 590/590/590
f 600/600/600 590/590/590 564/564/564
f 600/600/600 564/564/564 554/554/554
f 601/601/601 599/599/599 590/590/590
f 600/600/600 601/601/601 590/590/590
f 554/554/554 601/601/601 600/600/600
f 599/599/599 601/601/601 602/602/602
f 602/602/602 601/601/601 603/603/603
f 554/554/554 603/603/603 601/601/601
f 603/603/603 604/604/604 602/602/602
f 604/604/604 603/603/603 605/605/605
f 605/605/605 603/603/603 606/606/606
f 554/554/554 607/607/607 603/603/603
f 606/606/606 603/603/603 607/607/607
f 555/555/555 607/607/607 554/554/554
f 608/608/608 606/606/606 607/607/607
f 608/608/608 607/607/607 555/555/555
f 606/606/606 608/608/608 609/609/609
f 609/609/609 608/608/608 610/610/610
f 608/608/608 555/555/555 610/610/610
f 610/610/610 611/611/611 609/609/609
f 610/610/610 612/612/612 611/611/611
f 555/555/555 613/613/613 610/610/610
f 610/610/610 613/613/613 612/612/612
f 547/547/547 613/613/613 555/555/555
f 547/547/547 544/544/544 613/613/613
f 614/614/614 612/612/612 613/613/613
f 613/613/613 544/544/544 614/614/614
f 612/612/612 614/614/614 615/615/615
f 544/544/544 615/615/615 614/614/614
f 615/615/615 616/616/616 612/612/612
f 615/615/615 544/544/544 617/617/617
f 615/615/615 618/618/618 616/616/616
f 615/615/615 617/617/617 618/618/618
f 621/621/621 620/620/620 619/619/619
f 622/622/622 619/619/619 620/620/620
f 620/620/620 623/623/623 622/622/622
f 624/624/624 623/623/623 620/620/620
f 622/622/622 625/625/625 619/619/619
f 622/622/622 623/623/623 625/625/625
f 624/624/624 626/626/626 623/623/623
f 627/627/627 626/626/626 624/624/624
f 627/627/627 628/628/628 626/626/626
f 627/627/627 629/629/629 628/628/628
f 628/628/628 629/629/629 630/630/630
f 628/628/628 630/630/630 631/631/631
f 628/628/628 631/631/631 632/632/632
f 619/619/619 625/625/625 633/633/633
f 633/633/633 634/634/634 619/619/619
f 633/633/633 635/635/635 634/634/634
f 635/635/635 636/636/636 634/634/634
f 623/623/623 637/637/637 625/625/625
f 637/637/637 623/623/623 626/626/626
f 637/637/637 638/638/638 625/625/625
f 639/639/639 633/633/633 625/625/625
f 633/633/633 639/639/639 635/635/635
f 625/625/625 638/638/638 639/639/639
f 636/636/636 635/635/635 640/640/640
f 641/641/641 636/636/636 640/640/640
f 640/640/640 642/642/642 641/641/641
f 643/643/643 642/642/642 640/640/640
f 642/642/642 643/643/643 644/644/644
f 645/645/645 640/640/640 635/635/635
f 645/645/645 643/643/643 640/640/640
f 639/639/639 646/646/646 635/635/635
f 646/646/646 645/645/645 635/635/635
f 639/639/639 645/645/645 646/646/646
f 643/643/643 647/647/647 644/644/644
f 644/644/644 647/647/647 648/648/648
f 645/645/645 649/649/649 643/643/643
f 643/643/643 649/649/649 647/647/647
f 639/639/639 650/650/650 645/645/645
f 650/650/650 639/639/639 638/638/638
f 650/650/650 649/649/649 645/645/645
f 647/647/647 651/651/651 648/648/648
f 652/652/652 648/648/648 651/651/651
f 652/652/652 651/651/651 653/653/653
f 649/649/649 654/654/654 647/647/647
f 655/655/655 651/651/651 647/647/647
f 654/654/654 655/655/655 647/647/647
f 656/656/656 653/653/653 651/651/651
f 655/655/655 656/656/656 651/651/651
f 656/656/656 657/657/657 653/653/653
f 655/655/655 657/657/657 656/656/656
f 657/657/657 658/658/658 653/653/653
f 657/657/657 655/655/655 659/659/659
f 660/660/660 657/657/657 659/659/659
f 661/661/661 658/658/658 657/657/657
f 660/660/660 661/661/661 657/657/657
f 661/661/661 662/662/662 658/658/658
f 661/661/661 663/663/663 662/662/662
f 661/661/661 664/664/664 663/663/663
f 664/664/664 661/661/661 660/660/660
f 664/664/664 665/665/665 663/663/663
f 665/665/665 664/664/664 666/666/666
f 664/664/664 660/660/660 666/666/666
f 666/666/666 667/667/667 665/665/665
f 667/667/667 666/666/666 668/668/668
f 668/668/668 666/666/666 660/660/660
f 660/660/660 669/669/669 668/668/668
f 667/667/667 668/668/668 670/670/670
f 668/668/668 669/669/669 670/670/670
f 670/670/670 669/669/669 671/671/671
f 672/672/672 659/659/659 655/655/655
f 672/672/672 655/655/655 654/654/654
f 669/669/669 660/660/660 673/673/673
f 659/659/659 673/673/673 660/660/660
f 671/671/671 669/669/669 674/674/674
f 674/674/674 675/675/675 671/671/671
f 674/674/674 669/669/669 676/676/676
f 669/669/669 673/673/673 677/677/677
f 669/669/669 677/677/677 676/676/676
f 674/674/674 676/676/676 678/678/678
f 674/674/674 678/678/678 675/675/675
f 679/679/679 676/676/676 677/677/677
f 678/678/678 676/676/676 679/679/679
f 680/680/680 678/678/678 679/679/679
f 678/678/678 681/681/681 675/675/675
f 681/681/681 678/678/678 680/680/680
f 675/675/675 681/681/681 682/682/682
f 675/675/675 682/682/682 683/683/683
f 682/682/682 684/684/684 683/683/683
f 679/679/679 677/677/677 685/685/685
f 673/673/673 685/685/685 677/677/677
f 681/681/681 680/680/680 686/686/686
f 686/686/686 682/682/682 681/681/681
f 680/680/680 682/682/682 686/686/686
f 682/682/682 687/687/687 684/684/684
f 684/684/684 687/687/687 688/688/688
f 680/680/680 679/679/679 689/689/689
f 685/685/685 689/689/689 679/679/679
f 689/689/689 690/690/690 680/680/680
f 680/680/680 691/691/691 682/682/682
f 687/687/687 682/682/682 691/691/691
f 680/680/680 690/690/690 691/691/691
f 692/692/692 688/688/688 687/687/687
f 693/693/693 688/688/688 692/692/692
f 691/691/691 694/694/694 687/687/687
f 691/691/691 690/690/690 694/694/694
f 692/692/692 687/687/687 694/694/694
f 692/692/692 694/694/694 695/695/695
f 690/690/690 695/695/695 694/694/694
f 692/692/692 696/696/696 693/693/693
f 695/695/695 696/696/696 692/692/692
f 696/696/696 697/697/697 693/693/693
f 693/693/693 697/697/697 698/698/698
f 697/697/697 696/696/696 699/699/699
f 699/699/699 696/696/696 695/695/695
f 700/700/700 697/697/697 699/699/699
f 701/701/701 695/695/695 690/690/690
f 695/695/695 701/701/701 699/699/699
f 701/701/701 702/702/702 699/699/699
f 703/703/703 700/700/700 699/699/699
f 702/702/702 703/703/703 699/699/699
f 700/700/700 703/703/703 704/704/704
f 701/701/701 690/690/690 705/705/705
f 701/701/701 705/705/705 706/706/706
f 690/690/690 707/707/707 705/705/705
f 690/690/690 689/689/689 707/707/707
f 701/701/701 708/708/708 702/702/702
f 706/706/706 708/708/708 701/701/701
f 705/705/705 707/707/707 709/709/709
f 706/706/706 705/705/705 709/709/709
f 707/707/707 710/710/710 709/709/709
f 711/711/711 709/709/709 710/710/710
f 706/706/706 709/709/709 711/711/711
f 707/707/707 689/689/689 712/712/712
f 689/689/689 685/685/685 712/712/712
f 707/707/707 712/712/712 713/713/713
f 685/685/685 713/713/713 712/712/712
f 710/710/710 707/707/707 713/713/713
f 713/713/713 685/685/685 714/714/714
f 685/685/685 673/673/673 714/714/714
f 708/708/708 715/715/715 702/702/702
f 708/708/708 706/706/706 715/715/715
f 713/713/713 716/716/716 710/710/710
f 716/716/716 713/713/713 714/714/714
f 673/673/673 717/717/717 714/714/714
f 659/659/659 717/717/717 673/673/673
f 718/718/718 714/714/714 717/717/717
f 716/716/716 714/714/714 718/718/718
f 717/717/717 659/659/659 718/718/718
f 716/716/716 718/718/718 719/719/719
f 716/716/716 719/719/719 710/710/710
f 718/718/718 659/659/659 720/720/720
f 720/720/720 719/719/719 718/718/718
f 721/721/721 720/720/720 659/659/659
f 672/672/672 721/721/721 659/659/659
f 720/720/720 721/721/721 722/722/722
f 721/721/721 672/672/672 722/722/722
f 719/719/719 720/720/720 723/723/723
f 720/720/720 722/722/722 723/723/723
f 672/672/672 724/724/724 722/722/722
f 654/654/654 724/724/724 672/672/672
f 725/725/725 724/724/724 654/654/654
f 654/654/654 649/649/649 725/725/725
f 650/650/650 725/725/725 649/649/649
f 726/726/726 722/722/722 724/724/724
f 726/726/726 724/724/724 725/725/725
f 725/725/725 650/650/650 727/727/727
f 725/725/725 727/727/727 726/726/726
f 728/728/728 726/726/726 727/727/727
f 726/726/726 729/729/729 722/722/722
f 723/723/723 722/722/722 729/729/729
f 728/728/728 729/729/729 726/726/726
f 730/730/730 727/727/727 650/650/650
f 638/638/638 730/730/730 650/650/650
f 729/729/729 731/731/731 723/723/723
f 729/729/729 728/728/728 731/731/731
f 727/727/727 730/730/730 732/732/732
f 727/727/727 732/732/732 728/728/728
f 733/733/733 730/730/730 638/638/638
f 730/730/730 733/733/733 732/732/732
f 723/723/723 731/731/731 734/734/734
f 735/735/735 734/734/734 731/731/731
f 734/734/734 719/719/719 723/723/723
f 734/734/734 736/736/736 719/719/719
f 736/736/736 710/710/710 719/719/719
f 737/737/737 736/736/736 734/734/734
f 735/735/735 737/737/737 734/734/734
f 736/736/736 738/738/738 710/710/710
f 737/737/737 738/738/738 736/736/736
f 739/739/739 738/738/738 737/737/737
f 740/740/740 710/710/710 738/738/738
f 740/740/740 711/711/711 710/710/710
f 741/741/741 735/735/735 731/731/731
f 728/728/728 741/741/741 731/731/731
f 728/728/728 742/742/742 741/741/741
f 742/742/742 743/743/743 741/741/741
f 743/743/743 735/735/735 741/741/741
f 735/735/735 743/743/743 744/744/744
f 743/743/743 742/742/742 745/745/745
f 745/745/745 744/744/744 743/743/743
f 744/744/744 745/745/745 742/742/742
f 739/739/739 746/746/746 738/738/738
f 738/738/738 746/746/746 740/740/740
f 728/728/728 747/747/747 742/742/742
f 732/732/732 747/747/747 728/728/728
f 748/748/748 747/747/747 732/732/732
f 748/748/748 732/732/732 733/733/733
f 747/747/747 749/749/749 742/742/742
f 747/747/747 748/748/748 749/749/749
f 733/733/733 750/750/750 748/748/748
f 638/638/638 750/750/750 733/733/733
f 751/751/751 750/750/750 638/638/638
f 751/751/751 638/638/638 637/637/637
f 748/748/748 750/750/750 752/752/752
f 751/751/751 752/752/752 750/750/750
f 751/751/751 637/637/637 753/753/753
f 751/751/751 753/753/753 752/752/752
f 626/626/626 753/753/753 637/637/637
f 752/752/752 754/754/754 748/748/748
f 749/749/749 748/748/748 754/754/754
f 753/753/753 754/754/754 752/752/752
f 626/626/626 755/755/755 753/753/753
f 628/628/628 755/755/755 626/626/626
f 754/754/754 753/753/753 756/756/756
f 755/755/755 756/756/756 753/753/753
f 757/757/757 755/755/755 628/628/628
f 628/628/628 632/632/632 757/757/757
f 755/755/755 758/758/758 756/756/756
f 758/758/758 755/755/755 757/757/757
f 759/759/759 754/754/754 756/756/756
f 756/756/756 758/758/758 759/759/759
f 749/749/749 754/754/754 760/760/760
f 760/760/760 754/754/754 759/759/759
f 761/761/761 757/757/757 632/632/632
f 761/761/761 758/758/758 757/757/757
f 759/759/759 758/758/758 762/762/762
f 762/762/762 758/758/758 761/761/761
f 761/761/761 632/632/632 763/763/763
f 763/763/763 762/762/762 761/761/761
f 632/632/632 764/764/764 763/763/763
f 765/765/765 763/763/763 764/764/764
f 765/765/765 764/764/764 766/766/766
f 767/767/767 765/765/765 766/766/766
f 765/765/765 768/768/768 763/763/763
f 768/768/768 762/762/762 763/763/763
f 767/767/767 769/769/769 765/765/765
f 769/769/769 768/768/768 765/765/765
f 767/767/767 770/770/770 769/769/769
f 759/759/759 762/762/762 771/771/771
f 759/759/759 771/771/771 760/760/760
f 768/768/768 772/772/772 762/762/762
f 762/762/762 772/772/772 771/771/771
f 768/768/768 769/769/769 773/773/773
f 770/770/770 773/773/773 769/769/769
f 773/773/773 772/772/772 768/768/768
f 772/772/772 774/774/774 771/771/771
f 771/771/771 774/774/774 760/760/760
f 775/775/775 772/772/772 773/773/773
f 772/772/772 775/775/775 774/774/774
f 773/773/773 770/770/770 776/776/776
f 776/776/776 775/775/775 773/773/773
f 777/777/777 760/760/760 774/774/774
f 777/777/777 774/774/774 775/775/775
f 770/770/770 778/778/778 776/776/776
f 779/779/779 778/778/778 770/770/770
f 778/778/778 779/779/779 780/780/780
f 781/781/781 775/775/775 776/776/776
f 781/781/781 776/776/776 778/778/778
f 775/775/775 781/781/781 777/777/777
f 780/780/780 781/781/781 778/778/778
f 760/760/760 777/777/777 782/782/782
f 749/749/749 760/760/760 782/782/782
f 742/742/742 749/749/749 782/782/782
f 781/781/781 783/783/783 777/777/777
f 781/781/781 780/780/780 783/783/783
f 783/783/783 782/782/782 777/777/777
f 783/783/783 784/784/784 782/782/782
f 785/785/785 742/742/742 782/782/782
f 782/782/782 784/784/784 785/785/785
f 785/785/785 744/744/744 742/742/742
f 744/744/744 785/785/785 784/784/784
f 783/783/783 780/780/780 786/786/786
f 784/784/784 783/783/783 786/786/786
f 780/780/780 787/787/787 786/786/786
f 786/786/786 788/788/788 784/784/784
f 784/784/784 788/788/788 789/789/789
f 784/784/784 789/789/789 790/790/790
f 784/784/784 790/790/790 744/744/744
f 791/791/791 744/744/744 790/790/790
f 735/735/735 744/744/744 791/791/791
f 792/792/792 735/735/735 791/791/791
f 792/792/792 737/737/737 735/735/735
f 737/737/737 792/792/792 791/791/791
f 791/791/791 739/739/739 737/737/737
f 793/793/793 791/791/791 790/790/790
f 791/791/791 793/793/793 739/739/739
f 790/790/790 794/794/794 793/793/793
f 794/794/794 790/790/790 795/795/795
f 794/794/794 795/795/795 793/793/793
f 793/793/793 795/795/795 796/796/796
f 739/739/739 793/793/793 796/796/796
f 739/739/739 796/796/796 797/797/797
f 798/798/798 739/739/739 797/797/797
f 746/746/746 739/739/739 798/798/798
f 746/746/746 798/798/798 799/799/799
f 799/799/799 798/798/798 800/800/800
f 799/799/799 740/740/740 746/746/746
f 801/801/801 799/799/799 800/800/800
f 799/799/799 802/802/802 740/740/740
f 799/799/799 801/801/801 802/802/802
f 711/711/711 740/740/740 802/802/802
f 803/803/803 802/802/802 801/801/801
f 711/711/711 802/802/802 804/804/804
f 804/804/804 802/802/802 803/803/803
f 711/711/711 804/804/804 706/706/706
f 803/803/803 805/805/805 804/804/804
f 803/803/803 806/806/806 805/805/805
f 807/807/807 706/706/706 804/804/804
f 805/805/805 807/807/807 804/804/804
f 715/715/715 706/706/706 807/807/807
f 807/807/807 805/805/805 808/808/808
f 806/806/806 808/808/808 805/805/805
f 715/715/715 807/807/807 808/808/808
f 806/806/806 809/809/809 808/808/808
f 809/809/809 715/715/715 808/808/808
f 809/809/809 806/806/806 810/810/810
f 715/715/715 809/809/809 702/702/702
f 811/811/811 809/809/809 810/810/810
f 702/702/702 809/809/809 811/811/811
f 810/810/810 812/812/812 811/811/811
f 702/702/702 811/811/811 813/813/813
f 812/812/812 813/813/813 811/811/811
f 813/813/813 703/703/703 702/702/702
f 813/813/813 812/812/812 814/814/814
f 812/812/812 815/815/815 814/814/814
f 814/814/814 815/815/815 816/816/816
f 816/816/816 817/817/817 814/814/814
f 813/813/813 814/814/814 817/817/817
f 816/816/816 818/818/818 817/817/817
f 703/703/703 813/813/813 819/819/819
f 819/819/819 813/813/813 817/817/817
f 703/703/703 819/819/819 820/820/820
f 819/819/819 817/817/817 820/820/820

