mtllib material.mtl
usemtl material_0
v 0.10540000 0.73175000 -0.02824000
v 0.10710000 0.73141000 -0.02301000
v 0.11347000 0.74822000 -0.02438000
v 0.11271000 0.75622000 -0.03019000
v 0.11668000 0.74822000 0.00000000
v 0.11668000 0.75622000 0.00000000
v 0.11347000 0.74822000 0.02439000
v 0.11271000 0.75622000 0.03020000
v 0.10710000 0.73141000 0.02302000
v 0.10540000 0.73175000 0.02825000
v 0.09954000 0.69181000 0.02667000
v 0.11046000 0.74822000 0.03562000
v 0.10426000 0.73141000 0.03362000
v 0.10105000 0.74822000 0.05834000
v 0.10105000 0.75622000 0.05834000
v 0.08608000 0.74822000 0.07785000
v 0.08251000 0.75622000 0.08251000
v 0.09799000 0.69175000 0.03160000
v 0.08125000 0.73141000 0.07348000
v 0.09773000 0.64111000 0.02619000
v 0.09851000 0.64107000 0.02117000
v 0.09590000 0.64107000 0.03093000
v 0.09726000 0.59168000 0.02090000
v 0.09660000 0.59178000 0.02589000
v 0.09468000 0.59168000 0.03053000
v 0.10452000 0.23868000 0.03371000
v 0.10664000 0.23858000 0.02858000
v 0.10736000 0.23868000 0.02307000
v 0.10947000 0.18925000 0.02934000
v 0.10742000 0.18929000 0.03464000
v 0.07716000 0.73175000 0.07716000
v 0.07287000 0.69181000 0.07287000
v 0.07636000 0.69175000 0.06906000
v 0.07473000 0.64107000 0.06759000
v 0.07155000 0.64111000 0.07155000
v 0.07378000 0.59168000 0.06673000
v 0.07785000 0.74822000 0.08608000
v 0.05834000 0.74822000 0.10105000
v 0.05834000 0.75622000 0.10105000
v 0.07348000 0.73141000 0.08125000
v 0.06906000 0.69175000 0.07636000
v 0.06759000 0.64107000 0.07473000
v 0.07072000 0.59178000 0.07072000
v 0.06673000 0.59168000 0.07378000
v 0.07366000 0.23868000 0.08145000
v 0.07807000 0.23858000 0.07807000
v 0.08145000 0.23868000 0.07366000
v 0.08371000 0.18929000 0.07571000
v 0.08014000 0.18925000 0.08014000
v 0.07571000 0.18929000 0.08371000
v 0.08634000 0.13861000 0.07809000
v 0.08239000 0.13855000 0.08239000
v 0.07809000 0.13861000 0.08634000
v 0.09199000 0.09831000 0.08320000
v 0.08735000 0.09799000 0.08735000
v 0.08320000 0.09831000 0.09199000
v 0.09329000 0.07414000 0.09329000
v 0.09733000 0.08214000 0.08803000
v 0.08803000 0.08214000 0.09733000
v 0.11426000 0.08214000 0.06597000
v 0.06597000 0.07414000 0.11426000
v 0.06597000 0.08214000 0.11426000
v 0.11426000 0.07414000 0.06597000
v 0.12490000 0.08214000 0.04028000
v 0.12744000 0.07414000 0.03415000
v 0.08237000 0.18930000 0.06758000
v 0.09301000 0.18930000 0.05370000
v 0.09620000 0.13872000 0.05555000
v 0.33643000 0.97784000 0.30902000
v 0.33639000 0.93052000 0.30902000
v 0.28690000 0.93052000 0.35851000
v 0.28694000 0.97784000 0.35851000
v 0.25472000 1.03810000 0.33273000
v 0.11182000 0.85820000 0.18983000
v 0.16131000 0.85820000 0.14034000
v 0.30421000 1.03810000 0.28324000
v 0.35946000 1.04592000 0.33209000
v 0.35950000 0.99904000 0.33209000
v 0.31001000 0.99904000 0.38158000
v 0.30998000 1.04592000 0.38158000
v 0.29441000 1.04592000 0.36601000
v 0.29441000 1.03810000 0.36601000
v 0.34390000 1.03810000 0.31652000
v 0.34390000 1.04592000 0.31652000
v -0.31000000 0.99904000 0.38158000
v -0.35949000 0.99904000 0.33209000
v -0.35945000 1.04592000 0.33209000
v -0.30996000 1.04592000 0.38158000
v -0.30395000 1.03810000 0.28324000
v -0.16105000 0.85820000 0.14034000
v -0.11156000 0.85820000 0.18983000
v -0.25446000 1.03810000 0.33273000
v 0.29829000 0.97784000 0.36986000
v 0.29829000 0.99904000 0.36986000
v 0.34778000 0.99904000 0.32037000
v 0.34778000 0.97784000 0.32037000
v -0.33638000 0.93052000 0.30902000
v -0.33642000 0.97784000 0.30902000
v -0.28692000 0.97784000 0.35851000
v -0.28689000 0.93052000 0.35851000
v 0.00000000 0.99904000 0.38158000
v 0.30998000 1.04592000 0.38158000
v 0.31001000 0.99904000 0.38158000
v 0.00000000 1.04592000 0.38158000
v -0.31000000 0.99904000 0.38158000
v -0.30996000 1.04592000 0.38158000
v 0.00000000 1.04592000 0.36601000
v 0.29441000 1.03810000 0.36601000
v 0.29441000 1.04592000 0.36601000
v 0.00000000 1.03810000 0.36601000
v -0.29440000 1.04592000 0.36601000
v -0.29440000 1.03810000 0.36601000
v 0.35950000 0.99904000 0.33209000
v 0.35946000 1.04592000 0.33209000
v 0.35946000 1.04592000 0.02367000
v 0.35950000 0.99904000 0.02367000
v 0.35946000 1.04592000 -0.34419000
v 0.35950000 0.99904000 -0.34419000
v 0.34390000 1.04592000 0.31652000
v 0.34390000 1.03810000 0.31652000
v 0.34390000 1.03810000 0.02367000
v 0.34390000 1.04592000 0.02367000
v 0.34390000 1.03810000 -0.33118000
v 0.34390000 1.04592000 -0.33118000
v 0.00000000 0.97784000 0.36986000
v 0.29829000 0.99904000 0.36986000
v 0.29829000 0.97784000 0.36986000
v 0.00000000 0.99904000 0.36986000
v -0.29828000 0.97784000 0.36986000
v -0.29828000 0.99904000 0.36986000
v 0.34778000 0.97784000 0.32037000
v 0.34778000 0.99904000 0.32037000
v 0.34778000 0.99904000 0.02367000
v 0.34778000 0.97784000 0.02367000
v 0.34766000 0.99904000 -0.34419000
v 0.34778000 0.97784000 -0.34419000
v 0.00000000 0.97784000 0.35851000
v 0.28694000 0.97784000 0.35851000
v 0.28690000 0.93052000 0.35851000
v 0.00000000 0.93052000 0.35851000
v -0.28692000 0.97784000 0.35851000
v -0.28689000 0.93052000 0.35851000
v 0.33643000 0.97784000 0.30902000
v 0.33639000 0.93052000 0.02367000
v 0.33639000 0.93052000 0.30902000
v 0.33643000 0.97784000 0.02367000
v 0.33639000 0.93052000 -0.34419000
v 0.33649000 0.97784000 -0.34419000
v 0.00000000 1.03810000 0.33273000
v 0.11182000 0.85820000 0.18983000
v 0.25472000 1.03810000 0.33273000
v 0.00000000 0.85820000 0.18983000
v -0.25446000 1.03810000 0.33273000
v -0.11156000 0.85820000 0.18983000
v 0.30421000 1.03810000 0.28324000
v 0.16131000 0.85820000 0.14034000
v 0.16131000 0.85820000 0.02367000
v 0.30421000 1.03810000 0.02367000
v 0.16131000 0.85820000 -0.13277000
v 0.30421000 1.03810000 -0.22611000
v 0.12664000 0.82595000 0.02367000
v 0.12664000 0.82595000 0.18506000
v 0.27452000 0.93052000 0.30401000
v 0.27452000 0.93052000 0.02367000
v 0.27452000 0.93052000 -0.22611000
v 0.12664000 0.82595000 -0.12799000
v 0.27452000 0.93052000 0.30401000
v 0.12664000 0.82595000 0.18506000
v -0.00020000 0.82595000 0.18506000
v 0.00000000 0.93052000 0.30401000
v -0.27451000 0.93052000 0.30401000
v -0.12703000 0.82595000 0.18506000
v 0.34778000 0.99904000 0.02367000
v 0.35950000 0.99904000 -0.34419000
v 0.34766000 0.99904000 -0.34419000
v 0.35950000 0.99904000 0.02367000
v 0.34778000 0.99904000 0.32037000
v 0.35950000 0.99904000 0.33209000
v 0.29829000 0.99904000 0.36986000
v 0.31001000 0.99904000 0.38158000
v 0.00000000 0.99904000 0.36986000
v 0.00000000 0.99904000 0.38158000
v -0.29828000 0.99904000 0.36986000
v -0.31000000 0.99904000 0.38158000
v -0.34777000 0.99904000 0.32037000
v -0.35949000 0.99904000 0.33209000
v -0.35949000 0.99904000 0.02367000
v -0.34777000 0.99904000 0.02367000
v -0.34767000 0.99904000 -0.34419000
v -0.35949000 0.99904000 -0.34419000
v 0.33643000 0.97784000 0.02367000
v 0.34778000 0.97784000 -0.34419000
v 0.33649000 0.97784000 -0.34419000
v 0.34778000 0.97784000 0.02367000
v 0.33643000 0.97784000 0.30902000
v 0.34778000 0.97784000 0.32037000
v 0.28694000 0.97784000 0.35851000
v 0.29829000 0.97784000 0.36986000
v 0.00000000 0.97784000 0.35851000
v 0.00000000 0.97784000 0.36986000
v -0.28692000 0.97784000 0.35851000
v -0.29828000 0.97784000 0.36986000
v -0.33642000 0.97784000 0.30902000
v -0.34777000 0.97784000 0.32037000
v -0.34777000 0.97784000 0.02367000
v -0.33642000 0.97784000 0.02367000
v -0.33681000 0.97784000 -0.34419000
v -0.34777000 0.97784000 -0.34419000
v -0.27608000 0.93052000 0.33265000
v -0.28689000 0.93052000 0.35851000
v 0.00000000 0.93052000 0.35851000
v 0.00000000 0.93052000 0.32927000
v 0.28690000 0.93052000 0.35851000
v -0.27451000 0.93052000 0.30401000
v -0.28689000 0.93052000 0.35851000
v -0.33638000 0.93052000 0.30902000
v -0.33638000 0.93052000 0.02367000
v -0.27451000 0.93052000 0.02367000
v -0.27451000 0.93052000 -0.22611000
v -0.33638000 0.93052000 -0.34419000
v 0.00000000 0.93052000 -0.22611000
v 0.00000000 0.93052000 -0.34419000
v 0.27452000 0.93052000 -0.22611000
v 0.33639000 0.93052000 -0.34419000
v 0.27452000 0.93052000 0.02367000
v 0.33639000 0.93052000 0.02367000
v 0.27452000 0.93052000 0.30401000
v 0.33639000 0.93052000 0.30902000
v 0.27610000 0.93052000 0.32928000
v 0.00000000 0.93052000 0.30401000
v -0.34389000 1.04592000 0.31652000
v -0.34389000 1.03810000 0.31652000
v -0.29440000 1.03810000 0.36601000
v -0.29440000 1.04592000 0.36601000
v -0.34777000 0.97784000 0.32037000
v -0.34777000 0.99904000 0.32037000
v -0.29828000 0.99904000 0.36986000
v -0.29828000 0.97784000 0.36986000
v -0.16105000 0.85820000 0.14034000
v 0.00000000 0.85820000 0.18983000
v -0.11156000 0.85820000 0.18983000
v 0.00000000 0.85820000 0.14034000
v 0.11182000 0.85820000 0.18983000
v 0.16131000 0.85820000 0.14034000
v 0.00000000 0.85820000 0.05927000
v 0.01714000 0.85820000 0.05468000
v -0.01713000 0.85820000 0.05468000
v -0.08200000 0.85820000 0.05616000
v -0.16105000 0.85820000 0.02367000
v -0.08500000 0.85820000 0.01469000
v -0.16105000 0.85820000 -0.13277000
v -0.02967000 0.85820000 0.04214000
v 0.00000000 0.84905000 0.04892000
v -0.01195000 0.84905000 0.04572000
v 0.01196000 0.84905000 0.04572000
v -0.02071000 0.84905000 0.03696000
v 0.02072000 0.84905000 0.03696000
v -0.03427000 0.85820000 0.02500000
v -0.02391000 0.84905000 0.02500000
v 0.02969000 0.85820000 0.04214000
v 0.02392000 0.84905000 0.02500000
v -0.08200000 0.85820000 -0.03161000
v -0.02967000 0.85820000 0.00787000
v -0.02071000 0.84905000 0.01304000
v -0.01713000 0.85820000 -0.00468000
v 0.00000000 0.85820000 -0.13277000
v -0.01195000 0.84905000 0.00429000
v 0.00000000 0.85820000 -0.00927000
v 0.00000000 0.84905000 0.00108000
v 0.16131000 0.85820000 -0.13277000
v 0.01714000 0.85820000 -0.00468000
v 0.01196000 0.84905000 0.00429000
v 0.08201000 0.85820000 -0.03161000
v 0.16131000 0.85820000 0.02367000
v 0.02969000 0.85820000 0.00787000
v 0.02072000 0.84905000 0.01304000
v 0.08501000 0.85820000 0.01469000
v 0.03428000 0.85820000 0.02500000
v 0.08201000 0.85820000 0.05616000
v 0.34390000 1.04592000 -0.33118000
v 0.34390000 1.03810000 -0.33118000
v 0.00000000 1.03810000 -0.33118000
v 0.00000000 1.04592000 -0.33118000
v -0.34389000 1.03810000 -0.33118000
v -0.34389000 1.04592000 -0.33118000
v -0.34389000 1.03810000 0.02367000
v -0.34389000 1.03810000 0.31652000
v -0.34389000 1.04592000 0.31652000
v -0.34389000 1.04592000 0.02367000
v -0.34389000 1.04592000 -0.33118000
v -0.34389000 1.03810000 -0.33118000
v 0.34778000 0.97784000 -0.34419000
v 0.34766000 0.99904000 -0.34419000
v 0.33649000 0.97784000 -0.34419000
v 0.00000000 0.97784000 -0.34419000
v 0.00000000 0.93052000 -0.34419000
v 0.33639000 0.93052000 -0.34419000
v -0.33681000 0.97784000 -0.34419000
v -0.33638000 0.93052000 -0.34419000
v -0.34767000 0.99904000 -0.34419000
v -0.34777000 0.97784000 -0.34419000
v 0.00000000 0.99904000 -0.34419000
v 0.35946000 1.04592000 -0.34419000
v 0.35950000 0.99904000 -0.34419000
v 0.00000000 1.04592000 -0.34419000
v -0.35945000 1.04592000 -0.34419000
v -0.35949000 0.99904000 -0.34419000
v -0.16105000 0.85820000 0.02367000
v -0.16105000 0.85820000 0.14034000
v -0.30395000 1.03810000 0.28324000
v -0.30395000 1.03810000 0.02367000
v -0.30395000 1.03810000 -0.22611000
v -0.16105000 0.85820000 -0.13277000
v -0.35945000 1.04592000 0.02367000
v -0.35945000 1.04592000 0.33209000
v -0.35949000 0.99904000 0.33209000
v -0.35949000 0.99904000 0.02367000
v -0.35949000 0.99904000 -0.34419000
v -0.35945000 1.04592000 -0.34419000
v -0.27451000 0.93052000 0.30401000
v -0.12703000 0.82595000 0.18506000
v -0.12703000 0.82595000 0.02367000
v -0.27451000 0.93052000 0.02367000
v -0.12703000 0.82595000 -0.12799000
v -0.27451000 0.93052000 -0.22611000
v -0.34777000 0.99904000 0.02367000
v -0.34777000 0.99904000 0.32037000
v -0.34777000 0.97784000 0.32037000
v -0.34777000 0.97784000 0.02367000
v -0.34777000 0.97784000 -0.34419000
v -0.34767000 0.99904000 -0.34419000
v -0.00020000 0.82595000 -0.12799000
v 0.12664000 0.82595000 -0.12799000
v 0.27452000 0.93052000 -0.22611000
v 0.00000000 0.93052000 -0.22611000
v -0.27451000 0.93052000 -0.22611000
v -0.12703000 0.82595000 -0.12799000
v -0.33642000 0.97784000 0.02367000
v -0.33642000 0.97784000 0.30902000
v -0.33638000 0.93052000 0.30902000
v -0.33638000 0.93052000 0.02367000
v -0.33638000 0.93052000 -0.34419000
v -0.33681000 0.97784000 -0.34419000
v -0.16105000 0.85820000 -0.13277000
v -0.30395000 1.03810000 -0.22611000
v 0.00000000 1.03810000 -0.22611000
v 0.00000000 0.85820000 -0.13277000
v 0.30421000 1.03810000 -0.22611000
v 0.16131000 0.85820000 -0.13277000
v 0.12664000 0.82595000 0.02367000
v 0.12664000 0.82595000 -0.12799000
v -0.00020000 0.82595000 -0.12799000
v -0.00020000 0.82595000 0.02367000
v -0.12703000 0.82595000 -0.12799000
v -0.12703000 0.82595000 0.02367000
v -0.00020000 0.82595000 0.18506000
v 0.12664000 0.82595000 0.18506000
v -0.12703000 0.82595000 0.18506000
v 0.00001000 0.74822000 0.11668000
v -0.01781000 0.74222000 0.10799000
v -0.02438000 0.74822000 0.11347000
v 0.00001000 0.74222000 0.11033000
v 0.02439000 0.74822000 0.11347000
v 0.01782000 0.74222000 0.10799000
v -0.01695000 0.73113000 0.10276000
v -0.02438000 0.74822000 0.11347000
v -0.02301000 0.73141000 0.10710000
v -0.02162000 0.69175000 0.10066000
v 0.00001000 0.73111000 0.10499000
v -0.01586000 0.69171000 0.09618000
v -0.01548000 0.64106000 0.09385000
v -0.02116000 0.64107000 0.09851000
v -0.01527000 0.59167000 0.09256000
v -0.02089000 0.59168000 0.09726000
v -0.02306000 0.23868000 0.10736000
v 0.01696000 0.73113000 0.10276000
v 0.00001000 0.69164000 0.09825000
v 0.00001000 0.64106000 0.09588000
v 0.02302000 0.73141000 0.10710000
v 0.02439000 0.74822000 0.11347000
v 0.02163000 0.69175000 0.10066000
v 0.01587000 0.69171000 0.09618000
v 0.02117000 0.64107000 0.09851000
v 0.01549000 0.64106000 0.09385000
v 0.02090000 0.59168000 0.09726000
v 0.00001000 0.59174000 0.09457000
v 0.01528000 0.59167000 0.09256000
v 0.00001000 0.23862000 0.10439000
v 0.01686000 0.23868000 0.10218000
v 0.02307000 0.23868000 0.10736000
v 0.02371000 0.18929000 0.11035000
v 0.01735000 0.18930000 0.10512000
v 0.02446000 0.13861000 0.11381000
v -0.01685000 0.23868000 0.10218000
v 0.01795000 0.13864000 0.10874000
v 0.02606000 0.09831000 0.12126000
v 0.00001000 0.18930000 0.10740000
v -0.01734000 0.18930000 0.10512000
v -0.02370000 0.18929000 0.11035000
v 0.00001000 0.13872000 0.11109000
v -0.01794000 0.13864000 0.10874000
v -0.02445000 0.13861000 0.11381000
v -0.01919000 0.09862000 0.11635000
v -0.02605000 0.09831000 0.12126000
v -0.02756000 0.08214000 0.12830000
v -0.02014000 0.08814000 0.12210000
v 0.00001000 0.09863000 0.11888000
v 0.01920000 0.09862000 0.11635000
v 0.02757000 0.08214000 0.12830000
v 0.02015000 0.08814000 0.12210000
v 0.00001000 0.08814000 0.12475000
v -0.02756000 0.08214000 0.12830000
v 0.00001000 0.08214000 0.13193000
v 0.02757000 0.08214000 0.12830000
v -0.13192000 0.07414000 0.00000000
v -0.13192000 0.08214000 0.00000000
v -0.12829000 0.08214000 0.02757000
v -0.12743000 0.07414000 0.03415000
v -0.12125000 0.09831000 0.02606000
v -0.11931000 0.09799000 0.03197000
v -0.11380000 0.13861000 0.02446000
v -0.11254000 0.13855000 0.03016000
v -0.11034000 0.18929000 0.02371000
v -0.11803000 0.09831000 0.03807000
v -0.12489000 0.08214000 0.04028000
v -0.11425000 0.08214000 0.06597000
v -0.11425000 0.07414000 0.06597000
v -0.09732000 0.08214000 0.08803000
v -0.09328000 0.07414000 0.09329000
v -0.11078000 0.13861000 0.03573000
v -0.10946000 0.18925000 0.02934000
v -0.10741000 0.18929000 0.03464000
v -0.10735000 0.23868000 0.02307000
v -0.10663000 0.23858000 0.02858000
v -0.10451000 0.23868000 0.03371000
v -0.09467000 0.59168000 0.03053000
v -0.09659000 0.59178000 0.02589000
v -0.09725000 0.59168000 0.02090000
v -0.09850000 0.64107000 0.02117000
v -0.09772000 0.64111000 0.02619000
v -0.09589000 0.64107000 0.03093000
v -0.10065000 0.69175000 0.02163000
v -0.09953000 0.69181000 0.02667000
v -0.09798000 0.69175000 0.03160000
v -0.10709000 0.73141000 0.02302000
v -0.10425000 0.73141000 0.03362000
v -0.10539000 0.73175000 0.02825000
v -0.11346000 0.74822000 0.02439000
v -0.11270000 0.75622000 0.03020000
v -0.11045000 0.74822000 0.03562000
v -0.11667000 0.74822000 0.00000000
v -0.10104000 0.75622000 0.05834000
v -0.11667000 0.75622000 0.00000000
v -0.10104000 0.74822000 0.05834000
v -0.11346000 0.74822000 -0.02438000
v -0.11270000 0.75622000 -0.03019000
v -0.10709000 0.73141000 -0.02301000
v -0.08250000 0.75622000 0.08251000
v -0.08607000 0.74822000 0.07785000
v -0.07715000 0.73175000 0.07716000
v -0.08124000 0.73141000 0.07348000
v -0.12743000 0.07414000 -0.03414000
v -0.12829000 0.08214000 -0.02756000
v -0.12125000 0.09831000 -0.02605000
v -0.11931000 0.09799000 -0.03196000
v -0.11254000 0.13855000 -0.03015000
v -0.11380000 0.13861000 -0.02445000
v -0.10946000 0.18925000 -0.02933000
v -0.11034000 0.18929000 -0.02370000
v -0.10663000 0.23858000 -0.02857000
v -0.10735000 0.23868000 -0.02306000
v -0.09725000 0.59168000 -0.02089000
v -0.11803000 0.09831000 -0.03806000
v -0.12489000 0.08214000 -0.04027000
v -0.11078000 0.13861000 -0.03572000
v -0.11425000 0.07414000 -0.06596000
v -0.10741000 0.18929000 -0.03463000
v -0.11425000 0.08214000 -0.06596000
v -0.10451000 0.23868000 -0.03370000
v -0.09328000 0.07414000 -0.09328000
v -0.09732000 0.08214000 -0.08802000
v -0.09198000 0.09831000 -0.08319000
v -0.09659000 0.59178000 -0.02588000
v -0.09467000 0.59168000 -0.03052000
v -0.09589000 0.64107000 -0.03092000
v -0.09772000 0.64111000 -0.02618000
v -0.09850000 0.64107000 -0.02116000
v -0.09798000 0.69175000 -0.03159000
v -0.09953000 0.69181000 -0.02666000
v -0.10065000 0.69175000 -0.02162000
v -0.10425000 0.73141000 -0.03361000
v -0.10539000 0.73175000 -0.02824000
v -0.11045000 0.74822000 -0.03561000
v -0.10104000 0.74822000 -0.05833000
v -0.10104000 0.75622000 -0.05833000
v -0.08607000 0.74822000 -0.07784000
v -0.08250000 0.75622000 -0.08250000
v -0.08124000 0.73141000 -0.07347000
v -0.07715000 0.73175000 -0.07715000
v -0.07286000 0.69181000 -0.07286000
v -0.07635000 0.69175000 -0.06905000
v -0.07472000 0.64107000 -0.06758000
v -0.07154000 0.64111000 -0.07154000
v -0.07377000 0.59168000 -0.06672000
v -0.07784000 0.74822000 -0.08607000
v -0.05833000 0.74822000 -0.10104000
v -0.05833000 0.75622000 -0.10104000
v -0.07347000 0.73141000 -0.08124000
v -0.06905000 0.69175000 -0.07635000
v -0.06758000 0.64107000 -0.07472000
v -0.07071000 0.59178000 -0.07071000
v -0.06672000 0.59168000 -0.07377000
v -0.07365000 0.23868000 -0.08144000
v -0.07806000 0.23858000 -0.07806000
v -0.08144000 0.23868000 -0.07365000
v -0.08370000 0.18929000 -0.07570000
v -0.08013000 0.18925000 -0.08013000
v -0.07570000 0.18929000 -0.08370000
v -0.08633000 0.13861000 -0.07808000
v -0.08238000 0.13855000 -0.08238000
v -0.07808000 0.13861000 -0.08633000
v -0.08734000 0.09799000 -0.08734000
v -0.08319000 0.09831000 -0.09198000
v -0.08802000 0.08214000 -0.09732000
v -0.06596000 0.07414000 -0.11425000
v -0.06596000 0.08214000 -0.11425000
v -0.11667000 0.74822000 0.00000000
v -0.10798000 0.74222000 -0.01781000
v -0.11346000 0.74822000 -0.02438000
v -0.11032000 0.74222000 0.00000000
v -0.11346000 0.74822000 0.02439000
v -0.10798000 0.74222000 0.01782000
v -0.10275000 0.73113000 -0.01695000
v -0.11346000 0.74822000 -0.02438000
v -0.10709000 0.73141000 -0.02301000
v -0.10065000 0.69175000 -0.02162000
v -0.10498000 0.73111000 0.00000000
v -0.09617000 0.69171000 -0.01586000
v -0.09384000 0.64106000 -0.01548000
v -0.09850000 0.64107000 -0.02116000
v -0.09255000 0.59167000 -0.01527000
v -0.09725000 0.59168000 -0.02089000
v -0.10735000 0.23868000 -0.02306000
v -0.10275000 0.73113000 0.01696000
v -0.09824000 0.69164000 0.00000000
v -0.09587000 0.64106000 0.00000000
v -0.10709000 0.73141000 0.02302000
v -0.11346000 0.74822000 0.02439000
v -0.10065000 0.69175000 0.02163000
v -0.09617000 0.69171000 0.01587000
v -0.09850000 0.64107000 0.02117000
v -0.09384000 0.64106000 0.01549000
v -0.09725000 0.59168000 0.02090000
v -0.09456000 0.59174000 0.00000000
v -0.09255000 0.59167000 0.01528000
v -0.10438000 0.23862000 0.00000000
v -0.10217000 0.23868000 0.01686000
v -0.10735000 0.23868000 0.02307000
v -0.11034000 0.18929000 0.02371000
v -0.10511000 0.18930000 0.01735000
v -0.11380000 0.13861000 0.02446000
v -0.10217000 0.23868000 -0.01685000
v -0.10873000 0.13864000 0.01795000
v -0.12125000 0.09831000 0.02606000
v -0.10739000 0.18930000 0.00000000
v -0.10511000 0.18930000 -0.01734000
v -0.11034000 0.18929000 -0.02370000
v -0.11108000 0.13872000 0.00000000
v -0.10873000 0.13864000 -0.01794000
v -0.11380000 0.13861000 -0.02445000
v -0.11634000 0.09862000 -0.01919000
v -0.12125000 0.09831000 -0.02605000
v -0.12829000 0.08214000 -0.02756000
v -0.12209000 0.08814000 -0.02014000
v -0.11887000 0.09863000 0.00000000
v -0.12474000 0.08814000 0.00000000
v -0.11634000 0.09862000 0.01920000
v -0.12829000 0.08214000 0.02757000
v -0.12209000 0.08814000 0.02015000
v -0.13192000 0.08214000 0.00000000
v -0.12829000 0.08214000 0.02757000
v -0.12829000 0.08214000 -0.02756000
v -0.10104000 0.74822000 0.05834000
v -0.10242000 0.74222000 0.03857000
v -0.11045000 0.74822000 0.03562000
v -0.09554000 0.74222000 0.05517000
v -0.08607000 0.74822000 0.07785000
v -0.09746000 0.73113000 0.03670000
v -0.08460000 0.74222000 0.06943000
v -0.09091000 0.73111000 0.05250000
v -0.09121000 0.69171000 0.03435000
v -0.08051000 0.73113000 0.06607000
v -0.08507000 0.69164000 0.04913000
v -0.08124000 0.73141000 0.07348000
v -0.08607000 0.74822000 0.07785000
v -0.07635000 0.69175000 0.06906000
v -0.07535000 0.69171000 0.06183000
v -0.07472000 0.64107000 0.06759000
v -0.07352000 0.64106000 0.06034000
v -0.07377000 0.59168000 0.06673000
v -0.08303000 0.64106000 0.04794000
v -0.08901000 0.64106000 0.03352000
v -0.07251000 0.59167000 0.05950000
v -0.08189000 0.59174000 0.04729000
v -0.08778000 0.59167000 0.03306000
v -0.09040000 0.23862000 0.05220000
v -0.09691000 0.23868000 0.03649000
v -0.08005000 0.23868000 0.06569000
v -0.08144000 0.23868000 0.07366000
v -0.08370000 0.18929000 0.07571000
v -0.08236000 0.18930000 0.06758000
v -0.08633000 0.13861000 0.07809000
v -0.09300000 0.18930000 0.05370000
v -0.09970000 0.18930000 0.03754000
v -0.08519000 0.13864000 0.06991000
v -0.09198000 0.09831000 0.08320000
v -0.09619000 0.13872000 0.05555000
v -0.10314000 0.13864000 0.03884000
v -0.11035000 0.09862000 0.04155000
v -0.10294000 0.09863000 0.05944000
v -0.11581000 0.08814000 0.04361000
v -0.09115000 0.09862000 0.07480000
v -0.09732000 0.08214000 0.08803000
v -0.09566000 0.08814000 0.07850000
v -0.10803000 0.08814000 0.06238000
v -0.12489000 0.08214000 0.04028000
v -0.11425000 0.08214000 0.06597000
v -0.09732000 0.08214000 0.08803000
v -0.10104000 0.74822000 -0.05833000
v -0.08460000 0.74222000 -0.06942000
v -0.08607000 0.74822000 -0.07784000
v -0.09554000 0.74222000 -0.05516000
v -0.11045000 0.74822000 -0.03561000
v -0.10242000 0.74222000 -0.03856000
v -0.08051000 0.73113000 -0.06606000
v -0.08607000 0.74822000 -0.07784000
v -0.08124000 0.73141000 -0.07347000
v -0.07635000 0.69175000 -0.06905000
v -0.09091000 0.73111000 -0.05249000
v -0.09746000 0.73113000 -0.03669000
v -0.07535000 0.69171000 -0.06182000
v -0.08507000 0.69164000 -0.04912000
v -0.09121000 0.69171000 -0.03434000
v -0.08901000 0.64106000 -0.03351000
v -0.08303000 0.64106000 -0.04793000
v -0.08778000 0.59167000 -0.03305000
v -0.07352000 0.64106000 -0.06033000
v -0.07472000 0.64107000 -0.06758000
v -0.08189000 0.59174000 -0.04728000
v -0.07251000 0.59167000 -0.05950000
v -0.07377000 0.59168000 -0.06672000
v -0.08144000 0.23868000 -0.07365000
v -0.09040000 0.23862000 -0.05219000
v -0.09691000 0.23868000 -0.03648000
v -0.09970000 0.18930000 -0.03753000
v -0.08005000 0.23868000 -0.06568000
v -0.09300000 0.18930000 -0.05369000
v -0.10314000 0.13864000 -0.03883000
v -0.08236000 0.18930000 -0.06757000
v -0.08370000 0.18929000 -0.07570000
v -0.09619000 0.13872000 -0.05554000
v -0.08519000 0.13864000 -0.06990000
v -0.08633000 0.13861000 -0.07808000
v -0.09115000 0.09862000 -0.07479000
v -0.09198000 0.09831000 -0.08319000
v -0.09732000 0.08214000 -0.08802000
v -0.09566000 0.08814000 -0.07849000
v -0.10294000 0.09863000 -0.05943000
v -0.11035000 0.09862000 -0.04154000
v -0.10803000 0.08814000 -0.06237000
v -0.09732000 0.08214000 -0.08802000
v -0.11581000 0.08814000 -0.04360000
v -0.11425000 0.08214000 -0.06596000
v -0.12489000 0.08214000 -0.04027000
v 0.00001000 0.74822000 -0.11667000
v 0.01782000 0.74222000 -0.10798000
v 0.02439000 0.74822000 -0.11346000
v 0.00001000 0.74222000 -0.11032000
v -0.02438000 0.74822000 -0.11346000
v -0.01781000 0.74222000 -0.10798000
v 0.01696000 0.73113000 -0.10275000
v 0.02439000 0.74822000 -0.11346000
v 0.02302000 0.73141000 -0.10709000
v 0.02163000 0.69175000 -0.10065000
v 0.00001000 0.73111000 -0.10498000
v 0.01587000 0.69171000 -0.09617000
v 0.01549000 0.64106000 -0.09384000
v 0.02117000 0.64107000 -0.09850000
v 0.01528000 0.59167000 -0.09255000
v 0.02090000 0.59168000 -0.09725000
v 0.02307000 0.23868000 -0.10735000
v -0.01695000 0.73113000 -0.10275000
v 0.00001000 0.69164000 -0.09824000
v 0.00001000 0.64106000 -0.09587000
v -0.02301000 0.73141000 -0.10709000
v -0.02438000 0.74822000 -0.11346000
v -0.02162000 0.69175000 -0.10065000
v -0.01586000 0.69171000 -0.09617000
v -0.02116000 0.64107000 -0.09850000
v -0.01548000 0.64106000 -0.09384000
v -0.02089000 0.59168000 -0.09725000
v 0.00001000 0.59174000 -0.09456000
v -0.01527000 0.59167000 -0.09255000
v 0.00001000 0.23862000 -0.10438000
v -0.01685000 0.23868000 -0.10217000
v -0.02306000 0.23868000 -0.10735000
v -0.02370000 0.18929000 -0.11034000
v -0.01734000 0.18930000 -0.10511000
v -0.02445000 0.13861000 -0.11380000
v 0.01686000 0.23868000 -0.10217000
v -0.01794000 0.13864000 -0.10873000
v -0.02605000 0.09831000 -0.12125000
v 0.00001000 0.18930000 -0.10739000
v 0.01735000 0.18930000 -0.10511000
v 0.02371000 0.18929000 -0.11034000
v 0.00001000 0.13872000 -0.11108000
v 0.01795000 0.13864000 -0.10873000
v 0.02446000 0.13861000 -0.11380000
v 0.01920000 0.09862000 -0.11634000
v 0.02606000 0.09831000 -0.12125000
v 0.02757000 0.08214000 -0.12829000
v 0.02015000 0.08814000 -0.12209000
v 0.00001000 0.09863000 -0.11887000
v -0.01919000 0.09862000 -0.11634000
v -0.02756000 0.08214000 -0.12829000
v -0.02014000 0.08814000 -0.12209000
v 0.00001000 0.08814000 -0.12474000
v 0.02757000 0.08214000 -0.12829000
v 0.00001000 0.08214000 -0.13192000
v -0.02756000 0.08214000 -0.12829000
v 0.10105000 0.74822000 -0.05833000
v 0.10243000 0.74222000 -0.03856000
v 0.11046000 0.74822000 -0.03561000
v 0.09555000 0.74222000 -0.05516000
v 0.08608000 0.74822000 -0.07784000
v 0.09747000 0.73113000 -0.03669000
v 0.08461000 0.74222000 -0.06942000
v 0.09092000 0.73111000 -0.05249000
v 0.09122000 0.69171000 -0.03434000
v 0.08052000 0.73113000 -0.06606000
v 0.08508000 0.69164000 -0.04912000
v 0.08125000 0.73141000 -0.07347000
v 0.08608000 0.74822000 -0.07784000
v 0.07636000 0.69175000 -0.06905000
v 0.07536000 0.69171000 -0.06182000
v 0.07473000 0.64107000 -0.06758000
v 0.07353000 0.64106000 -0.06033000
v 0.07378000 0.59168000 -0.06672000
v 0.08304000 0.64106000 -0.04793000
v 0.08902000 0.64106000 -0.03351000
v 0.07252000 0.59167000 -0.05949000
v 0.08190000 0.59174000 -0.04728000
v 0.08779000 0.59167000 -0.03305000
v 0.09041000 0.23862000 -0.05219000
v 0.09692000 0.23868000 -0.03648000
v 0.08006000 0.23868000 -0.06568000
v 0.08145000 0.23868000 -0.07365000
v 0.08371000 0.18929000 -0.07570000
v 0.08237000 0.18930000 -0.06757000
v 0.08634000 0.13861000 -0.07808000
v 0.09301000 0.18930000 -0.05369000
v 0.09971000 0.18930000 -0.03753000
v 0.08521000 0.13864000 -0.06990000
v 0.09199000 0.09831000 -0.08319000
v 0.09620000 0.13872000 -0.05554000
v 0.10315000 0.13864000 -0.03883000
v 0.11036000 0.09862000 -0.04154000
v 0.10295000 0.09863000 -0.05943000
v 0.11582000 0.08814000 -0.04360000
v 0.09116000 0.09862000 -0.07479000
v 0.09733000 0.08214000 -0.08802000
v 0.09567000 0.08814000 -0.07849000
v 0.10804000 0.08814000 -0.06237000
v 0.12490000 0.08214000 -0.04027000
v 0.11426000 0.08214000 -0.06596000
v 0.09733000 0.08214000 -0.08802000
v 0.11668000 0.74822000 0.00000000
v 0.10799000 0.74222000 0.01782000
v 0.11347000 0.74822000 0.02439000
v 0.11033000 0.74222000 0.00000000
v 0.11347000 0.74822000 -0.02438000
v 0.10276000 0.73113000 0.01696000
v 0.10799000 0.74222000 -0.01781000
v 0.10499000 0.73111000 0.00000000
v 0.09618000 0.69171000 0.01587000
v 0.10276000 0.73113000 -0.01695000
v 0.09825000 0.69164000 0.00000000
v 0.10710000 0.73141000 -0.02301000
v 0.11347000 0.74822000 -0.02438000
v 0.10066000 0.69175000 -0.02162000
v 0.09618000 0.69171000 -0.01586000
v 0.09851000 0.64107000 -0.02116000
v 0.09385000 0.64106000 -0.01548000
v 0.09726000 0.59168000 -0.02089000
v 0.09256000 0.59167000 -0.01527000
v 0.10218000 0.23868000 -0.01685000
v 0.10736000 0.23868000 -0.02306000
v 0.13193000 0.08214000 0.00000000
v 0.12210000 0.08814000 -0.02014000
v 0.12830000 0.08214000 -0.02756000
v 0.12475000 0.08814000 0.00000000
v 0.12830000 0.08214000 0.02757000
v 0.12210000 0.08814000 0.02015000
v 0.11635000 0.09862000 -0.01919000
v 0.12830000 0.08214000 -0.02756000
v 0.12126000 0.09831000 -0.02605000
v 0.11888000 0.09863000 0.00000000
v 0.10874000 0.13864000 -0.01794000
v 0.11381000 0.13861000 -0.02445000
v 0.11635000 0.09862000 0.01920000
v 0.12830000 0.08214000 0.02757000
v 0.12126000 0.09831000 0.02606000
v 0.11381000 0.13861000 0.02446000
v 0.11109000 0.13872000 0.00000000
v 0.10874000 0.13864000 0.01795000
v 0.11035000 0.18929000 0.02371000
v 0.10512000 0.18930000 0.01735000
v 0.10736000 0.23868000 0.02307000
v 0.10512000 0.18930000 -0.01734000
v 0.11035000 0.18929000 -0.02370000
v 0.10740000 0.18930000 0.00000000
v 0.10218000 0.23868000 0.01686000
v 0.10440000 0.23862000 0.00000000
v 0.09256000 0.59167000 0.01528000
v 0.09726000 0.59168000 0.02090000
v 0.09851000 0.64107000 0.02117000
v 0.09457000 0.59174000 0.00000000
v 0.09385000 0.64106000 0.01549000
v 0.10066000 0.69175000 0.02163000
v 0.09588000 0.64106000 0.00000000
v 0.10710000 0.73141000 0.02302000
v 0.11347000 0.74822000 0.02439000
v 0.10105000 0.74822000 0.05834000
v 0.08461000 0.74222000 0.06943000
v 0.08608000 0.74822000 0.07785000
v 0.09555000 0.74222000 0.05517000
v 0.11046000 0.74822000 0.03562000
v 0.10243000 0.74222000 0.03857000
v 0.08052000 0.73113000 0.06607000
v 0.08608000 0.74822000 0.07785000
v 0.08125000 0.73141000 0.07348000
v 0.07636000 0.69175000 0.06906000
v 0.09092000 0.73111000 0.05250000
v 0.09747000 0.73113000 0.03670000
v 0.07536000 0.69171000 0.06183000
v 0.08508000 0.69164000 0.04913000
v 0.09122000 0.69171000 0.03435000
v 0.08902000 0.64106000 0.03352000
v 0.08304000 0.64106000 0.04794000
v 0.08779000 0.59167000 0.03306000
v 0.07353000 0.64106000 0.06034000
v 0.07473000 0.64107000 0.06759000
v 0.08190000 0.59174000 0.04729000
v 0.07252000 0.59167000 0.05951000
v 0.07378000 0.59168000 0.06673000
v 0.09041000 0.23862000 0.05220000
v 0.09692000 0.23868000 0.03649000
v 0.11426000 0.08214000 0.06597000
v 0.11582000 0.08814000 0.04361000
v 0.12490000 0.08214000 0.04028000
v 0.10804000 0.08814000 0.06238000
v 0.09733000 0.08214000 0.08803000
v 0.11036000 0.09862000 0.04155000
v 0.09567000 0.08814000 0.07850000
v 0.10295000 0.09863000 0.05944000
v 0.10315000 0.13864000 0.03884000
v 0.09116000 0.09862000 0.07480000
v 0.09733000 0.08214000 0.08803000
v 0.09199000 0.09831000 0.08320000
v 0.08634000 0.13861000 0.07809000
v 0.08520000 0.13864000 0.06991000
v 0.08371000 0.18929000 0.07571000
v 0.08145000 0.23868000 0.07366000
v 0.08006000 0.23868000 0.06569000
v 0.09971000 0.18930000 0.03754000
v 0.05834000 0.75622000 0.10105000
v 0.05834000 0.74822000 0.10105000
v 0.03562000 0.74822000 0.11046000
v 0.03020000 0.75622000 0.11271000
v 0.03362000 0.73141000 0.10426000
v 0.02825000 0.73175000 0.10540000
v 0.02667000 0.69181000 0.09954000
v 0.03160000 0.69175000 0.09799000
v 0.03093000 0.64107000 0.09590000
v 0.02619000 0.64111000 0.09773000
v 0.03053000 0.59168000 0.09468000
v 0.02439000 0.74822000 0.11347000
v 0.02302000 0.73141000 0.10710000
v 0.00001000 0.74822000 0.11668000
v 0.02163000 0.69175000 0.10066000
v 0.00001000 0.75622000 0.11668000
v -0.02438000 0.74822000 0.11347000
v -0.03019000 0.75622000 0.11271000
v 0.02117000 0.64107000 0.09851000
v -0.02301000 0.73141000 0.10710000
v 0.02589000 0.59178000 0.09660000
v 0.02090000 0.59168000 0.09726000
v 0.02307000 0.23868000 0.10736000
v 0.02858000 0.23858000 0.10664000
v 0.03371000 0.23868000 0.10452000
v 0.03464000 0.18929000 0.10742000
v 0.02934000 0.18925000 0.10947000
v 0.02371000 0.18929000 0.11035000
v 0.03573000 0.13861000 0.11079000
v 0.03016000 0.13855000 0.11255000
v 0.02446000 0.13861000 0.11381000
v 0.03807000 0.09831000 0.11804000
v 0.03197000 0.09799000 0.11932000
v 0.02606000 0.09831000 0.12126000
v 0.03415000 0.07414000 0.12744000
v 0.04028000 0.08214000 0.12490000
v 0.06597000 0.08214000 0.11426000
v 0.06597000 0.07414000 0.11426000
v 0.02757000 0.08214000 0.12830000
v 0.00001000 0.07414000 0.13193000
v 0.00001000 0.08214000 0.13193000
v -0.03414000 0.07414000 0.12744000
v -0.02756000 0.08214000 0.12830000
v -0.02605000 0.09831000 0.12126000
v -0.03196000 0.09799000 0.11932000
v -0.03015000 0.13855000 0.11255000
v -0.02445000 0.13861000 0.11381000
v -0.02933000 0.18925000 0.10947000
v -0.02370000 0.18929000 0.11035000
v -0.02857000 0.23858000 0.10664000
v -0.02306000 0.23868000 0.10736000
v -0.02089000 0.59168000 0.09726000
v -0.03806000 0.09831000 0.11804000
v -0.04027000 0.08214000 0.12490000
v -0.06596000 0.07414000 0.11426000
v -0.06596000 0.08214000 0.11426000
v -0.03572000 0.13861000 0.11079000
v -0.03463000 0.18929000 0.10742000
v -0.03370000 0.23868000 0.10452000
v -0.02588000 0.59178000 0.09660000
v -0.03052000 0.59168000 0.09468000
v -0.03092000 0.64107000 0.09590000
v -0.02618000 0.64111000 0.09773000
v -0.02116000 0.64107000 0.09851000
v -0.03159000 0.69175000 0.09799000
v -0.02666000 0.69181000 0.09954000
v -0.02162000 0.69175000 0.10066000
v -0.03361000 0.73141000 0.10426000
v -0.02824000 0.73175000 0.10540000
v -0.03561000 0.74822000 0.11046000
v -0.05833000 0.74822000 0.10105000
v -0.05833000 0.75622000 0.10105000
v 0.05834000 0.74822000 0.10105000
v 0.03857000 0.74222000 0.10243000
v 0.03562000 0.74822000 0.11046000
v 0.05517000 0.74222000 0.09555000
v 0.07785000 0.74822000 0.08608000
v 0.03670000 0.73113000 0.09747000
v 0.06943000 0.74222000 0.08461000
v 0.05250000 0.73111000 0.09092000
v 0.03435000 0.69171000 0.09122000
v 0.06607000 0.73113000 0.08052000
v 0.04913000 0.69164000 0.08508000
v 0.07348000 0.73141000 0.08125000
v 0.07785000 0.74822000 0.08608000
v 0.06906000 0.69175000 0.07636000
v 0.06183000 0.69171000 0.07536000
v 0.06759000 0.64107000 0.07473000
v 0.06034000 0.64106000 0.07353000
v 0.06673000 0.59168000 0.07378000
v 0.04794000 0.64106000 0.08304000
v 0.03352000 0.64106000 0.08902000
v 0.05950000 0.59167000 0.07252000
v 0.04729000 0.59174000 0.08190000
v 0.03306000 0.59167000 0.08779000
v 0.05220000 0.23862000 0.09041000
v 0.03649000 0.23868000 0.09692000
v 0.06569000 0.23868000 0.08006000
v 0.07366000 0.23868000 0.08145000
v 0.07571000 0.18929000 0.08371000
v 0.06758000 0.18930000 0.08237000
v 0.07809000 0.13861000 0.08634000
v 0.05370000 0.18930000 0.09301000
v 0.03754000 0.18930000 0.09971000
v 0.06991000 0.13864000 0.08520000
v 0.08320000 0.09831000 0.09199000
v 0.05555000 0.13872000 0.09620000
v 0.03884000 0.13864000 0.10315000
v 0.04155000 0.09862000 0.11036000
v 0.05944000 0.09863000 0.10295000
v 0.04361000 0.08814000 0.11582000
v 0.07480000 0.09862000 0.09116000
v 0.08803000 0.08214000 0.09733000
v 0.07850000 0.08814000 0.09567000
v 0.06238000 0.08814000 0.10804000
v 0.04028000 0.08214000 0.12490000
v 0.06597000 0.08214000 0.11426000
v 0.08803000 0.08214000 0.09733000
v 0.03020000 0.75622000 -0.11270000
v 0.05834000 0.74822000 -0.10104000
v 0.05834000 0.75622000 -0.10104000
v 0.03562000 0.74822000 -0.11045000
v 0.02825000 0.73175000 -0.10539000
v 0.03362000 0.73141000 -0.10425000
v 0.02667000 0.69181000 -0.09953000
v 0.03160000 0.69175000 -0.09798000
v 0.02302000 0.73141000 -0.10709000
v 0.02439000 0.74822000 -0.11346000
v 0.00001000 0.75622000 -0.11667000
v 0.00001000 0.74822000 -0.11667000
v 0.02163000 0.69175000 -0.10065000
v -0.03019000 0.75622000 -0.11270000
v 0.02117000 0.64107000 -0.09850000
v -0.02438000 0.74822000 -0.11346000
v 0.02619000 0.64111000 -0.09772000
v 0.03093000 0.64107000 -0.09589000
v 0.02090000 0.59168000 -0.09725000
v 0.02589000 0.59178000 -0.09659000
v 0.03053000 0.59168000 -0.09467000
v 0.03371000 0.23868000 -0.10451000
v 0.02858000 0.23858000 -0.10663000
v 0.02307000 0.23868000 -0.10735000
v 0.02371000 0.18929000 -0.11034000
v 0.02934000 0.18925000 -0.10946000
v 0.03464000 0.18929000 -0.10741000
v 0.02446000 0.13861000 -0.11380000
v 0.03016000 0.13855000 -0.11254000
v 0.03573000 0.13861000 -0.11078000
v 0.02606000 0.09831000 -0.12125000
v 0.03197000 0.09799000 -0.11931000
v 0.03807000 0.09831000 -0.11803000
v 0.03415000 0.07414000 -0.12743000
v 0.04028000 0.08214000 -0.12489000
v 0.02757000 0.08214000 -0.12829000
v 0.00001000 0.08214000 -0.13192000
v 0.00001000 0.07414000 -0.13192000
v -0.02756000 0.08214000 -0.12829000
v -0.03414000 0.07414000 -0.12743000
v -0.02605000 0.09831000 -0.12125000
v -0.03196000 0.09799000 -0.11931000
v -0.02445000 0.13861000 -0.11380000
v -0.03806000 0.09831000 -0.11803000
v -0.04027000 0.08214000 -0.12489000
v -0.03015000 0.13855000 -0.11254000
v -0.02370000 0.18929000 -0.11034000
v -0.03572000 0.13861000 -0.11078000
v -0.02933000 0.18925000 -0.10946000
v 0.05834000 0.75622000 -0.10104000
v 0.05834000 0.74822000 -0.10104000
v 0.07785000 0.74822000 -0.08607000
v 0.08251000 0.75622000 -0.08250000
v 0.07348000 0.73141000 -0.08124000
v 0.07716000 0.73175000 -0.07715000
v 0.07287000 0.69181000 -0.07286000
v 0.06906000 0.69175000 -0.07635000
v 0.08125000 0.73141000 -0.07347000
v 0.06759000 0.64107000 -0.07472000
v 0.07636000 0.69175000 -0.06905000
v 0.07155000 0.64111000 -0.07154000
v 0.07473000 0.64107000 -0.06758000
v 0.06673000 0.59168000 -0.07377000
v 0.07072000 0.59178000 -0.07071000
v 0.06597000 0.07414000 -0.11425000
v 0.06597000 0.08214000 -0.11425000
v 0.09329000 0.07414000 -0.09328000
v 0.06597000 0.08214000 -0.11425000
v 0.06597000 0.07414000 -0.11425000
v 0.08803000 0.08214000 -0.09732000
v 0.08320000 0.09831000 -0.09198000
v 0.08735000 0.09799000 -0.08734000
v 0.08239000 0.13855000 -0.08238000
v 0.07809000 0.13861000 -0.08633000
v 0.08014000 0.18925000 -0.08013000
v 0.07571000 0.18929000 -0.08370000
v 0.07807000 0.23858000 -0.07806000
v 0.07366000 0.23868000 -0.08144000
v 0.08145000 0.23868000 -0.07365000
v 0.08371000 0.18929000 -0.07570000
v 0.07378000 0.59168000 -0.06672000
v 0.08634000 0.13861000 -0.07808000
v 0.09199000 0.09831000 -0.08319000
v 0.09733000 0.08214000 -0.08802000
v 0.11426000 0.07414000 -0.06596000
v 0.11426000 0.08214000 -0.06596000
v 0.12744000 0.07414000 -0.03414000
v 0.12490000 0.08214000 -0.04027000
v 0.11804000 0.09831000 -0.03806000
v 0.11932000 0.09799000 -0.03196000
v 0.11255000 0.13855000 -0.03015000
v 0.11079000 0.13861000 -0.03572000
v 0.10947000 0.18925000 -0.02933000
v 0.10742000 0.18929000 -0.03463000
v 0.10664000 0.23858000 -0.02857000
v 0.10452000 0.23868000 -0.03370000
v 0.09468000 0.59168000 -0.03052000
v 0.12126000 0.09831000 -0.02605000
v 0.12830000 0.08214000 -0.02756000
v 0.11381000 0.13861000 -0.02445000
v 0.13193000 0.07414000 0.00000000
v 0.11035000 0.18929000 -0.02370000
v 0.13193000 0.08214000 0.00000000
v 0.10736000 0.23868000 -0.02306000
v 0.12830000 0.08214000 0.02757000
v 0.12126000 0.09831000 0.02606000
v 0.09660000 0.59178000 -0.02588000
v 0.09726000 0.59168000 -0.02089000
v 0.09851000 0.64107000 -0.02116000
v 0.09773000 0.64111000 -0.02618000
v 0.09590000 0.64107000 -0.03092000
v 0.10066000 0.69175000 -0.02162000
v 0.09954000 0.69181000 -0.02666000
v 0.09799000 0.69175000 -0.03159000
v 0.10426000 0.73141000 -0.03361000
v 0.11046000 0.74822000 -0.03561000
v 0.10105000 0.75622000 -0.05833000
v 0.10105000 0.74822000 -0.05833000
v 0.08608000 0.74822000 -0.07784000
v 0.05834000 0.74822000 -0.10104000
v 0.06943000 0.74222000 -0.08460000
v 0.07785000 0.74822000 -0.08607000
v 0.05517000 0.74222000 -0.09554000
v 0.03562000 0.74822000 -0.11045000
v 0.03857000 0.74222000 -0.10242000
v 0.06607000 0.73113000 -0.08051000
v 0.07785000 0.74822000 -0.08607000
v 0.07348000 0.73141000 -0.08124000
v 0.06906000 0.69175000 -0.07635000
v 0.05250000 0.73111000 -0.09091000
v 0.03670000 0.73113000 -0.09746000
v 0.06183000 0.69171000 -0.07535000
v 0.04913000 0.69164000 -0.08507000
v 0.03435000 0.69171000 -0.09121000
v 0.03352000 0.64106000 -0.08901000
v 0.04794000 0.64106000 -0.08303000
v 0.03306000 0.59167000 -0.08778000
v 0.06034000 0.64106000 -0.07352000
v 0.06759000 0.64107000 -0.07472000
v 0.04729000 0.59174000 -0.08189000
v 0.05951000 0.59167000 -0.07251000
v 0.06673000 0.59168000 -0.07377000
v 0.07366000 0.23868000 -0.08144000
v 0.05220000 0.23862000 -0.09040000
v 0.03649000 0.23868000 -0.09691000
v 0.03754000 0.18930000 -0.09970000
v 0.06569000 0.23868000 -0.08005000
v 0.05370000 0.18930000 -0.09300000
v 0.03884000 0.13864000 -0.10314000
v 0.06758000 0.18930000 -0.08236000
v 0.07571000 0.18929000 -0.08370000
v 0.05555000 0.13872000 -0.09619000
v 0.06991000 0.13864000 -0.08519000
v 0.07809000 0.13861000 -0.08633000
v 0.07480000 0.09862000 -0.09115000
v 0.05944000 0.09863000 -0.10294000
v 0.04155000 0.09862000 -0.11035000
v 0.06238000 0.08814000 -0.10803000
v 0.04361000 0.08814000 -0.11581000
v 0.07850000 0.08814000 -0.09566000
v 0.08803000 0.08214000 -0.09732000
v 0.08320000 0.09831000 -0.09198000
v 0.08803000 0.08214000 -0.09732000
v 0.06597000 0.08214000 -0.11425000
v 0.04028000 0.08214000 -0.12489000
v -0.05833000 0.75622000 -0.10104000
v -0.05833000 0.74822000 -0.10104000
v -0.03561000 0.74822000 -0.11045000
v -0.06596000 0.08214000 -0.11425000
v -0.06596000 0.07414000 -0.11425000
v -0.05833000 0.74822000 -0.10104000
v -0.03856000 0.74222000 -0.10242000
v -0.03561000 0.74822000 -0.11045000
v -0.05516000 0.74222000 -0.09554000
v -0.07784000 0.74822000 -0.08607000
v -0.03669000 0.73113000 -0.09746000
v -0.06942000 0.74222000 -0.08460000
v -0.05249000 0.73111000 -0.09091000
v -0.03434000 0.69171000 -0.09121000
v -0.06606000 0.73113000 -0.08051000
v -0.04912000 0.69164000 -0.08507000
v -0.07347000 0.73141000 -0.08124000
v -0.07784000 0.74822000 -0.08607000
v -0.06905000 0.69175000 -0.07635000
v -0.06182000 0.69171000 -0.07535000
v -0.06758000 0.64107000 -0.07472000
v -0.06033000 0.64106000 -0.07352000
v -0.06672000 0.59168000 -0.07377000
v -0.04793000 0.64106000 -0.08303000
v -0.03351000 0.64106000 -0.08901000
v -0.05949000 0.59167000 -0.07251000
v -0.04728000 0.59174000 -0.08189000
v -0.03305000 0.59167000 -0.08778000
v -0.05219000 0.23862000 -0.09040000
v -0.03648000 0.23868000 -0.09691000
v -0.06568000 0.23868000 -0.08005000
v -0.07365000 0.23868000 -0.08144000
v -0.07570000 0.18929000 -0.08370000
v -0.06757000 0.18930000 -0.08236000
v -0.07808000 0.13861000 -0.08633000
v -0.05369000 0.18930000 -0.09300000
v -0.03753000 0.18930000 -0.09970000
v -0.06990000 0.13864000 -0.08519000
v -0.08319000 0.09831000 -0.09198000
v -0.05554000 0.13872000 -0.09619000
v -0.03883000 0.13864000 -0.10314000
v -0.04154000 0.09862000 -0.11035000
v -0.05943000 0.09863000 -0.10294000
v -0.04360000 0.08814000 -0.11581000
v -0.07479000 0.09862000 -0.09115000
v -0.08802000 0.08214000 -0.09732000
v -0.07849000 0.08814000 -0.09566000
v -0.06237000 0.08814000 -0.10803000
v -0.04027000 0.08214000 -0.12489000
v -0.06596000 0.08214000 -0.11425000
v -0.08802000 0.08214000 -0.09732000
v -0.05833000 0.75622000 0.10105000
v -0.05833000 0.74822000 0.10105000
v -0.07784000 0.74822000 0.08608000
v -0.07347000 0.73141000 0.08125000
v -0.07286000 0.69181000 0.07287000
v -0.06905000 0.69175000 0.07636000
v -0.06758000 0.64107000 0.07473000
v -0.07635000 0.69175000 0.06906000
v -0.07154000 0.64111000 0.07155000
v -0.07472000 0.64107000 0.06759000
v -0.06672000 0.59168000 0.07378000
v -0.07071000 0.59178000 0.07072000
v -0.07377000 0.59168000 0.06673000
v -0.08144000 0.23868000 0.07366000
v -0.07806000 0.23858000 0.07807000
v -0.07365000 0.23868000 0.08145000
v -0.07570000 0.18929000 0.08371000
v -0.08013000 0.18925000 0.08014000
v -0.08370000 0.18929000 0.07571000
v -0.07808000 0.13861000 0.08634000
v -0.08238000 0.13855000 0.08239000
v -0.08633000 0.13861000 0.07809000
v -0.08319000 0.09831000 0.09199000
v -0.08734000 0.09799000 0.08735000
v -0.09198000 0.09831000 0.08320000
v -0.08802000 0.08214000 0.09733000
v -0.06596000 0.08214000 0.11426000
v -0.06596000 0.07414000 0.11426000
v -0.05833000 0.74822000 0.10105000
v -0.06942000 0.74222000 0.08461000
v -0.07784000 0.74822000 0.08608000
v -0.05516000 0.74222000 0.09555000
v -0.03561000 0.74822000 0.11046000
v -0.03856000 0.74222000 0.10243000
v -0.06606000 0.73113000 0.08052000
v -0.07784000 0.74822000 0.08608000
v -0.07347000 0.73141000 0.08125000
v -0.06905000 0.69175000 0.07636000
v -0.05249000 0.73111000 0.09092000
v -0.03669000 0.73113000 0.09747000
v -0.06182000 0.69171000 0.07536000
v -0.04912000 0.69164000 0.08508000
v -0.03434000 0.69171000 0.09122000
v -0.03351000 0.64106000 0.08902000
v -0.04793000 0.64106000 0.08304000
v -0.03305000 0.59167000 0.08779000
v -0.06033000 0.64106000 0.07353000
v -0.06758000 0.64107000 0.07473000
v -0.04728000 0.59174000 0.08190000
v -0.05949000 0.59167000 0.07252000
v -0.06672000 0.59168000 0.07378000
v -0.07365000 0.23868000 0.08145000
v -0.05219000 0.23862000 0.09041000
v -0.03648000 0.23868000 0.09692000
v -0.03753000 0.18930000 0.09971000
v -0.06568000 0.23868000 0.08006000
v -0.05369000 0.18930000 0.09301000
v -0.03883000 0.13864000 0.10315000
v -0.06757000 0.18930000 0.08237000
v -0.07570000 0.18929000 0.08371000
v -0.05554000 0.13872000 0.09620000
v -0.06990000 0.13864000 0.08520000
v -0.07808000 0.13861000 0.08634000
v -0.07479000 0.09862000 0.09116000
v -0.08319000 0.09831000 0.09199000
v -0.08802000 0.08214000 0.09733000
v -0.07849000 0.08814000 0.09567000
v -0.05943000 0.09863000 0.10295000
v -0.04154000 0.09862000 0.11036000
v -0.06237000 0.08814000 0.10804000
v -0.08802000 0.08214000 0.09733000
v -0.04360000 0.08814000 0.11582000
v -0.06596000 0.08214000 0.11426000
v -0.04027000 0.08214000 0.12490000
v -0.11045000 0.74822000 0.03562000
v -0.10242000 0.74222000 0.03857000
v -0.09746000 0.73113000 0.03670000
v -0.10425000 0.73141000 0.03362000
v -0.09798000 0.69175000 0.03160000
v -0.09121000 0.69171000 0.03435000
v -0.08901000 0.64106000 0.03352000
v -0.09589000 0.64107000 0.03093000
v -0.08778000 0.59167000 0.03306000
v -0.09467000 0.59168000 0.03053000
v -0.10451000 0.23868000 0.03371000
v -0.09691000 0.23868000 0.03649000
v -0.09970000 0.18930000 0.03754000
v -0.10741000 0.18929000 0.03464000
v -0.10314000 0.13864000 0.03884000
v -0.11078000 0.13861000 0.03573000
v -0.11035000 0.09862000 0.04155000
v -0.11803000 0.09831000 0.03807000
v -0.12489000 0.08214000 0.04028000
v -0.11581000 0.08814000 0.04361000
v -0.10425000 0.73141000 -0.03361000
v -0.10242000 0.74222000 -0.03856000
v -0.11045000 0.74822000 -0.03561000
v -0.09746000 0.73113000 -0.03669000
v -0.09798000 0.69175000 -0.03159000
v -0.09121000 0.69171000 -0.03434000
v -0.09589000 0.64107000 -0.03092000
v -0.08901000 0.64106000 -0.03351000
v -0.09467000 0.59168000 -0.03052000
v -0.08778000 0.59167000 -0.03305000
v -0.09691000 0.23868000 -0.03648000
v -0.10451000 0.23868000 -0.03370000
v -0.10741000 0.18929000 -0.03463000
v -0.09970000 0.18930000 -0.03753000
v -0.11078000 0.13861000 -0.03572000
v -0.10314000 0.13864000 -0.03883000
v -0.11803000 0.09831000 -0.03806000
v -0.11035000 0.09862000 -0.04154000
v -0.12489000 0.08214000 -0.04027000
v -0.11581000 0.08814000 -0.04360000
v 0.11046000 0.74822000 -0.03561000
v 0.10243000 0.74222000 -0.03856000
v 0.09747000 0.73113000 -0.03669000
v 0.10426000 0.73141000 -0.03361000
v 0.09799000 0.69175000 -0.03159000
v 0.09122000 0.69171000 -0.03434000
v 0.08902000 0.64106000 -0.03351000
v 0.09590000 0.64107000 -0.03092000
v 0.08779000 0.59167000 -0.03305000
v 0.09468000 0.59168000 -0.03052000
v 0.10452000 0.23868000 -0.03370000
v 0.09692000 0.23868000 -0.03648000
v 0.09971000 0.18930000 -0.03753000
v 0.10742000 0.18929000 -0.03463000
v 0.10315000 0.13864000 -0.03883000
v 0.11079000 0.13861000 -0.03572000
v 0.11036000 0.09862000 -0.04154000
v 0.11804000 0.09831000 -0.03806000
v 0.12490000 0.08214000 -0.04027000
v 0.11582000 0.08814000 -0.04360000
v 0.10426000 0.73141000 0.03362000
v 0.10243000 0.74222000 0.03857000
v 0.11046000 0.74822000 0.03562000
v 0.09747000 0.73113000 0.03670000
v 0.09799000 0.69175000 0.03160000
v 0.09122000 0.69171000 0.03435000
v 0.09590000 0.64107000 0.03093000
v 0.08902000 0.64106000 0.03352000
v 0.09468000 0.59168000 0.03053000
v 0.08779000 0.59167000 0.03306000
v 0.09692000 0.23868000 0.03649000
v 0.10452000 0.23868000 0.03371000
v 0.10742000 0.18929000 0.03464000
v 0.09971000 0.18930000 0.03754000
v 0.11079000 0.13861000 0.03573000
v 0.10315000 0.13864000 0.03884000
v 0.11804000 0.09831000 0.03807000
v 0.11036000 0.09862000 0.04155000
v 0.03562000 0.74822000 0.11046000
v 0.03857000 0.74222000 0.10243000
v 0.03670000 0.73113000 0.09747000
v 0.03362000 0.73141000 0.10426000
v 0.03160000 0.69175000 0.09799000
v 0.03435000 0.69171000 0.09122000
v 0.03352000 0.64106000 0.08902000
v 0.03093000 0.64107000 0.09590000
v 0.03306000 0.59167000 0.08779000
v 0.03053000 0.59168000 0.09468000
v 0.03371000 0.23868000 0.10452000
v 0.03649000 0.23868000 0.09692000
v 0.03754000 0.18930000 0.09971000
v 0.03464000 0.18929000 0.10742000
v 0.03884000 0.13864000 0.10315000
v 0.03573000 0.13861000 0.11079000
v 0.04155000 0.09862000 0.11036000
v 0.03807000 0.09831000 0.11804000
v 0.04028000 0.08214000 0.12490000
v 0.04361000 0.08814000 0.11582000
v 0.03362000 0.73141000 -0.10425000
v 0.03857000 0.74222000 -0.10242000
v 0.03562000 0.74822000 -0.11045000
v 0.03670000 0.73113000 -0.09746000
v 0.03160000 0.69175000 -0.09798000
v 0.03435000 0.69171000 -0.09121000
v 0.03093000 0.64107000 -0.09589000
v 0.03352000 0.64106000 -0.08901000
v 0.03053000 0.59168000 -0.09467000
v 0.03306000 0.59167000 -0.08778000
v 0.03649000 0.23868000 -0.09691000
v 0.03371000 0.23868000 -0.10451000
v 0.03464000 0.18929000 -0.10741000
v 0.03754000 0.18930000 -0.09970000
v 0.03573000 0.13861000 -0.11078000
v 0.03884000 0.13864000 -0.10314000
v 0.03807000 0.09831000 -0.11803000
v 0.04155000 0.09862000 -0.11035000
v 0.04028000 0.08214000 -0.12489000
v 0.04361000 0.08814000 -0.11581000
v -0.03361000 0.73141000 -0.10425000
v -0.02824000 0.73175000 -0.10539000
v -0.02666000 0.69181000 -0.09953000
v -0.02301000 0.73141000 -0.10709000
v -0.03561000 0.74822000 -0.11045000
v -0.03856000 0.74222000 -0.10242000
v -0.03669000 0.73113000 -0.09746000
v -0.03361000 0.73141000 -0.10425000
v -0.03159000 0.69175000 -0.09798000
v -0.03434000 0.69171000 -0.09121000
v -0.03351000 0.64106000 -0.08901000
v -0.03092000 0.64107000 -0.09589000
v -0.03305000 0.59167000 -0.08778000
v -0.03052000 0.59168000 -0.09467000
v -0.03370000 0.23868000 -0.10451000
v -0.03648000 0.23868000 -0.09691000
v -0.03753000 0.18930000 -0.09970000
v -0.03463000 0.18929000 -0.10741000
v -0.03883000 0.13864000 -0.10314000
v -0.03572000 0.13861000 -0.11078000
v -0.04154000 0.09862000 -0.11035000
v -0.03806000 0.09831000 -0.11803000
v -0.04027000 0.08214000 -0.12489000
v -0.04360000 0.08814000 -0.11581000
v -0.03361000 0.73141000 0.10426000
v -0.03856000 0.74222000 0.10243000
v -0.03561000 0.74822000 0.11046000
v -0.03669000 0.73113000 0.09747000
v -0.03159000 0.69175000 0.09799000
v -0.03434000 0.69171000 0.09122000
v -0.03092000 0.64107000 0.09590000
v -0.03351000 0.64106000 0.08902000
v -0.03052000 0.59168000 0.09468000
v -0.03305000 0.59167000 0.08779000
v -0.03648000 0.23868000 0.09692000
v -0.03370000 0.23868000 0.10452000
v -0.03463000 0.18929000 0.10742000
v -0.03753000 0.18930000 0.09971000
v -0.03572000 0.13861000 0.11079000
v -0.03883000 0.13864000 0.10315000
v -0.03806000 0.09831000 0.11804000
v -0.04154000 0.09862000 0.11036000
v -0.04027000 0.08214000 0.12490000
v -0.04360000 0.08814000 0.11582000
v -0.03463000 0.18929000 -0.10741000
v -0.02857000 0.23858000 -0.10663000
v -0.03370000 0.23868000 -0.10451000
v -0.03052000 0.59168000 -0.09467000
v -0.02306000 0.23868000 -0.10735000
v -0.02588000 0.59178000 -0.09659000
v -0.02089000 0.59168000 -0.09725000
v -0.02116000 0.64107000 -0.09850000
v -0.02618000 0.64111000 -0.09772000
v -0.03092000 0.64107000 -0.09589000
v -0.02162000 0.69175000 -0.10065000
v -0.03159000 0.69175000 -0.09798000
v 0.11035000 0.18929000 0.02371000
v 0.11381000 0.13861000 0.02446000
v 0.11255000 0.13855000 0.03016000
v 0.11079000 0.13861000 0.03573000
v 0.11932000 0.09799000 0.03197000
v 0.11804000 0.09831000 0.03807000
v 0.10066000 0.69175000 0.02163000
v 0.12574000 0.05828000 -0.07259000
v 0.13650000 0.06950000 -0.03657000
v 0.12238000 0.06950000 -0.07065000
v 0.14025000 0.05828000 -0.03757000
v 0.14131000 0.06950000 0.00000000
v 0.14025000 0.00000000 -0.03757000
v 0.12574000 0.00000000 -0.07259000
v 0.14520000 0.00000000 0.00000000
v 0.14520000 0.05828000 0.00000000
v 0.13650000 0.06950000 0.03658000
v 0.14025000 0.00000000 0.03758000
v 0.14025000 0.05828000 0.03758000
v 0.12238000 0.06950000 0.07066000
v 0.12574000 0.00000000 0.07260000
v 0.12574000 0.05828000 0.07260000
v 0.09992000 0.06950000 0.09992000
v 0.10267000 0.00000000 0.10267000
v 0.10267000 0.05828000 0.10267000
v 0.07066000 0.06950000 0.12238000
v 0.07260000 0.00000000 0.12574000
v 0.07260000 0.05828000 0.12574000
v -0.14024000 0.00000000 0.03758000
v -0.12573000 0.05828000 0.07260000
v -0.12573000 0.00000000 0.07260000
v -0.14024000 0.05828000 0.03758000
v -0.14518000 0.00000000 0.00000000
v -0.13649000 0.06950000 0.03658000
v -0.12237000 0.06950000 0.07066000
v -0.14130000 0.06950000 0.00000000
v -0.14518000 0.05828000 0.00000000
v -0.14024000 0.00000000 -0.03757000
v -0.13649000 0.06950000 -0.03657000
v -0.14024000 0.05828000 -0.03757000
v -0.12573000 0.00000000 -0.07259000
v -0.12237000 0.06950000 -0.07065000
v -0.12573000 0.05828000 -0.07259000
v -0.10266000 0.00000000 -0.10266000
v -0.09991000 0.06950000 -0.09991000
v -0.10266000 0.05828000 -0.10266000
v -0.07259000 0.00000000 -0.12573000
v -0.07065000 0.06950000 -0.12237000
v -0.07259000 0.05828000 -0.12573000
v 0.03758000 0.00000000 0.14025000
v 0.07260000 0.05828000 0.12574000
v 0.07260000 0.00000000 0.12574000
v 0.03758000 0.05828000 0.14025000
v 0.00001000 0.00000000 0.14520000
v 0.03658000 0.06950000 0.13650000
v 0.07066000 0.06950000 0.12238000
v 0.00001000 0.06950000 0.14131000
v 0.00001000 0.05828000 0.14520000
v -0.03757000 0.00000000 0.14025000
v -0.03657000 0.06950000 0.13650000
v -0.03757000 0.05828000 0.14025000
v -0.07259000 0.00000000 0.12574000
v -0.07065000 0.06950000 0.12238000
v -0.07259000 0.05828000 0.12574000
v 0.10267000 0.00000000 -0.10266000
v 0.07260000 0.05828000 -0.12573000
v 0.07260000 0.00000000 -0.12573000
v 0.10267000 0.05828000 -0.10266000
v 0.09992000 0.06950000 -0.09991000
v 0.07066000 0.06950000 -0.12237000
v -0.03757000 0.00000000 -0.14024000
v -0.07259000 0.05828000 -0.12573000
v -0.07259000 0.00000000 -0.12573000
v -0.03757000 0.05828000 -0.14024000
v 0.00001000 0.00000000 -0.14519000
v -0.03657000 0.06950000 -0.13649000
v -0.07065000 0.06950000 -0.12237000
v 0.00001000 0.06950000 -0.14130000
v 0.00001000 0.05828000 -0.14519000
v 0.03758000 0.00000000 -0.14024000
v 0.03658000 0.06950000 -0.13649000
v 0.03758000 0.05828000 -0.14024000
v 0.07260000 0.00000000 -0.12573000
v 0.07066000 0.06950000 -0.12237000
v 0.07260000 0.05828000 -0.12573000
v -0.10266000 0.00000000 0.10267000
v -0.07259000 0.05828000 0.12574000
v -0.07259000 0.00000000 0.12574000
v -0.10266000 0.05828000 0.10267000
v -0.09991000 0.06950000 0.09992000
v -0.07065000 0.06950000 0.12238000
v -0.08250000 0.75622000 0.08251000
v -0.10822000 0.76086000 0.06249000
v -0.08836000 0.76086000 0.08837000
v -0.10104000 0.75622000 0.05834000
v -0.12071000 0.76086000 0.03235000
v -0.11270000 0.75622000 0.03020000
v -0.12497000 0.76086000 0.00000000
v -0.11667000 0.75622000 0.00000000
v -0.12071000 0.76086000 -0.03234000
v -0.11270000 0.75622000 -0.03019000
v -0.10822000 0.76086000 -0.06248000
v -0.10104000 0.75622000 -0.05833000
v -0.08836000 0.76086000 -0.08836000
v -0.08250000 0.75622000 -0.08250000
v 0.08251000 0.75622000 -0.08250000
v 0.10105000 0.75622000 -0.05833000
v 0.10823000 0.76086000 -0.06248000
v 0.08837000 0.76086000 -0.08836000
v 0.05834000 0.75622000 -0.10104000
v 0.06249000 0.76086000 -0.10822000
v 0.03020000 0.75622000 -0.11270000
v 0.03235000 0.76086000 -0.12071000
v -0.11120000 0.77207000 -0.06420000
v -0.11120000 0.84885000 -0.06420000
v -0.12403000 0.84885000 -0.03323000
v -0.12403000 0.77207000 -0.03323000
v -0.12840000 0.84885000 0.00000000
v -0.12071000 0.76086000 -0.03234000
v -0.10822000 0.76086000 -0.06248000
v -0.12497000 0.76086000 0.00000000
v -0.12840000 0.77207000 0.00000000
v -0.12403000 0.84885000 0.03324000
v -0.12071000 0.76086000 0.03235000
v -0.12403000 0.77207000 0.03324000
v -0.11120000 0.84885000 0.06421000
v -0.10822000 0.76086000 0.06249000
v -0.11120000 0.77207000 0.06421000
v -0.09079000 0.84885000 0.09080000
v -0.08836000 0.76086000 0.08837000
v -0.09079000 0.77207000 0.09080000
v 0.12404000 0.77207000 -0.03323000
v 0.12404000 0.84885000 -0.03323000
v 0.11121000 0.84885000 -0.06420000
v 0.11121000 0.77207000 -0.06420000
v 0.09080000 0.84885000 -0.09079000
v 0.10823000 0.76086000 -0.06248000
v 0.12072000 0.76086000 -0.03234000
v 0.08837000 0.76086000 -0.08836000
v 0.09080000 0.77207000 -0.09079000
v 0.06421000 0.84885000 -0.11120000
v 0.06249000 0.76086000 -0.10822000
v 0.06421000 0.77207000 -0.11120000
v 0.09080000 0.77207000 0.09080000
v 0.09080000 0.84885000 0.09080000
v 0.11121000 0.84885000 0.06421000
v 0.11121000 0.77207000 0.06421000
v 0.12404000 0.84885000 0.03324000
v 0.10823000 0.76086000 0.06249000
v 0.08837000 0.76086000 0.08837000
v 0.12072000 0.76086000 0.03235000
v 0.12404000 0.77207000 0.03324000
v 0.12841000 0.84885000 0.00000000
v 0.12498000 0.76086000 0.00000000
v 0.12841000 0.77207000 0.00000000
v 0.06421000 0.77207000 0.11121000
v 0.06421000 0.84885000 0.11121000
v 0.06249000 0.76086000 0.10823000
v 0.06421000 0.77207000 -0.11120000
v 0.06421000 0.84885000 -0.11120000
v 0.03324000 0.84885000 -0.12403000
v 0.03324000 0.77207000 -0.12403000
v 0.00001000 0.84885000 -0.12840000
v 0.03235000 0.76086000 -0.12071000
v 0.06249000 0.76086000 -0.10822000
v 0.00001000 0.76086000 -0.12497000
v 0.00001000 0.77207000 -0.12840000
v -0.03323000 0.84885000 -0.12403000
v -0.03234000 0.76086000 -0.12071000
v -0.03323000 0.77207000 -0.12403000
v -0.06420000 0.77207000 -0.11120000
v -0.06420000 0.84885000 -0.11120000
v -0.09079000 0.84885000 -0.09079000
v -0.09079000 0.77207000 -0.09079000
v -0.08836000 0.76086000 -0.08836000
v -0.06248000 0.76086000 -0.10822000
v -0.06420000 0.84885000 -0.11120000
v -0.06420000 0.77207000 -0.11120000
v -0.06248000 0.76086000 -0.10822000
v -0.06420000 0.77207000 0.11121000
v -0.06420000 0.84885000 0.11121000
v -0.03323000 0.84885000 0.12404000
v -0.03323000 0.77207000 0.12404000
v 0.00000000 0.84885000 0.12841000
v -0.03234000 0.76086000 0.12072000
v -0.06248000 0.76086000 0.10823000
v 0.00000000 0.76086000 0.12498000
v 0.00000000 0.77207000 0.12841000
v 0.03324000 0.84885000 0.12404000
v 0.03235000 0.76086000 0.12072000
v 0.03324000 0.77207000 0.12404000
v 0.06421000 0.84885000 0.11121000
v 0.06249000 0.76086000 0.10823000
v 0.06421000 0.77207000 0.11121000
v -0.06420000 0.84885000 0.11121000
v -0.06420000 0.77207000 0.11121000
v -0.06248000 0.76086000 0.10823000
v -0.06248000 0.76086000 -0.10822000
v -0.05833000 0.75622000 -0.10104000
v -0.03234000 0.76086000 -0.12071000
v -0.03019000 0.75622000 -0.11270000
v 0.00001000 0.76086000 -0.12497000
v 0.00001000 0.75622000 -0.11667000
v 0.12072000 0.76086000 -0.03234000
v 0.11271000 0.75622000 -0.03019000
v 0.12498000 0.76086000 0.00000000
v 0.11668000 0.75622000 0.00000000
v 0.12072000 0.76086000 0.03235000
v 0.11271000 0.75622000 0.03020000
v 0.10823000 0.76086000 0.06249000
v 0.10105000 0.75622000 0.05834000
v 0.08837000 0.76086000 0.08837000
v 0.08251000 0.75622000 0.08251000
v 0.06249000 0.76086000 0.10823000
v 0.05834000 0.75622000 0.10105000
v 0.03235000 0.76086000 0.12072000
v 0.03020000 0.75622000 0.11271000
v 0.00000000 0.76086000 0.12498000
v 0.00001000 0.75622000 0.11668000
v -0.03234000 0.76086000 0.12072000
v -0.03019000 0.75622000 0.11271000
v -0.06248000 0.76086000 0.10823000
v -0.05833000 0.75622000 0.10105000
v 0.12490000 0.08214000 0.04028000
v 0.11582000 0.08814000 0.04361000
v 0.34390000 1.04592000 0.31652000
v 0.35946000 1.04592000 0.33209000
v 0.30998000 1.04592000 0.38158000
v 0.35946000 1.04592000 0.02367000
v 0.29441000 1.04592000 0.36601000
v 0.34390000 1.04592000 0.02367000
v 0.00000000 1.04592000 0.38158000
v 0.00000000 1.04592000 0.36601000
v 0.34390000 1.04592000 -0.33118000
v 0.35946000 1.04592000 -0.34419000
v 0.00000000 1.04592000 -0.34419000
v 0.00000000 1.04592000 -0.33118000
v -0.35945000 1.04592000 -0.34419000
v -0.34389000 1.04592000 -0.33118000
v -0.35945000 1.04592000 0.02367000
v -0.34389000 1.04592000 0.02367000
v -0.29440000 1.04592000 0.36601000
v -0.30996000 1.04592000 0.38158000
v -0.35945000 1.04592000 0.33209000
v -0.34389000 1.04592000 0.31652000
v 0.25472000 1.03810000 0.33273000
v 0.00000000 1.03810000 0.36601000
v 0.00000000 1.03810000 0.33273000
v -0.25446000 1.03810000 0.33273000
v 0.29441000 1.03810000 0.36601000
v -0.29440000 1.03810000 0.36601000
v 0.30421000 1.03810000 0.28324000
v 0.34390000 1.03810000 0.31652000
v -0.34389000 1.03810000 0.31652000
v -0.30395000 1.03810000 0.28324000
v -0.30395000 1.03810000 0.02367000
v -0.34389000 1.03810000 0.02367000
v -0.30395000 1.03810000 -0.22611000
v -0.34389000 1.03810000 -0.33118000
v 0.00000000 1.03810000 -0.22611000
v 0.00000000 1.03810000 -0.33118000
v 0.34390000 1.03810000 0.02367000
v 0.30421000 1.03810000 0.02367000
v 0.30421000 1.03810000 -0.22611000
v 0.34390000 1.03810000 -0.33118000
v 0.00001000 0.84905000 0.02500000
v 0.02072000 0.84905000 0.03696000
v 0.01196000 0.84905000 0.04572000
v 0.00000000 0.84905000 0.04892000
v 0.02392000 0.84905000 0.02500000
v -0.01195000 0.84905000 0.04572000
v 0.02072000 0.84905000 0.01304000
v -0.02071000 0.84905000 0.03696000
v 0.01196000 0.84905000 0.00429000
v -0.02391000 0.84905000 0.02500000
v 0.00000000 0.84905000 0.00108000
v -0.02071000 0.84905000 0.01304000
v -0.01195000 0.84905000 0.00429000
v -0.03414000 0.00000000 0.12744000
v -0.03757000 0.00000000 0.14025000
v 0.00001000 0.00000000 0.14520000
v 0.00001000 0.00000000 0.13193000
v 0.00001000 0.00000000 0.00000000
v 0.03758000 0.00000000 0.14025000
v -0.06596000 0.00000000 0.11426000
v -0.07259000 0.00000000 0.12574000
v 0.03415000 0.00000000 0.12744000
v 0.07260000 0.00000000 0.12574000
v -0.09328000 0.00000000 0.09329000
v -0.10266000 0.00000000 0.10267000
v 0.06597000 0.00000000 0.11426000
v 0.10267000 0.00000000 0.10267000
v -0.11425000 0.00000000 0.06597000
v -0.12573000 0.00000000 0.07260000
v 0.09329000 0.00000000 0.09329000
v -0.12743000 0.00000000 0.03415000
v 0.11426000 0.00000000 0.06597000
v 0.12574000 0.00000000 0.07260000
v -0.14024000 0.00000000 0.03758000
v 0.14025000 0.00000000 0.03758000
v -0.13192000 0.00000000 0.00000000
v -0.14518000 0.00000000 0.00000000
v 0.12744000 0.00000000 0.03415000
v 0.14520000 0.00000000 0.00000000
v -0.12743000 0.00000000 -0.03414000
v -0.14024000 0.00000000 -0.03757000
v 0.13193000 0.00000000 0.00000000
v 0.14025000 0.00000000 -0.03757000
v -0.11425000 0.00000000 -0.06596000
v -0.12573000 0.00000000 -0.07259000
v 0.12744000 0.00000000 -0.03414000
v -0.09328000 0.00000000 -0.09328000
v 0.11426000 0.00000000 -0.06596000
v 0.12574000 0.00000000 -0.07259000
v -0.10266000 0.00000000 -0.10266000
v 0.10267000 0.00000000 -0.10266000
v -0.06596000 0.00000000 -0.11425000
v -0.07259000 0.00000000 -0.12573000
v 0.09329000 0.00000000 -0.09328000
v 0.07260000 0.00000000 -0.12573000
v -0.03414000 0.00000000 -0.12743000
v -0.03757000 0.00000000 -0.14024000
v 0.06597000 0.00000000 -0.11425000
v 0.03758000 0.00000000 -0.14024000
v 0.00001000 0.00000000 -0.13192000
v 0.00001000 0.00000000 -0.14519000
v 0.03415000 0.00000000 -0.12743000
v 0.03020000 0.84885000 0.11271000
v 0.03324000 0.84885000 0.12404000
v 0.00000000 0.84885000 0.12841000
v 0.00001000 0.84885000 0.11668000
v 0.00001000 0.84885000 0.00000000
v -0.03323000 0.84885000 0.12404000
v 0.05834000 0.84885000 0.10105000
v 0.06421000 0.84885000 0.11121000
v -0.03019000 0.84885000 0.11271000
v -0.06420000 0.84885000 0.11121000
v 0.08251000 0.84885000 0.08251000
v 0.09080000 0.84885000 0.09080000
v -0.05833000 0.84885000 0.10105000
v -0.09079000 0.84885000 0.09080000
v 0.10105000 0.84885000 0.05834000
v 0.11121000 0.84885000 0.06421000
v -0.08250000 0.84885000 0.08251000
v 0.11271000 0.84885000 0.03020000
v -0.10104000 0.84885000 0.05834000
v -0.11120000 0.84885000 0.06421000
v 0.12404000 0.84885000 0.03324000
v -0.12403000 0.84885000 0.03324000
v 0.11668000 0.84885000 0.00000000
v 0.12841000 0.84885000 0.00000000
v -0.11270000 0.84885000 0.03020000
v -0.12840000 0.84885000 0.00000000
v 0.11271000 0.84885000 -0.03019000
v 0.12404000 0.84885000 -0.03323000
v -0.11667000 0.84885000 0.00000000
v -0.12403000 0.84885000 -0.03323000
v 0.10105000 0.84885000 -0.05833000
v 0.11121000 0.84885000 -0.06420000
v -0.11270000 0.84885000 -0.03019000
v 0.08251000 0.84885000 -0.08250000
v -0.10104000 0.84885000 -0.05833000
v -0.11120000 0.84885000 -0.06420000
v 0.09080000 0.84885000 -0.09079000
v -0.09079000 0.84885000 -0.09079000
v 0.05834000 0.84885000 -0.10104000
v 0.06421000 0.84885000 -0.11120000
v -0.08250000 0.84885000 -0.08250000
v -0.06420000 0.84885000 -0.11120000
v 0.03020000 0.84885000 -0.11270000
v 0.03324000 0.84885000 -0.12403000
v -0.05833000 0.84885000 -0.10104000
v -0.03323000 0.84885000 -0.12403000
v 0.00001000 0.84885000 -0.11667000
v 0.00001000 0.84885000 -0.12840000
v -0.03019000 0.84885000 -0.11270000
v 0.00001000 0.07414000 0.13193000
v 0.03415000 0.07414000 0.12744000
v 0.03658000 0.06950000 0.13650000
v 0.00001000 0.06950000 0.14131000
v 0.07066000 0.06950000 0.12238000
v -0.03414000 0.07414000 0.12744000
v 0.06597000 0.07414000 0.11426000
v -0.03657000 0.06950000 0.13650000
v 0.09992000 0.06950000 0.09992000
v -0.06596000 0.07414000 0.11426000
v 0.09329000 0.07414000 0.09329000
v -0.07065000 0.06950000 0.12238000
v 0.12238000 0.06950000 0.07066000
v -0.09328000 0.07414000 0.09329000
v 0.11426000 0.07414000 0.06597000
v -0.09991000 0.06950000 0.09992000
v 0.13650000 0.06950000 0.03658000
v -0.11425000 0.07414000 0.06597000
v 0.12744000 0.07414000 0.03415000
v -0.12237000 0.06950000 0.07066000
v 0.14131000 0.06950000 0.00000000
v -0.12743000 0.07414000 0.03415000
v 0.13193000 0.07414000 0.00000000
v -0.13649000 0.06950000 0.03658000
v 0.13650000 0.06950000 -0.03657000
v -0.13192000 0.07414000 0.00000000
v 0.12744000 0.07414000 -0.03414000
v -0.14130000 0.06950000 0.00000000
v 0.12238000 0.06950000 -0.07065000
v -0.12743000 0.07414000 -0.03414000
v 0.11426000 0.07414000 -0.06596000
v -0.13649000 0.06950000 -0.03657000
v 0.09992000 0.06950000 -0.09991000
v -0.11425000 0.07414000 -0.06596000
v 0.09329000 0.07414000 -0.09328000
v -0.12237000 0.06950000 -0.07065000
v 0.07066000 0.06950000 -0.12237000
v -0.09328000 0.07414000 -0.09328000
v 0.06597000 0.07414000 -0.11425000
v -0.09991000 0.06950000 -0.09991000
v 0.03658000 0.06950000 -0.13649000
v -0.06596000 0.07414000 -0.11425000
v 0.03415000 0.07414000 -0.12743000
v -0.07065000 0.06950000 -0.12237000
v 0.00001000 0.06950000 -0.14130000
v -0.03414000 0.07414000 -0.12743000
v 0.00001000 0.07414000 -0.13192000
v -0.03657000 0.06950000 -0.13649000
vn 0.94234810 -0.21959260 -0.25250590
vn 0.91945960 -0.21629190 -0.32834720
vn 0.96175520 -0.11959630 -0.24642170
vn 0.96018950 -0.10881890 -0.25728330
vn 1.00000000 -0.00006883 0.00000000
vn 1.00000000 -0.00006883 0.00000000
vn 0.96175580 -0.11959380 0.24642050
vn 0.96018950 -0.10881710 0.25728400
vn 0.91946100 -0.21629090 0.32834390
vn 0.94234810 -0.21959260 0.25250590
vn 0.96167750 -0.09367429 0.25768490
vn 0.95611490 -0.11959130 0.26747370
vn 0.96044730 -0.21629100 0.17538330
vn 0.86602600 -0.00006634 0.49999900
vn 0.86602600 -0.00006634 0.49999900
vn 0.70969820 -0.11959630 0.69428030
vn 0.70290790 -0.10882220 0.70290690
vn 0.95194300 -0.09282012 0.29187140
vn 0.63211110 -0.21629100 0.74407920
vn 0.96540690 -0.03275898 0.25868190
vn 0.98585000 -0.03251169 0.16444640
vn 0.93599290 -0.03251088 0.35051430
vn 0.99100360 0.02293716 0.13185480
vn 0.96567270 0.02289484 0.25875070
vn 0.92416110 0.02293715 0.38131340
vn 0.92397050 0.03311083 0.38102770
vn 0.96538130 0.03357311 0.25867330
vn 0.99069560 0.03311086 0.13200690
vn 0.96397140 0.06358343 0.25829500
vn 0.93479380 0.06324830 0.34951400
vn 0.68984810 -0.21959250 0.68984700
vn 0.70399700 -0.09367436 0.70399810
vn 0.72874180 -0.09282015 0.67846870
vn 0.77155730 -0.03251088 0.63532860
vn 0.70672730 -0.03275900 0.70672730
vn 0.79231010 0.02293800 0.60968720
vn 0.69428220 -0.11959880 0.70969600
vn 0.49999900 -0.00007463 0.86602600
vn 0.49999900 -0.00007463 0.86602600
vn 0.74408100 -0.21629090 0.63210890
vn 0.67846660 -0.09282015 0.72874370
vn 0.63532750 -0.03251087 0.77155810
vn 0.70692090 0.02289484 0.70692190
vn 0.60968610 0.02293800 0.79231100
vn 0.60966440 0.03311084 0.79196770
vn 0.70670760 0.03357309 0.70670870
vn 0.79196690 0.03311084 0.60966550
vn 0.77008950 0.06324747 0.63479280
vn 0.70567600 0.06358256 0.70567600
vn 0.63479280 0.06324747 0.77008950
vn 0.72599610 0.11734930 0.67761250
vn 0.70215590 0.11813950 0.70215400
vn 0.67761460 0.11734940 0.72599420
vn 0.62737550 0.24368240 0.73960730
vn 0.68537160 0.24603750 0.68536950
vn 0.73960970 0.24368170 0.62737300
vn 0.70064440 0.13488740 0.70064440
vn 0.71264110 0.12899940 0.68956640
vn 0.68956740 0.12900440 0.71263920
vn 0.86602530 0.00008044 0.50000020
vn 0.49999970 0.00008624 0.86602550
vn 0.49999900 0.00008624 0.86602600
vn 0.86602530 0.00008044 0.50000020
vn 0.95350300 0.12900370 0.27237880
vn 0.95709770 0.13488990 0.25645430
vn 0.91812880 0.06327078 0.39119830
vn 0.86407790 0.06700900 0.49887810
vn 0.85893860 0.12765770 0.49591130
vn 0.70710820 -0.00050700 0.70710520
vn 0.70710820 -0.00050700 0.70710520
vn 0.70710820 -0.00050700 0.70710520
vn 0.70710820 -0.00050700 0.70710520
vn -0.47015320 0.74693430 -0.47015430
vn -0.47015320 0.74693430 -0.47015430
vn -0.47015320 0.74693430 -0.47015430
vn -0.47015320 0.74693430 -0.47015430
vn 0.70710510 0.00054800 0.70710810
vn 0.70710570 0.00054800 0.70710760
vn 0.70710510 0.00054800 0.70710810
vn 0.70710570 0.00054800 0.70710760
vn -0.70710720 0.00000000 -0.70710630
vn -0.70710720 0.00000000 -0.70710630
vn -0.70710720 0.00000000 -0.70710630
vn -0.70710720 0.00000000 -0.70710630
vn -0.70710720 0.00055100 0.70710620
vn -0.70710720 0.00055100 0.70710620
vn -0.70710720 0.00055100 0.70710620
vn -0.70710720 0.00055100 0.70710620
vn 0.47015300 0.74693400 -0.47015500
vn 0.47015300 0.74693400 -0.47015500
vn 0.47015300 0.74693400 -0.47015500
vn 0.47015300 0.74693400 -0.47015500
vn 0.70710580 0.00000000 0.70710770
vn 0.70710580 0.00000000 0.70710770
vn 0.70710580 0.00000000 0.70710770
vn 0.70710580 0.00000000 0.70710770
vn -0.70710620 -0.00050900 0.70710710
vn -0.70710620 -0.00050900 0.70710710
vn -0.70710620 -0.00050900 0.70710710
vn -0.70710620 -0.00050900 0.70710710
vn 0.00000000 0.00000000 1.00000000
vn 0.00000000 0.00000000 1.00000000
vn 0.00000000 0.00000000 1.00000000
vn 0.00000000 0.00000000 1.00000000
vn 0.00000000 0.00000000 1.00000000
vn 0.00000000 0.00000000 1.00000000
vn 0.00000000 0.00000000 -1.00000000
vn 0.00000000 0.00000000 -1.00000000
vn 0.00000000 0.00000000 -1.00000000
vn 0.00000000 0.00000000 -1.00000000
vn 0.00000000 0.00000000 -1.00000000
vn 0.00000000 0.00000000 -1.00000000
vn 0.99999980 0.00077400 0.00000000
vn 0.99999980 0.00077400 0.00000000
vn 0.99999980 0.00077400 0.00000000
vn 0.99999980 0.00077400 0.00000000
vn 0.99999980 0.00077400 0.00000000
vn 0.99999980 0.00077400 0.00000000
vn -1.00000000 0.00000000 0.00000000
vn -1.00000000 0.00000000 0.00000000
vn -1.00000000 0.00000000 0.00000000
vn -1.00000000 0.00000000 0.00000000
vn -1.00000000 0.00000000 0.00000000
vn -1.00000000 0.00000000 0.00000000
vn 0.00000000 0.00000000 1.00000000
vn 0.00000000 0.00000000 1.00000000
vn 0.00000000 0.00000000 1.00000000
vn 0.00000000 0.00000000 1.00000000
vn 0.00000000 0.00000000 1.00000000
vn 0.00000000 0.00000000 1.00000000
vn 1.00000000 0.00000000 0.00000000
vn 1.00000000 0.00000000 0.00000000
vn 1.00000000 0.00000000 0.00000000
vn 1.00000000 0.00000000 0.00000000
vn 1.00000000 0.00000000 0.00000000
vn 1.00000000 0.00000000 0.00000000
vn 0.00000000 0.00000000 1.00000000
vn 0.00000000 0.00000000 1.00000000
vn 0.00000000 0.00000000 1.00000000
vn 0.00000000 0.00000000 1.00000000
vn 0.00000000 0.00000000 1.00000000
vn 0.00000000 0.00000000 1.00000000
vn 0.99999980 -0.00071600 0.00000000
vn 0.99999980 -0.00071600 0.00000000
vn 0.99999980 -0.00071600 0.00000000
vn 0.99999980 -0.00071600 0.00000000
vn 0.99999980 -0.00071600 0.00000000
vn 0.99999980 -0.00071600 0.00000000
vn 0.00000000 0.62199340 -0.78302250
vn 0.00000000 0.62199280 -0.78302290
vn 0.00000000 0.62199280 -0.78302290
vn 0.00000000 0.62199340 -0.78302250
vn 0.00000000 0.62199410 -0.78302190
vn 0.00000000 0.62199410 -0.78302190
vn -0.78302190 0.62199410 0.00000000
vn -0.78302190 0.62199410 0.00000000
vn -0.78302190 0.62199410 0.00000000
vn -0.78302190 0.62199410 0.00000000
vn -0.78302190 0.62199410 0.00000000
vn -0.78302190 0.62199410 0.00000000
vn 0.57734810 -0.81649820 0.00000000
vn 0.57734810 -0.81649820 0.00000000
vn 0.57734810 -0.81649820 0.00000000
vn 0.57734810 -0.81649820 0.00000000
vn 0.57734810 -0.81649820 0.00000000
vn 0.57734810 -0.81649820 0.00000000
vn 0.00000000 -0.81612680 0.57787280
vn 0.00000000 -0.81612680 0.57787280
vn 0.00000000 -0.81612680 0.57787280
vn 0.00000000 -0.81612680 0.57787280
vn 0.00000000 -0.81612680 0.57787280
vn 0.00000000 -0.81612680 0.57787280
vn 0.00000100 -1.00000000 0.00000000
vn 0.00000100 -1.00000000 -0.00000100
vn 0.00000100 -1.00000000 -0.00000100
vn 0.00000100 -1.00000000 0.00000000
vn 0.00000100 -1.00000000 0.00000000
vn 0.00000100 -1.00000000 0.00000000
vn 0.00000000 -1.00000000 0.00000100
vn 0.00000000 -1.00000000 0.00000100
vn 0.00000000 -1.00000000 0.00000100
vn 0.00000000 -1.00000000 0.00000100
vn 0.00000000 -1.00000000 0.00000100
vn 0.00000000 -1.00000000 0.00000100
vn -0.00000100 -1.00000000 0.00000000
vn -0.00000100 -1.00000000 0.00000000
vn -0.00000100 -1.00000000 0.00000000
vn -0.00000100 -1.00000000 0.00000000
vn -0.00000100 -1.00000000 -0.00000100
vn -0.00000100 -1.00000000 -0.00000100
vn 0.00000000 -1.00000000 0.00000000
vn 0.00000000 -1.00000000 0.00000000
vn 0.00000000 -1.00000000 0.00000000
vn 0.00000000 -1.00000000 0.00000000
vn 0.00000000 -1.00000000 0.00000000
vn 0.00000000 -1.00000000 0.00000000
vn 0.00000000 -1.00000000 0.00000000
vn 0.00000000 -1.00000000 0.00000000
vn 0.00000000 -1.00000000 0.00000000
vn 0.00000000 -1.00000000 0.00000000
vn 0.00000000 -1.00000000 0.00000000
vn 0.00000000 -1.00000000 0.00000000
vn 0.00000000 -1.00000000 0.00000000
vn 0.00000000 -1.00000000 0.00000000
vn 0.00000000 -1.00000000 0.00000000
vn 0.00000000 -1.00000000 0.00000000
vn 0.00000000 -1.00000000 0.00000000
vn 0.00000000 -1.00000000 0.00000000
vn 0.00000000 -1.00000000 -0.00000085
vn 0.00000000 -1.00000000 0.00000000
vn 0.00000000 -1.00000000 0.00000000
vn 0.00000000 -1.00000000 0.00000000
vn 0.00000000 -1.00000000 0.00000000
vn 0.00000000 -1.00000000 0.00000000
vn 0.00000000 1.00000000 0.00000000
vn 0.00000000 -1.00000000 0.00000000
vn 0.00000000 -1.00000000 0.00000000
vn 0.00000000 -1.00000000 0.00000000
vn 0.00000000 -1.00000000 0.00000000
vn 0.00000000 -1.00000000 0.00000000
vn 0.00000000 -1.00000000 0.00000000
vn 0.00000000 -1.00000000 0.00000000
vn 0.00000000 -1.00000000 0.00000000
vn 0.00000000 -1.00000000 0.00000000
vn 0.00000000 -1.00000000 0.00000000
vn 0.00000000 -1.00000000 0.00000000
vn 0.00000000 -1.00000000 0.00000000
vn 0.00000000 -1.00000000 0.00000000
vn 0.00000000 -1.00000000 0.00000162
vn 0.00000000 -1.00000000 0.00000000
vn 0.70710680 0.00000000 -0.70710680
vn 0.70710680 0.00000000 -0.70710680
vn 0.70710680 0.00000000 -0.70710680
vn 0.70710680 0.00000000 -0.70710680
vn -0.70710720 0.00000000 0.70710630
vn -0.70710720 0.00000000 0.70710630
vn -0.70710720 0.00000000 0.70710630
vn -0.70710720 0.00000000 0.70710630
vn 0.00000000 1.00000000 0.00000000
vn 0.00000000 1.00000000 0.00000000
vn 0.00000000 1.00000000 0.00000000
vn 0.00000000 1.00000000 0.00000000
vn 0.00000000 1.00000000 0.00000000
vn 0.00000000 1.00000000 0.00000000
vn 0.00000000 1.00000000 0.00000000
vn 0.00000000 1.00000000 0.00000000
vn 0.00000000 1.00000000 0.00000000
vn 0.00000000 1.00000000 0.00000000
vn 0.00000000 1.00000000 0.00000000
vn 0.00000000 1.00000000 0.00000000
vn 0.00000000 1.00000000 0.00000000
vn 0.00000000 1.00000000 0.00000000
vn -0.00000045 0.74911560 -0.66243940
vn 0.33122820 0.74911560 -0.57368440
vn -0.33120850 0.74911700 -0.57369380
vn 0.57369270 0.74911820 -0.33120750
vn -0.57368470 0.74911790 -0.33122240
vn 0.00000000 1.00000000 0.00000000
vn 0.66243590 0.74911860 0.00000000
vn 0.00000000 1.00000000 0.00000000
vn -0.66244620 0.74910940 0.00000000
vn 0.00000000 1.00000000 0.00000000
vn 0.00000000 1.00000000 0.00000000
vn 0.57369320 0.74911860 0.33120630
vn 0.00000000 1.00000000 0.00000000
vn 0.00000000 1.00000000 0.00000000
vn 0.33122850 0.74911600 0.57368360
vn 0.00000000 1.00000000 0.00000000
vn -0.00000076 0.74911600 0.66243880
vn 0.00000000 1.00000000 0.00000000
vn 0.00000000 1.00000000 0.00000000
vn -0.33120810 0.74911710 0.57369390
vn 0.00000000 1.00000000 0.00000000
vn 0.00000000 1.00000000 0.00000000
vn 0.00000000 1.00000000 0.00000000
vn -0.57368460 0.74911780 0.33122300
vn 0.00000000 1.00000000 0.00000000
vn 0.00000000 1.00000000 0.00000000
vn 0.00000000 1.00000000 0.00000000
vn 0.00000000 0.00000000 1.00000000
vn 0.00000000 0.00000000 1.00000000
vn 0.00000000 0.00000000 1.00000000
vn 0.00000000 0.00000000 1.00000000
vn 0.00000000 0.00000000 1.00000000
vn 0.00000000 0.00000000 1.00000000
vn 1.00000000 0.00000000 0.00000000
vn 1.00000000 0.00000000 0.00000000
vn 1.00000000 0.00000000 0.00000000
vn 1.00000000 0.00000000 0.00000000
vn 1.00000000 0.00000000 0.00000000
vn 1.00000000 0.00000000 0.00000000
vn 0.00000000 0.00000000 -1.00000000
vn 0.00000000 0.00000000 -1.00000000
vn 0.00000000 0.00000000 -1.00000000
vn 0.00000000 0.00000000 -1.00000000
vn 0.00000000 0.00000000 -1.00000000
vn 0.00000000 0.00000000 -1.00000000
vn 0.00000000 -0.00000235 -1.00000000
vn 0.00000000 0.00000000 -1.00000000
vn 0.00000000 -0.00000138 -1.00000000
vn 0.00000000 0.00000000 -1.00000000
vn 0.00000000 0.00000000 -1.00000000
vn 0.00000000 0.00000000 -1.00000000
vn 0.00000000 0.00000000 -1.00000000
vn 0.00000000 0.00000000 -1.00000000
vn 0.00000000 0.00000000 -1.00000000
vn 0.00000000 0.00000000 -1.00000000
vn 0.78302290 0.62199280 0.00000000
vn 0.78302290 0.62199280 0.00000000
vn 0.78302290 0.62199280 0.00000000
vn 0.78302290 0.62199280 0.00000000
vn 0.78302250 0.62199340 0.00000000
vn 0.78302290 0.62199280 0.00000000
vn -0.99999980 0.00077400 0.00000000
vn -0.99999980 0.00077400 0.00000000
vn -0.99999980 0.00077400 0.00000000
vn -0.99999980 0.00077400 0.00000000
vn -0.99999980 0.00077400 0.00000000
vn -0.99999980 0.00077400 0.00000000
vn -0.57839610 -0.81575610 0.00000000
vn -0.57839610 -0.81575610 0.00000000
vn -0.57839610 -0.81575610 0.00000000
vn -0.57839610 -0.81575610 0.00000000
vn -0.57839610 -0.81575610 0.00000000
vn -0.57839610 -0.81575610 0.00000000
vn -1.00000000 0.00000000 0.00000000
vn -1.00000000 0.00000000 0.00000000
vn -1.00000000 0.00000000 0.00000000
vn -1.00000000 0.00000000 0.00000000
vn -1.00000000 0.00000000 0.00000000
vn -1.00000000 0.00000000 0.00000000
vn 0.00000000 -0.68424400 -0.72925320
vn 0.00000000 -0.68424400 -0.72925320
vn 0.00000000 -0.68424400 -0.72925320
vn 0.00000000 -0.68424400 -0.72925320
vn 0.00000000 -0.68424400 -0.72925320
vn 0.00000000 -0.68424400 -0.72925320
vn -0.99999980 -0.00072000 0.00000000
vn -0.99999980 -0.00072000 0.00000000
vn -0.99999980 -0.00072000 0.00000000
vn -0.99999980 -0.00072000 0.00000000
vn -0.99999980 -0.00072000 0.00000000
vn -0.99999980 -0.00072000 0.00000000
vn -0.00009100 0.46043600 0.88769290
vn -0.00008900 0.46051620 0.88765140
vn 0.00000000 0.46125890 0.88726560
vn 0.00000000 0.46032920 0.88774830
vn 0.00008900 0.46051620 0.88765140
vn 0.00009200 0.46043600 0.88769290
vn 0.00000000 -1.00000000 0.00000000
vn 0.00000000 -1.00000000 0.00000000
vn 0.00000000 -1.00000000 0.00000000
vn 0.00000000 -1.00000000 0.00000000
vn 0.00000000 -1.00000000 0.00000000
vn 0.00000000 -1.00000000 0.00000000
vn 0.00000000 -1.00000000 0.00000000
vn 0.00000000 -1.00000000 0.00000000
vn 0.00000000 -1.00000000 0.00000000
vn 0.00000000 -0.72677090 0.68687990
vn 0.04954489 -0.54793170 0.83505460
vn -0.09006189 -0.72381760 0.68408830
vn 0.00000000 -0.58680520 0.80972810
vn 0.09006195 -0.72381630 0.68408980
vn -0.04954486 -0.54793050 0.83505540
vn 0.10014340 -0.22045010 0.97024390
vn 0.48762100 -0.30166280 0.81928340
vn 0.56117410 -0.17547860 0.80888250
vn 0.60984920 -0.06873923 0.78953080
vn 0.00000000 -0.23820180 0.97121570
vn 0.10441600 -0.09602132 0.98988740
vn 0.12010690 -0.03475237 0.99215250
vn 0.63067920 -0.02322169 0.77569610
vn 0.12404870 0.02039470 0.99206650
vn 0.64067510 0.01394353 0.76768550
vn 0.64053120 0.02086005 0.76764880
vn -0.10014340 -0.22045010 0.97024390
vn 0.00000000 -0.10244360 0.99473880
vn -0.00000100 -0.03700826 0.99931490
vn -0.56117080 -0.17547690 0.80888520
vn -0.48761800 -0.30166200 0.81928550
vn -0.60984420 -0.06873840 0.78953470
vn -0.10441600 -0.09602132 0.98988740
vn -0.63067500 -0.02322168 0.77569960
vn -0.12010800 -0.03475240 0.99215240
vn -0.64067110 0.01394436 0.76768880
vn 0.00000000 0.02137102 0.99977170
vn -0.12404970 0.02039471 0.99206640
vn 0.00000000 0.03216068 0.99948280
vn -0.12895810 0.03042308 0.99118330
vn -0.64052740 0.02086005 0.76765200
vn -0.63003950 0.04284750 0.77538010
vn -0.12027830 0.06326995 0.99072190
vn -0.60848520 0.08601745 0.78888960
vn 0.12895710 0.03042309 0.99118340
vn -0.10432320 0.11977970 0.98730420
vn -0.55797050 0.19919860 0.80559840
vn 0.00000000 0.06700820 0.99775240
vn 0.12027720 0.06326990 0.99072220
vn 0.63004230 0.04284832 0.77537780
vn 0.00000000 0.12765860 0.99181810
vn 0.10432220 0.11978050 0.98730420
vn 0.60848930 0.08601581 0.78888670
vn 0.10069060 0.24706660 0.96375290
vn 0.55797740 0.19919690 0.80559410
vn 0.47720720 0.34403470 0.80864910
vn 0.04329500 0.60482280 0.79518220
vn -0.00000102 0.26769880 0.96350260
vn -0.10069060 0.24706660 0.96375290
vn -0.47719980 0.34403630 0.80865280
vn -0.04329389 0.60482250 0.79518270
vn 0.00000000 0.64262970 0.76617680
vn -0.08413494 0.76453960 0.63906220
vn 0.00000000 0.76725980 0.64133640
vn 0.08413488 0.76453910 0.63906290
vn -1.00000000 0.00008127 0.00000000
vn -1.00000000 0.00008127 0.00000000
vn -0.96194740 0.12899950 0.24086530
vn -0.95709800 0.13488920 0.25645330
vn -0.91312320 0.24368240 0.32684070
vn -0.93623340 0.24603760 0.25086350
vn -0.96753480 0.11734850 0.22384280
vn -0.95916090 0.11813950 0.25700880
vn -0.98431130 0.06324832 0.16471450
vn -0.95420840 0.24368160 0.17350980
vn -0.95350240 0.12900780 0.27237870
vn -0.86602640 0.00009122 0.49999820
vn -0.86602670 0.00009122 0.49999790
vn -0.71263950 0.12901120 0.68956580
vn -0.70064370 0.13489580 0.70064370
vn -0.94982960 0.11735010 0.28991850
vn -0.96397020 0.06358343 0.25829900
vn -0.93479340 0.06324749 0.34951520
vn -0.99069400 0.03311087 0.13201990
vn -0.96538270 0.03357309 0.25866810
vn -0.92397960 0.03311001 0.38100570
vn -0.92417030 0.02293715 0.38129150
vn -0.96567390 0.02289485 0.25874670
vn -0.99100200 0.02293715 0.13186670
vn -0.98584990 -0.03251171 0.16444750
vn -0.96540610 -0.03275982 0.25868500
vn -0.93599180 -0.03251171 0.35051720
vn -0.97034030 -0.09282015 0.22321350
vn -0.96167700 -0.09367435 0.25768710
vn -0.95194260 -0.09282019 0.29187260
vn -0.91945750 -0.21629180 0.32835320
vn -0.96044840 -0.21629100 0.17537730
vn -0.94234780 -0.21959250 0.25250680
vn -0.96175460 -0.11959470 0.24642470
vn -0.96018920 -0.10882140 0.25728330
vn -0.95611480 -0.11959880 0.26747060
vn -1.00000000 -0.00006717 0.00000000
vn -0.86602600 -0.00007463 0.49999900
vn -1.00000000 -0.00006717 0.00000000
vn -0.86602600 -0.00007463 0.49999900
vn -0.96175510 -0.11959470 -0.24642260
vn -0.96018870 -0.10882300 -0.25728410
vn -0.91945900 -0.21629170 -0.32834900
vn -0.70290720 -0.10882470 0.70290720
vn -0.70969540 -0.11959970 0.69428270
vn -0.68984440 -0.21959260 0.68985040
vn -0.63210520 -0.21629350 0.74408340
vn -0.95709780 0.13488910 -0.25645420
vn -0.96194710 0.12900440 -0.24086420
vn -0.91312410 0.24368320 -0.32683770
vn -0.93623320 0.24603850 -0.25086340
vn -0.95916070 0.11814030 -0.25700880
vn -0.96753540 0.11734860 -0.22384090
vn -0.96397020 0.06358343 -0.25829900
vn -0.98431180 0.06324746 -0.16471240
vn -0.96538270 0.03357309 -0.25866810
vn -0.99069420 0.03311084 -0.13201780
vn -0.99100210 0.02293715 -0.13186570
vn -0.95420800 0.24368230 -0.17351170
vn -0.95350280 0.12900450 -0.27237880
vn -0.94982870 0.11735020 -0.28992150
vn -0.86602670 0.00008790 -0.49999790
vn -0.93479200 0.06324748 -0.34951910
vn -0.86602600 0.00008790 -0.49999900
vn -0.92397790 0.03311085 -0.38100980
vn -0.70064460 0.13489240 -0.70064350
vn -0.71264150 0.12901120 -0.68956380
vn -0.62737690 0.24368410 -0.73960550
vn -0.96567390 0.02289485 -0.25874670
vn -0.92416860 0.02293716 -0.38129560
vn -0.93599070 -0.03251253 -0.35052020
vn -0.96540640 -0.03275983 -0.25868410
vn -0.98585030 -0.03251169 -0.16444540
vn -0.95194190 -0.09281929 -0.29187540
vn -0.96167700 -0.09367435 -0.25768710
vn -0.97034070 -0.09282010 -0.22321140
vn -0.96044800 -0.21629010 -0.17538030
vn -0.94234810 -0.21959170 -0.25250680
vn -0.95611410 -0.11960300 -0.26747170
vn -0.86602600 -0.00008044 -0.49999900
vn -0.86602600 -0.00008044 -0.49999900
vn -0.70969860 -0.11960300 -0.69427880
vn -0.70290700 -0.10882720 -0.70290700
vn -0.63211020 -0.21629350 -0.74407920
vn -0.68984430 -0.21959420 -0.68985030
vn -0.70399600 -0.09367519 -0.70399900
vn -0.72874370 -0.09282097 -0.67846660
vn -0.77156310 -0.03251087 -0.63532150
vn -0.70672620 -0.03275899 -0.70672830
vn -0.79231100 0.02293800 -0.60968610
vn -0.69427780 -0.11960220 -0.70969960
vn -0.50000100 -0.00007463 -0.86602480
vn -0.49999900 -0.00007463 -0.86602600
vn -0.74407480 -0.21629170 -0.63211600
vn -0.67846300 -0.09282018 -0.72874710
vn -0.63532040 -0.03251087 -0.77156410
vn -0.70692090 0.02289484 -0.70692190
vn -0.60968490 0.02293799 -0.79231180
vn -0.60966330 0.03311083 -0.79196860
vn -0.70670760 0.03357309 -0.70670870
vn -0.79196740 0.03311087 -0.60966500
vn -0.77009490 0.06324749 -0.63478620
vn -0.70567600 0.06358256 -0.70567600
vn -0.63478620 0.06324749 -0.77009490
vn -0.72600010 0.11734770 -0.67760850
vn -0.70215700 0.11813870 -0.70215300
vn -0.67761210 0.11734840 -0.72599670
vn -0.68537180 0.24603930 -0.68536880
vn -0.73960840 0.24368330 -0.62737380
vn -0.68956450 0.12900280 -0.71264230
vn -0.49999900 0.00008127 -0.86602600
vn -0.50000020 0.00008127 -0.86602530
vn -0.68687610 -0.72677450 0.00000111
vn -0.83505380 -0.54793270 0.04954703
vn -0.68408500 -0.72382090 -0.09006205
vn -0.80972610 -0.58680790 0.00000000
vn -0.68408390 -0.72382160 0.09006314
vn -0.83505380 -0.54793270 -0.04954596
vn -0.97024390 -0.22045010 0.10014340
vn -0.81928380 -0.30165750 0.48762380
vn -0.80888120 -0.17547610 0.56117690
vn -0.78952860 -0.06873839 0.60985210
vn -0.97121570 -0.23820180 0.00000000
vn -0.98988740 -0.09602132 0.10441600
vn -0.99215260 -0.03475237 0.12010590
vn -0.77569290 -0.02322252 0.63068320
vn -0.99206670 0.02039388 0.12404670
vn -0.76768370 0.01394353 0.64067720
vn -0.76764610 0.02086006 0.64053450
vn -0.97024390 -0.22045010 -0.10014340
vn -0.99473880 -0.10244360 0.00000000
vn -0.99931490 -0.03700826 0.00000000
vn -0.80888320 -0.17547600 -0.56117390
vn -0.81928410 -0.30165930 -0.48762190
vn -0.78953220 -0.06873761 -0.60984760
vn -0.98988750 -0.09602049 -0.10441600
vn -0.77569610 -0.02322087 -0.63067920
vn -0.99215260 -0.03475154 -0.12010590
vn -0.76768690 0.01394354 -0.64067330
vn -0.99977170 0.02137102 0.00000000
vn -0.99206670 0.02039471 -0.12404670
vn -0.99948280 0.03216068 0.00000000
vn -0.99118360 0.03042226 -0.12895510
vn -0.76764970 0.02085921 -0.64053010
vn -0.77537510 0.04284751 -0.63004560
vn -0.99072230 0.06326991 -0.12027620
vn -0.78888700 0.08601574 -0.60848880
vn -0.99118360 0.03042309 0.12895510
vn -0.98730420 0.11978050 -0.10432220
vn -0.80559710 0.19919610 -0.55797330
vn -0.99775250 0.06700813 0.00000000
vn -0.99072230 0.06326991 0.12027620
vn -0.77537200 0.04284667 0.63004950
vn -0.99181810 0.12765860 0.00000000
vn -0.98730430 0.11977970 0.10432220
vn -0.78888360 0.08601581 0.60849320
vn -0.96375270 0.24706740 0.10068960
vn -0.80559410 0.19919690 0.55797740
vn -0.80865040 0.34403100 0.47720780
vn -0.79518310 0.60482180 0.04329391
vn -0.96350230 0.26769960 0.00000000
vn -0.76617810 0.64262810 0.00000000
vn -0.96375320 0.24706550 -0.10068950
vn -0.80865280 0.34403200 -0.47720280
vn -0.79518470 0.60481970 -0.04329388
vn -0.64133750 0.76725890 0.00000000
vn -0.63906280 0.76453890 0.08413599
vn -0.63906440 0.76453760 -0.08413605
vn -0.59485370 -0.72677350 0.34343750
vn -0.69840600 -0.54793240 0.46043350
vn -0.63746500 -0.72382250 0.26404430
vn -0.70124470 -0.58680560 0.40486440
vn -0.54740700 -0.72381740 0.42004030
vn -0.79018470 -0.22044930 0.57184810
vn -0.74795270 -0.54793040 0.37461860
vn -0.84109630 -0.23820090 0.48561020
vn -0.80505960 -0.09602048 0.58537100
vn -0.89032850 -0.22045020 0.39839290
vn -0.86146810 -0.10244360 0.49737130
vn -0.98109980 -0.17547680 -0.08155541
vn -0.95333150 -0.30166010 -0.01265572
vn -0.98867900 -0.06873673 -0.13337590
vn -0.90947680 -0.09602134 0.40451460
vn -0.98711370 -0.02322003 -0.15832640
vn -0.91928370 -0.03475238 0.39205840
vn -0.98517230 0.01394353 -0.17100050
vn -0.86543210 -0.03700908 0.49965750
vn -0.79917480 -0.03475155 0.60009320
vn -0.92118100 0.02039471 0.38859970
vn -0.86582800 0.02137103 0.49988500
vn -0.79712850 0.02039471 0.60346510
vn -0.86557730 0.03216068 0.49974130
vn -0.79390920 0.03042310 0.60727480
vn -0.92287010 0.03042309 0.38390770
vn -0.98506830 0.02085922 -0.17089590
vn -0.98651930 0.04284669 -0.15793680
vn -0.91812990 0.06326913 0.39119630
vn -0.98744150 0.08601663 -0.13251520
vn -0.86407910 0.06700818 0.49887610
vn -0.79785070 0.06327078 0.59952560
vn -0.90719280 0.11977970 0.40330380
vn -0.97665320 0.19920200 -0.08041806
vn -0.85893910 0.12765850 0.49591010
vn -0.80286820 0.11977970 0.58399960
vn -0.78428820 0.24706480 0.56907920
vn -0.83441750 0.26769880 0.48175180
vn -0.66700100 0.60482160 0.43508690
vn -0.88498000 0.24706910 0.39467360
vn -0.93891260 0.34403980 -0.00894210
vn -0.71029680 0.60482240 0.36009480
vn -0.66352920 0.64262930 0.38308810
vn -0.59551010 0.76454090 0.24666770
vn -0.55541400 0.76725980 0.32066760
vn -0.51138010 0.76453710 0.39239440
vn -0.59485260 -0.72677450 -0.34343760
vn -0.74795320 -0.54793090 -0.37461680
vn -0.54740300 -0.72382160 -0.42003840
vn -0.70124380 -0.58680580 -0.40486550
vn -0.63746750 -0.72381990 -0.26404540
vn -0.69840720 -0.54793080 -0.46043360
vn -0.89032880 -0.22044920 -0.39839260
vn -0.95333470 -0.30164940 0.01266998
vn -0.98110000 -0.17547180 0.08156348
vn -0.98867780 -0.06873755 0.13338390
vn -0.84109570 -0.23820020 -0.48561150
vn -0.79018430 -0.22044940 -0.57184850
vn -0.90947680 -0.09602050 -0.40451460
vn -0.86146770 -0.10244270 -0.49737210
vn -0.80505960 -0.09602048 -0.58537100
vn -0.79917480 -0.03475238 -0.60009320
vn -0.86543100 -0.03700825 -0.49965940
vn -0.79712850 0.02039389 -0.60346510
vn -0.91928370 -0.03475238 -0.39205840
vn -0.98711150 -0.02322085 0.15834030
vn -0.86582580 0.02137102 -0.49988890
vn -0.92118050 0.02039470 -0.38860050
vn -0.98516920 0.01394353 0.17101850
vn -0.98506540 0.02085922 0.17091290
vn -0.86557590 0.03216066 -0.49974410
vn -0.79390920 0.03042226 -0.60727480
vn -0.79785070 0.06327078 -0.59952560
vn -0.92287010 0.03042309 -0.38390770
vn -0.86407720 0.06700902 -0.49887910
vn -0.80286820 0.11977970 -0.58399960
vn -0.91812990 0.06326995 -0.39119630
vn -0.98651640 0.04284669 0.15795490
vn -0.85893780 0.12765860 -0.49591250
vn -0.90719250 0.11977890 -0.40330470
vn -0.98743980 0.08601490 0.13253010
vn -0.88498080 0.24706480 -0.39467450
vn -0.97665350 0.19919530 0.08043119
vn -0.93891560 0.34403090 0.00895646
vn -0.71029600 0.60482450 -0.36009280
vn -0.83441660 0.26769690 -0.48175440
vn -0.78428860 0.24706380 -0.56907890
vn -0.66352720 0.64263140 -0.38308830
vn -0.51137240 0.76454470 -0.39238970
vn -0.66700020 0.60482290 -0.43508610
vn -0.55540920 0.76726390 -0.32066600
vn -0.59550790 0.76454290 -0.24666670
vn 0.00000000 -0.72677090 -0.68687990
vn -0.04954486 -0.54793050 -0.83505540
vn 0.09006189 -0.72381760 -0.68408830
vn 0.00000000 -0.58680570 -0.80972770
vn -0.09006195 -0.72381630 -0.68408980
vn 0.04954490 -0.54793110 -0.83505510
vn -0.10014230 -0.22045010 -0.97024390
vn -0.48761800 -0.30165940 -0.81928650
vn -0.56117160 -0.17547600 -0.80888490
vn -0.60984810 -0.06873839 -0.78953160
vn 0.00000000 -0.23820180 -0.97121570
vn -0.10441600 -0.09602132 -0.98988740
vn -0.12010690 -0.03475237 -0.99215250
vn -0.63067920 -0.02322087 -0.77569610
vn -0.12404870 0.02039470 -0.99206650
vn -0.64067510 0.01394353 -0.76768550
vn -0.64053120 0.02086005 -0.76764880
vn 0.10014340 -0.22045010 -0.97024390
vn 0.00000000 -0.10244280 -0.99473890
vn 0.00000100 -0.03700826 -0.99931490
vn 0.56117110 -0.17547780 -0.80888470
vn 0.48762270 -0.30165910 -0.81928380
vn 0.60984420 -0.06873922 -0.78953470
vn 0.10441500 -0.09602132 -0.98988750
vn 0.63067500 -0.02322168 -0.77569960
vn 0.12010800 -0.03475240 -0.99215240
vn 0.64066730 0.01394436 -0.76769190
vn 0.00000000 0.02137102 -0.99977170
vn 0.12404970 0.02039471 -0.99206640
vn 0.00000000 0.03216068 -0.99948280
vn 0.12895810 0.03042308 -0.99118330
vn 0.64052410 0.02086005 -0.76765470
vn 0.63003950 0.04284750 -0.77538010
vn 0.12027830 0.06326995 -0.99072190
vn 0.60848400 0.08601662 -0.78889050
vn -0.12895710 0.03042309 -0.99118340
vn 0.10432320 0.11977970 -0.98730420
vn 0.55796960 0.19919620 -0.80559960
vn 0.00000000 0.06700820 -0.99775240
vn -0.12027720 0.06326990 -0.99072220
vn -0.63004170 0.04284752 -0.77537830
vn 0.00000000 0.12765860 -0.99181810
vn -0.10432220 0.11977970 -0.98730430
vn -0.60848810 0.08601578 -0.78888740
vn -0.10069050 0.24706550 -0.96375310
vn -0.55797550 0.19919780 -0.80559530
vn -0.47720500 0.34403810 -0.80864890
vn -0.04329499 0.60482190 -0.79518310
vn 0.00000102 0.26769850 -0.96350270
vn 0.10069060 0.24706660 -0.96375290
vn 0.47720050 0.34403180 -0.80865440
vn 0.04329499 0.60482190 -0.79518310
vn 0.00000000 0.64262930 -0.76617720
vn 0.08413495 0.76453860 -0.63906340
vn 0.00000000 0.76725890 -0.64133750
vn -0.08413488 0.76453910 -0.63906290
vn 0.59485240 -0.72677420 -0.34343850
vn 0.69840370 -0.54793490 -0.46043410
vn 0.63746460 -0.72382320 -0.26404340
vn 0.70124410 -0.58680690 -0.40486350
vn 0.54740490 -0.72381760 -0.42004270
vn 0.79018460 -0.22045000 -0.57184790
vn 0.74795090 -0.54792980 -0.37462300
vn 0.84109790 -0.23820110 -0.48560750
vn 0.80506040 -0.09602046 -0.58536980
vn 0.89032690 -0.22045000 -0.39839670
vn 0.86146990 -0.10244270 -0.49736820
vn 0.98110070 -0.17547850 0.08153930
vn 0.95333030 -0.30166470 0.01263941
vn 0.98867990 -0.06873838 0.13336780
vn 0.90947550 -0.09602131 -0.40451740
vn 0.98711370 -0.02322169 0.15832640
vn 0.91928290 -0.03475238 -0.39206040
vn 0.98517350 0.01394353 0.17099350
vn 0.86543290 -0.03700824 -0.49965620
vn 0.79917520 -0.03475156 -0.60009270
vn 0.92117970 0.02039387 -0.38860260
vn 0.86582800 0.02137103 -0.49988500
vn 0.79712930 0.02039471 -0.60346400
vn 0.86557730 0.03216068 -0.49974130
vn 0.79391030 0.03042307 -0.60727330
vn 0.92286930 0.03042310 -0.38390980
vn 0.98506960 0.02085922 0.17088890
vn 0.98651920 0.04284751 0.15793680
vn 0.91812880 0.06327078 -0.39119830
vn 0.98744180 0.08601574 0.13251410
vn 0.86407890 0.06700901 -0.49887600
vn 0.79785160 0.06327077 -0.59952450
vn 0.90719160 0.11977970 -0.40330670
vn 0.97665480 0.19919520 0.08041499
vn 0.85894010 0.12765870 -0.49590860
vn 0.80286910 0.11977970 -0.58399840
vn 0.78428900 0.24706470 -0.56907800
vn 0.83441790 0.26769780 -0.48175150
vn 0.66699960 0.60482320 -0.43508670
vn 0.88497970 0.24706560 -0.39467640
vn 0.93891700 0.34402730 0.00894004
vn 0.71029790 0.60481970 -0.36009700
vn 0.66352920 0.64262930 -0.38308810
vn 0.59550730 0.76454340 -0.24666680
vn 0.55541220 0.76726140 -0.32066680
vn 0.51137800 0.76453920 -0.39239330
vn 0.68687610 -0.72677450 0.00000000
vn 0.83505300 -0.54793390 -0.04954705
vn 0.68408500 -0.72382090 0.09006205
vn 0.80972610 -0.58680790 0.00000000
vn 0.68408390 -0.72382170 -0.09006205
vn 0.97024390 -0.22045010 -0.10014130
vn 0.83505490 -0.54793100 0.04954597
vn 0.97121570 -0.23820180 0.00000000
vn 0.98988770 -0.09602050 -0.10441500
vn 0.97024390 -0.22045010 0.10014130
vn 0.99473880 -0.10244360 0.00000000
vn 0.80888380 -0.17547430 0.56117350
vn 0.81928470 -0.30165660 0.48762270
vn 0.78953210 -0.06873844 0.60984750
vn 0.98988750 -0.09602132 0.10441500
vn 0.77569690 -0.02322252 0.63067820
vn 0.99215260 -0.03475237 0.12010590
vn 0.76768690 0.01394354 0.64067330
vn 0.99206670 0.02039471 0.12404670
vn 0.99118360 0.03042226 0.12895510
vn 0.76764970 0.02085921 0.64053010
vn 0.64133930 0.76725730 0.00000000
vn 0.79518390 0.60482070 0.04329605
vn 0.63906510 0.76453710 -0.08413600
vn 0.76617720 0.64262930 0.00000000
vn 0.63906580 0.76453660 0.08413594
vn 0.79518390 0.60482070 -0.04329605
vn 0.96375260 0.24706730 0.10069060
vn 0.80865160 0.34403100 0.47720580
vn 0.80559610 0.19919690 0.55797440
vn 0.96350230 0.26769960 0.00000000
vn 0.98730430 0.11977970 0.10432220
vn 0.78888740 0.08601661 0.60848800
vn 0.96375310 0.24706550 -0.10069050
vn 0.80864950 0.34403020 -0.47720980
vn 0.80559400 0.19919440 -0.55797840
vn 0.78888440 0.08601578 -0.60849210
vn 0.99181820 0.12765770 0.00000000
vn 0.98730440 0.11977890 -0.10432230
vn 0.77537380 0.04284832 -0.63004730
vn 0.99072230 0.06327074 -0.12027520
vn 0.76764650 0.02085921 -0.64053400
vn 0.99072240 0.06326992 0.12027520
vn 0.77537700 0.04284667 0.63004340
vn 0.99775250 0.06700813 0.00000000
vn 0.99118360 0.03042309 -0.12895510
vn 0.99948280 0.03216068 0.00000000
vn 0.99206670 0.02039471 -0.12404670
vn 0.76768370 0.01394353 -0.64067720
vn 0.77569380 -0.02322169 -0.63068220
vn 0.99977170 0.02137102 0.00000000
vn 0.99215260 -0.03475237 -0.12010590
vn 0.78952910 -0.06873760 -0.60985160
vn 0.99931490 -0.03700826 0.00000000
vn 0.80888050 -0.17547530 -0.56117800
vn 0.81927990 -0.30166100 -0.48762790
vn 0.59485050 -0.72677760 0.34343430
vn 0.74794960 -0.54793480 0.37461810
vn 0.54740120 -0.72382400 0.42003650
vn 0.70124130 -0.58681090 0.40486270
vn 0.63746440 -0.72382410 0.26404120
vn 0.69840460 -0.54793570 0.46043190
vn 0.89032700 -0.22044930 0.39839670
vn 0.95333210 -0.30165830 -0.01265776
vn 0.98110010 -0.17547520 -0.08155443
vn 0.98867840 -0.06873760 -0.13337990
vn 0.84109630 -0.23820090 0.48561020
vn 0.79018500 -0.22045020 0.57184730
vn 0.90947560 -0.09601966 0.40451750
vn 0.86146870 -0.10244270 0.49737010
vn 0.80506040 -0.09602046 0.58536980
vn 0.79917520 -0.03475239 0.60009270
vn 0.86543180 -0.03700907 0.49965810
vn 0.79712930 0.02039388 0.60346400
vn 0.91928290 -0.03475238 0.39206040
vn 0.98711190 -0.02322086 -0.15833840
vn 0.86582620 0.02137103 0.49988810
vn 0.92117970 0.02039387 0.38860260
vn 0.98517050 0.01394354 -0.17101060
vn 0.86557590 0.03216066 0.49974410
vn 0.79391090 0.03042308 0.60727260
vn 0.55541190 0.76726110 0.32066780
vn 0.66700100 0.60482160 0.43508690
vn 0.59551000 0.76454070 0.24666880
vn 0.66352830 0.64262950 0.38308940
vn 0.51137500 0.76454160 0.39239250
vn 0.78428900 0.24706470 0.56907800
vn 0.71029680 0.60482240 0.36009480
vn 0.83441690 0.26769780 0.48175340
vn 0.80286910 0.11977880 0.58399840
vn 0.88498030 0.24706550 0.39467530
vn 0.93891560 0.34403090 -0.00895441
vn 0.97665360 0.19919510 -0.08043011
vn 0.98743980 0.08601490 -0.13253010
vn 0.90719160 0.11977890 0.40330680
vn 0.98651650 0.04284753 -0.15795390
vn 0.98506650 0.02085922 -0.17090590
vn 0.92286930 0.03042310 0.38390980
vn 0.79785160 0.06327077 0.59952450
vn 0.49999900 -0.00007463 0.86602600
vn 0.49999900 -0.00007463 0.86602600
vn 0.26747470 -0.11959630 0.95611410
vn 0.25728010 -0.10882300 0.96018980
vn 0.17538530 -0.21629010 0.96044710
vn 0.25250180 -0.21959340 0.94234900
vn 0.25768190 -0.09367427 0.96167830
vn 0.29187350 -0.09281933 0.95194240
vn 0.35051630 -0.03251089 0.93599220
vn 0.25868010 -0.03275900 0.96540740
vn 0.38130470 0.02293717 0.92416480
vn 0.24641870 -0.11960140 0.96175530
vn 0.32833590 -0.21629340 0.91946320
vn 0.00000000 -0.00007712 1.00000000
vn 0.22320240 -0.09282093 0.97034270
vn 0.00000000 -0.00007712 1.00000000
vn -0.24641680 -0.11960140 0.96175580
vn -0.25728030 -0.10882390 0.96018970
vn 0.16443840 -0.03251087 0.98585150
vn -0.32833080 -0.21628840 0.91946630
vn 0.25875070 0.02289484 0.96567270
vn 0.13185680 0.02293716 0.99100340
vn 0.13200980 0.03311084 0.99069520
vn 0.25867330 0.03357311 0.96538130
vn 0.38101890 0.03311003 0.92397420
vn 0.34951620 0.06324748 0.93479320
vn 0.25829590 0.06358261 0.96397130
vn 0.16470640 0.06324745 0.98431270
vn 0.28992150 0.11734850 0.94982880
vn 0.25700690 0.11813870 0.95916140
vn 0.22383570 0.11734840 0.96753640
vn 0.17351680 0.24368230 0.95420680
vn 0.25086250 0.24603850 0.93623350
vn 0.32683470 0.24368250 0.91312540
vn 0.25645230 0.13489080 0.95709810
vn 0.27237990 0.12900710 0.95350220
vn 0.49999900 0.00008624 0.86602600
vn 0.49999970 0.00008624 0.86602550
vn 0.24086320 0.12900450 0.96194730
vn 0.00000000 0.00008541 1.00000000
vn 0.00000000 0.00008541 1.00000000
vn -0.25645330 0.13489000 0.95709790
vn -0.24086220 0.12900700 0.96194730
vn -0.32682960 0.24368160 0.91312750
vn -0.25086150 0.24603860 0.93623370
vn -0.25700480 0.11813870 0.95916190
vn -0.22383070 0.11734850 0.96753770
vn -0.25829290 0.06358341 0.96397190
vn -0.16470250 0.06324749 0.98431340
vn -0.25867110 0.03357309 0.96538180
vn -0.13200880 0.03311002 0.99069540
vn -0.13185680 0.02293716 0.99100340
vn -0.17351690 0.24368340 0.95420660
vn -0.27238070 0.12900200 0.95350260
vn -0.49999900 0.00008541 0.86602600
vn -0.50000100 0.00008541 0.86602480
vn -0.28992250 0.11734850 0.94982860
vn -0.34951520 0.06324749 0.93479340
vn -0.38101690 0.03311086 0.92397500
vn -0.25874980 0.02289485 0.96567300
vn -0.38130260 0.02293716 0.92416560
vn -0.35051810 -0.03251087 0.93599150
vn -0.25867890 -0.03275898 0.96540770
vn -0.16443650 -0.03251088 0.98585180
vn -0.29187350 -0.09282099 0.95194230
vn -0.25767910 -0.09367434 0.96167900
vn -0.22319950 -0.09281936 0.97034350
vn -0.17538230 -0.21629180 0.96044730
vn -0.25249880 -0.21959180 0.94235010
vn -0.26747380 -0.11959640 0.95611420
vn -0.50000100 -0.00007546 0.86602480
vn -0.49999900 -0.00007546 0.86602600
vn 0.34343850 -0.72677140 0.59485570
vn 0.46043380 -0.54793290 0.69840550
vn 0.26404630 -0.72381730 0.63747010
vn 0.40486330 -0.58680480 0.70124590
vn 0.42004030 -0.72381830 0.54740600
vn 0.57184850 -0.22045020 0.79018420
vn 0.37462080 -0.54792880 0.74795280
vn 0.48560660 -0.23820200 0.84109810
vn 0.58537100 -0.09602048 0.80505960
vn 0.39839460 -0.22044920 0.89032790
vn 0.49736890 -0.10244350 0.86146940
vn -0.08154037 -0.17547870 0.98110060
vn -0.01264144 -0.30166020 0.95333170
vn -0.13337190 -0.06873842 0.98867930
vn 0.40451650 -0.09602133 0.90947570
vn -0.15833240 -0.02322086 0.98711280
vn 0.39205950 -0.03475239 0.91928320
vn -0.17099860 0.01394436 0.98517260
vn 0.49965750 -0.03700908 0.86543210
vn 0.60009320 -0.03475238 0.79917480
vn 0.38860180 0.02039388 0.92118000
vn 0.49988580 0.02137102 0.86582760
vn 0.60346580 0.02039387 0.79712800
vn 0.49974130 0.03216068 0.86557730
vn 0.60727540 0.03042225 0.79390870
vn 0.38390860 0.03042308 0.92286970
vn -0.17089180 0.02086004 0.98506900
vn -0.15794280 0.04284751 0.98651820
vn 0.39119710 0.06327076 0.91812940
vn -0.13252010 0.08601658 0.98744090
vn 0.49887610 0.06700818 0.86407910
vn 0.59952560 0.06326996 0.79785080
vn 0.40330590 0.11977970 0.90719190
vn -0.08041909 0.19919610 0.97665440
vn 0.49590860 0.12765950 0.85893990
vn 0.58399890 0.11977980 0.80286870
vn 0.56907710 0.24706650 0.78428910
vn 0.48175050 0.26769950 0.83441800
vn 0.43508580 0.60482350 0.66699990
vn 0.39467550 0.24706650 0.88497980
vn -0.00894107 0.34403200 0.93891540
vn 0.36009680 0.60482040 0.71029760
vn 0.38308810 0.64262930 0.66352920
vn 0.24666860 0.76453920 0.59551180
vn 0.32066890 0.76725920 0.55541410
vn 0.39239450 0.76453840 0.51137810
vn 0.25728220 -0.10882470 -0.96018900
vn 0.50000020 -0.00007380 -0.86602530
vn 0.49999900 -0.00007380 -0.86602600
vn 0.26747460 -0.11959880 -0.95611370
vn 0.25249980 -0.21959350 -0.94234940
vn 0.17538320 -0.21629340 -0.96044670
vn 0.25768000 -0.09367432 -0.96167880
vn 0.29187440 -0.09282096 -0.95194200
vn 0.32833100 -0.21629100 -0.91946550
vn 0.24641560 -0.11960220 -0.96175600
vn 0.00000000 -0.00007712 -1.00000000
vn 0.00000000 -0.00007712 -1.00000000
vn 0.22320050 -0.09281933 -0.97034330
vn -0.25728130 -0.10882390 -0.96018930
vn 0.16443550 -0.03251005 -0.98585190
vn -0.24641770 -0.11960300 -0.96175530
vn 0.25867920 -0.03275901 -0.96540770
vn 0.35052100 -0.03251087 -0.93599040
vn 0.13185380 0.02293799 -0.99100380
vn 0.25874980 0.02289485 -0.96567300
vn 0.38131060 0.02293716 -0.92416240
vn 0.38102470 0.03311002 -0.92397180
vn 0.25867110 0.03357309 -0.96538180
vn 0.13200690 0.03311086 -0.99069560
vn 0.16470250 0.06324749 -0.98431340
vn 0.25829290 0.06358341 -0.96397190
vn 0.34951820 0.06324832 -0.93479240
vn 0.22383170 0.11734840 -0.96753750
vn 0.25700480 0.11813870 -0.95916190
vn 0.28992150 0.11734850 -0.94982880
vn 0.32683050 0.24368230 -0.91312690
vn 0.25086160 0.24603780 -0.93623390
vn 0.17351680 0.24368150 -0.95420710
vn 0.25645330 0.13489000 -0.95709790
vn 0.27238070 0.12900440 -0.95350230
vn 0.24086220 0.12900700 -0.96194730
vn 0.00000000 0.00008541 -1.00000000
vn 0.00000000 0.00008541 -1.00000000
vn -0.24086320 0.12900450 -0.96194730
vn -0.25645120 0.13488990 -0.95709840
vn -0.32683660 0.24368150 -0.91312500
vn -0.25086250 0.24603850 -0.93623350
vn -0.22383570 0.11734760 -0.96753660
vn -0.17351590 0.24368340 -0.95420680
vn -0.27237970 0.12900450 -0.95350260
vn -0.25700670 0.11813860 -0.95916150
vn -0.16470540 0.06324746 -0.98431290
vn -0.28992070 0.11734850 -0.94982920
vn -0.25829590 0.06358343 -0.96397110
vn 0.49999900 -0.00007380 -0.86602600
vn 0.50000020 -0.00007380 -0.86602530
vn 0.69428120 -0.11959710 -0.70969710
vn 0.70290800 -0.10882140 -0.70290700
vn 0.74407850 -0.21629170 -0.63211170
vn 0.68984790 -0.21959330 -0.68984690
vn 0.70399700 -0.09367436 -0.70399810
vn 0.67846560 -0.09282014 -0.72874470
vn 0.63211210 -0.21629180 -0.74407800
vn 0.63532640 -0.03251087 -0.77155910
vn 0.72874380 -0.09281932 -0.67846670
vn 0.70672620 -0.03275899 -0.70672830
vn 0.77155820 -0.03251004 -0.63532750
vn 0.60968670 0.02293715 -0.79231050
vn 0.70692040 0.02289486 -0.70692240
vn 0.49999970 0.00008707 -0.86602550
vn 0.50000020 0.00008707 -0.86602530
vn 0.70064460 0.13489080 -0.70064360
vn 0.50000020 0.00008707 -0.86602530
vn 0.49999970 0.00008707 -0.86602550
vn 0.68956500 0.12900790 -0.71264080
vn 0.73960600 0.24368140 -0.62737740
vn 0.68537070 0.24603680 -0.68537070
vn 0.70215540 0.11813960 -0.70215440
vn 0.67761210 0.11734840 -0.72599670
vn 0.70567600 0.06358340 -0.70567600
vn 0.63479220 0.06324749 -0.77009000
vn 0.70670760 0.03357309 -0.70670870
vn 0.60966550 0.03311002 -0.79196690
vn 0.79196830 0.03311086 -0.60966380
vn 0.77009080 0.06324831 -0.63479100
vn 0.79231140 0.02293715 -0.60968550
vn 0.72599810 0.11734850 -0.67761050
vn 0.62737750 0.24368060 -0.73960610
vn 0.71264060 0.12900450 -0.68956590
vn 0.86602550 0.00008210 -0.49999970
vn 0.86602600 0.00008210 -0.49999900
vn 0.95709800 0.13488750 -0.25645430
vn 0.95350370 0.12900030 -0.27237770
vn 0.95420850 0.24368250 -0.17350780
vn 0.93623340 0.24603760 -0.25086350
vn 0.95916160 0.11813960 -0.25700600
vn 0.94983150 0.11734930 -0.28991240
vn 0.96397140 0.06358343 -0.25829500
vn 0.93479530 0.06324831 -0.34951020
vn 0.96538130 0.03357311 -0.25867330
vn 0.92397210 0.03311086 -0.38102390
vn 0.92416280 0.02293717 -0.38130970
vn 0.91312300 0.24368070 -0.32684270
vn 0.96194670 0.12900370 -0.24086630
vn 0.96753480 0.11734930 -0.22384280
vn 1.00000000 0.00008458 0.00000000
vn 0.98431190 0.06324747 -0.16471140
vn 1.00000000 0.00008458 0.00000000
vn 0.99069540 0.03311084 -0.13200880
vn 0.96194670 0.12900540 0.24086530
vn 0.91312390 0.24368140 0.32683960
vn 0.96567270 0.02289484 -0.25875070
vn 0.99100350 0.02293716 -0.13185580
vn 0.98584970 -0.03251171 -0.16444850
vn 0.96540680 -0.03275982 -0.25868200
vn 0.93599410 -0.03251169 -0.35051100
vn 0.97034000 -0.09282012 -0.22321450
vn 0.96167750 -0.09367429 -0.25768490
vn 0.95194390 -0.09282012 -0.29186830
vn 0.96044750 -0.21629080 -0.17538220
vn 0.95611480 -0.11959220 -0.26747370
vn 0.86602480 -0.00006883 -0.50000100
vn 0.86602530 -0.00006883 -0.50000020
vn 0.70969710 -0.11959710 -0.69428120
vn 0.34343770 -0.72677490 -0.59485190
vn 0.37461980 -0.54793060 -0.74795190
vn 0.42003860 -0.72382120 -0.54740340
vn 0.40486470 -0.58680710 -0.70124320
vn 0.26404650 -0.72382060 -0.63746610
vn 0.46043590 -0.54793270 -0.69840430
vn 0.39839500 -0.22044940 -0.89032770
vn -0.01265061 -0.30165910 -0.95333190
vn -0.08154839 -0.17547690 -0.98110020
vn -0.13337790 -0.06873843 -0.98867850
vn 0.48560860 -0.23820110 -0.84109720
vn 0.57184830 -0.22045100 -0.79018400
vn 0.40451650 -0.09602133 -0.90947570
vn 0.49737010 -0.10244350 -0.86146870
vn 0.58537100 -0.09602048 -0.80505960
vn 0.60009320 -0.03475238 -0.79917480
vn 0.49965810 -0.03700906 -0.86543170
vn 0.60346580 0.02039387 -0.79712800
vn 0.39206040 -0.03475238 -0.91928290
vn -0.15833840 -0.02322086 -0.98711190
vn 0.49988690 0.02137102 -0.86582700
vn 0.38860180 0.02039471 -0.92118000
vn -0.17100550 0.01394353 -0.98517140
vn -0.17089990 0.02085923 -0.98506760
vn 0.49974220 0.03216066 -0.86557690
vn 0.60727540 0.03042308 -0.79390870
vn 0.59952620 0.06327075 -0.79785030
vn 0.38390860 0.03042225 -0.92286980
vn 0.49887680 0.06700815 -0.86407860
vn 0.58399890 0.11977980 -0.80286870
vn 0.39119710 0.06327076 -0.91812940
vn -0.15794880 0.04284751 -0.98651720
vn 0.49590940 0.12765860 -0.85893950
vn 0.40330590 0.11977970 -0.90719190
vn -0.13252510 0.08601661 -0.98744020
vn 0.39467640 0.24706560 -0.88497970
vn 0.48175180 0.26769880 -0.83441750
vn 0.56907640 0.24706660 -0.78428950
vn 0.38308820 0.64263030 -0.66352820
vn 0.43508610 0.60482290 -0.66700020
vn 0.36009480 0.60482130 -0.71029780
vn -0.00894826 0.34403460 -0.93891430
vn -0.08042415 0.19919700 -0.97665380
vn 0.39239450 0.76453840 -0.51137810
vn 0.32066790 0.76726030 -0.55541310
vn 0.24666880 0.76454070 -0.59551000
vn -0.49999900 -0.00007463 -0.86602600
vn -0.50000100 -0.00007463 -0.86602480
vn -0.26747480 -0.11959470 -0.95611420
vn -0.50000020 0.00008127 -0.86602530
vn -0.49999900 0.00008127 -0.86602600
vn -0.34343850 -0.72677240 -0.59485450
vn -0.46043490 -0.54793200 -0.69840550
vn -0.26404750 -0.72381760 -0.63746920
vn -0.40486340 -0.58680580 -0.70124500
vn -0.42003840 -0.72382080 -0.54740420
vn -0.57184850 -0.22045020 -0.79018420
vn -0.37462070 -0.54793040 -0.74795160
vn -0.48560660 -0.23820200 -0.84109810
vn -0.58537100 -0.09602048 -0.80505960
vn -0.39839500 -0.22044940 -0.89032770
vn -0.49736930 -0.10244360 -0.86146910
vn 0.08154037 -0.17547870 -0.98110060
vn 0.01264245 -0.30166170 -0.95333120
vn 0.13337190 -0.06873842 -0.98867930
vn -0.40451650 -0.09602133 -0.90947570
vn 0.15833240 -0.02322086 -0.98711280
vn -0.39206040 -0.03475238 -0.91928290
vn 0.17099670 0.01394354 -0.98517300
vn -0.49965750 -0.03700908 -0.86543210
vn -0.60009430 -0.03475155 -0.79917400
vn -0.38860060 0.02039387 -0.92118060
vn -0.49988650 0.02137101 -0.86582710
vn -0.60346690 0.02039471 -0.79712720
vn -0.49974220 0.03216066 -0.86557690
vn -0.60727660 0.03042225 -0.79390780
vn -0.38390860 0.03042225 -0.92286980
vn 0.17089090 0.02086005 -0.98506910
vn 0.15794280 0.04284751 -0.98651820
vn -0.39119710 0.06327076 -0.91812940
vn 0.13252010 0.08601658 -0.98744090
vn -0.49887610 0.06700818 -0.86407910
vn -0.59952690 0.06326988 -0.79784990
vn -0.40330590 0.11978060 -0.90719190
vn 0.08041808 0.19919690 -0.97665440
vn -0.49590860 0.12765950 -0.85893990
vn -0.58399890 0.11977980 -0.80286870
vn -0.56907680 0.24706540 -0.78428970
vn -0.48175050 0.26769950 -0.83441800
vn -0.43508700 0.60482260 -0.66699990
vn -0.39467550 0.24706650 -0.88497980
vn 0.00894107 0.34403350 -0.93891480
vn -0.36009780 0.60482010 -0.71029730
vn -0.38308810 0.64262930 -0.66352920
vn -0.24666750 0.76454130 -0.59550970
vn -0.32066790 0.76726030 -0.55541310
vn -0.39239450 0.76453840 -0.51137810
vn -0.49999900 -0.00007546 0.86602600
vn -0.50000100 -0.00007546 0.86602480
vn -0.69428050 -0.11960050 0.70969740
vn -0.74407790 -0.21629010 0.63211290
vn -0.70399550 -0.09367429 0.70399960
vn -0.67846680 -0.09281851 0.72874390
vn -0.63532540 -0.03251004 0.77156000
vn -0.72873970 -0.09282181 0.67847060
vn -0.70672540 -0.03275817 0.70672930
vn -0.77155810 -0.03251087 0.63532750
vn -0.60969180 0.02293715 0.79230660
vn -0.70692040 0.02289486 0.70692240
vn -0.79230660 0.02293799 0.60969180
vn -0.79196300 0.03311085 0.60967070
vn -0.70670720 0.03357311 0.70670910
vn -0.60967000 0.03311087 0.79196350
vn -0.63479010 0.06324749 0.77009180
vn -0.70567500 0.06358340 0.70567700
vn -0.77009140 0.06324828 0.63479050
vn -0.67761520 0.11734850 0.72599380
vn -0.70215590 0.11813870 0.70215400
vn -0.72599630 0.11734850 0.67761260
vn -0.73961060 0.24368420 0.62737080
vn -0.68537060 0.24604010 0.68536960
vn -0.62737200 0.24368340 0.73960980
vn -0.68956490 0.12900950 0.71264060
vn -0.50000100 0.00008541 0.86602480
vn -0.49999900 0.00008541 0.86602600
vn -0.34343770 -0.72677580 0.59485070
vn -0.37462000 -0.54793270 0.74795020
vn -0.42003770 -0.72382320 0.54740130
vn -0.40486350 -0.58680690 0.70124410
vn -0.26404650 -0.72382160 0.63746510
vn -0.46043770 -0.54793050 0.69840470
vn -0.39839460 -0.22044920 0.89032790
vn 0.01265061 -0.30165910 0.95333190
vn 0.08154839 -0.17547690 0.98110020
vn 0.13337890 -0.06873843 0.98867840
vn -0.48560830 -0.23820010 0.84109760
vn -0.57184920 -0.22044930 0.79018400
vn -0.40451650 -0.09602052 0.90947590
vn -0.49736940 -0.10244270 0.86146920
vn -0.58537160 -0.09602042 0.80505900
vn -0.60009430 -0.03475155 0.79917400
vn -0.49965750 -0.03700908 0.86543210
vn -0.60346690 0.02039471 0.79712720
vn -0.39205950 -0.03475239 0.91928320
vn 0.15833840 -0.02322086 0.98711190
vn -0.49988760 0.02137101 0.86582650
vn -0.38860060 0.02039387 0.92118060
vn 0.17100360 0.01394354 0.98517170
vn 0.17089680 0.02085921 0.98506800
vn -0.49974340 0.03216068 0.86557630
vn -0.60727660 0.03042308 0.79390780
vn -0.59952740 0.06326994 0.79784950
vn -0.38390860 0.03042225 0.92286980
vn -0.49887610 0.06700818 0.86407910
vn -0.58399890 0.11977980 0.80286870
vn -0.39119630 0.06327077 0.91812970
vn 0.15794880 0.04284751 0.98651720
vn -0.49590940 0.12765860 0.85893950
vn -0.40330590 0.11977970 0.90719190
vn 0.13252520 0.08601578 0.98744030
vn -0.39467530 0.24706470 0.88498050
vn 0.08042409 0.19919680 0.97665380
vn 0.00894826 0.34403380 0.93891450
vn -0.36009680 0.60482040 0.71029760
vn -0.48175230 0.26769770 0.83441750
vn -0.56907610 0.24706560 0.78429010
vn -0.38308840 0.64262980 0.66352860
vn -0.39239580 0.76453770 0.51137820
vn -0.43508780 0.60482240 0.66699960
vn -0.32066780 0.76726110 0.55541190
vn -0.24666680 0.76454340 0.59550730
vn -0.46571170 -0.30166020 0.83193380
vn -0.69840600 -0.54793240 0.46043350
vn -0.79018470 -0.22044930 0.57184810
vn -0.41993110 -0.17547680 0.89043020
vn -0.37883490 -0.06873760 0.92290800
vn -0.80505960 -0.09602048 0.58537100
vn -0.79917480 -0.03475155 0.60009320
vn -0.35643350 -0.02322085 0.93403200
vn -0.79712850 0.02039471 0.60346510
vn -0.34449110 0.01394353 0.93868600
vn -0.34453090 0.02085921 0.93854320
vn -0.79390920 0.03042310 0.60727480
vn -0.79785070 0.06327078 0.59952560
vn -0.35647340 0.04284748 0.93332240
vn -0.80286820 0.11977970 0.58399960
vn -0.37895210 0.08601573 0.92141010
vn -0.78428820 0.24706480 0.56907920
vn -0.41867900 0.19919620 0.88601850
vn -0.46171040 0.34403290 0.81759700
vn -0.66700100 0.60482160 0.43508690
vn -0.41993740 -0.17547860 -0.89042680
vn -0.69840720 -0.54793080 -0.46043360
vn -0.46571900 -0.30166200 -0.83192900
vn -0.79018430 -0.22044940 -0.57184850
vn -0.37884120 -0.06873847 -0.92290540
vn -0.80505960 -0.09602048 -0.58537100
vn -0.35644060 -0.02322169 -0.93402930
vn -0.79917480 -0.03475238 -0.60009320
vn -0.34449730 0.01394354 -0.93868370
vn -0.79712850 0.02039389 -0.60346510
vn -0.79390920 0.03042226 -0.60727480
vn -0.34453710 0.02085923 -0.93854100
vn -0.35648040 0.04284833 -0.93331960
vn -0.79785070 0.06327078 -0.59952560
vn -0.37895910 0.08601658 -0.92140720
vn -0.80286820 0.11977970 -0.58399960
vn -0.41868500 0.19919700 -0.88601550
vn -0.78428860 0.24706380 -0.56907890
vn -0.46171550 0.34403370 -0.81759380
vn -0.66700020 0.60482290 -0.43508610
vn 0.46570970 -0.30166020 -0.83193490
vn 0.69840370 -0.54793490 -0.46043410
vn 0.79018460 -0.22045000 -0.57184790
vn 0.41992820 -0.17547690 -0.89043140
vn 0.37883090 -0.06873758 -0.92290970
vn 0.80506040 -0.09602046 -0.58536980
vn 0.79917520 -0.03475156 -0.60009270
vn 0.35643050 -0.02322086 -0.93403320
vn 0.79712930 0.02039471 -0.60346400
vn 0.34449320 0.01394353 -0.93868530
vn 0.34453300 0.02085922 -0.93854250
vn 0.79391030 0.03042307 -0.60727330
vn 0.79785160 0.06327077 -0.59952450
vn 0.35647170 0.04284752 -0.93332320
vn 0.80286910 0.11977970 -0.58399840
vn 0.37894920 0.08601495 -0.92141150
vn 0.78428900 0.24706470 -0.56907800
vn 0.41867690 0.19919610 -0.88601950
vn 0.46170840 0.34403290 -0.81759810
vn 0.66699960 0.60482320 -0.43508670
vn 0.41993460 -0.17547870 0.89042810
vn 0.69840460 -0.54793570 0.46043190
vn 0.46571580 -0.30166180 0.83193080
vn 0.79018500 -0.22045020 0.57184730
vn 0.37883790 -0.06873841 0.92290680
vn 0.80506040 -0.09602046 0.58536980
vn 0.35643770 -0.02322087 0.93403050
vn 0.79917520 -0.03475239 0.60009270
vn 0.34449940 0.01394354 0.93868300
vn 0.79712930 0.02039388 0.60346400
vn 0.79391090 0.03042308 0.60727260
vn 0.34453920 0.02086006 0.93854020
vn 0.35647840 0.04284749 0.93332060
vn 0.79785160 0.06327077 0.59952450
vn 0.37895620 0.08601577 0.92140850
vn 0.80286910 0.11977880 0.58399840
vn 0.41868370 0.19919770 0.88601590
vn 0.78428900 0.24706470 0.56907800
vn 0.83193330 -0.30166720 0.46570800
vn 0.46043380 -0.54793290 0.69840550
vn 0.57184850 -0.22045020 0.79018420
vn 0.89043190 -0.17547860 0.41992640
vn 0.92290940 -0.06873672 0.37883170
vn 0.58537100 -0.09602048 0.80505960
vn 0.60009320 -0.03475238 0.79917480
vn 0.93403240 -0.02322087 0.35643270
vn 0.60346580 0.02039387 0.79712800
vn 0.93868670 0.01394354 0.34448930
vn 0.93854390 0.02085922 0.34452910
vn 0.60727540 0.03042225 0.79390870
vn 0.59952560 0.06326996 0.79785080
vn 0.93332360 0.04284666 0.35647040
vn 0.58399890 0.11977980 0.80286870
vn 0.92141150 0.08601411 0.37894920
vn 0.56907710 0.24706650 0.78428910
vn 0.88602020 0.19919770 0.41867470
vn 0.81759800 0.34403880 0.46170430
vn 0.43508580 0.60482350 0.66699990
vn 0.89042820 -0.17547930 -0.41993420
vn 0.46043590 -0.54793270 -0.69840430
vn 0.83193360 -0.30166100 -0.46571160
vn 0.57184830 -0.22045100 -0.79018400
vn 0.92290590 -0.06873925 -0.37883990
vn 0.58537100 -0.09602048 -0.80505960
vn 0.93402980 -0.02322170 -0.35643980
vn 0.60009320 -0.03475238 -0.79917480
vn 0.93868390 0.01394353 -0.34449700
vn 0.60346580 0.02039387 -0.79712800
vn 0.60727540 0.03042308 -0.79390870
vn 0.93854120 0.02086006 -0.34453620
vn 0.93332090 0.04284751 -0.35647750
vn 0.59952620 0.06327075 -0.79785030
vn 0.92140840 0.08601660 -0.37895620
vn 0.58399890 0.11977980 -0.80286870
vn 0.88601620 0.19919780 -0.41868280
vn 0.56907640 0.24706660 -0.78428950
vn 0.81759600 0.34403290 -0.46171240
vn 0.43508610 0.60482290 -0.66700020
vn -0.17538530 -0.21629010 -0.96044710
vn -0.25250080 -0.21959260 -0.94234930
vn -0.25768100 -0.09367431 -0.96167860
vn -0.32833300 -0.21629270 -0.91946450
vn -0.83193500 -0.30166280 -0.46570770
vn -0.46043490 -0.54793200 -0.69840550
vn -0.57184850 -0.22045020 -0.79018420
vn -0.89043240 -0.17547680 -0.41992610
vn -0.92291020 -0.06873678 -0.37883000
vn -0.58537100 -0.09602048 -0.80505960
vn -0.60009430 -0.03475155 -0.79917400
vn -0.93403410 -0.02321920 -0.35642850
vn -0.60346690 0.02039471 -0.79712720
vn -0.93868670 0.01394354 -0.34448930
vn -0.93854390 0.02085922 -0.34452910
vn -0.60727660 0.03042225 -0.79390780
vn -0.59952690 0.06326988 -0.79784990
vn -0.93332480 0.04284584 -0.35646750
vn -0.58399890 0.11977980 -0.80286870
vn -0.92141230 0.08601410 -0.37894720
vn -0.56907680 0.24706540 -0.78428970
vn -0.88602150 0.19919360 -0.41867380
vn -0.81760330 0.34402660 -0.46170380
vn -0.43508700 0.60482260 -0.66699990
vn -0.89043140 -0.17547690 0.41992820
vn -0.46043770 -0.54793050 0.69840470
vn -0.83193950 -0.30165740 0.46570320
vn -0.57184920 -0.22044930 0.79018400
vn -0.92290850 -0.06873755 0.37883370
vn -0.58537160 -0.09602042 0.80505900
vn -0.93403360 -0.02321921 0.35642970
vn -0.60009430 -0.03475155 0.79917400
vn -0.93868670 0.01394354 0.34448930
vn -0.60346690 0.02039471 0.79712720
vn -0.60727660 0.03042308 0.79390780
vn -0.93854390 0.02085922 0.34452910
vn -0.93332430 0.04284669 0.35646870
vn -0.59952740 0.06326994 0.79784950
vn -0.92140930 0.08601575 0.37895410
vn -0.58399890 0.11977980 0.80286870
vn -0.88601620 0.19919610 0.41868380
vn -0.56907610 0.24706560 0.78429010
vn -0.81759940 0.34402920 0.46170910
vn -0.43508780 0.60482240 0.66699960
vn -0.34951520 0.06324749 -0.93479340
vn -0.25867230 0.03357311 -0.96538160
vn -0.38101480 0.03311085 -0.92397590
vn -0.38130060 0.02293716 -0.92416660
vn -0.13201080 0.03311083 -0.99069510
vn -0.25875070 0.02289484 -0.96567270
vn -0.13185870 0.02293715 -0.99100320
vn -0.16443750 -0.03251087 -0.98585160
vn -0.25867920 -0.03275901 -0.96540770
vn -0.35051520 -0.03251087 -0.93599260
vn -0.22320050 -0.09282015 -0.97034320
vn -0.29187450 -0.09281931 -0.95194220
vn 0.98431210 0.06324831 0.16470950
vn 0.96753540 0.11734860 0.22384090
vn 0.95916160 0.11813950 0.25700570
vn 0.94983070 0.11734930 0.28991540
vn 0.93623340 0.24603760 0.25086350
vn 0.95420840 0.24368160 0.17350980
vn 0.97034070 -0.09282010 0.22321140
vn 0.86477600 0.05369556 -0.49927880
vn 0.76046130 0.61658620 -0.20376430
vn 0.68181190 0.61658520 -0.39364350
vn 0.96453240 0.05369639 -0.25844510
vn 0.78728690 0.61658690 0.00000000
vn 0.96592580 0.00000000 -0.25881900
vn 0.86602550 0.00000000 -0.49999970
vn 1.00000000 0.00000000 0.00000000
vn 0.99855730 0.05369720 0.00000000
vn 0.76046050 0.61658730 0.20376440
vn 0.96592580 0.00000000 0.25881900
vn 0.96453240 0.05369639 0.25844510
vn 0.68181090 0.61658630 0.39364360
vn 0.86602530 0.00000000 0.50000020
vn 0.86477550 0.05369636 0.49927950
vn 0.55669610 0.61658640 0.55669610
vn 0.70710680 0.00000000 0.70710680
vn 0.70608660 0.05369635 0.70608660
vn 0.39364350 0.61658520 0.68181190
vn 0.49999970 0.00000000 0.86602550
vn 0.49927820 0.05369633 0.86477610
vn -0.96592580 0.00000000 0.25881900
vn -0.86477610 0.05369633 0.49927820
vn -0.86602550 0.00000000 0.49999970
vn -0.96453240 0.05369639 0.25844510
vn -1.00000000 0.00000000 0.00000000
vn -0.76046250 0.61658450 0.20376540
vn -0.68181350 0.61658230 0.39364550
vn -0.78728810 0.61658520 0.00000000
vn -0.99855730 0.05369720 0.00000000
vn -0.96592580 0.00000000 -0.25881900
vn -0.76046300 0.61658390 -0.20376520
vn -0.96453240 0.05369639 -0.25844510
vn -0.86602530 0.00000000 -0.50000020
vn -0.68181350 0.61658300 -0.39364430
vn -0.86477590 0.05369638 -0.49927880
vn -0.70710680 0.00000000 -0.70710680
vn -0.55669720 0.61658450 -0.55669720
vn -0.70608660 0.05369635 -0.70608660
vn -0.49999900 0.00000000 -0.86602600
vn -0.39364350 0.61658520 -0.68181190
vn -0.49927750 0.05369636 -0.86477670
vn 0.25881900 0.00000000 0.96592580
vn 0.49927820 0.05369633 0.86477610
vn 0.49999970 0.00000000 0.86602550
vn 0.25844610 0.05369637 0.96453210
vn 0.00000000 0.00000000 1.00000000
vn 0.20376540 0.61658450 0.76046250
vn 0.39364350 0.61658520 0.68181190
vn 0.00000000 0.61658520 0.78728810
vn 0.00000000 0.05369637 0.99855730
vn -0.25881900 0.00000000 0.96592580
vn -0.20376430 0.61658620 0.76046130
vn -0.25844610 0.05369637 0.96453210
vn -0.50000100 0.00000000 0.86602480
vn -0.39364480 0.61658550 0.68181100
vn -0.49927950 0.05369636 0.86477550
vn 0.70710680 0.00000000 -0.70710680
vn 0.49927880 0.05369638 -0.86477590
vn 0.50000020 0.00000000 -0.86602530
vn 0.70608660 0.05369635 -0.70608660
vn 0.55669610 0.61658550 -0.55669720
vn 0.39364380 0.61658570 -0.68181120
vn -0.25881900 0.00000000 -0.96592580
vn -0.49927750 0.05369636 -0.86477670
vn -0.49999900 0.00000000 -0.86602600
vn -0.25844520 0.05369557 -0.96453240
vn 0.00000000 0.00000000 -1.00000000
vn -0.20376530 0.61658500 -0.76046200
vn -0.39364350 0.61658520 -0.68181190
vn 0.00000000 0.61658470 -0.78728860
vn 0.00000000 0.05369637 -0.99855730
vn 0.25881900 0.00000000 -0.96592580
vn 0.20376550 0.61658560 -0.76046160
vn 0.25844510 0.05369639 -0.96453240
vn 0.50000020 0.00000000 -0.86602530
vn 0.39364380 0.61658570 -0.68181120
vn 0.49927880 0.05369638 -0.86477590
vn -0.70710720 0.00000000 0.70710630
vn -0.49927950 0.05369636 0.86477550
vn -0.50000100 0.00000000 0.86602480
vn -0.70608720 0.05369638 0.70608610
vn -0.55669790 0.61658330 0.55669790
vn -0.39364480 0.61658550 0.68181100
vn -0.34545960 -0.87253400 0.34545960
vn -0.71147170 -0.57015590 0.41076800
vn -0.58091320 -0.57015640 0.58091430
vn -0.42310010 -0.87253430 0.24427510
vn -0.79354130 -0.57015940 0.21262760
vn -0.47190500 -0.87253490 0.12644550
vn -0.82153370 -0.57016000 0.00000000
vn -0.48854910 -0.87253640 0.00000000
vn -0.79354070 -0.57015980 -0.21262880
vn -0.47190180 -0.87253640 -0.12644680
vn -0.71147050 -0.57015740 -0.41076790
vn -0.42309890 -0.87253420 -0.24427740
vn -0.58091430 -0.57015540 -0.58091430
vn -0.34545960 -0.87253400 -0.34545960
vn 0.34545840 -0.87253390 -0.34546070
vn 0.42309870 -0.87253370 -0.24427960
vn 0.71146870 -0.57015870 -0.41076920
vn 0.58091250 -0.57015680 -0.58091470
vn 0.24427610 -0.87253460 -0.42309860
vn 0.41076900 -0.57015650 -0.71147050
vn 0.12644560 -0.87253530 -0.47190420
vn 0.21262980 -0.57015690 -0.79354240
vn -0.86541310 -0.03758842 -0.49964700
vn -0.86602530 0.00000000 -0.50000020
vn -0.96592580 0.00000000 -0.25881900
vn -0.96524330 -0.03758760 -0.25863580
vn -1.00000000 0.00000000 0.00000000
vn -0.79354070 -0.57015980 -0.21262880
vn -0.71147050 -0.57015740 -0.41076790
vn -0.82153370 -0.57016000 0.00000000
vn -0.99929330 -0.03758761 0.00000000
vn -0.96592580 0.00000000 0.25881900
vn -0.79354130 -0.57015940 0.21262760
vn -0.96524330 -0.03758842 0.25863580
vn -0.86602530 0.00000000 0.50000020
vn -0.71147170 -0.57015590 0.41076800
vn -0.86541320 -0.03758760 0.49964700
vn -0.70710680 0.00000000 0.70710680
vn -0.58091320 -0.57015640 0.58091430
vn -0.70660710 -0.03758764 0.70660710
vn 0.96524330 -0.03758760 -0.25863580
vn 0.96592580 0.00000000 -0.25881900
vn 0.86602530 0.00000000 -0.50000020
vn 0.86541310 -0.03758842 -0.49964700
vn 0.70710630 0.00000000 -0.70710720
vn 0.71146870 -0.57015870 -0.41076920
vn 0.79354130 -0.57015850 -0.21262970
vn 0.58091250 -0.57015680 -0.58091470
vn 0.70660650 -0.03758761 -0.70660760
vn 0.50000020 0.00000000 -0.86602530
vn 0.41076900 -0.57015650 -0.71147050
vn 0.49964700 -0.03758760 -0.86541320
vn 0.70660650 -0.03758677 0.70660760
vn 0.70710630 0.00000000 0.70710720
vn 0.86602480 0.00000000 0.50000100
vn 0.86541300 -0.03758680 0.49964750
vn 0.96592580 0.00000000 0.25881900
vn 0.71147050 -0.57015650 0.41076900
vn 0.58091430 -0.57015540 0.58091430
vn 0.79354110 -0.57015930 0.21262860
vn 0.96524330 -0.03758760 0.25863580
vn 1.00000000 0.00000000 0.00000000
vn 0.82153530 -0.57015780 0.00000000
vn 0.99929330 -0.03758761 0.00000000
vn 0.49964630 -0.03758762 0.86541370
vn 0.49999970 0.00000000 0.86602550
vn 0.41076790 -0.57015740 0.71147050
vn 0.49964700 -0.03758760 -0.86541320
vn 0.50000020 0.00000000 -0.86602530
vn 0.25881900 0.00000000 -0.96592580
vn 0.25863580 -0.03758760 -0.96524330
vn 0.00000000 0.00000000 -1.00000000
vn 0.21262980 -0.57015690 -0.79354240
vn 0.41076900 -0.57015650 -0.71147050
vn 0.00000000 -0.57015780 -0.82153530
vn 0.00000000 -0.03758761 -0.99929330
vn -0.25881900 0.00000000 -0.96592580
vn -0.21262860 -0.57015760 -0.79354230
vn -0.25863580 -0.03758760 -0.96524330
vn -0.49964510 -0.03758761 -0.86541430
vn -0.49999900 0.00000000 -0.86602600
vn -0.70710680 0.00000000 -0.70710680
vn -0.70660710 -0.03758764 -0.70660710
vn -0.58091430 -0.57015540 -0.58091430
vn -0.41076780 -0.57015650 -0.71147130
vn -0.49999900 0.00000000 -0.86602600
vn -0.49964510 -0.03758761 -0.86541430
vn -0.41076780 -0.57015650 -0.71147130
vn -0.49964700 -0.03758760 0.86541320
vn -0.50000100 0.00000000 0.86602480
vn -0.25881900 0.00000000 0.96592580
vn -0.25863680 -0.03758759 0.96524300
vn 0.00000000 0.00000000 1.00000000
vn -0.21262960 -0.57015750 0.79354210
vn -0.41076800 -0.57015850 0.71146960
vn 0.00000000 -0.57015780 0.82153530
vn 0.00000000 -0.03758761 0.99929330
vn 0.25881900 0.00000000 0.96592580
vn 0.21262860 -0.57015760 0.79354230
vn 0.25863580 -0.03758760 0.96524330
vn 0.49999970 0.00000000 0.86602550
vn 0.41076790 -0.57015740 0.71147050
vn 0.49964630 -0.03758762 0.86541370
vn -0.50000100 0.00000000 0.86602480
vn -0.49964700 -0.03758760 0.86541320
vn -0.41076800 -0.57015850 0.71146960
vn -0.41076780 -0.57015650 -0.71147130
vn -0.24427630 -0.87253620 -0.42309540
vn -0.21262860 -0.57015760 -0.79354230
vn -0.12644670 -0.87253600 -0.47190280
vn 0.00000000 -0.57015780 -0.82153530
vn 0.00000000 -0.87253520 -0.48855130
vn 0.79354130 -0.57015850 -0.21262970
vn 0.47190320 -0.87253580 -0.12644680
vn 0.82153530 -0.57015780 0.00000000
vn 0.48855050 -0.87253560 0.00000000
vn 0.79354110 -0.57015930 0.21262860
vn 0.47190330 -0.87253590 0.12644570
vn 0.71147050 -0.57015650 0.41076900
vn 0.42309550 -0.87253640 0.24427520
vn 0.58091430 -0.57015540 0.58091430
vn 0.34545740 -0.87253550 0.34545740
vn 0.41076790 -0.57015740 0.71147050
vn 0.24427530 -0.87253690 0.42309460
vn 0.21262860 -0.57015760 0.79354230
vn 0.12644680 -0.87253640 0.47190180
vn 0.00000000 -0.57015780 0.82153530
vn 0.00000000 -0.87253520 0.48855130
vn -0.21262960 -0.57015750 0.79354210
vn -0.12644560 -0.87253530 0.47190420
vn -0.41076800 -0.57015850 0.71146960
vn -0.24427510 -0.87253530 0.42309780
vn 0.46171450 0.34403450 0.81759390
vn 0.66700100 0.60482160 0.43508690
vn 0.00000000 1.00000000 0.00000000
vn 0.00000000 1.00000000 0.00000000
vn 0.00000000 1.00000000 0.00000000
vn 0.00000000 1.00000000 0.00000000
vn 0.00000000 1.00000000 0.00000000
vn 0.00000000 1.00000000 0.00000000
vn 0.00000000 1.00000000 0.00000000
vn 0.00000000 1.00000000 0.00000000
vn 0.00000000 1.00000000 0.00000000
vn 0.00000000 1.00000000 0.00000000
vn 0.00000000 1.00000000 0.00000100
vn 0.00000000 1.00000000 0.00000100
vn 0.00000000 1.00000000 0.00000000
vn 0.00000000 1.00000000 0.00000000
vn 0.00000000 1.00000000 0.00000000
vn 0.00000000 1.00000000 0.00000000
vn 0.00000000 1.00000000 0.00000000
vn 0.00000000 1.00000000 0.00000000
vn 0.00000000 1.00000000 0.00000000
vn 0.00000000 1.00000000 0.00000000
vn 0.00000000 1.00000000 0.00000000
vn 0.00000000 1.00000000 0.00000000
vn 0.00000000 1.00000000 0.00000000
vn 0.00000000 1.00000000 0.00000000
vn 0.00000000 1.00000000 0.00000000
vn 0.00000000 1.00000000 0.00000000
vn 0.00000000 1.00000000 0.00000000
vn 0.00000000 1.00000000 0.00000000
vn 0.00000000 1.00000000 0.00000000
vn 0.00000000 1.00000000 0.00000000
vn 0.00000000 1.00000000 0.00000000
vn 0.00000000 1.00000000 0.00000000
vn 0.00000000 1.00000000 0.00000000
vn 0.00000000 1.00000000 0.00000000
vn 0.00000000 1.00000000 0.00000000
vn 0.00000000 1.00000000 0.00000000
vn 0.00000000 1.00000000 0.00000000
vn 0.00000000 1.00000000 0.00000000
vn 0.00000000 1.00000000 0.00000000
vn 0.00000000 1.00000000 0.00000000
vn 0.00000000 1.00000000 -0.00000533
vn 0.00000000 1.00000000 -0.00000533
vn 0.00000000 1.00000000 -0.00000533
vn 0.00000000 1.00000000 -0.00000533
vn 0.00000000 1.00000000 0.00000000
vn 0.00000000 1.00000000 -0.00000227
vn 0.00000000 1.00000000 0.00000000
vn 0.00000000 1.00000000 -0.00000227
vn 0.00000000 1.00000000 0.00000307
vn 0.00000000 1.00000000 0.00000000
vn 0.00000000 1.00000000 0.00000307
vn 0.00000000 1.00000000 0.00000000
vn 0.00000000 1.00000000 0.00000533
vn 0.00000000 -1.00000000 0.00000000
vn 0.00000000 -1.00000000 0.00000000
vn 0.00000000 -1.00000000 0.00000000
vn 0.00000000 -1.00000000 0.00000000
vn 0.00000000 -1.00000000 0.00000000
vn 0.00000000 -1.00000000 0.00000000
vn 0.00000000 -1.00000000 0.00000000
vn 0.00000000 -1.00000000 0.00000000
vn 0.00000000 -1.00000000 0.00000000
vn 0.00000000 -1.00000000 0.00000000
vn 0.00000000 -1.00000000 0.00000000
vn 0.00000000 -1.00000000 0.00000000
vn 0.00000000 -1.00000000 0.00000000
vn 0.00000000 -1.00000000 0.00000000
vn 0.00000000 -1.00000000 0.00000000
vn 0.00000000 -1.00000000 0.00000000
vn 0.00000000 -1.00000000 0.00000000
vn 0.00000000 -1.00000000 0.00000000
vn 0.00000000 -1.00000000 0.00000000
vn 0.00000000 -1.00000000 0.00000000
vn 0.00000000 -1.00000000 0.00000000
vn 0.00000000 -1.00000000 0.00000000
vn 0.00000000 -1.00000000 0.00000000
vn 0.00000000 -1.00000000 0.00000000
vn 0.00000000 -1.00000000 0.00000000
vn 0.00000000 -1.00000000 0.00000000
vn 0.00000000 -1.00000000 0.00000000
vn 0.00000000 -1.00000000 0.00000000
vn 0.00000000 -1.00000000 0.00000000
vn 0.00000000 -1.00000000 0.00000000
vn 0.00000000 -1.00000000 0.00000000
vn 0.00000000 -1.00000000 0.00000000
vn 0.00000000 -1.00000000 0.00000000
vn 0.00000000 -1.00000000 0.00000000
vn 0.00000000 -1.00000000 0.00000000
vn 0.00000000 -1.00000000 0.00000000
vn 0.00000000 -1.00000000 0.00000000
vn 0.00000000 -1.00000000 0.00000000
vn 0.00000000 -1.00000000 0.00000000
vn 0.00000000 -1.00000000 0.00000000
vn 0.00000000 -1.00000000 0.00000000
vn 0.00000000 -1.00000000 0.00000000
vn 0.00000000 -1.00000000 0.00000000
vn 0.00000000 -1.00000000 0.00000000
vn 0.00000000 -1.00000000 0.00000000
vn 0.00000000 -1.00000000 0.00000000
vn 0.00000000 -1.00000000 0.00000000
vn 0.00000000 -1.00000000 0.00000000
vn 0.00000000 -1.00000000 0.00000000
vn 0.00000000 1.00000000 0.00000000
vn 0.00000000 1.00000000 0.00000121
vn 0.00000000 1.00000000 0.00000241
vn 0.00000000 1.00000000 0.00000000
vn 0.00000000 1.00000000 0.00000000
vn 0.00000000 1.00000000 0.00000121
vn 0.00000000 1.00000000 -0.00000121
vn 0.00000000 1.00000000 -0.00000121
vn 0.00000000 1.00000000 0.00000000
vn 0.00000000 1.00000000 -0.00000121
vn 0.00000000 1.00000000 0.00000121
vn 0.00000000 1.00000000 0.00000000
vn 0.00000000 1.00000000 0.00000000
vn 0.00000000 1.00000000 -0.00000121
vn 0.00000000 1.00000000 0.00000000
vn 0.00000000 1.00000000 0.00000121
vn 0.00000000 1.00000000 0.00000121
vn 0.00000000 1.00000000 -0.00000121
vn 0.00000000 1.00000000 -0.00000121
vn 0.00000000 1.00000000 0.00000000
vn 0.00000000 1.00000000 0.00000000
vn 0.00000000 1.00000000 0.00000000
vn 0.00000000 1.00000000 0.00000000
vn 0.00000000 1.00000000 0.00000000
vn 0.00000000 1.00000000 -0.00000241
vn 0.00000000 1.00000000 0.00000000
vn 0.00000000 1.00000000 0.00000241
vn 0.00000000 1.00000000 0.00000000
vn 0.00000000 1.00000000 0.00000000
vn 0.00000000 1.00000000 0.00000000
vn 0.00000000 1.00000000 0.00000241
vn 0.00000000 1.00000000 0.00000241
vn 0.00000000 1.00000000 0.00000121
vn 0.00000000 1.00000000 0.00000000
vn 0.00000000 1.00000000 0.00000000
vn 0.00000000 1.00000000 0.00000000
vn 0.00000000 1.00000000 0.00000482
vn 0.00000000 1.00000000 0.00000121
vn 0.00000000 1.00000000 0.00000000
vn 0.00000000 1.00000000 0.00000241
vn 0.00000000 1.00000000 -0.00000121
vn 0.00000000 1.00000000 0.00000362
vn 0.00000000 1.00000000 0.00000000
vn 0.00000000 1.00000000 0.00000241
vn 0.00000000 1.00000000 0.00000121
vn 0.00000000 1.00000000 0.00000121
vn 0.00000000 1.00000000 0.00000000
vn 0.00000000 1.00000000 0.00000121
vn 0.00000000 1.00000000 0.00000121
vn 0.00000000 0.89614200 0.44376740
vn 0.11485540 0.89614180 0.42864680
vn 0.20376540 0.61658450 0.76046250
vn 0.00000000 0.61658520 0.78728810
vn 0.39364350 0.61658520 0.68181190
vn -0.11485550 0.89614230 0.42864580
vn 0.22188370 0.89614170 0.38431440
vn -0.20376430 0.61658620 0.76046130
vn 0.55669610 0.61658640 0.55669610
vn -0.22188480 0.89614150 0.38431440
vn 0.31379040 0.89614240 0.31379040
vn -0.39364480 0.61658550 0.68181100
vn 0.68181090 0.61658630 0.39364360
vn -0.31379480 0.89613970 0.31379370
vn 0.38431120 0.89614340 0.22188260
vn -0.55669790 0.61658330 0.55669790
vn 0.76046050 0.61658730 0.20376440
vn -0.38431670 0.89614050 0.22188470
vn 0.42864580 0.89614230 0.11485550
vn -0.68181350 0.61658230 0.39364550
vn 0.78728690 0.61658690 0.00000000
vn -0.42864680 0.89614180 0.11485540
vn 0.44376840 0.89614150 0.00000000
vn -0.76046250 0.61658450 0.20376540
vn 0.76046130 0.61658620 -0.20376430
vn -0.44377060 0.89614040 0.00000000
vn 0.42864580 0.89614230 -0.11485550
vn -0.78728810 0.61658520 0.00000000
vn 0.68181190 0.61658520 -0.39364350
vn -0.42864910 0.89614080 -0.11485540
vn 0.38431220 0.89614300 -0.22188250
vn -0.76046300 0.61658390 -0.20376520
vn 0.55669610 0.61658550 -0.55669720
vn -0.38431670 0.89614050 -0.22188470
vn 0.31379130 0.89614170 -0.31379130
vn -0.68181350 0.61658300 -0.39364430
vn 0.39364380 0.61658570 -0.68181120
vn -0.31379360 0.89614060 -0.31379240
vn 0.22188480 0.89614150 -0.38431440
vn -0.55669720 0.61658450 -0.55669720
vn 0.20376550 0.61658560 -0.76046160
vn -0.22188370 0.89614170 -0.38431440
vn 0.11485540 0.89614180 -0.42864680
vn -0.39364350 0.61658520 -0.68181190
vn 0.00000000 0.61658470 -0.78728860
vn -0.11485550 0.89614230 -0.42864580
vn 0.00000000 0.89614150 -0.44376840
vn -0.20376530 0.61658500 -0.76046200
vt -10.19161000 0.33215700
vt -10.19118000 0.32558230
vt -10.21232000 0.32730370
vt -10.22238000 0.33462030
vt -10.21232000 0.29663930
vt -10.22238000 0.29663930
vt -10.21232000 0.26597390
vt -10.22238000 0.25865820
vt -10.19118000 0.26769520
vt -10.19161000 0.26112160
vt -10.14137000 0.26309570
vt -10.21232000 0.25184040
vt -10.19118000 0.25435610
vt -10.21232000 0.22326550
vt -10.22238000 0.22326450
vt -10.21232000 0.19872740
vt -10.22238000 0.19287280
vt -10.14130000 0.25689970
vt -10.19118000 0.20422630
vt -10.07761000 0.26370320
vt -10.07755000 0.27001650
vt -10.07755000 0.25774560
vt -10.01544000 0.27035700
vt -10.01557000 0.26408650
vt -10.01544000 0.25824340
vt -9.57145900 0.25425130
vt -9.57133400 0.26070290
vt -9.57145900 0.26762470
vt -9.50929400 0.25974730
vt -9.50934600 0.25307450
vt -10.19161000 0.19960100
vt -10.14137000 0.20499690
vt -10.14130000 0.20978340
vt -10.07755000 0.21163540
vt -10.07761000 0.20665820
vt -10.01544000 0.21271970
vt -10.21232000 0.18838010
vt -10.21232000 0.16955170
vt -10.22238000 0.16955170
vt -10.19118000 0.19445970
vt -10.14130000 0.20060430
vt -10.07755000 0.20265370
vt -10.01557000 0.20770140
vt -10.01544000 0.20385150
vt -9.57145900 0.19420800
vt -9.57133400 0.19845850
vt -9.57145900 0.20399840
vt -9.50934600 0.20142350
vt -9.50929400 0.19584920
vt -9.50934600 0.19136410
vt -9.44559700 0.19843270
vt -9.44552700 0.19301970
vt -9.44559700 0.18805490
vt -9.39492200 0.19200690
vt -9.39450700 0.18678740
vt -9.39492200 0.18095090
vt -9.36451900 0.17931160
vt -9.37458000 0.18593100
vt -9.37458000 0.17423140
vt -9.37458000 0.21367530
vt -9.36451900 0.15294150
vt -9.37458000 0.15294250
vt -9.36451900 0.21367530
vt -9.37458000 0.24598580
vt -9.36451900 0.25369440
vt -9.50935900 0.21164210
vt -9.50935800 0.22910200
vt -9.44574100 0.22678450
vt -9.85835600 0.68728240
vt -9.85835600 0.63102700
vt -9.91719300 0.63102700
vt -9.91719300 0.68728240
vt -9.08461000 0.51947290
vt -9.27211700 0.33196720
vt -9.33705300 0.39690380
vt -9.14954800 0.58440950
vt -9.56879500 0.33128820
vt -9.56879500 0.27557930
vt -9.62760500 0.27557930
vt -9.62760500 0.33128820
vt -9.08386800 0.03811535
vt -9.08386800 0.02881703
vt -9.14271200 0.02881703
vt -9.14271200 0.03811535
vt -8.76516700 0.30286490
vt -8.82397700 0.30286490
vt -8.82397700 0.35857280
vt -8.76516700 0.35857280
vt -9.14954800 -0.21356790
vt -9.33705300 -0.02606219
vt -9.27211700 0.03887445
vt -9.08461000 -0.14863030
vt -9.61828200 0.70253070
vt -9.61828200 0.72773720
vt -9.55946100 0.72773720
vt -9.55946100 0.70253070
vt -9.14063100 0.60507470
vt -9.14063100 0.66133000
vt -9.08179500 0.66133000
vt -9.08179500 0.60507470
vt -9.78045300 0.52153190
vt -9.41720700 0.57647020
vt -9.41716400 0.52153190
vt -9.78045400 0.57647020
vt -10.14374000 0.52153190
vt -10.14370000 0.57647010
vt -9.77392000 0.66097240
vt -9.42891800 0.67013820
vt -9.42891800 0.66097240
vt -9.77392000 0.67013820
vt -10.11892000 0.66097240
vt -10.11892000 0.67013810
vt -9.56879500 0.27557930
vt -9.56879500 0.33128820
vt -9.20229700 0.33128820
vt -9.20229700 0.27557930
vt -8.76517300 0.33128820
vt -8.76517300 0.27557930
vt -9.14271200 0.03811535
vt -9.14271200 0.02881703
vt -9.49091100 0.02881700
vt -9.49091100 0.03811532
vt -9.91281600 0.02881700
vt -9.91281600 0.03811532
vt -9.77554500 0.64034060
vt -9.42599300 0.66519240
vt -9.42599300 0.64034060
vt -9.77554500 0.66519240
vt -10.12510000 0.64034060
vt -10.12510000 0.66519240
vt -9.55946100 0.70253070
vt -9.55946100 0.72773720
vt -9.20681000 0.72773720
vt -9.20681000 0.70253070
vt -8.76958800 0.72773730
vt -8.76958800 0.70253070
vt -9.77270500 0.71129780
vt -9.43646000 0.71129780
vt -9.43649900 0.65584360
vt -9.77270500 0.65584360
vt -10.10895000 0.71129780
vt -10.10891000 0.65584350
vt -9.85835600 0.68728240
vt -9.51912000 0.63102700
vt -9.85835600 0.63102700
vt -9.51912000 0.68728240
vt -9.08179600 0.63102700
vt -9.08179600 0.68728240
vt -9.08461000 0.18525680
vt -9.27211700 0.33196720
vt -9.08461000 0.51947290
vt -9.27211700 0.18525680
vt -9.08461000 -0.14863030
vt -9.27211700 0.03887445
vt -9.14954800 0.58440950
vt -9.33705300 0.39690380
vt -9.49014100 0.39690380
vt -9.49014100 0.58440950
vt -9.69539800 0.39690380
vt -9.81786800 0.58440950
vt -9.52007700 0.63417510
vt -9.72129600 0.63417510
vt -9.86960600 0.81854800
vt -9.52007700 0.81854800
vt -9.20866400 0.81854800
vt -9.33099000 0.63417510
vt -9.86960600 0.81854800
vt -9.72129600 0.63417510
vt -9.72129600 0.47603300
vt -9.86960600 0.47628380
vt -9.86960600 0.13402060
vt -9.72129600 0.31789280
vt -9.20221500 0.90628990
vt -8.77113000 0.92002570
vt -8.77113000 0.90614500
vt -9.20221500 0.92002560
vt -9.54991600 0.90628990
vt -9.56365000 0.92002560
vt -9.60791300 0.84829220
vt -9.62164700 0.86202990
vt -9.60791300 0.49874000
vt -9.62164700 0.49874000
vt -9.60791300 0.14918690
vt -9.62164700 0.13545110
vt -9.54991500 0.09119016
vt -9.56365000 0.07745439
vt -9.20221500 0.07745439
vt -9.20221500 0.09119016
vt -8.77113000 0.09131226
vt -8.77113000 0.07745442
vt -9.51172500 1.23010400
vt -9.08063800 1.24341100
vt -9.08063800 1.23018200
vt -9.51172500 1.24341100
vt -9.84612300 1.23010400
vt -9.85942800 1.24341100
vt -9.90412000 1.17210700
vt -9.91742500 1.18541300
vt -9.90412000 0.83585910
vt -9.91742500 0.83585910
vt -9.90411900 0.49961070
vt -9.91742500 0.48630410
vt -9.84612300 0.44161300
vt -9.85942800 0.42830740
vt -9.51172500 0.42830740
vt -9.51172500 0.44161300
vt -9.08063700 0.44115430
vt -9.08063800 0.42830740
vt -9.90531800 0.13205890
vt -9.93755100 0.11858630
vt -9.93755100 0.47628380
vt -9.90109900 0.47628380
vt -9.93755100 0.83398130
vt -9.86960600 0.13402060
vt -9.93755100 0.11858630
vt -9.87584800 0.05688262
vt -9.52007700 0.05688268
vt -9.52007700 0.13402060
vt -9.20866400 0.13402060
vt -9.06143600 0.05688271
vt -9.20866400 0.47628380
vt -9.06143600 0.47628390
vt -9.20866400 0.81854800
vt -9.06143600 0.89568510
vt -9.52007700 0.81854800
vt -9.52007700 0.89568500
vt -9.86960600 0.81854800
vt -9.87584800 0.89568500
vt -9.90110800 0.82051160
vt -9.86960600 0.47628380
vt -9.85397200 0.02870446
vt -9.85397200 0.01940614
vt -9.91281600 0.01940614
vt -9.91281600 0.02870446
vt -9.13350200 0.66703590
vt -9.13350200 0.69224240
vt -9.07467800 0.69224240
vt -9.07467800 0.66703590
vt -9.33705300 -0.02606219
vt -9.27211700 0.18525680
vt -9.27211700 0.03887445
vt -9.33705300 0.18525680
vt -9.27211700 0.33196720
vt -9.33705300 0.39690380
vt -9.44342100 0.18525680
vt -9.44944600 0.20774160
vt -9.44944600 0.16277300
vt -9.44750000 0.07765466
vt -9.49014100 -0.02606219
vt -9.50191500 0.07372648
vt -9.69539800 -0.02606219
vt -9.46590500 0.14631440
vt -9.45700500 0.18525680
vt -9.46121000 0.16956500
vt -9.46121000 0.20094950
vt -9.47269700 0.15807900
vt -9.47269700 0.21243650
vt -9.48838900 0.14029100
vt -9.48838900 0.15387420
vt -9.46590500 0.22420200
vt -9.48838900 0.21664220
vt -9.56266800 0.07765466
vt -9.51087300 0.14631440
vt -9.50408200 0.15807900
vt -9.52733200 0.16277300
vt -9.69539800 0.18525680
vt -9.51556800 0.16956500
vt -9.53335700 0.18525680
vt -9.51977300 0.18525680
vt -9.69539800 0.39690380
vt -9.52733200 0.20774160
vt -9.51556800 0.20094950
vt -9.56266800 0.29286080
vt -9.49014100 0.39690380
vt -9.51087300 0.22420200
vt -9.50408200 0.21243650
vt -9.50191500 0.29678800
vt -9.48838900 0.23022540
vt -9.44750000 0.29286080
vt -9.09337400 0.01922688
vt -9.09337400 0.01006207
vt -9.49637100 0.01006204
vt -9.49637100 0.01922685
vt -9.89936700 0.01006198
vt -9.89936700 0.01922679
vt -9.50577300 0.01940614
vt -9.85397200 0.01940614
vt -9.85397200 0.02870446
vt -9.50577300 0.02870446
vt -9.08386700 0.02870449
vt -9.08386700 0.01940617
vt -8.78741700 0.69245710
vt -8.78756200 0.66760240
vt -8.80064500 0.69245710
vt -9.19496800 0.69245700
vt -9.19496800 0.74790740
vt -8.80076400 0.74790750
vt -9.58967100 0.69245700
vt -9.58917300 0.74790750
vt -9.60239700 0.66760240
vt -9.60252000 0.69245700
vt -9.19496800 0.66760230
vt -8.77372600 0.61266700
vt -8.77368200 0.66760240
vt -9.19496800 0.61266690
vt -9.61621200 0.61266690
vt -9.61625600 0.66760240
vt -9.49014100 -0.02606219
vt -9.33705300 -0.02606219
vt -9.14954800 -0.21356790
vt -9.49014100 -0.21356790
vt -9.81786800 -0.21356790
vt -9.69539800 -0.02606219
vt -9.19048100 0.35857280
vt -8.82397700 0.35857280
vt -8.82397700 0.30286490
vt -9.19048100 0.30286480
vt -9.62761000 0.30286480
vt -9.62761000 0.35857280
vt -9.86960600 0.13402060
vt -9.72129600 0.31789280
vt -9.52007700 0.31789280
vt -9.52007700 0.13402060
vt -9.33099000 0.31789280
vt -9.20866400 0.13402060
vt -9.48615700 0.69224240
vt -9.13350200 0.69224240
vt -9.13350200 0.66703590
vt -9.48615700 0.66703590
vt -9.92338500 0.66703590
vt -9.92338500 0.69224240
vt -9.33099000 0.47603300
vt -9.33099000 0.63417510
vt -9.20866400 0.81854800
vt -9.20866400 0.47628380
vt -9.20866400 0.13402060
vt -9.33099000 0.31789280
vt -9.47986800 0.66133000
vt -9.14063100 0.66133000
vt -9.14063100 0.60507470
vt -9.47986800 0.60507470
vt -9.91719200 0.60507470
vt -9.91719200 0.66133000
vt -9.97845100 0.49225690
vt -10.15620000 0.71602420
vt -9.77812800 0.71602420
vt -9.77812800 0.49225690
vt -9.39974500 0.71602420
vt -9.57749400 0.49225690
vt -9.52007700 0.63417510
vt -9.33099000 0.63417510
vt -9.33099000 0.47603300
vt -9.52007700 0.47603300
vt -9.33099000 0.31789280
vt -9.52007700 0.31789280
vt -9.72129600 0.47603300
vt -9.72129600 0.63417510
vt -9.72129600 0.31789280
vt -10.20367000 0.02235007
vt -10.19624000 0.00028014
vt -10.20367000 -0.00784993
vt -10.19624000 0.02235007
vt -10.20367000 0.05255103
vt -10.19624000 0.04441905
vt -10.18250000 0.00134927
vt -10.20367000 -0.00784993
vt -10.18285000 -0.00615424
vt -10.13373000 -0.00443959
vt -10.18248000 0.02235007
vt -10.13368000 0.00269484
vt -10.07093000 0.00317073
vt -10.07095000 -0.00386834
vt -10.00976000 0.00343591
vt -10.00977000 -0.00353450
vt -9.57251500 -0.00622481
vt -10.18250000 0.04335195
vt -10.13359000 0.02235007
vt -10.07093000 0.02235007
vt -10.18285000 0.05085546
vt -10.20367000 0.05255103
vt -10.13373000 0.04914069
vt -10.13368000 0.04200530
vt -10.07095000 0.04856849
vt -10.07093000 0.04153037
vt -10.00977000 0.04823571
vt -10.00984000 0.02235007
vt -10.00976000 0.04126531
vt -9.57244800 0.02235013
vt -9.57252400 0.04323179
vt -9.57251500 0.05092603
vt -9.51134200 0.05171949
vt -9.51135500 0.04383451
vt -9.44855800 0.05264169
vt -9.57252400 0.00146943
vt -9.44860600 0.04457456
vt -9.39865100 0.05462438
vt -9.51135400 0.02235013
vt -9.51135500 0.00086671
vt -9.51134200 -0.00701827
vt -9.44870000 0.02235013
vt -9.44860600 0.00012666
vt -9.44855800 -0.00794143
vt -9.39903200 -0.00142878
vt -9.39865100 -0.00992316
vt -9.37861700 -0.01179618
vt -9.38604900 -0.00260276
vt -9.39903500 0.02235013
vt -9.39903200 0.04612905
vt -9.37861700 0.05649740
vt -9.38604900 0.04730493
vt -9.38604900 0.02235013
vt -9.37861700 -0.01179618
vt -9.37861700 0.02235013
vt -9.37861700 0.05649740
vt -9.36221300 0.11343750
vt -9.37227400 0.11343750
vt -9.37227400 0.14810930
vt -9.36221300 0.15638240
vt -9.39261600 0.14620670
vt -9.39220100 0.15364530
vt -9.44329100 0.14419440
vt -9.44322100 0.15136410
vt -9.50704000 0.14325700
vt -9.39261600 0.16131000
vt -9.37227400 0.16409090
vt -9.37227400 0.19640050
vt -9.36221300 0.19640050
vt -9.37227400 0.22414570
vt -9.36221300 0.23076610
vt -9.44329100 0.15837080
vt -9.50698800 0.15032850
vt -9.50704000 0.15700130
vt -9.56915400 0.14245110
vt -9.56902900 0.14937380
vt -9.56915400 0.15582450
vt -10.01313000 0.15183240
vt -10.01326000 0.14598920
vt -10.01313000 0.13971980
vt -10.07525000 0.14005920
vt -10.07530000 0.14637260
vt -10.07525000 0.15233020
vt -10.13900000 0.14063910
vt -10.13907000 0.14698000
vt -10.13900000 0.15317700
vt -10.18887000 0.14238050
vt -10.18887000 0.15572050
vt -10.18931000 0.14895510
vt -10.21001000 0.14410190
vt -10.22008000 0.15141840
vt -10.21001000 0.15823630
vt -10.21001000 0.11343740
vt -10.22008000 0.18681120
vt -10.22008000 0.11343740
vt -10.21001000 0.18681120
vt -10.21001000 0.08277202
vt -10.22008000 0.07545638
vt -10.18887000 0.08449441
vt -10.22008000 0.21720480
vt -10.21001000 0.21134920
vt -10.18931000 0.21047470
vt -10.18887000 0.20585140
vt -9.36221300 0.07049161
vt -9.37227400 0.07876474
vt -9.39261600 0.08066732
vt -9.39220100 0.07322866
vt -9.44322100 0.07550985
vt -9.44329100 0.08267957
vt -9.50698800 0.07654554
vt -9.50704000 0.08361703
vt -9.56902900 0.07750016
vt -9.56915400 0.08442289
vt -10.01313000 0.08715421
vt -9.39261600 0.06556398
vt -9.37227400 0.06278402
vt -9.44329100 0.06850320
vt -9.36221300 0.03047353
vt -9.50704000 0.06987268
vt -9.37227400 0.03047353
vt -9.56915400 0.07104951
vt -9.36221300 -0.00389212
vt -9.37227400 0.00272924
vt -9.39261600 0.00880414
vt -10.01326000 0.08088475
vt -10.01313000 0.07504159
vt -10.07525000 0.07454467
vt -10.07530000 0.08050132
vt -10.07525000 0.08681560
vt -10.13900000 0.07369685
vt -10.13907000 0.07989383
vt -10.13900000 0.08623481
vt -10.18887000 0.07115442
vt -10.18931000 0.07791972
vt -10.21001000 0.06863856
vt -10.21001000 0.04006267
vt -10.22008000 0.04006267
vt -10.21001000 0.01552558
vt -10.22008000 0.00967097
vt -10.18887000 0.02102357
vt -10.18931000 0.01639915
vt -10.13907000 0.02179503
vt -10.13900000 0.02658153
vt -10.07525000 0.02843451
vt -10.07530000 0.02345634
vt -10.01313000 0.02951890
vt -10.21001000 0.00517821
vt -10.21001000 -0.01365113
vt -10.22008000 -0.01365113
vt -10.18887000 0.01125795
vt -10.13900000 0.01740241
vt -10.07525000 0.01945186
vt -10.01326000 0.02450162
vt -10.01313000 0.02065068
vt -9.56915400 0.01100618
vt -9.56902900 0.01525670
vt -9.56915400 0.02079564
vt -9.50704000 0.01822263
vt -9.50698800 0.01264650
vt -9.50704000 0.00816137
vt -9.44329100 0.01523000
vt -9.44322100 0.00981790
vt -9.44329100 0.00485116
vt -9.39220100 0.00358564
vt -9.39261600 -0.00225180
vt -9.37227400 -0.00897044
vt -9.36221300 -0.03026026
vt -9.37227400 -0.03026026
vt -10.21001000 0.11343740
vt -10.20247000 0.09102893
vt -10.21001000 0.08277202
vt -10.20247000 0.11343740
vt -10.21001000 0.14410190
vt -10.20247000 0.13584490
vt -10.18852000 0.09211236
vt -10.21001000 0.08277202
vt -10.18887000 0.08449441
vt -10.13900000 0.08623481
vt -10.18849000 0.11343740
vt -10.13895000 0.09347892
vt -10.07523000 0.09396243
vt -10.07525000 0.08681560
vt -10.01312000 0.09423143
vt -10.01313000 0.08715421
vt -9.56915400 0.08442289
vt -10.18852000 0.13476070
vt -10.13885000 0.11343740
vt -10.07524000 0.11343740
vt -10.18887000 0.14238050
vt -10.21001000 0.14410190
vt -10.13900000 0.14063910
vt -10.13895000 0.13339500
vt -10.07525000 0.14005920
vt -10.07523000 0.13291140
vt -10.01313000 0.13971980
vt -10.01320000 0.11343740
vt -10.01312000 0.13264260
vt -9.56908500 0.11343750
vt -9.56916200 0.13463960
vt -9.56915400 0.14245110
vt -9.50704000 0.14325700
vt -9.50705300 0.13525090
vt -9.44329100 0.14419440
vt -9.56916200 0.09223443
vt -9.44333900 0.13600240
vt -9.39261600 0.14620670
vt -9.50705200 0.11343750
vt -9.50705300 0.09162217
vt -9.50704000 0.08361703
vt -9.44343500 0.11343750
vt -9.44333900 0.09087163
vt -9.44329100 0.08267957
vt -9.39300300 0.08929330
vt -9.39261600 0.08066732
vt -9.37227400 0.07876474
vt -9.37982100 0.08809930
vt -9.39300700 0.11343750
vt -9.37982100 0.11343750
vt -9.39300300 0.13758070
vt -9.37227400 0.14810930
vt -9.37982100 0.13877470
vt -9.37227400 0.11343750
vt -9.37227400 0.14810930
vt -9.37227400 0.07876474
vt -10.21001000 0.18681120
vt -10.20247000 0.16193650
vt -10.21001000 0.15823630
vt -10.20247000 0.18281910
vt -10.21001000 0.21134920
vt -10.18852000 0.15958860
vt -10.20247000 0.20075010
vt -10.18849000 0.17945650
vt -10.13895000 0.15663120
vt -10.18852000 0.19652350
vt -10.13885000 0.17521740
vt -10.18887000 0.20585140
vt -10.21001000 0.21134920
vt -10.13900000 0.20029330
vt -10.13895000 0.19119910
vt -10.07525000 0.19844030
vt -10.07523000 0.18931750
vt -10.01313000 0.19735600
vt -10.07524000 0.17373160
vt -10.07523000 0.15558700
vt -10.01312000 0.18827230
vt -10.01320000 0.17290280
vt -10.01312000 0.15500530
vt -9.56908500 0.17908360
vt -9.56916200 0.15932640
vt -9.56916200 0.19605050
vt -9.56915400 0.20607840
vt -9.50704000 0.20865230
vt -9.50705300 0.19843370
vt -9.44329100 0.21164400
vt -9.50705200 0.18097380
vt -9.50705300 0.16065010
vt -9.44333900 0.20136150
vt -9.39261600 0.21806990
vt -9.44343500 0.18329130
vt -9.44333900 0.16227700
vt -9.39300300 0.16569310
vt -9.39300700 0.18819120
vt -9.37982100 0.16827570
vt -9.39300300 0.20751080
vt -9.37227400 0.22414570
vt -9.37982100 0.21216180
vt -9.37982100 0.19188670
vt -9.37227400 0.16409090
vt -9.37227400 0.19640050
vt -9.37227400 0.22414570
vt -10.21001000 0.04006267
vt -10.20247000 0.02612376
vt -10.21001000 0.01552558
vt -10.20247000 0.04405570
vt -10.21001000 0.06863856
vt -10.20247000 0.06493735
vt -10.18852000 0.03035241
vt -10.21001000 0.01552558
vt -10.18887000 0.02102357
vt -10.13900000 0.02658153
vt -10.18849000 0.04741740
vt -10.18852000 0.06728536
vt -10.13895000 0.03567576
vt -10.13885000 0.05165648
vt -10.13895000 0.07024360
vt -10.07523000 0.07128692
vt -10.07524000 0.05314326
vt -10.01312000 0.07186872
vt -10.07523000 0.03755641
vt -10.07525000 0.02843451
vt -10.01320000 0.05397105
vt -10.01312000 0.03860265
vt -10.01313000 0.02951890
vt -9.56915400 0.02079564
vt -9.56908500 0.04779035
vt -9.56916200 0.06754762
vt -9.50705300 0.06622392
vt -9.56916200 0.03082353
vt -9.50705200 0.04590017
vt -9.44333900 0.06459695
vt -9.50705300 0.02844220
vt -9.50704000 0.01822263
vt -9.44343500 0.04358274
vt -9.44333900 0.02551252
vt -9.44329100 0.01523000
vt -9.39300300 0.01936322
vt -9.39261600 0.00880414
vt -9.37227400 0.00272924
vt -9.37982100 0.01471311
vt -9.39300700 0.03868276
vt -9.39300300 0.06118184
vt -9.37982100 0.03498727
vt -9.37227400 0.00272924
vt -9.37982100 0.05859834
vt -9.37227400 0.03047353
vt -9.37227400 0.06278402
vt -9.37861700 0.20574650
vt -9.38604800 0.22781540
vt -9.37861700 0.23594740
vt -9.38604800 0.20574650
vt -9.37861700 0.17554650
vt -9.38604800 0.18367650
vt -9.39978400 0.22674830
vt -9.37861700 0.23594740
vt -9.39943900 0.23425180
vt -9.44855800 0.23253710
vt -9.39981000 0.20574650
vt -9.44860400 0.22540170
vt -9.51135500 0.22492680
vt -9.51134100 0.23196490
vt -9.57252300 0.22466160
vt -9.57251500 0.23163210
vt -10.00977000 0.23432240
vt -9.39978400 0.18474560
vt -9.44869900 0.20574650
vt -9.51135500 0.20574650
vt -9.39943900 0.17724210
vt -9.37861700 0.17554650
vt -9.44855800 0.17895680
vt -9.44860400 0.18609120
vt -9.51134100 0.17952810
vt -9.51135500 0.18656710
vt -9.57251500 0.17986180
vt -9.57244600 0.20574650
vt -9.57252300 0.18683220
vt -10.00984000 0.20574640
vt -10.00976000 0.18486570
vt -10.00977000 0.17717150
vt -10.07095000 0.17637800
vt -10.07093000 0.18426300
vt -10.13373000 0.17545490
vt -10.00976000 0.22662810
vt -10.13368000 0.18352290
vt -10.18364000 0.17347320
vt -10.07093000 0.20574640
vt -10.07093000 0.22723080
vt -10.07095000 0.23511580
vt -10.13359000 0.20574640
vt -10.13368000 0.22797080
vt -10.13373000 0.23603800
vt -10.18326000 0.22952540
vt -10.18364000 0.23802070
vt -10.20367000 0.23989370
vt -10.19624000 0.23070120
vt -10.18325000 0.20574650
vt -10.18326000 0.18196850
vt -10.20367000 0.17160010
vt -10.19624000 0.18079350
vt -10.19624000 0.20574640
vt -10.20367000 0.23989370
vt -10.20367000 0.20574640
vt -10.20367000 0.17160010
vt -10.21232000 0.37001210
vt -10.20477000 0.34513840
vt -10.21232000 0.34143720
vt -10.20477000 0.36602000
vt -10.21232000 0.39455010
vt -10.19083000 0.34279040
vt -10.20477000 0.38395200
vt -10.19080000 0.36265830
vt -10.14125000 0.33983400
vt -10.19083000 0.37972430
vt -10.14116000 0.35841820
vt -10.19118000 0.38905120
vt -10.21232000 0.39455010
vt -10.14130000 0.38349420
vt -10.14125000 0.37439990
vt -10.07755000 0.38164210
vt -10.07754000 0.37251830
vt -10.01544000 0.38055780
vt -10.07754000 0.35693340
vt -10.07754000 0.33878790
vt -10.01543000 0.37147410
vt -10.01551000 0.35610460
vt -10.01543000 0.33820710
vt -9.57139100 0.36228540
vt -9.57146700 0.34252720
vt -9.57146700 0.37925130
vt -9.57145900 0.38927920
vt -9.50934600 0.39185410
vt -9.50935900 0.38163550
vt -9.44559700 0.39484480
vt -9.50935800 0.36417560
vt -9.50935900 0.34385190
vt -9.44564500 0.38456230
vt -9.39492200 0.40127070
vt -9.44574100 0.36649300
vt -9.44564500 0.34547880
vt -9.39530800 0.34889390
vt -9.39531300 0.37139110
vt -9.38212700 0.35147650
vt -9.39530800 0.39071350
vt -9.37458000 0.40734650
vt -9.38212700 0.39536270
vt -9.38212700 0.37508850
vt -9.37458000 0.34729180
vt -9.37458000 0.37960230
vt -9.37458000 0.40734650
vt -10.21232000 0.29663930
vt -10.20477000 0.27423080
vt -10.21232000 0.26597390
vt -10.20477000 0.29663930
vt -10.21232000 0.32730370
vt -10.19083000 0.27531410
vt -10.20477000 0.31904680
vt -10.19080000 0.29663930
vt -10.14125000 0.27668170
vt -10.19083000 0.31796340
vt -10.14116000 0.29663920
vt -10.19118000 0.32558230
vt -10.21232000 0.32730370
vt -10.14130000 0.32384090
vt -10.14125000 0.31659680
vt -10.07755000 0.32326110
vt -10.07754000 0.31611330
vt -10.01544000 0.32292060
vt -10.01543000 0.31584440
vt -9.57146700 0.31784140
vt -9.57145900 0.32565290
vt -9.37458000 0.29663930
vt -9.38212700 0.32197650
vt -9.37458000 0.33131200
vt -9.38212700 0.29663930
vt -9.37458000 0.26196560
vt -9.38212700 0.27130110
vt -9.39530800 0.32078250
vt -9.37458000 0.33131200
vt -9.39492200 0.32940850
vt -9.39531300 0.29663930
vt -9.44564500 0.31920320
vt -9.44559700 0.32739620
vt -9.39530800 0.27249510
vt -9.37458000 0.26196560
vt -9.39492200 0.26386910
vt -9.44559700 0.26588140
vt -9.44574100 0.29663930
vt -9.44564500 0.27407440
vt -9.50934600 0.26681880
vt -9.50935900 0.27482490
vt -9.57145900 0.26762470
vt -9.50935900 0.31845270
vt -9.50934600 0.32645880
vt -9.50935800 0.29663930
vt -9.57146700 0.27543620
vt -9.57139100 0.29663930
vt -10.01543000 0.27743320
vt -10.01544000 0.27035700
vt -10.07755000 0.27001650
vt -10.01551000 0.29663930
vt -10.07754000 0.27716430
vt -10.14130000 0.26943670
vt -10.07754000 0.29663930
vt -10.19118000 0.26769520
vt -10.21232000 0.26597390
vt -10.21232000 0.22326550
vt -10.20477000 0.20932560
vt -10.21232000 0.19872740
vt -10.20477000 0.22725750
vt -10.21232000 0.25184040
vt -10.20477000 0.24813920
vt -10.19083000 0.21355220
vt -10.21232000 0.19872740
vt -10.19118000 0.20422630
vt -10.14130000 0.20978340
vt -10.19080000 0.23061930
vt -10.19083000 0.25048710
vt -10.14125000 0.21887760
vt -10.14116000 0.23485920
vt -10.14125000 0.25344350
vt -10.07754000 0.25448970
vt -10.07754000 0.23634420
vt -10.01543000 0.25507050
vt -10.07754000 0.22075920
vt -10.07755000 0.21163540
vt -10.01551000 0.23717290
vt -10.01543000 0.22180350
vt -10.01544000 0.21271970
vt -9.57139100 0.23099210
vt -9.57146700 0.25074850
vt -9.37458000 0.21367530
vt -9.38212700 0.24180110
vt -9.37458000 0.24598580
vt -9.38212700 0.21818910
vt -9.37458000 0.18593100
vt -9.39530800 0.24438360
vt -9.38212700 0.19791490
vt -9.39531300 0.22188650
vt -9.44564500 0.24779870
vt -9.39530800 0.20256500
vt -9.37458000 0.18593100
vt -9.39492200 0.19200690
vt -9.44559700 0.19843270
vt -9.44564500 0.20871530
vt -9.50934600 0.20142350
vt -9.57145900 0.20399840
vt -9.57146700 0.21402720
vt -9.50935900 0.24942570
vt -10.21358000 0.09461379
vt -10.20367000 0.09461379
vt -10.20367000 0.06647086
vt -10.21358000 0.05975604
vt -10.18285000 0.06399232
vt -10.18328000 0.05732989
vt -10.13380000 0.05538630
vt -10.13373000 0.06148887
vt -10.07095000 0.06065440
vt -10.07100000 0.05478740
vt -10.00977000 0.06016523
vt -10.20367000 0.05255103
vt -10.18285000 0.05085546
vt -10.20367000 0.02235007
vt -10.13373000 0.04914069
vt -10.21358000 0.02235007
vt -10.20367000 -0.00784993
vt -10.21358000 -0.01505589
vt -10.07095000 0.04856849
vt -10.18285000 -0.00615424
vt -10.00990000 0.05441076
vt -10.00977000 0.04823571
vt -9.57251500 0.05092603
vt -9.57239200 0.05774385
vt -9.57251500 0.06409627
vt -9.51134200 0.06525594
vt -9.51129100 0.05868417
vt -9.51134200 0.05171949
vt -9.44855800 0.06660444
vt -9.44849000 0.05970269
vt -9.44855800 0.05264169
vt -9.39865100 0.06949884
vt -9.39824300 0.06195050
vt -9.39865100 0.05462438
vt -9.36870800 0.06464559
vt -9.37861700 0.07223684
vt -9.37861700 0.10405810
vt -9.36870800 0.10405810
vt -9.37861700 0.05649740
vt -9.36870800 0.02235013
vt -9.37861700 0.02235013
vt -9.36870800 -0.01994437
vt -9.37861700 -0.01179618
vt -9.39865100 -0.00992316
vt -9.39824300 -0.01724929
vt -9.44849000 -0.01500243
vt -9.44855800 -0.00794143
vt -9.51129100 -0.01398200
vt -9.51134200 -0.00701827
vt -9.57239200 -0.01304168
vt -9.57251500 -0.00622481
vt -10.00977000 -0.00353450
vt -9.39865100 -0.02479857
vt -9.37861700 -0.02753562
vt -9.36870800 -0.05935687
vt -9.37861700 -0.05935687
vt -9.44855800 -0.02190226
vt -9.51134200 -0.02055472
vt -9.57251500 -0.01939505
vt -10.00990000 -0.00970858
vt -10.00977000 -0.01546496
vt -10.07095000 -0.01595330
vt -10.07100000 -0.01008630
vt -10.07095000 -0.00386834
vt -10.13373000 -0.01678777
vt -10.13380000 -0.01068521
vt -10.13373000 -0.00443959
vt -10.18285000 -0.01929301
vt -10.18328000 -0.01262975
vt -10.20367000 -0.02176976
vt -10.20367000 -0.04991269
vt -10.21358000 -0.04991269
vt -10.20367000 0.09461379
vt -10.19624000 0.07011580
vt -10.20367000 0.06647086
vt -10.19624000 0.09068179
vt -10.20367000 0.11877990
vt -10.18250000 0.06780320
vt -10.19624000 0.10834190
vt -10.18248000 0.08736968
vt -10.13368000 0.06488967
vt -10.18250000 0.10417730
vt -10.13359000 0.08319545
vt -10.18285000 0.11336400
vt -10.20367000 0.11877990
vt -10.13373000 0.10789080
vt -10.13368000 0.09893489
vt -10.07095000 0.10606650
vt -10.07093000 0.09708190
vt -10.00977000 0.10499840
vt -10.07093000 0.08173156
vt -10.07093000 0.06386161
vt -10.00976000 0.09605199
vt -10.00984000 0.08091617
vt -10.00976000 0.06328946
vt -9.57244800 0.08700353
vt -9.57252400 0.06754571
vt -9.57252400 0.10371290
vt -9.57251500 0.11358910
vt -9.51134200 0.11612300
vt -9.51135500 0.10605890
vt -9.44855800 0.11907080
vt -9.51135400 0.08886510
vt -9.51135500 0.06884843
vt -9.44860600 0.10894380
vt -9.39865100 0.12539750
vt -9.44870000 0.09114724
vt -9.44860600 0.07045060
vt -9.39903200 0.07381421
vt -9.39903500 0.09597284
vt -9.38604900 0.07635862
vt -9.39903200 0.11500050
vt -9.37861700 0.13138280
vt -9.38604900 0.11958010
vt -9.38604900 0.09961206
vt -9.37861700 0.07223684
vt -9.37861700 0.10405810
vt -9.37861700 0.13138280
vt -9.36870800 0.24315340
vt -9.37861700 0.27801020
vt -9.36870800 0.27801020
vt -9.37861700 0.24986730
vt -9.39901000 0.24072630
vt -9.39943900 0.24738870
vt -9.44848900 0.23878270
vt -9.44855800 0.24488530
vt -9.39943900 0.23425180
vt -9.37861700 0.23594740
vt -9.36870800 0.20574650
vt -9.37861700 0.20574650
vt -9.44855800 0.23253710
vt -9.36870800 0.16834050
vt -9.51134100 0.23196490
vt -9.37861700 0.17554650
vt -9.51129000 0.23818380
vt -9.51134100 0.24405080
vt -9.57251500 0.23163210
vt -9.57238900 0.23780710
vt -9.57251500 0.24356160
vt -10.00977000 0.24749260
vt -10.00990000 0.24114020
vt -10.00977000 0.23432240
vt -10.07095000 0.23511580
vt -10.07100000 0.24208050
vt -10.07095000 0.24865130
vt -10.13373000 0.23603800
vt -10.13380000 0.24309900
vt -10.13373000 0.25000070
vt -10.18364000 0.23802070
vt -10.18405000 0.24534680
vt -10.18364000 0.25289520
vt -10.21358000 0.24804190
vt -10.20367000 0.25563310
vt -10.20367000 0.23989370
vt -10.20367000 0.20574640
vt -10.21358000 0.20574640
vt -10.20367000 0.17160010
vt -10.21358000 0.16345190
vt -10.18364000 0.17347320
vt -10.18405000 0.16614790
vt -10.13373000 0.17545490
vt -10.18364000 0.15859780
vt -10.20367000 0.15586070
vt -10.13380000 0.16839390
vt -10.07095000 0.17637800
vt -10.13373000 0.16149400
vt -10.07100000 0.16941430
vt -10.22238000 0.42372590
vt -10.21232000 0.42372590
vt -10.21232000 0.40489750
vt -10.22238000 0.40040570
vt -10.19118000 0.39881780
vt -10.19161000 0.39367650
vt -10.14137000 0.38827970
vt -10.14130000 0.39267330
vt -10.19118000 0.38905120
vt -10.07755000 0.39062380
vt -10.14130000 0.38349420
vt -10.07761000 0.38661940
vt -10.07755000 0.38164210
vt -10.01544000 0.38942600
vt -10.01557000 0.38557600
vt -10.21358000 0.28745440
vt -10.20367000 0.28745440
vt -9.36451900 0.41396600
vt -9.37458000 0.44033510
vt -9.36451900 0.44033600
vt -9.37458000 0.41904620
vt -9.39492200 0.41232660
vt -9.39450700 0.40649010
vt -9.44552700 0.40025790
vt -9.44559700 0.40522370
vt -9.50929400 0.39742830
vt -9.50934600 0.40191350
vt -9.57133400 0.39481910
vt -9.57145900 0.39906960
vt -9.57145900 0.38927920
vt -9.50934600 0.39185410
vt -10.01544000 0.38055780
vt -9.44559700 0.39484480
vt -9.39492200 0.40127070
vt -9.37458000 0.40734650
vt -9.36451900 0.37960230
vt -9.37458000 0.37960230
vt -9.36451900 0.33958420
vt -9.37458000 0.34729180
vt -9.39492200 0.34451180
vt -9.39450700 0.33684710
vt -9.44552700 0.33456590
vt -9.44559700 0.34157260
vt -9.50929400 0.33353020
vt -9.50934600 0.34020310
vt -9.57133400 0.33257560
vt -9.57145900 0.33902630
vt -10.01544000 0.33503420
vt -9.39492200 0.32940850
vt -9.37458000 0.33131200
vt -9.44559700 0.32739620
vt -9.36451900 0.29663930
vt -9.50934600 0.32645880
vt -9.37458000 0.29663930
vt -9.57145900 0.32565290
vt -9.37458000 0.26196560
vt -9.39492200 0.26386910
vt -10.01557000 0.32919100
vt -10.01544000 0.32292060
vt -10.07755000 0.32326110
vt -10.07761000 0.32957440
vt -10.07755000 0.33553200
vt -10.14130000 0.32384090
vt -10.14137000 0.33018190
vt -10.14130000 0.33637790
vt -10.19118000 0.33892130
vt -10.21232000 0.34143720
vt -10.22238000 0.37001310
vt -10.21232000 0.37001210
vt -10.21232000 0.39455010
vt -9.37861700 0.27801020
vt -9.38604800 0.29173830
vt -9.37861700 0.30217630
vt -9.38604800 0.27407820
vt -9.37861700 0.24986730
vt -9.38604800 0.25351220
vt -9.39978400 0.28757360
vt -9.37861700 0.30217630
vt -9.39943900 0.29676040
vt -9.44855800 0.29128720
vt -9.39981000 0.27076610
vt -9.39978400 0.25119950
vt -9.44860400 0.28233130
vt -9.44869900 0.26659180
vt -9.44860400 0.24828800
vt -9.51135500 0.24725800
vt -9.51135500 0.26512800
vt -9.57252300 0.24668580
vt -9.51135500 0.28047830
vt -9.51134100 0.28946290
vt -9.57244600 0.26431260
vt -9.57252300 0.27944830
vt -9.57251500 0.28839380
vt -10.00977000 0.29698540
vt -10.00984000 0.27039990
vt -10.00976000 0.25094210
vt -10.07093000 0.25224470
vt -10.00976000 0.28710920
vt -10.07093000 0.27226140
vt -10.13368000 0.25384690
vt -10.07093000 0.28945520
vt -10.07095000 0.29951930
vt -10.13359000 0.27454350
vt -10.13368000 0.29234000
vt -10.13373000 0.30246710
vt -10.18326000 0.29839690
vt -10.18325000 0.27936920
vt -10.18326000 0.25721150
vt -10.19624000 0.28300830
vt -10.19624000 0.25975490
vt -10.19624000 0.30297640
vt -10.20367000 0.31477900
vt -10.18364000 0.30879380
vt -10.20367000 0.31477900
vt -10.20367000 0.28745440
vt -10.20367000 0.25563310
vt -9.36870800 0.13348370
vt -9.37861700 0.13348370
vt -9.37861700 0.16162660
vt -10.20367000 0.12403940
vt -10.21358000 0.12403940
vt -9.37861700 0.13348370
vt -9.38604800 0.15798170
vt -9.37861700 0.16162660
vt -9.38604800 0.13741570
vt -9.37861700 0.10931760
vt -9.39978400 0.16029440
vt -9.38604800 0.11975560
vt -9.39981000 0.14072780
vt -9.44860400 0.16320690
vt -9.39978400 0.12391930
vt -9.44869900 0.14490210
vt -9.39943900 0.11473260
vt -9.37861700 0.10931760
vt -9.44855800 0.12020670
vt -9.44860400 0.12916260
vt -9.51134100 0.12203100
vt -9.51135500 0.13101560
vt -9.57251500 0.12309820
vt -9.51135500 0.14636590
vt -9.51135500 0.16423590
vt -9.57252300 0.13204560
vt -9.57244600 0.14718130
vt -9.57252300 0.16480810
vt -10.00984000 0.14109400
vt -10.00976000 0.16055180
vt -10.00976000 0.12438460
vt -10.00977000 0.11450850
vt -10.07095000 0.11197450
vt -10.07093000 0.12203760
vt -10.13373000 0.10902670
vt -10.07093000 0.13923240
vt -10.07093000 0.15924910
vt -10.13368000 0.11915370
vt -10.18364000 0.10269910
vt -10.13359000 0.13695030
vt -10.13368000 0.15764690
vt -10.18326000 0.15428240
vt -10.18325000 0.13212470
vt -10.19624000 0.15173890
vt -10.18326000 0.11309610
vt -10.20367000 0.09671474
vt -10.19624000 0.10851740
vt -10.19624000 0.12848540
vt -10.20367000 0.15586070
vt -10.20367000 0.12403940
vt -10.20367000 0.09671474
vt -10.22008000 0.24052500
vt -10.21001000 0.24052500
vt -10.21001000 0.22169570
vt -10.18887000 0.21561600
vt -10.13907000 0.20507880
vt -10.13900000 0.20947150
vt -10.07525000 0.20742200
vt -10.13900000 0.20029330
vt -10.07530000 0.20341750
vt -10.07525000 0.19844030
vt -10.01313000 0.20622430
vt -10.01326000 0.20237330
vt -10.01313000 0.19735600
vt -9.56915400 0.20607840
vt -9.56902900 0.21161730
vt -9.56915400 0.21586780
vt -9.50704000 0.21871360
vt -9.50698800 0.21422750
vt -9.50704000 0.20865230
vt -9.44329100 0.22202280
vt -9.44322100 0.21705610
vt -9.44329100 0.21164400
vt -9.39261600 0.22912580
vt -9.39220100 0.22328840
vt -9.39261600 0.21806990
vt -9.37227400 0.23584440
vt -9.37227400 0.25713430
vt -9.36221300 0.25713430
vt -10.20367000 -0.04991269
vt -10.19624000 -0.06364083
vt -10.20367000 -0.07407880
vt -10.19624000 -0.04598069
vt -10.20367000 -0.02176976
vt -10.19624000 -0.02541471
vt -10.18250000 -0.05947703
vt -10.20367000 -0.07407880
vt -10.18285000 -0.06866378
vt -10.13373000 -0.06318969
vt -10.18248000 -0.04266852
vt -10.18250000 -0.02310199
vt -10.13368000 -0.05423373
vt -10.13359000 -0.03849429
vt -10.13368000 -0.02019048
vt -10.07093000 -0.01916051
vt -10.07093000 -0.03703040
vt -10.00976000 -0.01858824
vt -10.07093000 -0.05238074
vt -10.07095000 -0.06136531
vt -10.00984000 -0.03621501
vt -10.00976000 -0.05135077
vt -10.00977000 -0.06029814
vt -9.57251500 -0.06888789
vt -9.57244800 -0.04230231
vt -9.57252400 -0.02284449
vt -9.51135500 -0.02414721
vt -9.57252400 -0.05901164
vt -9.51135400 -0.04416388
vt -9.44860600 -0.02574939
vt -9.51135500 -0.06135863
vt -9.51134200 -0.07142180
vt -9.44870000 -0.04644603
vt -9.44860600 -0.06424254
vt -9.44855800 -0.07436961
vt -9.39903200 -0.07029933
vt -9.39865100 -0.08069724
vt -9.37861700 -0.08668154
vt -9.38604900 -0.07487887
vt -9.39903500 -0.05127162
vt -9.39903200 -0.02911395
vt -9.38604900 -0.05491084
vt -9.37861700 -0.08668154
vt -9.38604900 -0.03165740
vt -9.37861700 -0.05935687
vt -9.37861700 -0.02753562
vt -10.19502000 0.35484960
vt -10.18772000 0.36461530
vt -10.17424000 0.37064340
vt -10.17458000 0.36239120
vt -10.12637000 0.37001400
vt -10.12632000 0.37823750
vt -10.06473000 0.38092020
vt -10.06474000 0.37255550
vt -10.00468000 0.38241270
vt -10.00469000 0.37404230
vt -9.57550300 0.36207850
vt -9.57551200 0.37131860
vt -9.51547200 0.36791880
vt -9.51545900 0.35854990
vt -9.45388000 0.36374260
vt -9.45383300 0.35444340
vt -9.40522000 0.35497170
vt -9.40484600 0.34563240
vt -9.38518200 0.33729820
vt -9.39247700 0.34833890
vt -9.40563200 0.38577820
vt -9.39248900 0.38800220
vt -9.38519600 0.37823660
vt -9.40597100 0.39403130
vt -9.45384300 0.39340100
vt -9.45388900 0.40162450
vt -9.51546700 0.39594250
vt -9.51548000 0.40430720
vt -9.57550900 0.39742930
vt -9.57551800 0.40579870
vt -10.00468000 0.39470460
vt -10.00469000 0.38546540
vt -10.06473000 0.38193780
vt -10.06472000 0.39130670
vt -10.12635000 0.37783220
vt -10.12631000 0.38712960
vt -10.17534000 0.36902020
vt -10.17496000 0.37835860
vt -10.19500000 0.36068610
vt -10.18771000 0.37172680
vt -9.38517100 0.41163620
vt -9.39246600 0.40187050
vt -9.40594800 0.39584140
vt -9.40560900 0.40409360
vt -9.45382300 0.39646990
vt -9.45386900 0.38824640
vt -9.51546400 0.38556370
vt -9.51545000 0.39392930
vt -9.57550500 0.38407310
vt -9.57549700 0.39244250
vt -10.00470000 0.40440730
vt -10.00469000 0.39516710
vt -10.06473000 0.39856510
vt -10.06474000 0.40793490
vt -10.12633000 0.40274220
vt -10.12637000 0.41204150
vt -10.17499000 0.41151410
vt -10.17536000 0.42085340
vt -10.19503000 0.42918760
vt -10.18773000 0.41814590
vt -10.17457000 0.42748140
vt -10.18771000 0.42525750
vt -10.19501000 0.43502310
vt -10.17423000 0.41922930
vt -10.12636000 0.41985870
vt -10.12631000 0.41163520
vt -10.06473000 0.41731720
vt -10.06472000 0.40895250
vt -10.00469000 0.41583040
vt -10.00468000 0.40746100
vt -9.57551800 0.41855510
vt -9.57550900 0.42779430
vt -9.51546600 0.43132290
vt -9.51547800 0.42195300
vt -9.45384200 0.43542840
vt -9.45388900 0.42613010
vt -9.40485700 0.44423940
vt -9.40523000 0.43490110
vt -10.19502000 0.44839840
vt -10.18773000 0.45816310
vt -10.17425000 0.46419500
vt -10.17459000 0.45594190
vt -10.12637000 0.46356470
vt -10.12632000 0.47178820
vt -10.06473000 0.47447090
vt -10.06474000 0.46610430
vt -10.00469000 0.47596240
vt -10.00470000 0.46759300
vt -9.57549900 0.45562920
vt -9.57550700 0.46486840
vt -9.51546700 0.46146850
vt -9.51545300 0.45209960
vt -9.45387400 0.45729330
vt -9.45382600 0.44799500
vt -9.40521200 0.44851950
vt -9.40483900 0.43918210
vt -9.38517400 0.43084790
vt -9.39246900 0.44188860
vt -10.17457000 0.47425630
vt -10.18772000 0.47203330
vt -10.19501000 0.48179800
vt -10.17423000 0.46600320
vt -10.12636000 0.46663360
vt -10.12631000 0.45841010
vt -10.06474000 0.46409200
vt -10.06472000 0.45572740
vt -10.00469000 0.46260530
vt -10.00468000 0.45423580
vt -9.57551500 0.46532900
vt -9.57550600 0.47456820
vt -9.51546200 0.47809770
vt -9.51547600 0.46872880
vt -9.45383700 0.48220240
vt -9.45388500 0.47290400
vt -9.40485200 0.49101430
vt -9.40522500 0.48167690
vt -9.38518700 0.49934850
vt -9.39248300 0.48830780
vt -9.39943900 0.16410330
vt -9.39901000 0.17076670
vt -9.44848900 0.17271210
vt -9.39943900 0.17724210
vt -10.19502000 0.49517420
vt -10.18773000 0.50493980
vt -10.17425000 0.51096800
vt -10.17459000 0.50271580
vt -10.12637000 0.51033960
vt -10.12632000 0.51856210
vt -10.06473000 0.52124480
vt -10.06475000 0.51288010
vt -10.00469000 0.52273730
vt -10.00470000 0.51436790
vt -9.57549900 0.50240310
vt -9.57550700 0.51164320
vt -9.51546700 0.50824430
vt -9.51545300 0.49887350
vt -9.45387400 0.50406720
vt -9.45382600 0.49476800
vt -9.40521200 0.49529630
vt -9.40483900 0.48595700
vt -9.38517400 0.47762190
vt -9.39246800 0.48866350
vt -10.17457000 0.52103110
vt -10.18772000 0.51880720
vt -10.19501000 0.52857280
vt -10.17423000 0.51277800
vt -10.12636000 0.51340850
vt -10.12631000 0.50518490
vt -10.06474000 0.51086690
vt -10.06472000 0.50250230
vt -10.00469000 0.50938020
vt -10.00468000 0.50101070
vt -9.57551500 0.51210390
vt -9.57550600 0.52134400
vt -9.51546200 0.52487360
vt -9.51547600 0.51550280
vt -9.45383700 0.52897720
vt -9.45388500 0.51967980
vt -9.40485200 0.53779010
vt -9.40522500 0.52845080
vt -9.38518700 0.54612330
vt -9.39248300 0.53508260
vt -10.07095000 0.16284160
vt -10.00990000 0.17035470
vt -10.00977000 0.16400130
vt -9.57251500 0.16793140
vt -10.00977000 0.17717150
vt -9.57238900 0.17368780
vt -9.57251500 0.17986180
vt -9.51134100 0.17952810
vt -9.51129000 0.17331010
vt -9.51134100 0.16744310
vt -9.44855800 0.17895680
vt -9.44855800 0.16660860
vt -9.50934600 0.26681880
vt -9.44559700 0.26588140
vt -9.44552700 0.25871160
vt -9.44559700 0.25170500
vt -9.39450700 0.25643040
vt -9.39492200 0.24876580
vt -10.14130000 0.26943670
vt -9.73695500 0.84844950
vt -9.78352200 0.86294350
vt -9.73946700 0.86294350
vt -9.78222200 0.84844950
vt -9.83079800 0.86294350
vt -9.78222200 0.77311310
vt -9.73695500 0.77311310
vt -9.83079800 0.77311310
vt -9.83079800 0.84844950
vt -9.87807500 0.86294340
vt -9.87937500 0.77311300
vt -9.87937500 0.84844950
vt -9.92213000 0.86294340
vt -9.92464200 0.77311300
vt -9.92464200 0.84844950
vt -9.95996200 0.86294340
vt -9.96351100 0.77311300
vt -9.96351100 0.84844950
vt -9.98899000 0.86294340
vt -9.99333800 0.77311300
vt -9.99333800 0.84844950
vt -9.77897000 0.80835040
vt -9.73370400 0.88368680
vt -9.73370400 0.80835040
vt -9.77897000 0.88368680
vt -9.82754500 0.80835040
vt -9.78026900 0.89818080
vt -9.73621500 0.89818080
vt -9.82754500 0.89818080
vt -9.82754500 0.88368680
vt -9.87612100 0.80835030
vt -9.87482200 0.89818070
vt -9.87612100 0.88368680
vt -9.92138600 0.80835030
vt -9.91887600 0.89818070
vt -9.92138600 0.88368680
vt -9.96025800 0.80835030
vt -9.95670700 0.89818070
vt -9.96025800 0.88368680
vt -9.99008300 0.80835030
vt -9.98573500 0.89818070
vt -9.99008300 0.88368680
vt -9.89450600 0.54421600
vt -9.85238200 0.61432440
vt -9.85238200 0.54421600
vt -9.89450600 0.61432440
vt -9.93971200 0.54421600
vt -9.89571600 0.62781320
vt -9.85471800 0.62781320
vt -9.93971200 0.62781320
vt -9.93971200 0.61432440
vt -9.98491800 0.54421600
vt -9.98370800 0.62781320
vt -9.98491800 0.61432440
vt -10.02704000 0.54421600
vt -10.02471000 0.62781310
vt -10.02704000 0.61432430
vt -9.69808500 0.77311310
vt -9.66825900 0.84844950
vt -9.66825900 0.77311310
vt -9.69808500 0.84844950
vt -9.70163400 0.86294350
vt -9.67260600 0.86294350
vt -10.00917000 0.59257580
vt -10.05129000 0.52246740
vt -10.05129000 0.59257580
vt -10.00917000 0.52246740
vt -9.96396400 0.59257580
vt -10.00796000 0.50897870
vt -10.04896000 0.50897870
vt -9.96396400 0.50897870
vt -9.96396400 0.52246740
vt -9.91876000 0.59257580
vt -9.91996900 0.50897870
vt -9.91876000 0.52246740
vt -9.87663600 0.59257580
vt -9.87897000 0.50897870
vt -9.87663600 0.52246740
vt -9.69483400 0.80835040
vt -9.66500700 0.88368680
vt -9.66500700 0.80835040
vt -9.69483400 0.88368680
vt -9.69838400 0.89818080
vt -9.66935500 0.89818080
vt -10.05282000 0.64138480
vt -10.02767000 0.60907440
vt -10.06018000 0.63401770
vt -10.02247000 0.61809620
vt -9.98982000 0.59339510
vt -9.98712300 0.60345730
vt -9.94919600 0.58804680
vt -9.94919600 0.59846380
vt -9.90857200 0.59339510
vt -9.91126900 0.60345730
vt -9.87071700 0.60907440
vt -9.87592600 0.61809620
vt -9.83820900 0.63401780
vt -9.84557600 0.64138490
vt -9.84557600 0.84862410
vt -9.87592600 0.87191180
vt -9.87071700 0.88093450
vt -9.83820900 0.85599120
vt -9.82228900 0.81827430
vt -9.81326600 0.82348420
vt -9.80764900 0.78293210
vt -9.79758500 0.78562810
vt -10.03388000 0.62580660
vt -10.03388000 0.72488000
vt -9.99391400 0.72488000
vt -9.99391400 0.62580660
vt -9.95102700 0.72488000
vt -9.99276500 0.61133750
vt -10.03166000 0.61133740
vt -9.95102600 0.61133750
vt -9.95102600 0.62580660
vt -9.90813800 0.72488000
vt -9.90928600 0.61133750
vt -9.90813800 0.62580660
vt -9.86817400 0.72488000
vt -9.87039100 0.61133750
vt -9.86817400 0.62580660
vt -9.83385500 0.72488000
vt -9.83698900 0.61133750
vt -9.83385500 0.62580660
vt -9.91299300 0.58282260
vt -9.91299300 0.68189600
vt -9.87303100 0.68189600
vt -9.87303100 0.58282260
vt -9.83871200 0.68189600
vt -9.87524600 0.56835350
vt -9.91414300 0.56835350
vt -9.84184600 0.56835350
vt -9.83871200 0.58282260
vt -9.81238000 0.68189600
vt -9.81621700 0.56835350
vt -9.81238000 0.58282260
vt -10.07305000 0.58282260
vt -10.07305000 0.68189600
vt -10.03873000 0.68189600
vt -10.03873000 0.58282260
vt -9.99876900 0.68189600
vt -10.03651000 0.56835350
vt -10.06992000 0.56835350
vt -9.99762200 0.56835350
vt -9.99876900 0.58282260
vt -9.95588100 0.68189600
vt -9.95588100 0.56835350
vt -9.95588100 0.58282260
vt -10.09938000 0.58282260
vt -10.09938000 0.68189600
vt -10.09554000 0.56835350
vt -9.88334800 0.50804980
vt -9.88334800 0.41585330
vt -9.92053900 0.41585330
vt -9.92053900 0.50804980
vt -9.96045000 0.41585330
vt -9.92160700 0.52151570
vt -9.88541000 0.52151570
vt -9.96045000 0.52151570
vt -9.96045000 0.50804980
vt -10.00036000 0.41585330
vt -9.99929300 0.52151570
vt -10.00036000 0.50804980
vt -10.09453000 0.62580660
vt -10.09453000 0.72488000
vt -10.06820000 0.72488000
vt -10.06820000 0.62580660
vt -10.06506000 0.61133740
vt -10.09069000 0.61133740
vt -10.03755000 0.41585330
vt -10.03755000 0.50804980
vt -10.03549000 0.52151570
vt -10.03755000 0.47230030
vt -10.03755000 0.56449970
vt -10.00036000 0.56449970
vt -10.00036000 0.47230030
vt -9.96045100 0.56449970
vt -9.99929500 0.45883440
vt -10.03549000 0.45883440
vt -9.96045100 0.45883440
vt -9.96045100 0.47230030
vt -9.92054000 0.56449970
vt -9.92160700 0.45883440
vt -9.92054000 0.47230030
vt -9.88334800 0.56449970
vt -9.88541000 0.45883440
vt -9.88334800 0.47230030
vt -9.80752200 0.72488000
vt -9.80752100 0.62580660
vt -9.81136100 0.61133750
vt -9.81326600 0.66652470
vt -9.82228900 0.67173370
vt -9.79758500 0.70438080
vt -9.80764900 0.70707680
vt -9.79223800 0.74500450
vt -9.80265600 0.74500450
vt -9.90857200 0.89661380
vt -9.91126900 0.88655160
vt -9.94919600 0.90196200
vt -9.94919600 0.89154510
vt -9.98982000 0.89661380
vt -9.98712300 0.88655160
vt -10.02767000 0.88093450
vt -10.02247000 0.87191180
vt -10.06018000 0.85599110
vt -10.05282000 0.84862400
vt -10.08512000 0.82348420
vt -10.07610000 0.81827430
vt -10.10081000 0.78562810
vt -10.09074000 0.78293200
vt -10.10615000 0.74500440
vt -10.09574000 0.74500440
vt -10.10081000 0.70438080
vt -10.09074000 0.70707680
vt -10.08512000 0.66652460
vt -10.07610000 0.67173360
vt -9.38519300 0.45257360
vt -9.39248800 0.44153200
vt -8.84737400 0.53902040
vt -8.82913000 0.55726520
vt -8.77113300 0.49926930
vt -9.19056200 0.55726510
vt -8.78937700 0.48102360
vt -9.19056200 0.53902040
vt -8.77113300 0.13602530
vt -8.78937700 0.13602530
vt -9.60639600 0.53902040
vt -9.62164500 0.55726510
vt -9.62164500 0.13602520
vt -9.60639600 0.13602520
vt -9.62164500 -0.28521460
vt -9.60639600 -0.26697080
vt -9.19056200 -0.28521460
vt -9.19056200 -0.26697080
vt -8.78937700 -0.20897400
vt -8.77113300 -0.22721780
vt -8.82913000 -0.28521450
vt -8.84737400 -0.26697080
vt -9.08461000 0.51947290
vt -9.04094600 0.18525680
vt -9.08461000 0.18525680
vt -9.08461000 -0.14863030
vt -9.04094600 0.57154350
vt -9.04094600 -0.20102900
vt -9.14954800 0.58440950
vt -9.10588300 0.63647820
vt -9.10588300 -0.26596560
vt -9.14954800 -0.21356790
vt -9.49014100 -0.21356790
vt -9.49014100 -0.26596560
vt -9.81786800 -0.21356790
vt -9.95573800 -0.26596560
vt -9.81786800 0.18525680
vt -9.95573800 0.18525670
vt -9.49014100 0.63647820
vt -9.49014100 0.58440950
vt -9.81786800 0.58440950
vt -9.95573800 0.63647820
vt -9.48838900 0.18525770
vt -9.47269700 0.21243650
vt -9.46121000 0.20094950
vt -9.45700500 0.18525680
vt -9.48838900 0.21664220
vt -9.46121000 0.16956500
vt -9.50408200 0.21243650
vt -9.47269700 0.15807900
vt -9.51556800 0.20094950
vt -9.48838900 0.15387420
vt -9.51977300 0.18525680
vt -9.50408200 0.15807900
vt -9.51556800 0.16956500
vt -9.86267900 0.72173760
vt -9.87769300 0.71771510
vt -9.88349100 0.76175190
vt -9.86794700 0.76175190
vt -9.71334600 0.76175190
vt -9.87769300 0.80578780
vt -9.84723400 0.68445090
vt -9.86069600 0.67667940
vt -9.86267900 0.80176520
vt -9.86069700 0.84682440
vt -9.82266500 0.65243230
vt -9.83365600 0.64144120
vt -9.84723400 0.83905200
vt -9.83365600 0.88206270
vt -9.79064600 0.62786280
vt -9.79841800 0.61440160
vt -9.82266500 0.87107160
vt -9.75335900 0.61241800
vt -9.79064700 0.89564110
vt -9.79841800 0.90910130
vt -9.75738100 0.59740430
vt -9.75738200 0.92609960
vt -9.71334600 0.60714990
vt -9.71334600 0.59160600
vt -9.75335900 0.91108590
vt -9.71334600 0.93189700
vt -9.67333100 0.61241800
vt -9.66930900 0.59740430
vt -9.71334600 0.91635300
vt -9.66930900 0.92609960
vt -9.63604500 0.62786280
vt -9.62827300 0.61440160
vt -9.67333100 0.91108590
vt -9.60402500 0.65243230
vt -9.63604500 0.89564110
vt -9.62827300 0.90910130
vt -9.59303500 0.64144120
vt -9.59303500 0.88206270
vt -9.57945600 0.68445090
vt -9.56599500 0.67667940
vt -9.60402500 0.87107160
vt -9.56599600 0.84682450
vt -9.56401200 0.72173860
vt -9.54899800 0.71771510
vt -9.57945600 0.83905200
vt -9.54899800 0.80578790
vt -9.55874300 0.76175190
vt -9.54320000 0.76175190
vt -9.56401200 0.80176620
vt -9.69659000 0.96311650
vt -9.68331200 0.96667460
vt -9.67818500 0.92772750
vt -9.69193200 0.92772750
vt -9.82866400 0.92772750
vt -9.68331200 0.88878140
vt -9.71025000 0.99609450
vt -9.69834600 1.00296700
vt -9.69659000 0.89233860
vt -9.69834700 0.85248930
vt -9.73197900 1.02441200
vt -9.72226000 1.03413300
vt -9.71025000 0.85936240
vt -9.72226000 0.82132320
vt -9.76029900 1.04614100
vt -9.75342500 1.05804600
vt -9.73197900 0.83104400
vt -9.79327500 1.05980000
vt -9.76029900 0.80931450
vt -9.75342500 0.79740980
vt -9.78971700 1.07308000
vt -9.78971700 0.78237710
vt -9.82866400 1.06446000
vt -9.82866400 1.07820600
vt -9.79327500 0.79565600
vt -9.82866400 0.77724920
vt -9.86405300 1.05980000
vt -9.86761100 1.07308000
vt -9.82866400 0.79099640
vt -9.86761100 0.78237700
vt -9.89702900 1.04614100
vt -9.90390200 1.05804600
vt -9.86405200 0.79565600
vt -9.92534800 1.02441200
vt -9.89702900 0.80931450
vt -9.90390200 0.79740980
vt -9.93506800 1.03413300
vt -9.93506800 0.82132320
vt -9.94707700 0.99609450
vt -9.95898200 1.00296700
vt -9.92534800 0.83104400
vt -9.95898200 0.85248920
vt -9.96073700 0.96311640
vt -9.97401500 0.96667460
vt -9.94707700 0.85936240
vt -9.97401500 0.88878130
vt -9.96539600 0.92772750
vt -9.97914300 0.92772750
vt -9.96073700 0.89233850
vt -9.54826600 0.88875560
vt -9.55383500 0.93106060
vt -9.54261200 0.93406750
vt -9.53664700 0.88875560
vt -9.56010200 0.97629150
vt -9.55383500 0.84645160
vt -9.57016500 0.97048260
vt -9.54261200 0.84344370
vt -9.58792400 1.01255000
vt -9.57016500 0.80702950
vt -9.59614100 1.00433300
vt -9.56010200 0.80121980
vt -9.62418400 1.04037400
vt -9.59614100 0.77317700
vt -9.62999300 1.03030900
vt -9.58792400 0.76496110
vt -9.66640700 1.05786300
vt -9.62999300 0.74720270
vt -9.66941500 1.04663800
vt -9.62418400 0.73713860
vt -9.71171900 1.06382800
vt -9.66941500 0.73087290
vt -9.71171900 1.05220800
vt -9.66640700 0.71964910
vt -9.75703000 1.05786300
vt -9.71171900 0.72530350
vt -9.75402300 1.04663800
vt -9.71172000 0.71368390
vt -9.79925400 1.04037400
vt -9.75402300 0.73087290
vt -9.79344500 1.03030900
vt -9.75703000 0.71964910
vt -9.83551400 1.01255000
vt -9.79344500 0.74720270
vt -9.82729700 1.00433400
vt -9.79925400 0.73713860
vt -9.86333700 0.97629150
vt -9.82729700 0.77317700
vt -9.85327300 0.97048260
vt -9.83551400 0.76496110
vt -9.88082600 0.93406750
vt -9.85327300 0.80702950
vt -9.86960200 0.93106060
vt -9.86333700 0.80121970
vt -9.88679100 0.88875560
vt -9.86960200 0.84645150
vt -9.87517200 0.88875560
vt -9.88082600 0.84344360
f 3/3/3 2/2/2 1/1/1
f 5/5/5 3/3/3 4/4/4
f 6/6/6 5/5/5 4/4/4
f 7/7/7 5/5/5 6/6/6
f 8/8/8 7/7/7 6/6/6
f 9/9/9 7/7/7 8/8/8
f 10/10/10 9/9/9 8/8/8
f 10/10/10 11/11/11 9/9/9
f 8/8/8 12/12/12 10/10/10
f 12/12/12 13/13/13 10/10/10
f 10/10/10 13/13/13 11/11/11
f 14/14/14 12/12/12 8/8/8
f 15/15/15 14/14/14 8/8/8
f 16/16/16 14/14/14 15/15/15
f 17/17/17 16/16/16 15/15/15
f 13/13/13 18/18/18 11/11/11
f 19/19/19 16/16/16 17/17/17
f 11/11/11 18/18/18 20/20/20
f 20/20/20 21/21/21 11/11/11
f 18/18/18 22/22/22 20/20/20
f 23/23/23 21/21/21 20/20/20
f 20/20/20 22/22/22 24/24/24
f 24/24/24 23/23/23 20/20/20
f 22/22/22 25/25/25 24/24/24
f 24/24/24 25/25/25 26/26/26
f 24/24/24 27/27/27 23/23/23
f 27/27/27 24/24/24 26/26/26
f 27/27/27 28/28/28 23/23/23
f 27/27/27 26/26/26 29/29/29
f 26/26/26 30/30/30 29/29/29
f 31/31/31 19/19/19 17/17/17
f 31/31/31 32/32/32 19/19/19
f 32/32/32 33/33/33 19/19/19
f 34/34/34 33/33/33 32/32/32
f 35/35/35 34/34/34 32/32/32
f 36/36/36 34/34/34 35/35/35
f 17/17/17 37/37/37 31/31/31
f 38/38/38 37/37/37 17/17/17
f 39/39/39 38/38/38 17/17/17
f 37/37/37 40/40/40 31/31/31
f 31/31/31 40/40/40 32/32/32
f 40/40/40 41/41/41 32/32/32
f 32/32/32 41/41/41 35/35/35
f 41/41/41 42/42/42 35/35/35
f 35/35/35 42/42/42 43/43/43
f 43/43/43 36/36/36 35/35/35
f 42/42/42 44/44/44 43/43/43
f 43/43/43 44/44/44 45/45/45
f 43/43/43 46/46/46 36/36/36
f 46/46/46 43/43/43 45/45/45
f 46/46/46 47/47/47 36/36/36
f 48/48/48 47/47/47 46/46/46
f 46/46/46 45/45/45 49/49/49
f 49/49/49 48/48/48 46/46/46
f 45/45/45 50/50/50 49/49/49
f 51/51/51 48/48/48 49/49/49
f 49/49/49 50/50/50 52/52/52
f 52/52/52 51/51/51 49/49/49
f 50/50/50 53/53/53 52/52/52
f 54/54/54 51/51/51 52/52/52
f 52/52/52 53/53/53 55/55/55
f 55/55/55 54/54/54 52/52/52
f 53/53/53 56/56/56 55/55/55
f 55/55/55 57/57/57 54/54/54
f 55/55/55 56/56/56 57/57/57
f 57/57/57 58/58/58 54/54/54
f 56/56/56 59/59/59 57/57/57
f 60/60/60 58/58/58 57/57/57
f 57/57/57 59/59/59 61/61/61
f 59/59/59 62/62/62 61/61/61
f 63/63/63 60/60/60 57/57/57
f 64/64/64 60/60/60 63/63/63
f 65/65/65 64/64/64 63/63/63
f 68/68/68 67/67/67 66/66/66
f 71/71/71 70/70/70 69/69/69
f 72/72/72 71/71/71 69/69/69
f 75/75/75 74/74/74 73/73/73
f 76/76/76 75/75/75 73/73/73
f 79/79/79 78/78/78 77/77/77
f 80/80/80 79/79/79 77/77/77
f 83/83/83 82/82/82 81/81/81
f 84/84/84 83/83/83 81/81/81
f 87/87/87 86/86/86 85/85/85
f 88/88/88 87/87/87 85/85/85
f 91/91/91 90/90/90 89/89/89
f 92/92/92 91/91/91 89/89/89
f 95/95/95 94/94/94 93/93/93
f 96/96/96 95/95/95 93/93/93
f 99/99/99 98/98/98 97/97/97
f 100/100/100 99/99/99 97/97/97
f 103/103/103 102/102/102 101/101/101
f 102/102/102 104/104/104 101/101/101
f 101/101/101 104/104/104 105/105/105
f 104/104/104 106/106/106 105/105/105
f 109/109/109 108/108/108 107/107/107
f 108/108/108 110/110/110 107/107/107
f 107/107/107 110/110/110 111/111/111
f 110/110/110 112/112/112 111/111/111
f 115/115/115 114/114/114 113/113/113
f 116/116/116 115/115/115 113/113/113
f 117/117/117 115/115/115 116/116/116
f 118/118/118 117/117/117 116/116/116
f 121/121/121 120/120/120 119/119/119
f 122/122/122 121/121/121 119/119/119
f 123/123/123 121/121/121 122/122/122
f 124/124/124 123/123/123 122/122/122
f 127/127/127 126/126/126 125/125/125
f 126/126/126 128/128/128 125/125/125
f 125/125/125 128/128/128 129/129/129
f 128/128/128 130/130/130 129/129/129
f 133/133/133 132/132/132 131/131/131
f 134/134/134 133/133/133 131/131/131
f 135/135/135 133/133/133 134/134/134
f 136/136/136 135/135/135 134/134/134
f 139/139/139 138/138/138 137/137/137
f 140/140/140 139/139/139 137/137/137
f 140/140/140 137/137/137 141/141/141
f 142/142/142 140/140/140 141/141/141
f 145/145/145 144/144/144 143/143/143
f 144/144/144 146/146/146 143/143/143
f 144/144/144 147/147/147 146/146/146
f 147/147/147 148/148/148 146/146/146
f 151/151/151 150/150/150 149/149/149
f 150/150/150 152/152/152 149/149/149
f 149/149/149 152/152/152 153/153/153
f 152/152/152 154/154/154 153/153/153
f 157/157/157 156/156/156 155/155/155
f 158/158/158 157/157/157 155/155/155
f 159/159/159 157/157/157 158/158/158
f 160/160/160 159/159/159 158/158/158
f 163/163/163 162/162/162 161/161/161
f 164/164/164 163/163/163 161/161/161
f 164/164/164 161/161/161 165/165/165
f 161/161/161 166/166/166 165/165/165
f 169/169/169 168/168/168 167/167/167
f 170/170/170 169/169/169 167/167/167
f 170/170/170 171/171/171 169/169/169
f 171/171/171 172/172/172 169/169/169
f 175/175/175 174/174/174 173/173/173
f 174/174/174 176/176/176 173/173/173
f 173/173/173 176/176/176 177/177/177
f 176/176/176 178/178/178 177/177/177
f 179/179/179 177/177/177 178/178/178
f 180/180/180 179/179/179 178/178/178
f 179/179/179 180/180/180 181/181/181
f 180/180/180 182/182/182 181/181/181
f 181/181/181 182/182/182 183/183/183
f 182/182/182 184/184/184 183/183/183
f 185/185/185 183/183/183 184/184/184
f 186/186/186 185/185/185 184/184/184
f 185/185/185 186/186/186 187/187/187
f 188/188/188 185/185/185 187/187/187
f 188/188/188 187/187/187 189/189/189
f 187/187/187 190/190/190 189/189/189
f 193/193/193 192/192/192 191/191/191
f 192/192/192 194/194/194 191/191/191
f 191/191/191 194/194/194 195/195/195
f 194/194/194 196/196/196 195/195/195
f 195/195/195 196/196/196 197/197/197
f 196/196/196 198/198/198 197/197/197
f 197/197/197 198/198/198 199/199/199
f 198/198/198 200/200/200 199/199/199
f 199/199/199 200/200/200 201/201/201
f 200/200/200 202/202/202 201/201/201
f 201/201/201 202/202/202 203/203/203
f 202/202/202 204/204/204 203/203/203
f 203/203/203 204/204/204 205/205/205
f 206/206/206 203/203/203 205/205/205
f 206/206/206 205/205/205 207/207/207
f 205/205/205 208/208/208 207/207/207
f 211/211/211 210/210/210 209/209/209
f 212/212/212 211/211/211 209/209/209
f 213/213/213 211/211/211 212/212/212
f 212/212/212 209/209/209 214/214/214
f 214/214/214 209/209/209 215/215/215
f 216/216/216 214/214/214 215/215/215
f 214/214/214 216/216/216 217/217/217
f 218/218/218 214/214/214 217/217/217
f 218/218/218 217/217/217 219/219/219
f 217/217/217 220/220/220 219/219/219
f 219/219/219 220/220/220 221/221/221
f 220/220/220 222/222/222 221/221/221
f 221/221/221 222/222/222 223/223/223
f 222/222/222 224/224/224 223/223/223
f 223/223/223 224/224/224 225/225/225
f 224/224/224 226/226/226 225/225/225
f 225/225/225 226/226/226 227/227/227
f 226/226/226 228/228/228 227/227/227
f 228/228/228 213/213/213 227/227/227
f 213/213/213 229/229/229 227/227/227
f 227/227/227 229/229/229 230/230/230
f 230/230/230 212/212/212 214/214/214
f 229/229/229 213/213/213 212/212/212
f 229/229/229 212/212/212 230/230/230
f 233/233/233 232/232/232 231/231/231
f 234/234/234 233/233/233 231/231/231
f 237/237/237 236/236/236 235/235/235
f 238/238/238 237/237/237 235/235/235
f 241/241/241 240/240/240 239/239/239
f 240/240/240 242/242/242 239/239/239
f 240/240/240 243/243/243 242/242/242
f 243/243/243 244/244/244 242/242/242
f 239/239/239 242/242/242 245/245/245
f 244/244/244 246/246/246 242/242/242
f 246/246/246 245/245/245 242/242/242
f 247/247/247 239/239/239 245/245/245
f 248/248/248 239/239/239 247/247/247
f 239/239/239 248/248/248 249/249/249
f 248/248/248 250/250/250 249/249/249
f 249/249/249 250/250/250 251/251/251
f 252/252/252 248/248/248 247/247/247
f 250/250/250 248/248/248 252/252/252
f 245/245/245 253/253/253 247/247/247
f 253/253/253 254/254/254 247/247/247
f 247/247/247 254/254/254 252/252/252
f 255/255/255 253/253/253 245/245/245
f 246/246/246 255/255/255 245/245/245
f 254/254/254 256/256/256 252/252/252
f 257/257/257 255/255/255 246/246/246
f 252/252/252 256/256/256 258/258/258
f 258/258/258 250/250/250 252/252/252
f 256/256/256 259/259/259 258/258/258
f 260/260/260 257/257/257 246/246/246
f 261/261/261 257/257/257 260/260/260
f 246/246/246 244/244/244 260/260/260
f 262/262/262 250/250/250 258/258/258
f 250/250/250 262/262/262 251/251/251
f 258/258/258 259/259/259 263/263/263
f 263/263/263 262/262/262 258/258/258
f 251/251/251 262/262/262 263/263/263
f 259/259/259 264/264/264 263/263/263
f 265/265/265 251/251/251 263/263/263
f 263/263/263 264/264/264 265/265/265
f 266/266/266 251/251/251 265/265/265
f 264/264/264 267/267/267 265/265/265
f 268/268/268 266/266/266 265/265/265
f 265/265/265 267/267/267 268/268/268
f 267/267/267 269/269/269 268/268/268
f 270/270/270 266/266/266 268/268/268
f 268/268/268 269/269/269 271/271/271
f 271/271/271 270/270/270 268/268/268
f 269/269/269 272/272/272 271/271/271
f 273/273/273 270/270/270 271/271/271
f 270/270/270 273/273/273 274/274/274
f 271/271/271 272/272/272 275/275/275
f 275/275/275 273/273/273 271/271/271
f 272/272/272 276/276/276 275/275/275
f 273/273/273 277/277/277 274/274/274
f 277/277/277 273/273/273 275/275/275
f 274/274/274 277/277/277 244/244/244
f 275/275/275 276/276/276 278/278/278
f 278/278/278 277/277/277 275/275/275
f 276/276/276 261/261/261 278/278/278
f 278/278/278 261/261/261 260/260/260
f 277/277/277 279/279/279 244/244/244
f 244/244/244 279/279/279 260/260/260
f 279/279/279 277/277/277 278/278/278
f 260/260/260 279/279/279 278/278/278
f 282/282/282 281/281/281 280/280/280
f 283/283/283 282/282/282 280/280/280
f 284/284/284 282/282/282 283/283/283
f 285/285/285 284/284/284 283/283/283
f 288/288/288 287/287/287 286/286/286
f 289/289/289 288/288/288 286/286/286
f 289/289/289 286/286/286 290/290/290
f 286/286/286 291/291/291 290/290/290
f 294/294/294 293/293/293 292/292/292
f 294/294/294 295/295/295 293/293/293
f 295/295/295 294/294/294 296/296/296
f 294/294/294 297/297/297 296/296/296
f 295/295/295 296/296/296 298/298/298
f 296/296/296 299/299/299 298/298/298
f 298/298/298 300/300/300 295/295/295
f 298/298/298 301/301/301 300/300/300
f 295/295/295 302/302/302 293/293/293
f 300/300/300 302/302/302 295/295/295
f 303/303/303 293/293/293 302/302/302
f 303/303/303 304/304/304 293/293/293
f 305/305/305 303/303/303 302/302/302
f 305/305/305 302/302/302 306/306/306
f 302/302/302 300/300/300 306/306/306
f 300/300/300 307/307/307 306/306/306
f 310/310/310 309/309/309 308/308/308
f 311/311/311 310/310/310 308/308/308
f 311/311/311 308/308/308 312/312/312
f 308/308/308 313/313/313 312/312/312
f 316/316/316 315/315/315 314/314/314
f 317/317/317 316/316/316 314/314/314
f 317/317/317 314/314/314 318/318/318
f 314/314/314 319/319/319 318/318/318
f 322/322/322 321/321/321 320/320/320
f 323/323/323 322/322/322 320/320/320
f 324/324/324 322/322/322 323/323/323
f 325/325/325 324/324/324 323/323/323
f 328/328/328 327/327/327 326/326/326
f 329/329/329 328/328/328 326/326/326
f 329/329/329 326/326/326 330/330/330
f 326/326/326 331/331/331 330/330/330
f 334/334/334 333/333/333 332/332/332
f 335/335/335 334/334/334 332/332/332
f 335/335/335 332/332/332 336/336/336
f 332/332/332 337/337/337 336/336/336
f 340/340/340 339/339/339 338/338/338
f 341/341/341 340/340/340 338/338/338
f 341/341/341 338/338/338 342/342/342
f 338/338/338 343/343/343 342/342/342
f 346/346/346 345/345/345 344/344/344
f 347/347/347 346/346/346 344/344/344
f 346/346/346 347/347/347 348/348/348
f 347/347/347 349/349/349 348/348/348
f 352/352/352 351/351/351 350/350/350
f 353/353/353 352/352/352 350/350/350
f 352/352/352 353/353/353 354/354/354
f 353/353/353 355/355/355 354/354/354
f 353/353/353 350/350/350 356/356/356
f 353/353/353 356/356/356 355/355/355
f 350/350/350 357/357/357 356/356/356
f 356/356/356 358/358/358 355/355/355
f 361/361/361 360/360/360 359/359/359
f 360/360/360 362/362/362 359/359/359
f 359/359/359 362/362/362 363/363/363
f 362/362/362 364/364/364 363/363/363
f 362/362/362 360/360/360 365/365/365
f 365/365/365 360/360/360 366/366/366
f 367/367/367 365/365/365 366/366/366
f 367/367/367 368/368/368 365/365/365
f 369/369/369 362/362/362 365/365/365
f 364/364/364 362/362/362 369/369/369
f 368/368/368 370/370/370 365/365/365
f 369/369/369 365/365/365 370/370/370
f 371/371/371 370/370/370 368/368/368
f 372/372/372 371/371/371 368/368/368
f 373/373/373 371/371/371 372/372/372
f 374/374/374 373/373/373 372/372/372
f 374/374/374 375/375/375 373/373/373
f 376/376/376 364/364/364 369/369/369
f 377/377/377 369/369/369 370/370/370
f 376/376/376 369/369/369 377/377/377
f 371/371/371 378/378/378 370/370/370
f 378/378/378 377/377/377 370/370/370
f 364/364/364 376/376/376 379/379/379
f 380/380/380 364/364/364 379/379/379
f 379/379/379 376/376/376 381/381/381
f 376/376/376 382/382/382 381/381/381
f 382/382/382 376/376/376 377/377/377
f 381/381/381 382/382/382 383/383/383
f 382/382/382 377/377/377 384/384/384
f 382/382/382 384/384/384 383/383/383
f 377/377/377 378/378/378 384/384/384
f 383/383/383 384/384/384 385/385/385
f 386/386/386 378/378/378 371/371/371
f 373/373/373 386/386/386 371/371/371
f 384/384/384 378/378/378 387/387/387
f 384/384/384 387/387/387 385/385/385
f 378/378/378 386/386/386 387/387/387
f 388/388/388 386/386/386 373/373/373
f 387/387/387 386/386/386 388/388/388
f 385/385/385 387/387/387 389/389/389
f 389/389/389 387/387/387 388/388/388
f 390/390/390 385/385/385 389/389/389
f 390/390/390 389/389/389 391/391/391
f 389/389/389 392/392/392 391/391/391
f 389/389/389 388/388/388 392/392/392
f 391/391/391 392/392/392 393/393/393
f 394/394/394 388/388/388 373/373/373
f 375/375/375 394/394/394 373/373/373
f 392/392/392 395/395/395 393/393/393
f 393/393/393 395/395/395 396/396/396
f 388/388/388 397/397/397 392/392/392
f 397/397/397 388/388/388 394/394/394
f 392/392/392 397/397/397 395/395/395
f 398/398/398 394/394/394 375/375/375
f 398/398/398 397/397/397 394/394/394
f 399/399/399 398/398/398 375/375/375
f 400/400/400 397/397/397 398/398/398
f 397/397/397 400/400/400 395/395/395
f 401/401/401 398/398/398 399/399/399
f 401/401/401 400/400/400 398/398/398
f 402/402/402 401/401/401 399/399/399
f 403/403/403 401/401/401 402/402/402
f 400/400/400 401/401/401 403/403/403
f 404/404/404 403/403/403 402/402/402
f 404/404/404 405/405/405 403/403/403
f 405/405/405 406/406/406 403/403/403
f 407/407/407 400/400/400 403/403/403
f 395/395/395 400/400/400 407/407/407
f 407/407/407 403/403/403 406/406/406
f 408/408/408 395/395/395 407/407/407
f 395/395/395 408/408/408 396/396/396
f 396/396/396 408/408/408 409/409/409
f 408/408/408 410/410/410 409/409/409
f 411/411/411 407/407/407 406/406/406
f 408/408/408 407/407/407 411/411/411
f 410/410/410 408/408/408 411/411/411
f 411/411/411 406/406/406 412/412/412
f 413/413/413 411/411/411 412/412/412
f 410/410/410 411/411/411 413/413/413
f 414/414/414 410/410/410 413/413/413
f 417/417/417 416/416/416 415/415/415
f 418/418/418 417/417/417 415/415/415
f 419/419/419 417/417/417 418/418/418
f 420/420/420 419/419/419 418/418/418
f 421/421/421 419/419/419 420/420/420
f 422/422/422 421/421/421 420/420/420
f 423/423/423 421/421/421 422/422/422
f 420/420/420 418/418/418 424/424/424
f 420/420/420 424/424/424 422/422/422
f 418/418/418 425/425/425 424/424/424
f 426/426/426 425/425/425 418/418/418
f 427/427/427 426/426/426 418/418/418
f 428/428/428 426/426/426 427/427/427
f 429/429/429 428/428/428 427/427/427
f 424/424/424 430/430/430 422/422/422
f 431/431/431 423/423/423 422/422/422
f 422/422/422 430/430/430 431/431/431
f 430/430/430 432/432/432 431/431/431
f 433/433/433 423/423/423 431/431/431
f 431/431/431 432/432/432 434/434/434
f 434/434/434 433/433/433 431/431/431
f 432/432/432 435/435/435 434/434/434
f 434/434/434 435/435/435 436/436/436
f 434/434/434 437/437/437 433/433/433
f 437/437/437 434/434/434 436/436/436
f 437/437/437 438/438/438 433/433/433
f 439/439/439 438/438/438 437/437/437
f 437/437/437 436/436/436 440/440/440
f 440/440/440 439/439/439 437/437/437
f 436/436/436 441/441/441 440/440/440
f 442/442/442 439/439/439 440/440/440
f 440/440/440 441/441/441 443/443/443
f 443/443/443 442/442/442 440/440/440
f 441/441/441 444/444/444 443/443/443
f 445/445/445 442/442/442 443/443/443
f 443/443/443 444/444/444 446/446/446
f 447/447/447 445/445/445 443/443/443
f 447/447/447 443/443/443 446/446/446
f 448/448/448 445/445/445 447/447/447
f 447/447/447 446/446/446 449/449/449
f 449/449/449 448/448/448 447/447/447
f 446/446/446 450/450/450 449/449/449
f 451/451/451 448/448/448 449/449/449
f 449/449/449 450/450/450 452/452/452
f 453/453/453 451/451/451 449/449/449
f 450/450/450 454/454/454 452/452/452
f 455/455/455 451/451/451 453/453/453
f 456/456/456 455/455/455 453/453/453
f 457/457/457 455/455/455 456/456/456
f 452/452/452 454/454/454 458/458/458
f 454/454/454 459/459/459 458/458/458
f 458/458/458 459/459/459 460/460/460
f 459/459/459 461/461/461 460/460/460
f 415/415/415 416/416/416 462/462/462
f 416/416/416 463/463/463 462/462/462
f 462/462/462 463/463/463 464/464/464
f 465/465/465 462/462/462 464/464/464
f 465/465/465 464/464/464 466/466/466
f 464/464/464 467/467/467 466/466/466
f 466/466/466 467/467/467 468/468/468
f 467/467/467 469/469/469 468/468/468
f 468/468/468 469/469/469 470/470/470
f 469/469/469 471/471/471 470/470/470
f 470/470/470 471/471/471 472/472/472
f 465/465/465 473/473/473 462/462/462
f 473/473/473 474/474/474 462/462/462
f 475/475/475 473/473/473 465/465/465
f 466/466/466 475/475/475 465/465/465
f 462/462/462 474/474/474 476/476/476
f 477/477/477 475/475/475 466/466/466
f 468/468/468 477/477/477 466/466/466
f 474/474/474 478/478/478 476/476/476
f 479/479/479 477/477/477 468/468/468
f 470/470/470 479/479/479 468/468/468
f 476/476/476 478/478/478 480/480/480
f 478/478/478 481/481/481 480/480/480
f 480/480/480 481/481/481 482/482/482
f 470/470/470 483/483/483 479/479/479
f 483/483/483 484/484/484 479/479/479
f 483/483/483 470/470/470 472/472/472
f 485/485/485 484/484/484 483/483/483
f 483/483/483 472/472/472 486/486/486
f 486/486/486 485/485/485 483/483/483
f 472/472/472 487/487/487 486/486/486
f 488/488/488 485/485/485 486/486/486
f 486/486/486 487/487/487 489/489/489
f 489/489/489 488/488/488 486/486/486
f 487/487/487 490/490/490 489/489/489
f 491/491/491 488/488/488 489/489/489
f 489/489/489 490/490/490 457/457/457
f 492/492/492 491/491/491 489/489/489
f 492/492/492 489/489/489 457/457/457
f 493/493/493 491/491/491 492/492/492
f 492/492/492 457/457/457 456/456/456
f 456/456/456 493/493/493 492/492/492
f 494/494/494 493/493/493 456/456/456
f 495/495/495 494/494/494 456/456/456
f 496/496/496 494/494/494 495/495/495
f 497/497/497 496/496/496 495/495/495
f 498/498/498 496/496/496 497/497/497
f 499/499/499 498/498/498 497/497/497
f 499/499/499 500/500/500 498/498/498
f 500/500/500 501/501/501 498/498/498
f 502/502/502 501/501/501 500/500/500
f 503/503/503 502/502/502 500/500/500
f 504/504/504 502/502/502 503/503/503
f 497/497/497 505/505/505 499/499/499
f 506/506/506 505/505/505 497/497/497
f 507/507/507 506/506/506 497/497/497
f 505/505/505 508/508/508 499/499/499
f 499/499/499 508/508/508 500/500/500
f 508/508/508 509/509/509 500/500/500
f 500/500/500 509/509/509 503/503/503
f 509/509/509 510/510/510 503/503/503
f 503/503/503 510/510/510 511/511/511
f 511/511/511 504/504/504 503/503/503
f 510/510/510 512/512/512 511/511/511
f 511/511/511 512/512/512 513/513/513
f 511/511/511 514/514/514 504/504/504
f 514/514/514 511/511/511 513/513/513
f 514/514/514 515/515/515 504/504/504
f 516/516/516 515/515/515 514/514/514
f 514/514/514 513/513/513 517/517/517
f 517/517/517 516/516/516 514/514/514
f 513/513/513 518/518/518 517/517/517
f 519/519/519 516/516/516 517/517/517
f 517/517/517 518/518/518 520/520/520
f 520/520/520 519/519/519 517/517/517
f 518/518/518 521/521/521 520/520/520
f 482/482/482 519/519/519 520/520/520
f 520/520/520 521/521/521 522/522/522
f 522/522/522 482/482/482 520/520/520
f 521/521/521 523/523/523 522/522/522
f 522/522/522 480/480/480 482/482/482
f 522/522/522 523/523/523 480/480/480
f 523/523/523 524/524/524 480/480/480
f 480/480/480 524/524/524 525/525/525
f 524/524/524 526/526/526 525/525/525
f 529/529/529 528/528/528 527/527/527
f 528/528/528 530/530/530 527/527/527
f 527/527/527 530/530/530 531/531/531
f 530/530/530 532/532/532 531/531/531
f 530/530/530 528/528/528 533/533/533
f 533/533/533 528/528/528 534/534/534
f 535/535/535 533/533/533 534/534/534
f 535/535/535 536/536/536 533/533/533
f 537/537/537 530/530/530 533/533/533
f 532/532/532 530/530/530 537/537/537
f 536/536/536 538/538/538 533/533/533
f 537/537/537 533/533/533 538/538/538
f 539/539/539 538/538/538 536/536/536
f 540/540/540 539/539/539 536/536/536
f 541/541/541 539/539/539 540/540/540
f 542/542/542 541/541/541 540/540/540
f 542/542/542 543/543/543 541/541/541
f 544/544/544 532/532/532 537/537/537
f 545/545/545 537/537/537 538/538/538
f 544/544/544 537/537/537 545/545/545
f 539/539/539 546/546/546 538/538/538
f 546/546/546 545/545/545 538/538/538
f 532/532/532 544/544/544 547/547/547
f 548/548/548 532/532/532 547/547/547
f 547/547/547 544/544/544 549/549/549
f 544/544/544 550/550/550 549/549/549
f 550/550/550 544/544/544 545/545/545
f 549/549/549 550/550/550 551/551/551
f 550/550/550 545/545/545 552/552/552
f 550/550/550 552/552/552 551/551/551
f 545/545/545 546/546/546 552/552/552
f 551/551/551 552/552/552 553/553/553
f 554/554/554 546/546/546 539/539/539
f 541/541/541 554/554/554 539/539/539
f 552/552/552 546/546/546 555/555/555
f 552/552/552 555/555/555 553/553/553
f 546/546/546 554/554/554 555/555/555
f 556/556/556 554/554/554 541/541/541
f 555/555/555 554/554/554 556/556/556
f 553/553/553 555/555/555 557/557/557
f 557/557/557 555/555/555 556/556/556
f 558/558/558 553/553/553 557/557/557
f 558/558/558 557/557/557 559/559/559
f 557/557/557 560/560/560 559/559/559
f 557/557/557 556/556/556 560/560/560
f 559/559/559 560/560/560 561/561/561
f 562/562/562 556/556/556 541/541/541
f 543/543/543 562/562/562 541/541/541
f 560/560/560 563/563/563 561/561/561
f 561/561/561 563/563/563 564/564/564
f 556/556/556 565/565/565 560/560/560
f 565/565/565 556/556/556 562/562/562
f 560/560/560 565/565/565 563/563/563
f 566/566/566 562/562/562 543/543/543
f 566/566/566 565/565/565 562/562/562
f 567/567/567 566/566/566 543/543/543
f 568/568/568 565/565/565 566/566/566
f 565/565/565 568/568/568 563/563/563
f 569/569/569 566/566/566 567/567/567
f 569/569/569 568/568/568 566/566/566
f 570/570/570 569/569/569 567/567/567
f 571/571/571 569/569/569 570/570/570
f 568/568/568 569/569/569 571/571/571
f 572/572/572 571/571/571 570/570/570
f 572/572/572 573/573/573 571/571/571
f 573/573/573 574/574/574 571/571/571
f 575/575/575 568/568/568 571/571/571
f 575/575/575 571/571/571 574/574/574
f 563/563/563 568/568/568 575/575/575
f 576/576/576 575/575/575 574/574/574
f 577/577/577 563/563/563 575/575/575
f 577/577/577 575/575/575 576/576/576
f 563/563/563 577/577/577 564/564/564
f 564/564/564 577/577/577 578/578/578
f 577/577/577 579/579/579 578/578/578
f 579/579/579 577/577/577 576/576/576
f 579/579/579 576/576/576 580/580/580
f 581/581/581 579/579/579 580/580/580
f 576/576/576 574/574/574 582/582/582
f 580/580/580 576/576/576 582/582/582
f 585/585/585 584/584/584 583/583/583
f 584/584/584 586/586/586 583/583/583
f 583/583/583 586/586/586 587/587/587
f 586/586/586 584/584/584 588/588/588
f 586/586/586 589/589/589 587/587/587
f 590/590/590 586/586/586 588/588/588
f 589/589/589 586/586/586 590/590/590
f 590/590/590 588/588/588 591/591/591
f 592/592/592 589/589/589 590/590/590
f 593/593/593 590/590/590 591/591/591
f 592/592/592 590/590/590 593/593/593
f 589/589/589 592/592/592 594/594/594
f 595/595/595 589/589/589 594/594/594
f 594/594/594 592/592/592 596/596/596
f 592/592/592 597/597/597 596/596/596
f 597/597/597 592/592/592 593/593/593
f 596/596/596 597/597/597 598/598/598
f 597/597/597 599/599/599 598/598/598
f 597/597/597 593/593/593 599/599/599
f 598/598/598 599/599/599 600/600/600
f 601/601/601 593/593/593 591/591/591
f 593/593/593 601/601/601 599/599/599
f 602/602/602 601/601/601 591/591/591
f 599/599/599 603/603/603 600/600/600
f 599/599/599 601/601/601 603/603/603
f 604/604/604 601/601/601 602/602/602
f 601/601/601 604/604/604 603/603/603
f 605/605/605 604/604/604 602/602/602
f 606/606/606 604/604/604 605/605/605
f 603/603/603 604/604/604 606/606/606
f 607/607/607 606/606/606 605/605/605
f 600/600/600 603/603/603 608/608/608
f 608/608/608 603/603/603 606/606/606
f 609/609/609 600/600/600 608/608/608
f 609/609/609 608/608/608 610/610/610
f 608/608/608 611/611/611 610/610/610
f 608/608/608 606/606/606 611/611/611
f 610/610/610 611/611/611 612/612/612
f 613/613/613 606/606/606 607/607/607
f 606/606/606 613/613/613 611/611/611
f 614/614/614 613/613/613 607/607/607
f 611/611/611 615/615/615 612/612/612
f 611/611/611 613/613/613 615/615/615
f 612/612/612 615/615/615 616/616/616
f 617/617/617 613/613/613 614/614/614
f 613/613/613 617/617/617 615/615/615
f 618/618/618 617/617/617 614/614/614
f 617/617/617 618/618/618 619/619/619
f 620/620/620 617/617/617 619/619/619
f 615/615/615 617/617/617 620/620/620
f 620/620/620 619/619/619 621/621/621
f 615/615/615 622/622/622 616/616/616
f 622/622/622 615/615/615 620/620/620
f 616/616/616 622/622/622 623/623/623
f 622/622/622 624/624/624 623/623/623
f 625/625/625 620/620/620 621/621/621
f 622/622/622 620/620/620 625/625/625
f 624/624/624 622/622/622 625/625/625
f 625/625/625 621/621/621 626/626/626
f 627/627/627 625/625/625 626/626/626
f 624/624/624 625/625/625 627/627/627
f 628/628/628 624/624/624 627/627/627
f 631/631/631 630/630/630 629/629/629
f 630/630/630 632/632/632 629/629/629
f 629/629/629 632/632/632 633/633/633
f 632/632/632 634/634/634 633/633/633
f 632/632/632 630/630/630 635/635/635
f 635/635/635 630/630/630 636/636/636
f 637/637/637 635/635/635 636/636/636
f 637/637/637 638/638/638 635/635/635
f 634/634/634 632/632/632 639/639/639
f 639/639/639 632/632/632 635/635/635
f 640/640/640 634/634/634 639/639/639
f 638/638/638 641/641/641 635/635/635
f 639/639/639 635/635/635 641/641/641
f 640/640/640 639/639/639 642/642/642
f 642/642/642 639/639/639 641/641/641
f 643/643/643 640/640/640 642/642/642
f 643/643/643 642/642/642 644/644/644
f 642/642/642 645/645/645 644/644/644
f 645/645/645 642/642/642 641/641/641
f 644/644/644 645/645/645 646/646/646
f 647/647/647 641/641/641 638/638/638
f 647/647/647 645/645/645 641/641/641
f 648/648/648 647/647/647 638/638/638
f 645/645/645 649/649/649 646/646/646
f 649/649/649 645/645/645 647/647/647
f 650/650/650 647/647/647 648/648/648
f 650/650/650 649/649/649 647/647/647
f 651/651/651 650/650/650 648/648/648
f 651/651/651 652/652/652 650/650/650
f 646/646/646 649/649/649 653/653/653
f 653/653/653 649/649/649 650/650/650
f 654/654/654 646/646/646 653/653/653
f 654/654/654 653/653/653 655/655/655
f 652/652/652 656/656/656 650/650/650
f 656/656/656 653/653/653 650/650/650
f 653/653/653 657/657/657 655/655/655
f 657/657/657 653/653/653 656/656/656
f 655/655/655 657/657/657 658/658/658
f 659/659/659 656/656/656 652/652/652
f 659/659/659 657/657/657 656/656/656
f 660/660/660 659/659/659 652/652/652
f 657/657/657 661/661/661 658/658/658
f 661/661/661 657/657/657 659/659/659
f 662/662/662 659/659/659 660/660/660
f 662/662/662 661/661/661 659/659/659
f 663/663/663 662/662/662 660/660/660
f 664/664/664 662/662/662 663/663/663
f 661/661/661 662/662/662 664/664/664
f 665/665/665 664/664/664 663/663/663
f 665/665/665 666/666/666 664/664/664
f 666/666/666 667/667/667 664/664/664
f 658/658/658 661/661/661 668/668/668
f 668/668/668 661/661/661 664/664/664
f 668/668/668 664/664/664 667/667/667
f 669/669/669 658/658/658 668/668/668
f 670/670/670 668/668/668 667/667/667
f 669/669/669 668/668/668 670/670/670
f 670/670/670 667/667/667 671/671/671
f 672/672/672 669/669/669 670/670/670
f 673/673/673 670/670/670 671/671/671
f 672/672/672 670/670/670 673/673/673
f 674/674/674 672/672/672 673/673/673
f 677/677/677 676/676/676 675/675/675
f 676/676/676 678/678/678 675/675/675
f 675/675/675 678/678/678 679/679/679
f 678/678/678 680/680/680 679/679/679
f 678/678/678 676/676/676 681/681/681
f 681/681/681 676/676/676 682/682/682
f 683/683/683 681/681/681 682/682/682
f 683/683/683 684/684/684 681/681/681
f 685/685/685 678/678/678 681/681/681
f 680/680/680 678/678/678 685/685/685
f 684/684/684 686/686/686 681/681/681
f 685/685/685 681/681/681 686/686/686
f 687/687/687 686/686/686 684/684/684
f 688/688/688 687/687/687 684/684/684
f 689/689/689 687/687/687 688/688/688
f 690/690/690 689/689/689 688/688/688
f 690/690/690 691/691/691 689/689/689
f 692/692/692 680/680/680 685/685/685
f 693/693/693 685/685/685 686/686/686
f 692/692/692 685/685/685 693/693/693
f 687/687/687 694/694/694 686/686/686
f 694/694/694 693/693/693 686/686/686
f 680/680/680 692/692/692 695/695/695
f 696/696/696 680/680/680 695/695/695
f 695/695/695 692/692/692 697/697/697
f 692/692/692 698/698/698 697/697/697
f 698/698/698 692/692/692 693/693/693
f 697/697/697 698/698/698 699/699/699
f 698/698/698 693/693/693 700/700/700
f 698/698/698 700/700/700 699/699/699
f 693/693/693 694/694/694 700/700/700
f 699/699/699 700/700/700 701/701/701
f 702/702/702 694/694/694 687/687/687
f 689/689/689 702/702/702 687/687/687
f 700/700/700 694/694/694 703/703/703
f 700/700/700 703/703/703 701/701/701
f 694/694/694 702/702/702 703/703/703
f 704/704/704 702/702/702 689/689/689
f 703/703/703 702/702/702 704/704/704
f 701/701/701 703/703/703 705/705/705
f 705/705/705 703/703/703 704/704/704
f 706/706/706 701/701/701 705/705/705
f 706/706/706 705/705/705 707/707/707
f 705/705/705 708/708/708 707/707/707
f 705/705/705 704/704/704 708/708/708
f 707/707/707 708/708/708 709/709/709
f 710/710/710 704/704/704 689/689/689
f 691/691/691 710/710/710 689/689/689
f 708/708/708 711/711/711 709/709/709
f 709/709/709 711/711/711 712/712/712
f 704/704/704 713/713/713 708/708/708
f 713/713/713 704/704/704 710/710/710
f 708/708/708 713/713/713 711/711/711
f 714/714/714 710/710/710 691/691/691
f 714/714/714 713/713/713 710/710/710
f 715/715/715 714/714/714 691/691/691
f 716/716/716 713/713/713 714/714/714
f 713/713/713 716/716/716 711/711/711
f 717/717/717 714/714/714 715/715/715
f 717/717/717 716/716/716 714/714/714
f 718/718/718 717/717/717 715/715/715
f 719/719/719 717/717/717 718/718/718
f 716/716/716 717/717/717 719/719/719
f 720/720/720 719/719/719 718/718/718
f 720/720/720 721/721/721 719/719/719
f 721/721/721 722/722/722 719/719/719
f 723/723/723 716/716/716 719/719/719
f 711/711/711 716/716/716 723/723/723
f 723/723/723 719/719/719 722/722/722
f 724/724/724 711/711/711 723/723/723
f 711/711/711 724/724/724 712/712/712
f 712/712/712 724/724/724 725/725/725
f 724/724/724 726/726/726 725/725/725
f 727/727/727 723/723/723 722/722/722
f 724/724/724 723/723/723 727/727/727
f 726/726/726 724/724/724 727/727/727
f 727/727/727 722/722/722 728/728/728
f 729/729/729 727/727/727 728/728/728
f 726/726/726 727/727/727 729/729/729
f 730/730/730 726/726/726 729/729/729
f 733/733/733 732/732/732 731/731/731
f 732/732/732 734/734/734 731/731/731
f 731/731/731 734/734/734 735/735/735
f 734/734/734 732/732/732 736/736/736
f 734/734/734 737/737/737 735/735/735
f 738/738/738 734/734/734 736/736/736
f 737/737/737 734/734/734 738/738/738
f 738/738/738 736/736/736 739/739/739
f 740/740/740 737/737/737 738/738/738
f 741/741/741 738/738/738 739/739/739
f 740/740/740 738/738/738 741/741/741
f 737/737/737 740/740/740 742/742/742
f 743/743/743 737/737/737 742/742/742
f 742/742/742 740/740/740 744/744/744
f 740/740/740 745/745/745 744/744/744
f 745/745/745 740/740/740 741/741/741
f 744/744/744 745/745/745 746/746/746
f 745/745/745 747/747/747 746/746/746
f 745/745/745 741/741/741 747/747/747
f 746/746/746 747/747/747 748/748/748
f 749/749/749 741/741/741 739/739/739
f 741/741/741 749/749/749 747/747/747
f 750/750/750 749/749/749 739/739/739
f 747/747/747 751/751/751 748/748/748
f 747/747/747 749/749/749 751/751/751
f 752/752/752 749/749/749 750/750/750
f 749/749/749 752/752/752 751/751/751
f 753/753/753 752/752/752 750/750/750
f 754/754/754 752/752/752 753/753/753
f 751/751/751 752/752/752 754/754/754
f 755/755/755 754/754/754 753/753/753
f 748/748/748 751/751/751 756/756/756
f 756/756/756 751/751/751 754/754/754
f 757/757/757 748/748/748 756/756/756
f 757/757/757 756/756/756 758/758/758
f 756/756/756 759/759/759 758/758/758
f 756/756/756 754/754/754 759/759/759
f 758/758/758 759/759/759 760/760/760
f 761/761/761 754/754/754 755/755/755
f 754/754/754 761/761/761 759/759/759
f 762/762/762 761/761/761 755/755/755
f 759/759/759 763/763/763 760/760/760
f 759/759/759 761/761/761 763/763/763
f 760/760/760 763/763/763 764/764/764
f 765/765/765 761/761/761 762/762/762
f 761/761/761 765/765/765 763/763/763
f 766/766/766 765/765/765 762/762/762
f 765/765/765 766/766/766 767/767/767
f 768/768/768 765/765/765 767/767/767
f 763/763/763 765/765/765 768/768/768
f 768/768/768 767/767/767 769/769/769
f 763/763/763 770/770/770 764/764/764
f 770/770/770 763/763/763 768/768/768
f 764/764/764 770/770/770 771/771/771
f 770/770/770 772/772/772 771/771/771
f 773/773/773 768/768/768 769/769/769
f 770/770/770 768/768/768 773/773/773
f 772/772/772 770/770/770 773/773/773
f 773/773/773 769/769/769 774/774/774
f 775/775/775 773/773/773 774/774/774
f 772/772/772 773/773/773 775/775/775
f 776/776/776 772/772/772 775/775/775
f 779/779/779 778/778/778 777/777/777
f 778/778/778 780/780/780 777/777/777
f 777/777/777 780/780/780 781/781/781
f 780/780/780 778/778/778 782/782/782
f 780/780/780 783/783/783 781/781/781
f 784/784/784 780/780/780 782/782/782
f 783/783/783 780/780/780 784/784/784
f 784/784/784 782/782/782 785/785/785
f 786/786/786 783/783/783 784/784/784
f 786/786/786 784/784/784 787/787/787
f 783/783/783 786/786/786 788/788/788
f 789/789/789 783/783/783 788/788/788
f 788/788/788 786/786/786 790/790/790
f 786/786/786 791/791/791 790/790/790
f 790/790/790 791/791/791 792/792/792
f 791/791/791 793/793/793 792/792/792
f 792/792/792 793/793/793 794/794/794
f 793/793/793 795/795/795 794/794/794
f 794/794/794 795/795/795 796/796/796
f 797/797/797 794/794/794 796/796/796
f 800/800/800 799/799/799 798/798/798
f 799/799/799 801/801/801 798/798/798
f 798/798/798 801/801/801 802/802/802
f 801/801/801 803/803/803 802/802/802
f 799/799/799 804/804/804 801/801/801
f 804/804/804 799/799/799 805/805/805
f 806/806/806 804/804/804 805/805/805
f 801/801/801 807/807/807 803/803/803
f 804/804/804 807/807/807 801/801/801
f 808/808/808 804/804/804 806/806/806
f 804/804/804 808/808/808 807/807/807
f 809/809/809 808/808/808 806/806/806
f 807/807/807 810/810/810 803/803/803
f 811/811/811 803/803/803 810/810/810
f 812/812/812 811/811/811 810/810/810
f 812/812/812 810/810/810 813/813/813
f 807/807/807 814/814/814 810/810/810
f 808/808/808 814/814/814 807/807/807
f 810/810/810 815/815/815 813/813/813
f 814/814/814 815/815/815 810/810/810
f 813/813/813 815/815/815 816/816/816
f 815/815/815 817/817/817 816/816/816
f 815/815/815 814/814/814 817/817/817
f 816/816/816 817/817/817 818/818/818
f 819/819/819 808/808/808 809/809/809
f 820/820/820 819/819/819 809/809/809
f 821/821/821 814/814/814 808/808/808
f 814/814/814 821/821/821 817/817/817
f 819/819/819 821/821/821 808/808/808
f 817/817/817 822/822/822 818/818/818
f 817/817/817 821/821/821 822/822/822
f 796/796/796 819/819/819 820/820/820
f 797/797/797 796/796/796 820/820/820
f 823/823/823 821/821/821 819/819/819
f 796/796/796 823/823/823 819/819/819
f 821/821/821 823/823/823 822/822/822
f 796/796/796 795/795/795 823/823/823
f 818/818/818 822/822/822 824/824/824
f 822/822/822 823/823/823 824/824/824
f 825/825/825 818/818/818 824/824/824
f 825/825/825 824/824/824 826/826/826
f 795/795/795 827/827/827 823/823/823
f 823/823/823 827/827/827 824/824/824
f 824/824/824 828/828/828 826/826/826
f 824/824/824 827/827/827 828/828/828
f 826/826/826 828/828/828 829/829/829
f 830/830/830 827/827/827 795/795/795
f 827/827/827 830/830/830 828/828/828
f 793/793/793 830/830/830 795/795/795
f 828/828/828 785/785/785 829/829/829
f 828/828/828 830/830/830 785/785/785
f 787/787/787 830/830/830 793/793/793
f 830/830/830 787/787/787 785/785/785
f 791/791/791 787/787/787 793/793/793
f 791/791/791 786/786/786 787/787/787
f 787/787/787 784/784/784 785/785/785
f 829/829/829 785/785/785 782/782/782
f 831/831/831 829/829/829 782/782/782
f 831/831/831 782/782/782 832/832/832
f 782/782/782 778/778/778 832/832/832
f 835/835/835 834/834/834 833/833/833
f 834/834/834 836/836/836 833/833/833
f 833/833/833 836/836/836 837/837/837
f 836/836/836 838/838/838 837/837/837
f 836/836/836 834/834/834 839/839/839
f 839/839/839 834/834/834 840/840/840
f 841/841/841 839/839/839 840/840/840
f 841/841/841 842/842/842 839/839/839
f 838/838/838 836/836/836 843/843/843
f 843/843/843 836/836/836 839/839/839
f 844/844/844 838/838/838 843/843/843
f 842/842/842 845/845/845 839/839/839
f 843/843/843 839/839/839 845/845/845
f 844/844/844 843/843/843 846/846/846
f 846/846/846 843/843/843 845/845/845
f 847/847/847 844/844/844 846/846/846
f 847/847/847 846/846/846 848/848/848
f 846/846/846 849/849/849 848/848/848
f 849/849/849 846/846/846 845/845/845
f 848/848/848 849/849/849 850/850/850
f 851/851/851 845/845/845 842/842/842
f 851/851/851 849/849/849 845/845/845
f 852/852/852 851/851/851 842/842/842
f 849/849/849 853/853/853 850/850/850
f 853/853/853 849/849/849 851/851/851
f 854/854/854 851/851/851 852/852/852
f 854/854/854 853/853/853 851/851/851
f 855/855/855 854/854/854 852/852/852
f 856/856/856 853/853/853 854/854/854
f 850/850/850 853/853/853 856/856/856
f 857/857/857 850/850/850 856/856/856
f 860/860/860 859/859/859 858/858/858
f 859/859/859 861/861/861 858/858/858
f 858/858/858 861/861/861 862/862/862
f 859/859/859 863/863/863 861/861/861
f 861/861/861 864/864/864 862/862/862
f 863/863/863 865/865/865 861/861/861
f 861/861/861 865/865/865 864/864/864
f 863/863/863 866/866/866 865/865/865
f 866/866/866 68/68/68 865/865/865
f 865/865/865 867/867/867 864/864/864
f 865/865/865 68/68/68 867/867/867
f 868/868/868 864/864/864 867/867/867
f 869/869/869 868/868/868 867/867/867
f 869/869/869 867/867/867 870/870/870
f 68/68/68 871/871/871 867/867/867
f 867/867/867 871/871/871 870/870/870
f 870/870/870 871/871/871 872/872/872
f 871/871/871 68/68/68 66/66/66
f 871/871/871 66/66/66 872/872/872
f 872/872/872 66/66/66 873/873/873
f 66/66/66 874/874/874 873/873/873
f 66/66/66 67/67/67 874/874/874
f 873/873/873 874/874/874 854/854/854
f 855/855/855 873/873/873 854/854/854
f 874/874/874 856/856/856 854/854/854
f 67/67/67 856/856/856 874/874/874
f 856/856/856 67/67/67 875/875/875
f 857/857/857 856/856/856 875/875/875
f 878/878/878 877/877/877 876/876/876
f 879/879/879 878/878/878 876/876/876
f 880/880/880 878/878/878 879/879/879
f 881/881/881 880/880/880 879/879/879
f 881/881/881 882/882/882 880/880/880
f 882/882/882 883/883/883 880/880/880
f 884/884/884 883/883/883 882/882/882
f 885/885/885 884/884/884 882/882/882
f 886/886/886 884/884/884 885/885/885
f 879/879/879 887/887/887 881/881/881
f 887/887/887 888/888/888 881/881/881
f 881/881/881 888/888/888 882/882/882
f 889/889/889 887/887/887 879/879/879
f 888/888/888 890/890/890 882/882/882
f 882/882/882 890/890/890 885/885/885
f 891/891/891 889/889/889 879/879/879
f 892/892/892 889/889/889 891/891/891
f 893/893/893 892/892/892 891/891/891
f 890/890/890 894/894/894 885/885/885
f 895/895/895 892/892/892 893/893/893
f 885/885/885 894/894/894 896/896/896
f 896/896/896 886/886/886 885/885/885
f 894/894/894 897/897/897 896/896/896
f 896/896/896 897/897/897 898/898/898
f 896/896/896 899/899/899 886/886/886
f 899/899/899 896/896/896 898/898/898
f 899/899/899 900/900/900 886/886/886
f 901/901/901 900/900/900 899/899/899
f 899/899/899 898/898/898 902/902/902
f 902/902/902 901/901/901 899/899/899
f 898/898/898 903/903/903 902/902/902
f 904/904/904 901/901/901 902/902/902
f 902/902/902 903/903/903 905/905/905
f 905/905/905 904/904/904 902/902/902
f 903/903/903 906/906/906 905/905/905
f 907/907/907 904/904/904 905/905/905
f 905/905/905 906/906/906 908/908/908
f 908/908/908 907/907/907 905/905/905
f 906/906/906 909/909/909 908/908/908
f 908/908/908 910/910/910 907/907/907
f 908/908/908 909/909/909 910/910/910
f 910/910/910 911/911/911 907/907/907
f 912/912/912 911/911/911 910/910/910
f 913/913/913 912/912/912 910/910/910
f 909/909/909 914/914/914 910/910/910
f 910/910/910 914/914/914 915/915/915
f 914/914/914 916/916/916 915/915/915
f 915/915/915 916/916/916 917/917/917
f 916/916/916 918/918/918 917/917/917
f 917/917/917 918/918/918 919/919/919
f 920/920/920 917/917/917 919/919/919
f 920/920/920 919/919/919 921/921/921
f 919/919/919 922/922/922 921/921/921
f 921/921/921 922/922/922 923/923/923
f 922/922/922 924/924/924 923/923/923
f 923/923/923 924/924/924 925/925/925
f 924/924/924 926/926/926 925/925/925
f 925/925/925 926/926/926 927/927/927
f 920/920/920 928/928/928 917/917/917
f 928/928/928 929/929/929 917/917/917
f 917/917/917 929/929/929 930/930/930
f 929/929/929 931/931/931 930/930/930
f 932/932/932 928/928/928 920/920/920
f 921/921/921 932/932/932 920/920/920
f 933/933/933 932/932/932 921/921/921
f 923/923/923 933/933/933 921/921/921
f 934/934/934 933/933/933 923/923/923
f 925/925/925 934/934/934 923/923/923
f 925/925/925 935/935/935 934/934/934
f 935/935/935 925/925/925 927/927/927
f 935/935/935 936/936/936 934/934/934
f 937/937/937 936/936/936 935/935/935
f 935/935/935 927/927/927 938/938/938
f 938/938/938 937/937/937 935/935/935
f 927/927/927 939/939/939 938/938/938
f 940/940/940 937/937/937 938/938/938
f 938/938/938 939/939/939 941/941/941
f 941/941/941 940/940/940 938/938/938
f 939/939/939 942/942/942 941/941/941
f 943/943/943 940/940/940 941/941/941
f 941/941/941 942/942/942 944/944/944
f 944/944/944 943/943/943 941/941/941
f 942/942/942 895/895/895 944/944/944
f 944/944/944 895/895/895 893/893/893
f 944/944/944 893/893/893 943/943/943
f 893/893/893 945/945/945 943/943/943
f 946/946/946 945/945/945 893/893/893
f 947/947/947 946/946/946 893/893/893
f 950/950/950 949/949/949 948/948/948
f 949/949/949 951/951/951 948/948/948
f 948/948/948 951/951/951 952/952/952
f 951/951/951 949/949/949 953/953/953
f 951/951/951 954/954/954 952/952/952
f 955/955/955 951/951/951 953/953/953
f 954/954/954 951/951/951 955/955/955
f 955/955/955 953/953/953 956/956/956
f 957/957/957 954/954/954 955/955/955
f 958/958/958 955/955/955 956/956/956
f 957/957/957 955/955/955 958/958/958
f 954/954/954 957/957/957 959/959/959
f 960/960/960 954/954/954 959/959/959
f 959/959/959 957/957/957 961/961/961
f 957/957/957 962/962/962 961/961/961
f 962/962/962 957/957/957 958/958/958
f 961/961/961 962/962/962 963/963/963
f 962/962/962 964/964/964 963/963/963
f 962/962/962 958/958/958 964/964/964
f 963/963/963 964/964/964 965/965/965
f 966/966/966 958/958/958 956/956/956
f 958/958/958 966/966/966 964/964/964
f 967/967/967 966/966/966 956/956/956
f 964/964/964 968/968/968 965/965/965
f 964/964/964 966/966/966 968/968/968
f 969/969/969 966/966/966 967/967/967
f 966/966/966 969/969/969 968/968/968
f 970/970/970 969/969/969 967/967/967
f 971/971/971 969/969/969 970/970/970
f 968/968/968 969/969/969 971/971/971
f 972/972/972 971/971/971 970/970/970
f 965/965/965 968/968/968 973/973/973
f 973/973/973 968/968/968 971/971/971
f 974/974/974 965/965/965 973/973/973
f 974/974/974 973/973/973 975/975/975
f 973/973/973 976/976/976 975/975/975
f 973/973/973 971/971/971 976/976/976
f 975/975/975 976/976/976 977/977/977
f 978/978/978 971/971/971 972/972/972
f 971/971/971 978/978/978 976/976/976
f 979/979/979 978/978/978 972/972/972
f 976/976/976 980/980/980 977/977/977
f 976/976/976 978/978/978 980/980/980
f 977/977/977 980/980/980 981/981/981
f 982/982/982 978/978/978 979/979/979
f 978/978/978 982/982/982 980/980/980
f 983/983/983 982/982/982 979/979/979
f 982/982/982 983/983/983 984/984/984
f 985/985/985 982/982/982 984/984/984
f 980/980/980 982/982/982 985/985/985
f 985/985/985 984/984/984 986/986/986
f 980/980/980 987/987/987 981/981/981
f 987/987/987 980/980/980 985/985/985
f 981/981/981 987/987/987 988/988/988
f 987/987/987 989/989/989 988/988/988
f 990/990/990 985/985/985 986/986/986
f 987/987/987 985/985/985 990/990/990
f 989/989/989 987/987/987 990/990/990
f 990/990/990 986/986/986 991/991/991
f 992/992/992 990/990/990 991/991/991
f 989/989/989 990/990/990 992/992/992
f 993/993/993 989/989/989 992/992/992
f 996/996/996 995/995/995 994/994/994
f 995/995/995 997/997/997 994/994/994
f 994/994/994 997/997/997 998/998/998
f 997/997/997 999/999/999 998/998/998
f 998/998/998 999/999/999 1000/1000/1000
f 999/999/999 1001/1001/1001 1000/1000/1000
f 998/998/998 1002/1002/1002 994/994/994
f 998/998/998 1000/1000/1000 1002/1002/1002
f 1002/1002/1002 1003/1003/1003 994/994/994
f 994/994/994 1003/1003/1003 1004/1004/1004
f 1003/1003/1003 1005/1005/1005 1004/1004/1004
f 1000/1000/1000 1006/1006/1006 1002/1002/1002
f 1004/1004/1004 1005/1005/1005 1007/1007/1007
f 1008/1008/1008 1006/1006/1006 1000/1000/1000
f 1005/1005/1005 1009/1009/1009 1007/1007/1007
f 1000/1000/1000 1001/1001/1001 1010/1010/1010
f 1010/1010/1010 1008/1008/1008 1000/1000/1000
f 1001/1001/1001 1011/1011/1011 1010/1010/1010
f 1012/1012/1012 1008/1008/1008 1010/1010/1010
f 1010/1010/1010 1011/1011/1011 1013/1013/1013
f 1013/1013/1013 1012/1012/1012 1010/1010/1010
f 1011/1011/1011 1014/1014/1014 1013/1013/1013
f 1013/1013/1013 1014/1014/1014 1015/1015/1015
f 1013/1013/1013 1016/1016/1016 1012/1012/1012
f 1016/1016/1016 1013/1013/1013 1015/1015/1015
f 1016/1016/1016 1017/1017/1017 1012/1012/1012
f 1018/1018/1018 1017/1017/1017 1016/1016/1016
f 1016/1016/1016 1015/1015/1015 1019/1019/1019
f 1019/1019/1019 1018/1018/1018 1016/1016/1016
f 1015/1015/1015 1020/1020/1020 1019/1019/1019
f 1021/1021/1021 1018/1018/1018 1019/1019/1019
f 1019/1019/1019 1020/1020/1020 1022/1022/1022
f 1022/1022/1022 1021/1021/1021 1019/1019/1019
f 1020/1020/1020 1023/1023/1023 1022/1022/1022
f 1024/1024/1024 1021/1021/1021 1022/1022/1022
f 1022/1022/1022 1023/1023/1023 1025/1025/1025
f 1025/1025/1025 1024/1024/1024 1022/1022/1022
f 1023/1023/1023 1026/1026/1026 1025/1025/1025
f 1025/1025/1025 1027/1027/1027 1024/1024/1024
f 1025/1025/1025 1026/1026/1026 1027/1027/1027
f 1026/1026/1026 1028/1028/1028 1027/1027/1027
f 1027/1027/1027 1029/1029/1029 1024/1024/1024
f 1030/1030/1030 1029/1029/1029 1027/1027/1027
f 1031/1031/1031 1030/1030/1030 1027/1027/1027
f 1032/1032/1032 1030/1030/1030 1031/1031/1031
f 1033/1033/1033 1032/1032/1032 1031/1031/1031
f 1034/1034/1034 1032/1032/1032 1033/1033/1033
f 1035/1035/1035 1034/1034/1034 1033/1033/1033
f 1036/1036/1036 1034/1034/1034 1035/1035/1035
f 1035/1035/1035 1033/1033/1033 1037/1037/1037
f 1033/1033/1033 1038/1038/1038 1037/1037/1037
f 1039/1039/1039 1036/1036/1036 1035/1035/1035
f 1035/1035/1035 1037/1037/1037 1039/1039/1039
f 1040/1040/1040 1036/1036/1036 1039/1039/1039
f 1037/1037/1037 1041/1041/1041 1039/1039/1039
f 1042/1042/1042 1040/1040/1040 1039/1039/1039
f 1039/1039/1039 1041/1041/1041 1042/1042/1042
f 1045/1045/1045 1044/1044/1044 1043/1043/1043
f 1046/1046/1046 1045/1045/1045 1043/1043/1043
f 1047/1047/1047 1045/1045/1045 1046/1046/1046
f 1048/1048/1048 1047/1047/1047 1046/1046/1046
f 1048/1048/1048 1049/1049/1049 1047/1047/1047
f 1049/1049/1049 1050/1050/1050 1047/1047/1047
f 1048/1048/1048 1051/1051/1051 1049/1049/1049
f 1052/1052/1052 1050/1050/1050 1049/1049/1049
f 1051/1051/1051 1053/1053/1053 1049/1049/1049
f 1054/1054/1054 1052/1052/1052 1049/1049/1049
f 1049/1049/1049 1053/1053/1053 1054/1054/1054
f 1053/1053/1053 1055/1055/1055 1054/1054/1054
f 1056/1056/1056 1052/1052/1052 1054/1054/1054
f 1057/1057/1057 1056/1056/1056 1054/1054/1054
f 1028/1028/1028 1059/1059/1059 1058/1058/1058
f 1027/1027/1027 1028/1028/1028 1058/1058/1058
f 1062/1062/1062 1061/1061/1061 1060/1060/1060
f 1061/1061/1061 1063/1063/1063 1060/1060/1060
f 1060/1060/1060 1063/1063/1063 1064/1064/1064
f 1065/1065/1065 1060/1060/1060 1064/1064/1064
f 1065/1065/1065 1064/1064/1064 1066/1066/1066
f 1064/1064/1064 1067/1067/1067 1066/1066/1066
f 1066/1066/1066 1067/1067/1067 1068/1068/1068
f 1067/1067/1067 1069/1069/1069 1068/1068/1068
f 1068/1068/1068 1069/1069/1069 1070/1070/1070
f 1069/1069/1069 1071/1071/1071 1070/1070/1070
f 1070/1070/1070 1071/1071/1071 1056/1056/1056
f 1057/1057/1057 1070/1070/1070 1056/1056/1056
f 1070/1070/1070 1072/1072/1072 1068/1068/1068
f 1070/1070/1070 1057/1057/1057 1072/1072/1072
f 1072/1072/1072 1073/1073/1073 1068/1068/1068
f 1068/1068/1068 1073/1073/1073 1066/1066/1066
f 1057/1057/1057 1074/1074/1074 1072/1072/1072
f 1055/1055/1055 1074/1074/1074 1057/1057/1057
f 1054/1054/1054 1055/1055/1055 1057/1057/1057
f 1073/1073/1073 1075/1075/1075 1066/1066/1066
f 1066/1066/1066 1075/1075/1075 1065/1065/1065
f 1075/1075/1075 1076/1076/1076 1065/1065/1065
f 1065/1065/1065 1076/1076/1076 1060/1060/1060
f 1076/1076/1076 1077/1077/1077 1060/1060/1060
f 1060/1060/1060 1077/1077/1077 1078/1078/1078
f 1077/1077/1077 1079/1079/1079 1078/1078/1078
f 1078/1078/1078 1079/1079/1079 1080/1080/1080
f 1079/1079/1079 1081/1081/1081 1080/1080/1080
f 1080/1080/1080 1081/1081/1081 1082/1082/1082
f 1083/1083/1083 1080/1080/1080 1082/1082/1082
f 1083/1083/1083 1082/1082/1082 1084/1084/1084
f 1082/1082/1082 1085/1085/1085 1084/1084/1084
f 1084/1084/1084 1085/1085/1085 1086/1086/1086
f 1085/1085/1085 1087/1087/1087 1086/1086/1086
f 1086/1086/1086 1087/1087/1087 1088/1088/1088
f 1087/1087/1087 1089/1089/1089 1088/1088/1088
f 1088/1088/1088 1089/1089/1089 1090/1090/1090
f 1083/1083/1083 1091/1091/1091 1080/1080/1080
f 1091/1091/1091 1092/1092/1092 1080/1080/1080
f 1093/1093/1093 1091/1091/1091 1083/1083/1083
f 1084/1084/1084 1093/1093/1093 1083/1083/1083
f 1080/1080/1080 1092/1092/1092 1094/1094/1094
f 1095/1095/1095 1093/1093/1093 1084/1084/1084
f 1086/1086/1086 1095/1095/1095 1084/1084/1084
f 1092/1092/1092 1096/1096/1096 1094/1094/1094
f 1097/1097/1097 1095/1095/1095 1086/1086/1086
f 1088/1088/1088 1097/1097/1097 1086/1086/1086
f 1094/1094/1094 1096/1096/1096 65/65/65
f 1096/1096/1096 1098/1098/1098 65/65/65
f 65/65/65 1098/1098/1098 1099/1099/1099
f 1088/1088/1088 1100/1100/1100 1097/1097/1097
f 1100/1100/1100 1101/1101/1101 1097/1097/1097
f 1100/1100/1100 1088/1088/1088 1090/1090/1090
f 1102/1102/1102 1101/1101/1101 1100/1100/1100
f 1100/1100/1100 1090/1090/1090 1103/1103/1103
f 1103/1103/1103 1102/1102/1102 1100/1100/1100
f 1090/1090/1090 1104/1104/1104 1103/1103/1103
f 1105/1105/1105 1102/1102/1102 1103/1103/1103
f 1103/1103/1103 1104/1104/1104 1106/1106/1106
f 1106/1106/1106 1105/1105/1105 1103/1103/1103
f 1104/1104/1104 1107/1107/1107 1106/1106/1106
f 2/2/2 1105/1105/1105 1106/1106/1106
f 1106/1106/1106 1107/1107/1107 1108/1108/1108
f 1/1/1 2/2/2 1106/1106/1106
f 1/1/1 1106/1106/1106 1108/1108/1108
f 1/1/1 1108/1108/1108 4/4/4
f 4/4/4 3/3/3 1/1/1
f 1108/1108/1108 1109/1109/1109 4/4/4
f 4/4/4 1109/1109/1109 1110/1110/1110
f 1109/1109/1109 1111/1111/1111 1110/1110/1110
f 1110/1110/1110 1111/1111/1111 1046/1046/1046
f 1111/1111/1111 1112/1112/1112 1046/1046/1046
f 1046/1046/1046 1112/1112/1112 1048/1048/1048
f 1112/1112/1112 1051/1051/1051 1048/1048/1048
f 1115/1115/1115 1114/1114/1114 1113/1113/1113
f 1114/1114/1114 1116/1116/1116 1113/1113/1113
f 1113/1113/1113 1116/1116/1116 1117/1117/1117
f 1116/1116/1116 1118/1118/1118 1117/1117/1117
f 1116/1116/1116 1114/1114/1114 1119/1119/1119
f 1119/1119/1119 1114/1114/1114 1120/1120/1120
f 1121/1121/1121 1119/1119/1119 1120/1120/1120
f 1121/1121/1121 1122/1122/1122 1119/1119/1119
f 1118/1118/1118 1116/1116/1116 1123/1123/1123
f 1123/1123/1123 1116/1116/1116 1119/1119/1119
f 1124/1124/1124 1118/1118/1118 1123/1123/1123
f 1122/1122/1122 1125/1125/1125 1119/1119/1119
f 1123/1123/1123 1119/1119/1119 1125/1125/1125
f 1124/1124/1124 1123/1123/1123 1126/1126/1126
f 1126/1126/1126 1123/1123/1123 1125/1125/1125
f 1127/1127/1127 1124/1124/1124 1126/1126/1126
f 1127/1127/1127 1126/1126/1126 1128/1128/1128
f 1126/1126/1126 1129/1129/1129 1128/1128/1128
f 1129/1129/1129 1126/1126/1126 1125/1125/1125
f 1128/1128/1128 1129/1129/1129 1130/1130/1130
f 1131/1131/1131 1125/1125/1125 1122/1122/1122
f 1131/1131/1131 1129/1129/1129 1125/1125/1125
f 1132/1132/1132 1131/1131/1131 1122/1122/1122
f 1129/1129/1129 1133/1133/1133 1130/1130/1130
f 1133/1133/1133 1129/1129/1129 1131/1131/1131
f 1134/1134/1134 1131/1131/1131 1132/1132/1132
f 1134/1134/1134 1133/1133/1133 1131/1131/1131
f 1135/1135/1135 1134/1134/1134 1132/1132/1132
f 1135/1135/1135 1136/1136/1136 1134/1134/1134
f 1130/1130/1130 1133/1133/1133 1137/1137/1137
f 1137/1137/1137 1133/1133/1133 1134/1134/1134
f 1138/1138/1138 1130/1130/1130 1137/1137/1137
f 1138/1138/1138 1137/1137/1137 1139/1139/1139
f 1136/1136/1136 1140/1140/1140 1134/1134/1134
f 1140/1140/1140 1137/1137/1137 1134/1134/1134
f 1137/1137/1137 1141/1141/1141 1139/1139/1139
f 1141/1141/1141 1137/1137/1137 1140/1140/1140
f 1139/1139/1139 1141/1141/1141 1142/1142/1142
f 1143/1143/1143 1140/1140/1140 1136/1136/1136
f 1143/1143/1143 1141/1141/1141 1140/1140/1140
f 1144/1144/1144 1143/1143/1143 1136/1136/1136
f 1141/1141/1141 1145/1145/1145 1142/1142/1142
f 1145/1145/1145 1141/1141/1141 1143/1143/1143
f 1146/1146/1146 1143/1143/1143 1144/1144/1144
f 1146/1146/1146 1145/1145/1145 1143/1143/1143
f 1147/1147/1147 1146/1146/1146 1144/1144/1144
f 1145/1145/1145 1146/1146/1146 1148/1148/1148
f 1142/1142/1142 1145/1145/1145 1149/1149/1149
f 1149/1149/1149 1145/1145/1145 1148/1148/1148
f 1150/1150/1150 1142/1142/1142 1149/1149/1149
f 1150/1150/1150 1149/1149/1149 1151/1151/1151
f 1152/1152/1152 1150/1150/1150 1151/1151/1151
f 1149/1149/1149 1148/1148/1148 1153/1153/1153
f 1151/1151/1151 1149/1149/1149 1153/1153/1153
f 1154/1154/1154 1153/1153/1153 1148/1148/1148
f 1155/1155/1155 1154/1154/1154 1148/1148/1148
f 1151/1151/1151 1153/1153/1153 1156/1156/1156
f 1157/1157/1157 1151/1151/1151 1156/1156/1156
f 1152/1152/1152 1151/1151/1151 1157/1157/1157
f 1158/1158/1158 1152/1152/1152 1157/1157/1157
f 1161/1161/1161 1160/1160/1160 1159/1159/1159
f 1007/1007/1007 1161/1161/1161 1159/1159/1159
f 1162/1162/1162 1038/1038/1038 1033/1033/1033
f 1163/1163/1163 1162/1162/1162 1033/1033/1033
f 1166/1166/1166 1165/1165/1165 1164/1164/1164
f 1165/1165/1165 1167/1167/1167 1164/1164/1164
f 1164/1164/1164 1167/1167/1167 1168/1168/1168
f 1167/1167/1167 1165/1165/1165 1169/1169/1169
f 1167/1167/1167 1170/1170/1170 1168/1168/1168
f 1171/1171/1171 1167/1167/1167 1169/1169/1169
f 1170/1170/1170 1167/1167/1167 1171/1171/1171
f 1171/1171/1171 1169/1169/1169 1172/1172/1172
f 1173/1173/1173 1170/1170/1170 1171/1171/1171
f 1174/1174/1174 1171/1171/1171 1172/1172/1172
f 1173/1173/1173 1171/1171/1171 1174/1174/1174
f 1170/1170/1170 1173/1173/1173 1175/1175/1175
f 1176/1176/1176 1170/1170/1170 1175/1175/1175
f 1175/1175/1175 1173/1173/1173 1177/1177/1177
f 1173/1173/1173 1178/1178/1178 1177/1177/1177
f 1178/1178/1178 1173/1173/1173 1174/1174/1174
f 1177/1177/1177 1178/1178/1178 1179/1179/1179
f 1178/1178/1178 1180/1180/1180 1179/1179/1179
f 1178/1178/1178 1174/1174/1174 1180/1180/1180
f 1179/1179/1179 1180/1180/1180 1181/1181/1181
f 1182/1182/1182 1174/1174/1174 1172/1172/1172
f 1174/1174/1174 1182/1182/1182 1180/1180/1180
f 1183/1183/1183 1182/1182/1182 1172/1172/1172
f 1180/1180/1180 1184/1184/1184 1181/1181/1181
f 1180/1180/1180 1182/1182/1182 1184/1184/1184
f 1185/1185/1185 1182/1182/1182 1183/1183/1183
f 1182/1182/1182 1185/1185/1185 1184/1184/1184
f 1186/1186/1186 1185/1185/1185 1183/1183/1183
f 1187/1187/1187 1185/1185/1185 1186/1186/1186
f 1184/1184/1184 1185/1185/1185 1187/1187/1187
f 1188/1188/1188 1187/1187/1187 1186/1186/1186
f 1181/1181/1181 1184/1184/1184 1189/1189/1189
f 1189/1189/1189 1184/1184/1184 1187/1187/1187
f 1190/1190/1190 1181/1181/1181 1189/1189/1189
f 1190/1190/1190 1189/1189/1189 1191/1191/1191
f 1189/1189/1189 1192/1192/1192 1191/1191/1191
f 1189/1189/1189 1187/1187/1187 1192/1192/1192
f 1191/1191/1191 1192/1192/1192 1193/1193/1193
f 1194/1194/1194 1187/1187/1187 1188/1188/1188
f 1187/1187/1187 1194/1194/1194 1192/1192/1192
f 1195/1195/1195 1194/1194/1194 1188/1188/1188
f 1192/1192/1192 1196/1196/1196 1193/1193/1193
f 1192/1192/1192 1194/1194/1194 1196/1196/1196
f 1193/1193/1193 1196/1196/1196 1197/1197/1197
f 1198/1198/1198 1194/1194/1194 1195/1195/1195
f 1194/1194/1194 1198/1198/1198 1196/1196/1196
f 1199/1199/1199 1198/1198/1198 1195/1195/1195
f 1198/1198/1198 1199/1199/1199 1200/1200/1200
f 1201/1201/1201 1198/1198/1198 1200/1200/1200
f 1196/1196/1196 1198/1198/1198 1201/1201/1201
f 1201/1201/1201 1200/1200/1200 1202/1202/1202
f 1196/1196/1196 1203/1203/1203 1197/1197/1197
f 1203/1203/1203 1196/1196/1196 1201/1201/1201
f 1197/1197/1197 1203/1203/1203 1204/1204/1204
f 1203/1203/1203 1205/1205/1205 1204/1204/1204
f 1206/1206/1206 1201/1201/1201 1202/1202/1202
f 1203/1203/1203 1201/1201/1201 1206/1206/1206
f 1205/1205/1205 1203/1203/1203 1206/1206/1206
f 1206/1206/1206 1202/1202/1202 1207/1207/1207
f 1208/1208/1208 1206/1206/1206 1207/1207/1207
f 1205/1205/1205 1206/1206/1206 1208/1208/1208
f 1209/1209/1209 1205/1205/1205 1208/1208/1208
f 1212/1212/1212 1211/1211/1211 1210/1210/1210
f 458/458/458 1212/1212/1212 1210/1210/1210
f 1213/1213/1213 1212/1212/1212 458/458/458
f 460/460/460 1213/1213/1213 458/458/458
f 460/460/460 1214/1214/1214 1213/1213/1213
f 1214/1214/1214 1215/1215/1215 1213/1213/1213
f 460/460/460 461/461/461 1214/1214/1214
f 1216/1216/1216 1215/1215/1215 1214/1214/1214
f 461/461/461 1217/1217/1217 1214/1214/1214
f 1218/1218/1218 1216/1216/1216 1214/1214/1214
f 1214/1214/1214 1217/1217/1217 1218/1218/1218
f 1217/1217/1217 1219/1219/1219 1218/1218/1218
f 1220/1220/1220 1216/1216/1216 1218/1218/1218
f 1218/1218/1218 1219/1219/1219 1221/1221/1221
f 1221/1221/1221 1220/1220/1220 1218/1218/1218
f 1219/1219/1219 1222/1222/1222 1221/1221/1221
f 1221/1221/1221 1222/1222/1222 1223/1223/1223
f 1221/1221/1221 1224/1224/1224 1220/1220/1220
f 1224/1224/1224 1221/1221/1221 1223/1223/1223
f 1224/1224/1224 1225/1225/1225 1220/1220/1220
f 1226/1226/1226 1225/1225/1225 1224/1224/1224
f 1224/1224/1224 1223/1223/1223 1227/1227/1227
f 1227/1227/1227 1226/1226/1226 1224/1224/1224
f 1223/1223/1223 1228/1228/1228 1227/1227/1227
f 1229/1229/1229 1226/1226/1226 1227/1227/1227
f 1227/1227/1227 1228/1228/1228 1230/1230/1230
f 1230/1230/1230 1229/1229/1229 1227/1227/1227
f 1228/1228/1228 1231/1231/1231 1230/1230/1230
f 1232/1232/1232 1229/1229/1229 1230/1230/1230
f 1230/1230/1230 1231/1231/1231 1233/1233/1233
f 1233/1233/1233 1232/1232/1232 1230/1230/1230
f 1231/1231/1231 1234/1234/1234 1233/1233/1233
f 1233/1233/1233 429/429/429 1232/1232/1232
f 1233/1233/1233 1234/1234/1234 429/429/429
f 1234/1234/1234 428/428/428 429/429/429
f 429/429/429 1235/1235/1235 1232/1232/1232
f 1236/1236/1236 1235/1235/1235 429/429/429
f 1237/1237/1237 1236/1236/1236 429/429/429
f 1240/1240/1240 1239/1239/1239 1238/1238/1238
f 1239/1239/1239 1241/1241/1241 1238/1238/1238
f 1238/1238/1238 1241/1241/1241 1242/1242/1242
f 1241/1241/1241 1243/1243/1243 1242/1242/1242
f 1241/1241/1241 1239/1239/1239 1244/1244/1244
f 1244/1244/1244 1239/1239/1239 1245/1245/1245
f 1246/1246/1246 1244/1244/1244 1245/1245/1245
f 1246/1246/1246 1247/1247/1247 1244/1244/1244
f 1243/1243/1243 1241/1241/1241 1248/1248/1248
f 1248/1248/1248 1241/1241/1241 1244/1244/1244
f 1249/1249/1249 1243/1243/1243 1248/1248/1248
f 1247/1247/1247 1250/1250/1250 1244/1244/1244
f 1248/1248/1248 1244/1244/1244 1250/1250/1250
f 1249/1249/1249 1248/1248/1248 1251/1251/1251
f 1251/1251/1251 1248/1248/1248 1250/1250/1250
f 1252/1252/1252 1249/1249/1249 1251/1251/1251
f 1252/1252/1252 1251/1251/1251 1253/1253/1253
f 1251/1251/1251 1254/1254/1254 1253/1253/1253
f 1254/1254/1254 1251/1251/1251 1250/1250/1250
f 1253/1253/1253 1254/1254/1254 1255/1255/1255
f 1256/1256/1256 1250/1250/1250 1247/1247/1247
f 1256/1256/1256 1254/1254/1254 1250/1250/1250
f 1257/1257/1257 1256/1256/1256 1247/1247/1247
f 1254/1254/1254 1258/1258/1258 1255/1255/1255
f 1258/1258/1258 1254/1254/1254 1256/1256/1256
f 1259/1259/1259 1256/1256/1256 1257/1257/1257
f 1259/1259/1259 1258/1258/1258 1256/1256/1256
f 1260/1260/1260 1259/1259/1259 1257/1257/1257
f 1260/1260/1260 1261/1261/1261 1259/1259/1259
f 1255/1255/1255 1258/1258/1258 1262/1262/1262
f 1262/1262/1262 1258/1258/1258 1259/1259/1259
f 1263/1263/1263 1255/1255/1255 1262/1262/1262
f 1263/1263/1263 1262/1262/1262 1264/1264/1264
f 1261/1261/1261 1265/1265/1265 1259/1259/1259
f 1265/1265/1265 1262/1262/1262 1259/1259/1259
f 1262/1262/1262 1266/1266/1266 1264/1264/1264
f 1266/1266/1266 1262/1262/1262 1265/1265/1265
f 1264/1264/1264 1266/1266/1266 1267/1267/1267
f 1268/1268/1268 1265/1265/1265 1261/1261/1261
f 1268/1268/1268 1266/1266/1266 1265/1265/1265
f 1269/1269/1269 1268/1268/1268 1261/1261/1261
f 1266/1266/1266 1270/1270/1270 1267/1267/1267
f 1270/1270/1270 1266/1266/1266 1268/1268/1268
f 1271/1271/1271 1268/1268/1268 1269/1269/1269
f 1271/1271/1271 1270/1270/1270 1268/1268/1268
f 1272/1272/1272 1271/1271/1271 1269/1269/1269
f 1273/1273/1273 1271/1271/1271 1272/1272/1272
f 1270/1270/1270 1271/1271/1271 1273/1273/1273
f 1274/1274/1274 1273/1273/1273 1272/1272/1272
f 1274/1274/1274 1275/1275/1275 1273/1273/1273
f 1275/1275/1275 1276/1276/1276 1273/1273/1273
f 1267/1267/1267 1270/1270/1270 1277/1277/1277
f 1277/1277/1277 1270/1270/1270 1273/1273/1273
f 1277/1277/1277 1273/1273/1273 1276/1276/1276
f 1278/1278/1278 1267/1267/1267 1277/1277/1277
f 1279/1279/1279 1277/1277/1277 1276/1276/1276
f 1278/1278/1278 1277/1277/1277 1279/1279/1279
f 1279/1279/1279 1276/1276/1276 1280/1280/1280
f 1281/1281/1281 1278/1278/1278 1279/1279/1279
f 1282/1282/1282 1279/1279/1279 1280/1280/1280
f 1281/1281/1281 1279/1279/1279 1282/1282/1282
f 1283/1283/1283 1281/1281/1281 1282/1282/1282
f 1286/1286/1286 1285/1285/1285 1284/1284/1284
f 1287/1287/1287 1286/1286/1286 1284/1284/1284
f 1287/1287/1287 1288/1288/1288 1286/1286/1286
f 1288/1288/1288 1289/1289/1289 1286/1286/1286
f 1290/1290/1290 1289/1289/1289 1288/1288/1288
f 1291/1291/1291 1290/1290/1290 1288/1288/1288
f 1292/1292/1292 1290/1290/1290 1291/1291/1291
f 1293/1293/1293 1292/1292/1292 1291/1291/1291
f 1293/1293/1293 1294/1294/1294 1292/1292/1292
f 1294/1294/1294 1295/1295/1295 1292/1292/1292
f 1296/1296/1296 1295/1295/1295 1294/1294/1294
f 1297/1297/1297 1296/1296/1296 1294/1294/1294
f 1298/1298/1298 1296/1296/1296 1297/1297/1297
f 1299/1299/1299 1298/1298/1298 1297/1297/1297
f 1300/1300/1300 1298/1298/1298 1299/1299/1299
f 1301/1301/1301 1300/1300/1300 1299/1299/1299
f 1301/1301/1301 1302/1302/1302 1300/1300/1300
f 1302/1302/1302 1303/1303/1303 1300/1300/1300
f 1306/1306/1306 1305/1305/1305 1304/1304/1304
f 1305/1305/1305 1307/1307/1307 1304/1304/1304
f 1304/1304/1304 1307/1307/1307 1308/1308/1308
f 1307/1307/1307 1309/1309/1309 1308/1308/1308
f 1308/1308/1308 1309/1309/1309 1310/1310/1310
f 1309/1309/1309 1311/1311/1311 1310/1310/1310
f 1310/1310/1310 1311/1311/1311 1312/1312/1312
f 1311/1311/1311 1313/1313/1313 1312/1312/1312
f 1312/1312/1312 1313/1313/1313 1314/1314/1314
f 1315/1315/1315 1312/1312/1312 1314/1314/1314
f 1315/1315/1315 1314/1314/1314 1316/1316/1316
f 1314/1314/1314 1317/1317/1317 1316/1316/1316
f 1316/1316/1316 1317/1317/1317 1318/1318/1318
f 1317/1317/1317 1319/1319/1319 1318/1318/1318
f 1318/1318/1318 1319/1319/1319 1320/1320/1320
f 1319/1319/1319 1321/1321/1321 1320/1320/1320
f 1320/1320/1320 1321/1321/1321 1322/1322/1322
f 1321/1321/1321 1323/1323/1323 1322/1322/1322
f 1326/1326/1326 1325/1325/1325 1324/1324/1324
f 1327/1327/1327 1326/1326/1326 1324/1324/1324
f 1327/1327/1327 1328/1328/1328 1326/1326/1326
f 1328/1328/1328 1329/1329/1329 1326/1326/1326
f 1330/1330/1330 1329/1329/1329 1328/1328/1328
f 1331/1331/1331 1330/1330/1330 1328/1328/1328
f 1332/1332/1332 1330/1330/1330 1331/1331/1331
f 1333/1333/1333 1332/1332/1332 1331/1331/1331
f 1333/1333/1333 1334/1334/1334 1332/1332/1332
f 1334/1334/1334 1335/1335/1335 1332/1332/1332
f 1336/1336/1336 1335/1335/1335 1334/1334/1334
f 1337/1337/1337 1336/1336/1336 1334/1334/1334
f 1338/1338/1338 1336/1336/1336 1337/1337/1337
f 1339/1339/1339 1338/1338/1338 1337/1337/1337
f 1340/1340/1340 1338/1338/1338 1339/1339/1339
f 1341/1341/1341 1340/1340/1340 1339/1339/1339
f 1341/1341/1341 1342/1342/1342 1340/1340/1340
f 1342/1342/1342 1343/1343/1343 1340/1340/1340
f 1346/1346/1346 1345/1345/1345 1344/1344/1344
f 1345/1345/1345 1347/1347/1347 1344/1344/1344
f 1344/1344/1344 1347/1347/1347 1348/1348/1348
f 1347/1347/1347 1349/1349/1349 1348/1348/1348
f 1348/1348/1348 1349/1349/1349 1350/1350/1350
f 1349/1349/1349 1351/1351/1351 1350/1350/1350
f 1350/1350/1350 1351/1351/1351 1352/1352/1352
f 1351/1351/1351 1353/1353/1353 1352/1352/1352
f 1352/1352/1352 1353/1353/1353 1354/1354/1354
f 1355/1355/1355 1352/1352/1352 1354/1354/1354
f 1355/1355/1355 1354/1354/1354 1356/1356/1356
f 1354/1354/1354 1357/1357/1357 1356/1356/1356
f 1356/1356/1356 1357/1357/1357 1358/1358/1358
f 1357/1357/1357 1359/1359/1359 1358/1358/1358
f 1358/1358/1358 1359/1359/1359 1360/1360/1360
f 1359/1359/1359 1361/1361/1361 1360/1360/1360
f 1364/1364/1364 1363/1363/1363 1362/1362/1362
f 1365/1365/1365 1364/1364/1364 1362/1362/1362
f 1365/1365/1365 1366/1366/1366 1364/1364/1364
f 1366/1366/1366 1367/1367/1367 1364/1364/1364
f 1368/1368/1368 1367/1367/1367 1366/1366/1366
f 1369/1369/1369 1368/1368/1368 1366/1366/1366
f 1370/1370/1370 1368/1368/1368 1369/1369/1369
f 1371/1371/1371 1370/1370/1370 1369/1369/1369
f 1371/1371/1371 1372/1372/1372 1370/1370/1370
f 1372/1372/1372 1373/1373/1373 1370/1370/1370
f 1374/1374/1374 1373/1373/1373 1372/1372/1372
f 1375/1375/1375 1374/1374/1374 1372/1372/1372
f 1376/1376/1376 1374/1374/1374 1375/1375/1375
f 1377/1377/1377 1376/1376/1376 1375/1375/1375
f 1378/1378/1378 1376/1376/1376 1377/1377/1377
f 1379/1379/1379 1378/1378/1378 1377/1377/1377
f 1379/1379/1379 1380/1380/1380 1378/1378/1378
f 1380/1380/1380 1381/1381/1381 1378/1378/1378
f 1384/1384/1384 1383/1383/1383 1382/1382/1382
f 1383/1383/1383 1385/1385/1385 1382/1382/1382
f 1382/1382/1382 1385/1385/1385 1386/1386/1386
f 1385/1385/1385 1387/1387/1387 1386/1386/1386
f 1386/1386/1386 1387/1387/1387 1388/1388/1388
f 1387/1387/1387 1389/1389/1389 1388/1388/1388
f 1388/1388/1388 1389/1389/1389 1390/1390/1390
f 1389/1389/1389 1391/1391/1391 1390/1390/1390
f 1390/1390/1390 1391/1391/1391 1392/1392/1392
f 1393/1393/1393 1390/1390/1390 1392/1392/1392
f 1393/1393/1393 1392/1392/1392 1394/1394/1394
f 1392/1392/1392 1395/1395/1395 1394/1394/1394
f 1394/1394/1394 1395/1395/1395 1396/1396/1396
f 1395/1395/1395 1397/1397/1397 1396/1396/1396
f 1396/1396/1396 1397/1397/1397 1398/1398/1398
f 1397/1397/1397 1399/1399/1399 1398/1398/1398
f 1398/1398/1398 1399/1399/1399 1400/1400/1400
f 1399/1399/1399 1401/1401/1401 1400/1400/1400
f 1148/1148/1148 1146/1146/1146 1147/1147/1147
f 1155/1155/1155 1148/1148/1148 1147/1147/1147
f 1402/1402/1402 1161/1161/1161 1007/1007/1007
f 1403/1403/1403 1402/1402/1402 1007/1007/1007
f 1007/1007/1007 1009/1009/1009 1403/1403/1403
f 1403/1403/1403 1404/1404/1404 1402/1402/1402
f 1009/1009/1009 1405/1405/1405 1403/1403/1403
f 1403/1403/1403 1405/1405/1405 1404/1404/1404
f 1408/1408/1408 1407/1407/1407 1406/1406/1406
f 1409/1409/1409 1408/1408/1408 1406/1406/1406
f 1409/1409/1409 1410/1410/1410 1408/1408/1408
f 1410/1410/1410 1411/1411/1411 1408/1408/1408
f 1412/1412/1412 1411/1411/1411 1410/1410/1410
f 1413/1413/1413 1412/1412/1412 1410/1410/1410
f 1414/1414/1414 1412/1412/1412 1413/1413/1413
f 1415/1415/1415 1414/1414/1414 1413/1413/1413
f 1415/1415/1415 1416/1416/1416 1414/1414/1414
f 1416/1416/1416 1417/1417/1417 1414/1414/1414
f 1418/1418/1418 1417/1417/1417 1416/1416/1416
f 1419/1419/1419 1418/1418/1418 1416/1416/1416
f 1420/1420/1420 1418/1418/1418 1419/1419/1419
f 1421/1421/1421 1420/1420/1420 1419/1419/1419
f 1422/1422/1422 1420/1420/1420 1421/1421/1421
f 1423/1423/1423 1422/1422/1422 1421/1421/1421
f 1423/1423/1423 1424/1424/1424 1422/1422/1422
f 1424/1424/1424 1425/1425/1425 1422/1422/1422
f 1428/1428/1428 1427/1427/1427 1426/1426/1426
f 1427/1427/1427 1429/1429/1429 1426/1426/1426
f 1426/1426/1426 1429/1429/1429 1430/1430/1430
f 1429/1429/1429 1431/1431/1431 1430/1430/1430
f 1430/1430/1430 1431/1431/1431 1432/1432/1432
f 1431/1431/1431 1433/1433/1433 1432/1432/1432
f 1432/1432/1432 1433/1433/1433 1434/1434/1434
f 1433/1433/1433 1435/1435/1435 1434/1434/1434
f 1434/1434/1434 1435/1435/1435 1436/1436/1436
f 1437/1437/1437 1434/1434/1434 1436/1436/1436
f 1437/1437/1437 1436/1436/1436 1438/1438/1438
f 1436/1436/1436 1439/1439/1439 1438/1438/1438
f 1438/1438/1438 1439/1439/1439 1440/1440/1440
f 1439/1439/1439 1441/1441/1441 1440/1440/1440
f 1440/1440/1440 1441/1441/1441 1442/1442/1442
f 1441/1441/1441 1443/1443/1443 1442/1442/1442
f 1442/1442/1442 1443/1443/1443 1444/1444/1444
f 1443/1443/1443 1445/1445/1445 1444/1444/1444
f 1041/1041/1041 1446/1446/1446 1042/1042/1042
f 1042/1042/1042 1446/1446/1446 1447/1447/1447
f 1446/1446/1446 1448/1448/1448 1447/1447/1447
f 1447/1447/1447 1448/1448/1448 1449/1449/1449
f 1447/1447/1447 1450/1450/1450 1042/1042/1042
f 1450/1450/1450 1040/1040/1040 1042/1042/1042
f 1447/1447/1447 1451/1451/1451 1450/1450/1450
f 1451/1451/1451 1447/1447/1447 1449/1449/1449
f 1451/1451/1451 1452/1452/1452 1450/1450/1450
f 1453/1453/1453 1452/1452/1452 1451/1451/1451
f 1451/1451/1451 1449/1449/1449 1454/1454/1454
f 1454/1454/1454 1453/1453/1453 1451/1451/1451
f 1449/1449/1449 1455/1455/1455 1454/1454/1454
f 1456/1456/1456 1453/1453/1453 1454/1454/1454
f 1454/1454/1454 1455/1455/1455 1404/1404/1404
f 1404/1404/1404 1456/1456/1456 1454/1454/1454
f 1405/1405/1405 1456/1456/1456 1404/1404/1404
f 1455/1455/1455 1457/1457/1457 1404/1404/1404
f 1404/1404/1404 1457/1457/1457 1402/1402/1402
f 1458/1458/1458 28/28/28 27/27/27
f 29/29/29 1458/1458/1458 27/27/27
f 1459/1459/1459 1458/1458/1458 29/29/29
f 1460/1460/1460 1459/1459/1459 29/29/29
f 29/29/29 30/30/30 1460/1460/1460
f 1099/1099/1099 1459/1459/1459 1460/1460/1460
f 30/30/30 1461/1461/1461 1460/1460/1460
f 1462/1462/1462 1099/1099/1099 1460/1460/1460
f 1460/1460/1460 1461/1461/1461 1462/1462/1462
f 1462/1462/1462 65/65/65 1099/1099/1099
f 1461/1461/1461 1463/1463/1463 1462/1462/1462
f 1462/1462/1462 1463/1463/1463 65/65/65
f 1463/1463/1463 64/64/64 65/65/65
f 21/21/21 1464/1464/1464 11/11/11
f 11/11/11 1464/1464/1464 9/9/9
f 67/67/67 68/68/68 866/866/866
f 875/875/875 67/67/67 866/866/866
f 1467/1467/1467 1466/1466/1466 1465/1465/1465
f 1466/1466/1466 1468/1468/1468 1465/1465/1465
f 1466/1466/1466 1469/1469/1469 1468/1468/1468
f 1465/1465/1465 1468/1468/1468 1470/1470/1470
f 1471/1471/1471 1465/1465/1465 1470/1470/1470
f 1470/1470/1470 1468/1468/1468 1472/1472/1472
f 1469/1469/1469 1473/1473/1473 1468/1468/1468
f 1468/1468/1468 1473/1473/1473 1472/1472/1472
f 1469/1469/1469 1474/1474/1474 1473/1473/1473
f 1472/1472/1472 1473/1473/1473 1475/1475/1475
f 1474/1474/1474 1476/1476/1476 1473/1473/1473
f 1473/1473/1473 1476/1476/1476 1475/1475/1475
f 1474/1474/1474 1477/1477/1477 1476/1476/1476
f 1475/1475/1475 1476/1476/1476 1478/1478/1478
f 1477/1477/1477 1479/1479/1479 1476/1476/1476
f 1476/1476/1476 1479/1479/1479 1478/1478/1478
f 1477/1477/1477 1480/1480/1480 1479/1479/1479
f 1478/1478/1478 1479/1479/1479 1481/1481/1481
f 1480/1480/1480 1482/1482/1482 1479/1479/1479
f 1479/1479/1479 1482/1482/1482 1481/1481/1481
f 1480/1480/1480 1483/1483/1483 1482/1482/1482
f 1481/1481/1481 1482/1482/1482 1484/1484/1484
f 1483/1483/1483 1485/1485/1485 1482/1482/1482
f 1482/1482/1482 1485/1485/1485 1484/1484/1484
f 1488/1488/1488 1487/1487/1487 1486/1486/1486
f 1487/1487/1487 1489/1489/1489 1486/1486/1486
f 1486/1486/1486 1489/1489/1489 1490/1490/1490
f 1489/1489/1489 1487/1487/1487 1491/1491/1491
f 1487/1487/1487 1492/1492/1492 1491/1491/1491
f 1489/1489/1489 1491/1491/1491 1493/1493/1493
f 1489/1489/1489 1494/1494/1494 1490/1490/1490
f 1494/1494/1494 1489/1489/1489 1493/1493/1493
f 1490/1490/1490 1494/1494/1494 1495/1495/1495
f 1493/1493/1493 1496/1496/1496 1494/1494/1494
f 1494/1494/1494 1497/1497/1497 1495/1495/1495
f 1496/1496/1496 1497/1497/1497 1494/1494/1494
f 1495/1495/1495 1497/1497/1497 1498/1498/1498
f 1496/1496/1496 1499/1499/1499 1497/1497/1497
f 1497/1497/1497 1500/1500/1500 1498/1498/1498
f 1499/1499/1499 1500/1500/1500 1497/1497/1497
f 1498/1498/1498 1500/1500/1500 1501/1501/1501
f 1499/1499/1499 1502/1502/1502 1500/1500/1500
f 1500/1500/1500 1503/1503/1503 1501/1501/1501
f 1502/1502/1502 1503/1503/1503 1500/1500/1500
f 1501/1501/1501 1503/1503/1503 1504/1504/1504
f 1502/1502/1502 1505/1505/1505 1503/1503/1503
f 1503/1503/1503 1506/1506/1506 1504/1504/1504
f 1505/1505/1505 1506/1506/1506 1503/1503/1503
f 1509/1509/1509 1508/1508/1508 1507/1507/1507
f 1508/1508/1508 1510/1510/1510 1507/1507/1507
f 1507/1507/1507 1510/1510/1510 1511/1511/1511
f 1510/1510/1510 1508/1508/1508 1512/1512/1512
f 1508/1508/1508 1513/1513/1513 1512/1512/1512
f 1510/1510/1510 1512/1512/1512 1514/1514/1514
f 1510/1510/1510 1515/1515/1515 1511/1511/1511
f 1515/1515/1515 1510/1510/1510 1514/1514/1514
f 1511/1511/1511 1515/1515/1515 1516/1516/1516
f 1514/1514/1514 1517/1517/1517 1515/1515/1515
f 1515/1515/1515 1518/1518/1518 1516/1516/1516
f 1517/1517/1517 1518/1518/1518 1515/1515/1515
f 1516/1516/1516 1518/1518/1518 1519/1519/1519
f 1517/1517/1517 1520/1520/1520 1518/1518/1518
f 1518/1518/1518 1521/1521/1521 1519/1519/1519
f 1520/1520/1520 1521/1521/1521 1518/1518/1518
f 1524/1524/1524 1523/1523/1523 1522/1522/1522
f 1523/1523/1523 1525/1525/1525 1522/1522/1522
f 1522/1522/1522 1525/1525/1525 1471/1471/1471
f 1525/1525/1525 1465/1465/1465 1471/1471/1471
f 1465/1465/1465 1525/1525/1525 1467/1467/1467
f 1525/1525/1525 1526/1526/1526 1467/1467/1467
f 1525/1525/1525 1523/1523/1523 1526/1526/1526
f 1523/1523/1523 1527/1527/1527 1526/1526/1526
f 1530/1530/1530 1529/1529/1529 1528/1528/1528
f 1529/1529/1529 1531/1531/1531 1528/1528/1528
f 1528/1528/1528 1531/1531/1531 1532/1532/1532
f 1531/1531/1531 1529/1529/1529 1533/1533/1533
f 1529/1529/1529 1534/1534/1534 1533/1533/1533
f 1531/1531/1531 1533/1533/1533 1535/1535/1535
f 1531/1531/1531 1536/1536/1536 1532/1532/1532
f 1536/1536/1536 1531/1531/1531 1535/1535/1535
f 1532/1532/1532 1536/1536/1536 1537/1537/1537
f 1535/1535/1535 1538/1538/1538 1536/1536/1536
f 1536/1536/1536 1539/1539/1539 1537/1537/1537
f 1538/1538/1538 1539/1539/1539 1536/1536/1536
f 1537/1537/1537 1539/1539/1539 1540/1540/1540
f 1538/1538/1538 1541/1541/1541 1539/1539/1539
f 1539/1539/1539 1542/1542/1542 1540/1540/1540
f 1541/1541/1541 1542/1542/1542 1539/1539/1539
f 1545/1545/1545 1544/1544/1544 1543/1543/1543
f 1544/1544/1544 1546/1546/1546 1543/1543/1543
f 1543/1543/1543 1546/1546/1546 1488/1488/1488
f 1546/1546/1546 1487/1487/1487 1488/1488/1488
f 1487/1487/1487 1546/1546/1546 1492/1492/1492
f 1546/1546/1546 1547/1547/1547 1492/1492/1492
f 1546/1546/1546 1544/1544/1544 1547/1547/1547
f 1544/1544/1544 1548/1548/1548 1547/1547/1547
f 1551/1551/1551 1550/1550/1550 1549/1549/1549
f 1550/1550/1550 1552/1552/1552 1549/1549/1549
f 1552/1552/1552 1550/1550/1550 1553/1553/1553
f 1554/1554/1554 1552/1552/1552 1553/1553/1553
f 1553/1553/1553 1555/1555/1555 1554/1554/1554
f 1555/1555/1555 1556/1556/1556 1554/1554/1554
f 1555/1555/1555 1557/1557/1557 1556/1556/1556
f 1557/1557/1557 1558/1558/1558 1556/1556/1556
f 1557/1557/1557 1559/1559/1559 1558/1558/1558
f 1559/1559/1559 1560/1560/1560 1558/1558/1558
f 1559/1559/1559 1561/1561/1561 1560/1560/1560
f 1561/1561/1561 1562/1562/1562 1560/1560/1560
f 1565/1565/1565 1564/1564/1564 1563/1563/1563
f 1566/1566/1566 1565/1565/1565 1563/1563/1563
f 1563/1563/1563 1567/1567/1567 1566/1566/1566
f 1567/1567/1567 1568/1568/1568 1566/1566/1566
f 1568/1568/1568 1567/1567/1567 1569/1569/1569
f 1570/1570/1570 1568/1568/1568 1569/1569/1569
f 1573/1573/1573 1572/1572/1572 1571/1571/1571
f 1574/1574/1574 1573/1573/1573 1571/1571/1571
f 1575/1575/1575 1573/1573/1573 1574/1574/1574
f 1574/1574/1574 1571/1571/1571 1576/1576/1576
f 1571/1571/1571 1577/1577/1577 1576/1576/1576
f 1574/1574/1574 1576/1576/1576 1578/1578/1578
f 1579/1579/1579 1575/1575/1575 1574/1574/1574
f 1579/1579/1579 1574/1574/1574 1578/1578/1578
f 1580/1580/1580 1575/1575/1575 1579/1579/1579
f 1579/1579/1579 1578/1578/1578 1581/1581/1581
f 1582/1582/1582 1580/1580/1580 1579/1579/1579
f 1582/1582/1582 1579/1579/1579 1581/1581/1581
f 1583/1583/1583 1580/1580/1580 1582/1582/1582
f 1581/1581/1581 1584/1584/1584 1582/1582/1582
f 1585/1585/1585 1583/1583/1583 1582/1582/1582
f 1584/1584/1584 1585/1585/1585 1582/1582/1582
f 1586/1586/1586 1583/1583/1583 1585/1585/1585
f 1585/1585/1585 1584/1584/1584 1587/1587/1587
f 1588/1588/1588 1586/1586/1586 1585/1585/1585
f 1588/1588/1588 1585/1585/1585 1587/1587/1587
f 1591/1591/1591 1590/1590/1590 1589/1589/1589
f 1592/1592/1592 1591/1591/1591 1589/1589/1589
f 1593/1593/1593 1591/1591/1591 1592/1592/1592
f 1592/1592/1592 1589/1589/1589 1594/1594/1594
f 1589/1589/1589 1595/1595/1595 1594/1594/1594
f 1592/1592/1592 1594/1594/1594 1596/1596/1596
f 1597/1597/1597 1593/1593/1593 1592/1592/1592
f 1597/1597/1597 1592/1592/1592 1596/1596/1596
f 1598/1598/1598 1593/1593/1593 1597/1597/1597
f 1596/1596/1596 1599/1599/1599 1597/1597/1597
f 1600/1600/1600 1598/1598/1598 1597/1597/1597
f 1599/1599/1599 1600/1600/1600 1597/1597/1597
f 1603/1603/1603 1602/1602/1602 1601/1601/1601
f 1604/1604/1604 1603/1603/1603 1601/1601/1601
f 1605/1605/1605 1603/1603/1603 1604/1604/1604
f 1604/1604/1604 1601/1601/1601 1606/1606/1606
f 1601/1601/1601 1607/1607/1607 1606/1606/1606
f 1604/1604/1604 1606/1606/1606 1608/1608/1608
f 1609/1609/1609 1605/1605/1605 1604/1604/1604
f 1609/1609/1609 1604/1604/1604 1608/1608/1608
f 1610/1610/1610 1605/1605/1605 1609/1609/1609
f 1609/1609/1609 1608/1608/1608 1611/1611/1611
f 1612/1612/1612 1610/1610/1610 1609/1609/1609
f 1612/1612/1612 1609/1609/1609 1611/1611/1611
f 1590/1590/1590 1610/1610/1610 1612/1612/1612
f 1612/1612/1612 1611/1611/1611 1595/1595/1595
f 1589/1589/1589 1590/1590/1590 1612/1612/1612
f 1589/1589/1589 1612/1612/1612 1595/1595/1595
f 1602/1602/1602 1614/1614/1614 1613/1613/1613
f 1601/1601/1601 1602/1602/1602 1613/1613/1613
f 1601/1601/1601 1613/1613/1613 1607/1607/1607
f 1613/1613/1613 1615/1615/1615 1607/1607/1607
f 1618/1618/1618 1617/1617/1617 1616/1616/1616
f 1619/1619/1619 1618/1618/1618 1616/1616/1616
f 1620/1620/1620 1618/1618/1618 1619/1619/1619
f 1619/1619/1619 1616/1616/1616 1621/1621/1621
f 1616/1616/1616 1622/1622/1622 1621/1621/1621
f 1619/1619/1619 1621/1621/1621 1623/1623/1623
f 1624/1624/1624 1620/1620/1620 1619/1619/1619
f 1624/1624/1624 1619/1619/1619 1623/1623/1623
f 1625/1625/1625 1620/1620/1620 1624/1624/1624
f 1624/1624/1624 1623/1623/1623 1626/1626/1626
f 1627/1627/1627 1625/1625/1625 1624/1624/1624
f 1627/1627/1627 1624/1624/1624 1626/1626/1626
f 1630/1630/1630 1629/1629/1629 1628/1628/1628
f 1631/1631/1631 1630/1630/1630 1628/1628/1628
f 1572/1572/1572 1630/1630/1630 1631/1631/1631
f 1571/1571/1571 1572/1572/1572 1631/1631/1631
f 1571/1571/1571 1631/1631/1631 1577/1577/1577
f 1631/1631/1631 1632/1632/1632 1577/1577/1577
f 1631/1631/1631 1628/1628/1628 1632/1632/1632
f 1628/1628/1628 1633/1633/1633 1632/1632/1632
f 1634/1634/1634 1625/1625/1625 1627/1627/1627
f 1635/1635/1635 1634/1634/1634 1627/1627/1627
f 1636/1636/1636 1635/1635/1635 1627/1627/1627
f 1626/1626/1626 1636/1636/1636 1627/1627/1627
f 1639/1639/1639 1638/1638/1638 1637/1637/1637
f 1640/1640/1640 1639/1639/1639 1637/1637/1637
f 1641/1641/1641 1639/1639/1639 1640/1640/1640
f 1640/1640/1640 1637/1637/1637 1642/1642/1642
f 1637/1637/1637 1643/1643/1643 1642/1642/1642
f 1640/1640/1640 1642/1642/1642 1644/1644/1644
f 1645/1645/1645 1641/1641/1641 1640/1640/1640
f 1645/1645/1645 1640/1640/1640 1644/1644/1644
f 1646/1646/1646 1641/1641/1641 1645/1645/1645
f 1645/1645/1645 1644/1644/1644 1647/1647/1647
f 1648/1648/1648 1646/1646/1646 1645/1645/1645
f 1648/1648/1648 1645/1645/1645 1647/1647/1647
f 1649/1649/1649 1646/1646/1646 1648/1648/1648
f 1647/1647/1647 1650/1650/1650 1648/1648/1648
f 1651/1651/1651 1649/1649/1649 1648/1648/1648
f 1650/1650/1650 1651/1651/1651 1648/1648/1648
f 1652/1652/1652 1586/1586/1586 1588/1588/1588
f 1653/1653/1653 1652/1652/1652 1588/1588/1588
f 1654/1654/1654 1653/1653/1653 1588/1588/1588
f 1587/1587/1587 1654/1654/1654 1588/1588/1588
f 1561/1561/1561 1655/1655/1655 1562/1562/1562
f 1655/1655/1655 1656/1656/1656 1562/1562/1562
f 1656/1656/1656 1655/1655/1655 1657/1657/1657
f 1658/1658/1658 1656/1656/1656 1657/1657/1657
f 1657/1657/1657 1659/1659/1659 1658/1658/1658
f 1659/1659/1659 1660/1660/1660 1658/1658/1658
f 1659/1659/1659 1570/1570/1570 1660/1660/1660
f 1570/1570/1570 1569/1569/1569 1660/1660/1660
f 1565/1565/1565 1661/1661/1661 1564/1564/1564
f 1661/1661/1661 1662/1662/1662 1564/1564/1564
f 1661/1661/1661 1663/1663/1663 1662/1662/1662
f 1663/1663/1663 1664/1664/1664 1662/1662/1662
f 1663/1663/1663 1665/1665/1665 1664/1664/1664
f 1665/1665/1665 1666/1666/1666 1664/1664/1664
f 1665/1665/1665 1667/1667/1667 1666/1666/1666
f 1667/1667/1667 1668/1668/1668 1666/1666/1666
f 1667/1667/1667 1669/1669/1669 1668/1668/1668
f 1669/1669/1669 1670/1670/1670 1668/1668/1668
f 1669/1669/1669 1671/1671/1671 1670/1670/1670
f 1671/1671/1671 1672/1672/1672 1670/1670/1670
f 1672/1672/1672 1671/1671/1671 1673/1673/1673
f 1674/1674/1674 1672/1672/1672 1673/1673/1673
f 1673/1673/1673 1675/1675/1675 1674/1674/1674
f 1675/1675/1675 1676/1676/1676 1674/1674/1674
f 1675/1675/1675 1677/1677/1677 1676/1676/1676
f 1677/1677/1677 1678/1678/1678 1676/1676/1676
f 1677/1677/1677 1679/1679/1679 1678/1678/1678
f 1679/1679/1679 1680/1680/1680 1678/1678/1678
f 1680/1680/1680 1679/1679/1679 1551/1551/1551
f 1549/1549/1549 1680/1680/1680 1551/1551/1551
f 1361/1361/1361 1682/1682/1682 1681/1681/1681
f 1360/1360/1360 1361/1361/1361 1681/1681/1681
f 1685/1685/1685 1684/1684/1684 1683/1683/1683
f 1683/1683/1683 1684/1684/1684 1686/1686/1686
f 1687/1687/1687 1685/1685/1685 1683/1683/1683
f 1688/1688/1688 1683/1683/1683 1686/1686/1686
f 1689/1689/1689 1685/1685/1685 1687/1687/1687
f 1690/1690/1690 1689/1689/1689 1687/1687/1687
f 1688/1688/1688 1686/1686/1686 1691/1691/1691
f 1686/1686/1686 1692/1692/1692 1691/1691/1691
f 1692/1692/1692 1693/1693/1693 1691/1691/1691
f 1693/1693/1693 1694/1694/1694 1691/1691/1691
f 1693/1693/1693 1695/1695/1695 1694/1694/1694
f 1695/1695/1695 1696/1696/1696 1694/1694/1694
f 1695/1695/1695 1697/1697/1697 1696/1696/1696
f 1697/1697/1697 1698/1698/1698 1696/1696/1696
f 1690/1690/1690 1699/1699/1699 1689/1689/1689
f 1699/1699/1699 1700/1700/1700 1689/1689/1689
f 1697/1697/1697 1701/1701/1701 1698/1698/1698
f 1701/1701/1701 1700/1700/1700 1699/1699/1699
f 1701/1701/1701 1702/1702/1702 1698/1698/1698
f 1702/1702/1702 1701/1701/1701 1699/1699/1699
f 1705/1705/1705 1704/1704/1704 1703/1703/1703
f 1705/1705/1705 1706/1706/1706 1704/1704/1704
f 1704/1704/1704 1707/1707/1707 1703/1703/1703
f 1706/1706/1706 1708/1708/1708 1704/1704/1704
f 1703/1703/1703 1707/1707/1707 1709/1709/1709
f 1707/1707/1707 1710/1710/1710 1709/1709/1709
f 1711/1711/1711 1708/1708/1708 1706/1706/1706
f 1712/1712/1712 1711/1711/1711 1706/1706/1706
f 1711/1711/1711 1712/1712/1712 1713/1713/1713
f 1714/1714/1714 1711/1711/1711 1713/1713/1713
f 1714/1714/1714 1713/1713/1713 1715/1715/1715
f 1716/1716/1716 1714/1714/1714 1715/1715/1715
f 1716/1716/1716 1715/1715/1715 1717/1717/1717
f 1718/1718/1718 1716/1716/1716 1717/1717/1717
f 1709/1709/1709 1710/1710/1710 1719/1719/1719
f 1720/1720/1720 1709/1709/1709 1719/1719/1719
f 1718/1718/1718 1717/1717/1717 1721/1721/1721
f 1720/1720/1720 1719/1719/1719 1721/1721/1721
f 1722/1722/1722 1718/1718/1718 1721/1721/1721
f 1719/1719/1719 1722/1722/1722 1721/1721/1721
f 1725/1725/1725 1724/1724/1724 1723/1723/1723
f 1726/1726/1726 1725/1725/1725 1723/1723/1723
f 1724/1724/1724 1727/1727/1727 1723/1723/1723
f 1728/1728/1728 1726/1726/1726 1723/1723/1723
f 1727/1727/1727 1729/1729/1729 1723/1723/1723
f 1730/1730/1730 1728/1728/1728 1723/1723/1723
f 1729/1729/1729 1731/1731/1731 1723/1723/1723
f 1732/1732/1732 1730/1730/1730 1723/1723/1723
f 1731/1731/1731 1733/1733/1733 1723/1723/1723
f 1734/1734/1734 1732/1732/1732 1723/1723/1723
f 1733/1733/1733 1735/1735/1735 1723/1723/1723
f 1735/1735/1735 1734/1734/1734 1723/1723/1723
f 1738/1738/1738 1737/1737/1737 1736/1736/1736
f 1739/1739/1739 1738/1738/1738 1736/1736/1736
f 1736/1736/1736 1740/1740/1740 1739/1739/1739
f 1741/1741/1741 1738/1738/1738 1739/1739/1739
f 1736/1736/1736 1737/1737/1737 1742/1742/1742
f 1742/1742/1742 1740/1740/1740 1736/1736/1736
f 1737/1737/1737 1743/1743/1743 1742/1742/1742
f 1744/1744/1744 1741/1741/1741 1739/1739/1739
f 1739/1739/1739 1740/1740/1740 1744/1744/1744
f 1745/1745/1745 1741/1741/1741 1744/1744/1744
f 1742/1742/1742 1743/1743/1743 1746/1746/1746
f 1746/1746/1746 1740/1740/1740 1742/1742/1742
f 1743/1743/1743 1747/1747/1747 1746/1746/1746
f 1748/1748/1748 1745/1745/1745 1744/1744/1744
f 1744/1744/1744 1740/1740/1740 1748/1748/1748
f 1749/1749/1749 1745/1745/1745 1748/1748/1748
f 1746/1746/1746 1747/1747/1747 1750/1750/1750
f 1750/1750/1750 1740/1740/1740 1746/1746/1746
f 1747/1747/1747 1751/1751/1751 1750/1750/1750
f 1748/1748/1748 1740/1740/1740 1752/1752/1752
f 1752/1752/1752 1749/1749/1749 1748/1748/1748
f 1753/1753/1753 1740/1740/1740 1750/1750/1750
f 1750/1750/1750 1751/1751/1751 1753/1753/1753
f 1752/1752/1752 1740/1740/1740 1754/1754/1754
f 1755/1755/1755 1749/1749/1749 1752/1752/1752
f 1754/1754/1754 1755/1755/1755 1752/1752/1752
f 1751/1751/1751 1756/1756/1756 1753/1753/1753
f 1757/1757/1757 1755/1755/1755 1754/1754/1754
f 1753/1753/1753 1756/1756/1756 1758/1758/1758
f 1758/1758/1758 1740/1740/1740 1753/1753/1753
f 1756/1756/1756 1759/1759/1759 1758/1758/1758
f 1760/1760/1760 1757/1757/1757 1754/1754/1754
f 1754/1754/1754 1740/1740/1740 1760/1760/1760
f 1761/1761/1761 1757/1757/1757 1760/1760/1760
f 1758/1758/1758 1759/1759/1759 1762/1762/1762
f 1762/1762/1762 1740/1740/1740 1758/1758/1758
f 1759/1759/1759 1763/1763/1763 1762/1762/1762
f 1764/1764/1764 1761/1761/1761 1760/1760/1760
f 1760/1760/1760 1740/1740/1740 1764/1764/1764
f 1765/1765/1765 1761/1761/1761 1764/1764/1764
f 1762/1762/1762 1763/1763/1763 1766/1766/1766
f 1766/1766/1766 1740/1740/1740 1762/1762/1762
f 1763/1763/1763 1767/1767/1767 1766/1766/1766
f 1764/1764/1764 1740/1740/1740 1768/1768/1768
f 1768/1768/1768 1765/1765/1765 1764/1764/1764
f 1769/1769/1769 1740/1740/1740 1766/1766/1766
f 1766/1766/1766 1767/1767/1767 1769/1769/1769
f 1768/1768/1768 1740/1740/1740 1770/1770/1770
f 1771/1771/1771 1765/1765/1765 1768/1768/1768
f 1770/1770/1770 1771/1771/1771 1768/1768/1768
f 1767/1767/1767 1772/1772/1772 1769/1769/1769
f 1773/1773/1773 1771/1771/1771 1770/1770/1770
f 1769/1769/1769 1772/1772/1772 1774/1774/1774
f 1774/1774/1774 1740/1740/1740 1769/1769/1769
f 1772/1772/1772 1775/1775/1775 1774/1774/1774
f 1776/1776/1776 1773/1773/1773 1770/1770/1770
f 1770/1770/1770 1740/1740/1740 1776/1776/1776
f 1777/1777/1777 1773/1773/1773 1776/1776/1776
f 1774/1774/1774 1775/1775/1775 1778/1778/1778
f 1778/1778/1778 1740/1740/1740 1774/1774/1774
f 1775/1775/1775 1779/1779/1779 1778/1778/1778
f 1780/1780/1780 1777/1777/1777 1776/1776/1776
f 1776/1776/1776 1740/1740/1740 1780/1780/1780
f 1781/1781/1781 1777/1777/1777 1780/1780/1780
f 1778/1778/1778 1779/1779/1779 1782/1782/1782
f 1782/1782/1782 1740/1740/1740 1778/1778/1778
f 1779/1779/1779 1783/1783/1783 1782/1782/1782
f 1780/1780/1780 1740/1740/1740 1784/1784/1784
f 1784/1784/1784 1781/1781/1781 1780/1780/1780
f 1784/1784/1784 1740/1740/1740 1782/1782/1782
f 1783/1783/1783 1781/1781/1781 1784/1784/1784
f 1782/1782/1782 1783/1783/1783 1784/1784/1784
f 1787/1787/1787 1786/1786/1786 1785/1785/1785
f 1788/1788/1788 1787/1787/1787 1785/1785/1785
f 1785/1785/1785 1789/1789/1789 1788/1788/1788
f 1790/1790/1790 1787/1787/1787 1788/1788/1788
f 1785/1785/1785 1786/1786/1786 1791/1791/1791
f 1791/1791/1791 1789/1789/1789 1785/1785/1785
f 1786/1786/1786 1792/1792/1792 1791/1791/1791
f 1793/1793/1793 1790/1790/1790 1788/1788/1788
f 1788/1788/1788 1789/1789/1789 1793/1793/1793
f 1794/1794/1794 1790/1790/1790 1793/1793/1793
f 1791/1791/1791 1792/1792/1792 1795/1795/1795
f 1795/1795/1795 1789/1789/1789 1791/1791/1791
f 1792/1792/1792 1796/1796/1796 1795/1795/1795
f 1797/1797/1797 1794/1794/1794 1793/1793/1793
f 1793/1793/1793 1789/1789/1789 1797/1797/1797
f 1798/1798/1798 1794/1794/1794 1797/1797/1797
f 1795/1795/1795 1796/1796/1796 1799/1799/1799
f 1799/1799/1799 1789/1789/1789 1795/1795/1795
f 1796/1796/1796 1800/1800/1800 1799/1799/1799
f 1797/1797/1797 1789/1789/1789 1801/1801/1801
f 1801/1801/1801 1798/1798/1798 1797/1797/1797
f 1802/1802/1802 1789/1789/1789 1799/1799/1799
f 1799/1799/1799 1800/1800/1800 1802/1802/1802
f 1801/1801/1801 1789/1789/1789 1803/1803/1803
f 1804/1804/1804 1798/1798/1798 1801/1801/1801
f 1803/1803/1803 1804/1804/1804 1801/1801/1801
f 1800/1800/1800 1805/1805/1805 1802/1802/1802
f 1806/1806/1806 1804/1804/1804 1803/1803/1803
f 1802/1802/1802 1805/1805/1805 1807/1807/1807
f 1807/1807/1807 1789/1789/1789 1802/1802/1802
f 1805/1805/1805 1808/1808/1808 1807/1807/1807
f 1809/1809/1809 1806/1806/1806 1803/1803/1803
f 1803/1803/1803 1789/1789/1789 1809/1809/1809
f 1810/1810/1810 1806/1806/1806 1809/1809/1809
f 1807/1807/1807 1808/1808/1808 1811/1811/1811
f 1811/1811/1811 1789/1789/1789 1807/1807/1807
f 1808/1808/1808 1812/1812/1812 1811/1811/1811
f 1813/1813/1813 1810/1810/1810 1809/1809/1809
f 1809/1809/1809 1789/1789/1789 1813/1813/1813
f 1814/1814/1814 1810/1810/1810 1813/1813/1813
f 1811/1811/1811 1812/1812/1812 1815/1815/1815
f 1815/1815/1815 1789/1789/1789 1811/1811/1811
f 1812/1812/1812 1816/1816/1816 1815/1815/1815
f 1813/1813/1813 1789/1789/1789 1817/1817/1817
f 1817/1817/1817 1814/1814/1814 1813/1813/1813
f 1818/1818/1818 1789/1789/1789 1815/1815/1815
f 1815/1815/1815 1816/1816/1816 1818/1818/1818
f 1817/1817/1817 1789/1789/1789 1819/1819/1819
f 1820/1820/1820 1814/1814/1814 1817/1817/1817
f 1819/1819/1819 1820/1820/1820 1817/1817/1817
f 1816/1816/1816 1821/1821/1821 1818/1818/1818
f 1822/1822/1822 1820/1820/1820 1819/1819/1819
f 1818/1818/1818 1821/1821/1821 1823/1823/1823
f 1823/1823/1823 1789/1789/1789 1818/1818/1818
f 1821/1821/1821 1824/1824/1824 1823/1823/1823
f 1825/1825/1825 1822/1822/1822 1819/1819/1819
f 1819/1819/1819 1789/1789/1789 1825/1825/1825
f 1826/1826/1826 1822/1822/1822 1825/1825/1825
f 1823/1823/1823 1824/1824/1824 1827/1827/1827
f 1827/1827/1827 1789/1789/1789 1823/1823/1823
f 1824/1824/1824 1828/1828/1828 1827/1827/1827
f 1829/1829/1829 1826/1826/1826 1825/1825/1825
f 1825/1825/1825 1789/1789/1789 1829/1829/1829
f 1830/1830/1830 1826/1826/1826 1829/1829/1829
f 1827/1827/1827 1828/1828/1828 1831/1831/1831
f 1831/1831/1831 1789/1789/1789 1827/1827/1827
f 1828/1828/1828 1832/1832/1832 1831/1831/1831
f 1829/1829/1829 1789/1789/1789 1833/1833/1833
f 1833/1833/1833 1830/1830/1830 1829/1829/1829
f 1833/1833/1833 1789/1789/1789 1831/1831/1831
f 1832/1832/1832 1830/1830/1830 1833/1833/1833
f 1831/1831/1831 1832/1832/1832 1833/1833/1833
f 1836/1836/1836 1835/1835/1835 1834/1834/1834
f 1837/1837/1837 1836/1836/1836 1834/1834/1834
f 1836/1836/1836 1838/1838/1838 1835/1835/1835
f 1834/1834/1834 1839/1839/1839 1837/1837/1837
f 1838/1838/1838 1840/1840/1840 1835/1835/1835
f 1839/1839/1839 1841/1841/1841 1837/1837/1837
f 1840/1840/1840 1838/1838/1838 1842/1842/1842
f 1839/1839/1839 1843/1843/1843 1841/1841/1841
f 1844/1844/1844 1840/1840/1840 1842/1842/1842
f 1843/1843/1843 1845/1845/1845 1841/1841/1841
f 1844/1844/1844 1842/1842/1842 1846/1846/1846
f 1845/1845/1845 1843/1843/1843 1847/1847/1847
f 1848/1848/1848 1844/1844/1844 1846/1846/1846
f 1849/1849/1849 1845/1845/1845 1847/1847/1847
f 1848/1848/1848 1846/1846/1846 1850/1850/1850
f 1849/1849/1849 1847/1847/1847 1851/1851/1851
f 1852/1852/1852 1848/1848/1848 1850/1850/1850
f 1853/1853/1853 1849/1849/1849 1851/1851/1851
f 1852/1852/1852 1850/1850/1850 1854/1854/1854
f 1853/1853/1853 1851/1851/1851 1855/1855/1855
f 1856/1856/1856 1852/1852/1852 1854/1854/1854
f 1857/1857/1857 1853/1853/1853 1855/1855/1855
f 1856/1856/1856 1854/1854/1854 1858/1858/1858
f 1857/1857/1857 1855/1855/1855 1859/1859/1859
f 1860/1860/1860 1856/1856/1856 1858/1858/1858
f 1861/1861/1861 1857/1857/1857 1859/1859/1859
f 1860/1860/1860 1858/1858/1858 1862/1862/1862
f 1859/1859/1859 1863/1863/1863 1861/1861/1861
f 1864/1864/1864 1860/1860/1860 1862/1862/1862
f 1863/1863/1863 1865/1865/1865 1861/1861/1861
f 1862/1862/1862 1866/1866/1866 1864/1864/1864
f 1863/1863/1863 1867/1867/1867 1865/1865/1865
f 1866/1866/1866 1868/1868/1868 1864/1864/1864
f 1867/1867/1867 1869/1869/1869 1865/1865/1865
f 1866/1866/1866 1870/1870/1870 1868/1868/1868
f 1867/1867/1867 1871/1871/1871 1869/1869/1869
f 1870/1870/1870 1872/1872/1872 1868/1868/1868
f 1871/1871/1871 1873/1873/1873 1869/1869/1869
f 1872/1872/1872 1870/1870/1870 1874/1874/1874
f 1871/1871/1871 1875/1875/1875 1873/1873/1873
f 1876/1876/1876 1872/1872/1872 1874/1874/1874
f 1875/1875/1875 1877/1877/1877 1873/1873/1873
f 1876/1876/1876 1874/1874/1874 1878/1878/1878
f 1877/1877/1877 1875/1875/1875 1879/1879/1879
f 1880/1880/1880 1876/1876/1876 1878/1878/1878
f 1881/1881/1881 1877/1877/1877 1879/1879/1879
f 1878/1878/1878 1881/1881/1881 1880/1880/1880
f 1881/1881/1881 1879/1879/1879 1880/1880/1880

