mtllib material.mtl
usemtl material_0
v 0.03761780 0.01864546 -0.06515568
v 0.05576324 0.02980326 -0.05576317
v 0.03943054 0.02980326 -0.06829569
v 0.05319946 0.01864546 -0.05319938
v 0.06829559 0.02980326 -0.03943050
v 0.06515564 0.01864547 -0.03761762
v 0.06300842 0.03757651 -0.03637794
v 0.05144623 0.03757651 -0.05144619
v 0.07027679 0.03757652 -0.01883059
v 0.07617401 0.02980327 -0.02041071
v 0.07275604 0.03757652 0.00000004
v 0.07267182 0.01864547 -0.01947229
v 0.07886108 0.02980327 0.00000004
v 0.07027679 0.03757652 0.01883067
v 0.07523529 0.01864547 0.00000004
v 0.05336212 0.00702021 -0.01429827
v 0.05524445 0.00702021 0.00000005
v 0.07617401 0.02980327 0.02041079
v 0.06300842 0.03757652 0.03637801
v 0.07267182 0.01864547 0.01947238
v 0.05336212 0.00702021 0.01429836
v 0.06829559 0.02980328 0.03943058
v 0.05144623 0.03757653 0.05144626
v 0.06515564 0.01864548 0.03761771
v 0.05576324 0.02980328 0.05576323
v 0.05319946 0.01864548 0.05319945
v 0.03943054 0.02980328 0.06829575
v 0.03761780 0.01864548 0.06515577
v -0.05336212 0.00702021 -0.01429824
v -0.06515564 0.01864546 -0.03761759
v -0.07267182 0.01864547 -0.01947225
v -0.04784302 0.00702021 -0.02762215
v -0.05319946 0.01864546 -0.05319935
v -0.03906372 0.00702020 -0.03906367
v -0.03761780 0.01864546 -0.06515566
v -0.02762238 0.00702020 -0.04784305
v -0.01947235 0.01864546 -0.07267172
v -0.01429840 0.00702020 -0.05336201
v 0.00000000 0.01864546 -0.07523530
v 0.00000000 0.00702020 -0.05524442
v 0.01947235 0.01864546 -0.07267172
v 0.01429840 0.00702020 -0.05336201
v 0.03761780 0.01864546 -0.06515568
v 0.02762238 0.00702020 -0.04784307
v 0.05319946 0.01864546 -0.05319938
v 0.03906372 0.00702020 -0.03906368
v 0.06515564 0.01864547 -0.03761762
v 0.04784302 0.00702021 -0.02762217
v 0.07267182 0.01864547 -0.01947229
v 0.05336212 0.00702021 -0.01429827
v -0.01961761 0.00291565 -0.03397879
v -0.01015503 0.00291565 -0.03789843
v 0.00000000 0.00291565 -0.03923534
v 0.01015472 0.00291565 -0.03789843
v 0.01961761 0.00291565 -0.03397880
v 0.02774353 0.00291565 -0.02774356
v 0.03397888 0.00291565 -0.01961764
v -0.02774353 0.00291565 -0.02774355
v 0.03789856 0.00291565 -0.01015481
v 0.05524445 0.00702021 0.00000005
v -0.03397888 0.00291565 -0.01961762
v 0.03923553 0.00291565 0.00000005
v 0.05336212 0.00702021 0.01429836
v -0.03789856 0.00291565 -0.01015479
v -0.03923553 0.00291565 0.00000007
v -0.05524445 0.00702021 0.00000008
v -0.03789856 0.00291566 0.01015494
v -0.05336212 0.00702021 0.01429839
v 0.02311371 0.00021325 -0.01334465
v 0.02578003 0.00021325 -0.00690767
v 0.00000000 0.00021326 0.00000006
v 0.01887237 0.00021325 -0.01887221
v 0.01334473 0.00021325 -0.02311365
v 0.00690765 0.00021325 -0.02577993
v 0.00000000 0.00021325 -0.02668936
v -0.00690765 0.00021325 -0.02577993
v 0.02668945 0.00021326 0.00000005
v -0.01334473 0.00021325 -0.02311364
v -0.01887237 0.00021325 -0.01887220
v -0.02311371 0.00021325 -0.01334463
v -0.02578003 0.00021325 -0.00690766
v -0.02668945 0.00021326 0.00000007
v -0.02578003 0.00021326 0.00690780
v 0.03789856 0.00291566 0.01015492
v -0.02311371 0.00021326 0.01334477
v 0.02578003 0.00021326 0.00690778
v -0.01887237 0.00021326 0.01887233
v 0.02311371 0.00021326 0.01334475
v -0.03397888 0.00291566 0.01961777
v 0.03397888 0.00291566 0.01961775
v 0.04784302 0.00702021 0.02762227
v -0.04784302 0.00702021 0.02762230
v -0.07267182 0.01864547 0.01947242
v -0.06515564 0.01864548 0.03761775
v -0.02774353 0.00291566 0.02774368
v -0.03906372 0.00702022 0.03906380
v -0.05319946 0.01864548 0.05319948
v 0.06515564 0.01864548 0.03761771
v 0.07267182 0.01864547 0.01947238
v 0.05319946 0.01864548 0.05319945
v 0.03906372 0.00702022 0.03906377
v 0.03761780 0.01864548 0.06515577
v -0.01334473 0.00021326 0.02311377
v -0.01961761 0.00291566 0.03397891
v -0.02762207 0.00702022 0.04784316
v -0.03761749 0.01864548 0.06515577
v 0.02774353 0.00291566 0.02774366
v 0.02762238 0.00702022 0.04784316
v 0.01947235 0.01864548 0.07267182
v -0.00690765 0.00021326 0.02578006
v -0.01429840 0.00702022 0.05336212
v -0.01947235 0.01864548 0.07267185
v -0.01015472 0.00291566 0.03789855
v 0.01887237 0.00021326 0.01887231
v 0.01961761 0.00291566 0.03397891
v 0.01429840 0.00702022 0.05336210
v 0.00000000 0.01864548 0.07523540
v 0.00000000 0.00702022 0.05524451
v 0.00000000 0.00021326 0.02668947
v 0.00000000 0.00291566 0.03923545
v 0.01015503 0.00291566 0.03789854
v 0.01334473 0.00021326 0.02311377
v 0.00690765 0.00021326 0.02578004
v -0.05524445 0.00702021 0.00000008
v -0.05336212 0.00702021 -0.01429824
v -0.07267182 0.01864547 -0.01947225
v -0.07523529 0.01864547 0.00000008
v -0.05336212 0.00702021 0.01429839
v -0.07267182 0.01864547 0.01947242
v -0.07617401 0.02980326 -0.02041067
v -0.07886108 0.02980327 0.00000008
v -0.06829590 0.02980327 -0.03943045
v -0.06515564 0.01864546 -0.03761759
v -0.07617401 0.02980328 0.02041083
v -0.06515564 0.01864548 0.03761775
v -0.05576324 0.02980326 -0.05576314
v -0.05319946 0.01864546 -0.05319935
v -0.03943054 0.02980326 -0.06829565
v -0.03761780 0.01864546 -0.06515566
v -0.05144623 0.03757651 -0.05144617
v -0.06300842 0.03757652 -0.03637790
v -0.07027679 0.03757652 -0.01883055
v -0.07275604 0.03757652 0.00000008
v -0.07027679 0.03757652 0.01883070
v -0.06829559 0.02980328 0.03943061
v -0.05319946 0.01864548 0.05319948
v -0.06300842 0.03757652 0.03637806
v -0.05576324 0.02980328 0.05576328
v -0.05144623 0.03757652 0.05144630
v -0.03761749 0.01864548 0.06515577
v -0.03943054 0.02980328 0.06829575
v 0.01947235 0.01864546 -0.07267172
v 0.03761780 0.01864546 -0.06515568
v 0.03943054 0.02980326 -0.06829569
v 0.02041077 0.02980326 -0.07617392
v 0.00000000 0.01864546 -0.07523530
v 0.00000000 0.02980326 -0.07886104
v -0.01947235 0.01864546 -0.07267172
v -0.02041077 0.02980326 -0.07617392
v -0.03761780 0.01864546 -0.06515566
v -0.03943054 0.02980326 -0.06829565
v -0.01947235 0.01864548 0.07267185
v -0.03761749 0.01864548 0.06515577
v -0.03943054 0.02980328 0.06829575
v -0.02041077 0.02980329 0.07617404
v 0.00000000 0.01864548 0.07523540
v 0.00000000 0.02980329 0.07886114
v 0.01947235 0.01864548 0.07267182
v 0.02041077 0.02980328 0.07617402
v 0.03761780 0.01864548 0.06515577
v 0.03943054 0.02980328 0.06829575
v 0.03943054 0.02980326 -0.06829569
v 0.05576324 0.02980326 -0.05576317
v 0.05144623 0.03757651 -0.05144619
v 0.03637787 0.03757651 -0.06300848
v 0.02041077 0.02980326 -0.07617392
v 0.01883057 0.03757651 -0.07027683
v 0.00000000 0.02980326 -0.07886104
v 0.00000000 0.03757651 -0.07275593
v -0.02041077 0.02980326 -0.07617392
v -0.01883057 0.03757651 -0.07027683
v -0.03943054 0.02980326 -0.06829565
v -0.03637817 0.03757651 -0.06300846
v -0.05576324 0.02980326 -0.05576314
v -0.05144623 0.03757651 -0.05144617
v 0.02742401 0.04700591 -0.02742403
v 0.01939178 0.04700591 -0.03358746
v 0.01003784 0.04700591 -0.03746194
v 0.00000000 0.04700591 -0.03878346
v -0.01003784 0.04700591 -0.03746194
v -0.01939178 0.04700591 -0.03358744
v 0.03358765 0.04700591 -0.01939170
v 0.06300842 0.03757651 -0.03637794
v -0.02742401 0.04700591 -0.02742402
v -0.06300842 0.03757652 -0.03637790
v 0.03746185 0.04700591 -0.01003786
v 0.07027679 0.03757652 -0.01883059
v -0.03358765 0.04700591 -0.01939168
v -0.07027679 0.03757652 -0.01883055
v 0.03878357 0.04700591 0.00000005
v 0.07275604 0.03757652 0.00000004
v -0.03746185 0.04700591 -0.01003784
v -0.07275604 0.03757652 0.00000008
v 0.03746185 0.04700591 0.01003795
v 0.07027679 0.03757652 0.01883067
v -0.03878357 0.04700591 0.00000007
v -0.07027679 0.03757652 0.01883070
v 0.03358765 0.04700591 0.01939180
v 0.06300842 0.03757652 0.03637801
v -0.03746185 0.04700591 0.01003797
v -0.06300842 0.03757652 0.03637806
v 0.02742401 0.04700592 0.02742412
v 0.05144623 0.03757653 0.05144626
v -0.03358765 0.04700592 0.01939182
v -0.05144623 0.03757652 0.05144630
v 0.01837707 0.05106996 0.00492417
v 0.01902527 0.05106996 0.00000005
v 0.01837707 0.05106996 -0.00492407
v 0.01647644 0.05106996 0.00951272
v 0.01647644 0.05106996 -0.00951262
v 0.01345306 0.05106996 -0.01345290
v 0.01084076 0.05553587 -0.00625883
v 0.00885132 0.05553587 -0.00885134
v 0.00951263 0.05106993 -0.01647639
v 0.00625885 0.05553587 -0.01084064
v 0.00492401 0.05106993 -0.01837703
v 0.00323975 0.05553587 -0.01209117
v 0.00000000 0.05106996 -0.01902530
v 0.00000000 0.05553587 -0.01251770
v -0.00492401 0.05106993 -0.01837702
v -0.00323975 0.05553587 -0.01209117
v -0.00951263 0.05106993 -0.01647638
v -0.00625885 0.05553587 -0.01084064
v -0.01345306 0.05106993 -0.01345290
v -0.00885132 0.05553587 -0.00885133
v -0.01647644 0.05106993 -0.00951261
v -0.01084076 0.05553588 -0.00625882
v -0.01837707 0.05106996 -0.00492406
v -0.01902527 0.05106996 0.00000006
v -0.01837707 0.05106996 0.00492418
v -0.01647644 0.05106996 0.00951273
v -0.02742401 0.04700592 0.02742414
v -0.01345306 0.05106996 0.01345301
v -0.01084076 0.05553588 0.00625893
v -0.00885132 0.05553587 0.00885144
v -0.00951263 0.05106996 0.01647649
v -0.00625885 0.05553588 0.01084074
v -0.01939178 0.04700591 0.03358756
v -0.03637787 0.03757653 0.06300856
v -0.00492401 0.05106995 0.01837713
v -0.00323975 0.05553588 0.01209127
v -0.03943054 0.02980328 0.06829575
v -0.05576324 0.02980328 0.05576328
v -0.02041077 0.02980329 0.07617404
v -0.01883057 0.03757653 0.07027694
v 0.00000000 0.02980329 0.07886114
v -0.01003784 0.04700592 0.03746205
v 0.00000000 0.03757653 0.07275601
v 0.02041077 0.02980328 0.07617402
v 0.00000000 0.05106996 0.01902540
v 0.00000000 0.05553587 0.01251780
v 0.00000000 0.04700592 0.03878355
v 0.01883057 0.03757653 0.07027691
v 0.03943054 0.02980328 0.06829575
v 0.00492401 0.05106995 0.01837712
v 0.00323975 0.05553588 0.01209127
v 0.01003784 0.04700592 0.03746204
v 0.03637787 0.03757653 0.06300856
v 0.05576324 0.02980328 0.05576323
v 0.01939178 0.04700591 0.03358755
v 0.00951263 0.05106995 0.01647648
v 0.00625885 0.05553588 0.01084074
v 0.01345306 0.05106996 0.01345300
v 0.00885132 0.05553588 0.00885143
v 0.01084076 0.05553587 0.00625892
v 0.01837707 0.05106996 0.00492417
v 0.01647644 0.05106996 0.00951272
v 0.01084076 0.05553587 0.00625892
v 0.01209137 0.05553587 0.00323988
v 0.01902527 0.05106996 0.00000005
v 0.01251770 0.05553588 0.00000005
v 0.01837707 0.05106996 -0.00492407
v 0.01209137 0.05553588 -0.00323978
v 0.01647644 0.05106996 -0.00951262
v 0.01084076 0.05553587 -0.00625883
v 0.00989563 0.05939258 0.00571324
v 0.01103699 0.05939258 0.00295742
v 0.01142639 0.05939258 0.00000005
v 0.01103699 0.05939258 -0.00295732
v 0.00807953 0.05939259 0.00807973
v 0.00885132 0.05553588 0.00885143
v 0.00571320 0.05939258 0.00989560
v 0.00625885 0.05553588 0.01084074
v 0.00553803 0.06987896 0.00959234
v 0.00783203 0.06987896 0.00783212
v 0.00550781 0.07076942 0.00953963
v 0.00778900 0.07076942 0.00778909
v 0.00959229 0.06987896 0.00553816
v 0.00953949 0.07076942 0.00550773
v 0.01069885 0.06987896 0.00286678
v 0.01063995 0.07076942 0.00285103
v 0.01107635 0.06987895 0.00000005
v 0.01101532 0.07076942 0.00000005
v 0.01069885 0.06987896 -0.00286669
v 0.01063995 0.07076942 -0.00285094
v 0.00989563 0.05939258 -0.00571315
v 0.00885132 0.05553587 -0.00885134
v 0.00959229 0.06987895 -0.00553806
v 0.00953949 0.07076942 -0.00550764
v 0.00807953 0.05939258 -0.00807963
v 0.00625885 0.05553587 -0.01084064
v 0.00571320 0.05939259 -0.00989550
v 0.00783203 0.06987895 -0.00783202
v 0.00778900 0.07076942 -0.00778899
v 0.00553803 0.06987895 -0.00959224
v 0.00550781 0.07076942 -0.00953954
v -0.01837707 0.05106996 -0.00492406
v -0.01647644 0.05106993 -0.00951261
v -0.01084076 0.05553588 -0.00625882
v -0.01209137 0.05553588 -0.00323978
v -0.01902527 0.05106996 0.00000006
v -0.01251770 0.05553588 0.00000006
v -0.01837707 0.05106996 0.00492418
v -0.01209137 0.05553587 0.00323989
v -0.01647644 0.05106996 0.00951273
v -0.01084076 0.05553588 0.00625893
v -0.00989563 0.05939258 -0.00571314
v -0.01103699 0.05939258 -0.00295731
v -0.01142639 0.05939258 0.00000005
v -0.01103699 0.05939258 0.00295742
v -0.00807983 0.05939258 -0.00807963
v -0.00885132 0.05553587 -0.00885133
v -0.00571320 0.05939258 -0.00989549
v -0.00625885 0.05553587 -0.01084064
v -0.00553803 0.06987895 -0.00959224
v -0.00783203 0.06987895 -0.00783202
v -0.00550781 0.07076942 -0.00953954
v -0.00778900 0.07076942 -0.00778899
v -0.00959229 0.06987895 -0.00553806
v -0.00953949 0.07076942 -0.00550763
v -0.01069885 0.06987896 -0.00286668
v -0.01063995 0.07076942 -0.00285093
v -0.01107635 0.06987895 0.00000005
v -0.01101532 0.07076942 0.00000005
v -0.01069885 0.06987896 0.00286679
v -0.01063995 0.07076942 0.00285104
v -0.00989563 0.05939258 0.00571325
v -0.00885132 0.05553587 0.00885144
v -0.00959229 0.06987896 0.00553816
v -0.00953949 0.07076942 0.00550773
v -0.00807953 0.05939259 0.00807973
v -0.00625885 0.05553588 0.01084074
v -0.00571320 0.05939258 0.00989560
v -0.00783203 0.06987896 0.00783212
v -0.00778900 0.07076942 0.00778909
v -0.00553803 0.06987896 0.00959234
v -0.00550781 0.07076942 0.00953963
v 0.00323975 0.05553587 -0.01209117
v 0.00625885 0.05553587 -0.01084064
v 0.00571320 0.05939259 -0.00989550
v 0.00295746 0.05939258 -0.01103700
v 0.00000000 0.05553587 -0.01251770
v 0.00553803 0.06987895 -0.00959224
v 0.00000000 0.05939258 -0.01142634
v -0.00323975 0.05553587 -0.01209117
v 0.00286682 0.06987895 -0.01069876
v 0.00550781 0.07076942 -0.00953954
v 0.00285095 0.07076942 -0.01063998
v 0.00000000 0.06987895 -0.01107617
v 0.00000000 0.07076942 -0.01101532
v -0.00295746 0.05939258 -0.01103700
v -0.00625885 0.05553587 -0.01084064
v -0.00571320 0.05939258 -0.00989549
v -0.00286682 0.06987895 -0.01069876
v -0.00285095 0.07076942 -0.01063998
v -0.00553803 0.06987895 -0.00959224
v -0.00550781 0.07076942 -0.00953954
v -0.00323975 0.05553588 0.01209127
v -0.00625885 0.05553588 0.01084074
v -0.00571320 0.05939258 0.00989560
v -0.00295746 0.05939259 0.01103710
v 0.00000000 0.05553587 0.01251780
v -0.00553803 0.06987896 0.00959234
v 0.00000000 0.05939258 0.01142644
v 0.00323975 0.05553588 0.01209127
v -0.00286682 0.06987896 0.01069885
v -0.00550781 0.07076942 0.00953963
v -0.00285095 0.07076943 0.01064008
v 0.00000000 0.06987896 0.01107627
v 0.00000000 0.07076943 0.01101542
v 0.00295746 0.05939259 0.01103709
v 0.00625885 0.05553588 0.01084074
v 0.00571320 0.05939258 0.00989560
v 0.00286682 0.06987896 0.01069885
v 0.00285095 0.07076943 0.01064007
v 0.00553803 0.06987896 0.00959234
v 0.00550781 0.07076942 0.00953963
v 0.03637604 0.01896272 -0.06300502
v 0.03800263 0.02950633 -0.06582250
v 0.05374390 0.02950634 -0.05374382
v 0.05144348 0.01896272 -0.05144336
v 0.06582244 0.02950634 -0.03800261
v 0.06300507 0.01896272 -0.03637594
v 0.06117706 0.03653434 -0.03532056
v 0.04995086 0.03653434 -0.04995084
v 0.06823425 0.03653434 -0.01828325
v 0.07341553 0.02950634 -0.01967158
v 0.07064117 0.03653434 0.00000004
v 0.07027313 0.01896273 -0.01882955
v 0.07600525 0.02950634 0.00000004
v 0.06823425 0.03653434 0.01828333
v 0.07275207 0.01896273 0.00000004
v 0.05175201 0.00759705 -0.01386689
v 0.05357788 0.00759705 0.00000005
v 0.07341553 0.02950635 0.01967166
v 0.06117706 0.03653435 0.03532064
v 0.07027313 0.01896273 0.01882964
v 0.05175201 0.00759706 0.01386699
v 0.06582244 0.02950635 0.03800268
v 0.04995086 0.03653435 0.04995091
v 0.06300507 0.01896274 0.03637602
v 0.05374390 0.02950635 0.05374390
v 0.05144348 0.01896274 0.05144344
v 0.03800263 0.02950635 0.06582259
v 0.03637604 0.01896274 0.06300510
v -0.05175201 0.00759705 -0.01386686
v -0.07027313 0.01896273 -0.01882951
v -0.06300507 0.01896272 -0.03637590
v -0.04639984 0.00759705 -0.02678879
v -0.05144348 0.01896272 -0.05144335
v -0.03788513 0.00759705 -0.03788511
v -0.03637604 0.01896272 -0.06300501
v -0.02678894 0.00759705 -0.04639963
v -0.01882965 0.01896272 -0.07027297
v -0.01386688 0.00759705 -0.05175208
v 0.00000000 0.01896272 -0.07275193
v 0.00000000 0.00759705 -0.05357770
v 0.01882965 0.01896272 -0.07027297
v 0.01386688 0.00759705 -0.05175208
v 0.03637604 0.01896272 -0.06300502
v 0.02678894 0.00759705 -0.04639965
v 0.05144348 0.01896272 -0.05144336
v 0.03788513 0.00759705 -0.03788514
v 0.06300507 0.01896272 -0.03637594
v 0.04639984 0.00759705 -0.02678882
v 0.07027313 0.01896273 -0.01882955
v 0.05175201 0.00759705 -0.01386689
v -0.01904816 0.00357066 -0.03299244
v -0.00986023 0.00357066 -0.03679830
v 0.00000000 0.00357066 -0.03809641
v 0.00986023 0.00357066 -0.03679830
v 0.01904816 0.00357067 -0.03299245
v 0.02693817 0.00357066 -0.02693821
v 0.03299255 0.00357066 -0.01904817
v -0.02693817 0.00357066 -0.02693820
v 0.03679840 0.00357067 -0.00986003
v 0.05357788 0.00759705 0.00000005
v -0.03299255 0.00357066 -0.01904816
v 0.03809631 0.00357066 0.00000005
v 0.05175201 0.00759706 0.01386699
v -0.03679840 0.00357066 -0.00986001
v -0.03809631 0.00357066 0.00000007
v -0.05357788 0.00759705 0.00000008
v -0.03679840 0.00357067 0.00986016
v -0.05175201 0.00759706 0.01386701
v 0.02262695 0.00117615 -0.01306366
v 0.02523712 0.00117615 -0.00676222
v 0.00000000 0.00117615 0.00000006
v 0.01847473 0.00117615 -0.01847482
v 0.01306366 0.00117615 -0.02262696
v 0.00676239 0.00117615 -0.02523710
v 0.00000000 0.00117615 -0.02612737
v -0.00676239 0.00117615 -0.02523710
v 0.02612732 0.00117615 0.00000005
v -0.01306366 0.00117615 -0.02262695
v -0.01847504 0.00117615 -0.01847481
v -0.02262695 0.00117615 -0.01306364
v -0.02523712 0.00117615 -0.00676221
v -0.02612732 0.00117615 0.00000007
v -0.02523712 0.00117615 0.00676234
v 0.03679840 0.00357067 0.00986014
v 0.02523712 0.00117615 0.00676233
v -0.02262695 0.00117615 0.01306378
v 0.02262695 0.00117615 0.01306376
v -0.01847473 0.00117615 0.01847494
v -0.03299255 0.00357067 0.01904830
v 0.03299255 0.00357067 0.01904828
v 0.04639984 0.00759706 0.02678892
v -0.04639953 0.00759706 0.02678894
v -0.07027313 0.01896273 0.01882967
v -0.06300507 0.01896273 0.03637606
v -0.02693817 0.00357067 0.02693833
v -0.03788513 0.00759706 0.03788526
v -0.05144348 0.01896274 0.05144348
v 0.06300507 0.01896274 0.03637602
v 0.07027313 0.01896273 0.01882964
v 0.05144348 0.01896274 0.05144344
v 0.03788513 0.00759706 0.03788523
v 0.03637604 0.01896274 0.06300510
v -0.01306366 0.00117615 0.02262707
v -0.01904816 0.00357067 0.03299256
v -0.02678894 0.00759706 0.04639975
v -0.03637604 0.01896274 0.06300510
v 0.02693817 0.00357067 0.02693831
v 0.02678894 0.00759706 0.04639973
v 0.01882965 0.01896274 0.07027306
v -0.00676239 0.00117615 0.02523722
v -0.01386688 0.00759706 0.05175220
v -0.01882965 0.01896274 0.07027309
v -0.00985992 0.00357068 0.03679842
v 0.01847504 0.00117615 0.01847493
v 0.01904816 0.00357067 0.03299256
v 0.01386688 0.00759706 0.05175218
v 0.00000000 0.01896274 0.07275203
v 0.00000000 0.00759706 0.05357780
v 0.00000000 0.00117615 0.02612749
v 0.00000000 0.00357067 0.03809651
v 0.00986023 0.00357068 0.03679840
v 0.01306366 0.00117615 0.02262707
v 0.00676239 0.00117615 0.02523721
v -0.05357788 0.00759705 0.00000008
v -0.07027313 0.01896273 -0.01882951
v -0.05175201 0.00759705 -0.01386686
v -0.07275207 0.01896273 0.00000008
v -0.05175201 0.00759706 0.01386701
v -0.07027313 0.01896273 0.01882967
v -0.07341553 0.02950634 -0.01967154
v -0.07600525 0.02950634 0.00000008
v -0.06582244 0.02950634 -0.03800257
v -0.06300507 0.01896272 -0.03637590
v -0.07341553 0.02950635 0.01967170
v -0.06300507 0.01896273 0.03637606
v -0.05374390 0.02950634 -0.05374380
v -0.05144348 0.01896272 -0.05144335
v -0.03800263 0.02950633 -0.06582247
v -0.03637604 0.01896272 -0.06300501
v -0.04995086 0.03653434 -0.04995081
v -0.06117706 0.03653434 -0.03532052
v -0.06823425 0.03653434 -0.01828321
v -0.07064117 0.03653434 0.00000008
v -0.06823425 0.03653434 0.01828337
v -0.06582244 0.02950635 0.03800272
v -0.05144348 0.01896274 0.05144348
v -0.06117706 0.03653435 0.03532067
v -0.05374390 0.02950635 0.05374393
v -0.04995086 0.03653435 0.04995095
v -0.03637604 0.01896274 0.06300510
v -0.03800263 0.02950635 0.06582259
v 0.01882965 0.01896272 -0.07027297
v 0.03800263 0.02950633 -0.06582250
v 0.03637604 0.01896272 -0.06300502
v 0.01967163 0.02950634 -0.07341545
v 0.00000000 0.01896272 -0.07275193
v 0.00000000 0.02950633 -0.07600527
v -0.01882965 0.01896272 -0.07027297
v -0.01967163 0.02950634 -0.07341545
v -0.03637604 0.01896272 -0.06300501
v -0.03800263 0.02950633 -0.06582247
v -0.01882965 0.01896274 0.07027309
v -0.03800263 0.02950635 0.06582259
v -0.03637604 0.01896274 0.06300510
v -0.01967163 0.02950635 0.07341558
v 0.00000000 0.01896274 0.07275203
v 0.00000000 0.02950636 0.07600535
v 0.01882965 0.01896274 0.07027306
v 0.01967163 0.02950635 0.07341556
v 0.03637604 0.01896274 0.06300510
v 0.03800263 0.02950635 0.06582259
v 0.03800263 0.02950633 -0.06582250
v 0.04995086 0.03653434 -0.04995084
v 0.05374390 0.02950634 -0.05374382
v 0.03532074 0.03653434 -0.06117706
v 0.01967163 0.02950634 -0.07341545
v 0.01828339 0.03653433 -0.06823413
v 0.00000000 0.02950633 -0.07600527
v 0.00000000 0.03653433 -0.07064117
v -0.01967163 0.02950634 -0.07341545
v -0.01828339 0.03653433 -0.06823413
v -0.03800263 0.02950633 -0.06582247
v -0.03532074 0.03653433 -0.06117703
v -0.05374390 0.02950634 -0.05374380
v -0.04995086 0.03653434 -0.04995081
v 0.02666260 0.04579756 -0.02666253
v 0.01885315 0.04579756 -0.03265482
v 0.00975922 0.04579756 -0.03642172
v 0.00000000 0.04579756 -0.03770654
v -0.00975922 0.04579756 -0.03642172
v -0.01885345 0.04579756 -0.03265480
v 0.03265473 0.04579756 -0.01885324
v 0.06117706 0.03653434 -0.03532056
v -0.02666260 0.04579756 -0.02666252
v -0.06117706 0.03653434 -0.03532052
v 0.03642181 0.04579756 -0.00975914
v 0.06823425 0.03653434 -0.01828325
v -0.03265473 0.04579756 -0.01885322
v -0.06823425 0.03653434 -0.01828321
v 0.03770660 0.04579756 0.00000005
v 0.07064117 0.03653434 0.00000004
v -0.03642181 0.04579756 -0.00975912
v -0.07064117 0.03653434 0.00000008
v 0.03642181 0.04579756 0.00975923
v 0.06823425 0.03653434 0.01828333
v -0.03770660 0.04579756 0.00000007
v -0.06823425 0.03653434 0.01828337
v 0.03265473 0.04579756 0.01885333
v 0.06117706 0.03653435 0.03532064
v -0.03642181 0.04579756 0.00975924
v -0.06117706 0.03653435 0.03532067
v 0.02666260 0.04579757 0.02666262
v 0.04995086 0.03653435 0.04995091
v -0.03265473 0.04579756 0.01885336
v -0.04995086 0.03653435 0.04995095
v 0.01661865 0.04909660 0.00445304
v 0.01720489 0.04909659 0.00000005
v 0.01489990 0.04909659 0.00860256
v 0.01661865 0.04909659 -0.00445294
v 0.01489990 0.04909659 -0.00860246
v 0.01216583 0.04909659 0.01216584
v 0.01216583 0.04909659 -0.01216574
v 0.00860260 0.04909659 -0.01489994
v 0.00713684 0.05486849 -0.00713689
v 0.00504669 0.05486849 -0.00874089
v 0.00445312 0.04909659 -0.01661873
v 0.00261231 0.05486849 -0.00974920
v 0.00000000 0.04909658 -0.01720498
v 0.00000000 0.05486849 -0.01009311
v -0.00445312 0.04909659 -0.01661873
v -0.00261231 0.05486849 -0.00974920
v -0.00860260 0.04909658 -0.01489994
v -0.00504669 0.05486849 -0.00874088
v -0.01216583 0.04909659 -0.01216574
v -0.00713684 0.05486849 -0.00713689
v -0.01489990 0.04909659 -0.00860245
v -0.01661865 0.04909659 -0.00445293
v -0.01720489 0.04909659 0.00000006
v -0.01661865 0.04909659 0.00445305
v -0.01489990 0.04909659 0.00860257
v -0.02666260 0.04579756 0.02666264
v -0.01216583 0.04909659 0.01216585
v -0.03532043 0.03653435 0.06117714
v -0.01885315 0.04579756 0.03265492
v -0.03800263 0.02950635 0.06582259
v -0.05374390 0.02950635 0.05374393
v -0.01967163 0.02950635 0.07341558
v -0.01828339 0.03653435 0.06823425
v 0.00000000 0.02950636 0.07600535
v -0.00860260 0.04909659 0.01490004
v -0.00713684 0.05486850 0.00713699
v -0.00504669 0.05486850 0.00874098
v 0.00000000 0.03653435 0.07064126
v 0.01967163 0.02950635 0.07341556
v -0.00975922 0.04579756 0.03642182
v -0.00445312 0.04909659 0.01661883
v -0.00261231 0.05486849 0.00974930
v 0.01828339 0.03653435 0.06823422
v 0.03800263 0.02950635 0.06582259
v 0.00000000 0.04579756 0.03770663
v 0.00000000 0.04909659 0.01720508
v 0.00000000 0.05486850 0.01009321
v 0.03532074 0.03653435 0.06117714
v 0.05374390 0.02950635 0.05374390
v 0.00975922 0.04579756 0.03642181
v 0.00445312 0.04909659 0.01661883
v 0.00261231 0.05486850 0.00974929
v 0.01885345 0.04579757 0.03265491
v 0.00860260 0.04909659 0.01490004
v 0.00504669 0.05486850 0.00874099
v 0.00713684 0.05486850 0.00713699
v 0.01489990 0.04909659 0.00860256
v 0.00713684 0.05486850 0.00713699
v 0.01216583 0.04909659 0.01216584
v 0.00874084 0.05486849 0.00504663
v 0.01661865 0.04909660 0.00445304
v 0.00974915 0.05486849 0.00261235
v 0.01720489 0.04909659 0.00000005
v 0.01009308 0.05486849 0.00000005
v 0.01661865 0.04909659 -0.00445294
v 0.00974915 0.05486849 -0.00261225
v 0.01489990 0.04909659 -0.00860246
v 0.00874084 0.05486849 -0.00504653
v 0.01216583 0.04909659 -0.01216574
v 0.00713684 0.05486849 -0.00713689
v 0.00624847 0.05923498 0.00624840
v 0.00765259 0.05923498 0.00441830
v 0.00853546 0.05923498 0.00228711
v 0.00883636 0.05923498 0.00000005
v 0.00853546 0.05923498 -0.00228701
v 0.00765259 0.05923498 -0.00441820
v 0.00441833 0.05923498 0.00765269
v 0.00504669 0.05486850 0.00874099
v 0.00426056 0.07075099 0.00737954
v 0.00602539 0.07075099 0.00602538
v 0.00737946 0.07075099 0.00426060
v 0.00823090 0.07075099 0.00220547
v 0.00852112 0.07075098 0.00000005
v 0.00823090 0.07075098 -0.00220538
v 0.00737946 0.07075098 -0.00426050
v 0.00624847 0.05923498 -0.00624831
v 0.00504669 0.05486849 -0.00874089
v 0.00602539 0.07075098 -0.00602528
v 0.00441833 0.05923498 -0.00765259
v 0.00426056 0.07075098 -0.00737945
v -0.01489990 0.04909659 -0.00860245
v -0.00713684 0.05486849 -0.00713689
v -0.01216583 0.04909659 -0.01216574
v -0.00874084 0.05486849 -0.00504652
v -0.01661865 0.04909659 -0.00445293
v -0.00974915 0.05486849 -0.00261225
v -0.01720489 0.04909659 0.00000006
v -0.01009308 0.05486849 0.00000005
v -0.01661865 0.04909659 0.00445305
v -0.00974915 0.05486849 0.00261235
v -0.01489990 0.04909659 0.00860257
v -0.00874084 0.05486849 0.00504663
v -0.01216583 0.04909659 0.01216585
v -0.00713684 0.05486850 0.00713699
v -0.00624847 0.05923500 -0.00624830
v -0.00765259 0.05923500 -0.00441820
v -0.00853546 0.05923500 -0.00228700
v -0.00883636 0.05923500 0.00000005
v -0.00853546 0.05923501 0.00228711
v -0.00765259 0.05923501 0.00441830
v -0.00441833 0.05923498 -0.00765259
v -0.00504669 0.05486849 -0.00874088
v -0.00426056 0.07075098 -0.00737945
v -0.00602539 0.07075098 -0.00602528
v -0.00737946 0.07075098 -0.00426050
v -0.00823090 0.07075098 -0.00220537
v -0.00852112 0.07075098 0.00000005
v -0.00823090 0.07075099 0.00220547
v -0.00737946 0.07075099 0.00426060
v -0.00624847 0.05923501 0.00624841
v -0.00504669 0.05486850 0.00874098
v -0.00602539 0.07075099 0.00602538
v -0.00441833 0.05923500 0.00765269
v -0.00426056 0.07075099 0.00737954
v 0.00261231 0.05486849 -0.00974920
v 0.00441833 0.05923498 -0.00765259
v 0.00504669 0.05486849 -0.00874089
v 0.00228699 0.05923498 -0.00853536
v 0.00426056 0.07075098 -0.00737945
v 0.00000000 0.05486849 -0.01009311
v 0.00220550 0.07075099 -0.00823071
v 0.00000000 0.05923498 -0.00883646
v -0.00261231 0.05486849 -0.00974920
v 0.00000000 0.07075099 -0.00852106
v -0.00228699 0.05923498 -0.00853536
v -0.00504669 0.05486849 -0.00874088
v -0.00220550 0.07075099 -0.00823071
v -0.00441833 0.05923498 -0.00765259
v -0.00426056 0.07075098 -0.00737945
v -0.00261231 0.05486849 0.00974930
v -0.00441833 0.05923500 0.00765269
v -0.00504669 0.05486850 0.00874098
v -0.00228699 0.05923498 0.00853546
v -0.00426056 0.07075099 0.00737954
v 0.00000000 0.05486850 0.01009321
v -0.00220550 0.07075099 0.00823080
v 0.00000000 0.05923498 0.00883656
v 0.00261231 0.05486850 0.00974929
v 0.00000000 0.07075099 0.00852115
v 0.00228699 0.05923498 0.00853546
v 0.00504669 0.05486850 0.00874099
v 0.00220550 0.07075099 0.00823080
v 0.00441833 0.05923498 0.00765269
v 0.00426056 0.07075099 0.00737954
v 0.01101532 0.07076942 0.00000005
v 0.00852112 0.07075098 0.00000005
v 0.00823090 0.07075098 -0.00220538
v 0.01063995 0.07076942 -0.00285094
v 0.01063995 0.07076942 0.00285103
v 0.00737946 0.07075098 -0.00426050
v 0.00823090 0.07075099 0.00220547
v 0.00953949 0.07076942 -0.00550764
v 0.00953949 0.07076942 0.00550773
v 0.00602539 0.07075098 -0.00602528
v 0.00737946 0.07075099 0.00426060
v 0.00778900 0.07076942 -0.00778899
v 0.00778900 0.07076942 0.00778909
v 0.00426056 0.07075098 -0.00737945
v 0.00602539 0.07075099 0.00602538
v 0.00550781 0.07076942 -0.00953954
v 0.00550781 0.07076942 0.00953963
v 0.00220550 0.07075099 -0.00823071
v 0.00426056 0.07075099 0.00737954
v 0.00285095 0.07076942 -0.01063998
v 0.00285095 0.07076943 0.01064007
v 0.00000000 0.07075099 -0.00852106
v 0.00220550 0.07075099 0.00823080
v 0.00000000 0.07076942 -0.01101532
v 0.00000000 0.07076943 0.01101542
v -0.00220550 0.07075099 -0.00823071
v 0.00000000 0.07075099 0.00852115
v -0.00285095 0.07076942 -0.01063998
v -0.00285095 0.07076943 0.01064008
v -0.00426056 0.07075098 -0.00737945
v -0.00220550 0.07075099 0.00823080
v -0.00550781 0.07076942 -0.00953954
v -0.00550781 0.07076942 0.00953963
v -0.00602539 0.07075098 -0.00602528
v -0.00426056 0.07075099 0.00737954
v -0.00778900 0.07076942 -0.00778899
v -0.00778900 0.07076942 0.00778909
v -0.00737946 0.07075098 -0.00426050
v -0.00602539 0.07075099 0.00602538
v -0.00953949 0.07076942 -0.00550763
v -0.00953949 0.07076942 0.00550773
v -0.00823090 0.07075098 -0.00220537
v -0.00737946 0.07075099 0.00426060
v -0.01063995 0.07076942 -0.00285093
v -0.01063995 0.07076942 0.00285104
v -0.00852112 0.07075098 0.00000005
v -0.00823090 0.07075099 0.00220547
v -0.01101532 0.07076942 0.00000005
vn 0.36358360 -0.68646190 -0.62974360
vn 0.70211450 0.11863880 -0.70211120
vn 0.49646890 0.11863390 -0.85990960
vn 0.51418600 -0.68646150 -0.51418200
vn 0.85991010 0.11862850 -0.49646950
vn 0.62974220 -0.68646400 -0.36358230
vn 0.38413590 0.89624390 -0.22178040
vn 0.31364200 0.89624620 -0.31364230
vn 0.42844690 0.89624410 -0.11480340
vn 0.95910480 0.11862710 -0.25699350
vn 0.44355420 0.89624750 -0.00000033
vn 0.70238730 -0.68646250 -0.18820520
vn 0.99293820 0.11863320 -0.00000022
vn 0.42843930 0.89624810 0.11480060
vn 0.72716420 -0.68646350 0.00000032
vn 0.41340020 -0.90378650 -0.11077110
vn 0.42798290 -0.90378680 0.00000029
vn 0.95910450 0.11863050 0.25699300
vn 0.38413350 0.89624520 0.22177930
vn 0.70238210 -0.68646840 0.18820370
vn 0.41339820 -0.90378740 0.11077060
vn 0.85990980 0.11862890 0.49646980
vn 0.31364480 0.89624430 0.31364510
vn 0.62973950 -0.68646690 0.36358120
vn 0.70211450 0.11863500 0.70211180
vn 0.51418600 -0.68646170 0.51418190
vn 0.49646940 0.11863310 0.85990950
vn 0.36358320 -0.68646260 0.62974300
vn -0.41340020 -0.90378650 -0.11077120
vn -0.62973890 -0.68646780 -0.36358070
vn -0.70238220 -0.68646870 -0.18820210
vn -0.37064570 -0.90378580 -0.21399300
vn -0.51418500 -0.68646220 -0.51418230
vn -0.30263130 -0.90378670 -0.30262830
vn -0.36358270 -0.68646390 -0.62974200
vn -0.21399160 -0.90378740 -0.37064250
vn -0.18820370 -0.68646400 -0.70238640
vn -0.11076970 -0.90378740 -0.41339890
vn 0.00000000 -0.68646310 -0.72716470
vn 0.00000000 -0.90378740 -0.42798170
vn 0.18820330 -0.68646310 -0.70238740
vn 0.11076940 -0.90378760 -0.41339830
vn 0.36358360 -0.68646190 -0.62974360
vn 0.21399150 -0.90378730 -0.37064300
vn 0.51418600 -0.68646150 -0.51418200
vn 0.30263000 -0.90378740 -0.30262730
vn 0.62974220 -0.68646400 -0.36358230
vn 0.37064360 -0.90378700 -0.21399190
vn 0.70238730 -0.68646250 -0.18820520
vn 0.41340020 -0.90378650 -0.11077110
vn -0.11824010 -0.97163660 -0.20479660
vn -0.06120571 -0.97163650 -0.22842180
vn 0.00000000 -0.97163620 -0.23648040
vn 0.06120513 -0.97163670 -0.22842110
vn 0.11823910 -0.97163660 -0.20479700
vn 0.16721780 -0.97163610 -0.16721750
vn 0.20479950 -0.97163570 -0.11824180
vn -0.16721640 -0.97163650 -0.16721610
vn 0.22842370 -0.97163590 -0.06120677
vn 0.42798290 -0.90378680 0.00000029
vn -0.20479920 -0.97163580 -0.11824140
vn 0.23648210 -0.97163580 0.00000010
vn 0.41339820 -0.90378740 0.11077060
vn -0.22842480 -0.97163560 -0.06120730
vn -0.23648060 -0.97163620 0.00000023
vn -0.42798090 -0.90378790 0.00000030
vn -0.22842150 -0.97163650 0.06120637
vn -0.41339990 -0.90378650 0.11077110
vn 0.07553973 -0.99618860 -0.04361299
vn 0.08425364 -0.99618860 -0.02257595
vn 0.00000000 -1.00000000 0.00000016
vn 0.06167899 -0.99618850 -0.06167898
vn 0.04361292 -0.99618860 -0.07554033
vn 0.02257576 -0.99618860 -0.08425342
vn 0.00000000 -0.99618860 -0.08722631
vn -0.02257583 -0.99618850 -0.08425455
vn 0.08722671 -0.99618850 0.00000024
vn -0.04361352 -0.99618850 -0.07554036
vn -0.06167869 -0.99618850 -0.06167857
vn -0.07553957 -0.99618860 -0.04361271
vn -0.08425324 -0.99618860 -0.02257603
vn -0.08722547 -0.99618860 0.00000025
vn -0.08425406 -0.99618850 0.02257629
vn 0.22842190 -0.97163640 0.06120640
vn -0.07553982 -0.99618860 0.04361344
vn 0.08425460 -0.99618850 0.02257644
vn -0.06167937 -0.99618830 0.06167970
vn 0.07553998 -0.99618850 0.04361369
vn -0.20479840 -0.97163610 0.11824170
vn 0.20479720 -0.97163620 0.11824130
vn 0.37064150 -0.90378790 0.21399150
vn -0.37064390 -0.90378670 0.21399260
vn -0.70238440 -0.68646570 0.18820460
vn -0.62974190 -0.68646420 0.36358240
vn -0.16721640 -0.97163610 0.16721780
vn -0.30262920 -0.90378650 0.30263070
vn -0.51418270 -0.68646280 0.51418360
vn 0.62973950 -0.68646690 0.36358120
vn 0.70238210 -0.68646840 0.18820370
vn 0.51418600 -0.68646170 0.51418190
vn 0.30263000 -0.90378740 0.30262720
vn 0.36358320 -0.68646260 0.62974300
vn -0.04361305 -0.99618850 0.07554079
vn -0.11823950 -0.97163650 0.20479730
vn -0.21399160 -0.90378680 0.37064400
vn -0.36358140 -0.68646440 0.62974210
vn 0.16721780 -0.97163590 0.16721770
vn 0.21399140 -0.90378740 0.37064250
vn 0.18820320 -0.68646430 0.70238630
vn -0.02257579 -0.99618860 0.08425415
vn -0.11077080 -0.90378680 0.41339950
vn -0.18820460 -0.68646240 0.70238760
vn -0.06120523 -0.97163660 0.22842100
vn 0.06167955 -0.99618830 0.06167950
vn 0.11824070 -0.97163610 0.20479810
vn 0.11076960 -0.90378730 0.41339910
vn 0.00000029 -0.68646250 0.72716520
vn 0.00000019 -0.90378700 0.42798270
vn 0.00000000 -0.99618860 0.08722582
vn 0.00000000 -0.97163670 0.23647860
vn 0.06120592 -0.97163640 0.22842180
vn 0.04361297 -0.99618860 0.07553986
vn 0.02257544 -0.99618860 0.08425298
vn -0.42798090 -0.90378790 0.00000030
vn -0.41340020 -0.90378650 -0.11077120
vn -0.70238220 -0.68646870 -0.18820210
vn -0.72716150 -0.68646630 0.00000023
vn -0.41339990 -0.90378650 0.11077110
vn -0.70238440 -0.68646570 0.18820460
vn -0.95910500 0.11863410 -0.25698940
vn -0.99293790 0.11863570 0.00000000
vn -0.85991100 0.11862610 -0.49646840
vn -0.62973890 -0.68646780 -0.36358070
vn -0.95910560 0.11861960 0.25699390
vn -0.62974190 -0.68646420 0.36358240
vn -0.70211450 0.11862730 -0.70211320
vn -0.51418500 -0.68646220 -0.51418230
vn -0.49646910 0.11862050 -0.85991130
vn -0.36358270 -0.68646390 -0.62974200
vn -0.31364510 0.89624430 -0.31364440
vn -0.38413160 0.89624620 -0.22177840
vn -0.42844110 0.89624730 -0.11480050
vn -0.44355570 0.89624690 -0.00000014
vn -0.42844360 0.89624580 0.11480230
vn -0.85991010 0.11862860 0.49646930
vn -0.51418270 -0.68646280 0.51418360
vn -0.38413370 0.89624510 0.22177890
vn -0.70211370 0.11862820 0.70211370
vn -0.31364350 0.89624510 0.31364390
vn -0.36358140 -0.68646440 0.62974210
vn -0.49647070 0.11862210 0.85991020
vn 0.18820330 -0.68646310 -0.70238740
vn 0.36358360 -0.68646190 -0.62974360
vn 0.49646890 0.11863390 -0.85990960
vn 0.25699110 0.11863020 -0.95910500
vn 0.00000000 -0.68646310 -0.72716470
vn 0.00000013 0.11863370 -0.99293810
vn -0.18820370 -0.68646400 -0.70238640
vn -0.25699180 0.11862700 -0.95910510
vn -0.36358270 -0.68646390 -0.62974200
vn -0.49646910 0.11862050 -0.85991130
vn -0.18820460 -0.68646240 0.70238760
vn -0.36358140 -0.68646440 0.62974210
vn -0.49647070 0.11862210 0.85991020
vn -0.25699230 0.11862770 0.95910510
vn 0.00000029 -0.68646250 0.72716520
vn 0.00000032 0.11863040 0.99293860
vn 0.18820320 -0.68646430 0.70238630
vn 0.25699170 0.11862600 0.95910540
vn 0.36358320 -0.68646260 0.62974300
vn 0.49646940 0.11863310 0.85990950
vn 0.49646890 0.11863390 -0.85990960
vn 0.70211450 0.11863880 -0.70211120
vn 0.31364200 0.89624620 -0.31364230
vn 0.22177830 0.89624600 -0.38413220
vn 0.25699110 0.11863020 -0.95910500
vn 0.11480150 0.89624490 -0.42844550
vn 0.00000013 0.11863370 -0.99293810
vn 0.00000027 0.89624570 -0.44355790
vn -0.25699180 0.11862700 -0.95910510
vn -0.11480020 0.89624700 -0.42844140
vn -0.49646910 0.11862050 -0.85991130
vn -0.22177970 0.89624540 -0.38413270
vn -0.70211450 0.11862730 -0.70211320
vn -0.31364510 0.89624430 -0.31364440
vn 0.17978770 0.96713630 -0.17978880
vn 0.12713040 0.96713540 -0.22019730
vn 0.06580846 0.96713500 -0.24559960
vn 0.00000015 0.96713610 -0.25425930
vn -0.06580678 0.96713640 -0.24559460
vn -0.12712980 0.96713590 -0.22019580
vn 0.22019850 0.96713510 -0.12713090
vn 0.38413590 0.89624390 -0.22178040
vn -0.17979030 0.96713540 -0.17979030
vn -0.38413160 0.89624620 -0.22177840
vn 0.24559890 0.96713510 -0.06580821
vn 0.42844690 0.89624410 -0.11480340
vn -0.22019710 0.96713550 -0.12713030
vn -0.42844110 0.89624730 -0.11480050
vn 0.25425980 0.96713600 -0.00000024
vn 0.44355420 0.89624750 -0.00000033
vn -0.24559610 0.96713600 -0.06580754
vn -0.44355570 0.89624690 -0.00000014
vn 0.24559620 0.96713600 0.06580679
vn 0.42843930 0.89624810 0.11480060
vn -0.25425800 0.96713640 -0.00000020
vn -0.42844360 0.89624580 0.11480230
vn 0.22019700 0.96713550 0.12712990
vn 0.38413350 0.89624520 0.22177930
vn -0.24559500 0.96713630 0.06580687
vn -0.38413370 0.89624510 0.22177890
vn 0.17978890 0.96713580 0.17978960
vn 0.31364480 0.89624430 0.31364510
vn -0.22019610 0.96713590 0.12712920
vn -0.31364350 0.89624510 0.31364390
vn 0.25186430 0.96540680 0.06748412
vn 0.26075350 0.96540530 -0.00000020
vn 0.25186440 0.96540670 -0.06748464
vn 0.22581450 0.96540700 0.13037310
vn 0.22581560 0.96540660 -0.13037480
vn 0.18437390 0.96540760 -0.18437620
vn 0.60716940 0.71305890 -0.35055980
vn 0.49574960 0.71306030 -0.49575940
vn 0.13037450 0.96540580 -0.22581860
vn 0.35055260 0.71305690 -0.60717610
vn 0.06748904 0.96540520 -0.25186910
vn 0.18146280 0.71304500 -0.67722820
vn -0.00000018 0.96540880 -0.26074110
vn 0.00000017 0.71306030 -0.70110270
vn -0.06748687 0.96540730 -0.25186170
vn -0.18146110 0.71305300 -0.67722030
vn -0.13037440 0.96540600 -0.22581810
vn -0.35054800 0.71306260 -0.60717190
vn -0.18437630 0.96540670 -0.18437770
vn -0.49574930 0.71306070 -0.49575890
vn -0.22581510 0.96540660 -0.13037510
vn -0.60717740 0.71305220 -0.35055970
vn -0.25186390 0.96540680 -0.06748535
vn -0.26075200 0.96540580 -0.00000040
vn -0.25186190 0.96540750 0.06748310
vn -0.22581220 0.96540770 0.13037240
vn -0.17978810 0.96713600 0.17978910
vn -0.18437560 0.96540690 0.18437740
vn -0.60716590 0.71306280 0.35055820
vn -0.49575440 0.71305530 0.49576170
vn -0.13037340 0.96540620 0.22581730
vn -0.35055180 0.71305510 0.60717860
vn -0.12712940 0.96713610 0.22019510
vn -0.22177880 0.89624560 0.38413290
vn -0.06748683 0.96540670 0.25186370
vn -0.18146110 0.71305250 0.67722070
vn -0.49647070 0.11862210 0.85991020
vn -0.70211370 0.11862820 0.70211370
vn -0.25699230 0.11862770 0.95910510
vn -0.11480130 0.89624560 0.42844430
vn 0.00000032 0.11863040 0.99293860
vn -0.06580701 0.96713630 0.24559530
vn 0.00000013 0.89624510 0.44355900
vn 0.25699170 0.11862600 0.95910540
vn 0.00000015 0.96540840 0.26074250
vn 0.00000088 0.71306500 0.70109800
vn 0.00000000 0.96713630 0.25425820
vn 0.11480150 0.89624550 0.42844430
vn 0.49646940 0.11863310 0.85990950
vn 0.06748696 0.96540710 0.25186200
vn 0.18146140 0.71305120 0.67722220
vn 0.06580731 0.96713630 0.24559450
vn 0.22177830 0.89624600 0.38413210
vn 0.70211450 0.11863500 0.70211180
vn 0.12712930 0.96713600 0.22019540
vn 0.13037380 0.96540600 0.22581810
vn 0.35054950 0.71306060 0.60717350
vn 0.18437510 0.96540730 0.18437670
vn 0.49575280 0.71305570 0.49576280
vn 0.60717590 0.71305260 0.35056150
vn 0.25186430 0.96540680 0.06748412
vn 0.22581450 0.96540700 0.13037310
vn 0.60717590 0.71305260 0.35056150
vn 0.67722200 0.71305440 0.18144940
vn 0.26075350 0.96540530 -0.00000020
vn 0.70112160 0.71304180 0.00000077
vn 0.25186440 0.96540670 -0.06748464
vn 0.67721060 0.71306580 -0.18144710
vn 0.22581560 0.96540660 -0.13037480
vn 0.60716940 0.71305890 -0.35055980
vn 0.86129400 0.10430660 0.49728550
vn 0.96065710 0.10430650 0.25740630
vn 0.99454330 0.10432430 0.00000000
vn 0.96065540 0.10432420 -0.25740590
vn 0.70324230 0.10430480 0.70325730
vn 0.49575280 0.71305570 0.49576280
vn 0.49728550 0.10429540 0.86129530
vn 0.35054950 0.71306060 0.60717350
vn 0.49968670 0.03604243 0.86545600
vn 0.70664220 0.03602384 0.70665340
vn 0.49886130 0.06809810 0.86400230
vn 0.70546850 0.06817220 0.70545490
vn 0.86545740 0.03601237 0.49968660
vn 0.86400550 0.06817138 0.49884580
vn 0.96529720 0.03603557 0.25865570
vn 0.96367370 0.06817113 0.25823570
vn 0.99935050 0.03603568 0.00000000
vn 0.99768380 0.06802244 -0.00000043
vn 0.96529670 0.03604709 -0.25865560
vn 0.96367360 0.06817094 -0.25823620
vn 0.86129300 0.10431540 -0.49728540
vn 0.49574960 0.71306030 -0.49575940
vn 0.86545660 0.03603536 -0.49968610
vn 0.86400490 0.06817082 -0.49884700
vn 0.70324270 0.10430090 -0.70325740
vn 0.35055260 0.71305690 -0.60717610
vn 0.49728570 0.10429540 -0.86129520
vn 0.70664270 0.03601240 -0.70665350
vn 0.70547600 0.06802268 -0.70546190
vn 0.49968660 0.03603663 -0.86545630
vn 0.49885840 0.06817178 -0.86399810
vn -0.25186390 0.96540680 -0.06748535
vn -0.22581510 0.96540660 -0.13037510
vn -0.60717740 0.71305220 -0.35055970
vn -0.67721870 0.71305760 -0.18144940
vn -0.26075200 0.96540580 -0.00000040
vn -0.70112830 0.71303510 -0.00000114
vn -0.25186190 0.96540750 0.06748310
vn -0.67721240 0.71306410 0.18144680
vn -0.22581220 0.96540770 0.13037240
vn -0.60716590 0.71306280 0.35055820
vn -0.86130420 0.10431580 -0.49726590
vn -0.96065540 0.10432420 -0.25740570
vn -0.99454240 0.10433360 0.00000000
vn -0.96065630 0.10431550 0.25740610
vn -0.70324400 0.10430540 -0.70325540
vn -0.49574930 0.71306070 -0.49575890
vn -0.49727530 0.10428840 -0.86130200
vn -0.35054800 0.71306260 -0.60717190
vn -0.49967660 0.03603584 -0.86546210
vn -0.70664090 0.03604107 -0.70665380
vn -0.49885820 0.06817178 -0.86399830
vn -0.70546820 0.06817156 -0.70545540
vn -0.86546650 0.03605873 -0.49966740
vn -0.86399610 0.06831966 -0.49884170
vn -0.96529670 0.03604711 -0.25865580
vn -0.96367360 0.06817094 -0.25823630
vn -0.99935050 0.03603570 0.00000000
vn -0.99768380 0.06802245 -0.00000021
vn -0.96529700 0.03603559 0.25865600
vn -0.96367380 0.06817116 0.25823540
vn -0.86129390 0.10430620 0.49728570
vn -0.49575440 0.71305530 0.49576170
vn -0.86545650 0.03603540 0.49968620
vn -0.86400560 0.06817140 0.49884570
vn -0.70324190 0.10430470 0.70325770
vn -0.35055180 0.71305510 0.60717860
vn -0.49728530 0.10429120 0.86129580
vn -0.70664140 0.03603543 0.70665360
vn -0.70547130 0.06809784 0.70545940
vn -0.49968650 0.03603669 0.86545630
vn -0.49886150 0.06809810 0.86400220
vn 0.18146280 0.71304500 -0.67722820
vn 0.35055260 0.71305690 -0.60717610
vn 0.49728570 0.10429540 -0.86129520
vn 0.25740930 0.10430020 -0.96065700
vn 0.00000017 0.71306030 -0.70110270
vn 0.49968660 0.03603663 -0.86545630
vn 0.00000000 0.10429420 -0.99454650
vn -0.18146110 0.71305300 -0.67722030
vn 0.25865300 0.03604308 -0.96529760
vn 0.49885840 0.06817178 -0.86399810
vn 0.25820600 0.06817082 -0.96368170
vn 0.00000000 0.03603753 -0.99935050
vn -0.00000013 0.06817036 -0.99767370
vn -0.25741060 0.10428560 -0.96065830
vn -0.35054800 0.71306260 -0.60717190
vn -0.49727530 0.10428840 -0.86130200
vn -0.25865390 0.03603730 -0.96529760
vn -0.25820640 0.06817080 -0.96368160
vn -0.49967660 0.03603584 -0.86546210
vn -0.49885820 0.06817178 -0.86399830
vn -0.18146110 0.71305250 0.67722070
vn -0.35055180 0.71305510 0.60717860
vn -0.49728530 0.10429120 0.86129580
vn -0.25741050 0.10429350 0.96065750
vn 0.00000088 0.71306500 0.70109800
vn -0.49968650 0.03603669 0.86545630
vn 0.00000039 0.10430210 0.99454570
vn 0.18146140 0.71305120 0.67722220
vn -0.25865360 0.03604596 0.96529740
vn -0.49886150 0.06809810 0.86400220
vn -0.25820690 0.06817146 0.96368150
vn 0.00000043 0.03604041 0.99935040
vn 0.00000072 0.06817099 0.99767370
vn 0.25741030 0.10429550 0.96065720
vn 0.35054950 0.71306060 0.60717350
vn 0.49728550 0.10429540 0.86129530
vn 0.25865370 0.03603737 0.96529770
vn 0.25820790 0.06809705 0.96368640
vn 0.49968670 0.03604243 0.86545600
vn 0.49886130 0.06809810 0.86400230
vn -0.36548290 0.68241470 0.63303430
vn -0.49702580 -0.10890150 0.86087500
vn -0.70290240 -0.10890030 0.70290040
vn -0.51687080 0.68241490 0.51686990
vn -0.86087480 -0.10889300 0.49702810
vn -0.63303150 0.68241840 0.36548080
vn -0.37993710 -0.89862670 0.21935790
vn -0.31021700 -0.89862760 0.31021570
vn -0.42376250 -0.89862800 0.11354720
vn -0.96018240 -0.10888560 0.25728100
vn -0.43871140 -0.89862800 0.00000000
vn -0.70605670 0.68241640 0.18918780
vn -0.99405370 -0.10889130 0.00000000
vn -0.42376490 -0.89862690 -0.11354790
vn -0.73096470 0.68241520 -0.00000023
vn -0.41903000 0.90100350 0.11227860
vn -0.43381460 0.90100220 -0.00000028
vn -0.96018080 -0.10890090 -0.25728090
vn -0.37993720 -0.89862690 -0.21935720
vn -0.70605990 0.68241270 -0.18918870
vn -0.41902610 0.90100550 -0.11227740
vn -0.86087450 -0.10889790 -0.49702750
vn -0.31021800 -0.89862750 -0.31021540
vn -0.63303320 0.68241600 -0.36548240
vn -0.70290210 -0.10890430 -0.70290010
vn -0.51687170 0.68241310 -0.51687130
vn -0.49702560 -0.10890930 -0.86087410
vn -0.36548470 0.68241110 -0.63303710
vn 0.41902480 0.90100600 0.11227760
vn 0.70605540 0.68241760 0.18918780
vn 0.63303120 0.68241900 0.36548040
vn 0.37568830 0.90100570 0.21690330
vn 0.51687080 0.68241500 0.51686980
vn 0.30674900 0.90100510 0.30674900
vn 0.36548370 0.68241300 0.63303560
vn 0.21690550 0.90100410 0.37569070
vn 0.18918800 0.68241460 0.70605830
vn 0.11227800 0.90100430 0.41902850
vn 0.00000000 0.68241400 0.73096590
vn 0.00000000 0.90100350 0.43381180
vn -0.18918720 0.68241550 0.70605760
vn -0.11227720 0.90100520 0.41902690
vn -0.36548290 0.68241470 0.63303430
vn -0.21690500 0.90100480 0.37568950
vn -0.51687080 0.68241490 0.51686990
vn -0.30674940 0.90100460 0.30675000
vn -0.63303150 0.68241840 0.36548080
vn -0.37568980 0.90100480 0.21690410
vn -0.70605670 0.68241640 0.18918780
vn -0.41903000 0.90100350 0.11227860
vn 0.11722150 0.97213010 0.20303220
vn 0.06067804 0.97213050 0.22645190
vn 0.00000000 0.97212980 0.23444320
vn -0.06067792 0.97213050 0.22645200
vn -0.11722150 0.97213020 0.20303190
vn -0.16577470 0.97213010 0.16577600
vn -0.20302990 0.97213090 0.11721960
vn 0.16577800 0.97212920 0.16577860
vn -0.22645420 0.97213000 0.06067676
vn -0.43381460 0.90100220 -0.00000028
vn 0.20303350 0.97212980 0.11722170
vn -0.23444300 0.97212990 -0.00000011
vn -0.41902610 0.90100550 -0.11227740
vn 0.22645540 0.97212980 0.06067706
vn 0.23444360 0.97212960 -0.00000024
vn 0.43380980 0.90100440 -0.00000049
vn 0.22645210 0.97213050 -0.06067754
vn 0.41902630 0.90100510 -0.11228000
vn -0.06894061 0.99682640 0.03980340
vn -0.07689354 0.99682650 0.02060265
vn 0.00000000 1.00000000 -0.00000016
vn -0.05629028 0.99682640 0.05629054
vn -0.03980313 0.99682650 0.06893968
vn -0.02060333 0.99682650 0.07689213
vn 0.00000000 0.99682640 0.07960618
vn 0.02060370 0.99682650 0.07689317
vn -0.07960559 0.99682650 0.00000000
vn 0.03980303 0.99682650 0.06894025
vn 0.05629215 0.99682620 0.05629218
vn 0.06894153 0.99682640 0.03980288
vn 0.07689530 0.99682630 0.02060336
vn 0.07960694 0.99682640 -0.00000025
vn 0.07689460 0.99682640 -0.02060327
vn -0.22645260 0.97213050 -0.06067633
vn -0.07689430 0.99682640 -0.02060336
vn 0.06894153 0.99682640 -0.03980435
vn -0.06894150 0.99682640 -0.03980340
vn 0.05629121 0.99682630 -0.05629162
vn 0.20302960 0.97213090 -0.11722000
vn -0.20303200 0.97213020 -0.11722120
vn -0.37568870 0.90100530 -0.21690430
vn 0.37568830 0.90100550 -0.21690420
vn 0.70605720 0.68241530 -0.18918940
vn 0.63303350 0.68241570 -0.36548240
vn 0.16577570 0.97213000 -0.16577580
vn 0.30675160 0.90100380 -0.30675030
vn 0.51687370 0.68241120 -0.51687200
vn -0.63303320 0.68241600 -0.36548240
vn -0.70605990 0.68241270 -0.18918870
vn -0.51687170 0.68241310 -0.51687130
vn -0.30675010 0.90100380 -0.30675140
vn -0.36548470 0.68241110 -0.63303710
vn 0.03980369 0.99682640 -0.06894176
vn 0.11722120 0.97212990 -0.20303380
vn 0.21690450 0.90100470 -0.37568990
vn 0.36548300 0.68241440 -0.63303460
vn -0.16577650 0.97212960 -0.16577780
vn -0.21690580 0.90100380 -0.37569120
vn -0.18918830 0.68241350 -0.70605910
vn 0.02060385 0.99682640 -0.07689404
vn 0.11227670 0.90100680 -0.41902370
vn 0.18918680 0.68241880 -0.70605460
vn 0.06067784 0.97213020 -0.22645310
vn -0.05629242 0.99682620 -0.05629257
vn -0.11722050 0.97213050 -0.20303120
vn -0.11227800 0.90100430 -0.41902840
vn -0.00000048 0.68241550 -0.73096450
vn -0.00000037 0.90100480 -0.43380910
vn 0.00000000 0.99682640 -0.07960626
vn -0.00000016 0.97212990 -0.23444300
vn -0.06067796 0.97213050 -0.22645230
vn -0.03980263 0.99682650 -0.06894025
vn -0.02060351 0.99682650 -0.07689303
vn 0.43380980 0.90100440 -0.00000049
vn 0.70605540 0.68241760 0.18918780
vn 0.41902480 0.90100600 0.11227760
vn 0.73096380 0.68241630 -0.00000044
vn 0.41902630 0.90100510 -0.11228000
vn 0.70605720 0.68241530 -0.18918940
vn 0.96018180 -0.10889340 0.25728030
vn 0.99405330 -0.10889520 0.00000000
vn 0.86087500 -0.10889450 0.49702770
vn 0.63303120 0.68241900 0.36548040
vn 0.96018170 -0.10889290 -0.25728090
vn 0.63303350 0.68241570 -0.36548240
vn 0.70290230 -0.10889910 0.70290050
vn 0.51687080 0.68241500 0.51686980
vn 0.49702630 -0.10890330 0.86087450
vn 0.36548370 0.68241300 0.63303560
vn 0.31021800 -0.89862720 0.31021580
vn 0.37993740 -0.89862660 0.21935770
vn 0.42376740 -0.89862570 0.11354830
vn 0.43871640 -0.89862560 0.00000031
vn 0.42376720 -0.89862570 -0.11354870
vn 0.86087500 -0.10889370 -0.49702750
vn 0.51687370 0.68241120 -0.51687200
vn 0.37993830 -0.89862620 -0.21935780
vn 0.70290090 -0.10890500 -0.70290120
vn 0.31021630 -0.89862730 -0.31021710
vn 0.36548300 0.68241440 -0.63303460
vn 0.49702660 -0.10890900 -0.86087370
vn -0.18918720 0.68241550 0.70605760
vn -0.49702580 -0.10890150 0.86087500
vn -0.36548290 0.68241470 0.63303430
vn -0.25727860 -0.10890050 0.96018150
vn 0.00000000 0.68241400 0.73096590
vn 0.00000000 -0.10890330 0.99405240
vn 0.18918800 0.68241460 0.70605830
vn 0.25727910 -0.10890400 0.96018090
vn 0.36548370 0.68241300 0.63303560
vn 0.49702630 -0.10890330 0.86087450
vn 0.18918680 0.68241880 -0.70605460
vn 0.49702660 -0.10890900 -0.86087370
vn 0.36548300 0.68241440 -0.63303460
vn 0.25727920 -0.10890470 -0.96018080
vn -0.00000048 0.68241550 -0.73096450
vn -0.00000054 -0.10890500 -0.99405220
vn -0.18918830 0.68241350 -0.70605910
vn -0.25727910 -0.10890350 -0.96018090
vn -0.36548470 0.68241110 -0.63303710
vn -0.49702560 -0.10890930 -0.86087410
vn -0.49702580 -0.10890150 0.86087500
vn -0.31021700 -0.89862760 0.31021570
vn -0.70290240 -0.10890030 0.70290040
vn -0.21935760 -0.89862670 0.37993710
vn -0.25727860 -0.10890050 0.96018150
vn -0.11354770 -0.89862660 0.42376570
vn 0.00000000 -0.10890330 0.99405240
vn 0.00000000 -0.89862830 0.43871090
vn 0.25727910 -0.10890400 0.96018090
vn 0.11354700 -0.89862780 0.42376300
vn 0.49702630 -0.10890330 0.86087450
vn 0.21935670 -0.89862760 0.37993550
vn 0.70290230 -0.10889910 0.70290050
vn 0.31021800 -0.89862720 0.31021580
vn -0.17524950 -0.96880110 0.17524850
vn -0.12392070 -0.96880060 0.21463710
vn -0.06414591 -0.96880060 0.23939640
vn 0.00000000 -0.96880130 0.24783880
vn 0.06414612 -0.96880040 0.23939720
vn 0.12392080 -0.96880060 0.21463680
vn -0.21463600 -0.96880080 0.12392060
vn -0.37993710 -0.89862670 0.21935790
vn 0.17525020 -0.96880110 0.17524760
vn 0.37993740 -0.89862660 0.21935770
vn -0.23939500 -0.96880100 0.06414650
vn -0.42376250 -0.89862800 0.11354720
vn 0.21463630 -0.96880070 0.12392060
vn 0.42376740 -0.89862570 0.11354830
vn -0.24783960 -0.96880100 0.00000000
vn -0.43871140 -0.89862800 0.00000000
vn 0.23939550 -0.96880080 0.06414664
vn 0.43871640 -0.89862560 0.00000031
vn -0.23939500 -0.96880100 -0.06414622
vn -0.42376490 -0.89862690 -0.11354790
vn 0.24783950 -0.96880100 0.00000040
vn 0.42376720 -0.89862570 -0.11354870
vn -0.21463620 -0.96880080 -0.12392040
vn -0.37993720 -0.89862690 -0.21935720
vn 0.23939420 -0.96880110 -0.06414631
vn 0.37993830 -0.89862620 -0.21935780
vn -0.17525060 -0.96880100 -0.17524770
vn -0.31021800 -0.89862750 -0.31021540
vn 0.21463560 -0.96880100 -0.12392040
vn 0.31021630 -0.89862730 -0.31021710
vn -0.23013420 -0.97120330 -0.06166410
vn -0.23825190 -0.97120340 0.00000033
vn -0.20633270 -0.97120350 -0.11912420
vn -0.23013280 -0.97120360 0.06166396
vn -0.20632920 -0.97120450 0.11912200
vn -0.16846790 -0.97120480 -0.16846260
vn -0.16847020 -0.97120370 0.16846690
vn -0.11912890 -0.97120250 0.20633480
vn -0.51903360 -0.67913830 0.51901390
vn -0.36700290 -0.67914950 0.63566100
vn -0.06166273 -0.97120380 0.23013200
vn -0.18997100 -0.67913980 0.70899930
vn -0.00000019 -0.97120460 0.23824690
vn -0.00000076 -0.67915230 0.73399720
vn 0.06166423 -0.97120300 0.23013500
vn 0.18997060 -0.67914910 0.70899060
vn 0.11912730 -0.97120300 0.20633280
vn 0.36700320 -0.67914790 0.63566240
vn 0.16846680 -0.97120520 0.16846170
vn 0.51903090 -0.67914210 0.51901140
vn 0.20633160 -0.97120390 0.11912280
vn 0.23013460 -0.97120300 0.06166492
vn 0.23825240 -0.97120330 0.00000066
vn 0.23013190 -0.97120380 -0.06166378
vn 0.20632830 -0.97120480 -0.11912250
vn 0.17524970 -0.96880080 -0.17524970
vn 0.16846780 -0.97120460 -0.16846400
vn 0.21935600 -0.89862780 -0.37993570
vn 0.12392180 -0.96880010 -0.21463880
vn 0.49702660 -0.10890900 -0.86087370
vn 0.70290090 -0.10890500 -0.70290120
vn 0.25727920 -0.10890470 -0.96018080
vn 0.11354840 -0.89862640 -0.42376570
vn -0.00000054 -0.10890500 -0.99405220
vn 0.11912870 -0.97120250 -0.20633470
vn 0.51902560 -0.67915050 -0.51900580
vn 0.36700190 -0.67915050 -0.63566040
vn -0.00000017 -0.89862700 -0.43871330
vn -0.25727910 -0.10890350 -0.96018090
vn 0.06414680 -0.96880040 -0.23939730
vn 0.06166332 -0.97120360 -0.23013290
vn 0.18997030 -0.67914060 -0.70899880
vn -0.11354740 -0.89862690 -0.42376500
vn -0.49702560 -0.10890930 -0.86087410
vn 0.00000000 -0.96880140 -0.24783860
vn 0.00000024 -0.97120490 -0.23824580
vn 0.00000111 -0.67914250 -0.73400650
vn -0.21935680 -0.89862730 -0.37993610
vn -0.70290210 -0.10890430 -0.70290010
vn -0.06414574 -0.96880050 -0.23939680
vn -0.06166416 -0.97120290 -0.23013630
vn -0.18997150 -0.67914030 -0.70899880
vn -0.12392050 -0.96880070 -0.21463650
vn -0.11912670 -0.97120330 -0.20633220
vn -0.36699790 -0.67915980 -0.63565280
vn -0.51902820 -0.67914740 -0.51900730
vn -0.20633270 -0.97120350 -0.11912420
vn -0.51902820 -0.67914740 -0.51900730
vn -0.16846790 -0.97120480 -0.16846260
vn -0.63567440 -0.67913910 -0.36699870
vn -0.23013420 -0.97120330 -0.06166410
vn -0.70899680 -0.67914220 -0.18997200
vn -0.23825190 -0.97120340 0.00000033
vn -0.73401720 -0.67913090 0.00000015
vn -0.23013280 -0.97120360 0.06166396
vn -0.70900250 -0.67913590 0.18997330
vn -0.20632920 -0.97120450 0.11912200
vn -0.63567970 -0.67913290 0.36700120
vn -0.16847020 -0.97120370 0.16846690
vn -0.51903360 -0.67913830 0.51901390
vn -0.70325930 -0.10434990 -0.70323370
vn -0.86129900 -0.10434000 -0.49726970
vn -0.96065340 -0.10435700 -0.25740000
vn -0.99453930 -0.10436180 -0.00000016
vn -0.96065430 -0.10434650 0.25740090
vn -0.86129820 -0.10434610 0.49726970
vn -0.49726380 -0.10435410 -0.86130070
vn -0.36699790 -0.67915980 -0.63565280
vn -0.49980430 -0.02737989 -0.86570550
vn -0.70685150 -0.02738532 -0.70683170
vn -0.86570050 -0.02736330 -0.49981390
vn -0.96556510 -0.02736687 -0.25871790
vn -0.99962470 -0.02739445 -0.00000010
vn -0.96556470 -0.02738545 0.25871790
vn -0.86570000 -0.02738217 0.49981360
vn -0.70325900 -0.10435800 0.70323260
vn -0.36700290 -0.67914950 0.63566100
vn -0.70685150 -0.02739268 0.70683150
vn -0.49726350 -0.10435900 0.86130030
vn -0.49980430 -0.02739094 0.86570510
vn 0.20633160 -0.97120390 0.11912280
vn 0.51903090 -0.67914210 0.51901140
vn 0.16846680 -0.97120520 0.16846170
vn 0.63567070 -0.67914400 0.36699620
vn 0.23013460 -0.97120300 0.06166492
vn 0.70899420 -0.67914520 0.18997150
vn 0.23825240 -0.97120330 0.00000066
vn 0.73401940 -0.67912850 0.00000017
vn 0.23013190 -0.97120380 -0.06166378
vn 0.70900540 -0.67913280 -0.18997390
vn 0.20632830 -0.97120480 -0.11912250
vn 0.63566990 -0.67914430 -0.36699680
vn 0.16846780 -0.97120460 -0.16846400
vn 0.51902560 -0.67915050 -0.51900580
vn 0.70326020 -0.10434400 0.70323350
vn 0.86129850 -0.10434640 0.49726940
vn 0.96065260 -0.10436280 0.25740050
vn 0.99453880 -0.10436630 -0.00000015
vn 0.96065360 -0.10435410 -0.25740030
vn 0.86129830 -0.10434760 -0.49726930
vn 0.49726370 -0.10435020 0.86130120
vn 0.36700320 -0.67914790 0.63566240
vn 0.49980440 -0.02738174 0.86570540
vn 0.70685170 -0.02738809 0.70683130
vn 0.86570050 -0.02737298 0.49981340
vn 0.96556490 -0.02737570 0.25871790
vn 0.99962480 -0.02738995 0.00000000
vn 0.96556510 -0.02736801 -0.25871800
vn 0.86570010 -0.02737763 -0.49981380
vn 0.70325800 -0.10436560 -0.70323260
vn 0.36700190 -0.67915050 -0.63566040
vn 0.70685090 -0.02739735 -0.70683180
vn 0.49726260 -0.10436390 -0.86130020
vn 0.49980420 -0.02739099 -0.86570520
vn -0.18997100 -0.67913980 0.70899930
vn -0.49726350 -0.10435900 0.86130030
vn -0.36700290 -0.67914950 0.63566100
vn -0.25740160 -0.10435370 0.96065330
vn -0.49980430 -0.02739094 0.86570510
vn -0.00000076 -0.67915230 0.73399720
vn -0.25872020 -0.02738375 0.96556410
vn -0.00000012 -0.10435020 0.99454060
vn 0.18997060 -0.67914910 0.70899060
vn -0.00000011 -0.02737657 0.99962520
vn 0.25740210 -0.10434870 0.96065370
vn 0.36700320 -0.67914790 0.63566240
vn 0.25872060 -0.02737639 0.96556410
vn 0.49726370 -0.10435020 0.86130120
vn 0.49980440 -0.02738174 0.86570540
vn 0.18997030 -0.67914060 -0.70899880
vn 0.49726260 -0.10436390 -0.86130020
vn 0.36700190 -0.67915050 -0.63566040
vn 0.25740130 -0.10435560 -0.96065320
vn 0.49980420 -0.02739099 -0.86570520
vn 0.00000111 -0.67914250 -0.73400650
vn 0.25872040 -0.02738562 -0.96556400
vn -0.00000049 -0.10434390 -0.99454130
vn -0.18997150 -0.67914030 -0.70899880
vn -0.00000059 -0.02737474 -0.99962520
vn -0.25740190 -0.10434610 -0.96065410
vn -0.36699790 -0.67915980 -0.63565280
vn -0.25872060 -0.02737272 -0.96556430
vn -0.49726380 -0.10435410 -0.86130070
vn -0.49980430 -0.02737989 -0.86570550
vn -0.00739186 0.99997270 -0.00000095
vn -0.00739186 0.99997270 -0.00000095
vn -0.00714062 0.99997270 0.00191397
vn -0.00714062 0.99997270 0.00191399
vn -0.00713929 0.99997270 -0.00191498
vn -0.00640229 0.99997270 0.00369674
vn -0.00713930 0.99997270 -0.00191496
vn -0.00640228 0.99997270 0.00369674
vn -0.00640072 0.99997270 -0.00369587
vn -0.00522708 0.99997270 0.00522944
vn -0.00640072 0.99997270 -0.00369586
vn -0.00522704 0.99997270 0.00522948
vn -0.00522573 0.99997270 -0.00522613
vn -0.00369533 0.99997270 0.00640220
vn -0.00522577 0.99997270 -0.00522609
vn -0.00369537 0.99997270 0.00640218
vn -0.00369435 0.99997270 -0.00639950
vn -0.00191258 0.99997270 0.00713814
vn -0.00369431 0.99997270 -0.00639953
vn -0.00191253 0.99997270 0.00713815
vn -0.00191258 0.99997270 -0.00713841
vn 0.00000000 0.99997270 0.00739045
vn -0.00191263 0.99997270 -0.00713840
vn 0.00000000 0.99997270 0.00739045
vn 0.00000000 0.99997270 -0.00739022
vn 0.00191278 0.99997270 0.00713948
vn 0.00000000 0.99997270 -0.00739022
vn 0.00191273 0.99997270 0.00713950
vn 0.00191276 0.99997270 -0.00713788
vn 0.00369488 0.99997270 0.00640236
vn 0.00191281 0.99997270 -0.00713786
vn 0.00369492 0.99997270 0.00640234
vn 0.00369479 0.99997270 -0.00639981
vn 0.00522630 0.99997270 0.00522852
vn 0.00369475 0.99997270 -0.00639983
vn 0.00522626 0.99997270 0.00522856
vn 0.00522554 0.99997270 -0.00522741
vn 0.00640252 0.99997270 0.00369684
vn 0.00522558 0.99997270 -0.00522737
vn 0.00640252 0.99997270 0.00369685
vn 0.00640063 0.99997270 -0.00369769
vn 0.00714073 0.99997270 0.00191402
vn 0.00640063 0.99997270 -0.00369768
vn 0.00714072 0.99997270 0.00191403
vn 0.00713925 0.99997270 -0.00191595
vn 0.00739149 0.99997270 -0.00000090
vn 0.00713925 0.99997270 -0.00191593
vn 0.00739149 0.99997270 -0.00000090
vt 0.22348010 0.38509770
vt 0.24939320 0.40691120
vt 0.24939320 0.37780530
vt 0.22348010 0.41286530
vt 0.24939320 0.44484250
vt 0.22348010 0.44905280
vt 0.26744590 0.45193200
vt 0.26744590 0.41693700
vt 0.26744590 0.49268430
vt 0.24939320 0.48901470
vt 0.26744590 0.53641710
vt 0.22348010 0.49119400
vt 0.24939320 0.53641710
vt 0.26744600 0.58014980
vt 0.22348010 0.53641710
vt 0.19648120 0.50321030
vt 0.19648130 0.53641710
vt 0.24939320 0.58381960
vt 0.26744600 0.62090220
vt 0.22348010 0.58164010
vt 0.19648130 0.56962390
vt 0.24939320 0.62799160
vt 0.26744600 0.65589710
vt 0.22348010 0.62378130
vt 0.24939320 0.66592290
vt 0.22348010 0.65996870
vt 0.24939320 0.69502880
vt 0.22348010 0.68773630
vt 0.67180730 0.51028510
vt 0.64787480 0.46296390
vt 0.63262270 0.49978560
vt 0.68300660 0.48324730
vt 0.67213730 0.43134440
vt 0.70082230 0.46002950
vt 0.70375670 0.40708190
vt 0.72404020 0.44221370
vt 0.74057840 0.39182980
vt 0.75107790 0.43101430
vt 0.78009310 0.38662760
vt 0.78009310 0.42719440
vt 0.81960760 0.39182980
vt 0.80910820 0.43101430
vt 0.85642930 0.40708180
vt 0.83614590 0.44221370
vt 0.88804890 0.43134430
vt 0.85936380 0.46002940
vt 0.91231130 0.46296380
vt 0.87717950 0.48324730
vt 0.92756340 0.49978550
vt 0.88837890 0.51028500
vt 0.74028350 0.47034800
vt 0.75948610 0.46239400
vt 0.78009310 0.45968110
vt 0.80070010 0.46239400
vt 0.81990250 0.47034800
vt 0.83639220 0.48300100
vt 0.84904520 0.49949060
vt 0.72379390 0.48300100
vt 0.85699920 0.51869310
vt 0.89219870 0.53930010
vt 0.71114090 0.49949060
vt 0.85971210 0.53930010
vt 0.88837890 0.56831520
vt 0.70318700 0.51869330
vt 0.70047400 0.53930010
vt 0.66798740 0.53930010
vt 0.70318700 0.55990700
vt 0.67180730 0.56831530
vt 0.82699690 0.51222010
vt 0.83240750 0.52528240
vt 0.78009310 0.53930010
vt 0.81838990 0.50100330
vt 0.80717310 0.49239630
vt 0.79411080 0.48698570
vt 0.78009310 0.48514020
vt 0.76607540 0.48698570
vt 0.83425300 0.53930010
vt 0.75301310 0.49239630
vt 0.74179620 0.50100330
vt 0.73318920 0.51222010
vt 0.72777870 0.52528250
vt 0.72593320 0.53930010
vt 0.72777870 0.55331780
vt 0.85699920 0.55990700
vt 0.73318920 0.56638010
vt 0.83240750 0.55331770
vt 0.74179640 0.57759700
vt 0.82699690 0.56638010
vt 0.71114090 0.57910960
vt 0.84904520 0.57910950
vt 0.87717950 0.59535290
vt 0.68300670 0.59535290
vt 0.63262280 0.57881470
vt 0.64787490 0.61563630
vt 0.72379400 0.59559930
vt 0.70082250 0.61857080
vt 0.67213740 0.64725590
vt 0.91231130 0.61563630
vt 0.92756340 0.57881460
vt 0.88804890 0.64725580
vt 0.85936380 0.61857070
vt 0.85642940 0.67151830
vt 0.75301310 0.58620390
vt 0.74028360 0.60825220
vt 0.72404030 0.63638650
vt 0.70375690 0.67151830
vt 0.83639220 0.59559920
vt 0.83614590 0.63638650
vt 0.81960770 0.68677040
vt 0.76607550 0.59161450
vt 0.75107800 0.64758590
vt 0.74057870 0.68677040
vt 0.75948620 0.61620620
vt 0.81838990 0.57759690
vt 0.81990260 0.60825220
vt 0.80910820 0.64758590
vt 0.78009320 0.69197260
vt 0.78009310 0.65140570
vt 0.78009310 0.59346000
vt 0.78009310 0.61891910
vt 0.80070010 0.61620620
vt 0.80717310 0.58620390
vt 0.79411080 0.59161450
vt 0.11889970 0.53641690
vt 0.11889960 0.56962360
vt 0.14589840 0.58163990
vt 0.14589840 0.53641690
vt 0.11889970 0.50321010
vt 0.14589840 0.49119380
vt 0.17181160 0.58381930
vt 0.17181160 0.53641690
vt 0.17181160 0.62799130
vt 0.14589840 0.62378110
vt 0.17181160 0.48901440
vt 0.14589850 0.44905260
vt 0.17181160 0.66592280
vt 0.14589840 0.65996860
vt 0.17181160 0.69502870
vt 0.14589840 0.68773620
vt 0.18986430 0.65589690
vt 0.18986430 0.62090200
vt 0.18986430 0.58014950
vt 0.18986430 0.53641690
vt 0.18986440 0.49268420
vt 0.17181160 0.44484240
vt 0.14589850 0.41286520
vt 0.18986440 0.45193180
vt 0.17181160 0.40691100
vt 0.18986440 0.41693690
vt 0.14589850 0.38509770
vt 0.17181160 0.37780540
vt 0.10085690 0.74168090
vt 0.10085690 0.70456070
vt 0.07803109 0.70085210
vt 0.07803109 0.73976110
vt 0.10085690 0.78151570
vt 0.07803109 0.78151570
vt 0.10085690 0.82135070
vt 0.07803109 0.82327040
vt 0.10085690 0.85847080
vt 0.07803109 0.86217940
vt 0.11144940 0.83296330
vt 0.11144940 0.87008360
vt 0.13427510 0.87379220
vt 0.13427510 0.83488300
vt 0.11144940 0.79312830
vt 0.13427510 0.79312830
vt 0.11144940 0.75329340
vt 0.13427510 0.75137380
vt 0.11144940 0.71617320
vt 0.13427510 0.71246450
vt 0.25305910 0.32630860
vt 0.28634210 0.30076960
vt 0.27754490 0.29197240
vt 0.24683860 0.31553430
vt 0.21430030 0.34236300
vt 0.21108030 0.33034580
vt 0.17270690 0.34783890
vt 0.17270690 0.33539770
vt 0.13111350 0.34236300
vt 0.13433350 0.33034580
vt 0.09235466 0.32630850
vt 0.09857521 0.31553420
vt 0.05907163 0.30076960
vt 0.06786886 0.29197230
vt 0.22859220 0.24301970
vt 0.21222380 0.25557960
vt 0.19316240 0.26347510
vt 0.17270690 0.26616810
vt 0.15225150 0.26347510
vt 0.13319010 0.25557960
vt 0.24115210 0.22665130
vt 0.30110680 0.26126600
vt 0.11682170 0.24301960
vt 0.04430710 0.26126600
vt 0.24904760 0.20758980
vt 0.31591830 0.22550780
vt 0.10426180 0.22665120
vt 0.02949555 0.22550770
vt 0.25174060 0.18713440
vt 0.32097020 0.18713440
vt 0.09636628 0.20758970
vt 0.02444360 0.18713430
vt 0.24904760 0.16667900
vt 0.31591830 0.14876100
vt 0.09367325 0.18713430
vt 0.02949560 0.14876100
vt 0.24115210 0.14761760
vt 0.30110680 0.11300270
vt 0.09636629 0.16667900
vt 0.04430719 0.11300270
vt 0.22859220 0.13124920
vt 0.27754490 0.08229643
vt 0.10426180 0.14761750
vt 0.06786902 0.08229636
vt 0.21015610 0.17710000
vt 0.21147710 0.18713440
vt 0.21015610 0.19716890
vt 0.20628290 0.16774930
vt 0.20628290 0.20651950
vt 0.20012160 0.21454910
vt 0.19479830 0.19988880
vt 0.19074450 0.20517190
vt 0.19209210 0.22071040
vt 0.18546140 0.20922570
vt 0.18274140 0.22458350
vt 0.17930910 0.21177410
vt 0.17270690 0.22590460
vt 0.17270690 0.21264330
vt 0.16267250 0.22458350
vt 0.16610470 0.21177410
vt 0.15332180 0.22071040
vt 0.15995250 0.20922570
vt 0.14529230 0.21454900
vt 0.15466940 0.20517190
vt 0.13913100 0.20651950
vt 0.15061560 0.19988880
vt 0.13525780 0.19716880
vt 0.13393680 0.18713430
vt 0.13525780 0.17709990
vt 0.13913100 0.16774930
vt 0.11682180 0.13124910
vt 0.14529230 0.15971970
vt 0.15061560 0.17438000
vt 0.15466950 0.16909690
vt 0.15332190 0.15355850
vt 0.15995250 0.16504300
vt 0.13319020 0.11868920
vt 0.09857538 0.05873458
vt 0.16267250 0.14968530
vt 0.16610480 0.16249470
vt 0.09235482 0.04796024
vt 0.05907182 0.07349910
vt 0.13111360 0.03190579
vt 0.13433360 0.04392299
vt 0.17270700 0.02642991
vt 0.15225160 0.11079370
vt 0.17270700 0.03887105
vt 0.21430040 0.03190579
vt 0.17270700 0.14836420
vt 0.17270690 0.16162550
vt 0.17270700 0.10810070
vt 0.21108040 0.04392305
vt 0.25305920 0.04796024
vt 0.18274140 0.14968530
vt 0.17930910 0.16249470
vt 0.19316240 0.11079370
vt 0.24683870 0.05873458
vt 0.28634220 0.07349924
vt 0.21222380 0.11868920
vt 0.19209210 0.15355850
vt 0.18546140 0.16504300
vt 0.20012160 0.15971980
vt 0.19074450 0.16909690
vt 0.19479830 0.17438000
vt 0.43555860 0.75804590
vt 0.43555860 0.76840230
vt 0.44563840 0.76105840
vt 0.44563840 0.75424440
vt 0.43555860 0.74693190
vt 0.44563840 0.74693190
vt 0.43555860 0.73581800
vt 0.44563840 0.73961960
vt 0.43555860 0.72546160
vt 0.44563840 0.73280560
vt 0.45434310 0.75982680
vt 0.45434310 0.75360680
vt 0.45434310 0.74693190
vt 0.45434310 0.74025710
vt 0.45434310 0.76516810
vt 0.44563840 0.76690980
vt 0.45434310 0.76926650
vt 0.44563840 0.77139990
vt 0.47801120 0.76858210
vt 0.47801120 0.76460920
vt 0.48002110 0.76846310
vt 0.48002110 0.76451210
vt 0.47801120 0.75943170
vt 0.48002110 0.75936300
vt 0.47801120 0.75340230
vt 0.48002110 0.75336670
vt 0.47801120 0.74693190
vt 0.48002110 0.74693190
vt 0.47801120 0.74046170
vt 0.48002110 0.74049720
vt 0.45434310 0.73403710
vt 0.44563840 0.72695420
vt 0.47801120 0.73443230
vt 0.48002110 0.73450090
vt 0.45434310 0.72869590
vt 0.44563840 0.72246420
vt 0.45434310 0.72459740
vt 0.47801120 0.72925470
vt 0.48002110 0.72935180
vt 0.47801120 0.72528190
vt 0.48002110 0.72540080
vt 0.38171830 0.75804570
vt 0.38171830 0.76840210
vt 0.39179790 0.76105830
vt 0.39179790 0.75424430
vt 0.38171830 0.74693190
vt 0.39179790 0.74693200
vt 0.38171830 0.73581810
vt 0.39179790 0.73961970
vt 0.38171830 0.72546180
vt 0.39179790 0.73280570
vt 0.40050250 0.75982670
vt 0.40050250 0.75360690
vt 0.40050250 0.74693200
vt 0.40050250 0.74025720
vt 0.40050250 0.76516780
vt 0.39179790 0.76690960
vt 0.40050250 0.76926620
vt 0.39179790 0.77139950
vt 0.42417030 0.76858190
vt 0.42417030 0.76460900
vt 0.42618010 0.76846280
vt 0.42618000 0.76451190
vt 0.42417030 0.75943150
vt 0.42618010 0.75936280
vt 0.42417030 0.75340220
vt 0.42618010 0.75336670
vt 0.42417030 0.74693200
vt 0.42618010 0.74693200
vt 0.42417030 0.74046180
vt 0.42618010 0.74049740
vt 0.40050250 0.73403730
vt 0.39179790 0.72695440
vt 0.42417030 0.73443250
vt 0.42618010 0.73450110
vt 0.40050250 0.72869620
vt 0.39179790 0.72246450
vt 0.40050250 0.72459770
vt 0.42417030 0.72925500
vt 0.42618010 0.72935210
vt 0.42417030 0.72528220
vt 0.42618010 0.72540100
vt 0.60438660 0.75464650
vt 0.61044440 0.75464650
vt 0.60934940 0.74690770
vt 0.60381980 0.74690770
vt 0.59788570 0.75464650
vt 0.60899810 0.72586650
vt 0.59788570 0.74690770
vt 0.59138480 0.75464650
vt 0.60363790 0.72586650
vt 0.60893700 0.72407970
vt 0.60360630 0.72407970
vt 0.59788570 0.72586650
vt 0.59788570 0.72407970
vt 0.59195150 0.74690770
vt 0.58532700 0.75464650
vt 0.58642190 0.74690770
vt 0.59213340 0.72586650
vt 0.59216500 0.72407970
vt 0.58677320 0.72586650
vt 0.58683430 0.72407970
vt 0.55611000 0.72408010
vt 0.55005220 0.72408010
vt 0.55114710 0.73181860
vt 0.55667670 0.73181860
vt 0.56261070 0.72408000
vt 0.55149840 0.75285960
vt 0.56261070 0.73181860
vt 0.56911150 0.72408010
vt 0.55685850 0.75285960
vt 0.55155940 0.75464640
vt 0.55689010 0.75464640
vt 0.56261070 0.75285960
vt 0.56261070 0.75464640
vt 0.56854470 0.73181860
vt 0.57516930 0.72408010
vt 0.57407430 0.73181860
vt 0.56836300 0.75285960
vt 0.56833130 0.75464640
vt 0.57372300 0.75285960
vt 0.57366200 0.75464640
vt 0.07151623 0.67649160
vt 0.09592874 0.68301510
vt 0.09592874 0.65504830
vt 0.07151628 0.64972190
vt 0.09592877 0.61860140
vt 0.07151628 0.61483510
vt 0.11220130 0.61239140
vt 0.11220130 0.64626610
vt 0.11220130 0.57294360
vt 0.09592877 0.57615810
vt 0.11220130 0.53061070
vt 0.07151628 0.57420850
vt 0.09592877 0.53061070
vt 0.11220130 0.48827790
vt 0.07151628 0.53061070
vt 0.04520040 0.56271800
vt 0.04520040 0.53061070
vt 0.09592877 0.48506340
vt 0.11220130 0.44883000
vt 0.07151628 0.48701300
vt 0.04520040 0.49850340
vt 0.09592877 0.44262000
vt 0.11220130 0.41495530
vt 0.07151628 0.44638640
vt 0.09592882 0.40617310
vt 0.07151628 0.41149950
vt 0.09592877 0.37820640
vt 0.07151628 0.38472990
vt 0.33355710 0.57504040
vt 0.29594430 0.58511860
vt 0.31070420 0.62075240
vt 0.34442690 0.60128270
vt 0.33418390 0.65135180
vt 0.36171840 0.62381740
vt 0.36478330 0.67483160
vt 0.38425310 0.64110890
vt 0.40041700 0.68959160
vt 0.41049540 0.65197890
vt 0.43865690 0.69462600
vt 0.43865690 0.65568630
vt 0.47689660 0.68959160
vt 0.46681830 0.65197890
vt 0.51253040 0.67483160
vt 0.49306060 0.64110900
vt 0.54312970 0.65135190
vt 0.51559530 0.62381740
vt 0.56660950 0.62075250
vt 0.53288690 0.60128270
vt 0.58136940 0.58511870
vt 0.54375670 0.57504040
vt 0.39997310 0.61388120
vt 0.41863270 0.62161020
vt 0.43865690 0.62424650
vt 0.45868100 0.62161020
vt 0.47734060 0.61388120
vt 0.49336390 0.60158610
vt 0.50565910 0.58556280
vt 0.38394980 0.60158610
vt 0.51338810 0.56690320
vt 0.54746430 0.54687910
vt 0.37165460 0.58556260
vt 0.51602440 0.54687910
vt 0.54375670 0.51871760
vt 0.36392560 0.56690320
vt 0.36128940 0.54687890
vt 0.32984950 0.54687890
vt 0.36392570 0.52685480
vt 0.33355710 0.51871760
vt 0.48460850 0.57340920
vt 0.48990920 0.56061200
vt 0.43865690 0.54687890
vt 0.47617620 0.58439830
vt 0.46518710 0.59283070
vt 0.45238990 0.59813140
vt 0.43865690 0.59993940
vt 0.42492380 0.59813140
vt 0.49171720 0.54687890
vt 0.41212670 0.59283060
vt 0.40113750 0.58439830
vt 0.39270520 0.57340920
vt 0.38740450 0.56061200
vt 0.38559650 0.54687890
vt 0.38740450 0.53314600
vt 0.51338810 0.52685480
vt 0.48990920 0.53314600
vt 0.39270520 0.52034880
vt 0.48460850 0.52034880
vt 0.40113750 0.50935970
vt 0.37165470 0.50819520
vt 0.50565910 0.50819520
vt 0.53288690 0.49247530
vt 0.34442700 0.49247530
vt 0.29594430 0.50863920
vt 0.31070430 0.47300550
vt 0.38394990 0.49217190
vt 0.36171850 0.46994050
vt 0.33418410 0.44240610
vt 0.56660950 0.47300550
vt 0.58136940 0.50863930
vt 0.54312980 0.44240620
vt 0.51559530 0.46994070
vt 0.51253040 0.41892640
vt 0.41212670 0.50092730
vt 0.39997320 0.47987680
vt 0.38425330 0.45264910
vt 0.36478350 0.41892640
vt 0.49336390 0.49217190
vt 0.49306060 0.45264910
vt 0.47689670 0.40416650
vt 0.42492380 0.49562660
vt 0.41049550 0.44177920
vt 0.40041720 0.40416640
vt 0.41863270 0.47214770
vt 0.47617630 0.50935970
vt 0.47734060 0.47987680
vt 0.46681830 0.44177920
vt 0.43865690 0.39913210
vt 0.43865690 0.43807170
vt 0.43865690 0.49381860
vt 0.43865690 0.46951160
vt 0.45868100 0.47214780
vt 0.46518710 0.50092730
vt 0.45238990 0.49562660
vt 0.00236522 0.84347640
vt 0.02868115 0.79987870
vt 0.00236522 0.81136910
vt 0.02868115 0.84347640
vt 0.00236522 0.87558360
vt 0.02868115 0.88707420
vt 0.05309360 0.79792910
vt 0.05309360 0.84347640
vt 0.05309360 0.75548570
vt 0.02868115 0.75925210
vt 0.05309360 0.88902380
vt 0.02868115 0.92770080
vt 0.05309360 0.71903860
vt 0.02868107 0.72436510
vt 0.05309360 0.69107190
vt 0.02868107 0.69759540
vt 0.06936614 0.72782090
vt 0.06936614 0.76169560
vt 0.06936614 0.80114350
vt 0.06936614 0.84347640
vt 0.06936614 0.88580920
vt 0.05309360 0.93146710
vt 0.02868115 0.96258770
vt 0.06936614 0.92525710
vt 0.05309360 0.96791410
vt 0.06936614 0.95913190
vt 0.02868115 0.98935740
vt 0.05309360 0.99588080
vt 0.14480010 0.75134540
vt 0.16631930 0.71221380
vt 0.14480010 0.71553380
vt 0.16631930 0.74962690
vt 0.14480010 0.78977610
vt 0.16631930 0.78977610
vt 0.14480010 0.82820690
vt 0.16631930 0.82992550
vt 0.14480010 0.86401860
vt 0.16631930 0.86733860
vt 0.19788110 0.82820710
vt 0.17636190 0.86733880
vt 0.19788110 0.86401880
vt 0.17636190 0.82992560
vt 0.19788110 0.78977630
vt 0.17636190 0.78977630
vt 0.19788110 0.75134550
vt 0.17636190 0.74962680
vt 0.19788110 0.71553360
vt 0.17636190 0.71221360
vt 0.59429010 0.04649730
vt 0.61860180 0.07879219
vt 0.62631960 0.07107442
vt 0.58883290 0.05594960
vt 0.55699100 0.03104754
vt 0.55416620 0.04159024
vt 0.51696420 0.02577791
vt 0.51696420 0.03669250
vt 0.47693730 0.03104754
vt 0.47976210 0.04159024
vt 0.43963810 0.04649734
vt 0.44509550 0.05594968
vt 0.40760870 0.07107446
vt 0.41532640 0.07879222
vt 0.57121590 0.12617810
vt 0.55532600 0.11398530
vt 0.53682170 0.10632060
vt 0.51696420 0.10370630
vt 0.49710660 0.10632060
vt 0.47860240 0.11398530
vt 0.58340870 0.14206810
vt 0.64144440 0.10856120
vt 0.46271240 0.12617810
vt 0.39248390 0.10856130
vt 0.59107340 0.16057230
vt 0.65580380 0.14322780
vt 0.45051960 0.14206810
vt 0.37812460 0.14322790
vt 0.59368770 0.18042980
vt 0.66070150 0.18042980
vt 0.44285490 0.16057240
vt 0.37322690 0.18042990
vt 0.59107340 0.20028730
vt 0.65580380 0.21763180
vt 0.44024060 0.18042990
vt 0.37812460 0.21763180
vt 0.58340870 0.21879160
vt 0.64144440 0.25229850
vt 0.44285490 0.20028740
vt 0.39248400 0.25229850
vt 0.57121600 0.23468160
vt 0.61860180 0.28206740
vt 0.45051970 0.21879160
vt 0.41532660 0.28206750
vt 0.55077930 0.18949060
vt 0.55197220 0.18042980
vt 0.54728200 0.19793380
vt 0.55077930 0.17136910
vt 0.54728200 0.16292590
vt 0.54171850 0.20518420
vt 0.54171850 0.15567550
vt 0.53446820 0.15011210
vt 0.53148610 0.16590790
vt 0.52723270 0.16264420
vt 0.52602490 0.14661480
vt 0.52227960 0.16059250
vt 0.51696420 0.14542190
vt 0.51696420 0.15989270
vt 0.50790350 0.14661480
vt 0.51164880 0.16059250
vt 0.49946020 0.15011210
vt 0.50669560 0.16264420
vt 0.49220980 0.15567550
vt 0.50244230 0.16590790
vt 0.48664640 0.16292590
vt 0.48314910 0.17136910
vt 0.48195620 0.18042990
vt 0.48314910 0.18949060
vt 0.48664650 0.19793380
vt 0.46271250 0.23468160
vt 0.49220990 0.20518420
vt 0.44509560 0.30491000
vt 0.47860250 0.24687440
vt 0.43963830 0.31436230
vt 0.40760890 0.28978530
vt 0.47693740 0.32981220
vt 0.47976230 0.31926950
vt 0.51696430 0.33508180
vt 0.49946030 0.21074760
vt 0.50244230 0.19495170
vt 0.50669570 0.19821550
vt 0.51696430 0.32416710
vt 0.55699110 0.32981220
vt 0.49710680 0.25453910
vt 0.50790350 0.21424490
vt 0.51164880 0.20026710
vt 0.55416630 0.31926940
vt 0.59429020 0.31436230
vt 0.51696430 0.25715340
vt 0.51696430 0.21543780
vt 0.51696420 0.20096690
vt 0.58883290 0.30491000
vt 0.62631960 0.28978520
vt 0.53682170 0.25453910
vt 0.52602490 0.21424490
vt 0.52227960 0.20026710
vt 0.55532600 0.24687440
vt 0.53446820 0.21074760
vt 0.52723270 0.19821550
vt 0.53148610 0.19495170
vt 0.26438860 0.73026630
vt 0.27765780 0.73363550
vt 0.26438860 0.72207460
vt 0.27765780 0.73844110
vt 0.26438860 0.73980580
vt 0.27765780 0.74403740
vt 0.26438860 0.75004290
vt 0.27765780 0.75004290
vt 0.26438860 0.76028000
vt 0.27765780 0.75604840
vt 0.26438860 0.76981950
vt 0.27765780 0.76164460
vt 0.26438860 0.77801130
vt 0.27765780 0.76645020
vt 0.28769610 0.73567840
vt 0.28769610 0.73988560
vt 0.28769610 0.74478510
vt 0.28769610 0.75004290
vt 0.28769610 0.75530070
vt 0.28769610 0.76020010
vt 0.28769610 0.73245010
vt 0.27765780 0.72994810
vt 0.31417050 0.73307790
vt 0.31417050 0.73619110
vt 0.31417050 0.74024820
vt 0.31417050 0.74497280
vt 0.31417050 0.75004290
vt 0.31417050 0.75511300
vt 0.31417050 0.75983760
vt 0.28769610 0.76440750
vt 0.27765780 0.77013770
vt 0.31417050 0.76389470
vt 0.28769610 0.76763580
vt 0.31417050 0.76700780
vt 0.20683470 0.70934240
vt 0.22010390 0.71271170
vt 0.20683470 0.70115060
vt 0.22010390 0.71751730
vt 0.20683470 0.71888190
vt 0.22010390 0.72311350
vt 0.20683470 0.72911900
vt 0.22010390 0.72911900
vt 0.20683470 0.73935600
vt 0.22010390 0.73512450
vt 0.20683470 0.74889550
vt 0.22010390 0.74072070
vt 0.20683470 0.75708730
vt 0.22010390 0.74552630
vt 0.23014220 0.71475440
vt 0.23014220 0.71896170
vt 0.23014220 0.72386120
vt 0.23014220 0.72911900
vt 0.23014220 0.73437670
vt 0.23014220 0.73927620
vt 0.23014220 0.71152610
vt 0.22010390 0.70902410
vt 0.25661670 0.71215400
vt 0.25661670 0.71526710
vt 0.25661670 0.71932420
vt 0.25661670 0.72404890
vt 0.25661670 0.72911890
vt 0.25661670 0.73418900
vt 0.25661670 0.73891370
vt 0.23014220 0.74348340
vt 0.22010390 0.74921380
vt 0.25661670 0.74297080
vt 0.23014220 0.74671180
vt 0.25661670 0.74608400
vt 0.53530430 0.72418110
vt 0.53893010 0.73294780
vt 0.54019160 0.72418110
vt 0.53465130 0.73294780
vt 0.53861340 0.75606880
vt 0.53005940 0.72418110
vt 0.53448740 0.75606880
vt 0.53005940 0.73294780
vt 0.52481450 0.72418110
vt 0.53005940 0.75606880
vt 0.52546750 0.73294780
vt 0.51992730 0.72418110
vt 0.52563140 0.75606880
vt 0.52118870 0.73294780
vt 0.52150540 0.75606880
vt 0.49510940 0.75606860
vt 0.49148360 0.74730180
vt 0.49022210 0.75606860
vt 0.49576240 0.74730190
vt 0.49180020 0.72418110
vt 0.50035420 0.75606860
vt 0.49592630 0.72418110
vt 0.50035420 0.74730190
vt 0.50559900 0.75606860
vt 0.50035420 0.72418110
vt 0.50494590 0.74730190
vt 0.51048620 0.75606860
vt 0.50478210 0.72418110
vt 0.50922480 0.74730190
vt 0.50890810 0.72418110
vt 0.36879010 0.74734210
vt 0.36391840 0.74734210
vt 0.36335130 0.75164960
vt 0.36805700 0.75291060
vt 0.36805700 0.74177360
vt 0.36168860 0.75566360
vt 0.36335130 0.74303450
vt 0.36590770 0.75809960
vt 0.36590770 0.73658450
vt 0.35904370 0.75911060
vt 0.36168860 0.73902050
vt 0.36248860 0.76255540
vt 0.36248860 0.73212870
vt 0.35559680 0.76175550
vt 0.35904370 0.73557360
vt 0.35803260 0.76597450
vt 0.35803260 0.72870960
vt 0.35158280 0.76341810
vt 0.35559680 0.73292860
vt 0.35284370 0.76812380
vt 0.35284370 0.72656030
vt 0.34727520 0.76398530
vt 0.35158280 0.73126600
vt 0.34727520 0.76885690
vt 0.34727520 0.72582720
vt 0.34296760 0.76341810
vt 0.34727520 0.73069890
vt 0.34170670 0.76812380
vt 0.34170680 0.72656030
vt 0.33895360 0.76175550
vt 0.34296770 0.73126600
vt 0.33651780 0.76597450
vt 0.33651780 0.72870960
vt 0.33550670 0.75911060
vt 0.33895360 0.73292860
vt 0.33206190 0.76255540
vt 0.33206190 0.73212870
vt 0.33286180 0.75566360
vt 0.33550670 0.73557360
vt 0.32864270 0.75809960
vt 0.32864280 0.73658450
vt 0.33119910 0.75164960
vt 0.33286180 0.73902050
vt 0.32649340 0.75291060
vt 0.32649340 0.74177350
vt 0.33063200 0.74734210
vt 0.33119910 0.74303450
vt 0.32576030 0.74734210
f 3/3/3 2/2/2 1/1/1
f 2/2/2 4/4/4 1/1/1
f 2/2/2 5/5/5 4/4/4
f 5/5/5 6/6/6 4/4/4
f 7/7/7 5/5/5 2/2/2
f 8/8/8 7/7/7 2/2/2
f 7/7/7 9/9/9 5/5/5
f 5/5/5 10/10/10 6/6/6
f 9/9/9 10/10/10 5/5/5
f 9/9/9 11/11/11 10/10/10
f 10/10/10 12/12/12 6/6/6
f 11/11/11 13/13/13 10/10/10
f 10/10/10 13/13/13 12/12/12
f 11/11/11 14/14/14 13/13/13
f 13/13/13 15/15/15 12/12/12
f 12/12/12 15/15/15 16/16/16
f 15/15/15 17/17/17 16/16/16
f 14/14/14 18/18/18 13/13/13
f 13/13/13 18/18/18 15/15/15
f 14/14/14 19/19/19 18/18/18
f 15/15/15 20/20/20 17/17/17
f 18/18/18 20/20/20 15/15/15
f 20/20/20 21/21/21 17/17/17
f 19/19/19 22/22/22 18/18/18
f 18/18/18 22/22/22 20/20/20
f 19/19/19 23/23/23 22/22/22
f 22/22/22 24/24/24 20/20/20
f 23/23/23 25/25/25 22/22/22
f 22/22/22 25/25/25 24/24/24
f 25/25/25 26/26/26 24/24/24
f 25/25/25 27/27/27 26/26/26
f 27/27/27 28/28/28 26/26/26
f 31/31/31 30/30/30 29/29/29
f 30/30/30 32/32/32 29/29/29
f 30/30/30 33/33/33 32/32/32
f 33/33/33 34/34/34 32/32/32
f 33/33/33 35/35/35 34/34/34
f 35/35/35 36/36/36 34/34/34
f 35/35/35 37/37/37 36/36/36
f 37/37/37 38/38/38 36/36/36
f 37/37/37 39/39/39 38/38/38
f 39/39/39 40/40/40 38/38/38
f 39/39/39 41/41/41 40/40/40
f 41/41/41 42/42/42 40/40/40
f 41/41/41 43/43/43 42/42/42
f 43/43/43 44/44/44 42/42/42
f 43/43/43 45/45/45 44/44/44
f 45/45/45 46/46/46 44/44/44
f 45/45/45 47/47/47 46/46/46
f 47/47/47 48/48/48 46/46/46
f 47/47/47 49/49/49 48/48/48
f 49/49/49 50/50/50 48/48/48
f 36/36/36 38/38/38 51/51/51
f 38/38/38 40/40/40 52/52/52
f 38/38/38 52/52/52 51/51/51
f 40/40/40 42/42/42 53/53/53
f 40/40/40 53/53/53 52/52/52
f 42/42/42 44/44/44 54/54/54
f 42/42/42 54/54/54 53/53/53
f 44/44/44 46/46/46 55/55/55
f 44/44/44 55/55/55 54/54/54
f 46/46/46 48/48/48 56/56/56
f 46/46/46 56/56/56 55/55/55
f 48/48/48 50/50/50 57/57/57
f 48/48/48 57/57/57 56/56/56
f 36/36/36 51/51/51 58/58/58
f 34/34/34 36/36/36 58/58/58
f 50/50/50 59/59/59 57/57/57
f 50/50/50 60/60/60 59/59/59
f 34/34/34 58/58/58 61/61/61
f 32/32/32 34/34/34 61/61/61
f 60/60/60 62/62/62 59/59/59
f 60/60/60 63/63/63 62/62/62
f 32/32/32 61/61/61 64/64/64
f 29/29/29 32/32/32 64/64/64
f 29/29/29 64/64/64 65/65/65
f 66/66/66 29/29/29 65/65/65
f 66/66/66 65/65/65 67/67/67
f 68/68/68 66/66/66 67/67/67
f 57/57/57 59/59/59 69/69/69
f 59/59/59 62/62/62 70/70/70
f 59/59/59 70/70/70 69/69/69
f 69/69/69 70/70/70 71/71/71
f 57/57/57 69/69/69 72/72/72
f 72/72/72 69/69/69 71/71/71
f 56/56/56 57/57/57 72/72/72
f 56/56/56 72/72/72 73/73/73
f 73/73/73 72/72/72 71/71/71
f 55/55/55 56/56/56 73/73/73
f 55/55/55 73/73/73 74/74/74
f 74/74/74 73/73/73 71/71/71
f 54/54/54 55/55/55 74/74/74
f 54/54/54 74/74/74 75/75/75
f 75/75/75 74/74/74 71/71/71
f 53/53/53 54/54/54 75/75/75
f 53/53/53 75/75/75 76/76/76
f 76/76/76 75/75/75 71/71/71
f 52/52/52 53/53/53 76/76/76
f 70/70/70 77/77/77 71/71/71
f 78/78/78 76/76/76 71/71/71
f 52/52/52 76/76/76 78/78/78
f 79/79/79 78/78/78 71/71/71
f 51/51/51 52/52/52 78/78/78
f 51/51/51 78/78/78 79/79/79
f 58/58/58 51/51/51 79/79/79
f 62/62/62 77/77/77 70/70/70
f 58/58/58 79/79/79 80/80/80
f 80/80/80 79/79/79 71/71/71
f 61/61/61 58/58/58 80/80/80
f 61/61/61 80/80/80 81/81/81
f 81/81/81 80/80/80 71/71/71
f 64/64/64 61/61/61 81/81/81
f 64/64/64 81/81/81 82/82/82
f 82/82/82 81/81/81 71/71/71
f 65/65/65 64/64/64 82/82/82
f 65/65/65 82/82/82 83/83/83
f 83/83/83 82/82/82 71/71/71
f 67/67/67 65/65/65 83/83/83
f 62/62/62 84/84/84 77/77/77
f 63/63/63 84/84/84 62/62/62
f 85/85/85 83/83/83 71/71/71
f 67/67/67 83/83/83 85/85/85
f 77/77/77 86/86/86 71/71/71
f 84/84/84 86/86/86 77/77/77
f 87/87/87 85/85/85 71/71/71
f 86/86/86 88/88/88 71/71/71
f 89/89/89 67/67/67 85/85/85
f 89/89/89 85/85/85 87/87/87
f 68/68/68 67/67/67 89/89/89
f 84/84/84 90/90/90 86/86/86
f 90/90/90 88/88/88 86/86/86
f 63/63/63 91/91/91 84/84/84
f 91/91/91 90/90/90 84/84/84
f 92/92/92 68/68/68 89/89/89
f 93/93/93 68/68/68 92/92/92
f 94/94/94 93/93/93 92/92/92
f 95/95/95 89/89/89 87/87/87
f 92/92/92 89/89/89 95/95/95
f 94/94/94 92/92/92 96/96/96
f 96/96/96 92/92/92 95/95/95
f 97/97/97 94/94/94 96/96/96
f 98/98/98 91/91/91 63/63/63
f 99/99/99 98/98/98 63/63/63
f 98/98/98 100/100/100 91/91/91
f 100/100/100 101/101/101 91/91/91
f 91/91/91 101/101/101 90/90/90
f 100/100/100 102/102/102 101/101/101
f 95/95/95 87/87/87 103/103/103
f 103/103/103 87/87/87 71/71/71
f 96/96/96 95/95/95 104/104/104
f 104/104/104 95/95/95 103/103/103
f 97/97/97 96/96/96 105/105/105
f 105/105/105 96/96/96 104/104/104
f 106/106/106 97/97/97 105/105/105
f 101/101/101 107/107/107 90/90/90
f 90/90/90 107/107/107 88/88/88
f 102/102/102 108/108/108 101/101/101
f 101/101/101 108/108/108 107/107/107
f 102/102/102 109/109/109 108/108/108
f 104/104/104 103/103/103 110/110/110
f 110/110/110 103/103/103 71/71/71
f 106/106/106 105/105/105 111/111/111
f 112/112/112 106/106/106 111/111/111
f 105/105/105 104/104/104 113/113/113
f 113/113/113 104/104/104 110/110/110
f 111/111/111 105/105/105 113/113/113
f 107/107/107 114/114/114 88/88/88
f 88/88/88 114/114/114 71/71/71
f 108/108/108 115/115/115 107/107/107
f 107/107/107 115/115/115 114/114/114
f 109/109/109 116/116/116 108/108/108
f 108/108/108 116/116/116 115/115/115
f 109/109/109 117/117/117 116/116/116
f 117/117/117 112/112/112 118/118/118
f 112/112/112 111/111/111 118/118/118
f 117/117/117 118/118/118 116/116/116
f 113/113/113 110/110/110 119/119/119
f 119/119/119 110/110/110 71/71/71
f 111/111/111 113/113/113 120/120/120
f 118/118/118 111/111/111 120/120/120
f 120/120/120 113/113/113 119/119/119
f 116/116/116 118/118/118 121/121/121
f 116/116/116 121/121/121 115/115/115
f 118/118/118 120/120/120 121/121/121
f 115/115/115 122/122/122 114/114/114
f 114/114/114 122/122/122 71/71/71
f 115/115/115 121/121/121 122/122/122
f 120/120/120 119/119/119 123/123/123
f 123/123/123 119/119/119 71/71/71
f 122/122/122 123/123/123 71/71/71
f 121/121/121 120/120/120 123/123/123
f 121/121/121 123/123/123 122/122/122
f 126/126/126 125/125/125 124/124/124
f 127/127/127 126/126/126 124/124/124
f 127/127/127 124/124/124 128/128/128
f 129/129/129 127/127/127 128/128/128
f 130/130/130 126/126/126 127/127/127
f 131/131/131 127/127/127 129/129/129
f 131/131/131 130/130/130 127/127/127
f 130/130/130 132/132/132 126/126/126
f 132/132/132 133/133/133 126/126/126
f 134/134/134 131/131/131 129/129/129
f 134/134/134 129/129/129 135/135/135
f 132/132/132 136/136/136 133/133/133
f 136/136/136 137/137/137 133/133/133
f 136/136/136 138/138/138 137/137/137
f 138/138/138 139/139/139 137/137/137
f 140/140/140 136/136/136 132/132/132
f 141/141/141 140/140/140 132/132/132
f 141/141/141 132/132/132 130/130/130
f 142/142/142 141/141/141 130/130/130
f 142/142/142 130/130/130 131/131/131
f 143/143/143 142/142/142 131/131/131
f 143/143/143 131/131/131 134/134/134
f 144/144/144 143/143/143 134/134/134
f 145/145/145 134/134/134 135/135/135
f 144/144/144 134/134/134 145/145/145
f 145/145/145 135/135/135 146/146/146
f 147/147/147 144/144/144 145/145/145
f 148/148/148 145/145/145 146/146/146
f 147/147/147 145/145/145 148/148/148
f 149/149/149 147/147/147 148/148/148
f 148/148/148 146/146/146 150/150/150
f 151/151/151 148/148/148 150/150/150
f 154/154/154 153/153/153 152/152/152
f 155/155/155 154/154/154 152/152/152
f 155/155/155 152/152/152 156/156/156
f 157/157/157 155/155/155 156/156/156
f 157/157/157 156/156/156 158/158/158
f 159/159/159 157/157/157 158/158/158
f 159/159/159 158/158/158 160/160/160
f 161/161/161 159/159/159 160/160/160
f 164/164/164 163/163/163 162/162/162
f 165/165/165 164/164/164 162/162/162
f 165/165/165 162/162/162 166/166/166
f 167/167/167 165/165/165 166/166/166
f 167/167/167 166/166/166 168/168/168
f 169/169/169 167/167/167 168/168/168
f 169/169/169 168/168/168 170/170/170
f 171/171/171 169/169/169 170/170/170
f 174/174/174 173/173/173 172/172/172
f 175/175/175 174/174/174 172/172/172
f 175/175/175 172/172/172 176/176/176
f 177/177/177 175/175/175 176/176/176
f 177/177/177 176/176/176 178/178/178
f 179/179/179 177/177/177 178/178/178
f 179/179/179 178/178/178 180/180/180
f 181/181/181 179/179/179 180/180/180
f 181/181/181 180/180/180 182/182/182
f 183/183/183 181/181/181 182/182/182
f 183/183/183 182/182/182 184/184/184
f 185/185/185 183/183/183 184/184/184
f 186/186/186 174/174/174 175/175/175
f 187/187/187 175/175/175 177/177/177
f 187/187/187 186/186/186 175/175/175
f 188/188/188 177/177/177 179/179/179
f 188/188/188 187/187/187 177/177/177
f 189/189/189 179/179/179 181/181/181
f 189/189/189 188/188/188 179/179/179
f 190/190/190 181/181/181 183/183/183
f 190/190/190 189/189/189 181/181/181
f 191/191/191 183/183/183 185/185/185
f 191/191/191 190/190/190 183/183/183
f 186/186/186 192/192/192 174/174/174
f 192/192/192 193/193/193 174/174/174
f 194/194/194 191/191/191 185/185/185
f 194/194/194 185/185/185 195/195/195
f 192/192/192 196/196/196 193/193/193
f 196/196/196 197/197/197 193/193/193
f 198/198/198 194/194/194 195/195/195
f 198/198/198 195/195/195 199/199/199
f 196/196/196 200/200/200 197/197/197
f 200/200/200 201/201/201 197/197/197
f 202/202/202 198/198/198 199/199/199
f 202/202/202 199/199/199 203/203/203
f 200/200/200 204/204/204 201/201/201
f 204/204/204 205/205/205 201/201/201
f 206/206/206 202/202/202 203/203/203
f 206/206/206 203/203/203 207/207/207
f 204/204/204 208/208/208 205/205/205
f 208/208/208 209/209/209 205/205/205
f 210/210/210 206/206/206 207/207/207
f 210/210/210 207/207/207 211/211/211
f 208/208/208 212/212/212 209/209/209
f 212/212/212 213/213/213 209/209/209
f 214/214/214 210/210/210 211/211/211
f 214/214/214 211/211/211 215/215/215
f 216/216/216 204/204/204 200/200/200
f 217/217/217 216/216/216 200/200/200
f 217/217/217 200/200/200 196/196/196
f 218/218/218 217/217/217 196/196/196
f 218/218/218 196/196/196 192/192/192
f 216/216/216 219/219/219 204/204/204
f 219/219/219 208/208/208 204/204/204
f 220/220/220 218/218/218 192/192/192
f 220/220/220 192/192/192 186/186/186
f 221/221/221 220/220/220 186/186/186
f 222/222/222 220/220/220 221/221/221
f 221/221/221 186/186/186 187/187/187
f 223/223/223 222/222/222 221/221/221
f 224/224/224 221/221/221 187/187/187
f 223/223/223 221/221/221 224/224/224
f 224/224/224 187/187/187 188/188/188
f 225/225/225 223/223/223 224/224/224
f 226/226/226 224/224/224 188/188/188
f 225/225/225 224/224/224 226/226/226
f 226/226/226 188/188/188 189/189/189
f 227/227/227 225/225/225 226/226/226
f 228/228/228 226/226/226 189/189/189
f 227/227/227 226/226/226 228/228/228
f 228/228/228 189/189/189 190/190/190
f 229/229/229 227/227/227 228/228/228
f 230/230/230 228/228/228 190/190/190
f 229/229/229 228/228/228 230/230/230
f 230/230/230 190/190/190 191/191/191
f 231/231/231 229/229/229 230/230/230
f 232/232/232 230/230/230 191/191/191
f 231/231/231 230/230/230 232/232/232
f 232/232/232 191/191/191 194/194/194
f 233/233/233 231/231/231 232/232/232
f 234/234/234 232/232/232 194/194/194
f 233/233/233 232/232/232 234/234/234
f 234/234/234 194/194/194 198/198/198
f 235/235/235 233/233/233 234/234/234
f 236/236/236 234/234/234 198/198/198
f 235/235/235 234/234/234 236/236/236
f 237/237/237 235/235/235 236/236/236
f 236/236/236 198/198/198 202/202/202
f 238/238/238 236/236/236 202/202/202
f 238/238/238 202/202/202 206/206/206
f 239/239/239 238/238/238 206/206/206
f 239/239/239 206/206/206 210/210/210
f 240/240/240 239/239/239 210/210/210
f 240/240/240 210/210/210 214/214/214
f 241/241/241 240/240/240 214/214/214
f 241/241/241 214/214/214 242/242/242
f 242/242/242 214/214/214 215/215/215
f 243/243/243 241/241/241 242/242/242
f 244/244/244 241/241/241 243/243/243
f 245/245/245 244/244/244 243/243/243
f 245/245/245 243/243/243 246/246/246
f 247/247/247 245/245/245 246/246/246
f 243/243/243 242/242/242 248/248/248
f 246/246/246 243/243/243 248/248/248
f 242/242/242 215/215/215 249/249/249
f 248/248/248 242/242/242 249/249/249
f 247/247/247 246/246/246 250/250/250
f 251/251/251 247/247/247 250/250/250
f 249/249/249 215/215/215 252/252/252
f 215/215/215 253/253/253 252/252/252
f 249/249/249 252/252/252 254/254/254
f 255/255/255 249/249/249 254/254/254
f 248/248/248 249/249/249 255/255/255
f 255/255/255 254/254/254 256/256/256
f 246/246/246 248/248/248 257/257/257
f 257/257/257 248/248/248 255/255/255
f 250/250/250 246/246/246 257/257/257
f 258/258/258 255/255/255 256/256/256
f 257/257/257 255/255/255 258/258/258
f 258/258/258 256/256/256 259/259/259
f 251/251/251 250/250/250 260/260/260
f 261/261/261 251/251/251 260/260/260
f 250/250/250 257/257/257 262/262/262
f 262/262/262 257/257/257 258/258/258
f 260/260/260 250/250/250 262/262/262
f 263/263/263 258/258/258 259/259/259
f 262/262/262 258/258/258 263/263/263
f 263/263/263 259/259/259 264/264/264
f 261/261/261 260/260/260 265/265/265
f 266/266/266 261/261/261 265/265/265
f 260/260/260 262/262/262 267/267/267
f 267/267/267 262/262/262 263/263/263
f 265/265/265 260/260/260 267/267/267
f 268/268/268 263/263/263 264/264/264
f 267/267/267 263/263/263 268/268/268
f 268/268/268 264/264/264 269/269/269
f 213/213/213 268/268/268 269/269/269
f 270/270/270 267/267/267 268/268/268
f 270/270/270 268/268/268 213/213/213
f 265/265/265 267/267/267 270/270/270
f 212/212/212 270/270/270 213/213/213
f 266/266/266 265/265/265 271/271/271
f 271/271/271 265/265/265 270/270/270
f 271/271/271 270/270/270 212/212/212
f 272/272/272 266/266/266 271/271/271
f 273/273/273 271/271/271 212/212/212
f 272/272/272 271/271/271 273/273/273
f 273/273/273 212/212/212 208/208/208
f 274/274/274 272/272/272 273/273/273
f 219/219/219 273/273/273 208/208/208
f 274/274/274 273/273/273 219/219/219
f 275/275/275 274/274/274 219/219/219
f 278/278/278 277/277/277 276/276/276
f 279/279/279 278/278/278 276/276/276
f 279/279/279 276/276/276 280/280/280
f 281/281/281 279/279/279 280/280/280
f 281/281/281 280/280/280 282/282/282
f 283/283/283 281/281/281 282/282/282
f 283/283/283 282/282/282 284/284/284
f 285/285/285 283/283/283 284/284/284
f 286/286/286 278/278/278 279/279/279
f 287/287/287 279/279/279 281/281/281
f 287/287/287 286/286/286 279/279/279
f 288/288/288 281/281/281 283/283/283
f 288/288/288 287/287/287 281/281/281
f 289/289/289 283/283/283 285/285/285
f 289/289/289 288/288/288 283/283/283
f 286/286/286 290/290/290 278/278/278
f 290/290/290 291/291/291 278/278/278
f 290/290/290 292/292/292 291/291/291
f 292/292/292 293/293/293 291/291/291
f 294/294/294 292/292/292 290/290/290
f 295/295/295 294/294/294 290/290/290
f 295/295/295 290/290/290 286/286/286
f 296/296/296 294/294/294 295/295/295
f 297/297/297 296/296/296 295/295/295
f 298/298/298 295/295/295 286/286/286
f 297/297/297 295/295/295 298/298/298
f 298/298/298 286/286/286 287/287/287
f 299/299/299 297/297/297 298/298/298
f 300/300/300 298/298/298 287/287/287
f 299/299/299 298/298/298 300/300/300
f 300/300/300 287/287/287 288/288/288
f 301/301/301 299/299/299 300/300/300
f 302/302/302 300/300/300 288/288/288
f 301/301/301 300/300/300 302/302/302
f 303/303/303 301/301/301 302/302/302
f 302/302/302 288/288/288 289/289/289
f 303/303/303 302/302/302 304/304/304
f 304/304/304 302/302/302 289/289/289
f 305/305/305 303/303/303 304/304/304
f 304/304/304 289/289/289 306/306/306
f 306/306/306 289/289/289 285/285/285
f 306/306/306 285/285/285 307/307/307
f 305/305/305 304/304/304 308/308/308
f 308/308/308 304/304/304 306/306/306
f 309/309/309 305/305/305 308/308/308
f 310/310/310 306/306/306 307/307/307
f 308/308/308 306/306/306 310/310/310
f 310/310/310 307/307/307 311/311/311
f 312/312/312 310/310/310 311/311/311
f 309/309/309 308/308/308 313/313/313
f 313/313/313 308/308/308 310/310/310
f 313/313/313 310/310/310 312/312/312
f 314/314/314 309/309/309 313/313/313
f 315/315/315 313/313/313 312/312/312
f 314/314/314 313/313/313 315/315/315
f 316/316/316 314/314/314 315/315/315
f 319/319/319 318/318/318 317/317/317
f 320/320/320 319/319/319 317/317/317
f 320/320/320 317/317/317 321/321/321
f 322/322/322 320/320/320 321/321/321
f 322/322/322 321/321/321 323/323/323
f 324/324/324 322/322/322 323/323/323
f 324/324/324 323/323/323 325/325/325
f 326/326/326 324/324/324 325/325/325
f 327/327/327 319/319/319 320/320/320
f 328/328/328 320/320/320 322/322/322
f 328/328/328 327/327/327 320/320/320
f 329/329/329 322/322/322 324/324/324
f 329/329/329 328/328/328 322/322/322
f 330/330/330 324/324/324 326/326/326
f 330/330/330 329/329/329 324/324/324
f 327/327/327 331/331/331 319/319/319
f 331/331/331 332/332/332 319/319/319
f 331/331/331 333/333/333 332/332/332
f 333/333/333 334/334/334 332/332/332
f 335/335/335 333/333/333 331/331/331
f 336/336/336 335/335/335 331/331/331
f 336/336/336 331/331/331 327/327/327
f 337/337/337 335/335/335 336/336/336
f 338/338/338 337/337/337 336/336/336
f 339/339/339 336/336/336 327/327/327
f 338/338/338 336/336/336 339/339/339
f 339/339/339 327/327/327 328/328/328
f 340/340/340 338/338/338 339/339/339
f 341/341/341 339/339/339 328/328/328
f 340/340/340 339/339/339 341/341/341
f 341/341/341 328/328/328 329/329/329
f 342/342/342 340/340/340 341/341/341
f 343/343/343 341/341/341 329/329/329
f 342/342/342 341/341/341 343/343/343
f 344/344/344 342/342/342 343/343/343
f 343/343/343 329/329/329 330/330/330
f 344/344/344 343/343/343 345/345/345
f 345/345/345 343/343/343 330/330/330
f 346/346/346 344/344/344 345/345/345
f 345/345/345 330/330/330 347/347/347
f 347/347/347 330/330/330 326/326/326
f 347/347/347 326/326/326 348/348/348
f 346/346/346 345/345/345 349/349/349
f 349/349/349 345/345/345 347/347/347
f 350/350/350 346/346/346 349/349/349
f 351/351/351 347/347/347 348/348/348
f 349/349/349 347/347/347 351/351/351
f 351/351/351 348/348/348 352/352/352
f 353/353/353 351/351/351 352/352/352
f 350/350/350 349/349/349 354/354/354
f 354/354/354 349/349/349 351/351/351
f 354/354/354 351/351/351 353/353/353
f 355/355/355 350/350/350 354/354/354
f 356/356/356 354/354/354 353/353/353
f 355/355/355 354/354/354 356/356/356
f 357/357/357 355/355/355 356/356/356
f 360/360/360 359/359/359 358/358/358
f 361/361/361 360/360/360 358/358/358
f 361/361/361 358/358/358 362/362/362
f 363/363/363 360/360/360 361/361/361
f 364/364/364 361/361/361 362/362/362
f 364/364/364 362/362/362 365/365/365
f 366/366/366 363/363/363 361/361/361
f 366/366/366 361/361/361 364/364/364
f 367/367/367 363/363/363 366/366/366
f 368/368/368 367/367/367 366/366/366
f 368/368/368 366/366/366 369/369/369
f 369/369/369 366/366/366 364/364/364
f 370/370/370 368/368/368 369/369/369
f 371/371/371 364/364/364 365/365/365
f 369/369/369 364/364/364 371/371/371
f 371/371/371 365/365/365 372/372/372
f 373/373/373 371/371/371 372/372/372
f 370/370/370 369/369/369 374/374/374
f 374/374/374 369/369/369 371/371/371
f 374/374/374 371/371/371 373/373/373
f 375/375/375 370/370/370 374/374/374
f 376/376/376 374/374/374 373/373/373
f 375/375/375 374/374/374 376/376/376
f 377/377/377 375/375/375 376/376/376
f 380/380/380 379/379/379 378/378/378
f 381/381/381 380/380/380 378/378/378
f 381/381/381 378/378/378 382/382/382
f 383/383/383 380/380/380 381/381/381
f 384/384/384 381/381/381 382/382/382
f 384/384/384 382/382/382 385/385/385
f 386/386/386 383/383/383 381/381/381
f 386/386/386 381/381/381 384/384/384
f 387/387/387 383/383/383 386/386/386
f 388/388/388 387/387/387 386/386/386
f 388/388/388 386/386/386 389/389/389
f 389/389/389 386/386/386 384/384/384
f 390/390/390 388/388/388 389/389/389
f 391/391/391 384/384/384 385/385/385
f 389/389/389 384/384/384 391/391/391
f 391/391/391 385/385/385 392/392/392
f 393/393/393 391/391/391 392/392/392
f 390/390/390 389/389/389 394/394/394
f 394/394/394 389/389/389 391/391/391
f 394/394/394 391/391/391 393/393/393
f 395/395/395 390/390/390 394/394/394
f 396/396/396 394/394/394 393/393/393
f 395/395/395 394/394/394 396/396/396
f 397/397/397 395/395/395 396/396/396
f 400/400/400 399/399/399 398/398/398
f 401/401/401 400/400/400 398/398/398
f 402/402/402 400/400/400 401/401/401
f 403/403/403 402/402/402 401/401/401
f 402/402/402 404/404/404 400/400/400
f 404/404/404 405/405/405 400/400/400
f 406/406/406 404/404/404 402/402/402
f 407/407/407 402/402/402 403/403/403
f 407/407/407 406/406/406 402/402/402
f 408/408/408 406/406/406 407/407/407
f 409/409/409 407/407/407 403/403/403
f 410/410/410 408/408/408 407/407/407
f 410/410/410 407/407/407 409/409/409
f 411/411/411 408/408/408 410/410/410
f 412/412/412 410/410/410 409/409/409
f 412/412/412 409/409/409 413/413/413
f 414/414/414 412/412/412 413/413/413
f 415/415/415 411/411/411 410/410/410
f 415/415/415 410/410/410 412/412/412
f 416/416/416 411/411/411 415/415/415
f 417/417/417 412/412/412 414/414/414
f 417/417/417 415/415/415 412/412/412
f 418/418/418 417/417/417 414/414/414
f 419/419/419 416/416/416 415/415/415
f 419/419/419 415/415/415 417/417/417
f 420/420/420 416/416/416 419/419/419
f 421/421/421 419/419/419 417/417/417
f 422/422/422 420/420/420 419/419/419
f 422/422/422 419/419/419 421/421/421
f 423/423/423 422/422/422 421/421/421
f 424/424/424 422/422/422 423/423/423
f 425/425/425 424/424/424 423/423/423
f 428/428/428 427/427/427 426/426/426
f 429/429/429 428/428/428 426/426/426
f 430/430/430 428/428/428 429/429/429
f 431/431/431 430/430/430 429/429/429
f 432/432/432 430/430/430 431/431/431
f 433/433/433 432/432/432 431/431/431
f 434/434/434 432/432/432 433/433/433
f 435/435/435 434/434/434 433/433/433
f 436/436/436 434/434/434 435/435/435
f 437/437/437 436/436/436 435/435/435
f 438/438/438 436/436/436 437/437/437
f 439/439/439 438/438/438 437/437/437
f 440/440/440 438/438/438 439/439/439
f 441/441/441 440/440/440 439/439/439
f 442/442/442 440/440/440 441/441/441
f 443/443/443 442/442/442 441/441/441
f 444/444/444 442/442/442 443/443/443
f 445/445/445 444/444/444 443/443/443
f 446/446/446 444/444/444 445/445/445
f 447/447/447 446/446/446 445/445/445
f 435/435/435 433/433/433 448/448/448
f 437/437/437 435/435/435 449/449/449
f 449/449/449 435/435/435 448/448/448
f 439/439/439 437/437/437 450/450/450
f 450/450/450 437/437/437 449/449/449
f 441/441/441 439/439/439 451/451/451
f 451/451/451 439/439/439 450/450/450
f 443/443/443 441/441/441 452/452/452
f 452/452/452 441/441/441 451/451/451
f 445/445/445 443/443/443 453/453/453
f 453/453/453 443/443/443 452/452/452
f 447/447/447 445/445/445 454/454/454
f 454/454/454 445/445/445 453/453/453
f 448/448/448 433/433/433 455/455/455
f 433/433/433 431/431/431 455/455/455
f 456/456/456 447/447/447 454/454/454
f 457/457/457 447/447/447 456/456/456
f 455/455/455 431/431/431 458/458/458
f 431/431/431 429/429/429 458/458/458
f 459/459/459 457/457/457 456/456/456
f 460/460/460 457/457/457 459/459/459
f 458/458/458 429/429/429 461/461/461
f 429/429/429 426/426/426 461/461/461
f 461/461/461 426/426/426 462/462/462
f 426/426/426 463/463/463 462/462/462
f 462/462/462 463/463/463 464/464/464
f 463/463/463 465/465/465 464/464/464
f 456/456/456 454/454/454 466/466/466
f 459/459/459 456/456/456 467/467/467
f 467/467/467 456/456/456 466/466/466
f 467/467/467 466/466/466 468/468/468
f 466/466/466 454/454/454 469/469/469
f 466/466/466 469/469/469 468/468/468
f 454/454/454 453/453/453 469/469/469
f 469/469/469 453/453/453 470/470/470
f 469/469/469 470/470/470 468/468/468
f 453/453/453 452/452/452 470/470/470
f 470/470/470 452/452/452 471/471/471
f 470/470/470 471/471/471 468/468/468
f 452/452/452 451/451/451 471/471/471
f 471/471/471 451/451/451 472/472/472
f 471/471/471 472/472/472 468/468/468
f 451/451/451 450/450/450 472/472/472
f 472/472/472 450/450/450 473/473/473
f 472/472/472 473/473/473 468/468/468
f 450/450/450 449/449/449 473/473/473
f 474/474/474 467/467/467 468/468/468
f 473/473/473 475/475/475 468/468/468
f 473/473/473 449/449/449 475/475/475
f 475/475/475 476/476/476 468/468/468
f 449/449/449 448/448/448 475/475/475
f 475/475/475 448/448/448 476/476/476
f 448/448/448 455/455/455 476/476/476
f 474/474/474 459/459/459 467/467/467
f 476/476/476 455/455/455 477/477/477
f 476/476/476 477/477/477 468/468/468
f 455/455/455 458/458/458 477/477/477
f 477/477/477 458/458/458 478/478/478
f 477/477/477 478/478/478 468/468/468
f 458/458/458 461/461/461 478/478/478
f 478/478/478 461/461/461 479/479/479
f 478/478/478 479/479/479 468/468/468
f 461/461/461 462/462/462 479/479/479
f 479/479/479 462/462/462 480/480/480
f 479/479/479 480/480/480 468/468/468
f 462/462/462 464/464/464 480/480/480
f 481/481/481 459/459/459 474/474/474
f 481/481/481 460/460/460 459/459/459
f 482/482/482 474/474/474 468/468/468
f 482/482/482 481/481/481 474/474/474
f 480/480/480 483/483/483 468/468/468
f 480/480/480 464/464/464 483/483/483
f 484/484/484 482/482/482 468/468/468
f 483/483/483 485/485/485 468/468/468
f 464/464/464 486/486/486 483/483/483
f 483/483/483 486/486/486 485/485/485
f 464/464/464 465/465/465 486/486/486
f 487/487/487 481/481/481 482/482/482
f 484/484/484 487/487/487 482/482/482
f 488/488/488 460/460/460 481/481/481
f 487/487/487 488/488/488 481/481/481
f 465/465/465 489/489/489 486/486/486
f 465/465/465 490/490/490 489/489/489
f 490/490/490 491/491/491 489/489/489
f 486/486/486 492/492/492 485/485/485
f 486/486/486 489/489/489 492/492/492
f 489/489/489 491/491/491 493/493/493
f 489/489/489 493/493/493 492/492/492
f 491/491/491 494/494/494 493/493/493
f 488/488/488 495/495/495 460/460/460
f 495/495/495 496/496/496 460/460/460
f 497/497/497 495/495/495 488/488/488
f 498/498/498 497/497/497 488/488/488
f 498/498/498 488/488/488 487/487/487
f 499/499/499 497/497/497 498/498/498
f 485/485/485 492/492/492 500/500/500
f 485/485/485 500/500/500 468/468/468
f 492/492/492 493/493/493 501/501/501
f 492/492/492 501/501/501 500/500/500
f 493/493/493 494/494/494 502/502/502
f 493/493/493 502/502/502 501/501/501
f 494/494/494 503/503/503 502/502/502
f 504/504/504 498/498/498 487/487/487
f 504/504/504 487/487/487 484/484/484
f 505/505/505 499/499/499 498/498/498
f 505/505/505 498/498/498 504/504/504
f 506/506/506 499/499/499 505/505/505
f 500/500/500 501/501/501 507/507/507
f 500/500/500 507/507/507 468/468/468
f 502/502/502 503/503/503 508/508/508
f 503/503/503 509/509/509 508/508/508
f 501/501/501 502/502/502 510/510/510
f 501/501/501 510/510/510 507/507/507
f 502/502/502 508/508/508 510/510/510
f 511/511/511 504/504/504 484/484/484
f 511/511/511 484/484/484 468/468/468
f 512/512/512 505/505/505 504/504/504
f 512/512/512 504/504/504 511/511/511
f 513/513/513 506/506/506 505/505/505
f 513/513/513 505/505/505 512/512/512
f 514/514/514 506/506/506 513/513/513
f 509/509/509 514/514/514 515/515/515
f 508/508/508 509/509/509 515/515/515
f 515/515/515 514/514/514 513/513/513
f 507/507/507 510/510/510 516/516/516
f 507/507/507 516/516/516 468/468/468
f 510/510/510 508/508/508 517/517/517
f 508/508/508 515/515/515 517/517/517
f 510/510/510 517/517/517 516/516/516
f 515/515/515 513/513/513 518/518/518
f 518/518/518 513/513/513 512/512/512
f 517/517/517 515/515/515 518/518/518
f 519/519/519 512/512/512 511/511/511
f 519/519/519 511/511/511 468/468/468
f 518/518/518 512/512/512 519/519/519
f 516/516/516 517/517/517 520/520/520
f 516/516/516 520/520/520 468/468/468
f 520/520/520 519/519/519 468/468/468
f 517/517/517 518/518/518 520/520/520
f 520/520/520 518/518/518 519/519/519
f 523/523/523 522/522/522 521/521/521
f 522/522/522 524/524/524 521/521/521
f 521/521/521 524/524/524 525/525/525
f 524/524/524 526/526/526 525/525/525
f 522/522/522 527/527/527 524/524/524
f 524/524/524 528/528/528 526/526/526
f 527/527/527 528/528/528 524/524/524
f 529/529/529 527/527/527 522/522/522
f 530/530/530 529/529/529 522/522/522
f 528/528/528 531/531/531 526/526/526
f 526/526/526 531/531/531 532/532/532
f 533/533/533 529/529/529 530/530/530
f 534/534/534 533/533/533 530/530/530
f 535/535/535 533/533/533 534/534/534
f 536/536/536 535/535/535 534/534/534
f 533/533/533 537/537/537 529/529/529
f 537/537/537 538/538/538 529/529/529
f 529/529/529 538/538/538 527/527/527
f 538/538/538 539/539/539 527/527/527
f 527/527/527 539/539/539 528/528/528
f 539/539/539 540/540/540 528/528/528
f 528/528/528 540/540/540 531/531/531
f 540/540/540 541/541/541 531/531/531
f 531/531/531 542/542/542 532/532/532
f 531/531/531 541/541/541 542/542/542
f 532/532/532 542/542/542 543/543/543
f 541/541/541 544/544/544 542/542/542
f 542/542/542 545/545/545 543/543/543
f 542/542/542 544/544/544 545/545/545
f 544/544/544 546/546/546 545/545/545
f 543/543/543 545/545/545 547/547/547
f 545/545/545 548/548/548 547/547/547
f 551/551/551 550/550/550 549/549/549
f 550/550/550 552/552/552 549/549/549
f 549/549/549 552/552/552 553/553/553
f 552/552/552 554/554/554 553/553/553
f 553/553/553 554/554/554 555/555/555
f 554/554/554 556/556/556 555/555/555
f 555/555/555 556/556/556 557/557/557
f 556/556/556 558/558/558 557/557/557
f 561/561/561 560/560/560 559/559/559
f 560/560/560 562/562/562 559/559/559
f 559/559/559 562/562/562 563/563/563
f 562/562/562 564/564/564 563/563/563
f 563/563/563 564/564/564 565/565/565
f 564/564/564 566/566/566 565/565/565
f 565/565/565 566/566/566 567/567/567
f 566/566/566 568/568/568 567/567/567
f 571/571/571 570/570/570 569/569/569
f 570/570/570 572/572/572 569/569/569
f 569/569/569 572/572/572 573/573/573
f 572/572/572 574/574/574 573/573/573
f 573/573/573 574/574/574 575/575/575
f 574/574/574 576/576/576 575/575/575
f 575/575/575 576/576/576 577/577/577
f 576/576/576 578/578/578 577/577/577
f 577/577/577 578/578/578 579/579/579
f 578/578/578 580/580/580 579/579/579
f 579/579/579 580/580/580 581/581/581
f 580/580/580 582/582/582 581/581/581
f 570/570/570 583/583/583 572/572/572
f 572/572/572 584/584/584 574/574/574
f 583/583/583 584/584/584 572/572/572
f 574/574/574 585/585/585 576/576/576
f 584/584/584 585/585/585 574/574/574
f 576/576/576 586/586/586 578/578/578
f 585/585/585 586/586/586 576/576/576
f 578/578/578 587/587/587 580/580/580
f 586/586/586 587/587/587 578/578/578
f 580/580/580 588/588/588 582/582/582
f 587/587/587 588/588/588 580/580/580
f 589/589/589 583/583/583 570/570/570
f 590/590/590 589/589/589 570/570/570
f 588/588/588 591/591/591 582/582/582
f 582/582/582 591/591/591 592/592/592
f 593/593/593 589/589/589 590/590/590
f 594/594/594 593/593/593 590/590/590
f 591/591/591 595/595/595 592/592/592
f 592/592/592 595/595/595 596/596/596
f 597/597/597 593/593/593 594/594/594
f 598/598/598 597/597/597 594/594/594
f 595/595/595 599/599/599 596/596/596
f 596/596/596 599/599/599 600/600/600
f 601/601/601 597/597/597 598/598/598
f 602/602/602 601/601/601 598/598/598
f 599/599/599 603/603/603 600/600/600
f 600/600/600 603/603/603 604/604/604
f 605/605/605 601/601/601 602/602/602
f 606/606/606 605/605/605 602/602/602
f 603/603/603 607/607/607 604/604/604
f 604/604/604 607/607/607 608/608/608
f 609/609/609 605/605/605 606/606/606
f 610/610/610 609/609/609 606/606/606
f 607/607/607 611/611/611 608/608/608
f 608/608/608 611/611/611 612/612/612
f 601/601/601 613/613/613 597/597/597
f 613/613/613 614/614/614 597/597/597
f 615/615/615 613/613/613 601/601/601
f 605/605/605 615/615/615 601/601/601
f 597/597/597 614/614/614 593/593/593
f 614/614/614 616/616/616 593/593/593
f 593/593/593 616/616/616 589/589/589
f 616/616/616 617/617/617 589/589/589
f 589/589/589 617/617/617 583/583/583
f 618/618/618 615/615/615 605/605/605
f 617/617/617 619/619/619 583/583/583
f 583/583/583 619/619/619 584/584/584
f 609/609/609 618/618/618 605/605/605
f 619/619/619 620/620/620 584/584/584
f 619/619/619 621/621/621 620/620/620
f 584/584/584 620/620/620 585/585/585
f 621/621/621 622/622/622 620/620/620
f 620/620/620 623/623/623 585/585/585
f 620/620/620 622/622/622 623/623/623
f 585/585/585 623/623/623 586/586/586
f 622/622/622 624/624/624 623/623/623
f 623/623/623 625/625/625 586/586/586
f 623/623/623 624/624/624 625/625/625
f 586/586/586 625/625/625 587/587/587
f 624/624/624 626/626/626 625/625/625
f 625/625/625 627/627/627 587/587/587
f 625/625/625 626/626/626 627/627/627
f 587/587/587 627/627/627 588/588/588
f 626/626/626 628/628/628 627/627/627
f 627/627/627 629/629/629 588/588/588
f 627/627/627 628/628/628 629/629/629
f 588/588/588 629/629/629 591/591/591
f 628/628/628 630/630/630 629/629/629
f 629/629/629 631/631/631 591/591/591
f 629/629/629 630/630/630 631/631/631
f 630/630/630 632/632/632 631/631/631
f 591/591/591 631/631/631 595/595/595
f 631/631/631 633/633/633 595/595/595
f 595/595/595 633/633/633 599/599/599
f 633/633/633 634/634/634 599/599/599
f 599/599/599 634/634/634 603/603/603
f 634/634/634 635/635/635 603/603/603
f 603/603/603 635/635/635 607/607/607
f 635/635/635 636/636/636 607/607/607
f 607/607/607 636/636/636 611/611/611
f 636/636/636 637/637/637 611/611/611
f 611/611/611 637/637/637 638/638/638
f 611/611/611 638/638/638 612/612/612
f 637/637/637 639/639/639 638/638/638
f 612/612/612 638/638/638 640/640/640
f 638/638/638 639/639/639 641/641/641
f 638/638/638 641/641/641 640/640/640
f 612/612/612 640/640/640 642/642/642
f 643/643/643 612/612/612 642/642/642
f 642/642/642 640/640/640 644/644/644
f 640/640/640 645/645/645 644/644/644
f 640/640/640 641/641/641 645/645/645
f 644/644/644 645/645/645 646/646/646
f 639/639/639 647/647/647 641/641/641
f 639/639/639 648/648/648 647/647/647
f 648/648/648 649/649/649 647/647/647
f 645/645/645 650/650/650 646/646/646
f 646/646/646 650/650/650 651/651/651
f 641/641/641 652/652/652 645/645/645
f 641/641/641 647/647/647 652/652/652
f 645/645/645 652/652/652 650/650/650
f 647/647/647 649/649/649 653/653/653
f 647/647/647 653/653/653 652/652/652
f 649/649/649 654/654/654 653/653/653
f 650/650/650 655/655/655 651/651/651
f 651/651/651 655/655/655 656/656/656
f 652/652/652 657/657/657 650/650/650
f 652/652/652 653/653/653 657/657/657
f 650/650/650 657/657/657 655/655/655
f 653/653/653 654/654/654 658/658/658
f 653/653/653 658/658/658 657/657/657
f 654/654/654 659/659/659 658/658/658
f 655/655/655 660/660/660 656/656/656
f 656/656/656 660/660/660 661/661/661
f 660/660/660 610/610/610 661/661/661
f 657/657/657 662/662/662 655/655/655
f 657/657/657 658/658/658 662/662/662
f 655/655/655 662/662/662 660/660/660
f 658/658/658 659/659/659 663/663/663
f 658/658/658 663/663/663 662/662/662
f 659/659/659 664/664/664 663/663/663
f 660/660/660 665/665/665 610/610/610
f 662/662/662 665/665/665 660/660/660
f 662/662/662 663/663/663 665/665/665
f 665/665/665 609/609/609 610/610/610
f 663/663/663 664/664/664 666/666/666
f 663/663/663 666/666/666 665/665/665
f 665/665/665 666/666/666 609/609/609
f 664/664/664 667/667/667 666/666/666
f 666/666/666 618/618/618 609/609/609
f 666/666/666 667/667/667 618/618/618
f 667/667/667 668/668/668 618/618/618
f 671/671/671 670/670/670 669/669/669
f 670/670/670 672/672/672 669/669/669
f 669/669/669 672/672/672 673/673/673
f 672/672/672 674/674/674 673/673/673
f 673/673/673 674/674/674 675/675/675
f 674/674/674 676/676/676 675/675/675
f 675/675/675 676/676/676 677/677/677
f 676/676/676 678/678/678 677/677/677
f 677/677/677 678/678/678 679/679/679
f 678/678/678 680/680/680 679/679/679
f 679/679/679 680/680/680 681/681/681
f 680/680/680 682/682/682 681/681/681
f 670/670/670 683/683/683 672/672/672
f 672/672/672 684/684/684 674/674/674
f 683/683/683 684/684/684 672/672/672
f 674/674/674 685/685/685 676/676/676
f 684/684/684 685/685/685 674/674/674
f 676/676/676 686/686/686 678/678/678
f 685/685/685 686/686/686 676/676/676
f 678/678/678 687/687/687 680/680/680
f 686/686/686 687/687/687 678/678/678
f 680/680/680 688/688/688 682/682/682
f 687/687/687 688/688/688 680/680/680
f 689/689/689 683/683/683 670/670/670
f 690/690/690 689/689/689 670/670/670
f 689/689/689 691/691/691 683/683/683
f 691/691/691 692/692/692 683/683/683
f 683/683/683 692/692/692 684/684/684
f 692/692/692 693/693/693 684/684/684
f 684/684/684 693/693/693 685/685/685
f 693/693/693 694/694/694 685/685/685
f 685/685/685 694/694/694 686/686/686
f 694/694/694 695/695/695 686/686/686
f 686/686/686 695/695/695 687/687/687
f 695/695/695 696/696/696 687/687/687
f 687/687/687 696/696/696 688/688/688
f 696/696/696 697/697/697 688/688/688
f 688/688/688 697/697/697 698/698/698
f 688/688/688 698/698/698 682/682/682
f 682/682/682 698/698/698 699/699/699
f 697/697/697 700/700/700 698/698/698
f 698/698/698 701/701/701 699/699/699
f 698/698/698 700/700/700 701/701/701
f 700/700/700 702/702/702 701/701/701
f 705/705/705 704/704/704 703/703/703
f 704/704/704 706/706/706 703/703/703
f 703/703/703 706/706/706 707/707/707
f 706/706/706 708/708/708 707/707/707
f 707/707/707 708/708/708 709/709/709
f 708/708/708 710/710/710 709/709/709
f 709/709/709 710/710/710 711/711/711
f 710/710/710 712/712/712 711/711/711
f 711/711/711 712/712/712 713/713/713
f 712/712/712 714/714/714 713/713/713
f 713/713/713 714/714/714 715/715/715
f 714/714/714 716/716/716 715/715/715
f 704/704/704 717/717/717 706/706/706
f 706/706/706 718/718/718 708/708/708
f 717/717/717 718/718/718 706/706/706
f 708/708/708 719/719/719 710/710/710
f 718/718/718 719/719/719 708/708/708
f 710/710/710 720/720/720 712/712/712
f 719/719/719 720/720/720 710/710/710
f 712/712/712 721/721/721 714/714/714
f 720/720/720 721/721/721 712/712/712
f 714/714/714 722/722/722 716/716/716
f 721/721/721 722/722/722 714/714/714
f 723/723/723 717/717/717 704/704/704
f 724/724/724 723/723/723 704/704/704
f 723/723/723 725/725/725 717/717/717
f 725/725/725 726/726/726 717/717/717
f 717/717/717 726/726/726 718/718/718
f 726/726/726 727/727/727 718/718/718
f 718/718/718 727/727/727 719/719/719
f 727/727/727 728/728/728 719/719/719
f 719/719/719 728/728/728 720/720/720
f 728/728/728 729/729/729 720/720/720
f 720/720/720 729/729/729 721/721/721
f 729/729/729 730/730/730 721/721/721
f 721/721/721 730/730/730 722/722/722
f 730/730/730 731/731/731 722/722/722
f 722/722/722 731/731/731 732/732/732
f 722/722/722 732/732/732 716/716/716
f 716/716/716 732/732/732 733/733/733
f 731/731/731 734/734/734 732/732/732
f 732/732/732 735/735/735 733/733/733
f 732/732/732 734/734/734 735/735/735
f 734/734/734 736/736/736 735/735/735
f 739/739/739 738/738/738 737/737/737
f 738/738/738 740/740/740 737/737/737
f 738/738/738 741/741/741 740/740/740
f 737/737/737 740/740/740 742/742/742
f 741/741/741 743/743/743 740/740/740
f 740/740/740 744/744/744 742/742/742
f 740/740/740 743/743/743 744/744/744
f 742/742/742 744/744/744 745/745/745
f 743/743/743 746/746/746 744/744/744
f 744/744/744 747/747/747 745/745/745
f 744/744/744 746/746/746 747/747/747
f 745/745/745 747/747/747 748/748/748
f 746/746/746 749/749/749 747/747/747
f 747/747/747 750/750/750 748/748/748
f 747/747/747 749/749/749 750/750/750
f 749/749/749 751/751/751 750/750/750
f 754/754/754 753/753/753 752/752/752
f 753/753/753 755/755/755 752/752/752
f 753/753/753 756/756/756 755/755/755
f 752/752/752 755/755/755 757/757/757
f 756/756/756 758/758/758 755/755/755
f 755/755/755 759/759/759 757/757/757
f 755/755/755 758/758/758 759/759/759
f 757/757/757 759/759/759 760/760/760
f 758/758/758 761/761/761 759/759/759
f 759/759/759 762/762/762 760/760/760
f 759/759/759 761/761/761 762/762/762
f 760/760/760 762/762/762 763/763/763
f 761/761/761 764/764/764 762/762/762
f 762/762/762 765/765/765 763/763/763
f 762/762/762 764/764/764 765/765/765
f 764/764/764 766/766/766 765/765/765
f 769/769/769 768/768/768 767/767/767
f 770/770/770 769/769/769 767/767/767
f 767/767/767 768/768/768 771/771/771
f 772/772/772 769/769/769 770/770/770
f 768/768/768 773/773/773 771/771/771
f 774/774/774 772/772/772 770/770/770
f 771/771/771 773/773/773 775/775/775
f 776/776/776 772/772/772 774/774/774
f 773/773/773 777/777/777 775/775/775
f 778/778/778 776/776/776 774/774/774
f 775/775/775 777/777/777 779/779/779
f 780/780/780 776/776/776 778/778/778
f 777/777/777 781/781/781 779/779/779
f 782/782/782 780/780/780 778/778/778
f 779/779/779 781/781/781 783/783/783
f 784/784/784 780/780/780 782/782/782
f 781/781/781 785/785/785 783/783/783
f 786/786/786 784/784/784 782/782/782
f 783/783/783 785/785/785 787/787/787
f 788/788/788 784/784/784 786/786/786
f 785/785/785 789/789/789 787/787/787
f 790/790/790 788/788/788 786/786/786
f 787/787/787 789/789/789 791/791/791
f 792/792/792 788/788/788 790/790/790
f 789/789/789 793/793/793 791/791/791
f 794/794/794 792/792/792 790/790/790
f 791/791/791 793/793/793 795/795/795
f 796/796/796 792/792/792 794/794/794
f 793/793/793 797/797/797 795/795/795
f 798/798/798 796/796/796 794/794/794
f 795/795/795 797/797/797 799/799/799
f 800/800/800 796/796/796 798/798/798
f 797/797/797 801/801/801 799/799/799
f 802/802/802 800/800/800 798/798/798
f 799/799/799 801/801/801 803/803/803
f 804/804/804 800/800/800 802/802/802
f 801/801/801 805/805/805 803/803/803
f 806/806/806 804/804/804 802/802/802
f 803/803/803 805/805/805 807/807/807
f 808/808/808 804/804/804 806/806/806
f 805/805/805 809/809/809 807/807/807
f 810/810/810 808/808/808 806/806/806
f 807/807/807 809/809/809 811/811/811
f 812/812/812 808/808/808 810/810/810
f 809/809/809 813/813/813 811/811/811
f 814/814/814 812/812/812 810/810/810
f 811/811/811 813/813/813 814/814/814
f 813/813/813 812/812/812 814/814/814

