mtllib material.mtl
usemtl material_0
v -0.00050000 0.01000000 0.00050000
v -0.00050000 0.01000000 -0.00049000
v 0.00051000 0.01000000 -0.00049000
v 0.00051000 0.01000000 0.00050000
v -0.20124000 0.49298000 -0.14712000
v -0.20019000 0.49204000 -0.14937000
v -0.19713000 0.49131000 -0.14729000
v 0.20059000 0.48985000 0.15093000
v 0.19692000 0.48645000 0.14725000
v 0.19650000 0.48886000 0.14816000
v 0.20967000 0.50171000 0.15587000
v 0.21081000 0.49544000 0.15370000
v 0.20866000 0.49582000 0.15521000
v 0.20967000 0.63974000 0.15587000
v 0.21187000 0.63974000 0.15442000
v 0.21187000 0.50185000 0.15442000
v 0.20837000 0.50150000 0.14911000
v 0.20562000 0.49803000 0.15019000
v 0.20777000 0.49765000 0.14869000
v 0.01148000 0.23084000 -0.00475000
v 0.02125000 0.23789000 -0.00880000
v 0.01627000 0.23789000 -0.01626000
v 0.00879000 0.23084000 -0.00877000
v 0.00881000 0.23789000 -0.02124000
v 0.00476000 0.23084000 -0.01147000
v 0.01150000 0.24844000 -0.02776000
v 0.02125000 0.24844000 -0.02124000
v 0.00001000 0.24844000 -0.03004000
v 0.00001000 0.23789000 -0.02299000
v 0.00000000 0.23084000 -0.01241000
v -0.00880000 0.23789000 -0.02124000
v -0.00475000 0.23084000 -0.01147000
v -0.00878000 0.23084000 -0.00877000
v -0.02124000 0.23789000 -0.00880000
v -0.01147000 0.23084000 -0.00475000
v -0.01626000 0.23789000 -0.01626000
v -0.02124000 0.24844000 -0.02124000
v -0.01149000 0.24844000 -0.02776000
v -0.01241000 0.23084000 0.00000000
v -0.02124000 0.23789000 0.00881000
v -0.01147000 0.23084000 0.00476000
v -0.02299000 0.23789000 0.00000000
v -0.01147000 0.23084000 -0.00475000
v -0.02776000 0.24844000 0.01150000
v -0.02124000 0.23789000 -0.00880000
v -0.03004000 0.24844000 0.00000000
v -0.02776000 0.24844000 -0.01149000
v -0.01626000 0.23789000 -0.01626000
v -0.03252000 0.26089000 0.00000000
v -0.02124000 0.24844000 -0.02124000
v -0.03004000 0.26089000 -0.01244000
v -0.02299000 0.26089000 -0.02299000
v -0.01149000 0.24844000 -0.02776000
v -0.01244000 0.26089000 -0.03004000
v -0.02776000 0.27333000 -0.01149000
v -0.02124000 0.27333000 -0.02124000
v -0.01147000 0.23084000 0.00476000
v -0.02124000 0.23789000 0.00881000
v -0.01626000 0.23789000 0.01627000
v -0.00878000 0.23084000 0.00879000
v -0.00880000 0.23789000 0.02125000
v -0.00475000 0.23084000 0.01148000
v -0.01149000 0.24844000 0.02777000
v -0.02124000 0.24844000 0.02125000
v 0.00000000 0.24844000 0.03005000
v 0.00000000 0.23789000 0.02300000
v 0.01150000 0.24844000 0.02777000
v 0.00000000 0.23084000 0.01242000
v 0.00881000 0.23789000 0.02125000
v 0.00476000 0.23084000 0.01148000
v 0.01627000 0.23789000 0.01627000
v 0.00879000 0.23084000 0.00879000
v 0.02125000 0.24844000 0.02125000
v 0.02125000 0.23789000 0.00881000
v 0.01148000 0.23084000 0.00476000
v 0.01242000 0.23084000 0.00000000
v 0.02125000 0.23789000 -0.00880000
v 0.01148000 0.23084000 -0.00475000
v 0.02300000 0.23789000 0.00000000
v 0.01148000 0.23084000 0.00476000
v 0.02125000 0.23789000 0.00881000
v 0.03005000 0.24844000 0.00000000
v 0.02777000 0.24844000 0.01150000
v 0.02777000 0.24844000 -0.01149000
v 0.03005000 0.26089000 -0.01244000
v 0.03253000 0.26089000 0.00000000
v 0.02300000 0.26089000 -0.02299000
v 0.02125000 0.24844000 -0.02124000
v 0.01627000 0.23789000 -0.01626000
v 0.01245000 0.26089000 -0.03004000
v 0.01150000 0.24844000 -0.02776000
v -0.02124000 0.24844000 0.02125000
v -0.01626000 0.23789000 0.01627000
v -0.02299000 0.26089000 0.02300000
v -0.01244000 0.26089000 0.03005000
v -0.01149000 0.24844000 0.02777000
v -0.03004000 0.26089000 0.01245000
v 0.01627000 0.23789000 0.01627000
v 0.02125000 0.24844000 0.02125000
v 0.03005000 0.26089000 0.01245000
v 0.02300000 0.26089000 0.02300000
v 0.01150000 0.24844000 0.02777000
v 0.01245000 0.26089000 0.03005000
v 0.02125000 0.27333000 0.02125000
v 0.01150000 0.27333000 0.02777000
v 0.02777000 0.27333000 0.01150000
v 0.03005000 0.27333000 0.00000000
v 0.02125000 0.28389000 0.00881000
v 0.01627000 0.28389000 0.01627000
v 0.02777000 0.27333000 -0.01149000
v 0.02125000 0.28389000 -0.00880000
v 0.02300000 0.28389000 0.00000000
v 0.01150000 0.29094000 -0.00476000
v 0.01245000 0.29094000 0.00000000
v 0.01150000 0.29094000 0.00477000
v 0.01150000 0.24844000 -0.02776000
v 0.00001000 0.26089000 -0.03252000
v 0.00001000 0.24844000 -0.03004000
v 0.01245000 0.26089000 -0.03004000
v 0.00001000 0.27333000 -0.03004000
v 0.01150000 0.27333000 -0.02776000
v -0.01149000 0.27333000 -0.02776000
v -0.01244000 0.26089000 -0.03004000
v -0.01149000 0.24844000 -0.02776000
v -0.01149000 0.24844000 0.02777000
v -0.01244000 0.26089000 0.03005000
v 0.00000000 0.26089000 0.03253000
v 0.00000000 0.24844000 0.03005000
v 0.01245000 0.26089000 0.03005000
v 0.01150000 0.24844000 0.02777000
v 0.01150000 0.27333000 0.02777000
v 0.00000000 0.27333000 0.03005000
v 0.01150000 0.27333000 -0.02776000
v 0.02125000 0.27333000 -0.02124000
v 0.01627000 0.28389000 -0.01626000
v -0.01149000 0.27333000 -0.02776000
v -0.02776000 0.27333000 0.01150000
v -0.03004000 0.27333000 0.00000000
v -0.02299000 0.28389000 0.00000000
v -0.02124000 0.28389000 -0.00880000
v -0.01626000 0.28389000 -0.01626000
v -0.01244000 0.29094000 0.00000000
v -0.01149000 0.29094000 -0.00476000
v -0.01149000 0.29094000 0.00477000
v -0.02124000 0.28389000 0.00881000
v -0.01149000 0.27333000 0.02777000
v -0.02124000 0.27333000 0.02125000
v -0.01626000 0.28389000 0.01627000
v -0.01149000 0.27333000 0.02777000
v -0.01149000 0.27333000 -0.02776000
v -0.01626000 0.28389000 -0.01626000
v -0.02124000 0.27333000 -0.02124000
v -0.00880000 0.28389000 -0.02124000
v 0.00001000 0.27333000 -0.03004000
v 0.00001000 0.28389000 -0.02299000
v -0.00476000 0.29094000 -0.01149000
v 0.01150000 0.27333000 -0.02776000
v 0.00001000 0.29094000 -0.01244000
v 0.00881000 0.28389000 -0.02124000
v 0.02125000 0.27333000 -0.02124000
v 0.00477000 0.29094000 -0.01149000
v 0.01627000 0.28389000 -0.01626000
v 0.00881000 0.29094000 -0.00880000
v 0.00000000 0.27333000 0.03005000
v 0.00881000 0.28389000 0.02125000
v 0.01150000 0.27333000 0.02777000
v 0.01627000 0.28389000 0.01627000
v 0.02125000 0.27333000 0.02125000
v 0.00881000 0.29094000 0.00881000
v 0.01150000 0.29094000 0.00477000
v 0.02125000 0.28389000 0.00881000
v 0.02125000 0.28389000 -0.00880000
v 0.01150000 0.29094000 -0.00476000
v -0.00880000 0.29094000 -0.00880000
v -0.01149000 0.29094000 -0.00476000
v -0.02124000 0.28389000 -0.00880000
v -0.02124000 0.28389000 0.00881000
v -0.01149000 0.29094000 0.00477000
v -0.00880000 0.29094000 0.00881000
v -0.01626000 0.28389000 0.01627000
v -0.00476000 0.29094000 0.01150000
v -0.00880000 0.28389000 0.02125000
v -0.02124000 0.27333000 0.02125000
v 0.00000000 0.29094000 0.01245000
v -0.01149000 0.27333000 0.02777000
v 0.00000000 0.28389000 0.02300000
v 0.00477000 0.29094000 0.01150000
v 0.03088000 0.48313000 -0.00645000
v 0.04505000 0.48743000 -0.00521000
v 0.03088000 0.48609000 -0.00843000
v 0.04505000 0.48559000 -0.00399000
v 0.03088000 0.48115000 -0.00349000
v 0.04505000 0.48437000 -0.00216000
v 0.03088000 0.48045000 0.00000000
v 0.04505000 0.48394000 0.00000000
v 0.03088000 0.48115000 0.00350000
v 0.04505000 0.48437000 0.00217000
v 0.03088000 0.48609000 -0.00843000
v 0.04505000 0.48743000 -0.00521000
v 0.04505000 0.48959000 -0.00564000
v 0.03088000 0.48959000 -0.00913000
v 0.04505000 0.49175000 -0.00521000
v 0.03088000 0.49308000 -0.00843000
v 0.03088000 0.49308000 -0.00843000
v 0.04505000 0.49175000 -0.00521000
v 0.04505000 0.49358000 -0.00399000
v 0.03088000 0.49605000 -0.00645000
v 0.04505000 0.49481000 -0.00216000
v 0.03088000 0.49803000 -0.00349000
v 0.04505000 0.49524000 0.00000000
v 0.03088000 0.49872000 0.00000000
v 0.04505000 0.49481000 0.00217000
v 0.03088000 0.49803000 0.00350000
v 0.04505000 0.49358000 0.00400000
v 0.03088000 0.49605000 0.00646000
v 0.04505000 0.49175000 0.00522000
v 0.03088000 0.49308000 0.00844000
v 0.03088000 0.49308000 0.00844000
v 0.04505000 0.49175000 0.00522000
v 0.04505000 0.48959000 0.00565000
v 0.03088000 0.48959000 0.00914000
v 0.04505000 0.48743000 0.00522000
v 0.03088000 0.48609000 0.00844000
v 0.03088000 0.48609000 0.00844000
v 0.04505000 0.48743000 0.00522000
v 0.04505000 0.48559000 0.00400000
v 0.03088000 0.48313000 0.00646000
v 0.03088000 0.48804000 -0.00373000
v 0.01847000 0.48804000 -0.00373000
v 0.01847000 0.48673000 -0.00285000
v 0.03088000 0.48673000 -0.00285000
v 0.01847000 0.48586000 -0.00154000
v 0.03088000 0.48586000 -0.00154000
v 0.01847000 0.48555000 0.00000000
v 0.03088000 0.48555000 0.00000000
v 0.03088000 0.48959000 -0.00403000
v 0.01847000 0.48804000 -0.00373000
v 0.03088000 0.48804000 -0.00373000
v 0.01847000 0.48959000 -0.00403000
v 0.03088000 0.49113000 -0.00373000
v 0.01847000 0.49113000 -0.00373000
v 0.03088000 0.49244000 -0.00285000
v 0.01847000 0.49113000 -0.00373000
v 0.03088000 0.49113000 -0.00373000
v 0.01847000 0.49244000 -0.00285000
v 0.03088000 0.49332000 -0.00154000
v 0.01847000 0.49332000 -0.00154000
v 0.03088000 0.49363000 0.00000000
v 0.01847000 0.49363000 0.00000000
v 0.03088000 0.49332000 0.00155000
v 0.01847000 0.49332000 0.00155000
v 0.03088000 0.49244000 0.00286000
v 0.01847000 0.49244000 0.00286000
v 0.03088000 0.49113000 0.00374000
v 0.01847000 0.49113000 0.00374000
v 0.03088000 0.48959000 0.00404000
v 0.01847000 0.49113000 0.00374000
v 0.03088000 0.49113000 0.00374000
v 0.01847000 0.48959000 0.00404000
v 0.03088000 0.48804000 0.00374000
v 0.01847000 0.48804000 0.00374000
v 0.03088000 0.48673000 0.00286000
v 0.01847000 0.48804000 0.00374000
v 0.03088000 0.48804000 0.00374000
v 0.01847000 0.48673000 0.00286000
v 0.03088000 0.48586000 0.00155000
v 0.01847000 0.48586000 0.00155000
v 0.01650000 0.48080000 -0.01649000
v 0.00893000 0.49787000 -0.02154000
v 0.00893000 0.48080000 -0.02154000
v 0.01650000 0.49787000 -0.01649000
v 0.02155000 0.48080000 -0.00892000
v 0.02155000 0.49787000 -0.00892000
v 0.02333000 0.48080000 0.00000000
v 0.02333000 0.49787000 0.00000000
v 0.02155000 0.48080000 0.00893000
v 0.02155000 0.49787000 0.00893000
v 0.00893000 0.48080000 -0.02154000
v 0.00893000 0.49787000 -0.02154000
v 0.00000000 0.49787000 -0.02332000
v 0.00000000 0.48080000 -0.02332000
v -0.00892000 0.49787000 -0.02154000
v -0.00892000 0.48080000 -0.02154000
v -0.00892000 0.48080000 -0.02154000
v -0.00892000 0.49787000 -0.02154000
v -0.01649000 0.49787000 -0.01649000
v -0.01649000 0.48080000 -0.01649000
v -0.02154000 0.49787000 -0.00892000
v -0.02154000 0.48080000 -0.00892000
v -0.02332000 0.49787000 0.00000000
v -0.02332000 0.48080000 0.00000000
v -0.02154000 0.49787000 0.00893000
v -0.02154000 0.48080000 0.00893000
v -0.01649000 0.49787000 0.01650000
v -0.01649000 0.48080000 0.01650000
v -0.00892000 0.49787000 0.02155000
v -0.00892000 0.48080000 0.02155000
v -0.00892000 0.48080000 0.02155000
v -0.00892000 0.49787000 0.02155000
v 0.00000000 0.49787000 0.02333000
v 0.00000000 0.48080000 0.02333000
v 0.00893000 0.49787000 0.02155000
v 0.00893000 0.48080000 0.02155000
v 0.00893000 0.48080000 0.02155000
v 0.00893000 0.49787000 0.02155000
v 0.01650000 0.49787000 0.01650000
v 0.01650000 0.48080000 0.01650000
v -0.21224000 0.77507000 -0.15579000
v -0.21224000 0.75901000 -0.15579000
v -0.21224000 0.75901000 0.15580000
v -0.21224000 0.77507000 0.15580000
v 0.21225000 0.77507000 -0.15579000
v 0.21225000 0.75901000 -0.15579000
v -0.21224000 0.75901000 -0.15579000
v -0.21224000 0.77507000 -0.15579000
v 0.21225000 0.77507000 0.15580000
v 0.21225000 0.75901000 0.15580000
v 0.21225000 0.75901000 -0.15579000
v 0.21225000 0.77507000 -0.15579000
v -0.21224000 0.77507000 0.15580000
v -0.21224000 0.75901000 0.15580000
v 0.21225000 0.75901000 0.15580000
v 0.21225000 0.77507000 0.15580000
v -0.21714000 0.48504000 0.16070000
v -0.21714000 0.50524000 0.16070000
v 0.21715000 0.50524000 0.16070000
v 0.21715000 0.48504000 0.16070000
v -0.21714000 0.50524000 -0.16069000
v -0.21714000 0.48504000 -0.16069000
v 0.21715000 0.48504000 -0.16069000
v 0.21715000 0.50524000 -0.16069000
v 0.21715000 0.48504000 0.16070000
v 0.21715000 0.50524000 0.16070000
v 0.21715000 0.50524000 -0.16069000
v 0.21715000 0.48504000 -0.16069000
v -0.21714000 0.48504000 -0.16069000
v -0.21714000 0.50524000 -0.16069000
v -0.21714000 0.50524000 0.16070000
v -0.21714000 0.48504000 0.16070000
v -0.21714000 0.75901000 -0.16069000
v -0.21714000 0.77507000 -0.16069000
v -0.21714000 0.77507000 0.16070000
v -0.21714000 0.75901000 0.16070000
v -0.21714000 0.77507000 -0.16069000
v -0.21714000 0.75901000 -0.16069000
v 0.21715000 0.75901000 -0.16069000
v 0.21715000 0.77507000 -0.16069000
v 0.21715000 0.75901000 0.16070000
v 0.21715000 0.77507000 0.16070000
v 0.21715000 0.77507000 -0.16069000
v 0.21715000 0.75901000 -0.16069000
v -0.21714000 0.75901000 0.16070000
v -0.21714000 0.77507000 0.16070000
v 0.21715000 0.77507000 0.16070000
v 0.21715000 0.75901000 0.16070000
v -0.20375000 0.49500000 -0.14882000
v -0.20019000 0.49204000 -0.14937000
v -0.20124000 0.49298000 -0.14712000
v -0.20297000 0.49429000 -0.15125000
v -0.20542000 0.49803000 -0.14996000
v -0.20483000 0.49765000 -0.15251000
v -0.20597000 0.50136000 -0.15033000
v -0.20544000 0.50136000 -0.15291000
v -0.20544000 0.63974000 -0.15291000
v -0.20597000 0.63974000 -0.15033000
v -0.20817000 0.50151000 -0.14888000
v -0.20757000 0.49765000 -0.14845000
v -0.20817000 0.63974000 -0.14888000
v -0.20039000 0.48985000 -0.15070000
v -0.19672000 0.48645000 -0.14702000
v -0.19630000 0.48886000 -0.14793000
v -0.20169000 0.48765000 -0.15039000
v -0.20381000 0.49261000 -0.15301000
v -0.20575000 0.49092000 -0.15314000
v -0.20609000 0.49674000 -0.15456000
v -0.20847000 0.49582000 -0.15497000
v -0.20689000 0.50151000 -0.15511000
v -0.20947000 0.50171000 -0.15564000
v -0.20947000 0.63974000 -0.15564000
v -0.20689000 0.63974000 -0.15511000
v -0.20847000 0.49582000 -0.15497000
v -0.21062000 0.49544000 -0.15347000
v -0.20772000 0.49021000 -0.15151000
v -0.20575000 0.49092000 -0.15314000
v -0.20339000 0.48671000 -0.14858000
v -0.20169000 0.48765000 -0.15039000
v -0.19806000 0.48543000 -0.14497000
v -0.19672000 0.48645000 -0.14702000
v -0.00595000 0.48644000 -0.00692000
v -0.00725000 0.48543000 -0.00486000
v -0.19943000 0.48644000 -0.14295000
v -0.20444000 0.48765000 -0.14633000
v -0.00855000 0.48644000 -0.00281000
v -0.20947000 0.50171000 -0.15564000
v -0.21062000 0.49544000 -0.15347000
v -0.20847000 0.49582000 -0.15497000
v -0.21167000 0.50185000 -0.15418000
v -0.21121000 0.49582000 -0.15092000
v -0.20850000 0.49092000 -0.14908000
v -0.21220000 0.50185000 -0.15160000
v -0.21220000 0.63974000 -0.15160000
v -0.21167000 0.63974000 -0.15418000
v -0.20772000 0.49021000 -0.15151000
v -0.20444000 0.48765000 -0.14633000
v -0.20339000 0.48671000 -0.14858000
v -0.20424000 0.48985000 -0.14501000
v -0.19984000 0.49130000 -0.14322000
v -0.20025000 0.48889000 -0.14231000
v -0.20293000 0.49204000 -0.14531000
v -0.20766000 0.49260000 -0.14732000
v -0.20571000 0.49429000 -0.14720000
v -0.20994000 0.49674000 -0.14887000
v -0.20757000 0.49765000 -0.14845000
v -0.21075000 0.50171000 -0.14940000
v -0.20817000 0.50151000 -0.14888000
v -0.20817000 0.63974000 -0.14888000
v -0.21075000 0.63974000 -0.14940000
v -0.20571000 0.49429000 -0.14720000
v -0.20375000 0.49500000 -0.14882000
v -0.20293000 0.49204000 -0.14531000
v -0.19849000 0.49232000 -0.14528000
v -0.19984000 0.49130000 -0.14322000
v -0.00855000 0.49131000 -0.00281000
v -0.00725000 0.49232000 -0.00486000
v -0.00595000 0.49131000 -0.00692000
v -0.20757000 0.49765000 -0.14845000
v -0.20542000 0.49803000 -0.14996000
v -0.20689000 0.63974000 -0.15511000
v -0.20689000 0.50151000 -0.15511000
v -0.20609000 0.49674000 -0.15456000
v -0.20381000 0.49261000 -0.15301000
v -0.20039000 0.48985000 -0.15070000
v -0.19630000 0.48886000 -0.14793000
v -0.19713000 0.49131000 -0.14729000
v -0.00595000 0.49131000 -0.00692000
v -0.00541000 0.48888000 -0.00778000
v -0.19672000 0.48645000 -0.14702000
v -0.00595000 0.48644000 -0.00692000
v -0.20947000 0.63974000 -0.15564000
v -0.21075000 0.63974000 -0.14940000
v -0.21075000 0.50171000 -0.14940000
v -0.20994000 0.49674000 -0.14887000
v -0.20766000 0.49260000 -0.14732000
v -0.20424000 0.48985000 -0.14501000
v -0.20025000 0.48889000 -0.14231000
v -0.19943000 0.48644000 -0.14295000
v -0.00855000 0.48644000 -0.00281000
v -0.00909000 0.48888000 -0.00195000
v -0.19984000 0.49130000 -0.14322000
v -0.00855000 0.49131000 -0.00281000
v -0.21075000 0.63974000 -0.14940000
v -0.21220000 0.63974000 -0.15160000
v -0.21167000 0.63974000 -0.15418000
v -0.20817000 0.63974000 -0.14888000
v -0.20947000 0.63974000 -0.15564000
v -0.20597000 0.63974000 -0.15033000
v -0.20689000 0.63974000 -0.15511000
v -0.20544000 0.63974000 -0.15291000
v 0.20416000 0.49500000 -0.14878000
v 0.20623000 0.49429000 -0.14729000
v 0.20359000 0.49204000 -0.14522000
v 0.20177000 0.49298000 -0.14691000
v 0.20067000 0.49131000 -0.14295000
v 0.19917000 0.49232000 -0.14486000
v 0.20057000 0.49204000 -0.14908000
v 0.19763000 0.49130000 -0.14678000
v 0.00531000 0.49131000 -0.00727000
v 0.00687000 0.49232000 -0.00540000
v 0.00843000 0.49131000 -0.00353000
v 0.20575000 0.49803000 -0.15002000
v 0.20800000 0.49765000 -0.14867000
v 0.20628000 0.50136000 -0.15043000
v 0.20800000 0.49765000 -0.14867000
v 0.20575000 0.49803000 -0.15002000
v 0.20857000 0.50136000 -0.14914000
v 0.20857000 0.63974000 -0.14914000
v 0.20628000 0.63974000 -0.15043000
v 0.20623000 0.49429000 -0.14729000
v 0.20491000 0.48985000 -0.14500000
v 0.20359000 0.49204000 -0.14522000
v 0.20817000 0.49261000 -0.14755000
v 0.21034000 0.49674000 -0.14925000
v 0.21111000 0.50150000 -0.14984000
v 0.21111000 0.63974000 -0.14984000
v 0.20888000 0.49092000 -0.14936000
v 0.20794000 0.49021000 -0.15173000
v 0.20382000 0.48671000 -0.14851000
v 0.20502000 0.48765000 -0.14634000
v 0.21146000 0.49582000 -0.15138000
v 0.21069000 0.49544000 -0.15389000
v 0.21240000 0.50171000 -0.15213000
v 0.21170000 0.50185000 -0.15467000
v 0.21170000 0.63974000 -0.15467000
v 0.21240000 0.63974000 -0.15213000
v 0.20382000 0.48671000 -0.14851000
v 0.20201000 0.48765000 -0.15020000
v 0.19725000 0.48644000 -0.14647000
v 0.19875000 0.48543000 -0.14454000
v 0.20502000 0.48765000 -0.14634000
v 0.20029000 0.48645000 -0.14264000
v 0.00843000 0.48644000 -0.00353000
v 0.00687000 0.48543000 -0.00540000
v 0.00531000 0.48644000 -0.00727000
v 0.20794000 0.49021000 -0.15173000
v 0.20587000 0.49092000 -0.15322000
v 0.21069000 0.49544000 -0.15389000
v 0.20845000 0.49582000 -0.15524000
v 0.21170000 0.50185000 -0.15467000
v 0.20845000 0.49582000 -0.15524000
v 0.21069000 0.49544000 -0.15389000
v 0.20940000 0.50185000 -0.15597000
v 0.20940000 0.63974000 -0.15597000
v 0.21170000 0.63974000 -0.15467000
v 0.20587000 0.49092000 -0.15322000
v 0.20068000 0.48985000 -0.15041000
v 0.20201000 0.48765000 -0.15020000
v 0.20393000 0.49260000 -0.15296000
v 0.20611000 0.49674000 -0.15466000
v 0.20687000 0.50171000 -0.15526000
v 0.20687000 0.63974000 -0.15526000
v 0.20498000 0.49765000 -0.15253000
v 0.20575000 0.49803000 -0.15002000
v 0.20416000 0.49500000 -0.14878000
v 0.20322000 0.49429000 -0.15115000
v 0.20177000 0.49298000 -0.14691000
v 0.20057000 0.49204000 -0.14908000
v 0.20611000 0.49674000 -0.15466000
v 0.20393000 0.49260000 -0.15296000
v 0.20687000 0.50171000 -0.15526000
v 0.20557000 0.50151000 -0.15297000
v 0.20557000 0.63974000 -0.15297000
v 0.20687000 0.63974000 -0.15526000
v 0.20068000 0.48985000 -0.15041000
v 0.19763000 0.49130000 -0.14678000
v 0.19689000 0.48889000 -0.14745000
v 0.20201000 0.48765000 -0.15020000
v 0.19725000 0.48644000 -0.14647000
v 0.00531000 0.48644000 -0.00727000
v 0.00466000 0.48888000 -0.00805000
v 0.00531000 0.49131000 -0.00727000
v 0.20628000 0.50136000 -0.15043000
v 0.20628000 0.63974000 -0.15043000
v 0.21111000 0.50150000 -0.14984000
v 0.21111000 0.63974000 -0.14984000
v 0.21034000 0.49674000 -0.14925000
v 0.20817000 0.49261000 -0.14755000
v 0.20491000 0.48985000 -0.14500000
v 0.20029000 0.48645000 -0.14264000
v 0.20103000 0.48886000 -0.14197000
v 0.20359000 0.49204000 -0.14522000
v 0.20067000 0.49131000 -0.14295000
v 0.00843000 0.49131000 -0.00353000
v 0.00907000 0.48888000 -0.00276000
v 0.00843000 0.48644000 -0.00353000
v 0.20687000 0.63974000 -0.15526000
v 0.20940000 0.63974000 -0.15597000
v 0.21170000 0.63974000 -0.15467000
v 0.20557000 0.63974000 -0.15297000
v 0.21240000 0.63974000 -0.15213000
v 0.20628000 0.63974000 -0.15043000
v 0.21111000 0.63974000 -0.14984000
v 0.20857000 0.63974000 -0.14914000
v 0.20144000 0.49298000 0.14736000
v 0.20038000 0.49204000 0.14960000
v 0.19733000 0.49131000 0.14752000
v 0.19869000 0.49232000 0.14551000
v 0.00726000 0.49232000 0.00488000
v 0.00596000 0.49131000 0.00694000
v 0.00856000 0.49131000 0.00282000
v 0.20004000 0.49130000 0.14345000
v 0.20313000 0.49204000 0.14555000
v 0.20591000 0.49429000 0.14743000
v 0.20394000 0.49500000 0.14905000
v 0.20777000 0.49765000 0.14869000
v 0.20562000 0.49803000 0.15019000
v 0.20394000 0.49500000 0.14905000
v 0.20038000 0.49204000 0.14960000
v 0.20144000 0.49298000 0.14736000
v 0.20317000 0.49429000 0.15148000
v 0.20059000 0.48985000 0.15093000
v 0.19650000 0.48886000 0.14816000
v 0.19733000 0.49131000 0.14752000
v 0.00596000 0.49131000 0.00694000
v 0.00542000 0.48888000 0.00779000
v 0.19692000 0.48645000 0.14725000
v 0.00596000 0.48644000 0.00694000
v 0.20401000 0.49261000 0.15324000
v 0.20502000 0.49765000 0.15274000
v 0.20629000 0.49674000 0.15479000
v 0.20617000 0.50136000 0.15056000
v 0.20564000 0.50136000 0.15314000
v 0.20709000 0.50150000 0.15534000
v 0.20709000 0.63974000 0.15534000
v 0.20564000 0.63974000 0.15314000
v 0.20617000 0.63974000 0.15056000
v 0.20189000 0.48765000 0.15062000
v 0.20401000 0.49261000 0.15324000
v 0.20595000 0.49092000 0.15337000
v 0.20629000 0.49674000 0.15479000
v 0.20866000 0.49582000 0.15521000
v 0.20709000 0.50150000 0.15534000
v 0.20967000 0.50171000 0.15587000
v 0.20967000 0.63974000 0.15587000
v 0.20709000 0.63974000 0.15534000
v 0.20189000 0.48765000 0.15062000
v 0.19826000 0.48543000 0.14521000
v 0.19692000 0.48645000 0.14725000
v 0.20359000 0.48671000 0.14881000
v 0.20595000 0.49092000 0.15337000
v 0.20792000 0.49021000 0.15175000
v 0.20866000 0.49582000 0.15521000
v 0.21081000 0.49544000 0.15370000
v 0.21141000 0.49582000 0.15115000
v 0.20870000 0.49092000 0.14932000
v 0.21240000 0.50185000 0.15184000
v 0.21240000 0.63974000 0.15184000
v 0.20464000 0.48765000 0.14657000
v 0.19963000 0.48644000 0.14318000
v 0.00726000 0.48543000 0.00488000
v 0.00856000 0.48644000 0.00282000
v 0.00596000 0.48644000 0.00694000
v 0.20792000 0.49021000 0.15175000
v 0.20464000 0.48765000 0.14657000
v 0.20359000 0.48671000 0.14881000
v 0.20444000 0.48985000 0.14524000
v 0.20004000 0.49130000 0.14345000
v 0.20045000 0.48889000 0.14254000
v 0.20313000 0.49204000 0.14555000
v 0.20786000 0.49260000 0.14756000
v 0.20591000 0.49429000 0.14743000
v 0.21014000 0.49674000 0.14910000
v 0.20777000 0.49765000 0.14869000
v 0.21095000 0.50171000 0.14964000
v 0.20837000 0.50150000 0.14911000
v 0.20837000 0.63974000 0.14911000
v 0.21095000 0.63974000 0.14964000
v 0.21095000 0.63974000 0.14964000
v 0.21095000 0.50171000 0.14964000
v 0.21014000 0.49674000 0.14910000
v 0.20786000 0.49260000 0.14756000
v 0.20444000 0.48985000 0.14524000
v 0.20045000 0.48889000 0.14254000
v 0.19963000 0.48644000 0.14318000
v 0.00856000 0.48644000 0.00282000
v 0.00910000 0.48888000 0.00197000
v 0.20004000 0.49130000 0.14345000
v 0.00856000 0.49131000 0.00282000
v 0.20837000 0.63974000 0.14911000
v 0.21095000 0.63974000 0.14964000
v 0.21240000 0.63974000 0.15184000
v 0.21187000 0.63974000 0.15442000
v 0.20837000 0.63974000 0.14911000
v 0.20967000 0.63974000 0.15587000
v 0.20617000 0.63974000 0.15056000
v 0.20709000 0.63974000 0.15534000
v 0.20564000 0.63974000 0.15314000
v -0.20375000 0.49500000 0.14855000
v -0.20582000 0.49429000 0.14706000
v -0.20318000 0.49204000 0.14499000
v -0.20136000 0.49298000 0.14668000
v -0.20026000 0.49131000 0.14272000
v -0.19876000 0.49232000 0.14463000
v -0.20016000 0.49204000 0.14885000
v -0.19722000 0.49130000 0.14654000
v -0.00529000 0.49131000 0.00729000
v -0.00685000 0.49232000 0.00542000
v -0.00841000 0.49131000 0.00355000
v -0.20534000 0.49803000 0.14980000
v -0.20759000 0.49765000 0.14845000
v -0.20586000 0.50136000 0.15021000
v -0.20759000 0.49765000 0.14845000
v -0.20534000 0.49803000 0.14980000
v -0.20816000 0.50136000 0.14891000
v -0.20816000 0.63974000 0.14891000
v -0.20586000 0.63974000 0.15021000
v -0.20582000 0.49429000 0.14706000
v -0.20450000 0.48985000 0.14478000
v -0.20318000 0.49204000 0.14499000
v -0.20775000 0.49261000 0.14733000
v -0.20993000 0.49674000 0.14903000
v -0.21069000 0.50151000 0.14962000
v -0.21069000 0.63974000 0.14962000
v -0.20847000 0.49092000 0.14914000
v -0.20752000 0.49021000 0.15151000
v -0.20341000 0.48671000 0.14828000
v -0.20461000 0.48765000 0.14612000
v -0.21105000 0.49583000 0.15116000
v -0.21027000 0.49544000 0.15367000
v -0.21199000 0.50171000 0.15191000
v -0.21128000 0.50185000 0.15445000
v -0.21128000 0.63974000 0.15445000
v -0.21199000 0.63974000 0.15191000
v -0.20341000 0.48671000 0.14828000
v -0.20159000 0.48765000 0.14997000
v -0.19683000 0.48644000 0.14623000
v -0.19834000 0.48543000 0.14431000
v -0.20461000 0.48765000 0.14612000
v -0.19988000 0.48645000 0.14241000
v -0.00841000 0.48644000 0.00355000
v -0.00685000 0.48543000 0.00542000
v -0.00529000 0.48644000 0.00729000
v -0.20752000 0.49021000 0.15151000
v -0.20545000 0.49092000 0.15299000
v -0.21027000 0.49544000 0.15367000
v -0.20803000 0.49582000 0.15501000
v -0.21128000 0.50185000 0.15445000
v -0.20803000 0.49582000 0.15501000
v -0.21027000 0.49544000 0.15367000
v -0.20898000 0.50185000 0.15575000
v -0.20898000 0.63974000 0.15575000
v -0.21128000 0.63974000 0.15445000
v -0.20545000 0.49092000 0.15299000
v -0.20027000 0.48985000 0.15018000
v -0.20159000 0.48765000 0.14997000
v -0.20352000 0.49260000 0.15273000
v -0.20569000 0.49674000 0.15443000
v -0.20645000 0.50171000 0.15504000
v -0.20645000 0.63974000 0.15504000
v -0.20457000 0.49765000 0.15230000
v -0.20534000 0.49803000 0.14980000
v -0.20375000 0.49500000 0.14855000
v -0.20280000 0.49429000 0.15092000
v -0.20136000 0.49298000 0.14668000
v -0.20016000 0.49204000 0.14885000
v -0.20569000 0.49674000 0.15443000
v -0.20352000 0.49260000 0.15273000
v -0.20645000 0.50171000 0.15504000
v -0.20515000 0.50151000 0.15274000
v -0.20515000 0.63974000 0.15274000
v -0.20645000 0.63974000 0.15504000
v -0.20027000 0.48985000 0.15018000
v -0.19722000 0.49130000 0.14654000
v -0.19648000 0.48889000 0.14721000
v -0.20159000 0.48765000 0.14997000
v -0.19683000 0.48644000 0.14623000
v -0.00529000 0.48644000 0.00729000
v -0.00464000 0.48888000 0.00807000
v -0.00529000 0.49131000 0.00729000
v -0.20586000 0.50136000 0.15021000
v -0.20586000 0.63974000 0.15021000
v -0.21069000 0.50151000 0.14962000
v -0.21069000 0.63974000 0.14962000
v -0.20993000 0.49674000 0.14903000
v -0.20775000 0.49261000 0.14733000
v -0.20450000 0.48985000 0.14478000
v -0.19988000 0.48645000 0.14241000
v -0.20062000 0.48886000 0.14174000
v -0.20318000 0.49204000 0.14499000
v -0.20026000 0.49131000 0.14272000
v -0.00841000 0.49131000 0.00355000
v -0.00906000 0.48888000 0.00277000
v -0.00841000 0.48644000 0.00355000
v -0.20645000 0.63974000 0.15504000
v -0.20898000 0.63974000 0.15575000
v -0.21128000 0.63974000 0.15445000
v -0.20515000 0.63974000 0.15274000
v -0.21199000 0.63974000 0.15191000
v -0.20586000 0.63974000 0.15021000
v -0.21069000 0.63974000 0.14962000
v -0.20816000 0.63974000 0.14891000
v 0.21225000 0.50524000 -0.15579000
v 0.21225000 0.48504000 -0.15579000
v -0.21224000 0.48504000 -0.15579000
v -0.21224000 0.50524000 -0.15579000
v 0.21225000 0.50524000 0.15580000
v 0.21225000 0.48504000 0.15580000
v 0.21225000 0.48504000 -0.15579000
v 0.21225000 0.50524000 -0.15579000
v -0.21224000 0.50524000 0.15580000
v -0.21224000 0.48504000 0.15580000
v 0.21225000 0.48504000 0.15580000
v 0.21225000 0.50524000 0.15580000
v -0.21224000 0.50524000 -0.15579000
v -0.21224000 0.48504000 -0.15579000
v -0.21224000 0.48504000 0.15580000
v -0.21224000 0.50524000 0.15580000
v 0.21225000 0.48504000 -0.15579000
v -0.21714000 0.48504000 -0.16069000
v -0.21224000 0.48504000 -0.15579000
v -0.21224000 0.48504000 0.15580000
v 0.21715000 0.48504000 -0.16069000
v -0.21714000 0.48504000 0.16070000
v 0.21225000 0.48504000 0.15580000
v 0.21715000 0.48504000 0.16070000
v 0.04505000 0.48959000 0.00000000
v 0.04505000 0.48959000 -0.00564000
v 0.04505000 0.48743000 -0.00521000
v 0.04505000 0.48559000 -0.00399000
v 0.04505000 0.49175000 -0.00521000
v 0.04505000 0.48437000 -0.00216000
v 0.04505000 0.49358000 -0.00399000
v 0.04505000 0.48394000 0.00000000
v 0.04505000 0.49481000 -0.00216000
v 0.04505000 0.48437000 0.00217000
v 0.04505000 0.49524000 0.00000000
v 0.04505000 0.48559000 0.00400000
v 0.04505000 0.49481000 0.00217000
v 0.04505000 0.48743000 0.00522000
v 0.04505000 0.49358000 0.00400000
v 0.04505000 0.48959000 0.00565000
v 0.04505000 0.49175000 0.00522000
v 0.00000000 0.48080000 0.00000000
v 0.02333000 0.48080000 0.00000000
v 0.02155000 0.48080000 -0.00892000
v 0.01650000 0.48080000 -0.01649000
v 0.02155000 0.48080000 0.00893000
v 0.00893000 0.48080000 -0.02154000
v 0.01650000 0.48080000 0.01650000
v 0.00000000 0.48080000 -0.02332000
v 0.00893000 0.48080000 0.02155000
v -0.00892000 0.48080000 -0.02154000
v 0.00000000 0.48080000 0.02333000
v -0.01649000 0.48080000 -0.01649000
v -0.00892000 0.48080000 0.02155000
v -0.02154000 0.48080000 -0.00892000
v -0.01649000 0.48080000 0.01650000
v -0.02332000 0.48080000 0.00000000
v -0.02154000 0.48080000 0.00893000
v 0.00000000 0.49787000 0.00000000
v 0.01650000 0.49787000 -0.01649000
v 0.02155000 0.49787000 -0.00892000
v 0.02333000 0.49787000 0.00000000
v 0.00893000 0.49787000 -0.02154000
v 0.02155000 0.49787000 0.00893000
v 0.00000000 0.49787000 -0.02332000
v 0.01650000 0.49787000 0.01650000
v -0.00892000 0.49787000 -0.02154000
v 0.00893000 0.49787000 0.02155000
v -0.01649000 0.49787000 -0.01649000
v 0.00000000 0.49787000 0.02333000
v -0.02154000 0.49787000 -0.00892000
v -0.00892000 0.49787000 0.02155000
v -0.02332000 0.49787000 0.00000000
v -0.01649000 0.49787000 0.01650000
v -0.02154000 0.49787000 0.00893000
v 0.21225000 0.77507000 -0.15579000
v 0.21715000 0.77507000 -0.16069000
v 0.21715000 0.77507000 0.16070000
v -0.21714000 0.77507000 -0.16069000
v 0.21225000 0.77507000 0.15580000
v -0.21224000 0.77507000 -0.15579000
v -0.21714000 0.77507000 0.16070000
v -0.21224000 0.77507000 0.15580000
v 0.03088000 0.48609000 -0.00843000
v 0.03088000 0.48804000 -0.00373000
v 0.03088000 0.48673000 -0.00285000
v 0.03088000 0.48313000 -0.00645000
v 0.03088000 0.48959000 -0.00913000
v 0.03088000 0.48586000 -0.00154000
v 0.03088000 0.48959000 -0.00403000
v 0.03088000 0.48115000 -0.00349000
v 0.03088000 0.49308000 -0.00843000
v 0.03088000 0.48555000 0.00000000
v 0.03088000 0.49113000 -0.00373000
v 0.03088000 0.48045000 0.00000000
v 0.03088000 0.49605000 -0.00645000
v 0.03088000 0.48586000 0.00155000
v 0.03088000 0.49244000 -0.00285000
v 0.03088000 0.48115000 0.00350000
v 0.03088000 0.49803000 -0.00349000
v 0.03088000 0.48673000 0.00286000
v 0.03088000 0.49332000 -0.00154000
v 0.03088000 0.48313000 0.00646000
v 0.03088000 0.49872000 0.00000000
v 0.03088000 0.48804000 0.00374000
v 0.03088000 0.49363000 0.00000000
v 0.03088000 0.48609000 0.00844000
v 0.03088000 0.49803000 0.00350000
v 0.03088000 0.48959000 0.00404000
v 0.03088000 0.49332000 0.00155000
v 0.03088000 0.48959000 0.00914000
v 0.03088000 0.49605000 0.00646000
v 0.03088000 0.49113000 0.00374000
v 0.03088000 0.49244000 0.00286000
v 0.03088000 0.49308000 0.00844000
v 0.21552000 0.50524000 0.15907000
v 0.21715000 0.50524000 0.16070000
v -0.21714000 0.50524000 0.16070000
v -0.21551000 0.50524000 0.15907000
v 0.21552000 0.50524000 -0.15906000
v -0.21714000 0.50524000 -0.16069000
v 0.21715000 0.50524000 -0.16069000
v -0.21551000 0.50524000 -0.15906000
v -0.21551000 0.75901000 -0.15906000
v -0.21714000 0.75901000 -0.16069000
v -0.21714000 0.75901000 0.16070000
v -0.21551000 0.75901000 0.15907000
v 0.21552000 0.75901000 -0.15906000
v 0.21715000 0.75901000 0.16070000
v 0.21715000 0.75901000 -0.16069000
v 0.21552000 0.75901000 0.15907000
vn 0.00000000 1.00000000 0.00000000
vn 0.00000000 1.00000000 0.00000000
vn 0.00000000 1.00000000 0.00000000
vn 0.00000000 1.00000000 0.00000000
vn 0.32200440 0.92105010 0.21904290
vn 0.63311830 0.60840240 -0.47854740
vn 0.41717900 0.71174780 -0.56513430
vn -0.53065310 -0.08341420 0.84347460
vn -0.42200200 -0.69581070 0.58117270
vn -0.59090070 0.02411275 0.80638390
vn 0.17602970 -0.00592764 0.98436700
vn 0.76737640 -0.38028050 0.51625590
vn 0.20778270 -0.28767490 0.93491690
vn 0.18897250 0.00000000 0.98198240
vn 0.82807290 0.00000000 0.56062040
vn 0.82451930 -0.00794756 0.56577780
vn -0.20381750 0.00373161 -0.97900180
vn -0.76307790 0.38743410 -0.51730750
vn -0.08386096 0.25324790 -0.96375970
vn 0.51227720 -0.83219190 -0.21219990
vn 0.68848950 -0.66682060 -0.28518840
vn 0.52695880 -0.66681610 -0.52694480
vn 0.39210750 -0.83218250 -0.39207670
vn 0.28519810 -0.66681590 -0.68849010
vn 0.21223310 -0.83218460 -0.51227530
vn 0.35721690 -0.35874290 -0.86238030
vn 0.66003800 -0.35874110 -0.66004140
vn 0.00000000 -0.35873930 -0.93343780
vn 0.00000017 -0.66681930 -0.74521960
vn -0.00000041 -0.83218980 -0.55449090
vn -0.28519820 -0.66681470 -0.68849120
vn -0.21223410 -0.83218210 -0.51227890
vn -0.39210340 -0.83217500 -0.39209650
vn -0.68849380 -0.66681520 -0.28519090
vn -0.51229000 -0.83218330 -0.21220250
vn -0.52695730 -0.66681280 -0.52695040
vn -0.66003760 -0.35874100 -0.66004190
vn -0.35721680 -0.35874280 -0.86238030
vn -0.55451100 -0.83217640 -0.00000178
vn -0.68850610 -0.66680690 0.28518050
vn -0.51231490 -0.83217050 0.21219230
vn -0.74522530 -0.66681270 -0.00000041
vn -0.51229000 -0.83218330 -0.21220250
vn -0.86238400 -0.35873890 0.35721170
vn -0.68849380 -0.66681520 -0.28519090
vn -0.93343660 -0.35874260 -0.00000018
vn -0.86238110 -0.35874240 -0.35721500
vn -0.52695730 -0.66681280 -0.52695040
vn -1.00000000 0.00000000 -0.00000032
vn -0.66003760 -0.35874100 -0.66004190
vn -0.92388010 0.00000000 -0.38268190
vn -0.70710430 0.00000000 -0.70710920
vn -0.35721680 -0.35874280 -0.86238030
vn -0.38268860 0.00000000 -0.92387740
vn -0.86238090 0.35874230 -0.35721580
vn -0.66004370 0.35873840 -0.66003730
vn -0.51231490 -0.83217050 0.21219230
vn -0.68850610 -0.66680690 0.28518050
vn -0.52695960 -0.66680220 0.52696140
vn -0.39209560 -0.83217320 0.39210820
vn -0.28517320 -0.66680410 0.68851190
vn -0.21218800 -0.83217000 0.51231760
vn -0.35720880 -0.35873880 0.86238530
vn -0.66004060 -0.35873560 0.66004180
vn 0.00000000 -0.35873960 0.93343780
vn 0.00000013 -0.66680660 0.74523080
vn 0.35720850 -0.35873850 0.86238560
vn -0.00000042 -0.83217020 0.55452020
vn 0.28517270 -0.66680440 0.68851180
vn 0.21218670 -0.83217090 0.51231670
vn 0.52696100 -0.66680520 0.52695630
vn 0.39209980 -0.83218020 0.39208920
vn 0.66004030 -0.35873540 0.66004210
vn 0.68850180 -0.66681240 0.28517810
vn 0.51230230 -0.83217900 0.21218970
vn 0.55448730 -0.83219220 -0.00000064
vn 0.68848950 -0.66682060 -0.28518840
vn 0.51227720 -0.83219190 -0.21219990
vn 0.74521600 -0.66682310 0.00000022
vn 0.51230230 -0.83217900 0.21218970
vn 0.68850180 -0.66681240 0.28517810
vn 0.93343660 -0.35874260 0.00000032
vn 0.86238390 -0.35873900 0.35721200
vn 0.86238130 -0.35874250 -0.35721460
vn 0.92388050 0.00000000 -0.38268130
vn 1.00000000 0.00000000 0.00000023
vn 0.70710500 0.00000000 -0.70710850
vn 0.66003800 -0.35874110 -0.66004140
vn 0.52695880 -0.66681610 -0.52694480
vn 0.38268870 0.00000000 -0.92387740
vn 0.35721690 -0.35874290 -0.86238030
vn -0.66004060 -0.35873560 0.66004180
vn -0.52695960 -0.66680220 0.52696140
vn -0.70710490 0.00000000 0.70710860
vn -0.38268010 0.00000000 0.92388090
vn -0.35720880 -0.35873880 0.86238530
vn -0.92388030 0.00000000 0.38268150
vn 0.52696100 -0.66680520 0.52695630
vn 0.66004030 -0.35873540 0.66004210
vn 0.92388010 0.00000000 0.38268190
vn 0.70710470 0.00000000 0.70710890
vn 0.35720850 -0.35873850 0.86238560
vn 0.38267980 -0.00000011 0.92388110
vn 0.66004600 0.35873290 0.66003780
vn 0.35719810 0.35873980 0.86238930
vn 0.86238660 0.35873580 0.35720880
vn 0.93343530 0.35874610 -0.00000023
vn 0.68883910 0.66640320 0.28531990
vn 0.52722660 0.66639600 0.52720840
vn 0.86238130 0.35874250 -0.35721470
vn 0.68883100 0.66640870 -0.28532650
vn 0.74557960 0.66641650 -0.00000087
vn 0.51328740 0.83146460 -0.21260960
vn 0.55557790 0.83146440 -0.00000105
vn 0.51326470 0.83147900 0.21260760
vn 0.35721690 -0.35874290 -0.86238030
vn 0.00000000 0.00000000 -1.00000000
vn 0.00000000 -0.35873930 -0.93343780
vn 0.38268870 0.00000000 -0.92387740
vn 0.00000000 0.35873940 -0.93343780
vn 0.35721690 0.35874280 -0.86238030
vn -0.35721690 0.35874280 -0.86238030
vn -0.38268860 0.00000000 -0.92387740
vn -0.35721680 -0.35874280 -0.86238030
vn -0.35720880 -0.35873880 0.86238530
vn -0.38268010 0.00000000 0.92388090
vn 0.00000000 -0.00000010 1.00000000
vn 0.00000000 -0.35873960 0.93343780
vn 0.38267980 -0.00000011 0.92388110
vn 0.35720850 -0.35873850 0.86238560
vn 0.35719810 0.35873980 0.86238930
vn 0.00000000 0.35873930 0.93343780
vn 0.35721690 0.35874280 -0.86238030
vn 0.66004390 0.35873870 -0.66003670
vn 0.52722700 0.66640010 -0.52720260
vn -0.35721690 0.35874280 -0.86238030
vn -0.86238660 0.35873570 0.35720880
vn -0.93343530 0.35874610 -0.00000050
vn -0.74557970 0.66641650 0.00000000
vn -0.68883060 0.66640850 -0.28532810
vn -0.52722640 0.66639980 -0.52720340
vn -0.55557810 0.83146440 0.00000107
vn -0.51328720 0.83146440 -0.21261070
vn -0.51326470 0.83147880 0.21260870
vn -0.68883900 0.66640300 0.28532080
vn -0.35719820 0.35873980 0.86238920
vn -0.66004620 0.35873280 0.66003760
vn -0.52722660 0.66639600 0.52720840
vn -0.35719820 0.35873980 0.86238920
vn -0.35721690 0.35874280 -0.86238030
vn -0.52722640 0.66639980 -0.52720340
vn -0.66004370 0.35873840 -0.66003730
vn -0.28533000 0.66640260 -0.68883550
vn 0.00000000 0.35873940 -0.93343780
vn 0.00000000 0.66640190 -0.74559270
vn -0.21261390 0.83146530 -0.51328420
vn 0.35721690 0.35874280 -0.86238030
vn 0.00000000 0.83146270 -0.55558060
vn 0.28532990 0.66640200 -0.68883620
vn 0.66004390 0.35873870 -0.66003670
vn 0.21261360 0.83146460 -0.51328550
vn 0.52722700 0.66640010 -0.52720260
vn 0.39285750 0.83146330 -0.39285100
vn 0.00000000 0.35873930 0.93343780
vn 0.28531670 0.66640140 0.68884210
vn 0.35719810 0.35873980 0.86238930
vn 0.52722660 0.66639600 0.52720840
vn 0.66004600 0.35873290 0.66003780
vn 0.39285150 0.83147000 0.39284270
vn 0.51326470 0.83147900 0.21260760
vn 0.68883910 0.66640320 0.28531990
vn 0.68883100 0.66640870 -0.28532650
vn 0.51328740 0.83146460 -0.21260960
vn -0.39285710 0.83146290 -0.39285200
vn -0.51328720 0.83146440 -0.21261070
vn -0.68883060 0.66640850 -0.28532810
vn -0.68883900 0.66640300 0.28532080
vn -0.51326470 0.83147880 0.21260870
vn -0.39285170 0.83147010 0.39284220
vn -0.52722660 0.66639600 0.52720840
vn -0.21261370 0.83146510 0.51328460
vn -0.28531650 0.66640130 0.68884240
vn -0.66004620 0.35873280 0.66003760
vn 0.00000000 0.83146280 0.55558040
vn -0.35719820 0.35873980 0.86238920
vn 0.00000000 0.66640190 0.74559270
vn 0.21261380 0.83146520 0.51328460
vn 0.23889830 -0.68662250 -0.68664190
vn 0.23891270 -0.37161280 -0.89712020
vn 0.23891270 -0.37161540 -0.89711910
vn 0.23889830 -0.68662290 -0.68664150
vn 0.23889830 -0.89712670 -0.37160630
vn 0.23889830 -0.89712890 -0.37160090
vn 0.23888880 -0.97104690 0.00000000
vn 0.23888880 -0.97104690 0.00000000
vn 0.23891580 -0.89712340 0.37160320
vn 0.23891570 -0.89712560 0.37159780
vn 0.23891270 -0.37161540 -0.89711910
vn 0.23891270 -0.37161280 -0.89712020
vn 0.23893220 0.00000000 -0.97103630
vn 0.23893210 0.00000000 -0.97103630
vn 0.23892140 0.37161170 -0.89711840
vn 0.23892140 0.37161420 -0.89711730
vn 0.23892140 0.37161420 -0.89711730
vn 0.23892140 0.37161170 -0.89711840
vn 0.23892450 0.68661760 -0.68663780
vn 0.23892450 0.68661710 -0.68663820
vn 0.23891570 0.89712560 -0.37159780
vn 0.23891580 0.89712340 -0.37160320
vn 0.23888880 0.97104690 0.00000000
vn 0.23888880 0.97104690 0.00000000
vn 0.23889830 0.89712890 0.37160090
vn 0.23889830 0.89712670 0.37160630
vn 0.23889830 0.68662290 0.68664150
vn 0.23889830 0.68662250 0.68664190
vn 0.23891270 0.37161280 0.89712020
vn 0.23891270 0.37161540 0.89711910
vn 0.23891270 0.37161540 0.89711910
vn 0.23891270 0.37161280 0.89712020
vn 0.23893220 0.00000000 0.97103630
vn 0.23893210 0.00000000 0.97103630
vn 0.23892140 -0.37161170 0.89711840
vn 0.23892140 -0.37161420 0.89711730
vn 0.23892140 -0.37161420 0.89711730
vn 0.23892140 -0.37161170 0.89711840
vn 0.23892450 -0.68661760 0.68663780
vn 0.23892450 -0.68661710 0.68663820
vn 0.00000000 -0.38271500 -0.92386650
vn 0.00000000 -0.38271500 -0.92386650
vn 0.00000000 -0.70704360 -0.70717000
vn 0.00000000 -0.70704360 -0.70717000
vn 0.00000000 -0.92387120 -0.38270360
vn 0.00000000 -0.92387120 -0.38270360
vn 0.00000000 -1.00000000 0.00000000
vn 0.00000000 -1.00000000 0.00000000
vn 0.00000000 0.00000000 -1.00000000
vn 0.00000000 -0.38271500 -0.92386650
vn 0.00000000 -0.38271500 -0.92386650
vn 0.00000000 0.00000000 -1.00000000
vn 0.00000000 0.38271500 -0.92386650
vn 0.00000000 0.38271500 -0.92386650
vn 0.00000000 0.70704360 -0.70717000
vn 0.00000000 0.38271500 -0.92386650
vn 0.00000000 0.38271500 -0.92386650
vn 0.00000000 0.70704360 -0.70717000
vn 0.00000000 0.92387120 -0.38270360
vn 0.00000000 0.92387120 -0.38270360
vn 0.00000000 1.00000000 0.00000000
vn 0.00000000 1.00000000 0.00000000
vn 0.00000000 0.92387120 0.38270360
vn 0.00000000 0.92387120 0.38270360
vn 0.00000000 0.70704360 0.70717000
vn 0.00000000 0.70704360 0.70717000
vn 0.00000000 0.38271500 0.92386650
vn 0.00000000 0.38271500 0.92386650
vn 0.00000000 0.00000000 1.00000000
vn 0.00000000 0.38271500 0.92386650
vn 0.00000000 0.38271500 0.92386650
vn 0.00000000 0.00000000 1.00000000
vn 0.00000000 -0.38271500 0.92386650
vn 0.00000000 -0.38271500 0.92386650
vn 0.00000000 -0.70704360 0.70717000
vn 0.00000000 -0.38271500 0.92386650
vn 0.00000000 -0.38271500 0.92386650
vn 0.00000000 -0.70704360 0.70717000
vn 0.00000000 -0.92387120 0.38270360
vn 0.00000000 -0.92387120 0.38270360
vn 0.70710170 0.00000000 -0.70711180
vn 0.38269420 0.00000000 -0.92387520
vn 0.38269420 0.00000000 -0.92387520
vn 0.70710170 0.00000000 -0.70711180
vn 0.92387530 0.00000000 -0.38269360
vn 0.92387530 0.00000000 -0.38269360
vn 1.00000000 0.00000000 0.00000000
vn 1.00000000 0.00000000 0.00000000
vn 0.92387520 0.00000000 0.38269400
vn 0.92387520 0.00000000 0.38269400
vn 0.38269420 0.00000000 -0.92387520
vn 0.38269420 0.00000000 -0.92387520
vn 0.00000000 0.00000000 -1.00000000
vn 0.00000000 0.00000000 -1.00000000
vn -0.38269590 0.00000000 -0.92387430
vn -0.38269590 0.00000000 -0.92387430
vn -0.38269590 0.00000000 -0.92387430
vn -0.38269590 0.00000000 -0.92387430
vn -0.70710210 0.00000000 -0.70711150
vn -0.70710210 0.00000000 -0.70711150
vn -0.92387380 0.00000000 -0.38269740
vn -0.92387380 0.00000000 -0.38269740
vn -1.00000000 0.00000000 0.00000000
vn -1.00000000 0.00000000 0.00000000
vn -0.92387820 0.00000000 0.38268650
vn -0.92387820 0.00000000 0.38268650
vn -0.70710180 0.00000000 0.70711180
vn -0.70710180 0.00000000 0.70711180
vn -0.38269410 0.00000000 0.92387520
vn -0.38269410 0.00000000 0.92387520
vn -0.38269410 0.00000000 0.92387520
vn -0.38269410 0.00000000 0.92387520
vn 0.00000000 0.00000000 1.00000000
vn 0.00000000 0.00000000 1.00000000
vn 0.38269730 0.00000000 0.92387380
vn 0.38269730 0.00000000 0.92387380
vn 0.38269730 0.00000000 0.92387380
vn 0.38269730 0.00000000 0.92387380
vn 0.70710180 0.00000000 0.70711180
vn 0.70710180 0.00000000 0.70711180
vn 1.00000000 0.00000000 0.00000000
vn 1.00000000 0.00000000 0.00000000
vn 1.00000000 0.00000000 0.00000000
vn 1.00000000 0.00000000 0.00000000
vn 0.00000000 0.00000000 1.00000000
vn 0.00000000 0.00000000 1.00000000
vn 0.00000000 0.00000000 1.00000000
vn 0.00000000 0.00000000 1.00000000
vn -1.00000000 0.00000000 0.00000000
vn -1.00000000 0.00000000 0.00000000
vn -1.00000000 0.00000000 0.00000000
vn -1.00000000 0.00000000 0.00000000
vn 0.00000000 0.00000000 -1.00000000
vn 0.00000000 0.00000000 -1.00000000
vn 0.00000000 0.00000000 -1.00000000
vn 0.00000000 0.00000000 -1.00000000
vn 0.00000000 0.00000000 1.00000000
vn 0.00000000 0.00000000 1.00000000
vn 0.00000000 0.00000000 1.00000000
vn 0.00000000 0.00000000 1.00000000
vn 0.00000000 0.00000000 -1.00000000
vn 0.00000000 0.00000000 -1.00000000
vn 0.00000000 0.00000000 -1.00000000
vn 0.00000000 0.00000000 -1.00000000
vn 1.00000000 0.00000000 0.00000000
vn 1.00000000 0.00000000 0.00000000
vn 1.00000000 0.00000000 0.00000000
vn 1.00000000 0.00000000 0.00000000
vn -1.00000000 0.00000000 0.00000000
vn -1.00000000 0.00000000 0.00000000
vn -1.00000000 0.00000000 0.00000000
vn -1.00000000 0.00000000 0.00000000
vn -1.00000000 0.00000000 0.00000000
vn -1.00000000 0.00000000 0.00000000
vn -1.00000000 0.00000000 0.00000000
vn -1.00000000 0.00000000 0.00000000
vn 0.00000000 0.00000000 -1.00000000
vn 0.00000000 0.00000000 -1.00000000
vn 0.00000000 0.00000000 -1.00000000
vn 0.00000000 0.00000000 -1.00000000
vn 1.00000000 0.00000000 0.00000000
vn 1.00000000 0.00000000 0.00000000
vn 1.00000000 0.00000000 0.00000000
vn 1.00000000 0.00000000 0.00000000
vn 0.00000000 0.00000000 1.00000000
vn 0.00000000 0.00000000 1.00000000
vn 0.00000000 0.00000000 1.00000000
vn 0.00000000 0.00000000 1.00000000
vn 0.58562130 0.70714510 0.39622390
vn 0.63311830 0.60840240 -0.47854740
vn 0.32200440 0.92105010 0.21904290
vn 0.80787950 0.46952860 -0.35619320
vn 0.76331820 0.38739350 0.51698320
vn 0.92507900 0.25693980 -0.27966200
vn 0.83217580 0.00534946 0.55448610
vn 0.98283110 0.00383628 -0.18446730
vn 0.98190120 0.00000000 -0.18939400
vn 0.82835200 0.00000000 0.56020790
vn 0.20418050 0.00372965 0.97892610
vn 0.08425336 0.25324100 0.96372730
vn 0.18982500 0.00000000 0.98181790
vn 0.53044640 -0.08341447 -0.84360460
vn 0.42184860 -0.69579490 -0.58130310
vn 0.59068640 0.02412014 -0.80654060
vn 0.13313630 -0.69579060 -0.70579760
vn 0.50840930 -0.06025626 -0.85900480
vn -0.06990314 -0.53105610 -0.84444830
vn 0.48972520 -0.03364270 -0.87122760
vn -0.20816030 -0.28765370 -0.93483940
vn 0.57142970 -0.00076832 -0.82065060
vn -0.17612900 -0.00592796 -0.98434930
vn -0.18905700 0.00000000 -0.98196610
vn 0.56059430 0.00000000 -0.82809050
vn -0.20816030 -0.28765370 -0.93483940
vn -0.76753680 -0.38029530 -0.51600660
vn -0.58569750 -0.70710010 -0.39619170
vn -0.06990314 -0.53105610 -0.84444830
vn -0.31391890 -0.92544880 -0.21213040
vn 0.13313630 -0.69579060 -0.70579760
vn 0.00304110 -0.99991980 -0.01229586
vn 0.42184860 -0.69579490 -0.58130310
vn 0.41400950 -0.71463410 -0.56382120
vn -0.00944618 -0.99987240 0.01287819
vn -0.42424700 -0.70106610 0.57316750
vn -0.60535440 -0.69629530 0.38564110
vn -0.42416230 -0.69740290 0.57768120
vn -0.17612900 -0.00592796 -0.98434930
vn -0.76753680 -0.38029530 -0.51600660
vn -0.20816030 -0.28765370 -0.93483940
vn -0.82468510 -0.00794709 -0.56553630
vn -0.94563160 -0.28455670 0.15750700
vn -0.80984690 -0.53099330 0.24938750
vn -0.98109160 -0.00575115 0.19345830
vn -0.98187010 0.00000000 0.18955500
vn -0.82824030 0.00000000 -0.56037290
vn -0.58569750 -0.70710010 -0.39619170
vn -0.60535440 -0.69629530 0.38564110
vn -0.31391890 -0.92544880 -0.21213040
vn -0.58579050 -0.08428208 0.80606830
vn -0.40965170 0.71809630 0.56260410
vn -0.59145770 0.01938022 0.80610310
vn -0.20742840 0.60995480 0.76480630
vn -0.60822320 -0.06027788 0.79147400
vn -0.03012687 0.46953190 0.88240140
vn -0.62673780 -0.03327746 0.77851930
vn 0.08425336 0.25324100 0.96372730
vn -0.54934600 -0.00074197 0.83559470
vn 0.20418050 0.00372965 0.97892610
vn 0.18982500 0.00000000 0.98181790
vn -0.56014660 0.00000000 0.82839350
vn -0.03012687 0.46953190 0.88240140
vn 0.58562130 0.70714510 0.39622390
vn -0.20742840 0.60995480 0.76480630
vn 0.00847740 0.99994410 -0.00633240
vn -0.40965170 0.71809630 0.56260410
vn -0.42355950 0.69839840 0.57692020
vn -0.01066003 0.99983780 0.01451903
vn 0.41416360 0.71432970 -0.56409360
vn 0.08425336 0.25324100 0.96372730
vn 0.76331820 0.38739350 0.51698320
vn 0.56059430 0.00000000 -0.82809050
vn 0.57142970 -0.00076832 -0.82065060
vn 0.48972520 -0.03364270 -0.87122760
vn 0.50840930 -0.06025626 -0.85900480
vn 0.53044640 -0.08341447 -0.84360460
vn 0.59068640 0.02412014 -0.80654060
vn 0.41717900 0.71174780 -0.56513430
vn 0.41416360 0.71432970 -0.56409360
vn 0.59184340 0.00288438 -0.80604780
vn 0.42184860 -0.69579490 -0.58130310
vn 0.41400950 -0.71463410 -0.56382120
vn -0.18905700 0.00000000 -0.98196610
vn -0.56014660 0.00000000 0.82839350
vn -0.54934600 -0.00074197 0.83559470
vn -0.62673780 -0.03327746 0.77851930
vn -0.60822320 -0.06027788 0.79147400
vn -0.58579050 -0.08428208 0.80606830
vn -0.59145770 0.01938022 0.80610310
vn -0.42424700 -0.70106610 0.57316750
vn -0.42416230 -0.69740290 0.57768120
vn -0.59182110 -0.00237009 0.80606590
vn -0.40965170 0.71809630 0.56260410
vn -0.42355950 0.69839840 0.57692020
vn 0.00000000 1.00000000 -0.00001138
vn 0.00000000 1.00000000 -0.00001138
vn 0.00000000 1.00000000 -0.00000228
vn 0.00000000 1.00000000 -0.00000228
vn 0.00000000 1.00000000 0.00000455
vn 0.00000000 1.00000000 0.00000455
vn 0.00000000 1.00000000 0.00002276
vn 0.00000000 1.00000000 0.00002276
vn -0.55699170 0.70707430 0.43566750
vn 0.09084480 0.46954330 0.87822340
vn 0.26094590 0.60844050 0.74947140
vn -0.30735800 0.92104720 0.23917180
vn 0.41072570 0.71203370 0.56948430
vn 0.00315440 0.99994910 0.00959086
vn -0.66410160 0.60998560 -0.43230400
vn -0.41087610 0.71792470 -0.56192960
vn -0.41998330 0.69875750 -0.57909570
vn -0.01026356 0.99984710 -0.01415830
vn 0.41098390 0.71410220 0.56670120
vn -0.72647840 0.38740600 0.56757900
vn -0.01805237 0.25697440 0.96624960
vn -0.78325410 0.00535115 0.62167880
vn -0.01805237 0.25697440 0.96624960
vn -0.72647840 0.38740600 0.56757900
vn -0.12631770 0.00383680 0.99198240
vn -0.12136310 0.00000000 0.99260820
vn -0.78752700 0.00000000 0.61628030
vn 0.09084480 0.46954330 0.87822340
vn 0.63992950 -0.08342747 0.76389130
vn 0.26094590 0.60844050 0.74947140
vn 0.66141470 -0.06027779 0.74759430
vn 0.67867550 -0.03365123 0.73366680
vn 0.60543540 -0.00076790 0.79589400
vn 0.61585130 0.00000000 0.78786240
vn 0.82510840 -0.53102480 0.19289580
vn 0.55693200 -0.70711480 -0.43567820
vn 0.29832770 -0.92543560 -0.23360110
vn 0.63083490 -0.69572790 0.34352600
vn 0.95358530 -0.28766330 0.08902159
vn 0.72683570 -0.38027190 -0.57192930
vn 0.99088980 -0.00592826 0.13454450
vn 0.79154780 -0.00794699 -0.61105560
vn 0.78772250 0.00000000 -0.61603020
vn 0.99259090 0.00000000 0.12150470
vn 0.29832770 -0.92543560 -0.23360110
vn -0.18109810 -0.69630750 -0.69452100
vn -0.41650050 -0.70087340 -0.57905420
vn 0.01046438 -0.99992600 0.00621463
vn 0.63083490 -0.69572790 0.34352600
vn 0.42466780 -0.69613150 0.57884200
vn 0.41074530 -0.71444830 0.56643790
vn -0.00908188 -0.99988040 -0.01251219
vn -0.42055860 -0.69771470 -0.57993500
vn 0.55693200 -0.70711480 -0.43567820
vn 0.01138103 -0.53102150 -0.84728190
vn 0.72683570 -0.38027190 -0.57192930
vn 0.14056600 -0.28456690 -0.94829460
vn 0.79154780 -0.00794699 -0.61105560
vn 0.14056600 -0.28456690 -0.94829460
vn 0.72683570 -0.38027190 -0.57192930
vn 0.11735040 -0.00575192 -0.99307390
vn 0.12129830 0.00000000 -0.99261620
vn 0.78772250 0.00000000 -0.61603020
vn 0.01138103 -0.53102150 -0.84728190
vn -0.58716990 -0.08424824 -0.80506760
vn -0.18109810 -0.69630750 -0.69452100
vn -0.56644440 -0.06025943 -0.82189390
vn -0.54843670 -0.03327612 -0.83552970
vn -0.62644590 -0.00074212 -0.77946440
vn -0.61628010 0.00000000 -0.78752700
vn -0.94302540 0.25327570 -0.21576510
vn -0.72647840 0.38740600 0.56757900
vn -0.55699170 0.70707430 0.43566750
vn -0.83053040 0.46949330 -0.29965860
vn -0.30735800 0.92104720 0.23917180
vn -0.66410160 0.60998560 -0.43230400
vn -0.54843670 -0.03327612 -0.83552970
vn -0.56644440 -0.06025943 -0.82189390
vn -0.62644590 -0.00074212 -0.77946440
vn -0.99431190 0.00373090 -0.10644220
vn -0.99265250 0.00000000 -0.12099970
vn -0.61628010 0.00000000 -0.78752700
vn -0.58716990 -0.08424824 -0.80506760
vn -0.41087610 0.71792470 -0.56192960
vn -0.58719130 0.01943473 -0.80921490
vn -0.18109810 -0.69630750 -0.69452100
vn -0.41650050 -0.70087340 -0.57905420
vn -0.42055860 -0.69771470 -0.57993500
vn -0.58708340 -0.00233468 -0.80952310
vn -0.41998330 0.69875750 -0.57909570
vn -0.78325410 0.00535115 0.62167880
vn -0.78752700 0.00000000 0.61628030
vn 0.60543540 -0.00076790 0.79589400
vn 0.61585130 0.00000000 0.78786240
vn 0.67867550 -0.03365123 0.73366680
vn 0.66141470 -0.06027779 0.74759430
vn 0.63992950 -0.08342747 0.76389130
vn 0.42466780 -0.69613150 0.57884200
vn 0.58784940 0.02403723 0.80861320
vn 0.26094590 0.60844050 0.74947140
vn 0.41072570 0.71203370 0.56948430
vn 0.41098390 0.71410220 0.56670120
vn 0.58706250 0.00275366 0.80953690
vn 0.41074530 -0.71444830 0.56643790
vn 0.00000000 1.00000000 -0.00002276
vn 0.00000000 1.00000000 -0.00002276
vn 0.00000000 1.00000000 -0.00000455
vn 0.00000000 1.00000000 -0.00000455
vn 0.00000000 1.00000000 0.00000000
vn 0.00000000 1.00000000 0.00000000
vn 0.00000000 1.00000000 0.00000000
vn 0.00000000 1.00000000 0.00000000
vn -0.32194260 0.92105380 -0.21911840
vn -0.63321750 0.60842760 0.47838430
vn -0.41732590 0.71174440 0.56503000
vn -0.00846953 0.99994410 0.00633443
vn 0.01065625 0.99983810 -0.01449545
vn -0.41431350 0.71432360 0.56399130
vn 0.42370080 0.69842820 -0.57678050
vn 0.40980480 0.71810470 -0.56248170
vn 0.20768400 0.60999450 -0.76470520
vn 0.03048363 0.46951970 -0.88239560
vn -0.58551880 0.70713170 -0.39639930
vn -0.08386096 0.25324790 -0.96375970
vn -0.76307790 0.38743410 -0.51730750
vn -0.58551880 0.70713170 -0.39639930
vn -0.63321750 0.60842760 0.47838430
vn -0.32194260 0.92105380 -0.21911840
vn -0.80798950 0.46948850 0.35599650
vn -0.53065310 -0.08341420 0.84347460
vn -0.59090070 0.02411275 0.80638390
vn -0.41732590 0.71174440 0.56503000
vn -0.41431350 0.71432360 0.56399130
vn -0.59205520 0.00285282 0.80589230
vn -0.42200200 -0.69581070 0.58117270
vn -0.41417240 -0.71461780 0.56372210
vn -0.50858880 -0.06027879 0.85889690
vn -0.92518930 0.25688730 0.27934520
vn -0.49008270 -0.03370006 0.87102430
vn -0.83199540 0.00535159 -0.55475670
vn -0.98289930 0.00383511 0.18410420
vn -0.57167430 -0.00077040 0.82048030
vn -0.56082170 0.00000000 0.82793660
vn -0.98197270 0.00000000 0.18902290
vn -0.82817450 0.00000000 -0.56047050
vn -0.13333320 -0.69574770 0.70580270
vn -0.50858880 -0.06027879 0.85889690
vn 0.06965671 -0.53102600 0.84448760
vn -0.49008270 -0.03370006 0.87102430
vn 0.20778270 -0.28767490 0.93491690
vn -0.57167430 -0.00077040 0.82048030
vn 0.17602970 -0.00592764 0.98436700
vn 0.18897250 0.00000000 0.98198240
vn -0.56082170 0.00000000 0.82793660
vn -0.13333320 -0.69574770 0.70580270
vn -0.00302535 -0.99992010 0.01226810
vn -0.42200200 -0.69581070 0.58117270
vn 0.31389410 -0.92543310 0.21223590
vn 0.06965671 -0.53102600 0.84448760
vn 0.58557090 -0.70709570 0.39638660
vn 0.20778270 -0.28767490 0.93491690
vn 0.76737640 -0.38028050 0.51625590
vn 0.94568060 -0.28457630 -0.15717660
vn 0.80987970 -0.53105120 -0.24915740
vn 0.98115190 -0.00575202 -0.19315250
vn 0.98192830 0.00000000 -0.18925280
vn 0.60543170 -0.69633230 -0.38545270
vn 0.42437250 -0.70110760 -0.57302370
vn 0.00945555 -0.99987230 -0.01287964
vn 0.42429430 -0.69744050 -0.57753890
vn -0.41417240 -0.71461780 0.56372210
vn 0.58557090 -0.70709570 0.39638660
vn 0.60543170 -0.69633230 -0.38545270
vn 0.31389410 -0.92543310 0.21223590
vn 0.58604610 -0.08426163 -0.80588450
vn 0.40980480 0.71810470 -0.56248170
vn 0.59167080 0.01936276 -0.80594710
vn 0.20768400 0.60999450 -0.76470520
vn 0.60842940 -0.06025863 -0.79131700
vn 0.03048363 0.46951970 -0.88239560
vn 0.62692180 -0.03328036 -0.77837100
vn -0.08386096 0.25324790 -0.96375970
vn 0.54950430 -0.00074203 -0.83549060
vn -0.20381750 0.00373161 -0.97900180
vn -0.18946350 0.00000000 -0.98188780
vn 0.56031170 0.00000000 -0.82828180
vn 0.56031170 0.00000000 -0.82828180
vn 0.54950430 -0.00074203 -0.83549060
vn 0.62692180 -0.03328036 -0.77837100
vn 0.60842940 -0.06025863 -0.79131700
vn 0.58604610 -0.08426163 -0.80588450
vn 0.59167080 0.01936276 -0.80594710
vn 0.42437250 -0.70110760 -0.57302370
vn 0.42429430 -0.69744050 -0.57753890
vn 0.59203260 -0.00239763 -0.80591050
vn 0.40980480 0.71810470 -0.56248170
vn 0.42370080 0.69842820 -0.57678050
vn -0.18946350 0.00000000 -0.98188780
vn 0.00000000 1.00000000 0.00001138
vn 0.00000000 1.00000000 0.00001138
vn 0.00000000 1.00000000 0.00000228
vn 0.00000000 1.00000000 0.00000228
vn 0.00000000 1.00000000 -0.00000455
vn 0.00000000 1.00000000 -0.00000455
vn 0.00000000 1.00000000 -0.00002276
vn 0.00000000 1.00000000 -0.00002276
vn 0.55649470 0.70713570 -0.43620260
vn -0.09168004 0.46951820 -0.87815000
vn -0.26170500 0.60839230 -0.74924580
vn 0.30710420 0.92106010 -0.23944790
vn -0.41086670 0.71193160 -0.56951020
vn -0.00326769 0.99994710 -0.00975451
vn 0.66454700 0.60996250 0.43165160
vn 0.41093160 0.71797420 0.56182580
vn 0.42013700 0.69861940 0.57915100
vn 0.01038476 0.99984350 0.01432328
vn -0.41100080 0.71419740 -0.56656900
vn 0.72597260 0.38738750 -0.56823840
vn 0.01717396 0.25689760 -0.96628600
vn 0.78271150 0.00535090 -0.62236180
vn 0.01717396 0.25689760 -0.96628600
vn 0.72597260 0.38738750 -0.56823840
vn 0.12539740 0.00383327 -0.99209930
vn 0.12042160 0.00000000 -0.99272280
vn 0.78699160 0.00000000 -0.61696370
vn -0.09168004 0.46951820 -0.87815000
vn -0.64059990 -0.08345173 -0.76332660
vn -0.26170500 0.60839230 -0.74924580
vn -0.66201030 -0.06027699 -0.74706690
vn -0.67935060 -0.03368234 -0.73304050
vn -0.60628000 -0.00077006 -0.79525080
vn -0.61669550 0.00000000 -0.78720180
vn -0.82524910 -0.53108050 -0.19213950
vn -0.55657030 -0.70709600 0.43617050
vn -0.29812750 -0.92543360 0.23386450
vn -0.63110800 -0.69576440 -0.34295000
vn -0.95366240 -0.28766870 -0.08817461
vn -0.72628780 -0.38027380 0.57262370
vn -0.99101250 -0.00592758 -0.13363750
vn -0.79094670 -0.00794847 0.61183350
vn -0.78712880 0.00000000 0.61678860
vn -0.99270020 0.00000000 -0.12060850
vn -0.29812750 -0.92543360 0.23386450
vn 0.18167410 -0.69632820 0.69434990
vn 0.41653940 -0.70095190 0.57893130
vn -0.01057752 -0.99992380 -0.00636240
vn -0.63110800 -0.69576440 -0.34295000
vn -0.42482500 -0.69600870 -0.57887430
vn -0.41077250 -0.71451940 -0.56632850
vn 0.00919982 -0.99987760 0.01265975
vn 0.42069540 -0.69761260 0.57995860
vn -0.55657030 -0.70709600 0.43617050
vn -0.01075986 -0.53101340 0.84729510
vn -0.72628780 -0.38027380 0.57262370
vn -0.13977150 -0.28456220 0.94841360
vn -0.79094670 -0.00794847 0.61183350
vn -0.13977150 -0.28456220 0.94841360
vn -0.72628780 -0.38027380 0.57262370
vn -0.11633770 -0.00575280 0.99319310
vn -0.12028010 0.00000000 0.99274000
vn -0.78712880 0.00000000 0.61678860
vn -0.01075986 -0.53101340 0.84729510
vn 0.58795330 -0.08425280 0.80449510
vn 0.18167410 -0.69632820 0.69434990
vn 0.56718500 -0.06028602 0.82138100
vn 0.54915820 -0.03328390 0.83505540
vn 0.62725780 -0.00074066 0.77881130
vn 0.61710960 0.00000000 0.78687730
vn 0.94322040 0.25328620 0.21489860
vn 0.72597260 0.38738750 -0.56823840
vn 0.55649470 0.70713570 -0.43620260
vn 0.83081080 0.46951340 0.29884890
vn 0.30710420 0.92106010 -0.23944790
vn 0.66454700 0.60996250 0.43165160
vn 0.54915820 -0.03328390 0.83505540
vn 0.56718500 -0.06028602 0.82138100
vn 0.62725780 -0.00074066 0.77881130
vn 0.99440880 0.00373201 0.10553310
vn 0.99276260 0.00000000 0.12009330
vn 0.61710960 0.00000000 0.78687730
vn 0.58795330 -0.08425280 0.80449510
vn 0.41093160 0.71797420 0.56182580
vn 0.58730940 0.01940810 0.80912980
vn 0.18167410 -0.69632820 0.69434990
vn 0.41653940 -0.70095190 0.57893130
vn 0.42069540 -0.69761260 0.57995860
vn 0.58718580 -0.00234110 0.80944880
vn 0.42013700 0.69861940 0.57915100
vn 0.78271150 0.00535090 -0.62236180
vn 0.78699160 0.00000000 -0.61696370
vn -0.60628000 -0.00077006 -0.79525080
vn -0.61669550 0.00000000 -0.78720180
vn -0.67935060 -0.03368234 -0.73304050
vn -0.66201030 -0.06027699 -0.74706690
vn -0.64059990 -0.08345173 -0.76332660
vn -0.42482500 -0.69600870 -0.57887430
vn -0.58796400 0.02411051 -0.80852780
vn -0.26170500 0.60839230 -0.74924580
vn -0.41086670 0.71193160 -0.56951020
vn -0.41100080 0.71419740 -0.56656900
vn -0.58716320 0.00281818 -0.80946370
vn -0.41077250 -0.71451940 -0.56632850
vn 0.00000000 1.00000000 0.00002276
vn 0.00000000 1.00000000 0.00002276
vn 0.00000000 1.00000000 0.00000455
vn 0.00000000 1.00000000 0.00000455
vn 0.00000000 1.00000000 0.00000000
vn 0.00000000 1.00000000 0.00000000
vn 0.00000000 1.00000000 0.00000000
vn 0.00000000 1.00000000 0.00000000
vn 0.00000000 0.00000000 1.00000000
vn 0.00000000 0.00000000 1.00000000
vn 0.00000000 0.00000000 1.00000000
vn 0.00000000 0.00000000 1.00000000
vn -1.00000000 0.00000000 0.00000000
vn -1.00000000 0.00000000 0.00000000
vn -1.00000000 0.00000000 0.00000000
vn -1.00000000 0.00000000 0.00000000
vn 0.00000000 0.00000000 -1.00000000
vn 0.00000000 0.00000000 -1.00000000
vn 0.00000000 0.00000000 -1.00000000
vn 0.00000000 0.00000000 -1.00000000
vn 1.00000000 0.00000000 0.00000000
vn 1.00000000 0.00000000 0.00000000
vn 1.00000000 0.00000000 0.00000000
vn 1.00000000 0.00000000 0.00000000
vn 0.00000000 -1.00000000 -0.00000710
vn 0.00000000 -1.00000000 -0.00000710
vn 0.00000000 -1.00000000 -0.00000710
vn 0.00000000 -1.00000000 0.00000668
vn 0.00000000 -1.00000000 -0.00000710
vn 0.00000000 -1.00000000 0.00000668
vn 0.00000000 -1.00000000 0.00000668
vn 0.00000000 -1.00000000 0.00000668
vn 1.00000000 0.00000000 0.00000000
vn 1.00000000 0.00000000 0.00000000
vn 1.00000000 0.00000000 0.00000000
vn 1.00000000 0.00000000 0.00000000
vn 1.00000000 0.00000000 0.00000000
vn 1.00000000 0.00000000 0.00000000
vn 1.00000000 0.00000024 0.00000000
vn 1.00000000 -0.00000024 0.00000000
vn 1.00000000 0.00000049 0.00000000
vn 1.00000000 -0.00000049 0.00000000
vn 1.00000000 0.00000024 0.00000000
vn 1.00000000 -0.00000024 0.00000000
vn 1.00000000 0.00000000 0.00000000
vn 1.00000000 0.00000000 0.00000000
vn 1.00000000 0.00000000 0.00000000
vn 1.00000000 0.00000000 0.00000000
vn 1.00000000 0.00000000 0.00000000
vn 0.00000151 -1.00000000 -0.00000366
vn 0.00000151 -1.00000000 -0.00000366
vn 0.00000151 -1.00000000 -0.00000366
vn 0.00000151 -1.00000000 -0.00000366
vn 0.00000151 -1.00000000 0.00000000
vn 0.00000063 -1.00000000 0.00000000
vn 0.00000063 -1.00000000 0.00000183
vn 0.00000063 -1.00000000 0.00000000
vn 0.00000063 -1.00000000 0.00000183
vn -0.00000063 -1.00000000 0.00000183
vn -0.00000063 -1.00000000 0.00000000
vn -0.00000063 -1.00000000 0.00000183
vn -0.00000063 -1.00000000 0.00000000
vn -0.00000151 -1.00000000 -0.00000366
vn -0.00000151 -1.00000000 0.00000366
vn -0.00000151 -1.00000000 -0.00000366
vn -0.00000151 -1.00000000 0.00000366
vn 0.00000000 1.00000000 0.00000000
vn 0.00000000 1.00000000 0.00000000
vn 0.00000000 1.00000000 0.00000000
vn 0.00000000 1.00000000 0.00000000
vn 0.00000000 1.00000000 -0.00000183
vn 0.00000000 1.00000000 0.00000366
vn 0.00000000 1.00000000 -0.00000183
vn 0.00000000 1.00000000 0.00000000
vn 0.00000000 1.00000000 -0.00000366
vn 0.00000000 1.00000000 0.00000000
vn 0.00000000 1.00000000 -0.00000366
vn 0.00000000 1.00000000 0.00000183
vn 0.00000000 1.00000000 0.00000000
vn 0.00000000 1.00000000 0.00000183
vn 0.00000000 1.00000000 0.00000000
vn 0.00000000 1.00000000 0.00000000
vn 0.00000000 1.00000000 0.00000000
vn 0.00000000 1.00000000 0.00000000
vn 0.00000000 1.00000000 0.00000000
vn 0.00000000 1.00000000 0.00000115
vn 0.00000000 1.00000000 0.00000000
vn 0.00000000 1.00000000 0.00000115
vn 0.00000000 1.00000000 0.00000000
vn 0.00000000 1.00000000 0.00000115
vn 0.00000000 1.00000000 0.00000115
vn -1.00000000 0.00000093 0.00000000
vn -1.00000000 0.00000093 0.00000000
vn -1.00000000 0.00000093 0.00000000
vn -1.00000000 0.00000093 0.00000000
vn -1.00000000 0.00000000 0.00000000
vn -1.00000000 0.00000000 0.00000000
vn -1.00000000 0.00000000 0.00000000
vn -1.00000000 0.00000000 0.00000000
vn -1.00000000 0.00000000 0.00000000
vn -1.00000000 -0.00000023 0.00000000
vn -1.00000000 0.00000000 0.00000000
vn -1.00000000 -0.00000023 0.00000000
vn -1.00000000 0.00000000 0.00000000
vn -1.00000000 0.00000000 0.00000000
vn -1.00000000 0.00000000 0.00000000
vn -1.00000000 0.00000000 0.00000000
vn -1.00000000 0.00000000 0.00000000
vn -1.00000000 0.00000000 0.00000000
vn -1.00000000 0.00000000 0.00000000
vn -1.00000000 0.00000000 0.00000000
vn -1.00000000 0.00000023 0.00000000
vn -1.00000000 0.00000000 0.00000000
vn -1.00000000 0.00000023 0.00000000
vn -1.00000000 0.00000000 0.00000000
vn -1.00000000 0.00000000 0.00000000
vn -1.00000000 0.00000000 0.00000000
vn -1.00000000 0.00000000 0.00000000
vn -1.00000000 0.00000000 0.00000000
vn -1.00000000 0.00000093 0.00000000
vn -1.00000000 -0.00000093 0.00000000
vn -1.00000000 0.00000093 0.00000000
vn -1.00000000 -0.00000093 0.00000000
vn 0.00000000 1.00000000 -0.00001932
vn 0.00000000 1.00000000 -0.00001932
vn 0.00000000 1.00000000 -0.00001932
vn 0.00000000 1.00000000 -0.00001932
vn 0.00000000 1.00000000 0.00001932
vn 0.00000000 1.00000000 0.00001932
vn 0.00000000 1.00000000 0.00001932
vn 0.00000000 1.00000000 0.00001932
vn 0.00000000 -1.00000000 -0.00000621
vn 0.00000000 -1.00000000 -0.00000621
vn 0.00000000 -1.00000000 0.00000621
vn 0.00000000 -1.00000000 0.00000621
vn 0.00000000 -1.00000000 -0.00000621
vn 0.00000000 -1.00000000 0.00000621
vn 0.00000000 -1.00000000 -0.00000621
vn 0.00000000 -1.00000000 0.00000621
vt 0.00000000 0.00000000
vt 0.00000000 1.00000000
vt 1.00000000 1.00000000
vt 1.00000000 0.00000000
vt -24.21617000 0.77863460
vt -24.21436000 0.77778540
vt -24.21604000 0.77531310
vt -24.62890000 0.69725660
vt -24.63187000 0.69451310
vt -24.63220000 0.69646390
vt -24.19381000 0.83645170
vt -24.19888000 0.83470080
vt -24.19857000 0.83591510
vt -24.08223000 0.83645170
vt -24.08223000 0.83527910
vt -24.19369000 0.83527910
vt -24.22940000 0.79992310
vt -24.22853000 0.79711750
vt -24.22974000 0.79680370
vt -23.84476000 0.54751370
vt -23.87615000 0.47174670
vt -23.93397000 0.51038440
vt -23.87598000 0.56836830
vt -23.97261000 0.56821000
vt -23.89684000 0.59959190
vt -24.02309000 0.54729910
vt -23.97261000 0.47174670
vt -24.04082000 0.63641980
vt -23.98618000 0.63641980
vt -23.90417000 0.63642040
vt -23.97261000 0.70462970
vt -23.89684000 0.67324840
vt -23.87598000 0.70447190
vt -23.87615000 0.80109300
vt -23.84476000 0.72533330
vt -23.93397000 0.76245530
vt -23.97261000 0.80109300
vt -24.02309000 0.72554060
vt -24.60687000 0.00199203
vt -24.53867000 0.05663441
vt -24.57005000 0.00199203
vt -24.60688000 0.05663441
vt -24.64370000 0.00199203
vt -24.51775000 0.13841200
vt -24.67508000 0.05663441
vt -24.60688000 0.13841200
vt -24.69600000 0.13841200
vt -24.73291000 0.05663441
vt -24.60688000 0.23487530
vt -24.77155000 0.13841200
vt -24.70334000 0.23487530
vt -24.78511000 0.23487530
vt -24.82203000 0.13841200
vt -24.83976000 0.23487530
vt -24.69600000 0.33133830
vt -24.77155000 0.33133830
vt -24.24300000 0.72533330
vt -24.21162000 0.80109300
vt -24.15379000 0.76245530
vt -24.21178000 0.70447190
vt -24.11516000 0.70462970
vt -24.19092000 0.67324840
vt -24.06467000 0.72554060
vt -24.11516000 0.80109300
vt -24.04695000 0.63641980
vt -24.10159000 0.63641980
vt -24.06467000 0.54729910
vt -24.18359000 0.63642040
vt -24.11516000 0.56821000
vt -24.19092000 0.59959190
vt -24.15379000 0.51038440
vt -24.21178000 0.56836830
vt -24.11516000 0.47174670
vt -24.21162000 0.47174670
vt -24.24300000 0.54751370
vt -24.13357000 0.00199203
vt -24.06536000 0.05663441
vt -24.09674000 0.00199203
vt -24.13357000 0.05663441
vt -24.17040000 0.00199203
vt -24.20178000 0.05663441
vt -24.13357000 0.13841200
vt -24.22269000 0.13841200
vt -24.04445000 0.13841200
vt -24.03711000 0.23487530
vt -24.13357000 0.23487530
vt -23.95533000 0.23487530
vt -23.96890000 0.13841200
vt -24.00753000 0.05663441
vt -23.90069000 0.23487530
vt -23.91842000 0.13841200
vt -24.44220000 0.13841200
vt -24.48084000 0.05663441
vt -24.42863000 0.23487530
vt -24.37399000 0.23487530
vt -24.39172000 0.13841200
vt -24.51041000 0.23487530
vt -24.25961000 0.05663441
vt -24.29824000 0.13841200
vt -24.23003000 0.23487530
vt -24.31181000 0.23487530
vt -24.34873000 0.13841200
vt -24.36646000 0.23487530
vt -24.29824000 0.33133830
vt -24.34873000 0.33133830
vt -24.22269000 0.33133830
vt -24.13357000 0.33133830
vt -24.20178000 0.41311620
vt -24.25961000 0.41311620
vt -24.04445000 0.33133830
vt -24.06536000 0.41311620
vt -24.13357000 0.41311620
vt -24.09666000 0.46775880
vt -24.13357000 0.46775880
vt -24.17049000 0.46775880
vt -24.64683000 0.81242360
vt -24.74329000 0.90154420
vt -24.64683000 0.90154420
vt -24.74329000 0.80508080
vt -24.83976000 0.90154420
vt -24.83976000 0.81242360
vt -24.83976000 0.99066480
vt -24.74329000 0.99800760
vt -24.64683000 0.99066480
vt -24.63903000 0.99066540
vt -24.54256000 0.99800810
vt -24.54256000 0.90154470
vt -24.63903000 0.90154470
vt -24.54256000 0.80508140
vt -24.63903000 0.81242430
vt -24.44610000 0.81242430
vt -24.44610000 0.90154470
vt -23.91842000 0.33133830
vt -23.96890000 0.33133830
vt -24.00753000 0.41311620
vt -24.82203000 0.33133830
vt -24.51775000 0.33133830
vt -24.60688000 0.33133830
vt -24.60688000 0.41311620
vt -24.67508000 0.41311620
vt -24.73291000 0.41311620
vt -24.60688000 0.46775880
vt -24.64379000 0.46775880
vt -24.56996000 0.46775880
vt -24.53867000 0.41311620
vt -24.39172000 0.33133830
vt -24.44220000 0.33133830
vt -24.48084000 0.41311620
vt -24.44610000 0.99066540
vt -24.26686000 0.72554060
vt -24.35598000 0.76245530
vt -24.31734000 0.80109360
vt -24.31734000 0.70463020
vt -24.24913000 0.63641980
vt -24.30377000 0.63641980
vt -24.39289000 0.67333450
vt -24.26686000 0.54729910
vt -24.38555000 0.63641980
vt -24.31734000 0.56820950
vt -24.31734000 0.47174610
vt -24.39289000 0.59950510
vt -24.35598000 0.51038440
vt -24.41380000 0.56820950
vt -24.64719000 0.63641980
vt -24.57898000 0.56821000
vt -24.62947000 0.54729910
vt -24.54035000 0.51038440
vt -24.57898000 0.47174670
vt -24.48252000 0.56821000
vt -24.45123000 0.54729910
vt -24.48252000 0.47174670
vt -24.41380000 0.47174610
vt -24.44510000 0.54729910
vt -24.41380000 0.70463020
vt -24.44510000 0.72554060
vt -24.41380000 0.80109360
vt -24.48252000 0.80109360
vt -24.45123000 0.72554060
vt -24.48252000 0.70463020
vt -24.54035000 0.76245530
vt -24.50343000 0.67333450
vt -24.57898000 0.70463020
vt -24.57898000 0.80109360
vt -24.51078000 0.63641980
vt -24.62947000 0.72554060
vt -24.59255000 0.63641980
vt -24.50343000 0.59950510
vt -24.22918000 0.43201080
vt -23.90898000 0.46003610
vt -24.22918000 0.38725110
vt -23.90898000 0.48771800
vt -24.22918000 0.49899830
vt -23.90898000 0.52914670
vt -24.22918000 0.57801530
vt -23.90898000 0.57801530
vt -24.22918000 0.65703240
vt -23.90898000 0.62688390
vt -24.23491000 0.70744280
vt -24.26506000 0.38725110
vt -24.31393000 0.38725110
vt -24.31393000 0.70744280
vt -24.36279000 0.38725110
vt -24.39294000 0.70744280
vt -24.42075000 0.38352060
vt -24.10056000 0.31073560
vt -24.10056000 0.28305380
vt -24.42075000 0.33876100
vt -24.10056000 0.24162490
vt -24.42075000 0.27177350
vt -24.10056000 0.19275630
vt -24.42075000 0.19275640
vt -24.10056000 0.14388770
vt -24.42075000 0.11373920
vt -24.10056000 0.10245890
vt -24.42075000 0.04675166
vt -24.10056000 0.07477704
vt -24.42075000 0.00199203
vt -24.55671000 0.41868620
vt -24.52656000 0.73887790
vt -24.47770000 0.73887790
vt -24.47770000 0.41868620
vt -24.42883000 0.73887790
vt -24.39868000 0.41868620
vt -24.22918000 0.76877960
vt -23.90898000 0.69599460
vt -23.90898000 0.66831270
vt -24.22918000 0.72402000
vt -24.56245000 0.69909220
vt -24.56245000 0.41868620
vt -24.58223000 0.41868620
vt -24.58223000 0.69909220
vt -24.61184000 0.41868620
vt -24.61184000 0.69909220
vt -24.64677000 0.41868620
vt -24.64677000 0.69909220
vt -24.77177000 0.41868620
vt -24.73684000 0.69909220
vt -24.73684000 0.41868620
vt -24.77177000 0.69909220
vt -24.80670000 0.41868620
vt -24.80670000 0.69909220
vt -24.82010000 0.98322890
vt -24.83989000 0.70282270
vt -24.83989000 0.98322890
vt -24.82010000 0.70282270
vt -24.79049000 0.98322890
vt -24.79049000 0.70282270
vt -24.75556000 0.98322890
vt -24.75556000 0.70282270
vt -24.72063000 0.98322890
vt -24.72063000 0.70282270
vt -24.69102000 0.98322890
vt -24.69102000 0.70282270
vt -24.67123000 0.98322890
vt -24.67123000 0.70282270
vt -24.62991000 0.98322890
vt -24.66484000 0.70282270
vt -24.66484000 0.98322890
vt -24.62991000 0.70282270
vt -24.59497000 0.98322890
vt -24.59497000 0.70282270
vt -24.71132000 0.69909220
vt -24.73110000 0.41868620
vt -24.73110000 0.69909220
vt -24.71132000 0.41868620
vt -24.68171000 0.69909220
vt -24.68171000 0.41868620
vt -24.82424000 0.70009580
vt -24.81044000 0.69600870
vt -24.82424000 0.69600870
vt -24.81044000 0.70009580
vt -24.82424000 0.70621250
vt -24.81044000 0.70621250
vt -24.82424000 0.71342760
vt -24.81044000 0.71342760
vt -24.82424000 0.72064270
vt -24.81044000 0.72064270
vt -24.80433000 0.73770840
vt -24.81812000 0.73770840
vt -24.81812000 0.74492360
vt -24.80433000 0.74492360
vt -24.81812000 0.75213870
vt -24.80433000 0.75213870
vt -24.83976000 0.76967590
vt -24.82596000 0.76967590
vt -24.82596000 0.76558880
vt -24.83976000 0.76558880
vt -24.82596000 0.75947210
vt -24.83976000 0.75947210
vt -24.82596000 0.75225690
vt -24.83976000 0.75225690
vt -24.82596000 0.74504180
vt -24.83976000 0.74504180
vt -24.82596000 0.73892510
vt -24.83976000 0.73892510
vt -24.82596000 0.73483800
vt -24.83976000 0.73483800
vt -24.79668000 0.75213870
vt -24.78289000 0.75213870
vt -24.78289000 0.74492360
vt -24.79668000 0.74492360
vt -24.78289000 0.73770840
vt -24.79668000 0.73770840
vt -24.82424000 0.73084650
vt -24.81044000 0.73084650
vt -24.81044000 0.72675950
vt -24.82424000 0.72675950
vt -24.27597000 0.35698300
vt -24.28894000 0.35698300
vt -24.28894000 0.60885860
vt -24.27597000 0.60885860
vt -24.10967000 0.35698300
vt -24.12265000 0.35698300
vt -24.12265000 0.70012750
vt -24.10967000 0.70012750
vt -24.29508000 0.35698300
vt -24.30806000 0.35698300
vt -24.30806000 0.60885860
vt -24.29508000 0.60885860
vt -24.14176000 0.70012750
vt -24.12878000 0.70012750
vt -24.12878000 0.35698300
vt -24.14176000 0.35698300
vt -24.83976000 0.35299160
vt -24.82343000 0.35299160
vt -24.82343000 0.00192487
vt -24.83976000 0.00192487
vt -24.81617000 0.35299160
vt -24.79985000 0.35299160
vt -24.79985000 0.00192487
vt -24.81617000 0.00192487
vt -24.20915000 0.61678060
vt -24.19282000 0.61678060
vt -24.19282000 0.35698300
vt -24.20915000 0.35698300
vt -24.23161000 0.61678060
vt -24.21528000 0.61678060
vt -24.21528000 0.35698300
vt -24.23161000 0.35698300
vt -24.25072000 0.61678060
vt -24.23775000 0.61678060
vt -24.23775000 0.35698300
vt -24.25072000 0.35698300
vt -24.79279000 0.35299160
vt -24.77981000 0.35299160
vt -24.77981000 0.00192487
vt -24.79279000 0.00192487
vt -24.26983000 0.61678060
vt -24.25686000 0.61678060
vt -24.25686000 0.35698300
vt -24.26983000 0.35698300
vt -24.77330000 0.35299160
vt -24.76032000 0.35299160
vt -24.76032000 0.00192487
vt -24.77330000 0.00192487
vt -23.84882000 0.84718570
vt -23.84838000 0.84479190
vt -23.85019000 0.84554930
vt -23.84686000 0.84660600
vt -23.84790000 0.84963470
vt -23.84584000 0.84932090
vt -23.84760000 0.85232440
vt -23.84552000 0.85232440
vt -23.84552000 0.96417960
vt -23.84760000 0.96417960
vt -23.84878000 0.85244040
vt -23.84912000 0.84932090
vt -23.84878000 0.96417960
vt -24.60808000 0.81567770
vt -24.60511000 0.81842120
vt -24.60477000 0.81647050
vt -24.60913000 0.81745460
vt -24.61084000 0.81344670
vt -24.61242000 0.81480680
vt -24.61269000 0.81010790
vt -24.61461000 0.81084390
vt -24.61333000 0.80625230
vt -24.61542000 0.80608650
vt -24.61542000 0.69451310
vt -24.61333000 0.69451310
vt -24.83976000 0.69028080
vt -24.83854000 0.69201720
vt -24.83696000 0.68967680
vt -24.83827000 0.68808760
vt -24.83459000 0.68617400
vt -24.83605000 0.68480530
vt -24.83167000 0.68186490
vt -24.83333000 0.68078110
vt -24.72008000 0.52657240
vt -24.71841000 0.52762510
vt -24.83004000 0.68297120
vt -24.83277000 0.68702330
vt -24.71675000 0.52867760
vt -24.06323000 0.83627190
vt -24.06830000 0.83452060
vt -24.06799000 0.83573570
vt -24.06311000 0.83509890
vt -24.06799000 0.83245690
vt -24.07195000 0.83097320
vt -24.06311000 0.83301230
vt -23.95166000 0.83301230
vt -23.95166000 0.83509890
vt -24.07253000 0.83293740
vt -24.07460000 0.82875280
vt -24.07536000 0.83056790
vt -24.67197000 0.69528720
vt -24.66842000 0.69646380
vt -24.66875000 0.69451310
vt -24.67092000 0.69706410
vt -24.67474000 0.69751810
vt -24.67316000 0.69887830
vt -24.67659000 0.70085700
vt -24.67467000 0.70159320
vt -24.67724000 0.70487840
vt -24.67515000 0.70471270
vt -24.67515000 0.81645190
vt -24.67724000 0.81645190
vt -24.21611000 0.78225230
vt -24.21480000 0.78066310
vt -24.21764000 0.78000350
vt -24.21767000 0.77641490
vt -24.21933000 0.77750330
vt -24.33283000 0.62287720
vt -24.33117000 0.62182470
vt -24.32951000 0.62077200
vt -24.21510000 0.78375480
vt -24.21388000 0.78201840
vt -23.84374000 0.96417960
vt -23.84374000 0.85244040
vt -23.84418000 0.84858480
vt -23.84544000 0.84524600
vt -23.84731000 0.84301500
vt -23.84954000 0.84222230
vt -23.85006000 0.84419970
vt -23.96352000 0.84419970
vt -23.96283000 0.84223150
vt -23.85027000 0.84027150
vt -23.96352000 0.84026340
vt -23.95166000 0.83627190
vt -23.95166000 0.83123460
vt -24.06323000 0.83123460
vt -24.06725000 0.83080130
vt -24.07059000 0.82955120
vt -24.07282000 0.82768050
vt -24.07359000 0.82549950
vt -24.07557000 0.82601800
vt -24.07557000 0.71273120
vt -24.07360000 0.71204110
vt -24.07164000 0.82623650
vt -24.07164000 0.71273120
vt -24.73974000 0.74200010
vt -24.73796000 0.74317330
vt -24.73587000 0.74274580
vt -24.74017000 0.73991360
vt -24.73470000 0.74096820
vt -24.73899000 0.73813600
vt -24.73513000 0.73888160
vt -24.73690000 0.73770840
vt -24.59157000 0.52977850
vt -24.59277000 0.52810250
vt -24.59445000 0.53024080
vt -24.59308000 0.53170730
vt -24.59628000 0.53259750
vt -24.59473000 0.53380920
vt -24.59133000 0.53267980
vt -24.59319000 0.53505720
vt -24.70596000 0.69052160
vt -24.70747000 0.68926090
vt -24.70898000 0.68800020
vt -24.59056000 0.52848970
vt -24.59166000 0.52667360
vt -24.70224000 0.70382260
vt -24.70084000 0.70081910
vt -24.70266000 0.70113280
vt -24.70038000 0.70382260
vt -24.70038000 0.81567770
vt -24.70224000 0.81567770
vt -24.70227000 0.69810400
vt -24.70334000 0.69451310
vt -24.70441000 0.69629010
vt -24.70071000 0.69674410
vt -24.69895000 0.70008310
vt -24.69833000 0.70393830
vt -24.69833000 0.81567770
vt -23.97395000 0.84406550
vt -23.97203000 0.84348600
vt -23.97464000 0.84066040
vt -23.97639000 0.84141780
vt -23.97232000 0.84802860
vt -23.97029000 0.84771490
vt -23.97171000 0.85278580
vt -23.96966000 0.85290200
vt -23.96966000 0.96435940
vt -23.97171000 0.96435940
vt -24.47631000 0.36253930
vt -24.47768000 0.36400590
vt -24.47466000 0.36785310
vt -24.47311000 0.36663690
vt -24.47456000 0.36156690
vt -24.47157000 0.36539360
vt -24.35912000 0.52048590
vt -24.36063000 0.52174660
vt -24.36214000 0.52300730
vt -24.47892000 0.35920860
vt -24.48012000 0.36088470
vt -24.48066000 0.35698300
vt -24.48175000 0.35879910
vt -24.63834000 0.80597040
vt -24.64096000 0.81084390
vt -24.63915000 0.81115760
vt -24.64019000 0.80597040
vt -24.64019000 0.69451310
vt -24.63834000 0.69451310
vt -24.64305000 0.81480680
vt -24.64724000 0.81567780
vt -24.64617000 0.81745460
vt -24.64461000 0.81344680
vt -24.64286000 0.81010790
vt -24.64224000 0.80608640
vt -24.64224000 0.69451310
vt -24.21601000 0.84950070
vt -24.21399000 0.84981450
vt -24.21298000 0.84736540
vt -24.21490000 0.84678560
vt -24.21147000 0.84572910
vt -24.21323000 0.84497170
vt -24.21774000 0.84876460
vt -24.21637000 0.84542570
vt -24.21823000 0.85278620
vt -24.21637000 0.85262010
vt -24.21637000 0.96435940
vt -24.21823000 0.96435940
vt -24.21431000 0.84319470
vt -24.21136000 0.84437130
vt -24.21191000 0.84242050
vt -24.21413000 0.84141780
vt -24.21112000 0.84044320
vt -24.09860000 0.84044320
vt -24.09923000 0.84241130
vt -24.09860000 0.84437950
vt -24.21432000 0.85250420
vt -24.21432000 0.96435940
vt -23.97356000 0.85261990
vt -23.97356000 0.96435940
vt -23.97404000 0.84876470
vt -23.97542000 0.84542580
vt -23.97747000 0.84319470
vt -23.97939000 0.84045130
vt -23.97993000 0.84240210
vt -23.97730000 0.84497170
vt -23.97914000 0.84437950
vt -24.09184000 0.84437950
vt -24.09246000 0.84241130
vt -24.09184000 0.84044320
vt -24.76250000 0.74266250
vt -24.76045000 0.74323300
vt -24.75860000 0.74218540
vt -24.76355000 0.74080810
vt -24.75803000 0.74013330
vt -24.76298000 0.73875610
vt -24.75908000 0.73827890
vt -24.76113000 0.73770840
vt -24.45723000 0.61797000
vt -24.45904000 0.61881980
vt -24.45736000 0.62129150
vt -24.45573000 0.62018940
vt -24.34205000 0.77493440
vt -24.34372000 0.77598730
vt -24.34039000 0.77388120
vt -24.45407000 0.61910020
vt -24.45576000 0.61660060
vt -24.45728000 0.61435250
vt -24.45860000 0.61594200
vt -24.45830000 0.61285010
vt -24.45951000 0.61458680
vt -24.22944000 0.79466850
vt -24.22900000 0.79227480
vt -24.23082000 0.79303220
vt -24.22748000 0.79408880
vt -24.22793000 0.79049790
vt -24.23016000 0.78970510
vt -24.23068000 0.79168250
vt -24.34433000 0.79168250
vt -24.34364000 0.78971430
vt -24.23090000 0.78775440
vt -24.34433000 0.78774630
vt -24.22606000 0.79272880
vt -24.22646000 0.79680380
vt -24.22481000 0.79606770
vt -24.22823000 0.79980720
vt -24.22614000 0.79980730
vt -24.22436000 0.79992310
vt -24.22436000 0.91166240
vt -24.22614000 0.91166240
vt -24.22823000 0.91166240
vt -24.62785000 0.69547940
vt -24.62614000 0.69948740
vt -24.62457000 0.69812740
vt -24.62429000 0.70282630
vt -24.62237000 0.70209040
vt -24.62364000 0.70668170
vt -24.62156000 0.70684780
vt -24.62156000 0.81842120
vt -24.62364000 0.81842120
vt -24.62017000 0.36419420
vt -24.62455000 0.36713270
vt -24.62289000 0.36821750
vt -24.62163000 0.36282480
vt -24.61794000 0.36091270
vt -24.61926000 0.35932290
vt -24.61646000 0.35871960
vt -24.61767000 0.35698300
vt -24.19857000 0.83263700
vt -24.20253000 0.83115270
vt -24.19369000 0.83319280
vt -24.08223000 0.83319260
vt -24.62344000 0.36197510
vt -24.62618000 0.36602630
vt -24.73798000 0.52152790
vt -24.73964000 0.52047470
vt -24.73632000 0.52258090
vt -24.20311000 0.83311680
vt -24.20518000 0.82893120
vt -24.20593000 0.83074610
vt -24.68864000 0.81567770
vt -24.69220000 0.81450120
vt -24.69186000 0.81645190
vt -24.68969000 0.81390070
vt -24.68587000 0.81344690
vt -24.68745000 0.81208680
vt -24.68402000 0.81010790
vt -24.68594000 0.80937180
vt -24.68337000 0.80608650
vt -24.68546000 0.80625240
vt -24.68546000 0.69451310
vt -24.68337000 0.69451310
vt -24.08223000 0.83141460
vt -24.19381000 0.83141460
vt -24.19783000 0.83098120
vt -24.20117000 0.82973040
vt -24.20340000 0.82785890
vt -24.20417000 0.82567720
vt -24.20615000 0.82619510
vt -24.20615000 0.71273110
vt -24.20418000 0.71204110
vt -24.20222000 0.82641400
vt -24.20221000 0.71273110
vt -24.22940000 0.91166240
vt -24.74757000 0.74274550
vt -24.74639000 0.74096750
vt -24.74682000 0.73888110
vt -24.74965000 0.74317360
vt -24.74860000 0.73770840
vt -24.75143000 0.74200100
vt -24.75069000 0.73813650
vt -24.75186000 0.73991450
vt -24.58324000 0.68742050
vt -24.58204000 0.68909770
vt -24.58036000 0.68696090
vt -24.58173000 0.68549310
vt -24.57853000 0.68460570
vt -24.58007000 0.68339270
vt -24.58348000 0.68451890
vt -24.58162000 0.68214320
vt -24.46905000 0.52699880
vt -24.46754000 0.52826080
vt -24.46603000 0.52952300
vt -24.58425000 0.68870840
vt -24.58316000 0.69052550
vt -24.71271000 0.80786390
vt -24.71411000 0.81086740
vt -24.71229000 0.81055360
vt -24.71457000 0.80786380
vt -24.71457000 0.69600870
vt -24.71271000 0.69600870
vt -24.71268000 0.81358220
vt -24.71162000 0.81717340
vt -24.71054000 0.81539630
vt -24.71424000 0.81494230
vt -24.71600000 0.81160340
vt -24.71662000 0.80774790
vt -24.71662000 0.69600870
vt -24.35476000 0.78360130
vt -24.35284000 0.78302150
vt -24.35545000 0.78019600
vt -24.35720000 0.78095350
vt -24.35312000 0.78756430
vt -24.35110000 0.78725050
vt -24.35251000 0.79232170
vt -24.35046000 0.79243770
vt -24.35046000 0.90389500
vt -24.35251000 0.90389500
vt -24.49333000 0.51712970
vt -24.49196000 0.51566180
vt -24.49498000 0.51181730
vt -24.49654000 0.51303510
vt -24.49508000 0.51810380
vt -24.49808000 0.51427970
vt -24.61032000 0.35950720
vt -24.60881000 0.35824500
vt -24.60730000 0.35698300
vt -24.49072000 0.52045810
vt -24.48952000 0.51878090
vt -24.48898000 0.52268210
vt -24.48788000 0.52086500
vt -24.66228000 0.70599750
vt -24.65965000 0.70112400
vt -24.66147000 0.70081020
vt -24.66043000 0.70599740
vt -24.66043000 0.81745480
vt -24.66228000 0.81745480
vt -24.65757000 0.69716110
vt -24.65338000 0.69629020
vt -24.65445000 0.69451310
vt -24.65601000 0.69852100
vt -24.65776000 0.70186010
vt -24.65837000 0.70588150
vt -24.65837000 0.81745480
vt -24.59643000 0.70357420
vt -24.59440000 0.70388820
vt -24.59340000 0.70143930
vt -24.59531000 0.70085940
vt -24.59188000 0.69980290
vt -24.59364000 0.69904540
vt -24.59815000 0.70283850
vt -24.59678000 0.69949950
vt -24.59864000 0.70685990
vt -24.59679000 0.70669410
vt -24.59679000 0.81843320
vt -24.59864000 0.81843320
vt -24.59472000 0.69726850
vt -24.59177000 0.69844510
vt -24.59232000 0.69649430
vt -24.59454000 0.69549140
vt -24.59152000 0.69451700
vt -24.47921000 0.69451700
vt -24.47984000 0.69648510
vt -24.47921000 0.69845320
vt -24.59473000 0.70657790
vt -24.59473000 0.81843320
vt -24.35437000 0.79215570
vt -24.35437000 0.90389500
vt -24.35485000 0.78830030
vt -24.35622000 0.78496140
vt -24.35828000 0.78273030
vt -24.36020000 0.77998690
vt -24.36074000 0.78193770
vt -24.35811000 0.78450730
vt -24.35995000 0.78391510
vt -24.47245000 0.78391520
vt -24.47307000 0.78194690
vt -24.47245000 0.77997880
vt -24.77467000 0.73875450
vt -24.77525000 0.74080600
vt -24.77420000 0.74266140
vt -24.77282000 0.73770840
vt -24.77215000 0.74323370
vt -24.77077000 0.73828080
vt -24.77029000 0.74218770
vt -24.76972000 0.74013610
vt -24.14790000 0.35698300
vt -24.16422000 0.35698300
vt -24.16422000 0.70012750
vt -24.14790000 0.70012750
vt -24.31419000 0.35698300
vt -24.33052000 0.35698300
vt -24.33052000 0.60885860
vt -24.31419000 0.60885860
vt -24.18669000 0.70012750
vt -24.17036000 0.70012750
vt -24.17036000 0.35698300
vt -24.18669000 0.35698300
vt -24.33665000 0.35698300
vt -24.35298000 0.35698300
vt -24.35298000 0.60885860
vt -24.33665000 0.60885860
vt -24.74985000 0.00588601
vt -24.75381000 0.35299160
vt -24.74985000 0.34903060
vt -24.49797000 0.34903060
vt -24.75381000 0.00192487
vt -24.49401000 0.35299160
vt -24.49797000 0.00588601
vt -24.49401000 0.00192487
vt -24.46063000 0.87030820
vt -24.46063000 0.99800810
vt -24.41176000 0.98828740
vt -24.37033000 0.96060560
vt -24.50950000 0.98828740
vt -24.34265000 0.91917680
vt -24.55093000 0.96060570
vt -24.33293000 0.87030820
vt -24.57861000 0.91917690
vt -24.34265000 0.82143960
vt -24.58833000 0.87030820
vt -24.37033000 0.78001080
vt -24.57861000 0.82143960
vt -24.41176000 0.75232900
vt -24.55093000 0.78001080
vt -24.46063000 0.74260840
vt -24.50950000 0.75232900
vt -24.74161000 0.71486290
vt -24.74161000 0.69600870
vt -24.74883000 0.69744380
vt -24.75494000 0.70153090
vt -24.73439000 0.69744380
vt -24.75903000 0.70764770
vt -24.72828000 0.70153110
vt -24.76046000 0.71486290
vt -24.72419000 0.70764770
vt -24.75903000 0.72207800
vt -24.72276000 0.71486290
vt -24.75494000 0.72819470
vt -24.72419000 0.72207800
vt -24.74883000 0.73228180
vt -24.72828000 0.72819480
vt -24.74161000 0.73371700
vt -24.73439000 0.73228180
vt -24.78545000 0.71486290
vt -24.77212000 0.70153090
vt -24.77824000 0.69744380
vt -24.78545000 0.69600870
vt -24.76803000 0.70764770
vt -24.79267000 0.69744380
vt -24.76660000 0.71486290
vt -24.79879000 0.70153110
vt -24.76803000 0.72207800
vt -24.80287000 0.70764770
vt -24.77212000 0.72819470
vt -24.80431000 0.71486290
vt -24.77824000 0.73228180
vt -24.80287000 0.72207800
vt -24.78545000 0.73371700
vt -24.79879000 0.72819480
vt -24.79267000 0.73228180
vt -24.23096000 0.00588601
vt -24.22700000 0.00192487
vt -24.48680000 0.00192487
vt -24.22700000 0.35299160
vt -24.48284000 0.00588601
vt -24.23096000 0.34903060
vt -24.48680000 0.35299160
vt -24.48284000 0.34903060
vt -24.55439000 0.01770966
vt -24.59847000 0.12414540
vt -24.56886000 0.14393170
vt -24.48740000 0.06246930
vt -24.63340000 0.00199204
vt -24.54908000 0.17354390
vt -24.63340000 0.11719740
vt -24.44264000 0.12945680
vt -24.71242000 0.01770954
vt -24.54213000 0.20847380
vt -24.66833000 0.12414540
vt -24.42692000 0.20847380
vt -24.77941000 0.06246912
vt -24.54908000 0.24340380
vt -24.69794000 0.14393160
vt -24.44264000 0.28749100
vt -24.82417000 0.12945660
vt -24.56886000 0.27301600
vt -24.71773000 0.17354390
vt -24.48740000 0.35447850
vt -24.83989000 0.20847380
vt -24.59847000 0.29280220
vt -24.72468000 0.20847380
vt -24.55439000 0.39923810
vt -24.82417000 0.28749090
vt -24.63340000 0.29975020
vt -24.71773000 0.24340380
vt -24.63340000 0.41495560
vt -24.77941000 0.35447850
vt -24.66833000 0.29280220
vt -24.69794000 0.27301600
vt -24.71242000 0.39923810
vt -24.21848000 0.00324521
vt -24.21980000 0.00192487
vt -24.21980000 0.35299160
vt -24.21848000 0.35167120
vt -23.96132000 0.00324521
vt -23.96000000 0.35299160
vt -23.96000000 0.00192487
vt -23.96132000 0.35167120
vt -24.10222000 0.70672940
vt -24.10354000 0.70804970
vt -23.84374000 0.70804970
vt -23.84506000 0.70672940
vt -24.10222000 0.35830330
vt -23.84374000 0.35698300
vt -24.10354000 0.35698300
vt -23.84506000 0.35830330
f 3/3/3 2/2/2 1/1/1
f 4/4/4 3/3/3 1/1/1
f 7/7/7 6/6/6 5/5/5
f 10/10/10 9/9/9 8/8/8
f 13/13/13 12/12/12 11/11/11
f 15/15/15 14/14/14 11/11/11
f 16/16/16 15/15/15 11/11/11
f 19/19/19 18/18/18 17/17/17
f 22/22/22 21/21/21 20/20/20
f 23/23/23 22/22/22 20/20/20
f 24/24/24 22/22/22 23/23/23
f 25/25/25 24/24/24 23/23/23
f 24/24/24 26/26/26 22/22/22
f 26/26/26 27/27/27 22/22/22
f 28/28/28 26/26/26 24/24/24
f 29/29/29 28/28/28 24/24/24
f 29/29/29 24/24/24 25/25/25
f 30/30/30 29/29/29 25/25/25
f 31/31/31 29/29/29 30/30/30
f 32/32/32 31/31/31 30/30/30
f 35/35/35 34/34/34 33/33/33
f 34/34/34 36/36/36 33/33/33
f 33/33/33 36/36/36 32/32/32
f 36/36/36 31/31/31 32/32/32
f 36/36/36 37/37/37 31/31/31
f 37/37/37 38/38/38 31/31/31
f 31/31/31 38/38/38 29/29/29
f 38/38/38 28/28/28 29/29/29
f 41/41/41 40/40/40 39/39/39
f 40/40/40 42/42/42 39/39/39
f 39/39/39 42/42/42 43/43/43
f 40/40/40 44/44/44 42/42/42
f 42/42/42 45/45/45 43/43/43
f 44/44/44 46/46/46 42/42/42
f 42/42/42 46/46/46 45/45/45
f 46/46/46 47/47/47 45/45/45
f 45/45/45 47/47/47 48/48/48
f 46/46/46 49/49/49 47/47/47
f 47/47/47 50/50/50 48/48/48
f 49/49/49 51/51/51 47/47/47
f 47/47/47 51/51/51 50/50/50
f 51/51/51 52/52/52 50/50/50
f 50/50/50 52/52/52 53/53/53
f 52/52/52 54/54/54 53/53/53
f 51/51/51 55/55/55 52/52/52
f 55/55/55 56/56/56 52/52/52
f 59/59/59 58/58/58 57/57/57
f 60/60/60 59/59/59 57/57/57
f 61/61/61 59/59/59 60/60/60
f 62/62/62 61/61/61 60/60/60
f 61/61/61 63/63/63 59/59/59
f 63/63/63 64/64/64 59/59/59
f 65/65/65 63/63/63 61/61/61
f 66/66/66 61/61/61 62/62/62
f 66/66/66 65/65/65 61/61/61
f 67/67/67 65/65/65 66/66/66
f 68/68/68 66/66/66 62/62/62
f 69/69/69 67/67/67 66/66/66
f 69/69/69 66/66/66 68/68/68
f 70/70/70 69/69/69 68/68/68
f 72/72/72 71/71/71 70/70/70
f 71/71/71 69/69/69 70/70/70
f 71/71/71 73/73/73 69/69/69
f 73/73/73 67/67/67 69/69/69
f 74/74/74 71/71/71 72/72/72
f 75/75/75 74/74/74 72/72/72
f 78/78/78 77/77/77 76/76/76
f 77/77/77 79/79/79 76/76/76
f 76/76/76 79/79/79 80/80/80
f 79/79/79 81/81/81 80/80/80
f 79/79/79 82/82/82 81/81/81
f 82/82/82 83/83/83 81/81/81
f 77/77/77 84/84/84 79/79/79
f 84/84/84 82/82/82 79/79/79
f 84/84/84 85/85/85 82/82/82
f 85/85/85 86/86/86 82/82/82
f 87/87/87 85/85/85 84/84/84
f 88/88/88 84/84/84 77/77/77
f 88/88/88 87/87/87 84/84/84
f 89/89/89 88/88/88 77/77/77
f 90/90/90 87/87/87 88/88/88
f 91/91/91 90/90/90 88/88/88
f 93/93/93 92/92/92 40/40/40
f 92/92/92 44/44/44 40/40/40
f 92/92/92 94/94/94 44/44/44
f 95/95/95 94/94/94 92/92/92
f 96/96/96 95/95/95 92/92/92
f 94/94/94 97/97/97 44/44/44
f 44/44/44 97/97/97 46/46/46
f 97/97/97 49/49/49 46/46/46
f 81/81/81 83/83/83 98/98/98
f 83/83/83 99/99/99 98/98/98
f 83/83/83 100/100/100 99/99/99
f 100/100/100 101/101/101 99/99/99
f 99/99/99 101/101/101 102/102/102
f 101/101/101 103/103/103 102/102/102
f 101/101/101 104/104/104 103/103/103
f 104/104/104 105/105/105 103/103/103
f 106/106/106 104/104/104 101/101/101
f 100/100/100 106/106/106 101/101/101
f 86/86/86 100/100/100 83/83/83
f 82/82/82 86/86/86 83/83/83
f 86/86/86 107/107/107 100/100/100
f 107/107/107 106/106/106 100/100/100
f 106/106/106 108/108/108 104/104/104
f 108/108/108 109/109/109 104/104/104
f 110/110/110 107/107/107 86/86/86
f 85/85/85 110/110/110 86/86/86
f 110/110/110 111/111/111 107/107/107
f 107/107/107 112/112/112 106/106/106
f 111/111/111 112/112/112 107/107/107
f 112/112/112 108/108/108 106/106/106
f 111/111/111 113/113/113 112/112/112
f 113/113/113 114/114/114 112/112/112
f 112/112/112 114/114/114 108/108/108
f 114/114/114 115/115/115 108/108/108
f 118/118/118 117/117/117 116/116/116
f 117/117/117 119/119/119 116/116/116
f 117/117/117 120/120/120 119/119/119
f 120/120/120 121/121/121 119/119/119
f 122/122/122 120/120/120 117/117/117
f 123/123/123 122/122/122 117/117/117
f 123/123/123 117/117/117 118/118/118
f 124/124/124 123/123/123 118/118/118
f 127/127/127 126/126/126 125/125/125
f 128/128/128 127/127/127 125/125/125
f 130/130/130 129/129/129 128/128/128
f 129/129/129 127/127/127 128/128/128
f 129/129/129 131/131/131 127/127/127
f 131/131/131 132/132/132 127/127/127
f 90/90/90 133/133/133 87/87/87
f 133/133/133 134/134/134 87/87/87
f 87/87/87 134/134/134 85/85/85
f 134/134/134 110/110/110 85/85/85
f 134/134/134 135/135/135 110/110/110
f 135/135/135 111/111/111 110/110/110
f 56/56/56 136/136/136 54/54/54
f 52/52/52 56/56/56 54/54/54
f 97/97/97 137/137/137 49/49/49
f 137/137/137 138/138/138 49/49/49
f 49/49/49 138/138/138 51/51/51
f 138/138/138 55/55/55 51/51/51
f 138/138/138 139/139/139 55/55/55
f 139/139/139 140/140/140 55/55/55
f 55/55/55 140/140/140 56/56/56
f 140/140/140 141/141/141 56/56/56
f 139/139/139 142/142/142 140/140/140
f 142/142/142 143/143/143 140/140/140
f 144/144/144 142/142/142 139/139/139
f 145/145/145 144/144/144 139/139/139
f 95/95/95 146/146/146 94/94/94
f 146/146/146 147/147/147 94/94/94
f 94/94/94 147/147/147 97/97/97
f 147/147/147 137/137/137 97/97/97
f 147/147/147 148/148/148 137/137/137
f 148/148/148 145/145/145 137/137/137
f 137/137/137 145/145/145 138/138/138
f 145/145/145 139/139/139 138/138/138
f 132/132/132 149/149/149 126/126/126
f 127/127/127 132/132/132 126/126/126
f 152/152/152 151/151/151 150/150/150
f 151/151/151 153/153/153 150/150/150
f 150/150/150 153/153/153 154/154/154
f 153/153/153 155/155/155 154/154/154
f 153/153/153 156/156/156 155/155/155
f 154/154/154 155/155/155 157/157/157
f 156/156/156 158/158/158 155/155/155
f 155/155/155 159/159/159 157/157/157
f 155/155/155 158/158/158 159/159/159
f 157/157/157 159/159/159 160/160/160
f 158/158/158 161/161/161 159/159/159
f 159/159/159 162/162/162 160/160/160
f 159/159/159 161/161/161 162/162/162
f 161/161/161 163/163/163 162/162/162
f 166/166/166 165/165/165 164/164/164
f 167/167/167 165/165/165 166/166/166
f 168/168/168 167/167/167 166/166/166
f 167/167/167 169/169/169 165/165/165
f 170/170/170 169/169/169 167/167/167
f 171/171/171 170/170/170 167/167/167
f 163/163/163 173/173/173 172/172/172
f 162/162/162 163/163/163 172/172/172
f 174/174/174 156/156/156 153/153/153
f 151/151/151 174/174/174 153/153/153
f 175/175/175 174/174/174 151/151/151
f 176/176/176 175/175/175 151/151/151
f 179/179/179 178/178/178 177/177/177
f 180/180/180 179/179/179 177/177/177
f 181/181/181 179/179/179 180/180/180
f 182/182/182 181/181/181 180/180/180
f 182/182/182 180/180/180 183/183/183
f 184/184/184 181/181/181 182/182/182
f 185/185/185 182/182/182 183/183/183
f 186/186/186 184/184/184 182/182/182
f 186/186/186 182/182/182 185/185/185
f 164/164/164 186/186/186 185/185/185
f 187/187/187 184/184/184 186/186/186
f 165/165/165 186/186/186 164/164/164
f 165/165/165 187/187/187 186/186/186
f 169/169/169 187/187/187 165/165/165
f 190/190/190 189/189/189 188/188/188
f 189/189/189 191/191/191 188/188/188
f 188/188/188 191/191/191 192/192/192
f 191/191/191 193/193/193 192/192/192
f 192/192/192 193/193/193 194/194/194
f 193/193/193 195/195/195 194/194/194
f 194/194/194 195/195/195 196/196/196
f 195/195/195 197/197/197 196/196/196
f 200/200/200 199/199/199 198/198/198
f 201/201/201 200/200/200 198/198/198
f 202/202/202 200/200/200 201/201/201
f 203/203/203 202/202/202 201/201/201
f 206/206/206 205/205/205 204/204/204
f 207/207/207 206/206/206 204/204/204
f 208/208/208 206/206/206 207/207/207
f 209/209/209 208/208/208 207/207/207
f 210/210/210 208/208/208 209/209/209
f 211/211/211 210/210/210 209/209/209
f 212/212/212 210/210/210 211/211/211
f 213/213/213 212/212/212 211/211/211
f 214/214/214 212/212/212 213/213/213
f 215/215/215 214/214/214 213/213/213
f 216/216/216 214/214/214 215/215/215
f 217/217/217 216/216/216 215/215/215
f 220/220/220 219/219/219 218/218/218
f 221/221/221 220/220/220 218/218/218
f 222/222/222 220/220/220 221/221/221
f 223/223/223 222/222/222 221/221/221
f 226/226/226 225/225/225 224/224/224
f 227/227/227 226/226/226 224/224/224
f 197/197/197 226/226/226 227/227/227
f 196/196/196 197/197/197 227/227/227
f 230/230/230 229/229/229 228/228/228
f 231/231/231 230/230/230 228/228/228
f 232/232/232 230/230/230 231/231/231
f 233/233/233 232/232/232 231/231/231
f 234/234/234 232/232/232 233/233/233
f 235/235/235 234/234/234 233/233/233
f 238/238/238 237/237/237 236/236/236
f 237/237/237 239/239/239 236/236/236
f 236/236/236 239/239/239 240/240/240
f 239/239/239 241/241/241 240/240/240
f 244/244/244 243/243/243 242/242/242
f 243/243/243 245/245/245 242/242/242
f 242/242/242 245/245/245 246/246/246
f 245/245/245 247/247/247 246/246/246
f 246/246/246 247/247/247 248/248/248
f 247/247/247 249/249/249 248/248/248
f 248/248/248 249/249/249 250/250/250
f 249/249/249 251/251/251 250/250/250
f 250/250/250 251/251/251 252/252/252
f 251/251/251 253/253/253 252/252/252
f 252/252/252 253/253/253 254/254/254
f 253/253/253 255/255/255 254/254/254
f 258/258/258 257/257/257 256/256/256
f 257/257/257 259/259/259 256/256/256
f 256/256/256 259/259/259 260/260/260
f 259/259/259 261/261/261 260/260/260
f 264/264/264 263/263/263 262/262/262
f 263/263/263 265/265/265 262/262/262
f 262/262/262 265/265/265 266/266/266
f 265/265/265 267/267/267 266/266/266
f 266/266/266 267/267/267 235/235/235
f 267/267/267 234/234/234 235/235/235
f 270/270/270 269/269/269 268/268/268
f 269/269/269 271/271/271 268/268/268
f 268/268/268 271/271/271 272/272/272
f 271/271/271 273/273/273 272/272/272
f 272/272/272 273/273/273 274/274/274
f 273/273/273 275/275/275 274/274/274
f 274/274/274 275/275/275 276/276/276
f 275/275/275 277/277/277 276/276/276
f 280/280/280 279/279/279 278/278/278
f 281/281/281 280/280/280 278/278/278
f 282/282/282 280/280/280 281/281/281
f 283/283/283 282/282/282 281/281/281
f 286/286/286 285/285/285 284/284/284
f 287/287/287 286/286/286 284/284/284
f 288/288/288 286/286/286 287/287/287
f 289/289/289 288/288/288 287/287/287
f 290/290/290 288/288/288 289/289/289
f 291/291/291 290/290/290 289/289/289
f 292/292/292 290/290/290 291/291/291
f 293/293/293 292/292/292 291/291/291
f 294/294/294 292/292/292 293/293/293
f 295/295/295 294/294/294 293/293/293
f 296/296/296 294/294/294 295/295/295
f 297/297/297 296/296/296 295/295/295
f 300/300/300 299/299/299 298/298/298
f 301/301/301 300/300/300 298/298/298
f 302/302/302 300/300/300 301/301/301
f 303/303/303 302/302/302 301/301/301
f 306/306/306 305/305/305 304/304/304
f 307/307/307 306/306/306 304/304/304
f 277/277/277 306/306/306 307/307/307
f 276/276/276 277/277/277 307/307/307
f 310/310/310 309/309/309 308/308/308
f 311/311/311 310/310/310 308/308/308
f 314/314/314 313/313/313 312/312/312
f 315/315/315 314/314/314 312/312/312
f 318/318/318 317/317/317 316/316/316
f 319/319/319 318/318/318 316/316/316
f 322/322/322 321/321/321 320/320/320
f 323/323/323 322/322/322 320/320/320
f 326/326/326 325/325/325 324/324/324
f 327/327/327 326/326/326 324/324/324
f 330/330/330 329/329/329 328/328/328
f 331/331/331 330/330/330 328/328/328
f 334/334/334 333/333/333 332/332/332
f 335/335/335 334/334/334 332/332/332
f 338/338/338 337/337/337 336/336/336
f 339/339/339 338/338/338 336/336/336
f 342/342/342 341/341/341 340/340/340
f 343/343/343 342/342/342 340/340/340
f 346/346/346 345/345/345 344/344/344
f 347/347/347 346/346/346 344/344/344
f 350/350/350 349/349/349 348/348/348
f 351/351/351 350/350/350 348/348/348
f 354/354/354 353/353/353 352/352/352
f 355/355/355 354/354/354 352/352/352
f 358/358/358 357/357/357 356/356/356
f 357/357/357 359/359/359 356/356/356
f 356/356/356 359/359/359 360/360/360
f 359/359/359 361/361/361 360/360/360
f 360/360/360 361/361/361 362/362/362
f 361/361/361 363/363/363 362/362/362
f 363/363/363 364/364/364 362/362/362
f 364/364/364 365/365/365 362/362/362
f 360/360/360 362/362/362 366/366/366
f 362/362/362 365/365/365 366/366/366
f 367/367/367 360/360/360 366/366/366
f 365/365/365 368/368/368 366/366/366
f 371/371/371 370/370/370 369/369/369
f 370/370/370 372/372/372 369/369/369
f 369/369/369 372/372/372 373/373/373
f 372/372/372 374/374/374 373/373/373
f 373/373/373 374/374/374 375/375/375
f 374/374/374 376/376/376 375/375/375
f 375/375/375 376/376/376 377/377/377
f 376/376/376 378/378/378 377/377/377
f 378/378/378 379/379/379 377/377/377
f 379/379/379 380/380/380 377/377/377
f 383/383/383 382/382/382 381/381/381
f 384/384/384 383/383/383 381/381/381
f 385/385/385 383/383/383 384/384/384
f 386/386/386 385/385/385 384/384/384
f 387/387/387 385/385/385 386/386/386
f 388/388/388 387/387/387 386/386/386
f 388/388/388 389/389/389 387/387/387
f 389/389/389 390/390/390 387/387/387
f 387/387/387 391/391/391 385/385/385
f 387/387/387 390/390/390 391/391/391
f 391/391/391 392/392/392 385/385/385
f 390/390/390 393/393/393 391/391/391
f 396/396/396 395/395/395 394/394/394
f 395/395/395 397/397/397 394/394/394
f 395/395/395 398/398/398 397/397/397
f 399/399/399 398/398/398 395/395/395
f 398/398/398 400/400/400 397/397/397
f 400/400/400 401/401/401 397/397/397
f 401/401/401 402/402/402 397/397/397
f 405/405/405 404/404/404 403/403/403
f 404/404/404 399/399/399 403/403/403
f 403/403/403 399/399/399 395/395/395
f 408/408/408 407/407/407 406/406/406
f 407/407/407 409/409/409 406/406/406
f 406/406/406 409/409/409 410/410/410
f 409/409/409 411/411/411 410/410/410
f 410/410/410 411/411/411 412/412/412
f 411/411/411 413/413/413 412/412/412
f 412/412/412 413/413/413 414/414/414
f 413/413/413 415/415/415 414/414/414
f 415/415/415 416/416/416 414/414/414
f 416/416/416 417/417/417 414/414/414
f 5/5/5 419/419/419 418/418/418
f 420/420/420 5/5/5 418/418/418
f 421/421/421 5/5/5 420/420/420
f 422/422/422 421/421/421 420/420/420
f 422/422/422 423/423/423 421/421/421
f 421/421/421 7/7/7 5/5/5
f 423/423/423 424/424/424 421/421/421
f 421/421/421 424/424/424 7/7/7
f 424/424/424 425/425/425 7/7/7
f 419/419/419 427/427/427 426/426/426
f 418/418/418 419/419/419 426/426/426
f 428/428/428 364/364/364 363/363/363
f 429/429/429 428/428/428 363/363/363
f 430/430/430 429/429/429 363/363/363
f 361/361/361 430/430/430 363/363/363
f 431/431/431 430/430/430 361/361/361
f 359/359/359 431/431/431 361/361/361
f 432/432/432 431/431/431 359/359/359
f 357/357/357 432/432/432 359/359/359
f 433/433/433 432/432/432 357/357/357
f 434/434/434 433/433/433 357/357/357
f 434/434/434 435/435/435 433/433/433
f 435/435/435 436/436/436 433/433/433
f 433/433/433 436/436/436 437/437/437
f 436/436/436 438/438/438 437/437/437
f 402/402/402 439/439/439 394/394/394
f 397/397/397 402/402/402 394/394/394
f 440/440/440 401/401/401 400/400/400
f 441/441/441 440/440/440 400/400/400
f 442/442/442 441/441/441 400/400/400
f 398/398/398 442/442/442 400/400/400
f 443/443/443 442/442/442 398/398/398
f 399/399/399 443/443/443 398/398/398
f 444/444/444 443/443/443 399/399/399
f 404/404/404 444/444/444 399/399/399
f 445/445/445 444/444/444 404/404/404
f 446/446/446 445/445/445 404/404/404
f 446/446/446 447/447/447 445/445/445
f 447/447/447 448/448/448 445/445/445
f 445/445/445 448/448/448 449/449/449
f 448/448/448 450/450/450 449/449/449
f 453/453/453 452/452/452 451/451/451
f 454/454/454 453/453/453 451/451/451
f 455/455/455 453/453/453 454/454/454
f 456/456/456 455/455/455 454/454/454
f 457/457/457 455/455/455 456/456/456
f 458/458/458 457/457/457 456/456/456
f 461/461/461 460/460/460 459/459/459
f 462/462/462 461/461/461 459/459/459
f 463/463/463 461/461/461 462/462/462
f 464/464/464 463/463/463 462/462/462
f 464/464/464 462/462/462 465/465/465
f 466/466/466 464/464/464 465/465/465
f 466/466/466 467/467/467 464/464/464
f 467/467/467 468/468/468 464/464/464
f 464/464/464 468/468/468 463/463/463
f 468/468/468 469/469/469 463/463/463
f 460/460/460 471/471/471 470/470/470
f 459/459/459 460/460/460 470/470/470
f 474/474/474 473/473/473 472/472/472
f 473/473/473 475/475/475 472/472/472
f 475/475/475 476/476/476 472/472/472
f 476/476/476 477/477/477 472/472/472
f 480/480/480 479/479/479 478/478/478
f 479/479/479 481/481/481 478/478/478
f 478/478/478 481/481/481 473/473/473
f 481/481/481 482/482/482 473/473/473
f 473/473/473 482/482/482 475/475/475
f 482/482/482 483/483/483 475/475/475
f 483/483/483 484/484/484 475/475/475
f 484/484/484 476/476/476 475/475/475
f 487/487/487 486/486/486 485/485/485
f 488/488/488 487/487/487 485/485/485
f 485/485/485 486/486/486 489/489/489
f 486/486/486 490/490/490 489/489/489
f 489/489/489 490/490/490 491/491/491
f 490/490/490 492/492/492 491/491/491
f 492/492/492 493/493/493 491/491/491
f 493/493/493 494/494/494 491/491/491
f 497/497/497 496/496/496 495/495/495
f 498/498/498 497/497/497 495/495/495
f 498/498/498 495/495/495 499/499/499
f 500/500/500 498/498/498 499/499/499
f 500/500/500 501/501/501 498/498/498
f 501/501/501 502/502/502 498/498/498
f 498/498/498 502/502/502 497/497/497
f 502/502/502 503/503/503 497/497/497
f 495/495/495 496/496/496 504/504/504
f 496/496/496 505/505/505 504/504/504
f 504/504/504 505/505/505 506/506/506
f 505/505/505 507/507/507 506/506/506
f 510/510/510 509/509/509 508/508/508
f 509/509/509 511/511/511 508/508/508
f 511/511/511 512/512/512 508/508/508
f 512/512/512 513/513/513 508/508/508
f 516/516/516 515/515/515 514/514/514
f 515/515/515 517/517/517 514/514/514
f 514/514/514 517/517/517 509/509/509
f 517/517/517 518/518/518 509/509/509
f 509/509/509 518/518/518 511/511/511
f 518/518/518 519/519/519 511/511/511
f 519/519/519 520/520/520 511/511/511
f 520/520/520 512/512/512 511/511/511
f 523/523/523 522/522/522 521/521/521
f 524/524/524 523/523/523 521/521/521
f 525/525/525 523/523/523 524/524/524
f 526/526/526 525/525/525 524/524/524
f 524/524/524 521/521/521 527/527/527
f 528/528/528 524/524/524 527/527/527
f 526/526/526 524/524/524 528/528/528
f 527/527/527 521/521/521 529/529/529
f 521/521/521 530/530/530 529/529/529
f 530/530/530 531/531/531 529/529/529
f 531/531/531 532/532/532 529/529/529
f 533/533/533 526/526/526 528/528/528
f 534/534/534 526/526/526 533/533/533
f 535/535/535 534/534/534 533/533/533
f 535/535/535 533/533/533 536/536/536
f 537/537/537 535/535/535 536/536/536
f 537/537/537 538/538/538 535/535/535
f 538/538/538 539/539/539 535/535/535
f 535/535/535 539/539/539 534/534/534
f 539/539/539 540/540/540 534/534/534
f 521/521/521 522/522/522 530/530/530
f 522/522/522 541/541/541 530/530/530
f 541/541/541 542/542/542 530/530/530
f 542/542/542 531/531/531 530/530/530
f 494/494/494 544/544/544 543/543/543
f 491/491/491 494/494/494 543/543/543
f 489/489/489 491/491/491 543/543/543
f 545/545/545 489/489/489 543/543/543
f 485/485/485 489/489/489 545/545/545
f 546/546/546 485/485/485 545/545/545
f 488/488/488 485/485/485 546/546/546
f 547/547/547 488/488/488 546/546/546
f 548/548/548 488/488/488 547/547/547
f 549/549/549 548/548/548 547/547/547
f 549/549/549 547/547/547 550/550/550
f 551/551/551 549/549/549 550/550/550
f 551/551/551 552/552/552 549/549/549
f 552/552/552 553/553/553 549/549/549
f 549/549/549 553/553/553 548/548/548
f 553/553/553 554/554/554 548/548/548
f 557/557/557 556/556/556 555/555/555
f 558/558/558 557/557/557 555/555/555
f 559/559/559 557/557/557 558/558/558
f 560/560/560 559/559/559 558/558/558
f 561/561/561 559/559/559 560/560/560
f 562/562/562 561/561/561 560/560/560
f 565/565/565 564/564/564 563/563/563
f 566/566/566 565/565/565 563/563/563
f 566/566/566 567/567/567 565/565/565
f 567/567/567 568/568/568 565/565/565
f 569/569/569 567/567/567 566/566/566
f 570/570/570 569/569/569 566/566/566
f 570/570/570 566/566/566 571/571/571
f 566/566/566 563/563/563 571/571/571
f 571/571/571 563/563/563 572/572/572
f 563/563/563 573/573/573 572/572/572
f 572/572/572 573/573/573 574/574/574
f 573/573/573 575/575/575 574/574/574
f 578/578/578 577/577/577 576/576/576
f 577/577/577 579/579/579 576/576/576
f 576/576/576 579/579/579 18/18/18
f 577/577/577 580/580/580 579/579/579
f 581/581/581 580/580/580 577/577/577
f 582/582/582 581/581/581 577/577/577
f 582/582/582 583/583/583 581/581/581
f 583/583/583 584/584/584 581/581/581
f 581/581/581 584/584/584 585/585/585
f 584/584/584 586/586/586 585/585/585
f 580/580/580 587/587/587 579/579/579
f 579/579/579 587/587/587 588/588/588
f 579/579/579 588/588/588 18/18/18
f 587/587/587 589/589/589 588/588/588
f 18/18/18 588/588/588 590/590/590
f 18/18/18 590/590/590 17/17/17
f 588/588/588 589/589/589 591/591/591
f 588/588/588 591/591/591 590/590/590
f 589/589/589 592/592/592 591/591/591
f 592/592/592 593/593/593 591/591/591
f 593/593/593 594/594/594 591/591/591
f 591/591/591 594/594/594 590/590/590
f 594/594/594 595/595/595 590/590/590
f 9/9/9 596/596/596 8/8/8
f 8/8/8 596/596/596 597/597/597
f 596/596/596 598/598/598 597/597/597
f 597/597/597 598/598/598 599/599/599
f 598/598/598 600/600/600 599/599/599
f 599/599/599 600/600/600 601/601/601
f 600/600/600 602/602/602 601/601/601
f 602/602/602 603/603/603 601/601/601
f 603/603/603 604/604/604 601/601/601
f 607/607/607 606/606/606 605/605/605
f 606/606/606 608/608/608 605/605/605
f 605/605/605 608/608/608 609/609/609
f 608/608/608 610/610/610 609/609/609
f 609/609/609 610/610/610 611/611/611
f 610/610/610 612/612/612 611/611/611
f 12/12/12 16/16/16 11/11/11
f 12/12/12 613/613/613 16/16/16
f 614/614/614 613/613/613 12/12/12
f 613/613/613 615/615/615 16/16/16
f 615/615/615 616/616/616 16/16/16
f 616/616/616 15/15/15 16/16/16
f 618/618/618 617/617/617 608/608/608
f 606/606/606 618/618/618 608/608/608
f 606/606/606 619/619/619 618/618/618
f 619/619/619 620/620/620 618/618/618
f 621/621/621 619/619/619 606/606/606
f 607/607/607 621/621/621 606/606/606
f 624/624/624 623/623/623 622/622/622
f 623/623/623 614/614/614 622/622/622
f 622/622/622 614/614/614 12/12/12
f 627/627/627 626/626/626 625/625/625
f 626/626/626 628/628/628 625/625/625
f 625/625/625 628/628/628 629/629/629
f 628/628/628 630/630/630 629/629/629
f 629/629/629 630/630/630 631/631/631
f 630/630/630 632/632/632 631/631/631
f 631/631/631 632/632/632 633/633/633
f 632/632/632 634/634/634 633/633/633
f 634/634/634 635/635/635 633/633/633
f 635/635/635 636/636/636 633/633/633
f 637/637/637 616/616/616 615/615/615
f 638/638/638 637/637/637 615/615/615
f 639/639/639 638/638/638 615/615/615
f 613/613/613 639/639/639 615/615/615
f 640/640/640 639/639/639 613/613/613
f 614/614/614 640/640/640 613/613/613
f 641/641/641 640/640/640 614/614/614
f 623/623/623 641/641/641 614/614/614
f 642/642/642 641/641/641 623/623/623
f 643/643/643 642/642/642 623/623/623
f 643/643/643 644/644/644 642/642/642
f 644/644/644 645/645/645 642/642/642
f 642/642/642 645/645/645 646/646/646
f 645/645/645 647/647/647 646/646/646
f 595/595/595 648/648/648 17/17/17
f 590/590/590 595/595/595 17/17/17
f 651/651/651 650/650/650 649/649/649
f 652/652/652 651/651/651 649/649/649
f 653/653/653 651/651/651 652/652/652
f 654/654/654 653/653/653 652/652/652
f 655/655/655 653/653/653 654/654/654
f 656/656/656 655/655/655 654/654/654
f 659/659/659 658/658/658 657/657/657
f 660/660/660 659/659/659 657/657/657
f 661/661/661 659/659/659 660/660/660
f 662/662/662 661/661/661 660/660/660
f 662/662/662 660/660/660 663/663/663
f 664/664/664 662/662/662 663/663/663
f 664/664/664 665/665/665 662/662/662
f 665/665/665 666/666/666 662/662/662
f 662/662/662 666/666/666 661/661/661
f 666/666/666 667/667/667 661/661/661
f 658/658/658 669/669/669 668/668/668
f 657/657/657 658/658/658 668/668/668
f 672/672/672 671/671/671 670/670/670
f 671/671/671 673/673/673 670/670/670
f 673/673/673 674/674/674 670/670/670
f 674/674/674 675/675/675 670/670/670
f 678/678/678 677/677/677 676/676/676
f 677/677/677 679/679/679 676/676/676
f 676/676/676 679/679/679 671/671/671
f 679/679/679 680/680/680 671/671/671
f 671/671/671 680/680/680 673/673/673
f 680/680/680 681/681/681 673/673/673
f 681/681/681 682/682/682 673/673/673
f 682/682/682 674/674/674 673/673/673
f 685/685/685 684/684/684 683/683/683
f 686/686/686 685/685/685 683/683/683
f 683/683/683 684/684/684 687/687/687
f 684/684/684 688/688/688 687/687/687
f 687/687/687 688/688/688 689/689/689
f 688/688/688 690/690/690 689/689/689
f 690/690/690 691/691/691 689/689/689
f 691/691/691 692/692/692 689/689/689
f 695/695/695 694/694/694 693/693/693
f 696/696/696 695/695/695 693/693/693
f 696/696/696 693/693/693 697/697/697
f 698/698/698 696/696/696 697/697/697
f 698/698/698 699/699/699 696/696/696
f 699/699/699 700/700/700 696/696/696
f 696/696/696 700/700/700 695/695/695
f 700/700/700 701/701/701 695/695/695
f 693/693/693 694/694/694 702/702/702
f 694/694/694 703/703/703 702/702/702
f 702/702/702 703/703/703 704/704/704
f 703/703/703 705/705/705 704/704/704
f 708/708/708 707/707/707 706/706/706
f 707/707/707 709/709/709 706/706/706
f 709/709/709 710/710/710 706/706/706
f 710/710/710 711/711/711 706/706/706
f 714/714/714 713/713/713 712/712/712
f 713/713/713 715/715/715 712/712/712
f 712/712/712 715/715/715 707/707/707
f 715/715/715 716/716/716 707/707/707
f 707/707/707 716/716/716 709/709/709
f 716/716/716 717/717/717 709/709/709
f 717/717/717 718/718/718 709/709/709
f 718/718/718 710/710/710 709/709/709
f 721/721/721 720/720/720 719/719/719
f 722/722/722 721/721/721 719/719/719
f 723/723/723 721/721/721 722/722/722
f 724/724/724 723/723/723 722/722/722
f 722/722/722 719/719/719 725/725/725
f 726/726/726 722/722/722 725/725/725
f 724/724/724 722/722/722 726/726/726
f 725/725/725 719/719/719 727/727/727
f 719/719/719 728/728/728 727/727/727
f 728/728/728 729/729/729 727/727/727
f 729/729/729 730/730/730 727/727/727
f 731/731/731 724/724/724 726/726/726
f 732/732/732 724/724/724 731/731/731
f 733/733/733 732/732/732 731/731/731
f 733/733/733 731/731/731 734/734/734
f 735/735/735 733/733/733 734/734/734
f 735/735/735 736/736/736 733/733/733
f 736/736/736 737/737/737 733/733/733
f 733/733/733 737/737/737 732/732/732
f 737/737/737 738/738/738 732/732/732
f 719/719/719 720/720/720 728/728/728
f 720/720/720 739/739/739 728/728/728
f 739/739/739 740/740/740 728/728/728
f 740/740/740 729/729/729 728/728/728
f 692/692/692 742/742/742 741/741/741
f 689/689/689 692/692/692 741/741/741
f 687/687/687 689/689/689 741/741/741
f 743/743/743 687/687/687 741/741/741
f 683/683/683 687/687/687 743/743/743
f 744/744/744 683/683/683 743/743/743
f 686/686/686 683/683/683 744/744/744
f 745/745/745 686/686/686 744/744/744
f 746/746/746 686/686/686 745/745/745
f 747/747/747 746/746/746 745/745/745
f 747/747/747 745/745/745 748/748/748
f 749/749/749 747/747/747 748/748/748
f 749/749/749 750/750/750 747/747/747
f 750/750/750 751/751/751 747/747/747
f 747/747/747 751/751/751 746/746/746
f 751/751/751 752/752/752 746/746/746
f 755/755/755 754/754/754 753/753/753
f 756/756/756 755/755/755 753/753/753
f 757/757/757 755/755/755 756/756/756
f 758/758/758 757/757/757 756/756/756
f 759/759/759 757/757/757 758/758/758
f 760/760/760 759/759/759 758/758/758
f 763/763/763 762/762/762 761/761/761
f 764/764/764 763/763/763 761/761/761
f 767/767/767 766/766/766 765/765/765
f 768/768/768 767/767/767 765/765/765
f 771/771/771 770/770/770 769/769/769
f 772/772/772 771/771/771 769/769/769
f 775/775/775 774/774/774 773/773/773
f 776/776/776 775/775/775 773/773/773
f 779/779/779 778/778/778 777/777/777
f 778/778/778 779/779/779 780/780/780
f 778/778/778 781/781/781 777/777/777
f 782/782/782 778/778/778 780/780/780
f 777/777/777 781/781/781 783/783/783
f 782/782/782 780/780/780 783/783/783
f 781/781/781 784/784/784 783/783/783
f 784/784/784 782/782/782 783/783/783
f 787/787/787 786/786/786 785/785/785
f 788/788/788 787/787/787 785/785/785
f 786/786/786 789/789/789 785/785/785
f 790/790/790 788/788/788 785/785/785
f 789/789/789 791/791/791 785/785/785
f 792/792/792 790/790/790 785/785/785
f 791/791/791 793/793/793 785/785/785
f 794/794/794 792/792/792 785/785/785
f 793/793/793 795/795/795 785/785/785
f 796/796/796 794/794/794 785/785/785
f 795/795/795 797/797/797 785/785/785
f 798/798/798 796/796/796 785/785/785
f 797/797/797 799/799/799 785/785/785
f 800/800/800 798/798/798 785/785/785
f 799/799/799 801/801/801 785/785/785
f 801/801/801 800/800/800 785/785/785
f 804/804/804 803/803/803 802/802/802
f 805/805/805 804/804/804 802/802/802
f 803/803/803 806/806/806 802/802/802
f 807/807/807 805/805/805 802/802/802
f 806/806/806 808/808/808 802/802/802
f 809/809/809 807/807/807 802/802/802
f 808/808/808 810/810/810 802/802/802
f 811/811/811 809/809/809 802/802/802
f 810/810/810 812/812/812 802/802/802
f 813/813/813 811/811/811 802/802/802
f 812/812/812 814/814/814 802/802/802
f 815/815/815 813/813/813 802/802/802
f 814/814/814 816/816/816 802/802/802
f 817/817/817 815/815/815 802/802/802
f 816/816/816 818/818/818 802/802/802
f 818/818/818 817/817/817 802/802/802
f 821/821/821 820/820/820 819/819/819
f 822/822/822 821/821/821 819/819/819
f 820/820/820 823/823/823 819/819/819
f 824/824/824 822/822/822 819/819/819
f 823/823/823 825/825/825 819/819/819
f 826/826/826 824/824/824 819/819/819
f 825/825/825 827/827/827 819/819/819
f 828/828/828 826/826/826 819/819/819
f 827/827/827 829/829/829 819/819/819
f 830/830/830 828/828/828 819/819/819
f 829/829/829 831/831/831 819/819/819
f 832/832/832 830/830/830 819/819/819
f 831/831/831 833/833/833 819/819/819
f 834/834/834 832/832/832 819/819/819
f 833/833/833 835/835/835 819/819/819
f 835/835/835 834/834/834 819/819/819
f 838/838/838 837/837/837 836/836/836
f 837/837/837 839/839/839 836/836/836
f 840/840/840 838/838/838 836/836/836
f 839/839/839 841/841/841 836/836/836
f 842/842/842 838/838/838 840/840/840
f 839/839/839 842/842/842 841/841/841
f 843/843/843 842/842/842 840/840/840
f 842/842/842 843/843/843 841/841/841
f 846/846/846 845/845/845 844/844/844
f 847/847/847 846/846/846 844/844/844
f 844/844/844 845/845/845 848/848/848
f 849/849/849 846/846/846 847/847/847
f 845/845/845 850/850/850 848/848/848
f 851/851/851 849/849/849 847/847/847
f 848/848/848 850/850/850 852/852/852
f 853/853/853 849/849/849 851/851/851
f 850/850/850 854/854/854 852/852/852
f 855/855/855 853/853/853 851/851/851
f 852/852/852 854/854/854 856/856/856
f 857/857/857 853/853/853 855/855/855
f 854/854/854 858/858/858 856/856/856
f 859/859/859 857/857/857 855/855/855
f 856/856/856 858/858/858 860/860/860
f 861/861/861 857/857/857 859/859/859
f 858/858/858 862/862/862 860/860/860
f 863/863/863 861/861/861 859/859/859
f 860/860/860 862/862/862 864/864/864
f 865/865/865 861/861/861 863/863/863
f 862/862/862 866/866/866 864/864/864
f 867/867/867 865/865/865 863/863/863
f 864/864/864 866/866/866 868/868/868
f 869/869/869 865/865/865 867/867/867
f 866/866/866 870/870/870 868/868/868
f 871/871/871 869/869/869 867/867/867
f 868/868/868 870/870/870 872/872/872
f 873/873/873 869/869/869 871/871/871
f 870/870/870 874/874/874 872/872/872
f 875/875/875 873/873/873 871/871/871
f 872/872/872 874/874/874 875/875/875
f 874/874/874 873/873/873 875/875/875
f 878/878/878 877/877/877 876/876/876
f 879/879/879 878/878/878 876/876/876
f 876/876/876 877/877/877 880/880/880
f 881/881/881 878/878/878 879/879/879
f 877/877/877 882/882/882 880/880/880
f 883/883/883 881/881/881 879/879/879
f 880/880/880 882/882/882 883/883/883
f 882/882/882 881/881/881 883/883/883
f 886/886/886 885/885/885 884/884/884
f 887/887/887 886/886/886 884/884/884
f 884/884/884 885/885/885 888/888/888
f 889/889/889 886/886/886 887/887/887
f 885/885/885 890/890/890 888/888/888
f 891/891/891 889/889/889 887/887/887
f 888/888/888 890/890/890 891/891/891
f 890/890/890 889/889/889 891/891/891

